DateTime,open,high,low,close,volume
2017-01-03 09:30:00-05:00,41.495,41.6,41.475,41.54,15369
2017-01-03 09:35:00-05:00,41.53,41.53,41.37,41.38,4129
2017-01-03 09:40:00-05:00,41.37,41.39,41.31,41.32,7095
2017-01-03 09:45:00-05:00,41.32,41.4,41.32,41.33,8577
2017-01-03 09:50:00-05:00,41.34,41.37,41.285,41.37,6836
2017-01-03 09:55:00-05:00,41.37,41.475,41.37,41.47,11088
2017-01-03 10:00:00-05:00,41.46,41.46,41.42,41.44,4668
2017-01-03 10:05:00-05:00,41.43,41.51,41.43,41.5,5972
2017-01-03 10:10:00-05:00,41.5,41.54,41.475,41.51,4837
2017-01-03 10:15:00-05:00,41.51,41.56,41.505,41.55,4652
2017-01-03 10:20:00-05:00,41.555,41.61,41.555,41.595,9121
2017-01-03 10:25:00-05:00,41.595,41.62,41.575,41.575,8333
2017-01-03 10:30:00-05:00,41.59,41.6,41.55,41.57,4972
2017-01-03 10:35:00-05:00,41.58,41.585,41.55,41.56,3903
2017-01-03 10:40:00-05:00,41.56,41.58,41.55,41.58,6608
2017-01-03 10:45:00-05:00,41.57,41.66,41.57,41.66,7719
2017-01-03 10:50:00-05:00,41.66,41.72,41.66,41.7,9602
2017-01-03 10:55:00-05:00,41.7,41.72,41.66,41.66,12101
2017-01-03 11:00:00-05:00,41.66,41.66,41.62,41.62,7730
2017-01-03 11:05:00-05:00,41.62,41.62,41.56,41.56,3876
2017-01-03 11:10:00-05:00,41.56,41.6,41.56,41.59,3325
2017-01-03 11:15:00-05:00,41.59,41.6,41.57,41.6,3600
2017-01-03 11:20:00-05:00,41.62,41.63,41.6,41.605,5297
2017-01-03 11:25:00-05:00,41.6,41.6,41.58,41.58,5547
2017-01-03 11:30:00-05:00,41.575,41.58,41.53,41.535,5966
2017-01-03 11:35:00-05:00,41.53,41.565,41.53,41.545,25651
2017-01-03 11:40:00-05:00,41.545,41.575,41.54,41.57,27747
2017-01-03 11:45:00-05:00,41.565,41.6,41.56,41.59,23838
2017-01-03 11:50:00-05:00,41.585,41.59,41.565,41.585,5150
2017-01-03 11:55:00-05:00,41.59,41.61,41.58,41.58,14061
2017-01-03 12:00:00-05:00,41.6,41.625,41.6,41.6,2765
2017-01-03 12:05:00-05:00,41.61,41.635,41.6,41.625,2365
2017-01-03 12:10:00-05:00,41.62,41.64,41.615,41.615,4262
2017-01-03 12:15:00-05:00,41.62,41.65,41.605,41.605,7011
2017-01-03 12:20:00-05:00,41.605,41.61,41.585,41.6,6790
2017-01-03 12:25:00-05:00,41.605,41.615,41.59,41.615,3865
2017-01-03 12:30:00-05:00,41.62,41.62,41.59,41.6,3360
2017-01-03 12:35:00-05:00,41.6,41.61,41.585,41.61,4675
2017-01-03 12:40:00-05:00,41.6,41.61,41.58,41.61,6331
2017-01-03 12:45:00-05:00,41.61,41.65,41.6,41.65,5654
2017-01-03 12:50:00-05:00,41.65,41.66,41.63,41.64,4916
2017-01-03 12:55:00-05:00,41.635,41.64,41.605,41.62,6640
2017-01-03 13:00:00-05:00,41.61,41.62,41.6,41.62,3904
2017-01-03 13:05:00-05:00,41.61,41.62,41.585,41.6,4429
2017-01-03 13:10:00-05:00,41.6,41.6,41.59,41.595,2700
2017-01-03 13:15:00-05:00,41.595,41.61,41.595,41.61,3413
2017-01-03 13:20:00-05:00,41.6,41.6,41.58,41.6,5859
2017-01-03 13:25:00-05:00,41.6,41.605,41.585,41.585,2835
2017-01-03 13:30:00-05:00,41.585,41.59,41.58,41.59,13672
2017-01-03 13:35:00-05:00,41.585,41.585,41.545,41.55,8301
2017-01-03 13:40:00-05:00,41.535,41.535,41.505,41.505,5839
2017-01-03 13:45:00-05:00,41.5,41.53,41.5,41.51,8223
2017-01-03 13:50:00-05:00,41.505,41.53,41.505,41.52,3054
2017-01-03 13:55:00-05:00,41.53,41.53,41.48,41.48,2795
2017-01-03 14:00:00-05:00,41.49,41.52,41.49,41.52,11851
2017-01-03 14:05:00-05:00,41.51,41.55,41.51,41.55,4678
2017-01-03 14:10:00-05:00,41.55,41.565,41.545,41.555,7781
2017-01-03 14:15:00-05:00,41.56,41.59,41.56,41.59,13639
2017-01-03 14:20:00-05:00,41.585,41.6,41.585,41.595,8816
2017-01-03 14:25:00-05:00,41.59,41.595,41.57,41.575,19627
2017-01-03 14:30:00-05:00,41.575,41.59,41.57,41.575,11752
2017-01-03 14:35:00-05:00,41.58,41.6,41.58,41.6,10359
2017-01-03 14:40:00-05:00,41.6,41.63,41.6,41.63,5508
2017-01-03 14:45:00-05:00,41.625,41.64,41.625,41.64,6174
2017-01-03 14:50:00-05:00,41.64,41.65,41.635,41.64,4735
2017-01-03 14:55:00-05:00,41.64,41.655,41.625,41.63,4433
2017-01-03 15:00:00-05:00,41.625,41.63,41.62,41.625,2880
2017-01-03 15:05:00-05:00,41.62,41.625,41.62,41.62,9800
2017-01-03 15:10:00-05:00,41.625,41.64,41.62,41.64,7648
2017-01-03 15:15:00-05:00,41.64,41.64,41.63,41.635,6346
2017-01-03 15:20:00-05:00,41.635,41.64,41.59,41.61,13149
2017-01-03 15:25:00-05:00,41.61,41.62,41.59,41.59,13820
2017-01-03 15:30:00-05:00,41.59,41.62,41.58,41.605,35336
2017-01-03 15:35:00-05:00,41.61,41.645,41.605,41.64,13771
2017-01-03 15:40:00-05:00,41.64,41.69,41.63,41.67,16444
2017-01-03 15:45:00-05:00,41.68,41.745,41.68,41.735,44007
2017-01-03 15:50:00-05:00,41.735,41.76,41.73,41.75,96595
2017-01-03 15:55:00-05:00,41.75,41.8,41.71,41.8,187341
2017-01-05 09:30:00-05:00,41.705,41.74,41.655,41.7,8528
2017-01-05 09:35:00-05:00,41.68,41.68,41.59,41.66,23832
2017-01-05 09:40:00-05:00,41.66,41.66,41.585,41.625,7575
2017-01-05 09:45:00-05:00,41.615,41.63,41.59,41.6,18380
2017-01-05 09:50:00-05:00,41.61,41.62,41.6,41.61,9050
2017-01-05 09:55:00-05:00,41.615,41.615,41.57,41.57,7549
2017-01-05 10:00:00-05:00,41.565,41.57,41.545,41.555,14187
2017-01-05 10:05:00-05:00,41.55,41.555,41.525,41.55,12013
2017-01-05 10:10:00-05:00,41.55,41.57,41.54,41.54,7792
2017-01-05 10:15:00-05:00,41.54,41.565,41.53,41.56,13955
2017-01-05 10:20:00-05:00,41.56,41.58,41.55,41.555,19862
2017-01-05 10:25:00-05:00,41.56,41.58,41.55,41.56,21685
2017-01-05 10:30:00-05:00,41.565,41.58,41.55,41.56,19937
2017-01-05 10:35:00-05:00,41.57,41.63,41.57,41.62,27822
2017-01-05 10:40:00-05:00,41.62,41.63,41.58,41.59,12465
2017-01-05 10:45:00-05:00,41.585,41.62,41.58,41.61,6983
2017-01-05 10:50:00-05:00,41.615,41.64,41.61,41.63,25576
2017-01-05 10:55:00-05:00,41.63,41.635,41.61,41.635,9364
2017-01-05 11:00:00-05:00,41.64,41.65,41.62,41.625,11768
2017-01-05 11:05:00-05:00,41.625,41.66,41.605,41.66,12883
2017-01-05 11:10:00-05:00,41.655,41.68,41.655,41.68,5157
2017-01-05 11:15:00-05:00,41.675,41.725,41.67,41.715,6171
2017-01-05 11:20:00-05:00,41.71,41.745,41.71,41.73,4435
2017-01-05 11:25:00-05:00,41.735,41.79,41.735,41.79,4209
2017-01-05 11:30:00-05:00,41.785,41.82,41.775,41.815,20711
2017-01-05 11:35:00-05:00,41.815,41.84,41.8,41.84,68945
2017-01-05 11:40:00-05:00,41.845,41.85,41.79,41.79,24817
2017-01-05 11:45:00-05:00,41.795,41.815,41.79,41.805,10458
2017-01-05 11:50:00-05:00,41.8,41.815,41.79,41.8,36666
2017-01-05 11:55:00-05:00,41.79,41.79,41.74,41.745,15757
2017-01-05 12:00:00-05:00,41.745,41.755,41.71,41.72,14742
2017-01-05 12:05:00-05:00,41.72,41.755,41.72,41.725,10549
2017-01-05 12:10:00-05:00,41.72,41.72,41.7,41.705,6547
2017-01-05 12:15:00-05:00,41.71,41.73,41.7,41.71,9220
2017-01-05 12:20:00-05:00,41.72,41.72,41.705,41.71,4238
2017-01-05 12:25:00-05:00,41.7,41.71,41.69,41.7,7891
2017-01-05 12:30:00-05:00,41.7,41.7,41.68,41.685,2900
2017-01-05 12:35:00-05:00,41.69,41.69,41.68,41.69,2902
2017-01-05 12:40:00-05:00,41.69,41.69,41.655,41.655,2090
2017-01-05 12:45:00-05:00,41.65,41.65,41.62,41.63,4221
2017-01-05 12:50:00-05:00,41.64,41.68,41.635,41.68,4781
2017-01-05 12:55:00-05:00,41.68,41.72,41.68,41.71,3604
2017-01-05 13:00:00-05:00,41.72,41.73,41.72,41.72,2969
2017-01-05 13:05:00-05:00,41.72,41.73,41.715,41.73,3190
2017-01-05 13:10:00-05:00,41.735,41.74,41.725,41.725,3249
2017-01-05 13:15:00-05:00,41.73,41.73,41.725,41.725,1739
2017-01-05 13:20:00-05:00,41.72,41.735,41.72,41.72,2804
2017-01-05 13:25:00-05:00,41.72,41.72,41.7,41.715,3829
2017-01-05 13:30:00-05:00,41.71,41.71,41.7,41.7,2097
2017-01-05 13:35:00-05:00,41.71,41.74,41.71,41.725,4785
2017-01-05 13:40:00-05:00,41.73,41.74,41.7,41.7,7479
2017-01-05 13:45:00-05:00,41.7,41.7,41.7,41.7,2212
2017-01-05 13:50:00-05:00,41.7,41.73,41.7,41.725,2354
2017-01-05 13:55:00-05:00,41.73,41.73,41.72,41.725,1493
2017-01-05 14:00:00-05:00,41.72,41.745,41.72,41.745,4941
2017-01-05 14:05:00-05:00,41.74,41.76,41.74,41.755,4348
2017-01-05 14:10:00-05:00,41.755,41.79,41.755,41.78,4358
2017-01-05 14:15:00-05:00,41.78,41.8,41.78,41.79,4924
2017-01-05 14:20:00-05:00,41.8,41.805,41.775,41.79,5339
2017-01-05 14:25:00-05:00,41.79,41.8,41.78,41.795,4915
2017-01-05 14:30:00-05:00,41.8,41.8,41.77,41.775,6798
2017-01-05 14:35:00-05:00,41.78,41.79,41.775,41.775,5543
2017-01-05 14:40:00-05:00,41.78,41.785,41.77,41.775,3002
2017-01-05 14:45:00-05:00,41.78,41.785,41.77,41.77,3626
2017-01-05 14:50:00-05:00,41.775,41.79,41.765,41.78,5574
2017-01-05 14:55:00-05:00,41.78,41.78,41.755,41.775,8507
2017-01-05 15:00:00-05:00,41.77,41.795,41.77,41.78,5692
2017-01-05 15:05:00-05:00,41.78,41.79,41.77,41.77,7887
2017-01-05 15:10:00-05:00,41.77,41.78,41.75,41.76,8306
2017-01-05 15:15:00-05:00,41.77,41.78,41.76,41.77,10473
2017-01-05 15:20:00-05:00,41.765,41.79,41.76,41.78,11157
2017-01-05 15:25:00-05:00,41.775,41.79,41.77,41.77,7585
2017-01-05 15:30:00-05:00,41.77,41.79,41.765,41.78,15462
2017-01-05 15:35:00-05:00,41.77,41.77,41.75,41.75,4943
2017-01-05 15:40:00-05:00,41.75,41.76,41.75,41.75,17701
2017-01-05 15:45:00-05:00,41.75,41.77,41.745,41.75,18699
2017-01-05 15:50:00-05:00,41.76,41.77,41.75,41.77,21104
2017-01-05 15:55:00-05:00,41.77,41.785,41.76,41.76,41242
2017-01-09 09:30:00-05:00,41.255,41.38,41.21,41.38,39727
2017-01-09 09:35:00-05:00,41.375,41.51,41.35,41.49,11115
2017-01-09 09:40:00-05:00,41.52,41.58,41.44,41.47,21493
2017-01-09 09:45:00-05:00,41.49,41.555,41.49,41.535,15213
2017-01-09 09:50:00-05:00,41.535,41.535,41.44,41.44,7500
2017-01-09 09:55:00-05:00,41.43,41.44,41.34,41.375,5117
2017-01-09 10:00:00-05:00,41.375,41.405,41.37,41.38,6709
2017-01-09 10:05:00-05:00,41.385,41.42,41.38,41.38,4723
2017-01-09 10:10:00-05:00,41.39,41.4,41.37,41.38,5667
2017-01-09 10:15:00-05:00,41.38,41.405,41.34,41.34,6131
2017-01-09 10:20:00-05:00,41.32,41.34,41.31,41.32,8421
2017-01-09 10:25:00-05:00,41.32,41.345,41.3,41.3,10835
2017-01-09 10:30:00-05:00,41.305,41.345,41.295,41.315,8557
2017-01-09 10:35:00-05:00,41.305,41.33,41.29,41.29,5317
2017-01-09 10:40:00-05:00,41.3,41.34,41.3,41.32,8380
2017-01-09 10:45:00-05:00,41.33,41.37,41.31,41.34,7315
2017-01-09 10:50:00-05:00,41.335,41.34,41.31,41.325,6828
2017-01-09 10:55:00-05:00,41.325,41.36,41.32,41.34,6654
2017-01-09 11:00:00-05:00,41.34,41.39,41.335,41.39,7756
2017-01-09 11:05:00-05:00,41.39,41.42,41.39,41.41,8669
2017-01-09 11:10:00-05:00,41.41,41.42,41.37,41.37,7085
2017-01-09 11:15:00-05:00,41.37,41.39,41.365,41.365,5978
2017-01-09 11:20:00-05:00,41.37,41.38,41.345,41.37,6349
2017-01-09 11:25:00-05:00,41.39,41.44,41.39,41.43,2830
2017-01-09 11:30:00-05:00,41.41,41.41,41.37,41.37,2123
2017-01-09 11:35:00-05:00,41.375,41.39,41.35,41.35,3720
2017-01-09 11:40:00-05:00,41.35,41.355,41.32,41.32,6009
2017-01-09 11:45:00-05:00,41.325,41.33,41.32,41.33,3142
2017-01-09 11:50:00-05:00,41.34,41.37,41.34,41.355,5691
2017-01-09 11:55:00-05:00,41.36,41.37,41.35,41.355,5316
2017-01-09 12:00:00-05:00,41.36,41.36,41.33,41.33,3608
2017-01-09 12:05:00-05:00,41.34,41.37,41.335,41.37,4110
2017-01-09 12:10:00-05:00,41.37,41.39,41.365,41.37,7854
2017-01-09 12:15:00-05:00,41.37,41.37,41.325,41.335,3662
2017-01-09 12:20:00-05:00,41.34,41.37,41.33,41.365,10164
2017-01-09 12:25:00-05:00,41.37,41.4,41.37,41.4,5594
2017-01-09 12:30:00-05:00,41.4,41.42,41.39,41.39,5469
2017-01-09 12:35:00-05:00,41.39,41.4,41.38,41.4,4150
2017-01-09 12:40:00-05:00,41.395,41.41,41.39,41.41,4722
2017-01-09 12:45:00-05:00,41.4,41.4,41.39,41.39,4209
2017-01-09 12:50:00-05:00,41.39,41.4,41.38,41.4,3734
2017-01-09 12:55:00-05:00,41.4,41.42,41.39,41.41,4269
2017-01-09 13:00:00-05:00,41.415,41.42,41.39,41.4,3303
2017-01-09 13:05:00-05:00,41.39,41.39,41.375,41.39,4353
2017-01-09 13:10:00-05:00,41.39,41.41,41.38,41.41,4325
2017-01-09 13:15:00-05:00,41.41,41.41,41.4,41.4,3123
2017-01-09 13:20:00-05:00,41.4,41.4,41.37,41.39,6042
2017-01-09 13:25:00-05:00,41.39,41.395,41.39,41.39,3418
2017-01-09 13:30:00-05:00,41.38,41.39,41.36,41.36,3728
2017-01-09 13:35:00-05:00,41.36,41.38,41.35,41.35,4071
2017-01-09 13:40:00-05:00,41.36,41.36,41.34,41.36,5931
2017-01-09 13:45:00-05:00,41.36,41.36,41.34,41.34,2920
2017-01-09 13:50:00-05:00,41.345,41.37,41.34,41.37,3527
2017-01-09 13:55:00-05:00,41.37,41.37,41.35,41.355,4585
2017-01-09 14:00:00-05:00,41.35,41.36,41.35,41.355,3533
2017-01-09 14:05:00-05:00,41.355,41.355,41.34,41.345,4617
2017-01-09 14:10:00-05:00,41.335,41.34,41.32,41.335,11480
2017-01-09 14:15:00-05:00,41.34,41.34,41.32,41.33,2953
2017-01-09 14:20:00-05:00,41.33,41.36,41.32,41.36,4318
2017-01-09 14:25:00-05:00,41.37,41.37,41.34,41.365,5284
2017-01-09 14:30:00-05:00,41.365,41.37,41.355,41.355,5071
2017-01-09 14:35:00-05:00,41.35,41.37,41.35,41.37,5258
2017-01-09 14:40:00-05:00,41.37,41.385,41.365,41.37,5786
2017-01-09 14:45:00-05:00,41.38,41.415,41.375,41.41,7532
2017-01-09 14:50:00-05:00,41.42,41.44,41.41,41.415,9180
2017-01-09 14:55:00-05:00,41.41,41.42,41.4,41.415,9552
2017-01-09 15:00:00-05:00,41.42,41.42,41.41,41.42,39818
2017-01-09 15:05:00-05:00,41.42,41.435,41.395,41.4,8508
2017-01-09 15:10:00-05:00,41.39,41.395,41.365,41.375,9088
2017-01-09 15:15:00-05:00,41.37,41.37,41.345,41.35,5994
2017-01-09 15:20:00-05:00,41.355,41.36,41.35,41.35,4556
2017-01-09 15:25:00-05:00,41.355,41.37,41.35,41.35,9409
2017-01-09 15:30:00-05:00,41.35,41.38,41.35,41.375,13630
2017-01-09 15:35:00-05:00,41.37,41.37,41.36,41.37,12933
2017-01-09 15:40:00-05:00,41.37,41.395,41.36,41.385,35848
2017-01-09 15:45:00-05:00,41.39,41.4,41.37,41.39,35216
2017-01-09 15:50:00-05:00,41.395,41.41,41.375,41.38,31111
2017-01-09 15:55:00-05:00,41.38,41.405,41.33,41.34,78518
2017-01-09 16:05:00-05:00,41.365,41.365,41.365,41.365,19500
2017-01-10 09:30:00-05:00,41.38,41.395,41.33,41.33,4301
2017-01-10 09:35:00-05:00,41.305,41.305,41.185,41.25,8742
2017-01-10 09:40:00-05:00,41.25,41.26,41.24,41.26,2636
2017-01-10 09:45:00-05:00,41.29,41.31,41.26,41.3,8311
2017-01-10 09:50:00-05:00,41.29,41.3,41.24,41.26,15285
2017-01-10 09:55:00-05:00,41.25,41.28,41.24,41.28,15997
2017-01-10 10:00:00-05:00,41.29,41.29,41.24,41.24,10019
2017-01-10 10:05:00-05:00,41.25,41.265,41.21,41.21,12711
2017-01-10 10:10:00-05:00,41.22,41.22,41.19,41.21,7391
2017-01-10 10:15:00-05:00,41.21,41.215,41.19,41.19,9010
2017-01-10 10:20:00-05:00,41.19,41.2,41.18,41.2,6929
2017-01-10 10:25:00-05:00,41.205,41.21,41.19,41.19,42808
2017-01-10 10:30:00-05:00,41.195,41.21,41.195,41.21,16279
2017-01-10 10:35:00-05:00,41.21,41.28,41.21,41.25,10347
2017-01-10 10:40:00-05:00,41.25,41.28,41.25,41.27,13596
2017-01-10 10:45:00-05:00,41.27,41.3,41.27,41.28,8307
2017-01-10 10:50:00-05:00,41.29,41.29,41.22,41.22,11011
2017-01-10 10:55:00-05:00,41.22,41.22,41.2,41.21,15049
2017-01-10 11:00:00-05:00,41.2,41.21,41.18,41.21,11117
2017-01-10 11:05:00-05:00,41.22,41.23,41.21,41.23,11078
2017-01-10 11:10:00-05:00,41.23,41.275,41.225,41.23,13780
2017-01-10 11:15:00-05:00,41.225,41.225,41.2,41.22,9873
2017-01-10 11:20:00-05:00,41.215,41.22,41.21,41.21,4786
2017-01-10 11:25:00-05:00,41.22,41.22,41.21,41.21,4404
2017-01-10 11:30:00-05:00,41.21,41.22,41.18,41.18,12060
2017-01-10 11:35:00-05:00,41.18,41.19,41.165,41.165,3421
2017-01-10 11:40:00-05:00,41.16,41.165,41.15,41.16,5820
2017-01-10 11:45:00-05:00,41.15,41.175,41.14,41.14,9471
2017-01-10 11:50:00-05:00,41.14,41.15,41.13,41.15,9430
2017-01-10 11:55:00-05:00,41.15,41.15,41.14,41.14,7707
2017-01-10 12:00:00-05:00,41.15,41.15,41.12,41.12,6981
2017-01-10 12:05:00-05:00,41.12,41.13,41.095,41.1,6790
2017-01-10 12:10:00-05:00,41.1,41.1,41.09,41.1,8446
2017-01-10 12:15:00-05:00,41.1,41.17,41.1,41.17,10234
2017-01-10 12:20:00-05:00,41.17,41.17,41.14,41.15,5287
2017-01-10 12:25:00-05:00,41.14,41.14,41.14,41.14,1500
2017-01-10 12:30:00-05:00,41.14,41.15,41.14,41.145,3999
2017-01-10 12:35:00-05:00,41.14,41.16,41.14,41.16,7115
2017-01-10 12:40:00-05:00,41.16,41.16,41.11,41.11,8159
2017-01-10 12:45:00-05:00,41.115,41.115,41.09,41.09,2914
2017-01-10 12:50:00-05:00,41.08,41.11,41.07,41.105,8696
2017-01-10 12:55:00-05:00,41.105,41.105,41.06,41.07,5410
2017-01-10 13:00:00-05:00,41.075,41.09,41.075,41.09,5716
2017-01-10 13:05:00-05:00,41.085,41.09,41.06,41.06,8427
2017-01-10 13:10:00-05:00,41.05,41.06,41.05,41.05,3523
2017-01-10 13:15:00-05:00,41.06,41.08,41.06,41.075,15944
2017-01-10 13:20:00-05:00,41.07,41.09,41.06,41.06,7975
2017-01-10 13:25:00-05:00,41.06,41.07,41.05,41.06,6224
2017-01-10 13:30:00-05:00,41.065,41.08,41.06,41.08,5554
2017-01-10 13:35:00-05:00,41.08,41.1,41.07,41.1,15660
2017-01-10 13:40:00-05:00,41.09,41.1,41.05,41.05,5510
2017-01-10 13:45:00-05:00,41.05,41.07,41.04,41.07,16218
2017-01-10 13:50:00-05:00,41.07,41.075,41.06,41.075,4652
2017-01-10 13:55:00-05:00,41.07,41.075,41.01,41.01,9324
2017-01-10 14:00:00-05:00,41.01,41.015,40.955,40.98,8741
2017-01-10 14:05:00-05:00,40.98,41.0,40.97,40.97,5972
2017-01-10 14:10:00-05:00,40.97,40.975,40.955,40.96,4277
2017-01-10 14:15:00-05:00,40.95,40.95,40.92,40.94,4287
2017-01-10 14:20:00-05:00,40.95,40.95,40.935,40.94,5869
2017-01-10 14:25:00-05:00,40.93,40.93,40.9,40.91,5527
2017-01-10 14:30:00-05:00,40.9,40.94,40.9,40.93,8117
2017-01-10 14:35:00-05:00,40.93,40.955,40.93,40.94,7424
2017-01-10 14:40:00-05:00,40.95,40.97,40.905,40.905,10648
2017-01-10 14:45:00-05:00,40.91,40.96,40.91,40.93,11072
2017-01-10 14:50:00-05:00,40.93,40.935,40.91,40.925,8865
2017-01-10 14:55:00-05:00,40.925,40.93,40.9,40.91,9491
2017-01-10 15:00:00-05:00,40.91,40.925,40.91,40.91,10670
2017-01-10 15:05:00-05:00,40.91,40.91,40.88,40.885,6249
2017-01-10 15:10:00-05:00,40.89,40.89,40.86,40.88,13766
2017-01-10 15:15:00-05:00,40.88,40.9,40.86,40.89,28076
2017-01-10 15:20:00-05:00,40.89,40.9,40.88,40.895,24205
2017-01-10 15:25:00-05:00,40.9,40.9,40.87,40.88,33542
2017-01-10 15:30:00-05:00,40.89,40.94,40.89,40.925,24510
2017-01-10 15:35:00-05:00,40.925,40.93,40.915,40.92,29957
2017-01-10 15:40:00-05:00,40.92,40.94,40.915,40.94,22375
2017-01-10 15:45:00-05:00,40.94,40.96,40.93,40.96,46437
2017-01-10 15:50:00-05:00,40.95,41.03,40.95,41.02,28518
2017-01-10 15:55:00-05:00,41.015,41.065,41.01,41.03,98536
2017-01-11 09:30:00-05:00,40.85,40.98,40.85,40.98,5467
2017-01-11 09:35:00-05:00,40.99,41.03,40.989,41.0,6749
2017-01-11 09:40:00-05:00,41.0,41.01,40.97,41.01,6112
2017-01-11 09:45:00-05:00,41.01,41.04,40.96,41.02,10318
2017-01-11 09:50:00-05:00,41.02,41.025,40.98,41.02,5235
2017-01-11 09:55:00-05:00,41.02,41.03,40.995,41.0,5016
2017-01-11 10:00:00-05:00,41.01,41.095,41.01,41.095,7500
2017-01-11 10:05:00-05:00,41.1,41.11,41.09,41.11,4406
2017-01-11 10:10:00-05:00,41.1,41.1,41.02,41.02,12912
2017-01-11 10:15:00-05:00,41.01,41.02,41.0,41.0,4460
2017-01-11 10:20:00-05:00,41.0,41.045,40.98,41.04,7714
2017-01-11 10:25:00-05:00,41.03,41.03,40.98,41.02,6066
2017-01-11 10:30:00-05:00,41.01,41.06,41.01,41.05,3440
2017-01-11 10:35:00-05:00,41.04,41.05,41.03,41.04,12084
2017-01-11 10:40:00-05:00,41.04,41.05,41.02,41.05,25601
2017-01-11 10:45:00-05:00,41.05,41.06,41.02,41.02,7524
2017-01-11 10:50:00-05:00,41.02,41.03,40.99,41.02,8250
2017-01-11 10:55:00-05:00,41.02,41.02,40.99,41.01,6061
2017-01-11 11:00:00-05:00,41.01,41.02,40.99,41.0,4488
2017-01-11 11:05:00-05:00,41.0,41.01,40.99,41.0,6017
2017-01-11 11:10:00-05:00,41.01,41.02,41.0,41.0,7308
2017-01-11 11:15:00-05:00,41.0,41.01,40.98,40.99,6699
2017-01-11 11:20:00-05:00,40.98,40.995,40.97,40.98,5180
2017-01-11 11:25:00-05:00,40.98,41.015,40.95,40.95,4695
2017-01-11 11:30:00-05:00,40.93,40.955,40.92,40.955,3830
2017-01-11 11:35:00-05:00,40.955,40.955,40.91,40.95,3208
2017-01-11 11:40:00-05:00,40.94,40.97,40.94,40.97,2453
2017-01-11 11:45:00-05:00,40.97,40.97,40.94,40.94,3184
2017-01-11 11:50:00-05:00,40.94,40.98,40.935,40.98,3245
2017-01-11 11:55:00-05:00,40.97,41.02,40.97,41.02,5420
2017-01-11 12:00:00-05:00,41.03,41.05,41.01,41.01,2645
2017-01-11 12:05:00-05:00,41.02,41.03,41.01,41.02,3215
2017-01-11 12:10:00-05:00,41.02,41.03,41.0,41.02,3294
2017-01-11 12:15:00-05:00,41.01,41.01,40.975,40.99,3369
2017-01-11 12:20:00-05:00,40.99,40.99,40.95,40.95,2356
2017-01-11 12:25:00-05:00,40.95,41.01,40.95,41.01,2604
2017-01-11 12:30:00-05:00,41.01,41.01,40.99,40.99,1503
2017-01-11 12:35:00-05:00,40.98,40.99,40.98,40.99,4299
2017-01-11 12:40:00-05:00,40.985,40.985,40.92,40.93,2657
2017-01-11 12:45:00-05:00,40.93,40.93,40.91,40.93,2609
2017-01-11 12:50:00-05:00,40.94,40.96,40.94,40.945,2483
2017-01-11 12:55:00-05:00,40.95,40.96,40.95,40.95,2151
2017-01-11 13:00:00-05:00,40.96,40.98,40.955,40.955,3531
2017-01-11 13:05:00-05:00,40.94,40.98,40.94,40.975,3614
2017-01-11 13:10:00-05:00,40.97,40.97,40.93,40.96,2345
2017-01-11 13:15:00-05:00,40.95,40.95,40.93,40.95,2111
2017-01-11 13:20:00-05:00,40.95,40.98,40.95,40.98,2715
2017-01-11 13:25:00-05:00,40.97,40.97,40.93,40.94,2097
2017-01-11 13:30:00-05:00,40.93,40.935,40.915,40.92,3106
2017-01-11 13:35:00-05:00,40.93,40.99,40.93,40.98,5886
2017-01-11 13:40:00-05:00,40.98,40.99,40.97,40.99,2967
2017-01-11 13:45:00-05:00,41.0,41.0,40.98,40.98,2436
2017-01-11 13:50:00-05:00,40.96,40.98,40.96,40.98,2796
2017-01-11 13:55:00-05:00,40.99,41.01,40.99,40.99,3060
2017-01-11 14:00:00-05:00,40.99,41.0,40.98,40.98,2472
2017-01-11 14:05:00-05:00,40.98,40.98,40.97,40.97,6447
2017-01-11 14:10:00-05:00,40.98,40.995,40.98,40.995,2861
2017-01-11 14:15:00-05:00,40.995,41.01,40.98,40.99,4524
2017-01-11 14:20:00-05:00,41.0,41.0,40.98,40.98,5012
2017-01-11 14:25:00-05:00,40.98,40.99,40.97,40.97,4765
2017-01-11 14:30:00-05:00,40.98,40.99,40.98,40.99,9539
2017-01-11 14:35:00-05:00,40.985,41.0,40.985,41.0,6833
2017-01-11 14:40:00-05:00,41.0,41.005,40.99,41.0,4530
2017-01-11 14:45:00-05:00,40.99,40.99,40.97,40.97,5787
2017-01-11 14:50:00-05:00,40.97,40.975,40.95,40.95,6416
2017-01-11 14:55:00-05:00,40.95,40.95,40.94,40.95,4024
2017-01-11 15:00:00-05:00,40.95,40.95,40.945,40.95,5016
2017-01-11 15:05:00-05:00,40.95,40.97,40.945,40.95,14701
2017-01-11 15:10:00-05:00,40.945,40.96,40.94,40.95,10176
2017-01-11 15:15:00-05:00,40.95,40.97,40.94,40.96,6968
2017-01-11 15:20:00-05:00,40.96,40.97,40.955,40.96,4515
2017-01-11 15:25:00-05:00,40.95,40.965,40.94,40.96,8236
2017-01-11 15:30:00-05:00,40.96,40.97,40.945,40.965,18609
2017-01-11 15:35:00-05:00,40.97,41.015,40.97,41.015,14787
2017-01-11 15:40:00-05:00,41.01,41.015,40.995,41.01,10555
2017-01-11 15:45:00-05:00,41.02,41.03,41.01,41.01,18701
2017-01-11 15:50:00-05:00,41.015,41.04,40.99,40.99,25205
2017-01-11 15:55:00-05:00,40.995,41.05,40.99,41.035,56228
2017-01-12 09:30:00-05:00,41.01,41.04,40.86,40.87,13274
2017-01-12 09:35:00-05:00,40.87,40.945,40.82,40.9,12060
2017-01-12 09:40:00-05:00,40.9,41.015,40.9,40.945,34108
2017-01-12 09:45:00-05:00,40.93,40.945,40.89,40.89,18946
2017-01-12 09:50:00-05:00,40.9,40.935,40.875,40.925,16674
2017-01-12 09:55:00-05:00,40.93,40.98,40.92,40.98,5701
2017-01-12 10:00:00-05:00,40.99,40.99,40.939,40.95,5889
2017-01-12 10:05:00-05:00,40.95,40.95,40.875,40.905,8968
2017-01-12 10:10:00-05:00,40.91,40.945,40.91,40.94,8935
2017-01-12 10:15:00-05:00,40.93,40.94,40.9,40.9,8209
2017-01-12 10:20:00-05:00,40.89,40.93,40.885,40.93,6822
2017-01-12 10:25:00-05:00,40.925,40.935,40.9,40.9,9209
2017-01-12 10:30:00-05:00,40.91,40.92,40.88,40.88,6399
2017-01-12 10:35:00-05:00,40.885,40.89,40.84,40.85,8636
2017-01-12 10:40:00-05:00,40.85,40.88,40.85,40.865,11870
2017-01-12 10:45:00-05:00,40.865,40.91,40.865,40.885,15358
2017-01-12 10:50:00-05:00,40.89,40.915,40.88,40.9,18579
2017-01-12 10:55:00-05:00,40.9,40.9,40.87,40.88,17817
2017-01-12 11:00:00-05:00,40.88,40.91,40.88,40.89,8013
2017-01-12 11:05:00-05:00,40.89,40.91,40.89,40.91,3163
2017-01-12 11:10:00-05:00,40.9,40.9,40.87,40.875,4873
2017-01-12 11:15:00-05:00,40.88,40.88,40.84,40.84,4106
2017-01-12 11:20:00-05:00,40.85,40.85,40.82,40.82,6948
2017-01-12 11:25:00-05:00,40.82,40.84,40.81,40.84,6441
2017-01-12 11:30:00-05:00,40.835,40.865,40.83,40.84,7661
2017-01-12 11:35:00-05:00,40.84,40.85,40.84,40.845,4401
2017-01-12 11:40:00-05:00,40.84,40.84,40.81,40.82,4265
2017-01-12 11:45:00-05:00,40.81,40.83,40.81,40.81,2455
2017-01-12 11:50:00-05:00,40.81,40.83,40.8,40.83,4550
2017-01-12 11:55:00-05:00,40.825,40.85,40.825,40.85,3412
2017-01-12 12:00:00-05:00,40.84,40.89,40.84,40.88,2700
2017-01-12 12:05:00-05:00,40.865,40.865,40.84,40.84,2060
2017-01-12 12:10:00-05:00,40.85,40.87,40.847,40.87,2775
2017-01-12 12:15:00-05:00,40.87,40.895,40.87,40.88,2300
2017-01-12 12:20:00-05:00,40.889,40.9,40.875,40.89,2785
2017-01-12 12:25:00-05:00,40.885,40.89,40.885,40.89,2684
2017-01-12 12:30:00-05:00,40.89,40.91,40.89,40.9,3981
2017-01-12 12:35:00-05:00,40.91,40.925,40.89,40.9,2878
2017-01-12 12:40:00-05:00,40.9,40.9,40.88,40.88,3639
2017-01-12 12:45:00-05:00,40.89,40.91,40.88,40.91,3638
2017-01-12 12:50:00-05:00,40.9,40.93,40.9,40.93,3842
2017-01-12 12:55:00-05:00,40.93,40.95,40.93,40.945,2517
2017-01-12 13:00:00-05:00,40.94,40.96,40.94,40.94,7161
2017-01-12 13:05:00-05:00,40.935,40.935,40.9,40.92,2654
2017-01-12 13:10:00-05:00,40.92,40.93,40.91,40.915,2408
2017-01-12 13:15:00-05:00,40.915,40.94,40.915,40.92,2892
2017-01-12 13:20:00-05:00,40.92,40.93,40.91,40.92,30740
2017-01-12 13:25:00-05:00,40.92,40.94,40.92,40.94,7021
2017-01-12 13:30:00-05:00,40.94,40.95,40.93,40.94,1989
2017-01-12 13:35:00-05:00,40.94,40.955,40.94,40.95,4104
2017-01-12 13:40:00-05:00,40.95,40.98,40.95,40.97,2302
2017-01-12 13:45:00-05:00,40.97,40.97,40.96,40.97,1905
2017-01-12 13:50:00-05:00,40.96,40.96,40.95,40.95,1022
2017-01-12 13:55:00-05:00,40.94,40.97,40.94,40.97,3266
2017-01-12 14:00:00-05:00,40.96,40.97,40.96,40.965,3000
2017-01-12 14:05:00-05:00,40.97,40.99,40.96,40.97,5695
2017-01-12 14:10:00-05:00,40.98,40.99,40.97,40.98,4192
2017-01-12 14:15:00-05:00,40.98,41.0,40.96,40.96,3541
2017-01-12 14:20:00-05:00,40.96,40.97,40.95,40.96,4423
2017-01-12 14:25:00-05:00,40.96,40.97,40.96,40.96,4348
2017-01-12 14:30:00-05:00,40.96,40.98,40.955,40.98,3173
2017-01-12 14:35:00-05:00,40.985,40.985,40.955,40.97,3245
2017-01-12 14:40:00-05:00,40.98,41.005,40.97,41.005,4386
2017-01-12 14:45:00-05:00,41.0,41.0,40.98,40.98,3969
2017-01-12 14:50:00-05:00,40.98,40.99,40.97,40.98,5354
2017-01-12 14:55:00-05:00,40.98,40.99,40.975,40.98,3529
2017-01-12 15:00:00-05:00,40.99,40.99,40.97,40.99,4853
2017-01-12 15:05:00-05:00,40.99,40.99,40.965,40.97,2467
2017-01-12 15:10:00-05:00,40.97,40.97,40.945,40.95,37597
2017-01-12 15:15:00-05:00,40.94,40.945,40.93,40.935,13933
2017-01-12 15:20:00-05:00,40.94,40.94,40.93,40.93,9361
2017-01-12 15:25:00-05:00,40.93,40.94,40.91,40.93,13994
2017-01-12 15:30:00-05:00,40.925,40.935,40.92,40.925,5306
2017-01-12 15:35:00-05:00,40.92,40.94,40.92,40.93,10151
2017-01-12 15:40:00-05:00,40.93,40.935,40.91,40.93,15770
2017-01-12 15:45:00-05:00,40.935,40.945,40.93,40.945,11479
2017-01-12 15:50:00-05:00,40.94,40.95,40.925,40.93,20834
2017-01-12 15:55:00-05:00,40.93,40.99,40.93,40.94,45110
2017-01-13 09:30:00-05:00,40.99,41.0,40.9,40.94,3657
2017-01-13 09:35:00-05:00,40.93,40.93,40.87,40.885,1180
2017-01-13 09:40:00-05:00,40.86,40.91,40.86,40.91,702
2017-01-13 09:45:00-05:00,40.89,40.9,40.84,40.85,3252
2017-01-13 09:50:00-05:00,40.85,40.85,40.81,40.81,1766
2017-01-13 09:55:00-05:00,40.8,40.825,40.8,40.81,3133
2017-01-13 10:00:00-05:00,40.81,40.815,40.75,40.755,14744
2017-01-13 10:05:00-05:00,40.75,40.76,40.72,40.73,19331
2017-01-13 10:10:00-05:00,40.73,40.73,40.705,40.71,7030
2017-01-13 10:15:00-05:00,40.715,40.73,40.695,40.73,10404
2017-01-13 10:20:00-05:00,40.73,40.76,40.725,40.73,8439
2017-01-13 10:25:00-05:00,40.73,40.765,40.72,40.75,5504
2017-01-13 10:30:00-05:00,40.76,40.77,40.73,40.77,6323
2017-01-13 10:35:00-05:00,40.76,40.77,40.76,40.765,5567
2017-01-13 10:40:00-05:00,40.76,40.775,40.745,40.76,4632
2017-01-13 10:45:00-05:00,40.765,40.765,40.74,40.755,2598
2017-01-13 10:50:00-05:00,40.755,40.81,40.755,40.81,6301
2017-01-13 10:55:00-05:00,40.795,40.8,40.79,40.795,2696
2017-01-13 11:00:00-05:00,40.8,40.805,40.78,40.785,3718
2017-01-13 11:05:00-05:00,40.79,40.79,40.755,40.755,3365
2017-01-13 11:10:00-05:00,40.76,40.76,40.745,40.75,5745
2017-01-13 11:15:00-05:00,40.75,40.78,40.745,40.77,14289
2017-01-13 11:20:00-05:00,40.765,40.785,40.75,40.76,5686
2017-01-13 11:25:00-05:00,40.77,40.78,40.765,40.775,3993
2017-01-13 11:30:00-05:00,40.78,40.78,40.76,40.765,4873
2017-01-13 11:35:00-05:00,40.76,40.795,40.76,40.785,10132
2017-01-13 11:40:00-05:00,40.785,40.815,40.785,40.815,8229
2017-01-13 11:45:00-05:00,40.815,40.825,40.795,40.82,5463
2017-01-13 11:50:00-05:00,40.81,40.82,40.8,40.815,3860
2017-01-13 11:55:00-05:00,40.815,40.835,40.815,40.83,2850
2017-01-13 12:00:00-05:00,40.82,40.82,40.81,40.82,1161
2017-01-13 12:05:00-05:00,40.81,40.84,40.81,40.835,4405
2017-01-13 12:10:00-05:00,40.84,40.845,40.815,40.845,7898
2017-01-13 12:15:00-05:00,40.85,40.85,40.815,40.825,5536
2017-01-13 12:20:00-05:00,40.83,40.86,40.83,40.84,5619
2017-01-13 12:25:00-05:00,40.85,40.855,40.83,40.855,3600
2017-01-13 12:30:00-05:00,40.85,40.87,40.85,40.855,1736
2017-01-13 12:35:00-05:00,40.84,40.85,40.835,40.835,2414
2017-01-13 12:40:00-05:00,40.835,40.84,40.835,40.84,914
2017-01-13 12:45:00-05:00,40.83,40.84,40.825,40.825,3424
2017-01-13 12:50:00-05:00,40.83,40.84,40.815,40.83,1865
2017-01-13 12:55:00-05:00,40.825,40.825,40.81,40.815,2500
2017-01-13 13:00:00-05:00,40.825,40.835,40.82,40.825,1241
2017-01-13 13:05:00-05:00,40.82,40.82,40.81,40.82,1261
2017-01-13 13:10:00-05:00,40.825,40.84,40.825,40.83,910
2017-01-13 13:15:00-05:00,40.84,40.84,40.83,40.84,3547
2017-01-13 13:20:00-05:00,40.83,40.84,40.83,40.83,2697
2017-01-13 13:25:00-05:00,40.83,40.86,40.83,40.855,2474
2017-01-13 13:30:00-05:00,40.86,40.86,40.85,40.86,1200
2017-01-13 13:35:00-05:00,40.855,40.855,40.835,40.835,1620
2017-01-13 13:40:00-05:00,40.83,40.85,40.83,40.85,4800
2017-01-13 13:45:00-05:00,40.86,40.86,40.835,40.855,4481
2017-01-13 13:50:00-05:00,40.86,40.86,40.84,40.855,3995
2017-01-13 13:55:00-05:00,40.85,40.87,40.85,40.855,2935
2017-01-13 14:00:00-05:00,40.86,40.865,40.84,40.85,3727
2017-01-13 14:05:00-05:00,40.85,40.86,40.835,40.84,4647
2017-01-13 14:10:00-05:00,40.835,40.855,40.83,40.85,4045
2017-01-13 14:15:00-05:00,40.85,40.85,40.84,40.845,2366
2017-01-13 14:20:00-05:00,40.85,40.86,40.84,40.86,5963
2017-01-13 14:25:00-05:00,40.86,40.87,40.86,40.86,3217
2017-01-13 14:30:00-05:00,40.855,40.885,40.855,40.86,6711
2017-01-13 14:35:00-05:00,40.86,40.87,40.86,40.87,4500
2017-01-13 14:40:00-05:00,40.865,40.88,40.86,40.87,5761
2017-01-13 14:45:00-05:00,40.88,40.88,40.86,40.865,3204
2017-01-13 14:50:00-05:00,40.865,40.865,40.83,40.84,4732
2017-01-13 14:55:00-05:00,40.845,40.87,40.845,40.87,2805
2017-01-13 15:00:00-05:00,40.875,40.875,40.86,40.865,3975
2017-01-13 15:05:00-05:00,40.86,40.87,40.85,40.85,3126
2017-01-13 15:10:00-05:00,40.85,40.855,40.83,40.83,2865
2017-01-13 15:15:00-05:00,40.835,40.855,40.835,40.84,9908
2017-01-13 15:20:00-05:00,40.845,40.86,40.84,40.855,3340
2017-01-13 15:25:00-05:00,40.86,40.86,40.85,40.85,4536
2017-01-13 15:30:00-05:00,40.85,40.86,40.83,40.835,8908
2017-01-13 15:35:00-05:00,40.84,40.86,40.835,40.85,13683
2017-01-13 15:40:00-05:00,40.855,40.855,40.84,40.84,6920
2017-01-13 15:45:00-05:00,40.845,40.88,40.845,40.86,12295
2017-01-13 15:50:00-05:00,40.86,40.87,40.86,40.87,12047
2017-01-13 15:55:00-05:00,40.86,40.89,40.86,40.87,31266
2017-01-17 09:30:00-05:00,40.85,40.93,40.81,40.91,5301
2017-01-17 09:35:00-05:00,40.93,40.97,40.91,40.965,5044
2017-01-17 09:40:00-05:00,40.975,41.03,40.97,41.03,9415
2017-01-17 09:45:00-05:00,41.0,41.13,40.99,41.125,16744
2017-01-17 09:50:00-05:00,41.12,41.14,41.07,41.07,14982
2017-01-17 09:55:00-05:00,41.07,41.075,41.04,41.065,11856
2017-01-17 10:00:00-05:00,41.07,41.09,41.04,41.07,9071
2017-01-17 10:05:00-05:00,41.075,41.185,41.07,41.17,21556
2017-01-17 10:10:00-05:00,41.165,41.17,41.12,41.13,16640
2017-01-17 10:15:00-05:00,41.13,41.17,41.13,41.17,5182
2017-01-17 10:20:00-05:00,41.16,41.17,41.13,41.155,11571
2017-01-17 10:25:00-05:00,41.155,41.18,41.15,41.18,12545
2017-01-17 10:30:00-05:00,41.17,41.205,41.17,41.205,21403
2017-01-17 10:35:00-05:00,41.2,41.21,41.19,41.2,13873
2017-01-17 10:40:00-05:00,41.21,41.225,41.18,41.21,12524
2017-01-17 10:45:00-05:00,41.215,41.22,41.18,41.19,7160
2017-01-17 10:50:00-05:00,41.19,41.19,41.14,41.14,17737
2017-01-17 10:55:00-05:00,41.15,41.19,41.15,41.155,10607
2017-01-17 11:00:00-05:00,41.16,41.16,41.13,41.14,6432
2017-01-17 11:05:00-05:00,41.14,41.2,41.135,41.19,12705
2017-01-17 11:10:00-05:00,41.19,41.2,41.17,41.18,26070
2017-01-17 11:15:00-05:00,41.19,41.22,41.19,41.205,122957
2017-01-17 11:20:00-05:00,41.2,41.205,41.175,41.18,11048
2017-01-17 11:25:00-05:00,41.17,41.18,41.11,41.13,5906
2017-01-17 11:30:00-05:00,41.14,41.17,41.14,41.17,4600
2017-01-17 11:35:00-05:00,41.16,41.16,41.15,41.16,2826
2017-01-17 11:40:00-05:00,41.16,41.16,41.15,41.16,4124
2017-01-17 11:45:00-05:00,41.16,41.18,41.16,41.18,3348
2017-01-17 11:50:00-05:00,41.17,41.18,41.17,41.18,4278
2017-01-17 11:55:00-05:00,41.17,41.18,41.16,41.16,4174
2017-01-17 12:00:00-05:00,41.17,41.215,41.17,41.21,6503
2017-01-17 12:05:00-05:00,41.205,41.22,41.16,41.17,5910
2017-01-17 12:10:00-05:00,41.17,41.18,41.15,41.16,3206
2017-01-17 12:15:00-05:00,41.15,41.15,41.14,41.14,3603
2017-01-17 12:20:00-05:00,41.145,41.15,41.125,41.125,8571
2017-01-17 12:25:00-05:00,41.12,41.13,41.11,41.11,3009
2017-01-17 12:30:00-05:00,41.11,41.12,41.1,41.105,3738
2017-01-17 12:35:00-05:00,41.105,41.11,41.1,41.1,3164
2017-01-17 12:40:00-05:00,41.105,41.11,41.1,41.105,5135
2017-01-17 12:45:00-05:00,41.11,41.13,41.105,41.125,5160
2017-01-17 12:50:00-05:00,41.13,41.16,41.125,41.15,2187
2017-01-17 12:55:00-05:00,41.16,41.175,41.15,41.17,2341
2017-01-17 13:00:00-05:00,41.175,41.205,41.17,41.2,3312
2017-01-17 13:05:00-05:00,41.2,41.215,41.2,41.21,1600
2017-01-17 13:10:00-05:00,41.215,41.24,41.215,41.23,2534
2017-01-17 13:15:00-05:00,41.23,41.25,41.23,41.24,2759
2017-01-17 13:20:00-05:00,41.235,41.25,41.235,41.25,3122
2017-01-17 13:25:00-05:00,41.24,41.24,41.24,41.24,1514
2017-01-17 13:30:00-05:00,41.245,41.27,41.24,41.27,5071
2017-01-17 13:35:00-05:00,41.27,41.285,41.26,41.27,5084
2017-01-17 13:40:00-05:00,41.25,41.27,41.24,41.27,2979
2017-01-17 13:45:00-05:00,41.27,41.29,41.27,41.28,2888
2017-01-17 13:50:00-05:00,41.29,41.3,41.28,41.29,3271
2017-01-17 13:55:00-05:00,41.28,41.28,41.27,41.275,2261
2017-01-17 14:00:00-05:00,41.275,41.275,41.24,41.24,5626
2017-01-17 14:05:00-05:00,41.245,41.255,41.225,41.24,8502
2017-01-17 14:10:00-05:00,41.25,41.26,41.24,41.25,7823
2017-01-17 14:15:00-05:00,41.25,41.25,41.24,41.24,2739
2017-01-17 14:20:00-05:00,41.23,41.24,41.21,41.24,5553
2017-01-17 14:25:00-05:00,41.23,41.23,41.21,41.21,3100
2017-01-17 14:30:00-05:00,41.215,41.23,41.21,41.225,3689
2017-01-17 14:35:00-05:00,41.22,41.22,41.18,41.18,5603
2017-01-17 14:40:00-05:00,41.18,41.19,41.17,41.19,4063
2017-01-17 14:45:00-05:00,41.19,41.19,41.165,41.18,5764
2017-01-17 14:50:00-05:00,41.18,41.18,41.15,41.165,4778
2017-01-17 14:55:00-05:00,41.16,41.16,41.135,41.14,6789
2017-01-17 15:00:00-05:00,41.145,41.15,41.115,41.13,6642
2017-01-17 15:05:00-05:00,41.13,41.175,41.13,41.145,10249
2017-01-17 15:10:00-05:00,41.15,41.19,41.15,41.18,8619
2017-01-17 15:15:00-05:00,41.18,41.19,41.17,41.18,5749
2017-01-17 15:20:00-05:00,41.17,41.19,41.17,41.185,3781
2017-01-17 15:25:00-05:00,41.18,41.2,41.18,41.19,7722
2017-01-17 15:30:00-05:00,41.19,41.23,41.185,41.23,7725
2017-01-17 15:35:00-05:00,41.22,41.23,41.21,41.215,16391
2017-01-17 15:40:00-05:00,41.21,41.22,41.175,41.185,15264
2017-01-17 15:45:00-05:00,41.185,41.2,41.175,41.195,22555
2017-01-17 15:50:00-05:00,41.195,41.21,41.175,41.2,40274
2017-01-17 15:55:00-05:00,41.21,41.225,41.18,41.22,36894
2017-01-18 09:30:00-05:00,41.25,41.35,41.24,41.305,3830
2017-01-18 09:35:00-05:00,41.27,41.29,41.195,41.21,2605
2017-01-18 09:40:00-05:00,41.23,41.23,41.18,41.22,4727
2017-01-18 09:45:00-05:00,41.23,41.23,41.16,41.18,5715
2017-01-18 09:50:00-05:00,41.185,41.23,41.18,41.2,5179
2017-01-18 09:55:00-05:00,41.21,41.21,41.15,41.17,2856
2017-01-18 10:00:00-05:00,41.18,41.185,41.15,41.16,5470
2017-01-18 10:05:00-05:00,41.16,41.19,41.145,41.155,5721
2017-01-18 10:10:00-05:00,41.15,41.18,41.15,41.15,5345
2017-01-18 10:15:00-05:00,41.15,41.185,41.15,41.185,5251
2017-01-18 10:20:00-05:00,41.16,41.2,41.16,41.19,5400
2017-01-18 10:25:00-05:00,41.2,41.27,41.2,41.27,6248
2017-01-18 10:30:00-05:00,41.26,41.27,41.21,41.22,10849
2017-01-18 10:35:00-05:00,41.22,41.255,41.21,41.25,6458
2017-01-18 10:40:00-05:00,41.25,41.29,41.25,41.27,6540
2017-01-18 10:45:00-05:00,41.28,41.31,41.275,41.29,5650
2017-01-18 10:50:00-05:00,41.28,41.28,41.25,41.27,4332
2017-01-18 10:55:00-05:00,41.27,41.305,41.27,41.305,5075
2017-01-18 11:00:00-05:00,41.31,41.335,41.31,41.335,5946
2017-01-18 11:05:00-05:00,41.335,41.34,41.31,41.31,5126
2017-01-18 11:10:00-05:00,41.32,41.36,41.315,41.34,8959
2017-01-18 11:15:00-05:00,41.325,41.325,41.31,41.31,2568
2017-01-18 11:20:00-05:00,41.3,41.32,41.3,41.32,3076
2017-01-18 11:25:00-05:00,41.31,41.34,41.31,41.34,2121
2017-01-18 11:30:00-05:00,41.34,41.355,41.32,41.32,5807
2017-01-18 11:35:00-05:00,41.33,41.33,41.305,41.32,4434
2017-01-18 11:40:00-05:00,41.33,41.36,41.33,41.34,3257
2017-01-18 11:45:00-05:00,41.33,41.35,41.32,41.345,3879
2017-01-18 11:50:00-05:00,41.345,41.345,41.34,41.34,1406
2017-01-18 11:55:00-05:00,41.35,41.35,41.28,41.295,4002
2017-01-18 12:00:00-05:00,41.3,41.31,41.285,41.29,5050
2017-01-18 12:05:00-05:00,41.29,41.3,41.28,41.28,2863
2017-01-18 12:10:00-05:00,41.285,41.305,41.285,41.29,2884
2017-01-18 12:15:00-05:00,41.29,41.31,41.29,41.31,2749
2017-01-18 12:20:00-05:00,41.31,41.32,41.295,41.32,2758
2017-01-18 12:25:00-05:00,41.3,41.31,41.295,41.31,1819
2017-01-18 12:30:00-05:00,41.31,41.32,41.31,41.32,1946
2017-01-18 12:35:00-05:00,41.315,41.33,41.315,41.33,1779
2017-01-18 12:40:00-05:00,41.32,41.32,41.295,41.295,2416
2017-01-18 12:45:00-05:00,41.29,41.3,41.28,41.29,2216
2017-01-18 12:50:00-05:00,41.285,41.29,41.28,41.28,501
2017-01-18 12:55:00-05:00,41.28,41.28,41.26,41.26,906
2017-01-18 13:00:00-05:00,41.25,41.27,41.24,41.27,1984
2017-01-18 13:05:00-05:00,41.26,41.27,41.245,41.26,5199
2017-01-18 13:10:00-05:00,41.25,41.27,41.245,41.26,4651
2017-01-18 13:15:00-05:00,41.26,41.26,41.25,41.25,1944
2017-01-18 13:20:00-05:00,41.25,41.26,41.245,41.25,1205
2017-01-18 13:25:00-05:00,41.26,41.27,41.255,41.255,3237
2017-01-18 13:30:00-05:00,41.26,41.29,41.26,41.26,6020
2017-01-18 13:35:00-05:00,41.27,41.29,41.27,41.27,3046
2017-01-18 13:40:00-05:00,41.27,41.29,41.25,41.25,2772
2017-01-18 13:45:00-05:00,41.26,41.265,41.24,41.24,4522
2017-01-18 13:50:00-05:00,41.25,41.26,41.25,41.26,3843
2017-01-18 13:55:00-05:00,41.25,41.26,41.25,41.26,1785
2017-01-18 14:00:00-05:00,41.26,41.275,41.255,41.27,5052
2017-01-18 14:05:00-05:00,41.26,41.27,41.26,41.27,4384
2017-01-18 14:10:00-05:00,41.27,41.27,41.25,41.25,1087
2017-01-18 14:15:00-05:00,41.24,41.28,41.24,41.28,3720
2017-01-18 14:20:00-05:00,41.28,41.305,41.28,41.305,3179
2017-01-18 14:25:00-05:00,41.3,41.33,41.295,41.32,4349
2017-01-18 14:30:00-05:00,41.31,41.315,41.29,41.31,5318
2017-01-18 14:35:00-05:00,41.3,41.3,41.28,41.29,4055
2017-01-18 14:40:00-05:00,41.3,41.3,41.27,41.27,4313
2017-01-18 14:45:00-05:00,41.26,41.27,41.255,41.26,2938
2017-01-18 14:50:00-05:00,41.27,41.275,41.26,41.275,5351
2017-01-18 14:55:00-05:00,41.27,41.285,41.26,41.285,5832
2017-01-18 15:00:00-05:00,41.28,41.28,41.27,41.275,5308
2017-01-18 15:05:00-05:00,41.28,41.28,41.26,41.26,8817
2017-01-18 15:10:00-05:00,41.26,41.26,41.25,41.26,4124
2017-01-18 15:15:00-05:00,41.265,41.275,41.26,41.27,9345
2017-01-18 15:20:00-05:00,41.26,41.26,41.25,41.25,4576
2017-01-18 15:25:00-05:00,41.25,41.26,41.23,41.26,8604
2017-01-18 15:30:00-05:00,41.255,41.26,41.24,41.24,8425
2017-01-18 15:35:00-05:00,41.25,41.275,41.24,41.25,15475
2017-01-18 15:40:00-05:00,41.255,41.275,41.25,41.275,10921
2017-01-18 15:45:00-05:00,41.275,41.31,41.27,41.28,16011
2017-01-18 15:50:00-05:00,41.28,41.29,41.28,41.29,16067
2017-01-18 15:55:00-05:00,41.29,41.31,41.28,41.285,54487
2017-01-24 09:30:00-05:00,41.495,41.57,41.49,41.54,3294
2017-01-24 09:35:00-05:00,41.56,41.59,41.5,41.55,9311
2017-01-24 09:40:00-05:00,41.55,41.565,41.53,41.55,10406
2017-01-24 09:45:00-05:00,41.54,41.55,41.52,41.55,3784
2017-01-24 09:50:00-05:00,41.55,41.585,41.55,41.575,8868
2017-01-24 09:55:00-05:00,41.575,41.58,41.53,41.53,17160
2017-01-24 10:00:00-05:00,41.54,41.55,41.5,41.53,6579
2017-01-24 10:05:00-05:00,41.52,41.525,41.5,41.5,8549
2017-01-24 10:10:00-05:00,41.49,41.56,41.49,41.53,8267
2017-01-24 10:15:00-05:00,41.52,41.585,41.52,41.58,6634
2017-01-24 10:20:00-05:00,41.57,41.6,41.57,41.6,7116
2017-01-24 10:25:00-05:00,41.6,41.6,41.58,41.58,16733
2017-01-24 10:30:00-05:00,41.57,41.58,41.56,41.58,5330
2017-01-24 10:35:00-05:00,41.57,41.575,41.53,41.57,12753
2017-01-24 10:40:00-05:00,41.57,41.595,41.57,41.59,8866
2017-01-24 10:45:00-05:00,41.58,41.62,41.58,41.62,6360
2017-01-24 10:50:00-05:00,41.625,41.64,41.62,41.62,9450
2017-01-24 10:55:00-05:00,41.62,41.66,41.62,41.66,5011
2017-01-24 11:00:00-05:00,41.67,41.69,41.66,41.66,7455
2017-01-24 11:05:00-05:00,41.665,41.7,41.66,41.695,11296
2017-01-24 11:10:00-05:00,41.7,41.725,41.69,41.725,17633
2017-01-24 11:15:00-05:00,41.72,41.74,41.71,41.71,11615
2017-01-24 11:20:00-05:00,41.72,41.74,41.72,41.74,4338
2017-01-24 11:25:00-05:00,41.735,41.78,41.735,41.77,6795
2017-01-24 11:30:00-05:00,41.78,41.79,41.745,41.78,10755
2017-01-24 11:35:00-05:00,41.77,41.78,41.75,41.75,92161
2017-01-24 11:40:00-05:00,41.75,41.76,41.75,41.75,5707
2017-01-24 11:45:00-05:00,41.75,41.78,41.75,41.78,7702
2017-01-24 11:50:00-05:00,41.78,41.8,41.78,41.78,30335
2017-01-24 11:55:00-05:00,41.78,41.79,41.75,41.76,7742
2017-01-24 12:00:00-05:00,41.765,41.77,41.73,41.73,6888
2017-01-24 12:05:00-05:00,41.74,41.74,41.73,41.74,5001
2017-01-24 12:10:00-05:00,41.745,41.78,41.74,41.775,8589
2017-01-24 12:15:00-05:00,41.775,41.78,41.75,41.75,7691
2017-01-24 12:20:00-05:00,41.75,41.765,41.74,41.745,11926
2017-01-24 12:25:00-05:00,41.75,41.76,41.75,41.75,4931
2017-01-24 12:30:00-05:00,41.755,41.755,41.71,41.71,7635
2017-01-24 12:35:00-05:00,41.715,41.72,41.67,41.67,6751
2017-01-24 12:40:00-05:00,41.66,41.69,41.65,41.65,5856
2017-01-24 12:45:00-05:00,41.66,41.66,41.65,41.65,2926
2017-01-24 12:50:00-05:00,41.65,41.655,41.63,41.63,2856
2017-01-24 12:55:00-05:00,41.635,41.635,41.62,41.63,6319
2017-01-24 13:00:00-05:00,41.64,41.65,41.63,41.635,2680
2017-01-24 13:05:00-05:00,41.64,41.66,41.635,41.66,4841
2017-01-24 13:10:00-05:00,41.66,41.66,41.64,41.64,9954
2017-01-24 13:15:00-05:00,41.65,41.7,41.64,41.68,7531
2017-01-24 13:20:00-05:00,41.685,41.7,41.685,41.69,4339
2017-01-24 13:25:00-05:00,41.69,41.71,41.69,41.7,3509
2017-01-24 13:30:00-05:00,41.71,41.76,41.71,41.76,6100
2017-01-24 13:35:00-05:00,41.76,41.79,41.76,41.78,4171
2017-01-24 13:40:00-05:00,41.79,41.82,41.775,41.82,9679
2017-01-24 13:45:00-05:00,41.82,41.85,41.82,41.85,4344
2017-01-24 13:50:00-05:00,41.84,41.875,41.84,41.87,6811
2017-01-24 13:55:00-05:00,41.86,41.87,41.83,41.835,8705
2017-01-24 14:00:00-05:00,41.835,41.845,41.815,41.845,7065
2017-01-24 14:05:00-05:00,41.85,41.865,41.835,41.85,9142
2017-01-24 14:10:00-05:00,41.85,41.87,41.83,41.87,6795
2017-01-24 14:15:00-05:00,41.88,41.89,41.86,41.87,15782
2017-01-24 14:20:00-05:00,41.875,41.885,41.87,41.875,4202
2017-01-24 14:25:00-05:00,41.87,41.885,41.84,41.885,24906
2017-01-24 14:30:00-05:00,41.88,41.935,41.88,41.935,7217
2017-01-24 14:35:00-05:00,41.93,41.94,41.925,41.935,13481
2017-01-24 14:40:00-05:00,41.93,41.95,41.925,41.935,14417
2017-01-24 14:45:00-05:00,41.935,41.945,41.93,41.935,13130
2017-01-24 14:50:00-05:00,41.94,41.95,41.935,41.945,3745
2017-01-24 14:55:00-05:00,41.945,41.95,41.91,41.915,17257
2017-01-24 15:00:00-05:00,41.915,41.945,41.91,41.915,17497
2017-01-24 15:05:00-05:00,41.91,41.925,41.91,41.92,6930
2017-01-24 15:10:00-05:00,41.915,41.93,41.91,41.93,8188
2017-01-24 15:15:00-05:00,41.935,41.935,41.92,41.93,10353
2017-01-24 15:20:00-05:00,41.925,41.94,41.925,41.935,6822
2017-01-24 15:25:00-05:00,41.94,41.97,41.935,41.95,7947
2017-01-24 15:30:00-05:00,41.945,41.95,41.91,41.935,17251
2017-01-24 15:35:00-05:00,41.93,41.935,41.9,41.9,14107
2017-01-24 15:40:00-05:00,41.905,41.91,41.89,41.91,17841
2017-01-24 15:45:00-05:00,41.91,41.92,41.89,41.9,23090
2017-01-24 15:50:00-05:00,41.9,41.9,41.87,41.87,32218
2017-01-24 15:55:00-05:00,41.88,41.91,41.875,41.9,56383
2017-01-25 09:30:00-05:00,41.96,41.97,41.94,41.96,905
2017-01-25 09:35:00-05:00,41.98,41.99,41.95,41.99,1002
2017-01-25 09:40:00-05:00,41.99,42.07,41.985,42.03,4865
2017-01-25 09:45:00-05:00,42.03,42.035,41.995,42.01,4391
2017-01-25 09:50:00-05:00,42.02,42.035,41.955,41.99,4998
2017-01-25 09:55:00-05:00,41.99,42.005,41.98,41.99,5332
2017-01-25 10:00:00-05:00,41.99,42.06,41.97,42.06,14293
2017-01-25 10:05:00-05:00,42.035,42.07,42.01,42.07,15527
2017-01-25 10:10:00-05:00,42.08,42.11,42.07,42.08,11810
2017-01-25 10:15:00-05:00,42.075,42.1,42.07,42.07,8912
2017-01-25 10:20:00-05:00,42.07,42.115,42.06,42.1,10889
2017-01-25 10:25:00-05:00,42.1,42.15,42.1,42.145,8842
2017-01-25 10:30:00-05:00,42.15,42.175,42.14,42.175,13558
2017-01-25 10:35:00-05:00,42.18,42.19,42.16,42.165,7515
2017-01-25 10:40:00-05:00,42.16,42.16,42.135,42.15,9768
2017-01-25 10:45:00-05:00,42.14,42.15,42.13,42.14,40420
2017-01-25 10:50:00-05:00,42.135,42.17,42.135,42.17,9484
2017-01-25 10:55:00-05:00,42.17,42.175,42.14,42.15,13317
2017-01-25 11:00:00-05:00,42.14,42.18,42.14,42.175,8029
2017-01-25 11:05:00-05:00,42.17,42.19,42.17,42.18,5606
2017-01-25 11:10:00-05:00,42.18,42.19,42.18,42.185,4997
2017-01-25 11:15:00-05:00,42.185,42.22,42.18,42.2,7363
2017-01-25 11:20:00-05:00,42.185,42.21,42.18,42.2,7719
2017-01-25 11:25:00-05:00,42.19,42.205,42.18,42.205,3484
2017-01-25 11:30:00-05:00,42.2,42.2,42.17,42.19,5359
2017-01-25 11:35:00-05:00,42.175,42.18,42.165,42.175,5945
2017-01-25 11:40:00-05:00,42.18,42.185,42.16,42.17,10456
2017-01-25 11:45:00-05:00,42.18,42.18,42.165,42.17,15157
2017-01-25 11:50:00-05:00,42.175,42.19,42.16,42.17,5002
2017-01-25 11:55:00-05:00,42.18,42.18,42.14,42.14,2473
2017-01-25 12:00:00-05:00,42.15,42.15,42.12,42.12,2165
2017-01-25 12:05:00-05:00,42.12,42.12,42.09,42.095,4902
2017-01-25 12:10:00-05:00,42.095,42.105,42.08,42.1,3685
2017-01-25 12:15:00-05:00,42.105,42.11,42.085,42.085,3447
2017-01-25 12:20:00-05:00,42.08,42.1,42.07,42.1,3558
2017-01-25 12:25:00-05:00,42.1,42.1,42.085,42.09,1328
2017-01-25 12:30:00-05:00,42.08,42.09,42.07,42.08,2979
2017-01-25 12:35:00-05:00,42.09,42.09,42.08,42.08,2014
2017-01-25 12:40:00-05:00,42.085,42.1,42.08,42.1,2114
2017-01-25 12:45:00-05:00,42.105,42.135,42.105,42.125,4579
2017-01-25 12:50:00-05:00,42.13,42.17,42.13,42.16,5951
2017-01-25 12:55:00-05:00,42.155,42.165,42.14,42.165,7330
2017-01-25 13:00:00-05:00,42.16,42.16,42.14,42.15,2935
2017-01-25 13:05:00-05:00,42.14,42.17,42.14,42.17,7945
2017-01-25 13:10:00-05:00,42.17,42.18,42.16,42.16,5489
2017-01-25 13:15:00-05:00,42.16,42.175,42.15,42.17,10401
2017-01-25 13:20:00-05:00,42.16,42.17,42.15,42.155,4759
2017-01-25 13:25:00-05:00,42.15,42.16,42.15,42.15,1159
2017-01-25 13:30:00-05:00,42.16,42.16,42.15,42.15,3458
2017-01-25 13:35:00-05:00,42.15,42.17,42.14,42.17,8093
2017-01-25 13:40:00-05:00,42.19,42.21,42.19,42.21,5505
2017-01-25 13:45:00-05:00,42.21,42.23,42.21,42.22,2222
2017-01-25 13:50:00-05:00,42.22,42.24,42.22,42.24,2156
2017-01-25 13:55:00-05:00,42.24,42.24,42.23,42.235,2419
2017-01-25 14:00:00-05:00,42.235,42.245,42.21,42.215,9964
2017-01-25 14:05:00-05:00,42.22,42.225,42.21,42.225,7736
2017-01-25 14:10:00-05:00,42.22,42.24,42.22,42.23,6887
2017-01-25 14:15:00-05:00,42.23,42.23,42.22,42.22,3265
2017-01-25 14:20:00-05:00,42.23,42.23,42.22,42.22,2346
2017-01-25 14:25:00-05:00,42.22,42.245,42.22,42.24,6504
2017-01-25 14:30:00-05:00,42.245,42.25,42.24,42.25,5737
2017-01-25 14:35:00-05:00,42.245,42.245,42.21,42.21,8123
2017-01-25 14:40:00-05:00,42.22,42.22,42.2,42.2,3202
2017-01-25 14:45:00-05:00,42.205,42.21,42.18,42.18,3287
2017-01-25 14:50:00-05:00,42.18,42.19,42.165,42.17,9585
2017-01-25 14:55:00-05:00,42.17,42.18,42.16,42.17,4277
2017-01-25 15:00:00-05:00,42.17,42.18,42.17,42.17,7125
2017-01-25 15:05:00-05:00,42.17,42.17,42.14,42.14,1534
2017-01-25 15:10:00-05:00,42.14,42.15,42.14,42.15,2968
2017-01-25 15:15:00-05:00,42.14,42.15,42.11,42.11,10953
2017-01-25 15:20:00-05:00,42.12,42.13,42.11,42.125,12084
2017-01-25 15:25:00-05:00,42.125,42.135,42.12,42.12,8410
2017-01-25 15:30:00-05:00,42.12,42.12,42.11,42.115,7180
2017-01-25 15:35:00-05:00,42.115,42.115,42.08,42.09,15900
2017-01-25 15:40:00-05:00,42.095,42.115,42.095,42.115,14734
2017-01-25 15:45:00-05:00,42.105,42.11,42.1,42.1,11881
2017-01-25 15:50:00-05:00,42.1,42.12,42.1,42.11,23461
2017-01-25 15:55:00-05:00,42.115,42.13,42.09,42.12,36473
2017-01-26 09:30:00-05:00,42.11,42.11,42.01,42.01,6530
2017-01-26 09:35:00-05:00,42.01,42.01,41.88,41.91,12602
2017-01-26 09:40:00-05:00,41.895,41.96,41.895,41.94,5701
2017-01-26 09:45:00-05:00,41.96,42.035,41.95,42.005,4435
2017-01-26 09:50:00-05:00,42.02,42.055,42.02,42.03,3754
2017-01-26 09:55:00-05:00,42.04,42.05,42.0,42.0,4157
2017-01-26 10:00:00-05:00,42.0,42.01,41.965,41.98,5178
2017-01-26 10:05:00-05:00,41.98,42.005,41.955,41.955,4036
2017-01-26 10:10:00-05:00,41.95,41.975,41.94,41.95,7597
2017-01-26 10:15:00-05:00,41.95,41.95,41.91,41.93,4191
2017-01-26 10:20:00-05:00,41.935,41.94,41.92,41.93,3307
2017-01-26 10:25:00-05:00,41.9,41.925,41.89,41.895,12827
2017-01-26 10:30:00-05:00,41.89,41.92,41.875,41.88,4452
2017-01-26 10:35:00-05:00,41.87,41.95,41.87,41.935,4889
2017-01-26 10:40:00-05:00,41.94,41.96,41.925,41.95,4491
2017-01-26 10:45:00-05:00,41.955,41.955,41.885,41.885,3311
2017-01-26 10:50:00-05:00,41.885,41.96,41.88,41.955,6233
2017-01-26 10:55:00-05:00,41.96,41.98,41.94,41.96,3747
2017-01-26 11:00:00-05:00,41.95,41.98,41.95,41.98,8803
2017-01-26 11:05:00-05:00,41.98,41.99,41.96,41.97,6263
2017-01-26 11:10:00-05:00,41.98,41.99,41.95,41.99,4802
2017-01-26 11:15:00-05:00,41.985,41.985,41.915,41.92,28554
2017-01-26 11:20:00-05:00,41.91,41.93,41.91,41.925,13328
2017-01-26 11:25:00-05:00,41.92,41.92,41.9,41.9,2813
2017-01-26 11:30:00-05:00,41.905,41.92,41.895,41.9,14269
2017-01-26 11:35:00-05:00,41.9,41.91,41.895,41.895,3521
2017-01-26 11:40:00-05:00,41.9,41.91,41.88,41.9,5066
2017-01-26 11:45:00-05:00,41.9,41.93,41.9,41.915,10378
2017-01-26 11:50:00-05:00,41.915,41.94,41.9,41.93,11898
2017-01-26 11:55:00-05:00,41.93,41.935,41.9,41.9,4603
2017-01-26 12:00:00-05:00,41.91,41.94,41.905,41.935,27798
2017-01-26 12:05:00-05:00,41.93,41.955,41.93,41.94,9730
2017-01-26 12:10:00-05:00,41.935,41.94,41.92,41.92,5680
2017-01-26 12:15:00-05:00,41.92,41.925,41.91,41.925,10633
2017-01-26 12:20:00-05:00,41.92,41.925,41.905,41.91,12037
2017-01-26 12:25:00-05:00,41.9,41.92,41.9,41.91,7426
2017-01-26 12:30:00-05:00,41.905,41.91,41.895,41.9,2004
2017-01-26 12:35:00-05:00,41.89,41.9,41.88,41.9,2511
2017-01-26 12:40:00-05:00,41.9,41.9,41.88,41.89,5024
2017-01-26 12:45:00-05:00,41.895,41.9,41.885,41.9,1000
2017-01-26 12:50:00-05:00,41.9,41.9,41.88,41.88,7599
2017-01-26 12:55:00-05:00,41.88,41.885,41.87,41.875,4704
2017-01-26 13:00:00-05:00,41.875,41.885,41.86,41.885,5772
2017-01-26 13:05:00-05:00,41.88,41.9,41.88,41.89,7497
2017-01-26 13:10:00-05:00,41.895,41.905,41.88,41.905,9480
2017-01-26 13:15:00-05:00,41.905,41.905,41.89,41.89,6535
2017-01-26 13:20:00-05:00,41.89,41.895,41.88,41.88,1838
2017-01-26 13:25:00-05:00,41.89,41.9,41.87,41.9,1954
2017-01-26 13:30:00-05:00,41.9,41.9,41.89,41.9,3657
2017-01-26 13:35:00-05:00,41.9,41.91,41.885,41.885,5137
2017-01-26 13:40:00-05:00,41.88,41.9,41.875,41.89,1712
2017-01-26 13:45:00-05:00,41.89,41.895,41.885,41.895,3589
2017-01-26 13:50:00-05:00,41.9,41.905,41.885,41.89,4736
2017-01-26 13:55:00-05:00,41.9,41.915,41.89,41.9,11363
2017-01-26 14:00:00-05:00,41.89,41.89,41.86,41.87,3521
2017-01-26 14:05:00-05:00,41.87,41.87,41.855,41.855,4562
2017-01-26 14:10:00-05:00,41.855,41.87,41.855,41.86,5148
2017-01-26 14:15:00-05:00,41.865,41.87,41.86,41.87,6773
2017-01-26 14:20:00-05:00,41.865,41.87,41.85,41.87,8905
2017-01-26 14:25:00-05:00,41.87,41.88,41.865,41.875,5007
2017-01-26 14:30:00-05:00,41.87,41.885,41.87,41.885,3115
2017-01-26 14:35:00-05:00,41.89,41.9,41.89,41.9,5239
2017-01-26 14:40:00-05:00,41.9,41.9,41.87,41.88,4534
2017-01-26 14:45:00-05:00,41.87,41.87,41.86,41.865,5645
2017-01-26 14:50:00-05:00,41.86,41.875,41.86,41.86,1901
2017-01-26 14:55:00-05:00,41.87,41.87,41.85,41.85,3475
2017-01-26 15:00:00-05:00,41.85,41.87,41.85,41.86,2848
2017-01-26 15:05:00-05:00,41.865,41.865,41.845,41.845,6158
2017-01-26 15:10:00-05:00,41.85,41.87,41.845,41.845,11540
2017-01-26 15:15:00-05:00,41.86,41.86,41.85,41.85,8143
2017-01-26 15:20:00-05:00,41.84,41.87,41.84,41.87,3805
2017-01-26 15:25:00-05:00,41.87,41.88,41.87,41.88,1621
2017-01-26 15:30:00-05:00,41.88,41.88,41.86,41.86,6163
2017-01-26 15:35:00-05:00,41.865,41.865,41.835,41.855,8472
2017-01-26 15:40:00-05:00,41.86,41.86,41.83,41.84,9699
2017-01-26 15:45:00-05:00,41.85,41.865,41.82,41.825,16530
2017-01-26 15:50:00-05:00,41.82,41.84,41.8,41.835,28926
2017-01-26 15:55:00-05:00,41.84,41.84,41.795,41.81,32662
2017-01-27 09:30:00-05:00,41.91,41.95,41.77,41.815,3649
2017-01-27 09:35:00-05:00,41.8,41.81,41.735,41.735,2652
2017-01-27 09:40:00-05:00,41.73,41.74,41.705,41.735,2823
2017-01-27 09:45:00-05:00,41.745,41.755,41.73,41.73,2586
2017-01-27 09:50:00-05:00,41.73,41.74,41.68,41.69,2649
2017-01-27 09:55:00-05:00,41.695,41.695,41.66,41.675,2965
2017-01-27 10:00:00-05:00,41.705,41.705,41.65,41.65,3508
2017-01-27 10:05:00-05:00,41.64,41.64,41.58,41.585,1873
2017-01-27 10:10:00-05:00,41.62,41.63,41.58,41.595,4907
2017-01-27 10:15:00-05:00,41.595,41.645,41.595,41.645,43864
2017-01-27 10:20:00-05:00,41.64,41.645,41.625,41.63,3300
2017-01-27 10:25:00-05:00,41.635,41.665,41.6,41.62,13580
2017-01-27 10:30:00-05:00,41.62,41.63,41.61,41.63,5717
2017-01-27 10:35:00-05:00,41.63,41.64,41.605,41.61,10807
2017-01-27 10:40:00-05:00,41.62,41.66,41.605,41.64,9729
2017-01-27 10:45:00-05:00,41.645,41.65,41.635,41.635,2694
2017-01-27 10:50:00-05:00,41.64,41.69,41.625,41.685,4035
2017-01-27 10:55:00-05:00,41.69,41.69,41.665,41.67,4298
2017-01-27 11:00:00-05:00,41.67,41.67,41.64,41.65,5101
2017-01-27 11:05:00-05:00,41.64,41.65,41.63,41.63,4402
2017-01-27 11:10:00-05:00,41.635,41.665,41.63,41.665,9489
2017-01-27 11:15:00-05:00,41.67,41.71,41.67,41.7,6438
2017-01-27 11:20:00-05:00,41.69,41.72,41.685,41.71,5494
2017-01-27 11:25:00-05:00,41.705,41.705,41.66,41.68,6101
2017-01-27 11:30:00-05:00,41.685,41.71,41.68,41.705,8019
2017-01-27 11:35:00-05:00,41.705,41.71,41.695,41.7,22637
2017-01-27 11:40:00-05:00,41.71,41.71,41.705,41.71,4659
2017-01-27 11:45:00-05:00,41.7,41.705,41.67,41.67,7714
2017-01-27 11:50:00-05:00,41.68,41.69,41.67,41.67,4252
2017-01-27 11:55:00-05:00,41.68,41.71,41.68,41.71,7619
2017-01-27 12:00:00-05:00,41.7,41.715,41.695,41.715,7055
2017-01-27 12:05:00-05:00,41.715,41.72,41.69,41.69,7415
2017-01-27 12:10:00-05:00,41.68,41.69,41.67,41.67,5737
2017-01-27 12:15:00-05:00,41.675,41.71,41.675,41.7,16061
2017-01-27 12:20:00-05:00,41.69,41.725,41.69,41.705,11319
2017-01-27 12:25:00-05:00,41.71,41.74,41.705,41.715,4165
2017-01-27 12:30:00-05:00,41.715,41.73,41.695,41.7,4792
2017-01-27 12:35:00-05:00,41.695,41.71,41.695,41.71,3263
2017-01-27 12:40:00-05:00,41.7,41.7,41.68,41.685,5770
2017-01-27 12:45:00-05:00,41.685,41.685,41.685,41.685,1824
2017-01-27 12:50:00-05:00,41.685,41.69,41.665,41.665,3932
2017-01-27 12:55:00-05:00,41.68,41.69,41.67,41.67,3594
2017-01-27 13:00:00-05:00,41.68,41.68,41.645,41.645,2202
2017-01-27 13:05:00-05:00,41.645,41.645,41.625,41.64,1805
2017-01-27 13:10:00-05:00,41.64,41.645,41.63,41.635,5638
2017-01-27 13:15:00-05:00,41.64,41.67,41.635,41.67,6996
2017-01-27 13:20:00-05:00,41.67,41.675,41.67,41.675,1069
2017-01-27 13:25:00-05:00,41.675,41.685,41.63,41.63,8241
2017-01-27 13:30:00-05:00,41.61,41.61,41.59,41.59,14633
2017-01-27 13:35:00-05:00,41.59,41.605,41.58,41.58,4757
2017-01-27 13:40:00-05:00,41.59,41.595,41.57,41.58,4285
2017-01-27 13:45:00-05:00,41.59,41.59,41.565,41.565,3053
2017-01-27 13:50:00-05:00,41.56,41.57,41.55,41.55,4392
2017-01-27 13:55:00-05:00,41.56,41.56,41.54,41.545,6840
2017-01-27 14:00:00-05:00,41.54,41.555,41.53,41.555,12329
2017-01-27 14:05:00-05:00,41.56,41.56,41.52,41.52,5700
2017-01-27 14:10:00-05:00,41.52,41.53,41.51,41.515,7483
2017-01-27 14:15:00-05:00,41.52,41.52,41.5,41.5,4698
2017-01-27 14:20:00-05:00,41.505,41.505,41.49,41.49,21068
2017-01-27 14:25:00-05:00,41.495,41.5,41.48,41.485,18856
2017-01-27 14:30:00-05:00,41.48,41.53,41.48,41.525,15316
2017-01-27 14:35:00-05:00,41.525,41.56,41.525,41.555,8626
2017-01-27 14:40:00-05:00,41.56,41.565,41.545,41.545,12770
2017-01-27 14:45:00-05:00,41.54,41.56,41.525,41.545,61860
2017-01-27 14:50:00-05:00,41.545,41.545,41.53,41.53,14017
2017-01-27 14:55:00-05:00,41.53,41.545,41.52,41.545,41717
2017-01-27 15:00:00-05:00,41.54,41.545,41.515,41.52,19915
2017-01-27 15:05:00-05:00,41.53,41.53,41.51,41.51,13276
2017-01-27 15:10:00-05:00,41.51,41.51,41.485,41.49,13016
2017-01-27 15:15:00-05:00,41.49,41.51,41.49,41.495,23057
2017-01-27 15:20:00-05:00,41.5,41.51,41.495,41.495,31434
2017-01-27 15:25:00-05:00,41.49,41.5,41.465,41.47,25026
2017-01-27 15:30:00-05:00,41.46,41.48,41.44,41.46,27953
2017-01-27 15:35:00-05:00,41.46,41.47,41.44,41.455,68444
2017-01-27 15:40:00-05:00,41.455,41.47,41.44,41.46,41948
2017-01-27 15:45:00-05:00,41.455,41.475,41.445,41.455,59746
2017-01-27 15:50:00-05:00,41.455,41.465,41.43,41.445,45828
2017-01-27 15:55:00-05:00,41.45,41.48,41.44,41.45,103356
2017-01-31 09:30:00-05:00,41.37,41.49,41.37,41.425,2848
2017-01-31 09:35:00-05:00,41.45,41.49,41.43,41.43,4968
2017-01-31 09:40:00-05:00,41.44,41.5,41.43,41.47,4390
2017-01-31 09:45:00-05:00,41.48,41.51,41.45,41.5,9278
2017-01-31 09:50:00-05:00,41.5,41.5,41.47,41.49,5004
2017-01-31 09:55:00-05:00,41.48,41.49,41.45,41.46,5305
2017-01-31 10:00:00-05:00,41.485,41.485,41.47,41.48,4410
2017-01-31 10:05:00-05:00,41.48,41.49,41.47,41.485,5547
2017-01-31 10:10:00-05:00,41.49,41.5,41.485,41.5,2605
2017-01-31 10:15:00-05:00,41.495,41.5,41.48,41.49,9412
2017-01-31 10:20:00-05:00,41.485,41.485,41.44,41.445,7904
2017-01-31 10:25:00-05:00,41.45,41.48,41.45,41.48,2321
2017-01-31 10:30:00-05:00,41.48,41.48,41.45,41.46,7449
2017-01-31 10:35:00-05:00,41.46,41.48,41.44,41.47,8988
2017-01-31 10:40:00-05:00,41.47,41.47,41.435,41.45,6701
2017-01-31 10:45:00-05:00,41.46,41.48,41.45,41.48,7777
2017-01-31 10:50:00-05:00,41.48,41.49,41.475,41.475,4426
2017-01-31 10:55:00-05:00,41.48,41.495,41.47,41.485,4195
2017-01-31 11:00:00-05:00,41.48,41.535,41.48,41.535,5447
2017-01-31 11:05:00-05:00,41.53,41.56,41.52,41.55,9884
2017-01-31 11:10:00-05:00,41.55,41.56,41.545,41.56,1524
2017-01-31 11:15:00-05:00,41.555,41.585,41.555,41.575,7477
2017-01-31 11:20:00-05:00,41.575,41.585,41.57,41.58,5057
2017-01-31 11:25:00-05:00,41.58,41.58,41.545,41.55,3374
2017-01-31 11:30:00-05:00,41.56,41.595,41.56,41.57,10037
2017-01-31 11:35:00-05:00,41.57,41.61,41.56,41.605,5906
2017-01-31 11:40:00-05:00,41.61,41.61,41.6,41.605,1872
2017-01-31 11:45:00-05:00,41.605,41.61,41.59,41.61,5837
2017-01-31 11:50:00-05:00,41.615,41.62,41.6,41.6,8280
2017-01-31 11:55:00-05:00,41.6,41.6,41.58,41.59,8291
2017-01-31 12:00:00-05:00,41.6,41.61,41.595,41.595,4012
2017-01-31 12:05:00-05:00,41.595,41.61,41.585,41.585,8003
2017-01-31 12:10:00-05:00,41.58,41.595,41.58,41.59,2719
2017-01-31 12:15:00-05:00,41.59,41.6,41.58,41.59,3234
2017-01-31 12:20:00-05:00,41.6,41.615,41.6,41.615,7280
2017-01-31 12:25:00-05:00,41.615,41.625,41.615,41.62,7950
2017-01-31 12:30:00-05:00,41.63,41.64,41.63,41.635,2425
2017-01-31 12:35:00-05:00,41.64,41.645,41.62,41.63,9121
2017-01-31 12:40:00-05:00,41.63,41.68,41.63,41.66,5372
2017-01-31 12:45:00-05:00,41.65,41.68,41.65,41.68,3875
2017-01-31 12:50:00-05:00,41.67,41.68,41.65,41.665,10139
2017-01-31 12:55:00-05:00,41.66,41.67,41.65,41.665,3593
2017-01-31 13:00:00-05:00,41.665,41.665,41.64,41.65,4293
2017-01-31 13:05:00-05:00,41.645,41.65,41.64,41.645,1210
2017-01-31 13:10:00-05:00,41.64,41.645,41.59,41.6,8211
2017-01-31 13:15:00-05:00,41.6,41.615,41.6,41.605,3000
2017-01-31 13:20:00-05:00,41.605,41.63,41.605,41.625,3629
2017-01-31 13:25:00-05:00,41.63,41.63,41.62,41.63,1001
2017-01-31 13:30:00-05:00,41.63,41.63,41.62,41.62,1701
2017-01-31 13:35:00-05:00,41.62,41.62,41.61,41.615,1900
2017-01-31 13:40:00-05:00,41.61,41.615,41.61,41.61,3725
2017-01-31 13:45:00-05:00,41.62,41.625,41.58,41.585,7454
2017-01-31 13:50:00-05:00,41.585,41.585,41.555,41.56,5730
2017-01-31 13:55:00-05:00,41.56,41.575,41.56,41.575,7632
2017-01-31 14:00:00-05:00,41.57,41.58,41.555,41.56,5766
2017-01-31 14:05:00-05:00,41.56,41.59,41.56,41.59,6208
2017-01-31 14:10:00-05:00,41.59,41.6,41.58,41.58,6750
2017-01-31 14:15:00-05:00,41.575,41.58,41.57,41.575,5035
2017-01-31 14:20:00-05:00,41.575,41.59,41.575,41.585,26538
2017-01-31 14:25:00-05:00,41.585,41.59,41.555,41.57,22255
2017-01-31 14:30:00-05:00,41.575,41.58,41.57,41.57,2077
2017-01-31 14:35:00-05:00,41.58,41.58,41.56,41.57,8629
2017-01-31 14:40:00-05:00,41.565,41.58,41.56,41.58,15607
2017-01-31 14:45:00-05:00,41.57,41.575,41.555,41.57,12081
2017-01-31 14:50:00-05:00,41.56,41.57,41.56,41.57,8010
2017-01-31 14:55:00-05:00,41.57,41.575,41.56,41.56,11048
2017-01-31 15:00:00-05:00,41.57,41.575,41.555,41.565,12100
2017-01-31 15:05:00-05:00,41.56,41.575,41.55,41.56,10312
2017-01-31 15:10:00-05:00,41.56,41.58,41.55,41.58,15785
2017-01-31 15:15:00-05:00,41.575,41.58,41.55,41.55,7685
2017-01-31 15:20:00-05:00,41.55,41.57,41.55,41.56,3755
2017-01-31 15:25:00-05:00,41.56,41.565,41.53,41.53,8376
2017-01-31 15:30:00-05:00,41.53,41.57,41.53,41.555,13248
2017-01-31 15:35:00-05:00,41.555,41.56,41.53,41.56,7785
2017-01-31 15:40:00-05:00,41.56,41.57,41.54,41.555,19116
2017-01-31 15:45:00-05:00,41.56,41.58,41.545,41.555,32028
2017-01-31 15:50:00-05:00,41.555,41.56,41.54,41.545,21959
2017-01-31 15:55:00-05:00,41.55,41.58,41.54,41.58,76402
2017-02-01 14:50:00-05:00,41.38,41.4,41.38,41.395,5512
2017-02-01 14:55:00-05:00,41.4,41.4,41.37,41.395,6216
2017-02-01 15:00:00-05:00,41.4,41.42,41.4,41.405,12893
2017-02-01 15:05:00-05:00,41.41,41.42,41.39,41.39,8092
2017-02-01 15:10:00-05:00,41.4,41.41,41.385,41.385,10448
2017-02-01 15:15:00-05:00,41.395,41.42,41.395,41.41,6567
2017-02-01 15:20:00-05:00,41.41,41.43,41.41,41.42,6713
2017-02-01 15:25:00-05:00,41.425,41.435,41.41,41.435,13327
2017-02-01 15:30:00-05:00,41.43,41.445,41.415,41.425,11343
2017-02-01 15:35:00-05:00,41.425,41.43,41.41,41.43,7097
2017-02-01 15:40:00-05:00,41.435,41.44,41.42,41.425,8425
2017-02-01 15:45:00-05:00,41.42,41.42,41.36,41.37,14597
2017-02-01 15:50:00-05:00,41.36,41.365,41.325,41.325,20039
2017-02-01 15:55:00-05:00,41.33,41.35,41.25,41.26,63731
2017-02-02 09:30:00-05:00,41.41,41.41,41.26,41.29,5610
2017-02-02 09:35:00-05:00,41.29,41.42,41.28,41.42,2795
2017-02-02 09:40:00-05:00,41.4,41.45,41.38,41.43,3554
2017-02-02 09:45:00-05:00,41.43,41.475,41.4,41.42,2868
2017-02-02 09:50:00-05:00,41.41,41.44,41.405,41.405,734
2017-02-02 09:55:00-05:00,41.41,41.41,41.365,41.365,3251
2017-02-02 10:00:00-05:00,41.375,41.38,41.33,41.38,2857
2017-02-02 10:05:00-05:00,41.38,41.38,41.34,41.34,4094
2017-02-02 10:10:00-05:00,41.34,41.35,41.295,41.3,8004
2017-02-02 10:15:00-05:00,41.305,41.32,41.3,41.32,7669
2017-02-02 10:20:00-05:00,41.32,41.355,41.32,41.34,6856
2017-02-02 10:25:00-05:00,41.35,41.365,41.33,41.33,2156
2017-02-02 10:30:00-05:00,41.33,41.33,41.3,41.3,2283
2017-02-02 10:35:00-05:00,41.3,41.31,41.29,41.29,1275
2017-02-02 10:40:00-05:00,41.3,41.305,41.285,41.29,2150
2017-02-02 10:45:00-05:00,41.3,41.365,41.3,41.365,11190
2017-02-02 10:50:00-05:00,41.37,41.375,41.33,41.35,4528
2017-02-02 10:55:00-05:00,41.35,41.365,41.34,41.35,13634
2017-02-02 11:00:00-05:00,41.35,41.385,41.35,41.375,9405
2017-02-02 11:05:00-05:00,41.375,41.405,41.365,41.4,9447
2017-02-02 11:10:00-05:00,41.39,41.405,41.37,41.4,3207
2017-02-02 11:15:00-05:00,41.4,41.41,41.39,41.41,2060
2017-02-02 11:20:00-05:00,41.44,41.445,41.425,41.435,2743
2017-02-02 11:25:00-05:00,41.435,41.44,41.425,41.435,4355
2017-02-02 11:30:00-05:00,41.435,41.445,41.415,41.42,3472
2017-02-02 11:35:00-05:00,41.42,41.42,41.39,41.39,2058
2017-02-02 11:40:00-05:00,41.38,41.415,41.38,41.39,4604
2017-02-02 11:45:00-05:00,41.4,41.415,41.39,41.4,4411
2017-02-02 11:50:00-05:00,41.38,41.385,41.37,41.37,1803
2017-02-02 11:55:00-05:00,41.37,41.39,41.36,41.36,2848
2017-02-02 12:00:00-05:00,41.375,41.41,41.37,41.41,1406
2017-02-02 12:05:00-05:00,41.42,41.42,41.4,41.405,1940
2017-02-02 12:10:00-05:00,41.4,41.4,41.34,41.36,4629
2017-02-02 12:15:00-05:00,41.36,41.39,41.36,41.39,2409
2017-02-02 12:20:00-05:00,41.4,41.415,41.4,41.4,2338
2017-02-02 12:25:00-05:00,41.37,41.39,41.37,41.38,1635
2017-02-02 12:30:00-05:00,41.38,41.41,41.38,41.4,2831
2017-02-02 12:35:00-05:00,41.4,41.4,41.39,41.395,1100
2017-02-02 12:40:00-05:00,41.4,41.415,41.395,41.41,4106
2017-02-02 12:45:00-05:00,41.415,41.435,41.41,41.435,1408
2017-02-02 12:50:00-05:00,41.44,41.45,41.43,41.445,2315
2017-02-02 12:55:00-05:00,41.455,41.475,41.45,41.475,2095
2017-02-02 13:00:00-05:00,41.47,41.475,41.45,41.455,1724
2017-02-02 13:05:00-05:00,41.45,41.46,41.445,41.46,4144
2017-02-02 13:10:00-05:00,41.45,41.455,41.44,41.445,2400
2017-02-02 13:15:00-05:00,41.44,41.44,41.43,41.43,1656
2017-02-02 13:20:00-05:00,41.425,41.425,41.41,41.42,1127
2017-02-02 13:25:00-05:00,41.41,41.42,41.4,41.41,2139
2017-02-02 13:30:00-05:00,41.41,41.41,41.4,41.405,1610
2017-02-02 13:35:00-05:00,41.405,41.43,41.39,41.42,3366
2017-02-02 13:40:00-05:00,41.425,41.45,41.42,41.445,7087
2017-02-02 13:45:00-05:00,41.445,41.45,41.425,41.435,27049
2017-02-02 13:50:00-05:00,41.44,41.44,41.43,41.435,5557
2017-02-02 13:55:00-05:00,41.44,41.45,41.435,41.44,7521
2017-02-02 14:00:00-05:00,41.44,41.445,41.43,41.43,11020
2017-02-02 14:05:00-05:00,41.435,41.445,41.435,41.44,15848
2017-02-02 14:10:00-05:00,41.445,41.45,41.41,41.415,8900
2017-02-02 14:15:00-05:00,41.42,41.43,41.41,41.415,9835
2017-02-02 14:20:00-05:00,41.41,41.41,41.36,41.37,3997
2017-02-02 14:25:00-05:00,41.36,41.38,41.35,41.38,2641
2017-02-02 14:30:00-05:00,41.38,41.38,41.365,41.375,1617
2017-02-02 14:35:00-05:00,41.385,41.41,41.38,41.39,2462
2017-02-02 14:40:00-05:00,41.39,41.39,41.375,41.38,1964
2017-02-02 14:45:00-05:00,41.375,41.375,41.355,41.365,5716
2017-02-02 14:50:00-05:00,41.36,41.395,41.36,41.395,1927
2017-02-02 14:55:00-05:00,41.395,41.41,41.395,41.395,2209
2017-02-02 15:00:00-05:00,41.39,41.4,41.39,41.395,2675
2017-02-02 15:05:00-05:00,41.395,41.43,41.395,41.42,6086
2017-02-02 15:10:00-05:00,41.415,41.44,41.415,41.42,4100
2017-02-02 15:15:00-05:00,41.43,41.445,41.415,41.445,4666
2017-02-02 15:20:00-05:00,41.445,41.47,41.44,41.44,6756
2017-02-02 15:25:00-05:00,41.44,41.455,41.44,41.455,4342
2017-02-02 15:30:00-05:00,41.46,41.48,41.46,41.47,5884
2017-02-02 15:35:00-05:00,41.47,41.49,41.46,41.46,16221
2017-02-02 15:40:00-05:00,41.47,41.49,41.47,41.48,14939
2017-02-02 15:45:00-05:00,41.48,41.485,41.4,41.4,20258
2017-02-02 15:50:00-05:00,41.4,41.41,41.36,41.37,15880
2017-02-02 15:55:00-05:00,41.37,41.41,41.3,41.4,84437
2017-02-03 09:30:00-05:00,41.59,41.61,41.5,41.5,2012
2017-02-03 09:35:00-05:00,41.505,41.575,41.505,41.54,2691
2017-02-03 09:40:00-05:00,41.55,41.55,41.5,41.5,4200
2017-02-03 09:45:00-05:00,41.49,41.53,41.47,41.52,9203
2017-02-03 09:50:00-05:00,41.53,41.53,41.47,41.47,7723
2017-02-03 09:55:00-05:00,41.475,41.505,41.475,41.505,2187
2017-02-03 10:00:00-05:00,41.52,41.58,41.5,41.58,3869
2017-02-03 10:05:00-05:00,41.57,41.61,41.57,41.61,3417
2017-02-03 10:10:00-05:00,41.61,41.7,41.61,41.7,3224
2017-02-03 10:15:00-05:00,41.7,41.745,41.7,41.735,3235
2017-02-03 10:20:00-05:00,41.73,41.75,41.73,41.74,3099
2017-02-03 10:25:00-05:00,41.735,41.75,41.73,41.745,2915
2017-02-03 10:30:00-05:00,41.75,41.75,41.685,41.7,13325
2017-02-03 10:35:00-05:00,41.71,41.71,41.68,41.68,3284
2017-02-03 10:40:00-05:00,41.7,41.71,41.69,41.69,3403
2017-02-03 10:45:00-05:00,41.69,41.695,41.66,41.685,8280
2017-02-03 10:50:00-05:00,41.69,41.71,41.67,41.67,8278
2017-02-03 10:55:00-05:00,41.7,41.7,41.65,41.65,3193
2017-02-03 11:00:00-05:00,41.66,41.681,41.66,41.68,3336
2017-02-03 11:05:00-05:00,41.675,41.695,41.67,41.675,3693
2017-02-03 11:10:00-05:00,41.68,41.7,41.675,41.69,6119
2017-02-03 11:15:00-05:00,41.69,41.69,41.655,41.66,4934
2017-02-03 11:20:00-05:00,41.66,41.69,41.65,41.655,5762
2017-02-03 11:25:00-05:00,41.645,41.66,41.64,41.645,1359
2017-02-03 11:30:00-05:00,41.65,41.65,41.58,41.59,8943
2017-02-03 11:35:00-05:00,41.58,41.59,41.565,41.565,1389
2017-02-03 11:40:00-05:00,41.565,41.645,41.55,41.64,16623
2017-02-03 11:45:00-05:00,41.645,41.69,41.625,41.69,2172
2017-02-03 11:50:00-05:00,41.685,41.721,41.685,41.721,4156
2017-02-03 11:55:00-05:00,41.73,41.73,41.715,41.715,3011
2017-02-03 12:00:00-05:00,41.715,41.735,41.715,41.735,6382
2017-02-03 12:05:00-05:00,41.73,41.765,41.73,41.745,14900
2017-02-03 12:10:00-05:00,41.745,41.775,41.73,41.775,31081
2017-02-03 12:15:00-05:00,41.775,41.78,41.75,41.75,2502
2017-02-03 12:20:00-05:00,41.735,41.76,41.725,41.755,3200
2017-02-03 12:25:00-05:00,41.77,41.79,41.76,41.765,5566
2017-02-03 12:30:00-05:00,41.76,41.785,41.76,41.775,3390
2017-02-03 12:35:00-05:00,41.765,41.77,41.76,41.765,2640
2017-02-03 12:40:00-05:00,41.77,41.78,41.765,41.775,2136
2017-02-03 12:45:00-05:00,41.77,41.77,41.74,41.74,2000
2017-02-03 12:50:00-05:00,41.74,41.75,41.74,41.74,1300
2017-02-03 12:55:00-05:00,41.74,41.74,41.73,41.73,3136
2017-02-03 13:00:00-05:00,41.73,41.74,41.73,41.74,2068
2017-02-03 13:05:00-05:00,41.73,41.74,41.725,41.735,6652
2017-02-03 13:10:00-05:00,41.735,41.74,41.73,41.74,2700
2017-02-03 13:15:00-05:00,41.74,41.74,41.73,41.74,4566
2017-02-03 13:20:00-05:00,41.73,41.745,41.73,41.745,1606
2017-02-03 13:25:00-05:00,41.75,41.765,41.75,41.755,4377
2017-02-03 13:30:00-05:00,41.76,41.77,41.75,41.765,2611
2017-02-03 13:35:00-05:00,41.76,41.76,41.735,41.76,4062
2017-02-03 13:40:00-05:00,41.75,41.765,41.75,41.765,6056
2017-02-03 13:45:00-05:00,41.76,41.77,41.76,41.77,2024
2017-02-03 13:50:00-05:00,41.77,41.78,41.755,41.765,3338
2017-02-03 13:55:00-05:00,41.76,41.77,41.75,41.75,3820
2017-02-03 14:00:00-05:00,41.75,41.755,41.74,41.745,1872
2017-02-03 14:05:00-05:00,41.75,41.76,41.73,41.76,9515
2017-02-03 14:10:00-05:00,41.76,41.77,41.76,41.76,4271
2017-02-03 14:15:00-05:00,41.761,41.78,41.75,41.75,3225
2017-02-03 14:20:00-05:00,41.745,41.76,41.74,41.755,3858
2017-02-03 14:25:00-05:00,41.75,41.75,41.74,41.74,3053
2017-02-03 14:30:00-05:00,41.74,41.76,41.74,41.75,2823
2017-02-03 14:35:00-05:00,41.75,41.75,41.72,41.725,2371
2017-02-03 14:40:00-05:00,41.72,41.72,41.69,41.7,4438
2017-02-03 14:45:00-05:00,41.695,41.71,41.69,41.7,4724
2017-02-03 14:50:00-05:00,41.7,41.7,41.68,41.68,2202
2017-02-03 14:55:00-05:00,41.68,41.685,41.68,41.68,2538
2017-02-03 15:00:00-05:00,41.68,41.69,41.67,41.67,3627
2017-02-03 15:05:00-05:00,41.68,41.71,41.68,41.701,7543
2017-02-03 15:10:00-05:00,41.71,41.71,41.69,41.695,6730
2017-02-03 15:15:00-05:00,41.7,41.705,41.69,41.69,6460
2017-02-03 15:20:00-05:00,41.69,41.69,41.655,41.655,5852
2017-02-03 15:25:00-05:00,41.65,41.651,41.62,41.62,7774
2017-02-03 15:30:00-05:00,41.62,41.64,41.61,41.64,11763
2017-02-03 15:35:00-05:00,41.645,41.645,41.625,41.63,14483
2017-02-03 15:40:00-05:00,41.62,41.63,41.61,41.62,21449
2017-02-03 15:45:00-05:00,41.61,41.61,41.54,41.55,28084
2017-02-03 15:50:00-05:00,41.55,41.575,41.53,41.56,23378
2017-02-03 15:55:00-05:00,41.55,41.555,41.51,41.53,52820
2017-02-06 09:30:00-05:00,41.5,41.52,41.45,41.505,5668
2017-02-06 09:35:00-05:00,41.495,41.495,41.41,41.42,3477
2017-02-06 09:40:00-05:00,41.42,41.51,41.41,41.5,4356
2017-02-06 09:45:00-05:00,41.51,41.55,41.51,41.515,8874
2017-02-06 09:50:00-05:00,41.52,41.52,41.465,41.51,6247
2017-02-06 09:55:00-05:00,41.51,41.53,41.45,41.48,8851
2017-02-06 10:00:00-05:00,41.48,41.48,41.43,41.45,7907
2017-02-06 10:05:00-05:00,41.455,41.46,41.41,41.415,5654
2017-02-06 10:10:00-05:00,41.41,41.455,41.41,41.44,8534
2017-02-06 10:15:00-05:00,41.45,41.45,41.41,41.43,9780
2017-02-06 10:20:00-05:00,41.43,41.45,41.43,41.45,8624
2017-02-06 10:25:00-05:00,41.44,41.465,41.44,41.465,10335
2017-02-06 10:30:00-05:00,41.47,41.485,41.45,41.48,10024
2017-02-06 10:35:00-05:00,41.49,41.52,41.49,41.5,4095
2017-02-06 10:40:00-05:00,41.5,41.53,41.5,41.52,5464
2017-02-06 10:45:00-05:00,41.52,41.52,41.44,41.44,6881
2017-02-06 10:50:00-05:00,41.45,41.47,41.45,41.46,4031
2017-02-06 10:55:00-05:00,41.47,41.5,41.46,41.48,14682
2017-02-06 11:00:00-05:00,41.48,41.541,41.48,41.541,11006
2017-02-06 11:05:00-05:00,41.54,41.57,41.53,41.55,6384
2017-02-06 11:10:00-05:00,41.54,41.56,41.535,41.56,3200
2017-02-06 11:15:00-05:00,41.545,41.55,41.525,41.54,4682
2017-02-06 11:20:00-05:00,41.54,41.54,41.53,41.53,3247
2017-02-06 11:25:00-05:00,41.53,41.53,41.49,41.505,7183
2017-02-06 11:30:00-05:00,41.515,41.53,41.51,41.52,7947
2017-02-06 11:35:00-05:00,41.525,41.54,41.52,41.53,5999
2017-02-06 11:40:00-05:00,41.54,41.6,41.52,41.59,7205
2017-02-06 11:45:00-05:00,41.59,41.6,41.55,41.56,12275
2017-02-06 11:50:00-05:00,41.55,41.571,41.54,41.545,5442
2017-02-06 11:55:00-05:00,41.545,41.55,41.54,41.545,6878
2017-02-06 12:00:00-05:00,41.545,41.57,41.54,41.565,11941
2017-02-06 12:05:00-05:00,41.565,41.57,41.55,41.565,9469
2017-02-06 12:10:00-05:00,41.555,41.56,41.55,41.56,6680
2017-02-06 12:15:00-05:00,41.555,41.565,41.54,41.545,10390
2017-02-06 12:20:00-05:00,41.55,41.575,41.54,41.56,9071
2017-02-06 12:25:00-05:00,41.57,41.59,41.57,41.59,5924
2017-02-06 12:30:00-05:00,41.59,41.59,41.56,41.56,3619
2017-02-06 12:35:00-05:00,41.561,41.58,41.56,41.575,6242
2017-02-06 12:40:00-05:00,41.58,41.59,41.565,41.58,6024
2017-02-06 12:45:00-05:00,41.58,41.59,41.57,41.59,5369
2017-02-06 12:50:00-05:00,41.58,41.61,41.58,41.6,3127
2017-02-06 12:55:00-05:00,41.61,41.61,41.57,41.57,5182
2017-02-06 13:00:00-05:00,41.575,41.6,41.575,41.58,3762
2017-02-06 13:05:00-05:00,41.58,41.6,41.58,41.6,2024
2017-02-06 13:10:00-05:00,41.6,41.61,41.59,41.59,3099
2017-02-06 13:15:00-05:00,41.59,41.6,41.575,41.575,8643
2017-02-06 13:20:00-05:00,41.57,41.58,41.56,41.56,4321
2017-02-06 13:25:00-05:00,41.56,41.57,41.55,41.56,4129
2017-02-06 13:30:00-05:00,41.55,41.55,41.54,41.545,3263
2017-02-06 13:35:00-05:00,41.55,41.55,41.51,41.515,5303
2017-02-06 13:40:00-05:00,41.52,41.57,41.515,41.565,6229
2017-02-06 13:45:00-05:00,41.56,41.56,41.52,41.53,5498
2017-02-06 13:50:00-05:00,41.53,41.55,41.52,41.545,6104
2017-02-06 13:55:00-05:00,41.54,41.55,41.53,41.55,5752
2017-02-06 14:00:00-05:00,41.54,41.55,41.53,41.53,6222
2017-02-06 14:05:00-05:00,41.53,41.535,41.5,41.51,3459
2017-02-06 14:10:00-05:00,41.505,41.52,41.5,41.52,6339
2017-02-06 14:15:00-05:00,41.52,41.53,41.51,41.53,4293
2017-02-06 14:20:00-05:00,41.525,41.53,41.51,41.53,5542
2017-02-06 14:25:00-05:00,41.52,41.53,41.5,41.515,8772
2017-02-06 14:30:00-05:00,41.52,41.53,41.51,41.52,9134
2017-02-06 14:35:00-05:00,41.52,41.54,41.52,41.535,12556
2017-02-06 14:40:00-05:00,41.53,41.575,41.51,41.575,12085
2017-02-06 14:45:00-05:00,41.58,41.59,41.56,41.59,12015
2017-02-06 14:50:00-05:00,41.595,41.63,41.59,41.63,12460
2017-02-06 14:55:00-05:00,41.635,41.65,41.63,41.64,20157
2017-02-06 15:00:00-05:00,41.63,41.63,41.61,41.615,8612
2017-02-06 15:05:00-05:00,41.61,41.66,41.61,41.655,12308
2017-02-06 15:10:00-05:00,41.66,41.67,41.64,41.64,23689
2017-02-06 15:15:00-05:00,41.64,41.65,41.63,41.63,18907
2017-02-06 15:20:00-05:00,41.63,41.64,41.63,41.64,7573
2017-02-06 15:25:00-05:00,41.64,41.65,41.63,41.64,23309
2017-02-06 15:30:00-05:00,41.64,41.655,41.64,41.645,30582
2017-02-06 15:35:00-05:00,41.65,41.65,41.61,41.61,15030
2017-02-06 15:40:00-05:00,41.615,41.67,41.615,41.66,36297
2017-02-06 15:45:00-05:00,41.65,41.65,41.6,41.62,29158
2017-02-06 15:50:00-05:00,41.615,41.63,41.6,41.605,27895
2017-02-06 15:55:00-05:00,41.61,41.63,41.56,41.56,43086
2017-02-07 09:30:00-05:00,41.705,41.745,41.685,41.745,2860
2017-02-07 09:35:00-05:00,41.74,41.82,41.705,41.81,8286
2017-02-07 09:40:00-05:00,41.8,41.8,41.69,41.71,6474
2017-02-07 09:45:00-05:00,41.72,41.77,41.72,41.72,3718
2017-02-07 09:50:00-05:00,41.715,41.715,41.68,41.71,4548
2017-02-07 09:55:00-05:00,41.71,41.745,41.71,41.74,6784
2017-02-07 10:00:00-05:00,41.75,41.775,41.73,41.73,4920
2017-02-07 10:05:00-05:00,41.74,41.76,41.74,41.74,7205
2017-02-07 10:10:00-05:00,41.745,41.75,41.73,41.73,3698
2017-02-07 10:15:00-05:00,41.735,41.76,41.73,41.74,9129
2017-02-07 10:20:00-05:00,41.74,41.755,41.735,41.755,5858
2017-02-07 10:25:00-05:00,41.755,41.755,41.74,41.755,5268
2017-02-07 10:30:00-05:00,41.75,41.83,41.75,41.825,12297
2017-02-07 10:35:00-05:00,41.83,41.84,41.805,41.81,14111
2017-02-07 10:40:00-05:00,41.81,41.81,41.775,41.775,8739
2017-02-07 10:45:00-05:00,41.78,41.8,41.75,41.765,14011
2017-02-07 10:50:00-05:00,41.765,41.775,41.75,41.77,7172
2017-02-07 10:55:00-05:00,41.765,41.77,41.755,41.76,7000
2017-02-07 11:00:00-05:00,41.77,41.795,41.77,41.78,4726
2017-02-07 11:05:00-05:00,41.79,41.8,41.77,41.8,4870
2017-02-07 11:10:00-05:00,41.81,41.83,41.805,41.81,6014
2017-02-07 11:15:00-05:00,41.82,41.82,41.795,41.8,6359
2017-02-07 11:20:00-05:00,41.8,41.81,41.775,41.775,6921
2017-02-07 11:25:00-05:00,41.77,41.78,41.755,41.77,13045
2017-02-07 11:30:00-05:00,41.78,41.81,41.78,41.81,5843
2017-02-07 11:35:00-05:00,41.81,41.86,41.81,41.86,7912
2017-02-07 11:40:00-05:00,41.855,41.88,41.84,41.88,19233
2017-02-07 11:45:00-05:00,41.89,41.905,41.89,41.89,12057
2017-02-07 11:50:00-05:00,41.9,41.92,41.88,41.9,11750
2017-02-07 11:55:00-05:00,41.9,41.9,41.89,41.89,3579
2017-02-07 12:00:00-05:00,41.9,41.91,41.88,41.89,9326
2017-02-07 12:05:00-05:00,41.89,41.895,41.86,41.86,2850
2017-02-07 12:10:00-05:00,41.86,41.885,41.86,41.88,5578
2017-02-07 12:15:00-05:00,41.88,41.905,41.86,41.905,10019
2017-02-07 12:20:00-05:00,41.905,41.91,41.89,41.89,12766
2017-02-07 12:25:00-05:00,41.885,41.89,41.875,41.875,5600
2017-02-07 12:30:00-05:00,41.885,41.9,41.875,41.9,37052
2017-02-07 12:35:00-05:00,41.9,41.92,41.9,41.905,9288
2017-02-07 12:40:00-05:00,41.905,41.915,41.905,41.905,11010
2017-02-07 12:45:00-05:00,41.905,41.905,41.87,41.88,13158
2017-02-07 12:50:00-05:00,41.885,41.895,41.88,41.89,5558
2017-02-07 12:55:00-05:00,41.89,41.895,41.88,41.89,3996
2017-02-07 13:00:00-05:00,41.88,41.91,41.88,41.9,17455
2017-02-07 13:05:00-05:00,41.905,41.93,41.9,41.925,28765
2017-02-07 13:10:00-05:00,41.93,41.95,41.925,41.94,9744
2017-02-07 13:15:00-05:00,41.94,41.975,41.94,41.97,11657
2017-02-07 13:20:00-05:00,41.97,41.975,41.96,41.975,67236
2017-02-07 13:25:00-05:00,41.97,41.97,41.91,41.91,4013
2017-02-07 13:30:00-05:00,41.915,41.92,41.9,41.91,4755
2017-02-07 13:35:00-05:00,41.91,41.915,41.91,41.91,1403
2017-02-07 13:40:00-05:00,41.9,41.905,41.88,41.88,2647
2017-02-07 13:45:00-05:00,41.88,41.895,41.86,41.86,5864
2017-02-07 13:50:00-05:00,41.85,41.86,41.85,41.86,5276
2017-02-07 13:55:00-05:00,41.865,41.865,41.83,41.84,2531
2017-02-07 14:00:00-05:00,41.84,41.855,41.84,41.855,9763
2017-02-07 14:05:00-05:00,41.855,41.86,41.85,41.86,4778
2017-02-07 14:10:00-05:00,41.86,41.89,41.855,41.88,7457
2017-02-07 14:15:00-05:00,41.885,41.885,41.87,41.87,8236
2017-02-07 14:20:00-05:00,41.86,41.87,41.855,41.86,8379
2017-02-07 14:25:00-05:00,41.87,41.87,41.86,41.87,2033
2017-02-07 14:30:00-05:00,41.86,41.87,41.86,41.865,2752
2017-02-07 14:35:00-05:00,41.87,41.87,41.86,41.87,4976
2017-02-07 14:40:00-05:00,41.865,41.87,41.86,41.87,3116
2017-02-07 14:45:00-05:00,41.87,41.89,41.87,41.88,4833
2017-02-07 14:50:00-05:00,41.88,41.895,41.88,41.895,5372
2017-02-07 14:55:00-05:00,41.89,41.895,41.88,41.89,6570
2017-02-07 15:00:00-05:00,41.895,41.91,41.89,41.905,10163
2017-02-07 15:05:00-05:00,41.91,41.93,41.9,41.92,12255
2017-02-07 15:10:00-05:00,41.92,41.92,41.9,41.9,3503
2017-02-07 15:15:00-05:00,41.9,41.905,41.9,41.9,3713
2017-02-07 15:20:00-05:00,41.905,41.905,41.86,41.86,12016
2017-02-07 15:25:00-05:00,41.87,41.88,41.86,41.88,14871
2017-02-07 15:30:00-05:00,41.87,41.88,41.86,41.88,4663
2017-02-07 15:35:00-05:00,41.875,41.88,41.85,41.88,9183
2017-02-07 15:40:00-05:00,41.875,41.875,41.85,41.865,8248
2017-02-07 15:45:00-05:00,41.865,41.88,41.86,41.88,9100
2017-02-07 15:50:00-05:00,41.88,41.88,41.85,41.87,18622
2017-02-07 15:55:00-05:00,41.86,41.89,41.84,41.89,45442
2017-02-08 09:30:00-05:00,41.91,41.91,41.85,41.87,724
2017-02-08 09:35:00-05:00,41.93,41.97,41.91,41.935,2510
2017-02-08 09:40:00-05:00,41.94,41.98,41.93,41.945,3264
2017-02-08 09:45:00-05:00,41.97,42.07,41.96,42.06,15494
2017-02-08 09:50:00-05:00,42.06,42.13,42.02,42.085,10117
2017-02-08 09:55:00-05:00,42.085,42.14,42.085,42.11,6250
2017-02-08 10:00:00-05:00,42.1,42.13,42.095,42.11,9083
2017-02-08 10:05:00-05:00,42.1,42.11,42.01,42.02,8425
2017-02-08 10:10:00-05:00,42.02,42.05,41.99,41.99,6889
2017-02-08 10:15:00-05:00,42.0,42.03,41.98,41.98,5769
2017-02-08 10:20:00-05:00,41.99,42.0,41.96,41.975,9391
2017-02-08 10:25:00-05:00,41.97,42.0,41.97,41.975,7592
2017-02-08 10:30:00-05:00,41.99,41.99,41.965,41.975,63319
2017-02-08 10:35:00-05:00,41.97,41.98,41.95,41.955,16927
2017-02-08 10:40:00-05:00,41.955,42.0,41.95,42.0,10427
2017-02-08 10:45:00-05:00,41.99,42.0,41.955,41.96,17086
2017-02-08 10:50:00-05:00,41.955,41.98,41.945,41.96,154724
2017-02-08 10:55:00-05:00,41.96,41.995,41.93,41.99,12248
2017-02-08 11:00:00-05:00,41.99,42.05,41.99,42.02,10554
2017-02-08 11:05:00-05:00,42.01,42.02,42.0,42.01,11510
2017-02-08 11:10:00-05:00,42.0,42.03,42.0,42.03,13157
2017-02-08 11:15:00-05:00,42.03,42.045,42.02,42.04,4117
2017-02-08 11:20:00-05:00,42.04,42.04,42.0,42.01,31538
2017-02-08 11:25:00-05:00,42.015,42.04,42.01,42.03,4453
2017-02-08 11:30:00-05:00,42.03,42.03,41.98,42.03,6662
2017-02-08 11:35:00-05:00,42.035,42.04,41.97,41.97,4848
2017-02-08 11:40:00-05:00,41.98,41.99,41.95,41.96,7770
2017-02-08 11:45:00-05:00,41.96,41.96,41.94,41.94,4018
2017-02-08 11:50:00-05:00,41.94,41.95,41.92,41.925,4132
2017-02-08 11:55:00-05:00,41.92,41.93,41.9,41.93,8760
2017-02-08 12:00:00-05:00,41.93,41.945,41.93,41.93,15003
2017-02-08 12:05:00-05:00,41.94,41.96,41.93,41.96,4615
2017-02-08 12:10:00-05:00,41.975,41.975,41.95,41.96,4268
2017-02-08 12:15:00-05:00,41.96,41.97,41.95,41.97,3989
2017-02-08 12:20:00-05:00,41.995,41.995,41.98,41.98,2318
2017-02-08 12:25:00-05:00,41.985,42.04,41.985,42.01,12798
2017-02-08 12:30:00-05:00,42.0,42.01,42.0,42.0,10654
2017-02-08 12:35:00-05:00,42.0,42.01,42.0,42.0,12934
2017-02-08 12:40:00-05:00,41.99,42.005,41.99,42.005,2889
2017-02-08 12:45:00-05:00,42.005,42.025,41.99,41.99,5808
2017-02-08 12:50:00-05:00,41.99,42.0,41.98,41.99,3676
2017-02-08 12:55:00-05:00,41.985,41.99,41.965,41.99,5203
2017-02-08 13:00:00-05:00,41.985,41.99,41.955,41.96,6699
2017-02-08 13:05:00-05:00,41.96,41.98,41.95,41.97,5439
2017-02-08 13:10:00-05:00,41.975,41.99,41.975,41.975,6774
2017-02-08 13:15:00-05:00,41.98,42.0,41.97,41.97,7450
2017-02-08 13:20:00-05:00,41.97,41.97,41.95,41.955,5277
2017-02-08 13:25:00-05:00,41.96,41.97,41.95,41.955,7287
2017-02-08 13:30:00-05:00,41.955,42.0,41.95,41.98,6634
2017-02-08 13:35:00-05:00,41.98,41.99,41.97,41.99,4469
2017-02-08 13:40:00-05:00,41.98,41.98,41.96,41.96,26580
2017-02-08 13:45:00-05:00,41.96,41.97,41.96,41.965,4616
2017-02-08 13:50:00-05:00,41.965,41.97,41.96,41.96,3700
2017-02-08 13:55:00-05:00,41.96,41.97,41.96,41.965,3218
2017-02-08 14:00:00-05:00,41.96,41.97,41.96,41.97,6003
2017-02-08 14:05:00-05:00,41.96,41.97,41.955,41.97,18058
2017-02-08 14:10:00-05:00,41.97,41.97,41.955,41.96,12794
2017-02-08 14:15:00-05:00,41.95,41.97,41.945,41.965,5059
2017-02-08 14:20:00-05:00,41.965,41.975,41.96,41.97,4900
2017-02-08 14:25:00-05:00,41.97,41.98,41.96,41.965,20728
2017-02-08 14:30:00-05:00,41.96,41.98,41.96,41.97,14315
2017-02-08 14:35:00-05:00,41.965,41.975,41.94,41.94,11400
2017-02-08 14:40:00-05:00,41.94,41.96,41.94,41.945,13432
2017-02-08 14:45:00-05:00,41.945,41.965,41.92,41.96,7235
2017-02-08 14:50:00-05:00,41.965,41.97,41.95,41.97,6186
2017-02-08 14:55:00-05:00,41.965,41.97,41.955,41.96,9297
2017-02-08 15:00:00-05:00,41.96,41.97,41.94,41.95,15185
2017-02-08 15:05:00-05:00,41.96,41.965,41.95,41.955,10446
2017-02-08 15:10:00-05:00,41.955,41.96,41.95,41.955,8720
2017-02-08 15:15:00-05:00,41.96,41.96,41.94,41.95,13436
2017-02-08 15:20:00-05:00,41.95,41.97,41.94,41.97,18029
2017-02-08 15:25:00-05:00,41.97,41.97,41.96,41.96,15311
2017-02-08 15:30:00-05:00,41.965,41.98,41.965,41.98,8792
2017-02-08 15:35:00-05:00,41.975,41.98,41.96,41.965,16653
2017-02-08 15:40:00-05:00,41.97,41.985,41.96,41.985,12855
2017-02-08 15:45:00-05:00,41.99,41.995,41.97,41.985,23323
2017-02-08 15:50:00-05:00,41.985,42.0,41.985,42.0,32107
2017-02-08 15:55:00-05:00,41.99,42.02,41.965,42.02,56547
2017-02-09 08:50:00-05:00,41.24,41.24,41.23,41.24,300
2017-02-09 09:10:00-05:00,41.15,41.15,41.15,41.15,100
2017-02-09 09:30:00-05:00,41.52,41.67,40.93,40.94,41799
2017-02-09 09:35:00-05:00,40.95,41.02,40.82,40.86,61805
2017-02-09 09:40:00-05:00,40.86,40.87,40.72,40.755,36582
2017-02-09 09:45:00-05:00,40.74,41.03,40.73,40.96,48153
2017-02-09 09:50:00-05:00,40.96,41.06,40.92,40.97,24982
2017-02-09 09:55:00-05:00,40.96,41.02,40.95,41.02,12574
2017-02-09 10:00:00-05:00,41.03,41.175,41.025,41.11,19413
2017-02-09 10:05:00-05:00,41.11,41.25,41.1,41.18,22582
2017-02-09 10:10:00-05:00,41.16,41.16,40.955,40.96,9059
2017-02-09 10:15:00-05:00,40.955,41.05,40.955,40.985,16270
2017-02-09 10:20:00-05:00,40.985,41.095,40.965,41.095,14799
2017-02-09 10:25:00-05:00,41.09,41.145,41.07,41.07,5919
2017-02-09 10:30:00-05:00,41.07,41.14,41.05,41.135,5741
2017-02-09 10:35:00-05:00,41.135,41.23,41.135,41.2,11296
2017-02-09 10:40:00-05:00,41.185,41.2,41.15,41.15,12376
2017-02-09 10:45:00-05:00,41.135,41.135,41.07,41.07,4935
2017-02-09 10:50:00-05:00,41.075,41.085,41.05,41.085,4954
2017-02-09 10:55:00-05:00,41.11,41.13,41.08,41.11,5335
2017-02-09 11:00:00-05:00,41.1,41.16,41.1,41.145,60834
2017-02-09 11:05:00-05:00,41.145,41.15,41.09,41.09,14066
2017-02-09 11:10:00-05:00,41.09,41.125,41.085,41.11,11194
2017-02-09 11:15:00-05:00,41.11,41.18,41.09,41.18,10679
2017-02-09 11:20:00-05:00,41.18,41.22,41.175,41.18,10010
2017-02-09 11:25:00-05:00,41.18,41.22,41.18,41.22,11511
2017-02-09 11:30:00-05:00,41.21,41.22,41.18,41.195,13658
2017-02-09 11:35:00-05:00,41.2,41.2,41.135,41.135,24386
2017-02-09 11:40:00-05:00,41.135,41.16,41.135,41.15,4470
2017-02-09 11:45:00-05:00,41.15,41.16,41.095,41.11,10141
2017-02-09 11:50:00-05:00,41.105,41.105,41.09,41.09,4291
2017-02-09 11:55:00-05:00,41.09,41.09,41.05,41.07,6254
2017-02-09 12:00:00-05:00,41.08,41.08,41.02,41.02,12590
2017-02-09 12:05:00-05:00,41.03,41.05,41.01,41.03,26746
2017-02-09 12:10:00-05:00,41.03,41.06,41.02,41.04,5190
2017-02-09 12:15:00-05:00,41.04,41.04,41.02,41.02,6160
2017-02-09 12:20:00-05:00,41.02,41.04,41.02,41.025,10143
2017-02-09 12:25:00-05:00,41.025,41.04,41.02,41.03,8058
2017-02-09 12:30:00-05:00,41.03,41.08,41.03,41.05,5379
2017-02-09 12:35:00-05:00,41.05,41.06,41.03,41.03,2065
2017-02-09 12:40:00-05:00,41.03,41.03,41.005,41.02,3634
2017-02-09 12:45:00-05:00,41.02,41.05,41.01,41.05,5354
2017-02-09 12:50:00-05:00,41.05,41.055,41.03,41.03,4003
2017-02-09 12:55:00-05:00,41.03,41.045,41.02,41.02,3565
2017-02-09 13:00:00-05:00,41.015,41.02,41.01,41.015,1550
2017-02-09 13:05:00-05:00,41.01,41.01,40.98,40.995,6505
2017-02-09 13:10:00-05:00,41.0,41.04,40.99,40.99,3400
2017-02-09 13:15:00-05:00,41.0,41.01,40.97,40.97,2831
2017-02-09 13:20:00-05:00,40.965,40.965,40.96,40.965,2343
2017-02-09 13:25:00-05:00,40.96,40.995,40.96,40.985,5713
2017-02-09 13:30:00-05:00,40.985,40.99,40.97,40.975,2843
2017-02-09 13:35:00-05:00,40.98,40.98,40.955,40.96,3598
2017-02-09 13:40:00-05:00,40.955,40.98,40.955,40.98,3264
2017-02-09 13:45:00-05:00,40.97,40.97,40.95,40.96,3408
2017-02-09 13:50:00-05:00,40.96,40.98,40.95,40.98,6713
2017-02-09 13:55:00-05:00,40.98,40.995,40.98,40.98,6901
2017-02-09 14:00:00-05:00,40.975,40.985,40.97,40.98,2452
2017-02-09 14:05:00-05:00,40.98,41.02,40.98,41.02,16371
2017-02-09 14:10:00-05:00,41.02,41.04,41.01,41.035,13700
2017-02-09 14:15:00-05:00,41.05,41.065,41.02,41.025,4638
2017-02-09 14:20:00-05:00,41.03,41.05,41.03,41.045,7320
2017-02-09 14:25:00-05:00,41.05,41.06,41.04,41.045,6573
2017-02-09 14:30:00-05:00,41.04,41.05,41.01,41.01,29793
2017-02-09 14:35:00-05:00,41.015,41.08,41.01,41.08,15350
2017-02-09 14:40:00-05:00,41.095,41.12,41.085,41.085,5150
2017-02-09 14:45:00-05:00,41.09,41.12,41.09,41.12,14280
2017-02-09 14:50:00-05:00,41.11,41.17,41.11,41.13,10295
2017-02-09 14:55:00-05:00,41.13,41.14,41.12,41.12,9188
2017-02-09 15:00:00-05:00,41.12,41.12,41.085,41.085,11138
2017-02-09 15:05:00-05:00,41.1,41.16,41.1,41.135,22178
2017-02-09 15:10:00-05:00,41.135,41.22,41.135,41.195,30677
2017-02-09 15:15:00-05:00,41.2,41.235,41.19,41.23,40812
2017-02-09 15:20:00-05:00,41.22,41.27,41.21,41.25,10782
2017-02-09 15:25:00-05:00,41.25,41.27,41.24,41.24,9532
2017-02-09 15:30:00-05:00,41.25,41.27,41.225,41.24,20477
2017-02-09 15:35:00-05:00,41.24,41.295,41.24,41.28,23032
2017-02-09 15:40:00-05:00,41.29,41.29,41.24,41.255,26406
2017-02-09 15:45:00-05:00,41.26,41.3,41.26,41.28,34306
2017-02-09 15:50:00-05:00,41.275,41.32,41.27,41.28,39341
2017-02-09 15:55:00-05:00,41.285,41.34,41.23,41.245,128061
2017-02-10 09:30:00-05:00,41.0,41.19,41.0,41.03,6707
2017-02-10 09:35:00-05:00,41.02,41.025,40.91,41.0,13085
2017-02-10 09:40:00-05:00,40.99,41.0,40.89,40.89,29469
2017-02-10 09:45:00-05:00,40.88,40.905,40.85,40.875,46034
2017-02-10 09:50:00-05:00,40.875,40.94,40.87,40.94,35443
2017-02-10 09:55:00-05:00,40.945,40.97,40.91,40.97,22103
2017-02-10 10:00:00-05:00,40.985,41.07,40.985,41.04,10031
2017-02-10 10:05:00-05:00,41.03,41.06,41.01,41.025,11363
2017-02-10 10:10:00-05:00,41.03,41.04,41.01,41.04,6452
2017-02-10 10:15:00-05:00,41.035,41.06,40.995,41.02,11863
2017-02-10 10:20:00-05:00,41.025,41.055,40.99,41.055,9282
2017-02-10 10:25:00-05:00,41.05,41.06,41.0,41.025,10864
2017-02-10 10:30:00-05:00,41.02,41.04,40.97,40.97,7070
2017-02-10 10:35:00-05:00,40.96,41.0,40.95,41.0,6511
2017-02-10 10:40:00-05:00,41.0,41.0,40.94,40.95,6848
2017-02-10 10:45:00-05:00,40.96,40.975,40.92,40.92,7118
2017-02-10 10:50:00-05:00,40.91,40.945,40.91,40.94,6624
2017-02-10 10:55:00-05:00,40.945,40.945,40.91,40.915,7921
2017-02-10 11:00:00-05:00,40.92,40.925,40.9,40.91,9497
2017-02-10 11:05:00-05:00,40.92,40.925,40.91,40.91,9378
2017-02-10 11:10:00-05:00,40.91,40.92,40.9,40.9,17550
2017-02-10 11:15:00-05:00,40.905,40.92,40.9,40.92,27349
2017-02-10 11:20:00-05:00,40.92,40.92,40.9,40.915,7417
2017-02-10 11:25:00-05:00,40.91,40.925,40.89,40.89,17918
2017-02-10 11:30:00-05:00,40.885,40.9,40.88,40.89,9070
2017-02-10 11:35:00-05:00,40.9,40.91,40.885,40.9,10928
2017-02-10 11:40:00-05:00,40.905,40.91,40.89,40.895,9066
2017-02-10 11:45:00-05:00,40.9,40.91,40.895,40.9,10067
2017-02-10 11:50:00-05:00,40.9,40.91,40.89,40.89,6705
2017-02-10 11:55:00-05:00,40.89,40.9,40.885,40.9,7101
2017-02-10 12:00:00-05:00,40.89,40.9,40.88,40.89,10108
2017-02-10 12:05:00-05:00,40.89,40.895,40.87,40.87,10277
2017-02-10 12:10:00-05:00,40.86,40.87,40.85,40.855,8500
2017-02-10 12:15:00-05:00,40.855,40.86,40.81,40.81,26389
2017-02-10 12:20:00-05:00,40.81,40.83,40.81,40.82,22271
2017-02-10 12:25:00-05:00,40.83,40.85,40.82,40.835,8852
2017-02-10 12:30:00-05:00,40.83,40.87,40.83,40.87,9017
2017-02-10 12:35:00-05:00,40.87,40.875,40.845,40.865,19733
2017-02-10 12:40:00-05:00,40.86,40.86,40.845,40.86,8910
2017-02-10 12:45:00-05:00,40.86,40.86,40.85,40.855,5743
2017-02-10 12:50:00-05:00,40.855,40.86,40.85,40.855,12352
2017-02-10 12:55:00-05:00,40.855,40.86,40.84,40.845,8098
2017-02-10 13:00:00-05:00,40.84,40.85,40.84,40.845,1457
2017-02-10 13:05:00-05:00,40.845,40.85,40.83,40.835,10403
2017-02-10 13:10:00-05:00,40.835,40.84,40.78,40.78,14845
2017-02-10 13:15:00-05:00,40.79,40.81,40.79,40.805,9971
2017-02-10 13:20:00-05:00,40.8,40.81,40.79,40.8,10943
2017-02-10 13:25:00-05:00,40.8,40.8,40.78,40.79,3732
2017-02-10 13:30:00-05:00,40.785,40.79,40.77,40.77,5167
2017-02-10 13:35:00-05:00,40.78,40.785,40.75,40.76,13825
2017-02-10 13:40:00-05:00,40.76,40.785,40.75,40.78,6049
2017-02-10 13:45:00-05:00,40.78,40.79,40.77,40.78,7325
2017-02-10 13:50:00-05:00,40.78,40.78,40.73,40.745,7089
2017-02-10 13:55:00-05:00,40.75,40.75,40.725,40.73,5967
2017-02-10 14:00:00-05:00,40.725,40.75,40.725,40.745,15547
2017-02-10 14:05:00-05:00,40.745,40.75,40.73,40.75,5523
2017-02-10 14:10:00-05:00,40.75,40.75,40.74,40.74,12663
2017-02-10 14:15:00-05:00,40.745,40.75,40.715,40.725,15698
2017-02-10 14:20:00-05:00,40.725,40.725,40.7,40.72,11366
2017-02-10 14:25:00-05:00,40.71,40.725,40.69,40.69,8948
2017-02-10 14:30:00-05:00,40.7,40.715,40.695,40.695,7268
2017-02-10 14:35:00-05:00,40.7,40.7,40.69,40.695,9376
2017-02-10 14:40:00-05:00,40.69,40.7,40.635,40.645,23601
2017-02-10 14:45:00-05:00,40.65,40.655,40.62,40.62,14560
2017-02-10 14:50:00-05:00,40.63,40.63,40.59,40.61,17043
2017-02-10 14:55:00-05:00,40.605,40.63,40.59,40.59,20559
2017-02-10 15:00:00-05:00,40.59,40.605,40.58,40.59,13780
2017-02-10 15:05:00-05:00,40.59,40.605,40.56,40.59,16149
2017-02-10 15:10:00-05:00,40.6,40.61,40.59,40.59,17071
2017-02-10 15:15:00-05:00,40.59,40.61,40.55,40.575,22254
2017-02-10 15:20:00-05:00,40.58,40.62,40.58,40.62,11089
2017-02-10 15:25:00-05:00,40.62,40.64,40.6,40.64,18650
2017-02-10 15:30:00-05:00,40.64,40.675,40.635,40.67,28180
2017-02-10 15:35:00-05:00,40.675,40.7,40.66,40.7,68849
2017-02-10 15:40:00-05:00,40.7,40.7,40.69,40.7,17971
2017-02-10 15:45:00-05:00,40.695,40.72,40.68,40.68,56059
2017-02-10 15:50:00-05:00,40.685,40.69,40.62,40.63,35402
2017-02-10 15:55:00-05:00,40.63,40.635,40.56,40.565,120291
2017-02-13 09:30:00-05:00,40.82,40.82,40.611,40.65,4926
2017-02-13 09:35:00-05:00,40.67,40.715,40.62,40.62,7984
2017-02-13 09:40:00-05:00,40.6,40.64,40.57,40.59,14883
2017-02-13 09:45:00-05:00,40.59,40.61,40.57,40.59,14958
2017-02-13 09:50:00-05:00,40.59,40.61,40.58,40.59,15856
2017-02-13 09:55:00-05:00,40.59,40.6,40.58,40.585,8982
2017-02-13 10:00:00-05:00,40.59,40.59,40.55,40.55,11378
2017-02-13 10:05:00-05:00,40.555,40.59,40.55,40.58,13292
2017-02-13 10:10:00-05:00,40.58,40.59,40.575,40.59,7088
2017-02-13 10:15:00-05:00,40.59,40.6,40.55,40.55,7494
2017-02-13 10:20:00-05:00,40.555,40.59,40.55,40.57,7728
2017-02-13 10:25:00-05:00,40.57,40.595,40.55,40.58,39602
2017-02-13 10:30:00-05:00,40.59,40.655,40.59,40.65,9734
2017-02-13 10:35:00-05:00,40.66,40.67,40.62,40.64,6713
2017-02-13 10:40:00-05:00,40.65,40.7,40.65,40.69,8199
2017-02-13 10:45:00-05:00,40.685,40.7,40.665,40.691,10301
2017-02-13 10:50:00-05:00,40.685,40.69,40.66,40.68,38060
2017-02-13 10:55:00-05:00,40.68,40.685,40.67,40.675,10079
2017-02-13 11:00:00-05:00,40.675,40.69,40.67,40.68,12529
2017-02-13 11:05:00-05:00,40.68,40.68,40.67,40.68,5067
2017-02-13 11:10:00-05:00,40.675,40.69,40.675,40.68,10082
2017-02-13 11:15:00-05:00,40.685,40.69,40.64,40.67,17044
2017-02-13 11:20:00-05:00,40.67,40.67,40.66,40.67,2490
2017-02-13 11:25:00-05:00,40.67,40.67,40.62,40.62,6399
2017-02-13 11:30:00-05:00,40.62,40.685,40.62,40.68,12791
2017-02-13 11:35:00-05:00,40.675,40.69,40.67,40.68,13228
2017-02-13 11:40:00-05:00,40.675,40.68,40.63,40.64,8531
2017-02-13 11:45:00-05:00,40.645,40.68,40.645,40.67,14866
2017-02-13 11:50:00-05:00,40.66,40.67,40.635,40.64,6706
2017-02-13 11:55:00-05:00,40.65,40.65,40.605,40.605,4301
2017-02-13 12:00:00-05:00,40.6,40.64,40.595,40.635,12798
2017-02-13 12:05:00-05:00,40.635,40.645,40.63,40.64,5001
2017-02-13 12:10:00-05:00,40.63,40.64,40.61,40.61,5381
2017-02-13 12:15:00-05:00,40.61,40.61,40.59,40.6,4041
2017-02-13 12:20:00-05:00,40.6,40.6,40.59,40.59,7385
2017-02-13 12:25:00-05:00,40.595,40.6,40.57,40.585,4670
2017-02-13 12:30:00-05:00,40.58,40.595,40.57,40.57,11440
2017-02-13 12:35:00-05:00,40.57,40.59,40.56,40.58,7103
2017-02-13 12:40:00-05:00,40.58,40.59,40.55,40.55,7614
2017-02-13 12:45:00-05:00,40.55,40.58,40.535,40.54,5365
2017-02-13 12:50:00-05:00,40.54,40.55,40.53,40.545,6613
2017-02-13 12:55:00-05:00,40.54,40.555,40.54,40.545,12728
2017-02-13 13:00:00-05:00,40.545,40.56,40.52,40.55,17956
2017-02-13 13:05:00-05:00,40.55,40.55,40.52,40.525,5537
2017-02-13 13:10:00-05:00,40.52,40.555,40.52,40.555,4155
2017-02-13 13:15:00-05:00,40.56,40.56,40.54,40.55,8426
2017-02-13 13:20:00-05:00,40.55,40.57,40.54,40.55,9029
2017-02-13 13:25:00-05:00,40.555,40.565,40.53,40.53,11577
2017-02-13 13:30:00-05:00,40.53,40.56,40.515,40.56,8008
2017-02-13 13:35:00-05:00,40.56,40.59,40.53,40.54,22631
2017-02-13 13:40:00-05:00,40.55,40.58,40.545,40.545,6186
2017-02-13 13:45:00-05:00,40.545,40.555,40.51,40.52,11098
2017-02-13 13:50:00-05:00,40.52,40.55,40.515,40.545,4148
2017-02-13 13:55:00-05:00,40.55,40.55,40.54,40.55,2603
2017-02-13 14:00:00-05:00,40.55,40.555,40.53,40.54,12244
2017-02-13 14:05:00-05:00,40.545,40.55,40.5,40.525,33240
2017-02-13 14:10:00-05:00,40.53,40.535,40.521,40.53,11491
2017-02-13 14:15:00-05:00,40.53,40.54,40.515,40.54,6189
2017-02-13 14:20:00-05:00,40.54,40.6,40.535,40.595,10138
2017-02-13 14:25:00-05:00,40.6,40.61,40.54,40.555,13780
2017-02-13 14:30:00-05:00,40.555,40.58,40.53,40.57,11623
2017-02-13 14:35:00-05:00,40.575,40.58,40.57,40.57,19507
2017-02-13 14:40:00-05:00,40.57,40.575,40.55,40.57,11719
2017-02-13 14:45:00-05:00,40.575,40.6,40.575,40.6,3147
2017-02-13 14:50:00-05:00,40.6,40.61,40.585,40.585,4935
2017-02-13 14:55:00-05:00,40.585,40.6,40.585,40.6,4616
2017-02-13 15:00:00-05:00,40.6,40.615,40.59,40.59,12669
2017-02-13 15:05:00-05:00,40.59,40.62,40.59,40.61,16041
2017-02-13 15:10:00-05:00,40.61,40.61,40.59,40.6,8192
2017-02-13 15:15:00-05:00,40.59,40.61,40.59,40.595,11940
2017-02-13 15:20:00-05:00,40.59,40.615,40.59,40.615,22981
2017-02-13 15:25:00-05:00,40.61,40.61,40.565,40.58,16124
2017-02-13 15:30:00-05:00,40.58,40.61,40.57,40.595,11347
2017-02-13 15:35:00-05:00,40.6,40.61,40.595,40.61,12700
2017-02-13 15:40:00-05:00,40.605,40.61,40.6,40.6,23562
2017-02-13 15:45:00-05:00,40.61,40.61,40.58,40.585,27772
2017-02-13 15:50:00-05:00,40.59,40.59,40.57,40.585,29882
2017-02-13 15:55:00-05:00,40.59,40.61,40.57,40.61,48028
2017-02-14 09:30:00-05:00,40.35,40.46,40.35,40.46,27250
2017-02-14 09:35:00-05:00,40.47,40.56,40.455,40.545,14528
2017-02-14 09:40:00-05:00,40.535,40.555,40.52,40.52,12866
2017-02-14 09:45:00-05:00,40.525,40.55,40.48,40.545,20784
2017-02-14 09:50:00-05:00,40.55,40.55,40.525,40.525,16369
2017-02-14 09:55:00-05:00,40.52,40.575,40.52,40.575,16994
2017-02-14 10:00:00-05:00,40.58,40.6,40.49,40.505,21736
2017-02-14 10:05:00-05:00,40.5,40.5,40.46,40.465,18210
2017-02-14 10:10:00-05:00,40.465,40.49,40.43,40.44,29142
2017-02-14 10:15:00-05:00,40.44,40.47,40.44,40.45,9789
2017-02-14 10:20:00-05:00,40.45,40.49,40.44,40.485,17941
2017-02-14 10:25:00-05:00,40.49,40.5,40.48,40.5,19526
2017-02-14 10:30:00-05:00,40.5,40.5,40.45,40.46,20102
2017-02-14 10:35:00-05:00,40.46,40.47,40.42,40.43,20595
2017-02-14 10:40:00-05:00,40.43,40.43,40.405,40.41,19411
2017-02-14 10:45:00-05:00,40.41,40.43,40.39,40.43,12626
2017-02-14 10:50:00-05:00,40.43,40.43,40.395,40.41,22091
2017-02-14 10:55:00-05:00,40.405,40.43,40.405,40.43,17834
2017-02-14 11:00:00-05:00,40.43,40.43,40.4,40.42,17173
2017-02-14 11:05:00-05:00,40.42,40.43,40.395,40.41,28663
2017-02-14 11:10:00-05:00,40.415,40.42,40.41,40.41,16899
2017-02-14 11:15:00-05:00,40.405,40.43,40.4,40.43,9710
2017-02-14 11:20:00-05:00,40.43,40.44,40.41,40.43,14995
2017-02-14 11:25:00-05:00,40.43,40.445,40.42,40.435,11458
2017-02-14 11:30:00-05:00,40.43,40.435,40.39,40.4,32325
2017-02-14 11:35:00-05:00,40.395,40.4,40.39,40.395,14472
2017-02-14 11:40:00-05:00,40.395,40.4,40.37,40.38,29298
2017-02-14 11:45:00-05:00,40.38,40.405,40.36,40.365,12723
2017-02-14 11:50:00-05:00,40.36,40.37,40.35,40.36,20941
2017-02-14 11:55:00-05:00,40.355,40.4,40.355,40.395,30183
2017-02-14 12:00:00-05:00,40.4,40.405,40.375,40.375,19748
2017-02-14 12:05:00-05:00,40.38,40.38,40.37,40.38,16328
2017-02-14 12:10:00-05:00,40.375,40.375,40.35,40.36,13774
2017-02-14 12:15:00-05:00,40.36,40.37,40.35,40.355,23702
2017-02-14 12:20:00-05:00,40.355,40.355,40.33,40.345,19521
2017-02-14 12:25:00-05:00,40.345,40.345,40.325,40.325,5626
2017-02-14 12:30:00-05:00,40.32,40.35,40.32,40.33,24090
2017-02-14 12:35:00-05:00,40.33,40.34,40.31,40.34,12362
2017-02-14 12:40:00-05:00,40.34,40.34,40.31,40.315,17407
2017-02-14 12:45:00-05:00,40.31,40.38,40.31,40.37,20610
2017-02-14 12:50:00-05:00,40.375,40.43,40.37,40.405,29637
2017-02-14 12:55:00-05:00,40.4,40.405,40.38,40.39,17294
2017-02-14 13:00:00-05:00,40.39,40.41,40.39,40.4,29912
2017-02-14 13:05:00-05:00,40.4,40.47,40.4,40.45,28587
2017-02-14 13:10:00-05:00,40.44,40.44,40.41,40.42,12800
2017-02-14 13:15:00-05:00,40.415,40.415,40.37,40.37,17494
2017-02-14 13:20:00-05:00,40.38,40.38,40.34,40.35,10869
2017-02-14 13:25:00-05:00,40.35,40.35,40.33,40.35,23219
2017-02-14 13:30:00-05:00,40.35,40.36,40.32,40.325,12883
2017-02-14 13:35:00-05:00,40.33,40.34,40.315,40.315,23644
2017-02-14 13:40:00-05:00,40.32,40.38,40.32,40.36,17056
2017-02-14 13:45:00-05:00,40.365,40.37,40.35,40.355,14359
2017-02-14 13:50:00-05:00,40.355,40.355,40.325,40.34,19511
2017-02-14 13:55:00-05:00,40.34,40.37,40.335,40.35,45686
2017-02-14 14:00:00-05:00,40.35,40.36,40.34,40.35,18917
2017-02-14 14:05:00-05:00,40.35,40.35,40.34,40.35,19856
2017-02-14 14:10:00-05:00,40.345,40.35,40.305,40.31,22204
2017-02-14 14:15:00-05:00,40.31,40.33,40.31,40.33,11142
2017-02-14 14:20:00-05:00,40.33,40.35,40.32,40.345,37580
2017-02-14 14:25:00-05:00,40.345,40.35,40.31,40.31,15036
2017-02-14 14:30:00-05:00,40.32,40.32,40.28,40.285,32652
2017-02-14 14:35:00-05:00,40.28,40.28,40.26,40.26,15672
2017-02-14 14:40:00-05:00,40.265,40.27,40.225,40.23,28346
2017-02-14 14:45:00-05:00,40.235,40.265,40.22,40.265,30073
2017-02-14 14:50:00-05:00,40.27,40.28,40.24,40.245,14916
2017-02-14 14:55:00-05:00,40.245,40.26,40.23,40.255,74039
2017-02-14 15:00:00-05:00,40.255,40.295,40.255,40.29,54337
2017-02-14 15:05:00-05:00,40.285,40.31,40.275,40.275,43467
2017-02-14 15:10:00-05:00,40.28,40.31,40.27,40.27,16198
2017-02-14 15:15:00-05:00,40.28,40.3,40.27,40.3,20505
2017-02-14 15:20:00-05:00,40.3,40.32,40.295,40.3,17357
2017-02-14 15:25:00-05:00,40.3,40.33,40.29,40.325,39887
2017-02-14 15:30:00-05:00,40.32,40.34,40.29,40.295,81670
2017-02-14 15:35:00-05:00,40.3,40.32,40.29,40.31,44270
2017-02-14 15:40:00-05:00,40.3,40.33,40.3,40.33,41398
2017-02-14 15:45:00-05:00,40.33,40.39,40.33,40.38,97780
2017-02-14 15:50:00-05:00,40.375,40.41,40.355,40.4,117308
2017-02-14 15:55:00-05:00,40.405,40.53,40.4,40.52,117289
2017-02-15 09:30:00-05:00,40.43,40.49,40.41,40.44,5922
2017-02-15 09:35:00-05:00,40.45,40.5,40.44,40.45,2317
2017-02-15 09:40:00-05:00,40.445,40.48,40.42,40.42,10913
2017-02-15 09:45:00-05:00,40.43,40.52,40.43,40.46,6180
2017-02-15 09:50:00-05:00,40.47,40.48,40.4,40.425,11659
2017-02-15 09:55:00-05:00,40.435,40.5,40.435,40.5,7761
2017-02-15 10:00:00-05:00,40.495,40.52,40.49,40.51,16478
2017-02-15 10:05:00-05:00,40.5,40.51,40.435,40.45,23221
2017-02-15 10:10:00-05:00,40.45,40.49,40.43,40.485,12592
2017-02-15 10:15:00-05:00,40.485,40.515,40.48,40.48,14389
2017-02-15 10:20:00-05:00,40.485,40.51,40.46,40.485,15762
2017-02-15 10:25:00-05:00,40.485,40.49,40.46,40.475,8111
2017-02-15 10:30:00-05:00,40.475,40.49,40.47,40.475,4813
2017-02-15 10:35:00-05:00,40.475,40.51,40.46,40.5,14280
2017-02-15 10:40:00-05:00,40.495,40.51,40.49,40.51,20925
2017-02-15 10:45:00-05:00,40.51,40.515,40.485,40.495,17423
2017-02-15 10:50:00-05:00,40.495,40.5,40.475,40.5,15956
2017-02-15 10:55:00-05:00,40.495,40.5,40.465,40.47,15543
2017-02-15 11:00:00-05:00,40.48,40.5,40.47,40.495,9498
2017-02-15 11:05:00-05:00,40.495,40.57,40.49,40.57,16128
2017-02-15 11:10:00-05:00,40.57,40.625,40.57,40.62,14053
2017-02-15 11:15:00-05:00,40.62,40.62,40.59,40.6,15300
2017-02-15 11:20:00-05:00,40.595,40.62,40.59,40.61,9466
2017-02-15 11:25:00-05:00,40.61,40.61,40.58,40.595,10234
2017-02-15 11:30:00-05:00,40.6,40.615,40.59,40.6,7695
2017-02-15 11:35:00-05:00,40.6,40.6,40.58,40.59,12872
2017-02-15 11:40:00-05:00,40.59,40.6,40.58,40.595,9894
2017-02-15 11:45:00-05:00,40.6,40.6,40.58,40.58,17655
2017-02-15 11:50:00-05:00,40.59,40.59,40.58,40.59,4065
2017-02-15 11:55:00-05:00,40.59,40.59,40.54,40.55,8709
2017-02-15 12:00:00-05:00,40.55,40.555,40.525,40.54,16158
2017-02-15 12:05:00-05:00,40.55,40.565,40.54,40.54,6873
2017-02-15 12:10:00-05:00,40.55,40.56,40.55,40.555,6918
2017-02-15 12:15:00-05:00,40.55,40.59,40.55,40.59,8713
2017-02-15 12:20:00-05:00,40.59,40.6,40.58,40.59,10559
2017-02-15 12:25:00-05:00,40.595,40.6,40.56,40.56,7065
2017-02-15 12:30:00-05:00,40.56,40.575,40.55,40.55,9099
2017-02-15 12:35:00-05:00,40.55,40.6,40.55,40.59,6471
2017-02-15 12:40:00-05:00,40.58,40.61,40.57,40.59,10203
2017-02-15 12:45:00-05:00,40.595,40.595,40.57,40.57,90081
2017-02-15 12:50:00-05:00,40.57,40.57,40.55,40.56,13110
2017-02-15 12:55:00-05:00,40.56,40.58,40.55,40.58,51529
2017-02-15 13:00:00-05:00,40.58,40.595,40.55,40.57,45212
2017-02-15 13:05:00-05:00,40.57,40.57,40.55,40.565,24147
2017-02-15 13:10:00-05:00,40.57,40.57,40.53,40.54,5364
2017-02-15 13:15:00-05:00,40.53,40.54,40.49,40.5,22615
2017-02-15 13:20:00-05:00,40.5,40.5,40.49,40.5,10243
2017-02-15 13:25:00-05:00,40.5,40.53,40.5,40.52,6134
2017-02-15 13:30:00-05:00,40.52,40.53,40.51,40.51,15254
2017-02-15 13:35:00-05:00,40.51,40.525,40.505,40.515,16932
2017-02-15 13:40:00-05:00,40.515,40.525,40.49,40.495,14508
2017-02-15 13:45:00-05:00,40.495,40.5,40.48,40.48,3963
2017-02-15 13:50:00-05:00,40.48,40.525,40.48,40.52,15766
2017-02-15 13:55:00-05:00,40.52,40.535,40.52,40.525,4393
2017-02-15 14:00:00-05:00,40.53,40.545,40.525,40.525,40796
2017-02-15 14:05:00-05:00,40.525,40.55,40.525,40.545,28408
2017-02-15 14:10:00-05:00,40.545,40.55,40.525,40.535,26242
2017-02-15 14:15:00-05:00,40.535,40.54,40.51,40.52,12076
2017-02-15 14:20:00-05:00,40.52,40.53,40.515,40.52,25247
2017-02-15 14:25:00-05:00,40.53,40.53,40.51,40.515,10907
2017-02-15 14:30:00-05:00,40.52,40.53,40.52,40.525,10307
2017-02-15 14:35:00-05:00,40.53,40.54,40.5,40.51,16552
2017-02-15 14:40:00-05:00,40.515,40.53,40.51,40.52,20533
2017-02-15 14:45:00-05:00,40.52,40.52,40.495,40.505,9588
2017-02-15 14:50:00-05:00,40.515,40.52,40.5,40.52,19101
2017-02-15 14:55:00-05:00,40.52,40.52,40.51,40.52,30658
2017-02-15 15:00:00-05:00,40.52,40.54,40.51,40.52,22848
2017-02-15 15:05:00-05:00,40.52,40.525,40.495,40.52,11795
2017-02-15 15:10:00-05:00,40.51,40.53,40.51,40.525,16706
2017-02-15 15:15:00-05:00,40.53,40.54,40.52,40.54,25358
2017-02-15 15:20:00-05:00,40.54,40.55,40.53,40.54,24029
2017-02-15 15:25:00-05:00,40.54,40.55,40.53,40.54,26070
2017-02-15 15:30:00-05:00,40.54,40.55,40.525,40.545,19266
2017-02-15 15:35:00-05:00,40.545,40.55,40.53,40.54,12114
2017-02-15 15:40:00-05:00,40.54,40.56,40.54,40.55,29834
2017-02-15 15:45:00-05:00,40.55,40.555,40.52,40.52,29443
2017-02-15 15:50:00-05:00,40.525,40.54,40.52,40.52,26272
2017-02-15 15:55:00-05:00,40.53,40.53,40.43,40.45,117314
2017-02-16 09:30:00-05:00,40.57,40.64,40.54,40.63,2435
2017-02-16 09:35:00-05:00,40.64,40.685,40.64,40.65,4560
2017-02-16 09:40:00-05:00,40.63,40.67,40.63,40.64,4953
2017-02-16 09:45:00-05:00,40.63,40.65,40.53,40.55,7960
2017-02-16 09:50:00-05:00,40.58,40.63,40.58,40.63,6008
2017-02-16 09:55:00-05:00,40.63,40.73,40.625,40.73,6685
2017-02-16 10:00:00-05:00,40.725,40.74,40.7,40.73,6878
2017-02-16 10:05:00-05:00,40.73,40.735,40.7,40.735,20210
2017-02-16 10:10:00-05:00,40.735,40.77,40.73,40.76,16842
2017-02-16 10:15:00-05:00,40.75,40.77,40.725,40.745,11494
2017-02-16 10:20:00-05:00,40.74,40.795,40.73,40.76,19740
2017-02-16 10:25:00-05:00,40.76,40.79,40.75,40.79,5477
2017-02-16 10:30:00-05:00,40.79,40.84,40.78,40.84,14138
2017-02-16 10:35:00-05:00,40.85,40.91,40.85,40.875,19268
2017-02-16 10:40:00-05:00,40.88,40.905,40.88,40.89,17699
2017-02-16 10:45:00-05:00,40.89,40.91,40.89,40.91,23656
2017-02-16 10:50:00-05:00,40.905,40.96,40.895,40.915,19655
2017-02-16 10:55:00-05:00,40.915,40.96,40.885,40.96,51619
2017-02-16 11:00:00-05:00,40.95,40.98,40.92,40.98,23641
2017-02-16 11:05:00-05:00,40.98,41.08,40.98,41.08,20431
2017-02-16 11:10:00-05:00,41.07,41.08,41.0,41.05,26802
2017-02-16 11:15:00-05:00,41.055,41.07,41.04,41.045,14433
2017-02-16 11:20:00-05:00,41.045,41.075,41.015,41.07,27538
2017-02-16 11:25:00-05:00,41.06,41.075,41.05,41.065,14949
2017-02-16 11:30:00-05:00,41.065,41.085,41.05,41.055,15220
2017-02-16 11:35:00-05:00,41.06,41.065,41.04,41.04,12188
2017-02-16 11:40:00-05:00,41.045,41.06,41.015,41.06,20551
2017-02-16 11:45:00-05:00,41.07,41.08,41.05,41.075,13058
2017-02-16 11:50:00-05:00,41.08,41.13,41.07,41.115,17097
2017-02-16 11:55:00-05:00,41.12,41.155,41.12,41.15,7960
2017-02-16 12:00:00-05:00,41.14,41.145,41.11,41.12,6128
2017-02-16 12:05:00-05:00,41.12,41.135,41.11,41.12,6352
2017-02-16 12:10:00-05:00,41.13,41.145,41.125,41.14,8459
2017-02-16 12:15:00-05:00,41.135,41.165,41.135,41.16,4463
2017-02-16 12:20:00-05:00,41.16,41.18,41.14,41.145,6732
2017-02-16 12:25:00-05:00,41.16,41.165,41.15,41.155,6500
2017-02-16 12:30:00-05:00,41.155,41.16,41.12,41.12,9717
2017-02-16 12:35:00-05:00,41.115,41.16,41.115,41.155,6047
2017-02-16 12:40:00-05:00,41.15,41.155,41.14,41.155,5743
2017-02-16 12:45:00-05:00,41.16,41.17,41.15,41.17,10035
2017-02-16 12:50:00-05:00,41.165,41.195,41.16,41.195,18965
2017-02-16 12:55:00-05:00,41.195,41.22,41.195,41.22,28375
2017-02-16 13:00:00-05:00,41.225,41.26,41.22,41.25,16116
2017-02-16 13:05:00-05:00,41.255,41.255,41.22,41.245,18171
2017-02-16 13:10:00-05:00,41.25,41.26,41.22,41.22,15882
2017-02-16 13:15:00-05:00,41.215,41.23,41.2,41.23,6563
2017-02-16 13:20:00-05:00,41.225,41.265,41.225,41.255,8746
2017-02-16 13:25:00-05:00,41.25,41.265,41.245,41.26,7141
2017-02-16 13:30:00-05:00,41.26,41.265,41.2,41.2,12460
2017-02-16 13:35:00-05:00,41.2,41.21,41.185,41.21,13398
2017-02-16 13:40:00-05:00,41.22,41.23,41.2,41.205,7801
2017-02-16 13:45:00-05:00,41.2,41.23,41.2,41.225,11549
2017-02-16 13:50:00-05:00,41.235,41.28,41.235,41.24,15445
2017-02-16 13:55:00-05:00,41.23,41.24,41.22,41.225,9032
2017-02-16 14:00:00-05:00,41.23,41.245,41.22,41.225,6388
2017-02-16 14:05:00-05:00,41.225,41.23,41.22,41.23,6760
2017-02-16 14:10:00-05:00,41.225,41.24,41.21,41.23,19601
2017-02-16 14:15:00-05:00,41.23,41.23,41.195,41.205,16785
2017-02-16 14:20:00-05:00,41.205,41.22,41.195,41.205,9960
2017-02-16 14:25:00-05:00,41.205,41.215,41.2,41.215,7874
2017-02-16 14:30:00-05:00,41.215,41.22,41.195,41.2,13500
2017-02-16 14:35:00-05:00,41.19,41.195,41.18,41.18,7124
2017-02-16 14:40:00-05:00,41.185,41.2,41.17,41.175,15276
2017-02-16 14:45:00-05:00,41.175,41.2,41.17,41.19,8212
2017-02-16 14:50:00-05:00,41.195,41.2,41.175,41.185,13845
2017-02-16 14:55:00-05:00,41.19,41.195,41.17,41.185,20834
2017-02-16 15:00:00-05:00,41.18,41.2,41.18,41.195,12702
2017-02-16 15:05:00-05:00,41.195,41.21,41.175,41.175,528691
2017-02-16 15:10:00-05:00,41.175,41.2,41.175,41.18,10706
2017-02-16 15:15:00-05:00,41.185,41.19,41.17,41.19,19707
2017-02-16 15:20:00-05:00,41.185,41.19,41.13,41.145,25141
2017-02-16 15:25:00-05:00,41.15,41.16,41.135,41.145,9868
2017-02-16 15:30:00-05:00,41.15,41.175,41.15,41.175,17306
2017-02-16 15:35:00-05:00,41.175,41.18,41.16,41.17,23230
2017-02-16 15:40:00-05:00,41.17,41.2,41.16,41.195,21429
2017-02-16 15:45:00-05:00,41.2,41.2,41.18,41.19,31738
2017-02-16 15:50:00-05:00,41.19,41.23,41.185,41.2,53776
2017-02-16 15:55:00-05:00,41.2,41.22,41.19,41.2,88699
2017-02-21 09:30:00-05:00,41.22,41.4,41.22,41.32,8930
2017-02-21 09:35:00-05:00,41.34,41.42,41.335,41.35,8180
2017-02-21 09:40:00-05:00,41.36,41.36,41.325,41.33,5970
2017-02-21 09:45:00-05:00,41.325,41.38,41.315,41.35,23885
2017-02-21 09:50:00-05:00,41.35,41.39,41.33,41.39,13987
2017-02-21 09:55:00-05:00,41.39,41.42,41.39,41.405,8251
2017-02-21 10:00:00-05:00,41.41,41.41,41.37,41.39,6221
2017-02-21 10:05:00-05:00,41.4,41.42,41.38,41.41,5795
2017-02-21 10:10:00-05:00,41.41,41.44,41.4,41.4,7942
2017-02-21 10:15:00-05:00,41.395,41.45,41.395,41.44,11737
2017-02-21 10:20:00-05:00,41.44,41.455,41.43,41.44,13957
2017-02-21 10:25:00-05:00,41.435,41.445,41.42,41.42,6892
2017-02-21 10:30:00-05:00,41.41,41.435,41.4,41.4,5854
2017-02-21 10:35:00-05:00,41.405,41.44,41.39,41.39,7957
2017-02-21 10:40:00-05:00,41.39,41.4,41.37,41.37,16179
2017-02-21 10:45:00-05:00,41.37,41.405,41.37,41.405,11409
2017-02-21 10:50:00-05:00,41.41,41.43,41.41,41.42,8003
2017-02-21 10:55:00-05:00,41.42,41.42,41.39,41.4,8359
2017-02-21 11:00:00-05:00,41.39,41.39,41.35,41.36,6410
2017-02-21 11:05:00-05:00,41.35,41.36,41.34,41.35,6285
2017-02-21 11:10:00-05:00,41.355,41.36,41.34,41.355,5174
2017-02-21 11:15:00-05:00,41.355,41.365,41.34,41.36,3488
2017-02-21 11:20:00-05:00,41.35,41.36,41.295,41.3,4870
2017-02-21 11:25:00-05:00,41.295,41.32,41.29,41.32,9045
2017-02-21 11:30:00-05:00,41.31,41.32,41.291,41.315,5319
2017-02-21 11:35:00-05:00,41.31,41.31,41.28,41.3,3104
2017-02-21 11:40:00-05:00,41.305,41.33,41.3,41.325,2101
2017-02-21 11:45:00-05:00,41.32,41.33,41.31,41.32,5156
2017-02-21 11:50:00-05:00,41.33,41.33,41.31,41.31,3519
2017-02-21 11:55:00-05:00,41.311,41.315,41.3,41.315,4152
2017-02-21 12:00:00-05:00,41.315,41.33,41.3,41.32,4299
2017-02-21 12:05:00-05:00,41.32,41.34,41.32,41.32,3329
2017-02-21 12:10:00-05:00,41.32,41.33,41.32,41.32,3630
2017-02-21 12:15:00-05:00,41.32,41.32,41.3,41.315,1860
2017-02-21 12:20:00-05:00,41.31,41.32,41.301,41.301,3401
2017-02-21 12:25:00-05:00,41.31,41.345,41.31,41.33,7223
2017-02-21 12:30:00-05:00,41.33,41.34,41.32,41.325,5173
2017-02-21 12:35:00-05:00,41.33,41.34,41.33,41.331,2605
2017-02-21 12:40:00-05:00,41.32,41.35,41.32,41.35,2208
2017-02-21 12:45:00-05:00,41.34,41.35,41.32,41.325,2540
2017-02-21 12:50:00-05:00,41.33,41.34,41.33,41.34,5064
2017-02-21 12:55:00-05:00,41.335,41.36,41.33,41.345,9939
2017-02-21 13:00:00-05:00,41.345,41.36,41.34,41.36,3898
2017-02-21 13:05:00-05:00,41.37,41.37,41.36,41.36,2842
2017-02-21 13:10:00-05:00,41.36,41.365,41.35,41.36,4493
2017-02-21 13:15:00-05:00,41.36,41.38,41.36,41.375,2866
2017-02-21 13:20:00-05:00,41.38,41.38,41.345,41.35,5796
2017-02-21 13:25:00-05:00,41.35,41.36,41.33,41.34,16427
2017-02-21 13:30:00-05:00,41.34,41.34,41.31,41.31,8416
2017-02-21 13:35:00-05:00,41.31,41.32,41.31,41.315,3194
2017-02-21 13:40:00-05:00,41.31,41.31,41.27,41.305,8214
2017-02-21 13:45:00-05:00,41.3,41.32,41.295,41.315,6639
2017-02-21 13:50:00-05:00,41.32,41.32,41.295,41.31,6720
2017-02-21 13:55:00-05:00,41.31,41.32,41.3,41.32,8620
2017-02-21 14:00:00-05:00,41.315,41.33,41.31,41.315,9232
2017-02-21 14:05:00-05:00,41.31,41.315,41.29,41.305,10915
2017-02-21 14:10:00-05:00,41.31,41.31,41.295,41.295,12699
2017-02-21 14:15:00-05:00,41.29,41.3,41.275,41.29,9574
2017-02-21 14:20:00-05:00,41.29,41.31,41.29,41.295,6555
2017-02-21 14:25:00-05:00,41.29,41.3,41.285,41.3,5882
2017-02-21 14:30:00-05:00,41.295,41.31,41.285,41.31,13582
2017-02-21 14:35:00-05:00,41.31,41.33,41.31,41.325,9262
2017-02-21 14:40:00-05:00,41.32,41.325,41.31,41.32,7847
2017-02-21 14:45:00-05:00,41.33,41.345,41.32,41.33,8370
2017-02-21 14:50:00-05:00,41.33,41.355,41.33,41.35,6794
2017-02-21 14:55:00-05:00,41.35,41.365,41.335,41.35,9327
2017-02-21 15:00:00-05:00,41.35,41.395,41.35,41.395,9291
2017-02-21 15:05:00-05:00,41.395,41.4,41.385,41.385,15554
2017-02-21 15:10:00-05:00,41.385,41.42,41.385,41.42,9366
2017-02-21 15:15:00-05:00,41.42,41.43,41.41,41.425,11654
2017-02-21 15:20:00-05:00,41.425,41.45,41.415,41.45,15917
2017-02-21 15:25:00-05:00,41.45,41.45,41.42,41.435,15031
2017-02-21 15:30:00-05:00,41.435,41.435,41.41,41.425,8451
2017-02-21 15:35:00-05:00,41.42,41.46,41.42,41.45,16775
2017-02-21 15:40:00-05:00,41.455,41.485,41.45,41.475,23273
2017-02-21 15:45:00-05:00,41.48,41.5,41.47,41.475,25109
2017-02-21 15:50:00-05:00,41.47,41.5,41.47,41.48,32518
2017-02-21 15:55:00-05:00,41.48,41.485,41.41,41.44,96552
2017-02-22 09:30:00-05:00,41.49,41.5,41.445,41.455,4512
2017-02-22 09:35:00-05:00,41.455,41.5,41.445,41.45,6494
2017-02-22 09:40:00-05:00,41.46,41.47,41.41,41.41,8925
2017-02-22 09:45:00-05:00,41.43,41.48,41.42,41.475,11456
2017-02-22 09:50:00-05:00,41.47,41.48,41.45,41.46,7775
2017-02-22 09:55:00-05:00,41.465,41.465,41.44,41.45,9101
2017-02-22 10:00:00-05:00,41.455,41.505,41.455,41.48,8298
2017-02-22 10:05:00-05:00,41.485,41.485,41.43,41.47,7044
2017-02-22 10:10:00-05:00,41.465,41.51,41.46,41.51,10409
2017-02-22 10:15:00-05:00,41.52,41.555,41.51,41.54,8294
2017-02-22 10:20:00-05:00,41.54,41.56,41.54,41.55,7903
2017-02-22 10:25:00-05:00,41.54,41.55,41.525,41.53,7546
2017-02-22 10:30:00-05:00,41.54,41.555,41.53,41.555,5644
2017-02-22 10:35:00-05:00,41.56,41.58,41.555,41.58,5232
2017-02-22 10:40:00-05:00,41.58,41.58,41.55,41.55,2094
2017-02-22 10:45:00-05:00,41.54,41.54,41.505,41.52,5140
2017-02-22 10:50:00-05:00,41.505,41.54,41.5,41.51,6042
2017-02-22 10:55:00-05:00,41.51,41.515,41.495,41.505,5812
2017-02-22 11:00:00-05:00,41.5,41.52,41.49,41.5,10531
2017-02-22 11:05:00-05:00,41.495,41.5,41.475,41.5,23566
2017-02-22 11:10:00-05:00,41.495,41.495,41.475,41.49,4658
2017-02-22 11:15:00-05:00,41.49,41.51,41.49,41.505,2336
2017-02-22 11:20:00-05:00,41.5,41.505,41.47,41.48,4865
2017-02-22 11:25:00-05:00,41.49,41.49,41.465,41.49,3420
2017-02-22 11:30:00-05:00,41.48,41.48,41.45,41.45,4853
2017-02-22 11:35:00-05:00,41.46,41.46,41.435,41.44,5087
2017-02-22 11:40:00-05:00,41.45,41.46,41.43,41.46,5671
2017-02-22 11:45:00-05:00,41.46,41.485,41.46,41.485,10809
2017-02-22 11:50:00-05:00,41.49,41.511,41.49,41.511,5312
2017-02-22 11:55:00-05:00,41.52,41.52,41.49,41.495,11969
2017-02-22 12:00:00-05:00,41.495,41.51,41.49,41.51,19632
2017-02-22 12:05:00-05:00,41.5,41.51,41.5,41.51,4500
2017-02-22 12:10:00-05:00,41.505,41.53,41.505,41.53,4426
2017-02-22 12:15:00-05:00,41.535,41.535,41.525,41.525,2663
2017-02-22 12:20:00-05:00,41.52,41.52,41.51,41.515,1995
2017-02-22 12:25:00-05:00,41.52,41.53,41.52,41.52,2655
2017-02-22 12:30:00-05:00,41.52,41.54,41.52,41.52,3498
2017-02-22 12:35:00-05:00,41.54,41.57,41.54,41.57,1243
2017-02-22 12:40:00-05:00,41.56,41.57,41.56,41.57,3956
2017-02-22 12:45:00-05:00,41.565,41.585,41.565,41.585,3419
2017-02-22 12:50:00-05:00,41.58,41.58,41.56,41.565,3315
2017-02-22 12:55:00-05:00,41.561,41.57,41.54,41.545,3475
2017-02-22 13:00:00-05:00,41.55,41.565,41.55,41.565,6116
2017-02-22 13:05:00-05:00,41.565,41.575,41.56,41.575,6286
2017-02-22 13:10:00-05:00,41.57,41.59,41.56,41.59,3230
2017-02-22 13:15:00-05:00,41.58,41.585,41.57,41.58,4054
2017-02-22 13:20:00-05:00,41.575,41.595,41.575,41.59,3919
2017-02-22 13:25:00-05:00,41.595,41.595,41.58,41.59,1500
2017-02-22 13:30:00-05:00,41.59,41.61,41.58,41.605,2402
2017-02-22 13:35:00-05:00,41.6,41.62,41.6,41.62,2592
2017-02-22 13:40:00-05:00,41.615,41.63,41.61,41.63,4867
2017-02-22 13:45:00-05:00,41.63,41.65,41.62,41.65,13087
2017-02-22 13:50:00-05:00,41.65,41.65,41.64,41.645,19932
2017-02-22 13:55:00-05:00,41.645,41.65,41.635,41.645,15073
2017-02-22 14:00:00-05:00,41.65,41.67,41.635,41.67,13587
2017-02-22 14:05:00-05:00,41.67,41.67,41.635,41.64,5738
2017-02-22 14:10:00-05:00,41.64,41.645,41.62,41.645,12195
2017-02-22 14:15:00-05:00,41.645,41.655,41.64,41.645,11001
2017-02-22 14:20:00-05:00,41.64,41.65,41.64,41.65,2800
2017-02-22 14:25:00-05:00,41.65,41.655,41.645,41.65,7504
2017-02-22 14:30:00-05:00,41.65,41.655,41.63,41.631,7507
2017-02-22 14:35:00-05:00,41.63,41.65,41.63,41.65,6708
2017-02-22 14:40:00-05:00,41.64,41.64,41.63,41.64,5660
2017-02-22 14:45:00-05:00,41.63,41.64,41.62,41.625,23091
2017-02-22 14:50:00-05:00,41.62,41.64,41.62,41.63,13419
2017-02-22 14:55:00-05:00,41.63,41.635,41.62,41.63,7137
2017-02-22 15:00:00-05:00,41.63,41.63,41.6,41.615,9825
2017-02-22 15:05:00-05:00,41.61,41.62,41.61,41.61,3916
2017-02-22 15:10:00-05:00,41.615,41.615,41.59,41.6,7169
2017-02-22 15:15:00-05:00,41.6,41.615,41.59,41.61,6298
2017-02-22 15:20:00-05:00,41.615,41.63,41.61,41.62,8073
2017-02-22 15:25:00-05:00,41.625,41.64,41.61,41.64,7115
2017-02-22 15:30:00-05:00,41.63,41.63,41.605,41.605,9844
2017-02-22 15:35:00-05:00,41.6,41.605,41.58,41.58,8001
2017-02-22 15:40:00-05:00,41.57,41.585,41.56,41.565,8117
2017-02-22 15:45:00-05:00,41.57,41.57,41.54,41.555,13484
2017-02-22 15:50:00-05:00,41.56,41.59,41.555,41.56,27473
2017-02-22 15:55:00-05:00,41.565,41.6,41.56,41.59,65928
2017-02-23 09:30:00-05:00,41.68,41.68,41.63,41.64,3137
2017-02-23 09:35:00-05:00,41.66,41.68,41.65,41.68,1036
2017-02-23 09:40:00-05:00,41.68,41.73,41.67,41.715,5411
2017-02-23 09:45:00-05:00,41.72,41.735,41.69,41.72,5303
2017-02-23 09:50:00-05:00,41.73,41.74,41.71,41.71,4499
2017-02-23 09:55:00-05:00,41.71,41.715,41.66,41.66,5478
2017-02-23 10:00:00-05:00,41.65,41.685,41.65,41.66,6168
2017-02-23 10:05:00-05:00,41.67,41.68,41.66,41.68,6825
2017-02-23 10:10:00-05:00,41.67,41.69,41.665,41.685,8714
2017-02-23 10:15:00-05:00,41.695,41.72,41.695,41.71,5959
2017-02-23 10:20:00-05:00,41.71,41.715,41.685,41.69,7710
2017-02-23 10:25:00-05:00,41.69,41.71,41.69,41.71,3417
2017-02-23 10:30:00-05:00,41.71,41.72,41.7,41.705,3433
2017-02-23 10:35:00-05:00,41.72,41.72,41.705,41.72,2117
2017-02-23 10:40:00-05:00,41.73,41.74,41.71,41.74,3710
2017-02-23 10:45:00-05:00,41.74,41.74,41.735,41.735,1595
2017-02-23 10:50:00-05:00,41.74,41.75,41.735,41.745,3141
2017-02-23 10:55:00-05:00,41.75,41.78,41.75,41.76,2149
2017-02-23 11:00:00-05:00,41.76,41.76,41.72,41.735,3706
2017-02-23 11:05:00-05:00,41.735,41.76,41.73,41.74,3061
2017-02-23 11:10:00-05:00,41.74,41.78,41.735,41.78,4306
2017-02-23 11:15:00-05:00,41.77,41.805,41.765,41.8,10598
2017-02-23 11:20:00-05:00,41.805,41.825,41.79,41.825,10226
2017-02-23 11:25:00-05:00,41.83,41.835,41.815,41.82,4266
2017-02-23 11:30:00-05:00,41.81,41.86,41.81,41.86,5886
2017-02-23 11:35:00-05:00,41.855,41.89,41.855,41.89,3300
2017-02-23 11:40:00-05:00,41.89,41.92,41.89,41.92,3277
2017-02-23 11:45:00-05:00,41.925,41.945,41.91,41.945,10008
2017-02-23 11:50:00-05:00,41.94,41.94,41.905,41.92,5000
2017-02-23 11:55:00-05:00,41.92,41.94,41.92,41.94,2400
2017-02-23 12:00:00-05:00,41.94,41.94,41.93,41.935,4891
2017-02-23 12:05:00-05:00,41.94,41.945,41.93,41.935,1827
2017-02-23 12:10:00-05:00,41.93,41.95,41.93,41.95,1500
2017-02-23 12:15:00-05:00,41.95,41.975,41.945,41.975,4657
2017-02-23 12:20:00-05:00,41.98,41.98,41.955,41.96,6000
2017-02-23 12:25:00-05:00,41.96,41.98,41.96,41.98,641
2017-02-23 12:30:00-05:00,41.98,41.995,41.975,41.985,2727
2017-02-23 12:35:00-05:00,41.985,42.0,41.95,41.95,5346
2017-02-23 12:40:00-05:00,41.955,41.955,41.94,41.945,15003
2017-02-23 12:45:00-05:00,41.945,41.95,41.945,41.945,1829
2017-02-23 12:50:00-05:00,41.945,41.95,41.9,41.9,6277
2017-02-23 12:55:00-05:00,41.91,41.92,41.895,41.9,2909
2017-02-23 13:00:00-05:00,41.89,41.895,41.88,41.89,2525
2017-02-23 13:05:00-05:00,41.89,41.9,41.885,41.9,3757
2017-02-23 13:10:00-05:00,41.905,41.91,41.895,41.91,3925
2017-02-23 13:15:00-05:00,41.91,41.92,41.91,41.91,4530
2017-02-23 13:20:00-05:00,41.905,41.92,41.905,41.92,2816
2017-02-23 13:25:00-05:00,41.92,41.92,41.9,41.9,1936
2017-02-23 13:30:00-05:00,41.9,41.9,41.885,41.89,4403
2017-02-23 13:35:00-05:00,41.88,41.89,41.86,41.87,6400
2017-02-23 13:40:00-05:00,41.87,41.87,41.83,41.835,9064
2017-02-23 13:45:00-05:00,41.83,41.84,41.815,41.82,6243
2017-02-23 13:50:00-05:00,41.82,41.845,41.81,41.845,2500
2017-02-23 13:55:00-05:00,41.83,41.85,41.82,41.85,3843
2017-02-23 14:00:00-05:00,41.85,41.86,41.835,41.86,3305
2017-02-23 14:05:00-05:00,41.855,41.87,41.855,41.87,3511
2017-02-23 14:10:00-05:00,41.86,41.86,41.845,41.855,4007
2017-02-23 14:15:00-05:00,41.855,41.86,41.85,41.855,2184
2017-02-23 14:20:00-05:00,41.855,41.87,41.855,41.865,2934
2017-02-23 14:25:00-05:00,41.87,41.87,41.86,41.87,2059
2017-02-23 14:30:00-05:00,41.87,41.87,41.86,41.86,734
2017-02-23 14:35:00-05:00,41.87,41.875,41.86,41.865,4482
2017-02-23 14:40:00-05:00,41.86,41.88,41.86,41.88,3445
2017-02-23 14:45:00-05:00,41.88,41.88,41.85,41.87,3327
2017-02-23 14:50:00-05:00,41.865,41.875,41.86,41.87,3480
2017-02-23 14:55:00-05:00,41.875,41.895,41.875,41.88,6860
2017-02-23 15:00:00-05:00,41.885,41.885,41.82,41.82,25289
2017-02-23 15:05:00-05:00,41.82,41.825,41.795,41.795,9438
2017-02-23 15:10:00-05:00,41.8,41.8,41.77,41.77,23886
2017-02-23 15:15:00-05:00,41.77,41.79,41.77,41.785,8115
2017-02-23 15:20:00-05:00,41.785,41.79,41.755,41.76,10692
2017-02-23 15:25:00-05:00,41.765,41.78,41.73,41.74,19419
2017-02-23 15:30:00-05:00,41.75,41.75,41.715,41.72,14627
2017-02-23 15:35:00-05:00,41.7,41.75,41.7,41.735,13932
2017-02-23 15:40:00-05:00,41.735,41.735,41.715,41.72,7846
2017-02-23 15:45:00-05:00,41.725,41.74,41.67,41.68,20635
2017-02-23 15:50:00-05:00,41.68,41.69,41.65,41.655,19971
2017-02-23 15:55:00-05:00,41.65,41.65,41.62,41.64,53483
2017-02-24 09:30:00-05:00,41.72,41.895,41.7,41.725,7034
2017-02-24 09:35:00-05:00,41.73,41.74,41.66,41.73,21456
2017-02-24 09:40:00-05:00,41.72,41.72,41.63,41.63,5888
2017-02-24 09:45:00-05:00,41.64,41.65,41.61,41.62,5013
2017-02-24 09:50:00-05:00,41.63,41.66,41.61,41.64,9908
2017-02-24 09:55:00-05:00,41.65,41.69,41.65,41.68,5267
2017-02-24 10:00:00-05:00,41.69,41.705,41.67,41.68,5109
2017-02-24 10:05:00-05:00,41.68,41.715,41.675,41.705,15121
2017-02-24 10:10:00-05:00,41.7,41.72,41.69,41.715,13419
2017-02-24 10:15:00-05:00,41.71,41.77,41.705,41.76,9731
2017-02-24 10:20:00-05:00,41.76,41.775,41.72,41.74,16907
2017-02-24 10:25:00-05:00,41.745,41.745,41.72,41.73,7306
2017-02-24 10:30:00-05:00,41.725,41.73,41.71,41.71,2976
2017-02-24 10:35:00-05:00,41.71,41.72,41.71,41.72,9121
2017-02-24 10:40:00-05:00,41.715,41.725,41.71,41.71,5583
2017-02-24 10:45:00-05:00,41.72,41.77,41.715,41.77,4800
2017-02-24 10:50:00-05:00,41.765,41.78,41.75,41.75,5259
2017-02-24 10:55:00-05:00,41.75,41.79,41.74,41.79,2577
2017-02-24 11:00:00-05:00,41.78,41.785,41.74,41.75,7627
2017-02-24 11:05:00-05:00,41.75,41.75,41.72,41.72,4193
2017-02-24 11:10:00-05:00,41.71,41.725,41.71,41.71,4640
2017-02-24 11:15:00-05:00,41.7,41.73,41.7,41.715,3269
2017-02-24 11:20:00-05:00,41.715,41.72,41.69,41.7,4343
2017-02-24 11:25:00-05:00,41.7,41.71,41.69,41.7,6655
2017-02-24 11:30:00-05:00,41.7,41.705,41.68,41.69,5666
2017-02-24 11:35:00-05:00,41.68,41.695,41.665,41.69,3255
2017-02-24 11:40:00-05:00,41.69,41.69,41.67,41.68,3621
2017-02-24 11:45:00-05:00,41.69,41.7,41.69,41.69,2087
2017-02-24 11:50:00-05:00,41.69,41.69,41.67,41.68,3617
2017-02-24 11:55:00-05:00,41.68,41.68,41.67,41.675,2501
2017-02-24 12:00:00-05:00,41.67,41.705,41.67,41.7,3701
2017-02-24 12:05:00-05:00,41.71,41.71,41.69,41.69,4827
2017-02-24 12:10:00-05:00,41.69,41.745,41.69,41.74,3605
2017-02-24 12:15:00-05:00,41.74,41.74,41.71,41.72,2602
2017-02-24 12:20:00-05:00,41.72,41.74,41.71,41.74,2440
2017-02-24 12:25:00-05:00,41.74,41.755,41.73,41.73,5416
2017-02-24 12:30:00-05:00,41.74,41.74,41.72,41.72,3039
2017-02-24 12:35:00-05:00,41.71,41.73,41.71,41.73,2744
2017-02-24 12:40:00-05:00,41.73,41.76,41.73,41.75,4813
2017-02-24 12:45:00-05:00,41.745,41.76,41.74,41.745,4312
2017-02-24 12:50:00-05:00,41.75,41.755,41.73,41.745,2736
2017-02-24 12:55:00-05:00,41.73,41.75,41.73,41.745,3300
2017-02-24 13:00:00-05:00,41.74,41.74,41.71,41.72,4982
2017-02-24 13:05:00-05:00,41.72,41.72,41.7,41.705,1500
2017-02-24 13:10:00-05:00,41.71,41.72,41.71,41.715,2306
2017-02-24 13:15:00-05:00,41.72,41.72,41.71,41.71,1500
2017-02-24 13:20:00-05:00,41.71,41.73,41.71,41.72,5403
2017-02-24 13:25:00-05:00,41.72,41.74,41.72,41.74,1034
2017-02-24 13:30:00-05:00,41.74,41.75,41.7,41.7,4135
2017-02-24 13:35:00-05:00,41.71,41.72,41.71,41.715,2036
2017-02-24 13:40:00-05:00,41.72,41.73,41.715,41.72,1552
2017-02-24 13:45:00-05:00,41.725,41.725,41.71,41.715,1304
2017-02-24 13:50:00-05:00,41.71,41.71,41.695,41.695,3043
2017-02-24 13:55:00-05:00,41.695,41.7,41.69,41.695,4643
2017-02-24 14:00:00-05:00,41.69,41.72,41.685,41.685,7024
2017-02-24 14:05:00-05:00,41.685,41.69,41.68,41.685,1718
2017-02-24 14:10:00-05:00,41.69,41.69,41.67,41.69,6618
2017-02-24 14:15:00-05:00,41.69,41.705,41.685,41.7,6525
2017-02-24 14:20:00-05:00,41.695,41.695,41.67,41.675,5842
2017-02-24 14:25:00-05:00,41.675,41.675,41.66,41.665,3343
2017-02-24 14:30:00-05:00,41.67,41.68,41.67,41.68,5609
2017-02-24 14:35:00-05:00,41.67,41.68,41.67,41.67,3699
2017-02-24 14:40:00-05:00,41.68,41.685,41.665,41.665,4971
2017-02-24 14:45:00-05:00,41.66,41.67,41.66,41.665,6380
2017-02-24 14:50:00-05:00,41.67,41.675,41.66,41.675,11303
2017-02-24 14:55:00-05:00,41.67,41.67,41.655,41.66,8742
2017-02-24 15:00:00-05:00,41.67,41.67,41.66,41.665,3332
2017-02-24 15:05:00-05:00,41.67,41.67,41.66,41.665,4543
2017-02-24 15:10:00-05:00,41.67,41.69,41.67,41.69,6770
2017-02-24 15:15:00-05:00,41.7,41.7,41.68,41.685,6032
2017-02-24 15:20:00-05:00,41.69,41.7,41.68,41.69,14436
2017-02-24 15:25:00-05:00,41.69,41.695,41.68,41.69,4824
2017-02-24 15:30:00-05:00,41.69,41.7,41.675,41.68,18903
2017-02-24 15:35:00-05:00,41.68,41.71,41.68,41.7,12302
2017-02-24 15:40:00-05:00,41.7,41.74,41.7,41.735,12873
2017-02-24 15:45:00-05:00,41.74,41.76,41.73,41.755,34570
2017-02-24 15:50:00-05:00,41.755,41.78,41.74,41.74,30266
2017-02-24 15:55:00-05:00,41.75,41.765,41.73,41.76,72986
2017-02-27 09:30:00-05:00,41.72,41.74,41.62,41.635,5731
2017-02-27 09:35:00-05:00,41.64,41.65,41.6,41.64,5604
2017-02-27 09:40:00-05:00,41.64,41.65,41.6,41.63,8834
2017-02-27 09:45:00-05:00,41.63,41.64,41.59,41.61,11442
2017-02-27 09:50:00-05:00,41.61,41.62,41.59,41.62,9541
2017-02-27 09:55:00-05:00,41.62,41.65,41.605,41.65,10441
2017-02-27 10:00:00-05:00,41.66,41.66,41.63,41.64,8071
2017-02-27 10:05:00-05:00,41.64,41.665,41.635,41.645,6720
2017-02-27 10:10:00-05:00,41.67,41.7,41.67,41.685,10416
2017-02-27 10:15:00-05:00,41.685,41.685,41.66,41.66,2506
2017-02-27 10:20:00-05:00,41.665,41.7,41.665,41.69,3362
2017-02-27 10:25:00-05:00,41.7,41.72,41.69,41.715,11091
2017-02-27 10:30:00-05:00,41.71,41.72,41.69,41.695,3407
2017-02-27 10:35:00-05:00,41.69,41.69,41.665,41.68,3116
2017-02-27 10:40:00-05:00,41.69,41.7,41.66,41.665,1967
2017-02-27 10:45:00-05:00,41.665,41.695,41.665,41.685,6980
2017-02-27 10:50:00-05:00,41.68,41.695,41.68,41.68,4805
2017-02-27 10:55:00-05:00,41.68,41.68,41.655,41.66,6133
2017-02-27 11:00:00-05:00,41.67,41.69,41.67,41.68,8609
2017-02-27 11:05:00-05:00,41.675,41.69,41.675,41.69,3855
2017-02-27 11:10:00-05:00,41.685,41.695,41.66,41.675,4604
2017-02-27 11:15:00-05:00,41.67,41.68,41.67,41.68,3185
2017-02-27 11:20:00-05:00,41.675,41.68,41.665,41.68,3197
2017-02-27 11:25:00-05:00,41.67,41.675,41.66,41.66,3502
2017-02-27 11:30:00-05:00,41.66,41.69,41.65,41.67,9192
2017-02-27 11:35:00-05:00,41.67,41.68,41.66,41.675,6270
2017-02-27 11:40:00-05:00,41.675,41.69,41.665,41.69,7323
2017-02-27 11:45:00-05:00,41.7,41.715,41.69,41.71,6204
2017-02-27 11:50:00-05:00,41.71,41.72,41.695,41.7,5000
2017-02-27 11:55:00-05:00,41.7,41.7,41.685,41.685,4093
2017-02-27 12:00:00-05:00,41.68,41.68,41.67,41.68,9062
2017-02-27 12:05:00-05:00,41.685,41.69,41.68,41.685,2465
2017-02-27 12:10:00-05:00,41.685,41.69,41.68,41.685,4648
2017-02-27 12:15:00-05:00,41.68,41.685,41.66,41.66,3953
2017-02-27 12:20:00-05:00,41.67,41.67,41.66,41.66,1362
2017-02-27 12:25:00-05:00,41.66,41.67,41.66,41.67,4912
2017-02-27 12:30:00-05:00,41.67,41.67,41.66,41.66,1645
2017-02-27 12:35:00-05:00,41.665,41.67,41.65,41.665,10414
2017-02-27 12:40:00-05:00,41.665,41.665,41.65,41.65,1900
2017-02-27 12:45:00-05:00,41.65,41.65,41.63,41.63,1685
2017-02-27 12:50:00-05:00,41.63,41.65,41.63,41.64,5099
2017-02-27 12:55:00-05:00,41.63,41.64,41.62,41.625,8065
2017-02-27 13:00:00-05:00,41.625,41.63,41.62,41.625,7536
2017-02-27 13:05:00-05:00,41.63,41.63,41.615,41.62,6594
2017-02-27 13:10:00-05:00,41.62,41.63,41.62,41.625,8355
2017-02-27 13:15:00-05:00,41.625,41.65,41.62,41.65,8330
2017-02-27 13:20:00-05:00,41.65,41.66,41.64,41.645,3250
2017-02-27 13:25:00-05:00,41.65,41.66,41.645,41.66,2174
2017-02-27 13:30:00-05:00,41.665,41.67,41.655,41.66,3330
2017-02-27 13:35:00-05:00,41.66,41.66,41.65,41.65,1293
2017-02-27 13:40:00-05:00,41.655,41.66,41.65,41.66,2061
2017-02-27 13:45:00-05:00,41.655,41.665,41.65,41.65,4903
2017-02-27 13:50:00-05:00,41.65,41.66,41.65,41.655,970
2017-02-27 13:55:00-05:00,41.66,41.675,41.655,41.67,4619
2017-02-27 14:00:00-05:00,41.67,41.69,41.67,41.68,5847
2017-02-27 14:05:00-05:00,41.685,41.685,41.67,41.67,1844
2017-02-27 14:10:00-05:00,41.67,41.68,41.67,41.68,1746
2017-02-27 14:15:00-05:00,41.67,41.68,41.67,41.67,2492
2017-02-27 14:20:00-05:00,41.67,41.68,41.67,41.68,4527
2017-02-27 14:25:00-05:00,41.675,41.68,41.66,41.66,4369
2017-02-27 14:30:00-05:00,41.665,41.675,41.66,41.665,2760
2017-02-27 14:35:00-05:00,41.66,41.675,41.66,41.67,4880
2017-02-27 14:40:00-05:00,41.67,41.67,41.655,41.66,5092
2017-02-27 14:45:00-05:00,41.66,41.685,41.66,41.685,8036
2017-02-27 14:50:00-05:00,41.69,41.69,41.685,41.69,3656
2017-02-27 14:55:00-05:00,41.69,41.7,41.69,41.69,5981
2017-02-27 15:00:00-05:00,41.695,41.7,41.685,41.695,3554
2017-02-27 15:05:00-05:00,41.7,41.72,41.695,41.72,4124
2017-02-27 15:10:00-05:00,41.71,41.71,41.69,41.71,6602
2017-02-27 15:15:00-05:00,41.7,41.71,41.7,41.7,5110
2017-02-27 15:20:00-05:00,41.7,41.71,41.7,41.705,5663
2017-02-27 15:25:00-05:00,41.71,41.72,41.7,41.72,9298
2017-02-27 15:30:00-05:00,41.715,41.72,41.71,41.715,6884
2017-02-27 15:35:00-05:00,41.715,41.715,41.665,41.665,11761
2017-02-27 15:40:00-05:00,41.67,41.67,41.66,41.665,11727
2017-02-27 15:45:00-05:00,41.665,41.67,41.66,41.66,14922
2017-02-27 15:50:00-05:00,41.66,41.66,41.62,41.62,15977
2017-02-27 15:55:00-05:00,41.625,41.66,41.62,41.65,61731
2017-03-01 09:30:00-05:00,41.98,41.98,41.89,41.96,5241
2017-03-01 09:35:00-05:00,41.97,42.05,41.945,42.015,13004
2017-03-01 09:40:00-05:00,42.02,42.11,42.01,42.06,12816
2017-03-01 09:45:00-05:00,42.07,42.15,42.07,42.14,13692
2017-03-01 09:50:00-05:00,42.13,42.185,42.115,42.175,8978
2017-03-01 09:55:00-05:00,42.175,42.175,42.12,42.14,7254
2017-03-01 10:00:00-05:00,42.14,42.16,42.11,42.155,5167
2017-03-01 10:05:00-05:00,42.155,42.19,42.15,42.175,7883
2017-03-01 10:10:00-05:00,42.17,42.23,42.17,42.225,6381
2017-03-01 10:15:00-05:00,42.22,42.235,42.195,42.2,8787
2017-03-01 10:20:00-05:00,42.2,42.2,42.19,42.195,3876
2017-03-01 10:25:00-05:00,42.19,42.2,42.18,42.185,4988
2017-03-01 10:30:00-05:00,42.195,42.2,42.18,42.18,6830
2017-03-01 10:35:00-05:00,42.18,42.235,42.18,42.23,8960
2017-03-01 10:40:00-05:00,42.225,42.225,42.17,42.19,5473
2017-03-01 10:45:00-05:00,42.2,42.2,42.165,42.165,3406
2017-03-01 10:50:00-05:00,42.165,42.17,42.13,42.14,8024
2017-03-01 10:55:00-05:00,42.145,42.15,42.12,42.14,9276
2017-03-01 11:00:00-05:00,42.14,42.17,42.13,42.155,4796
2017-03-01 11:05:00-05:00,42.165,42.23,42.165,42.22,5418
2017-03-01 11:10:00-05:00,42.21,42.23,42.2,42.22,3209
2017-03-01 11:15:00-05:00,42.215,42.245,42.205,42.245,10099
2017-03-01 11:20:00-05:00,42.245,42.245,42.185,42.2,5723
2017-03-01 11:25:00-05:00,42.19,42.23,42.18,42.23,5686
2017-03-01 11:30:00-05:00,42.22,42.23,42.2,42.21,4540
2017-03-01 11:35:00-05:00,42.21,42.24,42.2,42.24,4569
2017-03-01 11:40:00-05:00,42.24,42.245,42.23,42.24,3739
2017-03-01 11:45:00-05:00,42.24,42.24,42.21,42.215,7700
2017-03-01 11:50:00-05:00,42.215,42.23,42.21,42.225,5416
2017-03-01 11:55:00-05:00,42.23,42.23,42.19,42.19,4458
2017-03-01 12:00:00-05:00,42.2,42.24,42.19,42.24,5959
2017-03-01 12:05:00-05:00,42.24,42.25,42.24,42.245,8905
2017-03-01 12:10:00-05:00,42.25,42.28,42.24,42.27,7798
2017-03-01 12:15:00-05:00,42.27,42.285,42.225,42.24,4489
2017-03-01 12:20:00-05:00,42.24,42.28,42.23,42.28,12373
2017-03-01 12:25:00-05:00,42.28,42.29,42.27,42.27,4622
2017-03-01 12:30:00-05:00,42.26,42.26,42.25,42.25,400
2017-03-01 12:35:00-05:00,42.255,42.255,42.235,42.24,3562
2017-03-01 12:40:00-05:00,42.245,42.28,42.24,42.28,6382
2017-03-01 12:45:00-05:00,42.28,42.28,42.26,42.265,6510
2017-03-01 12:50:00-05:00,42.265,42.27,42.26,42.27,5239
2017-03-01 12:55:00-05:00,42.27,42.28,42.25,42.26,5488
2017-03-01 13:00:00-05:00,42.26,42.265,42.25,42.26,3098
2017-03-01 13:05:00-05:00,42.27,42.29,42.26,42.29,4545
2017-03-01 13:10:00-05:00,42.28,42.3,42.27,42.29,1740
2017-03-01 13:15:00-05:00,42.3,42.32,42.29,42.3,5708
2017-03-01 13:20:00-05:00,42.31,42.325,42.3,42.325,8301
2017-03-01 13:25:00-05:00,42.32,42.34,42.31,42.34,4039
2017-03-01 13:30:00-05:00,42.34,42.34,42.33,42.33,6076
2017-03-01 13:35:00-05:00,42.335,42.335,42.3,42.315,5989
2017-03-01 13:40:00-05:00,42.32,42.34,42.32,42.33,4992
2017-03-01 13:45:00-05:00,42.34,42.35,42.315,42.315,9362
2017-03-01 13:50:00-05:00,42.31,42.31,42.295,42.305,6585
2017-03-01 13:55:00-05:00,42.305,42.315,42.29,42.29,2817
2017-03-01 14:00:00-05:00,42.29,42.29,42.28,42.28,4895
2017-03-01 14:05:00-05:00,42.27,42.27,42.25,42.25,3903
2017-03-01 14:10:00-05:00,42.24,42.28,42.23,42.28,8173
2017-03-01 14:15:00-05:00,42.28,42.33,42.28,42.33,7112
2017-03-01 14:20:00-05:00,42.325,42.34,42.31,42.34,6497
2017-03-01 14:25:00-05:00,42.33,42.33,42.305,42.32,4093
2017-03-01 14:30:00-05:00,42.31,42.32,42.285,42.285,5965
2017-03-01 14:35:00-05:00,42.28,42.29,42.265,42.28,5834
2017-03-01 14:40:00-05:00,42.28,42.29,42.265,42.265,4199
2017-03-01 14:45:00-05:00,42.28,42.28,42.27,42.28,5090
2017-03-01 14:50:00-05:00,42.285,42.29,42.27,42.28,3602
2017-03-01 14:55:00-05:00,42.275,42.29,42.265,42.285,14420
2017-03-01 15:00:00-05:00,42.28,42.285,42.26,42.28,9892
2017-03-01 15:05:00-05:00,42.28,42.29,42.26,42.275,6590
2017-03-01 15:10:00-05:00,42.275,42.295,42.255,42.26,7842
2017-03-01 15:15:00-05:00,42.26,42.26,42.24,42.255,6912
2017-03-01 15:20:00-05:00,42.26,42.28,42.25,42.28,11929
2017-03-01 15:25:00-05:00,42.28,42.28,42.24,42.26,5187
2017-03-01 15:30:00-05:00,42.25,42.26,42.24,42.25,12424
2017-03-01 15:35:00-05:00,42.26,42.26,42.215,42.23,15565
2017-03-01 15:40:00-05:00,42.22,42.23,42.21,42.225,17722
2017-03-01 15:45:00-05:00,42.225,42.24,42.21,42.23,26836
2017-03-01 15:50:00-05:00,42.24,42.24,42.15,42.15,12882
2017-03-01 15:55:00-05:00,42.14,42.18,42.14,42.14,52081
2017-03-02 09:30:00-05:00,42.15,42.29,42.1,42.15,21471
2017-03-02 09:35:00-05:00,42.14,42.16,42.08,42.13,7276
2017-03-02 09:40:00-05:00,42.13,42.16,42.07,42.11,8239
2017-03-02 09:45:00-05:00,42.11,42.13,42.085,42.13,8700
2017-03-02 09:50:00-05:00,42.12,42.24,42.12,42.23,16652
2017-03-02 09:55:00-05:00,42.23,42.24,42.2,42.21,6302
2017-03-02 10:00:00-05:00,42.2,42.25,42.18,42.25,5619
2017-03-02 10:05:00-05:00,42.22,42.23,42.21,42.21,2753
2017-03-02 10:10:00-05:00,42.21,42.26,42.21,42.22,3443
2017-03-02 10:15:00-05:00,42.21,42.23,42.2,42.215,3880
2017-03-02 10:20:00-05:00,42.22,42.22,42.18,42.18,3116
2017-03-02 10:25:00-05:00,42.18,42.21,42.18,42.2,3723
2017-03-02 10:30:00-05:00,42.2,42.22,42.2,42.205,2664
2017-03-02 10:35:00-05:00,42.21,42.25,42.21,42.25,4726
2017-03-02 10:40:00-05:00,42.24,42.25,42.22,42.225,4502
2017-03-02 10:45:00-05:00,42.225,42.23,42.21,42.21,3157
2017-03-02 10:50:00-05:00,42.215,42.23,42.195,42.225,4400
2017-03-02 10:55:00-05:00,42.23,42.235,42.195,42.195,5669
2017-03-02 11:00:00-05:00,42.2,42.215,42.185,42.215,7116
2017-03-02 11:05:00-05:00,42.21,42.21,42.18,42.21,5276
2017-03-02 11:10:00-05:00,42.21,42.27,42.21,42.25,10721
2017-03-02 11:15:00-05:00,42.25,42.29,42.25,42.29,4171
2017-03-02 11:20:00-05:00,42.29,42.29,42.27,42.29,3089
2017-03-02 11:25:00-05:00,42.29,42.29,42.26,42.285,7084
2017-03-02 11:30:00-05:00,42.29,42.29,42.23,42.235,6532
2017-03-02 11:35:00-05:00,42.24,42.24,42.22,42.22,2081
2017-03-02 11:40:00-05:00,42.22,42.245,42.215,42.24,2802
2017-03-02 11:45:00-05:00,42.24,42.24,42.21,42.215,3976
2017-03-02 11:50:00-05:00,42.21,42.24,42.21,42.235,1859
2017-03-02 11:55:00-05:00,42.24,42.27,42.235,42.27,3545
2017-03-02 12:00:00-05:00,42.26,42.28,42.26,42.27,2618
2017-03-02 12:05:00-05:00,42.275,42.285,42.27,42.275,4126
2017-03-02 12:10:00-05:00,42.27,42.275,42.26,42.26,2116
2017-03-02 12:15:00-05:00,42.27,42.27,42.25,42.25,2581
2017-03-02 12:20:00-05:00,42.25,42.26,42.25,42.26,4582
2017-03-02 12:25:00-05:00,42.26,42.27,42.26,42.26,1518
2017-03-02 12:30:00-05:00,42.26,42.285,42.25,42.27,5441
2017-03-02 12:35:00-05:00,42.27,42.295,42.27,42.295,3052
2017-03-02 12:40:00-05:00,42.29,42.31,42.285,42.305,6176
2017-03-02 12:45:00-05:00,42.3,42.315,42.3,42.3,3702
2017-03-02 12:50:00-05:00,42.305,42.32,42.3,42.31,3287
2017-03-02 12:55:00-05:00,42.32,42.34,42.32,42.335,3983
2017-03-02 13:00:00-05:00,42.33,42.37,42.33,42.36,3391
2017-03-02 13:05:00-05:00,42.36,42.37,42.35,42.36,2501
2017-03-02 13:10:00-05:00,42.36,42.36,42.34,42.34,1862
2017-03-02 13:15:00-05:00,42.345,42.345,42.33,42.34,2734
2017-03-02 13:20:00-05:00,42.34,42.345,42.33,42.34,5988
2017-03-02 13:25:00-05:00,42.34,42.35,42.33,42.34,2321
2017-03-02 13:30:00-05:00,42.33,42.35,42.32,42.34,6442
2017-03-02 13:35:00-05:00,42.34,42.345,42.33,42.345,2508
2017-03-02 13:40:00-05:00,42.345,42.36,42.34,42.355,6422
2017-03-02 13:45:00-05:00,42.36,42.36,42.35,42.35,3925
2017-03-02 13:50:00-05:00,42.36,42.37,42.35,42.365,6934
2017-03-02 13:55:00-05:00,42.365,42.38,42.35,42.38,5780
2017-03-02 14:00:00-05:00,42.38,42.4,42.38,42.39,4287
2017-03-02 14:05:00-05:00,42.385,42.42,42.38,42.4,6482
2017-03-02 14:10:00-05:00,42.4,42.42,42.39,42.42,6124
2017-03-02 14:15:00-05:00,42.42,42.43,42.41,42.43,5663
2017-03-02 14:20:00-05:00,42.43,42.43,42.42,42.43,7590
2017-03-02 14:25:00-05:00,42.43,42.495,42.43,42.48,7174
2017-03-02 14:30:00-05:00,42.48,42.48,42.465,42.48,7185
2017-03-02 14:35:00-05:00,42.47,42.5,42.47,42.49,15503
2017-03-02 14:40:00-05:00,42.49,42.52,42.485,42.485,12941
2017-03-02 14:45:00-05:00,42.49,42.54,42.485,42.54,6285
2017-03-02 14:50:00-05:00,42.53,42.56,42.53,42.55,13734
2017-03-02 14:55:00-05:00,42.55,42.55,42.51,42.52,6643
2017-03-02 15:00:00-05:00,42.52,42.53,42.5,42.52,8804
2017-03-02 15:05:00-05:00,42.51,42.53,42.5,42.515,5505
2017-03-02 15:10:00-05:00,42.51,42.515,42.5,42.51,4876
2017-03-02 15:15:00-05:00,42.51,42.52,42.47,42.52,25615
2017-03-02 15:20:00-05:00,42.53,42.55,42.525,42.525,8493
2017-03-02 15:25:00-05:00,42.52,42.54,42.52,42.53,7006
2017-03-02 15:30:00-05:00,42.54,42.55,42.5,42.5,14639
2017-03-02 15:35:00-05:00,42.5,42.52,42.48,42.52,13517
2017-03-02 15:40:00-05:00,42.515,42.52,42.495,42.52,17763
2017-03-02 15:45:00-05:00,42.51,42.52,42.46,42.46,23707
2017-03-02 15:50:00-05:00,42.47,42.48,42.45,42.47,35153
2017-03-02 15:55:00-05:00,42.47,42.48,42.43,42.46,49882
2017-03-03 09:30:00-05:00,42.45,42.45,42.34,42.37,2593
2017-03-03 09:35:00-05:00,42.38,42.41,42.34,42.4,4738
2017-03-03 09:40:00-05:00,42.395,42.415,42.35,42.35,6353
2017-03-03 09:45:00-05:00,42.35,42.36,42.275,42.3,4673
2017-03-03 09:50:00-05:00,42.33,42.33,42.28,42.32,5619
2017-03-03 09:55:00-05:00,42.32,42.37,42.32,42.33,16794
2017-03-03 10:00:00-05:00,42.32,42.32,42.28,42.3,10519
2017-03-03 10:05:00-05:00,42.28,42.29,42.26,42.26,4847
2017-03-03 10:10:00-05:00,42.26,42.345,42.25,42.34,5971
2017-03-03 10:15:00-05:00,42.33,42.34,42.285,42.29,11420
2017-03-03 10:20:00-05:00,42.29,42.34,42.28,42.32,8411
2017-03-03 10:25:00-05:00,42.32,42.335,42.31,42.33,6302
2017-03-03 10:30:00-05:00,42.33,42.33,42.31,42.33,6544
2017-03-03 10:35:00-05:00,42.32,42.34,42.31,42.335,7667
2017-03-03 10:40:00-05:00,42.34,42.38,42.34,42.38,7221
2017-03-03 10:45:00-05:00,42.375,42.415,42.37,42.415,20215
2017-03-03 10:50:00-05:00,42.41,42.41,42.36,42.36,3457
2017-03-03 10:55:00-05:00,42.36,42.36,42.335,42.355,2900
2017-03-03 11:00:00-05:00,42.35,42.37,42.35,42.37,3882
2017-03-03 11:05:00-05:00,42.37,42.44,42.37,42.43,4664
2017-03-03 11:10:00-05:00,42.42,42.44,42.42,42.44,1969
2017-03-03 11:15:00-05:00,42.44,42.45,42.415,42.43,3079
2017-03-03 11:20:00-05:00,42.425,42.45,42.42,42.45,5787
2017-03-03 11:25:00-05:00,42.445,42.455,42.43,42.44,17138
2017-03-03 11:30:00-05:00,42.43,42.455,42.43,42.45,10718
2017-03-03 11:35:00-05:00,42.435,42.44,42.37,42.38,13109
2017-03-03 11:40:00-05:00,42.38,42.42,42.38,42.42,3203
2017-03-03 11:45:00-05:00,42.42,42.42,42.385,42.4,2203
2017-03-03 11:50:00-05:00,42.39,42.39,42.35,42.35,2913
2017-03-03 11:55:00-05:00,42.35,42.36,42.34,42.36,3243
2017-03-03 12:00:00-05:00,42.36,42.37,42.35,42.365,3461
2017-03-03 12:05:00-05:00,42.37,42.37,42.36,42.36,1819
2017-03-03 12:10:00-05:00,42.365,42.365,42.34,42.36,4751
2017-03-03 12:15:00-05:00,42.36,42.36,42.34,42.345,4864
2017-03-03 12:20:00-05:00,42.35,42.36,42.345,42.345,3514
2017-03-03 12:25:00-05:00,42.345,42.355,42.34,42.35,2554
2017-03-03 12:30:00-05:00,42.36,42.36,42.325,42.33,5623
2017-03-03 12:35:00-05:00,42.34,42.35,42.34,42.35,3118
2017-03-03 12:40:00-05:00,42.355,42.365,42.33,42.35,7521
2017-03-03 12:45:00-05:00,42.35,42.36,42.35,42.36,5332
2017-03-03 12:50:00-05:00,42.36,42.36,42.35,42.355,946
2017-03-03 12:55:00-05:00,42.36,42.37,42.34,42.35,13714
2017-03-03 13:00:00-05:00,42.345,42.35,42.28,42.35,9112
2017-03-03 13:05:00-05:00,42.35,42.35,42.305,42.32,5806
2017-03-03 13:10:00-05:00,42.32,42.33,42.315,42.32,9172
2017-03-03 13:15:00-05:00,42.33,42.33,42.29,42.295,3588
2017-03-03 13:20:00-05:00,42.295,42.305,42.275,42.275,1869
2017-03-03 13:25:00-05:00,42.28,42.3,42.27,42.28,77826
2017-03-03 13:30:00-05:00,42.285,42.3,42.28,42.3,5278
2017-03-03 13:35:00-05:00,42.31,42.31,42.285,42.295,2900
2017-03-03 13:40:00-05:00,42.3,42.33,42.3,42.32,2297
2017-03-03 13:45:00-05:00,42.32,42.32,42.29,42.31,4816
2017-03-03 13:50:00-05:00,42.3,42.33,42.3,42.325,8210
2017-03-03 13:55:00-05:00,42.33,42.35,42.33,42.35,1952
2017-03-03 14:00:00-05:00,42.345,42.35,42.33,42.35,4391
2017-03-03 14:05:00-05:00,42.35,42.365,42.35,42.365,4365
2017-03-03 14:10:00-05:00,42.36,42.375,42.36,42.36,2738
2017-03-03 14:15:00-05:00,42.365,42.37,42.36,42.36,1854
2017-03-03 14:20:00-05:00,42.365,42.365,42.36,42.365,908
2017-03-03 14:25:00-05:00,42.36,42.375,42.36,42.36,5758
2017-03-03 14:30:00-05:00,42.37,42.375,42.365,42.37,1863
2017-03-03 14:35:00-05:00,42.375,42.375,42.35,42.36,4456
2017-03-03 14:40:00-05:00,42.35,42.38,42.35,42.37,6947
2017-03-03 14:45:00-05:00,42.375,42.38,42.36,42.375,5365
2017-03-03 14:50:00-05:00,42.38,42.41,42.38,42.41,4491
2017-03-03 14:55:00-05:00,42.415,42.42,42.41,42.41,3110
2017-03-03 15:00:00-05:00,42.42,42.425,42.4,42.415,14179
2017-03-03 15:05:00-05:00,42.42,42.43,42.41,42.42,6882
2017-03-03 15:10:00-05:00,42.425,42.43,42.4,42.43,5795
2017-03-03 15:15:00-05:00,42.42,42.43,42.42,42.42,2114
2017-03-03 15:20:00-05:00,42.42,42.45,42.42,42.44,11660
2017-03-03 15:25:00-05:00,42.44,42.455,42.44,42.45,13154
2017-03-03 15:30:00-05:00,42.46,42.47,42.46,42.46,8838
2017-03-03 15:35:00-05:00,42.46,42.485,42.45,42.485,8576
2017-03-03 15:40:00-05:00,42.48,42.485,42.46,42.46,7050
2017-03-03 15:45:00-05:00,42.465,42.47,42.46,42.46,18671
2017-03-03 15:50:00-05:00,42.46,42.465,42.445,42.455,14784
2017-03-03 15:55:00-05:00,42.45,42.48,42.43,42.47,43251
2017-03-06 09:30:00-05:00,42.33,42.43,42.32,42.37,3906
2017-03-06 09:35:00-05:00,42.365,42.375,42.31,42.33,6439
2017-03-06 09:40:00-05:00,42.33,42.34,42.295,42.295,8041
2017-03-06 09:45:00-05:00,42.29,42.305,42.205,42.22,9085
2017-03-06 09:50:00-05:00,42.215,42.3,42.215,42.28,5132
2017-03-06 09:55:00-05:00,42.26,42.33,42.26,42.33,7346
2017-03-06 10:00:00-05:00,42.34,42.34,42.3,42.315,5475
2017-03-06 10:05:00-05:00,42.32,42.34,42.3,42.34,7433
2017-03-06 10:10:00-05:00,42.335,42.355,42.32,42.325,10012
2017-03-06 10:15:00-05:00,42.32,42.33,42.295,42.295,8281
2017-03-06 10:20:00-05:00,42.31,42.315,42.27,42.28,2504
2017-03-06 10:25:00-05:00,42.27,42.28,42.25,42.25,1727
2017-03-06 10:30:00-05:00,42.26,42.26,42.24,42.26,5288
2017-03-06 10:35:00-05:00,42.25,42.26,42.23,42.24,6944
2017-03-06 10:40:00-05:00,42.24,42.24,42.19,42.2,10689
2017-03-06 10:45:00-05:00,42.205,42.22,42.2,42.2,6055
2017-03-06 10:50:00-05:00,42.205,42.23,42.205,42.205,4627
2017-03-06 10:55:00-05:00,42.2,42.23,42.2,42.22,5086
2017-03-06 11:00:00-05:00,42.22,42.23,42.2,42.205,7365
2017-03-06 11:05:00-05:00,42.215,42.25,42.215,42.23,5543
2017-03-06 11:10:00-05:00,42.22,42.25,42.22,42.245,3999
2017-03-06 11:15:00-05:00,42.24,42.25,42.21,42.215,5659
2017-03-06 11:20:00-05:00,42.21,42.25,42.21,42.24,8432
2017-03-06 11:25:00-05:00,42.24,42.24,42.205,42.21,5955
2017-03-06 11:30:00-05:00,42.22,42.25,42.22,42.24,5440
2017-03-06 11:35:00-05:00,42.24,42.27,42.2,42.2,16456
2017-03-06 11:40:00-05:00,42.2,42.21,42.175,42.175,9363
2017-03-06 11:45:00-05:00,42.17,42.17,42.145,42.17,17338
2017-03-06 11:50:00-05:00,42.175,42.2,42.165,42.2,8417
2017-03-06 11:55:00-05:00,42.2,42.2,42.17,42.18,3621
2017-03-06 12:00:00-05:00,42.18,42.22,42.17,42.22,6910
2017-03-06 12:05:00-05:00,42.225,42.25,42.195,42.25,11357
2017-03-06 12:10:00-05:00,42.24,42.24,42.215,42.24,7905
2017-03-06 12:15:00-05:00,42.225,42.25,42.21,42.25,4918
2017-03-06 12:20:00-05:00,42.25,42.26,42.23,42.25,8352
2017-03-06 12:25:00-05:00,42.25,42.26,42.215,42.23,5861
2017-03-06 12:30:00-05:00,42.22,42.24,42.22,42.22,2710
2017-03-06 12:35:00-05:00,42.22,42.245,42.215,42.235,2969
2017-03-06 12:40:00-05:00,42.24,42.24,42.23,42.24,3700
2017-03-06 12:45:00-05:00,42.23,42.23,42.2,42.23,4004
2017-03-06 12:50:00-05:00,42.225,42.235,42.22,42.235,3168
2017-03-06 12:55:00-05:00,42.23,42.24,42.225,42.23,1807
2017-03-06 13:00:00-05:00,42.22,42.24,42.22,42.24,2274
2017-03-06 13:05:00-05:00,42.25,42.26,42.24,42.25,1704
2017-03-06 13:10:00-05:00,42.26,42.26,42.235,42.24,6849
2017-03-06 13:15:00-05:00,42.25,42.26,42.24,42.245,62986
2017-03-06 13:20:00-05:00,42.24,42.25,42.225,42.25,3471
2017-03-06 13:25:00-05:00,42.24,42.245,42.23,42.24,3448
2017-03-06 13:30:00-05:00,42.235,42.24,42.215,42.22,6237
2017-03-06 13:35:00-05:00,42.22,42.22,42.2,42.215,3902
2017-03-06 13:40:00-05:00,42.215,42.22,42.21,42.21,1934
2017-03-06 13:45:00-05:00,42.21,42.23,42.2,42.225,5638
2017-03-06 13:50:00-05:00,42.225,42.225,42.21,42.215,5234
2017-03-06 13:55:00-05:00,42.21,42.22,42.2,42.22,11517
2017-03-06 14:00:00-05:00,42.215,42.215,42.18,42.18,2742
2017-03-06 14:05:00-05:00,42.19,42.205,42.185,42.2,7054
2017-03-06 14:10:00-05:00,42.2,42.21,42.2,42.2,4816
2017-03-06 14:15:00-05:00,42.2,42.22,42.2,42.2,16248
2017-03-06 14:20:00-05:00,42.205,42.22,42.19,42.21,20829
2017-03-06 14:25:00-05:00,42.21,42.215,42.195,42.21,8325
2017-03-06 14:30:00-05:00,42.21,42.21,42.195,42.2,6371
2017-03-06 14:35:00-05:00,42.205,42.215,42.195,42.21,14807
2017-03-06 14:40:00-05:00,42.205,42.21,42.2,42.21,1335
2017-03-06 14:45:00-05:00,42.21,42.215,42.18,42.18,13767
2017-03-06 14:50:00-05:00,42.18,42.19,42.17,42.18,6951
2017-03-06 14:55:00-05:00,42.17,42.2,42.17,42.195,4572
2017-03-06 15:00:00-05:00,42.2,42.215,42.18,42.195,12776
2017-03-06 15:05:00-05:00,42.2,42.215,42.19,42.2,10210
2017-03-06 15:10:00-05:00,42.195,42.2,42.19,42.2,13602
2017-03-06 15:15:00-05:00,42.195,42.21,42.19,42.21,5513
2017-03-06 15:20:00-05:00,42.205,42.21,42.19,42.21,13476
2017-03-06 15:25:00-05:00,42.21,42.21,42.165,42.17,12447
2017-03-06 15:30:00-05:00,42.17,42.18,42.16,42.18,8395
2017-03-06 15:35:00-05:00,42.19,42.2,42.18,42.195,10502
2017-03-06 15:40:00-05:00,42.195,42.21,42.16,42.18,34514
2017-03-06 15:45:00-05:00,42.17,42.19,42.16,42.19,32847
2017-03-06 15:50:00-05:00,42.19,42.19,42.17,42.175,23365
2017-03-06 15:55:00-05:00,42.165,42.18,42.12,42.175,65400
2017-03-06 17:05:00-05:00,42.18,42.18,42.18,42.18,777
2017-03-07 09:30:00-05:00,42.07,42.2,42.01,42.15,4106
2017-03-07 09:35:00-05:00,42.145,42.24,42.145,42.2,8906
2017-03-07 09:40:00-05:00,42.21,42.23,42.175,42.2,6302
2017-03-07 09:45:00-05:00,42.21,42.215,42.18,42.185,5311
2017-03-07 09:50:00-05:00,42.185,42.2,42.16,42.17,12041
2017-03-07 09:55:00-05:00,42.175,42.175,42.15,42.165,7978
2017-03-07 10:00:00-05:00,42.17,42.195,42.16,42.19,12090
2017-03-07 10:05:00-05:00,42.18,42.185,42.155,42.17,9950
2017-03-07 10:10:00-05:00,42.18,42.21,42.17,42.18,7238
2017-03-07 10:15:00-05:00,42.18,42.18,42.16,42.18,7320
2017-03-07 10:20:00-05:00,42.18,42.21,42.18,42.19,4853
2017-03-07 10:25:00-05:00,42.2,42.21,42.17,42.175,6413
2017-03-07 10:30:00-05:00,42.175,42.2,42.17,42.19,5512
2017-03-07 10:35:00-05:00,42.19,42.19,42.155,42.16,3735
2017-03-07 10:40:00-05:00,42.16,42.205,42.16,42.19,5492
2017-03-07 10:45:00-05:00,42.185,42.19,42.155,42.155,6564
2017-03-07 10:50:00-05:00,42.16,42.16,42.15,42.16,5564
2017-03-07 10:55:00-05:00,42.16,42.17,42.15,42.16,3153
2017-03-07 11:00:00-05:00,42.17,42.19,42.145,42.145,7518
2017-03-07 11:05:00-05:00,42.14,42.15,42.135,42.14,9623
2017-03-07 11:10:00-05:00,42.145,42.15,42.12,42.135,8580
2017-03-07 11:15:00-05:00,42.13,42.135,42.1,42.105,5657
2017-03-07 11:20:00-05:00,42.1,42.1,42.08,42.09,4835
2017-03-07 11:25:00-05:00,42.09,42.1,42.07,42.07,5272
2017-03-07 11:30:00-05:00,42.07,42.09,42.05,42.08,8715
2017-03-07 11:35:00-05:00,42.08,42.1,42.08,42.095,6033
2017-03-07 11:40:00-05:00,42.1,42.1,42.08,42.08,4358
2017-03-07 11:45:00-05:00,42.08,42.1,42.08,42.09,4703
2017-03-07 11:50:00-05:00,42.09,42.1,42.08,42.085,2504
2017-03-07 11:55:00-05:00,42.085,42.09,42.075,42.09,5149
2017-03-07 12:00:00-05:00,42.08,42.085,42.065,42.07,4033
2017-03-07 12:05:00-05:00,42.07,42.08,42.04,42.045,3661
2017-03-07 12:10:00-05:00,42.05,42.06,42.045,42.05,4459
2017-03-07 12:15:00-05:00,42.04,42.05,42.04,42.04,5578
2017-03-07 12:20:00-05:00,42.05,42.06,42.025,42.03,5283
2017-03-07 12:25:00-05:00,42.03,42.05,42.025,42.04,4933
2017-03-07 12:30:00-05:00,42.03,42.04,42.02,42.02,3056
2017-03-07 12:35:00-05:00,42.02,42.04,42.02,42.04,4675
2017-03-07 12:40:00-05:00,42.04,42.045,42.04,42.045,2398
2017-03-07 12:45:00-05:00,42.045,42.07,42.045,42.06,2995
2017-03-07 12:50:00-05:00,42.07,42.08,42.07,42.075,3667
2017-03-07 12:55:00-05:00,42.075,42.08,42.075,42.075,3626
2017-03-07 13:00:00-05:00,42.075,42.08,42.05,42.05,6090
2017-03-07 13:05:00-05:00,42.05,42.08,42.045,42.08,7245
2017-03-07 13:10:00-05:00,42.08,42.09,42.075,42.08,2264
2017-03-07 13:15:00-05:00,42.08,42.095,42.08,42.09,3083
2017-03-07 13:20:00-05:00,42.1,42.11,42.08,42.08,6768
2017-03-07 13:25:00-05:00,42.08,42.09,42.08,42.085,1266
2017-03-07 13:30:00-05:00,42.08,42.085,42.08,42.08,1811
2017-03-07 13:35:00-05:00,42.08,42.085,42.06,42.06,5506
2017-03-07 13:40:00-05:00,42.065,42.075,42.05,42.06,5124
2017-03-07 13:45:00-05:00,42.06,42.06,42.03,42.03,5237
2017-03-07 13:50:00-05:00,42.03,42.035,42.01,42.01,8278
2017-03-07 13:55:00-05:00,42.02,42.04,42.02,42.04,3949
2017-03-07 14:00:00-05:00,42.04,42.055,42.03,42.05,7349
2017-03-07 14:05:00-05:00,42.055,42.07,42.05,42.06,9318
2017-03-07 14:10:00-05:00,42.055,42.07,42.04,42.06,8305
2017-03-07 14:15:00-05:00,42.065,42.07,42.06,42.06,2150
2017-03-07 14:20:00-05:00,42.06,42.07,42.06,42.06,2716
2017-03-07 14:25:00-05:00,42.06,42.08,42.06,42.06,8683
2017-03-07 14:30:00-05:00,42.065,42.07,42.06,42.07,3312
2017-03-07 14:35:00-05:00,42.07,42.07,42.06,42.065,5267
2017-03-07 14:40:00-05:00,42.065,42.09,42.06,42.09,6996
2017-03-07 14:45:00-05:00,42.09,42.1,42.07,42.07,6835
2017-03-07 14:50:00-05:00,42.08,42.09,42.075,42.08,4097
2017-03-07 14:55:00-05:00,42.09,42.09,42.07,42.07,10392
2017-03-07 15:00:00-05:00,42.07,42.08,42.07,42.07,5034
2017-03-07 15:05:00-05:00,42.07,42.07,42.06,42.06,6200
2017-03-07 15:10:00-05:00,42.06,42.08,42.055,42.07,8731
2017-03-07 15:15:00-05:00,42.065,42.07,42.05,42.05,2937
2017-03-07 15:20:00-05:00,42.055,42.07,42.05,42.05,9894
2017-03-07 15:25:00-05:00,42.05,42.05,42.035,42.045,11646
2017-03-07 15:30:00-05:00,42.045,42.07,42.045,42.055,18017
2017-03-07 15:35:00-05:00,42.05,42.06,42.04,42.045,12208
2017-03-07 15:40:00-05:00,42.05,42.055,42.01,42.015,24019
2017-03-07 15:45:00-05:00,42.01,42.02,42.01,42.015,22782
2017-03-07 15:50:00-05:00,42.02,42.02,42.0,42.005,26961
2017-03-07 15:55:00-05:00,42.01,42.02,41.95,41.99,61772
2017-03-08 09:30:00-05:00,42.01,42.01,41.855,41.855,6000
2017-03-08 09:35:00-05:00,41.85,41.86,41.815,41.84,7192
2017-03-08 09:40:00-05:00,41.85,41.87,41.8,41.87,12300
2017-03-08 09:45:00-05:00,41.86,41.89,41.855,41.875,9700
2017-03-08 09:50:00-05:00,41.87,41.88,41.86,41.88,7843
2017-03-08 09:55:00-05:00,41.88,41.9,41.85,41.86,17973
2017-03-08 10:00:00-05:00,41.865,41.925,41.865,41.915,10652
2017-03-08 10:05:00-05:00,41.915,41.92,41.86,41.86,13824
2017-03-08 10:10:00-05:00,41.87,41.87,41.82,41.82,6500
2017-03-08 10:15:00-05:00,41.82,41.82,41.8,41.81,16037
2017-03-08 10:20:00-05:00,41.82,41.82,41.8,41.8,9856
2017-03-08 10:25:00-05:00,41.8,41.8,41.74,41.77,12271
2017-03-08 10:30:00-05:00,41.775,41.81,41.775,41.8,14225
2017-03-08 10:35:00-05:00,41.81,41.815,41.79,41.8,11463
2017-03-08 10:40:00-05:00,41.8,41.82,41.79,41.815,10940
2017-03-08 10:45:00-05:00,41.82,41.82,41.79,41.82,7968
2017-03-08 10:50:00-05:00,41.83,41.83,41.8,41.81,7029
2017-03-08 10:55:00-05:00,41.81,41.85,41.81,41.85,10178
2017-03-08 11:00:00-05:00,41.85,41.875,41.84,41.84,11166
2017-03-08 11:05:00-05:00,41.85,41.865,41.84,41.85,8511
2017-03-08 11:10:00-05:00,41.85,41.85,41.835,41.835,6872
2017-03-08 11:15:00-05:00,41.835,41.86,41.835,41.85,6960
2017-03-08 11:20:00-05:00,41.855,41.895,41.85,41.89,11303
2017-03-08 11:25:00-05:00,41.88,41.895,41.88,41.88,4767
2017-03-08 11:30:00-05:00,41.885,41.89,41.86,41.87,8582
2017-03-08 11:35:00-05:00,41.87,41.91,41.87,41.905,6277
2017-03-08 11:40:00-05:00,41.9,41.91,41.88,41.88,5210
2017-03-08 11:45:00-05:00,41.875,41.875,41.86,41.86,7264
2017-03-08 11:50:00-05:00,41.86,41.895,41.855,41.885,10382
2017-03-08 11:55:00-05:00,41.88,41.89,41.87,41.87,3368
2017-03-08 12:00:00-05:00,41.875,41.875,41.86,41.87,6000
2017-03-08 12:05:00-05:00,41.86,41.87,41.845,41.865,5536
2017-03-08 12:10:00-05:00,41.87,41.91,41.85,41.9,8375
2017-03-08 12:15:00-05:00,41.9,41.92,41.885,41.89,7619
2017-03-08 12:20:00-05:00,41.89,41.915,41.89,41.905,7248
2017-03-08 12:25:00-05:00,41.905,41.91,41.885,41.905,6121
2017-03-08 12:30:00-05:00,41.905,41.91,41.88,41.88,5407
2017-03-08 12:35:00-05:00,41.88,41.9,41.87,41.89,4255
2017-03-08 12:40:00-05:00,41.88,41.91,41.87,41.88,9091
2017-03-08 12:45:00-05:00,41.88,41.89,41.88,41.88,3277
2017-03-08 12:50:00-05:00,41.87,41.89,41.855,41.87,6590
2017-03-08 12:55:00-05:00,41.86,41.905,41.86,41.895,5762
2017-03-08 13:00:00-05:00,41.895,41.905,41.885,41.9,8496
2017-03-08 13:05:00-05:00,41.9,41.915,41.89,41.91,6208
2017-03-08 13:10:00-05:00,41.91,41.915,41.89,41.91,6619
2017-03-08 13:15:00-05:00,41.91,41.93,41.91,41.915,4790
2017-03-08 13:20:00-05:00,41.915,41.915,41.89,41.89,3318
2017-03-08 13:25:00-05:00,41.895,41.895,41.885,41.885,1943
2017-03-08 13:30:00-05:00,41.89,41.9,41.89,41.895,7255
2017-03-08 13:35:00-05:00,41.89,41.9,41.88,41.885,4420
2017-03-08 13:40:00-05:00,41.88,41.895,41.88,41.88,4136
2017-03-08 13:45:00-05:00,41.89,41.89,41.88,41.89,6859
2017-03-08 13:50:00-05:00,41.88,41.9,41.875,41.9,10956
2017-03-08 13:55:00-05:00,41.905,41.91,41.89,41.9,7742
2017-03-08 14:00:00-05:00,41.905,41.905,41.88,41.895,5278
2017-03-08 14:05:00-05:00,41.895,41.895,41.87,41.87,6003
2017-03-08 14:10:00-05:00,41.86,41.87,41.86,41.865,3906
2017-03-08 14:15:00-05:00,41.86,41.87,41.86,41.86,4873
2017-03-08 14:20:00-05:00,41.86,41.865,41.85,41.85,10979
2017-03-08 14:25:00-05:00,41.845,41.88,41.845,41.875,6958
2017-03-08 14:30:00-05:00,41.875,41.9,41.86,41.895,10316
2017-03-08 14:35:00-05:00,41.9,41.92,41.895,41.91,6410
2017-03-08 14:40:00-05:00,41.915,41.915,41.9,41.91,5673
2017-03-08 14:45:00-05:00,41.9,41.935,41.9,41.925,14272
2017-03-08 14:50:00-05:00,41.925,41.94,41.925,41.935,4776
2017-03-08 14:55:00-05:00,41.935,41.95,41.92,41.92,6007
2017-03-08 15:00:00-05:00,41.93,41.96,41.925,41.955,11470
2017-03-08 15:05:00-05:00,41.96,41.975,41.955,41.965,6335
2017-03-08 15:10:00-05:00,41.965,42.015,41.965,41.98,11807
2017-03-08 15:15:00-05:00,41.98,41.98,41.96,41.96,8216
2017-03-08 15:20:00-05:00,41.96,41.98,41.955,41.97,5839
2017-03-08 15:25:00-05:00,41.975,41.975,41.945,41.95,10233
2017-03-08 15:30:00-05:00,41.95,41.955,41.905,41.93,15823
2017-03-08 15:35:00-05:00,41.93,41.965,41.91,41.96,23472
2017-03-08 15:40:00-05:00,41.95,41.955,41.92,41.94,15469
2017-03-08 15:45:00-05:00,41.94,41.965,41.93,41.96,20514
2017-03-08 15:50:00-05:00,41.96,41.99,41.95,41.965,20507
2017-03-08 15:55:00-05:00,41.965,42.0,41.96,42.0,56322
2017-03-09 09:30:00-05:00,42.065,42.09,42.03,42.06,7227
2017-03-09 09:35:00-05:00,42.06,42.09,42.025,42.04,6538
2017-03-09 09:40:00-05:00,42.04,42.05,41.94,41.95,16699
2017-03-09 09:45:00-05:00,41.945,41.96,41.93,41.93,11292
2017-03-09 09:50:00-05:00,41.94,41.94,41.92,41.94,10176
2017-03-09 09:55:00-05:00,41.94,42.005,41.94,41.99,9833
2017-03-09 10:00:00-05:00,41.98,42.005,41.975,42.005,6625
2017-03-09 10:05:00-05:00,42.01,42.02,41.96,41.97,10276
2017-03-09 10:10:00-05:00,41.97,42.005,41.97,42.0,9400
2017-03-09 10:15:00-05:00,42.01,42.03,41.985,42.0,14923
2017-03-09 10:20:00-05:00,41.99,42.02,41.985,42.01,7791
2017-03-09 10:25:00-05:00,42.01,42.015,41.985,42.0,3314
2017-03-09 10:30:00-05:00,42.0,42.04,41.99,42.04,6195
2017-03-09 10:35:00-05:00,42.04,42.05,42.0,42.02,9928
2017-03-09 10:40:00-05:00,42.02,42.05,42.01,42.05,4673
2017-03-09 10:45:00-05:00,42.05,42.06,42.04,42.04,4589
2017-03-09 10:50:00-05:00,42.04,42.07,42.04,42.045,7569
2017-03-09 10:55:00-05:00,42.05,42.06,42.045,42.055,6416
2017-03-09 11:00:00-05:00,42.05,42.055,42.045,42.05,7161
2017-03-09 11:05:00-05:00,42.05,42.08,42.045,42.07,14298
2017-03-09 11:10:00-05:00,42.06,42.08,42.06,42.08,3238
2017-03-09 11:15:00-05:00,42.07,42.07,42.02,42.025,3670
2017-03-09 11:20:00-05:00,42.03,42.03,42.005,42.01,3177
2017-03-09 11:25:00-05:00,42.015,42.02,42.005,42.005,3850
2017-03-09 11:30:00-05:00,42.02,42.03,42.015,42.02,2800
2017-03-09 11:35:00-05:00,42.02,42.03,42.0,42.0,7418
2017-03-09 11:40:00-05:00,42.0,42.005,41.99,42.0,3740
2017-03-09 11:45:00-05:00,42.0,42.01,41.99,42.0,4094
2017-03-09 11:50:00-05:00,42.0,42.01,41.995,42.01,2388
2017-03-09 11:55:00-05:00,42.01,42.02,42.0,42.02,3759
2017-03-09 12:00:00-05:00,42.025,42.04,42.025,42.035,2432
2017-03-09 12:05:00-05:00,42.035,42.04,42.0,42.01,5006
2017-03-09 12:10:00-05:00,42.01,42.02,42.01,42.02,2200
2017-03-09 12:15:00-05:00,42.03,42.03,42.005,42.005,2996
2017-03-09 12:20:00-05:00,42.005,42.03,42.0,42.02,5126
2017-03-09 12:25:00-05:00,42.01,42.04,42.005,42.035,3706
2017-03-09 12:30:00-05:00,42.04,42.045,42.035,42.045,2500
2017-03-09 12:35:00-05:00,42.05,42.05,42.03,42.035,2752
2017-03-09 12:40:00-05:00,42.035,42.07,42.035,42.06,9305
2017-03-09 12:45:00-05:00,42.06,42.08,42.06,42.08,2600
2017-03-09 12:50:00-05:00,42.075,42.08,42.05,42.065,4130
2017-03-09 12:55:00-05:00,42.07,42.07,42.055,42.055,3204
2017-03-09 13:00:00-05:00,42.06,42.07,42.055,42.07,3478
2017-03-09 13:05:00-05:00,42.06,42.07,42.055,42.07,3995
2017-03-09 13:10:00-05:00,42.06,42.07,42.045,42.07,202788
2017-03-09 13:15:00-05:00,42.07,42.08,42.06,42.07,1911
2017-03-09 13:20:00-05:00,42.08,42.08,42.06,42.075,4429
2017-03-09 13:25:00-05:00,42.08,42.08,42.06,42.065,1392
2017-03-09 13:30:00-05:00,42.04,42.04,42.01,42.025,4924
2017-03-09 13:35:00-05:00,42.025,42.025,42.01,42.01,4008
2017-03-09 13:40:00-05:00,42.02,42.04,42.015,42.02,12174
2017-03-09 13:45:00-05:00,42.015,42.015,42.0,42.0,1035
2017-03-09 13:50:00-05:00,42.01,42.01,42.005,42.005,4675
2017-03-09 13:55:00-05:00,42.01,42.02,42.0,42.005,5397
2017-03-09 14:00:00-05:00,42.02,42.02,41.98,41.98,3933
2017-03-09 14:05:00-05:00,41.98,42.01,41.975,41.995,3853
2017-03-09 14:10:00-05:00,42.0,42.01,41.98,41.995,4757
2017-03-09 14:15:00-05:00,41.995,41.995,41.965,41.99,4286
2017-03-09 14:20:00-05:00,41.98,41.985,41.975,41.985,3803
2017-03-09 14:25:00-05:00,41.985,42.01,41.98,42.0,6689
2017-03-09 14:30:00-05:00,42.0,42.005,41.98,41.98,1306
2017-03-09 14:35:00-05:00,41.99,42.01,41.98,42.01,9698
2017-03-09 14:40:00-05:00,42.0,42.02,42.0,42.015,6924
2017-03-09 14:45:00-05:00,42.02,42.02,41.985,41.99,7994
2017-03-09 14:50:00-05:00,41.99,42.0,41.97,41.97,3330
2017-03-09 14:55:00-05:00,41.975,41.99,41.97,41.99,7826
2017-03-09 15:00:00-05:00,42.0,42.015,41.995,42.01,7119
2017-03-09 15:05:00-05:00,42.02,42.04,42.01,42.04,6916
2017-03-09 15:10:00-05:00,42.04,42.05,42.03,42.04,10532
2017-03-09 15:15:00-05:00,42.03,42.06,42.03,42.045,6650
2017-03-09 15:20:00-05:00,42.04,42.045,42.02,42.025,6043
2017-03-09 15:25:00-05:00,42.025,42.05,42.025,42.05,9696
2017-03-09 15:30:00-05:00,42.05,42.08,42.04,42.08,14112
2017-03-09 15:35:00-05:00,42.07,42.08,42.065,42.08,15187
2017-03-09 15:40:00-05:00,42.07,42.075,42.06,42.06,19644
2017-03-09 15:45:00-05:00,42.07,42.09,42.06,42.08,22328
2017-03-09 15:50:00-05:00,42.08,42.08,42.05,42.05,24857
2017-03-09 15:55:00-05:00,42.05,42.06,42.03,42.035,64263
2017-03-10 09:30:00-05:00,42.23,42.27,42.18,42.24,5472
2017-03-10 09:35:00-05:00,42.25,42.28,42.24,42.26,4698
2017-03-10 09:40:00-05:00,42.25,42.27,42.24,42.27,6973
2017-03-10 09:45:00-05:00,42.26,42.29,42.24,42.26,8870
2017-03-10 09:50:00-05:00,42.25,42.25,42.21,42.24,27091
2017-03-10 09:55:00-05:00,42.24,42.28,42.235,42.28,4977
2017-03-10 10:00:00-05:00,42.27,42.3,42.26,42.3,6465
2017-03-10 10:05:00-05:00,42.3,42.335,42.29,42.33,7510
2017-03-10 10:10:00-05:00,42.34,42.35,42.31,42.34,8167
2017-03-10 10:15:00-05:00,42.35,42.37,42.35,42.36,5493
2017-03-10 10:20:00-05:00,42.35,42.36,42.33,42.335,5688
2017-03-10 10:25:00-05:00,42.34,42.37,42.335,42.37,5280
2017-03-10 10:30:00-05:00,42.37,42.395,42.37,42.38,6758
2017-03-10 10:35:00-05:00,42.38,42.39,42.365,42.38,10789
2017-03-10 10:40:00-05:00,42.36,42.37,42.335,42.35,12675
2017-03-10 10:45:00-05:00,42.35,42.37,42.33,42.33,12649
2017-03-10 10:50:00-05:00,42.33,42.36,42.325,42.345,6772
2017-03-10 10:55:00-05:00,42.345,42.345,42.31,42.31,5727
2017-03-10 11:00:00-05:00,42.31,42.32,42.265,42.27,8581
2017-03-10 11:05:00-05:00,42.275,42.29,42.265,42.29,7572
2017-03-10 11:10:00-05:00,42.285,42.29,42.26,42.29,5459
2017-03-10 11:15:00-05:00,42.28,42.31,42.28,42.28,7694
2017-03-10 11:20:00-05:00,42.29,42.29,42.26,42.28,16592
2017-03-10 11:25:00-05:00,42.28,42.31,42.265,42.305,11145
2017-03-10 11:30:00-05:00,42.3,42.3,42.27,42.27,10789
2017-03-10 11:35:00-05:00,42.27,42.285,42.27,42.27,5091
2017-03-10 11:40:00-05:00,42.27,42.295,42.26,42.27,212086
2017-03-10 11:45:00-05:00,42.27,42.29,42.25,42.27,9322
2017-03-10 11:50:00-05:00,42.27,42.27,42.25,42.25,3999
2017-03-10 11:55:00-05:00,42.25,42.26,42.24,42.25,7304
2017-03-10 12:00:00-05:00,42.26,42.265,42.23,42.23,4431
2017-03-10 12:05:00-05:00,42.23,42.245,42.22,42.24,6927
2017-03-10 12:10:00-05:00,42.235,42.24,42.23,42.24,3592
2017-03-10 12:15:00-05:00,42.24,42.26,42.24,42.24,4009
2017-03-10 12:20:00-05:00,42.25,42.255,42.245,42.255,2502
2017-03-10 12:25:00-05:00,42.25,42.255,42.225,42.225,7490
2017-03-10 12:30:00-05:00,42.23,42.23,42.225,42.23,2992
2017-03-10 12:35:00-05:00,42.23,42.25,42.23,42.25,2494
2017-03-10 12:40:00-05:00,42.25,42.26,42.235,42.245,3271
2017-03-10 12:45:00-05:00,42.25,42.27,42.25,42.265,6063
2017-03-10 12:50:00-05:00,42.265,42.265,42.21,42.22,10415
2017-03-10 12:55:00-05:00,42.225,42.23,42.21,42.22,6094
2017-03-10 13:00:00-05:00,42.23,42.24,42.21,42.21,27201
2017-03-10 13:05:00-05:00,42.215,42.215,42.17,42.17,9813
2017-03-10 13:10:00-05:00,42.175,42.185,42.15,42.185,9382
2017-03-10 13:15:00-05:00,42.185,42.205,42.175,42.195,8322
2017-03-10 13:20:00-05:00,42.195,42.21,42.185,42.205,7837
2017-03-10 13:25:00-05:00,42.205,42.21,42.195,42.2,12983
2017-03-10 13:30:00-05:00,42.2,42.205,42.18,42.185,11372
2017-03-10 13:35:00-05:00,42.185,42.2,42.185,42.195,9532
2017-03-10 13:40:00-05:00,42.2,42.21,42.19,42.19,14289
2017-03-10 13:45:00-05:00,42.195,42.22,42.195,42.22,16535
2017-03-10 13:50:00-05:00,42.215,42.215,42.2,42.205,8410
2017-03-10 13:55:00-05:00,42.205,42.225,42.2,42.215,6656
2017-03-10 14:00:00-05:00,42.22,42.225,42.21,42.225,4694
2017-03-10 14:05:00-05:00,42.22,42.24,42.21,42.24,8006
2017-03-10 14:10:00-05:00,42.235,42.25,42.22,42.24,12241
2017-03-10 14:15:00-05:00,42.25,42.255,42.22,42.225,9916
2017-03-10 14:20:00-05:00,42.225,42.255,42.22,42.245,6380
2017-03-10 14:25:00-05:00,42.245,42.26,42.24,42.255,9967
2017-03-10 14:30:00-05:00,42.245,42.27,42.245,42.27,8774
2017-03-10 14:35:00-05:00,42.27,42.285,42.265,42.28,10957
2017-03-10 14:40:00-05:00,42.275,42.28,42.265,42.28,6956
2017-03-10 14:45:00-05:00,42.28,42.295,42.27,42.295,10320
2017-03-10 14:50:00-05:00,42.3,42.31,42.285,42.285,10684
2017-03-10 14:55:00-05:00,42.29,42.3,42.265,42.275,10086
2017-03-10 15:00:00-05:00,42.275,42.29,42.27,42.27,43637
2017-03-10 15:05:00-05:00,42.275,42.275,42.255,42.265,13086
2017-03-10 15:10:00-05:00,42.265,42.29,42.265,42.29,9133
2017-03-10 15:15:00-05:00,42.29,42.295,42.27,42.275,13845
2017-03-10 15:20:00-05:00,42.275,42.31,42.275,42.3,12642
2017-03-10 15:25:00-05:00,42.305,42.31,42.285,42.31,14184
2017-03-10 15:30:00-05:00,42.305,42.31,42.3,42.305,13196
2017-03-10 15:35:00-05:00,42.305,42.32,42.28,42.285,19002
2017-03-10 15:40:00-05:00,42.285,42.29,42.27,42.285,27740
2017-03-10 15:45:00-05:00,42.28,42.3,42.26,42.3,32219
2017-03-10 15:50:00-05:00,42.3,42.3,42.27,42.285,65364
2017-03-10 15:55:00-05:00,42.285,42.29,42.24,42.285,76821
2017-03-13 09:30:00-04:00,41.88,42.02,41.88,42.02,11986
2017-03-13 09:35:00-04:00,42.015,42.1,42.01,42.09,14642
2017-03-13 09:40:00-04:00,42.09,42.1,42.04,42.04,14146
2017-03-13 09:45:00-04:00,42.04,42.04,42.005,42.01,17817
2017-03-13 09:50:00-04:00,42.01,42.01,41.965,42.0,15783
2017-03-13 09:55:00-04:00,42.0,42.01,41.955,41.96,42488
2017-03-13 10:00:00-04:00,41.96,41.96,41.92,41.92,12910
2017-03-13 10:05:00-04:00,41.92,41.935,41.91,41.93,19296
2017-03-13 10:10:00-04:00,41.925,41.94,41.9,41.905,23194
2017-03-13 10:15:00-04:00,41.91,41.935,41.9,41.9,12917
2017-03-13 10:20:00-04:00,41.905,41.92,41.88,41.88,11432
2017-03-13 10:25:00-04:00,41.87,41.91,41.87,41.91,8901
2017-03-13 10:30:00-04:00,41.91,41.91,41.84,41.84,13999
2017-03-13 10:35:00-04:00,41.85,41.87,41.84,41.855,11408
2017-03-13 10:40:00-04:00,41.86,41.9,41.855,41.895,14349
2017-03-13 10:45:00-04:00,41.895,41.93,41.88,41.925,10197
2017-03-13 10:50:00-04:00,41.925,41.93,41.89,41.93,14107
2017-03-13 10:55:00-04:00,41.93,41.95,41.925,41.945,7940
2017-03-13 11:00:00-04:00,41.945,41.95,41.93,41.94,9885
2017-03-13 11:05:00-04:00,41.945,41.965,41.945,41.965,11037
2017-03-13 11:10:00-04:00,41.965,41.98,41.94,41.975,11646
2017-03-13 11:15:00-04:00,41.975,41.975,41.95,41.965,9345
2017-03-13 11:20:00-04:00,41.965,42.0,41.965,42.0,4708
2017-03-13 11:25:00-04:00,41.995,42.0,41.98,41.985,7345
2017-03-13 11:30:00-04:00,41.985,41.985,41.935,41.955,12629
2017-03-13 11:35:00-04:00,41.955,42.02,41.955,42.015,14460
2017-03-13 11:40:00-04:00,42.015,42.05,42.015,42.05,7000
2017-03-13 11:45:00-04:00,42.05,42.06,42.035,42.05,13030
2017-03-13 11:50:00-04:00,42.05,42.11,42.05,42.11,12089
2017-03-13 11:55:00-04:00,42.1,42.12,42.09,42.12,19400
2017-03-13 12:00:00-04:00,42.115,42.115,42.06,42.06,14273
2017-03-13 12:05:00-04:00,42.05,42.06,42.025,42.025,9173
2017-03-13 12:10:00-04:00,42.02,42.04,42.01,42.04,8165
2017-03-13 12:15:00-04:00,42.04,42.04,42.015,42.025,16447
2017-03-13 12:20:00-04:00,42.03,42.03,41.97,41.985,11589
2017-03-13 12:25:00-04:00,41.985,42.02,41.985,42.0,7594
2017-03-13 12:30:00-04:00,42.0,42.01,41.995,42.005,4234
2017-03-13 12:35:00-04:00,42.005,42.005,41.98,41.99,9850
2017-03-13 12:40:00-04:00,41.985,41.995,41.98,41.985,6670
2017-03-13 12:45:00-04:00,41.99,41.99,41.965,41.975,10126
2017-03-13 12:50:00-04:00,41.98,41.98,41.96,41.96,6005
2017-03-13 12:55:00-04:00,41.97,41.97,41.93,41.93,8258
2017-03-13 13:00:00-04:00,41.93,41.94,41.93,41.935,8902
2017-03-13 13:05:00-04:00,41.93,41.94,41.93,41.935,10642
2017-03-13 13:10:00-04:00,41.93,41.94,41.91,41.93,9815
2017-03-13 13:15:00-04:00,41.93,41.93,41.91,41.925,5359
2017-03-13 13:20:00-04:00,41.925,41.93,41.92,41.925,5750
2017-03-13 13:25:00-04:00,41.925,41.925,41.9,41.905,12579
2017-03-13 13:30:00-04:00,41.905,41.905,41.885,41.89,7997
2017-03-13 13:35:00-04:00,41.89,41.89,41.88,41.885,7492
2017-03-13 13:40:00-04:00,41.885,41.9,41.88,41.88,8221
2017-03-13 13:45:00-04:00,41.885,41.89,41.87,41.88,18582
2017-03-13 13:50:00-04:00,41.885,41.92,41.88,41.91,14743
2017-03-13 13:55:00-04:00,41.915,41.93,41.915,41.925,8189
2017-03-13 14:00:00-04:00,41.925,41.935,41.91,41.915,19082
2017-03-13 14:05:00-04:00,41.91,41.92,41.91,41.915,6832
2017-03-13 14:10:00-04:00,41.92,41.92,41.9,41.9,9107
2017-03-13 14:15:00-04:00,41.9,41.91,41.9,41.905,6156
2017-03-13 14:20:00-04:00,41.9,41.91,41.9,41.9,7689
2017-03-13 14:25:00-04:00,41.9,41.91,41.9,41.905,9577
2017-03-13 14:30:00-04:00,41.9,41.91,41.9,41.905,10496
2017-03-13 14:35:00-04:00,41.9,41.91,41.9,41.9,5512
2017-03-13 14:40:00-04:00,41.9,41.91,41.9,41.91,12732
2017-03-13 14:45:00-04:00,41.905,41.91,41.9,41.9,10557
2017-03-13 14:50:00-04:00,41.905,41.93,41.895,41.925,18468
2017-03-13 14:55:00-04:00,41.925,41.93,41.92,41.93,9687
2017-03-13 15:00:00-04:00,41.935,41.94,41.93,41.935,5665
2017-03-13 15:05:00-04:00,41.935,41.955,41.93,41.955,13131
2017-03-13 15:10:00-04:00,41.955,41.96,41.95,41.955,6598
2017-03-13 15:15:00-04:00,41.955,41.96,41.92,41.92,29292
2017-03-13 15:20:00-04:00,41.925,41.95,41.925,41.95,11252
2017-03-13 15:25:00-04:00,41.945,41.96,41.94,41.955,18717
2017-03-13 15:30:00-04:00,41.96,41.99,41.96,41.985,11794
2017-03-13 15:35:00-04:00,41.985,41.99,41.96,41.965,25102
2017-03-13 15:40:00-04:00,41.96,41.97,41.955,41.97,29216
2017-03-13 15:45:00-04:00,41.97,42.03,41.97,42.025,36426
2017-03-13 15:50:00-04:00,42.025,42.025,42.01,42.02,37468
2017-03-13 15:55:00-04:00,42.02,42.05,42.015,42.03,78931
2017-03-14 09:30:00-04:00,41.95,42.02,41.93,42.0,10679
2017-03-14 09:35:00-04:00,41.99,42.075,41.98,42.02,10667
2017-03-14 09:40:00-04:00,42.03,42.09,42.03,42.08,13864
2017-03-14 09:45:00-04:00,42.095,42.1,42.03,42.05,22340
2017-03-14 09:50:00-04:00,42.045,42.05,42.015,42.03,16850
2017-03-14 09:55:00-04:00,42.015,42.07,42.015,42.06,13103
2017-03-14 10:00:00-04:00,42.05,42.09,42.03,42.09,6127
2017-03-14 10:05:00-04:00,42.08,42.09,42.07,42.07,7124
2017-03-14 10:10:00-04:00,42.07,42.08,42.005,42.03,14507
2017-03-14 10:15:00-04:00,42.03,42.04,41.93,41.95,16560
2017-03-14 10:20:00-04:00,41.96,42.01,41.96,42.005,6490
2017-03-14 10:25:00-04:00,42.01,42.01,41.955,41.96,5045
2017-03-14 10:30:00-04:00,41.96,42.0,41.955,41.995,4706
2017-03-14 10:35:00-04:00,42.0,42.01,41.965,41.965,8439
2017-03-14 10:40:00-04:00,41.97,41.99,41.945,41.945,7896
2017-03-14 10:45:00-04:00,41.925,41.95,41.92,41.94,8261
2017-03-14 10:50:00-04:00,41.95,41.98,41.935,41.955,7191
2017-03-14 10:55:00-04:00,41.96,41.96,41.93,41.94,4951
2017-03-14 11:00:00-04:00,41.94,41.95,41.885,41.885,6011
2017-03-14 11:05:00-04:00,41.885,41.89,41.88,41.88,2346
2017-03-14 11:10:00-04:00,41.88,41.905,41.88,41.9,7045
2017-03-14 11:15:00-04:00,41.905,41.915,41.875,41.875,8995
2017-03-14 11:20:00-04:00,41.87,41.885,41.87,41.88,8355
2017-03-14 11:25:00-04:00,41.88,41.93,41.87,41.93,6681
2017-03-14 11:30:00-04:00,41.94,41.94,41.92,41.92,5737
2017-03-14 11:35:00-04:00,41.92,41.92,41.9,41.905,3222
2017-03-14 11:40:00-04:00,41.9,41.915,41.9,41.905,6773
2017-03-14 11:45:00-04:00,41.9,41.93,41.9,41.93,5239
2017-03-14 11:50:00-04:00,41.94,41.96,41.94,41.94,8839
2017-03-14 11:55:00-04:00,41.94,41.94,41.93,41.93,3400
2017-03-14 12:00:00-04:00,41.94,41.94,41.9,41.9,4504
2017-03-14 12:05:00-04:00,41.9,41.905,41.87,41.87,5333
2017-03-14 12:10:00-04:00,41.875,41.885,41.83,41.84,9124
2017-03-14 12:15:00-04:00,41.85,41.865,41.85,41.85,9298
2017-03-14 12:20:00-04:00,41.855,41.875,41.855,41.87,4021
2017-03-14 12:25:00-04:00,41.87,41.9,41.87,41.895,4124
2017-03-14 12:30:00-04:00,41.9,41.905,41.89,41.9,5706
2017-03-14 12:35:00-04:00,41.91,41.91,41.895,41.91,3522
2017-03-14 12:40:00-04:00,41.91,41.91,41.89,41.89,3200
2017-03-14 12:45:00-04:00,41.89,41.89,41.88,41.88,2579
2017-03-14 12:50:00-04:00,41.88,41.89,41.88,41.885,6100
2017-03-14 12:55:00-04:00,41.885,41.91,41.885,41.91,12370
2017-03-14 13:00:00-04:00,41.91,41.92,41.89,41.9,8913
2017-03-14 13:05:00-04:00,41.9,41.92,41.89,41.89,9873
2017-03-14 13:10:00-04:00,41.89,41.93,41.89,41.93,6405
2017-03-14 13:15:00-04:00,41.93,41.95,41.925,41.94,6578
2017-03-14 13:20:00-04:00,41.945,41.975,41.93,41.96,9046
2017-03-14 13:25:00-04:00,41.96,41.97,41.935,41.935,9370
2017-03-14 13:30:00-04:00,41.94,41.95,41.91,41.91,4814
2017-03-14 13:35:00-04:00,41.92,41.97,41.91,41.96,11190
2017-03-14 13:40:00-04:00,41.96,41.995,41.955,41.995,10518
2017-03-14 13:45:00-04:00,41.985,41.99,41.97,41.98,4405
2017-03-14 13:50:00-04:00,41.98,41.985,41.965,41.965,4323
2017-03-14 13:55:00-04:00,41.97,41.98,41.96,41.97,2730
2017-03-14 14:00:00-04:00,41.97,41.99,41.96,41.97,8663
2017-03-14 14:05:00-04:00,41.965,41.99,41.965,41.97,5657
2017-03-14 14:10:00-04:00,41.97,41.975,41.96,41.965,4524
2017-03-14 14:15:00-04:00,41.965,41.965,41.95,41.96,3799
2017-03-14 14:20:00-04:00,41.97,41.97,41.95,41.97,6874
2017-03-14 14:25:00-04:00,41.965,41.975,41.955,41.955,3599
2017-03-14 14:30:00-04:00,41.955,41.96,41.94,41.945,4873
2017-03-14 14:35:00-04:00,41.95,41.95,41.94,41.95,3458
2017-03-14 14:40:00-04:00,41.95,41.95,41.92,41.92,5393
2017-03-14 14:45:00-04:00,41.925,41.93,41.92,41.93,2447
2017-03-14 14:50:00-04:00,41.93,41.94,41.915,41.94,6193
2017-03-14 14:55:00-04:00,41.935,41.96,41.935,41.96,5392
2017-03-14 15:00:00-04:00,41.96,41.97,41.955,41.96,4524
2017-03-14 15:05:00-04:00,41.96,41.97,41.95,41.965,5994
2017-03-14 15:10:00-04:00,41.965,41.97,41.96,41.965,1800
2017-03-14 15:15:00-04:00,41.96,41.97,41.95,41.96,9268
2017-03-14 15:20:00-04:00,41.95,41.95,41.94,41.95,6106
2017-03-14 15:25:00-04:00,41.96,41.97,41.95,41.97,3908
2017-03-14 15:30:00-04:00,41.97,41.97,41.955,41.955,6389
2017-03-14 15:35:00-04:00,41.96,41.96,41.93,41.945,11381
2017-03-14 15:40:00-04:00,41.94,41.955,41.93,41.955,10552
2017-03-14 15:45:00-04:00,41.95,41.955,41.93,41.94,11370
2017-03-14 15:50:00-04:00,41.945,41.96,41.94,41.955,13446
2017-03-14 15:55:00-04:00,41.96,41.97,41.95,41.96,31318
2017-03-15 09:30:00-04:00,42.005,42.06,42.0,42.05,1101
2017-03-15 09:35:00-04:00,42.09,42.12,42.08,42.11,5127
2017-03-15 09:40:00-04:00,42.1,42.14,42.1,42.125,7434
2017-03-15 09:45:00-04:00,42.13,42.15,42.13,42.14,8127
2017-03-15 09:50:00-04:00,42.16,42.175,42.13,42.16,15758
2017-03-15 09:55:00-04:00,42.155,42.18,42.15,42.15,10494
2017-03-15 10:00:00-04:00,42.15,42.15,42.13,42.15,5075
2017-03-15 10:05:00-04:00,42.16,42.225,42.155,42.2,16294
2017-03-15 10:10:00-04:00,42.195,42.225,42.195,42.22,12469
2017-03-15 10:15:00-04:00,42.21,42.23,42.195,42.205,9342
2017-03-15 10:20:00-04:00,42.21,42.22,42.16,42.175,6132
2017-03-15 10:25:00-04:00,42.17,42.17,42.145,42.16,7915
2017-03-15 10:30:00-04:00,42.15,42.19,42.13,42.19,14395
2017-03-15 10:35:00-04:00,42.195,42.22,42.19,42.195,13930
2017-03-15 10:40:00-04:00,42.195,42.235,42.195,42.225,9542
2017-03-15 10:45:00-04:00,42.22,42.22,42.135,42.135,19208
2017-03-15 10:50:00-04:00,42.14,42.155,42.135,42.14,10362
2017-03-15 10:55:00-04:00,42.145,42.19,42.14,42.18,15558
2017-03-15 11:00:00-04:00,42.18,42.195,42.17,42.19,9554
2017-03-15 11:05:00-04:00,42.19,42.205,42.165,42.18,17177
2017-03-15 11:10:00-04:00,42.19,42.21,42.185,42.205,6810
2017-03-15 11:15:00-04:00,42.2,42.22,42.2,42.215,18605
2017-03-15 11:20:00-04:00,42.215,42.225,42.2,42.215,20145
2017-03-15 11:25:00-04:00,42.21,42.22,42.21,42.215,6776
2017-03-15 11:30:00-04:00,42.215,42.22,42.18,42.18,10644
2017-03-15 11:35:00-04:00,42.185,42.21,42.18,42.205,7850
2017-03-15 11:40:00-04:00,42.205,42.21,42.19,42.21,15641
2017-03-15 11:45:00-04:00,42.21,42.21,42.19,42.19,18638
2017-03-15 11:50:00-04:00,42.19,42.2,42.175,42.2,17637
2017-03-15 11:55:00-04:00,42.205,42.21,42.195,42.205,7024
2017-03-15 12:00:00-04:00,42.205,42.215,42.2,42.215,11958
2017-03-15 12:05:00-04:00,42.21,42.21,42.2,42.205,5637
2017-03-15 12:10:00-04:00,42.21,42.21,42.205,42.21,5578
2017-03-15 12:15:00-04:00,42.2,42.21,42.2,42.2,12658
2017-03-15 12:20:00-04:00,42.205,42.205,42.16,42.16,10203
2017-03-15 12:25:00-04:00,42.16,42.185,42.16,42.18,6575
2017-03-15 12:30:00-04:00,42.155,42.18,42.155,42.165,5347
2017-03-15 12:35:00-04:00,42.17,42.19,42.16,42.175,5724
2017-03-15 12:40:00-04:00,42.19,42.195,42.16,42.19,6914
2017-03-15 12:45:00-04:00,42.19,42.2,42.18,42.2,5475
2017-03-15 12:50:00-04:00,42.19,42.2,42.19,42.19,15823
2017-03-15 12:55:00-04:00,42.19,42.21,42.175,42.2,25235
2017-03-15 13:00:00-04:00,42.2,42.21,42.19,42.195,26500
2017-03-15 13:05:00-04:00,42.195,42.2,42.14,42.14,43151
2017-03-15 13:10:00-04:00,42.15,42.17,42.14,42.17,15167
2017-03-15 13:15:00-04:00,42.17,42.19,42.17,42.17,18351
2017-03-15 13:20:00-04:00,42.17,42.185,42.165,42.18,19686
2017-03-15 13:25:00-04:00,42.17,42.17,42.14,42.15,10453
2017-03-15 13:30:00-04:00,42.145,42.15,42.12,42.14,25072
2017-03-15 13:35:00-04:00,42.14,42.15,42.12,42.12,12630
2017-03-15 13:40:00-04:00,42.12,42.135,42.12,42.135,35858
2017-03-15 13:45:00-04:00,42.135,42.14,42.095,42.095,16300
2017-03-15 13:50:00-04:00,42.1,42.1,42.07,42.085,23092
2017-03-15 13:55:00-04:00,42.085,42.09,41.98,41.99,103436
2017-03-15 14:00:00-04:00,41.99,42.23,41.97,42.22,53574
2017-03-15 14:05:00-04:00,42.22,42.25,42.195,42.22,41455
2017-03-15 14:10:00-04:00,42.23,42.25,42.22,42.22,46855
2017-03-15 14:15:00-04:00,42.22,42.255,42.195,42.21,35768
2017-03-15 14:20:00-04:00,42.205,42.24,42.185,42.19,19889
2017-03-15 14:25:00-04:00,42.2,42.21,42.175,42.185,18728
2017-03-15 14:30:00-04:00,42.18,42.19,42.145,42.16,17741
2017-03-15 14:35:00-04:00,42.15,42.17,42.12,42.155,15891
2017-03-15 14:40:00-04:00,42.155,42.17,42.135,42.14,18240
2017-03-15 14:45:00-04:00,42.14,42.23,42.135,42.22,21789
2017-03-15 14:50:00-04:00,42.215,42.25,42.215,42.22,23358
2017-03-15 14:55:00-04:00,42.22,42.225,42.18,42.22,22082
2017-03-15 15:00:00-04:00,42.22,42.26,42.205,42.21,26693
2017-03-15 15:05:00-04:00,42.2,42.25,42.2,42.245,28584
2017-03-15 15:10:00-04:00,42.245,42.265,42.23,42.26,41240
2017-03-15 15:15:00-04:00,42.265,42.27,42.235,42.26,45764
2017-03-15 15:20:00-04:00,42.25,42.25,42.18,42.18,30424
2017-03-15 15:25:00-04:00,42.18,42.215,42.18,42.215,31055
2017-03-15 15:30:00-04:00,42.215,42.25,42.2,42.22,61023
2017-03-15 15:35:00-04:00,42.225,42.25,42.2,42.23,42256
2017-03-15 15:40:00-04:00,42.23,42.23,42.17,42.19,62826
2017-03-15 15:45:00-04:00,42.19,42.22,42.15,42.17,64611
2017-03-15 15:50:00-04:00,42.17,42.19,42.15,42.16,83704
2017-03-15 15:55:00-04:00,42.165,42.2,42.11,42.12,135317
2017-03-16 09:30:00-04:00,41.98,42.01,41.92,42.01,11889
2017-03-16 09:35:00-04:00,42.02,42.08,41.99,42.07,13410
2017-03-16 09:40:00-04:00,42.06,42.2,42.06,42.18,14642
2017-03-16 09:45:00-04:00,42.17,42.17,42.12,42.16,11565
2017-03-16 09:50:00-04:00,42.17,42.21,42.15,42.18,14680
2017-03-16 09:55:00-04:00,42.17,42.22,42.17,42.21,13774
2017-03-16 10:00:00-04:00,42.21,42.26,42.21,42.23,16743
2017-03-16 10:05:00-04:00,42.23,42.25,42.2,42.24,19284
2017-03-16 10:10:00-04:00,42.25,42.26,42.19,42.21,24206
2017-03-16 10:15:00-04:00,42.21,42.23,42.2,42.21,16856
2017-03-16 10:20:00-04:00,42.205,42.21,42.16,42.19,15355
2017-03-16 10:25:00-04:00,42.195,42.21,42.18,42.21,10166
2017-03-16 10:30:00-04:00,42.21,42.24,42.2,42.22,9456
2017-03-16 10:35:00-04:00,42.225,42.23,42.18,42.18,7967
2017-03-16 10:40:00-04:00,42.18,42.225,42.18,42.22,12806
2017-03-16 10:45:00-04:00,42.23,42.26,42.23,42.26,10220
2017-03-16 10:50:00-04:00,42.255,42.26,42.23,42.24,7214
2017-03-16 10:55:00-04:00,42.24,42.24,42.215,42.24,14032
2017-03-16 11:00:00-04:00,42.24,42.24,42.2,42.21,11226
2017-03-16 11:05:00-04:00,42.21,42.225,42.19,42.2,12368
2017-03-16 11:10:00-04:00,42.21,42.27,42.21,42.24,8989
2017-03-16 11:15:00-04:00,42.24,42.26,42.23,42.24,8940
2017-03-16 11:20:00-04:00,42.24,42.24,42.22,42.23,7978
2017-03-16 11:25:00-04:00,42.23,42.25,42.21,42.21,9626
2017-03-16 11:30:00-04:00,42.215,42.23,42.2,42.22,16895
2017-03-16 11:35:00-04:00,42.22,42.23,42.195,42.2,7807
2017-03-16 11:40:00-04:00,42.195,42.23,42.195,42.2,16983
2017-03-16 11:45:00-04:00,42.21,42.22,42.205,42.22,15020
2017-03-16 11:50:00-04:00,42.215,42.27,42.215,42.25,14062
2017-03-16 11:55:00-04:00,42.25,42.26,42.24,42.26,6412
2017-03-16 12:00:00-04:00,42.26,42.27,42.25,42.26,13810
2017-03-16 12:05:00-04:00,42.265,42.28,42.26,42.27,13873
2017-03-16 12:10:00-04:00,42.27,42.28,42.26,42.28,5980
2017-03-16 12:15:00-04:00,42.275,42.32,42.275,42.32,8410
2017-03-16 12:20:00-04:00,42.33,42.345,42.32,42.345,7212
2017-03-16 12:25:00-04:00,42.34,42.38,42.34,42.36,7582
2017-03-16 12:30:00-04:00,42.365,42.37,42.35,42.36,6585
2017-03-16 12:35:00-04:00,42.365,42.38,42.365,42.38,6683
2017-03-16 12:40:00-04:00,42.38,42.38,42.34,42.345,7984
2017-03-16 12:45:00-04:00,42.35,42.355,42.33,42.35,8810
2017-03-16 12:50:00-04:00,42.35,42.35,42.33,42.35,5503
2017-03-16 12:55:00-04:00,42.35,42.36,42.35,42.36,7879
2017-03-16 13:00:00-04:00,42.355,42.37,42.355,42.37,5750
2017-03-16 13:05:00-04:00,42.38,42.38,42.37,42.37,9275
2017-03-16 13:10:00-04:00,42.365,42.38,42.36,42.38,6004
2017-03-16 13:15:00-04:00,42.38,42.39,42.34,42.355,12820
2017-03-16 13:20:00-04:00,42.36,42.37,42.34,42.36,11683
2017-03-16 13:25:00-04:00,42.36,42.36,42.33,42.33,9382
2017-03-16 13:30:00-04:00,42.33,42.335,42.31,42.31,8289
2017-03-16 13:35:00-04:00,42.31,42.32,42.29,42.3,10165
2017-03-16 13:40:00-04:00,42.29,42.29,42.26,42.28,14354
2017-03-16 13:45:00-04:00,42.275,42.31,42.275,42.3,18095
2017-03-16 13:50:00-04:00,42.305,42.33,42.3,42.31,13650
2017-03-16 13:55:00-04:00,42.31,42.33,42.3,42.32,11361
2017-03-17 09:30:00-04:00,42.22,42.26,42.21,42.21,6267
2017-03-17 09:35:00-04:00,42.21,42.25,42.17,42.25,12153
2017-03-17 09:40:00-04:00,42.26,42.29,42.225,42.25,13648
2017-03-17 09:45:00-04:00,42.26,42.31,42.245,42.29,10026
2017-03-17 09:50:00-04:00,42.29,42.29,42.27,42.28,4546
2017-03-17 09:55:00-04:00,42.27,42.27,42.225,42.26,4395
2017-03-17 10:00:00-04:00,42.26,42.26,42.225,42.25,6074
2017-03-17 10:05:00-04:00,42.25,42.25,42.2,42.21,5305
2017-03-17 10:10:00-04:00,42.22,42.26,42.21,42.26,7455
2017-03-17 10:15:00-04:00,42.255,42.26,42.24,42.25,4350
2017-03-17 10:20:00-04:00,42.25,42.26,42.22,42.23,6146
2017-03-17 10:25:00-04:00,42.24,42.265,42.23,42.265,8811
2017-03-17 10:30:00-04:00,42.27,42.27,42.25,42.27,4175
2017-03-17 10:35:00-04:00,42.27,42.27,42.24,42.26,5726
2017-03-17 10:40:00-04:00,42.275,42.285,42.25,42.28,3773
2017-03-17 10:45:00-04:00,42.29,42.29,42.26,42.28,3418
2017-03-17 10:50:00-04:00,42.27,42.28,42.26,42.27,3754
2017-03-17 10:55:00-04:00,42.26,42.27,42.25,42.265,5218
2017-03-17 11:00:00-04:00,42.265,42.27,42.245,42.25,2918
2017-03-17 11:05:00-04:00,42.24,42.25,42.24,42.24,1885
2017-03-17 11:10:00-04:00,42.25,42.25,42.235,42.24,4296
2017-03-17 11:15:00-04:00,42.24,42.25,42.22,42.235,5500
2017-03-17 11:20:00-04:00,42.235,42.24,42.22,42.225,5023
2017-03-17 11:25:00-04:00,42.23,42.235,42.17,42.17,10665
2017-03-17 11:30:00-04:00,42.175,42.2,42.175,42.185,10405
2017-03-17 11:35:00-04:00,42.185,42.205,42.185,42.2,7559
2017-03-17 11:40:00-04:00,42.195,42.205,42.195,42.2,13551
2017-03-17 11:45:00-04:00,42.21,42.21,42.19,42.2,9497
2017-03-17 11:50:00-04:00,42.21,42.21,42.19,42.195,5022
2017-03-17 11:55:00-04:00,42.19,42.205,42.19,42.2,10428
2017-03-17 12:00:00-04:00,42.195,42.21,42.19,42.195,12688
2017-03-17 12:05:00-04:00,42.19,42.19,42.155,42.16,9873
2017-03-17 12:10:00-04:00,42.17,42.195,42.16,42.19,10980
2017-03-17 12:15:00-04:00,42.18,42.185,42.165,42.179,7845
2017-03-17 12:20:00-04:00,42.18,42.2,42.175,42.18,20185
2017-03-17 12:25:00-04:00,42.18,42.19,42.16,42.165,6773
2017-03-17 12:30:00-04:00,42.16,42.17,42.15,42.17,19067
2017-03-17 12:35:00-04:00,42.175,42.195,42.175,42.19,6608
2017-03-17 12:40:00-04:00,42.2,42.22,42.195,42.195,9034
2017-03-17 12:45:00-04:00,42.2,42.24,42.2,42.23,6744
2017-03-17 12:50:00-04:00,42.235,42.24,42.22,42.235,4982
2017-03-17 12:55:00-04:00,42.24,42.24,42.235,42.24,3974
2017-03-17 13:00:00-04:00,42.235,42.24,42.225,42.24,5333
2017-03-17 13:05:00-04:00,42.24,42.25,42.235,42.245,3682
2017-03-17 13:10:00-04:00,42.245,42.26,42.245,42.26,4810
2017-03-17 13:15:00-04:00,42.26,42.28,42.26,42.275,2920
2017-03-17 13:20:00-04:00,42.28,42.285,42.255,42.285,5199
2017-03-17 13:25:00-04:00,42.29,42.295,42.265,42.275,5204
2017-03-17 13:30:00-04:00,42.27,42.28,42.265,42.275,6159
2017-03-17 13:35:00-04:00,42.275,42.29,42.27,42.27,4558
2017-03-17 13:40:00-04:00,42.27,42.295,42.265,42.29,3919
2017-03-17 13:45:00-04:00,42.29,42.3,42.275,42.295,4958
2017-03-17 13:50:00-04:00,42.3,42.31,42.295,42.305,5746
2017-03-17 13:55:00-04:00,42.3,42.31,42.29,42.295,2824
2017-03-17 14:00:00-04:00,42.295,42.305,42.29,42.295,8680
2017-03-17 14:05:00-04:00,42.3,42.32,42.295,42.315,9266
2017-03-17 14:10:00-04:00,42.31,42.34,42.31,42.335,11479
2017-03-17 14:15:00-04:00,42.335,42.345,42.32,42.34,4048
2017-03-17 14:20:00-04:00,42.34,42.34,42.31,42.32,8216
2017-03-17 14:25:00-04:00,42.33,42.34,42.325,42.335,9051
2017-03-17 14:30:00-04:00,42.335,42.34,42.33,42.335,6200
2017-03-17 14:35:00-04:00,42.34,42.34,42.31,42.315,9220
2017-03-17 14:40:00-04:00,42.315,42.325,42.3,42.3,17520
2017-03-17 14:45:00-04:00,42.3,42.32,42.3,42.315,6954
2017-03-17 14:50:00-04:00,42.315,42.315,42.28,42.285,14520
2017-03-17 14:55:00-04:00,42.28,42.3,42.26,42.265,9179
2017-03-17 15:00:00-04:00,42.27,42.285,42.26,42.265,14496
2017-03-17 15:05:00-04:00,42.265,42.28,42.26,42.265,15978
2017-03-17 15:10:00-04:00,42.265,42.29,42.25,42.25,15676
2017-03-17 15:15:00-04:00,42.25,42.255,42.23,42.23,3207
2017-03-17 15:20:00-04:00,42.235,42.25,42.22,42.22,10378
2017-03-17 15:25:00-04:00,42.22,42.245,42.2,42.2,35948
2017-03-17 15:30:00-04:00,42.2,42.2,42.18,42.18,10719
2017-03-17 15:35:00-04:00,42.17,42.175,42.145,42.16,25924
2017-03-17 15:40:00-04:00,42.165,42.175,42.135,42.15,52795
2017-03-17 15:45:00-04:00,42.15,42.15,42.045,42.055,73109
2017-03-17 15:50:00-04:00,42.05,42.1,42.01,42.02,96252
2017-03-17 15:55:00-04:00,42.03,42.07,42.03,42.03,190105
2017-03-20 09:30:00-04:00,42.09,42.24,42.09,42.24,3664
2017-03-20 09:35:00-04:00,42.24,42.29,42.195,42.2,16242
2017-03-20 09:40:00-04:00,42.195,42.22,42.155,42.16,17836
2017-03-20 09:45:00-04:00,42.165,42.195,42.13,42.195,8077
2017-03-20 09:50:00-04:00,42.195,42.21,42.165,42.165,7575
2017-03-20 09:55:00-04:00,42.18,42.225,42.18,42.225,4243
2017-03-20 10:00:00-04:00,42.225,42.23,42.195,42.23,6217
2017-03-20 10:05:00-04:00,42.22,42.235,42.21,42.215,4221
2017-03-20 10:10:00-04:00,42.21,42.22,42.19,42.19,4812
2017-03-20 10:15:00-04:00,42.19,42.21,42.185,42.2,5165
2017-03-20 10:20:00-04:00,42.205,42.23,42.205,42.225,3027
2017-03-20 10:25:00-04:00,42.23,42.25,42.215,42.215,14096
2017-03-20 10:30:00-04:00,42.22,42.285,42.22,42.26,15384
2017-03-20 10:35:00-04:00,42.25,42.31,42.25,42.305,9276
2017-03-20 10:40:00-04:00,42.3,42.335,42.29,42.33,18197
2017-03-20 10:45:00-04:00,42.33,42.34,42.315,42.32,13065
2017-03-20 10:50:00-04:00,42.31,42.315,42.28,42.295,7667
2017-03-20 10:55:00-04:00,42.295,42.3,42.25,42.255,4713
2017-03-20 11:00:00-04:00,42.255,42.3,42.25,42.28,11299
2017-03-20 11:05:00-04:00,42.28,42.28,42.26,42.27,3593
2017-03-20 11:10:00-04:00,42.26,42.27,42.25,42.265,2221
2017-03-20 11:15:00-04:00,42.26,42.26,42.235,42.25,3257
2017-03-20 11:20:00-04:00,42.24,42.24,42.2,42.2,6362
2017-03-20 11:25:00-04:00,42.205,42.21,42.185,42.2,2878
2017-03-20 11:30:00-04:00,42.2,42.21,42.19,42.2,3600
2017-03-20 11:35:00-04:00,42.2,42.23,42.2,42.215,3707
2017-03-20 11:40:00-04:00,42.21,42.22,42.21,42.21,2708
2017-03-20 11:45:00-04:00,42.2,42.23,42.2,42.22,3217
2017-03-20 11:50:00-04:00,42.22,42.24,42.215,42.22,5755
2017-03-20 11:55:00-04:00,42.225,42.245,42.22,42.245,5793
2017-03-20 12:00:00-04:00,42.24,42.24,42.22,42.22,2959
2017-03-20 12:05:00-04:00,42.23,42.255,42.23,42.24,4517
2017-03-20 12:10:00-04:00,42.235,42.26,42.23,42.24,5012
2017-03-20 12:15:00-04:00,42.24,42.245,42.22,42.225,9408
2017-03-20 12:20:00-04:00,42.22,42.24,42.22,42.23,5702
2017-03-20 12:25:00-04:00,42.24,42.245,42.23,42.23,5226
2017-03-20 12:30:00-04:00,42.23,42.24,42.22,42.22,3158
2017-03-20 12:35:00-04:00,42.215,42.22,42.21,42.22,2401
2017-03-20 12:40:00-04:00,42.22,42.22,42.215,42.22,2285
2017-03-20 12:45:00-04:00,42.21,42.215,42.19,42.21,7173
2017-03-20 12:50:00-04:00,42.21,42.23,42.21,42.22,3549
2017-03-20 12:55:00-04:00,42.22,42.235,42.22,42.23,7806
2017-03-20 13:00:00-04:00,42.23,42.235,42.2,42.22,7156
2017-03-20 13:05:00-04:00,42.2,42.2,42.18,42.18,2402
2017-03-20 13:10:00-04:00,42.18,42.18,42.155,42.16,4155
2017-03-20 13:15:00-04:00,42.16,42.16,42.15,42.15,3782
2017-03-20 13:20:00-04:00,42.15,42.155,42.15,42.15,2143
2017-03-20 13:25:00-04:00,42.15,42.18,42.15,42.17,4903
2017-03-20 13:30:00-04:00,42.16,42.17,42.16,42.16,4472
2017-03-20 13:35:00-04:00,42.165,42.18,42.16,42.165,3996
2017-03-20 13:40:00-04:00,42.165,42.185,42.15,42.165,12744
2017-03-20 13:45:00-04:00,42.17,42.18,42.165,42.175,2747
2017-03-20 13:50:00-04:00,42.18,42.195,42.175,42.18,6292
2017-03-20 13:55:00-04:00,42.185,42.2,42.18,42.19,8953
2017-03-20 14:00:00-04:00,42.185,42.19,42.17,42.175,9336
2017-03-20 14:05:00-04:00,42.17,42.19,42.17,42.19,11980
2017-03-20 14:10:00-04:00,42.185,42.2,42.17,42.19,12883
2017-03-20 14:15:00-04:00,42.195,42.195,42.165,42.17,12668
2017-03-20 14:20:00-04:00,42.175,42.19,42.17,42.185,6383
2017-03-20 14:25:00-04:00,42.19,42.21,42.185,42.195,6627
2017-03-20 14:30:00-04:00,42.195,42.22,42.195,42.2,14989
2017-03-20 14:35:00-04:00,42.2,42.215,42.16,42.17,8962
2017-03-20 14:40:00-04:00,42.18,42.18,42.17,42.175,4682
2017-03-20 14:45:00-04:00,42.17,42.18,42.14,42.16,7469
2017-03-20 14:50:00-04:00,42.16,42.17,42.14,42.16,6602
2017-03-20 14:55:00-04:00,42.16,42.19,42.15,42.18,20268
2017-03-20 15:00:00-04:00,42.175,42.19,42.17,42.17,7360
2017-03-20 15:05:00-04:00,42.17,42.19,42.17,42.17,7065
2017-03-20 15:10:00-04:00,42.165,42.18,42.165,42.18,10398
2017-03-20 15:15:00-04:00,42.175,42.2,42.17,42.19,15220
2017-03-20 15:20:00-04:00,42.195,42.2,42.18,42.18,7114
2017-03-20 15:25:00-04:00,42.18,42.2,42.17,42.195,15783
2017-03-20 15:30:00-04:00,42.195,42.23,42.19,42.23,13584
2017-03-20 15:35:00-04:00,42.23,42.24,42.22,42.22,21306
2017-03-20 15:40:00-04:00,42.21,42.23,42.21,42.23,11276
2017-03-20 15:45:00-04:00,42.22,42.26,42.21,42.23,40762
2017-03-20 15:50:00-04:00,42.24,42.24,42.21,42.215,36099
2017-03-20 15:55:00-04:00,42.22,42.24,42.215,42.24,44212
2017-03-21 09:30:00-04:00,42.305,42.35,42.22,42.35,1800
2017-03-21 09:35:00-04:00,42.355,42.37,42.34,42.34,6072
2017-03-21 09:40:00-04:00,42.34,42.35,42.3,42.34,5702
2017-03-21 09:45:00-04:00,42.34,42.36,42.32,42.345,8744
2017-03-21 09:50:00-04:00,42.345,42.4,42.345,42.39,6487
2017-03-21 09:55:00-04:00,42.38,42.45,42.38,42.435,6139
2017-03-21 10:00:00-04:00,42.435,42.44,42.37,42.38,8120
2017-03-21 10:05:00-04:00,42.4,42.4,42.37,42.385,10572
2017-03-21 10:10:00-04:00,42.38,42.4,42.36,42.37,8717
2017-03-21 10:15:00-04:00,42.38,42.39,42.34,42.34,5100
2017-03-21 10:20:00-04:00,42.35,42.35,42.3,42.3,7350
2017-03-21 10:25:00-04:00,42.295,42.31,42.26,42.27,5299
2017-03-21 10:30:00-04:00,42.27,42.28,42.25,42.27,11763
2017-03-21 10:35:00-04:00,42.275,42.3,42.27,42.3,19200
2017-03-21 10:40:00-04:00,42.3,42.355,42.29,42.355,7120
2017-03-21 10:45:00-04:00,42.355,42.37,42.355,42.37,6199
2017-03-21 10:50:00-04:00,42.37,42.38,42.34,42.34,4417
2017-03-21 10:55:00-04:00,42.34,42.34,42.27,42.33,9903
2017-03-21 11:00:00-04:00,42.34,42.35,42.33,42.33,7745
2017-03-21 11:05:00-04:00,42.32,42.37,42.32,42.36,5021
2017-03-21 11:10:00-04:00,42.38,42.405,42.38,42.395,6421
2017-03-21 11:15:00-04:00,42.4,42.44,42.38,42.44,11919
2017-03-21 11:20:00-04:00,42.43,42.49,42.43,42.47,8112
2017-03-21 11:25:00-04:00,42.48,42.5,42.46,42.47,7239
2017-03-21 11:30:00-04:00,42.475,42.48,42.46,42.465,5320
2017-03-21 11:35:00-04:00,42.475,42.495,42.445,42.49,7077
2017-03-21 11:40:00-04:00,42.49,42.5,42.46,42.49,9230
2017-03-21 11:45:00-04:00,42.49,42.5,42.44,42.44,9065
2017-03-21 11:50:00-04:00,42.44,42.44,42.41,42.44,13036
2017-03-21 11:55:00-04:00,42.44,42.44,42.395,42.41,7233
2017-03-21 12:00:00-04:00,42.4,42.41,42.37,42.41,10268
2017-03-21 12:05:00-04:00,42.41,42.42,42.4,42.415,8208
2017-03-21 12:10:00-04:00,42.415,42.43,42.405,42.42,8773
2017-03-21 12:15:00-04:00,42.43,42.475,42.42,42.445,6528
2017-03-21 12:20:00-04:00,42.445,42.49,42.44,42.48,6582
2017-03-21 12:25:00-04:00,42.485,42.49,42.455,42.48,8240
2017-03-21 12:30:00-04:00,42.475,42.48,42.46,42.47,5277
2017-03-21 12:35:00-04:00,42.465,42.465,42.44,42.45,7504
2017-03-21 12:40:00-04:00,42.46,42.46,42.445,42.45,7563
2017-03-21 12:45:00-04:00,42.45,42.48,42.44,42.48,12488
2017-03-21 12:50:00-04:00,42.48,42.49,42.475,42.49,3381
2017-03-21 12:55:00-04:00,42.49,42.5,42.485,42.5,7066
2017-03-21 13:00:00-04:00,42.5,42.54,42.495,42.53,10632
2017-03-21 13:05:00-04:00,42.535,42.54,42.495,42.5,11928
2017-03-21 13:10:00-04:00,42.51,42.52,42.49,42.505,8110
2017-03-21 13:15:00-04:00,42.505,42.54,42.505,42.54,6255
2017-03-21 13:20:00-04:00,42.535,42.535,42.495,42.52,6249
2017-03-21 13:25:00-04:00,42.52,42.53,42.51,42.52,6980
2017-03-21 13:30:00-04:00,42.52,42.53,42.51,42.52,6559
2017-03-21 13:35:00-04:00,42.52,42.52,42.5,42.51,5780
2017-03-21 13:40:00-04:00,42.515,42.53,42.51,42.52,7187
2017-03-21 13:45:00-04:00,42.515,42.53,42.515,42.525,9715
2017-03-21 13:50:00-04:00,42.525,42.53,42.475,42.495,15695
2017-03-21 13:55:00-04:00,42.5,42.51,42.49,42.495,7009
2017-03-21 14:00:00-04:00,42.495,42.51,42.485,42.485,6176
2017-03-21 14:05:00-04:00,42.48,42.52,42.48,42.5,16554
2017-03-21 14:10:00-04:00,42.505,42.53,42.5,42.53,13869
2017-03-21 14:15:00-04:00,42.53,42.56,42.51,42.56,10732
2017-03-21 14:20:00-04:00,42.555,42.56,42.535,42.55,8250
2017-03-21 14:25:00-04:00,42.555,42.56,42.53,42.54,8875
2017-03-21 14:30:00-04:00,42.55,42.56,42.54,42.555,9727
2017-03-21 14:35:00-04:00,42.555,42.58,42.55,42.58,19160
2017-03-21 14:40:00-04:00,42.575,42.59,42.57,42.59,6276
2017-03-21 14:45:00-04:00,42.585,42.585,42.55,42.585,33194
2017-03-21 14:50:00-04:00,42.585,42.59,42.57,42.585,13728
2017-03-21 14:55:00-04:00,42.585,42.625,42.58,42.595,12123
2017-03-21 15:00:00-04:00,42.6,42.61,42.57,42.575,17921
2017-03-21 15:05:00-04:00,42.57,42.6,42.56,42.57,12855
2017-03-21 15:10:00-04:00,42.575,42.6,42.57,42.59,13463
2017-03-21 15:15:00-04:00,42.595,42.62,42.59,42.615,16612
2017-03-21 15:20:00-04:00,42.615,42.615,42.58,42.585,19073
2017-03-21 15:25:00-04:00,42.58,42.6,42.58,42.595,10740
2017-03-21 15:30:00-04:00,42.59,42.595,42.56,42.565,24082
2017-03-21 15:35:00-04:00,42.56,42.56,42.52,42.52,28397
2017-03-21 15:40:00-04:00,42.51,42.535,42.51,42.525,42365
2017-03-21 15:45:00-04:00,42.52,42.55,42.51,42.55,59259
2017-03-21 15:50:00-04:00,42.55,42.55,42.51,42.54,47037
2017-03-21 15:55:00-04:00,42.54,42.55,42.5,42.5,68456
2017-03-22 09:30:00-04:00,42.59,42.68,42.59,42.645,5332
2017-03-22 09:35:00-04:00,42.645,42.645,42.49,42.49,12948
2017-03-22 09:40:00-04:00,42.51,42.52,42.46,42.48,20875
2017-03-22 09:45:00-04:00,42.47,42.48,42.39,42.39,15084
2017-03-22 09:50:00-04:00,42.4,42.465,42.39,42.45,6853
2017-03-22 09:55:00-04:00,42.45,42.45,42.42,42.44,6153
2017-03-22 10:00:00-04:00,42.45,42.46,42.37,42.38,6911
2017-03-22 10:05:00-04:00,42.375,42.41,42.35,42.395,7395
2017-03-22 10:10:00-04:00,42.39,42.4,42.35,42.39,7304
2017-03-22 10:15:00-04:00,42.38,42.38,42.34,42.38,4752
2017-03-22 10:20:00-04:00,42.38,42.39,42.325,42.35,7264
2017-03-22 10:25:00-04:00,42.345,42.36,42.325,42.36,4400
2017-03-22 10:30:00-04:00,42.37,42.37,42.335,42.36,8252
2017-03-22 10:35:00-04:00,42.36,42.385,42.355,42.36,8114
2017-03-22 10:40:00-04:00,42.37,42.4,42.365,42.4,6724
2017-03-22 10:45:00-04:00,42.395,42.405,42.365,42.365,6611
2017-03-22 10:50:00-04:00,42.37,42.395,42.35,42.35,8914
2017-03-22 10:55:00-04:00,42.335,42.435,42.335,42.42,5415
2017-03-22 11:00:00-04:00,42.425,42.45,42.41,42.42,5285
2017-03-22 11:05:00-04:00,42.42,42.43,42.405,42.41,4498
2017-03-22 11:10:00-04:00,42.42,42.475,42.42,42.47,6425
2017-03-22 11:15:00-04:00,42.49,42.525,42.48,42.51,7137
2017-03-22 11:20:00-04:00,42.51,42.52,42.465,42.5,6760
2017-03-22 11:25:00-04:00,42.5,42.515,42.49,42.515,4200
2017-03-22 11:30:00-04:00,42.51,42.52,42.49,42.51,3621
2017-03-22 11:35:00-04:00,42.515,42.525,42.475,42.48,10272
2017-03-22 11:40:00-04:00,42.48,42.495,42.47,42.47,5699
2017-03-22 11:45:00-04:00,42.47,42.475,42.43,42.45,7571
2017-03-22 11:50:00-04:00,42.45,42.46,42.4,42.405,9206
2017-03-22 11:55:00-04:00,42.4,42.41,42.385,42.395,7921
2017-03-22 12:00:00-04:00,42.395,42.42,42.39,42.42,8291
2017-03-22 12:05:00-04:00,42.42,42.425,42.4,42.41,7798
2017-03-22 12:10:00-04:00,42.41,42.445,42.4,42.41,6202
2017-03-22 12:15:00-04:00,42.41,42.45,42.41,42.43,8394
2017-03-22 12:20:00-04:00,42.435,42.45,42.41,42.415,8218
2017-03-22 12:25:00-04:00,42.41,42.415,42.39,42.39,5833
2017-03-22 12:30:00-04:00,42.39,42.41,42.39,42.39,7065
2017-03-22 12:35:00-04:00,42.4,42.4,42.345,42.35,8402
2017-03-22 12:40:00-04:00,42.35,42.37,42.35,42.37,6747
2017-03-22 12:45:00-04:00,42.365,42.37,42.33,42.35,7686
2017-03-22 12:50:00-04:00,42.35,42.355,42.33,42.35,4600
2017-03-22 12:55:00-04:00,42.35,42.355,42.335,42.345,11993
2017-03-22 13:00:00-04:00,42.34,42.35,42.3,42.33,12182
2017-03-22 13:05:00-04:00,42.32,42.35,42.32,42.345,8101
2017-03-22 13:10:00-04:00,42.34,42.355,42.33,42.335,8830
2017-03-22 13:15:00-04:00,42.335,42.355,42.33,42.345,11347
2017-03-22 13:20:00-04:00,42.34,42.35,42.33,42.345,8533
2017-03-22 13:25:00-04:00,42.345,42.355,42.34,42.345,4972
2017-03-22 13:30:00-04:00,42.335,42.365,42.335,42.365,7823
2017-03-22 13:35:00-04:00,42.365,42.37,42.35,42.36,8521
2017-03-22 13:40:00-04:00,42.36,42.365,42.34,42.36,8157
2017-03-22 13:45:00-04:00,42.36,42.365,42.34,42.35,7380
2017-03-22 13:50:00-04:00,42.35,42.35,42.32,42.32,8080
2017-03-22 13:55:00-04:00,42.325,42.325,42.29,42.29,8707
2017-03-22 14:00:00-04:00,42.29,42.295,42.25,42.26,7606
2017-03-22 14:05:00-04:00,42.255,42.27,42.255,42.265,5031
2017-03-22 14:10:00-04:00,42.26,42.275,42.26,42.26,6884
2017-03-22 14:15:00-04:00,42.26,42.28,42.26,42.27,9008
2017-03-22 14:20:00-04:00,42.27,42.28,42.26,42.28,8178
2017-03-22 14:25:00-04:00,42.27,42.27,42.26,42.27,5161
2017-03-22 14:30:00-04:00,42.27,42.275,42.26,42.275,6392
2017-03-22 14:35:00-04:00,42.28,42.28,42.26,42.275,16417
2017-03-22 14:40:00-04:00,42.275,42.28,42.26,42.275,13315
2017-03-22 14:45:00-04:00,42.275,42.285,42.26,42.275,18384
2017-03-22 14:50:00-04:00,42.275,42.305,42.275,42.285,6432
2017-03-22 14:55:00-04:00,42.285,42.285,42.27,42.275,7375
2017-03-22 15:00:00-04:00,42.275,42.285,42.27,42.285,12641
2017-03-22 15:05:00-04:00,42.29,42.29,42.26,42.275,11966
2017-03-22 15:10:00-04:00,42.275,42.29,42.275,42.29,13568
2017-03-22 15:15:00-04:00,42.29,42.33,42.29,42.325,11721
2017-03-22 15:20:00-04:00,42.33,42.36,42.32,42.345,9898
2017-03-22 15:25:00-04:00,42.345,42.37,42.34,42.36,8775
2017-03-22 15:30:00-04:00,42.355,42.355,42.32,42.32,11939
2017-03-22 15:35:00-04:00,42.325,42.345,42.31,42.315,8886
2017-03-22 15:40:00-04:00,42.31,42.33,42.31,42.32,19225
2017-03-22 15:45:00-04:00,42.33,42.375,42.325,42.37,8602
2017-03-22 15:50:00-04:00,42.37,42.38,42.355,42.37,25480
2017-03-22 15:55:00-04:00,42.37,42.4,42.37,42.38,46184
2017-03-23 09:30:00-04:00,42.23,42.34,42.23,42.29,1689
2017-03-23 09:35:00-04:00,42.26,42.35,42.26,42.29,2150
2017-03-23 09:40:00-04:00,42.26,42.26,42.19,42.19,9786
2017-03-23 09:45:00-04:00,42.17,42.18,42.12,42.18,12126
2017-03-23 09:50:00-04:00,42.16,42.23,42.16,42.22,9724
2017-03-23 09:55:00-04:00,42.22,42.22,42.165,42.175,5698
2017-03-23 10:00:00-04:00,42.17,42.175,42.14,42.145,8784
2017-03-23 10:05:00-04:00,42.15,42.22,42.15,42.215,6800
2017-03-23 10:10:00-04:00,42.21,42.22,42.18,42.19,5906
2017-03-23 10:15:00-04:00,42.19,42.2,42.17,42.17,3751
2017-03-23 10:20:00-04:00,42.16,42.16,42.14,42.14,5812
2017-03-23 10:25:00-04:00,42.135,42.15,42.13,42.15,1001
2017-03-23 10:30:00-04:00,42.15,42.15,42.12,42.13,3269
2017-03-23 10:35:00-04:00,42.135,42.14,42.115,42.115,1696
2017-03-23 10:40:00-04:00,42.12,42.13,42.11,42.12,3565
2017-03-23 10:45:00-04:00,42.12,42.14,42.11,42.115,5323
2017-03-23 10:50:00-04:00,42.12,42.15,42.115,42.15,6485
2017-03-23 10:55:00-04:00,42.17,42.21,42.17,42.195,6742
2017-03-23 11:00:00-04:00,42.195,42.2,42.165,42.165,5626
2017-03-23 11:05:00-04:00,42.16,42.22,42.155,42.22,5108
2017-03-23 11:10:00-04:00,42.22,42.25,42.22,42.23,4336
2017-03-23 11:15:00-04:00,42.24,42.28,42.24,42.28,6400
2017-03-23 11:20:00-04:00,42.27,42.27,42.255,42.27,5131
2017-03-23 11:25:00-04:00,42.255,42.26,42.25,42.25,3329
2017-03-23 11:30:00-04:00,42.245,42.26,42.24,42.24,7650
2017-03-23 11:35:00-04:00,42.24,42.25,42.23,42.24,3982
2017-03-23 11:40:00-04:00,42.24,42.295,42.24,42.291,10742
2017-03-23 11:45:00-04:00,42.29,42.3,42.28,42.29,5680
2017-03-23 11:50:00-04:00,42.28,42.3,42.28,42.3,2107
2017-03-23 11:55:00-04:00,42.3,42.32,42.3,42.32,6585
2017-03-23 12:00:00-04:00,42.32,42.33,42.32,42.33,1769
2017-03-23 12:05:00-04:00,42.34,42.36,42.33,42.36,2640
2017-03-23 12:10:00-04:00,42.36,42.38,42.33,42.33,7807
2017-03-23 12:15:00-04:00,42.325,42.33,42.29,42.295,8504
2017-03-23 12:20:00-04:00,42.3,42.34,42.295,42.335,5256
2017-03-23 12:25:00-04:00,42.33,42.34,42.33,42.34,5801
2017-03-23 12:30:00-04:00,42.34,42.36,42.32,42.36,4560
2017-03-23 12:35:00-04:00,42.36,42.36,42.34,42.34,2364
2017-03-23 12:40:00-04:00,42.34,42.34,42.32,42.32,2397
2017-03-23 12:45:00-04:00,42.32,42.32,42.3,42.3,3197
2017-03-23 12:50:00-04:00,42.31,42.32,42.31,42.32,1114
2017-03-23 12:55:00-04:00,42.325,42.34,42.32,42.34,2695
2017-03-23 13:00:00-04:00,42.35,42.37,42.32,42.33,6616
2017-03-23 13:05:00-04:00,42.33,42.34,42.3,42.3,3749
2017-03-23 13:10:00-04:00,42.3,42.33,42.3,42.31,4482
2017-03-23 13:15:00-04:00,42.32,42.32,42.28,42.29,3712
2017-03-23 13:20:00-04:00,42.27,42.28,42.265,42.275,3344
2017-03-23 13:25:00-04:00,42.265,42.29,42.25,42.25,3334
2017-03-23 13:30:00-04:00,42.26,42.275,42.255,42.27,5284
2017-03-23 13:35:00-04:00,42.26,42.29,42.26,42.28,3516
2017-03-23 13:40:00-04:00,42.27,42.28,42.26,42.28,7005
2017-03-23 13:45:00-04:00,42.28,42.295,42.27,42.27,4233
2017-03-23 13:50:00-04:00,42.28,42.29,42.28,42.285,2667
2017-03-23 13:55:00-04:00,42.28,42.295,42.275,42.295,3442
2017-03-23 14:00:00-04:00,42.29,42.315,42.285,42.31,6811
2017-03-23 14:05:00-04:00,42.32,42.35,42.31,42.34,7702
2017-03-23 14:10:00-04:00,42.34,42.34,42.335,42.34,800
2017-03-23 14:15:00-04:00,42.34,42.34,42.33,42.34,1457
2017-03-23 14:20:00-04:00,42.34,42.34,42.32,42.33,2424
2017-03-23 14:25:00-04:00,42.33,42.33,42.29,42.29,4144
2017-03-23 14:30:00-04:00,42.29,42.29,42.28,42.28,3630
2017-03-23 14:35:00-04:00,42.27,42.27,42.25,42.26,4673
2017-03-23 14:40:00-04:00,42.26,42.27,42.25,42.27,2671
2017-03-23 14:45:00-04:00,42.26,42.27,42.25,42.25,2618
2017-03-23 14:50:00-04:00,42.25,42.26,42.245,42.255,4141
2017-03-23 14:55:00-04:00,42.26,42.26,42.23,42.23,6884
2017-03-23 15:00:00-04:00,42.22,42.22,42.19,42.2,3784
2017-03-23 15:05:00-04:00,42.2,42.225,42.2,42.215,5145
2017-03-23 15:10:00-04:00,42.215,42.22,42.16,42.16,9391
2017-03-23 15:15:00-04:00,42.17,42.17,42.135,42.16,7931
2017-03-23 15:20:00-04:00,42.16,42.185,42.16,42.175,2556
2017-03-23 15:25:00-04:00,42.17,42.19,42.135,42.135,5706
2017-03-23 15:30:00-04:00,42.135,42.14,42.08,42.09,56748
2017-03-23 15:35:00-04:00,42.1,42.12,42.09,42.1,12600
2017-03-23 15:40:00-04:00,42.1,42.11,42.06,42.065,12686
2017-03-23 15:45:00-04:00,42.06,42.115,42.06,42.11,28228
2017-03-23 15:50:00-04:00,42.11,42.11,42.07,42.11,41856
2017-03-23 15:55:00-04:00,42.12,42.18,42.11,42.17,58330
2017-03-24 09:00:00-04:00,42.19,42.19,42.19,42.19,500
2017-03-24 09:30:00-04:00,42.17,42.2,42.12,42.12,13544
2017-03-24 09:35:00-04:00,42.15,42.21,42.05,42.065,49118
2017-03-24 09:40:00-04:00,42.07,42.08,42.06,42.06,29764
2017-03-24 09:45:00-04:00,42.07,42.09,42.03,42.03,25441
2017-03-24 09:50:00-04:00,42.035,42.04,42.03,42.03,11807
2017-03-24 09:55:00-04:00,42.035,42.06,42.01,42.015,13832
2017-03-24 10:00:00-04:00,42.015,42.03,42.005,42.005,21811
2017-03-24 10:05:00-04:00,42.0,42.005,41.95,41.98,38086
2017-03-24 10:10:00-04:00,41.98,42.0,41.95,41.95,10322
2017-03-24 10:15:00-04:00,41.96,41.96,41.95,41.95,14736
2017-03-24 10:20:00-04:00,41.955,41.96,41.92,41.92,6567
2017-03-24 10:25:00-04:00,41.91,41.92,41.91,41.915,14416
2017-03-24 10:30:00-04:00,41.915,41.94,41.915,41.92,24222
2017-03-24 10:35:00-04:00,41.93,41.96,41.925,41.96,14449
2017-03-24 10:40:00-04:00,41.96,41.98,41.96,41.97,13395
2017-03-24 10:45:00-04:00,41.98,41.98,41.96,41.965,10015
2017-03-24 10:50:00-04:00,41.96,41.97,41.955,41.965,22630
2017-03-24 10:55:00-04:00,41.96,41.98,41.96,41.97,14971
2017-03-24 11:00:00-04:00,41.97,42.0,41.97,42.0,15492
2017-03-24 11:05:00-04:00,42.0,42.01,41.995,42.01,12310
2017-03-24 11:10:00-04:00,42.005,42.02,42.005,42.02,7865
2017-03-24 11:15:00-04:00,42.02,42.03,42.02,42.03,8520
2017-03-24 11:20:00-04:00,42.03,42.03,41.99,42.0,17732
2017-03-24 11:25:00-04:00,41.995,42.0,41.96,41.965,15479
2017-03-24 11:30:00-04:00,41.96,41.965,41.95,41.955,689451
2017-03-24 11:35:00-04:00,41.955,41.96,41.95,41.96,2888
2017-03-24 11:40:00-04:00,41.955,42.02,41.955,42.02,7687
2017-03-24 11:45:00-04:00,42.015,42.02,42.0,42.0,4884
2017-03-24 11:50:00-04:00,42.0,42.02,41.98,42.02,6065
2017-03-24 11:55:00-04:00,42.025,42.05,42.02,42.05,4415
2017-03-24 12:00:00-04:00,42.05,42.055,42.04,42.045,6802
2017-03-24 12:05:00-04:00,42.05,42.07,42.05,42.065,16322
2017-03-24 12:10:00-04:00,42.065,42.08,41.98,41.985,11459
2017-03-24 12:15:00-04:00,41.985,42.01,41.98,41.995,5838
2017-03-24 12:20:00-04:00,41.99,41.99,41.965,41.99,6712
2017-03-24 12:25:00-04:00,41.99,42.085,41.99,42.07,7946
2017-03-24 12:30:00-04:00,42.08,42.09,42.05,42.08,7063
2017-03-24 12:35:00-04:00,42.085,42.11,42.08,42.11,3039
2017-03-24 12:40:00-04:00,42.1,42.12,42.095,42.115,6501
2017-03-24 12:45:00-04:00,42.11,42.12,42.1,42.11,4094
2017-03-24 12:50:00-04:00,42.12,42.12,42.08,42.1,7228
2017-03-24 12:55:00-04:00,42.11,42.12,42.1,42.12,3691
2017-03-24 13:00:00-04:00,42.13,42.15,42.13,42.14,4975
2017-03-24 13:05:00-04:00,42.14,42.14,42.11,42.125,6021
2017-03-24 13:10:00-04:00,42.13,42.14,42.11,42.12,2680
2017-03-24 13:15:00-04:00,42.13,42.16,42.13,42.16,1817
2017-03-24 13:20:00-04:00,42.155,42.16,42.14,42.16,4247
2017-03-24 13:25:00-04:00,42.17,42.19,42.16,42.165,3798
2017-03-24 13:30:00-04:00,42.165,42.19,42.16,42.19,5144
2017-03-24 13:35:00-04:00,42.18,42.19,42.16,42.19,6156
2017-03-24 13:40:00-04:00,42.185,42.185,42.18,42.18,4179
2017-03-24 13:45:00-04:00,42.185,42.19,42.17,42.19,3623
2017-03-24 13:50:00-04:00,42.19,42.2,42.17,42.2,5843
2017-03-24 13:55:00-04:00,42.19,42.195,42.175,42.18,8058
2017-03-24 14:00:00-04:00,42.19,42.19,42.17,42.175,5194
2017-03-24 14:05:00-04:00,42.18,42.185,42.17,42.17,5591
2017-03-24 14:10:00-04:00,42.16,42.195,42.16,42.18,4639
2017-03-24 14:15:00-04:00,42.18,42.2,42.18,42.2,2181
2017-03-24 14:20:00-04:00,42.205,42.22,42.19,42.22,3128
2017-03-24 14:25:00-04:00,42.22,42.24,42.21,42.235,7597
2017-03-24 14:30:00-04:00,42.24,42.25,42.23,42.24,6412
2017-03-24 14:35:00-04:00,42.24,42.24,42.21,42.22,6817
2017-03-24 14:40:00-04:00,42.23,42.23,42.205,42.21,5176
2017-03-24 14:45:00-04:00,42.21,42.225,42.19,42.19,9226
2017-03-24 14:50:00-04:00,42.19,42.19,42.15,42.15,7168
2017-03-24 14:55:00-04:00,42.16,42.17,42.155,42.17,5836
2017-03-24 15:00:00-04:00,42.17,42.17,42.125,42.15,11045
2017-03-24 15:05:00-04:00,42.145,42.15,42.105,42.145,11082
2017-03-24 15:10:00-04:00,42.145,42.15,42.11,42.11,14761
2017-03-24 15:15:00-04:00,42.11,42.12,42.095,42.11,8916
2017-03-24 15:20:00-04:00,42.12,42.13,42.1,42.11,6284
2017-03-24 15:25:00-04:00,42.12,42.12,42.08,42.095,7369
2017-03-24 15:30:00-04:00,42.095,42.145,42.08,42.14,12111
2017-03-24 15:35:00-04:00,42.13,42.18,42.11,42.18,13848
2017-03-24 15:40:00-04:00,42.17,42.22,42.17,42.205,13650
2017-03-24 15:45:00-04:00,42.2,42.2,42.12,42.15,29256
2017-03-24 15:50:00-04:00,42.13,42.19,42.13,42.17,27536
2017-03-24 15:55:00-04:00,42.17,42.185,42.12,42.12,90445
2017-03-27 08:10:00-04:00,42.01,42.01,42.01,42.01,200
2017-03-27 09:10:00-04:00,42.09,42.09,42.09,42.09,100
2017-03-27 09:30:00-04:00,42.05,42.205,42.05,42.205,3577
2017-03-27 09:35:00-04:00,42.2,42.25,42.19,42.24,5010
2017-03-27 09:40:00-04:00,42.23,42.32,42.225,42.31,10297
2017-03-27 09:45:00-04:00,42.32,42.32,42.26,42.28,10246
2017-03-27 09:50:00-04:00,42.28,42.28,42.26,42.27,7348
2017-03-27 09:55:00-04:00,42.27,42.335,42.245,42.33,4433
2017-03-27 10:00:00-04:00,42.32,42.32,42.25,42.255,4909
2017-03-27 10:05:00-04:00,42.26,42.26,42.19,42.19,9101
2017-03-27 10:10:00-04:00,42.19,42.19,42.075,42.075,6636
2017-03-27 10:15:00-04:00,42.08,42.11,42.07,42.075,4762
2017-03-27 10:20:00-04:00,42.08,42.085,42.05,42.06,5684
2017-03-27 10:25:00-04:00,42.06,42.11,42.055,42.11,7221
2017-03-27 10:30:00-04:00,42.1,42.11,42.085,42.095,7681
2017-03-27 10:35:00-04:00,42.09,42.15,42.09,42.15,10107
2017-03-27 10:40:00-04:00,42.15,42.21,42.15,42.195,12172
2017-03-27 10:45:00-04:00,42.2,42.225,42.185,42.225,8983
2017-03-27 10:50:00-04:00,42.22,42.25,42.22,42.25,5607
2017-03-27 10:55:00-04:00,42.25,42.25,42.22,42.235,8950
2017-03-27 11:00:00-04:00,42.235,42.25,42.22,42.23,8202
2017-03-27 11:05:00-04:00,42.23,42.25,42.22,42.23,11453
2017-03-27 11:10:00-04:00,42.22,42.245,42.21,42.235,7008
2017-03-27 11:15:00-04:00,42.22,42.24,42.215,42.23,6865
2017-03-27 11:20:00-04:00,42.23,42.23,42.195,42.2,9142
2017-03-27 11:25:00-04:00,42.2,42.21,42.15,42.18,8366
2017-03-27 11:30:00-04:00,42.185,42.22,42.185,42.21,7646
2017-03-27 11:35:00-04:00,42.215,42.24,42.2,42.205,8640
2017-03-27 11:40:00-04:00,42.2,42.21,42.19,42.2,6893
2017-03-27 11:45:00-04:00,42.21,42.22,42.21,42.215,1902
2017-03-27 11:50:00-04:00,42.215,42.23,42.205,42.22,5283
2017-03-27 11:55:00-04:00,42.22,42.23,42.21,42.23,2775
2017-03-27 12:00:00-04:00,42.235,42.26,42.235,42.26,4832
2017-03-27 12:05:00-04:00,42.24,42.25,42.22,42.235,3608
2017-03-27 12:10:00-04:00,42.235,42.235,42.19,42.205,4596
2017-03-27 12:15:00-04:00,42.215,42.23,42.21,42.225,6346
2017-03-27 12:20:00-04:00,42.225,42.23,42.22,42.225,2476
2017-03-27 12:25:00-04:00,42.23,42.23,42.2,42.2,6381
2017-03-27 12:30:00-04:00,42.19,42.2,42.18,42.2,5965
2017-03-27 12:35:00-04:00,42.2,42.215,42.19,42.19,7721
2017-03-27 12:40:00-04:00,42.195,42.2,42.18,42.195,5332
2017-03-27 12:45:00-04:00,42.2,42.2,42.18,42.2,4492
2017-03-27 12:50:00-04:00,42.195,42.225,42.19,42.22,6289
2017-03-27 12:55:00-04:00,42.22,42.23,42.21,42.21,2002
2017-03-27 13:00:00-04:00,42.215,42.215,42.19,42.2,6431
2017-03-27 13:05:00-04:00,42.19,42.2,42.17,42.175,3882
2017-03-27 13:10:00-04:00,42.175,42.185,42.165,42.165,4666
2017-03-27 13:15:00-04:00,42.165,42.17,42.14,42.17,6328
2017-03-27 13:20:00-04:00,42.16,42.18,42.145,42.145,4706
2017-03-27 13:25:00-04:00,42.145,42.15,42.13,42.145,3472
2017-03-27 13:30:00-04:00,42.15,42.15,42.14,42.15,2825
2017-03-27 13:35:00-04:00,42.15,42.17,42.145,42.15,6448
2017-03-27 13:40:00-04:00,42.15,42.17,42.15,42.16,3753
2017-03-27 13:45:00-04:00,42.16,42.18,42.155,42.175,2224
2017-03-27 13:50:00-04:00,42.175,42.19,42.175,42.19,8743
2017-03-27 13:55:00-04:00,42.185,42.19,42.17,42.17,5695
2017-03-27 14:00:00-04:00,42.17,42.185,42.17,42.175,6317
2017-03-27 14:05:00-04:00,42.175,42.21,42.17,42.195,7961
2017-03-27 14:10:00-04:00,42.2,42.2,42.18,42.18,2477
2017-03-27 14:15:00-04:00,42.18,42.19,42.15,42.155,9525
2017-03-27 14:20:00-04:00,42.15,42.16,42.14,42.15,8429
2017-03-27 14:25:00-04:00,42.14,42.145,42.12,42.145,7568
2017-03-27 14:30:00-04:00,42.14,42.16,42.13,42.135,4468
2017-03-27 14:35:00-04:00,42.14,42.16,42.14,42.145,14470
2017-03-27 14:40:00-04:00,42.14,42.16,42.13,42.16,4688
2017-03-27 14:45:00-04:00,42.16,42.2,42.15,42.2,8576
2017-03-27 14:50:00-04:00,42.2,42.21,42.185,42.21,9744
2017-03-27 14:55:00-04:00,42.21,42.25,42.21,42.24,7739
2017-03-27 15:00:00-04:00,42.23,42.26,42.22,42.25,7515
2017-03-27 15:05:00-04:00,42.25,42.27,42.245,42.26,5555
2017-03-27 15:10:00-04:00,42.26,42.27,42.245,42.265,11268
2017-03-27 15:15:00-04:00,42.27,42.3,42.26,42.285,33021
2017-03-27 15:20:00-04:00,42.28,42.285,42.255,42.26,34948
2017-03-27 15:25:00-04:00,42.26,42.265,42.25,42.255,10874
2017-03-27 15:30:00-04:00,42.25,42.28,42.245,42.265,13288
2017-03-27 15:35:00-04:00,42.265,42.3,42.265,42.295,14626
2017-03-27 15:40:00-04:00,42.3,42.3,42.27,42.285,25847
2017-03-27 15:45:00-04:00,42.28,42.29,42.27,42.29,34734
2017-03-27 15:50:00-04:00,42.285,42.29,42.27,42.28,44307
2017-03-27 15:55:00-04:00,42.28,42.32,42.27,42.31,76830
2017-03-28 09:30:00-04:00,42.27,42.42,42.26,42.41,6938
2017-03-28 09:35:00-04:00,42.41,42.43,42.33,42.335,10700
2017-03-28 09:40:00-04:00,42.33,42.4,42.31,42.4,4521
2017-03-28 09:45:00-04:00,42.395,42.4,42.36,42.375,7022
2017-03-28 09:50:00-04:00,42.375,42.38,42.34,42.34,4839
2017-03-28 09:55:00-04:00,42.35,42.395,42.345,42.39,6773
2017-03-28 10:00:00-04:00,42.39,42.44,42.38,42.44,5771
2017-03-28 10:05:00-04:00,42.45,42.5,42.45,42.475,6995
2017-03-28 10:10:00-04:00,42.475,42.5,42.46,42.48,10318
2017-03-28 10:15:00-04:00,42.48,42.485,42.45,42.465,7469
2017-03-28 10:20:00-04:00,42.47,42.48,42.39,42.4,23825
2017-03-28 10:25:00-04:00,42.39,42.39,42.35,42.38,4613
2017-03-28 10:30:00-04:00,42.375,42.39,42.365,42.39,9170
2017-03-28 10:35:00-04:00,42.39,42.39,42.36,42.37,6470
2017-03-28 10:40:00-04:00,42.38,42.43,42.38,42.415,9570
2017-03-28 10:45:00-04:00,42.42,42.47,42.415,42.465,6554
2017-03-28 10:50:00-04:00,42.47,42.495,42.465,42.49,13976
2017-03-28 10:55:00-04:00,42.48,42.48,42.46,42.48,5526
2017-03-28 11:00:00-04:00,42.48,42.49,42.46,42.465,7095
2017-03-28 11:05:00-04:00,42.47,42.5,42.47,42.48,11008
2017-03-28 11:10:00-04:00,42.48,42.5,42.47,42.48,10813
2017-03-28 11:15:00-04:00,42.485,42.485,42.41,42.415,10801
2017-03-28 11:20:00-04:00,42.415,42.415,42.37,42.375,7367
2017-03-28 11:25:00-04:00,42.37,42.405,42.37,42.405,12155
2017-03-28 11:30:00-04:00,42.405,42.41,42.37,42.39,11426
2017-03-28 11:35:00-04:00,42.39,42.425,42.39,42.405,4312
2017-03-28 11:40:00-04:00,42.405,42.41,42.38,42.38,6152
2017-03-28 11:45:00-04:00,42.38,42.445,42.38,42.445,11383
2017-03-28 11:50:00-04:00,42.44,42.47,42.44,42.46,8490
2017-03-28 11:55:00-04:00,42.46,42.47,42.43,42.45,7028
2017-03-28 12:00:00-04:00,42.45,42.47,42.45,42.47,4754
2017-03-28 12:05:00-04:00,42.47,42.47,42.41,42.41,13561
2017-03-28 12:10:00-04:00,42.42,42.43,42.415,42.425,5548
2017-03-28 12:15:00-04:00,42.43,42.44,42.41,42.42,7990
2017-03-28 12:20:00-04:00,42.41,42.41,42.39,42.395,4948
2017-03-28 12:25:00-04:00,42.39,42.4,42.36,42.37,5967
2017-03-28 12:30:00-04:00,42.37,42.37,42.36,42.365,16225
2017-03-28 12:35:00-04:00,42.37,42.37,42.36,42.36,9675
2017-03-28 12:40:00-04:00,42.365,42.37,42.36,42.365,6336
2017-03-28 12:45:00-04:00,42.37,42.37,42.355,42.365,6919
2017-03-28 12:50:00-04:00,42.37,42.37,42.355,42.355,21188
2017-03-28 12:55:00-04:00,42.36,42.38,42.355,42.375,9192
2017-03-28 13:00:00-04:00,42.375,42.42,42.375,42.415,7378
2017-03-28 13:05:00-04:00,42.42,42.46,42.41,42.46,3104
2017-03-28 13:10:00-04:00,42.455,42.48,42.445,42.445,8494
2017-03-28 13:15:00-04:00,42.445,42.46,42.44,42.445,3197
2017-03-28 13:20:00-04:00,42.44,42.46,42.435,42.455,5175
2017-03-28 13:25:00-04:00,42.46,42.48,42.46,42.475,2001
2017-03-28 13:30:00-04:00,42.475,42.48,42.475,42.475,1593
2017-03-28 13:35:00-04:00,42.47,42.49,42.465,42.465,11723
2017-03-28 13:40:00-04:00,42.47,42.485,42.465,42.465,9354
2017-03-28 13:45:00-04:00,42.465,42.47,42.46,42.465,2661
2017-03-28 13:50:00-04:00,42.46,42.47,42.455,42.465,5280
2017-03-28 13:55:00-04:00,42.46,42.515,42.46,42.49,22533
2017-03-28 14:00:00-04:00,42.485,42.495,42.46,42.47,6775
2017-03-28 14:05:00-04:00,42.48,42.48,42.46,42.465,5548
2017-03-28 14:10:00-04:00,42.47,42.49,42.465,42.485,9887
2017-03-28 14:15:00-04:00,42.485,42.5,42.48,42.49,6683
2017-03-28 14:20:00-04:00,42.49,42.495,42.48,42.495,5692
2017-03-28 14:25:00-04:00,42.495,42.495,42.48,42.495,4920
2017-03-28 14:30:00-04:00,42.49,42.495,42.485,42.49,4610
2017-03-28 14:35:00-04:00,42.49,42.52,42.485,42.515,25257
2017-03-28 14:40:00-04:00,42.52,42.545,42.52,42.545,5364
2017-03-28 14:45:00-04:00,42.545,42.56,42.53,42.535,8482
2017-03-28 14:50:00-04:00,42.54,42.54,42.515,42.52,7135
2017-03-28 14:55:00-04:00,42.52,42.52,42.5,42.505,7360
2017-03-28 15:00:00-04:00,42.505,42.53,42.505,42.515,8468
2017-03-28 15:05:00-04:00,42.515,42.53,42.5,42.505,9719
2017-03-28 15:10:00-04:00,42.5,42.52,42.5,42.515,7390
2017-03-28 15:15:00-04:00,42.515,42.52,42.495,42.515,8975
2017-03-28 15:20:00-04:00,42.52,42.525,42.5,42.5,10619
2017-03-28 15:25:00-04:00,42.5,42.5,42.45,42.46,18238
2017-03-28 15:30:00-04:00,42.46,42.48,42.445,42.47,13718
2017-03-28 15:35:00-04:00,42.47,42.5,42.465,42.47,13068
2017-03-28 15:40:00-04:00,42.47,42.5,42.465,42.48,15583
2017-03-28 15:45:00-04:00,42.48,42.48,42.45,42.46,16374
2017-03-28 15:50:00-04:00,42.45,42.46,42.42,42.445,29116
2017-03-28 15:55:00-04:00,42.44,42.47,42.42,42.43,58518
2017-03-29 09:15:00-04:00,42.38,42.38,42.38,42.38,100
2017-03-29 09:30:00-04:00,42.44,42.44,42.31,42.345,2686
2017-03-29 09:35:00-04:00,42.33,42.33,42.3,42.31,6286
2017-03-29 09:40:00-04:00,42.315,42.34,42.29,42.325,9823
2017-03-29 09:45:00-04:00,42.32,42.35,42.3,42.35,12344
2017-03-29 09:50:00-04:00,42.36,42.43,42.36,42.425,49114
2017-03-29 09:55:00-04:00,42.43,42.49,42.43,42.49,32070
2017-03-29 10:00:00-04:00,42.49,42.49,42.42,42.42,14057
2017-03-29 10:05:00-04:00,42.41,42.46,42.41,42.455,7232
2017-03-29 10:10:00-04:00,42.45,42.47,42.42,42.42,10601
2017-03-29 10:15:00-04:00,42.42,42.435,42.4,42.43,5610
2017-03-29 10:20:00-04:00,42.43,42.47,42.43,42.46,8406
2017-03-29 10:25:00-04:00,42.45,42.45,42.42,42.42,2345
2017-03-29 10:30:00-04:00,42.43,42.44,42.415,42.42,2735
2017-03-29 10:35:00-04:00,42.43,42.44,42.405,42.405,2868
2017-03-29 10:40:00-04:00,42.4,42.41,42.39,42.405,4034
2017-03-29 10:45:00-04:00,42.41,42.42,42.4,42.405,5843
2017-03-29 10:50:00-04:00,42.41,42.46,42.4,42.45,11958
2017-03-29 10:55:00-04:00,42.455,42.46,42.45,42.455,7477
2017-03-29 11:00:00-04:00,42.45,42.47,42.44,42.465,14736
2017-03-29 11:05:00-04:00,42.47,42.51,42.465,42.51,7012
2017-03-29 11:10:00-04:00,42.5,42.52,42.5,42.515,5041
2017-03-29 11:15:00-04:00,42.52,42.52,42.46,42.48,9837
2017-03-29 11:20:00-04:00,42.48,42.485,42.44,42.445,5411
2017-03-29 11:25:00-04:00,42.44,42.445,42.43,42.43,4102
2017-03-29 11:30:00-04:00,42.43,42.43,42.4,42.425,8703
2017-03-29 11:35:00-04:00,42.425,42.425,42.375,42.38,11743
2017-03-29 11:40:00-04:00,42.38,42.41,42.37,42.385,3448
2017-03-29 11:45:00-04:00,42.4,42.425,42.4,42.415,4555
2017-03-29 11:50:00-04:00,42.42,42.43,42.405,42.42,4195
2017-03-29 11:55:00-04:00,42.41,42.45,42.41,42.44,4625
2017-03-29 12:00:00-04:00,42.435,42.47,42.435,42.455,4331
2017-03-29 12:05:00-04:00,42.45,42.48,42.45,42.475,3761
2017-03-29 12:10:00-04:00,42.48,42.5,42.47,42.5,5072
2017-03-29 12:15:00-04:00,42.505,42.52,42.5,42.51,1795
2017-03-29 12:20:00-04:00,42.51,42.515,42.49,42.49,2583
2017-03-29 12:25:00-04:00,42.49,42.495,42.48,42.49,1765
2017-03-29 12:30:00-04:00,42.49,42.49,42.48,42.49,1772
2017-03-29 12:35:00-04:00,42.49,42.49,42.47,42.47,4103
2017-03-29 12:40:00-04:00,42.48,42.49,42.48,42.48,1609
2017-03-29 12:45:00-04:00,42.485,42.49,42.475,42.48,2900
2017-03-29 12:50:00-04:00,42.48,42.48,42.44,42.445,2099
2017-03-29 12:55:00-04:00,42.41,42.435,42.41,42.43,3946
2017-03-29 13:00:00-04:00,42.435,42.445,42.43,42.445,8602
2017-03-29 13:05:00-04:00,42.445,42.455,42.445,42.455,7412
2017-03-29 13:10:00-04:00,42.45,42.495,42.44,42.485,26776
2017-03-29 13:15:00-04:00,42.5,42.5,42.46,42.49,14405
2017-03-29 13:20:00-04:00,42.49,42.49,42.46,42.465,14501
2017-03-29 13:25:00-04:00,42.46,42.47,42.45,42.47,9971
2017-03-29 13:30:00-04:00,42.47,42.47,42.465,42.47,1706
2017-03-29 13:35:00-04:00,42.465,42.48,42.46,42.46,13660
2017-03-29 13:40:00-04:00,42.46,42.46,42.435,42.45,6487
2017-03-29 13:45:00-04:00,42.45,42.45,42.44,42.45,3428
2017-03-29 13:50:00-04:00,42.445,42.445,42.43,42.43,9984
2017-03-29 13:55:00-04:00,42.42,42.435,42.42,42.435,5479
2017-03-29 14:00:00-04:00,42.435,42.45,42.42,42.44,10602
2017-03-29 14:05:00-04:00,42.44,42.46,42.44,42.455,3282
2017-03-29 14:10:00-04:00,42.46,42.475,42.44,42.45,13046
2017-03-29 14:15:00-04:00,42.45,42.46,42.45,42.45,2775
2017-03-29 14:20:00-04:00,42.45,42.46,42.445,42.45,2941
2017-03-29 14:25:00-04:00,42.445,42.46,42.44,42.45,2157
2017-03-29 14:30:00-04:00,42.455,42.46,42.43,42.43,5017
2017-03-29 14:35:00-04:00,42.43,42.435,42.42,42.435,6093
2017-03-29 14:40:00-04:00,42.44,42.455,42.43,42.45,5329
2017-03-29 14:45:00-04:00,42.45,42.45,42.445,42.45,1402
2017-03-29 14:50:00-04:00,42.45,42.45,42.44,42.45,5439
2017-03-29 14:55:00-04:00,42.45,42.47,42.45,42.455,5868
2017-03-29 15:00:00-04:00,42.46,42.47,42.455,42.465,1008
2017-03-29 15:05:00-04:00,42.47,42.48,42.46,42.48,5199
2017-03-29 15:10:00-04:00,42.48,42.48,42.43,42.43,7588
2017-03-29 15:15:00-04:00,42.43,42.44,42.43,42.435,3510
2017-03-29 15:20:00-04:00,42.44,42.45,42.43,42.435,7828
2017-03-29 15:25:00-04:00,42.435,42.45,42.43,42.45,3834
2017-03-29 15:30:00-04:00,42.44,42.44,42.42,42.435,7897
2017-03-29 15:35:00-04:00,42.44,42.45,42.43,42.44,12242
2017-03-29 15:40:00-04:00,42.44,42.44,42.395,42.395,16312
2017-03-29 15:45:00-04:00,42.39,42.4,42.38,42.4,8375
2017-03-29 15:50:00-04:00,42.39,42.42,42.385,42.39,20146
2017-03-29 15:55:00-04:00,42.39,42.42,42.38,42.415,41757
2017-03-30 09:30:00-04:00,42.33,42.35,42.285,42.3,9708
2017-03-30 09:35:00-04:00,42.29,42.355,42.27,42.355,16593
2017-03-30 09:40:00-04:00,42.355,42.4,42.35,42.37,4582
2017-03-30 09:45:00-04:00,42.36,42.415,42.36,42.41,13576
2017-03-30 09:50:00-04:00,42.4,42.425,42.39,42.4,12353
2017-03-30 09:55:00-04:00,42.41,42.43,42.39,42.41,23070
2017-03-30 10:00:00-04:00,42.42,42.475,42.42,42.475,4331
2017-03-30 10:05:00-04:00,42.48,42.505,42.48,42.49,5145
2017-03-30 10:10:00-04:00,42.505,42.51,42.49,42.495,4464
2017-03-30 10:15:00-04:00,42.51,42.53,42.49,42.495,4440
2017-03-30 10:20:00-04:00,42.49,42.52,42.49,42.5,4026
2017-03-30 10:25:00-04:00,42.51,42.53,42.51,42.52,2919
2017-03-30 10:30:00-04:00,42.51,42.51,42.5,42.5,9842
2017-03-30 10:35:00-04:00,42.51,42.52,42.5,42.5,2326
2017-03-30 10:40:00-04:00,42.5,42.5,42.48,42.49,14225
2017-03-30 10:45:00-04:00,42.48,42.49,42.46,42.46,3607
2017-03-30 10:50:00-04:00,42.465,42.51,42.465,42.5,15520
2017-03-30 10:55:00-04:00,42.5,42.525,42.47,42.525,6075
2017-03-30 11:00:00-04:00,42.54,42.55,42.52,42.52,4048
2017-03-30 11:05:00-04:00,42.525,42.54,42.52,42.53,5210
2017-03-30 11:10:00-04:00,42.52,42.52,42.49,42.49,2313
2017-03-30 11:15:00-04:00,42.5,42.5,42.49,42.495,1997
2017-03-30 11:20:00-04:00,42.5,42.555,42.49,42.555,4968
2017-03-30 11:25:00-04:00,42.56,42.57,42.54,42.555,7953
2017-03-30 11:30:00-04:00,42.55,42.56,42.51,42.54,8547
2017-03-30 11:35:00-04:00,42.535,42.535,42.525,42.525,8692
2017-03-30 11:40:00-04:00,42.53,42.53,42.5,42.53,22961
2017-03-30 11:45:00-04:00,42.53,42.54,42.53,42.53,7285
2017-03-30 11:50:00-04:00,42.53,42.545,42.53,42.54,7812
2017-03-30 11:55:00-04:00,42.53,42.54,42.52,42.525,19386
2017-03-30 12:00:00-04:00,42.525,42.54,42.51,42.535,20753
2017-03-30 12:05:00-04:00,42.535,42.545,42.52,42.52,13368
2017-03-30 12:10:00-04:00,42.51,42.51,42.46,42.46,2442
2017-03-30 12:15:00-04:00,42.47,42.48,42.45,42.47,3397
2017-03-30 12:20:00-04:00,42.47,42.47,42.45,42.45,2450
2017-03-30 12:25:00-04:00,42.455,42.465,42.45,42.46,4119
2017-03-30 12:30:00-04:00,42.45,42.455,42.43,42.44,4656
2017-03-30 12:35:00-04:00,42.44,42.45,42.41,42.42,4945
2017-03-30 12:40:00-04:00,42.41,42.43,42.405,42.42,8223
2017-03-30 12:45:00-04:00,42.425,42.43,42.42,42.42,2167
2017-03-30 12:50:00-04:00,42.42,42.43,42.41,42.43,5208
2017-03-30 12:55:00-04:00,42.43,42.44,42.425,42.44,2898
2017-03-30 13:00:00-04:00,42.435,42.44,42.42,42.42,12705
2017-03-30 13:05:00-04:00,42.42,42.43,42.41,42.43,7932
2017-03-30 13:10:00-04:00,42.42,42.46,42.42,42.45,4846
2017-03-30 13:15:00-04:00,42.45,42.45,42.435,42.445,9490
2017-03-30 13:20:00-04:00,42.445,42.47,42.44,42.47,13581
2017-03-30 13:25:00-04:00,42.47,42.48,42.45,42.48,3817
2017-03-30 13:30:00-04:00,42.48,42.48,42.45,42.48,5524
2017-03-30 13:35:00-04:00,42.47,42.47,42.455,42.465,4332
2017-03-30 13:40:00-04:00,42.47,42.49,42.47,42.49,3595
2017-03-30 13:45:00-04:00,42.485,42.505,42.47,42.5,10480
2017-03-30 13:50:00-04:00,42.5,42.5,42.49,42.5,6392
2017-03-30 13:55:00-04:00,42.5,42.5,42.495,42.5,10135
2017-03-30 14:00:00-04:00,42.495,42.5,42.49,42.5,7099
2017-03-30 14:05:00-04:00,42.5,42.515,42.5,42.515,2873
2017-03-30 14:10:00-04:00,42.51,42.51,42.5,42.51,3404
2017-03-30 14:15:00-04:00,42.505,42.515,42.5,42.5,3423
2017-03-30 14:20:00-04:00,42.505,42.51,42.495,42.51,5836
2017-03-30 14:25:00-04:00,42.51,42.53,42.51,42.51,5359
2017-03-30 14:30:00-04:00,42.51,42.52,42.51,42.51,4773
2017-03-30 14:35:00-04:00,42.515,42.53,42.51,42.525,3476
2017-03-30 14:40:00-04:00,42.53,42.53,42.51,42.51,3558
2017-03-30 14:45:00-04:00,42.5,42.53,42.5,42.52,3736
2017-03-30 14:50:00-04:00,42.52,42.53,42.52,42.52,8436
2017-03-30 14:55:00-04:00,42.525,42.55,42.52,42.55,9101
2017-03-30 15:00:00-04:00,42.55,42.55,42.545,42.545,1477
2017-03-30 15:05:00-04:00,42.55,42.56,42.54,42.56,7203
2017-03-30 15:10:00-04:00,42.56,42.56,42.545,42.56,9431
2017-03-30 15:15:00-04:00,42.555,42.56,42.545,42.55,7938
2017-03-30 15:20:00-04:00,42.55,42.57,42.55,42.56,8724
2017-03-30 15:25:00-04:00,42.57,42.58,42.56,42.575,14512
2017-03-30 15:30:00-04:00,42.575,42.58,42.57,42.57,8673
2017-03-30 15:35:00-04:00,42.575,42.585,42.555,42.585,14124
2017-03-30 15:40:00-04:00,42.585,42.61,42.58,42.61,19663
2017-03-30 15:45:00-04:00,42.61,42.61,42.57,42.57,19780
2017-03-30 15:50:00-04:00,42.575,42.59,42.55,42.585,14149
2017-03-30 15:55:00-04:00,42.585,42.6,42.57,42.57,89874
2017-03-31 09:30:00-04:00,42.59,42.65,42.59,42.6,6659
2017-03-31 09:35:00-04:00,42.61,42.64,42.6,42.6,7681
2017-03-31 09:40:00-04:00,42.595,42.61,42.59,42.61,7253
2017-03-31 09:45:00-04:00,42.62,42.63,42.61,42.63,6071
2017-03-31 09:50:00-04:00,42.63,42.64,42.59,42.605,4142
2017-03-31 09:55:00-04:00,42.605,42.61,42.595,42.595,13013
2017-03-31 10:00:00-04:00,42.59,42.62,42.59,42.61,12208
2017-03-31 10:05:00-04:00,42.61,42.65,42.61,42.64,17552
2017-03-31 10:10:00-04:00,42.635,42.645,42.62,42.63,7022
2017-03-31 10:15:00-04:00,42.63,42.64,42.59,42.605,5841
2017-03-31 10:20:00-04:00,42.6,42.61,42.6,42.61,6530
2017-03-31 10:25:00-04:00,42.61,42.61,42.595,42.6,3469
2017-03-31 10:30:00-04:00,42.605,42.61,42.58,42.585,10949
2017-03-31 10:35:00-04:00,42.59,42.61,42.58,42.6,8619
2017-03-31 10:40:00-04:00,42.61,42.615,42.59,42.6,9070
2017-03-31 10:45:00-04:00,42.595,42.615,42.59,42.605,5739
2017-03-31 10:50:00-04:00,42.605,42.605,42.58,42.6,125844
2017-03-31 10:55:00-04:00,42.6,42.62,42.6,42.6,4209
2017-03-31 11:00:00-04:00,42.6,42.62,42.595,42.6,3619
2017-03-31 11:05:00-04:00,42.6,42.61,42.595,42.605,3598
2017-03-31 11:10:00-04:00,42.605,42.61,42.59,42.61,5125
2017-03-31 11:15:00-04:00,42.62,42.62,42.57,42.58,6751
2017-03-31 11:20:00-04:00,42.575,42.58,42.545,42.555,7530
2017-03-31 11:25:00-04:00,42.56,42.56,42.545,42.555,16933
2017-03-31 11:30:00-04:00,42.555,42.56,42.545,42.555,13422
2017-03-31 11:35:00-04:00,42.555,42.56,42.545,42.56,10634
2017-03-31 11:40:00-04:00,42.555,42.6,42.555,42.59,6549
2017-03-31 11:45:00-04:00,42.585,42.585,42.57,42.58,3459
2017-03-31 11:50:00-04:00,42.57,42.575,42.56,42.565,5007
2017-03-31 11:55:00-04:00,42.565,42.57,42.56,42.565,2597
2017-03-31 12:00:00-04:00,42.565,42.565,42.545,42.56,4805
2017-03-31 12:05:00-04:00,42.555,42.555,42.55,42.555,1031
2017-03-31 12:10:00-04:00,42.56,42.58,42.555,42.56,6100
2017-03-31 12:15:00-04:00,42.555,42.57,42.545,42.565,3765
2017-03-31 12:20:00-04:00,42.57,42.58,42.57,42.57,5086
2017-03-31 12:25:00-04:00,42.57,42.57,42.55,42.555,3354
2017-03-31 12:30:00-04:00,42.56,42.57,42.545,42.56,5466
2017-03-31 12:35:00-04:00,42.57,42.57,42.535,42.535,4731
2017-03-31 12:40:00-04:00,42.54,42.55,42.54,42.55,3837
2017-03-31 12:45:00-04:00,42.55,42.555,42.55,42.55,2520
2017-03-31 12:50:00-04:00,42.55,42.55,42.52,42.52,8726
2017-03-31 12:55:00-04:00,42.53,42.535,42.53,42.53,1854
2017-03-31 13:00:00-04:00,42.52,42.53,42.51,42.515,3428
2017-03-31 13:05:00-04:00,42.52,42.54,42.51,42.54,5072
2017-03-31 13:10:00-04:00,42.54,42.55,42.52,42.52,3211
2017-03-31 13:15:00-04:00,42.52,42.52,42.5,42.5,5721
2017-03-31 13:20:00-04:00,42.51,42.52,42.5,42.51,4789
2017-03-31 13:25:00-04:00,42.51,42.54,42.505,42.54,4099
2017-03-31 13:30:00-04:00,42.55,42.56,42.545,42.55,3179
2017-03-31 13:35:00-04:00,42.55,42.56,42.53,42.53,3610
2017-03-31 13:40:00-04:00,42.53,42.535,42.525,42.53,4943
2017-03-31 13:45:00-04:00,42.53,42.54,42.525,42.54,3196
2017-03-31 13:50:00-04:00,42.535,42.54,42.525,42.53,3617
2017-03-31 13:55:00-04:00,42.535,42.54,42.52,42.54,5097
2017-03-31 14:00:00-04:00,42.535,42.55,42.52,42.53,10789
2017-03-31 14:05:00-04:00,42.53,42.53,42.51,42.515,10751
2017-03-31 14:10:00-04:00,42.515,42.53,42.49,42.51,14571
2017-03-31 14:15:00-04:00,42.51,42.52,42.5,42.51,5030
2017-03-31 14:20:00-04:00,42.51,42.525,42.5,42.525,3140
2017-03-31 14:25:00-04:00,42.53,42.53,42.505,42.515,6263
2017-03-31 14:30:00-04:00,42.51,42.52,42.51,42.515,3935
2017-03-31 14:35:00-04:00,42.51,42.515,42.5,42.51,5921
2017-03-31 14:40:00-04:00,42.505,42.525,42.505,42.505,4889
2017-03-31 14:45:00-04:00,42.505,42.52,42.5,42.52,4441
2017-03-31 14:50:00-04:00,42.53,42.53,42.51,42.52,10245
2017-03-31 14:55:00-04:00,42.515,42.52,42.505,42.51,7323
2017-03-31 15:00:00-04:00,42.5,42.53,42.5,42.53,5084
2017-03-31 15:05:00-04:00,42.525,42.53,42.495,42.51,28267
2017-03-31 15:10:00-04:00,42.51,42.54,42.51,42.525,5253
2017-03-31 15:15:00-04:00,42.525,42.53,42.52,42.53,5987
2017-03-31 15:20:00-04:00,42.525,42.53,42.52,42.52,7606
2017-03-31 15:25:00-04:00,42.52,42.53,42.52,42.52,12767
2017-03-31 15:30:00-04:00,42.52,42.59,42.52,42.57,15755
2017-03-31 15:35:00-04:00,42.57,42.58,42.52,42.525,12269
2017-03-31 15:40:00-04:00,42.525,42.55,42.52,42.525,12784
2017-03-31 15:45:00-04:00,42.52,42.525,42.47,42.49,17244
2017-03-31 15:50:00-04:00,42.485,42.5,42.46,42.47,45624
2017-03-31 15:55:00-04:00,42.475,42.485,42.43,42.435,98018
2017-04-03 09:30:00-04:00,42.5,42.57,42.46,42.48,9039
2017-04-03 09:35:00-04:00,42.47,42.49,42.44,42.44,14588
2017-04-03 09:40:00-04:00,42.44,42.5,42.43,42.48,10598
2017-04-03 09:45:00-04:00,42.48,42.48,42.405,42.41,12085
2017-04-03 09:50:00-04:00,42.415,42.465,42.41,42.465,10532
2017-04-03 09:55:00-04:00,42.45,42.55,42.45,42.55,9970
2017-04-03 10:00:00-04:00,42.57,42.6,42.56,42.595,14075
2017-04-03 10:05:00-04:00,42.6,42.62,42.56,42.59,14540
2017-04-03 10:10:00-04:00,42.6,42.6,42.525,42.525,9568
2017-04-03 10:15:00-04:00,42.525,42.56,42.525,42.555,7161
2017-04-03 10:20:00-04:00,42.56,42.57,42.54,42.56,5778
2017-04-03 10:25:00-04:00,42.565,42.565,42.51,42.52,12976
2017-04-03 10:30:00-04:00,42.53,42.59,42.53,42.59,7250
2017-04-03 10:35:00-04:00,42.59,42.59,42.53,42.53,8100
2017-04-03 10:40:00-04:00,42.53,42.56,42.525,42.525,6684
2017-04-03 10:45:00-04:00,42.52,42.55,42.515,42.525,7716
2017-04-03 10:50:00-04:00,42.53,42.54,42.475,42.49,10322
2017-04-03 10:55:00-04:00,42.495,42.53,42.48,42.5,9741
2017-04-03 11:00:00-04:00,42.51,42.52,42.485,42.49,9741
2017-04-03 11:05:00-04:00,42.49,42.49,42.44,42.455,108125
2017-04-03 11:10:00-04:00,42.46,42.47,42.445,42.455,7368
2017-04-03 11:15:00-04:00,42.46,42.46,42.43,42.43,7723
2017-04-03 11:20:00-04:00,42.425,42.46,42.42,42.46,5582
2017-04-03 11:25:00-04:00,42.46,42.47,42.45,42.47,10842
2017-04-03 11:30:00-04:00,42.465,42.49,42.415,42.42,13108
2017-04-03 11:35:00-04:00,42.415,42.43,42.4,42.41,9396
2017-04-03 11:40:00-04:00,42.405,42.42,42.4,42.415,4742
2017-04-03 11:45:00-04:00,42.42,42.46,42.415,42.43,12064
2017-04-03 11:50:00-04:00,42.425,42.43,42.41,42.425,15772
2017-04-03 11:55:00-04:00,42.43,42.43,42.405,42.43,8185
2017-04-03 12:00:00-04:00,42.43,42.43,42.38,42.39,4880
2017-04-03 12:05:00-04:00,42.39,42.415,42.365,42.415,8891
2017-04-03 12:10:00-04:00,42.41,42.415,42.375,42.385,7311
2017-04-03 12:15:00-04:00,42.385,42.39,42.37,42.37,13086
2017-04-03 12:20:00-04:00,42.37,42.39,42.36,42.39,6459
2017-04-03 12:25:00-04:00,42.39,42.4,42.38,42.38,4854
2017-04-03 12:30:00-04:00,42.39,42.39,42.39,42.39,1068
2017-04-03 12:35:00-04:00,42.39,42.4,42.38,42.38,3682
2017-04-03 12:40:00-04:00,42.38,42.38,42.36,42.38,5964
2017-04-03 12:45:00-04:00,42.38,42.41,42.38,42.405,5412
2017-04-03 12:50:00-04:00,42.4,42.4,42.355,42.36,6436
2017-04-03 12:55:00-04:00,42.365,42.38,42.365,42.38,2855
2017-04-03 13:00:00-04:00,42.375,42.38,42.37,42.37,3188
2017-04-03 13:05:00-04:00,42.38,42.38,42.355,42.355,4811
2017-04-03 13:10:00-04:00,42.35,42.37,42.35,42.355,2862
2017-04-03 13:15:00-04:00,42.355,42.365,42.335,42.335,3857
2017-04-03 13:20:00-04:00,42.34,42.345,42.33,42.345,6319
2017-04-03 13:25:00-04:00,42.34,42.35,42.32,42.335,5391
2017-04-03 13:30:00-04:00,42.335,42.335,42.31,42.31,4026
2017-04-03 13:35:00-04:00,42.315,42.34,42.31,42.34,3655
2017-04-03 13:40:00-04:00,42.34,42.34,42.335,42.335,1023
2017-04-03 13:45:00-04:00,42.34,42.35,42.33,42.34,7970
2017-04-03 13:50:00-04:00,42.34,42.34,42.325,42.33,3562
2017-04-03 13:55:00-04:00,42.32,42.32,42.31,42.31,1312
2017-04-03 14:00:00-04:00,42.32,42.34,42.31,42.32,10235
2017-04-03 14:05:00-04:00,42.32,42.32,42.31,42.32,2428
2017-04-03 14:10:00-04:00,42.32,42.33,42.305,42.325,16298
2017-04-03 14:15:00-04:00,42.325,42.325,42.28,42.28,5059
2017-04-03 14:20:00-04:00,42.29,42.29,42.27,42.27,6536
2017-04-03 14:25:00-04:00,42.275,42.3,42.275,42.295,4412
2017-04-03 14:30:00-04:00,42.3,42.325,42.3,42.315,2913
2017-04-03 14:35:00-04:00,42.315,42.32,42.31,42.315,4584
2017-04-03 14:40:00-04:00,42.31,42.335,42.31,42.33,6426
2017-04-03 14:45:00-04:00,42.335,42.335,42.32,42.32,5254
2017-04-03 14:50:00-04:00,42.33,42.34,42.32,42.325,3532
2017-04-03 14:55:00-04:00,42.32,42.34,42.32,42.33,4387
2017-04-03 15:00:00-04:00,42.335,42.36,42.335,42.34,8341
2017-04-03 15:05:00-04:00,42.35,42.385,42.345,42.385,6897
2017-04-03 15:10:00-04:00,42.385,42.42,42.385,42.42,15366
2017-04-03 15:15:00-04:00,42.41,42.44,42.405,42.435,13507
2017-04-03 15:20:00-04:00,42.44,42.45,42.435,42.45,7387
2017-04-03 15:25:00-04:00,42.46,42.46,42.43,42.43,6737
2017-04-03 15:30:00-04:00,42.43,42.435,42.39,42.4,17271
2017-04-03 15:35:00-04:00,42.4,42.42,42.395,42.415,14415
2017-04-03 15:40:00-04:00,42.41,42.43,42.4,42.43,19689
2017-04-03 15:45:00-04:00,42.435,42.44,42.42,42.44,18854
2017-04-03 15:50:00-04:00,42.44,42.44,42.43,42.435,24358
2017-04-03 15:55:00-04:00,42.44,42.455,42.405,42.42,50686
2017-04-04 09:30:00-04:00,42.51,42.55,42.44,42.475,4503
2017-04-04 09:35:00-04:00,42.49,42.53,42.46,42.52,8987
2017-04-04 09:40:00-04:00,42.51,42.515,42.47,42.5,8093
2017-04-04 09:45:00-04:00,42.49,42.495,42.43,42.435,11749
2017-04-04 09:50:00-04:00,42.435,42.45,42.435,42.44,11293
2017-04-04 09:55:00-04:00,42.44,42.445,42.395,42.41,6109
2017-04-04 10:00:00-04:00,42.43,42.46,42.43,42.45,9519
2017-04-04 10:05:00-04:00,42.45,42.45,42.43,42.435,11551
2017-04-04 10:10:00-04:00,42.425,42.425,42.38,42.38,12919
2017-04-04 10:15:00-04:00,42.39,42.42,42.39,42.41,4476
2017-04-04 10:20:00-04:00,42.41,42.41,42.395,42.395,4760
2017-04-04 10:25:00-04:00,42.4,42.41,42.39,42.39,5536
2017-04-04 10:30:00-04:00,42.41,42.45,42.4,42.45,5349
2017-04-04 10:35:00-04:00,42.44,42.465,42.415,42.45,19131
2017-04-04 10:40:00-04:00,42.455,42.47,42.455,42.465,3942
2017-04-04 10:45:00-04:00,42.47,42.48,42.43,42.44,7524
2017-04-04 10:50:00-04:00,42.44,42.47,42.44,42.47,4900
2017-04-04 10:55:00-04:00,42.47,42.49,42.46,42.49,8105
2017-04-04 11:00:00-04:00,42.49,42.49,42.48,42.48,4144
2017-04-04 11:05:00-04:00,42.48,42.49,42.47,42.485,4406
2017-04-04 11:10:00-04:00,42.485,42.49,42.48,42.49,1634
2017-04-04 11:15:00-04:00,42.49,42.49,42.48,42.48,4249
2017-04-04 11:20:00-04:00,42.48,42.5,42.48,42.5,1702
2017-04-04 11:25:00-04:00,42.5,42.52,42.5,42.5,3168
2017-04-04 11:30:00-04:00,42.5,42.54,42.495,42.54,3554
2017-04-04 11:35:00-04:00,42.54,42.555,42.53,42.535,2890
2017-04-04 11:40:00-04:00,42.54,42.54,42.525,42.525,3105
2017-04-04 11:45:00-04:00,42.525,42.53,42.51,42.52,2840
2017-04-04 11:50:00-04:00,42.52,42.53,42.495,42.5,4952
2017-04-04 11:55:00-04:00,42.505,42.525,42.505,42.525,2523
2017-04-04 12:00:00-04:00,42.52,42.53,42.5,42.5,4936
2017-04-04 12:05:00-04:00,42.51,42.53,42.51,42.53,1631
2017-04-04 12:10:00-04:00,42.535,42.55,42.53,42.55,3000
2017-04-04 12:15:00-04:00,42.55,42.56,42.545,42.56,1705
2017-04-04 12:20:00-04:00,42.55,42.555,42.54,42.54,2801
2017-04-04 12:25:00-04:00,42.53,42.54,42.52,42.52,2118
2017-04-04 12:30:00-04:00,42.52,42.52,42.49,42.5,1350
2017-04-04 12:35:00-04:00,42.5,42.52,42.5,42.52,900
2017-04-04 12:40:00-04:00,42.52,42.52,42.52,42.52,502
2017-04-04 12:45:00-04:00,42.525,42.54,42.52,42.53,10456
2017-04-04 12:50:00-04:00,42.535,42.555,42.535,42.55,2758
2017-04-04 12:55:00-04:00,42.55,42.55,42.53,42.54,4164
2017-04-04 13:00:00-04:00,42.53,42.53,42.495,42.51,4960
2017-04-04 13:05:00-04:00,42.51,42.52,42.495,42.495,3751
2017-04-04 13:10:00-04:00,42.5,42.5,42.49,42.49,3802
2017-04-04 13:15:00-04:00,42.5,42.5,42.49,42.49,3621
2017-04-04 13:20:00-04:00,42.48,42.49,42.48,42.48,1863
2017-04-04 13:25:00-04:00,42.47,42.475,42.465,42.465,1556
2017-04-04 13:30:00-04:00,42.47,42.485,42.46,42.465,9072
2017-04-04 13:35:00-04:00,42.47,42.48,42.47,42.48,916
2017-04-04 13:40:00-04:00,42.485,42.535,42.485,42.53,3747
2017-04-04 13:45:00-04:00,42.53,42.54,42.52,42.52,2199
2017-04-04 13:50:00-04:00,42.52,42.525,42.515,42.52,3735
2017-04-04 13:55:00-04:00,42.515,42.555,42.515,42.55,6316
2017-04-04 14:00:00-04:00,42.55,42.56,42.54,42.55,4914
2017-04-04 14:05:00-04:00,42.54,42.545,42.52,42.525,2301
2017-04-04 14:10:00-04:00,42.525,42.55,42.52,42.55,4605
2017-04-04 14:15:00-04:00,42.55,42.58,42.54,42.58,2608
2017-04-04 14:20:00-04:00,42.58,42.595,42.57,42.59,8771
2017-04-04 14:25:00-04:00,42.585,42.62,42.585,42.62,4272
2017-04-04 14:30:00-04:00,42.62,42.63,42.6,42.6,12180
2017-04-04 14:35:00-04:00,42.605,42.605,42.6,42.605,7729
2017-04-04 14:40:00-04:00,42.6,42.61,42.6,42.61,7971
2017-04-04 14:45:00-04:00,42.605,42.61,42.6,42.61,9879
2017-04-04 14:50:00-04:00,42.605,42.64,42.605,42.64,6904
2017-04-04 14:55:00-04:00,42.64,42.64,42.62,42.63,6291
2017-04-04 15:00:00-04:00,42.62,42.62,42.61,42.615,3848
2017-04-04 15:05:00-04:00,42.62,42.63,42.615,42.63,5942
2017-04-04 15:10:00-04:00,42.625,42.625,42.61,42.615,6160
2017-04-04 15:15:00-04:00,42.62,42.62,42.6,42.605,13395
2017-04-04 15:20:00-04:00,42.61,42.61,42.59,42.59,13617
2017-04-04 15:25:00-04:00,42.59,42.59,42.55,42.55,9129
2017-04-04 15:30:00-04:00,42.555,42.6,42.55,42.575,14339
2017-04-04 15:35:00-04:00,42.58,42.6,42.575,42.6,11766
2017-04-04 15:40:00-04:00,42.6,42.63,42.59,42.63,7053
2017-04-04 15:45:00-04:00,42.63,42.63,42.61,42.62,8901
2017-04-04 15:50:00-04:00,42.62,42.63,42.605,42.63,19400
2017-04-04 15:55:00-04:00,42.625,42.69,42.625,42.68,82037
2017-04-05 09:30:00-04:00,42.69,42.69,42.54,42.54,7400
2017-04-05 09:35:00-04:00,42.55,42.59,42.54,42.55,9937
2017-04-05 09:40:00-04:00,42.56,42.6,42.55,42.6,8955
2017-04-05 09:45:00-04:00,42.59,42.595,42.535,42.58,14441
2017-04-05 09:50:00-04:00,42.58,42.62,42.54,42.62,5791
2017-04-05 09:55:00-04:00,42.63,42.685,42.63,42.68,8484
2017-04-05 10:00:00-04:00,42.65,42.72,42.65,42.72,6247
2017-04-05 10:05:00-04:00,42.72,42.73,42.7,42.705,5786
2017-04-05 10:10:00-04:00,42.71,42.79,42.71,42.79,11223
2017-04-05 10:15:00-04:00,42.78,42.8,42.78,42.8,5054
2017-04-05 10:20:00-04:00,42.8,42.855,42.8,42.83,5287
2017-04-05 10:25:00-04:00,42.825,42.84,42.81,42.815,4383
2017-04-05 10:30:00-04:00,42.81,42.82,42.805,42.81,5028
2017-04-05 10:35:00-04:00,42.82,42.85,42.82,42.845,4178
2017-04-05 10:40:00-04:00,42.85,42.855,42.79,42.825,5572
2017-04-05 10:45:00-04:00,42.82,42.83,42.81,42.81,5859
2017-04-05 10:50:00-04:00,42.82,42.835,42.8,42.81,3663
2017-04-05 10:55:00-04:00,42.81,42.81,42.76,42.76,5001
2017-04-05 11:00:00-04:00,42.77,42.78,42.77,42.78,1522
2017-04-05 11:05:00-04:00,42.78,42.805,42.775,42.8,4993
2017-04-05 11:10:00-04:00,42.8,42.84,42.8,42.84,5048
2017-04-05 11:15:00-04:00,42.83,42.835,42.82,42.83,3273
2017-04-05 11:20:00-04:00,42.825,42.83,42.8,42.825,8837
2017-04-05 11:25:00-04:00,42.83,42.84,42.78,42.78,12234
2017-04-05 11:30:00-04:00,42.78,42.79,42.75,42.78,10138
2017-04-05 11:35:00-04:00,42.77,42.77,42.74,42.74,3507
2017-04-05 11:40:00-04:00,42.74,42.75,42.74,42.74,4538
2017-04-05 11:45:00-04:00,42.75,42.75,42.72,42.73,5629
2017-04-05 11:50:00-04:00,42.73,42.75,42.73,42.74,3109
2017-04-05 11:55:00-04:00,42.75,42.75,42.74,42.75,2000
2017-04-05 12:00:00-04:00,42.75,42.77,42.73,42.735,4378
2017-04-05 12:05:00-04:00,42.735,42.74,42.73,42.73,2217
2017-04-05 12:10:00-04:00,42.73,42.75,42.725,42.75,1232
2017-04-05 12:15:00-04:00,42.75,42.77,42.75,42.765,2557
2017-04-05 12:20:00-04:00,42.78,42.79,42.775,42.78,2800
2017-04-05 12:25:00-04:00,42.78,42.78,42.76,42.76,2694
2017-04-05 12:30:00-04:00,42.76,42.76,42.74,42.75,5070
2017-04-05 12:35:00-04:00,42.76,42.76,42.73,42.73,4000
2017-04-05 12:40:00-04:00,42.725,42.735,42.72,42.735,3385
2017-04-05 12:45:00-04:00,42.74,42.74,42.73,42.735,1722
2017-04-05 12:50:00-04:00,42.73,42.75,42.73,42.75,2282
2017-04-05 12:55:00-04:00,42.745,42.745,42.725,42.735,3945
2017-04-05 13:00:00-04:00,42.74,42.75,42.72,42.745,112645
2017-04-05 13:05:00-04:00,42.75,42.76,42.725,42.725,4543
2017-04-05 13:10:00-04:00,42.73,42.735,42.725,42.735,1564
2017-04-05 13:15:00-04:00,42.74,42.74,42.725,42.74,1675
2017-04-05 13:20:00-04:00,42.735,42.74,42.725,42.735,4217
2017-04-05 13:25:00-04:00,42.735,42.75,42.735,42.75,1675
2017-04-05 13:30:00-04:00,42.75,42.76,42.73,42.74,5517
2017-04-05 13:35:00-04:00,42.75,42.755,42.745,42.755,8147
2017-04-05 13:40:00-04:00,42.76,42.76,42.735,42.735,5501
2017-04-05 13:45:00-04:00,42.74,42.74,42.72,42.72,3913
2017-04-05 13:50:00-04:00,42.73,42.74,42.725,42.73,5390
2017-04-05 13:55:00-04:00,42.74,42.755,42.73,42.73,4162
2017-04-05 14:00:00-04:00,42.73,42.735,42.65,42.71,9378
2017-04-05 14:05:00-04:00,42.715,42.72,42.7,42.71,5285
2017-04-05 14:10:00-04:00,42.71,42.72,42.685,42.69,2175
2017-04-05 14:15:00-04:00,42.705,42.71,42.685,42.685,3385
2017-04-05 14:20:00-04:00,42.68,42.72,42.68,42.69,6867
2017-04-05 14:25:00-04:00,42.68,42.72,42.68,42.715,4885
2017-04-05 14:30:00-04:00,42.71,42.72,42.665,42.69,6267
2017-04-05 14:35:00-04:00,42.69,42.69,42.645,42.65,6811
2017-04-05 14:40:00-04:00,42.65,42.68,42.65,42.68,4452
2017-04-05 14:45:00-04:00,42.69,42.695,42.66,42.665,5551
2017-04-05 14:50:00-04:00,42.67,42.67,42.62,42.64,9511
2017-04-05 14:55:00-04:00,42.64,42.655,42.63,42.655,4830
2017-04-05 15:00:00-04:00,42.65,42.71,42.65,42.69,5935
2017-04-05 15:05:00-04:00,42.69,42.7,42.69,42.69,4145
2017-04-05 15:10:00-04:00,42.685,42.69,42.655,42.655,12332
2017-04-05 15:15:00-04:00,42.655,42.67,42.64,42.65,7757
2017-04-05 15:20:00-04:00,42.65,42.65,42.575,42.6,16523
2017-04-05 15:25:00-04:00,42.59,42.64,42.58,42.6,11476
2017-04-05 15:30:00-04:00,42.605,42.605,42.53,42.555,14463
2017-04-05 15:35:00-04:00,42.56,42.59,42.55,42.575,14077
2017-04-05 15:40:00-04:00,42.58,42.58,42.555,42.56,30148
2017-04-05 15:45:00-04:00,42.56,42.59,42.54,42.57,39596
2017-04-05 15:50:00-04:00,42.57,42.62,42.56,42.615,39400
2017-04-05 15:55:00-04:00,42.61,42.61,42.55,42.57,56019
2017-04-06 09:30:00-04:00,42.56,42.57,42.48,42.54,6627
2017-04-06 09:35:00-04:00,42.53,42.59,42.52,42.58,4236
2017-04-06 09:40:00-04:00,42.57,42.595,42.52,42.52,6116
2017-04-06 09:45:00-04:00,42.51,42.555,42.5,42.555,7343
2017-04-06 09:50:00-04:00,42.55,42.61,42.55,42.585,10380
2017-04-06 09:55:00-04:00,42.58,42.665,42.58,42.645,10235
2017-04-06 10:00:00-04:00,42.65,42.655,42.62,42.645,15264
2017-04-06 10:05:00-04:00,42.65,42.655,42.58,42.58,8400
2017-04-06 10:10:00-04:00,42.57,42.575,42.54,42.55,9311
2017-04-06 10:15:00-04:00,42.54,42.555,42.525,42.54,10648
2017-04-06 10:20:00-04:00,42.53,42.6,42.53,42.6,2272
2017-04-06 10:25:00-04:00,42.605,42.61,42.59,42.6,5814
2017-04-06 10:30:00-04:00,42.585,42.61,42.57,42.61,8668
2017-04-06 10:35:00-04:00,42.605,42.605,42.56,42.575,15484
2017-04-06 10:40:00-04:00,42.575,42.605,42.55,42.57,8262
2017-04-06 10:45:00-04:00,42.57,42.58,42.56,42.57,6847
2017-04-06 10:50:00-04:00,42.57,42.58,42.57,42.575,2566
2017-04-06 10:55:00-04:00,42.57,42.585,42.57,42.585,60294
2017-04-06 11:00:00-04:00,42.59,42.59,42.56,42.56,4044
2017-04-06 11:05:00-04:00,42.56,42.57,42.56,42.57,1904
2017-04-06 11:10:00-04:00,42.56,42.58,42.55,42.555,3661
2017-04-06 11:15:00-04:00,42.55,42.56,42.55,42.555,5206
2017-04-06 11:20:00-04:00,42.555,42.555,42.52,42.525,88052
2017-04-06 11:25:00-04:00,42.52,42.55,42.52,42.545,5127
2017-04-06 11:30:00-04:00,42.55,42.6,42.55,42.595,10247
2017-04-06 11:35:00-04:00,42.59,42.6,42.585,42.6,3002
2017-04-06 11:40:00-04:00,42.61,42.63,42.58,42.58,7768
2017-04-06 11:45:00-04:00,42.58,42.6,42.575,42.6,4019
2017-04-06 11:50:00-04:00,42.59,42.61,42.58,42.61,4576
2017-04-06 11:55:00-04:00,42.61,42.62,42.605,42.62,4554
2017-04-06 12:00:00-04:00,42.635,42.64,42.61,42.64,11645
2017-04-06 12:05:00-04:00,42.64,42.645,42.62,42.64,6375
2017-04-06 12:10:00-04:00,42.64,42.67,42.64,42.66,2612
2017-04-06 12:15:00-04:00,42.67,42.69,42.67,42.68,12396
2017-04-06 12:20:00-04:00,42.67,42.685,42.67,42.675,8100
2017-04-06 12:25:00-04:00,42.68,42.685,42.66,42.66,3710
2017-04-06 12:30:00-04:00,42.655,42.655,42.62,42.625,8263
2017-04-06 12:35:00-04:00,42.625,42.635,42.61,42.635,20382
2017-04-06 12:40:00-04:00,42.62,42.65,42.605,42.645,27298
2017-04-06 12:45:00-04:00,42.64,42.64,42.62,42.63,16255
2017-04-06 12:50:00-04:00,42.625,42.64,42.62,42.625,11835
2017-04-06 12:55:00-04:00,42.62,42.625,42.61,42.62,5505
2017-04-06 13:00:00-04:00,42.62,42.64,42.62,42.63,4122
2017-04-06 13:05:00-04:00,42.625,42.65,42.61,42.65,4356
2017-04-06 13:10:00-04:00,42.64,42.67,42.64,42.67,6555
2017-04-06 13:15:00-04:00,42.665,42.675,42.65,42.67,7147
2017-04-06 13:20:00-04:00,42.67,42.7,42.67,42.7,3120
2017-04-06 13:25:00-04:00,42.7,42.73,42.7,42.715,7078
2017-04-06 13:30:00-04:00,42.715,42.735,42.715,42.735,6650
2017-04-06 13:35:00-04:00,42.74,42.76,42.73,42.74,10929
2017-04-06 13:40:00-04:00,42.73,42.73,42.705,42.72,2611
2017-04-06 13:45:00-04:00,42.715,42.72,42.705,42.71,4328
2017-04-06 13:50:00-04:00,42.71,42.72,42.7,42.7,3856
2017-04-06 13:55:00-04:00,42.7,42.71,42.695,42.7,3398
2017-04-06 14:00:00-04:00,42.7,42.7,42.68,42.7,3127
2017-04-06 14:05:00-04:00,42.7,42.705,42.68,42.7,4949
2017-04-06 14:10:00-04:00,42.7,42.71,42.7,42.7,17192
2017-04-06 14:15:00-04:00,42.7,42.71,42.69,42.705,5161
2017-04-06 14:20:00-04:00,42.705,42.73,42.705,42.73,705
2017-04-06 14:25:00-04:00,42.715,42.72,42.705,42.705,3769
2017-04-06 14:30:00-04:00,42.71,42.71,42.69,42.695,2716
2017-04-06 14:35:00-04:00,42.695,42.7,42.69,42.7,3038
2017-04-06 14:40:00-04:00,42.7,42.705,42.69,42.69,4529
2017-04-06 14:45:00-04:00,42.685,42.7,42.67,42.67,20153
2017-04-06 14:50:00-04:00,42.665,42.665,42.62,42.64,6410
2017-04-06 14:55:00-04:00,42.635,42.645,42.615,42.62,4144
2017-04-06 15:00:00-04:00,42.615,42.63,42.615,42.625,7426
2017-04-06 15:05:00-04:00,42.63,42.66,42.625,42.66,3517
2017-04-06 15:10:00-04:00,42.655,42.71,42.65,42.695,14999
2017-04-06 15:15:00-04:00,42.69,42.695,42.67,42.695,7425
2017-04-06 15:20:00-04:00,42.69,42.72,42.69,42.705,15583
2017-04-06 15:25:00-04:00,42.71,42.715,42.695,42.705,7173
2017-04-06 15:30:00-04:00,42.705,42.705,42.63,42.635,18327
2017-04-06 15:35:00-04:00,42.63,42.67,42.63,42.67,17075
2017-04-06 15:40:00-04:00,42.67,42.67,42.655,42.66,15671
2017-04-06 15:45:00-04:00,42.65,42.65,42.615,42.615,40589
2017-04-06 15:50:00-04:00,42.615,42.63,42.615,42.625,41778
2017-04-06 15:55:00-04:00,42.62,42.68,42.61,42.665,102897
2017-04-07 09:30:00-04:00,42.645,42.645,42.57,42.61,1403
2017-04-07 09:35:00-04:00,42.6,42.685,42.6,42.67,5065
2017-04-07 09:40:00-04:00,42.67,42.71,42.66,42.675,6105
2017-04-07 09:45:00-04:00,42.68,42.68,42.645,42.675,5132
2017-04-07 09:50:00-04:00,42.68,42.69,42.59,42.605,4837
2017-04-07 09:55:00-04:00,42.605,42.625,42.6,42.625,4308
2017-04-07 10:00:00-04:00,42.62,42.63,42.6,42.61,2027
2017-04-07 10:05:00-04:00,42.605,42.64,42.6,42.64,2067
2017-04-07 10:10:00-04:00,42.63,42.645,42.62,42.625,8664
2017-04-07 10:15:00-04:00,42.65,42.665,42.65,42.655,3097
2017-04-07 10:20:00-04:00,42.66,42.66,42.63,42.65,3667
2017-04-07 10:25:00-04:00,42.655,42.68,42.65,42.68,3242
2017-04-07 10:30:00-04:00,42.69,42.69,42.635,42.635,3377
2017-04-07 10:35:00-04:00,42.62,42.63,42.6,42.6,4660
2017-04-07 10:40:00-04:00,42.595,42.595,42.57,42.585,6598
2017-04-07 10:45:00-04:00,42.585,42.62,42.585,42.61,4643
2017-04-07 10:50:00-04:00,42.61,42.62,42.61,42.615,804
2017-04-07 10:55:00-04:00,42.615,42.62,42.6,42.62,5400
2017-04-07 11:00:00-04:00,42.625,42.635,42.62,42.62,2075
2017-04-07 11:05:00-04:00,42.63,42.65,42.63,42.64,6584
2017-04-07 11:10:00-04:00,42.635,42.635,42.61,42.625,2401
2017-04-07 11:15:00-04:00,42.62,42.625,42.59,42.595,3069
2017-04-07 11:20:00-04:00,42.6,42.61,42.56,42.56,1942
2017-04-07 11:25:00-04:00,42.57,42.61,42.565,42.595,3309
2017-04-07 11:30:00-04:00,42.6,42.63,42.6,42.62,3306
2017-04-07 11:35:00-04:00,42.625,42.63,42.6,42.6,1808
2017-04-07 11:40:00-04:00,42.59,42.59,42.55,42.555,3719
2017-04-07 11:45:00-04:00,42.57,42.58,42.53,42.54,2871
2017-04-07 11:50:00-04:00,42.55,42.57,42.54,42.56,4671
2017-04-07 11:55:00-04:00,42.56,42.6,42.56,42.59,9559
2017-04-07 12:00:00-04:00,42.59,42.59,42.55,42.55,2613
2017-04-07 12:05:00-04:00,42.55,42.57,42.54,42.55,2654
2017-04-07 12:10:00-04:00,42.56,42.61,42.56,42.59,3732
2017-04-07 12:15:00-04:00,42.595,42.6,42.59,42.59,4375
2017-04-07 12:20:00-04:00,42.6,42.6,42.54,42.54,3236
2017-04-07 12:25:00-04:00,42.535,42.54,42.52,42.54,3499
2017-04-07 12:30:00-04:00,42.56,42.58,42.56,42.58,1500
2017-04-07 12:35:00-04:00,42.58,42.58,42.55,42.57,2927
2017-04-07 12:40:00-04:00,42.56,42.57,42.55,42.56,3968
2017-04-07 12:45:00-04:00,42.56,42.57,42.56,42.56,1701
2017-04-07 12:50:00-04:00,42.56,42.565,42.535,42.545,6153
2017-04-07 12:55:00-04:00,42.545,42.55,42.54,42.55,5360
2017-04-07 13:00:00-04:00,42.535,42.545,42.515,42.53,5693
2017-04-07 13:05:00-04:00,42.54,42.56,42.54,42.56,2540
2017-04-07 13:10:00-04:00,42.56,42.595,42.56,42.59,3434
2017-04-07 13:15:00-04:00,42.59,42.6,42.58,42.59,3418
2017-04-07 13:20:00-04:00,42.595,42.6,42.59,42.6,3719
2017-04-07 13:25:00-04:00,42.595,42.67,42.595,42.655,4228
2017-04-07 13:30:00-04:00,42.66,42.68,42.65,42.68,4078
2017-04-07 13:35:00-04:00,42.67,42.685,42.67,42.685,4552
2017-04-07 13:40:00-04:00,42.68,42.69,42.675,42.69,3460
2017-04-07 13:45:00-04:00,42.695,42.7,42.67,42.67,6577
2017-04-07 13:50:00-04:00,42.67,42.68,42.65,42.655,10351
2017-04-07 13:55:00-04:00,42.65,42.67,42.65,42.66,5809
2017-04-07 14:00:00-04:00,42.665,42.68,42.66,42.665,3586
2017-04-07 14:05:00-04:00,42.66,42.67,42.66,42.66,3567
2017-04-07 14:10:00-04:00,42.66,42.67,42.655,42.67,3543
2017-04-07 14:15:00-04:00,42.675,42.68,42.67,42.675,2756
2017-04-07 14:20:00-04:00,42.68,42.69,42.67,42.685,2759
2017-04-07 14:25:00-04:00,42.69,42.7,42.685,42.695,13286
2017-04-07 14:30:00-04:00,42.7,42.72,42.695,42.72,7955
2017-04-07 14:35:00-04:00,42.715,42.72,42.7,42.7,8751
2017-04-07 14:40:00-04:00,42.7,42.715,42.69,42.71,5713
2017-04-07 14:45:00-04:00,42.72,42.74,42.715,42.725,3615
2017-04-07 14:50:00-04:00,42.72,42.72,42.7,42.71,2714
2017-04-07 14:55:00-04:00,42.705,42.72,42.7,42.7,3148
2017-04-07 15:00:00-04:00,42.7,42.705,42.695,42.7,3302
2017-04-07 15:05:00-04:00,42.695,42.71,42.695,42.7,6006
2017-04-07 15:10:00-04:00,42.695,42.7,42.69,42.69,4621
2017-04-07 15:15:00-04:00,42.69,42.69,42.67,42.69,4594
2017-04-07 15:20:00-04:00,42.685,42.69,42.64,42.64,6744
2017-04-07 15:25:00-04:00,42.645,42.655,42.64,42.64,7181
2017-04-07 15:30:00-04:00,42.65,42.65,42.625,42.63,10049
2017-04-07 15:35:00-04:00,42.63,42.635,42.605,42.62,11415
2017-04-07 15:40:00-04:00,42.63,42.63,42.605,42.605,8338
2017-04-07 15:45:00-04:00,42.6,42.635,42.595,42.63,18169
2017-04-07 15:50:00-04:00,42.63,42.65,42.61,42.61,28846
2017-04-07 15:55:00-04:00,42.61,42.66,42.61,42.63,63027
2017-04-10 09:30:00-04:00,42.73,42.73,42.62,42.675,6984
2017-04-10 09:35:00-04:00,42.675,42.695,42.64,42.685,4530
2017-04-10 09:40:00-04:00,42.69,42.69,42.65,42.68,5557
2017-04-10 09:45:00-04:00,42.67,42.735,42.67,42.71,6755
2017-04-10 09:50:00-04:00,42.71,42.71,42.685,42.705,3748
2017-04-10 09:55:00-04:00,42.71,42.73,42.69,42.725,13300
2017-04-10 10:00:00-04:00,42.735,42.755,42.7,42.705,7712
2017-04-10 10:05:00-04:00,42.69,42.725,42.68,42.715,7743
2017-04-10 10:10:00-04:00,42.72,42.75,42.715,42.74,6536
2017-04-10 10:15:00-04:00,42.73,42.76,42.73,42.74,9421
2017-04-10 10:20:00-04:00,42.74,42.75,42.72,42.745,9823
2017-04-10 10:25:00-04:00,42.745,42.76,42.74,42.75,5657
2017-04-10 10:30:00-04:00,42.75,42.76,42.73,42.75,4480
2017-04-10 10:35:00-04:00,42.755,42.76,42.725,42.725,12227
2017-04-10 10:40:00-04:00,42.73,42.73,42.72,42.73,6632
2017-04-10 10:45:00-04:00,42.735,42.74,42.715,42.715,3051
2017-04-10 10:50:00-04:00,42.715,42.75,42.715,42.745,6829
2017-04-10 10:55:00-04:00,42.745,42.75,42.74,42.74,4327
2017-04-10 11:00:00-04:00,42.75,42.75,42.705,42.71,11446
2017-04-10 11:05:00-04:00,42.71,42.72,42.71,42.71,3992
2017-04-10 11:10:00-04:00,42.71,42.72,42.71,42.71,1876
2017-04-10 11:15:00-04:00,42.715,42.72,42.71,42.72,3287
2017-04-10 11:20:00-04:00,42.715,42.72,42.69,42.7,2500
2017-04-10 11:25:00-04:00,42.705,42.73,42.7,42.725,2251
2017-04-10 11:30:00-04:00,42.72,42.72,42.63,42.63,5997
2017-04-10 11:35:00-04:00,42.635,42.635,42.62,42.62,5508
2017-04-10 11:40:00-04:00,42.615,42.635,42.59,42.62,12013
2017-04-10 11:45:00-04:00,42.61,42.66,42.61,42.65,2713
2017-04-10 11:50:00-04:00,42.65,42.66,42.63,42.655,9683
2017-04-10 11:55:00-04:00,42.66,42.66,42.635,42.635,6801
2017-04-10 12:00:00-04:00,42.62,42.64,42.62,42.63,2416
2017-04-10 12:05:00-04:00,42.63,42.63,42.62,42.62,3113
2017-04-10 12:10:00-04:00,42.62,42.62,42.56,42.56,3796
2017-04-10 12:15:00-04:00,42.58,42.59,42.58,42.59,2400
2017-04-10 12:20:00-04:00,42.59,42.6,42.58,42.58,2011
2017-04-10 12:25:00-04:00,42.58,42.595,42.58,42.59,6571
2017-04-10 12:30:00-04:00,42.59,42.63,42.59,42.63,3152
2017-04-10 12:35:00-04:00,42.64,42.655,42.625,42.625,5722
2017-04-10 12:40:00-04:00,42.63,42.635,42.605,42.605,2200
2017-04-10 12:45:00-04:00,42.61,42.61,42.61,42.61,2727
2017-04-10 12:50:00-04:00,42.62,42.665,42.62,42.645,2200
2017-04-10 12:55:00-04:00,42.655,42.69,42.65,42.69,3628
2017-04-10 13:00:00-04:00,42.69,42.69,42.67,42.67,1224
2017-04-10 13:05:00-04:00,42.68,42.7,42.675,42.68,1299
2017-04-10 13:10:00-04:00,42.675,42.68,42.655,42.655,2432
2017-04-10 13:15:00-04:00,42.66,42.66,42.65,42.655,502
2017-04-10 13:20:00-04:00,42.655,42.67,42.655,42.67,3126
2017-04-10 13:25:00-04:00,42.675,42.68,42.66,42.665,2959
2017-04-10 13:30:00-04:00,42.67,42.67,42.63,42.645,3916
2017-04-10 13:35:00-04:00,42.645,42.68,42.645,42.655,5996
2017-04-10 13:40:00-04:00,42.65,42.66,42.64,42.64,3445
2017-04-10 13:45:00-04:00,42.65,42.67,42.65,42.67,2083
2017-04-10 13:50:00-04:00,42.665,42.68,42.655,42.68,3837
2017-04-10 13:55:00-04:00,42.675,42.69,42.675,42.68,2306
2017-04-10 14:00:00-04:00,42.67,42.67,42.635,42.635,2134
2017-04-10 14:05:00-04:00,42.635,42.675,42.63,42.675,3057
2017-04-10 14:10:00-04:00,42.675,42.7,42.67,42.7,2231
2017-04-10 14:15:00-04:00,42.715,42.72,42.71,42.72,3954
2017-04-10 14:20:00-04:00,42.71,42.735,42.71,42.73,2458
2017-04-10 14:25:00-04:00,42.72,42.72,42.7,42.7,1325
2017-04-10 14:30:00-04:00,42.7,42.71,42.7,42.7,2500
2017-04-10 14:35:00-04:00,42.71,42.72,42.71,42.72,2976
2017-04-10 14:40:00-04:00,42.715,42.72,42.705,42.72,3545
2017-04-10 14:45:00-04:00,42.72,42.75,42.72,42.75,4016
2017-04-10 14:50:00-04:00,42.76,42.78,42.76,42.77,3149
2017-04-10 14:55:00-04:00,42.78,42.78,42.775,42.78,1683
2017-04-10 15:00:00-04:00,42.775,42.79,42.77,42.78,2374
2017-04-10 15:05:00-04:00,42.79,42.8,42.78,42.78,6744
2017-04-10 15:10:00-04:00,42.77,42.79,42.77,42.79,5550
2017-04-10 15:15:00-04:00,42.785,42.785,42.75,42.75,7241
2017-04-10 15:20:00-04:00,42.74,42.74,42.71,42.725,3737
2017-04-10 15:25:00-04:00,42.73,42.75,42.73,42.75,5049
2017-04-10 15:30:00-04:00,42.75,42.75,42.715,42.725,12233
2017-04-10 15:35:00-04:00,42.725,42.76,42.725,42.76,10022
2017-04-10 15:40:00-04:00,42.75,42.76,42.725,42.73,16364
2017-04-10 15:45:00-04:00,42.73,42.735,42.71,42.72,14586
2017-04-10 15:50:00-04:00,42.725,42.725,42.69,42.7,10529
2017-04-10 15:55:00-04:00,42.69,42.72,42.68,42.69,48268
2017-04-11 09:30:00-04:00,42.62,42.74,42.61,42.73,2367
2017-04-11 09:35:00-04:00,42.745,42.745,42.66,42.67,4346
2017-04-11 09:40:00-04:00,42.67,42.67,42.63,42.65,6218
2017-04-11 09:45:00-04:00,42.64,42.65,42.63,42.64,8175
2017-04-11 09:50:00-04:00,42.64,42.65,42.625,42.63,8182
2017-04-11 09:55:00-04:00,42.64,42.655,42.625,42.655,9305
2017-04-11 10:00:00-04:00,42.65,42.66,42.625,42.65,9508
2017-04-11 10:05:00-04:00,42.65,42.65,42.615,42.625,20240
2017-04-11 10:10:00-04:00,42.63,42.64,42.6,42.61,17267
2017-04-11 10:15:00-04:00,42.61,42.62,42.58,42.62,9012
2017-04-11 10:20:00-04:00,42.61,42.635,42.61,42.63,11123
2017-04-11 10:25:00-04:00,42.64,42.68,42.64,42.67,4252
2017-04-11 10:30:00-04:00,42.66,42.66,42.56,42.57,6206
2017-04-11 10:35:00-04:00,42.58,42.61,42.57,42.61,3656
2017-04-11 10:40:00-04:00,42.6,42.6,42.55,42.59,8749
2017-04-11 10:45:00-04:00,42.595,42.61,42.59,42.6,2936
2017-04-11 10:50:00-04:00,42.6,42.6,42.56,42.57,4951
2017-04-11 10:55:00-04:00,42.58,42.6,42.57,42.6,2894
2017-04-11 11:00:00-04:00,42.605,42.62,42.6,42.6,2894
2017-04-11 11:05:00-04:00,42.59,42.59,42.57,42.57,1474
2017-04-11 11:10:00-04:00,42.57,42.58,42.55,42.58,3531
2017-04-11 11:15:00-04:00,42.58,42.61,42.58,42.6,2604
2017-04-11 11:20:00-04:00,42.595,42.595,42.54,42.54,6055
2017-04-11 11:25:00-04:00,42.53,42.54,42.52,42.53,3581
2017-04-11 11:30:00-04:00,42.53,42.55,42.52,42.54,6694
2017-04-11 11:35:00-04:00,42.54,42.58,42.54,42.57,3499
2017-04-11 11:40:00-04:00,42.56,42.56,42.535,42.54,5804
2017-04-11 11:45:00-04:00,42.53,42.53,42.52,42.53,1873
2017-04-11 11:50:00-04:00,42.53,42.53,42.52,42.52,2300
2017-04-11 11:55:00-04:00,42.53,42.53,42.52,42.52,6132
2017-04-11 12:00:00-04:00,42.53,42.56,42.53,42.55,5618
2017-04-11 12:05:00-04:00,42.55,42.56,42.55,42.55,4335
2017-04-11 12:10:00-04:00,42.56,42.59,42.56,42.59,4892
2017-04-11 12:15:00-04:00,42.59,42.61,42.58,42.6,3828
2017-04-11 12:20:00-04:00,42.61,42.61,42.605,42.605,1052
2017-04-11 12:25:00-04:00,42.605,42.62,42.6,42.62,3405
2017-04-11 12:30:00-04:00,42.61,42.635,42.61,42.63,2051
2017-04-11 12:35:00-04:00,42.63,42.635,42.63,42.63,2667
2017-04-11 12:40:00-04:00,42.625,42.625,42.62,42.62,2553
2017-04-11 12:45:00-04:00,42.63,42.635,42.63,42.63,2633
2017-04-11 12:50:00-04:00,42.625,42.64,42.625,42.63,940
2017-04-11 12:55:00-04:00,42.635,42.645,42.635,42.64,3286
2017-04-11 13:00:00-04:00,42.64,42.655,42.64,42.65,3428
2017-04-11 13:05:00-04:00,42.65,42.67,42.645,42.65,3274
2017-04-11 13:10:00-04:00,42.655,42.655,42.63,42.655,2243
2017-04-11 13:15:00-04:00,42.655,42.66,42.65,42.65,1600
2017-04-11 13:20:00-04:00,42.65,42.66,42.64,42.64,4318
2017-04-11 13:25:00-04:00,42.645,42.66,42.645,42.65,1805
2017-04-11 13:30:00-04:00,42.65,42.65,42.64,42.65,3136
2017-04-11 13:35:00-04:00,42.645,42.675,42.645,42.665,2567
2017-04-11 13:40:00-04:00,42.67,42.67,42.64,42.64,2663
2017-04-11 13:45:00-04:00,42.63,42.635,42.615,42.63,2319
2017-04-11 13:50:00-04:00,42.63,42.63,42.62,42.63,1272
2017-04-11 13:55:00-04:00,42.63,42.64,42.63,42.63,1910
2017-04-11 14:00:00-04:00,42.66,42.66,42.65,42.66,1977
2017-04-11 14:05:00-04:00,42.65,42.68,42.65,42.68,5724
2017-04-11 14:10:00-04:00,42.67,42.67,42.61,42.62,3534
2017-04-11 14:15:00-04:00,42.625,42.655,42.625,42.65,3175
2017-04-11 14:20:00-04:00,42.65,42.665,42.65,42.655,2628
2017-04-11 14:25:00-04:00,42.66,42.66,42.645,42.66,3327
2017-04-11 14:30:00-04:00,42.655,42.67,42.65,42.665,5722
2017-04-11 14:35:00-04:00,42.665,42.675,42.655,42.655,3752
2017-04-11 14:40:00-04:00,42.66,42.69,42.66,42.67,6833
2017-04-11 14:45:00-04:00,42.68,42.7,42.68,42.695,2915
2017-04-11 14:50:00-04:00,42.695,42.715,42.695,42.705,5801
2017-04-11 14:55:00-04:00,42.705,42.705,42.685,42.69,4176
2017-04-11 15:00:00-04:00,42.69,42.7,42.66,42.665,11515
2017-04-11 15:05:00-04:00,42.66,42.67,42.64,42.66,10581
2017-04-11 15:10:00-04:00,42.67,42.67,42.625,42.625,5019
2017-04-11 15:15:00-04:00,42.63,42.65,42.63,42.645,18251
2017-04-11 15:20:00-04:00,42.645,42.65,42.63,42.635,11358
2017-04-11 15:25:00-04:00,42.64,42.65,42.63,42.63,14759
2017-04-11 15:30:00-04:00,42.63,42.67,42.62,42.66,14623
2017-04-11 15:35:00-04:00,42.67,42.69,42.66,42.69,7906
2017-04-11 15:40:00-04:00,42.69,42.69,42.67,42.67,18184
2017-04-11 15:45:00-04:00,42.66,42.67,42.64,42.65,17300
2017-04-11 15:50:00-04:00,42.65,42.655,42.65,42.65,15624
2017-04-11 15:55:00-04:00,42.645,42.67,42.62,42.67,50259
2017-04-12 09:30:00-04:00,42.53,42.68,42.51,42.635,4053
2017-04-12 09:35:00-04:00,42.615,42.65,42.6,42.64,8054
2017-04-12 09:40:00-04:00,42.65,42.69,42.65,42.68,8455
2017-04-12 09:45:00-04:00,42.685,42.73,42.685,42.71,9379
2017-04-12 09:50:00-04:00,42.73,42.77,42.715,42.75,9857
2017-04-12 09:55:00-04:00,42.75,42.8,42.74,42.8,6775
2017-04-12 10:00:00-04:00,42.79,42.84,42.78,42.84,7267
2017-04-12 10:05:00-04:00,42.845,42.86,42.84,42.85,4706
2017-04-12 10:10:00-04:00,42.86,42.87,42.86,42.86,3326
2017-04-12 10:15:00-04:00,42.86,42.93,42.85,42.93,8501
2017-04-12 10:20:00-04:00,42.92,42.94,42.91,42.915,10486
2017-04-12 10:25:00-04:00,42.92,42.94,42.9,42.93,7326
2017-04-12 10:30:00-04:00,42.94,42.945,42.905,42.94,13529
2017-04-12 10:35:00-04:00,42.94,42.945,42.905,42.92,6009
2017-04-12 10:40:00-04:00,42.94,42.95,42.905,42.92,4947
2017-04-12 10:45:00-04:00,42.91,42.95,42.88,42.95,8175
2017-04-12 10:50:00-04:00,42.955,42.975,42.945,42.955,7855
2017-04-12 10:55:00-04:00,42.95,42.97,42.925,42.97,3887
2017-04-12 11:00:00-04:00,42.96,42.99,42.96,42.99,8584
2017-04-12 11:05:00-04:00,42.98,42.98,42.95,42.96,7780
2017-04-12 11:10:00-04:00,42.96,42.99,42.96,42.97,7628
2017-04-12 11:15:00-04:00,42.97,42.97,42.95,42.955,4447
2017-04-12 11:20:00-04:00,42.96,42.97,42.955,42.96,4554
2017-04-12 11:25:00-04:00,42.95,42.97,42.95,42.97,16849
2017-04-12 11:30:00-04:00,42.97,42.98,42.945,42.98,3976
2017-04-12 11:35:00-04:00,42.97,42.98,42.93,42.95,5359
2017-04-12 11:40:00-04:00,42.94,42.95,42.92,42.945,9450
2017-04-12 11:45:00-04:00,42.94,42.98,42.91,42.98,14485
2017-04-12 11:50:00-04:00,42.97,42.98,42.95,42.96,9702
2017-04-12 11:55:00-04:00,42.96,42.97,42.935,42.95,6690
2017-04-12 12:00:00-04:00,42.96,42.96,42.915,42.93,7875
2017-04-12 12:05:00-04:00,42.93,42.95,42.92,42.93,6238
2017-04-12 12:10:00-04:00,42.93,42.94,42.92,42.93,4063
2017-04-12 12:15:00-04:00,42.925,42.95,42.92,42.95,4606
2017-04-12 12:20:00-04:00,42.96,42.97,42.92,42.95,5313
2017-04-12 12:25:00-04:00,42.96,42.975,42.955,42.965,2802
2017-04-12 12:30:00-04:00,42.965,42.99,42.96,42.99,5476
2017-04-12 12:35:00-04:00,42.98,42.98,42.96,42.97,5657
2017-04-12 12:40:00-04:00,42.97,42.99,42.965,42.985,16315
2017-04-12 12:45:00-04:00,42.98,42.985,42.965,42.98,8883
2017-04-12 12:50:00-04:00,42.975,42.98,42.96,42.97,13363
2017-04-12 12:55:00-04:00,42.965,42.965,42.93,42.94,11804
2017-04-12 13:00:00-04:00,42.94,42.97,42.94,42.96,5214
2017-04-12 13:05:00-04:00,42.95,42.955,42.935,42.94,4681
2017-04-12 13:10:00-04:00,42.94,42.94,42.915,42.915,3563
2017-04-12 13:15:00-04:00,42.915,42.925,42.91,42.92,5280
2017-04-12 13:20:00-04:00,42.91,42.91,42.875,42.89,10816
2017-04-12 13:25:00-04:00,42.88,42.885,42.87,42.885,7577
2017-04-12 13:30:00-04:00,42.89,42.89,42.88,42.89,4651
2017-04-12 13:35:00-04:00,42.89,42.91,42.87,42.91,5763
2017-04-12 13:40:00-04:00,42.915,42.935,42.91,42.93,2965
2017-04-12 13:45:00-04:00,42.915,42.92,42.89,42.895,2647
2017-04-12 13:50:00-04:00,42.9,42.9,42.865,42.895,5589
2017-04-12 13:55:00-04:00,42.895,42.955,42.89,42.955,11564
2017-04-12 14:00:00-04:00,42.955,42.955,42.91,42.91,7881
2017-04-12 14:05:00-04:00,42.92,42.94,42.92,42.93,3035
2017-04-12 14:10:00-04:00,42.93,42.94,42.92,42.93,2282
2017-04-12 14:15:00-04:00,42.915,42.93,42.91,42.915,3130
2017-04-12 14:20:00-04:00,42.91,42.92,42.91,42.91,3515
2017-04-12 14:25:00-04:00,42.91,42.94,42.9,42.94,6808
2017-04-12 14:30:00-04:00,42.935,42.94,42.92,42.94,4445
2017-04-12 14:35:00-04:00,42.94,42.955,42.91,42.91,4789
2017-04-12 14:40:00-04:00,42.9,42.91,42.89,42.9,5306
2017-04-12 14:45:00-04:00,42.9,42.915,42.89,42.89,4084
2017-04-12 14:50:00-04:00,42.89,42.91,42.88,42.885,9278
2017-04-12 14:55:00-04:00,42.885,42.895,42.875,42.895,7288
2017-04-12 15:00:00-04:00,42.9,42.92,42.9,42.92,5856
2017-04-12 15:05:00-04:00,42.92,42.93,42.915,42.92,2956
2017-04-12 15:10:00-04:00,42.93,42.94,42.92,42.94,5731
2017-04-12 15:15:00-04:00,42.94,42.94,42.915,42.925,4703
2017-04-12 15:20:00-04:00,42.93,42.97,42.925,42.97,8435
2017-04-12 15:25:00-04:00,42.97,42.98,42.94,42.95,11811
2017-04-12 15:30:00-04:00,42.95,42.96,42.94,42.95,15998
2017-04-12 15:35:00-04:00,42.95,42.95,42.94,42.94,19913
2017-04-12 15:40:00-04:00,42.94,42.945,42.91,42.91,20621
2017-04-12 15:45:00-04:00,42.915,42.955,42.89,42.93,37620
2017-04-12 15:50:00-04:00,42.93,42.96,42.93,42.955,37303
2017-04-12 15:55:00-04:00,42.95,42.97,42.93,42.94,70447
2017-04-13 09:30:00-04:00,42.86,42.94,42.83,42.88,2300
2017-04-13 09:35:00-04:00,42.91,42.92,42.85,42.86,9432
2017-04-13 09:40:00-04:00,42.83,42.84,42.79,42.83,4739
2017-04-13 09:45:00-04:00,42.835,42.88,42.79,42.8,8649
2017-04-13 09:50:00-04:00,42.79,42.83,42.79,42.82,3300
2017-04-13 09:55:00-04:00,42.82,42.825,42.795,42.81,6901
2017-04-13 10:00:00-04:00,42.83,42.84,42.81,42.84,11700
2017-04-13 10:05:00-04:00,42.86,42.86,42.815,42.815,20816
2017-04-13 10:10:00-04:00,42.795,42.81,42.78,42.795,6647
2017-04-13 10:15:00-04:00,42.8,42.85,42.8,42.85,6756
2017-04-13 10:20:00-04:00,42.855,42.865,42.84,42.86,4795
2017-04-13 10:25:00-04:00,42.865,42.89,42.855,42.855,9879
2017-04-13 10:30:00-04:00,42.87,42.89,42.87,42.89,2945
2017-04-13 10:35:00-04:00,42.88,42.9,42.87,42.895,3806
2017-04-13 10:40:00-04:00,42.895,42.9,42.89,42.9,9217
2017-04-13 10:45:00-04:00,42.895,42.92,42.89,42.92,5525
2017-04-13 10:50:00-04:00,42.92,42.94,42.91,42.94,10584
2017-04-13 10:55:00-04:00,42.935,42.96,42.93,42.94,5214
2017-04-13 11:00:00-04:00,42.94,42.94,42.93,42.94,5295
2017-04-13 11:05:00-04:00,42.93,42.95,42.93,42.95,4114
2017-04-13 11:10:00-04:00,42.94,42.95,42.94,42.94,2328
2017-04-13 11:15:00-04:00,42.95,42.96,42.95,42.955,5833
2017-04-13 11:20:00-04:00,42.96,42.97,42.955,42.965,4600
2017-04-13 11:25:00-04:00,42.965,42.98,42.965,42.975,6273
2017-04-13 11:30:00-04:00,42.97,42.99,42.97,42.98,20527
2017-04-13 11:35:00-04:00,42.98,43.0,42.98,42.995,6037
2017-04-13 11:40:00-04:00,42.995,42.995,42.99,42.99,4006
2017-04-13 11:45:00-04:00,42.99,43.0,42.99,42.995,3732
2017-04-13 11:50:00-04:00,42.995,43.0,42.99,43.0,3917
2017-04-13 11:55:00-04:00,43.0,43.035,42.995,43.025,7369
2017-04-13 12:00:00-04:00,43.03,43.07,43.03,43.06,22895
2017-04-13 12:05:00-04:00,43.06,43.07,43.05,43.06,16137
2017-04-13 12:10:00-04:00,43.07,43.07,43.04,43.04,22059
2017-04-13 12:15:00-04:00,43.03,43.04,43.01,43.035,15174
2017-04-13 12:20:00-04:00,43.03,43.03,43.01,43.01,4201
2017-04-13 12:25:00-04:00,43.01,43.015,43.0,43.01,3315
2017-04-13 12:30:00-04:00,43.01,43.01,42.97,42.99,3898
2017-04-13 12:35:00-04:00,43.01,43.02,42.995,42.995,3274
2017-04-13 12:40:00-04:00,42.99,42.99,42.96,42.98,2410
2017-04-13 12:45:00-04:00,42.98,42.98,42.95,42.95,2005
2017-04-13 12:50:00-04:00,42.96,42.97,42.96,42.96,1211
2017-04-13 12:55:00-04:00,42.97,42.99,42.96,42.98,3153
2017-04-13 13:00:00-04:00,42.99,42.99,42.94,42.95,2373
2017-04-13 13:05:00-04:00,42.955,42.96,42.93,42.95,2194
2017-04-13 13:10:00-04:00,42.96,42.98,42.96,42.98,9701
2017-04-13 13:15:00-04:00,42.97,42.98,42.97,42.98,5272
2017-04-13 13:20:00-04:00,42.98,42.98,42.96,42.96,7326
2017-04-13 13:25:00-04:00,42.97,42.98,42.97,42.98,3838
2017-04-13 13:30:00-04:00,42.98,43.0,42.97,42.99,12616
2017-04-13 13:35:00-04:00,42.98,43.01,42.98,43.005,5835
2017-04-13 13:40:00-04:00,43.005,43.01,43.0,43.005,10904
2017-04-13 13:45:00-04:00,43.0,43.01,42.96,42.965,22194
2017-04-13 13:50:00-04:00,42.96,42.97,42.95,42.965,2605
2017-04-13 13:55:00-04:00,42.96,42.97,42.96,42.96,5271
2017-04-13 14:00:00-04:00,42.97,42.995,42.97,42.995,3556
2017-04-13 14:05:00-04:00,43.005,43.03,43.0,43.025,3515
2017-04-13 14:10:00-04:00,43.03,43.04,43.01,43.02,5896
2017-04-13 14:15:00-04:00,43.015,43.025,43.01,43.02,6015
2017-04-13 14:20:00-04:00,43.02,43.025,43.0,43.015,5414
2017-04-13 14:25:00-04:00,43.015,43.035,43.01,43.01,2866
2017-04-13 14:30:00-04:00,43.02,43.02,43.01,43.02,1347
2017-04-13 14:35:00-04:00,43.015,43.015,42.985,42.99,4120
2017-04-13 14:40:00-04:00,43.0,43.0,42.98,42.985,3614
2017-04-13 14:45:00-04:00,42.99,42.99,42.98,42.99,4465
2017-04-13 14:50:00-04:00,42.99,42.99,42.96,42.965,7000
2017-04-13 14:55:00-04:00,42.97,42.99,42.97,42.99,3349
2017-04-13 15:00:00-04:00,42.98,42.99,42.96,42.96,2975
2017-04-13 15:05:00-04:00,42.965,42.975,42.96,42.96,3919
2017-04-13 15:10:00-04:00,42.96,42.96,42.92,42.93,3766
2017-04-13 15:15:00-04:00,42.94,42.94,42.91,42.94,3957
2017-04-13 15:20:00-04:00,42.93,42.935,42.9,42.93,6462
2017-04-13 15:25:00-04:00,42.92,42.93,42.91,42.91,4742
2017-04-13 15:30:00-04:00,42.91,42.92,42.855,42.855,10089
2017-04-13 15:35:00-04:00,42.855,42.87,42.84,42.85,7397
2017-04-13 15:40:00-04:00,42.845,42.87,42.84,42.86,8609
2017-04-13 15:45:00-04:00,42.84,42.91,42.835,42.91,16335
2017-04-13 15:50:00-04:00,42.91,42.91,42.87,42.88,36591
2017-04-13 15:55:00-04:00,42.885,42.885,42.78,42.795,82926
2017-04-17 09:30:00-04:00,42.79,42.92,42.79,42.92,1529
2017-04-17 09:35:00-04:00,42.955,43.045,42.95,43.045,10071
2017-04-17 09:40:00-04:00,43.03,43.05,43.01,43.01,3814
2017-04-17 09:45:00-04:00,43.0,43.01,42.99,43.0,5387
2017-04-17 09:50:00-04:00,42.99,43.03,42.97,42.97,15114
2017-04-17 09:55:00-04:00,42.97,42.98,42.88,42.89,3806
2017-04-17 10:00:00-04:00,42.89,42.92,42.89,42.915,10658
2017-04-17 10:05:00-04:00,42.915,42.95,42.895,42.93,19889
2017-04-17 10:10:00-04:00,42.93,42.965,42.91,42.96,13429
2017-04-17 10:15:00-04:00,42.965,43.0,42.95,42.95,19000
2017-04-17 10:20:00-04:00,42.95,42.96,42.94,42.94,6641
2017-04-17 10:25:00-04:00,42.94,42.95,42.91,42.95,8644
2017-04-17 10:30:00-04:00,42.95,42.98,42.95,42.96,8580
2017-04-17 10:35:00-04:00,42.95,42.99,42.95,42.99,7475
2017-04-17 10:40:00-04:00,42.98,42.98,42.935,42.96,9060
2017-04-17 10:45:00-04:00,42.96,42.96,42.95,42.96,3428
2017-04-17 10:50:00-04:00,42.96,42.98,42.94,42.98,6194
2017-04-17 10:55:00-04:00,42.99,43.02,42.985,43.0,11003
2017-04-17 11:00:00-04:00,42.99,42.99,42.94,42.95,8229
2017-04-17 11:05:00-04:00,42.96,42.96,42.92,42.935,8023
2017-04-17 11:10:00-04:00,42.94,42.97,42.93,42.97,13935
2017-04-17 11:15:00-04:00,42.97,42.97,42.94,42.945,5634
2017-04-17 11:20:00-04:00,42.94,42.96,42.94,42.94,10101
2017-04-17 11:25:00-04:00,42.94,42.945,42.92,42.92,5304
2017-04-17 11:30:00-04:00,42.92,42.94,42.92,42.93,6809
2017-04-17 11:35:00-04:00,42.93,42.94,42.91,42.935,11725
2017-04-17 11:40:00-04:00,42.95,42.95,42.93,42.93,2126
2017-04-17 11:45:00-04:00,42.935,42.935,42.92,42.92,6113
2017-04-17 11:50:00-04:00,42.92,42.925,42.89,42.89,3929
2017-04-17 11:55:00-04:00,42.88,42.885,42.84,42.85,7402
2017-04-17 12:00:00-04:00,42.85,42.855,42.835,42.835,4717
2017-04-17 12:05:00-04:00,42.835,42.89,42.83,42.89,9143
2017-04-17 12:10:00-04:00,42.89,42.9,42.88,42.9,8705
2017-04-17 12:15:00-04:00,42.91,42.95,42.91,42.95,7500
2017-04-17 12:20:00-04:00,42.955,42.985,42.95,42.98,4995
2017-04-17 12:25:00-04:00,42.99,43.01,42.99,43.0,11371
2017-04-17 12:30:00-04:00,42.995,43.015,42.99,42.995,7083
2017-04-17 12:35:00-04:00,42.99,42.99,42.965,42.965,3300
2017-04-17 12:40:00-04:00,42.965,42.98,42.96,42.97,6004
2017-04-17 12:45:00-04:00,42.98,42.98,42.97,42.97,7666
2017-04-17 12:50:00-04:00,42.97,42.98,42.97,42.98,10294
2017-04-17 12:55:00-04:00,42.97,42.99,42.97,42.975,8449
2017-04-17 13:00:00-04:00,42.98,42.99,42.98,42.99,4347
2017-04-17 13:05:00-04:00,42.99,43.03,42.99,43.0,9204
2017-04-17 13:10:00-04:00,43.0,43.03,43.0,43.005,5168
2017-04-17 13:15:00-04:00,43.01,43.01,42.975,42.98,3702
2017-04-17 13:20:00-04:00,42.975,42.98,42.975,42.975,1031
2017-04-17 13:25:00-04:00,42.97,43.0,42.97,43.0,4841
2017-04-17 13:30:00-04:00,43.0,43.005,42.99,42.99,8051
2017-04-17 13:35:00-04:00,42.985,42.99,42.965,42.98,7412
2017-04-17 13:40:00-04:00,42.98,42.985,42.95,42.95,3714
2017-04-17 13:45:00-04:00,42.955,42.96,42.95,42.96,4131
2017-04-17 13:50:00-04:00,42.96,42.96,42.95,42.96,6669
2017-04-17 13:55:00-04:00,42.96,42.97,42.96,42.965,8558
2017-04-17 14:00:00-04:00,42.97,42.97,42.95,42.97,9551
2017-04-17 14:05:00-04:00,42.97,42.99,42.97,42.97,8440
2017-04-17 14:10:00-04:00,42.98,43.0,42.975,42.995,8345
2017-04-17 14:15:00-04:00,42.995,43.005,42.96,42.965,9539
2017-04-17 14:20:00-04:00,42.965,42.99,42.965,42.99,5634
2017-04-17 14:25:00-04:00,42.99,43.01,42.985,43.01,7206
2017-04-17 14:30:00-04:00,43.01,43.01,42.995,42.995,8934
2017-04-17 14:35:00-04:00,43.0,43.02,43.0,43.01,10280
2017-04-17 14:40:00-04:00,43.005,43.01,43.0,43.01,4298
2017-04-17 14:45:00-04:00,43.01,43.03,43.0,43.005,11201
2017-04-17 14:50:00-04:00,43.0,43.02,43.0,43.02,13466
2017-04-17 14:55:00-04:00,43.01,43.02,42.99,43.01,10299
2017-04-17 15:00:00-04:00,43.01,43.02,43.01,43.01,5152
2017-04-17 15:05:00-04:00,43.0,43.005,42.995,43.005,15878
2017-04-17 15:10:00-04:00,43.005,43.02,43.0,43.01,7149
2017-04-17 15:15:00-04:00,43.01,43.015,42.98,43.01,21628
2017-04-17 15:20:00-04:00,43.02,43.02,42.985,42.995,6135
2017-04-17 15:25:00-04:00,43.0,43.04,42.99,43.025,15120
2017-04-17 15:30:00-04:00,43.02,43.02,43.0,43.005,15798
2017-04-17 15:35:00-04:00,43.005,43.02,43.0,43.005,22448
2017-04-17 15:40:00-04:00,43.01,43.03,43.01,43.02,19881
2017-04-17 15:45:00-04:00,43.03,43.04,43.0,43.02,32084
2017-04-17 15:50:00-04:00,43.02,43.02,42.995,43.0,22084
2017-04-17 15:55:00-04:00,43.01,43.07,43.0,43.06,52931
2017-04-18 09:30:00-04:00,43.1,43.21,43.1,43.205,7602
2017-04-18 09:35:00-04:00,43.215,43.315,43.21,43.315,6001
2017-04-18 09:40:00-04:00,43.32,43.32,43.225,43.24,5829
2017-04-18 09:45:00-04:00,43.27,43.275,43.23,43.23,10873
2017-04-18 09:50:00-04:00,43.24,43.36,43.24,43.36,16453
2017-04-18 09:55:00-04:00,43.37,43.42,43.36,43.4,16980
2017-04-18 10:00:00-04:00,43.405,43.43,43.36,43.42,22370
2017-04-18 10:05:00-04:00,43.43,43.48,43.42,43.48,10632
2017-04-18 10:10:00-04:00,43.48,43.5,43.46,43.46,11274
2017-04-18 10:15:00-04:00,43.47,43.49,43.44,43.49,11652
2017-04-18 10:20:00-04:00,43.49,43.5,43.46,43.465,8433
2017-04-18 10:25:00-04:00,43.46,43.47,43.445,43.46,8227
2017-04-18 10:30:00-04:00,43.47,43.48,43.455,43.475,9928
2017-04-18 10:35:00-04:00,43.475,43.475,43.44,43.47,13512
2017-04-18 10:40:00-04:00,43.475,43.5,43.475,43.48,5706
2017-04-18 10:45:00-04:00,43.475,43.565,43.46,43.51,11811
2017-04-18 10:50:00-04:00,43.51,43.565,43.51,43.56,7560
2017-04-18 10:55:00-04:00,43.555,43.56,43.525,43.535,6332
2017-04-18 11:00:00-04:00,43.545,43.585,43.54,43.56,8292
2017-04-18 11:05:00-04:00,43.555,43.59,43.54,43.58,11145
2017-04-18 11:10:00-04:00,43.585,43.59,43.515,43.515,12723
2017-04-18 11:15:00-04:00,43.525,43.58,43.525,43.535,8494
2017-04-18 11:20:00-04:00,43.53,43.53,43.46,43.485,15450
2017-04-18 11:25:00-04:00,43.48,43.48,43.44,43.44,12046
2017-04-18 11:30:00-04:00,43.44,43.47,43.435,43.44,15187
2017-04-18 11:35:00-04:00,43.43,43.43,43.395,43.405,26925
2017-04-18 11:40:00-04:00,43.405,43.425,43.4,43.405,14181
2017-04-18 11:45:00-04:00,43.405,43.45,43.405,43.45,7858
2017-04-18 11:50:00-04:00,43.44,43.46,43.43,43.45,7522
2017-04-18 11:55:00-04:00,43.45,43.47,43.44,43.455,8790
2017-04-18 12:00:00-04:00,43.455,43.47,43.42,43.435,6810
2017-04-18 12:05:00-04:00,43.42,43.48,43.41,43.48,9582
2017-04-18 12:10:00-04:00,43.47,43.475,43.41,43.44,10139
2017-04-18 12:15:00-04:00,43.44,43.44,43.41,43.42,3103
2017-04-18 12:20:00-04:00,43.435,43.45,43.43,43.43,17043
2017-04-18 12:25:00-04:00,43.435,43.45,43.43,43.45,7355
2017-04-18 12:30:00-04:00,43.44,43.44,43.42,43.42,2886
2017-04-18 12:35:00-04:00,43.42,43.425,43.405,43.415,7283
2017-04-18 12:40:00-04:00,43.415,43.455,43.415,43.415,5542
2017-04-18 12:45:00-04:00,43.41,43.41,43.395,43.395,3098
2017-04-18 12:50:00-04:00,43.39,43.395,43.39,43.39,5871
2017-04-18 12:55:00-04:00,43.39,43.41,43.39,43.4,9880
2017-04-18 13:00:00-04:00,43.4,43.41,43.39,43.41,10388
2017-04-18 13:05:00-04:00,43.405,43.43,43.38,43.42,9285
2017-04-18 13:10:00-04:00,43.415,43.43,43.405,43.43,4644
2017-04-18 13:15:00-04:00,43.43,43.43,43.4,43.4,5298
2017-04-18 13:20:00-04:00,43.405,43.42,43.4,43.42,3250
2017-04-18 13:25:00-04:00,43.425,43.44,43.39,43.4,5450
2017-04-18 13:30:00-04:00,43.39,43.39,43.37,43.37,3121
2017-04-18 13:35:00-04:00,43.37,43.405,43.36,43.4,14208
2017-04-18 13:40:00-04:00,43.4,43.465,43.4,43.455,6648
2017-04-18 13:45:00-04:00,43.46,43.47,43.42,43.425,11578
2017-04-18 13:50:00-04:00,43.42,43.435,43.41,43.43,6204
2017-04-18 13:55:00-04:00,43.43,43.475,43.43,43.465,7113
2017-04-18 14:00:00-04:00,43.47,43.48,43.445,43.465,11676
2017-04-18 14:05:00-04:00,43.465,43.485,43.46,43.475,4246
2017-04-18 14:10:00-04:00,43.48,43.49,43.47,43.49,4356
2017-04-18 14:15:00-04:00,43.485,43.49,43.475,43.485,6657
2017-04-18 14:20:00-04:00,43.49,43.52,43.475,43.475,12353
2017-04-18 14:25:00-04:00,43.475,43.495,43.465,43.485,6252
2017-04-18 14:30:00-04:00,43.485,43.5,43.485,43.5,2217
2017-04-18 14:35:00-04:00,43.51,43.53,43.48,43.49,9262
2017-04-18 14:40:00-04:00,43.49,43.495,43.45,43.47,6716
2017-04-18 14:45:00-04:00,43.465,43.47,43.455,43.46,5485
2017-04-18 14:50:00-04:00,43.46,43.485,43.46,43.475,11636
2017-04-18 14:55:00-04:00,43.47,43.49,43.47,43.48,6507
2017-04-18 15:00:00-04:00,43.485,43.485,43.455,43.465,11231
2017-04-18 15:05:00-04:00,43.48,43.5,43.48,43.485,9053
2017-04-18 15:10:00-04:00,43.485,43.485,43.46,43.48,6718
2017-04-18 15:15:00-04:00,43.48,43.5,43.48,43.5,5731
2017-04-18 15:20:00-04:00,43.5,43.5,43.46,43.49,12769
2017-04-18 15:25:00-04:00,43.49,43.505,43.47,43.47,12668
2017-04-18 15:30:00-04:00,43.475,43.485,43.465,43.465,10815
2017-04-18 15:35:00-04:00,43.47,43.515,43.47,43.51,11529
2017-04-18 15:40:00-04:00,43.505,43.525,43.5,43.525,10852
2017-04-18 15:45:00-04:00,43.525,43.525,43.49,43.52,21214
2017-04-18 15:50:00-04:00,43.51,43.555,43.51,43.53,27976
2017-04-18 15:55:00-04:00,43.53,43.53,43.48,43.48,53929
2017-04-19 09:00:00-04:00,43.85,43.85,43.85,43.85,100
2017-04-19 09:05:00-04:00,43.74,43.74,43.74,43.74,100
2017-04-19 09:30:00-04:00,43.76,43.76,43.58,43.63,9049
2017-04-19 09:35:00-04:00,43.63,43.63,43.56,43.6,25838
2017-04-19 09:40:00-04:00,43.61,43.63,43.52,43.54,27557
2017-04-19 09:45:00-04:00,43.54,43.54,43.46,43.515,8446
2017-04-19 09:50:00-04:00,43.53,43.53,43.47,43.47,14121
2017-04-19 09:55:00-04:00,43.475,43.49,43.44,43.47,15402
2017-04-19 10:00:00-04:00,43.48,43.48,43.43,43.43,12746
2017-04-19 10:05:00-04:00,43.43,43.445,43.41,43.43,12384
2017-04-19 10:10:00-04:00,43.43,43.43,43.405,43.42,19632
2017-04-19 10:15:00-04:00,43.41,43.43,43.405,43.41,17190
2017-04-19 10:20:00-04:00,43.41,43.435,43.41,43.43,18442
2017-04-19 10:25:00-04:00,43.42,43.42,43.385,43.385,6579
2017-04-19 10:30:00-04:00,43.39,43.42,43.385,43.42,13314
2017-04-19 10:35:00-04:00,43.415,43.44,43.415,43.43,8728
2017-04-19 10:40:00-04:00,43.43,43.43,43.38,43.38,7199
2017-04-19 10:45:00-04:00,43.38,43.39,43.33,43.33,10134
2017-04-19 10:50:00-04:00,43.33,43.33,43.3,43.31,10498
2017-04-19 10:55:00-04:00,43.31,43.35,43.31,43.35,6688
2017-04-19 11:00:00-04:00,43.36,43.36,43.33,43.335,3895
2017-04-19 11:05:00-04:00,43.335,43.36,43.33,43.355,10602
2017-04-19 11:10:00-04:00,43.36,43.36,43.34,43.34,5526
2017-04-19 11:15:00-04:00,43.345,43.35,43.33,43.34,6443
2017-04-19 11:20:00-04:00,43.35,43.36,43.34,43.36,14028
2017-04-19 11:25:00-04:00,43.355,43.365,43.33,43.33,11425
2017-04-19 11:30:00-04:00,43.33,43.355,43.315,43.315,14913
2017-04-19 11:35:00-04:00,43.315,43.33,43.3,43.325,12400
2017-04-19 11:40:00-04:00,43.33,43.34,43.305,43.305,8241
2017-04-19 11:45:00-04:00,43.305,43.335,43.3,43.335,8373
2017-04-19 11:50:00-04:00,43.335,43.36,43.32,43.35,6091
2017-04-19 11:55:00-04:00,43.34,43.35,43.34,43.34,6810
2017-04-19 12:00:00-04:00,43.345,43.35,43.34,43.34,4301
2017-04-19 12:05:00-04:00,43.335,43.34,43.3,43.3,6359
2017-04-19 12:10:00-04:00,43.3,43.345,43.295,43.31,15713
2017-04-19 12:15:00-04:00,43.31,43.35,43.305,43.345,7707
2017-04-19 12:20:00-04:00,43.345,43.35,43.33,43.33,9187
2017-04-19 12:25:00-04:00,43.325,43.335,43.31,43.325,12752
2017-04-19 12:30:00-04:00,43.32,43.325,43.31,43.32,3645
2017-04-19 12:35:00-04:00,43.32,43.35,43.315,43.35,2090
2017-04-19 12:40:00-04:00,43.35,43.35,43.34,43.345,5512
2017-04-19 12:45:00-04:00,43.345,43.35,43.34,43.34,5064
2017-04-19 12:50:00-04:00,43.34,43.39,43.34,43.39,8355
2017-04-19 12:55:00-04:00,43.39,43.39,43.37,43.37,8892
2017-04-19 13:00:00-04:00,43.37,43.375,43.33,43.335,7858
2017-04-19 13:05:00-04:00,43.32,43.35,43.32,43.335,8195
2017-04-19 13:10:00-04:00,43.335,43.335,43.31,43.315,7685
2017-04-19 13:15:00-04:00,43.315,43.32,43.31,43.31,9624
2017-04-19 13:20:00-04:00,43.32,43.345,43.31,43.33,13092
2017-04-19 13:25:00-04:00,43.335,43.335,43.31,43.31,3856
2017-04-19 13:30:00-04:00,43.31,43.33,43.31,43.33,1981
2017-04-19 13:35:00-04:00,43.33,43.35,43.32,43.33,2897
2017-04-19 13:40:00-04:00,43.33,43.35,43.33,43.34,2463
2017-04-19 13:45:00-04:00,43.345,43.345,43.34,43.345,2987
2017-04-19 13:50:00-04:00,43.345,43.35,43.34,43.345,5449
2017-04-19 13:55:00-04:00,43.335,43.335,43.31,43.31,9257
2017-04-19 14:00:00-04:00,43.32,43.325,43.295,43.3,14444
2017-04-19 14:05:00-04:00,43.31,43.32,43.3,43.315,6972
2017-04-19 14:10:00-04:00,43.31,43.32,43.31,43.31,5381
2017-04-19 14:15:00-04:00,43.32,43.33,43.29,43.33,15760
2017-04-19 14:20:00-04:00,43.33,43.335,43.305,43.305,11295
2017-04-19 14:25:00-04:00,43.305,43.335,43.305,43.33,6220
2017-04-19 14:30:00-04:00,43.325,43.36,43.32,43.32,11231
2017-04-19 14:35:00-04:00,43.325,43.33,43.3,43.3,8148
2017-04-19 14:40:00-04:00,43.305,43.305,43.26,43.275,13811
2017-04-19 14:45:00-04:00,43.275,43.28,43.26,43.265,6713
2017-04-19 14:50:00-04:00,43.265,43.285,43.25,43.285,13958
2017-04-19 14:55:00-04:00,43.285,43.285,43.26,43.27,10930
2017-04-19 15:00:00-04:00,43.27,43.29,43.255,43.285,16824
2017-04-19 15:05:00-04:00,43.28,43.32,43.28,43.315,17289
2017-04-19 15:10:00-04:00,43.31,43.32,43.275,43.275,13773
2017-04-19 15:15:00-04:00,43.27,43.28,43.26,43.27,10648
2017-04-19 15:20:00-04:00,43.27,43.275,43.26,43.26,7037
2017-04-19 15:25:00-04:00,43.26,43.27,43.235,43.245,16600
2017-04-19 15:30:00-04:00,43.25,43.28,43.25,43.28,14784
2017-04-19 15:35:00-04:00,43.28,43.28,43.25,43.25,14357
2017-04-19 15:40:00-04:00,43.25,43.26,43.215,43.22,23188
2017-04-19 15:45:00-04:00,43.21,43.235,43.2,43.205,20140
2017-04-19 15:50:00-04:00,43.205,43.23,43.19,43.23,33113
2017-04-19 15:55:00-04:00,43.23,43.245,43.21,43.21,80971
2017-04-20 09:25:00-04:00,43.24,43.24,43.24,43.24,600
2017-04-20 09:30:00-04:00,43.22,43.22,43.15,43.21,5274
2017-04-20 09:35:00-04:00,43.23,43.23,43.18,43.195,4512
2017-04-20 09:40:00-04:00,43.2,43.25,43.195,43.23,9070
2017-04-20 09:45:00-04:00,43.23,43.27,43.22,43.24,8736
2017-04-20 09:50:00-04:00,43.23,43.27,43.205,43.27,10606
2017-04-20 09:55:00-04:00,43.265,43.27,43.23,43.27,8629
2017-04-20 10:00:00-04:00,43.28,43.29,43.22,43.22,10978
2017-04-20 10:05:00-04:00,43.21,43.24,43.205,43.22,5370
2017-04-20 10:10:00-04:00,43.225,43.28,43.22,43.22,10776
2017-04-20 10:15:00-04:00,43.22,43.23,43.19,43.2,12737
2017-04-20 10:20:00-04:00,43.2,43.21,43.175,43.19,9268
2017-04-20 10:25:00-04:00,43.19,43.2,43.17,43.18,10778
2017-04-20 10:30:00-04:00,43.19,43.215,43.185,43.185,7848
2017-04-20 10:35:00-04:00,43.19,43.2,43.16,43.16,9127
2017-04-20 10:40:00-04:00,43.16,43.16,43.115,43.115,5458
2017-04-20 10:45:00-04:00,43.115,43.16,43.115,43.12,13353
2017-04-20 10:50:00-04:00,43.12,43.16,43.12,43.14,7511
2017-04-20 10:55:00-04:00,43.14,43.155,43.125,43.13,7351
2017-04-20 11:00:00-04:00,43.135,43.175,43.135,43.14,11054
2017-04-20 11:05:00-04:00,43.14,43.145,43.13,43.13,9528
2017-04-20 11:10:00-04:00,43.13,43.14,43.115,43.13,12339
2017-04-20 11:15:00-04:00,43.13,43.13,43.08,43.08,7447
2017-04-20 11:20:00-04:00,43.08,43.085,43.05,43.085,10085
2017-04-20 11:25:00-04:00,43.09,43.105,43.08,43.1,13747
2017-04-20 11:30:00-04:00,43.1,43.14,43.1,43.125,21807
2017-04-20 11:35:00-04:00,43.13,43.145,43.11,43.125,12740
2017-04-20 11:40:00-04:00,43.125,43.13,43.115,43.115,8669
2017-04-20 11:45:00-04:00,43.11,43.14,43.11,43.14,10196
2017-04-20 11:50:00-04:00,43.145,43.175,43.145,43.16,9073
2017-04-20 11:55:00-04:00,43.15,43.17,43.14,43.165,10276
2017-04-20 12:00:00-04:00,43.17,43.19,43.16,43.165,12858
2017-04-20 12:05:00-04:00,43.17,43.175,43.16,43.16,14770
2017-04-20 12:10:00-04:00,43.17,43.18,43.15,43.175,12924
2017-04-20 12:15:00-04:00,43.175,43.18,43.14,43.15,11243
2017-04-20 12:20:00-04:00,43.145,43.17,43.13,43.15,6802
2017-04-20 12:25:00-04:00,43.15,43.15,43.11,43.12,4566
2017-04-20 12:30:00-04:00,43.12,43.13,43.115,43.12,3477
2017-04-20 12:35:00-04:00,43.115,43.14,43.1,43.135,6340
2017-04-20 12:40:00-04:00,43.13,43.13,43.115,43.12,9255
2017-04-20 12:45:00-04:00,43.12,43.12,43.09,43.09,6305
2017-04-20 12:50:00-04:00,43.09,43.145,43.08,43.14,11299
2017-04-20 12:55:00-04:00,43.135,43.18,43.135,43.16,10712
2017-04-20 13:00:00-04:00,43.17,43.19,43.165,43.175,12243
2017-04-20 13:05:00-04:00,43.175,43.185,43.16,43.18,10991
2017-04-20 13:10:00-04:00,43.18,43.18,43.165,43.165,5669
2017-04-20 13:15:00-04:00,43.16,43.17,43.15,43.165,7810
2017-04-20 13:20:00-04:00,43.165,43.2,43.16,43.195,11973
2017-04-20 13:25:00-04:00,43.2,43.215,43.185,43.21,10244
2017-04-20 13:30:00-04:00,43.205,43.21,43.18,43.205,8851
2017-04-20 13:35:00-04:00,43.21,43.21,43.17,43.18,14859
2017-04-20 13:40:00-04:00,43.175,43.19,43.175,43.185,10287
2017-04-20 13:45:00-04:00,43.19,43.21,43.185,43.21,5859
2017-04-20 13:50:00-04:00,43.215,43.23,43.19,43.23,11935
2017-04-20 13:55:00-04:00,43.23,43.25,43.22,43.22,10047
2017-04-20 14:00:00-04:00,43.22,43.23,43.185,43.195,7505
2017-04-20 14:05:00-04:00,43.19,43.2,43.18,43.18,5140
2017-04-20 14:10:00-04:00,43.18,43.21,43.175,43.205,11126
2017-04-20 14:15:00-04:00,43.205,43.21,43.19,43.195,9349
2017-04-20 14:20:00-04:00,43.19,43.215,43.185,43.205,9864
2017-04-20 14:25:00-04:00,43.21,43.235,43.205,43.225,10915
2017-04-20 14:30:00-04:00,43.225,43.225,43.21,43.21,10047
2017-04-20 14:35:00-04:00,43.21,43.22,43.21,43.21,5814
2017-04-20 14:40:00-04:00,43.21,43.215,43.19,43.19,2985
2017-04-20 14:45:00-04:00,43.18,43.185,43.165,43.18,12838
2017-04-20 14:50:00-04:00,43.185,43.19,43.15,43.155,7963
2017-04-20 14:55:00-04:00,43.155,43.16,43.13,43.13,8723
2017-04-20 15:00:00-04:00,43.13,43.135,43.12,43.125,7015
2017-04-20 15:05:00-04:00,43.13,43.14,43.12,43.14,9406
2017-04-20 15:10:00-04:00,43.14,43.15,43.135,43.145,15512
2017-04-20 15:15:00-04:00,43.15,43.15,43.11,43.11,10238
2017-04-20 15:20:00-04:00,43.115,43.125,43.1,43.1,13656
2017-04-20 15:25:00-04:00,43.11,43.13,43.1,43.125,10992
2017-04-20 15:30:00-04:00,43.125,43.15,43.125,43.145,17389
2017-04-20 15:35:00-04:00,43.15,43.155,43.13,43.145,17523
2017-04-20 15:40:00-04:00,43.145,43.15,43.13,43.135,18717
2017-04-20 15:45:00-04:00,43.14,43.16,43.13,43.15,31241
2017-04-20 15:50:00-04:00,43.15,43.17,43.145,43.15,40989
2017-04-20 15:55:00-04:00,43.145,43.15,43.1,43.11,76144
2017-04-21 09:30:00-04:00,42.99,43.02,42.965,42.97,6814
2017-04-21 09:35:00-04:00,42.97,42.97,42.89,42.95,10851
2017-04-21 09:40:00-04:00,42.95,42.95,42.915,42.915,7026
2017-04-21 09:45:00-04:00,42.915,42.97,42.91,42.97,8600
2017-04-21 09:50:00-04:00,42.98,43.03,42.975,43.0,14314
2017-04-21 09:55:00-04:00,42.995,43.02,42.985,42.99,12609
2017-04-21 10:00:00-04:00,42.985,43.0,42.975,42.98,9952
2017-04-21 10:05:00-04:00,42.975,42.99,42.97,42.975,11283
2017-04-21 10:10:00-04:00,43.0,43.035,43.0,43.025,5139
2017-04-21 10:15:00-04:00,43.025,43.03,43.0,43.01,10270
2017-04-21 10:20:00-04:00,43.0,43.01,42.99,43.01,7591
2017-04-21 10:25:00-04:00,43.0,43.01,42.985,43.01,7124
2017-04-21 10:30:00-04:00,43.0,43.02,42.99,43.02,14162
2017-04-21 10:35:00-04:00,43.03,43.06,43.03,43.055,7450
2017-04-21 10:40:00-04:00,43.055,43.06,43.05,43.055,10941
2017-04-21 10:45:00-04:00,43.06,43.06,42.99,42.99,9545
2017-04-21 10:50:00-04:00,43.0,43.03,42.995,43.025,10014
2017-04-21 10:55:00-04:00,43.03,43.07,43.02,43.07,21612
2017-04-21 11:00:00-04:00,43.07,43.07,43.04,43.055,14960
2017-04-21 11:05:00-04:00,43.055,43.1,43.055,43.07,8703
2017-04-21 11:10:00-04:00,43.08,43.08,43.05,43.05,11516
2017-04-21 11:15:00-04:00,43.05,43.055,43.01,43.02,14684
2017-04-21 11:20:00-04:00,43.0,43.0,42.97,42.995,14242
2017-04-21 11:25:00-04:00,42.995,43.0,42.98,42.98,12340
2017-04-21 11:30:00-04:00,42.985,42.99,42.98,42.99,16585
2017-04-21 11:35:00-04:00,42.985,43.0,42.985,42.995,12899
2017-04-21 11:40:00-04:00,42.995,43.0,42.98,42.985,16086
2017-04-21 11:45:00-04:00,42.98,42.99,42.98,42.985,7175
2017-04-21 11:50:00-04:00,42.98,42.99,42.98,42.985,7333
2017-04-21 11:55:00-04:00,42.99,43.01,42.99,42.995,9124
2017-04-21 12:00:00-04:00,42.995,43.0,42.985,42.99,8712
2017-04-21 12:05:00-04:00,42.99,42.99,42.98,42.985,10071
2017-04-21 12:10:00-04:00,42.985,43.01,42.97,42.975,12419
2017-04-21 12:15:00-04:00,42.97,42.97,42.95,42.965,7009
2017-04-21 12:20:00-04:00,42.96,42.97,42.94,42.94,6330
2017-04-21 12:25:00-04:00,42.94,42.95,42.94,42.945,5488
2017-04-21 12:30:00-04:00,42.95,42.97,42.95,42.97,7032
2017-04-21 12:35:00-04:00,42.98,42.985,42.955,42.985,5152
2017-04-21 12:40:00-04:00,42.985,42.99,42.975,42.975,6708
2017-04-21 12:45:00-04:00,42.98,42.99,42.97,42.97,2700
2017-04-21 12:50:00-04:00,42.975,42.99,42.97,42.97,6784
2017-04-21 12:55:00-04:00,42.98,42.99,42.97,42.985,9883
2017-04-21 13:00:00-04:00,42.99,42.99,42.965,42.99,13194
2017-04-21 13:05:00-04:00,42.99,43.0,42.975,42.99,5851
2017-04-21 13:10:00-04:00,42.98,42.985,42.91,42.95,4991
2017-04-21 13:15:00-04:00,42.945,42.96,42.94,42.94,3062
2017-04-21 13:20:00-04:00,42.95,42.96,42.94,42.945,5010
2017-04-21 13:25:00-04:00,42.95,42.97,42.94,42.97,7218
2017-04-21 13:30:00-04:00,42.97,42.98,42.96,42.98,5499
2017-04-21 13:35:00-04:00,42.98,42.985,42.965,42.97,4710
2017-04-21 13:40:00-04:00,42.97,43.0,42.97,42.995,6628
2017-04-21 13:45:00-04:00,43.0,43.0,42.985,43.0,7131
2017-04-21 13:50:00-04:00,43.0,43.015,42.99,43.01,5569
2017-04-21 13:55:00-04:00,43.005,43.04,43.005,43.015,20348
2017-04-21 14:00:00-04:00,43.015,43.02,43.0,43.0,10882
2017-04-21 14:05:00-04:00,43.005,43.03,43.0,43.02,9489
2017-04-21 14:10:00-04:00,43.02,43.03,42.995,43.0,9262
2017-04-21 14:15:00-04:00,42.995,43.025,42.995,43.015,11692
2017-04-21 14:20:00-04:00,43.015,43.02,43.01,43.015,8670
2017-04-21 14:25:00-04:00,43.02,43.02,42.99,42.995,10189
2017-04-21 14:30:00-04:00,43.0,43.01,42.99,43.01,14883
2017-04-21 14:35:00-04:00,43.01,43.01,42.995,43.0,12838
2017-04-21 14:40:00-04:00,43.0,43.0,42.98,42.99,8629
2017-04-21 14:45:00-04:00,42.99,42.99,42.98,42.98,6145
2017-04-21 14:50:00-04:00,42.99,42.99,42.98,42.985,16542
2017-04-21 14:55:00-04:00,42.985,42.99,42.98,42.98,15085
2017-04-21 15:00:00-04:00,42.99,42.99,42.97,42.97,9962
2017-04-21 15:05:00-04:00,42.97,42.995,42.965,42.99,5479
2017-04-21 15:10:00-04:00,42.99,43.0,42.97,42.985,6107
2017-04-21 15:15:00-04:00,42.98,42.99,42.97,42.97,12519
2017-04-21 15:20:00-04:00,42.975,43.0,42.975,42.995,11802
2017-04-21 15:25:00-04:00,43.0,43.0,42.99,42.99,13426
2017-04-21 15:30:00-04:00,42.995,42.995,42.95,42.97,16501
2017-04-21 15:35:00-04:00,42.965,43.0,42.965,42.995,14455
2017-04-21 15:40:00-04:00,43.0,43.01,42.99,43.0,26831
2017-04-21 15:45:00-04:00,43.005,43.055,43.005,43.03,33218
2017-04-21 15:50:00-04:00,43.025,43.04,43.02,43.04,19524
2017-04-21 15:55:00-04:00,43.04,43.07,43.035,43.065,85372
2017-04-21 16:20:00-04:00,43.05,43.05,43.05,43.05,500
2017-04-24 09:25:00-04:00,43.17,43.17,43.17,43.17,300
2017-04-24 09:30:00-04:00,43.31,43.33,43.17,43.17,5756
2017-04-24 09:35:00-04:00,43.165,43.245,43.155,43.245,10312
2017-04-24 09:40:00-04:00,43.25,43.33,43.24,43.24,11165
2017-04-24 09:45:00-04:00,43.24,43.26,43.21,43.26,10873
2017-04-24 09:50:00-04:00,43.26,43.26,43.195,43.195,11345
2017-04-24 09:55:00-04:00,43.19,43.19,43.15,43.15,7711
2017-04-24 10:00:00-04:00,43.155,43.19,43.15,43.17,13940
2017-04-24 10:05:00-04:00,43.175,43.22,43.16,43.22,9939
2017-04-24 10:10:00-04:00,43.22,43.23,43.17,43.17,5813
2017-04-24 10:15:00-04:00,43.18,43.225,43.18,43.2,7069
2017-04-24 10:20:00-04:00,43.2,43.22,43.18,43.19,7064
2017-04-24 10:25:00-04:00,43.19,43.23,43.19,43.22,9122
2017-04-24 10:30:00-04:00,43.23,43.23,43.19,43.2,7012
2017-04-24 10:35:00-04:00,43.21,43.26,43.2,43.26,9849
2017-04-24 10:40:00-04:00,43.25,43.26,43.22,43.225,8226
2017-04-24 10:45:00-04:00,43.23,43.24,43.21,43.225,7320
2017-04-24 10:50:00-04:00,43.22,43.245,43.21,43.245,15297
2017-04-24 10:55:00-04:00,43.25,43.325,43.25,43.3,18662
2017-04-24 11:00:00-04:00,43.3,43.335,43.3,43.33,10843
2017-04-24 11:05:00-04:00,43.33,43.41,43.33,43.39,12754
2017-04-24 11:10:00-04:00,43.4,43.4,43.36,43.36,11107
2017-04-24 11:15:00-04:00,43.37,43.38,43.34,43.37,12016
2017-04-24 11:20:00-04:00,43.36,43.37,43.31,43.36,13913
2017-04-24 11:25:00-04:00,43.36,43.36,43.31,43.34,7130
2017-04-24 11:30:00-04:00,43.335,43.37,43.32,43.37,7827
2017-04-24 11:35:00-04:00,43.37,43.42,43.37,43.42,9813
2017-04-24 11:40:00-04:00,43.42,43.43,43.37,43.37,11922
2017-04-24 11:45:00-04:00,43.36,43.37,43.32,43.32,8100
2017-04-24 11:50:00-04:00,43.325,43.33,43.29,43.29,5639
2017-04-24 11:55:00-04:00,43.29,43.31,43.275,43.3,9096
2017-04-24 12:00:00-04:00,43.3,43.31,43.265,43.29,11021
2017-04-24 12:05:00-04:00,43.3,43.3,43.285,43.3,5253
2017-04-24 12:10:00-04:00,43.305,43.335,43.295,43.33,12223
2017-04-24 12:15:00-04:00,43.33,43.335,43.31,43.33,10814
2017-04-24 12:20:00-04:00,43.33,43.345,43.33,43.34,5760
2017-04-24 12:25:00-04:00,43.35,43.4,43.345,43.39,10313
2017-04-24 12:30:00-04:00,43.4,43.4,43.38,43.39,9738
2017-04-24 12:35:00-04:00,43.39,43.42,43.39,43.415,15811
2017-04-24 12:40:00-04:00,43.415,43.42,43.4,43.4,7314
2017-04-24 12:45:00-04:00,43.4,43.41,43.385,43.4,9003
2017-04-24 12:50:00-04:00,43.4,43.41,43.36,43.38,22781
2017-04-24 12:55:00-04:00,43.37,43.37,43.34,43.35,13864
2017-04-24 13:00:00-04:00,43.345,43.37,43.34,43.365,5535
2017-04-24 13:05:00-04:00,43.37,43.38,43.35,43.37,10268
2017-04-24 13:10:00-04:00,43.36,43.39,43.36,43.39,19807
2017-04-24 13:15:00-04:00,43.39,43.4,43.38,43.395,11326
2017-04-24 13:20:00-04:00,43.39,43.395,43.36,43.36,11044
2017-04-24 13:25:00-04:00,43.36,43.4,43.36,43.39,17768
2017-04-24 13:30:00-04:00,43.395,43.42,43.395,43.42,5346
2017-04-24 13:35:00-04:00,43.415,43.43,43.4,43.405,23125
2017-04-24 13:40:00-04:00,43.41,43.42,43.39,43.4,12893
2017-04-24 13:45:00-04:00,43.41,43.41,43.39,43.39,11567
2017-04-24 13:50:00-04:00,43.39,43.39,43.345,43.35,8269
2017-04-24 13:55:00-04:00,43.35,43.37,43.345,43.365,18320
2017-04-24 14:00:00-04:00,43.36,43.375,43.35,43.375,11674
2017-04-24 14:05:00-04:00,43.37,43.385,43.345,43.36,10932
2017-04-24 14:10:00-04:00,43.36,43.37,43.325,43.335,7603
2017-04-24 14:15:00-04:00,43.34,43.37,43.335,43.36,15029
2017-04-24 14:20:00-04:00,43.37,43.37,43.34,43.345,11916
2017-04-24 14:25:00-04:00,43.345,43.35,43.335,43.34,7177
2017-04-24 14:30:00-04:00,43.355,43.395,43.35,43.39,18606
2017-04-24 14:35:00-04:00,43.38,43.4,43.38,43.4,12608
2017-04-24 14:40:00-04:00,43.395,43.4,43.38,43.38,7852
2017-04-24 14:45:00-04:00,43.37,43.375,43.35,43.36,3406
2017-04-24 14:50:00-04:00,43.355,43.36,43.33,43.33,9411
2017-04-24 14:55:00-04:00,43.335,43.335,43.32,43.33,4907
2017-04-24 15:00:00-04:00,43.33,43.355,43.33,43.35,13340
2017-04-24 15:05:00-04:00,43.35,43.35,43.32,43.33,13161
2017-04-24 15:10:00-04:00,43.33,43.33,43.31,43.325,18074
2017-04-24 15:15:00-04:00,43.33,43.34,43.31,43.335,13925
2017-04-24 15:20:00-04:00,43.34,43.34,43.31,43.32,19177
2017-04-24 15:25:00-04:00,43.32,43.33,43.3,43.3,34408
2017-04-24 15:30:00-04:00,43.3,43.32,43.26,43.29,33046
2017-04-24 15:35:00-04:00,43.3,43.3,43.28,43.3,24837
2017-04-24 15:40:00-04:00,43.29,43.31,43.26,43.29,33939
2017-04-24 15:45:00-04:00,43.285,43.33,43.275,43.31,24116
2017-04-24 15:50:00-04:00,43.31,43.31,43.28,43.285,23265
2017-04-24 15:55:00-04:00,43.285,43.295,43.25,43.27,52249
2017-04-25 09:00:00-04:00,42.95,42.95,42.95,42.95,100
2017-04-25 09:05:00-04:00,42.93,42.93,42.93,42.93,100
2017-04-25 09:10:00-04:00,42.95,42.95,42.95,42.95,100
2017-04-25 09:15:00-04:00,42.95,42.95,42.95,42.95,200
2017-04-25 09:30:00-04:00,42.88,43.23,42.86,43.21,13422
2017-04-25 09:35:00-04:00,43.16,43.27,43.155,43.24,18562
2017-04-25 09:40:00-04:00,43.24,43.25,43.13,43.17,12872
2017-04-25 09:45:00-04:00,43.175,43.29,43.17,43.28,8750
2017-04-25 09:50:00-04:00,43.28,43.37,43.28,43.32,9864
2017-04-25 09:55:00-04:00,43.33,43.37,43.29,43.3,11014
2017-04-25 10:00:00-04:00,43.295,43.37,43.28,43.37,12654
2017-04-25 10:05:00-04:00,43.37,43.41,43.36,43.38,13334
2017-04-25 10:10:00-04:00,43.375,43.425,43.375,43.4,6700
2017-04-25 10:15:00-04:00,43.4,43.4,43.355,43.37,5960
2017-04-25 10:20:00-04:00,43.36,43.38,43.31,43.31,9239
2017-04-25 10:25:00-04:00,43.285,43.33,43.285,43.29,6874
2017-04-25 10:30:00-04:00,43.3,43.3,43.28,43.28,3319
2017-04-25 10:35:00-04:00,43.29,43.305,43.25,43.3,5311
2017-04-25 10:40:00-04:00,43.29,43.3,43.28,43.28,2676
2017-04-25 10:45:00-04:00,43.29,43.29,43.2,43.2,9918
2017-04-25 10:50:00-04:00,43.2,43.21,43.19,43.2,4080
2017-04-25 10:55:00-04:00,43.2,43.23,43.195,43.23,2903
2017-04-25 11:00:00-04:00,43.225,43.24,43.22,43.23,4624
2017-04-25 11:05:00-04:00,43.23,43.24,43.2,43.21,3142
2017-04-25 11:10:00-04:00,43.205,43.29,43.2,43.28,6259
2017-04-25 11:15:00-04:00,43.28,43.29,43.26,43.285,5066
2017-04-25 11:20:00-04:00,43.28,43.3,43.28,43.28,3251
2017-04-25 11:25:00-04:00,43.28,43.29,43.23,43.23,5723
2017-04-25 11:30:00-04:00,43.22,43.27,43.22,43.25,4150
2017-04-25 11:35:00-04:00,43.26,43.29,43.25,43.29,3967
2017-04-25 11:40:00-04:00,43.29,43.31,43.28,43.305,6978
2017-04-25 11:45:00-04:00,43.305,43.31,43.27,43.27,5425
2017-04-25 11:50:00-04:00,43.275,43.275,43.21,43.215,4341
2017-04-25 11:55:00-04:00,43.22,43.255,43.215,43.255,12094
2017-04-25 12:00:00-04:00,43.255,43.255,43.23,43.23,6488
2017-04-25 12:05:00-04:00,43.24,43.25,43.24,43.25,10898
2017-04-25 12:10:00-04:00,43.25,43.25,43.22,43.22,8753
2017-04-25 12:15:00-04:00,43.21,43.25,43.2,43.22,7212
2017-04-25 12:20:00-04:00,43.22,43.23,43.21,43.215,3129
2017-04-25 12:25:00-04:00,43.21,43.22,43.2,43.22,8940
2017-04-25 12:30:00-04:00,43.21,43.22,43.2,43.2,2211
2017-04-25 12:35:00-04:00,43.205,43.205,43.17,43.19,4512
2017-04-25 12:40:00-04:00,43.195,43.2,43.18,43.18,3751
2017-04-25 12:45:00-04:00,43.18,43.19,43.16,43.16,6899
2017-04-25 12:50:00-04:00,43.16,43.22,43.16,43.21,5724
2017-04-25 12:55:00-04:00,43.21,43.24,43.21,43.24,1899
2017-04-25 13:00:00-04:00,43.24,43.24,43.195,43.195,3656
2017-04-25 13:05:00-04:00,43.19,43.22,43.18,43.22,5039
2017-04-25 13:10:00-04:00,43.22,43.225,43.19,43.19,3845
2017-04-25 13:15:00-04:00,43.19,43.2,43.18,43.195,2601
2017-04-25 13:20:00-04:00,43.21,43.22,43.2,43.21,4522
2017-04-25 13:25:00-04:00,43.21,43.21,43.195,43.21,1403
2017-04-25 13:30:00-04:00,43.2,43.22,43.2,43.22,7567
2017-04-25 13:35:00-04:00,43.23,43.23,43.21,43.22,5710
2017-04-25 13:40:00-04:00,43.22,43.22,43.19,43.21,4981
2017-04-25 13:45:00-04:00,43.2,43.2,43.17,43.18,2556
2017-04-25 13:50:00-04:00,43.175,43.2,43.175,43.195,4820
2017-04-25 13:55:00-04:00,43.19,43.19,43.17,43.17,1911
2017-04-25 14:00:00-04:00,43.17,43.17,43.14,43.16,7200
2017-04-25 14:05:00-04:00,43.16,43.16,43.125,43.13,6663
2017-04-25 14:10:00-04:00,43.125,43.13,43.12,43.12,23038
2017-04-25 14:15:00-04:00,43.12,43.12,43.09,43.09,13936
2017-04-25 14:20:00-04:00,43.095,43.12,43.08,43.115,7366
2017-04-25 14:25:00-04:00,43.12,43.14,43.11,43.14,7063
2017-04-25 14:30:00-04:00,43.14,43.15,43.14,43.15,9834
2017-04-25 14:35:00-04:00,43.15,43.15,43.13,43.13,9647
2017-04-25 14:40:00-04:00,43.13,43.15,43.13,43.13,7533
2017-04-25 14:45:00-04:00,43.135,43.14,43.115,43.12,14346
2017-04-25 14:50:00-04:00,43.12,43.12,43.09,43.09,4181
2017-04-25 14:55:00-04:00,43.095,43.1,43.07,43.07,5282
2017-04-25 15:00:00-04:00,43.07,43.15,43.07,43.15,11022
2017-04-25 15:05:00-04:00,43.15,43.21,43.15,43.19,6616
2017-04-25 15:10:00-04:00,43.19,43.2,43.18,43.195,8860
2017-04-25 15:15:00-04:00,43.19,43.2,43.18,43.195,5675
2017-04-25 15:20:00-04:00,43.19,43.2,43.17,43.18,6481
2017-04-25 15:25:00-04:00,43.16,43.165,43.12,43.12,4313
2017-04-25 15:30:00-04:00,43.12,43.17,43.105,43.15,17789
2017-04-25 15:35:00-04:00,43.16,43.16,43.12,43.12,7930
2017-04-25 15:40:00-04:00,43.125,43.155,43.12,43.13,21113
2017-04-25 15:45:00-04:00,43.13,43.14,43.08,43.11,39311
2017-04-25 15:50:00-04:00,43.11,43.12,43.09,43.11,31564
2017-04-25 15:55:00-04:00,43.1,43.16,43.1,43.12,71865
2017-04-26 09:30:00-04:00,43.04,43.07,42.98,43.07,7867
2017-04-26 09:35:00-04:00,43.075,43.12,43.04,43.05,7307
2017-04-26 09:40:00-04:00,43.08,43.09,43.03,43.04,10049
2017-04-26 09:45:00-04:00,43.02,43.08,43.02,43.065,40619
2017-04-26 09:50:00-04:00,43.08,43.1,43.07,43.075,32043
2017-04-26 09:55:00-04:00,43.075,43.09,43.05,43.08,7141
2017-04-26 10:00:00-04:00,43.075,43.095,43.07,43.08,14978
2017-04-26 10:05:00-04:00,43.08,43.13,43.07,43.13,32069
2017-04-26 10:10:00-04:00,43.15,43.195,43.15,43.19,16600
2017-04-26 10:15:00-04:00,43.19,43.24,43.19,43.235,6478
2017-04-26 10:20:00-04:00,43.235,43.26,43.185,43.26,16372
2017-04-26 10:25:00-04:00,43.26,43.29,43.25,43.275,7449
2017-04-26 10:30:00-04:00,43.28,43.29,43.26,43.27,9799
2017-04-26 10:35:00-04:00,43.27,43.28,43.27,43.27,4579
2017-04-26 10:40:00-04:00,43.265,43.27,43.22,43.245,10303
2017-04-26 10:45:00-04:00,43.245,43.25,43.22,43.23,9469
2017-04-26 10:50:00-04:00,43.25,43.25,43.22,43.22,5117
2017-04-26 10:55:00-04:00,43.22,43.26,43.22,43.255,4423
2017-04-26 11:00:00-04:00,43.255,43.255,43.25,43.25,3575
2017-04-26 11:05:00-04:00,43.25,43.26,43.24,43.25,4600
2017-04-26 11:10:00-04:00,43.26,43.3,43.255,43.275,14999
2017-04-26 11:15:00-04:00,43.29,43.33,43.285,43.3,6355
2017-04-26 11:20:00-04:00,43.3,43.335,43.3,43.335,2869
2017-04-26 11:25:00-04:00,43.33,43.34,43.31,43.33,9480
2017-04-26 11:30:00-04:00,43.325,43.33,43.31,43.315,5225
2017-04-26 11:35:00-04:00,43.315,43.33,43.3,43.305,4634
2017-04-26 11:40:00-04:00,43.305,43.315,43.285,43.29,9553
2017-04-26 11:45:00-04:00,43.28,43.29,43.245,43.28,11084
2017-04-26 11:50:00-04:00,43.28,43.28,43.225,43.225,3527
2017-04-26 11:55:00-04:00,43.22,43.26,43.22,43.25,7928
2017-04-26 12:00:00-04:00,43.25,43.27,43.25,43.26,2274
2017-04-26 12:05:00-04:00,43.265,43.265,43.25,43.255,2816
2017-04-26 12:10:00-04:00,43.265,43.27,43.26,43.265,4002
2017-04-26 12:15:00-04:00,43.27,43.27,43.26,43.27,4060
2017-04-26 12:20:00-04:00,43.27,43.29,43.26,43.27,3763
2017-04-26 12:25:00-04:00,43.265,43.3,43.265,43.3,5425
2017-04-26 12:30:00-04:00,43.295,43.31,43.29,43.31,10747
2017-04-26 12:35:00-04:00,43.31,43.33,43.295,43.3,22313
2017-04-26 12:40:00-04:00,43.3,43.32,43.3,43.3,6647
2017-04-26 12:45:00-04:00,43.305,43.32,43.305,43.31,8695
2017-04-26 12:50:00-04:00,43.3,43.32,43.3,43.32,6752
2017-04-26 12:55:00-04:00,43.32,43.36,43.32,43.36,7907
2017-04-26 13:00:00-04:00,43.355,43.36,43.35,43.36,2391
2017-04-26 13:05:00-04:00,43.36,43.38,43.36,43.38,1049
2017-04-26 13:10:00-04:00,43.385,43.4,43.385,43.4,3919
2017-04-26 13:15:00-04:00,43.395,43.42,43.39,43.42,3814
2017-04-26 13:20:00-04:00,43.415,43.43,43.415,43.43,1927
2017-04-26 13:25:00-04:00,43.43,43.43,43.37,43.37,5716
2017-04-26 13:30:00-04:00,43.38,43.39,43.35,43.36,3468
2017-04-26 13:35:00-04:00,43.355,43.375,43.35,43.375,1400
2017-04-26 13:40:00-04:00,43.37,43.38,43.35,43.38,4731
2017-04-26 13:45:00-04:00,43.38,43.38,43.315,43.345,5302
2017-04-26 13:50:00-04:00,43.34,43.36,43.33,43.335,2703
2017-04-26 13:55:00-04:00,43.33,43.345,43.32,43.34,5905
2017-04-26 14:00:00-04:00,43.345,43.38,43.325,43.38,7575
2017-04-26 14:05:00-04:00,43.375,43.395,43.375,43.39,2817
2017-04-26 14:10:00-04:00,43.395,43.4,43.39,43.4,1567
2017-04-26 14:15:00-04:00,43.405,43.43,43.405,43.43,5090
2017-04-26 14:20:00-04:00,43.42,43.43,43.38,43.38,7742
2017-04-26 14:25:00-04:00,43.385,43.39,43.345,43.345,3291
2017-04-26 14:30:00-04:00,43.34,43.36,43.32,43.36,12232
2017-04-26 14:35:00-04:00,43.355,43.36,43.34,43.345,15999
2017-04-26 14:40:00-04:00,43.345,43.38,43.345,43.38,7935
2017-04-26 14:45:00-04:00,43.38,43.38,43.36,43.36,8545
2017-04-26 14:50:00-04:00,43.36,43.36,43.34,43.345,11682
2017-04-26 14:55:00-04:00,43.345,43.35,43.34,43.345,21052
2017-04-26 15:00:00-04:00,43.34,43.36,43.31,43.31,52228
2017-04-26 15:05:00-04:00,43.32,43.33,43.31,43.325,11367
2017-04-26 15:10:00-04:00,43.325,43.335,43.31,43.325,39596
2017-04-26 15:15:00-04:00,43.325,43.33,43.315,43.32,34828
2017-04-26 15:20:00-04:00,43.32,43.32,43.3,43.3,30882
2017-04-26 15:25:00-04:00,43.31,43.31,43.28,43.28,56753
2017-04-26 15:30:00-04:00,43.29,43.29,43.26,43.27,75177
2017-04-26 15:35:00-04:00,43.27,43.3,43.26,43.28,77877
2017-04-26 15:40:00-04:00,43.29,43.325,43.28,43.32,114831
2017-04-26 15:45:00-04:00,43.315,43.315,43.28,43.285,115008
2017-04-26 15:50:00-04:00,43.28,43.29,43.28,43.285,123821
2017-04-26 15:55:00-04:00,43.28,43.31,43.22,43.24,119300
2017-04-27 09:30:00-04:00,43.16,43.22,43.115,43.115,2623
2017-04-27 09:35:00-04:00,43.115,43.16,43.085,43.16,5545
2017-04-27 09:40:00-04:00,43.15,43.19,43.135,43.175,14202
2017-04-27 09:45:00-04:00,43.18,43.23,43.175,43.19,17320
2017-04-27 09:50:00-04:00,43.19,43.21,43.17,43.2,6757
2017-04-27 09:55:00-04:00,43.195,43.255,43.19,43.22,10137
2017-04-27 10:00:00-04:00,43.22,43.25,43.22,43.245,20033
2017-04-27 10:05:00-04:00,43.25,43.26,43.205,43.21,7271
2017-04-27 10:10:00-04:00,43.22,43.27,43.21,43.22,4880
2017-04-27 10:15:00-04:00,43.225,43.23,43.185,43.185,6446
2017-04-27 10:20:00-04:00,43.2,43.26,43.195,43.26,24672
2017-04-27 10:25:00-04:00,43.265,43.28,43.2,43.2,11158
2017-04-27 10:30:00-04:00,43.21,43.23,43.135,43.135,11375
2017-04-27 10:35:00-04:00,43.15,43.18,43.135,43.14,5931
2017-04-27 10:40:00-04:00,43.14,43.17,43.13,43.145,13980
2017-04-27 10:45:00-04:00,43.155,43.18,43.14,43.14,5304
2017-04-27 10:50:00-04:00,43.15,43.16,43.13,43.14,14586
2017-04-27 10:55:00-04:00,43.14,43.14,43.07,43.09,14767
2017-04-27 11:00:00-04:00,43.08,43.1,43.065,43.07,5226
2017-04-27 11:05:00-04:00,43.07,43.09,43.06,43.06,5543
2017-04-27 11:10:00-04:00,43.06,43.07,43.05,43.065,6996
2017-04-27 11:15:00-04:00,43.06,43.06,43.0,43.005,17507
2017-04-27 11:20:00-04:00,43.005,43.005,42.96,42.96,7571
2017-04-27 11:25:00-04:00,42.96,43.02,42.96,43.0,9522
2017-04-27 11:30:00-04:00,43.0,43.03,43.0,43.02,6994
2017-04-27 11:35:00-04:00,43.01,43.01,42.97,42.97,6952
2017-04-27 11:40:00-04:00,42.97,43.01,42.96,43.01,8545
2017-04-27 11:45:00-04:00,43.01,43.02,42.995,42.995,4482
2017-04-27 11:50:00-04:00,42.99,42.99,42.97,42.97,2272
2017-04-27 11:55:00-04:00,42.97,42.99,42.96,42.96,1796
2017-04-27 12:00:00-04:00,42.97,42.98,42.955,42.955,8267
2017-04-27 12:05:00-04:00,42.96,42.99,42.96,42.96,8500
2017-04-27 12:10:00-04:00,42.965,42.98,42.96,42.965,5100
2017-04-27 12:15:00-04:00,42.96,42.97,42.94,42.97,7496
2017-04-27 12:20:00-04:00,42.97,42.97,42.93,42.945,5376
2017-04-27 12:25:00-04:00,42.945,42.95,42.92,42.935,7682
2017-04-27 12:30:00-04:00,42.935,43.01,42.935,43.0,4655
2017-04-27 12:35:00-04:00,43.0,43.015,42.985,43.01,3559
2017-04-27 12:40:00-04:00,43.01,43.03,43.005,43.01,3812
2017-04-27 12:45:00-04:00,43.01,43.04,43.005,43.03,8921
2017-04-27 12:50:00-04:00,43.03,43.055,43.01,43.05,8734
2017-04-27 12:55:00-04:00,43.06,43.1,43.04,43.1,12935
2017-04-27 13:00:00-04:00,43.11,43.12,43.08,43.095,4635
2017-04-27 13:05:00-04:00,43.09,43.09,43.045,43.07,4456
2017-04-27 13:10:00-04:00,43.08,43.1,43.065,43.07,2438
2017-04-27 13:15:00-04:00,43.075,43.08,43.055,43.07,2505
2017-04-27 13:20:00-04:00,43.08,43.08,43.04,43.04,1450
2017-04-27 13:25:00-04:00,43.05,43.065,43.04,43.06,3736
2017-04-27 13:30:00-04:00,43.06,43.085,43.06,43.085,3304
2017-04-27 13:35:00-04:00,43.085,43.09,43.055,43.06,4123
2017-04-27 13:40:00-04:00,43.06,43.07,43.04,43.045,2632
2017-04-27 13:45:00-04:00,43.04,43.045,43.02,43.025,3324
2017-04-27 13:50:00-04:00,43.02,43.02,43.01,43.015,3775
2017-04-27 13:55:00-04:00,43.01,43.02,43.01,43.02,6756
2017-04-27 14:00:00-04:00,43.015,43.03,43.0,43.03,7305
2017-04-27 14:05:00-04:00,43.03,43.04,43.03,43.04,4520
2017-04-27 14:10:00-04:00,43.04,43.06,43.04,43.04,4964
2017-04-27 14:15:00-04:00,43.04,43.055,43.035,43.05,5376
2017-04-27 14:20:00-04:00,43.04,43.04,43.03,43.03,2718
2017-04-27 14:25:00-04:00,43.03,43.03,43.02,43.03,64413
2017-04-27 14:30:00-04:00,43.02,43.05,43.01,43.05,6468
2017-04-27 14:35:00-04:00,43.05,43.05,43.03,43.035,1945
2017-04-27 14:40:00-04:00,43.035,43.05,43.02,43.025,7511
2017-04-27 14:45:00-04:00,43.03,43.03,43.02,43.02,4241
2017-04-27 14:50:00-04:00,43.025,43.03,43.005,43.01,5101
2017-04-27 14:55:00-04:00,43.02,43.03,43.0,43.0,4438
2017-04-27 15:00:00-04:00,43.0,43.005,42.97,42.97,5761
2017-04-27 15:05:00-04:00,42.975,42.98,42.95,42.98,6293
2017-04-27 15:10:00-04:00,42.97,42.99,42.96,42.965,6077
2017-04-27 15:15:00-04:00,42.97,42.985,42.965,42.975,4485
2017-04-27 15:20:00-04:00,42.975,42.98,42.97,42.975,3753
2017-04-27 15:25:00-04:00,42.97,43.0,42.97,42.99,6032
2017-04-27 15:30:00-04:00,42.985,42.99,42.965,42.98,6313
2017-04-27 15:35:00-04:00,42.97,42.975,42.94,42.94,6875
2017-04-27 15:40:00-04:00,42.945,42.99,42.94,42.975,13590
2017-04-27 15:45:00-04:00,42.97,42.98,42.95,42.95,9653
2017-04-27 15:50:00-04:00,42.95,42.97,42.94,42.96,24923
2017-04-27 15:55:00-04:00,42.96,43.03,42.95,43.025,45299
2017-04-28 09:30:00-04:00,42.93,42.93,42.89,42.89,454
2017-04-28 09:35:00-04:00,42.92,42.92,42.885,42.92,1010
2017-04-28 09:40:00-04:00,42.92,42.94,42.89,42.89,4433
2017-04-28 09:45:00-04:00,42.885,42.91,42.85,42.85,3707
2017-04-28 09:50:00-04:00,42.85,42.93,42.85,42.93,3680
2017-04-28 09:55:00-04:00,42.93,42.93,42.89,42.9,3972
2017-04-28 10:00:00-04:00,42.9,42.94,42.9,42.935,4096
2017-04-28 10:05:00-04:00,42.93,42.99,42.92,42.98,3289
2017-04-28 10:10:00-04:00,42.99,43.04,42.985,43.03,5091
2017-04-28 10:15:00-04:00,43.03,43.05,43.015,43.045,5968
2017-04-28 10:20:00-04:00,43.045,43.045,42.96,42.965,10205
2017-04-28 10:25:00-04:00,42.97,42.99,42.96,42.985,3480
2017-04-28 10:30:00-04:00,42.99,43.02,42.99,43.005,5030
2017-04-28 10:35:00-04:00,43.01,43.03,43.0,43.01,2856
2017-04-28 10:40:00-04:00,43.0,43.02,42.995,43.015,10045
2017-04-28 10:45:00-04:00,43.03,43.03,42.995,42.995,4953
2017-04-28 10:50:00-04:00,42.995,43.01,42.99,43.0,9749
2017-04-28 10:55:00-04:00,42.995,43.0,42.985,43.0,8236
2017-04-28 11:00:00-04:00,42.995,43.01,42.99,43.0,5680
2017-04-28 11:05:00-04:00,43.0,43.01,42.99,43.0,12034
2017-04-28 11:10:00-04:00,43.0,43.0,42.995,42.995,7786
2017-04-28 11:15:00-04:00,43.0,43.01,42.985,42.985,7953
2017-04-28 11:20:00-04:00,42.985,43.01,42.98,42.995,10758
2017-04-28 11:25:00-04:00,42.995,43.02,42.99,43.005,7306
2017-04-28 11:30:00-04:00,43.005,43.01,42.965,42.97,8597
2017-04-28 11:35:00-04:00,42.97,42.98,42.96,42.97,3939
2017-04-28 11:40:00-04:00,42.96,42.97,42.94,42.94,6608
2017-04-28 11:45:00-04:00,42.94,43.01,42.94,43.01,2346
2017-04-28 11:50:00-04:00,43.01,43.025,43.0,43.02,8978
2017-04-28 11:55:00-04:00,43.02,43.02,42.985,42.985,6150
2017-04-28 12:00:00-04:00,42.985,43.0,42.98,42.995,3153
2017-04-28 12:05:00-04:00,43.0,43.005,42.995,43.0,5813
2017-04-28 12:10:00-04:00,43.0,43.05,43.0,43.05,6885
2017-04-28 12:15:00-04:00,43.06,43.065,43.05,43.055,5389
2017-04-28 12:20:00-04:00,43.055,43.085,43.055,43.07,3976
2017-04-28 12:25:00-04:00,43.07,43.07,43.06,43.065,5002
2017-04-28 12:30:00-04:00,43.065,43.09,43.06,43.08,4021
2017-04-28 12:35:00-04:00,43.085,43.1,43.085,43.095,4187
2017-04-28 12:40:00-04:00,43.09,43.11,43.09,43.11,9007
2017-04-28 12:45:00-04:00,43.105,43.11,43.09,43.1,5222
2017-04-28 12:50:00-04:00,43.1,43.1,43.06,43.06,7738
2017-04-28 12:55:00-04:00,43.06,43.065,43.05,43.06,3822
2017-04-28 13:00:00-04:00,43.05,43.05,43.03,43.03,3758
2017-04-28 13:05:00-04:00,43.04,43.05,43.03,43.04,5487
2017-04-28 13:10:00-04:00,43.04,43.05,43.04,43.04,5604
2017-04-28 13:15:00-04:00,43.04,43.05,43.02,43.02,4427
2017-04-28 13:20:00-04:00,43.03,43.03,43.02,43.03,3455
2017-04-28 13:25:00-04:00,43.03,43.06,43.025,43.06,10556
2017-04-28 13:30:00-04:00,43.05,43.06,43.045,43.045,2266
2017-04-28 13:35:00-04:00,43.05,43.05,43.035,43.04,4243
2017-04-28 13:40:00-04:00,43.04,43.05,43.02,43.025,4243
2017-04-28 13:45:00-04:00,43.035,43.05,43.035,43.045,1914
2017-04-28 13:50:00-04:00,43.04,43.05,43.035,43.045,4537
2017-04-28 13:55:00-04:00,43.045,43.06,43.04,43.05,10833
2017-04-28 14:00:00-04:00,43.05,43.065,43.035,43.065,10631
2017-04-28 14:05:00-04:00,43.08,43.09,43.055,43.055,8252
2017-04-28 14:10:00-04:00,43.05,43.07,43.05,43.065,14187
2017-04-28 14:15:00-04:00,43.065,43.09,43.065,43.065,25771
2017-04-28 14:20:00-04:00,43.07,43.08,43.06,43.08,3926
2017-04-28 14:25:00-04:00,43.08,43.09,43.07,43.09,2490
2017-04-28 14:30:00-04:00,43.09,43.09,43.085,43.09,5081
2017-04-28 14:35:00-04:00,43.085,43.09,43.08,43.085,3678
2017-04-28 14:40:00-04:00,43.09,43.09,43.08,43.09,11797
2017-04-28 14:45:00-04:00,43.085,43.14,43.085,43.14,3121
2017-04-28 14:50:00-04:00,43.14,43.14,43.12,43.12,6184
2017-04-28 14:55:00-04:00,43.115,43.115,43.1,43.1,2507
2017-04-28 15:00:00-04:00,43.1,43.11,43.09,43.105,9766
2017-04-28 15:05:00-04:00,43.12,43.15,43.12,43.15,4967
2017-04-28 15:10:00-04:00,43.15,43.155,43.135,43.14,7568
2017-04-28 15:15:00-04:00,43.13,43.14,43.11,43.11,5243
2017-04-28 15:20:00-04:00,43.11,43.12,43.11,43.115,1920
2017-04-28 15:25:00-04:00,43.11,43.12,43.11,43.115,4809
2017-04-28 15:30:00-04:00,43.115,43.13,43.105,43.13,13638
2017-04-28 15:35:00-04:00,43.13,43.13,43.12,43.12,16700
2017-04-28 15:40:00-04:00,43.12,43.13,43.1,43.13,15028
2017-04-28 15:45:00-04:00,43.125,43.14,43.12,43.14,35411
2017-04-28 15:50:00-04:00,43.14,43.14,43.13,43.13,15246
2017-04-28 15:55:00-04:00,43.14,43.2,43.135,43.14,66889
2017-05-02 09:30:00-04:00,43.25,43.3,43.245,43.28,3425
2017-05-02 09:35:00-04:00,43.27,43.29,43.23,43.27,28062
2017-05-02 09:40:00-04:00,43.29,43.34,43.285,43.335,7133
2017-05-02 09:45:00-04:00,43.335,43.355,43.32,43.355,14120
2017-05-02 09:50:00-04:00,43.36,43.38,43.29,43.31,7334
2017-05-02 09:55:00-04:00,43.315,43.33,43.275,43.275,9681
2017-05-02 10:00:00-04:00,43.275,43.305,43.26,43.305,7206
2017-05-02 10:05:00-04:00,43.3,43.31,43.285,43.3,7201
2017-05-02 10:10:00-04:00,43.3,43.315,43.285,43.285,5133
2017-05-02 10:15:00-04:00,43.28,43.31,43.28,43.305,5104
2017-05-02 10:20:00-04:00,43.31,43.32,43.3,43.305,17406
2017-05-02 10:25:00-04:00,43.3,43.315,43.285,43.31,24557
2017-05-02 10:30:00-04:00,43.305,43.31,43.245,43.27,26106
2017-05-02 10:35:00-04:00,43.27,43.315,43.265,43.305,9420
2017-05-02 10:40:00-04:00,43.31,43.33,43.3,43.325,9624
2017-05-02 10:45:00-04:00,43.325,43.35,43.31,43.315,20999
2017-05-02 10:50:00-04:00,43.315,43.32,43.305,43.32,13515
2017-05-02 10:55:00-04:00,43.325,43.325,43.29,43.29,9961
2017-05-02 11:00:00-04:00,43.3,43.31,43.23,43.25,39532
2017-05-02 11:05:00-04:00,43.245,43.26,43.225,43.23,13567
2017-05-02 11:10:00-04:00,43.23,43.25,43.22,43.24,11296
2017-05-02 11:15:00-04:00,43.24,43.245,43.22,43.225,10397
2017-05-02 11:20:00-04:00,43.23,43.24,43.195,43.195,11056
2017-05-02 11:25:00-04:00,43.195,43.195,43.16,43.175,5468
2017-05-02 11:30:00-04:00,43.18,43.205,43.17,43.195,9771
2017-05-02 11:35:00-04:00,43.195,43.2,43.17,43.185,6941
2017-05-02 11:40:00-04:00,43.19,43.205,43.19,43.195,12486
2017-05-02 11:45:00-04:00,43.19,43.2,43.19,43.195,9132
2017-05-02 11:50:00-04:00,43.2,43.21,43.19,43.2,8826
2017-05-02 11:55:00-04:00,43.21,43.245,43.205,43.24,3415
2017-05-02 12:00:00-04:00,43.25,43.29,43.25,43.28,4366
2017-05-02 12:05:00-04:00,43.28,43.285,43.275,43.28,3338
2017-05-02 12:10:00-04:00,43.285,43.31,43.285,43.31,3668
2017-05-02 12:15:00-04:00,43.31,43.32,43.3,43.3,5509
2017-05-02 12:20:00-04:00,43.295,43.315,43.29,43.3,3200
2017-05-02 12:25:00-04:00,43.3,43.335,43.295,43.3,12521
2017-05-02 12:30:00-04:00,43.3,43.325,43.29,43.315,8782
2017-05-02 12:35:00-04:00,43.31,43.33,43.31,43.315,4177
2017-05-02 12:40:00-04:00,43.315,43.335,43.3,43.305,8660
2017-05-02 12:45:00-04:00,43.305,43.31,43.275,43.275,31504
2017-05-02 12:50:00-04:00,43.275,43.31,43.27,43.305,9228
2017-05-02 12:55:00-04:00,43.31,43.31,43.295,43.305,15324
2017-05-02 13:00:00-04:00,43.31,43.31,43.29,43.31,5343
2017-05-02 13:05:00-04:00,43.305,43.32,43.305,43.32,3879
2017-05-02 13:10:00-04:00,43.32,43.37,43.32,43.37,7132
2017-05-02 13:15:00-04:00,43.365,43.39,43.365,43.375,6529
2017-05-02 13:20:00-04:00,43.375,43.4,43.375,43.385,3030
2017-05-02 13:25:00-04:00,43.385,43.4,43.38,43.4,4432
2017-05-02 13:30:00-04:00,43.395,43.4,43.375,43.39,4793
2017-05-02 13:35:00-04:00,43.385,43.41,43.385,43.4,7699
2017-05-02 13:40:00-04:00,43.395,43.41,43.38,43.4,13674
2017-05-02 13:45:00-04:00,43.4,43.41,43.4,43.405,3200
2017-05-02 13:50:00-04:00,43.41,43.42,43.39,43.41,8399
2017-05-02 13:55:00-04:00,43.41,43.43,43.4,43.43,8190
2017-05-02 14:00:00-04:00,43.42,43.44,43.42,43.425,4454
2017-05-02 14:05:00-04:00,43.425,43.425,43.395,43.405,3174
2017-05-02 14:10:00-04:00,43.405,43.42,43.395,43.42,3292
2017-05-02 14:15:00-04:00,43.42,43.42,43.385,43.395,6808
2017-05-02 14:20:00-04:00,43.4,43.405,43.385,43.405,6384
2017-05-02 14:25:00-04:00,43.4,43.43,43.4,43.405,8987
2017-05-02 14:30:00-04:00,43.405,43.405,43.385,43.4,5034
2017-05-02 14:35:00-04:00,43.395,43.41,43.39,43.4,5415
2017-05-02 14:40:00-04:00,43.41,43.41,43.365,43.365,8085
2017-05-02 14:45:00-04:00,43.37,43.37,43.34,43.34,4036
2017-05-02 14:50:00-04:00,43.34,43.36,43.335,43.35,8870
2017-05-02 14:55:00-04:00,43.345,43.355,43.33,43.335,7412
2017-05-02 15:00:00-04:00,43.345,43.35,43.325,43.33,9939
2017-05-02 15:05:00-04:00,43.325,43.35,43.32,43.35,7911
2017-05-02 15:10:00-04:00,43.35,43.36,43.34,43.34,7213
2017-05-02 15:15:00-04:00,43.34,43.36,43.34,43.36,9812
2017-05-02 15:20:00-04:00,43.355,43.38,43.355,43.38,7881
2017-05-02 15:25:00-04:00,43.38,43.4,43.37,43.375,19902
2017-05-02 15:30:00-04:00,43.37,43.37,43.34,43.35,10540
2017-05-02 15:35:00-04:00,43.345,43.35,43.32,43.33,21386
2017-05-02 15:40:00-04:00,43.32,43.35,43.32,43.345,18363
2017-05-02 15:45:00-04:00,43.35,43.36,43.34,43.34,15162
2017-05-02 15:50:00-04:00,43.35,43.36,43.33,43.33,19352
2017-05-02 15:55:00-04:00,43.34,43.39,43.335,43.39,49690
2017-05-03 09:30:00-04:00,43.3,43.35,43.28,43.33,2980
2017-05-03 09:35:00-04:00,43.31,43.34,43.31,43.32,2046
2017-05-03 09:40:00-04:00,43.315,43.34,43.29,43.315,3332
2017-05-03 09:45:00-04:00,43.31,43.37,43.31,43.32,4946
2017-05-03 09:50:00-04:00,43.325,43.35,43.295,43.3,6350
2017-05-03 09:55:00-04:00,43.31,43.32,43.25,43.3,6853
2017-05-03 10:00:00-04:00,43.305,43.33,43.275,43.285,6166
2017-05-03 10:05:00-04:00,43.29,43.305,43.22,43.22,2971
2017-05-03 10:10:00-04:00,43.24,43.28,43.225,43.265,5171
2017-05-03 10:15:00-04:00,43.255,43.29,43.245,43.28,4416
2017-05-03 10:20:00-04:00,43.275,43.285,43.255,43.26,5162
2017-05-03 10:25:00-04:00,43.255,43.27,43.235,43.245,4819
2017-05-03 10:30:00-04:00,43.24,43.255,43.21,43.24,6605
2017-05-03 10:35:00-04:00,43.245,43.26,43.215,43.215,5927
2017-05-03 10:40:00-04:00,43.215,43.225,43.185,43.215,8282
2017-05-03 10:45:00-04:00,43.215,43.225,43.185,43.21,17851
2017-05-03 10:50:00-04:00,43.2,43.2,43.155,43.195,19358
2017-05-03 10:55:00-04:00,43.19,43.22,43.19,43.21,14076
2017-05-03 11:00:00-04:00,43.205,43.24,43.2,43.24,14660
2017-05-03 11:05:00-04:00,43.235,43.255,43.225,43.255,12072
2017-05-03 11:10:00-04:00,43.255,43.28,43.235,43.275,13984
2017-05-03 11:15:00-04:00,43.275,43.3,43.275,43.295,11831
2017-05-03 11:20:00-04:00,43.295,43.33,43.295,43.3,5891
2017-05-03 11:25:00-04:00,43.305,43.335,43.305,43.33,13048
2017-05-03 11:30:00-04:00,43.33,43.35,43.32,43.34,6833
2017-05-03 11:35:00-04:00,43.345,43.36,43.34,43.355,8322
2017-05-03 11:40:00-04:00,43.35,43.355,43.32,43.32,3816
2017-05-03 11:45:00-04:00,43.32,43.36,43.32,43.345,12402
2017-05-03 11:50:00-04:00,43.345,43.375,43.345,43.37,7912
2017-05-03 11:55:00-04:00,43.37,43.4,43.37,43.385,9706
2017-05-03 12:00:00-04:00,43.39,43.41,43.38,43.4,15004
2017-05-03 12:05:00-04:00,43.395,43.41,43.375,43.375,14879
2017-05-03 12:10:00-04:00,43.365,43.41,43.365,43.405,6082
2017-05-03 12:15:00-04:00,43.4,43.41,43.38,43.39,8485
2017-05-03 12:20:00-04:00,43.385,43.41,43.37,43.38,7430
2017-05-03 12:25:00-04:00,43.375,43.41,43.375,43.41,7800
2017-05-03 12:30:00-04:00,43.405,43.41,43.38,43.395,8741
2017-05-03 12:35:00-04:00,43.39,43.4,43.36,43.37,6387
2017-05-03 12:40:00-04:00,43.365,43.38,43.365,43.38,7075
2017-05-03 12:45:00-04:00,43.375,43.41,43.375,43.405,8525
2017-05-03 12:50:00-04:00,43.4,43.43,43.395,43.425,4844
2017-05-03 12:55:00-04:00,43.425,43.43,43.42,43.42,3409
2017-05-03 13:00:00-04:00,43.425,43.45,43.41,43.44,13017
2017-05-03 13:05:00-04:00,43.445,43.45,43.435,43.44,10086
2017-05-03 13:10:00-04:00,43.435,43.47,43.435,43.455,6386
2017-05-03 13:15:00-04:00,43.455,43.46,43.43,43.44,13042
2017-05-03 13:20:00-04:00,43.435,43.46,43.435,43.445,9838
2017-05-03 13:25:00-04:00,43.46,43.46,43.44,43.445,6601
2017-05-03 13:30:00-04:00,43.445,43.455,43.44,43.45,13338
2017-05-03 13:35:00-04:00,43.45,43.46,43.43,43.435,6716
2017-05-03 13:40:00-04:00,43.435,43.44,43.43,43.435,4957
2017-05-03 13:45:00-04:00,43.44,43.44,43.395,43.4,5030
2017-05-03 13:50:00-04:00,43.4,43.41,43.395,43.395,11899
2017-05-03 13:55:00-04:00,43.4,43.455,43.4,43.44,8800
2017-05-03 14:00:00-04:00,43.43,43.48,43.42,43.45,14052
2017-05-03 14:05:00-04:00,43.445,43.47,43.445,43.455,12215
2017-05-03 14:10:00-04:00,43.45,43.46,43.435,43.445,13545
2017-05-03 14:15:00-04:00,43.445,43.45,43.385,43.395,15745
2017-05-03 14:20:00-04:00,43.395,43.4,43.375,43.385,10192
2017-05-03 14:25:00-04:00,43.385,43.4,43.37,43.39,13353
2017-05-03 14:30:00-04:00,43.38,43.39,43.375,43.375,10076
2017-05-03 14:35:00-04:00,43.375,43.4,43.37,43.39,11555
2017-05-03 14:40:00-04:00,43.395,43.405,43.385,43.405,13212
2017-05-03 14:45:00-04:00,43.405,43.41,43.4,43.41,9432
2017-05-03 14:50:00-04:00,43.405,43.43,43.405,43.42,19240
2017-05-03 14:55:00-04:00,43.415,43.435,43.41,43.42,10552
2017-05-03 15:00:00-04:00,43.415,43.45,43.41,43.425,18310
2017-05-03 15:05:00-04:00,43.425,43.43,43.41,43.415,8747
2017-05-03 15:10:00-04:00,43.415,43.43,43.4,43.4,13556
2017-05-03 15:15:00-04:00,43.4,43.41,43.375,43.39,12626
2017-05-03 15:20:00-04:00,43.385,43.4,43.38,43.38,14138
2017-05-03 15:25:00-04:00,43.39,43.4,43.38,43.4,11668
2017-05-03 15:30:00-04:00,43.395,43.4,43.38,43.395,16465
2017-05-03 15:35:00-04:00,43.39,43.4,43.38,43.38,17674
2017-05-03 15:40:00-04:00,43.37,43.38,43.35,43.36,12237
2017-05-03 15:45:00-04:00,43.36,43.36,43.35,43.35,36605
2017-05-03 15:50:00-04:00,43.35,43.36,43.33,43.35,64369
2017-05-03 15:55:00-04:00,43.345,43.35,43.31,43.31,107464
2017-05-04 09:25:00-04:00,43.42,43.42,43.42,43.42,1200
2017-05-04 09:30:00-04:00,43.46,43.49,43.425,43.48,4547
2017-05-04 09:35:00-04:00,43.49,43.555,43.48,43.5,14260
2017-05-04 09:40:00-04:00,43.49,43.515,43.435,43.5,12694
2017-05-04 09:45:00-04:00,43.51,43.53,43.49,43.51,9768
2017-05-04 09:50:00-04:00,43.5,43.51,43.46,43.465,7668
2017-05-04 09:55:00-04:00,43.46,43.48,43.435,43.48,3336
2017-05-04 10:00:00-04:00,43.48,43.505,43.45,43.5,5800
2017-05-04 10:05:00-04:00,43.51,43.51,43.49,43.5,5486
2017-05-04 10:10:00-04:00,43.495,43.5,43.455,43.49,147130
2017-05-04 10:15:00-04:00,43.49,43.52,43.49,43.52,8504
2017-05-04 10:20:00-04:00,43.52,43.565,43.515,43.56,12193
2017-05-04 10:25:00-04:00,43.56,43.65,43.56,43.64,8381
2017-05-04 10:30:00-04:00,43.65,43.715,43.64,43.68,5864
2017-05-04 10:35:00-04:00,43.685,43.77,43.675,43.76,14159
2017-05-04 10:40:00-04:00,43.76,43.8,43.75,43.775,15391
2017-05-04 10:45:00-04:00,43.77,43.81,43.75,43.8,12954
2017-05-04 10:50:00-04:00,43.8,43.81,43.7,43.7,24573
2017-05-04 10:55:00-04:00,43.695,43.74,43.69,43.74,13100
2017-05-04 11:00:00-04:00,43.73,43.73,43.695,43.71,9698
2017-05-04 11:05:00-04:00,43.71,43.71,43.68,43.685,3535
2017-05-04 11:10:00-04:00,43.68,43.685,43.665,43.675,2856
2017-05-04 11:15:00-04:00,43.68,43.7,43.67,43.68,6667
2017-05-04 11:20:00-04:00,43.68,43.69,43.64,43.64,4230
2017-05-04 11:25:00-04:00,43.64,43.655,43.63,43.64,3692
2017-05-04 11:30:00-04:00,43.66,43.66,43.63,43.63,1480
2017-05-04 11:35:00-04:00,43.64,43.66,43.635,43.66,4437
2017-05-04 11:40:00-04:00,43.65,43.665,43.64,43.665,2407
2017-05-04 11:45:00-04:00,43.665,43.7,43.66,43.695,6817
2017-05-04 11:50:00-04:00,43.695,43.715,43.695,43.705,9165
2017-05-04 11:55:00-04:00,43.71,43.72,43.65,43.67,5256
2017-05-04 12:00:00-04:00,43.655,43.68,43.62,43.645,10176
2017-05-04 12:05:00-04:00,43.65,43.655,43.63,43.63,6048
2017-05-04 12:10:00-04:00,43.62,43.63,43.6,43.6,3351
2017-05-04 12:15:00-04:00,43.59,43.605,43.58,43.59,6590
2017-05-04 12:20:00-04:00,43.58,43.61,43.58,43.61,2039
2017-05-04 12:25:00-04:00,43.61,43.61,43.59,43.595,3944
2017-05-04 12:30:00-04:00,43.6,43.625,43.6,43.62,4468
2017-05-04 12:35:00-04:00,43.62,43.64,43.61,43.64,6605
2017-05-04 12:40:00-04:00,43.635,43.645,43.625,43.63,4016
2017-05-04 12:45:00-04:00,43.63,43.66,43.615,43.655,13638
2017-05-04 12:50:00-04:00,43.665,43.69,43.66,43.68,2437
2017-05-04 12:55:00-04:00,43.685,43.715,43.68,43.715,5904
2017-05-04 13:00:00-04:00,43.71,43.72,43.7,43.715,47653
2017-05-04 13:05:00-04:00,43.7,43.71,43.685,43.69,2287
2017-05-04 13:10:00-04:00,43.69,43.7,43.675,43.68,8379
2017-05-04 13:15:00-04:00,43.67,43.67,43.645,43.645,3495
2017-05-04 13:20:00-04:00,43.64,43.65,43.635,43.635,3064
2017-05-04 13:25:00-04:00,43.64,43.675,43.64,43.675,1917
2017-05-04 13:30:00-04:00,43.67,43.67,43.655,43.66,3276
2017-05-04 13:35:00-04:00,43.655,43.685,43.65,43.68,2709
2017-05-04 13:40:00-04:00,43.685,43.69,43.67,43.69,2729
2017-05-04 13:45:00-04:00,43.69,43.69,43.675,43.68,1772
2017-05-04 13:50:00-04:00,43.695,43.72,43.69,43.72,5409
2017-05-04 13:55:00-04:00,43.715,43.72,43.705,43.715,3957
2017-05-04 14:00:00-04:00,43.705,43.72,43.7,43.71,3032
2017-05-04 14:05:00-04:00,43.71,43.71,43.7,43.7,2360
2017-05-04 14:10:00-04:00,43.7,43.7,43.685,43.7,1738
2017-05-04 14:15:00-04:00,43.7,43.71,43.665,43.665,4230
2017-05-04 14:20:00-04:00,43.66,43.665,43.63,43.64,2804
2017-05-04 14:25:00-04:00,43.635,43.66,43.635,43.66,3133
2017-05-04 14:30:00-04:00,43.66,43.66,43.65,43.66,3622
2017-05-04 14:35:00-04:00,43.66,43.67,43.65,43.665,2058
2017-05-04 14:40:00-04:00,43.68,43.685,43.66,43.665,1533
2017-05-04 14:45:00-04:00,43.68,43.695,43.665,43.665,2600
2017-05-04 14:50:00-04:00,43.675,43.68,43.67,43.675,2926
2017-05-04 14:55:00-04:00,43.68,43.68,43.63,43.64,3398
2017-05-04 15:00:00-04:00,43.64,43.65,43.63,43.65,1179
2017-05-04 15:05:00-04:00,43.65,43.65,43.635,43.64,2213
2017-05-04 15:10:00-04:00,43.635,43.65,43.635,43.645,4659
2017-05-04 15:15:00-04:00,43.65,43.68,43.64,43.67,3269
2017-05-04 15:20:00-04:00,43.67,43.67,43.66,43.665,2365
2017-05-04 15:25:00-04:00,43.665,43.67,43.66,43.67,7340
2017-05-04 15:30:00-04:00,43.665,43.695,43.66,43.68,15844
2017-05-04 15:35:00-04:00,43.69,43.69,43.68,43.69,11716
2017-05-04 15:40:00-04:00,43.685,43.69,43.665,43.68,18726
2017-05-04 15:45:00-04:00,43.68,43.69,43.66,43.665,22873
2017-05-04 15:50:00-04:00,43.67,43.67,43.64,43.655,31712
2017-05-04 15:55:00-04:00,43.66,43.67,43.65,43.66,54196
2017-05-05 09:30:00-04:00,43.83,43.83,43.7,43.71,1900
2017-05-05 09:35:00-04:00,43.71,43.77,43.71,43.77,3866
2017-05-05 09:40:00-04:00,43.775,43.78,43.745,43.76,5627
2017-05-05 09:45:00-04:00,43.76,43.77,43.715,43.745,7089
2017-05-05 09:50:00-04:00,43.74,43.75,43.72,43.72,6909
2017-05-05 09:55:00-04:00,43.715,43.72,43.69,43.71,9290
2017-05-05 10:00:00-04:00,43.71,43.72,43.685,43.685,3813
2017-05-05 10:05:00-04:00,43.685,43.72,43.685,43.705,3483
2017-05-05 10:10:00-04:00,43.71,43.75,43.7,43.74,8591
2017-05-05 10:15:00-04:00,43.745,43.745,43.72,43.745,5267
2017-05-05 10:20:00-04:00,43.745,43.75,43.73,43.735,4055
2017-05-05 10:25:00-04:00,43.73,43.74,43.72,43.73,9148
2017-05-05 10:30:00-04:00,43.735,43.75,43.715,43.715,6400
2017-05-05 10:35:00-04:00,43.71,43.71,43.665,43.665,3275
2017-05-05 10:40:00-04:00,43.68,43.68,43.66,43.66,3660
2017-05-05 10:45:00-04:00,43.66,43.665,43.64,43.64,2991
2017-05-05 10:50:00-04:00,43.65,43.655,43.63,43.64,3879
2017-05-05 10:55:00-04:00,43.63,43.65,43.62,43.645,5353
2017-05-05 11:00:00-04:00,43.645,43.65,43.64,43.645,2204
2017-05-05 11:05:00-04:00,43.645,43.65,43.61,43.61,2712
2017-05-05 11:10:00-04:00,43.61,43.62,43.605,43.615,3920
2017-05-05 11:15:00-04:00,43.61,43.64,43.61,43.615,2903
2017-05-05 11:20:00-04:00,43.62,43.62,43.595,43.6,4096
2017-05-05 11:25:00-04:00,43.595,43.625,43.595,43.605,4000
2017-05-05 11:30:00-04:00,43.605,43.61,43.6,43.6,1404
2017-05-05 11:35:00-04:00,43.6,43.6,43.58,43.585,3327
2017-05-05 11:40:00-04:00,43.595,43.595,43.58,43.59,2979
2017-05-05 11:45:00-04:00,43.6,43.61,43.6,43.605,1920
2017-05-05 11:50:00-04:00,43.605,43.62,43.605,43.62,2707
2017-05-05 11:55:00-04:00,43.62,43.62,43.6,43.62,4407
2017-05-05 12:00:00-04:00,43.62,43.625,43.615,43.615,1425
2017-05-05 12:05:00-04:00,43.61,43.62,43.59,43.59,9066
2017-05-05 12:10:00-04:00,43.6,43.6,43.59,43.59,6030
2017-05-05 12:15:00-04:00,43.6,43.6,43.59,43.59,2712
2017-05-05 12:20:00-04:00,43.59,43.6,43.59,43.595,3572
2017-05-05 12:25:00-04:00,43.6,43.62,43.6,43.62,2057
2017-05-05 12:30:00-04:00,43.62,43.625,43.59,43.595,2806
2017-05-05 12:35:00-04:00,43.6,43.645,43.6,43.645,808
2017-05-05 12:40:00-04:00,43.65,43.665,43.645,43.655,2088
2017-05-05 12:45:00-04:00,43.66,43.66,43.64,43.66,5475
2017-05-05 12:50:00-04:00,43.655,43.66,43.655,43.655,1204
2017-05-05 12:55:00-04:00,43.655,43.66,43.645,43.655,7349
2017-05-05 13:00:00-04:00,43.66,43.665,43.635,43.65,2762
2017-05-05 13:05:00-04:00,43.645,43.66,43.645,43.66,2482
2017-05-05 13:10:00-04:00,43.655,43.66,43.63,43.63,10862
2017-05-05 13:15:00-04:00,43.64,43.65,43.635,43.645,4200
2017-05-05 13:20:00-04:00,43.645,43.665,43.64,43.665,2768
2017-05-05 13:25:00-04:00,43.665,43.665,43.64,43.655,4857
2017-05-05 13:30:00-04:00,43.66,43.66,43.645,43.645,4588
2017-05-05 13:35:00-04:00,43.65,43.65,43.625,43.65,4127
2017-05-05 13:40:00-04:00,43.655,43.67,43.65,43.66,2716
2017-05-05 13:45:00-04:00,43.655,43.665,43.65,43.665,5698
2017-05-05 13:50:00-04:00,43.67,43.675,43.66,43.665,6414
2017-05-05 13:55:00-04:00,43.665,43.69,43.66,43.675,7213
2017-05-05 14:00:00-04:00,43.675,43.715,43.675,43.715,2668
2017-05-05 14:05:00-04:00,43.715,43.715,43.665,43.67,5101
2017-05-05 14:10:00-04:00,43.675,43.685,43.635,43.635,5530
2017-05-05 14:15:00-04:00,43.64,43.65,43.635,43.65,4249
2017-05-05 14:20:00-04:00,43.645,43.65,43.64,43.65,2975
2017-05-05 14:25:00-04:00,43.66,43.665,43.635,43.635,3536
2017-05-05 14:30:00-04:00,43.635,43.66,43.635,43.64,7567
2017-05-05 14:35:00-04:00,43.645,43.68,43.645,43.67,6573
2017-05-05 14:40:00-04:00,43.665,43.68,43.66,43.665,7214
2017-05-05 14:45:00-04:00,43.66,43.68,43.65,43.675,5270
2017-05-05 14:50:00-04:00,43.67,43.68,43.66,43.66,7736
2017-05-05 14:55:00-04:00,43.66,43.67,43.65,43.665,5071
2017-05-05 15:00:00-04:00,43.67,43.67,43.64,43.655,5018
2017-05-05 15:05:00-04:00,43.655,43.66,43.635,43.645,5933
2017-05-05 15:10:00-04:00,43.645,43.66,43.64,43.645,3989
2017-05-05 15:15:00-04:00,43.645,43.645,43.615,43.62,8131
2017-05-05 15:20:00-04:00,43.625,43.625,43.58,43.58,11158
2017-05-05 15:25:00-04:00,43.57,43.59,43.56,43.56,5477
2017-05-05 15:30:00-04:00,43.565,43.585,43.56,43.58,5922
2017-05-05 15:35:00-04:00,43.585,43.63,43.585,43.62,5661
2017-05-05 15:40:00-04:00,43.625,43.63,43.6,43.6,10141
2017-05-05 15:45:00-04:00,43.6,43.64,43.595,43.63,13582
2017-05-05 15:50:00-04:00,43.625,43.66,43.62,43.66,19799
2017-05-05 15:55:00-04:00,43.66,43.69,43.655,43.69,44643
2017-05-08 09:30:00-04:00,43.63,43.67,43.63,43.64,626
2017-05-08 09:35:00-04:00,43.63,43.655,43.595,43.6,3827
2017-05-08 09:40:00-04:00,43.61,43.63,43.58,43.63,3844
2017-05-08 09:45:00-04:00,43.64,43.66,43.635,43.65,5660
2017-05-08 09:50:00-04:00,43.64,43.64,43.61,43.62,7537
2017-05-08 09:55:00-04:00,43.62,43.64,43.62,43.64,3178
2017-05-08 10:00:00-04:00,43.65,43.66,43.625,43.64,8803
2017-05-08 10:05:00-04:00,43.63,43.63,43.595,43.61,5472
2017-05-08 10:10:00-04:00,43.62,43.63,43.61,43.61,9920
2017-05-08 10:15:00-04:00,43.61,43.61,43.59,43.59,2410
2017-05-08 10:20:00-04:00,43.595,43.595,43.56,43.58,3508
2017-05-08 10:25:00-04:00,43.58,43.58,43.545,43.57,6293
2017-05-08 10:30:00-04:00,43.57,43.58,43.56,43.57,4142
2017-05-08 10:35:00-04:00,43.565,43.565,43.55,43.55,2801
2017-05-08 10:40:00-04:00,43.56,43.58,43.56,43.58,1677
2017-05-08 10:45:00-04:00,43.56,43.58,43.56,43.56,12239
2017-05-08 10:50:00-04:00,43.57,43.57,43.54,43.555,18485
2017-05-08 10:55:00-04:00,43.56,43.59,43.555,43.58,10767
2017-05-08 11:00:00-04:00,43.57,43.59,43.57,43.57,2259
2017-05-08 11:05:00-04:00,43.58,43.61,43.58,43.61,3640
2017-05-08 11:10:00-04:00,43.605,43.61,43.595,43.595,3175
2017-05-08 11:15:00-04:00,43.6,43.6,43.595,43.6,1809
2017-05-08 11:20:00-04:00,43.6,43.61,43.595,43.6,3300
2017-05-08 11:25:00-04:00,43.6,43.62,43.6,43.615,4676
2017-05-08 11:30:00-04:00,43.61,43.66,43.61,43.66,4604
2017-05-08 11:35:00-04:00,43.66,43.67,43.64,43.66,1916
2017-05-08 11:40:00-04:00,43.67,43.7,43.66,43.69,15778
2017-05-08 11:45:00-04:00,43.69,43.72,43.68,43.715,3721
2017-05-08 11:50:00-04:00,43.72,43.73,43.705,43.72,6918
2017-05-08 11:55:00-04:00,43.71,43.73,43.71,43.725,5167
2017-05-08 12:00:00-04:00,43.74,43.765,43.73,43.765,7468
2017-05-08 12:05:00-04:00,43.76,43.77,43.75,43.755,60044
2017-05-08 12:10:00-04:00,43.755,43.76,43.75,43.76,11621
2017-05-08 12:15:00-04:00,43.76,43.76,43.75,43.755,16804
2017-05-08 12:20:00-04:00,43.755,43.79,43.755,43.785,9822
2017-05-08 12:25:00-04:00,43.785,43.79,43.785,43.785,1600
2017-05-08 12:30:00-04:00,43.785,43.81,43.78,43.805,12050
2017-05-08 12:35:00-04:00,43.81,43.81,43.79,43.81,8256
2017-05-08 12:40:00-04:00,43.805,43.82,43.8,43.81,8844
2017-05-08 12:45:00-04:00,43.805,43.81,43.8,43.81,4888
2017-05-08 12:50:00-04:00,43.81,43.81,43.8,43.805,2795
2017-05-08 12:55:00-04:00,43.81,43.81,43.8,43.805,8225
2017-05-08 13:00:00-04:00,43.81,43.81,43.8,43.81,1232
2017-05-08 13:05:00-04:00,43.81,43.83,43.81,43.83,5687
2017-05-08 13:10:00-04:00,43.83,43.84,43.81,43.82,6018
2017-05-08 13:15:00-04:00,43.82,43.83,43.82,43.83,1082
2017-05-08 13:20:00-04:00,43.83,43.83,43.82,43.83,2633
2017-05-08 13:25:00-04:00,43.83,43.84,43.82,43.83,4736
2017-05-08 13:30:00-04:00,43.83,43.835,43.815,43.815,5831
2017-05-08 13:35:00-04:00,43.82,43.86,43.82,43.86,4840
2017-05-08 13:40:00-04:00,43.86,43.86,43.83,43.84,17230
2017-05-08 13:45:00-04:00,43.84,43.84,43.83,43.835,4307
2017-05-08 13:50:00-04:00,43.84,43.84,43.825,43.84,11021
2017-05-08 13:55:00-04:00,43.835,43.84,43.83,43.835,7908
2017-05-08 14:00:00-04:00,43.835,43.84,43.83,43.835,11599
2017-05-08 14:05:00-04:00,43.835,43.86,43.835,43.855,14129
2017-05-08 14:10:00-04:00,43.855,43.86,43.84,43.86,22060
2017-05-08 14:15:00-04:00,43.85,43.86,43.84,43.85,7396
2017-05-08 14:20:00-04:00,43.845,43.85,43.845,43.845,2211
2017-05-08 14:25:00-04:00,43.845,43.87,43.845,43.85,18167
2017-05-08 14:30:00-04:00,43.85,43.86,43.85,43.855,8710
2017-05-08 14:35:00-04:00,43.855,43.86,43.85,43.855,28812
2017-05-08 14:40:00-04:00,43.85,43.87,43.85,43.86,44955
2017-05-08 14:45:00-04:00,43.85,43.86,43.85,43.85,5428
2017-05-08 14:50:00-04:00,43.85,43.865,43.84,43.845,14795
2017-05-08 14:55:00-04:00,43.845,43.855,43.84,43.855,2863
2017-05-08 15:00:00-04:00,43.85,43.86,43.84,43.84,17730
2017-05-08 15:05:00-04:00,43.84,43.86,43.84,43.86,5150
2017-05-08 15:10:00-04:00,43.85,43.855,43.845,43.855,11002
2017-05-08 15:15:00-04:00,43.85,43.86,43.84,43.85,56231
2017-05-08 15:20:00-04:00,43.85,43.86,43.85,43.85,3064
2017-05-08 15:25:00-04:00,43.85,43.86,43.84,43.86,4236
2017-05-08 15:30:00-04:00,43.85,43.86,43.84,43.86,13811
2017-05-08 15:35:00-04:00,43.85,43.87,43.84,43.865,21978
2017-05-08 15:40:00-04:00,43.865,43.88,43.86,43.88,19184
2017-05-08 15:45:00-04:00,43.875,43.88,43.85,43.86,24354
2017-05-08 15:50:00-04:00,43.86,43.88,43.86,43.875,13213
2017-05-08 15:55:00-04:00,43.88,43.91,43.87,43.89,48471
2017-05-09 09:30:00-04:00,43.88,43.89,43.74,43.79,3401
2017-05-09 09:35:00-04:00,43.8,43.815,43.77,43.795,1548
2017-05-09 09:40:00-04:00,43.8,43.8,43.73,43.75,3554
2017-05-09 09:45:00-04:00,43.745,43.75,43.71,43.75,5580
2017-05-09 09:50:00-04:00,43.74,43.75,43.71,43.71,2923
2017-05-09 09:55:00-04:00,43.71,43.71,43.67,43.69,3206
2017-05-09 10:00:00-04:00,43.69,43.69,43.64,43.64,9512
2017-05-09 10:05:00-04:00,43.64,43.64,43.61,43.61,3476
2017-05-09 10:10:00-04:00,43.62,43.645,43.6,43.635,9253
2017-05-09 10:15:00-04:00,43.64,43.665,43.63,43.65,4877
2017-05-09 10:20:00-04:00,43.65,43.655,43.64,43.64,2797
2017-05-09 10:25:00-04:00,43.63,43.66,43.61,43.65,6548
2017-05-09 10:30:00-04:00,43.655,43.66,43.65,43.66,6546
2017-05-09 10:35:00-04:00,43.655,43.66,43.62,43.625,2860
2017-05-09 10:40:00-04:00,43.625,43.66,43.625,43.64,10692
2017-05-09 10:45:00-04:00,43.645,43.66,43.645,43.645,3337
2017-05-09 10:50:00-04:00,43.65,43.65,43.62,43.63,4186
2017-05-09 10:55:00-04:00,43.635,43.64,43.62,43.64,2834
2017-05-09 11:00:00-04:00,43.64,43.64,43.595,43.6,4614
2017-05-09 11:05:00-04:00,43.6,43.61,43.595,43.61,2395
2017-05-09 11:10:00-04:00,43.605,43.605,43.585,43.6,2651
2017-05-09 11:15:00-04:00,43.6,43.61,43.585,43.59,5266
2017-05-09 11:20:00-04:00,43.59,43.6,43.58,43.59,3971
2017-05-09 11:25:00-04:00,43.59,43.61,43.58,43.585,3191
2017-05-09 11:30:00-04:00,43.59,43.62,43.59,43.61,1820
2017-05-09 11:35:00-04:00,43.605,43.61,43.6,43.6,2204
2017-05-09 11:40:00-04:00,43.6,43.6,43.59,43.6,3179
2017-05-09 11:45:00-04:00,43.59,43.625,43.59,43.625,3743
2017-05-09 11:50:00-04:00,43.625,43.66,43.625,43.66,4027
2017-05-09 11:55:00-04:00,43.66,43.66,43.645,43.645,1105
2017-05-09 12:00:00-04:00,43.65,43.65,43.64,43.65,1879
2017-05-09 12:05:00-04:00,43.65,43.65,43.65,43.65,1100
2017-05-09 12:10:00-04:00,43.64,43.64,43.62,43.635,5161
2017-05-09 12:15:00-04:00,43.63,43.635,43.62,43.635,2377
2017-05-09 12:20:00-04:00,43.635,43.64,43.58,43.58,6848
2017-05-09 12:25:00-04:00,43.59,43.595,43.59,43.59,1556
2017-05-09 12:30:00-04:00,43.58,43.59,43.58,43.59,2433
2017-05-09 12:35:00-04:00,43.59,43.6,43.585,43.6,1525
2017-05-09 12:40:00-04:00,43.6,43.61,43.6,43.605,1223
2017-05-09 12:45:00-04:00,43.61,43.61,43.6,43.605,1728
2017-05-09 12:50:00-04:00,43.61,43.62,43.6,43.62,4522
2017-05-09 12:55:00-04:00,43.6,43.6,43.595,43.595,1019
2017-05-09 13:00:00-04:00,43.6,43.6,43.59,43.6,1441
2017-05-09 13:05:00-04:00,43.59,43.6,43.59,43.6,1326
2017-05-09 13:10:00-04:00,43.6,43.605,43.6,43.605,606
2017-05-09 13:15:00-04:00,43.605,43.605,43.6,43.6,917
2017-05-09 13:20:00-04:00,43.6,43.6,43.6,43.6,939
2017-05-09 13:25:00-04:00,43.59,43.59,43.56,43.56,5689
2017-05-09 13:30:00-04:00,43.56,43.575,43.56,43.56,1348
2017-05-09 13:35:00-04:00,43.57,43.57,43.555,43.565,1492
2017-05-09 13:40:00-04:00,43.56,43.56,43.54,43.545,1933
2017-05-09 13:45:00-04:00,43.55,43.56,43.55,43.56,505
2017-05-09 13:50:00-04:00,43.56,43.56,43.53,43.54,2987
2017-05-09 13:55:00-04:00,43.55,43.55,43.53,43.54,4404
2017-05-09 14:00:00-04:00,43.55,43.56,43.545,43.55,6484
2017-05-09 14:05:00-04:00,43.55,43.56,43.55,43.555,1723
2017-05-09 14:10:00-04:00,43.55,43.555,43.545,43.55,6335
2017-05-09 14:15:00-04:00,43.55,43.55,43.545,43.55,1105
2017-05-09 14:20:00-04:00,43.55,43.55,43.54,43.55,878
2017-05-09 14:25:00-04:00,43.55,43.55,43.535,43.535,3903
2017-05-09 14:30:00-04:00,43.54,43.55,43.53,43.54,3043
2017-05-09 14:35:00-04:00,43.53,43.53,43.515,43.52,5128
2017-05-09 14:40:00-04:00,43.52,43.53,43.51,43.51,2388
2017-05-09 14:45:00-04:00,43.515,43.54,43.515,43.53,1953
2017-05-09 14:50:00-04:00,43.515,43.52,43.5,43.5,1780
2017-05-09 14:55:00-04:00,43.5,43.505,43.49,43.49,6088
2017-05-09 15:00:00-04:00,43.495,43.495,43.48,43.48,2459
2017-05-09 15:05:00-04:00,43.48,43.5,43.475,43.495,10559
2017-05-09 15:10:00-04:00,43.5,43.5,43.495,43.5,1431
2017-05-09 15:15:00-04:00,43.5,43.505,43.49,43.49,5764
2017-05-09 15:20:00-04:00,43.49,43.5,43.47,43.47,10614
2017-05-09 15:25:00-04:00,43.48,43.48,43.47,43.475,3020
2017-05-09 15:30:00-04:00,43.47,43.48,43.46,43.47,13243
2017-05-09 15:35:00-04:00,43.46,43.47,43.41,43.42,20877
2017-05-09 15:40:00-04:00,43.44,43.45,43.39,43.4,19398
2017-05-09 15:45:00-04:00,43.4,43.465,43.4,43.46,12814
2017-05-09 15:50:00-04:00,43.47,43.49,43.45,43.49,14826
2017-05-09 15:55:00-04:00,43.485,43.52,43.48,43.5,21299
2017-05-10 09:30:00-04:00,43.48,43.48,43.41,43.41,3869
2017-05-10 09:35:00-04:00,43.375,43.41,43.36,43.385,6188
2017-05-10 09:40:00-04:00,43.39,43.435,43.39,43.41,2775
2017-05-10 09:45:00-04:00,43.405,43.445,43.405,43.44,4719
2017-05-10 09:50:00-04:00,43.44,43.46,43.44,43.45,2775
2017-05-10 09:55:00-04:00,43.45,43.51,43.45,43.48,3306
2017-05-10 10:00:00-04:00,43.47,43.49,43.46,43.48,4252
2017-05-10 10:05:00-04:00,43.47,43.48,43.45,43.46,4388
2017-05-10 10:10:00-04:00,43.455,43.465,43.425,43.435,5160
2017-05-10 10:15:00-04:00,43.44,43.465,43.44,43.455,6157
2017-05-10 10:20:00-04:00,43.47,43.485,43.455,43.46,3289
2017-05-10 10:25:00-04:00,43.45,43.46,43.44,43.46,5170
2017-05-10 10:30:00-04:00,43.47,43.47,43.46,43.47,4100
2017-05-10 10:35:00-04:00,43.47,43.5,43.465,43.48,3439
2017-05-10 10:40:00-04:00,43.48,43.5,43.475,43.5,4094
2017-05-10 10:45:00-04:00,43.49,43.51,43.48,43.51,4951
2017-05-10 10:50:00-04:00,43.505,43.52,43.505,43.52,2699
2017-05-10 10:55:00-04:00,43.515,43.515,43.49,43.49,4671
2017-05-10 11:00:00-04:00,43.48,43.5,43.475,43.495,2260
2017-05-10 11:05:00-04:00,43.5,43.52,43.49,43.515,5491
2017-05-10 11:10:00-04:00,43.52,43.54,43.505,43.53,3845
2017-05-10 11:15:00-04:00,43.535,43.54,43.53,43.535,3077
2017-05-10 11:20:00-04:00,43.54,43.55,43.53,43.55,2952
2017-05-10 11:25:00-04:00,43.55,43.55,43.525,43.54,4754
2017-05-10 11:30:00-04:00,43.55,43.55,43.52,43.54,1849
2017-05-10 11:35:00-04:00,43.535,43.57,43.52,43.57,4325
2017-05-10 11:40:00-04:00,43.56,43.58,43.56,43.575,6623
2017-05-10 11:45:00-04:00,43.57,43.58,43.54,43.575,7392
2017-05-10 11:50:00-04:00,43.58,43.58,43.55,43.56,2052
2017-05-10 11:55:00-04:00,43.56,43.57,43.555,43.56,2893
2017-05-10 12:00:00-04:00,43.57,43.57,43.54,43.54,2850
2017-05-10 12:05:00-04:00,43.54,43.55,43.53,43.535,1690
2017-05-10 12:10:00-04:00,43.54,43.55,43.52,43.53,3387
2017-05-10 12:15:00-04:00,43.525,43.53,43.52,43.53,1888
2017-05-10 12:20:00-04:00,43.53,43.53,43.525,43.53,1085
2017-05-10 12:25:00-04:00,43.525,43.53,43.52,43.52,1700
2017-05-10 12:30:00-04:00,43.525,43.54,43.525,43.535,2038
2017-05-10 12:35:00-04:00,43.53,43.54,43.53,43.54,3794
2017-05-10 12:40:00-04:00,43.535,43.54,43.535,43.54,1814
2017-05-10 12:45:00-04:00,43.55,43.57,43.55,43.57,2294
2017-05-10 12:50:00-04:00,43.565,43.58,43.565,43.58,1350
2017-05-10 12:55:00-04:00,43.595,43.6,43.59,43.595,4740
2017-05-10 13:00:00-04:00,43.595,43.6,43.585,43.59,3021
2017-05-10 13:05:00-04:00,43.59,43.59,43.57,43.58,4649
2017-05-10 13:10:00-04:00,43.585,43.62,43.58,43.61,4532
2017-05-10 13:15:00-04:00,43.615,43.62,43.6,43.62,3141
2017-05-10 13:20:00-04:00,43.605,43.61,43.585,43.59,1837
2017-05-10 13:25:00-04:00,43.585,43.59,43.58,43.585,2383
2017-05-10 13:30:00-04:00,43.58,43.58,43.56,43.58,4849
2017-05-10 13:35:00-04:00,43.58,43.58,43.565,43.575,4578
2017-05-10 13:40:00-04:00,43.57,43.59,43.56,43.58,4033
2017-05-10 13:45:00-04:00,43.59,43.6,43.58,43.595,3730
2017-05-10 13:50:00-04:00,43.6,43.6,43.59,43.6,2171
2017-05-10 13:55:00-04:00,43.6,43.6,43.555,43.57,4530
2017-05-10 14:00:00-04:00,43.57,43.58,43.555,43.57,4627
2017-05-10 14:05:00-04:00,43.57,43.59,43.57,43.59,1722
2017-05-10 14:10:00-04:00,43.59,43.6,43.58,43.6,3325
2017-05-10 14:15:00-04:00,43.59,43.61,43.59,43.59,6627
2017-05-10 14:20:00-04:00,43.59,43.61,43.59,43.605,5290
2017-05-10 14:25:00-04:00,43.61,43.61,43.57,43.58,5598
2017-05-10 14:30:00-04:00,43.59,43.59,43.575,43.575,2800
2017-05-10 14:35:00-04:00,43.585,43.585,43.575,43.585,2346
2017-05-10 14:40:00-04:00,43.585,43.6,43.58,43.595,6750
2017-05-10 14:45:00-04:00,43.59,43.6,43.58,43.59,5983
2017-05-10 14:50:00-04:00,43.59,43.59,43.58,43.585,2717
2017-05-10 14:55:00-04:00,43.585,43.59,43.575,43.59,9862
2017-05-10 15:00:00-04:00,43.58,43.59,43.58,43.59,2775
2017-05-10 15:05:00-04:00,43.59,43.59,43.58,43.59,2933
2017-05-10 15:10:00-04:00,43.58,43.59,43.58,43.59,2844
2017-05-10 15:15:00-04:00,43.59,43.6,43.585,43.59,4334
2017-05-10 15:20:00-04:00,43.59,43.6,43.58,43.585,5672
2017-05-10 15:25:00-04:00,43.58,43.585,43.58,43.585,6053
2017-05-10 15:30:00-04:00,43.58,43.61,43.58,43.59,8945
2017-05-10 15:35:00-04:00,43.59,43.6,43.58,43.6,6170
2017-05-10 15:40:00-04:00,43.6,43.61,43.595,43.61,5198
2017-05-10 15:45:00-04:00,43.6,43.61,43.59,43.61,14796
2017-05-10 15:50:00-04:00,43.61,43.62,43.6,43.62,25298
2017-05-10 15:55:00-04:00,43.61,43.62,43.56,43.575,25470
2017-05-11 09:30:00-04:00,43.47,43.54,43.43,43.51,6099
2017-05-11 09:35:00-04:00,43.55,43.61,43.55,43.61,8716
2017-05-11 09:40:00-04:00,43.61,43.61,43.555,43.56,6993
2017-05-11 09:45:00-04:00,43.58,43.58,43.54,43.545,8012
2017-05-11 09:50:00-04:00,43.54,43.545,43.51,43.53,9139
2017-05-11 09:55:00-04:00,43.53,43.53,43.46,43.5,8086
2017-05-11 10:00:00-04:00,43.5,43.525,43.485,43.515,8379
2017-05-11 10:05:00-04:00,43.525,43.55,43.515,43.545,4858
2017-05-11 10:10:00-04:00,43.53,43.53,43.49,43.49,5611
2017-05-11 10:15:00-04:00,43.5,43.505,43.47,43.48,5471
2017-05-11 10:20:00-04:00,43.5,43.5,43.43,43.44,9508
2017-05-11 10:25:00-04:00,43.45,43.485,43.44,43.45,3513
2017-05-11 10:30:00-04:00,43.46,43.48,43.45,43.475,3446
2017-05-11 10:35:00-04:00,43.47,43.515,43.47,43.51,4830
2017-05-11 10:40:00-04:00,43.5,43.505,43.48,43.5,2790
2017-05-11 10:45:00-04:00,43.49,43.5,43.46,43.46,5397
2017-05-11 10:50:00-04:00,43.47,43.485,43.46,43.485,6515
2017-05-11 10:55:00-04:00,43.5,43.51,43.49,43.51,1929
2017-05-11 11:00:00-04:00,43.52,43.52,43.5,43.51,4148
2017-05-11 11:05:00-04:00,43.51,43.51,43.455,43.47,3962
2017-05-11 11:10:00-04:00,43.47,43.47,43.45,43.46,3102
2017-05-11 11:15:00-04:00,43.47,43.5,43.47,43.5,3300
2017-05-11 11:20:00-04:00,43.5,43.51,43.49,43.51,2505
2017-05-11 11:25:00-04:00,43.51,43.52,43.51,43.52,6536
2017-05-11 11:30:00-04:00,43.515,43.52,43.5,43.5,5068
2017-05-11 11:35:00-04:00,43.51,43.51,43.48,43.48,6699
2017-05-11 11:40:00-04:00,43.48,43.495,43.48,43.49,2739
2017-05-11 11:45:00-04:00,43.495,43.5,43.49,43.5,1305
2017-05-11 11:50:00-04:00,43.495,43.51,43.49,43.505,8038
2017-05-11 11:55:00-04:00,43.505,43.505,43.475,43.49,2579
2017-05-11 12:00:00-04:00,43.5,43.51,43.5,43.5,575
2017-05-11 12:05:00-04:00,43.49,43.505,43.49,43.505,1337
2017-05-11 12:10:00-04:00,43.5,43.515,43.5,43.51,1305
2017-05-11 12:15:00-04:00,43.51,43.56,43.51,43.555,1910
2017-05-11 12:20:00-04:00,43.55,43.56,43.54,43.56,2001
2017-05-11 12:25:00-04:00,43.55,43.55,43.535,43.54,1031
2017-05-11 12:30:00-04:00,43.53,43.53,43.52,43.53,1121
2017-05-11 12:35:00-04:00,43.54,43.54,43.53,43.53,1099
2017-05-11 12:40:00-04:00,43.54,43.55,43.535,43.55,1700
2017-05-11 12:45:00-04:00,43.54,43.54,43.54,43.54,1000
2017-05-11 12:50:00-04:00,43.53,43.54,43.53,43.54,966
2017-05-11 12:55:00-04:00,43.55,43.55,43.545,43.545,613
2017-05-11 13:00:00-04:00,43.54,43.56,43.54,43.56,1814
2017-05-11 13:05:00-04:00,43.555,43.565,43.555,43.56,810
2017-05-11 13:10:00-04:00,43.56,43.56,43.56,43.56,747
2017-05-11 13:15:00-04:00,43.57,43.57,43.56,43.56,1148
2017-05-11 13:20:00-04:00,43.56,43.56,43.55,43.55,730
2017-05-11 13:25:00-04:00,43.55,43.55,43.55,43.55,1177
2017-05-11 13:30:00-04:00,43.55,43.55,43.54,43.54,536
2017-05-11 13:35:00-04:00,43.54,43.54,43.53,43.53,500
2017-05-11 13:40:00-04:00,43.535,43.57,43.535,43.565,1144
2017-05-11 13:45:00-04:00,43.57,43.57,43.545,43.545,1114
2017-05-11 13:50:00-04:00,43.54,43.54,43.52,43.52,500
2017-05-11 13:55:00-04:00,43.53,43.53,43.525,43.525,200
2017-05-11 14:00:00-04:00,43.53,43.53,43.515,43.52,3029
2017-05-11 14:05:00-04:00,43.53,43.54,43.52,43.525,3011
2017-05-11 14:10:00-04:00,43.52,43.53,43.52,43.53,522
2017-05-11 14:15:00-04:00,43.54,43.585,43.535,43.58,6946
2017-05-11 14:20:00-04:00,43.585,43.6,43.58,43.59,7336
2017-05-11 14:25:00-04:00,43.58,43.59,43.58,43.58,751
2017-05-11 14:30:00-04:00,43.58,43.58,43.57,43.57,900
2017-05-11 14:35:00-04:00,43.56,43.57,43.56,43.56,1037
2017-05-11 14:40:00-04:00,43.56,43.58,43.56,43.58,1625
2017-05-11 14:45:00-04:00,43.57,43.58,43.57,43.575,1710
2017-05-11 14:50:00-04:00,43.575,43.58,43.565,43.57,2238
2017-05-11 14:55:00-04:00,43.575,43.58,43.545,43.55,2559
2017-05-11 15:00:00-04:00,43.55,43.57,43.55,43.56,2381
2017-05-11 15:05:00-04:00,43.56,43.57,43.54,43.54,4051
2017-05-11 15:10:00-04:00,43.54,43.58,43.54,43.58,3298
2017-05-11 15:15:00-04:00,43.58,43.58,43.56,43.575,7295
2017-05-11 15:20:00-04:00,43.58,43.58,43.57,43.575,4810
2017-05-11 15:25:00-04:00,43.58,43.58,43.56,43.58,5952
2017-05-11 15:30:00-04:00,43.58,43.615,43.58,43.615,4652
2017-05-11 15:35:00-04:00,43.615,43.64,43.615,43.63,6213
2017-05-11 15:40:00-04:00,43.635,43.65,43.63,43.645,5733
2017-05-11 15:45:00-04:00,43.645,43.65,43.62,43.635,12469
2017-05-11 15:50:00-04:00,43.635,43.66,43.635,43.645,5528
2017-05-11 15:55:00-04:00,43.645,43.67,43.63,43.67,28112
2017-05-12 09:30:00-04:00,43.58,43.65,43.58,43.6,1749
2017-05-12 09:35:00-04:00,43.64,43.65,43.615,43.65,1848
2017-05-12 09:40:00-04:00,43.665,43.68,43.64,43.64,3607
2017-05-12 09:45:00-04:00,43.64,43.65,43.535,43.535,12537
2017-05-12 09:50:00-04:00,43.53,43.55,43.49,43.49,5615
2017-05-12 09:55:00-04:00,43.49,43.49,43.455,43.465,8181
2017-05-12 10:00:00-04:00,43.47,43.53,43.47,43.51,6456
2017-05-12 10:05:00-04:00,43.51,43.575,43.51,43.54,9586
2017-05-12 10:10:00-04:00,43.545,43.58,43.54,43.57,4685
2017-05-12 10:15:00-04:00,43.57,43.6,43.57,43.58,6100
2017-05-12 10:20:00-04:00,43.59,43.595,43.57,43.59,9290
2017-05-12 10:25:00-04:00,43.6,43.61,43.59,43.61,6715
2017-05-12 10:30:00-04:00,43.61,43.61,43.59,43.6,6735
2017-05-12 10:35:00-04:00,43.605,43.62,43.6,43.615,3317
2017-05-12 10:40:00-04:00,43.61,43.625,43.61,43.615,3759
2017-05-12 10:45:00-04:00,43.61,43.64,43.6,43.62,3587
2017-05-12 10:50:00-04:00,43.625,43.63,43.58,43.59,5825
2017-05-12 10:55:00-04:00,43.585,43.61,43.585,43.61,3390
2017-05-12 11:00:00-04:00,43.61,43.61,43.57,43.575,6062
2017-05-12 11:05:00-04:00,43.575,43.61,43.565,43.6,3005
2017-05-12 11:10:00-04:00,43.59,43.6,43.585,43.59,3328
2017-05-12 11:15:00-04:00,43.59,43.61,43.59,43.595,2984
2017-05-12 11:20:00-04:00,43.59,43.61,43.59,43.6,2000
2017-05-12 11:25:00-04:00,43.6,43.61,43.6,43.61,5496
2017-05-12 11:30:00-04:00,43.61,43.635,43.61,43.635,2377
2017-05-12 11:35:00-04:00,43.63,43.64,43.625,43.635,4687
2017-05-12 11:40:00-04:00,43.635,43.64,43.61,43.635,4632
2017-05-12 11:45:00-04:00,43.635,43.64,43.63,43.63,2861
2017-05-12 11:50:00-04:00,43.635,43.64,43.625,43.64,5507
2017-05-12 11:55:00-04:00,43.64,43.64,43.635,43.635,2556
2017-05-12 12:00:00-04:00,43.64,43.65,43.62,43.63,3040
2017-05-12 12:05:00-04:00,43.63,43.635,43.615,43.615,3714
2017-05-12 12:10:00-04:00,43.62,43.64,43.61,43.64,2884
2017-05-12 12:15:00-04:00,43.64,43.665,43.64,43.66,2874
2017-05-12 12:20:00-04:00,43.655,43.665,43.645,43.645,4074
2017-05-12 12:25:00-04:00,43.645,43.66,43.645,43.66,5373
2017-05-12 12:30:00-04:00,43.65,43.66,43.645,43.65,2213
2017-05-12 12:35:00-04:00,43.655,43.66,43.65,43.66,2896
2017-05-12 12:40:00-04:00,43.66,43.66,43.65,43.655,1195
2017-05-12 12:45:00-04:00,43.655,43.66,43.655,43.655,969
2017-05-12 12:50:00-04:00,43.65,43.67,43.65,43.665,7410
2017-05-12 12:55:00-04:00,43.665,43.675,43.66,43.67,4333
2017-05-12 13:00:00-04:00,43.665,43.67,43.665,43.665,1008
2017-05-12 13:05:00-04:00,43.67,43.68,43.67,43.675,2350
2017-05-12 13:10:00-04:00,43.675,43.68,43.665,43.665,5598
2017-05-12 13:15:00-04:00,43.665,43.67,43.665,43.665,7018
2017-05-12 13:20:00-04:00,43.665,43.67,43.65,43.65,3761
2017-05-12 13:25:00-04:00,43.655,43.665,43.64,43.64,4365
2017-05-12 13:30:00-04:00,43.625,43.625,43.59,43.605,2961
2017-05-12 13:35:00-04:00,43.6,43.6,43.595,43.6,2140
2017-05-12 13:40:00-04:00,43.61,43.61,43.59,43.595,2740
2017-05-12 13:45:00-04:00,43.59,43.6,43.585,43.6,471
2017-05-12 13:50:00-04:00,43.62,43.62,43.61,43.61,328
2017-05-12 13:55:00-04:00,43.61,43.62,43.61,43.61,883
2017-05-12 14:00:00-04:00,43.61,43.62,43.61,43.62,1884
2017-05-12 14:05:00-04:00,43.61,43.61,43.6,43.61,1065
2017-05-12 14:10:00-04:00,43.605,43.605,43.6,43.6,1301
2017-05-12 14:15:00-04:00,43.6,43.61,43.58,43.585,2826
2017-05-12 14:20:00-04:00,43.59,43.59,43.58,43.58,1222
2017-05-12 14:25:00-04:00,43.58,43.59,43.57,43.57,3260
2017-05-12 14:30:00-04:00,43.575,43.58,43.55,43.57,5888
2017-05-12 14:35:00-04:00,43.57,43.575,43.53,43.545,3450
2017-05-12 14:40:00-04:00,43.55,43.575,43.54,43.56,4097
2017-05-12 14:45:00-04:00,43.56,43.58,43.56,43.57,2943
2017-05-12 14:50:00-04:00,43.58,43.58,43.565,43.575,1780
2017-05-12 14:55:00-04:00,43.57,43.57,43.55,43.55,2455
2017-05-12 15:00:00-04:00,43.55,43.56,43.55,43.56,3469
2017-05-12 15:05:00-04:00,43.56,43.56,43.535,43.56,2757
2017-05-12 15:10:00-04:00,43.55,43.57,43.55,43.565,1937
2017-05-12 15:15:00-04:00,43.56,43.58,43.56,43.58,5618
2017-05-12 15:20:00-04:00,43.575,43.58,43.56,43.56,2005
2017-05-12 15:25:00-04:00,43.56,43.57,43.54,43.54,7445
2017-05-12 15:30:00-04:00,43.54,43.54,43.51,43.515,11774
2017-05-12 15:35:00-04:00,43.51,43.57,43.51,43.57,3226
2017-05-12 15:40:00-04:00,43.565,43.585,43.56,43.585,11404
2017-05-12 15:45:00-04:00,43.58,43.58,43.53,43.535,10709
2017-05-12 15:50:00-04:00,43.535,43.54,43.53,43.54,18683
2017-05-12 15:55:00-04:00,43.535,43.585,43.53,43.585,35527
2017-05-15 09:30:00-04:00,43.47,43.59,43.47,43.52,6160
2017-05-15 09:35:00-04:00,43.53,43.59,43.525,43.585,3525
2017-05-15 09:40:00-04:00,43.59,43.61,43.57,43.57,5939
2017-05-15 09:45:00-04:00,43.58,43.61,43.58,43.59,5518
2017-05-15 09:50:00-04:00,43.595,43.595,43.555,43.58,2840
2017-05-15 09:55:00-04:00,43.575,43.59,43.575,43.585,2123
2017-05-15 10:00:00-04:00,43.59,43.63,43.565,43.63,4322
2017-05-15 10:05:00-04:00,43.65,43.655,43.64,43.65,1304
2017-05-15 10:10:00-04:00,43.66,43.68,43.65,43.67,2509
2017-05-15 10:15:00-04:00,43.65,43.65,43.63,43.64,2084
2017-05-15 10:20:00-04:00,43.64,43.66,43.63,43.66,1085
2017-05-15 10:25:00-04:00,43.66,43.685,43.66,43.685,1290
2017-05-15 10:30:00-04:00,43.695,43.72,43.69,43.705,3952
2017-05-15 10:35:00-04:00,43.69,43.73,43.69,43.73,3042
2017-05-15 10:40:00-04:00,43.725,43.73,43.71,43.71,4177
2017-05-15 10:45:00-04:00,43.72,43.73,43.715,43.725,2516
2017-05-15 10:50:00-04:00,43.725,43.75,43.71,43.735,3901
2017-05-15 10:55:00-04:00,43.735,43.75,43.735,43.745,2165
2017-05-15 11:00:00-04:00,43.75,43.75,43.73,43.73,2676
2017-05-15 11:05:00-04:00,43.73,43.75,43.73,43.74,1427
2017-05-15 11:10:00-04:00,43.74,43.74,43.74,43.74,399
2017-05-15 11:15:00-04:00,43.75,43.75,43.71,43.725,5938
2017-05-15 11:20:00-04:00,43.725,43.75,43.725,43.74,3663
2017-05-15 11:25:00-04:00,43.75,43.75,43.735,43.75,2739
2017-05-15 11:30:00-04:00,43.75,43.75,43.75,43.75,500
2017-05-15 11:35:00-04:00,43.75,43.76,43.75,43.75,1040
2017-05-15 11:40:00-04:00,43.75,43.75,43.715,43.73,4823
2017-05-15 11:45:00-04:00,43.725,43.725,43.68,43.69,1462
2017-05-15 11:50:00-04:00,43.685,43.7,43.685,43.7,400
2017-05-15 11:55:00-04:00,43.695,43.7,43.69,43.695,1816
2017-05-15 12:00:00-04:00,43.69,43.7,43.69,43.7,1623
2017-05-15 12:05:00-04:00,43.7,43.71,43.68,43.68,1987
2017-05-15 12:10:00-04:00,43.69,43.69,43.68,43.68,1658
2017-05-15 12:15:00-04:00,43.69,43.69,43.675,43.675,3709
2017-05-15 12:20:00-04:00,43.67,43.69,43.67,43.69,1069
2017-05-15 12:25:00-04:00,43.69,43.69,43.68,43.69,1485
2017-05-15 12:30:00-04:00,43.695,43.695,43.68,43.68,1801
2017-05-15 12:35:00-04:00,43.68,43.69,43.675,43.69,5402
2017-05-15 12:40:00-04:00,43.69,43.705,43.68,43.7,4975
2017-05-15 12:45:00-04:00,43.7,43.7,43.68,43.685,720
2017-05-15 12:50:00-04:00,43.69,43.69,43.68,43.69,1103
2017-05-15 12:55:00-04:00,43.69,43.69,43.685,43.685,1201
2017-05-15 13:00:00-04:00,43.685,43.685,43.66,43.67,2304
2017-05-15 13:05:00-04:00,43.68,43.68,43.66,43.67,1330
2017-05-15 13:10:00-04:00,43.68,43.68,43.68,43.68,217
2017-05-15 13:15:00-04:00,43.69,43.7,43.69,43.7,2699
2017-05-15 13:20:00-04:00,43.72,43.72,43.72,43.72,405
2017-05-15 13:25:00-04:00,43.72,43.725,43.715,43.725,1335
2017-05-15 13:30:00-04:00,43.73,43.73,43.715,43.725,3485
2017-05-15 13:35:00-04:00,43.72,43.72,43.7,43.71,2077
2017-05-15 13:40:00-04:00,43.71,43.72,43.7,43.72,1110
2017-05-15 13:45:00-04:00,43.72,43.72,43.7,43.715,3499
2017-05-15 13:50:00-04:00,43.71,43.71,43.685,43.7,6171
2017-05-15 13:55:00-04:00,43.7,43.71,43.69,43.7,5926
2017-05-15 14:00:00-04:00,43.695,43.7,43.665,43.675,4034
2017-05-15 14:05:00-04:00,43.675,43.69,43.675,43.69,2599
2017-05-15 14:10:00-04:00,43.69,43.69,43.68,43.68,1858
2017-05-15 14:15:00-04:00,43.685,43.7,43.68,43.7,1829
2017-05-15 14:20:00-04:00,43.7,43.7,43.68,43.68,3444
2017-05-15 14:25:00-04:00,43.685,43.685,43.675,43.675,1821
2017-05-15 14:30:00-04:00,43.68,43.68,43.675,43.68,1646
2017-05-15 14:35:00-04:00,43.68,43.68,43.675,43.68,1439
2017-05-15 14:40:00-04:00,43.67,43.69,43.67,43.685,2725
2017-05-15 14:45:00-04:00,43.685,43.69,43.68,43.69,1368
2017-05-15 14:50:00-04:00,43.685,43.69,43.68,43.685,2080
2017-05-15 14:55:00-04:00,43.685,43.7,43.685,43.7,1536
2017-05-15 15:00:00-04:00,43.695,43.7,43.69,43.695,5692
2017-05-15 15:05:00-04:00,43.695,43.695,43.68,43.68,2517
2017-05-15 15:10:00-04:00,43.68,43.69,43.68,43.69,2803
2017-05-15 15:15:00-04:00,43.69,43.69,43.675,43.69,2942
2017-05-15 15:20:00-04:00,43.685,43.7,43.685,43.69,223691
2017-05-15 15:25:00-04:00,43.695,43.7,43.685,43.69,3372
2017-05-15 15:30:00-04:00,43.695,43.71,43.695,43.705,5958
2017-05-15 15:35:00-04:00,43.7,43.7,43.68,43.685,2845
2017-05-15 15:40:00-04:00,43.685,43.7,43.685,43.69,6545
2017-05-15 15:45:00-04:00,43.7,43.735,43.695,43.73,12879
2017-05-15 15:50:00-04:00,43.73,43.74,43.73,43.735,9836
2017-05-15 15:55:00-04:00,43.74,43.745,43.72,43.725,33317
2017-05-16 09:30:00-04:00,43.89,43.93,43.8,43.9,2413
2017-05-16 09:35:00-04:00,43.88,43.92,43.86,43.92,6843
2017-05-16 09:40:00-04:00,43.93,43.97,43.92,43.96,4087
2017-05-16 09:45:00-04:00,43.97,43.975,43.93,43.95,4972
2017-05-16 09:50:00-04:00,43.955,44.0,43.955,43.99,5863
2017-05-16 09:55:00-04:00,43.99,44.0,43.985,44.0,5311
2017-05-16 10:00:00-04:00,43.995,44.0,43.97,43.99,7528
2017-05-16 10:05:00-04:00,43.99,44.065,43.98,44.06,9440
2017-05-16 10:10:00-04:00,44.08,44.08,44.05,44.05,10114
2017-05-16 10:15:00-04:00,44.05,44.085,44.05,44.085,7237
2017-05-16 10:20:00-04:00,44.09,44.11,44.035,44.045,13065
2017-05-16 10:25:00-04:00,44.035,44.055,44.015,44.035,10445
2017-05-16 10:30:00-04:00,44.05,44.05,43.96,43.99,7253
2017-05-16 10:35:00-04:00,43.99,44.08,43.99,44.08,8499
2017-05-16 10:40:00-04:00,44.09,44.1,44.04,44.04,11769
2017-05-16 10:45:00-04:00,44.045,44.065,44.035,44.035,4000
2017-05-16 10:50:00-04:00,44.03,44.05,44.03,44.05,2709
2017-05-16 10:55:00-04:00,44.05,44.065,44.02,44.035,6806
2017-05-16 11:00:00-04:00,44.025,44.04,44.0,44.04,5942
2017-05-16 11:05:00-04:00,44.025,44.03,43.99,43.99,4320
2017-05-16 11:10:00-04:00,44.0,44.005,43.98,43.98,3379
2017-05-16 11:15:00-04:00,43.99,44.0,43.98,43.985,8730
2017-05-16 11:20:00-04:00,43.985,43.99,43.97,43.99,5284
2017-05-16 11:25:00-04:00,43.985,43.99,43.975,43.985,2920
2017-05-16 11:30:00-04:00,43.985,43.985,43.93,43.97,5531
2017-05-16 11:35:00-04:00,43.965,43.965,43.92,43.93,3680
2017-05-16 11:40:00-04:00,43.92,43.925,43.92,43.925,2870
2017-05-16 11:45:00-04:00,43.925,43.925,43.88,43.895,10481
2017-05-16 11:50:00-04:00,43.91,43.945,43.91,43.945,3803
2017-05-16 11:55:00-04:00,43.94,43.95,43.915,43.915,3424
2017-05-16 12:00:00-04:00,43.93,43.93,43.89,43.89,4578
2017-05-16 12:05:00-04:00,43.895,43.895,43.885,43.895,1848
2017-05-16 12:10:00-04:00,43.905,43.925,43.905,43.925,6011
2017-05-16 12:15:00-04:00,43.925,43.93,43.92,43.92,3718
2017-05-16 12:20:00-04:00,43.915,43.92,43.915,43.92,2610
2017-05-16 12:25:00-04:00,43.92,43.925,43.905,43.905,2415
2017-05-16 12:30:00-04:00,43.9,43.905,43.86,43.87,6461
2017-05-16 12:35:00-04:00,43.86,43.865,43.84,43.855,3283
2017-05-16 12:40:00-04:00,43.855,43.87,43.85,43.865,3796
2017-05-16 12:45:00-04:00,43.87,43.87,43.85,43.865,3549
2017-05-16 12:50:00-04:00,43.865,43.87,43.865,43.87,2501
2017-05-16 12:55:00-04:00,43.865,43.87,43.855,43.855,3482
2017-05-16 13:00:00-04:00,43.855,43.855,43.825,43.845,3756
2017-05-16 13:05:00-04:00,43.845,43.855,43.845,43.85,6520
2017-05-16 13:10:00-04:00,43.85,43.88,43.85,43.88,3449
2017-05-16 13:15:00-04:00,43.875,43.9,43.875,43.885,4706
2017-05-16 13:20:00-04:00,43.89,43.91,43.89,43.91,3235
2017-05-16 13:25:00-04:00,43.91,43.91,43.89,43.895,6912
2017-05-16 13:30:00-04:00,43.895,43.93,43.895,43.91,3175
2017-05-16 13:35:00-04:00,43.91,43.91,43.885,43.9,3298
2017-05-16 13:40:00-04:00,43.895,43.91,43.89,43.905,4497
2017-05-16 13:45:00-04:00,43.91,43.92,43.885,43.91,5008
2017-05-16 13:50:00-04:00,43.91,43.92,43.91,43.91,1916
2017-05-16 13:55:00-04:00,43.9,43.9,43.86,43.86,3498
2017-05-16 14:00:00-04:00,43.87,43.88,43.86,43.87,4004
2017-05-16 14:05:00-04:00,43.87,43.89,43.87,43.89,3926
2017-05-16 14:10:00-04:00,43.89,43.89,43.87,43.88,1601
2017-05-16 14:15:00-04:00,43.88,43.9,43.87,43.88,3647
2017-05-16 14:20:00-04:00,43.88,43.88,43.85,43.855,5760
2017-05-16 14:25:00-04:00,43.84,43.845,43.82,43.82,3514
2017-05-16 14:30:00-04:00,43.815,43.82,43.81,43.82,2263
2017-05-16 14:35:00-04:00,43.815,43.84,43.815,43.84,106875
2017-05-16 14:40:00-04:00,43.84,43.84,43.82,43.825,4009
2017-05-16 14:45:00-04:00,43.83,43.84,43.815,43.84,4296
2017-05-16 14:50:00-04:00,43.84,43.875,43.84,43.86,4200
2017-05-16 14:55:00-04:00,43.86,43.87,43.855,43.87,3070
2017-05-16 15:00:00-04:00,43.86,43.87,43.845,43.86,6281
2017-05-16 15:05:00-04:00,43.86,43.88,43.86,43.88,1595
2017-05-16 15:10:00-04:00,43.875,43.89,43.87,43.88,4117
2017-05-16 15:15:00-04:00,43.88,43.885,43.865,43.885,5699
2017-05-16 15:20:00-04:00,43.885,43.885,43.86,43.87,5875
2017-05-16 15:25:00-04:00,43.88,43.88,43.87,43.87,4817
2017-05-16 15:30:00-04:00,43.875,43.88,43.87,43.88,3382
2017-05-16 15:35:00-04:00,43.875,43.88,43.84,43.84,9991
2017-05-16 15:40:00-04:00,43.84,43.86,43.835,43.85,10762
2017-05-16 15:45:00-04:00,43.85,43.85,43.84,43.85,15007
2017-05-16 15:50:00-04:00,43.85,43.85,43.84,43.84,13340
2017-05-16 15:55:00-04:00,43.845,43.86,43.84,43.85,57762
2017-05-18 09:30:00-04:00,43.87,43.94,43.83,43.91,4216
2017-05-18 09:35:00-04:00,43.91,43.91,43.66,43.7,5263
2017-05-18 09:40:00-04:00,43.7,43.75,43.68,43.69,7241
2017-05-18 09:45:00-04:00,43.68,43.71,43.65,43.7,8644
2017-05-18 09:50:00-04:00,43.72,43.77,43.7,43.71,8049
2017-05-18 09:55:00-04:00,43.72,43.74,43.67,43.74,15744
2017-05-18 10:00:00-04:00,43.75,43.78,43.68,43.69,10087
2017-05-18 10:05:00-04:00,43.69,43.69,43.64,43.66,9060
2017-05-18 10:10:00-04:00,43.65,43.705,43.64,43.705,7298
2017-05-18 10:15:00-04:00,43.71,43.82,43.71,43.815,12930
2017-05-18 10:20:00-04:00,43.82,43.82,43.765,43.765,9673
2017-05-18 10:25:00-04:00,43.76,43.79,43.745,43.76,8194
2017-05-18 10:30:00-04:00,43.78,43.82,43.74,43.76,11824
2017-05-18 10:35:00-04:00,43.755,43.77,43.705,43.71,7287
2017-05-18 10:40:00-04:00,43.7,43.73,43.69,43.695,5432
2017-05-18 10:45:00-04:00,43.695,43.74,43.695,43.72,6449
2017-05-18 10:50:00-04:00,43.72,43.77,43.7,43.77,3776
2017-05-18 10:55:00-04:00,43.76,43.76,43.72,43.76,8690
2017-05-18 11:00:00-04:00,43.76,43.76,43.73,43.75,5707
2017-05-18 11:05:00-04:00,43.74,43.755,43.72,43.755,5693
2017-05-18 11:10:00-04:00,43.745,43.75,43.73,43.75,5056
2017-05-18 11:15:00-04:00,43.76,43.76,43.725,43.75,7052
2017-05-18 11:20:00-04:00,43.76,43.79,43.74,43.77,4205
2017-05-18 11:25:00-04:00,43.77,43.8,43.77,43.8,6616
2017-05-18 11:30:00-04:00,43.8,43.82,43.795,43.815,5181
2017-05-18 11:35:00-04:00,43.81,43.82,43.79,43.8,3066
2017-05-18 11:40:00-04:00,43.8,43.8,43.77,43.775,8124
2017-05-18 11:45:00-04:00,43.775,43.8,43.77,43.79,5401
2017-05-18 11:50:00-04:00,43.79,43.79,43.78,43.79,3934
2017-05-18 11:55:00-04:00,43.79,43.79,43.72,43.73,9705
2017-05-18 12:00:00-04:00,43.73,43.75,43.72,43.73,8977
2017-05-18 12:05:00-04:00,43.735,43.76,43.73,43.755,5218
2017-05-18 12:10:00-04:00,43.76,43.78,43.75,43.76,9480
2017-05-18 12:15:00-04:00,43.755,43.78,43.745,43.78,8944
2017-05-18 12:20:00-04:00,43.775,43.82,43.77,43.8,5563
2017-05-18 12:25:00-04:00,43.795,43.815,43.785,43.785,2774
2017-05-18 12:30:00-04:00,43.78,43.815,43.78,43.795,4029
2017-05-18 12:35:00-04:00,43.79,43.815,43.79,43.815,2960
2017-05-18 12:40:00-04:00,43.82,43.85,43.82,43.825,8356
2017-05-18 12:45:00-04:00,43.82,43.855,43.815,43.825,5966
2017-05-18 12:50:00-04:00,43.82,43.82,43.775,43.775,4701
2017-05-18 12:55:00-04:00,43.775,43.805,43.77,43.805,5967
2017-05-18 13:00:00-04:00,43.805,43.82,43.785,43.805,7984
2017-05-18 13:05:00-04:00,43.805,43.81,43.785,43.79,11317
2017-05-18 13:10:00-04:00,43.785,43.8,43.775,43.8,10121
2017-05-18 13:15:00-04:00,43.795,43.82,43.78,43.81,6731
2017-05-18 13:20:00-04:00,43.805,43.815,43.8,43.805,5425
2017-05-18 13:25:00-04:00,43.805,43.825,43.78,43.78,7004
2017-05-18 13:30:00-04:00,43.775,43.78,43.755,43.76,9876
2017-05-18 13:35:00-04:00,43.755,43.78,43.75,43.755,5417
2017-05-18 13:40:00-04:00,43.755,43.765,43.755,43.755,4355
2017-05-18 13:45:00-04:00,43.755,43.77,43.74,43.755,2857
2017-05-18 13:50:00-04:00,43.755,43.765,43.735,43.76,4294
2017-05-18 13:55:00-04:00,43.77,43.79,43.77,43.79,5219
2017-05-18 14:00:00-04:00,43.79,43.87,43.79,43.845,11811
2017-05-18 14:05:00-04:00,43.845,43.87,43.82,43.86,5349
2017-05-18 14:10:00-04:00,43.865,43.88,43.85,43.855,6205
2017-05-18 14:15:00-04:00,43.845,43.85,43.815,43.83,5785
2017-05-18 14:20:00-04:00,43.83,43.84,43.82,43.825,7495
2017-05-18 14:25:00-04:00,43.82,43.82,43.785,43.79,4860
2017-05-18 14:30:00-04:00,43.795,43.89,43.795,43.88,7329
2017-05-18 14:35:00-04:00,43.87,43.87,43.86,43.86,4353
2017-05-18 14:40:00-04:00,43.85,43.885,43.85,43.87,4910
2017-05-18 14:45:00-04:00,43.88,43.88,43.855,43.87,3885
2017-05-18 14:50:00-04:00,43.88,43.88,43.84,43.86,5354
2017-05-18 14:55:00-04:00,43.85,43.855,43.83,43.83,3740
2017-05-18 15:00:00-04:00,43.83,43.87,43.83,43.87,8338
2017-05-18 15:05:00-04:00,43.87,43.87,43.83,43.86,8754
2017-05-18 15:10:00-04:00,43.86,43.88,43.84,43.84,6758
2017-05-18 15:15:00-04:00,43.84,43.84,43.83,43.835,6392
2017-05-18 15:20:00-04:00,43.84,43.84,43.82,43.84,9040
2017-05-18 15:25:00-04:00,43.84,43.85,43.8,43.815,13714
2017-05-18 15:30:00-04:00,43.82,43.82,43.79,43.81,15197
2017-05-18 15:35:00-04:00,43.82,43.85,43.815,43.84,13548
2017-05-18 15:40:00-04:00,43.83,43.83,43.78,43.79,7774
2017-05-18 15:45:00-04:00,43.8,43.835,43.8,43.82,19360
2017-05-18 15:50:00-04:00,43.815,43.82,43.805,43.815,18964
2017-05-18 15:55:00-04:00,43.82,43.85,43.79,43.8,61549
2017-05-19 09:30:00-04:00,43.89,43.91,43.81,43.83,4815
2017-05-19 09:35:00-04:00,43.82,43.85,43.77,43.78,3157
2017-05-19 09:40:00-04:00,43.765,43.85,43.76,43.82,8827
2017-05-19 09:45:00-04:00,43.81,43.86,43.8,43.85,3343
2017-05-19 09:50:00-04:00,43.87,43.94,43.87,43.92,3715
2017-05-19 09:55:00-04:00,43.91,43.96,43.89,43.955,3612
2017-05-19 10:00:00-04:00,43.95,43.99,43.94,43.985,2865
2017-05-19 10:05:00-04:00,43.97,43.985,43.95,43.975,8867
2017-05-19 10:10:00-04:00,43.975,43.975,43.94,43.95,11187
2017-05-19 10:15:00-04:00,43.955,43.96,43.92,43.92,11353
2017-05-19 10:20:00-04:00,43.925,43.93,43.885,43.885,6289
2017-05-19 10:25:00-04:00,43.875,43.9,43.86,43.875,10734
2017-05-19 10:30:00-04:00,43.875,43.89,43.83,43.86,8814
2017-05-19 10:35:00-04:00,43.865,43.9,43.865,43.87,20947
2017-05-19 10:40:00-04:00,43.875,43.885,43.85,43.85,9800
2017-05-19 10:45:00-04:00,43.845,43.86,43.835,43.835,11871
2017-05-19 10:50:00-04:00,43.84,43.85,43.83,43.84,18141
2017-05-19 10:55:00-04:00,43.85,43.85,43.83,43.83,12776
2017-05-19 11:00:00-04:00,43.835,43.89,43.835,43.89,17269
2017-05-19 11:05:00-04:00,43.89,43.92,43.89,43.915,4077
2017-05-19 11:10:00-04:00,43.92,43.93,43.9,43.9,7963
2017-05-19 11:15:00-04:00,43.895,43.9,43.875,43.89,6169
2017-05-19 11:20:00-04:00,43.895,43.91,43.87,43.9,7718
2017-05-19 11:25:00-04:00,43.9,43.91,43.87,43.87,13945
2017-05-19 11:30:00-04:00,43.875,43.88,43.87,43.87,10822
2017-05-19 11:35:00-04:00,43.87,43.91,43.87,43.9,9965
2017-05-19 11:40:00-04:00,43.91,43.92,43.9,43.92,5930
2017-05-19 11:45:00-04:00,43.915,43.94,43.91,43.94,4278
2017-05-19 11:50:00-04:00,43.94,43.95,43.92,43.93,7430
2017-05-19 11:55:00-04:00,43.93,43.96,43.93,43.96,5442
2017-05-19 12:00:00-04:00,43.96,43.98,43.955,43.98,4775
2017-05-19 12:05:00-04:00,43.98,43.99,43.965,43.965,5547
2017-05-19 12:10:00-04:00,43.965,43.98,43.965,43.975,6003
2017-05-19 12:15:00-04:00,43.975,43.98,43.95,43.95,8211
2017-05-19 12:20:00-04:00,43.95,43.95,43.92,43.93,5030
2017-05-19 12:25:00-04:00,43.93,43.94,43.92,43.93,4802
2017-05-19 12:30:00-04:00,43.925,43.955,43.925,43.95,2145
2017-05-19 12:35:00-04:00,43.955,43.98,43.955,43.98,2031
2017-05-19 12:40:00-04:00,43.98,43.98,43.95,43.95,2474
2017-05-19 12:45:00-04:00,43.95,43.96,43.945,43.95,1805
2017-05-19 12:50:00-04:00,43.96,43.97,43.96,43.97,3245
2017-05-19 12:55:00-04:00,43.965,43.99,43.965,43.98,4138
2017-05-19 13:00:00-04:00,43.98,43.99,43.96,43.975,5043
2017-05-19 13:05:00-04:00,43.98,43.98,43.92,43.92,3203
2017-05-19 13:10:00-04:00,43.92,43.935,43.91,43.925,1514
2017-05-19 13:15:00-04:00,43.925,43.93,43.915,43.93,5130
2017-05-19 13:20:00-04:00,43.925,43.925,43.91,43.92,3021
2017-05-19 13:25:00-04:00,43.91,43.915,43.91,43.91,2718
2017-05-19 13:30:00-04:00,43.915,43.93,43.9,43.9,3220
2017-05-19 13:35:00-04:00,43.91,43.935,43.905,43.935,2151
2017-05-19 13:40:00-04:00,43.925,43.94,43.925,43.93,1995
2017-05-19 13:45:00-04:00,43.925,43.93,43.9,43.925,2123
2017-05-19 13:50:00-04:00,43.925,43.925,43.895,43.895,5218
2017-05-19 13:55:00-04:00,43.9,43.9,43.89,43.9,9124
2017-05-19 14:00:00-04:00,43.9,43.925,43.9,43.915,5488
2017-05-19 14:05:00-04:00,43.92,43.92,43.88,43.895,5569
2017-05-19 14:10:00-04:00,43.9,43.91,43.9,43.91,4640
2017-05-19 14:15:00-04:00,43.905,43.925,43.905,43.91,6669
2017-05-19 14:20:00-04:00,43.915,43.93,43.91,43.92,6358
2017-05-19 14:25:00-04:00,43.925,43.935,43.915,43.925,5410
2017-05-19 14:30:00-04:00,43.925,43.965,43.925,43.965,13869
2017-05-19 14:35:00-04:00,43.96,43.98,43.96,43.98,6717
2017-05-19 14:40:00-04:00,43.985,44.0,43.95,43.955,10474
2017-05-19 14:45:00-04:00,43.97,43.975,43.95,43.975,5653
2017-05-19 14:50:00-04:00,43.99,43.99,43.955,43.955,1668
2017-05-19 14:55:00-04:00,43.96,43.96,43.94,43.96,14362
2017-05-19 15:00:00-04:00,43.96,43.965,43.94,43.95,3695
2017-05-19 15:05:00-04:00,43.955,43.96,43.87,43.88,6439
2017-05-19 15:10:00-04:00,43.87,43.89,43.835,43.865,8250
2017-05-19 15:15:00-04:00,43.87,43.88,43.84,43.85,5821
2017-05-19 15:20:00-04:00,43.85,43.855,43.83,43.845,6324
2017-05-19 15:25:00-04:00,43.855,43.89,43.85,43.86,5890
2017-05-19 15:30:00-04:00,43.86,43.87,43.85,43.85,13038
2017-05-19 15:35:00-04:00,43.85,43.86,43.83,43.84,17571
2017-05-19 15:40:00-04:00,43.84,43.85,43.82,43.83,12824
2017-05-19 15:45:00-04:00,43.835,43.87,43.835,43.87,20060
2017-05-19 15:50:00-04:00,43.86,43.88,43.86,43.87,16336
2017-05-19 15:55:00-04:00,43.87,43.9,43.86,43.89,71688
2017-05-22 09:30:00-04:00,43.89,43.91,43.82,43.91,3770
2017-05-22 09:35:00-04:00,43.9,43.94,43.88,43.925,4428
2017-05-22 09:40:00-04:00,43.94,44.04,43.94,44.01,5986
2017-05-22 09:45:00-04:00,44.015,44.06,44.0,44.05,4289
2017-05-22 09:50:00-04:00,44.05,44.055,44.0,44.005,21338
2017-05-22 09:55:00-04:00,44.0,44.01,43.94,43.94,10039
2017-05-22 10:00:00-04:00,43.95,43.99,43.93,43.965,6921
2017-05-22 10:05:00-04:00,43.97,43.98,43.94,43.965,8726
2017-05-22 10:10:00-04:00,43.97,43.98,43.93,43.93,13740
2017-05-22 10:15:00-04:00,43.93,43.93,43.91,43.92,5843
2017-05-22 10:20:00-04:00,43.92,43.93,43.91,43.91,9035
2017-05-22 10:25:00-04:00,43.92,43.93,43.915,43.925,15850
2017-05-22 10:30:00-04:00,43.93,43.93,43.92,43.92,8965
2017-05-22 10:35:00-04:00,43.92,43.93,43.915,43.915,16343
2017-05-22 10:40:00-04:00,43.915,43.92,43.91,43.915,15919
2017-05-22 10:45:00-04:00,43.915,43.92,43.91,43.92,13138
2017-05-22 10:50:00-04:00,43.915,43.92,43.875,43.9,15830
2017-05-22 10:55:00-04:00,43.905,43.92,43.9,43.9,15784
2017-05-22 11:00:00-04:00,43.9,43.92,43.9,43.92,9330
2017-05-22 11:05:00-04:00,43.92,43.92,43.91,43.92,14035
2017-05-22 11:10:00-04:00,43.92,43.92,43.91,43.915,6769
2017-05-22 11:15:00-04:00,43.915,43.92,43.89,43.895,8732
2017-05-22 11:20:00-04:00,43.9,43.9,43.89,43.895,8255
2017-05-22 11:25:00-04:00,43.9,43.9,43.89,43.895,12395
2017-05-22 11:30:00-04:00,43.895,43.94,43.89,43.94,18852
2017-05-22 11:35:00-04:00,43.945,43.985,43.945,43.98,7191
2017-05-22 11:40:00-04:00,43.99,43.99,43.95,43.95,9600
2017-05-22 11:45:00-04:00,43.955,43.96,43.95,43.955,11263
2017-05-22 11:50:00-04:00,43.96,43.96,43.955,43.96,2012
2017-05-22 11:55:00-04:00,43.96,43.96,43.945,43.95,10504
2017-05-22 12:00:00-04:00,43.96,43.97,43.96,43.965,5811
2017-05-22 12:05:00-04:00,43.965,43.97,43.96,43.97,4895
2017-05-22 12:10:00-04:00,43.97,43.99,43.96,43.99,10204
2017-05-22 12:15:00-04:00,43.99,44.03,43.99,44.02,10690
2017-05-22 12:20:00-04:00,44.025,44.03,44.01,44.02,4375
2017-05-22 12:25:00-04:00,44.02,44.02,44.0,44.01,4820
2017-05-22 12:30:00-04:00,44.01,44.02,44.0,44.015,9489
2017-05-22 12:35:00-04:00,44.02,44.02,44.01,44.015,11405
2017-05-22 12:40:00-04:00,44.015,44.03,44.0,44.025,10573
2017-05-22 12:45:00-04:00,44.02,44.05,44.015,44.05,8503
2017-05-22 12:50:00-04:00,44.045,44.09,44.045,44.085,3630
2017-05-22 12:55:00-04:00,44.08,44.09,44.075,44.09,2992
2017-05-22 13:00:00-04:00,44.09,44.1,44.085,44.095,4120
2017-05-22 13:05:00-04:00,44.1,44.1,44.095,44.1,5349
2017-05-22 13:10:00-04:00,44.095,44.1,44.095,44.1,2703
2017-05-22 13:15:00-04:00,44.1,44.1,44.095,44.1,4225
2017-05-22 13:20:00-04:00,44.1,44.1,44.08,44.1,10380
2017-05-22 13:25:00-04:00,44.1,44.15,44.1,44.15,3627
2017-05-22 13:30:00-04:00,44.15,44.15,44.135,44.15,7456
2017-05-22 13:35:00-04:00,44.15,44.15,44.14,44.145,2975
2017-05-22 13:40:00-04:00,44.145,44.145,44.11,44.11,11880
2017-05-22 13:45:00-04:00,44.11,44.14,44.11,44.14,4122
2017-05-22 13:50:00-04:00,44.14,44.15,44.135,44.135,6285
2017-05-22 13:55:00-04:00,44.14,44.14,44.13,44.13,7653
2017-05-22 14:00:00-04:00,44.13,44.15,44.125,44.14,14726
2017-05-22 14:05:00-04:00,44.15,44.17,44.14,44.17,3024
2017-05-22 14:10:00-04:00,44.17,44.19,44.16,44.16,6406
2017-05-22 14:15:00-04:00,44.165,44.18,44.165,44.175,6510
2017-05-22 14:20:00-04:00,44.18,44.18,44.17,44.18,5777
2017-05-22 14:25:00-04:00,44.18,44.195,44.18,44.18,4763
2017-05-22 14:30:00-04:00,44.19,44.2,44.16,44.17,12098
2017-05-22 14:35:00-04:00,44.17,44.18,44.17,44.17,6314
2017-05-22 14:40:00-04:00,44.175,44.19,44.17,44.18,9791
2017-05-22 14:45:00-04:00,44.18,44.2,44.175,44.195,3116
2017-05-22 14:50:00-04:00,44.2,44.2,44.195,44.2,1709
2017-05-22 14:55:00-04:00,44.2,44.2,44.165,44.175,9793
2017-05-22 15:00:00-04:00,44.18,44.18,44.15,44.15,7547
2017-05-22 15:05:00-04:00,44.16,44.17,44.145,44.15,12809
2017-05-22 15:10:00-04:00,44.15,44.165,44.14,44.16,12033
2017-05-22 15:15:00-04:00,44.16,44.18,44.155,44.18,6132
2017-05-22 15:20:00-04:00,44.18,44.18,44.16,44.18,10017
2017-05-22 15:25:00-04:00,44.18,44.19,44.16,44.17,8561
2017-05-22 15:30:00-04:00,44.18,44.18,44.16,44.17,10948
2017-05-22 15:35:00-04:00,44.18,44.19,44.175,44.19,10712
2017-05-22 15:40:00-04:00,44.19,44.22,44.185,44.22,14372
2017-05-22 15:45:00-04:00,44.22,44.22,44.2,44.21,34646
2017-05-22 15:50:00-04:00,44.21,44.22,44.205,44.22,36926
2017-05-22 15:55:00-04:00,44.215,44.22,44.17,44.175,73285
2017-05-23 09:30:00-04:00,44.24,44.29,44.22,44.26,3325
2017-05-23 09:35:00-04:00,44.26,44.31,44.23,44.31,7146
2017-05-23 09:40:00-04:00,44.34,44.39,44.34,44.37,3235
2017-05-23 09:45:00-04:00,44.35,44.41,44.35,44.38,11447
2017-05-23 09:50:00-04:00,44.39,44.49,44.39,44.46,15211
2017-05-23 09:55:00-04:00,44.48,44.49,44.47,44.49,3646
2017-05-23 10:00:00-04:00,44.49,44.6,44.48,44.565,16298
2017-05-23 10:05:00-04:00,44.565,44.58,44.525,44.54,7034
2017-05-23 10:10:00-04:00,44.57,44.58,44.53,44.53,3880
2017-05-23 10:15:00-04:00,44.535,44.56,44.52,44.55,5823
2017-05-23 10:20:00-04:00,44.56,44.595,44.55,44.58,9279
2017-05-23 10:25:00-04:00,44.58,44.59,44.57,44.57,4575
2017-05-23 10:30:00-04:00,44.56,44.57,44.545,44.545,5254
2017-05-23 10:35:00-04:00,44.54,44.55,44.53,44.55,3010
2017-05-23 10:40:00-04:00,44.56,44.56,44.54,44.55,1983
2017-05-23 10:45:00-04:00,44.54,44.54,44.49,44.49,3996
2017-05-23 10:50:00-04:00,44.49,44.54,44.49,44.53,4001
2017-05-23 10:55:00-04:00,44.53,44.53,44.49,44.49,2364
2017-05-23 11:00:00-04:00,44.485,44.5,44.485,44.495,5278
2017-05-23 11:05:00-04:00,44.5,44.5,44.49,44.49,12704
2017-05-23 11:10:00-04:00,44.495,44.53,44.495,44.52,4303
2017-05-23 11:15:00-04:00,44.52,44.525,44.51,44.51,6747
2017-05-23 11:20:00-04:00,44.51,44.52,44.51,44.52,5500
2017-05-23 11:25:00-04:00,44.52,44.52,44.485,44.485,8837
2017-05-23 11:30:00-04:00,44.485,44.515,44.485,44.5,8183
2017-05-23 11:35:00-04:00,44.51,44.52,44.5,44.51,4348
2017-05-23 11:40:00-04:00,44.5,44.5,44.465,44.465,4342
2017-05-23 11:45:00-04:00,44.455,44.46,44.44,44.445,3587
2017-05-23 11:50:00-04:00,44.45,44.47,44.44,44.47,3016
2017-05-23 11:55:00-04:00,44.48,44.49,44.48,44.49,3856
2017-05-23 12:00:00-04:00,44.49,44.51,44.485,44.49,12071
2017-05-23 12:05:00-04:00,44.48,44.49,44.475,44.49,2482
2017-05-23 12:10:00-04:00,44.485,44.485,44.47,44.48,3531
2017-05-23 12:15:00-04:00,44.49,44.5,44.485,44.5,1174
2017-05-23 12:20:00-04:00,44.525,44.53,44.52,44.53,2220
2017-05-23 12:25:00-04:00,44.545,44.545,44.52,44.52,7221
2017-05-23 12:30:00-04:00,44.53,44.53,44.52,44.52,3920
2017-05-23 12:35:00-04:00,44.53,44.53,44.525,44.53,1400
2017-05-23 12:40:00-04:00,44.53,44.53,44.5,44.5,5599
2017-05-23 12:45:00-04:00,44.49,44.5,44.48,44.5,2957
2017-05-23 12:50:00-04:00,44.495,44.52,44.495,44.52,1400
2017-05-23 12:55:00-04:00,44.515,44.52,44.51,44.52,3840
2017-05-23 13:00:00-04:00,44.52,44.53,44.51,44.52,1321
2017-05-23 13:05:00-04:00,44.53,44.53,44.52,44.53,979
2017-05-23 13:10:00-04:00,44.525,44.54,44.52,44.54,2533
2017-05-23 13:15:00-04:00,44.54,44.57,44.53,44.57,6504
2017-05-23 13:20:00-04:00,44.57,44.57,44.56,44.56,6081
2017-05-23 13:25:00-04:00,44.56,44.56,44.55,44.56,3100
2017-05-23 13:30:00-04:00,44.56,44.56,44.54,44.545,11076
2017-05-23 13:35:00-04:00,44.54,44.56,44.535,44.56,12094
2017-05-23 13:40:00-04:00,44.57,44.58,44.56,44.58,8476
2017-05-23 13:45:00-04:00,44.58,44.58,44.55,44.55,8446
2017-05-23 13:50:00-04:00,44.55,44.56,44.54,44.56,3221
2017-05-23 13:55:00-04:00,44.56,44.57,44.55,44.57,2317
2017-05-23 14:00:00-04:00,44.565,44.565,44.5,44.525,12317
2017-05-23 14:05:00-04:00,44.515,44.525,44.495,44.5,6812
2017-05-23 14:10:00-04:00,44.51,44.52,44.5,44.505,4058
2017-05-23 14:15:00-04:00,44.52,44.52,44.48,44.48,4639
2017-05-23 14:20:00-04:00,44.48,44.48,44.45,44.46,3055
2017-05-23 14:25:00-04:00,44.45,44.46,44.44,44.45,1626
2017-05-23 14:30:00-04:00,44.455,44.46,44.42,44.43,6198
2017-05-23 14:35:00-04:00,44.425,44.45,44.425,44.45,1538
2017-05-23 14:40:00-04:00,44.45,44.45,44.425,44.43,3622
2017-05-23 14:45:00-04:00,44.425,44.425,44.4,44.41,7520
2017-05-23 14:50:00-04:00,44.41,44.44,44.4,44.44,6093
2017-05-23 14:55:00-04:00,44.44,44.45,44.42,44.44,9248
2017-05-23 15:00:00-04:00,44.445,44.445,44.42,44.43,4151
2017-05-23 15:05:00-04:00,44.425,44.43,44.395,44.4,5754
2017-05-23 15:10:00-04:00,44.395,44.4,44.39,44.4,1420
2017-05-23 15:15:00-04:00,44.4,44.4,44.37,44.37,6033
2017-05-23 15:20:00-04:00,44.375,44.38,44.35,44.355,4639
2017-05-23 15:25:00-04:00,44.35,44.35,44.32,44.325,8341
2017-05-23 15:30:00-04:00,44.325,44.37,44.32,44.36,7656
2017-05-23 15:35:00-04:00,44.37,44.39,44.37,44.39,2570
2017-05-23 15:40:00-04:00,44.39,44.41,44.38,44.38,12312
2017-05-23 15:45:00-04:00,44.385,44.39,44.36,44.38,13723
2017-05-23 15:50:00-04:00,44.38,44.39,44.36,44.38,20565
2017-05-23 15:55:00-04:00,44.39,44.39,44.37,44.39,60283
2017-05-24 09:30:00-04:00,44.61,44.66,44.59,44.64,7330
2017-05-24 09:35:00-04:00,44.645,44.675,44.64,44.66,12977
2017-05-24 09:40:00-04:00,44.655,44.685,44.64,44.65,17360
2017-05-24 09:45:00-04:00,44.655,44.655,44.6,44.6,20423
2017-05-24 09:50:00-04:00,44.6,44.63,44.6,44.63,7250
2017-05-24 09:55:00-04:00,44.625,44.66,44.625,44.645,4771
2017-05-24 10:00:00-04:00,44.65,44.67,44.64,44.65,7076
2017-05-24 10:05:00-04:00,44.66,44.66,44.63,44.65,15412
2017-05-24 10:10:00-04:00,44.65,44.67,44.64,44.64,8098
2017-05-24 10:15:00-04:00,44.64,44.645,44.63,44.645,5472
2017-05-24 10:20:00-04:00,44.64,44.65,44.63,44.64,10905
2017-05-24 10:25:00-04:00,44.64,44.655,44.64,44.655,6818
2017-05-24 10:30:00-04:00,44.675,44.68,44.66,44.67,3816
2017-05-24 10:35:00-04:00,44.67,44.68,44.67,44.67,4932
2017-05-24 10:40:00-04:00,44.67,44.71,44.66,44.71,4326
2017-05-24 10:45:00-04:00,44.71,44.73,44.71,44.73,5898
2017-05-24 10:50:00-04:00,44.73,44.73,44.72,44.72,5745
2017-05-24 10:55:00-04:00,44.73,44.75,44.73,44.75,9901
2017-05-24 11:00:00-04:00,44.74,44.75,44.73,44.74,7941
2017-05-24 11:05:00-04:00,44.74,44.75,44.73,44.75,5637
2017-05-24 11:10:00-04:00,44.745,44.75,44.74,44.74,8795
2017-05-24 11:15:00-04:00,44.745,44.755,44.74,44.75,6429
2017-05-24 11:20:00-04:00,44.74,44.78,44.74,44.78,6425
2017-05-24 11:25:00-04:00,44.775,44.79,44.775,44.79,3321
2017-05-24 11:30:00-04:00,44.79,44.79,44.775,44.785,11658
2017-05-24 11:35:00-04:00,44.79,44.79,44.76,44.77,5347
2017-05-24 11:40:00-04:00,44.77,44.78,44.73,44.73,4071
2017-05-24 11:45:00-04:00,44.73,44.74,44.73,44.735,3134
2017-05-24 11:50:00-04:00,44.74,44.755,44.735,44.74,6330
2017-05-24 11:55:00-04:00,44.735,44.74,44.73,44.74,3406
2017-05-24 12:00:00-04:00,44.75,44.75,44.725,44.73,4912
2017-05-24 12:05:00-04:00,44.725,44.73,44.72,44.73,2551
2017-05-24 12:10:00-04:00,44.73,44.735,44.72,44.73,5392
2017-05-24 12:15:00-04:00,44.73,44.73,44.73,44.73,1284
2017-05-24 12:20:00-04:00,44.74,44.75,44.735,44.75,2026
2017-05-24 12:25:00-04:00,44.75,44.75,44.735,44.74,3070
2017-05-24 12:30:00-04:00,44.735,44.74,44.73,44.735,4638
2017-05-24 12:35:00-04:00,44.735,44.745,44.73,44.745,6938
2017-05-24 12:40:00-04:00,44.745,44.75,44.74,44.74,8243
2017-05-24 12:45:00-04:00,44.745,44.75,44.735,44.74,5845
2017-05-24 12:50:00-04:00,44.74,44.755,44.735,44.755,2932
2017-05-24 12:55:00-04:00,44.76,44.775,44.76,44.775,3101
2017-05-24 13:00:00-04:00,44.78,44.785,44.76,44.765,4066
2017-05-24 13:05:00-04:00,44.77,44.77,44.745,44.75,3641
2017-05-24 13:10:00-04:00,44.75,44.75,44.745,44.745,801
2017-05-24 13:15:00-04:00,44.745,44.75,44.745,44.75,2427
2017-05-24 13:20:00-04:00,44.76,44.78,44.76,44.78,3738
2017-05-24 13:25:00-04:00,44.77,44.78,44.77,44.775,2969
2017-05-24 13:30:00-04:00,44.775,44.775,44.75,44.765,4148
2017-05-24 13:35:00-04:00,44.77,44.78,44.76,44.78,3121
2017-05-24 13:40:00-04:00,44.78,44.79,44.77,44.785,3910
2017-05-24 13:45:00-04:00,44.78,44.805,44.78,44.8,9970
2017-05-24 13:50:00-04:00,44.8,44.815,44.8,44.805,4356
2017-05-24 13:55:00-04:00,44.8,44.815,44.8,44.805,2706
2017-05-24 14:00:00-04:00,44.8,44.8,44.77,44.8,11406
2017-05-24 14:05:00-04:00,44.81,44.84,44.8,44.84,2025
2017-05-24 14:10:00-04:00,44.84,44.86,44.83,44.855,21075
2017-05-24 14:15:00-04:00,44.855,44.86,44.85,44.86,15034
2017-05-24 14:20:00-04:00,44.86,44.875,44.86,44.875,4133
2017-05-24 14:25:00-04:00,44.88,44.89,44.875,44.89,2358
2017-05-24 14:30:00-04:00,44.89,44.9,44.87,44.88,5742
2017-05-24 14:35:00-04:00,44.88,44.89,44.865,44.88,4360
2017-05-24 14:40:00-04:00,44.88,44.88,44.87,44.88,4111
2017-05-24 14:45:00-04:00,44.88,44.89,44.88,44.89,3033
2017-05-24 14:50:00-04:00,44.89,44.92,44.89,44.905,11574
2017-05-24 14:55:00-04:00,44.9,44.91,44.9,44.905,3914
2017-05-24 15:00:00-04:00,44.9,44.91,44.9,44.905,13326
2017-05-24 15:05:00-04:00,44.91,44.91,44.89,44.9,28253
2017-05-24 15:10:00-04:00,44.9,44.9,44.89,44.9,18528
2017-05-24 15:15:00-04:00,44.9,44.9,44.89,44.9,5502
2017-05-24 15:20:00-04:00,44.9,44.9,44.885,44.89,12380
2017-05-24 15:25:00-04:00,44.89,44.9,44.885,44.9,7255
2017-05-24 15:30:00-04:00,44.9,44.98,44.9,44.975,21337
2017-05-24 15:35:00-04:00,44.985,45.0,44.98,44.99,58072
2017-05-24 15:40:00-04:00,44.99,45.035,44.99,45.01,37521
2017-05-24 15:45:00-04:00,45.015,45.015,44.99,44.995,35386
2017-05-24 15:50:00-04:00,44.995,45.0,44.99,45.0,37142
2017-05-24 15:55:00-04:00,45.01,45.09,45.01,45.03,103710
2017-05-25 09:30:00-04:00,45.01,45.06,44.97,45.06,10276
2017-05-25 09:35:00-04:00,45.06,45.08,45.005,45.08,9617
2017-05-25 09:40:00-04:00,45.09,45.09,45.045,45.05,15143
2017-05-25 09:45:00-04:00,45.05,45.075,45.01,45.075,17432
2017-05-25 09:50:00-04:00,45.09,45.1,45.02,45.06,18068
2017-05-25 09:55:00-04:00,45.055,45.075,45.02,45.045,14849
2017-05-25 10:00:00-04:00,45.05,45.065,45.035,45.065,6326
2017-05-25 10:05:00-04:00,45.07,45.1,45.07,45.1,7386
2017-05-25 10:10:00-04:00,45.1,45.125,45.09,45.125,5638
2017-05-25 10:15:00-04:00,45.135,45.14,45.11,45.135,3906
2017-05-25 10:20:00-04:00,45.13,45.17,45.12,45.17,4393
2017-05-25 10:25:00-04:00,45.16,45.165,45.11,45.14,5566
2017-05-25 10:30:00-04:00,45.14,45.14,45.11,45.13,7653
2017-05-25 10:35:00-04:00,45.14,45.165,45.135,45.16,7186
2017-05-25 10:40:00-04:00,45.16,45.19,45.16,45.18,2423
2017-05-25 10:45:00-04:00,45.17,45.19,45.17,45.175,26336
2017-05-25 10:50:00-04:00,45.175,45.2,45.175,45.195,6685
2017-05-25 10:55:00-04:00,45.2,45.205,45.19,45.195,11183
2017-05-25 11:00:00-04:00,45.195,45.21,45.19,45.21,8260
2017-05-25 11:05:00-04:00,45.205,45.22,45.19,45.21,10058
2017-05-25 11:10:00-04:00,45.22,45.23,45.22,45.22,3648
2017-05-25 11:15:00-04:00,45.23,45.28,45.23,45.28,15439
2017-05-25 11:20:00-04:00,45.285,45.29,45.275,45.275,17200
2017-05-25 11:25:00-04:00,45.275,45.28,45.25,45.275,18300
2017-05-25 11:30:00-04:00,45.28,45.31,45.27,45.305,39902
2017-05-25 11:35:00-04:00,45.3,45.325,45.295,45.325,11003
2017-05-25 11:40:00-04:00,45.33,45.355,45.33,45.35,5622
2017-05-25 11:45:00-04:00,45.345,45.35,45.325,45.33,6648
2017-05-25 11:50:00-04:00,45.33,45.33,45.32,45.32,4151
2017-05-25 11:55:00-04:00,45.31,45.31,45.29,45.29,5340
2017-05-25 12:00:00-04:00,45.28,45.28,45.255,45.265,7786
2017-05-25 12:05:00-04:00,45.26,45.265,45.25,45.255,9884
2017-05-25 12:10:00-04:00,45.255,45.27,45.25,45.27,20492
2017-05-25 12:15:00-04:00,45.28,45.345,45.275,45.345,2558
2017-05-25 12:20:00-04:00,45.35,45.385,45.33,45.33,3842
2017-05-25 12:25:00-04:00,45.34,45.37,45.335,45.37,4269
2017-05-25 12:30:00-04:00,45.37,45.39,45.35,45.36,12210
2017-05-25 12:35:00-04:00,45.355,45.385,45.355,45.38,4530
2017-05-25 12:40:00-04:00,45.38,45.38,45.37,45.375,1512
2017-05-25 12:45:00-04:00,45.39,45.395,45.38,45.39,2210
2017-05-25 12:50:00-04:00,45.39,45.4,45.39,45.4,398
2017-05-25 12:55:00-04:00,45.39,45.41,45.385,45.41,3603
2017-05-25 13:00:00-04:00,45.43,45.44,45.425,45.425,2956
2017-05-25 13:05:00-04:00,45.43,45.44,45.41,45.415,2726
2017-05-25 13:10:00-04:00,45.415,45.415,45.405,45.405,15121
2017-05-25 13:15:00-04:00,45.4,45.405,45.39,45.395,5331
2017-05-25 13:20:00-04:00,45.4,45.4,45.38,45.4,4776
2017-05-25 13:25:00-04:00,45.39,45.39,45.355,45.36,10655
2017-05-25 13:30:00-04:00,45.355,45.36,45.24,45.325,13619
2017-05-25 13:35:00-04:00,45.32,45.35,45.32,45.345,7363
2017-05-25 13:40:00-04:00,45.345,45.355,45.345,45.355,3857
2017-05-25 13:45:00-04:00,45.36,45.37,45.36,45.365,7166
2017-05-25 13:50:00-04:00,45.37,45.395,45.36,45.375,7166
2017-05-25 13:55:00-04:00,45.375,45.4,45.375,45.4,5174
2017-05-25 14:00:00-04:00,45.39,45.4,45.38,45.395,4542
2017-05-25 14:05:00-04:00,45.39,45.39,45.36,45.37,7374
2017-05-25 14:10:00-04:00,45.38,45.4,45.365,45.4,16037
2017-05-25 14:15:00-04:00,45.4,45.43,45.4,45.43,10010
2017-05-25 14:20:00-04:00,45.425,45.44,45.42,45.435,10702
2017-05-25 14:25:00-04:00,45.435,45.44,45.415,45.415,9068
2017-05-25 14:30:00-04:00,45.41,45.43,45.41,45.43,4277
2017-05-25 14:35:00-04:00,45.425,45.44,45.42,45.44,6112
2017-05-25 14:40:00-04:00,45.43,45.44,45.425,45.44,6412
2017-05-25 14:45:00-04:00,45.44,45.45,45.42,45.42,17856
2017-05-25 14:50:00-04:00,45.42,45.425,45.4,45.42,4957
2017-05-25 14:55:00-04:00,45.42,45.43,45.42,45.425,17728
2017-05-25 15:00:00-04:00,45.425,45.43,45.41,45.415,24029
2017-05-25 15:05:00-04:00,45.415,45.42,45.38,45.39,48765
2017-05-25 15:10:00-04:00,45.385,45.39,45.38,45.385,33952
2017-05-25 15:15:00-04:00,45.385,45.39,45.37,45.375,32397
2017-05-25 15:20:00-04:00,45.37,45.39,45.36,45.39,19098
2017-05-25 15:25:00-04:00,45.39,45.41,45.38,45.41,39653
2017-05-25 15:30:00-04:00,45.41,45.42,45.405,45.42,9895
2017-05-25 15:35:00-04:00,45.42,45.43,45.4,45.41,36508
2017-05-25 15:40:00-04:00,45.405,45.41,45.39,45.395,59791
2017-05-25 15:45:00-04:00,45.395,45.48,45.39,45.465,46206
2017-05-25 15:50:00-04:00,45.46,45.46,45.405,45.41,83353
2017-05-25 15:55:00-04:00,45.41,45.43,45.4,45.41,173799
2017-05-26 09:30:00-04:00,45.37,45.5,45.35,45.47,12007
2017-05-26 09:35:00-04:00,45.485,45.5,45.47,45.485,6601
2017-05-26 09:40:00-04:00,45.475,45.49,45.37,45.38,5827
2017-05-26 09:45:00-04:00,45.39,45.41,45.33,45.33,5905
2017-05-26 09:50:00-04:00,45.34,45.43,45.34,45.43,4136
2017-05-26 09:55:00-04:00,45.44,45.455,45.42,45.42,6726
2017-05-26 10:00:00-04:00,45.43,45.47,45.42,45.46,9411
2017-05-26 10:05:00-04:00,45.47,45.48,45.45,45.455,11499
2017-05-26 10:10:00-04:00,45.46,45.47,45.44,45.44,9643
2017-05-26 10:15:00-04:00,45.45,45.47,45.44,45.455,5681
2017-05-26 10:20:00-04:00,45.455,45.49,45.455,45.485,4173
2017-05-26 10:25:00-04:00,45.485,45.485,45.445,45.46,4833
2017-05-26 10:30:00-04:00,45.46,45.485,45.455,45.455,2930
2017-05-26 10:35:00-04:00,45.455,45.475,45.45,45.475,4213
2017-05-26 10:40:00-04:00,45.47,45.48,45.45,45.46,5968
2017-05-26 10:45:00-04:00,45.46,45.47,45.455,45.47,1100
2017-05-26 10:50:00-04:00,45.47,45.55,45.47,45.55,11022
2017-05-26 10:55:00-04:00,45.55,45.56,45.53,45.53,8351
2017-05-26 11:00:00-04:00,45.53,45.55,45.53,45.535,5561
2017-05-26 11:05:00-04:00,45.535,45.54,45.455,45.46,4777
2017-05-26 11:10:00-04:00,45.445,45.46,45.435,45.455,9954
2017-05-26 11:15:00-04:00,45.445,45.445,45.435,45.435,3000
2017-05-26 11:20:00-04:00,45.44,45.47,45.43,45.43,5262
2017-05-26 11:25:00-04:00,45.43,45.45,45.4,45.445,7600
2017-05-26 11:30:00-04:00,45.45,45.45,45.41,45.45,3622
2017-05-26 11:35:00-04:00,45.44,45.45,45.39,45.41,2601
2017-05-26 11:40:00-04:00,45.41,45.41,45.38,45.39,9903
2017-05-26 11:45:00-04:00,45.39,45.45,45.39,45.44,7839
2017-05-26 11:50:00-04:00,45.44,45.44,45.42,45.42,2301
2017-05-26 11:55:00-04:00,45.415,45.45,45.415,45.43,3948
2017-05-26 12:00:00-04:00,45.42,45.43,45.4,45.4,3532
2017-05-26 12:05:00-04:00,45.4,45.405,45.37,45.37,2365
2017-05-26 12:10:00-04:00,45.36,45.385,45.35,45.38,3041
2017-05-26 12:15:00-04:00,45.37,45.38,45.37,45.37,3783
2017-05-26 12:20:00-04:00,45.37,45.39,45.37,45.38,5735
2017-05-26 12:25:00-04:00,45.39,45.405,45.39,45.4,1758
2017-05-26 12:30:00-04:00,45.39,45.4,45.39,45.39,3014
2017-05-26 12:35:00-04:00,45.385,45.4,45.385,45.39,3704
2017-05-26 12:40:00-04:00,45.4,45.42,45.39,45.42,1609
2017-05-26 12:45:00-04:00,45.42,45.45,45.41,45.45,1536
2017-05-26 12:50:00-04:00,45.445,45.48,45.44,45.48,8762
2017-05-26 12:55:00-04:00,45.49,45.5,45.48,45.48,6012
2017-05-26 13:00:00-04:00,45.48,45.48,45.44,45.44,1524
2017-05-26 13:05:00-04:00,45.43,45.43,45.42,45.43,3008
2017-05-26 13:10:00-04:00,45.43,45.43,45.4,45.4,4929
2017-05-26 13:15:00-04:00,45.405,45.41,45.4,45.41,1366
2017-05-26 13:20:00-04:00,45.41,45.41,45.4,45.4,2761
2017-05-26 13:25:00-04:00,45.38,45.39,45.375,45.385,95000
2017-05-26 13:30:00-04:00,45.39,45.4,45.38,45.39,4414
2017-05-26 13:35:00-04:00,45.39,45.395,45.38,45.385,3249
2017-05-26 13:40:00-04:00,45.39,45.39,45.37,45.37,7534
2017-05-26 13:45:00-04:00,45.37,45.38,45.37,45.375,5948
2017-05-26 13:50:00-04:00,45.38,45.395,45.37,45.39,6827
2017-05-26 13:55:00-04:00,45.39,45.4,45.39,45.4,7356
2017-05-26 14:00:00-04:00,45.4,45.41,45.38,45.39,10710
2017-05-26 14:05:00-04:00,45.38,45.39,45.37,45.39,5746
2017-05-26 14:10:00-04:00,45.39,45.395,45.36,45.38,8301
2017-05-26 14:15:00-04:00,45.38,45.385,45.36,45.365,7841
2017-05-26 14:20:00-04:00,45.365,45.37,45.36,45.37,4088
2017-05-26 14:25:00-04:00,45.36,45.38,45.36,45.375,12814
2017-05-26 14:30:00-04:00,45.38,45.395,45.375,45.39,4650
2017-05-26 14:35:00-04:00,45.385,45.4,45.365,45.4,5888
2017-05-26 14:40:00-04:00,45.395,45.41,45.395,45.41,1603
2017-05-26 14:45:00-04:00,45.41,45.42,45.41,45.42,1200
2017-05-26 14:50:00-04:00,45.42,45.43,45.4,45.43,6516
2017-05-26 14:55:00-04:00,45.425,45.43,45.41,45.41,6536
2017-05-26 15:00:00-04:00,45.41,45.42,45.405,45.42,4503
2017-05-26 15:05:00-04:00,45.42,45.425,45.41,45.425,10219
2017-05-26 15:10:00-04:00,45.42,45.43,45.395,45.4,7527
2017-05-26 15:15:00-04:00,45.4,45.41,45.39,45.41,6137
2017-05-26 15:20:00-04:00,45.405,45.41,45.37,45.375,8290
2017-05-26 15:25:00-04:00,45.375,45.39,45.375,45.38,11645
2017-05-26 15:30:00-04:00,45.37,45.39,45.365,45.385,8035
2017-05-26 15:35:00-04:00,45.385,45.39,45.38,45.39,7873
2017-05-26 15:40:00-04:00,45.385,45.41,45.385,45.4,17619
2017-05-26 15:45:00-04:00,45.4,45.41,45.395,45.4,13745
2017-05-26 15:50:00-04:00,45.405,45.41,45.4,45.41,31225
2017-05-26 15:55:00-04:00,45.41,45.41,45.37,45.37,87791
2017-05-30 09:30:00-04:00,45.16,45.23,45.16,45.21,7614
2017-05-30 09:35:00-04:00,45.19,45.29,45.185,45.28,17643
2017-05-30 09:40:00-04:00,45.28,45.28,45.23,45.27,5498
2017-05-30 09:45:00-04:00,45.26,45.31,45.245,45.3,3341
2017-05-30 09:50:00-04:00,45.31,45.32,45.24,45.27,7351
2017-05-30 09:55:00-04:00,45.29,45.29,45.245,45.245,2081
2017-05-30 10:00:00-04:00,45.26,45.28,45.205,45.205,3002
2017-05-30 10:05:00-04:00,45.2,45.205,45.19,45.205,5000
2017-05-30 10:10:00-04:00,45.2,45.2,45.17,45.17,1868
2017-05-30 10:15:00-04:00,45.17,45.19,45.15,45.185,1960
2017-05-30 10:20:00-04:00,45.2,45.21,45.16,45.16,4098
2017-05-30 10:25:00-04:00,45.17,45.25,45.17,45.25,4776
2017-05-30 10:30:00-04:00,45.26,45.26,45.2,45.23,2787
2017-05-30 10:35:00-04:00,45.23,45.24,45.18,45.19,3000
2017-05-30 10:40:00-04:00,45.2,45.23,45.19,45.21,2784
2017-05-30 10:45:00-04:00,45.21,45.21,45.2,45.21,3006
2017-05-30 10:50:00-04:00,45.21,45.21,45.17,45.17,6004
2017-05-30 10:55:00-04:00,45.18,45.18,45.175,45.175,2811
2017-05-30 11:00:00-04:00,45.18,45.18,45.16,45.16,3167
2017-05-30 11:05:00-04:00,45.165,45.18,45.16,45.18,6784
2017-05-30 11:10:00-04:00,45.18,45.18,45.17,45.18,7646
2017-05-30 11:15:00-04:00,45.18,45.2,45.17,45.2,4478
2017-05-30 11:20:00-04:00,45.21,45.265,45.21,45.26,4884
2017-05-30 11:25:00-04:00,45.26,45.26,45.235,45.24,5201
2017-05-30 11:30:00-04:00,45.24,45.27,45.24,45.27,9970
2017-05-30 11:35:00-04:00,45.27,45.3,45.27,45.3,6082
2017-05-30 11:40:00-04:00,45.295,45.31,45.295,45.31,4997
2017-05-30 11:45:00-04:00,45.31,45.35,45.31,45.35,2575
2017-05-30 11:50:00-04:00,45.34,45.37,45.34,45.365,10564
2017-05-30 11:55:00-04:00,45.36,45.37,45.35,45.35,8003
2017-05-30 12:00:00-04:00,45.35,45.35,45.33,45.34,4618
2017-05-30 12:05:00-04:00,45.34,45.36,45.34,45.36,2190
2017-05-30 12:10:00-04:00,45.36,45.37,45.36,45.37,2165
2017-05-30 12:15:00-04:00,45.37,45.39,45.35,45.35,12183
2017-05-30 12:20:00-04:00,45.34,45.37,45.34,45.37,2901
2017-05-30 12:25:00-04:00,45.37,45.37,45.365,45.365,1152
2017-05-30 12:30:00-04:00,45.37,45.395,45.365,45.38,5972
2017-05-30 12:35:00-04:00,45.38,45.39,45.375,45.38,3300
2017-05-30 12:40:00-04:00,45.39,45.39,45.37,45.38,1453
2017-05-30 12:45:00-04:00,45.38,45.38,45.31,45.31,10243
2017-05-30 12:50:00-04:00,45.31,45.34,45.295,45.34,3639
2017-05-30 12:55:00-04:00,45.335,45.35,45.335,45.35,2169
2017-05-30 13:00:00-04:00,45.345,45.35,45.34,45.345,6300
2017-05-30 13:05:00-04:00,45.345,45.35,45.34,45.345,7913
2017-05-30 13:10:00-04:00,45.345,45.35,45.345,45.345,1431
2017-05-30 13:15:00-04:00,45.345,45.35,45.34,45.34,11817
2017-05-30 13:20:00-04:00,45.345,45.35,45.345,45.345,1597
2017-05-30 13:25:00-04:00,45.35,45.35,45.32,45.32,16295
2017-05-30 13:30:00-04:00,45.31,45.32,45.295,45.31,2268
2017-05-30 13:35:00-04:00,45.305,45.32,45.305,45.32,1040
2017-05-30 13:40:00-04:00,45.33,45.33,45.32,45.33,1555
2017-05-30 13:45:00-04:00,45.33,45.33,45.32,45.325,6514
2017-05-30 13:50:00-04:00,45.33,45.35,45.325,45.35,3251
2017-05-30 13:55:00-04:00,45.35,45.39,45.34,45.39,16279
2017-05-30 14:00:00-04:00,45.38,45.39,45.38,45.38,5778
2017-05-30 14:05:00-04:00,45.39,45.39,45.38,45.39,4579
2017-05-30 14:10:00-04:00,45.385,45.39,45.37,45.375,9597
2017-05-30 14:15:00-04:00,45.37,45.38,45.37,45.375,4551
2017-05-30 14:20:00-04:00,45.375,45.38,45.37,45.38,4644
2017-05-30 14:25:00-04:00,45.38,45.39,45.375,45.39,5198
2017-05-30 14:30:00-04:00,45.38,45.39,45.38,45.385,3105
2017-05-30 14:35:00-04:00,45.39,45.39,45.37,45.375,6318
2017-05-30 14:40:00-04:00,45.38,45.395,45.38,45.385,5518
2017-05-30 14:45:00-04:00,45.385,45.39,45.385,45.39,3657
2017-05-30 14:50:00-04:00,45.385,45.39,45.36,45.36,7154
2017-05-30 14:55:00-04:00,45.36,45.39,45.36,45.385,5934
2017-05-30 15:00:00-04:00,45.385,45.385,45.37,45.38,6226
2017-05-30 15:05:00-04:00,45.375,45.38,45.37,45.375,6028
2017-05-30 15:10:00-04:00,45.38,45.38,45.37,45.375,4125
2017-05-30 15:15:00-04:00,45.375,45.405,45.375,45.405,10029
2017-05-30 15:20:00-04:00,45.41,45.41,45.37,45.375,10870
2017-05-30 15:25:00-04:00,45.37,45.37,45.36,45.36,2859
2017-05-30 15:30:00-04:00,45.37,45.395,45.37,45.395,15660
2017-05-30 15:35:00-04:00,45.4,45.4,45.38,45.385,11042
2017-05-30 15:40:00-04:00,45.385,45.4,45.38,45.4,11742
2017-05-30 15:45:00-04:00,45.41,45.42,45.4,45.415,12943
2017-05-30 15:50:00-04:00,45.42,45.43,45.415,45.43,39554
2017-05-30 15:55:00-04:00,45.43,45.46,45.42,45.43,55358
2017-05-31 09:30:00-04:00,45.41,45.54,45.38,45.49,1961
2017-05-31 09:35:00-04:00,45.465,45.525,45.465,45.49,4859
2017-05-31 09:40:00-04:00,45.5,45.575,45.5,45.55,3862
2017-05-31 09:45:00-04:00,45.58,45.6,45.58,45.6,3922
2017-05-31 09:50:00-04:00,45.595,45.6,45.56,45.595,7588
2017-05-31 09:55:00-04:00,45.6,45.66,45.595,45.66,4673
2017-05-31 10:00:00-04:00,45.66,45.69,45.66,45.69,5279
2017-05-31 10:05:00-04:00,45.69,45.7,45.58,45.59,8488
2017-05-31 10:10:00-04:00,45.59,45.59,45.53,45.56,8020
2017-05-31 10:15:00-04:00,45.56,45.56,45.53,45.55,5038
2017-05-31 10:20:00-04:00,45.57,45.57,45.54,45.54,4057
2017-05-31 10:25:00-04:00,45.54,45.555,45.53,45.545,14053
2017-05-31 10:30:00-04:00,45.545,45.6,45.545,45.6,12748
2017-05-31 10:35:00-04:00,45.6,45.63,45.6,45.62,5951
2017-05-31 10:40:00-04:00,45.625,45.65,45.62,45.65,5228
2017-05-31 10:45:00-04:00,45.64,45.66,45.635,45.66,43664
2017-05-31 10:50:00-04:00,45.65,45.685,45.65,45.67,10148
2017-05-31 10:55:00-04:00,45.67,45.67,45.655,45.66,16658
2017-05-31 11:00:00-04:00,45.655,45.655,45.61,45.61,21282
2017-05-31 11:05:00-04:00,45.6,45.62,45.58,45.61,7024
2017-05-31 11:10:00-04:00,45.62,45.62,45.56,45.56,9624
2017-05-31 11:15:00-04:00,45.55,45.575,45.545,45.565,13893
2017-05-31 11:20:00-04:00,45.565,45.59,45.555,45.59,18921
2017-05-31 11:25:00-04:00,45.59,45.605,45.53,45.54,7160
2017-05-31 11:30:00-04:00,45.53,45.54,45.5,45.5,9613
2017-05-31 11:35:00-04:00,45.51,45.55,45.51,45.535,11084
2017-05-31 11:40:00-04:00,45.53,45.55,45.53,45.54,5936
2017-05-31 11:45:00-04:00,45.54,45.56,45.54,45.55,3017
2017-05-31 11:50:00-04:00,45.555,45.59,45.55,45.58,5332
2017-05-31 11:55:00-04:00,45.58,45.59,45.575,45.59,2899
2017-05-31 12:00:00-04:00,45.6,45.6,45.59,45.6,2214
2017-05-31 12:05:00-04:00,45.59,45.6,45.59,45.595,12235
2017-05-31 12:10:00-04:00,45.6,45.615,45.595,45.605,20586
2017-05-31 12:15:00-04:00,45.61,45.62,45.585,45.585,16790
2017-05-31 12:20:00-04:00,45.59,45.59,45.58,45.58,16886
2017-05-31 12:25:00-04:00,45.585,45.6,45.58,45.595,31135
2017-05-31 12:30:00-04:00,45.595,45.61,45.585,45.61,6381
2017-05-31 12:35:00-04:00,45.61,45.61,45.59,45.595,4278
2017-05-31 12:40:00-04:00,45.595,45.61,45.59,45.6,7152
2017-05-31 12:45:00-04:00,45.595,45.6,45.59,45.595,16800
2017-05-31 12:50:00-04:00,45.6,45.6,45.585,45.6,10128
2017-05-31 12:55:00-04:00,45.59,45.59,45.56,45.565,2220
2017-05-31 13:00:00-04:00,45.57,45.58,45.555,45.58,6414
2017-05-31 13:05:00-04:00,45.58,45.6,45.58,45.59,11559
2017-05-31 13:10:00-04:00,45.59,45.61,45.59,45.61,3499
2017-05-31 13:15:00-04:00,45.61,45.61,45.56,45.58,6004
2017-05-31 13:20:00-04:00,45.58,45.59,45.56,45.57,9241
2017-05-31 13:25:00-04:00,45.57,45.61,45.57,45.6,6004
2017-05-31 13:30:00-04:00,45.595,45.61,45.595,45.6,7043
2017-05-31 13:35:00-04:00,45.605,45.605,45.575,45.59,15061
2017-05-31 13:40:00-04:00,45.59,45.59,45.55,45.55,16276
2017-05-31 13:45:00-04:00,45.55,45.55,45.54,45.54,4482
2017-05-31 13:50:00-04:00,45.54,45.59,45.54,45.58,7633
2017-05-31 13:55:00-04:00,45.57,45.58,45.56,45.58,6513
2017-05-31 14:00:00-04:00,45.59,45.61,45.57,45.61,17622
2017-05-31 14:05:00-04:00,45.61,45.63,45.61,45.615,3673
2017-05-31 14:10:00-04:00,45.625,45.635,45.595,45.61,6033
2017-05-31 14:15:00-04:00,45.61,45.625,45.6,45.605,6466
2017-05-31 14:20:00-04:00,45.605,45.62,45.595,45.61,19478
2017-05-31 14:25:00-04:00,45.61,45.61,45.6,45.61,3108
2017-05-31 14:30:00-04:00,45.61,45.655,45.61,45.64,5535
2017-05-31 14:35:00-04:00,45.64,45.65,45.63,45.645,22276
2017-05-31 14:40:00-04:00,45.645,45.655,45.63,45.655,27719
2017-05-31 14:45:00-04:00,45.65,45.68,45.65,45.66,7147
2017-05-31 14:50:00-04:00,45.66,45.67,45.64,45.67,12926
2017-05-31 14:55:00-04:00,45.665,45.67,45.645,45.65,4360
2017-05-31 15:00:00-04:00,45.66,45.68,45.64,45.645,8092
2017-05-31 15:05:00-04:00,45.65,45.66,45.615,45.62,15414
2017-05-31 15:10:00-04:00,45.62,45.63,45.61,45.615,8111
2017-05-31 15:15:00-04:00,45.615,45.635,45.6,45.6,12194
2017-05-31 15:20:00-04:00,45.6,45.605,45.56,45.57,9278
2017-05-31 15:25:00-04:00,45.57,45.58,45.545,45.545,18548
2017-05-31 15:30:00-04:00,45.55,45.56,45.54,45.55,6786
2017-05-31 15:35:00-04:00,45.54,45.54,45.515,45.52,22353
2017-05-31 15:40:00-04:00,45.515,45.56,45.515,45.535,26854
2017-05-31 15:45:00-04:00,45.525,45.57,45.52,45.565,32378
2017-05-31 15:50:00-04:00,45.565,45.565,45.48,45.48,33210
2017-05-31 15:55:00-04:00,45.48,45.49,45.44,45.46,65652
2017-06-01 09:30:00-04:00,45.45,45.48,45.39,45.47,7979
2017-06-01 09:35:00-04:00,45.46,45.51,45.45,45.45,12745
2017-06-01 09:40:00-04:00,45.445,45.445,45.4,45.4,9368
2017-06-01 09:45:00-04:00,45.4,45.43,45.38,45.395,10184
2017-06-01 09:50:00-04:00,45.4,45.43,45.39,45.42,15832
2017-06-01 09:55:00-04:00,45.42,45.42,45.375,45.41,15473
2017-06-01 10:00:00-04:00,45.41,45.425,45.35,45.355,11527
2017-06-01 10:05:00-04:00,45.36,45.4,45.325,45.33,16197
2017-06-01 10:10:00-04:00,45.335,45.335,45.29,45.31,17230
2017-06-01 10:15:00-04:00,45.315,45.315,45.25,45.27,7839
2017-06-01 10:20:00-04:00,45.27,45.32,45.27,45.28,9908
2017-06-01 10:25:00-04:00,45.275,45.28,45.235,45.24,13739
2017-06-01 10:30:00-04:00,45.25,45.3,45.25,45.285,6399
2017-06-01 10:35:00-04:00,45.28,45.29,45.255,45.26,8616
2017-06-01 10:40:00-04:00,45.27,45.305,45.26,45.3,6124
2017-06-01 10:45:00-04:00,45.29,45.31,45.265,45.3,6661
2017-06-01 10:50:00-04:00,45.29,45.33,45.29,45.325,5639
2017-06-01 10:55:00-04:00,45.32,45.355,45.315,45.345,4987
2017-06-01 11:00:00-04:00,45.345,45.35,45.31,45.33,9091
2017-06-01 11:05:00-04:00,45.33,45.365,45.33,45.335,5628
2017-06-01 11:10:00-04:00,45.335,45.335,45.31,45.32,4997
2017-06-01 11:15:00-04:00,45.31,45.34,45.3,45.32,6729
2017-06-01 11:20:00-04:00,45.32,45.35,45.32,45.35,12766
2017-06-01 11:25:00-04:00,45.37,45.38,45.33,45.35,8926
2017-06-01 11:30:00-04:00,45.34,45.34,45.31,45.31,10114
2017-06-01 11:35:00-04:00,45.31,45.365,45.31,45.36,8627
2017-06-01 11:40:00-04:00,45.36,45.41,45.36,45.41,4398
2017-06-01 11:45:00-04:00,45.41,45.43,45.4,45.43,6763
2017-06-01 11:50:00-04:00,45.43,45.44,45.42,45.44,4917
2017-06-01 11:55:00-04:00,45.44,45.445,45.42,45.43,6216
2017-06-01 12:00:00-04:00,45.43,45.46,45.43,45.46,6114
2017-06-01 12:05:00-04:00,45.45,45.45,45.42,45.43,4665
2017-06-01 12:10:00-04:00,45.42,45.42,45.4,45.4,4671
2017-06-01 12:15:00-04:00,45.4,45.43,45.4,45.405,9097
2017-06-01 12:20:00-04:00,45.41,45.41,45.38,45.4,9520
2017-06-01 12:25:00-04:00,45.39,45.42,45.39,45.42,6263
2017-06-01 12:30:00-04:00,45.41,45.43,45.41,45.425,5018
2017-06-01 12:35:00-04:00,45.43,45.43,45.42,45.43,4419
2017-06-01 12:40:00-04:00,45.425,45.43,45.42,45.43,5087
2017-06-01 12:45:00-04:00,45.42,45.44,45.42,45.43,6222
2017-06-01 12:50:00-04:00,45.43,45.47,45.43,45.455,6920
2017-06-01 12:55:00-04:00,45.455,45.48,45.455,45.48,5445
2017-06-01 13:00:00-04:00,45.48,45.49,45.475,45.49,5826
2017-06-01 13:05:00-04:00,45.49,45.5,45.48,45.49,5801
2017-06-01 13:10:00-04:00,45.49,45.5,45.49,45.5,5301
2017-06-01 13:15:00-04:00,45.5,45.51,45.495,45.51,3032
2017-06-01 13:20:00-04:00,45.52,45.525,45.48,45.49,4133
2017-06-01 13:25:00-04:00,45.48,45.52,45.48,45.52,3418
2017-06-01 13:30:00-04:00,45.51,45.51,45.5,45.51,4003
2017-06-01 13:35:00-04:00,45.5,45.52,45.49,45.49,4522
2017-06-01 13:40:00-04:00,45.49,45.5,45.45,45.455,5041
2017-06-01 13:45:00-04:00,45.45,45.47,45.445,45.465,4405
2017-06-01 13:50:00-04:00,45.46,45.47,45.45,45.455,4670
2017-06-01 13:55:00-04:00,45.455,45.48,45.455,45.48,5627
2017-06-01 14:00:00-04:00,45.475,45.49,45.475,45.49,3789
2017-06-01 14:05:00-04:00,45.49,45.5,45.48,45.485,3123
2017-06-01 14:10:00-04:00,45.485,45.51,45.485,45.51,5509
2017-06-01 14:15:00-04:00,45.51,45.515,45.505,45.51,5341
2017-06-01 14:20:00-04:00,45.51,45.52,45.5,45.515,5552
2017-06-01 14:25:00-04:00,45.52,45.52,45.5,45.505,4936
2017-06-01 14:30:00-04:00,45.5,45.51,45.46,45.465,5621
2017-06-01 14:35:00-04:00,45.46,45.48,45.44,45.445,6902
2017-06-01 14:40:00-04:00,45.45,45.46,45.44,45.44,32768
2017-06-01 14:45:00-04:00,45.44,45.45,45.43,45.435,7109
2017-06-01 14:50:00-04:00,45.44,45.45,45.43,45.44,7361
2017-06-01 14:55:00-04:00,45.445,45.48,45.445,45.47,7567
2017-06-01 15:00:00-04:00,45.47,45.48,45.45,45.46,7060
2017-06-01 15:05:00-04:00,45.46,45.47,45.455,45.46,4682
2017-06-01 15:10:00-04:00,45.465,45.5,45.465,45.49,7277
2017-06-01 15:15:00-04:00,45.48,45.505,45.47,45.5,5711
2017-06-01 15:20:00-04:00,45.51,45.57,45.51,45.57,7925
2017-06-01 15:25:00-04:00,45.56,45.58,45.555,45.57,11183
2017-06-01 15:30:00-04:00,45.56,45.575,45.54,45.575,10632
2017-06-01 15:35:00-04:00,45.58,45.59,45.555,45.57,10111
2017-06-01 15:40:00-04:00,45.57,45.67,45.57,45.67,20664
2017-06-01 15:45:00-04:00,45.67,45.72,45.67,45.705,23372
2017-06-01 15:50:00-04:00,45.7,45.71,45.66,45.67,33073
2017-06-01 15:55:00-04:00,45.67,45.78,45.67,45.78,47664
2017-06-05 09:30:00-04:00,45.77,45.84,45.76,45.78,3092
2017-06-05 09:35:00-04:00,45.765,45.79,45.745,45.78,4601
2017-06-05 09:40:00-04:00,45.79,45.81,45.69,45.72,5087
2017-06-05 09:45:00-04:00,45.74,45.77,45.735,45.77,3528
2017-06-05 09:50:00-04:00,45.78,45.8,45.77,45.8,6006
2017-06-05 09:55:00-04:00,45.795,45.82,45.795,45.8,4641
2017-06-05 10:00:00-04:00,45.76,45.77,45.74,45.76,4517
2017-06-05 10:05:00-04:00,45.76,45.8,45.76,45.8,5404
2017-06-05 10:10:00-04:00,45.8,45.83,45.78,45.82,4739
2017-06-05 10:15:00-04:00,45.825,45.825,45.79,45.8,3020
2017-06-05 10:20:00-04:00,45.8,45.83,45.8,45.82,3342
2017-06-05 10:25:00-04:00,45.81,45.81,45.75,45.75,4609
2017-06-05 10:30:00-04:00,45.75,45.81,45.75,45.81,8089
2017-06-05 10:35:00-04:00,45.81,45.84,45.8,45.84,5790
2017-06-05 10:40:00-04:00,45.82,45.84,45.815,45.84,2527
2017-06-05 10:45:00-04:00,45.83,45.84,45.82,45.83,5264
2017-06-05 10:50:00-04:00,45.83,45.87,45.82,45.87,9437
2017-06-05 10:55:00-04:00,45.87,45.87,45.86,45.87,2460
2017-06-05 11:00:00-04:00,45.86,45.9,45.86,45.9,5635
2017-06-05 11:05:00-04:00,45.89,45.91,45.89,45.9,9295
2017-06-05 11:10:00-04:00,45.9,45.9,45.855,45.87,3259
2017-06-05 11:15:00-04:00,45.87,45.87,45.855,45.86,2952
2017-06-05 11:20:00-04:00,45.87,45.87,45.85,45.865,2465
2017-06-05 11:25:00-04:00,45.87,45.88,45.86,45.87,2729
2017-06-05 11:30:00-04:00,45.86,45.86,45.85,45.86,2344
2017-06-05 11:35:00-04:00,45.86,45.87,45.85,45.855,4812
2017-06-05 11:40:00-04:00,45.85,45.87,45.85,45.87,2842
2017-06-05 11:45:00-04:00,45.87,45.88,45.865,45.88,2901
2017-06-05 11:50:00-04:00,45.88,45.91,45.88,45.91,7462
2017-06-05 11:55:00-04:00,45.9,45.91,45.9,45.9,9098
2017-06-05 12:00:00-04:00,45.9,45.92,45.9,45.915,4531
2017-06-05 12:05:00-04:00,45.92,45.92,45.91,45.91,7231
2017-06-05 12:10:00-04:00,45.915,45.92,45.91,45.91,1239
2017-06-05 12:15:00-04:00,45.9,45.915,45.9,45.915,5629
2017-06-05 12:20:00-04:00,45.91,45.915,45.91,45.915,724
2017-06-05 12:25:00-04:00,45.915,45.93,45.905,45.93,16510
2017-06-05 12:30:00-04:00,45.93,45.935,45.925,45.935,1816
2017-06-05 12:35:00-04:00,45.935,45.94,45.92,45.93,2177
2017-06-05 12:40:00-04:00,45.94,45.94,45.925,45.925,3569
2017-06-05 12:45:00-04:00,45.93,45.93,45.92,45.92,2657
2017-06-05 12:50:00-04:00,45.9,45.9,45.895,45.895,1006
2017-06-05 12:55:00-04:00,45.9,45.91,45.895,45.91,2226
2017-06-05 13:00:00-04:00,45.91,45.91,45.9,45.9,1505
2017-06-05 13:05:00-04:00,45.89,45.915,45.89,45.915,1815
2017-06-05 13:10:00-04:00,45.91,45.92,45.89,45.92,5422
2017-06-05 13:15:00-04:00,45.93,45.93,45.92,45.92,1240
2017-06-05 13:20:00-04:00,45.93,45.94,45.92,45.94,3203
2017-06-05 13:25:00-04:00,45.94,45.94,45.92,45.92,3956
2017-06-05 13:30:00-04:00,45.925,45.93,45.915,45.92,11634
2017-06-05 13:35:00-04:00,45.92,45.93,45.92,45.93,1200
2017-06-05 13:40:00-04:00,45.925,45.93,45.92,45.925,2024
2017-06-05 13:45:00-04:00,45.93,45.94,45.92,45.93,5708
2017-06-05 13:50:00-04:00,45.92,45.93,45.89,45.895,15722
2017-06-05 13:55:00-04:00,45.895,45.91,45.875,45.9,15295
2017-06-05 14:00:00-04:00,45.905,45.91,45.9,45.905,3351
2017-06-05 14:05:00-04:00,45.9,45.9,45.875,45.89,5702
2017-06-05 14:10:00-04:00,45.89,45.89,45.87,45.88,2223
2017-06-05 14:15:00-04:00,45.88,45.885,45.875,45.885,2629
2017-06-05 14:20:00-04:00,45.88,45.88,45.865,45.87,6157
2017-06-05 14:25:00-04:00,45.87,45.87,45.865,45.87,4425
2017-06-05 14:30:00-04:00,45.875,45.885,45.87,45.87,7101
2017-06-05 14:35:00-04:00,45.87,45.87,45.835,45.845,9408
2017-06-05 14:40:00-04:00,45.84,45.845,45.83,45.835,3403
2017-06-05 14:45:00-04:00,45.835,45.85,45.82,45.82,7263
2017-06-05 14:50:00-04:00,45.82,45.825,45.82,45.82,4440
2017-06-05 14:55:00-04:00,45.83,45.84,45.82,45.84,5742
2017-06-05 15:00:00-04:00,45.85,45.89,45.84,45.88,12413
2017-06-05 15:05:00-04:00,45.88,45.9,45.88,45.89,8176
2017-06-05 15:10:00-04:00,45.89,45.91,45.885,45.91,7680
2017-06-05 15:15:00-04:00,45.91,45.95,45.91,45.95,4863
2017-06-05 15:20:00-04:00,45.94,45.95,45.935,45.95,7191
2017-06-05 15:25:00-04:00,45.95,45.96,45.95,45.95,8411
2017-06-05 15:30:00-04:00,45.96,45.98,45.955,45.98,4057
2017-06-05 15:35:00-04:00,45.98,45.99,45.975,45.99,6250
2017-06-05 15:40:00-04:00,45.985,45.99,45.98,45.99,11232
2017-06-05 15:45:00-04:00,45.99,45.99,45.97,45.98,18781
2017-06-05 15:50:00-04:00,45.98,45.98,45.975,45.98,19945
2017-06-05 15:55:00-04:00,45.98,45.99,45.97,45.99,43790
2017-06-07 09:30:00-04:00,45.43,45.61,45.38,45.59,14903
2017-06-07 09:35:00-04:00,45.585,45.67,45.545,45.58,14886
2017-06-07 09:40:00-04:00,45.59,45.7,45.575,45.64,9217
2017-06-07 09:45:00-04:00,45.62,45.645,45.59,45.62,8261
2017-06-07 09:50:00-04:00,45.61,45.67,45.52,45.53,11107
2017-06-07 09:55:00-04:00,45.53,45.56,45.49,45.5,17743
2017-06-07 10:00:00-04:00,45.51,45.53,45.49,45.525,11786
2017-06-07 10:05:00-04:00,45.54,45.55,45.52,45.535,4616
2017-06-07 10:10:00-04:00,45.535,45.56,45.51,45.515,15965
2017-06-07 10:15:00-04:00,45.505,45.52,45.48,45.5,8991
2017-06-07 10:20:00-04:00,45.51,45.54,45.505,45.53,4350
2017-06-07 10:25:00-04:00,45.52,45.525,45.46,45.475,5131
2017-06-07 10:30:00-04:00,45.47,45.53,45.46,45.47,12630
2017-06-07 10:35:00-04:00,45.49,45.53,45.47,45.525,6296
2017-06-07 10:40:00-04:00,45.51,45.515,45.49,45.49,14108
2017-06-07 10:45:00-04:00,45.495,45.495,45.42,45.45,9276
2017-06-07 10:50:00-04:00,45.44,45.46,45.42,45.43,5597
2017-06-07 10:55:00-04:00,45.435,45.455,45.425,45.45,9847
2017-06-07 11:00:00-04:00,45.45,45.48,45.45,45.465,4362
2017-06-07 11:05:00-04:00,45.46,45.55,45.45,45.55,10606
2017-06-07 11:10:00-04:00,45.54,45.55,45.5,45.51,7254
2017-06-07 11:15:00-04:00,45.51,45.51,45.48,45.48,2540
2017-06-07 11:20:00-04:00,45.475,45.475,45.45,45.465,4514
2017-06-07 11:25:00-04:00,45.47,45.47,45.445,45.465,5589
2017-06-07 11:30:00-04:00,45.47,45.52,45.47,45.52,3941
2017-06-07 11:35:00-04:00,45.51,45.52,45.48,45.49,4271
2017-06-07 11:40:00-04:00,45.49,45.52,45.47,45.51,3606
2017-06-07 11:45:00-04:00,45.51,45.57,45.51,45.56,2672
2017-06-07 11:50:00-04:00,45.56,45.6,45.56,45.58,2985
2017-06-07 11:55:00-04:00,45.56,45.58,45.56,45.56,4408
2017-06-07 12:00:00-04:00,45.56,45.58,45.52,45.56,12642
2017-06-07 12:05:00-04:00,45.56,45.56,45.52,45.52,6004
2017-06-07 12:10:00-04:00,45.515,45.535,45.51,45.52,3448
2017-06-07 12:15:00-04:00,45.525,45.53,45.485,45.485,5802
2017-06-07 12:20:00-04:00,45.5,45.53,45.495,45.515,7332
2017-06-07 12:25:00-04:00,45.51,45.52,45.49,45.51,4203
2017-06-07 12:30:00-04:00,45.5,45.52,45.49,45.52,1972
2017-06-07 12:35:00-04:00,45.52,45.55,45.52,45.545,2617
2017-06-07 12:40:00-04:00,45.55,45.55,45.54,45.55,4656
2017-06-07 12:45:00-04:00,45.55,45.55,45.495,45.51,9539
2017-06-07 12:50:00-04:00,45.51,45.51,45.46,45.48,59888
2017-06-07 12:55:00-04:00,45.485,45.52,45.485,45.505,5500
2017-06-07 13:00:00-04:00,45.51,45.52,45.51,45.52,3802
2017-06-07 13:05:00-04:00,45.515,45.53,45.51,45.52,6154
2017-06-07 13:10:00-04:00,45.52,45.54,45.51,45.535,2701
2017-06-07 13:15:00-04:00,45.53,45.54,45.52,45.53,3830
2017-06-07 13:20:00-04:00,45.525,45.565,45.52,45.56,2955
2017-06-07 13:25:00-04:00,45.57,45.59,45.56,45.585,39075
2017-06-07 13:30:00-04:00,45.59,45.59,45.57,45.58,3512
2017-06-07 13:35:00-04:00,45.58,45.58,45.56,45.57,2957
2017-06-07 13:40:00-04:00,45.58,45.585,45.555,45.565,3164
2017-06-07 13:45:00-04:00,45.56,45.59,45.56,45.59,6652
2017-06-07 13:50:00-04:00,45.585,45.59,45.58,45.58,9237
2017-06-07 13:55:00-04:00,45.59,45.64,45.59,45.64,4895
2017-06-07 14:00:00-04:00,45.635,45.635,45.625,45.635,4128
2017-06-07 14:05:00-04:00,45.625,45.65,45.62,45.62,2121
2017-06-07 14:10:00-04:00,45.61,45.62,45.58,45.58,5407
2017-06-07 14:15:00-04:00,45.585,45.6,45.58,45.6,2815
2017-06-07 14:20:00-04:00,45.6,45.61,45.59,45.605,3664
2017-06-07 14:25:00-04:00,45.6,45.6,45.58,45.58,3193
2017-06-07 14:30:00-04:00,45.58,45.605,45.58,45.605,3646
2017-06-07 14:35:00-04:00,45.61,45.615,45.58,45.59,4847
2017-06-07 14:40:00-04:00,45.585,45.585,45.57,45.575,3704
2017-06-07 14:45:00-04:00,45.57,45.585,45.56,45.56,3911
2017-06-07 14:50:00-04:00,45.565,45.565,45.54,45.55,3015
2017-06-07 14:55:00-04:00,45.54,45.55,45.53,45.55,3666
2017-06-07 15:00:00-04:00,45.545,45.56,45.54,45.545,3906
2017-06-07 15:05:00-04:00,45.55,45.55,45.525,45.525,7853
2017-06-07 15:10:00-04:00,45.525,45.54,45.51,45.53,12029
2017-06-07 15:15:00-04:00,45.53,45.53,45.505,45.51,7632
2017-06-07 15:20:00-04:00,45.51,45.53,45.485,45.49,8999
2017-06-07 15:25:00-04:00,45.495,45.5,45.44,45.46,16429
2017-06-07 15:30:00-04:00,45.445,45.485,45.44,45.48,12333
2017-06-07 15:35:00-04:00,45.475,45.52,45.475,45.49,15039
2017-06-07 15:40:00-04:00,45.49,45.535,45.48,45.535,16036
2017-06-07 15:45:00-04:00,45.54,45.54,45.52,45.525,17055
2017-06-07 15:50:00-04:00,45.52,45.52,45.47,45.47,21970
2017-06-07 15:55:00-04:00,45.475,45.51,45.47,45.5,62129
2017-06-08 09:30:00-04:00,45.4,45.5,45.4,45.48,3184
2017-06-08 09:35:00-04:00,45.435,45.47,45.43,45.46,6528
2017-06-08 09:40:00-04:00,45.43,45.43,45.32,45.32,6118
2017-06-08 09:45:00-04:00,45.32,45.355,45.28,45.29,6986
2017-06-08 09:50:00-04:00,45.295,45.34,45.25,45.26,5665
2017-06-08 09:55:00-04:00,45.25,45.28,45.18,45.27,4368
2017-06-08 10:00:00-04:00,45.27,45.355,45.26,45.355,9666
2017-06-08 10:05:00-04:00,45.33,45.34,45.295,45.3,5358
2017-06-08 10:10:00-04:00,45.3,45.32,45.265,45.265,5980
2017-06-08 10:15:00-04:00,45.27,45.275,45.22,45.24,3411
2017-06-08 10:20:00-04:00,45.265,45.29,45.22,45.25,3953
2017-06-08 10:25:00-04:00,45.26,45.3,45.235,45.3,5667
2017-06-08 10:30:00-04:00,45.3,45.315,45.275,45.3,4708
2017-06-08 10:35:00-04:00,45.305,45.315,45.27,45.275,7489
2017-06-08 10:40:00-04:00,45.275,45.28,45.27,45.27,9065
2017-06-08 10:45:00-04:00,45.28,45.3,45.26,45.27,6085
2017-06-08 10:50:00-04:00,45.27,45.27,45.22,45.24,2215
2017-06-08 10:55:00-04:00,45.24,45.24,45.2,45.21,5905
2017-06-08 11:00:00-04:00,45.22,45.22,45.19,45.21,6356
2017-06-08 11:05:00-04:00,45.205,45.21,45.19,45.21,7089
2017-06-08 11:10:00-04:00,45.22,45.26,45.215,45.255,4181
2017-06-08 11:15:00-04:00,45.255,45.255,45.22,45.23,3921
2017-06-08 11:20:00-04:00,45.22,45.22,45.17,45.17,3621
2017-06-08 11:25:00-04:00,45.17,45.175,45.135,45.15,6074
2017-06-08 11:30:00-04:00,45.14,45.14,45.095,45.125,15426
2017-06-08 11:35:00-04:00,45.14,45.15,45.13,45.15,5941
2017-06-08 11:40:00-04:00,45.13,45.15,45.125,45.125,5448
2017-06-08 11:45:00-04:00,45.13,45.21,45.125,45.2,5605
2017-06-08 11:50:00-04:00,45.21,45.21,45.175,45.21,4800
2017-06-08 11:55:00-04:00,45.22,45.33,45.22,45.33,5624
2017-06-08 12:00:00-04:00,45.33,45.36,45.325,45.325,3234
2017-06-08 12:05:00-04:00,45.32,45.32,45.27,45.27,7180
2017-06-08 12:10:00-04:00,45.27,45.28,45.23,45.24,5536
2017-06-08 12:15:00-04:00,45.23,45.27,45.23,45.255,2894
2017-06-08 12:20:00-04:00,45.245,45.29,45.245,45.27,4271
2017-06-08 12:25:00-04:00,45.28,45.31,45.275,45.31,2410
2017-06-08 12:30:00-04:00,45.31,45.31,45.26,45.26,3366
2017-06-08 12:35:00-04:00,45.27,45.29,45.26,45.28,4597
2017-06-08 12:40:00-04:00,45.275,45.28,45.26,45.26,2413
2017-06-08 12:45:00-04:00,45.25,45.26,45.2,45.2,3189
2017-06-08 12:50:00-04:00,45.2,45.22,45.2,45.21,1805
2017-06-08 12:55:00-04:00,45.2,45.23,45.195,45.22,4025
2017-06-08 13:00:00-04:00,45.21,45.23,45.18,45.185,4064
2017-06-08 13:05:00-04:00,45.19,45.21,45.18,45.19,4404
2017-06-08 13:10:00-04:00,45.18,45.19,45.17,45.175,10456
2017-06-08 13:15:00-04:00,45.18,45.19,45.175,45.18,10180
2017-06-08 13:20:00-04:00,45.16,45.16,45.07,45.07,11442
2017-06-08 13:25:00-04:00,45.06,45.09,45.05,45.06,5796
2017-06-08 13:30:00-04:00,45.07,45.1,45.07,45.1,2842
2017-06-08 13:35:00-04:00,45.11,45.11,45.07,45.07,4969
2017-06-08 13:40:00-04:00,45.07,45.125,45.07,45.12,2740
2017-06-08 13:45:00-04:00,45.115,45.155,45.115,45.155,9263
2017-06-08 13:50:00-04:00,45.15,45.16,45.13,45.135,8160
2017-06-08 13:55:00-04:00,45.145,45.145,45.12,45.12,5245
2017-06-08 14:00:00-04:00,45.13,45.13,45.1,45.115,7681
2017-06-08 14:05:00-04:00,45.14,45.14,45.12,45.135,6740
2017-06-08 14:10:00-04:00,45.14,45.15,45.09,45.09,9618
2017-06-08 14:15:00-04:00,45.09,45.11,45.085,45.11,5733
2017-06-08 14:20:00-04:00,45.12,45.12,45.09,45.1,7096
2017-06-08 14:25:00-04:00,45.1,45.11,45.1,45.105,5466
2017-06-08 14:30:00-04:00,45.08,45.1,45.07,45.1,7044
2017-06-08 14:35:00-04:00,45.1,45.13,45.09,45.09,5145
2017-06-08 14:40:00-04:00,45.08,45.1,45.075,45.075,4294
2017-06-08 14:45:00-04:00,45.075,45.08,45.05,45.075,6453
2017-06-08 14:50:00-04:00,45.08,45.085,45.04,45.04,12084
2017-06-08 14:55:00-04:00,45.04,45.055,45.04,45.04,5393
2017-06-08 15:00:00-04:00,45.04,45.06,45.035,45.06,4084
2017-06-08 15:05:00-04:00,45.07,45.115,45.07,45.115,3891
2017-06-08 15:10:00-04:00,45.105,45.12,45.09,45.1,4409
2017-06-08 15:15:00-04:00,45.1,45.12,45.1,45.11,4028
2017-06-08 15:20:00-04:00,45.11,45.14,45.105,45.14,8056
2017-06-08 15:25:00-04:00,45.135,45.17,45.12,45.17,5338
2017-06-08 15:30:00-04:00,45.16,45.175,45.14,45.17,8449
2017-06-08 15:35:00-04:00,45.175,45.19,45.125,45.125,9201
2017-06-08 15:40:00-04:00,45.125,45.13,45.09,45.09,17419
2017-06-08 15:45:00-04:00,45.095,45.135,45.09,45.115,29894
2017-06-08 15:50:00-04:00,45.12,45.15,45.105,45.105,19583
2017-06-08 15:55:00-04:00,45.11,45.15,45.1,45.12,52475
2017-06-12 09:30:00-04:00,45.37,45.435,45.25,45.31,5488
2017-06-12 09:35:00-04:00,45.32,45.33,45.205,45.21,15040
2017-06-12 09:40:00-04:00,45.215,45.41,45.2,45.4,6452
2017-06-12 09:45:00-04:00,45.42,45.47,45.41,45.41,5000
2017-06-12 09:50:00-04:00,45.41,45.42,45.35,45.37,7120
2017-06-12 09:55:00-04:00,45.38,45.44,45.38,45.39,9146
2017-06-12 10:00:00-04:00,45.4,45.44,45.305,45.31,11597
2017-06-12 10:05:00-04:00,45.31,45.42,45.31,45.42,7963
2017-06-12 10:10:00-04:00,45.42,45.42,45.33,45.35,7999
2017-06-12 10:15:00-04:00,45.35,45.39,45.25,45.25,7917
2017-06-12 10:20:00-04:00,45.24,45.25,45.16,45.18,12313
2017-06-12 10:25:00-04:00,45.18,45.22,45.18,45.22,8028
2017-06-12 10:30:00-04:00,45.24,45.28,45.215,45.22,6250
2017-06-12 10:35:00-04:00,45.215,45.26,45.215,45.26,7094
2017-06-12 10:40:00-04:00,45.25,45.295,45.25,45.29,7039
2017-06-12 10:45:00-04:00,45.3,45.3,45.25,45.25,12534
2017-06-12 10:50:00-04:00,45.26,45.28,45.235,45.27,8054
2017-06-12 10:55:00-04:00,45.28,45.31,45.275,45.28,8630
2017-06-12 11:00:00-04:00,45.28,45.29,45.27,45.29,13608
2017-06-12 11:05:00-04:00,45.29,45.29,45.26,45.27,11442
2017-06-12 11:10:00-04:00,45.27,45.29,45.25,45.265,9738
2017-06-12 11:15:00-04:00,45.265,45.3,45.265,45.3,17790
2017-06-12 11:20:00-04:00,45.295,45.3,45.25,45.28,17077
2017-06-12 11:25:00-04:00,45.28,45.29,45.255,45.27,15665
2017-06-12 11:30:00-04:00,45.27,45.33,45.27,45.33,23066
2017-06-12 11:35:00-04:00,45.32,45.34,45.285,45.335,8631
2017-06-12 11:40:00-04:00,45.34,45.35,45.315,45.315,13224
2017-06-12 11:45:00-04:00,45.33,45.35,45.32,45.34,28343
2017-06-12 11:50:00-04:00,45.34,45.35,45.33,45.345,25356
2017-06-12 11:55:00-04:00,45.34,45.35,45.315,45.315,11793
2017-06-12 12:00:00-04:00,45.32,45.35,45.29,45.29,6621
2017-06-12 12:05:00-04:00,45.285,45.32,45.285,45.31,3901
2017-06-12 12:10:00-04:00,45.32,45.325,45.28,45.28,4267
2017-06-12 12:15:00-04:00,45.28,45.3,45.255,45.3,7550
2017-06-12 12:20:00-04:00,45.31,45.34,45.31,45.325,9802
2017-06-12 12:25:00-04:00,45.31,45.34,45.3,45.33,33279
2017-06-12 12:30:00-04:00,45.34,45.34,45.305,45.305,5240
2017-06-12 12:35:00-04:00,45.3,45.31,45.29,45.295,4138
2017-06-12 12:40:00-04:00,45.3,45.31,45.29,45.295,5361
2017-06-12 12:45:00-04:00,45.3,45.3,45.285,45.29,3891
2017-06-12 12:50:00-04:00,45.29,45.29,45.27,45.28,5562
2017-06-12 12:55:00-04:00,45.28,45.3,45.27,45.27,5419
2017-06-12 13:00:00-04:00,45.27,45.28,45.265,45.27,4335
2017-06-12 13:05:00-04:00,45.27,45.31,45.265,45.3,7324
2017-06-12 13:10:00-04:00,45.29,45.295,45.28,45.28,4449
2017-06-12 13:15:00-04:00,45.28,45.3,45.28,45.29,4910
2017-06-12 13:20:00-04:00,45.29,45.29,45.27,45.27,5466
2017-06-12 13:25:00-04:00,45.27,45.27,45.25,45.255,12381
2017-06-12 13:30:00-04:00,45.25,45.26,45.24,45.25,5964
2017-06-12 13:35:00-04:00,45.24,45.28,45.24,45.27,3206
2017-06-12 13:40:00-04:00,45.28,45.295,45.275,45.29,6106
2017-06-12 13:45:00-04:00,45.28,45.29,45.27,45.29,4706
2017-06-12 13:50:00-04:00,45.28,45.28,45.27,45.27,6625
2017-06-12 13:55:00-04:00,45.27,45.27,45.245,45.26,4505
2017-06-12 14:00:00-04:00,45.25,45.28,45.245,45.265,5392
2017-06-12 14:05:00-04:00,45.27,45.29,45.27,45.285,5793
2017-06-12 14:10:00-04:00,45.285,45.29,45.28,45.29,4937
2017-06-12 14:15:00-04:00,45.285,45.31,45.285,45.3,23049
2017-06-12 14:20:00-04:00,45.3,45.31,45.29,45.305,19888
2017-06-12 14:25:00-04:00,45.3,45.32,45.3,45.315,13403
2017-06-12 14:30:00-04:00,45.32,45.32,45.29,45.3,13524
2017-06-12 14:35:00-04:00,45.3,45.32,45.29,45.315,18311
2017-06-12 14:40:00-04:00,45.315,45.32,45.31,45.315,19036
2017-06-12 14:45:00-04:00,45.315,45.315,45.265,45.265,11926
2017-06-12 14:50:00-04:00,45.265,45.265,45.25,45.255,9666
2017-06-12 14:55:00-04:00,45.25,45.3,45.25,45.3,5539
2017-06-12 15:00:00-04:00,45.3,45.3,45.285,45.29,8370
2017-06-12 15:05:00-04:00,45.29,45.31,45.28,45.3,8217
2017-06-12 15:10:00-04:00,45.29,45.295,45.285,45.285,6514
2017-06-12 15:15:00-04:00,45.29,45.31,45.27,45.275,5967
2017-06-12 15:20:00-04:00,45.275,45.31,45.275,45.305,10010
2017-06-12 15:25:00-04:00,45.305,45.31,45.28,45.28,12211
2017-06-12 15:30:00-04:00,45.28,45.31,45.275,45.31,8919
2017-06-12 15:35:00-04:00,45.3,45.315,45.3,45.3,9289
2017-06-12 15:40:00-04:00,45.3,45.305,45.285,45.3,10315
2017-06-12 15:45:00-04:00,45.29,45.31,45.28,45.28,18431
2017-06-12 15:50:00-04:00,45.29,45.32,45.285,45.315,30078
2017-06-12 15:55:00-04:00,45.32,45.34,45.305,45.34,32638
2017-06-13 09:30:00-04:00,44.92,45.07,44.9,44.97,15472
2017-06-13 09:35:00-04:00,44.975,45.025,44.925,44.925,17061
2017-06-13 09:40:00-04:00,44.93,44.96,44.91,44.945,8610
2017-06-13 09:45:00-04:00,44.92,44.955,44.84,44.895,28829
2017-06-13 09:50:00-04:00,44.89,44.91,44.84,44.86,8737
2017-06-13 09:55:00-04:00,44.86,44.86,44.8,44.825,4809
2017-06-13 10:00:00-04:00,44.82,44.91,44.82,44.9,11748
2017-06-13 10:05:00-04:00,44.89,44.92,44.87,44.9,6100
2017-06-13 10:10:00-04:00,44.905,44.905,44.87,44.87,9420
2017-06-13 10:15:00-04:00,44.88,44.88,44.83,44.86,6282
2017-06-13 10:20:00-04:00,44.85,44.91,44.85,44.91,7300
2017-06-13 10:25:00-04:00,44.91,44.98,44.91,44.975,5505
2017-06-13 10:30:00-04:00,44.975,45.0,44.975,44.985,7698
2017-06-13 10:35:00-04:00,44.985,45.01,44.975,44.985,9818
2017-06-13 10:40:00-04:00,44.98,45.02,44.975,44.98,12257
2017-06-13 10:45:00-04:00,44.99,45.02,44.97,45.015,12137
2017-06-13 10:50:00-04:00,45.02,45.065,45.015,45.055,7643
2017-06-13 10:55:00-04:00,45.06,45.08,45.03,45.04,9421
2017-06-13 11:00:00-04:00,45.03,45.03,45.0,45.02,9158
2017-06-13 11:05:00-04:00,45.01,45.01,44.97,44.985,6077
2017-06-13 11:10:00-04:00,44.985,44.99,44.93,44.96,10599
2017-06-13 11:15:00-04:00,44.97,44.99,44.955,44.96,6478
2017-06-13 11:20:00-04:00,44.96,44.96,44.94,44.96,8100
2017-06-13 11:25:00-04:00,44.95,44.96,44.93,44.945,8808
2017-06-13 11:30:00-04:00,44.95,44.95,44.915,44.92,6322
2017-06-13 11:35:00-04:00,44.92,44.96,44.92,44.94,11543
2017-06-13 11:40:00-04:00,44.94,44.98,44.935,44.975,8451
2017-06-13 11:45:00-04:00,44.97,44.995,44.97,44.97,7598
2017-06-13 11:50:00-04:00,44.97,44.985,44.96,44.98,5805
2017-06-13 11:55:00-04:00,44.98,44.995,44.98,44.98,4167
2017-06-13 12:00:00-04:00,44.98,44.98,44.945,44.95,8001
2017-06-13 12:05:00-04:00,44.96,44.98,44.95,44.98,4593
2017-06-13 12:10:00-04:00,44.97,45.0,44.97,44.995,4565
2017-06-13 12:15:00-04:00,45.0,45.0,44.98,44.99,4336
2017-06-13 12:20:00-04:00,44.99,45.0,44.985,45.0,3600
2017-06-13 12:25:00-04:00,45.0,45.0,44.99,45.0,2256
2017-06-13 12:30:00-04:00,44.99,45.0,44.98,44.985,5513
2017-06-13 12:35:00-04:00,44.99,45.0,44.99,45.0,3580
2017-06-13 12:40:00-04:00,45.0,45.02,44.995,45.01,7484
2017-06-13 12:45:00-04:00,45.005,45.01,44.975,44.975,7734
2017-06-13 12:50:00-04:00,44.98,45.02,44.97,45.01,6240
2017-06-13 12:55:00-04:00,45.0,45.015,44.995,45.005,5899
2017-06-13 13:00:00-04:00,45.0,45.03,45.0,45.03,1833
2017-06-13 13:05:00-04:00,45.03,45.06,45.025,45.06,4263
2017-06-13 13:10:00-04:00,45.06,45.075,45.06,45.075,3204
2017-06-13 13:15:00-04:00,45.08,45.085,45.045,45.05,8662
2017-06-13 13:20:00-04:00,45.05,45.05,45.03,45.04,5117
2017-06-13 13:25:00-04:00,45.04,45.06,45.04,45.05,2254
2017-06-13 13:30:00-04:00,45.05,45.06,45.05,45.055,2100
2017-06-13 13:35:00-04:00,45.055,45.06,45.035,45.05,5996
2017-06-13 13:40:00-04:00,45.05,45.05,45.015,45.03,4027
2017-06-13 13:45:00-04:00,45.04,45.06,45.035,45.06,3812
2017-06-13 13:50:00-04:00,45.05,45.06,45.05,45.06,5201
2017-06-13 13:55:00-04:00,45.055,45.06,45.04,45.05,7521
2017-06-13 14:00:00-04:00,45.05,45.05,45.04,45.05,6121
2017-06-13 14:05:00-04:00,45.05,45.085,45.05,45.08,3394
2017-06-13 14:10:00-04:00,45.08,45.1,45.08,45.09,4197
2017-06-13 14:15:00-04:00,45.08,45.095,45.08,45.09,4893
2017-06-13 14:20:00-04:00,45.1,45.1,45.09,45.1,5162
2017-06-13 14:25:00-04:00,45.1,45.11,45.1,45.11,4403
2017-06-13 14:30:00-04:00,45.11,45.11,45.065,45.08,11398
2017-06-13 14:35:00-04:00,45.075,45.08,45.07,45.08,4960
2017-06-13 14:40:00-04:00,45.08,45.08,45.075,45.08,1936
2017-06-13 14:45:00-04:00,45.08,45.1,45.08,45.1,3840
2017-06-13 14:50:00-04:00,45.1,45.1,45.09,45.1,6979
2017-06-13 14:55:00-04:00,45.1,45.1,45.025,45.03,7297
2017-06-13 15:00:00-04:00,45.02,45.025,45.0,45.01,9383
2017-06-13 15:05:00-04:00,45.0,45.01,44.99,44.99,9106
2017-06-13 15:10:00-04:00,44.995,45.0,44.99,44.995,2273
2017-06-13 15:15:00-04:00,45.0,45.02,44.99,45.02,10364
2017-06-13 15:20:00-04:00,45.02,45.02,44.99,44.99,6209
2017-06-13 15:25:00-04:00,44.995,45.0,44.985,45.0,7609
2017-06-13 15:30:00-04:00,45.0,45.03,44.99,45.02,8715
2017-06-13 15:35:00-04:00,45.02,45.02,44.99,45.0,18330
2017-06-13 15:40:00-04:00,45.0,45.02,44.99,44.99,8711
2017-06-13 15:45:00-04:00,44.99,45.0,44.99,45.0,11682
2017-06-13 15:50:00-04:00,44.995,45.01,44.99,45.005,25668
2017-06-13 15:55:00-04:00,45.01,45.04,45.0,45.03,46820
2017-06-15 09:30:00-04:00,45.18,45.24,45.18,45.23,4324
2017-06-15 09:35:00-04:00,45.23,45.23,45.17,45.17,7179
2017-06-15 09:40:00-04:00,45.17,45.2,45.13,45.13,7692
2017-06-15 09:45:00-04:00,45.13,45.15,45.08,45.09,9075
2017-06-15 09:50:00-04:00,45.08,45.115,45.07,45.1,8344
2017-06-15 09:55:00-04:00,45.1,45.11,45.05,45.05,4820
2017-06-15 10:00:00-04:00,45.04,45.1,45.04,45.09,3663
2017-06-15 10:05:00-04:00,45.09,45.11,45.065,45.09,6516
2017-06-15 10:10:00-04:00,45.08,45.11,45.06,45.11,5026
2017-06-15 10:15:00-04:00,45.11,45.12,45.09,45.11,6293
2017-06-15 10:20:00-04:00,45.11,45.11,45.07,45.09,7611
2017-06-15 10:25:00-04:00,45.09,45.1,45.07,45.08,4026
2017-06-15 10:30:00-04:00,45.07,45.07,45.05,45.07,6178
2017-06-15 10:35:00-04:00,45.07,45.115,45.07,45.07,7481
2017-06-15 10:40:00-04:00,45.07,45.09,45.045,45.07,10553
2017-06-15 10:45:00-04:00,45.07,45.11,45.07,45.11,3803
2017-06-15 10:50:00-04:00,45.11,45.135,45.105,45.12,5725
2017-06-15 10:55:00-04:00,45.115,45.17,45.115,45.16,8872
2017-06-15 11:00:00-04:00,45.15,45.16,45.13,45.16,5644
2017-06-15 11:05:00-04:00,45.15,45.16,45.15,45.155,6175
2017-06-15 11:10:00-04:00,45.15,45.16,45.13,45.155,7815
2017-06-15 11:15:00-04:00,45.16,45.22,45.16,45.22,5958
2017-06-15 11:20:00-04:00,45.21,45.25,45.21,45.24,3348
2017-06-15 11:25:00-04:00,45.235,45.26,45.235,45.26,4749
2017-06-15 11:30:00-04:00,45.26,45.29,45.235,45.28,6381
2017-06-15 11:35:00-04:00,45.28,45.28,45.25,45.265,4508
2017-06-15 11:40:00-04:00,45.27,45.27,45.25,45.26,3650
2017-06-15 11:45:00-04:00,45.26,45.265,45.25,45.26,3795
2017-06-15 11:50:00-04:00,45.26,45.26,45.21,45.21,8355
2017-06-15 11:55:00-04:00,45.215,45.22,45.195,45.195,6846
2017-06-15 12:00:00-04:00,45.2,45.225,45.2,45.225,4192
2017-06-15 12:05:00-04:00,45.22,45.26,45.22,45.255,3401
2017-06-15 12:10:00-04:00,45.255,45.255,45.24,45.25,3670
2017-06-15 12:15:00-04:00,45.25,45.27,45.25,45.25,1000
2017-06-15 12:20:00-04:00,45.25,45.26,45.245,45.25,5101
2017-06-15 12:25:00-04:00,45.26,45.27,45.25,45.26,2107
2017-06-15 12:30:00-04:00,45.26,45.26,45.235,45.24,2772
2017-06-15 12:35:00-04:00,45.24,45.25,45.21,45.22,5381
2017-06-15 12:40:00-04:00,45.22,45.22,45.19,45.2,3462
2017-06-15 12:45:00-04:00,45.19,45.2,45.175,45.19,3208
2017-06-15 12:50:00-04:00,45.18,45.18,45.17,45.175,3689
2017-06-15 12:55:00-04:00,45.18,45.2,45.17,45.18,3320
2017-06-15 13:00:00-04:00,45.18,45.21,45.18,45.205,3111
2017-06-15 13:05:00-04:00,45.2,45.225,45.2,45.21,3828
2017-06-15 13:10:00-04:00,45.215,45.23,45.21,45.21,4934
2017-06-15 13:15:00-04:00,45.21,45.22,45.2,45.21,3962
2017-06-15 13:20:00-04:00,45.22,45.23,45.21,45.225,11114
2017-06-15 13:25:00-04:00,45.225,45.25,45.22,45.23,10514
2017-06-15 13:30:00-04:00,45.235,45.24,45.225,45.24,2536
2017-06-15 13:35:00-04:00,45.24,45.26,45.24,45.26,3657
2017-06-15 13:40:00-04:00,45.26,45.26,45.24,45.25,5564
2017-06-15 13:45:00-04:00,45.245,45.25,45.22,45.235,3969
2017-06-15 13:50:00-04:00,45.24,45.24,45.235,45.24,3784
2017-06-15 13:55:00-04:00,45.24,45.24,45.22,45.22,4854
2017-06-15 14:00:00-04:00,45.22,45.24,45.21,45.235,4484
2017-06-15 14:05:00-04:00,45.24,45.26,45.24,45.25,7387
2017-06-15 14:10:00-04:00,45.25,45.28,45.25,45.28,2875
2017-06-15 14:15:00-04:00,45.28,45.28,45.27,45.27,4438
2017-06-15 14:20:00-04:00,45.27,45.29,45.27,45.29,2523
2017-06-15 14:25:00-04:00,45.285,45.3,45.285,45.29,3916
2017-06-15 14:30:00-04:00,45.29,45.29,45.28,45.28,1803
2017-06-15 14:35:00-04:00,45.28,45.295,45.27,45.295,5841
2017-06-15 14:40:00-04:00,45.3,45.31,45.28,45.28,6480
2017-06-15 14:45:00-04:00,45.285,45.33,45.285,45.32,4396
2017-06-15 14:50:00-04:00,45.325,45.33,45.31,45.315,6502
2017-06-15 14:55:00-04:00,45.32,45.32,45.31,45.32,3572
2017-06-15 15:00:00-04:00,45.32,45.33,45.3,45.32,7771
2017-06-15 15:05:00-04:00,45.33,45.335,45.32,45.33,4523
2017-06-15 15:10:00-04:00,45.33,45.335,45.31,45.315,4930
2017-06-15 15:15:00-04:00,45.31,45.32,45.28,45.285,15044
2017-06-15 15:20:00-04:00,45.285,45.3,45.28,45.3,20620
2017-06-15 15:25:00-04:00,45.3,45.31,45.3,45.305,16313
2017-06-15 15:30:00-04:00,45.305,45.31,45.29,45.295,24443
2017-06-15 15:35:00-04:00,45.295,45.3,45.27,45.275,16854
2017-06-15 15:40:00-04:00,45.275,45.3,45.275,45.28,51654
2017-06-15 15:45:00-04:00,45.28,45.29,45.24,45.24,26807
2017-06-15 15:50:00-04:00,45.245,45.245,45.22,45.22,46453
2017-06-15 15:55:00-04:00,45.22,45.26,45.215,45.26,164411
2017-06-16 09:30:00-04:00,45.3,45.35,45.28,45.33,7605
2017-06-16 09:35:00-04:00,45.325,45.335,45.23,45.235,4700
2017-06-16 09:40:00-04:00,45.21,45.27,45.19,45.24,4356
2017-06-16 09:45:00-04:00,45.19,45.21,45.16,45.175,5325
2017-06-16 09:50:00-04:00,45.195,45.195,45.07,45.07,7985
2017-06-16 09:55:00-04:00,45.065,45.13,45.055,45.13,10991
2017-06-16 10:00:00-04:00,45.1,45.13,45.08,45.13,3152
2017-06-16 10:05:00-04:00,45.125,45.17,45.121,45.165,8029
2017-06-16 10:10:00-04:00,45.17,45.26,45.17,45.26,3935
2017-06-16 10:15:00-04:00,45.27,45.27,45.225,45.235,8661
2017-06-16 10:20:00-04:00,45.235,45.24,45.165,45.17,7076
2017-06-16 10:25:00-04:00,45.18,45.19,45.16,45.185,5749
2017-06-16 10:30:00-04:00,45.185,45.21,45.14,45.14,20262
2017-06-16 10:35:00-04:00,45.135,45.14,45.055,45.06,9782
2017-06-16 10:40:00-04:00,45.06,45.065,45.02,45.04,36348
2017-06-16 10:45:00-04:00,45.035,45.065,45.02,45.055,8383
2017-06-16 10:50:00-04:00,45.06,45.08,45.045,45.075,12360
2017-06-16 10:55:00-04:00,45.08,45.1,45.05,45.1,16817
2017-06-16 11:00:00-04:00,45.095,45.19,45.095,45.19,9640
2017-06-16 11:05:00-04:00,45.195,45.205,45.18,45.2,4862
2017-06-16 11:10:00-04:00,45.21,45.3,45.21,45.29,5978
2017-06-16 11:15:00-04:00,45.295,45.3,45.27,45.27,5424
2017-06-16 11:20:00-04:00,45.27,45.27,45.2,45.21,2938
2017-06-16 11:25:00-04:00,45.215,45.23,45.2,45.2,3761
2017-06-16 11:30:00-04:00,45.21,45.22,45.21,45.21,1590
2017-06-16 11:35:00-04:00,45.21,45.22,45.15,45.16,8295
2017-06-16 11:40:00-04:00,45.16,45.22,45.15,45.2,5190
2017-06-16 11:45:00-04:00,45.2,45.21,45.185,45.205,5793
2017-06-16 11:50:00-04:00,45.21,45.21,45.18,45.2,4730
2017-06-16 11:55:00-04:00,45.2,45.2,45.165,45.18,6528
2017-06-16 12:00:00-04:00,45.19,45.19,45.165,45.19,2420
2017-06-16 12:05:00-04:00,45.19,45.19,45.16,45.16,7982
2017-06-16 12:10:00-04:00,45.165,45.17,45.14,45.14,6779
2017-06-16 12:15:00-04:00,45.145,45.19,45.145,45.185,6996
2017-06-16 12:20:00-04:00,45.18,45.185,45.165,45.165,3094
2017-06-16 12:25:00-04:00,45.165,45.18,45.16,45.17,4915
2017-06-16 12:30:00-04:00,45.18,45.18,45.16,45.165,3498
2017-06-16 12:35:00-04:00,45.16,45.16,45.14,45.14,3916
2017-06-16 12:40:00-04:00,45.145,45.15,45.14,45.14,5866
2017-06-16 12:45:00-04:00,45.14,45.17,45.14,45.16,6506
2017-06-16 12:50:00-04:00,45.165,45.19,45.16,45.18,5504
2017-06-16 12:55:00-04:00,45.18,45.2,45.175,45.175,13811
2017-06-16 13:00:00-04:00,45.18,45.185,45.175,45.185,7849
2017-06-16 13:05:00-04:00,45.19,45.19,45.17,45.175,5393
2017-06-16 13:10:00-04:00,45.17,45.18,45.17,45.175,3906
2017-06-16 13:15:00-04:00,45.18,45.18,45.15,45.15,7856
2017-06-16 13:20:00-04:00,45.15,45.16,45.15,45.155,3305
2017-06-16 13:25:00-04:00,45.15,45.16,45.105,45.11,5348
2017-06-16 13:30:00-04:00,45.105,45.11,45.06,45.06,9813
2017-06-16 13:35:00-04:00,45.055,45.105,45.055,45.105,6526
2017-06-16 13:40:00-04:00,45.1,45.15,45.1,45.135,6037
2017-06-16 13:45:00-04:00,45.125,45.15,45.125,45.145,3029
2017-06-16 13:50:00-04:00,45.15,45.15,45.09,45.105,6732
2017-06-16 13:55:00-04:00,45.105,45.14,45.105,45.14,4055
2017-06-16 14:00:00-04:00,45.14,45.16,45.14,45.15,3042
2017-06-16 14:05:00-04:00,45.15,45.2,45.15,45.2,6130
2017-06-16 14:10:00-04:00,45.2,45.2,45.18,45.19,3886
2017-06-16 14:15:00-04:00,45.19,45.19,45.16,45.17,2088
2017-06-16 14:20:00-04:00,45.16,45.18,45.16,45.18,5217
2017-06-16 14:25:00-04:00,45.18,45.2,45.15,45.15,4322
2017-06-16 14:30:00-04:00,45.15,45.17,45.15,45.16,2746
2017-06-16 14:35:00-04:00,45.19,45.195,45.16,45.165,4158
2017-06-16 14:40:00-04:00,45.17,45.17,45.14,45.16,5319
2017-06-16 14:45:00-04:00,45.16,45.16,45.15,45.16,3717
2017-06-16 14:50:00-04:00,45.16,45.21,45.15,45.21,4984
2017-06-16 14:55:00-04:00,45.205,45.23,45.19,45.23,3996
2017-06-16 15:00:00-04:00,45.23,45.25,45.22,45.23,6743
2017-06-16 15:05:00-04:00,45.22,45.24,45.22,45.24,4462
2017-06-16 15:10:00-04:00,45.24,45.24,45.2,45.21,6489
2017-06-16 15:15:00-04:00,45.21,45.21,45.16,45.16,6996
2017-06-16 15:20:00-04:00,45.155,45.17,45.15,45.165,5408
2017-06-16 15:25:00-04:00,45.165,45.18,45.16,45.18,5641
2017-06-16 15:30:00-04:00,45.18,45.185,45.155,45.16,10827
2017-06-16 15:35:00-04:00,45.16,45.165,45.15,45.16,12112
2017-06-16 15:40:00-04:00,45.16,45.18,45.15,45.18,13836
2017-06-16 15:45:00-04:00,45.175,45.21,45.17,45.21,17291
2017-06-16 15:50:00-04:00,45.21,45.27,45.205,45.265,23420
2017-06-16 15:55:00-04:00,45.29,45.35,45.27,45.32,121019
2017-06-20 09:30:00-04:00,45.34,45.41,45.32,45.37,4763
2017-06-20 09:35:00-04:00,45.37,45.49,45.37,45.49,1752
2017-06-20 09:40:00-04:00,45.485,45.49,45.455,45.465,3960
2017-06-20 09:45:00-04:00,45.47,45.49,45.445,45.46,5117
2017-06-20 09:50:00-04:00,45.46,45.49,45.45,45.49,3336
2017-06-20 09:55:00-04:00,45.49,45.54,45.49,45.53,17064
2017-06-20 10:00:00-04:00,45.53,45.53,45.45,45.45,11134
2017-06-20 10:05:00-04:00,45.45,45.495,45.45,45.495,5299
2017-06-20 10:10:00-04:00,45.5,45.54,45.49,45.535,4772
2017-06-20 10:15:00-04:00,45.54,45.54,45.505,45.53,3461
2017-06-20 10:20:00-04:00,45.525,45.54,45.485,45.485,5126
2017-06-20 10:25:00-04:00,45.5,45.51,45.49,45.5,3405
2017-06-20 10:30:00-04:00,45.5,45.51,45.49,45.5,4701
2017-06-20 10:35:00-04:00,45.505,45.54,45.5,45.53,6708
2017-06-20 10:40:00-04:00,45.54,45.54,45.52,45.54,6694
2017-06-20 10:45:00-04:00,45.53,45.6,45.53,45.6,9000
2017-06-20 10:50:00-04:00,45.6,45.695,45.6,45.685,15370
2017-06-20 10:55:00-04:00,45.68,45.685,45.63,45.655,11504
2017-06-20 11:00:00-04:00,45.66,45.74,45.65,45.73,10014
2017-06-20 11:05:00-04:00,45.73,45.8,45.705,45.79,12754
2017-06-20 11:10:00-04:00,45.78,45.82,45.78,45.815,54981
2017-06-20 11:15:00-04:00,45.815,45.865,45.78,45.78,27786
2017-06-20 11:20:00-04:00,45.785,45.785,45.74,45.755,44701
2017-06-20 11:25:00-04:00,45.755,45.81,45.75,45.81,9907
2017-06-20 11:30:00-04:00,45.8,45.82,45.79,45.82,8221
2017-06-20 11:35:00-04:00,45.81,45.83,45.8,45.81,5381
2017-06-20 11:40:00-04:00,45.81,45.82,45.76,45.785,7473
2017-06-20 11:45:00-04:00,45.79,45.83,45.77,45.82,8887
2017-06-20 11:50:00-04:00,45.83,45.84,45.77,45.77,15734
2017-06-20 11:55:00-04:00,45.77,45.77,45.7,45.71,5177
2017-06-20 12:00:00-04:00,45.715,45.735,45.71,45.72,5928
2017-06-20 12:05:00-04:00,45.725,45.77,45.725,45.745,10022
2017-06-20 12:10:00-04:00,45.745,45.75,45.74,45.74,3892
2017-06-20 12:15:00-04:00,45.75,45.77,45.74,45.765,1840
2017-06-20 12:20:00-04:00,45.76,45.76,45.72,45.72,1666
2017-06-20 12:25:00-04:00,45.72,45.72,45.7,45.715,4112
2017-06-20 12:30:00-04:00,45.71,45.735,45.71,45.725,6644
2017-06-20 12:35:00-04:00,45.73,45.76,45.73,45.73,5045
2017-06-20 12:40:00-04:00,45.73,45.765,45.73,45.76,5571
2017-06-20 12:45:00-04:00,45.765,45.765,45.74,45.75,5201
2017-06-20 12:50:00-04:00,45.76,45.775,45.75,45.775,2234
2017-06-20 12:55:00-04:00,45.775,45.8,45.775,45.79,3876
2017-06-20 13:00:00-04:00,45.79,45.81,45.78,45.8,2819
2017-06-20 13:05:00-04:00,45.78,45.785,45.77,45.78,4839
2017-06-20 13:10:00-04:00,45.78,45.79,45.77,45.77,2109
2017-06-20 13:15:00-04:00,45.77,45.8,45.75,45.8,4140
2017-06-20 13:20:00-04:00,45.81,45.82,45.79,45.815,3704
2017-06-20 13:25:00-04:00,45.81,45.81,45.79,45.79,8455
2017-06-20 13:30:00-04:00,45.79,45.805,45.79,45.8,8076
2017-06-20 13:35:00-04:00,45.8,45.81,45.8,45.8,7121
2017-06-20 13:40:00-04:00,45.8,45.81,45.78,45.78,8967
2017-06-20 13:45:00-04:00,45.78,45.79,45.78,45.785,5497
2017-06-20 13:50:00-04:00,45.785,45.79,45.78,45.785,2908
2017-06-20 13:55:00-04:00,45.785,45.79,45.76,45.78,5566
2017-06-20 14:00:00-04:00,45.77,45.78,45.76,45.76,4443
2017-06-20 14:05:00-04:00,45.76,45.77,45.76,45.765,26129
2017-06-20 14:10:00-04:00,45.765,45.77,45.72,45.721,16188
2017-06-20 14:15:00-04:00,45.725,45.74,45.705,45.715,17176
2017-06-20 14:20:00-04:00,45.715,45.74,45.715,45.725,11788
2017-06-20 14:25:00-04:00,45.72,45.73,45.72,45.725,41986
2017-06-20 14:30:00-04:00,45.71,45.73,45.7,45.7,3589
2017-06-20 14:35:00-04:00,45.705,45.73,45.7,45.73,15439
2017-06-20 14:40:00-04:00,45.725,45.73,45.71,45.715,11357
2017-06-20 14:45:00-04:00,45.715,45.72,45.71,45.71,14310
2017-06-20 14:50:00-04:00,45.715,45.725,45.71,45.72,11426
2017-06-20 14:55:00-04:00,45.725,45.75,45.72,45.75,16419
2017-06-20 15:00:00-04:00,45.75,45.78,45.74,45.74,24597
2017-06-20 15:05:00-04:00,45.74,45.75,45.7,45.71,18244
2017-06-20 15:10:00-04:00,45.71,45.785,45.705,45.77,26129
2017-06-20 15:15:00-04:00,45.765,45.77,45.74,45.74,27623
2017-06-20 15:20:00-04:00,45.745,45.745,45.72,45.72,4917
2017-06-20 15:25:00-04:00,45.73,45.73,45.685,45.685,15308
2017-06-20 15:30:00-04:00,45.68,45.705,45.67,45.69,12776
2017-06-20 15:35:00-04:00,45.695,45.72,45.685,45.705,17674
2017-06-20 15:40:00-04:00,45.7,45.7,45.655,45.66,20637
2017-06-20 15:45:00-04:00,45.65,45.65,45.61,45.61,35933
2017-06-20 15:50:00-04:00,45.615,45.625,45.61,45.61,29365
2017-06-20 15:55:00-04:00,45.61,45.62,45.6,45.62,58029
2017-06-21 09:30:00-04:00,45.57,45.67,45.55,45.635,7046
2017-06-21 09:35:00-04:00,45.64,45.66,45.62,45.63,3861
2017-06-21 09:40:00-04:00,45.62,45.62,45.53,45.53,6210
2017-06-21 09:45:00-04:00,45.53,45.54,45.42,45.46,13937
2017-06-21 09:50:00-04:00,45.455,45.54,45.45,45.47,14084
2017-06-21 09:55:00-04:00,45.47,45.48,45.44,45.44,15329
2017-06-21 10:00:00-04:00,45.45,45.46,45.4,45.4,6472
2017-06-21 10:05:00-04:00,45.4,45.405,45.36,45.36,3877
2017-06-21 10:10:00-04:00,45.365,45.38,45.34,45.38,4625
2017-06-21 10:15:00-04:00,45.39,45.41,45.37,45.37,3928
2017-06-21 10:20:00-04:00,45.37,45.37,45.33,45.35,5949
2017-06-21 10:25:00-04:00,45.35,45.39,45.35,45.39,4100
2017-06-21 10:30:00-04:00,45.37,45.43,45.345,45.41,6702
2017-06-21 10:35:00-04:00,45.415,45.42,45.38,45.39,8353
2017-06-21 10:40:00-04:00,45.39,45.445,45.39,45.425,7582
2017-06-21 10:45:00-04:00,45.42,45.43,45.4,45.405,8992
2017-06-21 10:50:00-04:00,45.4,45.41,45.335,45.335,1743
2017-06-21 10:55:00-04:00,45.335,45.395,45.335,45.37,8987
2017-06-21 11:00:00-04:00,45.36,45.37,45.33,45.34,6668
2017-06-21 11:05:00-04:00,45.345,45.35,45.32,45.32,2649
2017-06-21 11:10:00-04:00,45.32,45.325,45.255,45.26,8124
2017-06-21 11:15:00-04:00,45.245,45.27,45.235,45.26,4344
2017-06-21 11:20:00-04:00,45.26,45.27,45.21,45.22,8338
2017-06-21 11:25:00-04:00,45.2,45.21,45.165,45.19,7389
2017-06-21 11:30:00-04:00,45.19,45.21,45.17,45.2,8764
2017-06-21 11:35:00-04:00,45.18,45.23,45.175,45.225,6486
2017-06-21 11:40:00-04:00,45.22,45.26,45.215,45.26,5039
2017-06-21 11:45:00-04:00,45.27,45.275,45.255,45.255,3391
2017-06-21 11:50:00-04:00,45.255,45.255,45.25,45.25,3839
2017-06-21 11:55:00-04:00,45.255,45.255,45.24,45.25,3439
2017-06-21 12:00:00-04:00,45.26,45.26,45.245,45.245,1455
2017-06-21 12:05:00-04:00,45.25,45.29,45.25,45.29,4300
2017-06-21 12:10:00-04:00,45.285,45.285,45.26,45.26,1304
2017-06-21 12:15:00-04:00,45.265,45.295,45.265,45.29,5606
2017-06-21 12:20:00-04:00,45.29,45.29,45.27,45.28,2323
2017-06-21 12:25:00-04:00,45.28,45.3,45.27,45.29,3856
2017-06-21 12:30:00-04:00,45.28,45.33,45.28,45.33,3903
2017-06-21 12:35:00-04:00,45.33,45.33,45.3,45.33,2300
2017-06-21 12:40:00-04:00,45.32,45.32,45.305,45.31,7200
2017-06-21 12:45:00-04:00,45.31,45.31,45.3,45.3,2722
2017-06-21 12:50:00-04:00,45.3,45.31,45.29,45.29,9818
2017-06-21 12:55:00-04:00,45.28,45.3,45.28,45.29,4508
2017-06-21 13:00:00-04:00,45.29,45.31,45.27,45.285,8298
2017-06-21 13:05:00-04:00,45.28,45.29,45.27,45.29,1909
2017-06-21 13:10:00-04:00,45.28,45.29,45.26,45.27,5362
2017-06-21 13:15:00-04:00,45.27,45.27,45.25,45.26,6663
2017-06-21 13:20:00-04:00,45.26,45.31,45.26,45.29,3002
2017-06-21 13:25:00-04:00,45.285,45.285,45.25,45.25,2400
2017-06-21 13:30:00-04:00,45.26,45.29,45.26,45.28,3196
2017-06-21 13:35:00-04:00,45.28,45.29,45.265,45.265,1708
2017-06-21 13:40:00-04:00,45.265,45.27,45.24,45.25,2357
2017-06-21 13:45:00-04:00,45.25,45.26,45.215,45.22,2329
2017-06-21 13:50:00-04:00,45.23,45.25,45.22,45.23,2569
2017-06-21 13:55:00-04:00,45.225,45.24,45.215,45.24,5079
2017-06-21 14:00:00-04:00,45.23,45.25,45.23,45.23,2038
2017-06-21 14:05:00-04:00,45.24,45.25,45.235,45.24,3381
2017-06-21 14:10:00-04:00,45.235,45.28,45.23,45.27,4724
2017-06-21 14:15:00-04:00,45.28,45.28,45.275,45.275,1200
2017-06-21 14:20:00-04:00,45.27,45.28,45.26,45.26,3836
2017-06-21 14:25:00-04:00,45.26,45.26,45.23,45.23,3187
2017-06-21 14:30:00-04:00,45.22,45.245,45.215,45.245,4901
2017-06-21 14:35:00-04:00,45.25,45.28,45.25,45.28,2953
2017-06-21 14:40:00-04:00,45.28,45.285,45.265,45.27,1704
2017-06-21 14:45:00-04:00,45.275,45.29,45.265,45.285,2505
2017-06-21 14:50:00-04:00,45.29,45.31,45.29,45.295,11684
2017-06-21 14:55:00-04:00,45.3,45.31,45.29,45.29,8009
2017-06-21 15:00:00-04:00,45.28,45.29,45.27,45.275,4434
2017-06-21 15:05:00-04:00,45.27,45.28,45.25,45.265,9522
2017-06-21 15:10:00-04:00,45.27,45.28,45.27,45.27,8502
2017-06-21 15:15:00-04:00,45.265,45.29,45.26,45.27,7211
2017-06-21 15:20:00-04:00,45.275,45.28,45.25,45.25,7479
2017-06-21 15:25:00-04:00,45.24,45.24,45.23,45.23,4643
2017-06-21 15:30:00-04:00,45.24,45.255,45.22,45.22,7604
2017-06-21 15:35:00-04:00,45.22,45.24,45.215,45.215,8517
2017-06-21 15:40:00-04:00,45.215,45.25,45.215,45.25,12552
2017-06-21 15:45:00-04:00,45.24,45.27,45.24,45.26,13176
2017-06-21 15:50:00-04:00,45.26,45.26,45.24,45.245,16410
2017-06-21 15:55:00-04:00,45.24,45.25,45.215,45.23,91921
2017-06-22 09:30:00-04:00,45.18,45.24,45.14,45.16,13493
2017-06-22 09:35:00-04:00,45.17,45.18,45.1,45.15,14456
2017-06-22 09:40:00-04:00,45.14,45.18,45.105,45.105,6436
2017-06-22 09:45:00-04:00,45.105,45.13,45.09,45.13,18078
2017-06-22 09:50:00-04:00,45.15,45.22,45.14,45.22,9420
2017-06-22 09:55:00-04:00,45.225,45.275,45.195,45.21,9206
2017-06-22 10:00:00-04:00,45.22,45.23,45.19,45.23,7835
2017-06-22 10:05:00-04:00,45.225,45.24,45.195,45.215,5923
2017-06-22 10:10:00-04:00,45.21,45.21,45.175,45.2,54626
2017-06-22 10:15:00-04:00,45.18,45.18,45.11,45.12,8494
2017-06-22 10:20:00-04:00,45.12,45.14,45.085,45.14,4925
2017-06-22 10:25:00-04:00,45.13,45.13,45.115,45.115,5018
2017-06-22 10:30:00-04:00,45.12,45.14,45.11,45.13,4689
2017-06-22 10:35:00-04:00,45.125,45.15,45.125,45.145,4511
2017-06-22 10:40:00-04:00,45.15,45.17,45.15,45.17,2271
2017-06-22 10:45:00-04:00,45.17,45.18,45.15,45.16,1954
2017-06-22 10:50:00-04:00,45.15,45.15,45.095,45.1,6726
2017-06-22 10:55:00-04:00,45.11,45.12,45.11,45.115,1611
2017-06-22 11:00:00-04:00,45.12,45.15,45.11,45.14,2371
2017-06-22 11:05:00-04:00,45.13,45.16,45.13,45.15,3300
2017-06-22 11:10:00-04:00,45.15,45.18,45.15,45.17,3044
2017-06-22 11:15:00-04:00,45.14,45.16,45.125,45.16,5530
2017-06-22 11:20:00-04:00,45.16,45.21,45.16,45.19,3550
2017-06-22 11:25:00-04:00,45.185,45.24,45.185,45.22,5881
2017-06-22 11:30:00-04:00,45.235,45.235,45.18,45.19,4334
2017-06-22 11:35:00-04:00,45.19,45.21,45.185,45.19,2514
2017-06-22 11:40:00-04:00,45.185,45.21,45.185,45.21,4946
2017-06-22 11:45:00-04:00,45.205,45.205,45.17,45.17,4576
2017-06-22 11:50:00-04:00,45.17,45.21,45.17,45.21,3791
2017-06-22 11:55:00-04:00,45.21,45.23,45.2,45.225,10109
2017-06-22 12:00:00-04:00,45.22,45.22,45.17,45.17,3402
2017-06-22 12:05:00-04:00,45.17,45.17,45.125,45.13,2154
2017-06-22 12:10:00-04:00,45.115,45.15,45.115,45.15,3325
2017-06-22 12:15:00-04:00,45.145,45.15,45.135,45.14,4224
2017-06-22 12:20:00-04:00,45.14,45.165,45.135,45.165,2240
2017-06-22 12:25:00-04:00,45.16,45.185,45.155,45.18,1417
2017-06-22 12:30:00-04:00,45.17,45.19,45.165,45.19,1875
2017-06-22 12:35:00-04:00,45.2,45.2,45.18,45.185,2421
2017-06-22 12:40:00-04:00,45.185,45.185,45.16,45.165,1660
2017-06-22 12:45:00-04:00,45.165,45.2,45.16,45.185,3500
2017-06-22 12:50:00-04:00,45.2,45.2,45.175,45.185,1931
2017-06-22 12:55:00-04:00,45.19,45.19,45.16,45.16,4168
2017-06-22 13:00:00-04:00,45.16,45.195,45.16,45.195,900
2017-06-22 13:05:00-04:00,45.185,45.2,45.18,45.185,1015
2017-06-22 13:10:00-04:00,45.185,45.19,45.165,45.19,1364
2017-06-22 13:15:00-04:00,45.215,45.23,45.21,45.225,4926
2017-06-22 13:20:00-04:00,45.22,45.22,45.175,45.18,2936
2017-06-22 13:25:00-04:00,45.18,45.18,45.165,45.165,2817
2017-06-22 13:30:00-04:00,45.16,45.17,45.16,45.165,2111
2017-06-22 13:35:00-04:00,45.17,45.185,45.16,45.165,4771
2017-06-22 13:40:00-04:00,45.165,45.185,45.165,45.165,4028
2017-06-22 13:45:00-04:00,45.17,45.19,45.165,45.19,6007
2017-06-22 13:50:00-04:00,45.185,45.185,45.165,45.17,5317
2017-06-22 13:55:00-04:00,45.17,45.18,45.16,45.16,5640
2017-06-22 14:00:00-04:00,45.165,45.18,45.16,45.18,4371
2017-06-22 14:05:00-04:00,45.175,45.21,45.175,45.19,3615
2017-06-22 14:10:00-04:00,45.18,45.18,45.16,45.165,1767
2017-06-22 14:15:00-04:00,45.17,45.17,45.15,45.16,6911
2017-06-22 14:20:00-04:00,45.16,45.16,45.15,45.16,3501
2017-06-22 14:25:00-04:00,45.16,45.17,45.145,45.16,5620
2017-06-22 14:30:00-04:00,45.15,45.16,45.145,45.155,5752
2017-06-22 14:35:00-04:00,45.16,45.165,45.155,45.165,5934
2017-06-22 14:40:00-04:00,45.165,45.17,45.15,45.15,1502
2017-06-22 14:45:00-04:00,45.16,45.16,45.15,45.155,4303
2017-06-22 14:50:00-04:00,45.16,45.16,45.15,45.155,4370
2017-06-22 14:55:00-04:00,45.15,45.16,45.14,45.14,3930
2017-06-22 15:00:00-04:00,45.15,45.15,45.14,45.15,6621
2017-06-22 15:05:00-04:00,45.15,45.15,45.14,45.15,10300
2017-06-22 15:10:00-04:00,45.15,45.17,45.145,45.17,8658
2017-06-22 15:15:00-04:00,45.175,45.18,45.17,45.18,7640
2017-06-22 15:20:00-04:00,45.18,45.19,45.18,45.185,8033
2017-06-22 15:25:00-04:00,45.185,45.19,45.185,45.185,5075
2017-06-22 15:30:00-04:00,45.19,45.2,45.135,45.14,9473
2017-06-22 15:35:00-04:00,45.145,45.15,45.12,45.12,5646
2017-06-22 15:40:00-04:00,45.12,45.13,45.1,45.1,11913
2017-06-22 15:45:00-04:00,45.1,45.11,45.07,45.07,8932
2017-06-22 15:50:00-04:00,45.06,45.07,45.05,45.05,15102
2017-06-22 15:55:00-04:00,45.05,45.07,45.03,45.06,42580
2017-06-23 09:30:00-04:00,45.065,45.12,45.04,45.08,4527
2017-06-23 09:35:00-04:00,45.08,45.18,45.08,45.17,4214
2017-06-23 09:40:00-04:00,45.19,45.22,45.18,45.19,1584
2017-06-23 09:45:00-04:00,45.16,45.2,45.16,45.16,2251
2017-06-23 09:50:00-04:00,45.16,45.21,45.15,45.19,2523
2017-06-23 09:55:00-04:00,45.21,45.28,45.21,45.28,1907
2017-06-23 10:00:00-04:00,45.29,45.29,45.26,45.28,1622
2017-06-23 10:05:00-04:00,45.28,45.28,45.235,45.245,6228
2017-06-23 10:10:00-04:00,45.245,45.25,45.22,45.22,10051
2017-06-23 10:15:00-04:00,45.22,45.26,45.22,45.26,3673
2017-06-23 10:20:00-04:00,45.265,45.29,45.26,45.29,2508
2017-06-23 10:25:00-04:00,45.29,45.3,45.25,45.275,4069
2017-06-23 10:30:00-04:00,45.26,45.295,45.25,45.295,2139
2017-06-23 10:35:00-04:00,45.3,45.315,45.29,45.295,12211
2017-06-23 10:40:00-04:00,45.29,45.325,45.29,45.325,9316
2017-06-23 10:45:00-04:00,45.33,45.33,45.31,45.32,3791
2017-06-23 10:50:00-04:00,45.33,45.33,45.31,45.325,7868
2017-06-23 10:55:00-04:00,45.33,45.33,45.29,45.3,5514
2017-06-23 11:00:00-04:00,45.29,45.29,45.265,45.275,11311
2017-06-23 11:05:00-04:00,45.28,45.29,45.255,45.265,6202
2017-06-23 11:10:00-04:00,45.26,45.26,45.25,45.25,10415
2017-06-23 11:15:00-04:00,45.255,45.27,45.25,45.265,10390
2017-06-23 11:20:00-04:00,45.265,45.29,45.265,45.285,10897
2017-06-23 11:25:00-04:00,45.285,45.31,45.28,45.31,4302
2017-06-23 11:30:00-04:00,45.31,45.32,45.285,45.295,4306
2017-06-23 11:35:00-04:00,45.295,45.3,45.28,45.3,4544
2017-06-23 11:40:00-04:00,45.3,45.33,45.295,45.33,3043
2017-06-23 11:45:00-04:00,45.325,45.33,45.31,45.31,3643
2017-06-23 11:50:00-04:00,45.31,45.32,45.3,45.3,1673
2017-06-23 11:55:00-04:00,45.29,45.3,45.28,45.3,2360
2017-06-23 12:00:00-04:00,45.3,45.32,45.3,45.31,1410
2017-06-23 12:05:00-04:00,45.32,45.32,45.315,45.32,1400
2017-06-23 12:10:00-04:00,45.315,45.32,45.29,45.29,5145
2017-06-23 12:15:00-04:00,45.285,45.29,45.28,45.29,1745
2017-06-23 12:20:00-04:00,45.29,45.31,45.285,45.305,6772
2017-06-23 12:25:00-04:00,45.305,45.31,45.3,45.305,13470
2017-06-23 12:30:00-04:00,45.305,45.34,45.305,45.34,28591
2017-06-23 12:35:00-04:00,45.33,45.33,45.32,45.325,9870
2017-06-23 12:40:00-04:00,45.325,45.33,45.325,45.325,6473
2017-06-23 12:45:00-04:00,45.325,45.35,45.325,45.33,7383
2017-06-23 12:50:00-04:00,45.33,45.34,45.33,45.34,1948
2017-06-23 12:55:00-04:00,45.34,45.37,45.33,45.37,3575
2017-06-23 13:00:00-04:00,45.35,45.35,45.32,45.32,3301
2017-06-23 13:05:00-04:00,45.31,45.33,45.31,45.32,2512
2017-06-23 13:10:00-04:00,45.325,45.33,45.32,45.325,3359
2017-06-23 13:15:00-04:00,45.33,45.35,45.33,45.335,4067
2017-06-23 13:20:00-04:00,45.33,45.34,45.32,45.325,2728
2017-06-23 13:25:00-04:00,45.32,45.34,45.32,45.34,2692
2017-06-23 13:30:00-04:00,45.35,45.36,45.35,45.35,2613
2017-06-23 13:35:00-04:00,45.34,45.365,45.34,45.36,5433
2017-06-23 13:40:00-04:00,45.355,45.37,45.35,45.36,4166
2017-06-23 13:45:00-04:00,45.36,45.37,45.355,45.355,2510
2017-06-23 13:50:00-04:00,45.36,45.365,45.355,45.365,1971
2017-06-23 13:55:00-04:00,45.36,45.36,45.34,45.34,2847
2017-06-23 14:00:00-04:00,45.34,45.34,45.33,45.33,3149
2017-06-23 14:05:00-04:00,45.34,45.365,45.335,45.335,3956
2017-06-23 14:10:00-04:00,45.34,45.34,45.31,45.31,3010
2017-06-23 14:15:00-04:00,45.315,45.315,45.3,45.315,1302
2017-06-23 14:20:00-04:00,45.315,45.32,45.285,45.285,6030
2017-06-23 14:25:00-04:00,45.285,45.3,45.285,45.295,3640
2017-06-23 14:30:00-04:00,45.3,45.3,45.28,45.285,12286
2017-06-23 14:35:00-04:00,45.29,45.3,45.285,45.3,3320
2017-06-23 14:40:00-04:00,45.3,45.3,45.28,45.3,3663
2017-06-23 14:45:00-04:00,45.31,45.315,45.28,45.28,3777
2017-06-23 14:50:00-04:00,45.27,45.275,45.265,45.265,3905
2017-06-23 14:55:00-04:00,45.275,45.28,45.27,45.27,3980
2017-06-23 15:00:00-04:00,45.275,45.28,45.22,45.225,10446
2017-06-23 15:05:00-04:00,45.22,45.23,45.22,45.23,9544
2017-06-23 15:10:00-04:00,45.23,45.25,45.225,45.23,5242
2017-06-23 15:15:00-04:00,45.23,45.26,45.21,45.26,4856
2017-06-23 15:20:00-04:00,45.26,45.26,45.235,45.25,8959
2017-06-23 15:25:00-04:00,45.245,45.245,45.2,45.2,5258
2017-06-23 15:30:00-04:00,45.2,45.24,45.2,45.23,4641
2017-06-23 15:35:00-04:00,45.23,45.23,45.2,45.215,9684
2017-06-23 15:40:00-04:00,45.21,45.27,45.2,45.265,11182
2017-06-23 15:45:00-04:00,45.26,45.26,45.235,45.25,15573
2017-06-23 15:50:00-04:00,45.25,45.25,45.24,45.245,13901
2017-06-23 15:55:00-04:00,45.25,45.26,45.23,45.24,42729
2017-06-27 09:30:00-04:00,45.34,45.35,45.25,45.35,2941
2017-06-27 09:35:00-04:00,45.345,45.38,45.31,45.31,6662
2017-06-27 09:40:00-04:00,45.315,45.34,45.295,45.31,10984
2017-06-27 09:45:00-04:00,45.315,45.315,45.255,45.28,14619
2017-06-27 09:50:00-04:00,45.275,45.3,45.255,45.26,6962
2017-06-27 09:55:00-04:00,45.26,45.28,45.24,45.27,10513
2017-06-27 10:00:00-04:00,45.27,45.27,45.185,45.2,3762
2017-06-27 10:05:00-04:00,45.19,45.19,45.12,45.12,6246
2017-06-27 10:10:00-04:00,45.125,45.16,45.11,45.16,1785
2017-06-27 10:15:00-04:00,45.165,45.17,45.15,45.15,2267
2017-06-27 10:20:00-04:00,45.155,45.205,45.15,45.185,5347
2017-06-27 10:25:00-04:00,45.2,45.2,45.13,45.13,2558
2017-06-27 10:30:00-04:00,45.125,45.13,45.105,45.125,12005
2017-06-27 10:35:00-04:00,45.125,45.125,45.095,45.1,15530
2017-06-27 10:40:00-04:00,45.11,45.215,45.11,45.215,6752
2017-06-27 10:45:00-04:00,45.21,45.22,45.19,45.2,4592
2017-06-27 10:50:00-04:00,45.19,45.195,45.165,45.19,2735
2017-06-27 10:55:00-04:00,45.2,45.21,45.19,45.19,8619
2017-06-27 11:00:00-04:00,45.19,45.215,45.19,45.21,2136
2017-06-27 11:05:00-04:00,45.2,45.2,45.175,45.175,1547
2017-06-27 11:10:00-04:00,45.165,45.165,45.14,45.14,2655
2017-06-27 11:15:00-04:00,45.13,45.15,45.13,45.15,4020
2017-06-27 11:20:00-04:00,45.15,45.18,45.15,45.18,4669
2017-06-27 11:25:00-04:00,45.18,45.18,45.16,45.17,11108
2017-06-27 11:30:00-04:00,45.18,45.18,45.14,45.16,5406
2017-06-27 11:35:00-04:00,45.16,45.19,45.16,45.19,3521
2017-06-27 11:40:00-04:00,45.19,45.195,45.17,45.17,2419
2017-06-27 11:45:00-04:00,45.17,45.21,45.17,45.19,6044
2017-06-27 11:50:00-04:00,45.17,45.18,45.11,45.11,5376
2017-06-27 11:55:00-04:00,45.11,45.14,45.1,45.1,7465
2017-06-27 12:00:00-04:00,45.105,45.14,45.105,45.125,3365
2017-06-27 12:05:00-04:00,45.12,45.125,45.1,45.115,5657
2017-06-27 12:10:00-04:00,45.11,45.115,45.095,45.1,5732
2017-06-27 12:15:00-04:00,45.1,45.105,45.1,45.1,4575
2017-06-27 12:20:00-04:00,45.1,45.115,45.1,45.11,8951
2017-06-27 12:25:00-04:00,45.12,45.135,45.105,45.105,4060
2017-06-27 12:30:00-04:00,45.11,45.115,45.095,45.105,174100
2017-06-27 12:35:00-04:00,45.1,45.1,45.07,45.08,2749
2017-06-27 12:40:00-04:00,45.085,45.09,45.07,45.075,8028
2017-06-27 12:45:00-04:00,45.07,45.07,45.06,45.065,3200
2017-06-27 12:50:00-04:00,45.06,45.07,45.06,45.06,4100
2017-06-27 12:55:00-04:00,45.07,45.12,45.065,45.115,3540
2017-06-27 13:00:00-04:00,45.12,45.14,45.1,45.135,13156
2017-06-27 13:05:00-04:00,45.12,45.13,45.08,45.08,4982
2017-06-27 13:10:00-04:00,45.09,45.105,45.09,45.105,801
2017-06-27 13:15:00-04:00,45.1,45.16,45.09,45.16,1900
2017-06-27 13:20:00-04:00,45.14,45.14,45.1,45.11,4112
2017-06-27 13:25:00-04:00,45.115,45.115,45.1,45.1,3787
2017-06-27 13:30:00-04:00,45.105,45.11,45.095,45.105,4100
2017-06-27 13:35:00-04:00,45.11,45.115,45.0,45.03,11640
2017-06-27 13:40:00-04:00,45.025,45.035,45.02,45.02,403402
2017-06-27 13:45:00-04:00,45.015,45.05,45.0,45.05,2642
2017-06-27 13:50:00-04:00,45.05,45.06,45.04,45.05,2914
2017-06-27 13:55:00-04:00,45.04,45.04,45.02,45.03,2696
2017-06-27 14:00:00-04:00,45.02,45.03,45.015,45.02,5234
2017-06-27 14:05:00-04:00,45.01,45.035,45.01,45.03,2933
2017-06-27 14:10:00-04:00,45.025,45.06,45.02,45.06,5150
2017-06-27 14:15:00-04:00,45.065,45.125,45.055,45.125,4528
2017-06-27 14:20:00-04:00,45.1,45.1,45.08,45.095,5642
2017-06-27 14:25:00-04:00,45.095,45.125,45.085,45.105,6107
2017-06-27 14:30:00-04:00,45.09,45.09,45.06,45.07,4739
2017-06-27 14:35:00-04:00,45.07,45.07,45.05,45.05,2931
2017-06-27 14:40:00-04:00,45.06,45.085,45.05,45.07,3778
2017-06-27 14:45:00-04:00,45.07,45.075,45.065,45.07,3282
2017-06-27 14:50:00-04:00,45.07,45.115,45.07,45.11,8251
2017-06-27 14:55:00-04:00,45.11,45.13,45.105,45.11,3864
2017-06-27 15:00:00-04:00,45.105,45.115,45.1,45.1,3890
2017-06-27 15:05:00-04:00,45.1,45.11,45.08,45.1,16169
2017-06-27 15:10:00-04:00,45.1,45.105,45.09,45.09,8183
2017-06-27 15:15:00-04:00,45.1,45.1,45.06,45.06,7500
2017-06-27 15:20:00-04:00,45.055,45.085,45.05,45.075,15389
2017-06-27 15:25:00-04:00,45.07,45.095,45.06,45.095,5445
2017-06-27 15:30:00-04:00,45.09,45.09,45.04,45.055,14915
2017-06-27 15:35:00-04:00,45.06,45.085,45.05,45.07,19569
2017-06-27 15:40:00-04:00,45.07,45.09,45.06,45.085,21042
2017-06-27 15:45:00-04:00,45.085,45.115,45.08,45.08,26367
2017-06-27 15:50:00-04:00,45.08,45.08,45.05,45.075,36309
2017-06-27 15:55:00-04:00,45.075,45.075,45.04,45.055,175341
2017-06-28 09:30:00-04:00,45.27,45.43,45.27,45.35,10937
2017-06-28 09:35:00-04:00,45.36,45.385,45.32,45.37,14274
2017-06-28 09:40:00-04:00,45.36,45.395,45.35,45.39,4830
2017-06-28 09:45:00-04:00,45.39,45.39,45.28,45.29,21216
2017-06-28 09:50:00-04:00,45.3,45.3,45.24,45.29,2551
2017-06-28 09:55:00-04:00,45.3,45.32,45.285,45.32,3009
2017-06-28 10:00:00-04:00,45.285,45.32,45.27,45.295,8505
2017-06-28 10:05:00-04:00,45.27,45.315,45.26,45.29,4034
2017-06-28 10:10:00-04:00,45.315,45.315,45.295,45.305,4451
2017-06-28 10:15:00-04:00,45.31,45.32,45.24,45.26,7743
2017-06-28 10:20:00-04:00,45.26,45.34,45.25,45.33,4478
2017-06-28 10:25:00-04:00,45.32,45.38,45.315,45.37,3801
2017-06-28 10:30:00-04:00,45.4,45.42,45.34,45.34,2018
2017-06-28 10:35:00-04:00,45.34,45.385,45.34,45.36,3408
2017-06-28 10:40:00-04:00,45.355,45.4,45.345,45.39,4925
2017-06-28 10:45:00-04:00,45.4,45.42,45.39,45.415,6911
2017-06-28 10:50:00-04:00,45.42,45.42,45.355,45.365,8052
2017-06-28 10:55:00-04:00,45.36,45.41,45.36,45.41,39015
2017-06-28 11:00:00-04:00,45.4,45.44,45.4,45.415,4857
2017-06-28 11:05:00-04:00,45.43,45.46,45.42,45.45,38672
2017-06-28 11:10:00-04:00,45.44,45.45,45.42,45.42,3721
2017-06-28 11:15:00-04:00,45.425,45.45,45.425,45.44,5126
2017-06-28 11:20:00-04:00,45.44,45.45,45.43,45.44,3519
2017-06-28 11:25:00-04:00,45.44,45.445,45.42,45.44,5211
2017-06-28 11:30:00-04:00,45.44,45.45,45.44,45.445,5222
2017-06-28 11:35:00-04:00,45.44,45.445,45.41,45.42,43145
2017-06-28 11:40:00-04:00,45.42,45.43,45.42,45.43,2105
2017-06-28 11:45:00-04:00,45.425,45.44,45.425,45.44,2454
2017-06-28 11:50:00-04:00,45.46,45.49,45.46,45.48,1901
2017-06-28 11:55:00-04:00,45.48,45.5,45.47,45.495,8135
2017-06-28 12:00:00-04:00,45.47,45.47,45.42,45.425,2587
2017-06-28 12:05:00-04:00,45.43,45.45,45.425,45.425,4152
2017-06-28 12:10:00-04:00,45.41,45.42,45.4,45.415,2592
2017-06-28 12:15:00-04:00,45.41,45.42,45.38,45.385,3786
2017-06-28 12:20:00-04:00,45.385,45.385,45.36,45.375,5563
2017-06-28 12:25:00-04:00,45.355,45.36,45.34,45.345,3001
2017-06-28 12:30:00-04:00,45.34,45.35,45.32,45.345,3205
2017-06-28 12:35:00-04:00,45.34,45.34,45.32,45.33,1952
2017-06-28 12:40:00-04:00,45.32,45.36,45.31,45.36,7096
2017-06-28 12:45:00-04:00,45.35,45.36,45.345,45.36,2994
2017-06-28 12:50:00-04:00,45.375,45.39,45.37,45.375,2702
2017-06-28 12:55:00-04:00,45.38,45.39,45.375,45.39,18473
2017-06-28 13:00:00-04:00,45.39,45.41,45.385,45.41,1803
2017-06-28 13:05:00-04:00,45.405,45.415,45.405,45.405,4199
2017-06-28 13:10:00-04:00,45.41,45.415,45.4,45.415,9966
2017-06-28 13:15:00-04:00,45.42,45.42,45.395,45.4,20076
2017-06-28 13:20:00-04:00,45.4,45.41,45.4,45.41,4800
2017-06-28 13:25:00-04:00,45.405,45.405,45.39,45.4,12449
2017-06-28 13:30:00-04:00,45.405,45.42,45.395,45.405,9714
2017-06-28 13:35:00-04:00,45.405,45.42,45.4,45.415,3630
2017-06-28 13:40:00-04:00,45.415,45.44,45.415,45.435,2821
2017-06-28 13:45:00-04:00,45.44,45.445,45.41,45.43,4299
2017-06-28 13:50:00-04:00,45.43,45.43,45.4,45.42,4048
2017-06-28 13:55:00-04:00,45.42,45.43,45.4,45.4,4946
2017-06-28 14:00:00-04:00,45.41,45.41,45.4,45.41,3409
2017-06-28 14:05:00-04:00,45.41,45.445,45.41,45.44,5024
2017-06-28 14:10:00-04:00,45.45,45.45,45.41,45.42,2523
2017-06-28 14:15:00-04:00,45.42,45.43,45.405,45.425,3100
2017-06-28 14:20:00-04:00,45.43,45.43,45.425,45.43,1107
2017-06-28 14:25:00-04:00,45.425,45.465,45.425,45.46,5893
2017-06-28 14:30:00-04:00,45.465,45.47,45.455,45.47,3553
2017-06-28 14:35:00-04:00,45.46,45.46,45.43,45.445,6259
2017-06-28 14:40:00-04:00,45.455,45.46,45.45,45.455,3006
2017-06-28 14:45:00-04:00,45.46,45.46,45.43,45.43,2605
2017-06-28 14:50:00-04:00,45.44,45.45,45.435,45.435,2876
2017-06-28 14:55:00-04:00,45.435,45.435,45.42,45.425,2818
2017-06-28 15:00:00-04:00,45.425,45.43,45.41,45.415,5162
2017-06-28 15:05:00-04:00,45.415,45.445,45.415,45.425,7511
2017-06-28 15:10:00-04:00,45.425,45.43,45.42,45.43,5954
2017-06-28 15:15:00-04:00,45.425,45.43,45.42,45.42,5790
2017-06-28 15:20:00-04:00,45.425,45.43,45.39,45.395,5776
2017-06-28 15:25:00-04:00,45.395,45.41,45.39,45.4,8080
2017-06-28 15:30:00-04:00,45.395,45.4,45.39,45.39,8477
2017-06-28 15:35:00-04:00,45.39,45.39,45.36,45.38,12408
2017-06-28 15:40:00-04:00,45.37,45.395,45.37,45.38,16982
2017-06-28 15:45:00-04:00,45.39,45.39,45.36,45.37,18664
2017-06-28 15:50:00-04:00,45.37,45.4,45.36,45.4,16810
2017-06-28 15:55:00-04:00,45.395,45.395,45.3,45.31,42727
2017-06-29 09:30:00-04:00,45.13,45.14,45.0,45.01,4227
2017-06-29 09:35:00-04:00,45.02,45.03,44.95,44.95,8700
2017-06-29 09:40:00-04:00,44.93,44.98,44.93,44.97,4532
2017-06-29 09:45:00-04:00,44.95,45.04,44.935,45.04,11054
2017-06-29 09:50:00-04:00,45.05,45.09,45.03,45.06,3134
2017-06-29 09:55:00-04:00,45.06,45.115,45.06,45.105,5365
2017-06-29 10:00:00-04:00,45.11,45.21,45.11,45.21,3893
2017-06-29 10:05:00-04:00,45.205,45.23,45.19,45.205,3376
2017-06-29 10:10:00-04:00,45.2,45.225,45.165,45.17,5511
2017-06-29 10:15:00-04:00,45.17,45.175,45.14,45.14,4036
2017-06-29 10:20:00-04:00,45.14,45.14,45.085,45.085,4181
2017-06-29 10:25:00-04:00,45.04,45.04,44.98,45.0,8740
2017-06-29 10:30:00-04:00,45.01,45.025,44.99,45.0,14707
2017-06-29 10:35:00-04:00,45.0,45.0,44.98,44.98,5483
2017-06-29 10:40:00-04:00,44.99,45.02,44.99,44.99,7272
2017-06-29 10:45:00-04:00,44.99,45.005,44.955,44.955,4789
2017-06-29 10:50:00-04:00,44.94,45.01,44.935,44.98,13707
2017-06-29 10:55:00-04:00,44.98,44.98,44.95,44.98,3455
2017-06-29 11:00:00-04:00,44.99,44.99,44.94,44.95,4263
2017-06-29 11:05:00-04:00,44.93,44.96,44.93,44.95,3621
2017-06-29 11:10:00-04:00,44.97,44.97,44.92,44.965,2907
2017-06-29 11:15:00-04:00,44.98,44.98,44.94,44.95,2193
2017-06-29 11:20:00-04:00,44.95,44.99,44.94,44.97,8687
2017-06-29 11:25:00-04:00,44.97,45.01,44.96,44.99,5935
2017-06-29 11:30:00-04:00,44.99,45.01,44.97,45.0,2820
2017-06-29 11:35:00-04:00,45.03,45.08,45.02,45.07,3174
2017-06-29 11:40:00-04:00,45.05,45.07,45.01,45.05,6057
2017-06-29 11:45:00-04:00,45.03,45.04,44.99,44.99,2893
2017-06-29 11:50:00-04:00,45.0,45.01,44.97,44.97,3640
2017-06-29 11:55:00-04:00,44.98,44.98,44.93,44.95,2900
2017-06-29 12:00:00-04:00,44.94,44.94,44.91,44.92,4818
2017-06-29 12:05:00-04:00,44.91,44.93,44.895,44.93,5376
2017-06-29 12:10:00-04:00,44.935,44.935,44.92,44.92,1249
2017-06-29 12:15:00-04:00,44.9,44.91,44.87,44.88,4095
2017-06-29 12:20:00-04:00,44.88,44.88,44.87,44.88,1836
2017-06-29 12:25:00-04:00,44.88,44.9,44.87,44.9,2931
2017-06-29 12:30:00-04:00,44.91,44.945,44.91,44.94,2701
2017-06-29 12:35:00-04:00,44.94,44.98,44.94,44.96,2500
2017-06-29 12:40:00-04:00,44.96,44.96,44.94,44.955,2812
2017-06-29 12:45:00-04:00,44.95,44.95,44.91,44.91,4862
2017-06-29 12:50:00-04:00,44.9,44.91,44.875,44.88,1360
2017-06-29 12:55:00-04:00,44.88,44.88,44.855,44.87,2176
2017-06-29 13:00:00-04:00,44.87,44.88,44.84,44.845,2604
2017-06-29 13:05:00-04:00,44.845,44.85,44.76,44.77,3091
2017-06-29 13:10:00-04:00,44.77,44.77,44.71,44.725,4293
2017-06-29 13:15:00-04:00,44.74,44.76,44.74,44.755,3103
2017-06-29 13:20:00-04:00,44.755,44.76,44.73,44.73,2254
2017-06-29 13:25:00-04:00,44.73,44.74,44.67,44.67,3336
2017-06-29 13:30:00-04:00,44.68,44.8,44.68,44.78,4675
2017-06-29 13:35:00-04:00,44.78,44.8,44.74,44.74,3126
2017-06-29 13:40:00-04:00,44.75,44.77,44.725,44.725,3938
2017-06-29 13:45:00-04:00,44.72,44.78,44.72,44.78,1813
2017-06-29 13:50:00-04:00,44.77,44.8,44.755,44.8,2503
2017-06-29 13:55:00-04:00,44.79,44.805,44.79,44.79,2101
2017-06-29 14:00:00-04:00,44.79,44.8,44.77,44.8,2645
2017-06-29 14:05:00-04:00,44.805,44.83,44.8,44.8,3131
2017-06-29 14:10:00-04:00,44.805,44.83,44.805,44.82,4394
2017-06-29 14:15:00-04:00,44.82,44.835,44.795,44.81,2407
2017-06-29 14:20:00-04:00,44.81,44.815,44.78,44.79,2164
2017-06-29 14:25:00-04:00,44.78,44.82,44.78,44.81,4956
2017-06-29 14:30:00-04:00,44.83,44.845,44.815,44.84,2545
2017-06-29 14:35:00-04:00,44.84,44.86,44.835,44.86,4300
2017-06-29 14:40:00-04:00,44.88,44.9,44.875,44.88,3723
2017-06-29 14:45:00-04:00,44.87,44.87,44.84,44.84,1328
2017-06-29 14:50:00-04:00,44.84,44.86,44.835,44.855,2200
2017-06-29 14:55:00-04:00,44.85,44.88,44.835,44.87,3927
2017-06-29 15:00:00-04:00,44.87,44.88,44.865,44.88,2522
2017-06-29 15:05:00-04:00,44.89,44.89,44.875,44.875,2300
2017-06-29 15:10:00-04:00,44.88,44.88,44.805,44.81,4892
2017-06-29 15:15:00-04:00,44.81,44.88,44.805,44.87,7318
2017-06-29 15:20:00-04:00,44.87,44.87,44.85,44.85,7457
2017-06-29 15:25:00-04:00,44.845,44.85,44.805,44.815,7048
2017-06-29 15:30:00-04:00,44.81,44.88,44.81,44.88,5637
2017-06-29 15:35:00-04:00,44.88,44.9,44.87,44.87,7100
2017-06-29 15:40:00-04:00,44.87,44.88,44.815,44.815,11763
2017-06-29 15:45:00-04:00,44.82,44.82,44.785,44.79,17889
2017-06-29 15:50:00-04:00,44.79,44.8,44.785,44.79,13037
2017-06-29 15:55:00-04:00,44.8,44.86,44.8,44.835,45292
2017-06-30 09:30:00-04:00,44.895,45.04,44.895,44.99,1357
2017-06-30 09:35:00-04:00,45.02,45.055,45.01,45.01,3242
2017-06-30 09:40:00-04:00,45.0,45.06,45.0,45.03,2402
2017-06-30 09:45:00-04:00,45.05,45.075,45.04,45.045,2110
2017-06-30 09:50:00-04:00,45.06,45.09,45.03,45.08,4648
2017-06-30 09:55:00-04:00,45.09,45.09,45.03,45.03,4593
2017-06-30 10:00:00-04:00,45.04,45.05,45.01,45.01,2342
2017-06-30 10:05:00-04:00,44.99,45.03,44.98,45.03,4592
2017-06-30 10:10:00-04:00,45.045,45.07,45.025,45.07,5048
2017-06-30 10:15:00-04:00,45.07,45.085,45.05,45.07,4374
2017-06-30 10:20:00-04:00,45.08,45.09,45.06,45.06,3945
2017-06-30 10:25:00-04:00,45.06,45.075,45.01,45.04,5720
2017-06-30 10:30:00-04:00,45.05,45.065,45.03,45.05,9880
2017-06-30 10:35:00-04:00,45.04,45.06,45.03,45.05,10977
2017-06-30 10:40:00-04:00,45.05,45.075,45.05,45.06,2928
2017-06-30 10:45:00-04:00,45.06,45.06,45.01,45.02,5437
2017-06-30 10:50:00-04:00,45.01,45.02,44.99,44.99,4974
2017-06-30 10:55:00-04:00,44.99,45.01,44.98,45.0,3595
2017-06-30 11:00:00-04:00,45.0,45.05,45.0,45.03,5015
2017-06-30 11:05:00-04:00,45.03,45.06,45.03,45.04,5035
2017-06-30 11:10:00-04:00,45.04,45.05,45.03,45.04,5513
2017-06-30 11:15:00-04:00,45.04,45.06,45.01,45.015,5060
2017-06-30 11:20:00-04:00,45.02,45.035,45.01,45.03,5227
2017-06-30 11:25:00-04:00,45.02,45.03,44.97,44.98,10564
2017-06-30 11:30:00-04:00,44.98,44.98,44.95,44.97,5944
2017-06-30 11:35:00-04:00,44.98,44.99,44.98,44.99,2704
2017-06-30 11:40:00-04:00,44.99,44.995,44.965,44.99,3476
2017-06-30 11:45:00-04:00,44.98,45.0,44.98,45.0,1489
2017-06-30 11:50:00-04:00,45.0,45.0,44.995,45.0,1508
2017-06-30 11:55:00-04:00,45.0,45.02,45.0,45.02,3894
2017-06-30 12:00:00-04:00,45.03,45.03,45.01,45.01,1496
2017-06-30 12:05:00-04:00,45.01,45.03,45.01,45.03,3370
2017-06-30 12:10:00-04:00,45.03,45.04,45.02,45.04,2948
2017-06-30 12:15:00-04:00,45.05,45.06,45.05,45.05,2001
2017-06-30 12:20:00-04:00,45.05,45.05,45.015,45.025,2106
2017-06-30 12:25:00-04:00,45.03,45.03,45.02,45.025,2715
2017-06-30 12:30:00-04:00,45.025,45.05,45.02,45.05,2982
2017-06-30 12:35:00-04:00,45.05,45.06,45.05,45.05,4278
2017-06-30 12:40:00-04:00,45.06,45.07,45.04,45.04,4812
2017-06-30 12:45:00-04:00,45.04,45.04,45.02,45.02,3658
2017-06-30 12:50:00-04:00,45.03,45.05,45.03,45.05,5179
2017-06-30 12:55:00-04:00,45.05,45.07,45.05,45.07,1454
2017-06-30 13:00:00-04:00,45.07,45.075,45.05,45.05,9711
2017-06-30 13:05:00-04:00,45.045,45.05,45.04,45.05,1799
2017-06-30 13:10:00-04:00,45.05,45.06,45.045,45.05,4501
2017-06-30 13:15:00-04:00,45.045,45.05,45.03,45.03,5534
2017-06-30 13:20:00-04:00,45.03,45.035,45.015,45.035,3804
2017-06-30 13:25:00-04:00,45.04,45.04,45.025,45.04,2622
2017-06-30 13:30:00-04:00,45.035,45.04,45.03,45.035,3775
2017-06-30 13:35:00-04:00,45.03,45.055,45.03,45.05,4454
2017-06-30 13:40:00-04:00,45.04,45.045,45.02,45.025,3551
2017-06-30 13:45:00-04:00,45.025,45.03,45.025,45.03,1412
2017-06-30 13:50:00-04:00,45.03,45.04,45.02,45.02,5015
2017-06-30 13:55:00-04:00,45.015,45.02,45.015,45.015,806
2017-06-30 14:00:00-04:00,45.01,45.025,45.01,45.02,3949
2017-06-30 14:05:00-04:00,45.025,45.08,45.01,45.07,8895
2017-06-30 14:10:00-04:00,45.08,45.11,45.08,45.1,3131
2017-06-30 14:15:00-04:00,45.1,45.1,45.06,45.07,3585
2017-06-30 14:20:00-04:00,45.07,45.08,45.07,45.075,2660
2017-06-30 14:25:00-04:00,45.08,45.08,45.04,45.05,4179
2017-06-30 14:30:00-04:00,45.055,45.055,45.03,45.04,3214
2017-06-30 14:35:00-04:00,45.045,45.045,45.03,45.04,3504
2017-06-30 14:40:00-04:00,45.04,45.05,45.03,45.03,4384
2017-06-30 14:45:00-04:00,45.025,45.06,45.02,45.06,3672
2017-06-30 14:50:00-04:00,45.06,45.065,45.045,45.055,5491
2017-06-30 14:55:00-04:00,45.05,45.06,45.05,45.05,3196
2017-06-30 15:00:00-04:00,45.05,45.06,45.04,45.045,6387
2017-06-30 15:05:00-04:00,45.05,45.06,45.02,45.02,10540
2017-06-30 15:10:00-04:00,45.025,45.03,45.02,45.025,3353
2017-06-30 15:15:00-04:00,45.03,45.03,45.0,45.01,6445
2017-06-30 15:20:00-04:00,45.005,45.03,45.005,45.03,4198
2017-06-30 15:25:00-04:00,45.03,45.05,45.02,45.025,7077
2017-06-30 15:30:00-04:00,45.025,45.03,45.015,45.02,12448
2017-06-30 15:35:00-04:00,45.01,45.025,45.01,45.02,9247
2017-06-30 15:40:00-04:00,45.025,45.04,45.025,45.035,4940
2017-06-30 15:45:00-04:00,45.04,45.04,45.03,45.035,19039
2017-06-30 15:50:00-04:00,45.035,45.04,45.0,45.0,17230
2017-06-30 15:55:00-04:00,45.0,45.0,44.85,44.85,66109
2017-07-03 09:30:00-04:00,45.11,45.27,45.02,45.25,2000
2017-07-03 09:35:00-04:00,45.245,45.26,45.105,45.105,8504
2017-07-03 09:40:00-04:00,45.105,45.135,45.1,45.11,7795
2017-07-03 09:45:00-04:00,45.13,45.23,45.13,45.225,9397
2017-07-03 09:50:00-04:00,45.22,45.22,45.1,45.1,8677
2017-07-03 09:55:00-04:00,45.1,45.125,45.09,45.1,8860
2017-07-03 10:00:00-04:00,45.115,45.115,44.99,44.99,4568
2017-07-03 10:05:00-04:00,45.01,45.065,45.01,45.065,8100
2017-07-03 10:10:00-04:00,45.065,45.09,45.03,45.05,9160
2017-07-03 10:15:00-04:00,45.055,45.06,45.0,45.01,9075
2017-07-03 10:20:00-04:00,45.01,45.06,45.005,45.055,8321
2017-07-03 10:25:00-04:00,45.05,45.055,45.005,45.005,3815
2017-07-03 10:30:00-04:00,45.005,45.1,45.005,45.1,8365
2017-07-03 10:35:00-04:00,45.1,45.13,45.1,45.1,10082
2017-07-03 10:40:00-04:00,45.105,45.135,45.095,45.12,11739
2017-07-03 10:45:00-04:00,45.125,45.16,45.125,45.16,13528
2017-07-03 10:50:00-04:00,45.15,45.195,45.15,45.19,7460
2017-07-03 10:55:00-04:00,45.19,45.2,45.155,45.17,10741
2017-07-03 11:00:00-04:00,45.16,45.16,45.11,45.13,6539
2017-07-03 11:05:00-04:00,45.135,45.16,45.095,45.095,6733
2017-07-03 11:10:00-04:00,45.1,45.115,45.095,45.095,1988
2017-07-03 11:15:00-04:00,45.1,45.1,45.03,45.03,4874
2017-07-03 11:20:00-04:00,45.025,45.055,44.99,44.99,4157
2017-07-03 11:25:00-04:00,44.99,45.0,44.955,44.955,5527
2017-07-03 11:30:00-04:00,44.95,45.005,44.95,44.99,6086
2017-07-03 11:35:00-04:00,44.98,44.98,44.95,44.95,4930
2017-07-03 11:40:00-04:00,44.935,44.94,44.91,44.935,7068
2017-07-03 11:45:00-04:00,44.94,44.945,44.92,44.94,4309
2017-07-03 11:50:00-04:00,44.94,44.96,44.94,44.96,6514
2017-07-03 11:55:00-04:00,44.96,45.005,44.96,44.97,11104
2017-07-03 12:00:00-04:00,44.96,44.96,44.92,44.92,5617
2017-07-03 12:05:00-04:00,44.91,44.915,44.88,44.9,6650
2017-07-03 12:10:00-04:00,44.905,44.91,44.88,44.89,6884
2017-07-03 12:15:00-04:00,44.89,44.905,44.89,44.89,7701
2017-07-03 12:20:00-04:00,44.89,44.9,44.87,44.89,10819
2017-07-03 12:25:00-04:00,44.895,44.91,44.88,44.885,13022
2017-07-03 12:30:00-04:00,44.89,44.905,44.88,44.885,7804
2017-07-03 12:35:00-04:00,44.88,44.91,44.87,44.9,12748
2017-07-03 12:40:00-04:00,44.905,44.925,44.88,44.88,12275
2017-07-03 12:45:00-04:00,44.885,44.89,44.84,44.84,18166
2017-07-03 12:50:00-04:00,44.845,44.885,44.845,44.86,20201
2017-07-03 12:55:00-04:00,44.86,44.865,44.775,44.775,23293
2017-07-05 09:30:00-04:00,44.79,44.86,44.77,44.789,5356
2017-07-05 09:35:00-04:00,44.79,44.87,44.76,44.845,5430
2017-07-05 09:40:00-04:00,44.855,44.89,44.795,44.8,8248
2017-07-05 09:45:00-04:00,44.805,44.87,44.785,44.8,5035
2017-07-05 09:50:00-04:00,44.805,44.805,44.765,44.78,8331
2017-07-05 09:55:00-04:00,44.79,44.81,44.74,44.81,5693
2017-07-05 10:00:00-04:00,44.82,44.925,44.82,44.925,9610
2017-07-05 10:05:00-04:00,44.925,44.98,44.925,44.975,5814
2017-07-05 10:10:00-04:00,44.975,44.975,44.925,44.93,9723
2017-07-05 10:15:00-04:00,44.93,44.93,44.88,44.89,6265
2017-07-05 10:20:00-04:00,44.88,44.95,44.88,44.95,8934
2017-07-05 10:25:00-04:00,44.955,44.985,44.95,44.965,9578
2017-07-05 10:30:00-04:00,44.965,44.965,44.915,44.93,4543
2017-07-05 10:35:00-04:00,44.935,44.95,44.895,44.895,6053
2017-07-05 10:40:00-04:00,44.885,44.91,44.86,44.875,7142
2017-07-05 10:45:00-04:00,44.875,44.875,44.84,44.87,6316
2017-07-05 10:50:00-04:00,44.86,44.915,44.86,44.915,5807
2017-07-05 10:55:00-04:00,44.915,44.92,44.885,44.885,5488
2017-07-05 11:00:00-04:00,44.885,44.925,44.885,44.91,4361
2017-07-05 11:05:00-04:00,44.91,44.915,44.895,44.91,2725
2017-07-05 11:10:00-04:00,44.91,44.915,44.88,44.915,5775
2017-07-05 11:15:00-04:00,44.9,44.9,44.87,44.89,4778
2017-07-05 11:20:00-04:00,44.895,44.9,44.855,44.88,2652
2017-07-05 11:25:00-04:00,44.885,44.9,44.875,44.875,4353
2017-07-05 11:30:00-04:00,44.87,44.87,44.85,44.87,3473
2017-07-05 11:35:00-04:00,44.85,44.87,44.85,44.87,2681
2017-07-05 11:40:00-04:00,44.875,44.875,44.845,44.85,3859
2017-07-05 11:45:00-04:00,44.855,44.855,44.815,44.82,5546
2017-07-05 11:50:00-04:00,44.83,44.85,44.83,44.85,3425
2017-07-05 11:55:00-04:00,44.855,44.855,44.82,44.84,2311
2017-07-05 12:00:00-04:00,44.85,44.855,44.83,44.84,2358
2017-07-05 12:05:00-04:00,44.835,44.835,44.795,44.8,2433
2017-07-05 12:10:00-04:00,44.8,44.805,44.785,44.805,2017
2017-07-05 12:15:00-04:00,44.81,44.825,44.805,44.81,2213
2017-07-05 12:20:00-04:00,44.81,44.83,44.81,44.83,2816
2017-07-05 12:25:00-04:00,44.835,44.835,44.79,44.795,2866
2017-07-05 12:30:00-04:00,44.795,44.8,44.765,44.77,3579
2017-07-05 12:35:00-04:00,44.77,44.775,44.755,44.77,2800
2017-07-05 12:40:00-04:00,44.779,44.795,44.77,44.785,4466
2017-07-05 12:45:00-04:00,44.785,44.8,44.785,44.795,2152
2017-07-05 12:50:00-04:00,44.79,44.79,44.77,44.78,2455
2017-07-05 12:55:00-04:00,44.775,44.785,44.775,44.785,1011
2017-07-05 13:00:00-04:00,44.78,44.81,44.78,44.79,4539
2017-07-05 13:05:00-04:00,44.79,44.795,44.77,44.775,4254
2017-07-05 13:10:00-04:00,44.77,44.78,44.75,44.77,28434
2017-07-05 13:15:00-04:00,44.77,44.775,44.76,44.76,4169
2017-07-05 13:20:00-04:00,44.765,44.79,44.765,44.79,5598
2017-07-05 13:25:00-04:00,44.78,44.795,44.77,44.795,2228
2017-07-05 13:30:00-04:00,44.78,44.78,44.76,44.77,3631
2017-07-05 13:35:00-04:00,44.775,44.78,44.76,44.76,3056
2017-07-05 13:40:00-04:00,44.76,44.76,44.74,44.75,2912
2017-07-05 13:45:00-04:00,44.745,44.76,44.74,44.755,4739
2017-07-05 13:50:00-04:00,44.755,44.78,44.75,44.755,8146
2017-07-05 13:55:00-04:00,44.755,44.77,44.75,44.77,3846
2017-07-05 14:00:00-04:00,44.775,44.79,44.755,44.765,2191
2017-07-05 14:05:00-04:00,44.77,44.77,44.73,44.75,4513
2017-07-05 14:10:00-04:00,44.75,44.77,44.74,44.769,2937
2017-07-05 14:15:00-04:00,44.76,44.78,44.755,44.755,3156
2017-07-05 14:20:00-04:00,44.765,44.79,44.75,44.785,1969
2017-07-05 14:25:00-04:00,44.79,44.815,44.78,44.815,4696
2017-07-05 14:30:00-04:00,44.815,44.815,44.79,44.8,1829
2017-07-05 14:35:00-04:00,44.795,44.8,44.77,44.785,3529
2017-07-05 14:40:00-04:00,44.79,44.805,44.78,44.78,1656
2017-07-05 14:45:00-04:00,44.79,44.82,44.77,44.78,4623
2017-07-05 14:50:00-04:00,44.78,44.79,44.765,44.78,2879
2017-07-05 14:55:00-04:00,44.775,44.78,44.755,44.77,3345
2017-07-05 15:00:00-04:00,44.77,44.78,44.76,44.76,2947
2017-07-05 15:05:00-04:00,44.76,44.78,44.76,44.775,3768
2017-07-05 15:10:00-04:00,44.775,44.78,44.76,44.78,5563
2017-07-05 15:15:00-04:00,44.775,44.79,44.775,44.785,4575
2017-07-05 15:20:00-04:00,44.785,44.79,44.77,44.77,8362
2017-07-05 15:25:00-04:00,44.775,44.81,44.77,44.81,8479
2017-07-05 15:30:00-04:00,44.805,44.81,44.8,44.805,10326
2017-07-05 15:35:00-04:00,44.805,44.81,44.79,44.795,11651
2017-07-05 15:40:00-04:00,44.795,44.84,44.79,44.84,14472
2017-07-05 15:45:00-04:00,44.835,44.835,44.8,44.815,19521
2017-07-05 15:50:00-04:00,44.81,44.815,44.79,44.79,17026
2017-07-05 15:55:00-04:00,44.79,44.845,44.78,44.81,39504
2017-07-06 09:30:00-04:00,44.74,44.82,44.74,44.77,6800
2017-07-06 09:35:00-04:00,44.775,44.845,44.76,44.82,11803
2017-07-06 09:40:00-04:00,44.82,44.845,44.79,44.82,7944
2017-07-06 09:45:00-04:00,44.82,44.82,44.74,44.74,8823
2017-07-06 09:50:00-04:00,44.73,44.74,44.7,44.74,9185
2017-07-06 09:55:00-04:00,44.73,44.735,44.565,44.605,41167
2017-07-06 10:00:00-04:00,44.605,44.62,44.565,44.58,26377
2017-07-06 10:05:00-04:00,44.565,44.57,44.455,44.505,17372
2017-07-06 10:10:00-04:00,44.52,44.52,44.465,44.465,10853
2017-07-06 10:15:00-04:00,44.46,44.47,44.425,44.44,15155
2017-07-06 10:20:00-04:00,44.45,44.45,44.32,44.325,27476
2017-07-06 10:25:00-04:00,44.335,44.425,44.31,44.42,9564
2017-07-06 10:30:00-04:00,44.43,44.46,44.42,44.46,2336
2017-07-06 10:35:00-04:00,44.47,44.47,44.43,44.44,4137
2017-07-06 10:40:00-04:00,44.45,44.515,44.45,44.51,1915
2017-07-06 10:45:00-04:00,44.505,44.51,44.495,44.51,3284
2017-07-06 10:50:00-04:00,44.49,44.51,44.475,44.51,2742
2017-07-06 10:55:00-04:00,44.49,44.49,44.425,44.425,1990
2017-07-06 11:00:00-04:00,44.42,44.42,44.39,44.4,2548
2017-07-06 11:05:00-04:00,44.41,44.42,44.38,44.385,2335
2017-07-06 11:10:00-04:00,44.41,44.41,44.39,44.39,3026
2017-07-06 11:15:00-04:00,44.4,44.405,44.38,44.38,2116
2017-07-06 11:20:00-04:00,44.39,44.45,44.39,44.45,2692
2017-07-06 11:25:00-04:00,44.44,44.48,44.43,44.46,2021
2017-07-06 11:30:00-04:00,44.46,44.47,44.44,44.47,2628
2017-07-06 11:35:00-04:00,44.485,44.5,44.47,44.49,2280
2017-07-06 11:40:00-04:00,44.48,44.49,44.48,44.48,3087
2017-07-06 11:45:00-04:00,44.48,44.49,44.48,44.49,771
2017-07-06 11:50:00-04:00,44.49,44.5,44.46,44.46,3033
2017-07-06 11:55:00-04:00,44.465,44.475,44.45,44.465,9048
2017-07-06 12:00:00-04:00,44.46,44.465,44.44,44.465,3188
2017-07-06 12:05:00-04:00,44.46,44.47,44.46,44.46,1501
2017-07-06 12:10:00-04:00,44.465,44.465,44.43,44.43,2495
2017-07-06 12:15:00-04:00,44.425,44.44,44.42,44.425,1432
2017-07-06 12:20:00-04:00,44.43,44.43,44.41,44.41,1561
2017-07-06 12:25:00-04:00,44.41,44.415,44.395,44.4,2905
2017-07-06 12:30:00-04:00,44.39,44.44,44.39,44.435,4123
2017-07-06 12:35:00-04:00,44.435,44.435,44.4,44.405,5666
2017-07-06 12:40:00-04:00,44.405,44.46,44.405,44.45,3071
2017-07-06 12:45:00-04:00,44.45,44.455,44.45,44.455,3085
2017-07-06 12:50:00-04:00,44.45,44.45,44.44,44.45,4868
2017-07-06 12:55:00-04:00,44.43,44.43,44.4,44.4,7044
2017-07-06 13:00:00-04:00,44.4,44.415,44.39,44.395,9169
2017-07-06 13:05:00-04:00,44.395,44.405,44.395,44.4,8326
2017-07-06 13:10:00-04:00,44.4,44.4,44.39,44.39,12678
2017-07-06 13:15:00-04:00,44.39,44.395,44.37,44.37,12454
2017-07-06 13:20:00-04:00,44.37,44.38,44.36,44.375,10691
2017-07-06 13:25:00-04:00,44.375,44.395,44.37,44.37,12771
2017-07-06 13:30:00-04:00,44.375,44.38,44.37,44.37,12188
2017-07-06 13:35:00-04:00,44.37,44.37,44.33,44.33,7090
2017-07-06 13:40:00-04:00,44.33,44.33,44.3,44.3,10653
2017-07-06 13:45:00-04:00,44.3,44.32,44.3,44.32,15613
2017-07-06 13:50:00-04:00,44.315,44.36,44.315,44.35,25187
2017-07-06 13:55:00-04:00,44.35,44.38,44.35,44.38,4911
2017-07-06 14:00:00-04:00,44.38,44.39,44.37,44.39,4017
2017-07-06 14:05:00-04:00,44.38,44.38,44.355,44.36,8558
2017-07-06 14:10:00-04:00,44.36,44.39,44.36,44.37,7933
2017-07-06 14:15:00-04:00,44.37,44.375,44.34,44.37,10101
2017-07-06 14:20:00-04:00,44.365,44.39,44.35,44.36,4336
2017-07-06 14:25:00-04:00,44.36,44.395,44.36,44.39,6221
2017-07-06 14:30:00-04:00,44.385,44.395,44.38,44.39,4773
2017-07-06 14:35:00-04:00,44.4,44.4,44.39,44.4,4565
2017-07-06 14:40:00-04:00,44.4,44.43,44.39,44.43,4682
2017-07-06 14:45:00-04:00,44.44,44.44,44.42,44.42,3356
2017-07-06 14:50:00-04:00,44.42,44.42,44.4,44.415,3900
2017-07-06 14:55:00-04:00,44.42,44.42,44.4,44.4,5496
2017-07-06 15:00:00-04:00,44.41,44.42,44.4,44.415,12960
2017-07-06 15:05:00-04:00,44.42,44.43,44.415,44.415,10406
2017-07-06 15:10:00-04:00,44.415,44.43,44.41,44.42,9076
2017-07-06 15:15:00-04:00,44.42,44.43,44.415,44.42,12186
2017-07-06 15:20:00-04:00,44.41,44.43,44.41,44.425,9973
2017-07-06 15:25:00-04:00,44.42,44.43,44.41,44.42,7153
2017-07-06 15:30:00-04:00,44.415,44.42,44.41,44.415,29623
2017-07-06 15:35:00-04:00,44.41,44.41,44.37,44.385,14415
2017-07-06 15:40:00-04:00,44.385,44.4,44.365,44.39,14012
2017-07-06 15:45:00-04:00,44.39,44.425,44.39,44.41,13480
2017-07-06 15:50:00-04:00,44.41,44.43,44.395,44.425,19279
2017-07-06 15:55:00-04:00,44.425,44.48,44.395,44.42,79148
2017-07-07 09:30:00-04:00,44.47,44.47,44.395,44.44,3254
2017-07-07 09:35:00-04:00,44.46,44.49,44.445,44.48,4309
2017-07-07 09:40:00-04:00,44.475,44.485,44.43,44.435,2200
2017-07-07 09:45:00-04:00,44.42,44.42,44.35,44.365,9470
2017-07-07 09:50:00-04:00,44.375,44.395,44.355,44.39,8085
2017-07-07 09:55:00-04:00,44.38,44.42,44.35,44.42,4700
2017-07-07 10:00:00-04:00,44.42,44.46,44.41,44.41,3611
2017-07-07 10:05:00-04:00,44.45,44.46,44.42,44.43,3022
2017-07-07 10:10:00-04:00,44.435,44.475,44.435,44.465,2679
2017-07-07 10:15:00-04:00,44.46,44.465,44.42,44.42,4077
2017-07-07 10:20:00-04:00,44.41,44.47,44.41,44.46,3554
2017-07-07 10:25:00-04:00,44.46,44.49,44.46,44.49,3381
2017-07-07 10:30:00-04:00,44.49,44.5,44.465,44.495,13206
2017-07-07 10:35:00-04:00,44.49,44.52,44.49,44.5,4932
2017-07-07 10:40:00-04:00,44.5,44.52,44.465,44.465,9611
2017-07-07 10:45:00-04:00,44.465,44.495,44.465,44.485,3478
2017-07-07 10:50:00-04:00,44.49,44.49,44.47,44.48,4808
2017-07-07 10:55:00-04:00,44.48,44.48,44.43,44.43,9016
2017-07-07 11:00:00-04:00,44.43,44.45,44.43,44.435,5752
2017-07-07 11:05:00-04:00,44.445,44.45,44.44,44.45,10562
2017-07-07 11:10:00-04:00,44.45,44.5,44.45,44.455,5998
2017-07-07 11:15:00-04:00,44.47,44.5,44.465,44.48,4503
2017-07-07 11:20:00-04:00,44.48,44.515,44.47,44.48,6488
2017-07-07 11:25:00-04:00,44.46,44.52,44.46,44.495,7367
2017-07-07 11:30:00-04:00,44.49,44.515,44.48,44.49,7428
2017-07-07 11:35:00-04:00,44.49,44.52,44.48,44.5,6800
2017-07-07 11:40:00-04:00,44.48,44.485,44.475,44.485,5101
2017-07-07 11:45:00-04:00,44.485,44.49,44.42,44.435,8929
2017-07-07 11:50:00-04:00,44.44,44.49,44.435,44.47,6303
2017-07-07 11:55:00-04:00,44.465,44.49,44.46,44.47,91244
2017-07-07 12:00:00-04:00,44.48,44.485,44.45,44.45,4578
2017-07-07 12:05:00-04:00,44.46,44.47,44.435,44.44,6300
2017-07-07 12:10:00-04:00,44.445,44.445,44.425,44.44,3459
2017-07-07 12:15:00-04:00,44.44,44.45,44.43,44.45,1806
2017-07-07 12:20:00-04:00,44.45,44.47,44.44,44.47,3109
2017-07-07 12:25:00-04:00,44.48,44.485,44.42,44.425,6891
2017-07-07 12:30:00-04:00,44.42,44.43,44.4,44.415,5011
2017-07-07 12:35:00-04:00,44.41,44.43,44.41,44.42,4302
2017-07-07 12:40:00-04:00,44.42,44.48,44.42,44.475,5662
2017-07-07 12:45:00-04:00,44.475,44.48,44.44,44.44,8567
2017-07-07 12:50:00-04:00,44.44,44.46,44.44,44.44,10965
2017-07-07 12:55:00-04:00,44.44,44.46,44.44,44.45,6572
2017-07-07 13:00:00-04:00,44.455,44.46,44.42,44.42,5094
2017-07-07 13:05:00-04:00,44.39,44.39,44.36,44.36,856
2017-07-07 13:10:00-04:00,44.36,44.365,44.34,44.34,2991
2017-07-07 13:15:00-04:00,44.34,44.34,44.31,44.315,3931
2017-07-07 13:20:00-04:00,44.31,44.33,44.295,44.33,6564
2017-07-07 13:25:00-04:00,44.32,44.32,44.27,44.27,3423
2017-07-07 13:30:00-04:00,44.275,44.28,44.26,44.28,3792
2017-07-07 13:35:00-04:00,44.26,44.27,44.255,44.27,7206
2017-07-07 13:40:00-04:00,44.265,44.27,44.25,44.26,7694
2017-07-07 13:45:00-04:00,44.265,44.265,44.24,44.25,7071
2017-07-07 13:50:00-04:00,44.24,44.25,44.24,44.25,6358
2017-07-07 13:55:00-04:00,44.255,44.26,44.24,44.255,7987
2017-07-07 14:00:00-04:00,44.26,44.325,44.26,44.325,5857
2017-07-07 14:05:00-04:00,44.325,44.325,44.28,44.3,3280
2017-07-07 14:10:00-04:00,44.31,44.33,44.31,44.33,1786
2017-07-07 14:15:00-04:00,44.335,44.35,44.33,44.335,3504
2017-07-07 14:20:00-04:00,44.335,44.34,44.33,44.335,1630
2017-07-07 14:25:00-04:00,44.34,44.34,44.315,44.335,5611
2017-07-07 14:30:00-04:00,44.34,44.35,44.33,44.345,6218
2017-07-07 14:35:00-04:00,44.345,44.35,44.33,44.345,4082
2017-07-07 14:40:00-04:00,44.35,44.37,44.35,44.365,2835
2017-07-07 14:45:00-04:00,44.35,44.35,44.34,44.345,2930
2017-07-07 14:50:00-04:00,44.345,44.36,44.335,44.34,7758
2017-07-07 14:55:00-04:00,44.345,44.35,44.32,44.32,2392
2017-07-07 15:00:00-04:00,44.32,44.355,44.315,44.355,10057
2017-07-07 15:05:00-04:00,44.37,44.4,44.37,44.4,2593
2017-07-07 15:10:00-04:00,44.39,44.42,44.39,44.41,5644
2017-07-07 15:15:00-04:00,44.42,44.42,44.4,44.41,2169
2017-07-07 15:20:00-04:00,44.415,44.45,44.41,44.445,3130
2017-07-07 15:25:00-04:00,44.45,44.45,44.4,44.41,3444
2017-07-07 15:30:00-04:00,44.41,44.42,44.4,44.4,6177
2017-07-07 15:35:00-04:00,44.4,44.4,44.37,44.39,10593
2017-07-07 15:40:00-04:00,44.39,44.42,44.38,44.405,27346
2017-07-07 15:45:00-04:00,44.405,44.43,44.4,44.41,14396
2017-07-07 15:50:00-04:00,44.415,44.42,44.39,44.39,41632
2017-07-07 15:55:00-04:00,44.39,44.42,44.36,44.37,69245
2017-07-10 09:30:00-04:00,44.425,44.48,44.415,44.48,7981
2017-07-10 09:35:00-04:00,44.475,44.475,44.41,44.44,8417
2017-07-10 09:40:00-04:00,44.44,44.44,44.4,44.42,10531
2017-07-10 09:45:00-04:00,44.41,44.455,44.395,44.425,11851
2017-07-10 09:50:00-04:00,44.425,44.45,44.4,44.45,5417
2017-07-10 09:55:00-04:00,44.45,44.46,44.39,44.41,17041
2017-07-10 10:00:00-04:00,44.415,44.46,44.41,44.46,36024
2017-07-10 10:05:00-04:00,44.465,44.52,44.465,44.515,16200
2017-07-10 10:10:00-04:00,44.52,44.525,44.495,44.51,22010
2017-07-10 10:15:00-04:00,44.51,44.52,44.495,44.5,30386
2017-07-10 10:20:00-04:00,44.5,44.52,44.47,44.52,14923
2017-07-10 10:25:00-04:00,44.525,44.53,44.505,44.53,32308
2017-07-10 10:30:00-04:00,44.525,44.525,44.5,44.52,26258
2017-07-10 10:35:00-04:00,44.55,44.56,44.52,44.54,10953
2017-07-10 10:40:00-04:00,44.53,44.57,44.53,44.555,7075
2017-07-10 10:45:00-04:00,44.545,44.56,44.54,44.56,4891
2017-07-10 10:50:00-04:00,44.56,44.57,44.515,44.515,9008
2017-07-10 10:55:00-04:00,44.52,44.55,44.52,44.545,3985
2017-07-10 11:00:00-04:00,44.56,44.56,44.5,44.525,6373
2017-07-10 11:05:00-04:00,44.53,44.55,44.505,44.505,7976
2017-07-10 11:10:00-04:00,44.505,44.515,44.485,44.515,7196
2017-07-10 11:15:00-04:00,44.52,44.52,44.495,44.505,5848
2017-07-10 11:20:00-04:00,44.505,44.52,44.48,44.52,10826
2017-07-10 11:25:00-04:00,44.51,44.51,44.5,44.5,6022
2017-07-10 11:30:00-04:00,44.49,44.49,44.48,44.49,2407
2017-07-10 11:35:00-04:00,44.485,44.505,44.48,44.49,7795
2017-07-10 11:40:00-04:00,44.49,44.5,44.49,44.5,4933
2017-07-10 11:45:00-04:00,44.51,44.51,44.495,44.505,4582
2017-07-10 11:50:00-04:00,44.5,44.505,44.46,44.475,5812
2017-07-10 11:55:00-04:00,44.48,44.485,44.46,44.48,2476
2017-07-10 12:00:00-04:00,44.485,44.5,44.455,44.455,6424
2017-07-10 12:05:00-04:00,44.455,44.47,44.45,44.47,2005
2017-07-10 12:10:00-04:00,44.47,44.47,44.425,44.425,6009
2017-07-10 12:15:00-04:00,44.43,44.445,44.42,44.445,5307
2017-07-10 12:20:00-04:00,44.455,44.475,44.455,44.465,53977
2017-07-10 12:25:00-04:00,44.46,44.465,44.45,44.46,6657
2017-07-10 12:30:00-04:00,44.465,44.47,44.435,44.435,3895
2017-07-10 12:35:00-04:00,44.43,44.46,44.43,44.46,2693
2017-07-10 12:40:00-04:00,44.47,44.47,44.44,44.44,4848
2017-07-10 12:45:00-04:00,44.42,44.42,44.385,44.4,5094
2017-07-10 12:50:00-04:00,44.4,44.4,44.39,44.39,3363
2017-07-10 12:55:00-04:00,44.39,44.41,44.37,44.37,3314
2017-07-10 13:00:00-04:00,44.39,44.42,44.39,44.42,1941
2017-07-10 13:05:00-04:00,44.42,44.42,44.39,44.4,3472
2017-07-10 13:10:00-04:00,44.4,44.43,44.4,44.42,11564
2017-07-10 13:15:00-04:00,44.4,44.41,44.39,44.41,793
2017-07-10 13:20:00-04:00,44.405,44.41,44.38,44.4,5628
2017-07-10 13:25:00-04:00,44.42,44.45,44.415,44.445,5618
2017-07-10 13:30:00-04:00,44.44,44.44,44.4,44.41,7933
2017-07-10 13:35:00-04:00,44.4,44.41,44.38,44.385,104667
2017-07-10 13:40:00-04:00,44.385,44.385,44.34,44.355,17761
2017-07-10 13:45:00-04:00,44.355,44.37,44.34,44.355,16349
2017-07-10 13:50:00-04:00,44.35,44.415,44.35,44.38,18047
2017-07-10 13:55:00-04:00,44.36,44.365,44.36,44.365,4868
2017-07-10 14:00:00-04:00,44.36,44.365,44.34,44.34,9602
2017-07-10 14:05:00-04:00,44.34,44.345,44.31,44.32,7328
2017-07-10 14:10:00-04:00,44.31,44.32,44.29,44.29,4477
2017-07-10 14:15:00-04:00,44.285,44.285,44.23,44.23,9996
2017-07-10 14:20:00-04:00,44.24,44.28,44.24,44.28,11868
2017-07-10 14:25:00-04:00,44.275,44.315,44.27,44.275,14551
2017-07-10 14:30:00-04:00,44.275,44.28,44.25,44.25,7061
2017-07-10 14:35:00-04:00,44.25,44.26,44.24,44.26,12677
2017-07-10 14:40:00-04:00,44.28,44.33,44.28,44.33,6306
2017-07-10 14:45:00-04:00,44.33,44.35,44.33,44.35,8165
2017-07-10 14:50:00-04:00,44.35,44.37,44.35,44.36,6799
2017-07-10 14:55:00-04:00,44.365,44.39,44.36,44.39,4595
2017-07-10 15:00:00-04:00,44.4,44.4,44.38,44.38,6550
2017-07-10 15:05:00-04:00,44.38,44.4,44.38,44.39,5084
2017-07-10 15:10:00-04:00,44.39,44.4,44.385,44.395,8493
2017-07-10 15:15:00-04:00,44.4,44.4,44.37,44.37,8064
2017-07-10 15:20:00-04:00,44.36,44.39,44.35,44.39,7762
2017-07-10 15:25:00-04:00,44.39,44.4,44.38,44.39,5119
2017-07-10 15:30:00-04:00,44.39,44.42,44.385,44.405,5552
2017-07-10 15:35:00-04:00,44.4,44.41,44.39,44.395,9015
2017-07-10 15:40:00-04:00,44.4,44.43,44.4,44.415,24237
2017-07-10 15:45:00-04:00,44.41,44.42,44.38,44.38,23152
2017-07-10 15:50:00-04:00,44.38,44.38,44.36,44.36,13511
2017-07-10 15:55:00-04:00,44.36,44.41,44.345,44.4,59044
2017-07-11 09:30:00-04:00,44.33,44.39,44.28,44.29,5945
2017-07-11 09:35:00-04:00,44.29,44.355,44.26,44.315,20217
2017-07-11 09:40:00-04:00,44.32,44.39,44.3,44.34,8368
2017-07-11 09:45:00-04:00,44.33,44.4,44.31,44.38,14902
2017-07-11 09:50:00-04:00,44.38,44.45,44.37,44.43,10052
2017-07-11 09:55:00-04:00,44.43,44.43,44.4,44.42,9856
2017-07-11 10:00:00-04:00,44.4,44.41,44.375,44.4,11339
2017-07-11 10:05:00-04:00,44.4,44.43,44.39,44.42,13737
2017-07-11 10:10:00-04:00,44.41,44.41,44.36,44.41,7684
2017-07-11 10:15:00-04:00,44.405,44.405,44.345,44.38,5297
2017-07-11 10:20:00-04:00,44.38,44.41,44.38,44.38,16925
2017-07-11 10:25:00-04:00,44.39,44.39,44.34,44.37,4003
2017-07-11 10:30:00-04:00,44.37,44.37,44.315,44.34,5616
2017-07-11 10:35:00-04:00,44.34,44.345,44.295,44.295,3504
2017-07-11 10:40:00-04:00,44.295,44.34,44.295,44.33,9590
2017-07-11 10:45:00-04:00,44.32,44.325,44.29,44.31,8737
2017-07-11 10:50:00-04:00,44.3,44.33,44.295,44.33,4961
2017-07-11 10:55:00-04:00,44.32,44.33,44.3,44.315,11261
2017-07-11 11:00:00-04:00,44.32,44.34,44.31,44.31,5835
2017-07-11 11:05:00-04:00,44.31,44.33,44.3,44.31,3241
2017-07-11 11:10:00-04:00,44.31,44.32,44.28,44.28,5746
2017-07-11 11:15:00-04:00,44.28,44.29,44.25,44.28,2352
2017-07-11 11:20:00-04:00,44.27,44.32,44.25,44.25,12101
2017-07-11 11:25:00-04:00,44.25,44.25,44.16,44.24,4146
2017-07-11 11:30:00-04:00,44.23,44.29,44.23,44.28,2492
2017-07-11 11:35:00-04:00,44.27,44.3,44.26,44.3,202819
2017-07-11 11:40:00-04:00,44.27,44.305,44.27,44.3,3535
2017-07-11 11:45:00-04:00,44.3,44.3,44.27,44.28,2354
2017-07-11 11:50:00-04:00,44.29,44.31,44.28,44.3,13332
2017-07-11 11:55:00-04:00,44.3,44.3,44.28,44.29,19228
2017-07-11 12:00:00-04:00,44.29,44.32,44.29,44.31,5959
2017-07-11 12:05:00-04:00,44.325,44.325,44.3,44.3,1109
2017-07-11 12:10:00-04:00,44.29,44.3,44.28,44.29,3231
2017-07-11 12:15:00-04:00,44.295,44.3,44.27,44.28,1501
2017-07-11 12:20:00-04:00,44.26,44.265,44.26,44.26,2076
2017-07-11 12:25:00-04:00,44.26,44.27,44.25,44.26,3107
2017-07-11 12:30:00-04:00,44.26,44.26,44.25,44.26,401
2017-07-11 12:35:00-04:00,44.24,44.25,44.24,44.25,1007
2017-07-11 12:40:00-04:00,44.27,44.29,44.26,44.29,1118
2017-07-11 12:45:00-04:00,44.285,44.32,44.285,44.32,13303
2017-07-11 12:50:00-04:00,44.32,44.34,44.32,44.34,2986
2017-07-11 12:55:00-04:00,44.35,44.36,44.345,44.345,5204
2017-07-11 13:00:00-04:00,44.335,44.34,44.335,44.335,601
2017-07-11 13:05:00-04:00,44.34,44.35,44.335,44.34,2415
2017-07-11 13:10:00-04:00,44.345,44.345,44.33,44.33,2017
2017-07-11 13:15:00-04:00,44.33,44.34,44.33,44.335,1196
2017-07-11 13:20:00-04:00,44.33,44.34,44.31,44.31,1223
2017-07-11 13:25:00-04:00,44.3,44.31,44.3,44.3,5425
2017-07-11 13:30:00-04:00,44.3,44.305,44.27,44.28,2462
2017-07-11 13:35:00-04:00,44.29,44.29,44.28,44.28,1888
2017-07-11 13:40:00-04:00,44.28,44.35,44.27,44.34,1908
2017-07-11 13:45:00-04:00,44.35,44.39,44.35,44.38,4934
2017-07-11 13:50:00-04:00,44.375,44.38,44.34,44.345,3465
2017-07-11 13:55:00-04:00,44.37,44.4,44.355,44.4,4134
2017-07-11 14:00:00-04:00,44.4,44.44,44.4,44.44,1295
2017-07-11 14:05:00-04:00,44.43,44.435,44.42,44.43,2063
2017-07-11 14:10:00-04:00,44.43,44.43,44.4,44.41,2202
2017-07-11 14:15:00-04:00,44.4,44.41,44.375,44.38,2957
2017-07-11 14:20:00-04:00,44.39,44.41,44.39,44.41,1954
2017-07-11 14:25:00-04:00,44.4,44.425,44.4,44.425,1758
2017-07-11 14:30:00-04:00,44.41,44.41,44.38,44.38,1675
2017-07-11 14:35:00-04:00,44.39,44.405,44.39,44.405,1404
2017-07-11 14:40:00-04:00,44.4,44.405,44.38,44.38,1777
2017-07-11 14:45:00-04:00,44.39,44.4,44.37,44.37,2915
2017-07-11 14:50:00-04:00,44.38,44.38,44.35,44.37,2649
2017-07-11 14:55:00-04:00,44.37,44.37,44.36,44.37,1945
2017-07-11 15:00:00-04:00,44.365,44.39,44.36,44.39,3305
2017-07-11 15:05:00-04:00,44.39,44.39,44.38,44.39,2034
2017-07-11 15:10:00-04:00,44.39,44.41,44.39,44.41,9268
2017-07-11 15:15:00-04:00,44.41,44.43,44.405,44.43,4388
2017-07-11 15:20:00-04:00,44.42,44.43,44.415,44.415,4159
2017-07-11 15:25:00-04:00,44.415,44.45,44.415,44.445,11855
2017-07-11 15:30:00-04:00,44.45,44.48,44.45,44.45,6776
2017-07-11 15:35:00-04:00,44.44,44.44,44.385,44.385,10740
2017-07-11 15:40:00-04:00,44.385,44.385,44.325,44.34,26247
2017-07-11 15:45:00-04:00,44.33,44.35,44.32,44.335,23715
2017-07-11 15:50:00-04:00,44.335,44.37,44.33,44.37,19643
2017-07-11 15:55:00-04:00,44.37,44.37,44.33,44.34,27745
2017-07-12 09:30:00-04:00,44.585,44.67,44.58,44.67,2797
2017-07-12 09:35:00-04:00,44.64,44.695,44.62,44.685,5480
2017-07-12 09:40:00-04:00,44.685,44.695,44.64,44.66,3101
2017-07-12 09:45:00-04:00,44.69,44.75,44.69,44.73,2865
2017-07-12 09:50:00-04:00,44.75,44.77,44.68,44.71,4407
2017-07-12 09:55:00-04:00,44.7,44.7,44.67,44.67,2553
2017-07-12 10:00:00-04:00,44.675,44.69,44.59,44.61,8117
2017-07-12 10:05:00-04:00,44.62,44.62,44.595,44.62,5174
2017-07-12 10:10:00-04:00,44.625,44.625,44.58,44.585,11626
2017-07-12 10:15:00-04:00,44.585,44.625,44.57,44.6,14982
2017-07-12 10:20:00-04:00,44.6,44.64,44.59,44.61,8820
2017-07-12 10:25:00-04:00,44.6,44.635,44.6,44.6,4003
2017-07-12 10:30:00-04:00,44.605,44.62,44.59,44.6,6471
2017-07-12 10:35:00-04:00,44.6,44.61,44.565,44.605,6223
2017-07-12 10:40:00-04:00,44.61,44.62,44.6,44.61,21587
2017-07-12 10:45:00-04:00,44.605,44.645,44.605,44.645,10768
2017-07-12 10:50:00-04:00,44.64,44.66,44.62,44.625,7505
2017-07-12 10:55:00-04:00,44.63,44.63,44.58,44.585,4702
2017-07-12 11:00:00-04:00,44.61,44.615,44.59,44.6,4627
2017-07-12 11:05:00-04:00,44.61,44.61,44.58,44.58,3842
2017-07-12 11:10:00-04:00,44.58,44.58,44.54,44.54,2323
2017-07-12 11:15:00-04:00,44.525,44.54,44.495,44.5,3689
2017-07-12 11:20:00-04:00,44.5,44.52,44.48,44.515,3852
2017-07-12 11:25:00-04:00,44.52,44.525,44.465,44.465,2095
2017-07-12 11:30:00-04:00,44.46,44.47,44.45,44.46,4820
2017-07-12 11:35:00-04:00,44.46,44.46,44.45,44.46,3921
2017-07-12 11:40:00-04:00,44.45,44.465,44.44,44.465,6567
2017-07-12 11:45:00-04:00,44.47,44.47,44.46,44.46,3595
2017-07-12 11:50:00-04:00,44.465,44.47,44.44,44.445,4278
2017-07-12 11:55:00-04:00,44.45,44.49,44.445,44.485,3083
2017-07-12 12:00:00-04:00,44.485,44.485,44.47,44.48,1720
2017-07-12 12:05:00-04:00,44.48,44.495,44.47,44.495,4436
2017-07-12 12:10:00-04:00,44.5,44.5,44.48,44.49,2212
2017-07-12 12:15:00-04:00,44.465,44.49,44.465,44.49,1227
2017-07-12 12:20:00-04:00,44.51,44.51,44.475,44.48,2220
2017-07-12 12:25:00-04:00,44.47,44.47,44.47,44.47,2100
2017-07-12 12:30:00-04:00,44.47,44.47,44.46,44.46,1497
2017-07-12 12:35:00-04:00,44.46,44.48,44.46,44.48,3171
2017-07-12 12:40:00-04:00,44.48,44.49,44.475,44.48,1974
2017-07-12 12:45:00-04:00,44.46,44.47,44.46,44.47,1353
2017-07-12 12:50:00-04:00,44.49,44.495,44.475,44.48,7058
2017-07-12 12:55:00-04:00,44.48,44.49,44.48,44.49,2536
2017-07-12 13:00:00-04:00,44.49,44.495,44.47,44.47,1350
2017-07-12 13:05:00-04:00,44.48,44.49,44.48,44.49,902
2017-07-12 13:10:00-04:00,44.49,44.51,44.49,44.5,1336
2017-07-12 13:15:00-04:00,44.5,44.5,44.475,44.49,2293
2017-07-12 13:20:00-04:00,44.5,44.5,44.49,44.5,827
2017-07-12 13:25:00-04:00,44.505,44.515,44.5,44.515,1593
2017-07-12 13:30:00-04:00,44.505,44.52,44.5,44.52,1524
2017-07-12 13:35:00-04:00,44.53,44.53,44.5,44.5,1736
2017-07-12 13:40:00-04:00,44.51,44.515,44.5,44.5,1630
2017-07-12 13:45:00-04:00,44.505,44.53,44.505,44.53,1176
2017-07-12 13:50:00-04:00,44.53,44.55,44.52,44.54,1732
2017-07-12 13:55:00-04:00,44.54,44.555,44.54,44.555,1485
2017-07-12 14:00:00-04:00,44.545,44.555,44.53,44.555,2875
2017-07-12 14:05:00-04:00,44.55,44.555,44.525,44.54,4420
2017-07-12 14:10:00-04:00,44.535,44.535,44.515,44.53,1436
2017-07-12 14:15:00-04:00,44.53,44.545,44.53,44.54,743
2017-07-12 14:20:00-04:00,44.54,44.54,44.51,44.51,2850
2017-07-12 14:25:00-04:00,44.52,44.545,44.52,44.54,4177
2017-07-12 14:30:00-04:00,44.545,44.55,44.52,44.52,3989
2017-07-12 14:35:00-04:00,44.52,44.535,44.52,44.52,2397
2017-07-12 14:40:00-04:00,44.515,44.52,44.5,44.5,2079
2017-07-12 14:45:00-04:00,44.5,44.51,44.5,44.505,2006
2017-07-12 14:50:00-04:00,44.5,44.51,44.49,44.51,33758
2017-07-12 14:55:00-04:00,44.515,44.52,44.51,44.515,1100
2017-07-12 15:00:00-04:00,44.51,44.52,44.5,44.52,3935
2017-07-12 15:05:00-04:00,44.52,44.53,44.52,44.53,3210
2017-07-12 15:10:00-04:00,44.52,44.52,44.51,44.51,2926
2017-07-12 15:15:00-04:00,44.515,44.515,44.49,44.495,4023
2017-07-12 15:20:00-04:00,44.5,44.52,44.495,44.52,3831
2017-07-12 15:25:00-04:00,44.52,44.52,44.48,44.5,9290
2017-07-12 15:30:00-04:00,44.49,44.52,44.48,44.48,7533
2017-07-12 15:35:00-04:00,44.48,44.5,44.48,44.495,8801
2017-07-12 15:40:00-04:00,44.49,44.51,44.49,44.51,8847
2017-07-12 15:45:00-04:00,44.51,44.53,44.5,44.5,14221
2017-07-12 15:50:00-04:00,44.5,44.5,44.48,44.49,21318
2017-07-12 15:55:00-04:00,44.485,44.52,44.48,44.5,81515
2017-07-13 09:30:00-04:00,44.45,44.48,44.44,44.45,5010
2017-07-13 09:35:00-04:00,44.47,44.48,44.42,44.46,4219
2017-07-13 09:40:00-04:00,44.44,44.48,44.44,44.44,4975
2017-07-13 09:45:00-04:00,44.44,44.48,44.44,44.45,5474
2017-07-13 09:50:00-04:00,44.45,44.45,44.405,44.41,3466
2017-07-13 09:55:00-04:00,44.4,44.41,44.38,44.39,37155
2017-07-13 10:00:00-04:00,44.4,44.44,44.39,44.44,7404
2017-07-13 10:05:00-04:00,44.435,44.46,44.43,44.44,9130
2017-07-13 10:10:00-04:00,44.45,44.48,44.44,44.47,2967
2017-07-13 10:15:00-04:00,44.47,44.47,44.445,44.45,2267
2017-07-13 10:20:00-04:00,44.45,44.47,44.4,44.405,2868
2017-07-13 10:25:00-04:00,44.41,44.42,44.38,44.405,4353
2017-07-13 10:30:00-04:00,44.415,44.43,44.395,44.43,2329
2017-07-13 10:35:00-04:00,44.42,44.43,44.41,44.42,2001
2017-07-13 10:40:00-04:00,44.43,44.44,44.42,44.42,1601
2017-07-13 10:45:00-04:00,44.415,44.42,44.4,44.405,2012
2017-07-13 10:50:00-04:00,44.4,44.41,44.375,44.38,8272
2017-07-13 10:55:00-04:00,44.375,44.42,44.375,44.41,9116
2017-07-13 11:00:00-04:00,44.41,44.43,44.4,44.43,3260
2017-07-13 11:05:00-04:00,44.43,44.44,44.42,44.435,3054
2017-07-13 11:10:00-04:00,44.45,44.455,44.43,44.45,2765
2017-07-13 11:15:00-04:00,44.45,44.47,44.45,44.465,3103
2017-07-13 11:20:00-04:00,44.47,44.48,44.45,44.465,5561
2017-07-13 11:25:00-04:00,44.47,44.47,44.42,44.42,7415
2017-07-13 11:30:00-04:00,44.43,44.44,44.425,44.435,8393
2017-07-13 11:35:00-04:00,44.435,44.44,44.43,44.435,4462
2017-07-13 11:40:00-04:00,44.44,44.45,44.435,44.44,2931
2017-07-13 11:45:00-04:00,44.45,44.465,44.45,44.465,4023
2017-07-13 11:50:00-04:00,44.47,44.48,44.47,44.475,4335
2017-07-13 11:55:00-04:00,44.48,44.48,44.46,44.47,1085
2017-07-13 12:00:00-04:00,44.465,44.47,44.465,44.47,1374
2017-07-13 12:05:00-04:00,44.47,44.49,44.47,44.48,1800
2017-07-13 12:10:00-04:00,44.48,44.48,44.47,44.47,1770
2017-07-13 12:15:00-04:00,44.48,44.49,44.48,44.49,1973
2017-07-13 12:20:00-04:00,44.495,44.495,44.485,44.49,825
2017-07-13 12:25:00-04:00,44.5,44.5,44.46,44.46,3246
2017-07-13 12:30:00-04:00,44.45,44.45,44.445,44.45,465
2017-07-13 12:35:00-04:00,44.45,44.475,44.45,44.475,848
2017-07-13 12:40:00-04:00,44.475,44.48,44.45,44.45,1986
2017-07-13 12:45:00-04:00,44.44,44.465,44.44,44.465,1633
2017-07-13 12:50:00-04:00,44.465,44.465,44.44,44.46,1502
2017-07-13 12:55:00-04:00,44.46,44.46,44.455,44.455,2149
2017-07-13 13:00:00-04:00,44.465,44.465,44.44,44.455,2485
2017-07-13 13:05:00-04:00,44.45,44.47,44.45,44.465,4084
2017-07-13 13:10:00-04:00,44.47,44.49,44.47,44.485,3933
2017-07-13 13:15:00-04:00,44.49,44.51,44.49,44.51,850
2017-07-13 13:20:00-04:00,44.505,44.51,44.485,44.49,2764
2017-07-13 13:25:00-04:00,44.485,44.49,44.47,44.475,1600
2017-07-13 13:30:00-04:00,44.48,44.49,44.48,44.49,1966
2017-07-13 13:35:00-04:00,44.49,44.5,44.48,44.5,2375
2017-07-13 13:40:00-04:00,44.5,44.52,44.5,44.52,2032
2017-07-13 13:45:00-04:00,44.51,44.51,44.49,44.5,1856
2017-07-13 13:50:00-04:00,44.5,44.51,44.5,44.5,1904
2017-07-13 13:55:00-04:00,44.51,44.52,44.5,44.52,1128
2017-07-13 14:00:00-04:00,44.52,44.52,44.485,44.49,3317
2017-07-13 14:05:00-04:00,44.485,44.495,44.485,44.49,1532
2017-07-13 14:10:00-04:00,44.49,44.5,44.475,44.49,2346
2017-07-13 14:15:00-04:00,44.48,44.48,44.47,44.47,3649
2017-07-13 14:20:00-04:00,44.45,44.48,44.45,44.47,2740
2017-07-13 14:25:00-04:00,44.48,44.49,44.47,44.47,2692
2017-07-13 14:30:00-04:00,44.47,44.48,44.46,44.47,1960
2017-07-13 14:35:00-04:00,44.465,44.47,44.455,44.455,1156
2017-07-13 14:40:00-04:00,44.46,44.465,44.445,44.445,2062
2017-07-13 14:45:00-04:00,44.445,44.47,44.44,44.46,3370
2017-07-13 14:50:00-04:00,44.46,44.465,44.445,44.45,2789
2017-07-13 14:55:00-04:00,44.44,44.455,44.425,44.425,2405
2017-07-13 15:00:00-04:00,44.41,44.41,44.395,44.4,6488
2017-07-13 15:05:00-04:00,44.405,44.425,44.4,44.425,3999
2017-07-13 15:10:00-04:00,44.425,44.425,44.415,44.42,2777
2017-07-13 15:15:00-04:00,44.415,44.42,44.4,44.42,4231
2017-07-13 15:20:00-04:00,44.42,44.425,44.42,44.42,2974
2017-07-13 15:25:00-04:00,44.425,44.44,44.42,44.435,5939
2017-07-13 15:30:00-04:00,44.44,44.44,44.4,44.42,4411
2017-07-13 15:35:00-04:00,44.415,44.435,44.415,44.425,3962
2017-07-13 15:40:00-04:00,44.42,44.43,44.42,44.42,6946
2017-07-13 15:45:00-04:00,44.44,44.47,44.42,44.44,8178
2017-07-13 15:50:00-04:00,44.45,44.45,44.44,44.44,10708
2017-07-13 15:55:00-04:00,44.44,44.48,44.43,44.445,20862
2017-07-14 09:30:00-04:00,44.57,44.61,44.56,44.56,900
2017-07-14 09:35:00-04:00,44.595,44.595,44.53,44.53,2113
2017-07-14 09:40:00-04:00,44.54,44.605,44.54,44.57,3226
2017-07-14 09:45:00-04:00,44.56,44.575,44.525,44.55,5614
2017-07-14 09:50:00-04:00,44.565,44.57,44.53,44.53,3368
2017-07-14 09:55:00-04:00,44.525,44.58,44.515,44.57,6747
2017-07-14 10:00:00-04:00,44.545,44.57,44.5,44.5,4441
2017-07-14 10:05:00-04:00,44.51,44.545,44.51,44.51,1686
2017-07-14 10:10:00-04:00,44.53,44.57,44.52,44.56,1813
2017-07-14 10:15:00-04:00,44.55,44.6,44.55,44.6,1648
2017-07-14 10:20:00-04:00,44.61,44.62,44.595,44.6,1915
2017-07-14 10:25:00-04:00,44.6,44.6,44.58,44.58,1450
2017-07-14 10:30:00-04:00,44.575,44.59,44.57,44.57,3064
2017-07-14 10:35:00-04:00,44.585,44.615,44.585,44.6,1816
2017-07-14 10:40:00-04:00,44.605,44.605,44.58,44.59,3308
2017-07-14 10:45:00-04:00,44.6,44.625,44.595,44.625,1517
2017-07-14 10:50:00-04:00,44.63,44.64,44.61,44.61,3586
2017-07-14 10:55:00-04:00,44.63,44.635,44.605,44.61,2304
2017-07-14 11:00:00-04:00,44.6,44.6,44.555,44.56,2648
2017-07-14 11:05:00-04:00,44.55,44.58,44.54,44.58,6538
2017-07-14 11:10:00-04:00,44.59,44.61,44.56,44.57,5836
2017-07-14 11:15:00-04:00,44.57,44.605,44.57,44.58,2931
2017-07-14 11:20:00-04:00,44.59,44.61,44.59,44.59,2578
2017-07-14 11:25:00-04:00,44.59,44.61,44.585,44.605,2309
2017-07-14 11:30:00-04:00,44.61,44.62,44.595,44.6,1833
2017-07-14 11:35:00-04:00,44.61,44.61,44.599,44.61,2437
2017-07-14 11:40:00-04:00,44.61,44.635,44.61,44.63,2145
2017-07-14 11:45:00-04:00,44.635,44.635,44.6,44.63,1993
2017-07-14 11:50:00-04:00,44.625,44.635,44.62,44.635,2328
2017-07-14 11:55:00-04:00,44.635,44.64,44.62,44.63,2615
2017-07-14 12:00:00-04:00,44.63,44.645,44.625,44.63,2860
2017-07-14 12:05:00-04:00,44.625,44.64,44.625,44.64,2875
2017-07-14 12:10:00-04:00,44.65,44.67,44.65,44.67,777
2017-07-14 12:15:00-04:00,44.66,44.66,44.64,44.645,2326
2017-07-14 12:20:00-04:00,44.645,44.65,44.64,44.645,2436
2017-07-14 12:25:00-04:00,44.65,44.655,44.65,44.655,1730
2017-07-14 12:30:00-04:00,44.655,44.655,44.63,44.63,1711
2017-07-14 12:35:00-04:00,44.63,44.67,44.63,44.67,1802
2017-07-14 12:40:00-04:00,44.67,44.675,44.665,44.67,604
2017-07-14 12:45:00-04:00,44.67,44.67,44.64,44.65,3458
2017-07-14 12:50:00-04:00,44.65,44.665,44.65,44.66,2545
2017-07-14 12:55:00-04:00,44.68,44.69,44.65,44.665,1534
2017-07-14 13:00:00-04:00,44.66,44.67,44.65,44.67,3038
2017-07-14 13:05:00-04:00,44.66,44.69,44.66,44.69,2534
2017-07-14 13:10:00-04:00,44.685,44.695,44.68,44.69,1507
2017-07-14 13:15:00-04:00,44.69,44.71,44.69,44.71,1873
2017-07-14 13:20:00-04:00,44.71,44.72,44.705,44.705,2466
2017-07-14 13:25:00-04:00,44.7,44.7,44.69,44.7,2717
2017-07-14 13:30:00-04:00,44.705,44.705,44.68,44.685,1811
2017-07-14 13:35:00-04:00,44.685,44.7,44.68,44.695,2411
2017-07-14 13:40:00-04:00,44.69,44.69,44.675,44.675,903
2017-07-14 13:45:00-04:00,44.675,44.685,44.67,44.685,2193
2017-07-14 13:50:00-04:00,44.69,44.7,44.68,44.695,9998
2017-07-14 13:55:00-04:00,44.69,44.7,44.675,44.675,3333
2017-07-14 14:00:00-04:00,44.67,44.68,44.65,44.655,4782
2017-07-14 14:05:00-04:00,44.65,44.665,44.65,44.66,2545
2017-07-14 14:10:00-04:00,44.665,44.68,44.655,44.68,2390
2017-07-14 14:15:00-04:00,44.69,44.695,44.68,44.685,1034
2017-07-14 14:20:00-04:00,44.68,44.685,44.66,44.66,4506
2017-07-14 14:25:00-04:00,44.66,44.69,44.66,44.69,2415
2017-07-14 14:30:00-04:00,44.68,44.68,44.67,44.675,844
2017-07-14 14:35:00-04:00,44.66,44.67,44.66,44.66,2134
2017-07-14 14:40:00-04:00,44.68,44.68,44.64,44.64,1783
2017-07-14 14:45:00-04:00,44.645,44.65,44.64,44.64,1701
2017-07-14 14:50:00-04:00,44.65,44.65,44.62,44.63,3041
2017-07-14 14:55:00-04:00,44.62,44.62,44.62,44.62,1327
2017-07-14 15:00:00-04:00,44.62,44.65,44.62,44.64,3044
2017-07-14 15:05:00-04:00,44.645,44.65,44.63,44.63,1333
2017-07-14 15:10:00-04:00,44.63,44.63,44.63,44.63,801
2017-07-14 15:15:00-04:00,44.635,44.66,44.63,44.66,4681
2017-07-14 15:20:00-04:00,44.66,44.69,44.66,44.69,2636
2017-07-14 15:25:00-04:00,44.685,44.69,44.685,44.685,1711
2017-07-14 15:30:00-04:00,44.69,44.69,44.67,44.67,3828
2017-07-14 15:35:00-04:00,44.68,44.68,44.67,44.68,4455
2017-07-14 15:40:00-04:00,44.68,44.715,44.68,44.705,12800
2017-07-14 15:45:00-04:00,44.71,44.71,44.68,44.68,8623
2017-07-14 15:50:00-04:00,44.68,44.68,44.65,44.66,27421
2017-07-14 15:55:00-04:00,44.65,44.665,44.61,44.66,43137
2017-07-17 09:30:00-04:00,44.65,44.7,44.64,44.69,1515
2017-07-17 09:35:00-04:00,44.69,44.71,44.66,44.69,2926
2017-07-17 09:40:00-04:00,44.69,44.69,44.645,44.645,7275
2017-07-17 09:45:00-04:00,44.65,44.67,44.62,44.665,12007
2017-07-17 09:50:00-04:00,44.65,44.68,44.64,44.66,5801
2017-07-17 09:55:00-04:00,44.66,44.66,44.635,44.66,2626
2017-07-17 10:00:00-04:00,44.66,44.68,44.62,44.67,5983
2017-07-17 10:05:00-04:00,44.68,44.73,44.665,44.72,13898
2017-07-17 10:10:00-04:00,44.71,44.755,44.71,44.74,5027
2017-07-17 10:15:00-04:00,44.745,44.775,44.74,44.76,5634
2017-07-17 10:20:00-04:00,44.76,44.76,44.725,44.75,4284
2017-07-17 10:25:00-04:00,44.74,44.76,44.71,44.73,7492
2017-07-17 10:30:00-04:00,44.73,44.75,44.72,44.72,3459
2017-07-17 10:35:00-04:00,44.73,44.73,44.7,44.72,4253
2017-07-17 10:40:00-04:00,44.715,44.77,44.715,44.77,5550
2017-07-17 10:45:00-04:00,44.765,44.77,44.75,44.77,2227
2017-07-17 10:50:00-04:00,44.77,44.77,44.73,44.74,4934
2017-07-17 10:55:00-04:00,44.74,44.76,44.74,44.76,3069
2017-07-17 11:00:00-04:00,44.76,44.76,44.74,44.75,3360
2017-07-17 11:05:00-04:00,44.76,44.76,44.74,44.745,2025
2017-07-17 11:10:00-04:00,44.74,44.74,44.72,44.72,2762
2017-07-17 11:15:00-04:00,44.72,44.73,44.72,44.72,3466
2017-07-17 11:20:00-04:00,44.72,44.725,44.71,44.71,3050
2017-07-17 11:25:00-04:00,44.71,44.755,44.71,44.74,4514
2017-07-17 11:30:00-04:00,44.73,44.73,44.71,44.71,4317
2017-07-17 11:35:00-04:00,44.7,44.72,44.7,44.7,2944
2017-07-17 11:40:00-04:00,44.7,44.7,44.68,44.69,2208
2017-07-17 11:45:00-04:00,44.69,44.715,44.69,44.715,1113
2017-07-17 11:50:00-04:00,44.715,44.715,44.71,44.715,2172
2017-07-17 11:55:00-04:00,44.72,44.76,44.72,44.76,4520
2017-07-17 12:00:00-04:00,44.755,44.77,44.755,44.77,1423
2017-07-17 12:05:00-04:00,44.77,44.78,44.77,44.775,3522
2017-07-17 12:10:00-04:00,44.77,44.78,44.76,44.78,3246
2017-07-17 12:15:00-04:00,44.775,44.78,44.76,44.78,4984
2017-07-17 12:20:00-04:00,44.78,44.78,44.77,44.77,2807
2017-07-17 12:25:00-04:00,44.77,44.775,44.76,44.77,7141
2017-07-17 12:30:00-04:00,44.77,44.77,44.76,44.76,2150
2017-07-17 12:35:00-04:00,44.77,44.77,44.74,44.74,3108
2017-07-17 12:40:00-04:00,44.74,44.75,44.74,44.75,3412
2017-07-17 12:45:00-04:00,44.75,44.76,44.75,44.75,1108
2017-07-17 12:50:00-04:00,44.76,44.77,44.75,44.76,1142
2017-07-17 12:55:00-04:00,44.77,44.78,44.76,44.76,3356
2017-07-17 13:00:00-04:00,44.76,44.77,44.76,44.77,3115
2017-07-17 13:05:00-04:00,44.775,44.775,44.73,44.74,6864
2017-07-17 13:10:00-04:00,44.73,44.74,44.715,44.73,8556
2017-07-17 13:15:00-04:00,44.72,44.72,44.7,44.72,2002
2017-07-17 13:20:00-04:00,44.71,44.71,44.68,44.68,3906
2017-07-17 13:25:00-04:00,44.68,44.685,44.67,44.67,2100
2017-07-17 13:30:00-04:00,44.67,44.71,44.67,44.7,2040
2017-07-17 13:35:00-04:00,44.71,44.735,44.71,44.725,4000
2017-07-17 13:40:00-04:00,44.72,44.73,44.72,44.73,4501
2017-07-17 13:45:00-04:00,44.73,44.73,44.72,44.72,3080
2017-07-17 13:50:00-04:00,44.72,44.74,44.72,44.74,4312
2017-07-17 13:55:00-04:00,44.74,44.74,44.73,44.735,2302
2017-07-17 14:00:00-04:00,44.74,44.74,44.735,44.74,1772
2017-07-17 14:05:00-04:00,44.745,44.76,44.745,44.75,1124
2017-07-17 14:10:00-04:00,44.75,44.77,44.75,44.76,6828
2017-07-17 14:15:00-04:00,44.76,44.77,44.76,44.76,1085
2017-07-17 14:20:00-04:00,44.76,44.765,44.74,44.74,2762
2017-07-17 14:25:00-04:00,44.74,44.75,44.73,44.745,2927
2017-07-17 14:30:00-04:00,44.745,44.75,44.71,44.71,4034
2017-07-17 14:35:00-04:00,44.71,44.72,44.7,44.715,2404
2017-07-17 14:40:00-04:00,44.71,44.715,44.69,44.69,1751
2017-07-17 14:45:00-04:00,44.7,44.7,44.685,44.695,6467
2017-07-17 14:50:00-04:00,44.69,44.695,44.68,44.685,17160
2017-07-17 14:55:00-04:00,44.68,44.69,44.675,44.68,8614
2017-07-17 15:00:00-04:00,44.685,44.685,44.68,44.68,8582
2017-07-17 15:05:00-04:00,44.685,44.685,44.665,44.68,15835
2017-07-17 15:10:00-04:00,44.68,44.69,44.67,44.685,6329
2017-07-17 15:15:00-04:00,44.68,44.685,44.65,44.67,6832
2017-07-17 15:20:00-04:00,44.67,44.68,44.65,44.68,9819
2017-07-17 15:25:00-04:00,44.675,44.705,44.675,44.705,4182
2017-07-17 15:30:00-04:00,44.71,44.72,44.69,44.715,16459
2017-07-17 15:35:00-04:00,44.72,44.72,44.71,44.715,12259
2017-07-17 15:40:00-04:00,44.715,44.72,44.69,44.69,21510
2017-07-17 15:45:00-04:00,44.7,44.72,44.7,44.72,25101
2017-07-17 15:50:00-04:00,44.72,44.74,44.72,44.73,19559
2017-07-17 15:55:00-04:00,44.73,44.73,44.705,44.72,45647
2017-07-18 09:30:00-04:00,44.75,44.75,44.64,44.64,2264
2017-07-18 09:35:00-04:00,44.66,44.72,44.635,44.705,4316
2017-07-18 09:40:00-04:00,44.71,44.73,44.68,44.73,3617
2017-07-18 09:45:00-04:00,44.725,44.725,44.675,44.68,4323
2017-07-18 09:50:00-04:00,44.67,44.72,44.67,44.7,4634
2017-07-18 09:55:00-04:00,44.7,44.72,44.68,44.68,6451
2017-07-18 10:00:00-04:00,44.69,44.7,44.69,44.7,8011
2017-07-18 10:05:00-04:00,44.69,44.7,44.66,44.68,5139
2017-07-18 10:10:00-04:00,44.685,44.745,44.68,44.74,5085
2017-07-18 10:15:00-04:00,44.74,44.74,44.7,44.705,2206
2017-07-18 10:20:00-04:00,44.7,44.7,44.68,44.695,7205
2017-07-18 10:25:00-04:00,44.695,44.715,44.695,44.7,3464
2017-07-18 10:30:00-04:00,44.69,44.7,44.68,44.69,2604
2017-07-18 10:35:00-04:00,44.7,44.705,44.685,44.69,4108
2017-07-18 10:40:00-04:00,44.68,44.695,44.64,44.65,6647
2017-07-18 10:45:00-04:00,44.65,44.65,44.62,44.62,2028
2017-07-18 10:50:00-04:00,44.63,44.67,44.63,44.665,1913
2017-07-18 10:55:00-04:00,44.685,44.71,44.68,44.705,3508
2017-07-18 11:00:00-04:00,44.705,44.74,44.7,44.74,3251
2017-07-18 11:05:00-04:00,44.745,44.75,44.72,44.72,3012
2017-07-18 11:10:00-04:00,44.705,44.73,44.705,44.73,1311
2017-07-18 11:15:00-04:00,44.725,44.76,44.725,44.75,3033
2017-07-18 11:20:00-04:00,44.77,44.78,44.76,44.77,3641
2017-07-18 11:25:00-04:00,44.77,44.78,44.755,44.755,4635
2017-07-18 11:30:00-04:00,44.755,44.785,44.755,44.77,1676
2017-07-18 11:35:00-04:00,44.765,44.775,44.75,44.75,1601
2017-07-18 11:40:00-04:00,44.74,44.74,44.715,44.72,2904
2017-07-18 11:45:00-04:00,44.72,44.75,44.72,44.745,2426
2017-07-18 11:50:00-04:00,44.75,44.78,44.75,44.78,1627
2017-07-18 11:55:00-04:00,44.77,44.79,44.77,44.79,6352
2017-07-18 12:00:00-04:00,44.785,44.81,44.785,44.79,2533
2017-07-18 12:05:00-04:00,44.79,44.79,44.785,44.79,2088
2017-07-18 12:10:00-04:00,44.79,44.8,44.78,44.78,10066
2017-07-18 12:15:00-04:00,44.77,44.79,44.77,44.785,3174
2017-07-18 12:20:00-04:00,44.785,44.82,44.785,44.82,3362
2017-07-18 12:25:00-04:00,44.82,44.835,44.81,44.83,7974
2017-07-18 12:30:00-04:00,44.83,44.85,44.83,44.845,2354
2017-07-18 12:35:00-04:00,44.84,44.84,44.82,44.825,3096
2017-07-18 12:40:00-04:00,44.82,44.825,44.8,44.8,3026
2017-07-18 12:45:00-04:00,44.795,44.805,44.795,44.8,2715
2017-07-18 12:50:00-04:00,44.795,44.82,44.795,44.82,2545
2017-07-18 12:55:00-04:00,44.81,44.81,44.775,44.775,4040
2017-07-18 13:00:00-04:00,44.775,44.8,44.775,44.8,4356
2017-07-18 13:05:00-04:00,44.8,44.8,44.79,44.795,1310
2017-07-18 13:10:00-04:00,44.795,44.81,44.79,44.81,1465
2017-07-18 13:15:00-04:00,44.805,44.81,44.785,44.79,4654
2017-07-18 13:20:00-04:00,44.795,44.8,44.79,44.795,5822
2017-07-18 13:25:00-04:00,44.795,44.81,44.78,44.785,8637
2017-07-18 13:30:00-04:00,44.79,44.79,44.765,44.77,3404
2017-07-18 13:35:00-04:00,44.775,44.78,44.77,44.77,4899
2017-07-18 13:40:00-04:00,44.77,44.79,44.77,44.78,4291
2017-07-18 13:45:00-04:00,44.78,44.78,44.76,44.76,4635
2017-07-18 13:50:00-04:00,44.76,44.765,44.76,44.76,1700
2017-07-18 13:55:00-04:00,44.76,44.765,44.74,44.74,1300
2017-07-18 14:00:00-04:00,44.72,44.735,44.72,44.735,4052
2017-07-18 14:05:00-04:00,44.735,44.735,44.705,44.705,4804
2017-07-18 14:10:00-04:00,44.7,44.73,44.69,44.69,5138
2017-07-18 14:15:00-04:00,44.69,44.7,44.68,44.685,5206
2017-07-18 14:20:00-04:00,44.68,44.7,44.68,44.695,6147
2017-07-18 14:25:00-04:00,44.7,44.7,44.675,44.69,6160
2017-07-18 14:30:00-04:00,44.695,44.72,44.685,44.715,3483
2017-07-18 14:35:00-04:00,44.71,44.72,44.71,44.72,3209
2017-07-18 14:40:00-04:00,44.72,44.72,44.69,44.69,6730
2017-07-18 14:45:00-04:00,44.69,44.7,44.69,44.7,5105
2017-07-18 14:50:00-04:00,44.71,44.72,44.705,44.72,4765
2017-07-18 14:55:00-04:00,44.72,44.72,44.715,44.715,5633
2017-07-18 15:00:00-04:00,44.715,44.72,44.7,44.705,5401
2017-07-18 15:05:00-04:00,44.705,44.705,44.69,44.69,5095
2017-07-18 15:10:00-04:00,44.69,44.7,44.69,44.69,6903
2017-07-18 15:15:00-04:00,44.7,44.7,44.69,44.69,8900
2017-07-18 15:20:00-04:00,44.695,44.695,44.69,44.69,6137
2017-07-18 15:25:00-04:00,44.69,44.695,44.66,44.67,7788
2017-07-18 15:30:00-04:00,44.67,44.68,44.67,44.67,8483
2017-07-18 15:35:00-04:00,44.67,44.68,44.66,44.66,12219
2017-07-18 15:40:00-04:00,44.66,44.67,44.66,44.67,13983
2017-07-18 15:45:00-04:00,44.69,44.71,44.685,44.69,12096
2017-07-18 15:50:00-04:00,44.695,44.695,44.675,44.68,6511
2017-07-18 15:55:00-04:00,44.68,44.7,44.67,44.68,32011
2017-07-19 09:30:00-04:00,44.7,44.72,44.57,44.58,3332
2017-07-19 09:35:00-04:00,44.58,44.62,44.55,44.55,4885
2017-07-19 09:40:00-04:00,44.56,44.585,44.555,44.58,5687
2017-07-19 09:45:00-04:00,44.56,44.65,44.56,44.62,8606
2017-07-19 09:50:00-04:00,44.63,44.72,44.62,44.71,6359
2017-07-19 09:55:00-04:00,44.72,44.725,44.67,44.67,3815
2017-07-19 10:00:00-04:00,44.68,44.74,44.68,44.74,4076
2017-07-19 10:05:00-04:00,44.75,44.765,44.73,44.75,4696
2017-07-19 10:10:00-04:00,44.755,44.755,44.685,44.7,3973
2017-07-19 10:15:00-04:00,44.7,44.7,44.655,44.655,4661
2017-07-19 10:20:00-04:00,44.66,44.68,44.66,44.68,4868
2017-07-19 10:25:00-04:00,44.68,44.68,44.63,44.64,5685
2017-07-19 10:30:00-04:00,44.65,44.68,44.645,44.665,4416
2017-07-19 10:35:00-04:00,44.675,44.69,44.66,44.66,2834
2017-07-19 10:40:00-04:00,44.67,44.67,44.655,44.665,2544
2017-07-19 10:45:00-04:00,44.665,44.685,44.66,44.66,4619
2017-07-19 10:50:00-04:00,44.67,44.67,44.66,44.67,2103
2017-07-19 10:55:00-04:00,44.68,44.69,44.68,44.69,2354
2017-07-19 11:00:00-04:00,44.7,44.71,44.69,44.69,2880
2017-07-19 11:05:00-04:00,44.69,44.69,44.68,44.69,2160
2017-07-19 11:10:00-04:00,44.69,44.71,44.69,44.7,2020
2017-07-19 11:15:00-04:00,44.71,44.715,44.69,44.69,4921
2017-07-19 11:20:00-04:00,44.69,44.71,44.68,44.71,3241
2017-07-19 11:25:00-04:00,44.71,44.72,44.7,44.7,4343
2017-07-19 11:30:00-04:00,44.7,44.7,44.68,44.69,2772
2017-07-19 11:35:00-04:00,44.7,44.7,44.69,44.69,3250
2017-07-19 11:40:00-04:00,44.7,44.72,44.7,44.71,3865
2017-07-19 11:45:00-04:00,44.71,44.74,44.7,44.7,3944
2017-07-19 11:50:00-04:00,44.7,44.71,44.7,44.71,3870
2017-07-19 11:55:00-04:00,44.715,44.75,44.715,44.75,2851
2017-07-19 12:00:00-04:00,44.76,44.78,44.76,44.77,2552
2017-07-19 12:05:00-04:00,44.775,44.775,44.76,44.76,2875
2017-07-19 12:10:00-04:00,44.745,44.75,44.74,44.74,2910
2017-07-19 12:15:00-04:00,44.75,44.75,44.725,44.73,3405
2017-07-19 12:20:00-04:00,44.74,44.77,44.74,44.75,2981
2017-07-19 12:25:00-04:00,44.75,44.78,44.75,44.76,5584
2017-07-19 12:30:00-04:00,44.77,44.77,44.75,44.75,1134
2017-07-19 12:35:00-04:00,44.76,44.77,44.76,44.76,3525
2017-07-19 12:40:00-04:00,44.76,44.78,44.76,44.78,900
2017-07-19 12:45:00-04:00,44.78,44.785,44.775,44.775,1279
2017-07-19 12:50:00-04:00,44.78,44.78,44.76,44.76,2701
2017-07-19 12:55:00-04:00,44.77,44.77,44.73,44.73,2820
2017-07-19 13:00:00-04:00,44.74,44.74,44.735,44.735,3073
2017-07-19 13:05:00-04:00,44.73,44.73,44.7,44.72,4919
2017-07-19 13:10:00-04:00,44.72,44.72,44.69,44.705,2853
2017-07-19 13:15:00-04:00,44.71,44.72,44.69,44.705,3241
2017-07-19 13:20:00-04:00,44.72,44.72,44.69,44.695,3612
2017-07-19 13:25:00-04:00,44.7,44.73,44.7,44.725,1794
2017-07-19 13:30:00-04:00,44.72,44.73,44.71,44.715,2353
2017-07-19 13:35:00-04:00,44.72,44.73,44.72,44.73,2020
2017-07-19 13:40:00-04:00,44.73,44.74,44.73,44.73,1661
2017-07-19 13:45:00-04:00,44.725,44.76,44.725,44.76,2482
2017-07-19 13:50:00-04:00,44.76,44.77,44.755,44.755,2803
2017-07-19 13:55:00-04:00,44.76,44.78,44.745,44.76,2995
2017-07-19 14:00:00-04:00,44.77,44.77,44.76,44.76,2428
2017-07-19 14:05:00-04:00,44.77,44.77,44.75,44.755,4250
2017-07-19 14:10:00-04:00,44.76,44.76,44.745,44.75,2718
2017-07-19 14:15:00-04:00,44.74,44.77,44.74,44.77,2496
2017-07-19 14:20:00-04:00,44.76,44.76,44.76,44.76,1732
2017-07-19 14:25:00-04:00,44.765,44.77,44.76,44.76,2323
2017-07-19 14:30:00-04:00,44.76,44.765,44.75,44.75,2160
2017-07-19 14:35:00-04:00,44.75,44.76,44.75,44.75,7414
2017-07-19 14:40:00-04:00,44.75,44.76,44.75,44.75,1963
2017-07-19 14:45:00-04:00,44.74,44.77,44.74,44.77,2650
2017-07-19 14:50:00-04:00,44.76,44.76,44.74,44.75,1842
2017-07-19 14:55:00-04:00,44.75,44.755,44.745,44.75,2256
2017-07-19 15:00:00-04:00,44.745,44.75,44.745,44.745,532
2017-07-19 15:05:00-04:00,44.745,44.75,44.745,44.745,1517
2017-07-19 15:10:00-04:00,44.75,44.75,44.715,44.73,4845
2017-07-19 15:15:00-04:00,44.735,44.74,44.73,44.74,1630
2017-07-19 15:20:00-04:00,44.73,44.755,44.73,44.755,3674
2017-07-19 15:25:00-04:00,44.76,44.77,44.75,44.75,7981
2017-07-19 15:30:00-04:00,44.75,44.775,44.75,44.765,7486
2017-07-19 15:35:00-04:00,44.76,44.765,44.75,44.75,6936
2017-07-19 15:40:00-04:00,44.75,44.76,44.74,44.76,7832
2017-07-19 15:45:00-04:00,44.76,44.78,44.76,44.76,7661
2017-07-19 15:50:00-04:00,44.77,44.79,44.76,44.79,7713
2017-07-19 15:55:00-04:00,44.79,44.84,44.78,44.83,28222
2017-07-20 09:30:00-04:00,44.89,44.955,44.89,44.94,4395
2017-07-20 09:35:00-04:00,44.95,44.97,44.93,44.94,3203
2017-07-20 09:40:00-04:00,44.945,44.965,44.93,44.965,1321
2017-07-20 09:45:00-04:00,44.96,44.97,44.95,44.955,2525
2017-07-20 09:50:00-04:00,44.96,44.96,44.88,44.88,6194
2017-07-20 09:55:00-04:00,44.86,44.885,44.85,44.885,13735
2017-07-20 10:00:00-04:00,44.885,44.89,44.82,44.85,8749
2017-07-20 10:05:00-04:00,44.835,44.84,44.755,44.78,2731
2017-07-20 10:10:00-04:00,44.78,44.84,44.78,44.835,5213
2017-07-20 10:15:00-04:00,44.84,44.84,44.75,44.79,2924
2017-07-20 10:20:00-04:00,44.82,44.86,44.82,44.84,1411
2017-07-20 10:25:00-04:00,44.85,44.865,44.84,44.85,3725
2017-07-20 10:30:00-04:00,44.845,44.875,44.82,44.87,6975
2017-07-20 10:35:00-04:00,44.88,44.88,44.84,44.855,4874
2017-07-20 10:40:00-04:00,44.85,44.91,44.85,44.905,5307
2017-07-20 10:45:00-04:00,44.91,44.965,44.905,44.925,6129
2017-07-20 10:50:00-04:00,44.91,44.915,44.9,44.91,3291
2017-07-20 10:55:00-04:00,44.91,44.93,44.9,44.91,4427
2017-07-20 11:00:00-04:00,44.91,44.91,44.88,44.895,7654
2017-07-20 11:05:00-04:00,44.9,44.9,44.86,44.86,2111
2017-07-20 11:10:00-04:00,44.86,44.87,44.845,44.86,5211
2017-07-20 11:15:00-04:00,44.87,44.9,44.87,44.89,801
2017-07-20 11:20:00-04:00,44.915,44.93,44.9,44.9,1061
2017-07-20 11:25:00-04:00,44.905,44.94,44.9,44.94,1131
2017-07-20 11:30:00-04:00,44.935,44.935,44.91,44.91,710
2017-07-20 11:35:00-04:00,44.89,44.89,44.87,44.875,800
2017-07-20 11:40:00-04:00,44.875,44.89,44.875,44.885,7407
2017-07-20 11:45:00-04:00,44.88,44.92,44.88,44.92,2740
2017-07-20 11:50:00-04:00,44.91,44.93,44.91,44.92,700
2017-07-20 11:55:00-04:00,44.91,44.92,44.9,44.9,856
2017-07-20 12:00:00-04:00,44.905,44.935,44.905,44.935,1550
2017-07-20 12:05:00-04:00,44.95,44.955,44.92,44.92,2675
2017-07-20 12:10:00-04:00,44.92,44.93,44.91,44.91,700
2017-07-20 12:15:00-04:00,44.89,44.895,44.885,44.89,1101
2017-07-20 12:20:00-04:00,44.9,44.905,44.895,44.905,2882
2017-07-20 12:25:00-04:00,44.9,44.9,44.895,44.895,1416
2017-07-20 12:30:00-04:00,44.89,44.895,44.87,44.87,1824
2017-07-20 12:35:00-04:00,44.87,44.88,44.87,44.88,1100
2017-07-20 12:40:00-04:00,44.871,44.89,44.871,44.885,2519
2017-07-20 12:45:00-04:00,44.881,44.91,44.88,44.88,6483
2017-07-20 12:50:00-04:00,44.885,44.885,44.83,44.835,5305
2017-07-20 12:55:00-04:00,44.835,44.855,44.83,44.855,1828
2017-07-20 13:00:00-04:00,44.855,44.855,44.83,44.84,1566
2017-07-20 13:05:00-04:00,44.831,44.835,44.8,44.8,1013
2017-07-20 13:10:00-04:00,44.81,44.81,44.785,44.79,2646
2017-07-20 13:15:00-04:00,44.805,44.81,44.8,44.8,4952
2017-07-20 13:20:00-04:00,44.8,44.82,44.8,44.82,3541
2017-07-20 13:25:00-04:00,44.82,44.82,44.81,44.81,1023
2017-07-20 13:30:00-04:00,44.8,44.81,44.8,44.805,2787
2017-07-20 13:35:00-04:00,44.81,44.81,44.79,44.795,3621
2017-07-20 13:40:00-04:00,44.795,44.81,44.795,44.81,5563
2017-07-20 13:45:00-04:00,44.81,44.81,44.785,44.79,3497
2017-07-20 13:50:00-04:00,44.79,44.805,44.79,44.8,2746
2017-07-20 13:55:00-04:00,44.8,44.8,44.79,44.8,1000
2017-07-20 14:00:00-04:00,44.8,44.82,44.8,44.815,4512
2017-07-20 14:05:00-04:00,44.82,44.83,44.82,44.825,2698
2017-07-20 14:10:00-04:00,44.82,44.83,44.8,44.815,4124
2017-07-20 14:15:00-04:00,44.815,44.84,44.815,44.83,4140
2017-07-20 14:20:00-04:00,44.83,44.85,44.83,44.85,1741
2017-07-20 14:25:00-04:00,44.845,44.85,44.841,44.845,1690
2017-07-20 14:30:00-04:00,44.845,44.85,44.8,44.82,2543
2017-07-20 14:35:00-04:00,44.82,44.825,44.8,44.805,1513
2017-07-20 14:40:00-04:00,44.81,44.845,44.805,44.83,2836
2017-07-20 14:45:00-04:00,44.835,44.835,44.825,44.83,3356
2017-07-20 14:50:00-04:00,44.835,44.84,44.83,44.83,3333
2017-07-20 14:55:00-04:00,44.83,44.855,44.83,44.84,3377
2017-07-20 15:00:00-04:00,44.835,44.845,44.83,44.84,2211
2017-07-20 15:05:00-04:00,44.82,44.83,44.82,44.83,4513
2017-07-20 15:10:00-04:00,44.84,44.86,44.835,44.835,7308
2017-07-20 15:15:00-04:00,44.83,44.84,44.83,44.84,3916
2017-07-20 15:20:00-04:00,44.83,44.85,44.83,44.85,2836
2017-07-20 15:25:00-04:00,44.845,44.86,44.83,44.855,7635
2017-07-20 15:30:00-04:00,44.85,44.855,44.81,44.815,5330
2017-07-20 15:35:00-04:00,44.815,44.835,44.81,44.81,3705
2017-07-20 15:40:00-04:00,44.815,44.82,44.81,44.81,6988
2017-07-20 15:45:00-04:00,44.81,44.83,44.81,44.83,18468
2017-07-20 15:50:00-04:00,44.83,44.83,44.81,44.815,19559
2017-07-20 15:55:00-04:00,44.81,44.86,44.8,44.86,39148
2017-07-21 09:30:00-04:00,44.8,44.84,44.77,44.82,3028
2017-07-21 09:35:00-04:00,44.79,44.8,44.75,44.75,2311
2017-07-21 09:40:00-04:00,44.755,44.76,44.71,44.75,3055
2017-07-21 09:45:00-04:00,44.75,44.77,44.69,44.7,8083
2017-07-21 09:50:00-04:00,44.69,44.735,44.69,44.73,7666
2017-07-21 09:55:00-04:00,44.74,44.75,44.72,44.73,3739
2017-07-21 10:00:00-04:00,44.72,44.79,44.675,44.785,8516
2017-07-21 10:05:00-04:00,44.78,44.89,44.78,44.89,7092
2017-07-21 10:10:00-04:00,44.9,44.935,44.9,44.905,5249
2017-07-21 10:15:00-04:00,44.905,44.95,44.905,44.95,3787
2017-07-21 10:20:00-04:00,44.95,44.99,44.93,44.99,6444
2017-07-21 10:25:00-04:00,44.985,44.99,44.95,44.965,5615
2017-07-21 10:30:00-04:00,44.96,44.975,44.95,44.96,7349
2017-07-21 10:35:00-04:00,44.96,44.97,44.95,44.965,2356
2017-07-21 10:40:00-04:00,44.965,44.98,44.965,44.98,2550
2017-07-21 10:45:00-04:00,44.975,44.985,44.96,44.985,3172
2017-07-21 10:50:00-04:00,44.98,44.99,44.98,44.985,3476
2017-07-21 10:55:00-04:00,44.985,44.99,44.98,44.985,5677
2017-07-21 11:00:00-04:00,44.985,44.99,44.98,44.985,4272
2017-07-21 11:05:00-04:00,44.985,44.985,44.93,44.94,36709
2017-07-21 11:10:00-04:00,44.94,44.975,44.94,44.97,5097
2017-07-21 11:15:00-04:00,44.98,44.99,44.98,44.99,5916
2017-07-21 11:20:00-04:00,44.985,45.0,44.98,44.99,6896
2017-07-21 11:25:00-04:00,44.99,45.0,44.98,44.985,4827
2017-07-21 11:30:00-04:00,44.99,45.0,44.98,44.995,16238
2017-07-21 11:35:00-04:00,44.995,45.06,44.99,45.06,73263
2017-07-21 11:40:00-04:00,45.06,45.07,45.05,45.05,3660
2017-07-21 11:45:00-04:00,45.06,45.06,44.99,44.995,4396
2017-07-21 11:50:00-04:00,45.0,45.015,44.99,45.015,3257
2017-07-21 11:55:00-04:00,45.02,45.045,45.015,45.04,5857
2017-07-21 12:00:00-04:00,45.045,45.045,45.04,45.04,2312
2017-07-21 12:05:00-04:00,45.035,45.045,45.03,45.045,3597
2017-07-21 12:10:00-04:00,45.045,45.055,44.98,44.985,8563
2017-07-21 12:15:00-04:00,44.985,44.985,44.96,44.98,4000
2017-07-21 12:20:00-04:00,44.99,45.025,44.99,45.025,3731
2017-07-21 12:25:00-04:00,45.025,45.04,45.015,45.04,3323
2017-07-21 12:30:00-04:00,45.04,45.04,45.025,45.035,2617
2017-07-21 12:35:00-04:00,45.04,45.045,45.035,45.045,1600
2017-07-21 12:40:00-04:00,45.045,45.06,45.045,45.06,2712
2017-07-21 12:45:00-04:00,45.06,45.06,45.03,45.04,3300
2017-07-21 12:50:00-04:00,45.035,45.04,45.03,45.04,1018
2017-07-21 12:55:00-04:00,45.03,45.03,45.0,45.01,2617
2017-07-21 13:00:00-04:00,45.02,45.025,45.01,45.02,2011
2017-07-21 13:05:00-04:00,45.035,45.04,45.015,45.015,1228
2017-07-21 13:10:00-04:00,45.01,45.02,45.01,45.02,1102
2017-07-21 13:15:00-04:00,45.02,45.03,45.02,45.02,1762
2017-07-21 13:20:00-04:00,45.02,45.02,45.01,45.01,1892
2017-07-21 13:25:00-04:00,45.01,45.015,44.99,45.005,3877
2017-07-21 13:30:00-04:00,45.01,45.01,44.97,44.97,612
2017-07-21 13:35:00-04:00,44.97,44.985,44.97,44.985,1301
2017-07-21 13:40:00-04:00,44.985,44.99,44.98,44.99,2488
2017-07-21 13:45:00-04:00,44.98,44.98,44.97,44.98,1600
2017-07-21 13:50:00-04:00,44.99,45.0,44.99,44.995,1983
2017-07-21 13:55:00-04:00,45.0,45.0,44.99,45.0,1566
2017-07-21 14:00:00-04:00,44.99,44.99,44.97,44.98,2090
2017-07-21 14:05:00-04:00,44.98,44.99,44.955,44.955,3408
2017-07-21 14:10:00-04:00,44.965,44.98,44.96,44.96,3911
2017-07-21 14:15:00-04:00,44.96,44.96,44.95,44.955,2747
2017-07-21 14:20:00-04:00,44.95,44.96,44.95,44.95,3280
2017-07-21 14:25:00-04:00,44.95,44.96,44.95,44.96,2566
2017-07-21 14:30:00-04:00,44.96,44.96,44.92,44.95,4858
2017-07-21 14:35:00-04:00,44.94,44.98,44.94,44.98,5373
2017-07-21 14:40:00-04:00,44.98,44.98,44.97,44.97,3468
2017-07-21 14:45:00-04:00,44.98,44.98,44.95,44.955,4074
2017-07-21 14:50:00-04:00,44.955,44.975,44.95,44.975,3703
2017-07-21 14:55:00-04:00,44.975,44.98,44.97,44.97,4659
2017-07-21 15:00:00-04:00,44.97,44.97,44.96,44.97,4435
2017-07-21 15:05:00-04:00,44.965,44.965,44.93,44.94,8764
2017-07-21 15:10:00-04:00,44.94,44.95,44.94,44.94,80207
2017-07-21 15:15:00-04:00,44.95,44.98,44.95,44.98,7965
2017-07-21 15:20:00-04:00,44.98,44.99,44.975,44.98,3338
2017-07-21 15:25:00-04:00,44.98,44.985,44.97,44.97,5025
2017-07-21 15:30:00-04:00,44.97,44.97,44.92,44.93,21436
2017-07-21 15:35:00-04:00,44.93,44.97,44.925,44.955,9742
2017-07-21 15:40:00-04:00,44.95,44.97,44.945,44.97,15013
2017-07-21 15:45:00-04:00,44.97,45.0,44.97,45.0,13913
2017-07-21 15:50:00-04:00,44.995,45.01,44.995,45.01,23243
2017-07-21 15:55:00-04:00,45.005,45.03,45.0,45.02,58337
2017-07-24 09:30:00-04:00,45.01,45.03,44.99,45.01,6312
2017-07-24 09:35:00-04:00,45.03,45.04,44.885,44.885,12576
2017-07-24 09:40:00-04:00,44.885,44.905,44.835,44.85,15034
2017-07-24 09:45:00-04:00,44.85,44.94,44.85,44.92,4557
2017-07-24 09:50:00-04:00,44.91,44.95,44.91,44.93,4290
2017-07-24 09:55:00-04:00,44.92,44.93,44.89,44.89,4576
2017-07-24 10:00:00-04:00,44.9,44.94,44.89,44.94,4361
2017-07-24 10:05:00-04:00,44.94,44.95,44.91,44.925,4059
2017-07-24 10:10:00-04:00,44.92,44.94,44.905,44.91,3505
2017-07-24 10:15:00-04:00,44.9,44.9,44.87,44.88,3174
2017-07-24 10:20:00-04:00,44.89,44.925,44.89,44.925,4001
2017-07-24 10:25:00-04:00,44.92,44.92,44.86,44.87,5286
2017-07-24 10:30:00-04:00,44.87,44.89,44.87,44.89,3697
2017-07-24 10:35:00-04:00,44.88,44.9,44.88,44.9,2952
2017-07-24 10:40:00-04:00,44.89,44.92,44.89,44.91,4999
2017-07-24 10:45:00-04:00,44.91,44.93,44.91,44.91,2900
2017-07-24 10:50:00-04:00,44.9,44.93,44.89,44.91,3577
2017-07-24 10:55:00-04:00,44.91,44.94,44.91,44.94,3707
2017-07-24 11:00:00-04:00,44.94,44.945,44.9,44.92,4328
2017-07-24 11:05:00-04:00,44.92,44.955,44.92,44.95,5784
2017-07-24 11:10:00-04:00,44.95,44.955,44.92,44.92,4722
2017-07-24 11:15:00-04:00,44.92,44.96,44.92,44.96,4758
2017-07-24 11:20:00-04:00,44.96,44.975,44.93,44.97,6392
2017-07-24 11:25:00-04:00,44.975,44.98,44.94,44.95,4162
2017-07-24 11:30:00-04:00,44.97,44.98,44.925,44.925,7606
2017-07-24 11:35:00-04:00,44.92,44.925,44.905,44.915,3011
2017-07-24 11:40:00-04:00,44.91,44.92,44.91,44.91,3143
2017-07-24 11:45:00-04:00,44.915,44.93,44.9,44.9,3245
2017-07-24 11:50:00-04:00,44.9,44.91,44.88,44.89,4299
2017-07-24 11:55:00-04:00,44.89,44.9,44.87,44.89,4095
2017-07-24 12:00:00-04:00,44.89,44.905,44.86,44.86,2537
2017-07-24 12:05:00-04:00,44.86,44.89,44.86,44.89,1559
2017-07-24 12:10:00-04:00,44.9,44.905,44.88,44.88,2141
2017-07-24 12:15:00-04:00,44.885,44.885,44.87,44.87,2494
2017-07-24 12:20:00-04:00,44.875,44.9,44.87,44.9,5225
2017-07-24 12:25:00-04:00,44.905,44.92,44.9,44.91,3628
2017-07-24 12:30:00-04:00,44.9,44.9,44.89,44.89,1852
2017-07-24 12:35:00-04:00,44.89,44.89,44.865,44.88,5356
2017-07-24 12:40:00-04:00,44.89,44.91,44.885,44.91,2614
2017-07-24 12:45:00-04:00,44.91,44.915,44.9,44.9,1998
2017-07-24 12:50:00-04:00,44.9,44.925,44.9,44.92,3230
2017-07-24 12:55:00-04:00,44.93,44.945,44.92,44.93,3336
2017-07-24 13:00:00-04:00,44.94,44.945,44.9,44.9,3961
2017-07-24 13:05:00-04:00,44.9,44.91,44.89,44.91,1551
2017-07-24 13:10:00-04:00,44.92,44.92,44.9,44.905,1711
2017-07-24 13:15:00-04:00,44.905,44.915,44.9,44.915,1121
2017-07-24 13:20:00-04:00,44.92,44.92,44.885,44.885,2869
2017-07-24 13:25:00-04:00,44.88,44.89,44.86,44.885,2411
2017-07-24 13:30:00-04:00,44.875,44.885,44.875,44.885,624
2017-07-24 13:35:00-04:00,44.88,44.9,44.88,44.895,3011
2017-07-24 13:40:00-04:00,44.895,44.905,44.89,44.9,2150
2017-07-24 13:45:00-04:00,44.9,44.9,44.88,44.895,3927
2017-07-24 13:50:00-04:00,44.9,44.915,44.9,44.9,2598
2017-07-24 13:55:00-04:00,44.9,44.9,44.9,44.9,1712
2017-07-24 14:00:00-04:00,44.91,44.92,44.89,44.895,10838
2017-07-24 14:05:00-04:00,44.895,44.91,44.895,44.905,2629
2017-07-24 14:10:00-04:00,44.905,44.91,44.9,44.91,1506
2017-07-24 14:15:00-04:00,44.91,44.935,44.9,44.935,9170
2017-07-24 14:20:00-04:00,44.93,44.965,44.93,44.965,5406
2017-07-24 14:25:00-04:00,44.965,44.97,44.96,44.965,3652
2017-07-24 14:30:00-04:00,44.97,44.97,44.965,44.97,2060
2017-07-24 14:35:00-04:00,44.965,44.97,44.925,44.925,7931
2017-07-24 14:40:00-04:00,44.925,44.93,44.92,44.925,1762
2017-07-24 14:45:00-04:00,44.925,44.93,44.91,44.91,2243
2017-07-24 14:50:00-04:00,44.91,44.92,44.895,44.915,3847
2017-07-24 14:55:00-04:00,44.91,44.91,44.9,44.9,2322
2017-07-24 15:00:00-04:00,44.91,44.91,44.89,44.895,2957
2017-07-24 15:05:00-04:00,44.895,44.9,44.875,44.875,4774
2017-07-24 15:10:00-04:00,44.88,44.9,44.87,44.89,4748
2017-07-24 15:15:00-04:00,44.89,44.895,44.87,44.895,6301
2017-07-24 15:20:00-04:00,44.9,44.92,44.9,44.915,2658
2017-07-24 15:25:00-04:00,44.915,44.93,44.905,44.905,6678
2017-07-24 15:30:00-04:00,44.905,44.91,44.9,44.905,5449
2017-07-24 15:35:00-04:00,44.915,44.92,44.91,44.915,5897
2017-07-24 15:40:00-04:00,44.915,44.92,44.89,44.92,9347
2017-07-24 15:45:00-04:00,44.94,44.94,44.91,44.91,9906
2017-07-24 15:50:00-04:00,44.88,44.88,44.86,44.86,12476
2017-07-24 15:55:00-04:00,44.865,44.89,44.84,44.855,79379
2017-07-25 09:30:00-04:00,45.05,45.09,44.99,45.0,8000
2017-07-25 09:35:00-04:00,44.99,45.02,44.935,44.955,4512
2017-07-25 09:40:00-04:00,44.955,45.0,44.94,44.94,7560
2017-07-25 09:45:00-04:00,44.95,45.06,44.95,45.04,6996
2017-07-25 09:50:00-04:00,45.03,45.04,45.0,45.04,4465
2017-07-25 09:55:00-04:00,45.035,45.09,45.015,45.09,5029
2017-07-25 10:00:00-04:00,45.06,45.08,45.05,45.06,2382
2017-07-25 10:05:00-04:00,45.05,45.06,44.97,44.98,15964
2017-07-25 10:10:00-04:00,44.98,44.99,44.95,44.955,4110
2017-07-25 10:15:00-04:00,44.95,44.99,44.94,44.99,17620
2017-07-25 10:20:00-04:00,45.02,45.04,45.0,45.015,13537
2017-07-25 10:25:00-04:00,45.02,45.04,45.01,45.02,7318
2017-07-25 10:30:00-04:00,45.03,45.03,44.99,44.99,7690
2017-07-25 10:35:00-04:00,45.0,45.045,44.995,45.04,16061
2017-07-25 10:40:00-04:00,45.04,45.06,45.025,45.035,6427
2017-07-25 10:45:00-04:00,45.05,45.06,45.02,45.02,11966
2017-07-25 10:50:00-04:00,45.01,45.04,45.0,45.03,6386
2017-07-25 10:55:00-04:00,45.03,45.06,45.025,45.03,5992
2017-07-25 11:00:00-04:00,45.03,45.06,45.02,45.05,6426
2017-07-25 11:05:00-04:00,45.06,45.075,45.05,45.065,6152
2017-07-25 11:10:00-04:00,45.07,45.08,45.05,45.07,4105
2017-07-25 11:15:00-04:00,45.07,45.08,45.055,45.07,6572
2017-07-25 11:20:00-04:00,45.06,45.08,45.035,45.05,7658
2017-07-25 11:25:00-04:00,45.04,45.07,45.04,45.06,3811
2017-07-25 11:30:00-04:00,45.07,45.1,45.07,45.095,8654
2017-07-25 11:35:00-04:00,45.09,45.12,45.09,45.12,7311
2017-07-25 11:40:00-04:00,45.115,45.12,45.09,45.095,6931
2017-07-25 11:45:00-04:00,45.095,45.1,45.05,45.07,5956
2017-07-25 11:50:00-04:00,45.075,45.09,45.07,45.075,4287
2017-07-25 11:55:00-04:00,45.075,45.085,45.03,45.04,4876
2017-07-25 12:00:00-04:00,45.03,45.07,45.03,45.065,4849
2017-07-25 12:05:00-04:00,45.065,45.09,45.065,45.07,5490
2017-07-25 12:10:00-04:00,45.06,45.065,45.05,45.06,4806
2017-07-25 12:15:00-04:00,45.06,45.09,45.05,45.09,10150
2017-07-25 12:20:00-04:00,45.095,45.11,45.075,45.08,5526
2017-07-25 12:25:00-04:00,45.085,45.11,45.075,45.11,5266
2017-07-25 12:30:00-04:00,45.11,45.125,45.105,45.12,6217
2017-07-25 12:35:00-04:00,45.125,45.145,45.12,45.145,5392
2017-07-25 12:40:00-04:00,45.145,45.18,45.145,45.175,8516
2017-07-25 12:45:00-04:00,45.18,45.18,45.165,45.17,13013
2017-07-25 12:50:00-04:00,45.165,45.17,45.15,45.17,6073
2017-07-25 12:55:00-04:00,45.165,45.18,45.16,45.175,4226
2017-07-25 13:00:00-04:00,45.18,45.19,45.15,45.155,8556
2017-07-25 13:05:00-04:00,45.16,45.17,45.15,45.165,5225
2017-07-25 13:10:00-04:00,45.165,45.19,45.165,45.185,5519
2017-07-25 13:15:00-04:00,45.18,45.19,45.18,45.185,7508
2017-07-25 13:20:00-04:00,45.18,45.19,45.17,45.175,8859
2017-07-25 13:25:00-04:00,45.18,45.18,45.16,45.175,11374
2017-07-25 13:30:00-04:00,45.17,45.19,45.17,45.18,6458
2017-07-25 13:35:00-04:00,45.185,45.22,45.185,45.22,5507
2017-07-25 13:40:00-04:00,45.22,45.22,45.155,45.155,5452
2017-07-25 13:45:00-04:00,45.15,45.15,45.14,45.15,3579
2017-07-25 13:50:00-04:00,45.14,45.16,45.14,45.155,4809
2017-07-25 13:55:00-04:00,45.16,45.19,45.16,45.18,5485
2017-07-25 14:00:00-04:00,45.18,45.19,45.17,45.185,5406
2017-07-25 14:05:00-04:00,45.185,45.205,45.18,45.18,7407
2017-07-25 14:10:00-04:00,45.18,45.205,45.18,45.195,6211
2017-07-25 14:15:00-04:00,45.195,45.21,45.18,45.18,8835
2017-07-25 14:20:00-04:00,45.185,45.2,45.18,45.2,5402
2017-07-25 14:25:00-04:00,45.205,45.22,45.19,45.215,9859
2017-07-25 14:30:00-04:00,45.215,45.23,45.21,45.23,10754
2017-07-25 14:35:00-04:00,45.225,45.245,45.21,45.24,20333
2017-07-25 14:40:00-04:00,45.235,45.27,45.235,45.265,7837
2017-07-25 14:45:00-04:00,45.265,45.265,45.24,45.24,7698
2017-07-25 14:50:00-04:00,45.245,45.25,45.24,45.245,7389
2017-07-25 14:55:00-04:00,45.245,45.28,45.24,45.275,14360
2017-07-25 15:00:00-04:00,45.275,45.29,45.265,45.28,19736
2017-07-25 15:05:00-04:00,45.28,45.29,45.155,45.155,9928
2017-07-25 15:10:00-04:00,45.155,45.17,45.14,45.165,8983
2017-07-25 15:15:00-04:00,45.16,45.16,45.13,45.135,9208
2017-07-25 15:20:00-04:00,45.13,45.14,45.13,45.13,16242
2017-07-25 15:25:00-04:00,45.135,45.14,45.11,45.11,18574
2017-07-25 15:30:00-04:00,45.115,45.18,45.11,45.175,23123
2017-07-25 15:35:00-04:00,45.18,45.19,45.14,45.14,17787
2017-07-25 15:40:00-04:00,45.145,45.15,45.11,45.11,28957
2017-07-25 15:45:00-04:00,45.12,45.2,45.11,45.19,35664
2017-07-25 15:50:00-04:00,45.19,45.19,45.17,45.17,60745
2017-07-25 15:55:00-04:00,45.175,45.27,45.1,45.25,77264
2017-07-26 09:30:00-04:00,44.55,44.89,44.41,44.73,17617
2017-07-26 09:35:00-04:00,44.755,44.82,44.7,44.77,18681
2017-07-26 09:40:00-04:00,44.765,44.89,44.7,44.83,16714
2017-07-26 09:45:00-04:00,44.83,45.16,44.82,45.15,11033
2017-07-26 09:50:00-04:00,45.19,45.2,45.12,45.19,9269
2017-07-26 09:55:00-04:00,45.2,45.27,45.195,45.205,8468
2017-07-26 10:00:00-04:00,45.205,45.22,45.17,45.21,4825
2017-07-26 10:05:00-04:00,45.2,45.22,45.11,45.2,14109
2017-07-26 10:10:00-04:00,45.205,45.22,45.16,45.18,8494
2017-07-26 10:15:00-04:00,45.15,45.22,45.13,45.215,4293
2017-07-26 10:20:00-04:00,45.22,45.265,45.22,45.25,5915
2017-07-26 10:25:00-04:00,45.26,45.26,45.18,45.18,3720
2017-07-26 10:30:00-04:00,45.19,45.2,45.17,45.18,2455
2017-07-26 10:35:00-04:00,45.19,45.26,45.19,45.26,1819
2017-07-26 10:40:00-04:00,45.25,45.25,45.21,45.23,5284
2017-07-26 10:45:00-04:00,45.22,45.26,45.22,45.26,2989
2017-07-26 10:50:00-04:00,45.26,45.3,45.26,45.28,5999
2017-07-26 10:55:00-04:00,45.285,45.31,45.25,45.27,2552
2017-07-26 11:00:00-04:00,45.275,45.285,45.26,45.26,2538
2017-07-26 11:05:00-04:00,45.26,45.29,45.25,45.26,8580
2017-07-26 11:10:00-04:00,45.29,45.34,45.28,45.3,10376
2017-07-26 11:15:00-04:00,45.31,45.31,45.3,45.31,623
2017-07-26 11:20:00-04:00,45.29,45.3,45.29,45.29,1321
2017-07-26 11:25:00-04:00,45.29,45.33,45.29,45.325,3485
2017-07-26 11:30:00-04:00,45.33,45.38,45.31,45.375,5103
2017-07-26 11:35:00-04:00,45.38,45.39,45.36,45.36,2729
2017-07-26 11:40:00-04:00,45.33,45.34,45.325,45.335,4800
2017-07-26 11:45:00-04:00,45.335,45.36,45.335,45.35,28099
2017-07-26 11:50:00-04:00,45.35,45.37,45.35,45.36,13188
2017-07-26 11:55:00-04:00,45.37,45.395,45.36,45.395,8424
2017-07-26 12:00:00-04:00,45.395,45.445,45.38,45.43,9852
2017-07-26 12:05:00-04:00,45.44,45.45,45.42,45.42,5809
2017-07-26 12:10:00-04:00,45.42,45.42,45.38,45.415,4304
2017-07-26 12:15:00-04:00,45.415,45.415,45.395,45.395,6746
2017-07-26 12:20:00-04:00,45.4,45.43,45.4,45.42,7380
2017-07-26 12:25:00-04:00,45.425,45.44,45.42,45.43,13980
2017-07-26 12:30:00-04:00,45.43,45.435,45.37,45.37,3142
2017-07-26 12:35:00-04:00,45.375,45.39,45.375,45.385,1625
2017-07-26 12:40:00-04:00,45.38,45.4,45.38,45.4,1336
2017-07-26 12:45:00-04:00,45.43,45.46,45.43,45.46,2412
2017-07-26 12:50:00-04:00,45.45,45.47,45.45,45.47,1230
2017-07-26 12:55:00-04:00,45.475,45.5,45.47,45.5,2284
2017-07-26 13:00:00-04:00,45.49,45.58,45.49,45.58,3591
2017-07-26 13:05:00-04:00,45.585,45.585,45.545,45.57,2135
2017-07-26 13:10:00-04:00,45.57,45.58,45.545,45.57,2112
2017-07-26 13:15:00-04:00,45.56,45.595,45.56,45.595,550
2017-07-26 13:20:00-04:00,45.605,45.605,45.57,45.58,1602
2017-07-26 13:25:00-04:00,45.58,45.595,45.575,45.58,2812
2017-07-26 13:30:00-04:00,45.585,45.59,45.57,45.575,3204
2017-07-26 13:35:00-04:00,45.57,45.635,45.57,45.63,3758
2017-07-26 13:40:00-04:00,45.64,45.65,45.63,45.645,2998
2017-07-26 13:45:00-04:00,45.645,45.65,45.64,45.64,3238
2017-07-26 13:50:00-04:00,45.645,45.68,45.625,45.68,4161
2017-07-26 13:55:00-04:00,45.68,45.69,45.64,45.69,4036
2017-07-26 14:00:00-04:00,45.69,45.72,45.65,45.71,4736
2017-07-26 14:05:00-04:00,45.73,45.775,45.73,45.775,3171
2017-07-26 14:10:00-04:00,45.77,45.785,45.7,45.7,3715
2017-07-26 14:15:00-04:00,45.705,45.71,45.685,45.685,3428
2017-07-26 14:20:00-04:00,45.68,45.685,45.65,45.67,2769
2017-07-26 14:25:00-04:00,45.69,45.77,45.69,45.75,7501
2017-07-26 14:30:00-04:00,45.755,45.755,45.74,45.75,2050
2017-07-26 14:35:00-04:00,45.755,45.765,45.73,45.73,6116
2017-07-26 14:40:00-04:00,45.735,45.76,45.72,45.76,4549
2017-07-26 14:45:00-04:00,45.765,45.78,45.755,45.775,5239
2017-07-26 14:50:00-04:00,45.775,45.775,45.725,45.745,11014
2017-07-26 14:55:00-04:00,45.74,45.745,45.705,45.705,6474
2017-07-26 15:00:00-04:00,45.685,45.71,45.685,45.71,12744
2017-07-26 15:05:00-04:00,45.705,45.76,45.685,45.685,12224
2017-07-26 15:10:00-04:00,45.68,45.72,45.665,45.71,6780
2017-07-26 15:15:00-04:00,45.7,45.705,45.66,45.685,7823
2017-07-26 15:20:00-04:00,45.69,45.695,45.64,45.675,10196
2017-07-26 15:25:00-04:00,45.67,45.7,45.67,45.675,12308
2017-07-26 15:30:00-04:00,45.67,45.67,45.64,45.665,18229
2017-07-26 15:35:00-04:00,45.665,45.67,45.655,45.655,12702
2017-07-26 15:40:00-04:00,45.65,45.7,45.64,45.685,14500
2017-07-26 15:45:00-04:00,45.68,45.685,45.615,45.62,20883
2017-07-26 15:50:00-04:00,45.62,45.67,45.62,45.655,37262
2017-07-26 15:55:00-04:00,45.655,45.745,45.65,45.74,90223
2017-07-27 09:30:00-04:00,45.785,45.96,45.77,45.96,5932
2017-07-27 09:35:00-04:00,45.97,45.995,45.97,45.99,9020
2017-07-27 09:40:00-04:00,46.0,46.24,45.99,46.24,30623
2017-07-27 09:45:00-04:00,46.24,46.37,46.24,46.365,17415
2017-07-27 09:50:00-04:00,46.37,46.42,46.22,46.23,13892
2017-07-27 09:55:00-04:00,46.225,46.24,46.08,46.125,12234
2017-07-27 10:00:00-04:00,46.13,46.13,46.11,46.13,10279
2017-07-27 10:05:00-04:00,46.125,46.185,46.08,46.1,9807
2017-07-27 10:10:00-04:00,46.095,46.1,46.03,46.05,8875
2017-07-27 10:15:00-04:00,46.05,46.07,45.9,45.9,10350
2017-07-27 10:20:00-04:00,45.94,45.96,45.83,45.84,6030
2017-07-27 10:25:00-04:00,45.84,45.86,45.83,45.86,7762
2017-07-27 10:30:00-04:00,45.855,45.885,45.85,45.865,4643
2017-07-27 10:35:00-04:00,45.86,45.87,45.815,45.84,8294
2017-07-27 10:40:00-04:00,45.84,45.85,45.78,45.78,7176
2017-07-27 10:45:00-04:00,45.78,45.78,45.72,45.72,5276
2017-07-27 10:50:00-04:00,45.725,45.76,45.7,45.74,10844
2017-07-27 10:55:00-04:00,45.76,45.78,45.745,45.76,3527
2017-07-27 11:00:00-04:00,45.77,45.79,45.745,45.745,3542
2017-07-27 11:05:00-04:00,45.74,45.78,45.735,45.78,2282
2017-07-27 11:10:00-04:00,45.78,45.79,45.77,45.79,3450
2017-07-27 11:15:00-04:00,45.79,45.8,45.78,45.8,2632
2017-07-27 11:20:00-04:00,45.8,45.85,45.795,45.815,4209
2017-07-27 11:25:00-04:00,45.81,45.85,45.74,45.74,4176
2017-07-27 11:30:00-04:00,45.73,45.79,45.71,45.78,8466
2017-07-27 11:35:00-04:00,45.77,45.78,45.745,45.745,3402
2017-07-27 11:40:00-04:00,45.745,45.745,45.72,45.72,2215
2017-07-27 11:45:00-04:00,45.72,45.735,45.72,45.72,4479
2017-07-27 11:50:00-04:00,45.73,45.79,45.73,45.76,5751
2017-07-27 11:55:00-04:00,45.75,45.75,45.73,45.745,4337
2017-07-27 12:00:00-04:00,45.74,45.815,45.74,45.775,7074
2017-07-27 12:05:00-04:00,45.79,45.83,45.785,45.82,3345
2017-07-27 12:10:00-04:00,45.82,45.82,45.79,45.79,3836
2017-07-27 12:15:00-04:00,45.8,45.84,45.795,45.835,5035
2017-07-27 12:20:00-04:00,45.835,45.845,45.835,45.835,4045
2017-07-27 12:25:00-04:00,45.835,45.84,45.805,45.83,6162
2017-07-27 12:30:00-04:00,45.825,45.85,45.82,45.84,6693
2017-07-27 12:35:00-04:00,45.84,45.88,45.825,45.855,10410
2017-07-27 12:40:00-04:00,45.855,45.89,45.855,45.87,5036
2017-07-27 12:45:00-04:00,45.88,45.88,45.85,45.865,3416
2017-07-27 12:50:00-04:00,45.86,45.88,45.85,45.855,19816
2017-07-27 12:55:00-04:00,45.87,45.9,45.86,45.895,9737
2017-07-27 13:00:00-04:00,45.885,45.9,45.88,45.89,7340
2017-07-27 13:05:00-04:00,45.89,45.9,45.885,45.895,6064
2017-07-27 13:10:00-04:00,45.9,45.935,45.885,45.925,11596
2017-07-27 13:15:00-04:00,45.92,45.93,45.91,45.925,3713
2017-07-27 13:20:00-04:00,45.915,45.92,45.875,45.915,6691
2017-07-27 13:25:00-04:00,45.93,45.95,45.9,45.94,4863
2017-07-27 13:30:00-04:00,45.935,45.935,45.875,45.89,4370
2017-07-27 13:35:00-04:00,45.9,45.905,45.845,45.87,6272
2017-07-27 13:40:00-04:00,45.88,45.95,45.88,45.935,7523
2017-07-27 13:45:00-04:00,45.935,45.94,45.88,45.88,9205
2017-07-27 13:50:00-04:00,45.87,45.885,45.84,45.85,7804
2017-07-27 13:55:00-04:00,45.85,45.88,45.85,45.875,5632
2017-07-27 14:00:00-04:00,45.87,45.95,45.865,45.945,5299
2017-07-27 14:05:00-04:00,45.945,45.985,45.94,45.985,5856
2017-07-27 14:10:00-04:00,45.99,45.99,45.96,45.965,7710
2017-07-27 14:15:00-04:00,45.965,45.98,45.95,45.98,11080
2017-07-27 14:20:00-04:00,45.975,45.98,45.94,45.95,7294
2017-07-27 14:25:00-04:00,45.94,45.965,45.93,45.965,7159
2017-07-27 14:30:00-04:00,45.97,45.98,45.96,45.96,6499
2017-07-27 14:35:00-04:00,45.97,45.97,45.945,45.965,4231
2017-07-27 14:40:00-04:00,45.96,45.97,45.94,45.94,5992
2017-07-27 14:45:00-04:00,45.935,45.96,45.935,45.935,5525
2017-07-27 14:50:00-04:00,45.935,45.94,45.92,45.94,7283
2017-07-27 14:55:00-04:00,45.93,45.935,45.92,45.925,5019
2017-07-27 15:00:00-04:00,45.925,45.945,45.92,45.94,7700
2017-07-27 15:05:00-04:00,45.935,45.935,45.9,45.905,17532
2017-07-27 15:10:00-04:00,45.905,45.91,45.9,45.9,31627
2017-07-27 15:15:00-04:00,45.905,45.98,45.89,45.975,15252
2017-07-27 15:20:00-04:00,45.975,46.055,45.96,46.015,29214
2017-07-27 15:25:00-04:00,46.0,46.07,45.99,46.06,11260
2017-07-27 15:30:00-04:00,46.06,46.06,46.02,46.035,9498
2017-07-27 15:35:00-04:00,46.04,46.09,46.04,46.08,13606
2017-07-27 15:40:00-04:00,46.08,46.115,46.08,46.095,11513
2017-07-27 15:45:00-04:00,46.095,46.11,46.041,46.05,14686
2017-07-27 15:50:00-04:00,46.05,46.07,46.045,46.065,21721
2017-07-27 15:55:00-04:00,46.065,46.15,46.05,46.15,68232
2017-07-28 09:30:00-04:00,46.01,46.12,45.985,46.08,3736
2017-07-28 09:35:00-04:00,46.07,46.12,46.03,46.06,11812
2017-07-28 09:40:00-04:00,46.05,46.07,46.01,46.03,6579
2017-07-28 09:45:00-04:00,45.98,45.99,45.915,45.98,9454
2017-07-28 09:50:00-04:00,45.99,46.02,45.96,45.97,2994
2017-07-28 09:55:00-04:00,45.97,45.98,45.92,45.94,6203
2017-07-28 10:00:00-04:00,45.94,45.94,45.89,45.92,4841
2017-07-28 10:05:00-04:00,45.915,45.93,45.84,45.885,6170
2017-07-28 10:10:00-04:00,45.89,45.97,45.88,45.97,8205
2017-07-28 10:15:00-04:00,45.97,45.97,45.88,45.88,6121
2017-07-28 10:20:00-04:00,45.89,45.9,45.825,45.84,8661
2017-07-28 10:25:00-04:00,45.87,45.87,45.76,45.81,8078
2017-07-28 10:30:00-04:00,45.805,45.86,45.73,45.83,16045
2017-07-28 10:35:00-04:00,45.82,45.89,45.76,45.89,11986
2017-07-28 10:40:00-04:00,45.83,45.89,45.75,45.885,18061
2017-07-28 10:45:00-04:00,45.89,46.05,45.88,46.05,9360
2017-07-28 10:50:00-04:00,46.05,46.095,46.04,46.07,7763
2017-07-28 10:55:00-04:00,46.05,46.09,46.0,46.09,7560
2017-07-28 11:00:00-04:00,46.06,46.08,46.03,46.07,7966
2017-07-28 11:05:00-04:00,46.065,46.09,46.02,46.09,5037
2017-07-28 11:10:00-04:00,46.09,46.09,46.05,46.08,4433
2017-07-28 11:15:00-04:00,46.07,46.095,46.07,46.075,4249
2017-07-28 11:20:00-04:00,46.075,46.085,46.03,46.055,5742
2017-07-28 11:25:00-04:00,46.05,46.075,46.02,46.02,6729
2017-07-28 11:30:00-04:00,46.025,46.035,45.96,45.985,8765
2017-07-28 11:35:00-04:00,45.98,46.03,45.98,46.03,10199
2017-07-28 11:40:00-04:00,46.03,46.095,46.03,46.08,7223
2017-07-28 11:45:00-04:00,46.085,46.1,46.075,46.09,5316
2017-07-28 11:50:00-04:00,46.095,46.1,46.08,46.1,10170
2017-07-28 11:55:00-04:00,46.095,46.1,46.06,46.09,9346
2017-07-28 12:00:00-04:00,46.085,46.09,46.05,46.065,6387
2017-07-28 12:05:00-04:00,46.06,46.1,46.05,46.09,6771
2017-07-28 12:10:00-04:00,46.1,46.12,46.08,46.1,6778
2017-07-28 12:15:00-04:00,46.11,46.11,46.07,46.07,4426
2017-07-28 12:20:00-04:00,46.07,46.08,46.05,46.06,3964
2017-07-28 12:25:00-04:00,46.04,46.06,46.025,46.025,4847
2017-07-28 12:30:00-04:00,46.04,46.07,46.02,46.06,8619
2017-07-28 12:35:00-04:00,46.065,46.07,46.05,46.05,37641
2017-07-28 12:40:00-04:00,46.065,46.075,46.06,46.07,4761
2017-07-28 12:45:00-04:00,46.08,46.09,46.02,46.02,7381
2017-07-28 12:50:00-04:00,46.02,46.035,46.0,46.02,2632
2017-07-28 12:55:00-04:00,46.02,46.075,46.015,46.06,6489
2017-07-28 13:00:00-04:00,46.05,46.095,46.05,46.08,1682
2017-07-28 13:05:00-04:00,46.09,46.105,46.08,46.085,3633
2017-07-28 13:10:00-04:00,46.085,46.105,46.075,46.085,3419
2017-07-28 13:15:00-04:00,46.08,46.115,46.08,46.1,4504
2017-07-28 13:20:00-04:00,46.1,46.105,46.04,46.055,4576
2017-07-28 13:25:00-04:00,46.05,46.08,46.04,46.05,3694
2017-07-28 13:30:00-04:00,46.05,46.06,46.02,46.04,3160
2017-07-28 13:35:00-04:00,46.05,46.055,46.02,46.02,2078
2017-07-28 13:40:00-04:00,46.025,46.045,46.025,46.04,2578
2017-07-28 13:45:00-04:00,46.03,46.045,46.02,46.03,2971
2017-07-28 13:50:00-04:00,46.035,46.05,46.03,46.03,3696
2017-07-28 13:55:00-04:00,46.03,46.035,46.0,46.025,4308
2017-07-28 14:00:00-04:00,46.02,46.025,45.97,45.975,3256
2017-07-28 14:05:00-04:00,45.965,45.985,45.95,45.95,5300
2017-07-28 14:10:00-04:00,45.955,45.965,45.915,45.92,4899
2017-07-28 14:15:00-04:00,45.92,45.94,45.92,45.935,3762
2017-07-28 14:20:00-04:00,45.92,45.945,45.91,45.93,2615
2017-07-28 14:25:00-04:00,45.935,45.955,45.91,45.92,3666
2017-07-28 14:30:00-04:00,45.915,45.93,45.91,45.92,2537
2017-07-28 14:35:00-04:00,45.925,45.955,45.92,45.94,4107
2017-07-28 14:40:00-04:00,45.95,45.965,45.95,45.96,5302
2017-07-28 14:45:00-04:00,45.965,45.985,45.96,45.965,4832
2017-07-28 14:50:00-04:00,45.96,45.96,45.92,45.96,5361
2017-07-28 14:55:00-04:00,45.97,45.98,45.95,45.96,5822
2017-07-28 15:00:00-04:00,45.97,45.99,45.965,45.98,4439
2017-07-28 15:05:00-04:00,45.98,45.985,45.955,45.955,3322
2017-07-28 15:10:00-04:00,45.95,45.965,45.94,45.95,3391
2017-07-28 15:15:00-04:00,45.955,45.965,45.95,45.965,2537
2017-07-28 15:20:00-04:00,45.96,45.97,45.95,45.955,7810
2017-07-28 15:25:00-04:00,45.96,45.96,45.95,45.96,4146
2017-07-28 15:30:00-04:00,45.95,45.975,45.95,45.955,7174
2017-07-28 15:35:00-04:00,45.955,45.965,45.95,45.965,6853
2017-07-28 15:40:00-04:00,45.965,46.0,45.965,46.0,7777
2017-07-28 15:45:00-04:00,46.0,46.04,46.0,46.03,21351
2017-07-28 15:50:00-04:00,46.03,46.085,46.025,46.06,24844
2017-07-28 15:55:00-04:00,46.055,46.07,45.99,46.005,52382
2017-07-31 09:30:00-04:00,46.0,46.05,46.0,46.05,1455
2017-07-31 09:35:00-04:00,46.07,46.07,46.0,46.01,2131
2017-07-31 09:40:00-04:00,46.055,46.055,45.99,46.0,4700
2017-07-31 09:45:00-04:00,45.98,46.03,45.955,46.02,7282
2017-07-31 09:50:00-04:00,46.05,46.07,46.03,46.06,3701
2017-07-31 09:55:00-04:00,46.07,46.07,46.02,46.02,7260
2017-07-31 10:00:00-04:00,46.01,46.01,45.99,46.0,4041
2017-07-31 10:05:00-04:00,45.99,46.01,45.99,46.0,4121
2017-07-31 10:10:00-04:00,46.01,46.01,45.97,45.99,8763
2017-07-31 10:15:00-04:00,45.99,46.0,45.97,45.995,3581
2017-07-31 10:20:00-04:00,46.0,46.025,46.0,46.02,1100
2017-07-31 10:25:00-04:00,46.01,46.015,45.98,45.99,3862
2017-07-31 10:30:00-04:00,45.98,46.0,45.97,46.0,4487
2017-07-31 10:35:00-04:00,45.995,46.01,45.95,46.01,5778
2017-07-31 10:40:00-04:00,46.0,46.01,45.97,45.97,3420
2017-07-31 10:45:00-04:00,45.98,45.98,45.93,45.93,5380
2017-07-31 10:50:00-04:00,45.93,45.93,45.91,45.93,6951
2017-07-31 10:55:00-04:00,45.92,45.93,45.92,45.925,2819
2017-07-31 11:00:00-04:00,45.93,45.975,45.93,45.965,3750
2017-07-31 11:05:00-04:00,45.965,45.98,45.965,45.98,2801
2017-07-31 11:10:00-04:00,45.99,46.01,45.99,46.01,6745
2017-07-31 11:15:00-04:00,46.01,46.02,46.0,46.01,3800
2017-07-31 11:20:00-04:00,46.01,46.03,46.0,46.03,3909
2017-07-31 11:25:00-04:00,46.03,46.05,46.03,46.045,4408
2017-07-31 11:30:00-04:00,46.05,46.06,45.99,46.0,7436
2017-07-31 11:35:00-04:00,46.01,46.03,46.01,46.02,1300
2017-07-31 11:40:00-04:00,46.02,46.03,46.02,46.02,3408
2017-07-31 11:45:00-04:00,46.03,46.03,46.0,46.0,3685
2017-07-31 11:50:00-04:00,46.0,46.01,46.0,46.005,6353
2017-07-31 11:55:00-04:00,46.01,46.02,46.0,46.01,4514
2017-07-31 12:00:00-04:00,46.0,46.04,46.0,46.035,3606
2017-07-31 12:05:00-04:00,46.04,46.045,46.035,46.04,1801
2017-07-31 12:10:00-04:00,46.04,46.04,46.03,46.04,1200
2017-07-31 12:15:00-04:00,46.045,46.06,46.04,46.05,12212
2017-07-31 12:20:00-04:00,46.04,46.04,46.03,46.035,3100
2017-07-31 12:25:00-04:00,46.03,46.03,46.0,46.01,5152
2017-07-31 12:30:00-04:00,46.01,46.015,46.0,46.0,3228
2017-07-31 12:35:00-04:00,46.0,46.02,46.0,46.01,3341
2017-07-31 12:40:00-04:00,46.02,46.04,46.02,46.02,3975
2017-07-31 12:45:00-04:00,46.02,46.02,46.0,46.015,2076
2017-07-31 12:50:00-04:00,46.02,46.04,46.015,46.04,1954
2017-07-31 12:55:00-04:00,46.04,46.04,46.02,46.025,2400
2017-07-31 13:00:00-04:00,46.025,46.035,46.02,46.02,4438
2017-07-31 13:05:00-04:00,46.02,46.03,46.01,46.01,2361
2017-07-31 13:10:00-04:00,46.0,46.015,45.995,46.0,30926
2017-07-31 13:15:00-04:00,46.0,46.0,46.0,46.0,2507
2017-07-31 13:20:00-04:00,45.99,45.995,45.98,45.98,1978
2017-07-31 13:25:00-04:00,45.98,45.99,45.98,45.98,8199
2017-07-31 13:30:00-04:00,45.98,45.985,45.97,45.97,4545
2017-07-31 13:35:00-04:00,45.98,45.99,45.98,45.98,3543
2017-07-31 13:40:00-04:00,45.98,45.985,45.97,45.98,3899
2017-07-31 13:45:00-04:00,45.98,45.99,45.97,45.97,3776
2017-07-31 13:50:00-04:00,45.97,45.99,45.97,45.985,2876
2017-07-31 13:55:00-04:00,45.985,45.99,45.98,45.99,3630
2017-07-31 14:00:00-04:00,45.99,45.99,45.985,45.985,6021
2017-07-31 14:05:00-04:00,45.99,45.995,45.96,45.99,13041
2017-07-31 14:10:00-04:00,45.99,46.01,45.99,45.99,6967
2017-07-31 14:15:00-04:00,46.0,46.01,46.0,46.01,1900
2017-07-31 14:20:00-04:00,46.01,46.015,46.01,46.01,1304
2017-07-31 14:25:00-04:00,46.015,46.02,45.99,45.99,5889
2017-07-31 14:30:00-04:00,45.99,46.0,45.99,46.0,3240
2017-07-31 14:35:00-04:00,45.99,45.99,45.965,45.965,8261
2017-07-31 14:40:00-04:00,45.96,45.97,45.96,45.96,4920
2017-07-31 14:45:00-04:00,45.97,45.97,45.96,45.97,1794
2017-07-31 14:50:00-04:00,45.97,45.97,45.96,45.97,885
2017-07-31 14:55:00-04:00,45.965,45.965,45.945,45.96,5189
2017-07-31 15:00:00-04:00,45.96,45.96,45.93,45.94,11895
2017-07-31 15:05:00-04:00,45.96,45.97,45.955,45.97,2702
2017-07-31 15:10:00-04:00,45.965,45.98,45.96,45.98,3142
2017-07-31 15:15:00-04:00,45.98,45.995,45.975,45.99,3490
2017-07-31 15:20:00-04:00,46.0,46.0,45.975,45.99,11436
2017-07-31 15:25:00-04:00,46.0,46.01,46.0,46.0,4160
2017-07-31 15:30:00-04:00,46.0,46.025,46.0,46.02,4626
2017-07-31 15:35:00-04:00,46.02,46.02,45.99,45.99,8252
2017-07-31 15:40:00-04:00,45.99,46.0,45.96,45.96,10413
2017-07-31 15:45:00-04:00,45.96,45.99,45.95,45.95,20582
2017-07-31 15:50:00-04:00,45.955,45.96,45.89,45.9,30460
2017-07-31 15:55:00-04:00,45.9,45.91,45.795,45.84,87142
2017-08-01 09:30:00-04:00,45.98,46.05,45.95,45.98,7756
2017-08-01 09:35:00-04:00,45.95,45.96,45.88,45.88,11890
2017-08-01 09:40:00-04:00,45.865,45.92,45.84,45.845,4376
2017-08-01 09:45:00-04:00,45.815,45.91,45.815,45.89,8711
2017-08-01 09:50:00-04:00,45.92,45.94,45.91,45.91,5379
2017-08-01 09:55:00-04:00,45.915,45.92,45.855,45.855,6575
2017-08-01 10:00:00-04:00,45.85,45.94,45.815,45.915,9110
2017-08-01 10:05:00-04:00,45.915,45.95,45.9,45.945,12470
2017-08-01 10:10:00-04:00,45.95,45.955,45.925,45.955,10900
2017-08-01 10:15:00-04:00,45.955,45.995,45.93,45.985,9311
2017-08-01 10:20:00-04:00,45.98,45.985,45.86,45.88,18771
2017-08-01 10:25:00-04:00,45.885,45.91,45.87,45.9,9089
2017-08-01 10:30:00-04:00,45.895,45.91,45.86,45.875,9971
2017-08-01 10:35:00-04:00,45.875,45.875,45.845,45.855,7695
2017-08-01 10:40:00-04:00,45.845,45.85,45.83,45.835,9596
2017-08-01 10:45:00-04:00,45.835,45.84,45.77,45.77,14118
2017-08-01 10:50:00-04:00,45.775,45.8,45.75,45.795,14670
2017-08-01 10:55:00-04:00,45.8,45.81,45.77,45.775,10941
2017-08-01 11:00:00-04:00,45.775,45.785,45.71,45.715,9469
2017-08-01 11:05:00-04:00,45.715,45.73,45.645,45.65,11524
2017-08-01 11:10:00-04:00,45.655,45.73,45.655,45.72,12580
2017-08-01 11:15:00-04:00,45.73,45.81,45.73,45.8,11693
2017-08-01 11:20:00-04:00,45.8,45.84,45.78,45.83,8391
2017-08-01 11:25:00-04:00,45.825,45.875,45.825,45.865,7804
2017-08-01 11:30:00-04:00,45.865,45.88,45.84,45.875,3513
2017-08-01 11:35:00-04:00,45.88,45.88,45.83,45.845,6854
2017-08-01 11:40:00-04:00,45.845,45.85,45.84,45.845,4857
2017-08-01 11:45:00-04:00,45.845,45.87,45.845,45.86,6823
2017-08-01 11:50:00-04:00,45.87,45.88,45.87,45.88,2538
2017-08-01 11:55:00-04:00,45.91,45.945,45.91,45.94,6216
2017-08-01 12:00:00-04:00,45.94,45.945,45.915,45.925,4180
2017-08-01 12:05:00-04:00,45.94,45.96,45.93,45.94,4086
2017-08-01 12:10:00-04:00,45.945,45.95,45.92,45.93,15239
2017-08-01 12:15:00-04:00,45.93,45.95,45.93,45.945,12389
2017-08-01 12:20:00-04:00,45.945,45.95,45.945,45.945,21255
2017-08-01 12:25:00-04:00,45.945,45.96,45.94,45.94,20671
2017-08-01 12:30:00-04:00,45.945,45.95,45.93,45.935,15786
2017-08-01 12:35:00-04:00,45.935,45.96,45.925,45.925,25905
2017-08-01 12:40:00-04:00,45.925,45.935,45.92,45.925,13281
2017-08-01 12:45:00-04:00,45.93,45.945,45.91,45.915,21411
2017-08-01 12:50:00-04:00,45.91,45.915,45.89,45.915,44771
2017-08-01 12:55:00-04:00,45.915,45.925,45.91,45.925,11223
2017-08-01 13:00:00-04:00,45.925,45.925,45.91,45.91,22444
2017-08-01 13:05:00-04:00,45.91,45.915,45.89,45.89,5484
2017-08-01 13:10:00-04:00,45.89,45.9,45.885,45.895,5545
2017-08-01 13:15:00-04:00,45.9,45.925,45.89,45.925,7570
2017-08-01 13:20:00-04:00,45.93,45.93,45.9,45.905,4786
2017-08-01 13:25:00-04:00,45.905,45.905,45.88,45.885,3044
2017-08-01 13:30:00-04:00,45.885,45.885,45.85,45.87,4672
2017-08-01 13:35:00-04:00,45.86,45.875,45.86,45.875,4283
2017-08-01 13:40:00-04:00,45.87,45.89,45.87,45.88,5727
2017-08-01 13:45:00-04:00,45.885,45.885,45.88,45.885,2515
2017-08-01 13:50:00-04:00,45.885,45.93,45.885,45.93,5181
2017-08-01 13:55:00-04:00,45.92,45.925,45.89,45.895,4548
2017-08-01 14:00:00-04:00,45.895,45.895,45.87,45.88,5682
2017-08-01 14:05:00-04:00,45.875,45.88,45.85,45.855,2633
2017-08-01 14:10:00-04:00,45.855,45.875,45.845,45.845,6499
2017-08-01 14:15:00-04:00,45.845,45.855,45.835,45.845,4775
2017-08-01 14:20:00-04:00,45.845,45.85,45.83,45.845,11469
2017-08-01 14:25:00-04:00,45.84,45.845,45.83,45.83,5054
2017-08-01 14:30:00-04:00,45.835,45.835,45.81,45.825,4608
2017-08-01 14:35:00-04:00,45.82,45.845,45.82,45.835,6075
2017-08-01 14:40:00-04:00,45.835,45.84,45.83,45.835,2189
2017-08-01 14:45:00-04:00,45.835,45.84,45.81,45.815,9514
2017-08-01 14:50:00-04:00,45.82,45.83,45.82,45.83,4478
2017-08-01 14:55:00-04:00,45.84,45.84,45.82,45.82,7704
2017-08-01 15:00:00-04:00,45.825,45.825,45.79,45.795,5600
2017-08-01 15:05:00-04:00,45.795,45.81,45.79,45.81,8854
2017-08-01 15:10:00-04:00,45.81,45.83,45.81,45.82,61459
2017-08-01 15:15:00-04:00,45.82,45.825,45.8,45.805,5592
2017-08-01 15:20:00-04:00,45.805,45.81,45.78,45.805,10321
2017-08-01 15:25:00-04:00,45.805,45.805,45.79,45.795,8798
2017-08-01 15:30:00-04:00,45.795,45.795,45.72,45.72,7795
2017-08-01 15:35:00-04:00,45.72,45.735,45.705,45.715,26922
2017-08-01 15:40:00-04:00,45.715,45.715,45.69,45.705,21995
2017-08-01 15:45:00-04:00,45.7,45.78,45.69,45.755,43653
2017-08-01 15:50:00-04:00,45.755,45.76,45.69,45.695,32381
2017-08-01 15:55:00-04:00,45.69,45.71,45.68,45.705,48842
2017-08-02 09:30:00-04:00,45.59,45.61,45.52,45.52,1034
2017-08-02 09:35:00-04:00,45.47,45.47,45.38,45.41,2923
2017-08-02 09:40:00-04:00,45.46,45.46,45.385,45.44,2140
2017-08-02 09:45:00-04:00,45.45,45.475,45.45,45.46,2138
2017-08-02 09:50:00-04:00,45.48,45.52,45.44,45.44,4830
2017-08-02 09:55:00-04:00,45.44,45.48,45.425,45.46,3453
2017-08-02 10:00:00-04:00,45.455,45.57,45.455,45.57,2900
2017-08-02 10:05:00-04:00,45.575,45.605,45.57,45.6,4036
2017-08-02 10:10:00-04:00,45.595,45.61,45.575,45.585,3487
2017-08-02 10:15:00-04:00,45.58,45.59,45.55,45.58,3847
2017-08-02 10:20:00-04:00,45.585,45.585,45.52,45.52,5042
2017-08-02 10:25:00-04:00,45.55,45.585,45.55,45.57,2207
2017-08-02 10:30:00-04:00,45.58,45.59,45.565,45.57,3451
2017-08-02 10:35:00-04:00,45.565,45.63,45.55,45.615,2569
2017-08-02 10:40:00-04:00,45.62,45.64,45.615,45.64,4205
2017-08-02 10:45:00-04:00,45.64,45.695,45.64,45.67,35856
2017-08-02 10:50:00-04:00,45.675,45.68,45.64,45.64,17277
2017-08-02 10:55:00-04:00,45.635,45.66,45.635,45.66,14185
2017-08-02 11:00:00-04:00,45.665,45.68,45.635,45.635,11891
2017-08-02 11:05:00-04:00,45.635,45.645,45.62,45.64,11824
2017-08-02 11:10:00-04:00,45.63,45.66,45.63,45.655,18568
2017-08-02 11:15:00-04:00,45.66,45.665,45.6,45.6,7947
2017-08-02 11:20:00-04:00,45.605,45.63,45.6,45.61,5918
2017-08-02 11:25:00-04:00,45.615,45.63,45.61,45.62,5756
2017-08-02 11:30:00-04:00,45.62,45.66,45.62,45.65,4011
2017-08-02 11:35:00-04:00,45.65,45.67,45.65,45.655,7626
2017-08-02 11:40:00-04:00,45.66,45.66,45.615,45.625,12976
2017-08-02 11:45:00-04:00,45.625,45.64,45.625,45.64,1729
2017-08-02 11:50:00-04:00,45.635,45.665,45.63,45.66,5241
2017-08-02 11:55:00-04:00,45.65,45.67,45.65,45.665,10859
2017-08-02 12:00:00-04:00,45.665,45.68,45.645,45.655,5369
2017-08-02 12:05:00-04:00,45.66,45.68,45.655,45.675,18788
2017-08-02 12:10:00-04:00,45.675,45.69,45.665,45.67,5045
2017-08-02 12:15:00-04:00,45.69,45.7,45.675,45.695,3800
2017-08-02 12:20:00-04:00,45.69,45.74,45.685,45.72,3532
2017-08-02 12:25:00-04:00,45.74,45.74,45.69,45.69,2792
2017-08-02 12:30:00-04:00,45.7,45.7,45.685,45.7,6653
2017-08-02 12:35:00-04:00,45.7,45.7,45.69,45.7,2873
2017-08-02 12:40:00-04:00,45.69,45.71,45.685,45.69,7375
2017-08-02 12:45:00-04:00,45.69,45.69,45.64,45.65,2917
2017-08-02 12:50:00-04:00,45.65,45.65,45.62,45.62,1800
2017-08-02 12:55:00-04:00,45.635,45.645,45.635,45.645,1435
2017-08-02 13:00:00-04:00,45.65,45.65,45.61,45.61,1567
2017-08-02 13:05:00-04:00,45.62,45.62,45.59,45.615,2510
2017-08-02 13:10:00-04:00,45.62,45.63,45.605,45.605,2002
2017-08-02 13:15:00-04:00,45.605,45.605,45.575,45.59,1500
2017-08-02 13:20:00-04:00,45.605,45.62,45.595,45.6,1131
2017-08-02 13:25:00-04:00,45.625,45.63,45.605,45.61,2338
2017-08-02 13:30:00-04:00,45.6,45.61,45.59,45.61,720
2017-08-02 13:35:00-04:00,45.605,45.62,45.6,45.605,3020
2017-08-02 13:40:00-04:00,45.6,45.6,45.52,45.52,4386
2017-08-02 13:45:00-04:00,45.52,45.525,45.51,45.52,2303
2017-08-02 13:50:00-04:00,45.53,45.545,45.515,45.53,2714
2017-08-02 13:55:00-04:00,45.51,45.525,45.51,45.525,1804
2017-08-02 14:00:00-04:00,45.52,45.525,45.49,45.49,3778
2017-08-02 14:05:00-04:00,45.49,45.49,45.465,45.485,1346
2017-08-02 14:10:00-04:00,45.49,45.49,45.45,45.45,1259
2017-08-02 14:15:00-04:00,45.44,45.45,45.44,45.45,865
2017-08-02 14:20:00-04:00,45.44,45.45,45.415,45.415,2656
2017-08-02 14:25:00-04:00,45.42,45.5,45.42,45.465,4512
2017-08-02 14:30:00-04:00,45.47,45.51,45.47,45.48,4349
2017-08-02 14:35:00-04:00,45.485,45.51,45.48,45.48,3807
2017-08-02 14:40:00-04:00,45.485,45.5,45.48,45.485,2010
2017-08-02 14:45:00-04:00,45.49,45.505,45.48,45.5,4360
2017-08-02 14:50:00-04:00,45.51,45.53,45.505,45.525,1052
2017-08-02 14:55:00-04:00,45.54,45.555,45.52,45.52,4577
2017-08-02 15:00:00-04:00,45.52,45.55,45.515,45.535,4374
2017-08-02 15:05:00-04:00,45.55,45.58,45.55,45.575,4496
2017-08-02 15:10:00-04:00,45.59,45.625,45.59,45.62,37705
2017-08-02 15:15:00-04:00,45.62,45.63,45.61,45.62,4018
2017-08-02 15:20:00-04:00,45.61,45.62,45.6,45.61,2422
2017-08-02 15:25:00-04:00,45.62,45.62,45.61,45.62,2902
2017-08-02 15:30:00-04:00,45.62,45.62,45.58,45.58,11249
2017-08-02 15:35:00-04:00,45.59,45.62,45.575,45.615,7102
2017-08-02 15:40:00-04:00,45.615,45.615,45.59,45.6,9139
2017-08-02 15:45:00-04:00,45.61,45.625,45.595,45.625,16884
2017-08-02 15:50:00-04:00,45.62,45.63,45.6,45.605,83938
2017-08-02 15:55:00-04:00,45.6,45.61,45.58,45.59,89080
2017-08-03 09:30:00-04:00,45.7,45.76,45.68,45.75,5808
2017-08-03 09:35:00-04:00,45.76,45.845,45.76,45.83,8900
2017-08-03 09:40:00-04:00,45.83,45.835,45.78,45.795,42135
2017-08-03 09:45:00-04:00,45.79,45.79,45.71,45.72,4861
2017-08-03 09:50:00-04:00,45.72,45.76,45.7,45.75,3029
2017-08-03 09:55:00-04:00,45.725,45.795,45.715,45.79,3500
2017-08-03 10:00:00-04:00,45.79,45.85,45.79,45.835,27939
2017-08-03 10:05:00-04:00,45.83,45.86,45.815,45.855,23437
2017-08-03 10:10:00-04:00,45.85,45.86,45.845,45.845,15558
2017-08-03 10:15:00-04:00,45.845,45.87,45.83,45.83,23629
2017-08-03 10:20:00-04:00,45.835,45.84,45.79,45.8,14269
2017-08-03 10:25:00-04:00,45.795,45.86,45.76,45.86,23078
2017-08-03 10:30:00-04:00,45.86,45.87,45.825,45.825,24234
2017-08-03 10:35:00-04:00,45.825,45.85,45.825,45.845,10533
2017-08-03 10:40:00-04:00,45.85,45.93,45.84,45.925,14434
2017-08-03 10:45:00-04:00,45.925,45.94,45.905,45.93,12708
2017-08-03 10:50:00-04:00,45.935,45.94,45.91,45.93,9991
2017-08-03 10:55:00-04:00,45.925,45.945,45.855,45.88,17786
2017-08-03 11:00:00-04:00,45.89,45.915,45.875,45.91,11948
2017-08-03 11:05:00-04:00,45.905,45.91,45.865,45.865,4314
2017-08-03 11:10:00-04:00,45.86,45.87,45.85,45.855,5529
2017-08-03 11:15:00-04:00,45.86,45.88,45.85,45.88,4298
2017-08-03 11:20:00-04:00,45.88,45.88,45.81,45.81,4341
2017-08-03 11:25:00-04:00,45.81,45.85,45.81,45.84,4221
2017-08-03 11:30:00-04:00,45.84,45.85,45.82,45.84,9984
2017-08-03 11:35:00-04:00,45.84,45.86,45.83,45.855,6177
2017-08-03 11:40:00-04:00,45.86,45.86,45.82,45.84,5636
2017-08-03 11:45:00-04:00,45.85,45.86,45.81,45.81,4595
2017-08-03 11:50:00-04:00,45.81,45.83,45.81,45.825,4178
2017-08-03 11:55:00-04:00,45.825,45.89,45.82,45.88,9607
2017-08-03 12:00:00-04:00,45.88,45.895,45.88,45.895,2580
2017-08-03 12:05:00-04:00,45.891,45.895,45.835,45.85,16877
2017-08-03 12:10:00-04:00,45.845,45.85,45.83,45.85,9315
2017-08-03 12:15:00-04:00,45.85,45.87,45.84,45.86,4373
2017-08-03 12:20:00-04:00,45.86,45.87,45.86,45.865,9407
2017-08-03 12:25:00-04:00,45.865,45.87,45.86,45.87,4269
2017-08-03 12:30:00-04:00,45.87,45.87,45.81,45.81,4568
2017-08-03 12:35:00-04:00,45.805,45.81,45.79,45.81,4081
2017-08-03 12:40:00-04:00,45.81,45.83,45.81,45.83,6111
2017-08-03 12:45:00-04:00,45.84,45.84,45.82,45.82,9582
2017-08-03 12:50:00-04:00,45.82,45.85,45.82,45.845,9800
2017-08-03 12:55:00-04:00,45.85,45.85,45.84,45.84,10019
2017-08-03 13:00:00-04:00,45.845,45.86,45.84,45.86,6766
2017-08-03 13:05:00-04:00,45.865,45.87,45.845,45.845,8410
2017-08-03 13:10:00-04:00,45.84,45.86,45.84,45.85,8747
2017-08-03 13:15:00-04:00,45.85,45.865,45.85,45.86,3918
2017-08-03 13:20:00-04:00,45.86,45.86,45.85,45.86,6443
2017-08-03 13:25:00-04:00,45.855,45.855,45.84,45.85,4590
2017-08-03 13:30:00-04:00,45.84,45.845,45.82,45.825,5361
2017-08-03 13:35:00-04:00,45.82,45.825,45.81,45.81,5242
2017-08-03 13:40:00-04:00,45.81,45.815,45.8,45.81,5011
2017-08-03 13:45:00-04:00,45.815,45.835,45.815,45.83,17356
2017-08-03 13:50:00-04:00,45.83,45.89,45.83,45.89,7858
2017-08-03 13:55:00-04:00,45.89,45.89,45.855,45.86,7743
2017-08-03 14:00:00-04:00,45.86,45.88,45.86,45.88,10754
2017-08-03 14:05:00-04:00,45.88,45.88,45.85,45.85,6215
2017-08-03 14:10:00-04:00,45.84,45.86,45.84,45.86,23552
2017-08-03 14:15:00-04:00,45.855,45.88,45.85,45.88,6038
2017-08-03 14:20:00-04:00,45.88,45.88,45.87,45.875,6231
2017-08-03 14:25:00-04:00,45.875,45.88,45.845,45.85,13546
2017-08-03 14:30:00-04:00,45.85,45.855,45.83,45.83,26051
2017-08-03 14:35:00-04:00,45.83,45.84,45.81,45.81,7840
2017-08-03 14:40:00-04:00,45.82,45.82,45.81,45.82,5472
2017-08-03 14:45:00-04:00,45.81,45.82,45.785,45.79,11767
2017-08-03 14:50:00-04:00,45.79,45.805,45.78,45.785,12121
2017-08-03 14:55:00-04:00,45.78,45.79,45.78,45.785,9686
2017-08-03 15:00:00-04:00,45.78,45.79,45.78,45.79,3393
2017-08-03 15:05:00-04:00,45.785,45.8,45.77,45.775,12974
2017-08-03 15:10:00-04:00,45.78,45.81,45.77,45.795,11814
2017-08-03 15:15:00-04:00,45.795,45.8,45.795,45.8,2706
2017-08-03 15:20:00-04:00,45.8,45.81,45.78,45.78,13753
2017-08-03 15:25:00-04:00,45.78,45.78,45.77,45.77,5545
2017-08-03 15:30:00-04:00,45.78,45.78,45.68,45.73,27918
2017-08-03 15:35:00-04:00,45.74,45.77,45.73,45.76,16629
2017-08-03 15:40:00-04:00,45.76,45.78,45.74,45.75,25532
2017-08-03 15:45:00-04:00,45.75,45.79,45.73,45.785,18258
2017-08-03 15:50:00-04:00,45.78,45.79,45.71,45.71,36229
2017-08-03 15:55:00-04:00,45.71,45.71,45.66,45.69,75889
2017-08-04 09:30:00-04:00,45.67,45.745,45.67,45.72,3404
2017-08-04 09:35:00-04:00,45.72,45.74,45.7,45.7,4598
2017-08-04 09:40:00-04:00,45.7,45.75,45.7,45.74,6540
2017-08-04 09:45:00-04:00,45.735,45.75,45.73,45.75,15330
2017-08-04 09:50:00-04:00,45.745,45.755,45.71,45.71,6917
2017-08-04 09:55:00-04:00,45.7,45.73,45.69,45.73,26149
2017-08-04 10:00:00-04:00,45.73,45.73,45.66,45.68,16570
2017-08-04 10:05:00-04:00,45.68,45.7,45.63,45.66,9935
2017-08-04 10:10:00-04:00,45.66,45.68,45.65,45.67,4610
2017-08-04 10:15:00-04:00,45.67,45.67,45.605,45.62,5500
2017-08-04 10:20:00-04:00,45.62,45.625,45.59,45.61,7522
2017-08-04 10:25:00-04:00,45.615,45.64,45.6,45.64,4537
2017-08-04 10:30:00-04:00,45.65,45.66,45.62,45.66,7321
2017-08-04 10:35:00-04:00,45.65,45.66,45.62,45.64,6836
2017-08-04 10:40:00-04:00,45.645,45.66,45.62,45.63,4819
2017-08-04 10:45:00-04:00,45.63,45.635,45.61,45.61,9012
2017-08-04 10:50:00-04:00,45.61,45.625,45.555,45.575,6336
2017-08-04 10:55:00-04:00,45.55,45.55,45.52,45.55,2707
2017-08-04 11:00:00-04:00,45.54,45.54,45.485,45.53,6279
2017-08-04 11:05:00-04:00,45.53,45.555,45.51,45.545,4486
2017-08-04 11:10:00-04:00,45.55,45.56,45.54,45.54,2803
2017-08-04 11:15:00-04:00,45.54,45.55,45.54,45.545,2610
2017-08-04 11:20:00-04:00,45.54,45.55,45.54,45.54,3215
2017-08-04 11:25:00-04:00,45.55,45.575,45.54,45.57,4171
2017-08-04 11:30:00-04:00,45.57,45.58,45.56,45.575,4701
2017-08-04 11:35:00-04:00,45.57,45.575,45.52,45.53,4287
2017-08-04 11:40:00-04:00,45.53,45.555,45.52,45.52,5181
2017-08-04 11:45:00-04:00,45.53,45.565,45.52,45.56,4456
2017-08-04 11:50:00-04:00,45.56,45.57,45.53,45.54,4409
2017-08-04 11:55:00-04:00,45.53,45.56,45.52,45.56,3310
2017-08-04 12:00:00-04:00,45.55,45.56,45.53,45.53,2658
2017-08-04 12:05:00-04:00,45.53,45.565,45.53,45.565,2201
2017-08-04 12:10:00-04:00,45.56,45.59,45.56,45.575,2251
2017-08-04 12:15:00-04:00,45.57,45.575,45.55,45.555,3350
2017-08-04 12:20:00-04:00,45.555,45.565,45.55,45.555,3008
2017-08-04 12:25:00-04:00,45.55,45.58,45.55,45.58,3162
2017-08-04 12:30:00-04:00,45.58,45.59,45.57,45.57,1512
2017-08-04 12:35:00-04:00,45.56,45.56,45.555,45.555,1525
2017-08-04 12:40:00-04:00,45.555,45.565,45.54,45.545,5903
2017-08-04 12:45:00-04:00,45.55,45.55,45.52,45.54,3128
2017-08-04 12:50:00-04:00,45.54,45.55,45.5,45.51,5164
2017-08-04 12:55:00-04:00,45.51,45.54,45.505,45.53,4556
2017-08-04 13:00:00-04:00,45.52,45.54,45.52,45.53,5726
2017-08-04 13:05:00-04:00,45.545,45.55,45.51,45.52,3016
2017-08-04 13:10:00-04:00,45.51,45.51,45.5,45.505,2113
2017-08-04 13:15:00-04:00,45.51,45.515,45.5,45.51,4357
2017-08-04 13:20:00-04:00,45.515,45.515,45.505,45.51,3447
2017-08-04 13:25:00-04:00,45.515,45.515,45.505,45.505,1978
2017-08-04 13:30:00-04:00,45.505,45.525,45.505,45.515,5094
2017-08-04 13:35:00-04:00,45.52,45.52,45.5,45.5,4354
2017-08-04 13:40:00-04:00,45.505,45.545,45.5,45.545,3220
2017-08-04 13:45:00-04:00,45.55,45.55,45.535,45.54,4557
2017-08-04 13:50:00-04:00,45.54,45.565,45.54,45.555,2964
2017-08-04 13:55:00-04:00,45.55,45.555,45.54,45.54,5200
2017-08-04 14:00:00-04:00,45.54,45.57,45.54,45.545,4904
2017-08-04 14:05:00-04:00,45.55,45.55,45.53,45.54,4061
2017-08-04 14:10:00-04:00,45.54,45.545,45.54,45.54,3742
2017-08-04 14:15:00-04:00,45.54,45.54,45.53,45.54,3053
2017-08-04 14:20:00-04:00,45.53,45.535,45.52,45.52,3604
2017-08-04 14:25:00-04:00,45.52,45.52,45.51,45.515,3671
2017-08-04 14:30:00-04:00,45.52,45.54,45.52,45.54,2631
2017-08-04 14:35:00-04:00,45.54,45.55,45.54,45.55,4392
2017-08-04 14:40:00-04:00,45.54,45.545,45.52,45.53,3975
2017-08-04 14:45:00-04:00,45.53,45.535,45.515,45.52,3899
2017-08-04 14:50:00-04:00,45.52,45.53,45.52,45.53,2573
2017-08-04 14:55:00-04:00,45.53,45.53,45.5,45.505,8826
2017-08-04 15:00:00-04:00,45.5,45.51,45.5,45.51,3848
2017-08-04 15:05:00-04:00,45.52,45.52,45.51,45.51,3233
2017-08-04 15:10:00-04:00,45.52,45.52,45.5,45.5,3886
2017-08-04 15:15:00-04:00,45.5,45.505,45.48,45.48,7741
2017-08-04 15:20:00-04:00,45.48,45.52,45.48,45.52,5413
2017-08-04 15:25:00-04:00,45.52,45.55,45.52,45.54,6843
2017-08-04 15:30:00-04:00,45.54,45.54,45.49,45.5,12925
2017-08-04 15:35:00-04:00,45.5,45.505,45.5,45.505,11057
2017-08-04 15:40:00-04:00,45.505,45.505,45.47,45.475,18974
2017-08-04 15:45:00-04:00,45.48,45.53,45.48,45.53,36947
2017-08-04 15:50:00-04:00,45.535,45.54,45.5,45.54,26553
2017-08-04 15:55:00-04:00,45.54,45.56,45.5,45.51,88242
2017-08-07 09:30:00-04:00,45.58,45.61,45.54,45.57,2400
2017-08-07 09:35:00-04:00,45.61,45.66,45.6,45.66,1435
2017-08-07 09:40:00-04:00,45.69,45.7,45.67,45.69,5071
2017-08-07 09:45:00-04:00,45.715,45.715,45.65,45.66,3207
2017-08-07 09:50:00-04:00,45.66,45.69,45.66,45.69,4600
2017-08-07 09:55:00-04:00,45.7,45.7,45.67,45.67,2054
2017-08-07 10:00:00-04:00,45.68,45.75,45.68,45.745,6095
2017-08-07 10:05:00-04:00,45.745,45.75,45.715,45.725,6609
2017-08-07 10:10:00-04:00,45.73,45.76,45.72,45.725,10997
2017-08-07 10:15:00-04:00,45.72,45.75,45.72,45.74,5158
2017-08-07 10:20:00-04:00,45.74,45.75,45.71,45.72,6227
2017-08-07 10:25:00-04:00,45.72,45.72,45.65,45.65,4733
2017-08-07 10:30:00-04:00,45.66,45.66,45.65,45.66,3283
2017-08-07 10:35:00-04:00,45.66,45.67,45.65,45.67,1908
2017-08-07 10:40:00-04:00,45.67,45.7,45.67,45.69,2913
2017-08-07 10:45:00-04:00,45.7,45.7,45.66,45.67,3550
2017-08-07 10:50:00-04:00,45.675,45.705,45.67,45.701,2273
2017-08-07 10:55:00-04:00,45.71,45.72,45.7,45.7,6090
2017-08-07 11:00:00-04:00,45.69,45.705,45.68,45.685,4222
2017-08-07 11:05:00-04:00,45.685,45.69,45.67,45.68,2964
2017-08-07 11:10:00-04:00,45.675,45.675,45.66,45.665,3331
2017-08-07 11:15:00-04:00,45.66,45.675,45.66,45.671,6086
2017-08-07 11:20:00-04:00,45.68,45.68,45.65,45.65,3022
2017-08-07 11:25:00-04:00,45.65,45.66,45.63,45.63,3398
2017-08-07 11:30:00-04:00,45.63,45.64,45.63,45.64,6119
2017-08-07 11:35:00-04:00,45.64,45.645,45.63,45.63,5622
2017-08-07 11:40:00-04:00,45.631,45.65,45.63,45.64,6683
2017-08-07 11:45:00-04:00,45.64,45.65,45.61,45.625,5579
2017-08-07 11:50:00-04:00,45.64,45.65,45.625,45.625,6358
2017-08-07 11:55:00-04:00,45.63,45.64,45.63,45.63,2035
2017-08-07 12:00:00-04:00,45.64,45.64,45.61,45.61,3943
2017-08-07 12:05:00-04:00,45.61,45.62,45.61,45.61,4579
2017-08-07 12:10:00-04:00,45.615,45.63,45.61,45.63,8791
2017-08-07 12:15:00-04:00,45.635,45.64,45.62,45.64,5079
2017-08-07 12:20:00-04:00,45.65,45.66,45.65,45.65,2021
2017-08-07 12:25:00-04:00,45.65,45.66,45.65,45.65,2569
2017-08-07 12:30:00-04:00,45.66,45.66,45.65,45.65,4936
2017-08-07 12:35:00-04:00,45.651,45.651,45.63,45.63,2509
2017-08-07 12:40:00-04:00,45.64,45.64,45.62,45.62,2353
2017-08-07 12:45:00-04:00,45.625,45.63,45.62,45.63,3300
2017-08-07 12:50:00-04:00,45.62,45.63,45.6,45.6,6156
2017-08-07 12:55:00-04:00,45.6,45.61,45.6,45.61,3100
2017-08-07 13:00:00-04:00,45.615,45.615,45.59,45.6,7898
2017-08-07 13:05:00-04:00,45.605,45.621,45.601,45.621,2425
2017-08-07 13:10:00-04:00,45.62,45.625,45.61,45.61,3003
2017-08-07 13:15:00-04:00,45.615,45.63,45.61,45.63,1427
2017-08-07 13:20:00-04:00,45.63,45.63,45.62,45.63,1899
2017-08-07 13:25:00-04:00,45.62,45.621,45.61,45.61,3001
2017-08-07 13:30:00-04:00,45.61,45.615,45.6,45.6,3122
2017-08-07 13:35:00-04:00,45.605,45.61,45.6,45.6,3049
2017-08-07 13:40:00-04:00,45.61,45.61,45.6,45.605,2761
2017-08-07 13:45:00-04:00,45.6,45.61,45.6,45.605,3291
2017-08-07 13:50:00-04:00,45.6,45.615,45.59,45.59,8142
2017-08-07 13:55:00-04:00,45.59,45.605,45.59,45.605,8849
2017-08-07 14:00:00-04:00,45.605,45.605,45.59,45.6,3718
2017-08-07 14:05:00-04:00,45.6,45.6,45.59,45.59,4519
2017-08-07 14:10:00-04:00,45.595,45.6,45.59,45.59,3412
2017-08-07 14:15:00-04:00,45.6,45.61,45.595,45.6,7310
2017-08-07 14:20:00-04:00,45.6,45.605,45.58,45.59,4326
2017-08-07 14:25:00-04:00,45.585,45.59,45.58,45.58,2608
2017-08-07 14:30:00-04:00,45.58,45.59,45.58,45.58,2635
2017-08-07 14:35:00-04:00,45.585,45.61,45.585,45.59,5121
2017-08-07 14:40:00-04:00,45.59,45.625,45.59,45.625,1366
2017-08-07 14:45:00-04:00,45.62,45.62,45.61,45.62,4774
2017-08-07 14:50:00-04:00,45.62,45.62,45.61,45.62,1902
2017-08-07 14:55:00-04:00,45.615,45.62,45.61,45.62,6171
2017-08-07 15:00:00-04:00,45.61,45.62,45.61,45.61,3589
2017-08-07 15:05:00-04:00,45.61,45.62,45.61,45.62,4475
2017-08-07 15:10:00-04:00,45.615,45.62,45.61,45.615,5067
2017-08-07 15:15:00-04:00,45.62,45.62,45.61,45.615,8185
2017-08-07 15:20:00-04:00,45.62,45.62,45.61,45.615,6646
2017-08-07 15:25:00-04:00,45.615,45.62,45.61,45.61,8459
2017-08-07 15:30:00-04:00,45.62,45.62,45.58,45.59,9381
2017-08-07 15:35:00-04:00,45.59,45.595,45.59,45.59,16189
2017-08-07 15:40:00-04:00,45.59,45.6,45.59,45.595,14587
2017-08-07 15:45:00-04:00,45.595,45.63,45.59,45.63,24503
2017-08-07 15:50:00-04:00,45.63,45.64,45.615,45.63,18666
2017-08-07 15:55:00-04:00,45.635,45.66,45.62,45.62,81177
2017-08-08 09:30:00-04:00,45.62,45.71,45.6,45.71,3775
2017-08-08 09:35:00-04:00,45.73,45.78,45.72,45.78,6066
2017-08-08 09:40:00-04:00,45.77,45.77,45.72,45.74,4040
2017-08-08 09:45:00-04:00,45.765,45.765,45.695,45.695,1136
2017-08-08 09:50:00-04:00,45.71,45.71,45.685,45.685,3112
2017-08-08 09:55:00-04:00,45.69,45.69,45.655,45.67,2840
2017-08-08 10:00:00-04:00,45.66,45.66,45.645,45.66,3197
2017-08-08 10:05:00-04:00,45.69,45.725,45.69,45.71,5148
2017-08-08 10:10:00-04:00,45.715,45.745,45.68,45.7,4901
2017-08-08 10:15:00-04:00,45.715,45.73,45.68,45.72,9695
2017-08-08 10:20:00-04:00,45.74,45.74,45.69,45.695,1611
2017-08-08 10:25:00-04:00,45.69,45.745,45.69,45.745,2732
2017-08-08 10:30:00-04:00,45.73,45.74,45.7,45.7,825
2017-08-08 10:35:00-04:00,45.72,45.725,45.715,45.72,1624
2017-08-08 10:40:00-04:00,45.72,45.755,45.72,45.755,2836
2017-08-08 10:45:00-04:00,45.775,45.8,45.77,45.79,4311
2017-08-08 10:50:00-04:00,45.79,45.81,45.77,45.8,3482
2017-08-08 10:55:00-04:00,45.795,45.795,45.77,45.77,3157
2017-08-08 11:00:00-04:00,45.77,45.77,45.74,45.75,3615
2017-08-08 11:05:00-04:00,45.74,45.74,45.72,45.73,1637
2017-08-08 11:10:00-04:00,45.735,45.74,45.73,45.73,1817
2017-08-08 11:15:00-04:00,45.73,45.74,45.715,45.725,2286
2017-08-08 11:20:00-04:00,45.72,45.725,45.71,45.71,2786
2017-08-08 11:25:00-04:00,45.71,45.71,45.69,45.7,2560
2017-08-08 11:30:00-04:00,45.69,45.7,45.67,45.675,3891
2017-08-08 11:35:00-04:00,45.695,45.7,45.69,45.695,2441
2017-08-08 11:40:00-04:00,45.695,45.7,45.69,45.695,1012
2017-08-08 11:45:00-04:00,45.695,45.7,45.69,45.695,2359
2017-08-08 11:50:00-04:00,45.695,45.73,45.695,45.705,2756
2017-08-08 11:55:00-04:00,45.715,45.725,45.71,45.72,1353
2017-08-08 12:00:00-04:00,45.73,45.735,45.71,45.71,1836
2017-08-08 12:05:00-04:00,45.7,45.72,45.7,45.72,1222
2017-08-08 12:10:00-04:00,45.715,45.73,45.715,45.72,3951
2017-08-08 12:15:00-04:00,45.725,45.725,45.705,45.71,2411
2017-08-08 12:20:00-04:00,45.7,45.71,45.7,45.71,1200
2017-08-08 12:25:00-04:00,45.71,45.74,45.71,45.72,2929
2017-08-08 12:30:00-04:00,45.71,45.71,45.705,45.705,950
2017-08-08 12:35:00-04:00,45.705,45.725,45.7,45.7,1939
2017-08-08 12:40:00-04:00,45.69,45.7,45.685,45.695,1903
2017-08-08 12:45:00-04:00,45.7,45.71,45.675,45.675,2853
2017-08-08 12:50:00-04:00,45.67,45.68,45.67,45.675,1594
2017-08-08 12:55:00-04:00,45.675,45.685,45.665,45.675,2528
2017-08-08 13:00:00-04:00,45.675,45.675,45.67,45.675,911
2017-08-08 13:05:00-04:00,45.68,45.685,45.675,45.675,9437
2017-08-08 13:10:00-04:00,45.68,45.69,45.675,45.69,1453
2017-08-08 13:15:00-04:00,45.69,45.69,45.68,45.685,1625
2017-08-08 13:20:00-04:00,45.69,45.69,45.675,45.675,2814
2017-08-08 13:25:00-04:00,45.68,45.685,45.67,45.68,5183
2017-08-08 13:30:00-04:00,45.675,45.675,45.635,45.655,6218
2017-08-08 13:35:00-04:00,45.655,45.66,45.62,45.62,3467
2017-08-08 13:40:00-04:00,45.615,45.64,45.615,45.635,5278
2017-08-08 13:45:00-04:00,45.64,45.64,45.63,45.64,4550
2017-08-08 13:50:00-04:00,45.635,45.64,45.635,45.635,1843
2017-08-08 13:55:00-04:00,45.635,45.64,45.63,45.64,1832
2017-08-08 14:00:00-04:00,45.64,45.64,45.625,45.635,3340
2017-08-08 14:05:00-04:00,45.65,45.65,45.64,45.65,3502
2017-08-08 14:10:00-04:00,45.64,45.64,45.635,45.64,1805
2017-08-08 14:15:00-04:00,45.64,45.645,45.635,45.635,4059
2017-08-08 14:20:00-04:00,45.635,45.65,45.635,45.645,1345
2017-08-08 14:25:00-04:00,45.65,45.65,45.63,45.635,3428
2017-08-08 14:30:00-04:00,45.635,45.635,45.6,45.605,3715
2017-08-08 14:35:00-04:00,45.61,45.625,45.61,45.615,2616
2017-08-08 14:40:00-04:00,45.62,45.63,45.61,45.63,3815
2017-08-08 14:45:00-04:00,45.63,45.63,45.61,45.61,2485
2017-08-08 14:50:00-04:00,45.61,45.61,45.585,45.6,2063
2017-08-08 14:55:00-04:00,45.6,45.605,45.58,45.605,3255
2017-08-08 15:00:00-04:00,45.605,45.605,45.59,45.595,3963
2017-08-08 15:05:00-04:00,45.59,45.61,45.59,45.605,4258
2017-08-08 15:10:00-04:00,45.605,45.61,45.565,45.585,11595
2017-08-08 15:15:00-04:00,45.6,45.6,45.58,45.6,2728
2017-08-08 15:20:00-04:00,45.6,45.6,45.585,45.585,6772
2017-08-08 15:25:00-04:00,45.58,45.585,45.545,45.57,8936
2017-08-08 15:30:00-04:00,45.56,45.58,45.545,45.575,14647
2017-08-08 15:35:00-04:00,45.57,45.61,45.56,45.595,8024
2017-08-08 15:40:00-04:00,45.6,45.61,45.58,45.58,11194
2017-08-08 15:45:00-04:00,45.585,45.61,45.58,45.6,17184
2017-08-08 15:50:00-04:00,45.6,45.6,45.555,45.565,19526
2017-08-08 15:55:00-04:00,45.57,45.6,45.55,45.59,41251
2017-08-09 09:30:00-04:00,45.57,45.66,45.52,45.53,4929
2017-08-09 09:35:00-04:00,45.52,45.52,45.44,45.46,1806
2017-08-09 09:40:00-04:00,45.45,45.46,45.37,45.38,5150
2017-08-09 09:45:00-04:00,45.38,45.47,45.38,45.47,5621
2017-08-09 09:50:00-04:00,45.48,45.52,45.46,45.47,5508
2017-08-09 09:55:00-04:00,45.46,45.47,45.39,45.435,6967
2017-08-09 10:00:00-04:00,45.43,45.43,45.37,45.37,4441
2017-08-09 10:05:00-04:00,45.37,45.38,45.34,45.37,5245
2017-08-09 10:10:00-04:00,45.37,45.37,45.335,45.345,8860
2017-08-09 10:15:00-04:00,45.345,45.455,45.33,45.455,3923
2017-08-09 10:20:00-04:00,45.47,45.48,45.405,45.43,4443
2017-08-09 10:25:00-04:00,45.44,45.44,45.4,45.405,3327
2017-08-09 10:30:00-04:00,45.41,45.475,45.405,45.45,7463
2017-08-09 10:35:00-04:00,45.45,45.47,45.42,45.42,7300
2017-08-09 10:40:00-04:00,45.425,45.47,45.425,45.47,5010
2017-08-09 10:45:00-04:00,45.47,45.47,45.43,45.43,9408
2017-08-09 10:50:00-04:00,45.42,45.47,45.42,45.465,6554
2017-08-09 10:55:00-04:00,45.47,45.48,45.445,45.46,3980
2017-08-09 11:00:00-04:00,45.45,45.455,45.41,45.42,5777
2017-08-09 11:05:00-04:00,45.43,45.43,45.37,45.37,4878
2017-08-09 11:10:00-04:00,45.37,45.385,45.355,45.38,8403
2017-08-09 11:15:00-04:00,45.38,45.395,45.36,45.36,12475
2017-08-09 11:20:00-04:00,45.365,45.41,45.365,45.4,12190
2017-08-09 11:25:00-04:00,45.4,45.45,45.38,45.435,15244
2017-08-09 11:30:00-04:00,45.435,45.44,45.41,45.41,5440
2017-08-09 11:35:00-04:00,45.41,45.42,45.4,45.4,5974
2017-08-09 11:40:00-04:00,45.4,45.4,45.39,45.39,3621
2017-08-09 11:45:00-04:00,45.395,45.4,45.38,45.38,6278
2017-08-09 11:50:00-04:00,45.37,45.47,45.37,45.45,9724
2017-08-09 11:55:00-04:00,45.45,45.49,45.45,45.48,5642
2017-08-09 12:00:00-04:00,45.47,45.475,45.47,45.475,1223
2017-08-09 12:05:00-04:00,45.48,45.48,45.475,45.475,2285
2017-08-09 12:10:00-04:00,45.48,45.51,45.475,45.51,5453
2017-08-09 12:15:00-04:00,45.51,45.525,45.475,45.485,5074
2017-08-09 12:20:00-04:00,45.48,45.485,45.47,45.475,9661
2017-08-09 12:25:00-04:00,45.48,45.5,45.48,45.48,4920
2017-08-09 12:30:00-04:00,45.48,45.485,45.465,45.465,12702
2017-08-09 12:35:00-04:00,45.47,45.48,45.46,45.465,13731
2017-08-09 12:40:00-04:00,45.46,45.465,45.45,45.45,2702
2017-08-09 12:45:00-04:00,45.45,45.455,45.45,45.455,5846
2017-08-09 12:50:00-04:00,45.45,45.46,45.44,45.45,15491
2017-08-09 12:55:00-04:00,45.45,45.45,45.435,45.45,19349
2017-08-09 13:00:00-04:00,45.445,45.485,45.445,45.48,14283
2017-08-09 13:05:00-04:00,45.48,45.49,45.48,45.49,2852
2017-08-09 13:10:00-04:00,45.48,45.485,45.47,45.47,3992
2017-08-09 13:15:00-04:00,45.48,45.48,45.46,45.475,5866
2017-08-09 13:20:00-04:00,45.47,45.48,45.47,45.48,2800
2017-08-09 13:25:00-04:00,45.48,45.48,45.465,45.465,1900
2017-08-09 13:30:00-04:00,45.46,45.48,45.455,45.47,4060
2017-08-09 13:35:00-04:00,45.47,45.485,45.455,45.47,5206
2017-08-09 13:40:00-04:00,45.475,45.49,45.475,45.49,19309
2017-08-09 13:45:00-04:00,45.49,45.51,45.485,45.5,6321
2017-08-09 13:50:00-04:00,45.505,45.505,45.48,45.48,4782
2017-08-09 13:55:00-04:00,45.48,45.485,45.47,45.475,2507
2017-08-09 14:00:00-04:00,45.47,45.475,45.43,45.435,18947
2017-08-09 14:05:00-04:00,45.44,45.48,45.44,45.45,10850
2017-08-09 14:10:00-04:00,45.45,45.465,45.44,45.46,6861
2017-08-09 14:15:00-04:00,45.45,45.46,45.44,45.44,3813
2017-08-09 14:20:00-04:00,45.435,45.44,45.42,45.435,2617
2017-08-09 14:25:00-04:00,45.44,45.44,45.425,45.44,2593
2017-08-09 14:30:00-04:00,45.44,45.44,45.415,45.42,26332
2017-08-09 14:35:00-04:00,45.425,45.45,45.42,45.43,14856
2017-08-09 14:40:00-04:00,45.425,45.43,45.41,45.41,3190
2017-08-09 14:45:00-04:00,45.41,45.475,45.41,45.475,10979
2017-08-09 14:50:00-04:00,45.47,45.475,45.46,45.47,4436
2017-08-09 14:55:00-04:00,45.475,45.475,45.46,45.465,2858
2017-08-09 15:00:00-04:00,45.465,45.47,45.46,45.465,6942
2017-08-09 15:05:00-04:00,45.465,45.48,45.46,45.46,35166
2017-08-09 15:10:00-04:00,45.46,45.49,45.46,45.47,12219
2017-08-09 15:15:00-04:00,45.47,45.51,45.47,45.505,8263
2017-08-09 15:20:00-04:00,45.505,45.515,45.49,45.51,13805
2017-08-09 15:25:00-04:00,45.51,45.515,45.48,45.5,15134
2017-08-09 15:30:00-04:00,45.5,45.5,45.465,45.47,11412
2017-08-09 15:35:00-04:00,45.465,45.505,45.46,45.495,14995
2017-08-09 15:40:00-04:00,45.495,45.505,45.475,45.495,19823
2017-08-09 15:45:00-04:00,45.5,45.545,45.5,45.53,29585
2017-08-09 15:50:00-04:00,45.53,45.59,45.53,45.56,18464
2017-08-09 15:55:00-04:00,45.565,45.59,45.56,45.585,53565
2017-08-10 09:30:00-04:00,45.46,45.66,45.46,45.615,18288
2017-08-10 09:35:00-04:00,45.615,45.7,45.59,45.6,23293
2017-08-10 09:40:00-04:00,45.59,45.67,45.53,45.67,18888
2017-08-10 09:45:00-04:00,45.67,45.72,45.66,45.7,13241
2017-08-10 09:50:00-04:00,45.7,45.71,45.68,45.7,23812
2017-08-10 09:55:00-04:00,45.69,45.695,45.59,45.59,17581
2017-08-10 10:00:00-04:00,45.61,45.625,45.565,45.6,16280
2017-08-10 10:05:00-04:00,45.6,45.675,45.6,45.67,23143
2017-08-10 10:10:00-04:00,45.66,45.68,45.64,45.675,13010
2017-08-10 10:15:00-04:00,45.68,45.68,45.615,45.67,13949
2017-08-10 10:20:00-04:00,45.67,45.68,45.65,45.655,13315
2017-08-10 10:25:00-04:00,45.64,45.645,45.615,45.635,10750
2017-08-10 10:30:00-04:00,45.64,45.65,45.615,45.635,10389
2017-08-10 10:35:00-04:00,45.63,45.695,45.63,45.68,12092
2017-08-10 10:40:00-04:00,45.685,45.715,45.66,45.68,17493
2017-08-10 10:45:00-04:00,45.69,45.71,45.68,45.695,18712
2017-08-10 10:50:00-04:00,45.7,45.7,45.665,45.7,15959
2017-08-10 10:55:00-04:00,45.69,45.705,45.645,45.645,33644
2017-08-10 11:00:00-04:00,45.64,45.65,45.62,45.635,30453
2017-08-10 11:05:00-04:00,45.645,45.685,45.63,45.675,5707
2017-08-10 11:10:00-04:00,45.66,45.69,45.65,45.69,6918
2017-08-10 11:15:00-04:00,45.69,45.71,45.675,45.71,5866
2017-08-10 11:20:00-04:00,45.72,45.74,45.705,45.705,9239
2017-08-10 11:25:00-04:00,45.71,45.74,45.71,45.74,3340
2017-08-10 11:30:00-04:00,45.735,45.75,45.725,45.73,7777
2017-08-10 11:35:00-04:00,45.725,45.73,45.71,45.725,3064
2017-08-10 11:40:00-04:00,45.725,45.74,45.725,45.74,2941
2017-08-10 11:45:00-04:00,45.73,45.74,45.715,45.73,4359
2017-08-10 11:50:00-04:00,45.735,45.74,45.71,45.72,3911
2017-08-10 11:55:00-04:00,45.72,45.74,45.72,45.73,4749
2017-08-10 12:00:00-04:00,45.73,45.75,45.73,45.735,4720
2017-08-10 12:05:00-04:00,45.74,45.79,45.74,45.78,5449
2017-08-10 12:10:00-04:00,45.78,45.795,45.765,45.765,4896
2017-08-10 12:15:00-04:00,45.765,45.77,45.715,45.725,10832
2017-08-10 12:20:00-04:00,45.73,45.73,45.71,45.72,7000
2017-08-10 12:25:00-04:00,45.735,45.735,45.7,45.715,10871
2017-08-10 12:30:00-04:00,45.72,45.72,45.7,45.71,3204
2017-08-10 12:35:00-04:00,45.71,45.78,45.71,45.77,4354
2017-08-10 12:40:00-04:00,45.77,45.79,45.77,45.79,4623
2017-08-10 12:45:00-04:00,45.79,45.795,45.775,45.79,7564
2017-08-10 12:50:00-04:00,45.79,45.795,45.775,45.795,9472
2017-08-10 12:55:00-04:00,45.79,45.82,45.79,45.815,4209
2017-08-10 13:00:00-04:00,45.81,45.82,45.8,45.81,6002
2017-08-10 13:05:00-04:00,45.8,45.81,45.78,45.79,2000
2017-08-10 13:10:00-04:00,45.79,45.81,45.77,45.77,3588
2017-08-10 13:15:00-04:00,45.77,45.77,45.755,45.755,4101
2017-08-10 13:20:00-04:00,45.755,45.8,45.755,45.79,2711
2017-08-10 13:25:00-04:00,45.785,45.79,45.78,45.79,3022
2017-08-10 13:30:00-04:00,45.78,45.79,45.78,45.79,2822
2017-08-10 13:35:00-04:00,45.795,45.795,45.765,45.77,2363
2017-08-10 13:40:00-04:00,45.765,45.785,45.765,45.77,2817
2017-08-10 13:45:00-04:00,45.78,45.78,45.765,45.77,2702
2017-08-10 13:50:00-04:00,45.765,45.77,45.75,45.75,1540
2017-08-10 13:55:00-04:00,45.735,45.765,45.735,45.765,1328
2017-08-10 14:00:00-04:00,45.765,45.77,45.745,45.755,18430
2017-08-10 14:05:00-04:00,45.76,45.76,45.73,45.74,7215
2017-08-10 14:10:00-04:00,45.75,45.77,45.75,45.765,3851
2017-08-10 14:15:00-04:00,45.765,45.8,45.765,45.795,7042
2017-08-10 14:20:00-04:00,45.79,45.82,45.79,45.82,4213
2017-08-10 14:25:00-04:00,45.83,45.83,45.81,45.81,3353
2017-08-10 14:30:00-04:00,45.815,45.84,45.81,45.82,11749
2017-08-10 14:35:00-04:00,45.82,45.825,45.8,45.81,4280
2017-08-10 14:40:00-04:00,45.805,45.82,45.805,45.82,3819
2017-08-10 14:45:00-04:00,45.815,45.82,45.8,45.815,3465
2017-08-10 14:50:00-04:00,45.81,45.825,45.8,45.8,2845
2017-08-10 14:55:00-04:00,45.8,45.8,45.78,45.785,1600
2017-08-10 15:00:00-04:00,45.78,45.81,45.78,45.805,5090
2017-08-10 15:05:00-04:00,45.8,45.8,45.79,45.79,3938
2017-08-10 15:10:00-04:00,45.79,45.79,45.76,45.77,9950
2017-08-10 15:15:00-04:00,45.76,45.77,45.74,45.77,7483
2017-08-10 15:20:00-04:00,45.77,45.77,45.755,45.765,8366
2017-08-10 15:25:00-04:00,45.77,45.78,45.74,45.775,10488
2017-08-10 15:30:00-04:00,45.78,45.785,45.735,45.755,15301
2017-08-10 15:35:00-04:00,45.76,45.76,45.735,45.76,20530
2017-08-10 15:40:00-04:00,45.765,45.81,45.76,45.79,16867
2017-08-10 15:45:00-04:00,45.78,45.78,45.745,45.76,23637
2017-08-10 15:50:00-04:00,45.76,45.78,45.76,45.77,30730
2017-08-10 15:55:00-04:00,45.77,45.77,45.725,45.74,61043
2017-08-11 09:30:00-04:00,45.86,45.87,45.77,45.78,6092
2017-08-11 09:35:00-04:00,45.78,45.8,45.76,45.76,7056
2017-08-11 09:40:00-04:00,45.76,45.78,45.73,45.73,7276
2017-08-11 09:45:00-04:00,45.73,45.75,45.705,45.74,10284
2017-08-11 09:50:00-04:00,45.74,45.79,45.665,45.79,7535
2017-08-11 09:55:00-04:00,45.79,45.8,45.765,45.79,15060
2017-08-11 10:00:00-04:00,45.795,45.83,45.79,45.83,10000
2017-08-11 10:05:00-04:00,45.82,45.86,45.82,45.86,33518
2017-08-11 10:10:00-04:00,45.86,45.89,45.84,45.84,32052
2017-08-11 10:15:00-04:00,45.845,45.88,45.845,45.87,12460
2017-08-11 10:20:00-04:00,45.865,45.865,45.83,45.84,7578
2017-08-11 10:25:00-04:00,45.84,45.85,45.835,45.84,3325
2017-08-11 10:30:00-04:00,45.84,45.84,45.81,45.84,5069
2017-08-11 10:35:00-04:00,45.845,45.85,45.83,45.835,13710
2017-08-11 10:40:00-04:00,45.835,45.86,45.835,45.85,11467
2017-08-11 10:45:00-04:00,45.85,45.88,45.85,45.88,11520
2017-08-11 10:50:00-04:00,45.88,45.88,45.87,45.87,4450
2017-08-11 10:55:00-04:00,45.88,45.88,45.87,45.88,10387
2017-08-11 11:00:00-04:00,45.88,45.88,45.85,45.85,7164
2017-08-11 11:05:00-04:00,45.86,45.87,45.86,45.87,2868
2017-08-11 11:10:00-04:00,45.86,45.87,45.86,45.86,6711
2017-08-11 11:15:00-04:00,45.86,45.86,45.825,45.85,3324
2017-08-11 11:20:00-04:00,45.85,45.85,45.84,45.845,5451
2017-08-11 11:25:00-04:00,45.85,45.86,45.84,45.85,5016
2017-08-11 11:30:00-04:00,45.85,45.85,45.84,45.84,3176
2017-08-11 11:35:00-04:00,45.85,45.85,45.8,45.81,4008
2017-08-11 11:40:00-04:00,45.81,45.81,45.801,45.81,1038
2017-08-11 11:45:00-04:00,45.81,45.85,45.81,45.85,4176
2017-08-11 11:50:00-04:00,45.85,45.86,45.84,45.85,4837
2017-08-11 11:55:00-04:00,45.85,45.85,45.845,45.85,1000
2017-08-11 12:00:00-04:00,45.84,45.84,45.815,45.815,2507
2017-08-11 12:05:00-04:00,45.81,45.81,45.79,45.79,1581
2017-08-11 12:10:00-04:00,45.79,45.79,45.765,45.77,2799
2017-08-11 12:15:00-04:00,45.76,45.76,45.735,45.745,2107
2017-08-11 12:20:00-04:00,45.755,45.76,45.75,45.76,1200
2017-08-11 12:25:00-04:00,45.76,45.77,45.76,45.77,801
2017-08-11 12:30:00-04:00,45.76,45.76,45.71,45.72,1753
2017-08-11 12:35:00-04:00,45.72,45.72,45.715,45.72,475
2017-08-11 12:40:00-04:00,45.72,45.72,45.715,45.72,1192
2017-08-11 12:45:00-04:00,45.715,45.76,45.715,45.735,2605
2017-08-11 12:50:00-04:00,45.74,45.74,45.73,45.74,1101
2017-08-11 12:55:00-04:00,45.735,45.74,45.73,45.73,1570
2017-08-11 13:00:00-04:00,45.735,45.74,45.7,45.7,3989
2017-08-11 13:05:00-04:00,45.71,45.71,45.68,45.7,2631
2017-08-11 13:10:00-04:00,45.695,45.695,45.67,45.67,2865
2017-08-11 13:15:00-04:00,45.67,45.68,45.645,45.68,3400
2017-08-11 13:20:00-04:00,45.7,45.71,45.67,45.71,2000
2017-08-11 13:25:00-04:00,45.72,45.72,45.71,45.72,1901
2017-08-11 13:30:00-04:00,45.72,45.72,45.71,45.715,1248
2017-08-11 13:35:00-04:00,45.71,45.72,45.69,45.69,2978
2017-08-11 13:40:00-04:00,45.695,45.71,45.695,45.7,795
2017-08-11 13:45:00-04:00,45.71,45.71,45.68,45.68,3514
2017-08-11 13:50:00-04:00,45.68,45.71,45.68,45.71,1805
2017-08-11 13:55:00-04:00,45.71,45.71,45.705,45.71,1755
2017-08-11 14:00:00-04:00,45.71,45.72,45.695,45.7,4223
2017-08-11 14:05:00-04:00,45.7,45.71,45.7,45.705,5768
2017-08-11 14:10:00-04:00,45.705,45.71,45.7,45.7,4410
2017-08-11 14:15:00-04:00,45.7,45.711,45.695,45.695,3290
2017-08-11 14:20:00-04:00,45.7,45.71,45.695,45.71,2970
2017-08-11 14:25:00-04:00,45.71,45.71,45.685,45.69,3111
2017-08-11 14:30:00-04:00,45.69,45.695,45.67,45.68,17989
2017-08-11 14:35:00-04:00,45.67,45.67,45.625,45.64,6792
2017-08-11 14:40:00-04:00,45.64,45.67,45.64,45.665,1823
2017-08-11 14:45:00-04:00,45.66,45.69,45.66,45.681,2173
2017-08-11 14:50:00-04:00,45.69,45.69,45.62,45.62,5286
2017-08-11 14:55:00-04:00,45.62,45.69,45.615,45.64,3478
2017-08-11 15:00:00-04:00,45.65,45.66,45.64,45.66,2404
2017-08-11 15:05:00-04:00,45.661,45.665,45.63,45.63,4878
2017-08-11 15:10:00-04:00,45.63,45.67,45.63,45.665,19156
2017-08-11 15:15:00-04:00,45.65,45.66,45.62,45.64,5901
2017-08-11 15:20:00-04:00,45.64,45.65,45.63,45.64,3567
2017-08-11 15:25:00-04:00,45.64,45.64,45.625,45.64,4748
2017-08-11 15:30:00-04:00,45.64,45.655,45.63,45.645,11242
2017-08-11 15:35:00-04:00,45.64,45.64,45.62,45.63,4800
2017-08-11 15:40:00-04:00,45.63,45.64,45.62,45.62,5945
2017-08-11 15:45:00-04:00,45.625,45.67,45.625,45.67,11298
2017-08-11 15:50:00-04:00,45.67,45.68,45.665,45.68,10132
2017-08-11 15:55:00-04:00,45.68,45.685,45.57,45.595,31459
2017-08-15 09:20:00-04:00,45.81,45.81,45.81,45.81,100
2017-08-15 09:30:00-04:00,45.85,45.9,45.84,45.89,2379
2017-08-15 09:35:00-04:00,45.9,45.9,45.86,45.88,2132
2017-08-15 09:40:00-04:00,45.89,45.935,45.89,45.92,3830
2017-08-15 09:45:00-04:00,45.92,45.96,45.91,45.92,6201
2017-08-15 09:50:00-04:00,45.925,45.965,45.925,45.93,4180
2017-08-15 09:55:00-04:00,45.92,45.95,45.91,45.95,1518
2017-08-15 10:00:00-04:00,45.96,45.98,45.95,45.95,3367
2017-08-15 10:05:00-04:00,45.96,45.98,45.955,45.98,4287
2017-08-15 10:10:00-04:00,45.97,45.97,45.94,45.96,4490
2017-08-15 10:15:00-04:00,45.955,45.955,45.905,45.93,4368
2017-08-15 10:20:00-04:00,45.925,45.95,45.92,45.925,4308
2017-08-15 10:25:00-04:00,45.93,45.935,45.92,45.92,3595
2017-08-15 10:30:00-04:00,45.925,45.925,45.9,45.915,4869
2017-08-15 10:35:00-04:00,45.92,45.955,45.92,45.94,4519
2017-08-15 10:40:00-04:00,45.94,45.94,45.89,45.9,6208
2017-08-15 10:45:00-04:00,45.91,45.925,45.895,45.92,4000
2017-08-15 10:50:00-04:00,45.93,45.93,45.91,45.93,4020
2017-08-15 10:55:00-04:00,45.935,45.955,45.935,45.955,2500
2017-08-15 11:00:00-04:00,45.96,45.96,45.95,45.955,4128
2017-08-15 11:05:00-04:00,45.96,45.96,45.925,45.95,6491
2017-08-15 11:10:00-04:00,45.95,45.96,45.95,45.951,3157
2017-08-15 11:15:00-04:00,45.95,45.96,45.93,45.93,3845
2017-08-15 11:20:00-04:00,45.93,45.955,45.93,45.955,4508
2017-08-15 11:25:00-04:00,45.95,45.96,45.93,45.955,4024
2017-08-15 11:30:00-04:00,45.955,45.97,45.95,45.96,3900
2017-08-15 11:35:00-04:00,45.97,45.98,45.965,45.98,1907
2017-08-15 11:40:00-04:00,45.98,45.99,45.975,45.99,3639
2017-08-15 11:45:00-04:00,45.99,45.995,45.985,45.99,9909
2017-08-15 11:50:00-04:00,45.98,45.99,45.98,45.99,2200
2017-08-15 11:55:00-04:00,45.99,45.99,45.98,45.98,4285
2017-08-15 12:00:00-04:00,45.99,46.0,45.97,45.98,15357
2017-08-15 12:05:00-04:00,45.975,45.975,45.95,45.975,5155
2017-08-15 12:10:00-04:00,45.98,45.995,45.98,45.985,4617
2017-08-15 12:15:00-04:00,45.99,45.995,45.98,45.985,4865
2017-08-15 12:20:00-04:00,45.981,46.03,45.981,46.03,5609
2017-08-15 12:25:00-04:00,46.03,46.05,46.02,46.03,3929
2017-08-15 12:30:00-04:00,46.035,46.045,46.025,46.035,5418
2017-08-15 12:35:00-04:00,46.035,46.04,46.03,46.035,5127
2017-08-15 12:40:00-04:00,46.035,46.05,46.031,46.05,3157
2017-08-15 12:45:00-04:00,46.045,46.055,46.025,46.035,8780
2017-08-15 12:50:00-04:00,46.035,46.05,46.035,46.045,3508
2017-08-15 12:55:00-04:00,46.05,46.055,46.03,46.04,7119
2017-08-15 13:00:00-04:00,46.041,46.045,46.025,46.035,6615
2017-08-15 13:05:00-04:00,46.035,46.04,46.025,46.035,4313
2017-08-15 13:10:00-04:00,46.03,46.07,46.03,46.05,8811
2017-08-15 13:15:00-04:00,46.04,46.05,46.03,46.04,4197
2017-08-15 13:20:00-04:00,46.05,46.05,46.03,46.045,11119
2017-08-15 13:25:00-04:00,46.05,46.05,46.02,46.025,12813
2017-08-15 13:30:00-04:00,46.025,46.065,46.025,46.055,14232
2017-08-15 13:35:00-04:00,46.05,46.075,46.05,46.075,5861
2017-08-15 13:40:00-04:00,46.075,46.08,46.07,46.075,1615
2017-08-15 13:45:00-04:00,46.08,46.085,46.06,46.085,5297
2017-08-15 13:50:00-04:00,46.09,46.12,46.09,46.12,4238
2017-08-15 13:55:00-04:00,46.125,46.18,46.125,46.18,2909
2017-08-15 14:00:00-04:00,46.18,46.2,46.18,46.2,1301
2017-08-15 14:05:00-04:00,46.2,46.2,46.16,46.17,10485
2017-08-15 14:10:00-04:00,46.17,46.2,46.17,46.2,3885
2017-08-15 14:15:00-04:00,46.2,46.25,46.2,46.245,13426
2017-08-15 14:20:00-04:00,46.245,46.25,46.235,46.235,9863
2017-08-15 14:25:00-04:00,46.23,46.24,46.215,46.215,9319
2017-08-15 14:30:00-04:00,46.215,46.22,46.19,46.215,11017
2017-08-15 14:35:00-04:00,46.22,46.23,46.2,46.205,8211
2017-08-15 14:40:00-04:00,46.205,46.21,46.2,46.205,4344
2017-08-15 14:45:00-04:00,46.21,46.22,46.2,46.22,6348
2017-08-15 14:50:00-04:00,46.215,46.22,46.21,46.22,5329
2017-08-15 14:55:00-04:00,46.215,46.215,46.18,46.19,14184
2017-08-15 15:00:00-04:00,46.19,46.19,46.181,46.185,6669
2017-08-15 15:05:00-04:00,46.19,46.2,46.181,46.195,10710
2017-08-15 15:10:00-04:00,46.2,46.2,46.185,46.185,14810
2017-08-15 15:15:00-04:00,46.185,46.185,46.15,46.15,12165
2017-08-15 15:20:00-04:00,46.145,46.18,46.145,46.165,14096
2017-08-15 15:25:00-04:00,46.165,46.19,46.15,46.155,12252
2017-08-15 15:30:00-04:00,46.155,46.17,46.15,46.165,11335
2017-08-15 15:35:00-04:00,46.17,46.2,46.165,46.2,7276
2017-08-15 15:40:00-04:00,46.2,46.2,46.17,46.17,15600
2017-08-15 15:45:00-04:00,46.175,46.2,46.175,46.18,19076
2017-08-15 15:50:00-04:00,46.17,46.18,46.155,46.161,24927
2017-08-15 15:55:00-04:00,46.17,46.205,46.16,46.185,65365
2017-08-16 09:30:00-04:00,46.14,46.23,46.14,46.2,4623
2017-08-16 09:35:00-04:00,46.21,46.28,46.21,46.26,4694
2017-08-16 09:40:00-04:00,46.26,46.27,46.22,46.23,14283
2017-08-16 09:45:00-04:00,46.24,46.29,46.24,46.27,7871
2017-08-16 09:50:00-04:00,46.275,46.28,46.235,46.26,10470
2017-08-16 09:55:00-04:00,46.23,46.27,46.23,46.26,4901
2017-08-16 10:00:00-04:00,46.27,46.28,46.24,46.28,3685
2017-08-16 10:05:00-04:00,46.28,46.29,46.25,46.25,5127
2017-08-16 10:10:00-04:00,46.25,46.285,46.25,46.27,12631
2017-08-16 10:15:00-04:00,46.275,46.295,46.26,46.295,2452
2017-08-16 10:20:00-04:00,46.275,46.29,46.27,46.28,3103
2017-08-16 10:25:00-04:00,46.29,46.31,46.29,46.29,2463
2017-08-16 10:30:00-04:00,46.27,46.315,46.27,46.295,11427
2017-08-16 10:35:00-04:00,46.295,46.32,46.295,46.3,10531
2017-08-16 10:40:00-04:00,46.305,46.32,46.305,46.32,1600
2017-08-16 10:45:00-04:00,46.33,46.335,46.321,46.335,4056
2017-08-16 10:50:00-04:00,46.34,46.34,46.29,46.29,9778
2017-08-16 10:55:00-04:00,46.29,46.29,46.27,46.28,3881
2017-08-16 11:00:00-04:00,46.27,46.28,46.26,46.27,3868
2017-08-16 11:05:00-04:00,46.275,46.31,46.27,46.275,5519
2017-08-16 11:10:00-04:00,46.27,46.28,46.25,46.25,4400
2017-08-16 11:15:00-04:00,46.26,46.26,46.21,46.215,4327
2017-08-16 11:20:00-04:00,46.21,46.23,46.18,46.2,6758
2017-08-16 11:25:00-04:00,46.22,46.26,46.22,46.24,4348
2017-08-16 11:30:00-04:00,46.25,46.25,46.195,46.195,3984
2017-08-16 11:35:00-04:00,46.2,46.225,46.2,46.225,621
2017-08-16 11:40:00-04:00,46.225,46.24,46.205,46.235,2241
2017-08-16 11:45:00-04:00,46.24,46.255,46.235,46.245,6289
2017-08-16 11:50:00-04:00,46.25,46.25,46.245,46.25,1150
2017-08-16 11:55:00-04:00,46.25,46.28,46.24,46.25,9714
2017-08-16 12:00:00-04:00,46.25,46.26,46.245,46.25,3871
2017-08-16 12:05:00-04:00,46.25,46.26,46.245,46.25,3501
2017-08-16 12:10:00-04:00,46.255,46.26,46.215,46.26,6104
2017-08-16 12:15:00-04:00,46.265,46.27,46.235,46.24,10813
2017-08-16 12:20:00-04:00,46.235,46.27,46.235,46.27,4400
2017-08-16 12:25:00-04:00,46.275,46.275,46.25,46.27,3477
2017-08-16 12:30:00-04:00,46.265,46.265,46.24,46.25,2669
2017-08-16 12:35:00-04:00,46.25,46.26,46.25,46.26,2915
2017-08-16 12:40:00-04:00,46.255,46.27,46.255,46.27,4953
2017-08-16 12:45:00-04:00,46.26,46.27,46.235,46.25,4519
2017-08-16 12:50:00-04:00,46.24,46.24,46.22,46.24,3025
2017-08-16 12:55:00-04:00,46.235,46.24,46.22,46.235,3337
2017-08-16 13:00:00-04:00,46.24,46.26,46.225,46.26,2950
2017-08-16 13:05:00-04:00,46.26,46.27,46.25,46.27,3206
2017-08-16 13:10:00-04:00,46.27,46.27,46.195,46.21,12662
2017-08-16 13:15:00-04:00,46.21,46.24,46.2,46.235,4497
2017-08-16 13:20:00-04:00,46.24,46.24,46.215,46.24,3058
2017-08-16 13:25:00-04:00,46.24,46.24,46.21,46.23,2417
2017-08-16 13:30:00-04:00,46.23,46.23,46.21,46.225,4686
2017-08-16 13:35:00-04:00,46.225,46.245,46.22,46.24,3409
2017-08-16 13:40:00-04:00,46.24,46.25,46.23,46.235,2783
2017-08-16 13:45:00-04:00,46.23,46.24,46.205,46.21,7031
2017-08-16 13:50:00-04:00,46.21,46.245,46.19,46.24,6132
2017-08-16 13:55:00-04:00,46.24,46.255,46.23,46.235,6237
2017-08-16 14:00:00-04:00,46.235,46.265,46.235,46.25,9920
2017-08-16 14:05:00-04:00,46.25,46.27,46.245,46.25,6576
2017-08-16 14:10:00-04:00,46.24,46.26,46.23,46.24,6280
2017-08-16 14:15:00-04:00,46.25,46.25,46.225,46.23,6553
2017-08-16 14:20:00-04:00,46.23,46.25,46.21,46.23,8766
2017-08-16 14:25:00-04:00,46.24,46.26,46.21,46.22,5694
2017-08-16 14:30:00-04:00,46.21,46.24,46.21,46.24,6283
2017-08-16 14:35:00-04:00,46.24,46.255,46.23,46.255,3400
2017-08-16 14:40:00-04:00,46.25,46.26,46.23,46.25,4252
2017-08-16 14:45:00-04:00,46.25,46.27,46.25,46.255,4300
2017-08-16 14:50:00-04:00,46.25,46.26,46.245,46.25,5479
2017-08-16 14:55:00-04:00,46.24,46.26,46.24,46.25,4342
2017-08-16 15:00:00-04:00,46.26,46.26,46.24,46.25,6244
2017-08-16 15:05:00-04:00,46.25,46.27,46.245,46.25,9616
2017-08-16 15:10:00-04:00,46.24,46.24,46.215,46.23,10225
2017-08-16 15:15:00-04:00,46.23,46.25,46.23,46.24,4368
2017-08-16 15:20:00-04:00,46.24,46.255,46.23,46.25,10455
2017-08-16 15:25:00-04:00,46.25,46.255,46.245,46.245,13060
2017-08-16 15:30:00-04:00,46.25,46.27,46.25,46.26,11120
2017-08-16 15:35:00-04:00,46.26,46.26,46.23,46.23,14274
2017-08-16 15:40:00-04:00,46.23,46.25,46.22,46.24,9169
2017-08-16 15:45:00-04:00,46.24,46.25,46.23,46.25,24834
2017-08-16 15:50:00-04:00,46.25,46.25,46.22,46.225,27875
2017-08-16 15:55:00-04:00,46.23,46.23,46.175,46.21,69181
2017-08-17 09:30:00-04:00,46.19,46.21,46.16,46.2,2500
2017-08-17 09:35:00-04:00,46.2,46.23,46.18,46.18,2950
2017-08-17 09:40:00-04:00,46.18,46.22,46.18,46.21,1836
2017-08-17 09:45:00-04:00,46.215,46.24,46.21,46.23,998
2017-08-17 09:50:00-04:00,46.24,46.25,46.24,46.25,1052
2017-08-17 09:55:00-04:00,46.27,46.27,46.225,46.225,3166
2017-08-17 10:00:00-04:00,46.245,46.25,46.195,46.2,3038
2017-08-17 10:05:00-04:00,46.2,46.24,46.2,46.24,1932
2017-08-17 10:10:00-04:00,46.25,46.255,46.225,46.225,5728
2017-08-17 10:15:00-04:00,46.23,46.255,46.22,46.24,3425
2017-08-17 10:20:00-04:00,46.235,46.25,46.21,46.22,1392
2017-08-17 10:25:00-04:00,46.215,46.23,46.21,46.21,1523
2017-08-17 10:30:00-04:00,46.21,46.25,46.195,46.25,4491
2017-08-17 10:35:00-04:00,46.24,46.255,46.24,46.25,2200
2017-08-17 10:40:00-04:00,46.26,46.26,46.2,46.2,1621
2017-08-17 10:45:00-04:00,46.215,46.24,46.215,46.235,2412
2017-08-17 10:50:00-04:00,46.21,46.23,46.21,46.23,380
2017-08-17 10:55:00-04:00,46.23,46.26,46.23,46.25,621
2017-08-17 11:00:00-04:00,46.28,46.305,46.28,46.295,5815
2017-08-17 11:05:00-04:00,46.305,46.325,46.305,46.325,1585
2017-08-17 11:10:00-04:00,46.325,46.325,46.295,46.305,2118
2017-08-17 11:15:00-04:00,46.31,46.31,46.29,46.295,758
2017-08-17 11:20:00-04:00,46.31,46.315,46.255,46.255,2131
2017-08-17 11:25:00-04:00,46.25,46.285,46.25,46.275,1785
2017-08-17 11:30:00-04:00,46.255,46.26,46.235,46.235,1400
2017-08-17 11:35:00-04:00,46.24,46.25,46.185,46.185,3000
2017-08-17 11:40:00-04:00,46.185,46.205,46.175,46.19,4914
2017-08-17 11:45:00-04:00,46.2,46.2,46.175,46.175,9313
2017-08-17 11:50:00-04:00,46.175,46.175,46.155,46.155,5212
2017-08-17 11:55:00-04:00,46.155,46.18,46.15,46.18,7661
2017-08-17 12:00:00-04:00,46.185,46.19,46.165,46.165,1520
2017-08-17 12:05:00-04:00,46.17,46.175,46.15,46.15,3030
2017-08-17 12:10:00-04:00,46.15,46.16,46.14,46.15,1994
2017-08-17 12:15:00-04:00,46.19,46.195,46.17,46.175,1330
2017-08-17 12:20:00-04:00,46.18,46.2,46.18,46.195,1096
2017-08-17 12:25:00-04:00,46.2,46.2,46.19,46.2,1185
2017-08-17 12:30:00-04:00,46.22,46.22,46.16,46.16,5776
2017-08-17 12:35:00-04:00,46.19,46.19,46.15,46.15,700
2017-08-17 12:40:00-04:00,46.17,46.19,46.17,46.185,800
2017-08-17 12:45:00-04:00,46.185,46.185,46.175,46.175,1882
2017-08-17 12:50:00-04:00,46.18,46.18,46.145,46.15,6036
2017-08-17 12:55:00-04:00,46.12,46.145,46.115,46.135,2528
2017-08-17 13:00:00-04:00,46.14,46.14,46.11,46.11,4646
2017-08-17 13:05:00-04:00,46.115,46.135,46.11,46.13,6289
2017-08-17 13:10:00-04:00,46.13,46.13,46.11,46.115,5656
2017-08-17 13:15:00-04:00,46.11,46.125,46.11,46.11,3335
2017-08-17 13:20:00-04:00,46.12,46.13,46.115,46.12,2565
2017-08-17 13:25:00-04:00,46.12,46.13,46.1,46.105,5743
2017-08-17 13:30:00-04:00,46.105,46.145,46.105,46.115,4146
2017-08-17 13:35:00-04:00,46.11,46.13,46.11,46.125,2726
2017-08-17 13:40:00-04:00,46.12,46.14,46.12,46.125,1950
2017-08-17 13:45:00-04:00,46.12,46.13,46.11,46.125,3366
2017-08-17 13:50:00-04:00,46.115,46.115,46.085,46.085,25565
2017-08-17 13:55:00-04:00,46.085,46.085,46.07,46.075,4506
2017-08-17 14:00:00-04:00,46.08,46.09,46.06,46.06,2430
2017-08-17 14:05:00-04:00,46.07,46.095,46.07,46.095,1820
2017-08-17 14:10:00-04:00,46.095,46.095,46.085,46.09,2027
2017-08-17 14:15:00-04:00,46.075,46.075,46.02,46.025,8567
2017-08-17 14:20:00-04:00,46.025,46.06,46.02,46.055,3282
2017-08-17 14:25:00-04:00,46.06,46.06,46.035,46.045,5070
2017-08-17 14:30:00-04:00,46.05,46.06,46.04,46.04,6536
2017-08-17 14:35:00-04:00,46.04,46.04,46.015,46.03,3602
2017-08-17 14:40:00-04:00,46.03,46.035,46.02,46.025,4300
2017-08-17 14:45:00-04:00,46.025,46.07,46.015,46.07,7720
2017-08-17 14:50:00-04:00,46.05,46.05,46.02,46.04,6011
2017-08-17 14:55:00-04:00,46.04,46.05,46.025,46.045,2037
2017-08-17 15:00:00-04:00,46.05,46.05,45.99,46.0,8822
2017-08-17 15:05:00-04:00,45.995,46.035,45.99,46.035,11655
2017-08-17 15:10:00-04:00,46.04,46.04,46.0,46.01,4142
2017-08-17 15:15:00-04:00,46.01,46.03,46.0,46.015,21716
2017-08-17 15:20:00-04:00,46.01,46.04,46.005,46.02,7874
2017-08-17 15:25:00-04:00,46.03,46.03,46.005,46.005,7245
2017-08-17 15:30:00-04:00,46.0,46.015,45.97,46.01,8388
2017-08-17 15:35:00-04:00,46.01,46.03,45.975,45.98,11918
2017-08-17 15:40:00-04:00,45.98,45.98,45.935,45.945,14313
2017-08-17 15:45:00-04:00,45.94,45.945,45.87,45.905,30859
2017-08-17 15:50:00-04:00,45.9,45.905,45.86,45.86,30421
2017-08-17 15:55:00-04:00,45.86,45.885,45.85,45.865,103616
2017-08-18 09:30:00-04:00,45.77,45.87,45.77,45.85,2793
2017-08-18 09:35:00-04:00,45.835,45.865,45.8,45.8,6140
2017-08-18 09:40:00-04:00,45.79,45.795,45.75,45.79,3834
2017-08-18 09:45:00-04:00,45.8,45.8,45.74,45.77,5607
2017-08-18 09:50:00-04:00,45.785,45.785,45.735,45.76,10518
2017-08-18 09:55:00-04:00,45.75,45.77,45.73,45.74,7152
2017-08-18 10:00:00-04:00,45.76,45.765,45.705,45.76,5832
2017-08-18 10:05:00-04:00,45.77,45.77,45.72,45.72,5799
2017-08-18 10:10:00-04:00,45.75,45.79,45.75,45.79,3284
2017-08-18 10:15:00-04:00,45.78,45.785,45.75,45.75,8791
2017-08-18 10:20:00-04:00,45.74,45.75,45.71,45.73,7188
2017-08-18 10:25:00-04:00,45.735,45.75,45.72,45.735,8156
2017-08-18 10:30:00-04:00,45.735,45.745,45.72,45.745,3865
2017-08-18 10:35:00-04:00,45.74,45.745,45.72,45.73,5400
2017-08-18 10:40:00-04:00,45.72,45.735,45.72,45.735,1930
2017-08-18 10:45:00-04:00,45.73,45.73,45.71,45.715,1613
2017-08-18 10:50:00-04:00,45.71,45.73,45.71,45.72,3071
2017-08-18 10:55:00-04:00,45.72,45.72,45.69,45.695,7038
2017-08-18 11:00:00-04:00,45.695,45.72,45.68,45.695,8306
2017-08-18 11:05:00-04:00,45.69,45.695,45.65,45.65,5307
2017-08-18 11:10:00-04:00,45.66,45.66,45.63,45.63,3083
2017-08-18 11:15:00-04:00,45.65,45.67,45.64,45.67,7100
2017-08-18 11:20:00-04:00,45.66,45.705,45.66,45.68,12585
2017-08-18 11:25:00-04:00,45.68,45.76,45.68,45.75,7800
2017-08-18 11:30:00-04:00,45.75,45.77,45.73,45.735,4736
2017-08-18 11:35:00-04:00,45.735,45.795,45.735,45.755,13470
2017-08-18 11:40:00-04:00,45.76,45.77,45.745,45.765,4022
2017-08-18 11:45:00-04:00,45.77,45.77,45.72,45.725,3912
2017-08-18 11:50:00-04:00,45.72,45.8,45.72,45.79,2800
2017-08-18 11:55:00-04:00,45.78,45.795,45.765,45.795,5587
2017-08-18 12:00:00-04:00,45.795,45.795,45.76,45.76,10225
2017-08-18 12:05:00-04:00,45.77,45.775,45.725,45.73,2635
2017-08-18 12:10:00-04:00,45.725,45.75,45.72,45.73,3655
2017-08-18 12:15:00-04:00,45.73,45.76,45.73,45.76,2266
2017-08-18 12:20:00-04:00,45.755,45.755,45.74,45.745,3419
2017-08-18 12:25:00-04:00,45.745,45.785,45.745,45.77,1600
2017-08-18 12:30:00-04:00,45.78,45.81,45.78,45.79,4570
2017-08-18 12:35:00-04:00,45.79,45.82,45.79,45.82,7327
2017-08-18 12:40:00-04:00,45.83,45.9,45.83,45.85,6311
2017-08-18 12:45:00-04:00,45.85,45.86,45.82,45.86,4836
2017-08-18 12:50:00-04:00,45.86,45.865,45.81,45.84,4270
2017-08-18 12:55:00-04:00,45.85,45.86,45.83,45.845,6181
2017-08-18 13:00:00-04:00,45.845,45.85,45.79,45.8,5551
2017-08-18 13:05:00-04:00,45.82,45.82,45.79,45.79,11865
2017-08-18 13:10:00-04:00,45.81,45.835,45.81,45.82,3706
2017-08-18 13:15:00-04:00,45.82,45.83,45.81,45.82,2850
2017-08-18 13:20:00-04:00,45.815,45.815,45.79,45.79,3748
2017-08-18 13:25:00-04:00,45.79,45.81,45.775,45.8,2892
2017-08-18 13:30:00-04:00,45.8,45.82,45.8,45.8,2908
2017-08-18 13:35:00-04:00,45.8,45.8,45.76,45.765,4785
2017-08-18 13:40:00-04:00,45.775,45.78,45.75,45.76,15806
2017-08-18 13:45:00-04:00,45.765,45.785,45.74,45.785,16264
2017-08-18 13:50:00-04:00,45.79,45.79,45.75,45.77,13520
2017-08-18 13:55:00-04:00,45.76,45.77,45.735,45.75,13542
2017-08-18 14:00:00-04:00,45.755,45.8,45.75,45.785,9629
2017-08-18 14:05:00-04:00,45.78,45.785,45.75,45.77,5938
2017-08-18 14:10:00-04:00,45.77,45.79,45.76,45.775,5831
2017-08-18 14:15:00-04:00,45.78,45.78,45.76,45.77,6300
2017-08-18 14:20:00-04:00,45.765,45.78,45.735,45.78,6631
2017-08-18 14:25:00-04:00,45.79,45.81,45.79,45.8,1967
2017-08-18 14:30:00-04:00,45.805,45.82,45.8,45.81,2301
2017-08-18 14:35:00-04:00,45.805,45.815,45.79,45.8,2648
2017-08-18 14:40:00-04:00,45.81,45.815,45.805,45.815,3824
2017-08-18 14:45:00-04:00,45.81,45.81,45.785,45.805,3038
2017-08-18 14:50:00-04:00,45.8,45.805,45.77,45.77,2100
2017-08-18 14:55:00-04:00,45.775,45.785,45.765,45.765,1519
2017-08-18 15:00:00-04:00,45.765,45.77,45.74,45.745,5316
2017-08-18 15:05:00-04:00,45.755,45.79,45.755,45.79,1569
2017-08-18 15:10:00-04:00,45.785,45.785,45.77,45.77,4821
2017-08-18 15:15:00-04:00,45.77,45.77,45.74,45.755,3910
2017-08-18 15:20:00-04:00,45.76,45.76,45.725,45.745,9591
2017-08-18 15:25:00-04:00,45.745,45.75,45.735,45.735,4700
2017-08-18 15:30:00-04:00,45.735,45.74,45.72,45.74,3755
2017-08-18 15:35:00-04:00,45.735,45.76,45.731,45.76,5329
2017-08-18 15:40:00-04:00,45.76,45.76,45.735,45.74,9782
2017-08-18 15:45:00-04:00,45.75,45.75,45.735,45.745,14184
2017-08-18 15:50:00-04:00,45.74,45.745,45.715,45.72,21675
2017-08-18 15:55:00-04:00,45.72,45.725,45.67,45.67,49696
2017-08-21 09:30:00-04:00,45.63,45.65,45.6,45.6,1267
2017-08-21 09:35:00-04:00,45.59,45.66,45.565,45.635,7034
2017-08-21 09:40:00-04:00,45.65,45.7,45.65,45.68,7399
2017-08-21 09:45:00-04:00,45.68,45.72,45.68,45.72,2815
2017-08-21 09:50:00-04:00,45.715,45.715,45.67,45.675,8232
2017-08-21 09:55:00-04:00,45.675,45.68,45.645,45.68,12045
2017-08-21 10:00:00-04:00,45.675,45.68,45.61,45.655,17630
2017-08-21 10:05:00-04:00,45.665,45.67,45.635,45.635,11142
2017-08-21 10:10:00-04:00,45.635,45.665,45.62,45.65,13053
2017-08-21 10:15:00-04:00,45.65,45.7,45.65,45.675,5125
2017-08-21 10:20:00-04:00,45.67,45.72,45.67,45.71,2915
2017-08-21 10:25:00-04:00,45.71,45.73,45.71,45.725,6087
2017-08-21 10:30:00-04:00,45.725,45.73,45.68,45.68,2966
2017-08-21 10:35:00-04:00,45.68,45.72,45.67,45.72,2709
2017-08-21 10:40:00-04:00,45.725,45.75,45.725,45.74,1216
2017-08-21 10:45:00-04:00,45.765,45.77,45.765,45.77,990
2017-08-21 10:50:00-04:00,45.77,45.77,45.74,45.745,2439
2017-08-21 10:55:00-04:00,45.75,45.775,45.74,45.775,2478
2017-08-21 11:00:00-04:00,45.775,45.775,45.75,45.755,6691
2017-08-21 11:05:00-04:00,45.76,45.77,45.74,45.75,11758
2017-08-21 11:10:00-04:00,45.75,45.77,45.74,45.765,15349
2017-08-21 11:15:00-04:00,45.77,45.78,45.76,45.77,6288
2017-08-21 11:20:00-04:00,45.775,45.795,45.77,45.79,2364
2017-08-21 11:25:00-04:00,45.79,45.79,45.77,45.775,2700
2017-08-21 11:30:00-04:00,45.77,45.775,45.74,45.75,26431
2017-08-21 11:35:00-04:00,45.765,45.77,45.76,45.765,8629
2017-08-21 11:40:00-04:00,45.77,45.78,45.75,45.78,14315
2017-08-21 11:45:00-04:00,45.775,45.785,45.77,45.775,19285
2017-08-21 11:50:00-04:00,45.775,45.79,45.77,45.78,4480
2017-08-21 11:55:00-04:00,45.78,45.79,45.745,45.745,6935
2017-08-21 12:00:00-04:00,45.75,45.77,45.75,45.77,3315
2017-08-21 12:05:00-04:00,45.77,45.79,45.77,45.79,1724
2017-08-21 12:10:00-04:00,45.785,45.8,45.78,45.785,3980
2017-08-21 12:15:00-04:00,45.77,45.78,45.75,45.755,3496
2017-08-21 12:20:00-04:00,45.755,45.77,45.735,45.76,3578
2017-08-21 12:25:00-04:00,45.76,45.785,45.76,45.785,1805
2017-08-21 12:30:00-04:00,45.78,45.78,45.765,45.77,5300
2017-08-21 12:35:00-04:00,45.77,45.78,45.765,45.78,16171
2017-08-21 12:40:00-04:00,45.775,45.79,45.775,45.785,4600
2017-08-21 12:45:00-04:00,45.785,45.8,45.78,45.79,2800
2017-08-21 12:50:00-04:00,45.79,45.79,45.75,45.765,10456
2017-08-21 12:55:00-04:00,45.765,45.77,45.765,45.77,11684
2017-08-21 13:00:00-04:00,45.765,45.775,45.765,45.77,11685
2017-08-21 13:05:00-04:00,45.77,45.775,45.76,45.765,54422
2017-08-21 13:10:00-04:00,45.765,45.77,45.745,45.755,15959
2017-08-21 13:15:00-04:00,45.76,45.77,45.735,45.74,4064
2017-08-21 13:20:00-04:00,45.745,45.755,45.745,45.755,1561
2017-08-21 13:25:00-04:00,45.75,45.755,45.74,45.745,2355
2017-08-21 13:30:00-04:00,45.745,45.75,45.72,45.75,7389
2017-08-21 13:35:00-04:00,45.75,45.75,45.735,45.735,1761
2017-08-21 13:40:00-04:00,45.74,45.74,45.735,45.74,906
2017-08-21 13:45:00-04:00,45.74,45.755,45.735,45.75,2778
2017-08-21 13:50:00-04:00,45.74,45.75,45.705,45.71,3864
2017-08-21 13:55:00-04:00,45.715,45.725,45.69,45.72,3140
2017-08-21 14:00:00-04:00,45.73,45.73,45.695,45.705,2009
2017-08-21 14:05:00-04:00,45.705,45.725,45.705,45.715,1982
2017-08-21 14:10:00-04:00,45.71,45.72,45.71,45.72,1677
2017-08-21 14:15:00-04:00,45.71,45.72,45.71,45.71,1236
2017-08-21 14:20:00-04:00,45.715,45.715,45.685,45.695,2538
2017-08-21 14:25:00-04:00,45.69,45.7,45.69,45.7,626
2017-08-21 14:30:00-04:00,45.705,45.715,45.7,45.705,2905
2017-08-21 14:35:00-04:00,45.71,45.71,45.7,45.71,1307
2017-08-21 14:40:00-04:00,45.705,45.715,45.7,45.715,3500
2017-08-21 14:45:00-04:00,45.72,45.73,45.685,45.71,94975
2017-08-21 14:50:00-04:00,45.7,45.725,45.7,45.725,1136
2017-08-21 14:55:00-04:00,45.73,45.73,45.705,45.705,1400
2017-08-21 15:00:00-04:00,45.7,45.71,45.69,45.69,2600
2017-08-21 15:05:00-04:00,45.68,45.705,45.68,45.705,1033
2017-08-21 15:10:00-04:00,45.7,45.71,45.69,45.705,5692
2017-08-21 15:15:00-04:00,45.71,45.71,45.685,45.7,4756
2017-08-21 15:20:00-04:00,45.7,45.725,45.7,45.715,1215
2017-08-21 15:25:00-04:00,45.72,45.72,45.71,45.715,2785
2017-08-21 15:30:00-04:00,45.72,45.72,45.71,45.715,5587
2017-08-21 15:35:00-04:00,45.71,45.72,45.68,45.715,12338
2017-08-21 15:40:00-04:00,45.715,45.73,45.705,45.72,7789
2017-08-21 15:45:00-04:00,45.71,45.73,45.71,45.73,6865
2017-08-21 15:50:00-04:00,45.725,45.73,45.705,45.725,15992
2017-08-21 15:55:00-04:00,45.725,45.725,45.67,45.67,26163
2017-08-22 09:30:00-04:00,45.67,45.69,45.63,45.67,2809
2017-08-22 09:35:00-04:00,45.7,45.73,45.65,45.7,3977
2017-08-22 09:40:00-04:00,45.73,45.73,45.62,45.625,2572
2017-08-22 09:45:00-04:00,45.63,45.69,45.63,45.64,4537
2017-08-22 09:50:00-04:00,45.645,45.73,45.645,45.725,4266
2017-08-22 09:55:00-04:00,45.73,45.735,45.665,45.665,3823
2017-08-22 10:00:00-04:00,45.67,45.7,45.67,45.69,1159
2017-08-22 10:05:00-04:00,45.695,45.695,45.645,45.665,3208
2017-08-22 10:10:00-04:00,45.67,45.685,45.665,45.685,4140
2017-08-22 10:15:00-04:00,45.69,45.7,45.68,45.7,2799
2017-08-22 10:20:00-04:00,45.71,45.71,45.7,45.71,1244
2017-08-22 10:25:00-04:00,45.7,45.705,45.685,45.7,1560
2017-08-22 10:30:00-04:00,45.69,45.69,45.669,45.67,1497
2017-08-22 10:35:00-04:00,45.67,45.67,45.66,45.67,1517
2017-08-22 10:40:00-04:00,45.67,45.67,45.625,45.625,4293
2017-08-22 10:45:00-04:00,45.63,45.64,45.615,45.64,2270
2017-08-22 10:50:00-04:00,45.64,45.67,45.63,45.665,1519
2017-08-22 10:55:00-04:00,45.675,45.68,45.635,45.635,3808
2017-08-22 11:00:00-04:00,45.635,45.67,45.635,45.655,1913
2017-08-22 11:05:00-04:00,45.645,45.645,45.575,45.58,3046
2017-08-22 11:10:00-04:00,45.6,45.62,45.6,45.615,3967
2017-08-22 11:15:00-04:00,45.63,45.63,45.61,45.61,2501
2017-08-22 11:20:00-04:00,45.62,45.645,45.615,45.645,4065
2017-08-22 11:25:00-04:00,45.645,45.655,45.635,45.635,2879
2017-08-22 11:30:00-04:00,45.63,45.65,45.63,45.64,1108
2017-08-22 11:35:00-04:00,45.65,45.655,45.62,45.63,2956
2017-08-22 11:40:00-04:00,45.63,45.64,45.62,45.64,1288
2017-08-22 11:45:00-04:00,45.635,45.64,45.635,45.635,1199
2017-08-22 11:50:00-04:00,45.64,45.65,45.57,45.57,5638
2017-08-22 11:55:00-04:00,45.58,45.6,45.58,45.595,720
2017-08-22 12:00:00-04:00,45.595,45.61,45.575,45.58,2135
2017-08-22 12:05:00-04:00,45.6,45.615,45.58,45.59,3649
2017-08-22 12:10:00-04:00,45.61,45.61,45.6,45.605,627
2017-08-22 12:15:00-04:00,45.61,45.61,45.605,45.605,825
2017-08-22 12:20:00-04:00,45.6,45.61,45.58,45.595,3611
2017-08-22 12:25:00-04:00,45.6,45.61,45.59,45.595,3130
2017-08-22 12:30:00-04:00,45.595,45.6,45.59,45.59,2028
2017-08-22 12:35:00-04:00,45.6,45.6,45.57,45.57,2073
2017-08-22 12:40:00-04:00,45.565,45.6,45.56,45.58,1700
2017-08-22 12:45:00-04:00,45.57,45.58,45.57,45.58,1300
2017-08-22 12:50:00-04:00,45.575,45.58,45.575,45.575,1003
2017-08-22 12:55:00-04:00,45.575,45.59,45.575,45.585,2279
2017-08-22 13:00:00-04:00,45.6,45.61,45.58,45.58,1208
2017-08-22 13:05:00-04:00,45.585,45.585,45.565,45.57,1370
2017-08-22 13:10:00-04:00,45.57,45.59,45.57,45.58,2647
2017-08-22 13:15:00-04:00,45.58,45.59,45.56,45.56,2910
2017-08-22 13:20:00-04:00,45.565,45.57,45.545,45.55,1051
2017-08-22 13:25:00-04:00,45.55,45.58,45.545,45.58,1900
2017-08-22 13:30:00-04:00,45.58,45.59,45.575,45.58,3101
2017-08-22 13:35:00-04:00,45.58,45.61,45.58,45.61,2010
2017-08-22 13:40:00-04:00,45.61,45.61,45.6,45.61,1611
2017-08-22 13:45:00-04:00,45.61,45.61,45.605,45.61,1594
2017-08-22 13:50:00-04:00,45.61,45.62,45.595,45.605,4063
2017-08-22 13:55:00-04:00,45.605,45.62,45.605,45.62,2987
2017-08-22 14:00:00-04:00,45.62,45.63,45.605,45.61,7382
2017-08-22 14:05:00-04:00,45.6,45.6,45.57,45.58,5143
2017-08-22 14:10:00-04:00,45.6,45.61,45.6,45.61,1245
2017-08-22 14:15:00-04:00,45.6,45.61,45.6,45.6,2358
2017-08-22 14:20:00-04:00,45.61,45.61,45.6,45.6,2210
2017-08-22 14:25:00-04:00,45.61,45.62,45.6,45.615,2174
2017-08-22 14:30:00-04:00,45.615,45.64,45.615,45.64,2290
2017-08-22 14:35:00-04:00,45.635,45.635,45.625,45.625,2431
2017-08-22 14:40:00-04:00,45.625,45.625,45.59,45.61,3632
2017-08-22 14:45:00-04:00,45.61,45.61,45.585,45.59,905
2017-08-22 14:50:00-04:00,45.59,45.61,45.59,45.61,1368
2017-08-22 14:55:00-04:00,45.6,45.6,45.59,45.59,2923
2017-08-22 15:00:00-04:00,45.605,45.61,45.605,45.61,371
2017-08-22 15:05:00-04:00,45.61,45.61,45.6,45.61,1458
2017-08-22 15:10:00-04:00,45.61,45.62,45.6,45.62,3650
2017-08-22 15:15:00-04:00,45.61,45.61,45.605,45.61,2673
2017-08-22 15:20:00-04:00,45.605,45.61,45.59,45.59,3388
2017-08-22 15:25:00-04:00,45.595,45.61,45.595,45.6,4582
2017-08-22 15:30:00-04:00,45.61,45.61,45.59,45.59,9381
2017-08-22 15:35:00-04:00,45.59,45.605,45.57,45.595,5208
2017-08-22 15:40:00-04:00,45.6,45.61,45.6,45.61,12772
2017-08-22 15:45:00-04:00,45.605,45.64,45.6,45.615,18385
2017-08-22 15:50:00-04:00,45.615,45.62,45.61,45.61,20004
2017-08-22 15:55:00-04:00,45.62,45.62,45.59,45.6,121796
2017-08-23 09:30:00-04:00,45.62,45.64,45.59,45.6,2933
2017-08-23 09:35:00-04:00,45.59,45.62,45.55,45.615,8744
2017-08-23 09:40:00-04:00,45.615,45.615,45.58,45.59,7365
2017-08-23 09:45:00-04:00,45.6,45.605,45.57,45.57,12561
2017-08-23 09:50:00-04:00,45.57,45.585,45.56,45.585,6773
2017-08-23 09:55:00-04:00,45.59,45.6,45.55,45.565,7225
2017-08-23 10:00:00-04:00,45.565,45.59,45.54,45.59,4958
2017-08-23 10:05:00-04:00,45.595,45.595,45.52,45.52,7280
2017-08-23 10:10:00-04:00,45.53,45.53,45.5,45.51,4309
2017-08-23 10:15:00-04:00,45.51,45.52,45.495,45.51,9342
2017-08-23 10:20:00-04:00,45.51,45.52,45.445,45.445,11128
2017-08-23 10:25:00-04:00,45.445,45.5,45.445,45.5,2595
2017-08-23 10:30:00-04:00,45.5,45.515,45.47,45.49,3641
2017-08-23 10:35:00-04:00,45.5,45.51,45.495,45.5,3581
2017-08-23 10:40:00-04:00,45.51,45.53,45.51,45.52,2220
2017-08-23 10:45:00-04:00,45.525,45.57,45.52,45.55,2511
2017-08-23 10:50:00-04:00,45.54,45.55,45.525,45.54,2210
2017-08-23 10:55:00-04:00,45.54,45.54,45.49,45.49,4661
2017-08-23 11:00:00-04:00,45.49,45.51,45.475,45.5,3001
2017-08-23 11:05:00-04:00,45.5,45.5,45.48,45.49,2718
2017-08-23 11:10:00-04:00,45.49,45.49,45.465,45.47,4824
2017-08-23 11:15:00-04:00,45.47,45.49,45.465,45.49,3749
2017-08-23 11:20:00-04:00,45.49,45.52,45.49,45.52,3705
2017-08-23 11:25:00-04:00,45.53,45.53,45.505,45.51,2493
2017-08-23 11:30:00-04:00,45.505,45.51,45.48,45.48,4460
2017-08-23 11:35:00-04:00,45.48,45.49,45.46,45.465,1901
2017-08-23 11:40:00-04:00,45.465,45.495,45.465,45.495,705
2017-08-23 11:45:00-04:00,45.51,45.51,45.5,45.51,800
2017-08-23 11:50:00-04:00,45.51,45.53,45.51,45.515,2117
2017-08-23 11:55:00-04:00,45.515,45.52,45.51,45.51,4308
2017-08-23 12:00:00-04:00,45.52,45.52,45.51,45.515,1710
2017-08-23 12:05:00-04:00,45.52,45.52,45.51,45.515,5314
2017-08-23 12:10:00-04:00,45.52,45.53,45.51,45.53,3094
2017-08-23 12:15:00-04:00,45.53,45.55,45.515,45.54,4272
2017-08-23 12:20:00-04:00,45.53,45.54,45.52,45.525,2375
2017-08-23 12:25:00-04:00,45.52,45.52,45.505,45.51,4712
2017-08-23 12:30:00-04:00,45.52,45.54,45.515,45.535,2224
2017-08-23 12:35:00-04:00,45.53,45.54,45.52,45.53,3575
2017-08-23 12:40:00-04:00,45.53,45.54,45.52,45.525,14335
2017-08-23 12:45:00-04:00,45.53,45.54,45.53,45.535,7527
2017-08-23 12:50:00-04:00,45.54,45.56,45.53,45.555,2414
2017-08-23 12:55:00-04:00,45.56,45.57,45.555,45.565,2903
2017-08-23 13:00:00-04:00,45.57,45.58,45.57,45.58,1900
2017-08-23 13:05:00-04:00,45.58,45.58,45.56,45.57,3601
2017-08-23 13:10:00-04:00,45.57,45.57,45.54,45.545,5010
2017-08-23 13:15:00-04:00,45.545,45.55,45.505,45.52,10300
2017-08-23 13:20:00-04:00,45.52,45.53,45.51,45.515,1954
2017-08-23 13:25:00-04:00,45.515,45.545,45.515,45.54,2610
2017-08-23 13:30:00-04:00,45.54,45.54,45.515,45.515,1300
2017-08-23 13:35:00-04:00,45.52,45.52,45.515,45.515,3437
2017-08-23 13:40:00-04:00,45.52,45.55,45.515,45.55,1721
2017-08-23 13:45:00-04:00,45.54,45.55,45.53,45.545,3068
2017-08-23 13:50:00-04:00,45.54,45.545,45.525,45.54,26055
2017-08-23 13:55:00-04:00,45.54,45.565,45.54,45.56,5600
2017-08-23 14:00:00-04:00,45.56,45.58,45.56,45.58,6041
2017-08-23 14:05:00-04:00,45.58,45.58,45.56,45.57,7118
2017-08-23 14:10:00-04:00,45.565,45.59,45.565,45.575,24899
2017-08-23 14:15:00-04:00,45.58,45.6,45.575,45.6,2500
2017-08-23 14:20:00-04:00,45.6,45.6,45.57,45.575,8218
2017-08-23 14:25:00-04:00,45.57,45.58,45.565,45.58,6210
2017-08-23 14:30:00-04:00,45.58,45.6,45.58,45.59,3462
2017-08-23 14:35:00-04:00,45.595,45.6,45.59,45.6,5262
2017-08-23 14:40:00-04:00,45.6,45.62,45.595,45.61,2046
2017-08-23 14:45:00-04:00,45.61,45.62,45.605,45.62,3372
2017-08-23 14:50:00-04:00,45.62,45.63,45.595,45.63,5191
2017-08-23 14:55:00-04:00,45.63,45.63,45.61,45.615,37277
2017-08-23 15:00:00-04:00,45.615,45.63,45.6,45.6,4210
2017-08-23 15:05:00-04:00,45.605,45.62,45.6,45.61,4905
2017-08-23 15:10:00-04:00,45.61,45.62,45.605,45.615,4763
2017-08-23 15:15:00-04:00,45.615,45.63,45.61,45.625,3415
2017-08-23 15:20:00-04:00,45.62,45.63,45.62,45.63,2312
2017-08-23 15:25:00-04:00,45.63,45.65,45.63,45.64,5073
2017-08-23 15:30:00-04:00,45.64,45.64,45.62,45.64,8536
2017-08-23 15:35:00-04:00,45.64,45.66,45.63,45.635,10937
2017-08-23 15:40:00-04:00,45.63,45.635,45.615,45.615,5922
2017-08-23 15:45:00-04:00,45.61,45.61,45.59,45.595,10851
2017-08-23 15:50:00-04:00,45.59,45.59,45.545,45.57,26356
2017-08-23 15:55:00-04:00,45.57,45.57,45.54,45.54,55854
2017-08-24 09:30:00-04:00,45.53,45.6,45.53,45.6,1400
2017-08-24 09:35:00-04:00,45.545,45.57,45.515,45.535,2200
2017-08-24 09:40:00-04:00,45.53,45.54,45.49,45.51,1501
2017-08-24 09:45:00-04:00,45.505,45.51,45.5,45.505,2355
2017-08-24 09:50:00-04:00,45.505,45.51,45.47,45.49,2933
2017-08-24 09:55:00-04:00,45.48,45.485,45.4,45.42,5050
2017-08-24 10:00:00-04:00,45.42,45.43,45.33,45.35,7101
2017-08-24 10:05:00-04:00,45.35,45.385,45.335,45.35,7906
2017-08-24 10:10:00-04:00,45.34,45.39,45.315,45.39,7422
2017-08-24 10:15:00-04:00,45.4,45.45,45.395,45.44,13325
2017-08-24 10:20:00-04:00,45.44,45.52,45.44,45.52,6835
2017-08-24 10:25:00-04:00,45.515,45.56,45.515,45.55,2822
2017-08-24 10:30:00-04:00,45.54,45.54,45.52,45.535,4732
2017-08-24 10:35:00-04:00,45.535,45.57,45.535,45.555,3363
2017-08-24 10:40:00-04:00,45.545,45.55,45.52,45.55,1532
2017-08-24 10:45:00-04:00,45.55,45.57,45.55,45.57,1223
2017-08-24 10:50:00-04:00,45.56,45.58,45.55,45.56,3783
2017-08-24 10:55:00-04:00,45.57,45.59,45.56,45.56,2618
2017-08-24 11:00:00-04:00,45.56,45.56,45.51,45.515,8697
2017-08-24 11:05:00-04:00,45.52,45.54,45.52,45.53,1963
2017-08-24 11:10:00-04:00,45.55,45.55,45.495,45.5,4350
2017-08-24 11:15:00-04:00,45.5,45.53,45.49,45.52,3422
2017-08-24 11:20:00-04:00,45.53,45.54,45.525,45.54,3745
2017-08-24 11:25:00-04:00,45.54,45.54,45.49,45.5,7917
2017-08-24 11:30:00-04:00,45.53,45.54,45.505,45.51,2968
2017-08-24 11:35:00-04:00,45.5,45.54,45.5,45.54,2100
2017-08-24 11:40:00-04:00,45.54,45.55,45.52,45.525,2900
2017-08-24 11:45:00-04:00,45.53,45.55,45.53,45.55,2281
2017-08-24 11:50:00-04:00,45.55,45.55,45.52,45.525,4535
2017-08-24 11:55:00-04:00,45.53,45.56,45.53,45.555,12606
2017-08-24 12:00:00-04:00,45.555,45.56,45.53,45.53,5436
2017-08-24 12:05:00-04:00,45.53,45.54,45.53,45.535,2205
2017-08-24 12:10:00-04:00,45.54,45.56,45.53,45.53,97061
2017-08-24 12:15:00-04:00,45.52,45.52,45.51,45.52,1126
2017-08-24 12:20:00-04:00,45.51,45.52,45.51,45.515,2841
2017-08-24 12:25:00-04:00,45.52,45.52,45.5,45.515,4446
2017-08-24 12:30:00-04:00,45.525,45.53,45.52,45.53,3906
2017-08-24 12:35:00-04:00,45.53,45.54,45.52,45.525,9145
2017-08-24 12:40:00-04:00,45.53,45.54,45.525,45.54,2926
2017-08-24 12:45:00-04:00,45.54,45.54,45.52,45.54,2822
2017-08-24 12:50:00-04:00,45.53,45.54,45.53,45.53,2786
2017-08-24 12:55:00-04:00,45.525,45.53,45.51,45.52,2852
2017-08-24 13:00:00-04:00,45.515,45.52,45.51,45.51,820
2017-08-24 13:05:00-04:00,45.51,45.52,45.505,45.505,2706
2017-08-24 13:10:00-04:00,45.505,45.55,45.505,45.55,2443
2017-08-24 13:15:00-04:00,45.55,45.57,45.54,45.545,8595
2017-08-24 13:20:00-04:00,45.55,45.555,45.545,45.55,2487
2017-08-24 13:25:00-04:00,45.55,45.555,45.54,45.54,2966
2017-08-24 13:30:00-04:00,45.53,45.54,45.53,45.535,1782
2017-08-24 13:35:00-04:00,45.54,45.54,45.535,45.535,1639
2017-08-24 13:40:00-04:00,45.535,45.54,45.525,45.525,4346
2017-08-24 13:45:00-04:00,45.525,45.54,45.525,45.54,3405
2017-08-24 13:50:00-04:00,45.535,45.54,45.53,45.54,3157
2017-08-24 13:55:00-04:00,45.535,45.55,45.535,45.54,9903
2017-08-24 14:00:00-04:00,45.54,45.58,45.54,45.575,249398
2017-08-24 14:05:00-04:00,45.575,45.575,45.52,45.53,11467
2017-08-24 14:10:00-04:00,45.52,45.52,45.47,45.47,4624
2017-08-24 14:15:00-04:00,45.47,45.49,45.47,45.49,4311
2017-08-24 14:20:00-04:00,45.505,45.52,45.49,45.51,5917
2017-08-24 14:25:00-04:00,45.52,45.53,45.51,45.53,4351
2017-08-24 14:30:00-04:00,45.53,45.54,45.515,45.54,4594
2017-08-24 14:35:00-04:00,45.54,45.555,45.53,45.53,5108
2017-08-24 14:40:00-04:00,45.54,45.55,45.53,45.535,5218
2017-08-24 14:45:00-04:00,45.53,45.53,45.51,45.525,4171
2017-08-24 14:50:00-04:00,45.525,45.53,45.52,45.53,2584
2017-08-24 14:55:00-04:00,45.535,45.56,45.53,45.555,44958
2017-08-24 15:00:00-04:00,45.56,45.56,45.52,45.52,32898
2017-08-24 15:05:00-04:00,45.53,45.53,45.5,45.505,35780
2017-08-24 15:10:00-04:00,45.505,45.51,45.495,45.5,17363
2017-08-24 15:15:00-04:00,45.51,45.52,45.495,45.515,85776
2017-08-24 15:20:00-04:00,45.52,45.52,45.5,45.505,17602
2017-08-24 15:25:00-04:00,45.505,45.51,45.49,45.5,13830
2017-08-24 15:30:00-04:00,45.49,45.49,45.465,45.47,9049
2017-08-24 15:35:00-04:00,45.47,45.47,45.425,45.46,10451
2017-08-24 15:40:00-04:00,45.465,45.48,45.44,45.45,11372
2017-08-24 15:45:00-04:00,45.44,45.45,45.42,45.43,12569
2017-08-24 15:50:00-04:00,45.42,45.44,45.415,45.44,16399
2017-08-24 15:55:00-04:00,45.43,45.44,45.42,45.42,50055
2017-08-25 09:30:00-04:00,45.66,45.71,45.61,45.695,6431
2017-08-25 09:35:00-04:00,45.695,45.7,45.64,45.67,12080
2017-08-25 09:40:00-04:00,45.675,45.675,45.57,45.635,7561
2017-08-25 09:45:00-04:00,45.635,45.695,45.61,45.69,13320
2017-08-25 09:50:00-04:00,45.7,45.705,45.665,45.665,8064
2017-08-25 09:55:00-04:00,45.69,45.71,45.675,45.675,3082
2017-08-25 10:00:00-04:00,45.685,45.74,45.68,45.68,6497
2017-08-25 10:05:00-04:00,45.69,45.74,45.69,45.735,7824
2017-08-25 10:10:00-04:00,45.735,45.735,45.705,45.71,10332
2017-08-25 10:15:00-04:00,45.71,45.74,45.685,45.74,5178
2017-08-25 10:20:00-04:00,45.745,45.76,45.72,45.72,3514
2017-08-25 10:25:00-04:00,45.72,45.73,45.715,45.725,337800
2017-08-25 10:30:00-04:00,45.73,45.73,45.705,45.71,65498
2017-08-25 10:35:00-04:00,45.72,45.73,45.72,45.725,17772
2017-08-25 10:40:00-04:00,45.725,45.74,45.71,45.71,11787
2017-08-25 10:45:00-04:00,45.72,45.725,45.705,45.715,5610
2017-08-25 10:50:00-04:00,45.715,45.735,45.715,45.73,20520
2017-08-25 10:55:00-04:00,45.725,45.73,45.715,45.715,8664
2017-08-25 11:00:00-04:00,45.72,45.72,45.69,45.69,14333
2017-08-25 11:05:00-04:00,45.68,45.71,45.67,45.7,7011
2017-08-25 11:10:00-04:00,45.7,45.71,45.69,45.705,7055
2017-08-25 11:15:00-04:00,45.7,45.71,45.69,45.705,9953
2017-08-25 11:20:00-04:00,45.705,45.71,45.68,45.685,6713
2017-08-25 11:25:00-04:00,45.69,45.69,45.66,45.675,3757
2017-08-25 11:30:00-04:00,45.68,45.7,45.67,45.7,5130
2017-08-25 11:35:00-04:00,45.7,45.71,45.67,45.675,6332
2017-08-25 11:40:00-04:00,45.675,45.685,45.655,45.66,8565
2017-08-25 11:45:00-04:00,45.66,45.69,45.655,45.69,1017
2017-08-25 11:50:00-04:00,45.68,45.71,45.68,45.705,6397
2017-08-25 11:55:00-04:00,45.705,45.705,45.68,45.68,4368
2017-08-25 12:00:00-04:00,45.68,45.685,45.66,45.68,3889
2017-08-25 12:05:00-04:00,45.68,45.685,45.675,45.68,3911
2017-08-25 12:10:00-04:00,45.68,45.68,45.68,45.68,1265
2017-08-25 12:15:00-04:00,45.675,45.68,45.675,45.68,2426
2017-08-25 12:20:00-04:00,45.68,45.695,45.68,45.685,26697
2017-08-25 12:25:00-04:00,45.68,45.695,45.68,45.685,24761
2017-08-25 12:30:00-04:00,45.685,45.69,45.67,45.68,15214
2017-08-25 12:35:00-04:00,45.675,45.71,45.675,45.69,18712
2017-08-25 12:40:00-04:00,45.695,45.71,45.69,45.695,15870
2017-08-25 12:45:00-04:00,45.695,45.7,45.69,45.695,16240
2017-08-25 12:50:00-04:00,45.695,45.7,45.69,45.695,19820
2017-08-25 12:55:00-04:00,45.695,45.7,45.69,45.695,17981
2017-08-25 13:00:00-04:00,45.695,45.7,45.69,45.695,16644
2017-08-25 13:05:00-04:00,45.695,45.7,45.69,45.695,17289
2017-08-25 13:10:00-04:00,45.695,45.7,45.69,45.695,14730
2017-08-25 13:15:00-04:00,45.695,45.72,45.685,45.715,24667
2017-08-25 13:20:00-04:00,45.715,45.73,45.71,45.725,13230
2017-08-25 13:25:00-04:00,45.725,45.73,45.72,45.725,9236
2017-08-25 13:30:00-04:00,45.725,45.74,45.715,45.715,16615
2017-08-25 13:35:00-04:00,45.715,45.72,45.7,45.715,10111
2017-08-25 13:40:00-04:00,45.715,45.72,45.71,45.715,10316
2017-08-25 13:45:00-04:00,45.715,45.72,45.71,45.72,23704
2017-08-25 13:50:00-04:00,45.71,45.73,45.71,45.73,3434
2017-08-25 13:55:00-04:00,45.73,45.73,45.71,45.725,5226
2017-08-25 14:00:00-04:00,45.72,45.73,45.71,45.725,16144
2017-08-25 14:05:00-04:00,45.725,45.73,45.71,45.715,24559
2017-08-25 14:10:00-04:00,45.715,45.72,45.7,45.71,8952
2017-08-25 14:15:00-04:00,45.71,45.715,45.68,45.7,7156
2017-08-25 14:20:00-04:00,45.71,45.71,45.68,45.7,7369
2017-08-25 14:25:00-04:00,45.695,45.7,45.675,45.68,5164
2017-08-25 14:30:00-04:00,45.675,45.68,45.66,45.67,4243
2017-08-25 14:35:00-04:00,45.66,45.67,45.655,45.665,10135
2017-08-25 14:40:00-04:00,45.665,45.68,45.66,45.66,21054
2017-08-25 14:45:00-04:00,45.665,45.685,45.66,45.67,22679
2017-08-25 14:50:00-04:00,45.675,45.69,45.67,45.675,13098
2017-08-25 14:55:00-04:00,45.675,45.68,45.66,45.67,18283
2017-08-25 15:00:00-04:00,45.66,45.67,45.65,45.66,16927
2017-08-25 15:05:00-04:00,45.66,45.68,45.65,45.66,21611
2017-08-25 15:10:00-04:00,45.665,45.705,45.66,45.68,39796
2017-08-25 15:15:00-04:00,45.68,45.69,45.67,45.685,17269
2017-08-25 15:20:00-04:00,45.69,45.7,45.68,45.69,13690
2017-08-25 15:25:00-04:00,45.68,45.69,45.68,45.685,4570
2017-08-25 15:30:00-04:00,45.69,45.69,45.66,45.66,9797
2017-08-25 15:35:00-04:00,45.665,45.665,45.615,45.63,9999
2017-08-25 15:40:00-04:00,45.63,45.65,45.625,45.64,13025
2017-08-25 15:45:00-04:00,45.64,45.65,45.62,45.645,23935
2017-08-25 15:50:00-04:00,45.645,45.65,45.62,45.635,27131
2017-08-25 15:55:00-04:00,45.63,45.635,45.56,45.58,76125
2017-08-28 09:30:00-04:00,45.65,45.67,45.61,45.64,1560
2017-08-28 09:35:00-04:00,45.64,45.655,45.59,45.59,4086
2017-08-28 09:40:00-04:00,45.57,45.57,45.52,45.52,4700
2017-08-28 09:45:00-04:00,45.53,45.6,45.525,45.6,2623
2017-08-28 09:50:00-04:00,45.595,45.595,45.53,45.56,4385
2017-08-28 09:55:00-04:00,45.56,45.57,45.56,45.56,3565
2017-08-28 10:00:00-04:00,45.54,45.55,45.49,45.49,3209
2017-08-28 10:05:00-04:00,45.49,45.52,45.48,45.52,2573
2017-08-28 10:10:00-04:00,45.51,45.545,45.51,45.545,2500
2017-08-28 10:15:00-04:00,45.55,45.55,45.53,45.54,2198
2017-08-28 10:20:00-04:00,45.53,45.53,45.505,45.53,3459
2017-08-28 10:25:00-04:00,45.53,45.53,45.495,45.495,1857
2017-08-28 10:30:00-04:00,45.49,45.53,45.49,45.5,3689
2017-08-28 10:35:00-04:00,45.51,45.55,45.51,45.545,2159
2017-08-28 10:40:00-04:00,45.54,45.55,45.53,45.55,1326
2017-08-28 10:45:00-04:00,45.56,45.57,45.55,45.56,3947
2017-08-28 10:50:00-04:00,45.56,45.56,45.53,45.53,4569
2017-08-28 10:55:00-04:00,45.55,45.55,45.47,45.48,3502
2017-08-28 11:00:00-04:00,45.505,45.51,45.5,45.51,1106
2017-08-28 11:05:00-04:00,45.52,45.52,45.5,45.5,1310
2017-08-28 11:10:00-04:00,45.505,45.51,45.495,45.5,1503
2017-08-28 11:15:00-04:00,45.5,45.51,45.5,45.505,1950
2017-08-28 11:20:00-04:00,45.51,45.52,45.505,45.51,3450
2017-08-28 11:25:00-04:00,45.52,45.52,45.51,45.51,1006
2017-08-28 11:30:00-04:00,45.52,45.52,45.5,45.5,2461
2017-08-28 11:35:00-04:00,45.51,45.51,45.495,45.505,951
2017-08-28 11:40:00-04:00,45.5,45.5,45.48,45.48,2523
2017-08-28 11:45:00-04:00,45.475,45.48,45.475,45.48,479
2017-08-28 11:50:00-04:00,45.48,45.48,45.48,45.48,700
2017-08-28 11:55:00-04:00,45.475,45.51,45.475,45.49,2937
2017-08-28 12:00:00-04:00,45.48,45.48,45.45,45.45,995
2017-08-28 12:05:00-04:00,45.45,45.45,45.44,45.44,1331
2017-08-28 12:10:00-04:00,45.43,45.455,45.43,45.43,2109
2017-08-28 12:15:00-04:00,45.44,45.445,45.425,45.43,1729
2017-08-28 12:20:00-04:00,45.42,45.43,45.4,45.4,1783
2017-08-28 12:25:00-04:00,45.41,45.42,45.41,45.415,2184
2017-08-28 12:30:00-04:00,45.42,45.43,45.42,45.43,2025
2017-08-28 12:35:00-04:00,45.425,45.425,45.405,45.405,2790
2017-08-28 12:40:00-04:00,45.41,45.41,45.38,45.4,3017
2017-08-28 12:45:00-04:00,45.4,45.42,45.4,45.415,600
2017-08-28 12:50:00-04:00,45.42,45.42,45.41,45.42,1011
2017-08-28 12:55:00-04:00,45.42,45.43,45.405,45.405,2163
2017-08-28 13:00:00-04:00,45.41,45.425,45.405,45.42,1617
2017-08-28 13:05:00-04:00,45.415,45.43,45.415,45.42,1600
2017-08-28 13:10:00-04:00,45.43,45.45,45.425,45.44,1814
2017-08-28 13:15:00-04:00,45.43,45.44,45.43,45.44,1179
2017-08-28 13:20:00-04:00,45.44,45.44,45.41,45.41,1902
2017-08-28 13:25:00-04:00,45.42,45.43,45.415,45.43,1917
2017-08-28 13:30:00-04:00,45.43,45.435,45.42,45.435,1200
2017-08-28 13:35:00-04:00,45.42,45.43,45.42,45.42,900
2017-08-28 13:40:00-04:00,45.43,45.43,45.425,45.43,1100
2017-08-28 13:45:00-04:00,45.43,45.45,45.42,45.45,2380
2017-08-28 13:50:00-04:00,45.455,45.46,45.425,45.43,1961
2017-08-28 13:55:00-04:00,45.43,45.44,45.415,45.425,2437
2017-08-28 14:00:00-04:00,45.45,45.46,45.445,45.45,1900
2017-08-28 14:05:00-04:00,45.45,45.46,45.45,45.45,1868
2017-08-28 14:10:00-04:00,45.45,45.47,45.45,45.47,1720
2017-08-28 14:15:00-04:00,45.46,45.47,45.46,45.465,1752
2017-08-28 14:20:00-04:00,45.47,45.495,45.47,45.48,2310
2017-08-28 14:25:00-04:00,45.48,45.49,45.48,45.485,735
2017-08-28 14:30:00-04:00,45.485,45.485,45.46,45.46,1762
2017-08-28 14:35:00-04:00,45.465,45.47,45.455,45.47,2142
2017-08-28 14:40:00-04:00,45.48,45.48,45.475,45.48,1818
2017-08-28 14:45:00-04:00,45.48,45.49,45.48,45.485,2218
2017-08-28 14:50:00-04:00,45.485,45.5,45.475,45.475,5118
2017-08-28 14:55:00-04:00,45.475,45.48,45.47,45.475,4706
2017-08-28 15:00:00-04:00,45.47,45.475,45.44,45.445,6944
2017-08-28 15:05:00-04:00,45.44,45.44,45.395,45.405,5928
2017-08-28 15:10:00-04:00,45.42,45.43,45.41,45.415,5820
2017-08-28 15:15:00-04:00,45.42,45.42,45.41,45.42,8639
2017-08-28 15:20:00-04:00,45.415,45.42,45.41,45.42,6490
2017-08-28 15:25:00-04:00,45.41,45.42,45.405,45.42,8702
2017-08-28 15:30:00-04:00,45.42,45.43,45.42,45.43,9019
2017-08-28 15:35:00-04:00,45.425,45.44,45.425,45.435,20203
2017-08-28 15:40:00-04:00,45.44,45.45,45.43,45.435,17230
2017-08-28 15:45:00-04:00,45.43,45.44,45.41,45.425,18419
2017-08-28 15:50:00-04:00,45.425,45.435,45.42,45.43,15488
2017-08-28 15:55:00-04:00,45.43,45.43,45.38,45.41,119907
2017-08-29 09:30:00-04:00,45.32,45.45,45.27,45.39,5748
2017-08-29 09:35:00-04:00,45.39,45.415,45.39,45.4,5912
2017-08-29 09:40:00-04:00,45.41,45.47,45.41,45.44,6160
2017-08-29 09:45:00-04:00,45.45,45.48,45.42,45.48,13677
2017-08-29 09:50:00-04:00,45.48,45.5,45.47,45.5,5623
2017-08-29 09:55:00-04:00,45.495,45.53,45.48,45.515,9185
2017-08-29 10:00:00-04:00,45.53,45.54,45.515,45.515,9608
2017-08-29 10:05:00-04:00,45.52,45.57,45.51,45.555,4410
2017-08-29 10:10:00-04:00,45.53,45.535,45.5,45.51,4990
2017-08-29 10:15:00-04:00,45.515,45.515,45.475,45.48,5830
2017-08-29 10:20:00-04:00,45.48,45.5,45.45,45.45,6930
2017-08-29 10:25:00-04:00,45.45,45.48,45.45,45.48,30525
2017-08-29 10:30:00-04:00,45.475,45.48,45.46,45.48,7706
2017-08-29 10:35:00-04:00,45.485,45.495,45.47,45.48,35353
2017-08-29 10:40:00-04:00,45.48,45.5,45.48,45.495,22292
2017-08-29 10:45:00-04:00,45.5,45.5,45.45,45.455,61214
2017-08-29 10:50:00-04:00,45.46,45.48,45.445,45.445,11752
2017-08-29 10:55:00-04:00,45.45,45.475,45.445,45.475,17491
2017-08-29 11:00:00-04:00,45.47,45.48,45.44,45.44,6956
2017-08-29 11:05:00-04:00,45.44,45.455,45.43,45.455,10129
2017-08-29 11:10:00-04:00,45.45,45.46,45.44,45.44,9896
2017-08-29 11:15:00-04:00,45.44,45.44,45.4,45.42,4831
2017-08-29 11:20:00-04:00,45.43,45.465,45.43,45.44,4385
2017-08-29 11:25:00-04:00,45.44,45.45,45.42,45.42,3900
2017-08-29 11:30:00-04:00,45.42,45.48,45.41,45.47,7304
2017-08-29 11:35:00-04:00,45.475,45.49,45.47,45.49,2100
2017-08-29 11:40:00-04:00,45.48,45.485,45.475,45.48,4027
2017-08-29 11:45:00-04:00,45.49,45.495,45.47,45.47,3026
2017-08-29 11:50:00-04:00,45.47,45.48,45.46,45.48,2155
2017-08-29 11:55:00-04:00,45.48,45.5,45.48,45.49,3586
2017-08-29 12:00:00-04:00,45.49,45.51,45.49,45.51,2353
2017-08-29 12:05:00-04:00,45.51,45.51,45.49,45.5,3901
2017-08-29 12:10:00-04:00,45.5,45.515,45.495,45.495,3001
2017-08-29 12:15:00-04:00,45.5,45.52,45.5,45.52,2034
2017-08-29 12:20:00-04:00,45.52,45.525,45.51,45.515,7710
2017-08-29 12:25:00-04:00,45.52,45.52,45.515,45.52,1836
2017-08-29 12:30:00-04:00,45.52,45.53,45.515,45.52,2612
2017-08-29 12:35:00-04:00,45.52,45.52,45.51,45.51,1342
2017-08-29 12:40:00-04:00,45.51,45.51,45.48,45.49,4522
2017-08-29 12:45:00-04:00,45.49,45.49,45.485,45.485,3154
2017-08-29 12:50:00-04:00,45.485,45.485,45.455,45.455,1944
2017-08-29 12:55:00-04:00,45.46,45.46,45.44,45.45,4182
2017-08-29 13:00:00-04:00,45.46,45.46,45.455,45.46,1071
2017-08-29 13:05:00-04:00,45.46,45.465,45.45,45.455,5018
2017-08-29 13:10:00-04:00,45.45,45.45,45.43,45.43,9372
2017-08-29 13:15:00-04:00,45.43,45.45,45.43,45.45,5893
2017-08-29 13:20:00-04:00,45.45,45.45,45.44,45.44,2400
2017-08-29 13:25:00-04:00,45.44,45.485,45.435,45.48,7326
2017-08-29 13:30:00-04:00,45.485,45.5,45.47,45.475,4909
2017-08-29 13:35:00-04:00,45.475,45.5,45.475,45.495,3071
2017-08-29 13:40:00-04:00,45.5,45.52,45.49,45.52,9594
2017-08-29 13:45:00-04:00,45.52,45.52,45.5,45.5,2974
2017-08-29 13:50:00-04:00,45.505,45.51,45.495,45.5,6720
2017-08-29 13:55:00-04:00,45.5,45.5,45.49,45.5,3236
2017-08-29 14:00:00-04:00,45.495,45.5,45.49,45.49,5715
2017-08-29 14:05:00-04:00,45.49,45.5,45.48,45.48,4090
2017-08-29 14:10:00-04:00,45.48,45.49,45.475,45.49,2877
2017-08-29 14:15:00-04:00,45.49,45.49,45.465,45.465,2916
2017-08-29 14:20:00-04:00,45.465,45.485,45.465,45.48,4896
2017-08-29 14:25:00-04:00,45.475,45.475,45.46,45.46,3747
2017-08-29 14:30:00-04:00,45.46,45.49,45.46,45.48,4219
2017-08-29 14:35:00-04:00,45.47,45.485,45.47,45.475,3120
2017-08-29 14:40:00-04:00,45.48,45.495,45.475,45.48,6712
2017-08-29 14:45:00-04:00,45.48,45.48,45.455,45.47,6118
2017-08-29 14:50:00-04:00,45.48,45.48,45.46,45.47,5458
2017-08-29 14:55:00-04:00,45.47,45.475,45.46,45.465,3405
2017-08-29 15:00:00-04:00,45.46,45.475,45.46,45.475,4610
2017-08-29 15:05:00-04:00,45.47,45.48,45.47,45.48,4056
2017-08-29 15:10:00-04:00,45.48,45.48,45.475,45.475,2790
2017-08-29 15:15:00-04:00,45.48,45.49,45.47,45.49,14984
2017-08-29 15:20:00-04:00,45.49,45.5,45.47,45.48,17345
2017-08-29 15:25:00-04:00,45.48,45.49,45.48,45.49,5441
2017-08-29 15:30:00-04:00,45.49,45.495,45.48,45.49,11533
2017-08-29 15:35:00-04:00,45.485,45.49,45.475,45.48,3724
2017-08-29 15:40:00-04:00,45.47,45.48,45.47,45.48,10023
2017-08-29 15:45:00-04:00,45.48,45.48,45.46,45.465,13849
2017-08-29 15:50:00-04:00,45.465,45.47,45.46,45.47,17480
2017-08-29 15:55:00-04:00,45.47,45.48,45.46,45.465,50679
2017-08-30 09:30:00-04:00,45.29,45.4,45.29,45.4,2710
2017-08-30 09:35:00-04:00,45.38,45.42,45.36,45.39,3349
2017-08-30 09:40:00-04:00,45.39,45.405,45.345,45.36,5378
2017-08-30 09:45:00-04:00,45.345,45.4,45.345,45.38,2419
2017-08-30 09:50:00-04:00,45.4,45.42,45.375,45.38,4070
2017-08-30 09:55:00-04:00,45.375,45.38,45.35,45.35,8262
2017-08-30 10:00:00-04:00,45.35,45.39,45.35,45.375,6570
2017-08-30 10:05:00-04:00,45.375,45.39,45.37,45.38,5212
2017-08-30 10:10:00-04:00,45.37,45.395,45.37,45.37,8805
2017-08-30 10:15:00-04:00,45.37,45.39,45.36,45.36,2941
2017-08-30 10:20:00-04:00,45.37,45.41,45.36,45.395,10416
2017-08-30 10:25:00-04:00,45.39,45.4,45.385,45.4,5112
2017-08-30 10:30:00-04:00,45.4,45.4,45.38,45.385,3080
2017-08-30 10:35:00-04:00,45.38,45.405,45.38,45.4,7304
2017-08-30 10:40:00-04:00,45.41,45.425,45.41,45.42,8035
2017-08-30 10:45:00-04:00,45.42,45.435,45.4,45.42,12056
2017-08-30 10:50:00-04:00,45.42,45.44,45.41,45.425,5084
2017-08-30 10:55:00-04:00,45.42,45.44,45.41,45.43,4822
2017-08-30 11:00:00-04:00,45.43,45.43,45.4,45.43,6523
2017-08-30 11:05:00-04:00,45.43,45.445,45.42,45.43,5346
2017-08-30 11:10:00-04:00,45.43,45.44,45.41,45.415,3462
2017-08-30 11:15:00-04:00,45.43,45.45,45.415,45.44,8935
2017-08-30 11:20:00-04:00,45.44,45.44,45.42,45.435,5604
2017-08-30 11:25:00-04:00,45.431,45.44,45.42,45.44,2560
2017-08-30 11:30:00-04:00,45.445,45.45,45.43,45.43,6222
2017-08-30 11:35:00-04:00,45.43,45.45,45.43,45.445,5621
2017-08-30 11:40:00-04:00,45.445,45.45,45.41,45.43,13669
2017-08-30 11:45:00-04:00,45.44,45.455,45.44,45.45,4379
2017-08-30 11:50:00-04:00,45.46,45.46,45.425,45.43,5108
2017-08-30 11:55:00-04:00,45.44,45.45,45.43,45.44,2147
2017-08-30 12:00:00-04:00,45.44,45.44,45.42,45.43,1718
2017-08-30 12:05:00-04:00,45.43,45.44,45.42,45.435,22507
2017-08-30 12:10:00-04:00,45.43,45.45,45.43,45.44,82478
2017-08-30 12:15:00-04:00,45.435,45.47,45.435,45.45,6662
2017-08-30 12:20:00-04:00,45.455,45.47,45.455,45.46,3744
2017-08-30 12:25:00-04:00,45.46,45.47,45.45,45.47,3613
2017-08-30 12:30:00-04:00,45.47,45.47,45.45,45.45,17928
2017-08-30 12:35:00-04:00,45.46,45.47,45.46,45.47,1008
2017-08-30 12:40:00-04:00,45.46,45.465,45.45,45.45,7622
2017-08-30 12:45:00-04:00,45.45,45.45,45.44,45.445,2494
2017-08-30 12:50:00-04:00,45.45,45.45,45.425,45.43,1967
2017-08-30 12:55:00-04:00,45.43,45.43,45.42,45.43,3664
2017-08-30 13:00:00-04:00,45.43,45.46,45.421,45.46,3215
2017-08-30 13:05:00-04:00,45.46,45.46,45.44,45.44,6907
2017-08-30 13:10:00-04:00,45.445,45.47,45.44,45.46,5385
2017-08-30 13:15:00-04:00,45.46,45.47,45.46,45.47,1111
2017-08-30 13:20:00-04:00,45.46,45.465,45.45,45.46,3493
2017-08-30 13:25:00-04:00,45.455,45.48,45.455,45.475,9210
2017-08-30 13:30:00-04:00,45.475,45.49,45.47,45.49,2681
2017-08-30 13:35:00-04:00,45.5,45.51,45.485,45.5,3221
2017-08-30 13:40:00-04:00,45.5,45.51,45.49,45.49,3607
2017-08-30 13:45:00-04:00,45.49,45.52,45.49,45.52,2500
2017-08-30 13:50:00-04:00,45.515,45.54,45.51,45.54,1706
2017-08-30 13:55:00-04:00,45.54,45.54,45.52,45.52,2636
2017-08-30 14:00:00-04:00,45.53,45.53,45.49,45.5,2667
2017-08-30 14:05:00-04:00,45.5,45.52,45.5,45.51,2636
2017-08-30 14:10:00-04:00,45.51,45.515,45.49,45.5,3274
2017-08-30 14:15:00-04:00,45.505,45.51,45.485,45.49,2090
2017-08-30 14:20:00-04:00,45.49,45.495,45.48,45.49,3242
2017-08-30 14:25:00-04:00,45.5,45.5,45.48,45.49,1653
2017-08-30 14:30:00-04:00,45.5,45.5,45.475,45.485,3677
2017-08-30 14:35:00-04:00,45.48,45.49,45.48,45.485,3549
2017-08-30 14:40:00-04:00,45.485,45.49,45.44,45.44,3208
2017-08-30 14:45:00-04:00,45.445,45.475,45.42,45.44,6607
2017-08-30 14:50:00-04:00,45.47,45.475,45.445,45.45,2639
2017-08-30 14:55:00-04:00,45.45,45.465,45.445,45.455,2562
2017-08-30 15:00:00-04:00,45.45,45.46,45.43,45.43,4063
2017-08-30 15:05:00-04:00,45.43,45.44,45.41,45.42,4443
2017-08-30 15:10:00-04:00,45.42,45.435,45.42,45.43,2985
2017-08-30 15:15:00-04:00,45.41,45.41,45.39,45.39,4069
2017-08-30 15:20:00-04:00,45.39,45.41,45.385,45.41,2839
2017-08-30 15:25:00-04:00,45.405,45.41,45.385,45.41,4348
2017-08-30 15:30:00-04:00,45.4,45.41,45.39,45.395,8181
2017-08-30 15:35:00-04:00,45.4,45.4,45.35,45.35,8948
2017-08-30 15:40:00-04:00,45.35,45.35,45.31,45.33,10280
2017-08-30 15:45:00-04:00,45.34,45.36,45.33,45.35,123179
2017-08-30 15:50:00-04:00,45.35,45.38,45.35,45.38,10653
2017-08-30 15:55:00-04:00,45.37,45.385,45.365,45.38,48508
2017-09-01 09:30:00-04:00,45.65,45.68,45.63,45.645,1212
2017-09-01 09:35:00-04:00,45.625,45.665,45.625,45.66,3604
2017-09-01 09:40:00-04:00,45.675,45.75,45.675,45.75,3664
2017-09-01 09:45:00-04:00,45.74,45.74,45.68,45.695,3966
2017-09-01 09:50:00-04:00,45.675,45.695,45.67,45.68,3533
2017-09-01 09:55:00-04:00,45.685,45.69,45.66,45.685,4543
2017-09-01 10:00:00-04:00,45.675,45.7,45.63,45.64,6641
2017-09-01 10:05:00-04:00,45.64,45.65,45.6,45.63,5705
2017-09-01 10:10:00-04:00,45.63,45.63,45.56,45.58,6848
2017-09-01 10:15:00-04:00,45.57,45.615,45.55,45.56,5381
2017-09-01 10:20:00-04:00,45.56,45.59,45.54,45.58,5827
2017-09-01 10:25:00-04:00,45.585,45.645,45.57,45.64,3446
2017-09-01 10:30:00-04:00,45.63,45.645,45.61,45.645,2335
2017-09-01 10:35:00-04:00,45.63,45.63,45.605,45.62,3034
2017-09-01 10:40:00-04:00,45.62,45.64,45.605,45.635,3505
2017-09-01 10:45:00-04:00,45.635,45.68,45.635,45.67,3429
2017-09-01 10:50:00-04:00,45.67,45.685,45.66,45.67,4260
2017-09-01 10:55:00-04:00,45.675,45.7,45.66,45.69,3286
2017-09-01 11:00:00-04:00,45.67,45.69,45.665,45.67,4938
2017-09-01 11:05:00-04:00,45.68,45.685,45.65,45.65,4295
2017-09-01 11:10:00-04:00,45.65,45.65,45.64,45.65,4002
2017-09-01 11:15:00-04:00,45.645,45.675,45.64,45.67,6637
2017-09-01 11:20:00-04:00,45.67,45.67,45.625,45.64,6597
2017-09-01 11:25:00-04:00,45.64,45.64,45.62,45.625,3420
2017-09-01 11:30:00-04:00,45.625,45.64,45.625,45.64,1906
2017-09-01 11:35:00-04:00,45.64,45.64,45.61,45.615,3285
2017-09-01 11:40:00-04:00,45.62,45.62,45.6,45.62,6386
2017-09-01 11:45:00-04:00,45.62,45.62,45.615,45.62,3426
2017-09-01 11:50:00-04:00,45.62,45.635,45.615,45.635,5802
2017-09-01 11:55:00-04:00,45.64,45.64,45.615,45.62,4278
2017-09-01 12:00:00-04:00,45.62,45.62,45.61,45.62,3528
2017-09-01 12:05:00-04:00,45.62,45.62,45.6,45.61,6701
2017-09-01 12:10:00-04:00,45.605,45.62,45.6,45.62,4192
2017-09-01 12:15:00-04:00,45.62,45.62,45.61,45.61,702
2017-09-01 12:20:00-04:00,45.62,45.62,45.615,45.62,1954
2017-09-01 12:25:00-04:00,45.62,45.62,45.61,45.615,3406
2017-09-01 12:30:00-04:00,45.62,45.63,45.62,45.625,1704
2017-09-01 12:35:00-04:00,45.625,45.66,45.625,45.66,2430
2017-09-01 12:40:00-04:00,45.66,45.69,45.65,45.69,1952
2017-09-01 12:45:00-04:00,45.69,45.705,45.69,45.705,6803
2017-09-01 12:50:00-04:00,45.7,45.72,45.7,45.715,2160
2017-09-01 12:55:00-04:00,45.72,45.72,45.705,45.71,11084
2017-09-01 13:00:00-04:00,45.71,45.71,45.71,45.71,1432
2017-09-01 13:05:00-04:00,45.7,45.71,45.68,45.685,10869
2017-09-01 13:10:00-04:00,45.68,45.7,45.68,45.7,2321
2017-09-01 13:15:00-04:00,45.7,45.7,45.69,45.695,2590
2017-09-01 13:20:00-04:00,45.7,45.7,45.69,45.7,6029
2017-09-01 13:25:00-04:00,45.7,45.71,45.7,45.705,5348
2017-09-01 13:30:00-04:00,45.705,45.71,45.7,45.7,2968
2017-09-01 13:35:00-04:00,45.7,45.71,45.69,45.7,2815
2017-09-01 13:40:00-04:00,45.7,45.7,45.69,45.7,2691
2017-09-01 13:45:00-04:00,45.69,45.7,45.675,45.7,2743
2017-09-01 13:50:00-04:00,45.7,45.7,45.69,45.7,1765
2017-09-01 13:55:00-04:00,45.7,45.7,45.66,45.665,4549
2017-09-01 14:00:00-04:00,45.665,45.69,45.66,45.69,4475
2017-09-01 14:05:00-04:00,45.685,45.69,45.685,45.69,3000
2017-09-01 14:10:00-04:00,45.69,45.69,45.66,45.67,6525
2017-09-01 14:15:00-04:00,45.675,45.71,45.675,45.7,5895
2017-09-01 14:20:00-04:00,45.7,45.7,45.68,45.68,3825
2017-09-01 14:25:00-04:00,45.685,45.69,45.685,45.685,1246
2017-09-01 14:30:00-04:00,45.69,45.71,45.69,45.71,2084
2017-09-01 14:35:00-04:00,45.71,45.715,45.695,45.695,4536
2017-09-01 14:40:00-04:00,45.7,45.71,45.7,45.705,2403
2017-09-01 14:45:00-04:00,45.71,45.71,45.705,45.71,2274
2017-09-01 14:50:00-04:00,45.71,45.71,45.7,45.71,1995
2017-09-01 14:55:00-04:00,45.71,45.71,45.7,45.7,3340
2017-09-01 15:00:00-04:00,45.7,45.7,45.68,45.695,12677
2017-09-01 15:05:00-04:00,45.7,45.7,45.69,45.7,4918
2017-09-01 15:10:00-04:00,45.7,45.7,45.69,45.695,2737
2017-09-01 15:15:00-04:00,45.7,45.71,45.67,45.71,12330
2017-09-01 15:20:00-04:00,45.71,45.71,45.7,45.71,1777
2017-09-01 15:25:00-04:00,45.705,45.73,45.7,45.73,7317
2017-09-01 15:30:00-04:00,45.73,45.73,45.685,45.685,5049
2017-09-01 15:35:00-04:00,45.69,45.72,45.69,45.72,8119
2017-09-01 15:40:00-04:00,45.72,45.745,45.72,45.74,4475
2017-09-01 15:45:00-04:00,45.735,45.74,45.73,45.735,10390
2017-09-01 15:50:00-04:00,45.74,45.75,45.72,45.75,19018
2017-09-01 15:55:00-04:00,45.75,45.8,45.74,45.77,48285
2017-09-05 09:30:00-04:00,45.77,45.83,45.76,45.8,3371
2017-09-05 09:35:00-04:00,45.755,45.8,45.71,45.72,8971
2017-09-05 09:40:00-04:00,45.73,45.8,45.73,45.78,8493
2017-09-05 09:45:00-04:00,45.78,45.805,45.76,45.76,7092
2017-09-05 09:50:00-04:00,45.75,45.76,45.71,45.71,4734
2017-09-05 09:55:00-04:00,45.71,45.72,45.665,45.67,3795
2017-09-05 10:00:00-04:00,45.665,45.7,45.65,45.7,8589
2017-09-05 10:05:00-04:00,45.7,45.81,45.7,45.8,9647
2017-09-05 10:10:00-04:00,45.78,45.78,45.68,45.68,5147
2017-09-05 10:15:00-04:00,45.68,45.73,45.68,45.7,5131
2017-09-05 10:20:00-04:00,45.71,45.71,45.655,45.67,6675
2017-09-05 10:25:00-04:00,45.67,45.72,45.67,45.7,2745
2017-09-05 10:30:00-04:00,45.71,45.755,45.71,45.755,6281
2017-09-05 10:35:00-04:00,45.765,45.79,45.73,45.76,7171
2017-09-05 10:40:00-04:00,45.76,45.76,45.71,45.72,9287
2017-09-05 10:45:00-04:00,45.71,45.81,45.695,45.8,8647
2017-09-05 10:50:00-04:00,45.795,45.8,45.75,45.75,7454
2017-09-05 10:55:00-04:00,45.76,45.76,45.75,45.755,5629
2017-09-05 11:00:00-04:00,45.75,45.77,45.72,45.77,6685
2017-09-05 11:05:00-04:00,45.78,45.8,45.75,45.75,6600
2017-09-05 11:10:00-04:00,45.76,45.785,45.715,45.78,6800
2017-09-05 11:15:00-04:00,45.78,45.79,45.74,45.74,17758
2017-09-05 11:20:00-04:00,45.74,45.75,45.715,45.75,10700
2017-09-05 11:25:00-04:00,45.75,45.76,45.73,45.76,10499
2017-09-05 11:30:00-04:00,45.76,45.78,45.74,45.74,9422
2017-09-05 11:35:00-04:00,45.74,45.795,45.74,45.795,5044
2017-09-05 11:40:00-04:00,45.8,45.8,45.79,45.8,4068
2017-09-05 11:45:00-04:00,45.8,45.8,45.78,45.79,3355
2017-09-05 11:50:00-04:00,45.785,45.815,45.78,45.79,4582
2017-09-05 11:55:00-04:00,45.795,45.83,45.785,45.83,5466
2017-09-05 12:00:00-04:00,45.83,45.83,45.79,45.79,5742
2017-09-05 12:05:00-04:00,45.79,45.79,45.73,45.73,7762
2017-09-05 12:10:00-04:00,45.745,45.76,45.735,45.75,4612
2017-09-05 12:15:00-04:00,45.755,45.78,45.755,45.77,6180
2017-09-05 12:20:00-04:00,45.775,45.8,45.775,45.785,3503
2017-09-05 12:25:00-04:00,45.785,45.79,45.77,45.77,3855
2017-09-05 12:30:00-04:00,45.77,45.78,45.74,45.74,5324
2017-09-05 12:35:00-04:00,45.75,45.75,45.72,45.735,6916
2017-09-05 12:40:00-04:00,45.735,45.75,45.71,45.715,7800
2017-09-05 12:45:00-04:00,45.72,45.72,45.69,45.72,3300
2017-09-05 12:50:00-04:00,45.74,45.74,45.69,45.72,4400
2017-09-05 12:55:00-04:00,45.73,45.74,45.715,45.74,4795
2017-09-05 13:00:00-04:00,45.73,45.73,45.67,45.68,4704
2017-09-05 13:05:00-04:00,45.68,45.71,45.675,45.69,3200
2017-09-05 13:10:00-04:00,45.68,45.7,45.675,45.69,3362
2017-09-05 13:15:00-04:00,45.69,45.75,45.69,45.74,6621
2017-09-05 13:20:00-04:00,45.75,45.76,45.735,45.735,4604
2017-09-05 13:25:00-04:00,45.74,45.75,45.74,45.745,3526
2017-09-05 13:30:00-04:00,45.74,45.745,45.71,45.71,5004
2017-09-05 13:35:00-04:00,45.715,45.76,45.715,45.75,4926
2017-09-05 13:40:00-04:00,45.75,45.775,45.735,45.76,3458
2017-09-05 13:45:00-04:00,45.76,45.76,45.74,45.74,3930
2017-09-05 13:50:00-04:00,45.73,45.76,45.72,45.76,3982
2017-09-05 13:55:00-04:00,45.76,45.765,45.725,45.75,2900
2017-09-05 14:00:00-04:00,45.75,45.805,45.75,45.785,3868
2017-09-05 14:05:00-04:00,45.79,45.79,45.775,45.78,3942
2017-09-05 14:10:00-04:00,45.79,45.79,45.76,45.76,5834
2017-09-05 14:15:00-04:00,45.75,45.78,45.75,45.775,4279
2017-09-05 14:20:00-04:00,45.78,45.82,45.78,45.79,3977
2017-09-05 14:25:00-04:00,45.79,45.835,45.79,45.82,5140
2017-09-05 14:30:00-04:00,45.82,45.83,45.79,45.79,3807
2017-09-05 14:35:00-04:00,45.795,45.81,45.79,45.81,3419
2017-09-05 14:40:00-04:00,45.805,45.83,45.805,45.82,3755
2017-09-05 14:45:00-04:00,45.83,45.84,45.8,45.81,3814
2017-09-05 14:50:00-04:00,45.81,45.82,45.795,45.82,2621
2017-09-05 14:55:00-04:00,45.815,45.84,45.815,45.84,6108
2017-09-05 15:00:00-04:00,45.84,45.845,45.83,45.84,9634
2017-09-05 15:05:00-04:00,45.84,45.84,45.83,45.84,6453
2017-09-05 15:10:00-04:00,45.84,45.86,45.82,45.83,11915
2017-09-05 15:15:00-04:00,45.825,45.87,45.825,45.87,6517
2017-09-05 15:20:00-04:00,45.87,45.87,45.84,45.845,5313
2017-09-05 15:25:00-04:00,45.845,45.87,45.845,45.87,12021
2017-09-05 15:30:00-04:00,45.87,45.88,45.84,45.85,11451
2017-09-05 15:35:00-04:00,45.86,45.86,45.825,45.83,9307
2017-09-05 15:40:00-04:00,45.825,45.825,45.78,45.805,13659
2017-09-05 15:45:00-04:00,45.805,45.845,45.795,45.84,26310
2017-09-05 15:50:00-04:00,45.84,45.9,45.83,45.9,33342
2017-09-05 15:55:00-04:00,45.89,45.93,45.89,45.925,80522
2017-09-06 09:30:00-04:00,45.98,46.03,45.94,45.94,9973
2017-09-06 09:35:00-04:00,45.94,45.97,45.91,45.94,12941
2017-09-06 09:40:00-04:00,45.955,45.96,45.91,45.91,4852
2017-09-06 09:45:00-04:00,45.92,45.92,45.86,45.88,5099
2017-09-06 09:50:00-04:00,45.895,45.895,45.79,45.81,4477
2017-09-06 09:55:00-04:00,45.83,45.87,45.83,45.84,4386
2017-09-06 10:00:00-04:00,45.84,45.88,45.82,45.85,6656
2017-09-06 10:05:00-04:00,45.855,45.88,45.85,45.86,4200
2017-09-06 10:10:00-04:00,45.86,45.88,45.85,45.87,4160
2017-09-06 10:15:00-04:00,45.88,45.88,45.83,45.85,9992
2017-09-06 10:20:00-04:00,45.85,45.9,45.85,45.9,7319
2017-09-06 10:25:00-04:00,45.9,45.92,45.89,45.89,5466
2017-09-06 10:30:00-04:00,45.89,45.89,45.88,45.89,4522
2017-09-06 10:35:00-04:00,45.89,45.9,45.89,45.9,4622
2017-09-06 10:40:00-04:00,45.91,45.945,45.905,45.93,5625
2017-09-06 10:45:00-04:00,45.93,45.94,45.89,45.915,7221
2017-09-06 10:50:00-04:00,45.91,45.935,45.895,45.935,7346
2017-09-06 10:55:00-04:00,45.94,45.97,45.935,45.96,10279
2017-09-06 11:00:00-04:00,45.96,45.98,45.95,45.975,5805
2017-09-06 11:05:00-04:00,45.975,45.99,45.96,45.96,3428
2017-09-06 11:10:00-04:00,45.97,45.98,45.965,45.98,3010
2017-09-06 11:15:00-04:00,45.975,45.98,45.965,45.98,5776
2017-09-06 11:20:00-04:00,45.97,45.995,45.97,45.99,4094
2017-09-06 11:25:00-04:00,45.995,46.0,45.97,45.99,5009
2017-09-06 11:30:00-04:00,45.985,45.99,45.97,45.98,5108
2017-09-06 11:35:00-04:00,45.98,45.99,45.95,45.965,5357
2017-09-06 11:40:00-04:00,45.96,45.98,45.96,45.98,2914
2017-09-06 11:45:00-04:00,45.97,45.99,45.97,45.99,5879
2017-09-06 11:50:00-04:00,45.99,45.99,45.98,45.99,4055
2017-09-06 11:55:00-04:00,45.99,46.0,45.985,46.0,6520
2017-09-06 12:00:00-04:00,45.995,46.0,45.99,46.0,3823
2017-09-06 12:05:00-04:00,46.0,46.0,45.97,45.97,4354
2017-09-06 12:10:00-04:00,45.97,45.99,45.96,45.985,3331
2017-09-06 12:15:00-04:00,45.99,46.0,45.98,46.0,4601
2017-09-06 12:20:00-04:00,46.0,46.0,45.98,45.98,3433
2017-09-06 12:25:00-04:00,45.98,46.0,45.98,45.99,3108
2017-09-06 12:30:00-04:00,45.99,46.0,45.99,46.0,6204
2017-09-06 12:35:00-04:00,45.98,45.99,45.98,45.99,2948
2017-09-06 12:40:00-04:00,45.99,46.0,45.98,45.98,3720
2017-09-06 12:45:00-04:00,45.975,45.995,45.97,45.98,6332
2017-09-06 12:50:00-04:00,45.99,45.99,45.97,45.975,2022
2017-09-06 12:55:00-04:00,45.97,45.98,45.96,45.975,6364
2017-09-06 13:00:00-04:00,45.98,45.98,45.94,45.94,3352
2017-09-06 13:05:00-04:00,45.94,45.95,45.93,45.935,4202
2017-09-06 13:10:00-04:00,45.935,45.94,45.92,45.94,5251
2017-09-06 13:15:00-04:00,45.94,45.95,45.935,45.94,4837
2017-09-06 13:20:00-04:00,45.95,45.95,45.92,45.92,3209
2017-09-06 13:25:00-04:00,45.92,45.92,45.89,45.905,4756
2017-09-06 13:30:00-04:00,45.9,45.935,45.9,45.935,4760
2017-09-06 13:35:00-04:00,45.935,45.94,45.89,45.91,7790
2017-09-06 13:40:00-04:00,45.92,45.935,45.915,45.935,3712
2017-09-06 13:45:00-04:00,45.93,45.95,45.93,45.95,2304
2017-09-06 13:50:00-04:00,45.94,45.96,45.93,45.93,3825
2017-09-06 13:55:00-04:00,45.93,45.94,45.93,45.935,2208
2017-09-06 14:00:00-04:00,45.935,45.96,45.935,45.945,5273
2017-09-06 14:05:00-04:00,45.95,45.96,45.94,45.955,11322
2017-09-06 14:10:00-04:00,45.96,45.97,45.94,45.94,11518
2017-09-06 14:15:00-04:00,45.94,45.95,45.94,45.95,6124
2017-09-06 14:20:00-04:00,45.95,45.96,45.94,45.95,7683
2017-09-06 14:25:00-04:00,45.95,45.96,45.95,45.955,6204
2017-09-06 14:30:00-04:00,45.96,45.97,45.955,45.97,5689
2017-09-06 14:35:00-04:00,45.97,45.98,45.96,45.98,6100
2017-09-06 14:40:00-04:00,45.98,45.98,45.945,45.95,6832
2017-09-06 14:45:00-04:00,45.945,45.96,45.94,45.945,3979
2017-09-06 14:50:00-04:00,45.94,45.95,45.92,45.94,8456
2017-09-06 14:55:00-04:00,45.94,45.95,45.93,45.94,4038
2017-09-06 15:00:00-04:00,45.95,45.96,45.945,45.96,5633
2017-09-06 15:05:00-04:00,45.95,45.96,45.95,45.955,9074
2017-09-06 15:10:00-04:00,45.95,45.965,45.95,45.96,10622
2017-09-06 15:15:00-04:00,45.96,45.97,45.95,45.97,7982
2017-09-06 15:20:00-04:00,45.97,45.98,45.965,45.98,12734
2017-09-06 15:25:00-04:00,45.98,45.98,45.97,45.98,9009
2017-09-06 15:30:00-04:00,45.97,45.97,45.94,45.95,17888
2017-09-06 15:35:00-04:00,45.95,45.97,45.94,45.95,14290
2017-09-06 15:40:00-04:00,45.96,45.97,45.92,45.92,20368
2017-09-06 15:45:00-04:00,45.925,45.955,45.925,45.94,14479
2017-09-06 15:50:00-04:00,45.94,45.95,45.94,45.945,19841
2017-09-06 15:55:00-04:00,45.945,45.95,45.93,45.945,191937
2017-09-07 09:30:00-04:00,46.01,46.07,46.01,46.06,1500
2017-09-07 09:35:00-04:00,46.045,46.05,46.01,46.05,3786
2017-09-07 09:40:00-04:00,46.075,46.15,46.075,46.15,6219
2017-09-07 09:45:00-04:00,46.15,46.2,46.145,46.15,9236
2017-09-07 09:50:00-04:00,46.16,46.21,46.16,46.205,6249
2017-09-07 09:55:00-04:00,46.205,46.21,46.15,46.17,4482
2017-09-07 10:00:00-04:00,46.19,46.205,46.17,46.205,6454
2017-09-07 10:05:00-04:00,46.2,46.21,46.185,46.2,8616
2017-09-07 10:10:00-04:00,46.205,46.21,46.155,46.16,22069
2017-09-07 10:15:00-04:00,46.17,46.195,46.16,46.195,3971
2017-09-07 10:20:00-04:00,46.195,46.21,46.185,46.19,5629
2017-09-07 10:25:00-04:00,46.19,46.2,46.17,46.195,6078
2017-09-07 10:30:00-04:00,46.19,46.205,46.18,46.205,4335
2017-09-07 10:35:00-04:00,46.21,46.21,46.18,46.2,6953
2017-09-07 10:40:00-04:00,46.2,46.205,46.185,46.185,4286
2017-09-07 10:45:00-04:00,46.19,46.2,46.185,46.2,3020
2017-09-07 10:50:00-04:00,46.2,46.21,46.19,46.2,5807
2017-09-07 10:55:00-04:00,46.2,46.2,46.15,46.15,4490
2017-09-07 11:00:00-04:00,46.145,46.155,46.125,46.14,3000
2017-09-07 11:05:00-04:00,46.14,46.14,46.11,46.11,4513
2017-09-07 11:10:00-04:00,46.12,46.13,46.1,46.1,5531
2017-09-07 11:15:00-04:00,46.1,46.11,46.09,46.09,3032
2017-09-07 11:20:00-04:00,46.085,46.12,46.085,46.12,4767
2017-09-07 11:25:00-04:00,46.115,46.155,46.115,46.15,5502
2017-09-07 11:30:00-04:00,46.155,46.2,46.15,46.2,4106
2017-09-07 11:35:00-04:00,46.2,46.2,46.14,46.165,3958
2017-09-07 11:40:00-04:00,46.17,46.18,46.14,46.16,5007
2017-09-07 11:45:00-04:00,46.17,46.19,46.165,46.185,5401
2017-09-07 11:50:00-04:00,46.19,46.19,46.18,46.19,5212
2017-09-07 11:55:00-04:00,46.19,46.2,46.18,46.19,4526
2017-09-07 12:00:00-04:00,46.18,46.195,46.17,46.18,7428
2017-09-07 12:05:00-04:00,46.18,46.19,46.17,46.175,4500
2017-09-07 12:10:00-04:00,46.175,46.19,46.175,46.19,3775
2017-09-07 12:15:00-04:00,46.19,46.19,46.17,46.175,4324
2017-09-07 12:20:00-04:00,46.17,46.2,46.17,46.2,4131
2017-09-07 12:25:00-04:00,46.195,46.205,46.18,46.205,10425
2017-09-07 12:30:00-04:00,46.205,46.21,46.185,46.185,4919
2017-09-07 12:35:00-04:00,46.19,46.19,46.165,46.175,3053
2017-09-07 12:40:00-04:00,46.17,46.18,46.16,46.18,3494
2017-09-07 12:45:00-04:00,46.18,46.205,46.17,46.19,24385
2017-09-07 12:50:00-04:00,46.2,46.2,46.175,46.19,4000
2017-09-07 12:55:00-04:00,46.19,46.19,46.17,46.17,6260
2017-09-07 13:00:00-04:00,46.18,46.18,46.15,46.15,6405
2017-09-07 13:05:00-04:00,46.15,46.155,46.14,46.15,3616
2017-09-07 13:10:00-04:00,46.14,46.19,46.14,46.18,6265
2017-09-07 13:15:00-04:00,46.17,46.18,46.17,46.18,3900
2017-09-07 13:20:00-04:00,46.175,46.19,46.165,46.19,3672
2017-09-07 13:25:00-04:00,46.19,46.2,46.18,46.2,3500
2017-09-07 13:30:00-04:00,46.19,46.2,46.18,46.195,5532
2017-09-07 13:35:00-04:00,46.2,46.21,46.2,46.205,3700
2017-09-07 13:40:00-04:00,46.21,46.22,46.2,46.215,16400
2017-09-07 13:45:00-04:00,46.225,46.225,46.21,46.22,7135
2017-09-07 13:50:00-04:00,46.22,46.22,46.21,46.22,4302
2017-09-07 13:55:00-04:00,46.215,46.23,46.215,46.22,5412
2017-09-07 14:00:00-04:00,46.225,46.25,46.22,46.25,5508
2017-09-07 14:05:00-04:00,46.25,46.28,46.245,46.28,12342
2017-09-07 14:10:00-04:00,46.28,46.29,46.275,46.285,16916
2017-09-07 14:15:00-04:00,46.29,46.31,46.28,46.305,7463
2017-09-07 14:20:00-04:00,46.305,46.32,46.3,46.315,6336
2017-09-07 14:25:00-04:00,46.31,46.31,46.29,46.29,6221
2017-09-07 14:30:00-04:00,46.29,46.29,46.275,46.275,6226
2017-09-07 14:35:00-04:00,46.29,46.29,46.275,46.29,4343
2017-09-07 14:40:00-04:00,46.29,46.29,46.235,46.235,8042
2017-09-07 14:45:00-04:00,46.24,46.26,46.235,46.26,6610
2017-09-07 14:50:00-04:00,46.255,46.27,46.25,46.265,4611
2017-09-07 14:55:00-04:00,46.27,46.3,46.27,46.3,5949
2017-09-07 15:00:00-04:00,46.3,46.31,46.28,46.28,6307
2017-09-07 15:05:00-04:00,46.27,46.28,46.26,46.28,6324
2017-09-07 15:10:00-04:00,46.28,46.28,46.24,46.245,8395
2017-09-07 15:15:00-04:00,46.24,46.25,46.23,46.24,8005
2017-09-07 15:20:00-04:00,46.25,46.25,46.215,46.22,10393
2017-09-07 15:25:00-04:00,46.22,46.23,46.21,46.23,5875
2017-09-07 15:30:00-04:00,46.23,46.25,46.22,46.24,19967
2017-09-07 15:35:00-04:00,46.23,46.26,46.23,46.26,10128
2017-09-07 15:40:00-04:00,46.25,46.25,46.235,46.25,12388
2017-09-07 15:45:00-04:00,46.245,46.275,46.24,46.26,25734
2017-09-07 15:50:00-04:00,46.265,46.28,46.26,46.275,29652
2017-09-07 15:55:00-04:00,46.28,46.29,46.25,46.265,86721
2017-09-08 09:30:00-04:00,46.16,46.185,46.03,46.13,21151
2017-09-08 09:35:00-04:00,46.12,46.14,46.055,46.12,5826
2017-09-08 09:40:00-04:00,46.14,46.17,46.13,46.15,5567
2017-09-08 09:45:00-04:00,46.14,46.145,46.08,46.11,9760
2017-09-08 09:50:00-04:00,46.115,46.12,46.07,46.07,7221
2017-09-08 09:55:00-04:00,46.07,46.075,46.04,46.06,9695
2017-09-08 10:00:00-04:00,46.07,46.135,46.06,46.12,12674
2017-09-08 10:05:00-04:00,46.12,46.13,46.075,46.1,10528
2017-09-08 10:10:00-04:00,46.1,46.15,46.095,46.135,13797
2017-09-08 10:15:00-04:00,46.135,46.19,46.13,46.185,14374
2017-09-08 10:20:00-04:00,46.18,46.19,46.14,46.17,8108
2017-09-08 10:25:00-04:00,46.165,46.19,46.155,46.185,17523
2017-09-08 10:30:00-04:00,46.18,46.2,46.175,46.19,13994
2017-09-08 10:35:00-04:00,46.185,46.2,46.18,46.19,20138
2017-09-08 10:40:00-04:00,46.195,46.22,46.19,46.22,12700
2017-09-08 10:45:00-04:00,46.215,46.24,46.18,46.235,10948
2017-09-08 10:50:00-04:00,46.23,46.285,46.2,46.27,11926
2017-09-08 10:55:00-04:00,46.28,46.295,46.26,46.29,6265
2017-09-08 11:00:00-04:00,46.29,46.35,46.29,46.35,9791
2017-09-08 11:05:00-04:00,46.345,46.35,46.33,46.335,8476
2017-09-08 11:10:00-04:00,46.335,46.34,46.315,46.33,7993
2017-09-08 11:15:00-04:00,46.32,46.34,46.31,46.32,9763
2017-09-08 11:20:00-04:00,46.325,46.34,46.31,46.335,7888
2017-09-08 11:25:00-04:00,46.335,46.345,46.325,46.34,13419
2017-09-08 11:30:00-04:00,46.34,46.34,46.285,46.295,5830
2017-09-08 11:35:00-04:00,46.285,46.3,46.285,46.295,6180
2017-09-08 11:40:00-04:00,46.295,46.315,46.295,46.315,8138
2017-09-08 11:45:00-04:00,46.315,46.35,46.285,46.35,5931
2017-09-08 11:50:00-04:00,46.355,46.355,46.34,46.35,4900
2017-09-08 11:55:00-04:00,46.36,46.36,46.345,46.36,9239
2017-09-08 12:00:00-04:00,46.355,46.36,46.34,46.35,9311
2017-09-08 12:05:00-04:00,46.345,46.37,46.265,46.275,15994
2017-09-08 12:10:00-04:00,46.275,46.28,46.215,46.245,7065
2017-09-08 12:15:00-04:00,46.25,46.335,46.25,46.32,8200
2017-09-08 12:20:00-04:00,46.32,46.325,46.29,46.31,5216
2017-09-08 12:25:00-04:00,46.32,46.36,46.32,46.355,4803
2017-09-08 12:30:00-04:00,46.36,46.365,46.35,46.365,3131
2017-09-08 12:35:00-04:00,46.37,46.37,46.35,46.365,5049
2017-09-08 12:40:00-04:00,46.365,46.365,46.33,46.33,2919
2017-09-08 12:45:00-04:00,46.33,46.33,46.31,46.32,6098
2017-09-08 12:50:00-04:00,46.31,46.31,46.29,46.305,4054
2017-09-08 12:55:00-04:00,46.31,46.32,46.31,46.31,6117
2017-09-08 13:00:00-04:00,46.31,46.32,46.3,46.315,4369
2017-09-08 13:05:00-04:00,46.31,46.315,46.3,46.305,3804
2017-09-08 13:10:00-04:00,46.31,46.31,46.29,46.3,5232
2017-09-08 13:15:00-04:00,46.295,46.3,46.295,46.295,2309
2017-09-08 13:20:00-04:00,46.29,46.3,46.29,46.3,3629
2017-09-08 13:25:00-04:00,46.295,46.31,46.29,46.3,8685
2017-09-08 13:30:00-04:00,46.295,46.3,46.26,46.265,5155
2017-09-08 13:35:00-04:00,46.265,46.305,46.265,46.305,6718
2017-09-08 13:40:00-04:00,46.305,46.31,46.285,46.3,4929
2017-09-08 13:45:00-04:00,46.3,46.3,46.28,46.295,6968
2017-09-08 13:50:00-04:00,46.295,46.3,46.29,46.295,5167
2017-09-08 13:55:00-04:00,46.3,46.33,46.295,46.325,5301
2017-09-08 14:00:00-04:00,46.33,46.33,46.28,46.29,7329
2017-09-08 14:05:00-04:00,46.29,46.31,46.28,46.285,9549
2017-09-08 14:10:00-04:00,46.285,46.3,46.28,46.29,6806
2017-09-08 14:15:00-04:00,46.28,46.28,46.255,46.26,8792
2017-09-08 14:20:00-04:00,46.27,46.28,46.25,46.255,6116
2017-09-08 14:25:00-04:00,46.25,46.26,46.25,46.25,4038
2017-09-08 14:30:00-04:00,46.255,46.29,46.255,46.26,6679
2017-09-08 14:35:00-04:00,46.265,46.28,46.255,46.27,4516
2017-09-08 14:40:00-04:00,46.28,46.28,46.26,46.27,4401
2017-09-08 14:45:00-04:00,46.28,46.29,46.26,46.26,4212
2017-09-08 14:50:00-04:00,46.265,46.3,46.26,46.3,4411
2017-09-08 14:55:00-04:00,46.295,46.32,46.285,46.3,7083
2017-09-08 15:00:00-04:00,46.305,46.31,46.295,46.295,40943
2017-09-08 15:05:00-04:00,46.3,46.3,46.265,46.285,7315
2017-09-08 15:10:00-04:00,46.285,46.3,46.27,46.3,10613
2017-09-08 15:15:00-04:00,46.3,46.3,46.29,46.295,8996
2017-09-08 15:20:00-04:00,46.3,46.32,46.295,46.315,6876
2017-09-08 15:25:00-04:00,46.32,46.33,46.315,46.33,6587
2017-09-08 15:30:00-04:00,46.325,46.33,46.3,46.32,12031
2017-09-08 15:35:00-04:00,46.32,46.34,46.31,46.335,10753
2017-09-08 15:40:00-04:00,46.335,46.35,46.33,46.34,16913
2017-09-08 15:45:00-04:00,46.34,46.34,46.31,46.335,11598
2017-09-08 15:50:00-04:00,46.33,46.36,46.33,46.35,31606
2017-09-08 15:55:00-04:00,46.34,46.34,46.31,46.32,61446
2017-09-12 09:30:00-04:00,46.49,46.54,46.47,46.53,4010
2017-09-12 09:35:00-04:00,46.525,46.57,46.525,46.54,5832
2017-09-12 09:40:00-04:00,46.54,46.59,46.535,46.59,2600
2017-09-12 09:45:00-04:00,46.595,46.63,46.59,46.63,9557
2017-09-12 09:50:00-04:00,46.64,46.68,46.64,46.67,5070
2017-09-12 09:55:00-04:00,46.67,46.73,46.67,46.73,2632
2017-09-12 10:00:00-04:00,46.72,46.745,46.72,46.74,15802
2017-09-12 10:05:00-04:00,46.75,46.75,46.73,46.74,11018
2017-09-12 10:10:00-04:00,46.745,46.75,46.73,46.735,9761
2017-09-12 10:15:00-04:00,46.74,46.74,46.68,46.7,12544
2017-09-12 10:20:00-04:00,46.7,46.72,46.7,46.72,4816
2017-09-12 10:25:00-04:00,46.71,46.72,46.685,46.69,9646
2017-09-12 10:30:00-04:00,46.68,46.72,46.675,46.72,6710
2017-09-12 10:35:00-04:00,46.715,46.75,46.715,46.725,20000
2017-09-12 10:40:00-04:00,46.725,46.73,46.72,46.72,5630
2017-09-12 10:45:00-04:00,46.725,46.725,46.7,46.71,5873
2017-09-12 10:50:00-04:00,46.71,46.72,46.705,46.72,8565
2017-09-12 10:55:00-04:00,46.71,46.72,46.68,46.695,8684
2017-09-12 11:00:00-04:00,46.69,46.72,46.69,46.72,9104
2017-09-12 11:05:00-04:00,46.72,46.72,46.71,46.72,5233
2017-09-12 11:10:00-04:00,46.72,46.72,46.71,46.72,5823
2017-09-12 11:15:00-04:00,46.72,46.72,46.7,46.7,14386
2017-09-12 11:20:00-04:00,46.705,46.71,46.7,46.705,8009
2017-09-12 11:25:00-04:00,46.7,46.71,46.68,46.68,10649
2017-09-12 11:30:00-04:00,46.685,46.71,46.68,46.71,6563
2017-09-12 11:35:00-04:00,46.71,46.71,46.68,46.68,3290
2017-09-12 11:40:00-04:00,46.675,46.68,46.65,46.66,4812
2017-09-12 11:45:00-04:00,46.66,46.67,46.65,46.66,10267
2017-09-12 11:50:00-04:00,46.65,46.66,46.65,46.65,4064
2017-09-12 11:55:00-04:00,46.65,46.65,46.625,46.63,6494
2017-09-12 12:00:00-04:00,46.63,46.64,46.62,46.64,4610
2017-09-12 12:05:00-04:00,46.635,46.64,46.63,46.64,4867
2017-09-12 12:10:00-04:00,46.64,46.64,46.62,46.63,6061
2017-09-12 12:15:00-04:00,46.63,46.64,46.625,46.63,4712
2017-09-12 12:20:00-04:00,46.63,46.63,46.62,46.63,2966
2017-09-12 12:25:00-04:00,46.63,46.65,46.62,46.645,7930
2017-09-12 12:30:00-04:00,46.65,46.67,46.64,46.67,6853
2017-09-12 12:35:00-04:00,46.67,46.68,46.665,46.68,7286
2017-09-12 12:40:00-04:00,46.68,46.69,46.67,46.675,5904
2017-09-12 12:45:00-04:00,46.67,46.68,46.65,46.65,12798
2017-09-12 12:50:00-04:00,46.655,46.675,46.655,46.675,6233
2017-09-12 12:55:00-04:00,46.68,46.68,46.675,46.68,5931
2017-09-12 13:00:00-04:00,46.68,46.68,46.66,46.66,8646
2017-09-12 13:05:00-04:00,46.66,46.67,46.66,46.66,4644
2017-09-12 13:10:00-04:00,46.655,46.67,46.65,46.665,6604
2017-09-12 13:15:00-04:00,46.665,46.68,46.66,46.68,4708
2017-09-12 13:20:00-04:00,46.68,46.68,46.67,46.68,4682
2017-09-12 13:25:00-04:00,46.68,46.68,46.675,46.68,2400
2017-09-12 13:30:00-04:00,46.68,46.68,46.67,46.67,3212
2017-09-12 13:35:00-04:00,46.68,46.68,46.66,46.67,11032
2017-09-12 13:40:00-04:00,46.665,46.7,46.66,46.68,7221
2017-09-12 13:45:00-04:00,46.68,46.68,46.66,46.67,4339
2017-09-12 13:50:00-04:00,46.68,46.68,46.67,46.68,6759
2017-09-12 13:55:00-04:00,46.68,46.69,46.65,46.665,10968
2017-09-12 14:00:00-04:00,46.665,46.69,46.66,46.69,15127
2017-09-12 14:05:00-04:00,46.68,46.69,46.67,46.67,4268
2017-09-12 14:10:00-04:00,46.68,46.68,46.66,46.67,8225
2017-09-12 14:15:00-04:00,46.68,46.68,46.67,46.67,4753
2017-09-12 14:20:00-04:00,46.67,46.69,46.67,46.68,7515
2017-09-12 14:25:00-04:00,46.675,46.69,46.67,46.69,5943
2017-09-12 14:30:00-04:00,46.685,46.7,46.685,46.7,4290
2017-09-12 14:35:00-04:00,46.7,46.705,46.69,46.705,10290
2017-09-12 14:40:00-04:00,46.7,46.72,46.7,46.72,5126
2017-09-12 14:45:00-04:00,46.72,46.72,46.705,46.715,8636
2017-09-12 14:50:00-04:00,46.715,46.72,46.71,46.71,13830
2017-09-12 14:55:00-04:00,46.72,46.73,46.705,46.71,14686
2017-09-12 15:00:00-04:00,46.72,46.73,46.72,46.73,3443
2017-09-12 15:05:00-04:00,46.73,46.73,46.72,46.73,7428
2017-09-12 15:10:00-04:00,46.72,46.72,46.71,46.71,4936
2017-09-12 15:15:00-04:00,46.715,46.725,46.71,46.725,8874
2017-09-12 15:20:00-04:00,46.73,46.74,46.73,46.735,9034
2017-09-12 15:25:00-04:00,46.73,46.735,46.71,46.715,10893
2017-09-12 15:30:00-04:00,46.715,46.74,46.715,46.73,16206
2017-09-12 15:35:00-04:00,46.735,46.735,46.705,46.71,17218
2017-09-12 15:40:00-04:00,46.71,46.72,46.685,46.685,20366
2017-09-12 15:45:00-04:00,46.68,46.72,46.675,46.71,19386
2017-09-12 15:50:00-04:00,46.71,46.73,46.7,46.73,23641
2017-09-12 15:55:00-04:00,46.725,46.74,46.72,46.725,43548
2017-09-18 09:30:00-04:00,46.11,46.2,46.04,46.05,7522
2017-09-18 09:35:00-04:00,46.05,46.05,45.92,46.025,34919
2017-09-18 09:40:00-04:00,46.04,46.11,46.04,46.06,11472
2017-09-18 09:45:00-04:00,46.06,46.125,46.06,46.11,9774
2017-09-18 09:50:00-04:00,46.11,46.11,46.05,46.07,6817
2017-09-18 09:55:00-04:00,46.07,46.105,46.07,46.095,5462
2017-09-18 10:00:00-04:00,46.11,46.12,46.1,46.1,6720
2017-09-18 10:05:00-04:00,46.1,46.12,46.085,46.085,7216
2017-09-18 10:10:00-04:00,46.08,46.11,46.07,46.105,9864
2017-09-18 10:15:00-04:00,46.105,46.11,46.07,46.105,8399
2017-09-18 10:20:00-04:00,46.1,46.1,46.07,46.095,5797
2017-09-18 10:25:00-04:00,46.09,46.09,46.04,46.04,7199
2017-09-18 10:30:00-04:00,46.05,46.055,46.03,46.055,4689
2017-09-18 10:35:00-04:00,46.06,46.06,46.02,46.02,3900
2017-09-18 10:40:00-04:00,46.02,46.03,46.01,46.02,4396
2017-09-18 10:45:00-04:00,46.01,46.03,46.01,46.025,6514
2017-09-18 10:50:00-04:00,46.025,46.03,46.0,46.0,7692
2017-09-18 10:55:00-04:00,46.0,46.0,45.99,45.99,4220
2017-09-18 11:00:00-04:00,46.0,46.01,45.995,46.0,7322
2017-09-18 11:05:00-04:00,46.0,46.01,45.99,46.0,7330
2017-09-18 11:10:00-04:00,46.0,46.015,46.0,46.01,9909
2017-09-18 11:15:00-04:00,46.01,46.04,46.01,46.04,6316
2017-09-18 11:20:00-04:00,46.04,46.06,46.03,46.04,6032
2017-09-18 11:25:00-04:00,46.04,46.05,46.03,46.04,6755
2017-09-18 11:30:00-04:00,46.04,46.04,46.01,46.025,7422
2017-09-18 11:35:00-04:00,46.02,46.03,46.02,46.03,5117
2017-09-18 11:40:00-04:00,46.03,46.05,46.03,46.04,6251
2017-09-18 11:45:00-04:00,46.03,46.03,46.02,46.03,3069
2017-09-18 11:50:00-04:00,46.025,46.04,46.02,46.03,5356
2017-09-18 11:55:00-04:00,46.03,46.03,46.01,46.015,3433
2017-09-18 12:00:00-04:00,46.015,46.02,46.0,46.0,3932
2017-09-18 12:05:00-04:00,45.98,45.99,45.98,45.99,4891
2017-09-18 12:10:00-04:00,45.99,46.01,45.99,46.0,5175
2017-09-18 12:15:00-04:00,45.99,46.01,45.99,46.01,4711
2017-09-18 12:20:00-04:00,46.01,46.01,45.995,45.995,3184
2017-09-18 12:25:00-04:00,45.99,46.0,45.985,45.99,17317
2017-09-18 12:30:00-04:00,45.99,46.0,45.96,45.96,5702
2017-09-18 12:35:00-04:00,45.97,45.98,45.96,45.975,3115
2017-09-18 12:40:00-04:00,45.975,45.98,45.96,45.97,3206
2017-09-18 12:45:00-04:00,45.97,45.97,45.96,45.965,1422
2017-09-18 12:50:00-04:00,45.96,45.965,45.94,45.94,2189
2017-09-18 12:55:00-04:00,45.95,45.955,45.92,45.925,4928
2017-09-18 13:00:00-04:00,45.92,45.93,45.92,45.92,1522
2017-09-18 13:05:00-04:00,45.91,45.93,45.91,45.93,3600
2017-09-18 13:10:00-04:00,45.93,45.955,45.925,45.955,2601
2017-09-18 13:15:00-04:00,45.95,45.955,45.93,45.94,3324
2017-09-18 13:20:00-04:00,45.94,45.94,45.93,45.94,2921
2017-09-18 13:25:00-04:00,45.94,45.96,45.94,45.95,3821
2017-09-18 13:30:00-04:00,45.94,45.95,45.94,45.94,1759
2017-09-18 13:35:00-04:00,45.93,45.95,45.93,45.95,3701
2017-09-18 13:40:00-04:00,45.95,45.97,45.95,45.97,4064
2017-09-18 13:45:00-04:00,45.97,45.99,45.96,45.99,11413
2017-09-18 13:50:00-04:00,45.985,45.99,45.97,45.97,8550
2017-09-18 13:55:00-04:00,45.98,45.98,45.96,45.97,4956
2017-09-18 14:00:00-04:00,45.96,45.96,45.93,45.95,5087
2017-09-18 14:05:00-04:00,45.95,45.98,45.95,45.97,4265
2017-09-18 14:10:00-04:00,45.97,45.98,45.965,45.97,4918
2017-09-18 14:15:00-04:00,45.97,45.99,45.97,45.98,6710
2017-09-18 14:20:00-04:00,45.99,46.02,45.99,46.005,6002
2017-09-18 14:25:00-04:00,46.005,46.02,46.0,46.02,4384
2017-09-18 14:30:00-04:00,46.02,46.02,46.0,46.01,4004
2017-09-18 14:35:00-04:00,46.01,46.03,46.0,46.025,6070
2017-09-18 14:40:00-04:00,46.03,46.06,46.03,46.06,3645
2017-09-18 14:45:00-04:00,46.06,46.06,46.05,46.055,2462
2017-09-18 14:50:00-04:00,46.055,46.08,46.055,46.08,4619
2017-09-18 14:55:00-04:00,46.07,46.1,46.07,46.085,6470
2017-09-18 15:00:00-04:00,46.08,46.1,46.075,46.1,5281
2017-09-18 15:05:00-04:00,46.1,46.11,46.08,46.09,3821
2017-09-18 15:10:00-04:00,46.1,46.1,46.075,46.08,3036
2017-09-18 15:15:00-04:00,46.08,46.1,46.07,46.1,4627
2017-09-18 15:20:00-04:00,46.095,46.1,46.085,46.09,4727
2017-09-18 15:25:00-04:00,46.09,46.1,46.09,46.1,2681
2017-09-18 15:30:00-04:00,46.09,46.13,46.09,46.125,8488
2017-09-18 15:35:00-04:00,46.13,46.155,46.13,46.145,7785
2017-09-18 15:40:00-04:00,46.135,46.16,46.13,46.15,7915
2017-09-18 15:45:00-04:00,46.15,46.16,46.115,46.12,17117
2017-09-18 15:50:00-04:00,46.12,46.15,46.12,46.15,13891
2017-09-18 15:55:00-04:00,46.15,46.155,46.12,46.13,50363
2017-09-19 09:30:00-04:00,46.19,46.19,46.1,46.15,3576
2017-09-19 09:35:00-04:00,46.17,46.175,46.05,46.06,6603
2017-09-19 09:40:00-04:00,46.095,46.11,46.06,46.11,4562
2017-09-19 09:45:00-04:00,46.115,46.115,46.05,46.09,7822
2017-09-19 09:50:00-04:00,46.09,46.09,46.01,46.02,9092
2017-09-19 09:55:00-04:00,46.02,46.02,45.96,45.96,7695
2017-09-19 10:00:00-04:00,45.955,45.955,45.9,45.92,19258
2017-09-19 10:05:00-04:00,45.92,45.97,45.92,45.93,9605
2017-09-19 10:10:00-04:00,45.93,45.97,45.93,45.97,7568
2017-09-19 10:15:00-04:00,45.97,46.0,45.965,45.99,7683
2017-09-19 10:20:00-04:00,45.985,46.005,45.98,46.0,9416
2017-09-19 10:25:00-04:00,46.0,46.02,45.99,46.01,15906
2017-09-19 10:30:00-04:00,46.02,46.03,46.0,46.0,7504
2017-09-19 10:35:00-04:00,46.01,46.02,46.0,46.02,4954
2017-09-19 10:40:00-04:00,46.01,46.02,46.01,46.02,2560
2017-09-19 10:45:00-04:00,46.02,46.02,46.01,46.015,7417
2017-09-19 10:50:00-04:00,46.015,46.08,46.01,46.07,7669
2017-09-19 10:55:00-04:00,46.07,46.07,46.05,46.055,9365
2017-09-19 11:00:00-04:00,46.05,46.06,46.02,46.05,6528
2017-09-19 11:05:00-04:00,46.05,46.08,46.03,46.05,10685
2017-09-19 11:10:00-04:00,46.05,46.05,46.02,46.04,5885
2017-09-19 11:15:00-04:00,46.05,46.05,46.03,46.04,4677
2017-09-19 11:20:00-04:00,46.05,46.05,46.02,46.02,4212
2017-09-19 11:25:00-04:00,46.03,46.04,46.02,46.03,5920
2017-09-19 11:30:00-04:00,46.04,46.085,46.04,46.085,2748
2017-09-19 11:35:00-04:00,46.085,46.085,46.04,46.05,7604
2017-09-19 11:40:00-04:00,46.05,46.05,46.045,46.045,2470
2017-09-19 11:45:00-04:00,46.045,46.06,46.04,46.05,11739
2017-09-19 11:50:00-04:00,46.05,46.06,46.045,46.055,10602
2017-09-19 11:55:00-04:00,46.055,46.07,46.04,46.05,11633
2017-09-19 12:00:00-04:00,46.04,46.06,46.03,46.04,9985
2017-09-19 12:05:00-04:00,46.05,46.05,46.04,46.045,2370
2017-09-19 12:10:00-04:00,46.05,46.05,46.04,46.05,3014
2017-09-19 12:15:00-04:00,46.05,46.05,46.04,46.05,4562
2017-09-19 12:20:00-04:00,46.05,46.07,46.045,46.05,7276
2017-09-19 12:25:00-04:00,46.04,46.05,46.04,46.05,3221
2017-09-19 12:30:00-04:00,46.045,46.05,46.04,46.05,2182
2017-09-19 12:35:00-04:00,46.05,46.05,46.05,46.05,1101
2017-09-19 12:40:00-04:00,46.05,46.06,46.05,46.06,4410
2017-09-19 12:45:00-04:00,46.06,46.07,46.06,46.06,1717
2017-09-19 12:50:00-04:00,46.07,46.07,46.04,46.04,2802
2017-09-19 12:55:00-04:00,46.05,46.05,46.04,46.04,1800
2017-09-19 13:00:00-04:00,46.04,46.06,46.04,46.045,6735
2017-09-19 13:05:00-04:00,46.045,46.05,46.04,46.04,2664
2017-09-19 13:10:00-04:00,46.04,46.05,46.04,46.045,1853
2017-09-19 13:15:00-04:00,46.045,46.05,46.04,46.045,2150
2017-09-19 13:20:00-04:00,46.045,46.05,46.04,46.04,2816
2017-09-19 13:25:00-04:00,46.05,46.05,46.04,46.04,6057
2017-09-19 13:30:00-04:00,46.05,46.05,46.04,46.045,3882
2017-09-19 13:35:00-04:00,46.045,46.05,46.03,46.035,5440
2017-09-19 13:40:00-04:00,46.03,46.04,46.03,46.04,6808
2017-09-19 13:45:00-04:00,46.04,46.045,46.03,46.045,6132
2017-09-19 13:50:00-04:00,46.05,46.05,46.04,46.05,9062
2017-09-19 13:55:00-04:00,46.045,46.045,46.04,46.04,2205
2017-09-19 14:00:00-04:00,46.045,46.05,46.04,46.045,9584
2017-09-19 14:05:00-04:00,46.045,46.05,46.04,46.045,9718
2017-09-19 14:10:00-04:00,46.045,46.05,46.03,46.03,6884
2017-09-19 14:15:00-04:00,46.03,46.035,46.02,46.03,3960
2017-09-19 14:20:00-04:00,46.025,46.03,46.02,46.03,3535
2017-09-19 14:25:00-04:00,46.03,46.03,46.01,46.02,7261
2017-09-19 14:30:00-04:00,46.01,46.04,46.01,46.03,8819
2017-09-19 14:35:00-04:00,46.03,46.035,46.02,46.03,4041
2017-09-19 14:40:00-04:00,46.03,46.035,46.01,46.01,7354
2017-09-19 14:45:00-04:00,46.015,46.015,45.99,46.0,7031
2017-09-19 14:50:00-04:00,46.0,46.005,45.98,45.98,5319
2017-09-19 14:55:00-04:00,45.985,46.005,45.985,46.005,4834
2017-09-19 15:00:00-04:00,46.0,46.0,45.985,45.985,7930
2017-09-19 15:05:00-04:00,45.985,45.99,45.975,45.98,3699
2017-09-19 15:10:00-04:00,45.97,45.98,45.97,45.975,7477
2017-09-19 15:15:00-04:00,45.98,46.0,45.98,46.0,4645
2017-09-19 15:20:00-04:00,46.0,46.01,46.0,46.005,6498
2017-09-19 15:25:00-04:00,46.01,46.01,46.0,46.005,8139
2017-09-19 15:30:00-04:00,46.005,46.01,45.97,45.97,14580
2017-09-19 15:35:00-04:00,45.975,46.0,45.975,46.0,8326
2017-09-19 15:40:00-04:00,46.0,46.0,45.98,45.98,14172
2017-09-19 15:45:00-04:00,45.98,46.0,45.96,45.99,17105
2017-09-19 15:50:00-04:00,45.995,46.01,45.98,46.0,18163
2017-09-19 15:55:00-04:00,45.99,46.0,45.97,45.995,39053
2017-09-20 09:30:00-04:00,45.87,45.97,45.87,45.91,2986
2017-09-20 09:35:00-04:00,45.92,45.97,45.85,45.96,4920
2017-09-20 09:40:00-04:00,45.99,46.07,45.99,46.03,6222
2017-09-20 09:45:00-04:00,46.01,46.02,45.98,45.98,6695
2017-09-20 09:50:00-04:00,45.97,46.0,45.905,45.93,5568
2017-09-20 09:55:00-04:00,45.93,45.95,45.93,45.95,3454
2017-09-20 10:00:00-04:00,45.94,46.02,45.935,46.02,5308
2017-09-20 10:05:00-04:00,46.03,46.04,46.0,46.0,3265
2017-09-20 10:10:00-04:00,46.0,46.01,45.97,45.97,2610
2017-09-20 10:15:00-04:00,45.96,45.98,45.94,45.96,5618
2017-09-20 10:20:00-04:00,45.955,45.99,45.94,45.99,3873
2017-09-20 10:25:00-04:00,46.0,46.02,46.0,46.015,3537
2017-09-20 10:30:00-04:00,46.02,46.02,45.985,46.02,2843
2017-09-20 10:35:00-04:00,46.03,46.03,46.01,46.02,3113
2017-09-20 10:40:00-04:00,46.02,46.04,46.02,46.02,12972
2017-09-20 10:45:00-04:00,46.03,46.035,45.965,45.965,10124
2017-09-20 10:50:00-04:00,45.97,45.98,45.955,45.955,16731
2017-09-20 10:55:00-04:00,45.955,45.96,45.955,45.96,19469
2017-09-20 11:00:00-04:00,45.955,45.98,45.945,45.965,34423
2017-09-20 11:05:00-04:00,45.965,45.97,45.935,45.935,13821
2017-09-20 11:10:00-04:00,45.93,45.93,45.89,45.91,13009
2017-09-20 11:15:00-04:00,45.915,45.92,45.915,45.92,5793
2017-09-20 11:20:00-04:00,45.91,45.92,45.89,45.905,8438
2017-09-20 11:25:00-04:00,45.91,45.97,45.9,45.965,23092
2017-09-20 11:30:00-04:00,45.96,46.05,45.96,46.05,5976
2017-09-20 11:35:00-04:00,46.05,46.07,46.045,46.065,3966
2017-09-20 11:40:00-04:00,46.06,46.06,46.05,46.05,170224
2017-09-20 11:45:00-04:00,46.05,46.09,46.04,46.09,2187
2017-09-20 11:50:00-04:00,46.09,46.09,46.08,46.085,6365
2017-09-20 11:55:00-04:00,46.08,46.1,46.075,46.095,6067
2017-09-20 12:00:00-04:00,46.09,46.115,46.08,46.1,2894
2017-09-20 12:05:00-04:00,46.1,46.1,46.08,46.1,7133
2017-09-20 12:10:00-04:00,46.105,46.145,46.105,46.14,2595
2017-09-20 12:15:00-04:00,46.13,46.135,46.13,46.13,2341
2017-09-20 12:20:00-04:00,46.12,46.125,46.11,46.11,3324
2017-09-20 12:25:00-04:00,46.11,46.13,46.11,46.12,2502
2017-09-20 12:30:00-04:00,46.115,46.12,46.11,46.115,2243
2017-09-20 12:35:00-04:00,46.12,46.12,46.1,46.11,3647
2017-09-20 12:40:00-04:00,46.105,46.12,46.105,46.12,2969
2017-09-20 12:45:00-04:00,46.12,46.13,46.12,46.12,2201
2017-09-20 12:50:00-04:00,46.13,46.13,46.11,46.12,2666
2017-09-20 12:55:00-04:00,46.12,46.12,46.1,46.12,5543
2017-09-20 13:00:00-04:00,46.12,46.12,46.105,46.105,3440
2017-09-20 13:05:00-04:00,46.11,46.11,46.1,46.1,1844
2017-09-20 13:10:00-04:00,46.1,46.1,46.075,46.075,1909
2017-09-20 13:15:00-04:00,46.07,46.075,46.04,46.04,3913
2017-09-20 13:20:00-04:00,46.04,46.05,46.03,46.035,2950
2017-09-20 13:25:00-04:00,46.035,46.035,46.03,46.035,2404
2017-09-20 13:30:00-04:00,46.04,46.055,46.03,46.035,5259
2017-09-20 13:35:00-04:00,46.03,46.03,46.0,46.0,2700
2017-09-20 13:40:00-04:00,45.99,45.99,45.96,45.965,5202
2017-09-20 13:45:00-04:00,45.97,45.98,45.96,45.965,4487
2017-09-20 13:50:00-04:00,45.965,45.98,45.95,45.955,7444
2017-09-20 13:55:00-04:00,45.955,45.98,45.9,45.9,5814
2017-09-20 14:00:00-04:00,45.88,45.89,45.815,45.82,6758
2017-09-20 14:05:00-04:00,45.82,45.82,45.71,45.715,12173
2017-09-20 14:10:00-04:00,45.7,45.74,45.66,45.74,10053
2017-09-20 14:15:00-04:00,45.74,45.74,45.61,45.61,18134
2017-09-20 14:20:00-04:00,45.615,45.64,45.561,45.62,7524
2017-09-20 14:25:00-04:00,45.61,45.7,45.61,45.685,4451
2017-09-20 14:30:00-04:00,45.67,45.67,45.625,45.64,6009
2017-09-20 14:35:00-04:00,45.62,45.64,45.59,45.615,6481
2017-09-20 14:40:00-04:00,45.62,45.64,45.605,45.63,7692
2017-09-20 14:45:00-04:00,45.625,45.645,45.615,45.645,8943
2017-09-20 14:50:00-04:00,45.64,45.67,45.63,45.655,12102
2017-09-20 14:55:00-04:00,45.66,45.69,45.65,45.65,21178
2017-09-20 15:00:00-04:00,45.64,45.645,45.62,45.645,9708
2017-09-20 15:05:00-04:00,45.64,45.66,45.635,45.64,8409
2017-09-20 15:10:00-04:00,45.635,45.635,45.61,45.625,9091
2017-09-20 15:15:00-04:00,45.625,45.63,45.585,45.595,15136
2017-09-20 15:20:00-04:00,45.595,45.64,45.595,45.64,16102
2017-09-20 15:25:00-04:00,45.64,45.665,45.64,45.655,7780
2017-09-20 15:30:00-04:00,45.65,45.69,45.64,45.685,19505
2017-09-20 15:35:00-04:00,45.69,45.71,45.685,45.71,15730
2017-09-20 15:40:00-04:00,45.71,45.715,45.68,45.695,18661
2017-09-20 15:45:00-04:00,45.705,45.73,45.7,45.72,24163
2017-09-20 15:50:00-04:00,45.72,45.76,45.72,45.76,25130
2017-09-20 15:55:00-04:00,45.755,45.78,45.755,45.78,78347
2017-09-21 09:30:00-04:00,45.71,45.74,45.5,45.53,7915
2017-09-21 09:35:00-04:00,45.53,45.55,45.485,45.485,7828
2017-09-21 09:40:00-04:00,45.49,45.58,45.48,45.58,9515
2017-09-21 09:45:00-04:00,45.605,45.69,45.6,45.64,8547
2017-09-21 09:50:00-04:00,45.64,45.73,45.64,45.72,5525
2017-09-21 09:55:00-04:00,45.71,45.76,45.69,45.73,4120
2017-09-21 10:00:00-04:00,45.74,45.79,45.74,45.74,6678
2017-09-21 10:05:00-04:00,45.75,45.75,45.7,45.71,8532
2017-09-21 10:10:00-04:00,45.71,45.73,45.68,45.73,4526
2017-09-21 10:15:00-04:00,45.73,45.73,45.69,45.72,4761
2017-09-21 10:20:00-04:00,45.715,45.75,45.715,45.74,22934
2017-09-21 10:25:00-04:00,45.74,45.74,45.645,45.655,8521
2017-09-21 10:30:00-04:00,45.65,45.66,45.63,45.655,2535
2017-09-21 10:35:00-04:00,45.66,45.675,45.645,45.675,3439
2017-09-21 10:40:00-04:00,45.68,45.69,45.665,45.68,4901
2017-09-21 10:45:00-04:00,45.67,45.71,45.67,45.71,3437
2017-09-21 10:50:00-04:00,45.71,45.71,45.68,45.68,4810
2017-09-21 10:55:00-04:00,45.69,45.69,45.645,45.66,2452
2017-09-21 11:00:00-04:00,45.67,45.68,45.67,45.67,2101
2017-09-21 11:05:00-04:00,45.67,45.67,45.66,45.66,2905
2017-09-21 11:10:00-04:00,45.66,45.68,45.65,45.67,2504
2017-09-21 11:15:00-04:00,45.67,45.67,45.62,45.63,2584
2017-09-21 11:20:00-04:00,45.64,45.69,45.64,45.67,2105
2017-09-21 11:25:00-04:00,45.68,45.685,45.67,45.68,1713
2017-09-21 11:30:00-04:00,45.69,45.69,45.66,45.665,2106
2017-09-21 11:35:00-04:00,45.66,45.66,45.65,45.65,2353
2017-09-21 11:40:00-04:00,45.65,45.65,45.62,45.63,2114
2017-09-21 11:45:00-04:00,45.625,45.625,45.61,45.61,1627
2017-09-21 11:50:00-04:00,45.61,45.62,45.6,45.6,3197
2017-09-21 11:55:00-04:00,45.6,45.61,45.59,45.59,1306
2017-09-21 12:00:00-04:00,45.59,45.59,45.57,45.57,1737
2017-09-21 12:05:00-04:00,45.57,45.59,45.57,45.585,8023
2017-09-21 12:10:00-04:00,45.585,45.615,45.585,45.61,2604
2017-09-21 12:15:00-04:00,45.61,45.61,45.605,45.61,1307
2017-09-21 12:20:00-04:00,45.61,45.615,45.59,45.59,3054
2017-09-21 12:25:00-04:00,45.585,45.61,45.585,45.6,4836
2017-09-21 12:30:00-04:00,45.59,45.595,45.59,45.59,3635
2017-09-21 12:35:00-04:00,45.59,45.61,45.59,45.6,1753
2017-09-21 12:40:00-04:00,45.61,45.61,45.59,45.59,4469
2017-09-21 12:45:00-04:00,45.59,45.6,45.59,45.6,1037
2017-09-21 12:50:00-04:00,45.59,45.59,45.575,45.575,1917
2017-09-21 12:55:00-04:00,45.575,45.58,45.56,45.56,2885
2017-09-21 13:00:00-04:00,45.56,45.565,45.56,45.565,1305
2017-09-21 13:05:00-04:00,45.56,45.59,45.55,45.59,7848
2017-09-21 13:10:00-04:00,45.6,45.6,45.57,45.575,3104
2017-09-21 13:15:00-04:00,45.575,45.605,45.575,45.6,6010
2017-09-21 13:20:00-04:00,45.6,45.6,45.595,45.6,2078
2017-09-21 13:25:00-04:00,45.6,45.6,45.6,45.6,575
2017-09-21 13:30:00-04:00,45.6,45.6,45.59,45.59,1788
2017-09-21 13:35:00-04:00,45.59,45.59,45.58,45.59,5263
2017-09-21 13:40:00-04:00,45.59,45.59,45.55,45.55,3067
2017-09-21 13:45:00-04:00,45.55,45.55,45.54,45.54,1617
2017-09-21 13:50:00-04:00,45.54,45.54,45.51,45.51,5863
2017-09-21 13:55:00-04:00,45.51,45.51,45.48,45.48,5510
2017-09-21 14:00:00-04:00,45.48,45.485,45.46,45.46,5114
2017-09-21 14:05:00-04:00,45.47,45.48,45.46,45.46,6448
2017-09-21 14:10:00-04:00,45.465,45.465,45.43,45.43,2616
2017-09-21 14:15:00-04:00,45.435,45.44,45.43,45.435,3374
2017-09-21 14:20:00-04:00,45.43,45.465,45.43,45.46,6246
2017-09-21 14:25:00-04:00,45.46,45.46,45.43,45.43,3599
2017-09-21 14:30:00-04:00,45.43,45.435,45.425,45.425,4970
2017-09-21 14:35:00-04:00,45.425,45.43,45.415,45.425,12840
2017-09-21 14:40:00-04:00,45.43,45.44,45.425,45.43,8570
2017-09-21 14:45:00-04:00,45.435,45.435,45.42,45.425,7495
2017-09-21 14:50:00-04:00,45.42,45.43,45.42,45.43,4358
2017-09-21 14:55:00-04:00,45.425,45.43,45.42,45.42,3645
2017-09-21 15:00:00-04:00,45.425,45.44,45.42,45.44,9475
2017-09-21 15:05:00-04:00,45.435,45.45,45.435,45.445,5627
2017-09-21 15:10:00-04:00,45.44,45.45,45.44,45.445,3830
2017-09-21 15:15:00-04:00,45.44,45.445,45.42,45.42,6617
2017-09-21 15:20:00-04:00,45.42,45.425,45.42,45.425,3525
2017-09-21 15:25:00-04:00,45.42,45.42,45.41,45.41,5717
2017-09-21 15:30:00-04:00,45.41,45.445,45.41,45.43,12953
2017-09-21 15:35:00-04:00,45.43,45.45,45.41,45.41,10285
2017-09-21 15:40:00-04:00,45.42,45.425,45.37,45.37,9456
2017-09-21 15:45:00-04:00,45.37,45.43,45.365,45.41,15257
2017-09-21 15:50:00-04:00,45.405,45.42,45.39,45.4,29408
2017-09-21 15:55:00-04:00,45.41,45.43,45.39,45.42,65072
2017-09-22 09:30:00-04:00,45.41,45.625,45.41,45.57,18968
2017-09-22 09:35:00-04:00,45.56,45.56,45.495,45.505,9324
2017-09-22 09:40:00-04:00,45.525,45.545,45.48,45.545,6546
2017-09-22 09:45:00-04:00,45.545,45.595,45.54,45.59,8199
2017-09-22 09:50:00-04:00,45.6,45.6,45.56,45.56,4077
2017-09-22 09:55:00-04:00,45.55,45.56,45.53,45.56,4292
2017-09-22 10:00:00-04:00,45.56,45.61,45.56,45.61,3079
2017-09-22 10:05:00-04:00,45.61,45.61,45.575,45.58,5326
2017-09-22 10:10:00-04:00,45.58,45.615,45.58,45.605,2309
2017-09-22 10:15:00-04:00,45.585,45.59,45.54,45.54,5618
2017-09-22 10:20:00-04:00,45.54,45.555,45.52,45.545,6952
2017-09-22 10:25:00-04:00,45.56,45.56,45.53,45.53,3572
2017-09-22 10:30:00-04:00,45.53,45.545,45.5,45.5,6204
2017-09-22 10:35:00-04:00,45.5,45.52,45.5,45.51,8004
2017-09-22 10:40:00-04:00,45.5,45.5,45.48,45.49,5451
2017-09-22 10:45:00-04:00,45.495,45.52,45.495,45.51,5523
2017-09-22 10:50:00-04:00,45.51,45.53,45.505,45.51,8870
2017-09-22 10:55:00-04:00,45.51,45.535,45.51,45.53,5155
2017-09-22 11:00:00-04:00,45.53,45.535,45.52,45.52,4472
2017-09-22 11:05:00-04:00,45.52,45.52,45.49,45.5,3270
2017-09-22 11:10:00-04:00,45.495,45.5,45.48,45.49,47174
2017-09-22 11:15:00-04:00,45.49,45.51,45.49,45.505,1688
2017-09-22 11:20:00-04:00,45.495,45.525,45.495,45.525,2675
2017-09-22 11:25:00-04:00,45.52,45.525,45.5,45.505,10338
2017-09-22 11:30:00-04:00,45.51,45.52,45.51,45.51,2012
2017-09-22 11:35:00-04:00,45.515,45.52,45.495,45.52,2675
2017-09-22 11:40:00-04:00,45.52,45.54,45.51,45.53,3944
2017-09-22 11:45:00-04:00,45.54,45.54,45.525,45.53,1215
2017-09-22 11:50:00-04:00,45.525,45.525,45.49,45.49,1101
2017-09-22 11:55:00-04:00,45.5,45.515,45.5,45.5,1528
2017-09-22 12:00:00-04:00,45.515,45.555,45.515,45.54,4961
2017-09-22 12:05:00-04:00,45.54,45.555,45.525,45.525,2065
2017-09-22 12:10:00-04:00,45.52,45.52,45.495,45.505,2543
2017-09-22 12:15:00-04:00,45.5,45.51,45.49,45.5,1391
2017-09-22 12:20:00-04:00,45.5,45.51,45.49,45.5,1803
2017-09-22 12:25:00-04:00,45.49,45.49,45.48,45.485,1511
2017-09-22 12:30:00-04:00,45.48,45.48,45.46,45.475,1547
2017-09-22 12:35:00-04:00,45.46,45.46,45.435,45.45,1894
2017-09-22 12:40:00-04:00,45.45,45.45,45.44,45.445,2908
2017-09-22 12:45:00-04:00,45.435,45.435,45.415,45.42,2999
2017-09-22 12:50:00-04:00,45.42,45.425,45.41,45.415,1224
2017-09-22 12:55:00-04:00,45.42,45.43,45.415,45.43,800
2017-09-22 13:00:00-04:00,45.42,45.445,45.42,45.44,3271
2017-09-22 13:05:00-04:00,45.435,45.48,45.435,45.48,4600
2017-09-22 13:10:00-04:00,45.48,45.48,45.47,45.47,2425
2017-09-22 13:15:00-04:00,45.475,45.505,45.47,45.485,6955
2017-09-22 13:20:00-04:00,45.5,45.5,45.48,45.485,2047
2017-09-22 13:25:00-04:00,45.49,45.49,45.47,45.48,2833
2017-09-22 13:30:00-04:00,45.47,45.485,45.47,45.485,2434
2017-09-22 13:35:00-04:00,45.48,45.485,45.47,45.47,1100
2017-09-22 13:40:00-04:00,45.47,45.475,45.47,45.47,1102
2017-09-22 13:45:00-04:00,45.47,45.475,45.46,45.465,1707
2017-09-22 13:50:00-04:00,45.465,45.465,45.44,45.445,4212
2017-09-22 13:55:00-04:00,45.435,45.44,45.42,45.44,3347
2017-09-22 14:00:00-04:00,45.43,45.435,45.415,45.425,3844
2017-09-22 14:05:00-04:00,45.425,45.43,45.41,45.42,7437
2017-09-22 14:10:00-04:00,45.42,45.42,45.39,45.39,3543
2017-09-22 14:15:00-04:00,45.385,45.39,45.37,45.385,4620
2017-09-22 14:20:00-04:00,45.38,45.405,45.38,45.39,3912
2017-09-22 14:25:00-04:00,45.4,45.42,45.4,45.41,3116
2017-09-22 14:30:00-04:00,45.41,45.42,45.41,45.415,577
2017-09-22 14:35:00-04:00,45.42,45.425,45.41,45.41,3198
2017-09-22 14:40:00-04:00,45.41,45.415,45.41,45.41,2346
2017-09-22 14:45:00-04:00,45.41,45.41,45.39,45.39,2312
2017-09-22 14:50:00-04:00,45.4,45.42,45.4,45.42,3700
2017-09-22 14:55:00-04:00,45.41,45.415,45.405,45.41,4072
2017-09-22 15:00:00-04:00,45.41,45.42,45.39,45.405,6707
2017-09-22 15:05:00-04:00,45.41,45.415,45.4,45.415,3660
2017-09-22 15:10:00-04:00,45.41,45.42,45.405,45.415,1937
2017-09-22 15:15:00-04:00,45.415,45.445,45.41,45.44,8804
2017-09-22 15:20:00-04:00,45.445,45.47,45.44,45.47,3716
2017-09-22 15:25:00-04:00,45.47,45.51,45.47,45.51,8986
2017-09-22 15:30:00-04:00,45.51,45.51,45.49,45.51,13519
2017-09-22 15:35:00-04:00,45.51,45.51,45.48,45.5,15292
2017-09-22 15:40:00-04:00,45.5,45.52,45.49,45.5,14077
2017-09-22 15:45:00-04:00,45.5,45.52,45.5,45.505,12678
2017-09-22 15:50:00-04:00,45.5,45.5,45.46,45.47,15815
2017-09-22 15:55:00-04:00,45.47,45.515,45.465,45.47,50499
2017-09-26 09:30:00-04:00,45.7,45.7,45.64,45.65,2200
2017-09-26 09:35:00-04:00,45.675,45.7,45.65,45.69,5868
2017-09-26 09:40:00-04:00,45.68,45.71,45.65,45.7,5336
2017-09-26 09:45:00-04:00,45.71,45.735,45.7,45.73,3820
2017-09-26 09:50:00-04:00,45.72,45.805,45.72,45.805,4054
2017-09-26 09:55:00-04:00,45.82,45.86,45.82,45.85,3844
2017-09-26 10:00:00-04:00,45.86,45.86,45.805,45.805,5913
2017-09-26 10:05:00-04:00,45.805,45.825,45.79,45.795,7507
2017-09-26 10:10:00-04:00,45.795,45.8,45.755,45.755,6777
2017-09-26 10:15:00-04:00,45.75,45.78,45.74,45.75,3515
2017-09-26 10:20:00-04:00,45.755,45.76,45.73,45.75,3072
2017-09-26 10:25:00-04:00,45.75,45.78,45.75,45.78,4996
2017-09-26 10:30:00-04:00,45.78,45.79,45.755,45.77,4879
2017-09-26 10:35:00-04:00,45.78,45.79,45.765,45.77,2585
2017-09-26 10:40:00-04:00,45.77,45.77,45.735,45.745,2818
2017-09-26 10:45:00-04:00,45.74,45.74,45.715,45.72,4127
2017-09-26 10:50:00-04:00,45.72,45.76,45.71,45.74,4532
2017-09-26 10:55:00-04:00,45.75,45.75,45.73,45.73,1511
2017-09-26 11:00:00-04:00,45.72,45.75,45.72,45.75,2104
2017-09-26 11:05:00-04:00,45.75,45.76,45.725,45.755,6408
2017-09-26 11:10:00-04:00,45.76,45.76,45.735,45.74,8599
2017-09-26 11:15:00-04:00,45.74,45.74,45.68,45.68,11747
2017-09-26 11:20:00-04:00,45.685,45.69,45.67,45.68,7065
2017-09-26 11:25:00-04:00,45.68,45.68,45.63,45.65,3379
2017-09-26 11:30:00-04:00,45.65,45.665,45.65,45.665,2273
2017-09-26 11:35:00-04:00,45.67,45.68,45.67,45.67,2989
2017-09-26 11:40:00-04:00,45.67,45.68,45.66,45.68,3029
2017-09-26 11:45:00-04:00,45.67,45.7,45.66,45.7,5118
2017-09-26 11:50:00-04:00,45.69,45.7,45.69,45.7,775
2017-09-26 11:55:00-04:00,45.7,45.7,45.69,45.7,1936
2017-09-26 12:00:00-04:00,45.71,45.71,45.7,45.7,1600
2017-09-26 12:05:00-04:00,45.71,45.72,45.71,45.72,1435
2017-09-26 12:10:00-04:00,45.72,45.73,45.71,45.72,2545
2017-09-26 12:15:00-04:00,45.71,45.72,45.71,45.72,1010
2017-09-26 12:20:00-04:00,45.73,45.73,45.695,45.7,3898
2017-09-26 12:25:00-04:00,45.7,45.7,45.675,45.69,7558
2017-09-26 12:30:00-04:00,45.69,45.69,45.655,45.67,3045
2017-09-26 12:35:00-04:00,45.66,45.665,45.61,45.62,3738
2017-09-26 12:40:00-04:00,45.61,45.61,45.6,45.61,1762
2017-09-26 12:45:00-04:00,45.62,45.635,45.615,45.63,5326
2017-09-26 12:50:00-04:00,45.63,45.65,45.62,45.65,2242
2017-09-26 12:55:00-04:00,45.65,45.65,45.635,45.65,1886
2017-09-26 13:00:00-04:00,45.66,45.67,45.65,45.67,2134
2017-09-26 13:05:00-04:00,45.66,45.67,45.66,45.66,1933
2017-09-26 13:10:00-04:00,45.66,45.66,45.65,45.655,5302
2017-09-26 13:15:00-04:00,45.66,45.66,45.635,45.64,9314
2017-09-26 13:20:00-04:00,45.64,45.64,45.63,45.635,5106
2017-09-26 13:25:00-04:00,45.635,45.64,45.625,45.625,6203
2017-09-26 13:30:00-04:00,45.625,45.645,45.625,45.63,10202
2017-09-26 13:35:00-04:00,45.625,45.63,45.6,45.61,5018
2017-09-26 13:40:00-04:00,45.62,45.63,45.61,45.62,3052
2017-09-26 13:45:00-04:00,45.61,45.62,45.6,45.6,4111
2017-09-26 13:50:00-04:00,45.61,45.63,45.61,45.63,2279
2017-09-26 13:55:00-04:00,45.635,45.635,45.615,45.63,3092
2017-09-26 14:00:00-04:00,45.63,45.63,45.62,45.62,1745
2017-09-26 14:05:00-04:00,45.625,45.64,45.62,45.63,3078
2017-09-26 14:10:00-04:00,45.63,45.63,45.61,45.62,2201
2017-09-26 14:15:00-04:00,45.62,45.62,45.6,45.605,1669
2017-09-26 14:20:00-04:00,45.61,45.61,45.59,45.59,3350
2017-09-26 14:25:00-04:00,45.59,45.59,45.58,45.58,2136
2017-09-26 14:30:00-04:00,45.58,45.59,45.57,45.58,8714
2017-09-26 14:35:00-04:00,45.58,45.6,45.575,45.6,9017
2017-09-26 14:40:00-04:00,45.6,45.61,45.6,45.61,2107
2017-09-26 14:45:00-04:00,45.61,45.62,45.61,45.62,2803
2017-09-26 14:50:00-04:00,45.62,45.62,45.585,45.585,9233
2017-09-26 14:55:00-04:00,45.585,45.595,45.58,45.59,4130
2017-09-26 15:00:00-04:00,45.595,45.605,45.595,45.605,5397
2017-09-26 15:05:00-04:00,45.61,45.61,45.6,45.605,2878
2017-09-26 15:10:00-04:00,45.61,45.61,45.59,45.6,9342
2017-09-26 15:15:00-04:00,45.595,45.6,45.59,45.6,9303
2017-09-26 15:20:00-04:00,45.595,45.6,45.59,45.59,1116
2017-09-26 15:25:00-04:00,45.595,45.62,45.585,45.62,12403
2017-09-26 15:30:00-04:00,45.62,45.62,45.605,45.61,6835
2017-09-26 15:35:00-04:00,45.62,45.65,45.62,45.65,6466
2017-09-26 15:40:00-04:00,45.64,45.64,45.62,45.625,7785
2017-09-26 15:45:00-04:00,45.62,45.62,45.59,45.595,7061
2017-09-26 15:50:00-04:00,45.595,45.595,45.57,45.58,19524
2017-09-26 15:55:00-04:00,45.58,45.605,45.56,45.58,81275
2017-09-27 09:30:00-04:00,45.46,45.49,45.42,45.43,5896
2017-09-27 09:35:00-04:00,45.44,45.44,45.245,45.245,7916
2017-09-27 09:40:00-04:00,45.25,45.32,45.25,45.3,3478
2017-09-27 09:45:00-04:00,45.305,45.305,45.26,45.27,4900
2017-09-27 09:50:00-04:00,45.28,45.33,45.27,45.27,4662
2017-09-27 09:55:00-04:00,45.28,45.3,45.27,45.3,4267
2017-09-27 10:00:00-04:00,45.295,45.3,45.13,45.135,5191
2017-09-27 10:05:00-04:00,45.125,45.2,45.125,45.19,15276
2017-09-27 10:10:00-04:00,45.185,45.185,45.105,45.16,6822
2017-09-27 10:15:00-04:00,45.17,45.175,45.105,45.11,12002
2017-09-27 10:20:00-04:00,45.11,45.15,45.11,45.11,4761
2017-09-27 10:25:00-04:00,45.12,45.135,45.08,45.08,5569
2017-09-27 10:30:00-04:00,45.08,45.11,45.055,45.1,7780
2017-09-27 10:35:00-04:00,45.105,45.105,45.075,45.08,8789
2017-09-27 10:40:00-04:00,45.085,45.09,45.05,45.055,9355
2017-09-27 10:45:00-04:00,45.055,45.075,45.02,45.025,9524
2017-09-27 10:50:00-04:00,45.025,45.035,45.01,45.02,8390
2017-09-27 10:55:00-04:00,45.01,45.01,44.935,44.95,14284
2017-09-27 11:00:00-04:00,44.95,44.965,44.91,44.91,7553
2017-09-27 11:05:00-04:00,44.92,44.96,44.915,44.96,6850
2017-09-27 11:10:00-04:00,44.96,44.98,44.955,44.98,5142
2017-09-27 11:15:00-04:00,44.98,45.0,44.97,44.995,4806
2017-09-27 11:20:00-04:00,44.99,44.99,44.96,44.97,8942
2017-09-27 11:25:00-04:00,44.96,44.97,44.955,44.97,4018
2017-09-27 11:30:00-04:00,44.975,44.98,44.94,44.94,5789
2017-09-27 11:35:00-04:00,44.95,44.985,44.94,44.985,5378
2017-09-27 11:40:00-04:00,44.99,44.99,44.98,44.99,4089
2017-09-27 11:45:00-04:00,44.985,44.995,44.98,44.99,4428
2017-09-27 11:50:00-04:00,44.99,44.99,44.935,44.94,5915
2017-09-27 11:55:00-04:00,44.94,44.94,44.91,44.91,4894
2017-09-27 12:00:00-04:00,44.915,44.95,44.905,44.905,6671
2017-09-27 12:05:00-04:00,44.9,44.92,44.88,44.905,5752
2017-09-27 12:10:00-04:00,44.905,44.925,44.9,44.925,4967
2017-09-27 12:15:00-04:00,44.925,44.925,44.88,44.885,7060
2017-09-27 12:20:00-04:00,44.88,44.88,44.8,44.81,5812
2017-09-27 12:25:00-04:00,44.815,44.815,44.73,44.73,5452
2017-09-27 12:30:00-04:00,44.745,44.76,44.71,44.71,2509
2017-09-27 12:35:00-04:00,44.715,44.72,44.705,44.715,5109
2017-09-27 12:40:00-04:00,44.715,44.725,44.705,44.72,5500
2017-09-27 12:45:00-04:00,44.72,44.745,44.715,44.745,5322
2017-09-27 12:50:00-04:00,44.745,44.765,44.71,44.715,9089
2017-09-27 12:55:00-04:00,44.71,44.71,44.585,44.6,16576
2017-09-27 13:00:00-04:00,44.6,44.645,44.6,44.6,12139
2017-09-27 13:05:00-04:00,44.595,44.62,44.54,44.54,12332
2017-09-27 13:10:00-04:00,44.55,44.56,44.485,44.515,8513
2017-09-27 13:15:00-04:00,44.515,44.52,44.43,44.43,12362
2017-09-27 13:20:00-04:00,44.39,44.44,44.39,44.41,11006
2017-09-27 13:25:00-04:00,44.4,44.42,44.385,44.39,14542
2017-09-27 13:30:00-04:00,44.395,44.465,44.39,44.465,8415
2017-09-27 13:35:00-04:00,44.465,44.47,44.46,44.465,4847
2017-09-27 13:40:00-04:00,44.465,44.485,44.43,44.44,9439
2017-09-27 13:45:00-04:00,44.43,44.43,44.39,44.43,17354
2017-09-27 13:50:00-04:00,44.42,44.425,44.395,44.42,6098
2017-09-27 13:55:00-04:00,44.43,44.455,44.41,44.44,5854
2017-09-27 14:00:00-04:00,44.45,44.485,44.445,44.475,8367
2017-09-27 14:05:00-04:00,44.485,44.515,44.485,44.51,7585
2017-09-27 14:10:00-04:00,44.53,44.56,44.53,44.55,6052
2017-09-27 14:15:00-04:00,44.545,44.625,44.54,44.62,7975
2017-09-27 14:20:00-04:00,44.625,44.69,44.625,44.685,5244
2017-09-27 14:25:00-04:00,44.685,44.685,44.62,44.625,5592
2017-09-27 14:30:00-04:00,44.63,44.63,44.58,44.605,10064
2017-09-27 14:35:00-04:00,44.615,44.62,44.58,44.58,3306
2017-09-27 14:40:00-04:00,44.58,44.585,44.56,44.57,4910
2017-09-27 14:45:00-04:00,44.595,44.63,44.595,44.61,4897
2017-09-27 14:50:00-04:00,44.615,44.65,44.615,44.645,2386
2017-09-27 14:55:00-04:00,44.64,44.65,44.625,44.645,7592
2017-09-27 15:00:00-04:00,44.645,44.65,44.625,44.63,13987
2017-09-27 15:05:00-04:00,44.62,44.64,44.59,44.605,15118
2017-09-27 15:10:00-04:00,44.605,44.645,44.605,44.635,11286
2017-09-27 15:15:00-04:00,44.635,44.67,44.635,44.665,8333
2017-09-27 15:20:00-04:00,44.66,44.7,44.66,44.675,7607
2017-09-27 15:25:00-04:00,44.67,44.68,44.65,44.65,9031
2017-09-27 15:30:00-04:00,44.66,44.66,44.63,44.65,7987
2017-09-27 15:35:00-04:00,44.65,44.65,44.635,44.65,10609
2017-09-27 15:40:00-04:00,44.65,44.66,44.635,44.645,14731
2017-09-27 15:45:00-04:00,44.65,44.69,44.645,44.67,22022
2017-09-27 15:50:00-04:00,44.675,44.675,44.64,44.66,34839
2017-09-27 15:55:00-04:00,44.655,44.66,44.58,44.635,66284
2017-09-28 09:30:00-04:00,44.71,44.89,44.66,44.875,28651
2017-09-28 09:35:00-04:00,44.86,44.895,44.83,44.84,27686
2017-09-28 09:40:00-04:00,44.83,44.88,44.805,44.88,12361
2017-09-28 09:45:00-04:00,44.89,44.93,44.82,44.87,21710
2017-09-28 09:50:00-04:00,44.875,44.88,44.84,44.86,15574
2017-09-28 09:55:00-04:00,44.86,44.88,44.78,44.78,10734
2017-09-28 10:00:00-04:00,44.79,44.83,44.77,44.79,8345
2017-09-28 10:05:00-04:00,44.775,44.825,44.775,44.825,10411
2017-09-28 10:10:00-04:00,44.825,44.85,44.8,44.81,12271
2017-09-28 10:15:00-04:00,44.8,44.83,44.785,44.8,11366
2017-09-28 10:20:00-04:00,44.81,44.85,44.78,44.84,23662
2017-09-28 10:25:00-04:00,44.84,44.88,44.84,44.87,9059
2017-09-28 10:30:00-04:00,44.87,44.9,44.84,44.9,11015
2017-09-28 10:35:00-04:00,44.9,44.97,44.9,44.91,12559
2017-09-28 10:40:00-04:00,44.9,44.92,44.89,44.89,8948
2017-09-28 10:45:00-04:00,44.88,44.89,44.86,44.875,11833
2017-09-28 10:50:00-04:00,44.88,44.88,44.84,44.85,7613
2017-09-28 10:55:00-04:00,44.865,44.88,44.86,44.86,9290
2017-09-28 11:00:00-04:00,44.86,44.92,44.85,44.91,6340
2017-09-28 11:05:00-04:00,44.91,44.91,44.86,44.91,7744
2017-09-28 11:10:00-04:00,44.91,44.92,44.88,44.89,8139
2017-09-28 11:15:00-04:00,44.89,44.89,44.86,44.885,5312
2017-09-28 11:20:00-04:00,44.89,44.93,44.88,44.93,6828
2017-09-28 11:25:00-04:00,44.95,44.95,44.935,44.94,3454
2017-09-28 11:30:00-04:00,44.95,44.95,44.88,44.88,13917
2017-09-28 11:35:00-04:00,44.87,44.915,44.87,44.91,5073
2017-09-28 11:40:00-04:00,44.92,44.94,44.915,44.94,4723
2017-09-28 11:45:00-04:00,44.93,44.93,44.91,44.93,8126
2017-09-28 11:50:00-04:00,44.92,44.94,44.92,44.93,8360
2017-09-28 11:55:00-04:00,44.93,44.95,44.92,44.95,8816
2017-09-28 12:00:00-04:00,44.945,44.97,44.94,44.955,7335
2017-09-28 12:05:00-04:00,44.96,44.975,44.955,44.975,3414
2017-09-28 12:10:00-04:00,44.975,44.975,44.96,44.97,3806
2017-09-28 12:15:00-04:00,44.96,44.97,44.95,44.96,7857
2017-09-28 12:20:00-04:00,44.96,44.98,44.96,44.965,5683
2017-09-28 12:25:00-04:00,44.97,44.98,44.95,44.98,5451
2017-09-28 12:30:00-04:00,44.97,44.98,44.96,44.97,5271
2017-09-28 12:35:00-04:00,44.975,44.99,44.975,44.985,5013
2017-09-28 12:40:00-04:00,44.99,44.99,44.965,44.98,8600
2017-09-28 12:45:00-04:00,44.98,44.98,44.955,44.97,4164
2017-09-28 12:50:00-04:00,44.97,44.97,44.951,44.96,4050
2017-09-28 12:55:00-04:00,44.955,44.97,44.94,44.94,6506
2017-09-28 13:00:00-04:00,44.94,44.96,44.935,44.96,4653
2017-09-28 13:05:00-04:00,44.96,44.96,44.935,44.96,2805
2017-09-28 13:10:00-04:00,44.96,44.97,44.95,44.97,4263
2017-09-28 13:15:00-04:00,44.97,44.97,44.965,44.965,1843
2017-09-28 13:20:00-04:00,44.965,44.971,44.965,44.97,5238
2017-09-28 13:25:00-04:00,44.97,44.99,44.97,44.985,7073
2017-09-28 13:30:00-04:00,44.98,44.98,44.96,44.975,4584
2017-09-28 13:35:00-04:00,44.975,44.975,44.96,44.965,4468
2017-09-28 13:40:00-04:00,44.96,44.98,44.96,44.98,2593
2017-09-28 13:45:00-04:00,44.975,44.98,44.95,44.96,11219
2017-09-28 13:50:00-04:00,44.96,44.98,44.955,44.975,9724
2017-09-28 13:55:00-04:00,44.98,45.0,44.975,45.0,4567
2017-09-28 14:00:00-04:00,44.995,45.0,44.965,44.975,7703
2017-09-28 14:05:00-04:00,44.981,44.99,44.975,44.99,5034
2017-09-28 14:10:00-04:00,44.99,45.0,44.99,44.99,4154
2017-09-28 14:15:00-04:00,44.99,44.995,44.955,44.97,8786
2017-09-28 14:20:00-04:00,44.97,44.97,44.945,44.96,12299
2017-09-28 14:25:00-04:00,44.97,44.99,44.96,44.98,5275
2017-09-28 14:30:00-04:00,44.975,45.0,44.975,44.99,16188
2017-09-28 14:35:00-04:00,44.99,44.99,44.97,44.98,16864
2017-09-28 14:40:00-04:00,44.98,44.98,44.975,44.98,3335
2017-09-28 14:45:00-04:00,44.97,44.975,44.955,44.975,9318
2017-09-28 14:50:00-04:00,44.975,44.99,44.96,44.99,8165
2017-09-28 14:55:00-04:00,44.985,44.995,44.98,44.99,5458
2017-09-28 15:00:00-04:00,44.985,44.99,44.97,44.97,6684
2017-09-28 15:05:00-04:00,44.97,44.97,44.965,44.97,2421
2017-09-28 15:10:00-04:00,44.97,44.97,44.965,44.97,1513
2017-09-28 15:15:00-04:00,44.97,44.97,44.94,44.96,15972
2017-09-28 15:20:00-04:00,44.95,44.96,44.95,44.955,4724
2017-09-28 15:25:00-04:00,44.955,44.96,44.94,44.96,7449
2017-09-28 15:30:00-04:00,44.955,44.96,44.93,44.955,12567
2017-09-28 15:35:00-04:00,44.95,44.955,44.94,44.94,12364
2017-09-28 15:40:00-04:00,44.94,44.95,44.92,44.945,10668
2017-09-28 15:45:00-04:00,44.94,44.95,44.93,44.93,22907
2017-09-28 15:50:00-04:00,44.935,44.95,44.92,44.92,24380
2017-09-28 15:55:00-04:00,44.92,44.93,44.875,44.88,94747
2017-09-29 09:30:00-04:00,44.82,44.9,44.811,44.88,3465
2017-09-29 09:35:00-04:00,44.885,44.885,44.84,44.85,1861
2017-09-29 09:40:00-04:00,44.84,44.9,44.82,44.9,2651
2017-09-29 09:45:00-04:00,44.96,44.99,44.96,44.975,3350
2017-09-29 09:50:00-04:00,44.94,44.94,44.87,44.89,4736
2017-09-29 09:55:00-04:00,44.865,44.935,44.865,44.92,2900
2017-09-29 10:00:00-04:00,44.925,44.955,44.92,44.92,4252
2017-09-29 10:05:00-04:00,44.905,44.94,44.905,44.92,4122
2017-09-29 10:10:00-04:00,44.93,44.93,44.87,44.87,8835
2017-09-29 10:15:00-04:00,44.87,44.91,44.86,44.9,12354
2017-09-29 10:20:00-04:00,44.895,44.95,44.895,44.94,6373
2017-09-29 10:25:00-04:00,44.96,45.0,44.96,44.989,3231
2017-09-29 10:30:00-04:00,44.99,45.03,44.99,45.03,8855
2017-09-29 10:35:00-04:00,45.03,45.06,45.01,45.05,4822
2017-09-29 10:40:00-04:00,45.05,45.05,45.02,45.02,3705
2017-09-29 10:45:00-04:00,45.02,45.055,45.02,45.045,8940
2017-09-29 10:50:00-04:00,45.06,45.11,45.055,45.1,11903
2017-09-29 10:55:00-04:00,45.1,45.11,45.075,45.075,9663
2017-09-29 11:00:00-04:00,45.08,45.08,45.01,45.01,8497
2017-09-29 11:05:00-04:00,45.01,45.03,45.0,45.01,6823
2017-09-29 11:10:00-04:00,45.02,45.04,45.02,45.025,4778
2017-09-29 11:15:00-04:00,45.025,45.04,45.01,45.03,4144
2017-09-29 11:20:00-04:00,45.025,45.035,45.01,45.01,24709
2017-09-29 11:25:00-04:00,45.01,45.04,45.01,45.03,5442
2017-09-29 11:30:00-04:00,45.02,45.045,45.01,45.045,4372
2017-09-29 11:35:00-04:00,45.05,45.065,45.03,45.03,7251
2017-09-29 11:40:00-04:00,45.05,45.06,45.04,45.06,1979
2017-09-29 11:45:00-04:00,45.06,45.06,45.04,45.05,4704
2017-09-29 11:50:00-04:00,45.05,45.08,45.05,45.08,6754
2017-09-29 11:55:00-04:00,45.08,45.085,45.06,45.06,2964
2017-09-29 12:00:00-04:00,45.06,45.06,45.05,45.05,2918
2017-09-29 12:05:00-04:00,45.06,45.06,45.05,45.06,700
2017-09-29 12:10:00-04:00,45.06,45.06,45.02,45.02,2808
2017-09-29 12:15:00-04:00,45.02,45.03,45.015,45.025,3579
2017-09-29 12:20:00-04:00,45.03,45.04,45.025,45.025,1320
2017-09-29 12:25:00-04:00,45.025,45.03,45.025,45.025,3700
2017-09-29 12:30:00-04:00,45.03,45.03,44.99,44.995,13079
2017-09-29 12:35:00-04:00,44.99,45.0,44.97,44.97,3617
2017-09-29 12:40:00-04:00,44.97,44.98,44.96,44.98,5393
2017-09-29 12:45:00-04:00,44.98,44.985,44.935,44.94,4012
2017-09-29 12:50:00-04:00,44.935,44.95,44.93,44.95,2616
2017-09-29 12:55:00-04:00,44.945,44.98,44.945,44.98,2864
2017-09-29 13:00:00-04:00,44.97,44.97,44.955,44.955,1900
2017-09-29 13:05:00-04:00,44.955,44.965,44.955,44.96,2148
2017-09-29 13:10:00-04:00,44.96,44.99,44.955,44.985,3095
2017-09-29 13:15:00-04:00,44.97,44.99,44.965,44.985,1978
2017-09-29 13:20:00-04:00,44.98,44.99,44.98,44.99,2300
2017-09-29 13:25:00-04:00,44.985,44.99,44.98,44.99,3000
2017-09-29 13:30:00-04:00,44.99,45.0,44.99,45.0,1911
2017-09-29 13:35:00-04:00,45.0,45.0,44.97,44.97,5976
2017-09-29 13:40:00-04:00,44.97,44.97,44.95,44.96,3846
2017-09-29 13:45:00-04:00,44.96,44.97,44.96,44.965,2133
2017-09-29 13:50:00-04:00,44.965,44.97,44.955,44.965,2947
2017-09-29 13:55:00-04:00,44.97,44.97,44.955,44.97,2448
2017-09-29 14:00:00-04:00,44.965,44.97,44.96,44.965,3979
2017-09-29 14:05:00-04:00,44.97,44.97,44.95,44.955,3038
2017-09-29 14:10:00-04:00,44.955,44.96,44.94,44.945,6808
2017-09-29 14:15:00-04:00,44.945,44.96,44.945,44.96,3401
2017-09-29 14:20:00-04:00,44.96,44.96,44.95,44.96,2454
2017-09-29 14:25:00-04:00,44.96,44.97,44.935,44.95,11791
2017-09-29 14:30:00-04:00,44.945,44.96,44.945,44.96,4186
2017-09-29 14:35:00-04:00,44.96,44.97,44.95,44.95,3363
2017-09-29 14:40:00-04:00,44.955,44.96,44.945,44.955,7498
2017-09-29 14:45:00-04:00,44.96,44.98,44.955,44.975,2719
2017-09-29 14:50:00-04:00,44.98,44.98,44.97,44.975,5232
2017-09-29 14:55:00-04:00,44.98,44.98,44.975,44.975,4828
2017-09-29 15:00:00-04:00,44.98,44.98,44.96,44.98,4080
2017-09-29 15:05:00-04:00,44.98,44.98,44.955,44.955,3793
2017-09-29 15:10:00-04:00,44.955,44.98,44.955,44.98,5611
2017-09-29 15:15:00-04:00,44.98,44.98,44.94,44.96,3964
2017-09-29 15:20:00-04:00,44.96,44.97,44.955,44.96,3869
2017-09-29 15:25:00-04:00,44.955,44.98,44.95,44.96,6662
2017-09-29 15:30:00-04:00,44.96,44.97,44.955,44.97,7683
2017-09-29 15:35:00-04:00,44.965,44.97,44.95,44.97,10054
2017-09-29 15:40:00-04:00,44.97,44.97,44.95,44.95,25020
2017-09-29 15:45:00-04:00,44.955,44.97,44.955,44.96,50679
2017-09-29 15:50:00-04:00,44.965,45.0,44.95,44.98,47684
2017-09-29 15:55:00-04:00,44.985,45.0,44.96,44.99,94833
2017-10-02 09:30:00-04:00,44.87,45.13,44.87,44.96,7236
2017-10-02 09:35:00-04:00,44.97,45.01,44.95,44.985,11455
2017-10-02 09:40:00-04:00,44.99,45.03,44.98,45.025,8390
2017-10-02 09:45:00-04:00,45.03,45.04,44.965,44.965,15520
2017-10-02 09:50:00-04:00,44.975,45.02,44.96,44.96,5272
2017-10-02 09:55:00-04:00,44.97,45.0,44.92,45.0,4854
2017-10-02 10:00:00-04:00,45.005,45.05,45.0,45.05,3947
2017-10-02 10:05:00-04:00,45.07,45.07,45.02,45.06,15367
2017-10-02 10:10:00-04:00,45.06,45.09,45.06,45.09,10770
2017-10-02 10:15:00-04:00,45.1,45.19,45.1,45.155,11302
2017-10-02 10:20:00-04:00,45.16,45.18,45.155,45.175,4363
2017-10-02 10:25:00-04:00,45.18,45.195,45.16,45.195,5731
2017-10-02 10:30:00-04:00,45.19,45.195,45.17,45.185,4260
2017-10-02 10:35:00-04:00,45.19,45.24,45.19,45.24,4698
2017-10-02 10:40:00-04:00,45.245,45.26,45.22,45.22,9059
2017-10-02 10:45:00-04:00,45.23,45.24,45.23,45.235,4247
2017-10-02 10:50:00-04:00,45.23,45.23,45.18,45.22,16845
2017-10-02 10:55:00-04:00,45.225,45.225,45.2,45.205,3129
2017-10-02 11:00:00-04:00,45.21,45.21,45.175,45.175,7613
2017-10-02 11:05:00-04:00,45.175,45.2,45.115,45.115,6209
2017-10-02 11:10:00-04:00,45.115,45.12,45.11,45.11,5095
2017-10-02 11:15:00-04:00,45.11,45.12,45.085,45.105,5319
2017-10-02 11:20:00-04:00,45.1,45.105,45.06,45.09,7544
2017-10-02 11:25:00-04:00,45.09,45.095,45.06,45.06,18282
2017-10-02 11:30:00-04:00,45.05,45.1,45.04,45.1,12465
2017-10-02 11:35:00-04:00,45.11,45.13,45.105,45.115,63875
2017-10-02 11:40:00-04:00,45.11,45.13,45.085,45.12,6745
2017-10-02 11:45:00-04:00,45.12,45.12,45.03,45.045,19203
2017-10-02 11:50:00-04:00,45.045,45.045,45.02,45.02,7953
2017-10-02 11:55:00-04:00,45.02,45.065,45.01,45.04,9702
2017-10-02 12:00:00-04:00,45.04,45.045,45.03,45.03,16533
2017-10-02 12:05:00-04:00,45.03,45.03,44.98,44.99,19207
2017-10-02 12:10:00-04:00,44.99,45.01,44.98,45.01,6278
2017-10-02 12:15:00-04:00,45.01,45.02,44.99,45.02,5686
2017-10-02 12:20:00-04:00,45.02,45.03,45.015,45.015,15584
2017-10-02 12:25:00-04:00,45.015,45.015,44.97,44.975,23920
2017-10-02 12:30:00-04:00,44.975,44.975,44.96,44.965,5439
2017-10-02 12:35:00-04:00,44.97,44.97,44.96,44.965,5771
2017-10-02 12:40:00-04:00,44.97,44.985,44.97,44.98,6959
2017-10-02 12:45:00-04:00,44.98,44.98,44.96,44.96,6400
2017-10-02 12:50:00-04:00,44.96,44.96,44.93,44.945,5343
2017-10-02 12:55:00-04:00,44.95,44.955,44.93,44.93,1725
2017-10-02 13:00:00-04:00,44.92,44.94,44.92,44.94,2386
2017-10-02 13:05:00-04:00,44.94,44.97,44.94,44.97,1185
2017-10-02 13:10:00-04:00,44.97,44.975,44.95,44.95,2989
2017-10-02 13:15:00-04:00,44.95,44.95,44.94,44.94,2152
2017-10-02 13:20:00-04:00,44.945,44.97,44.945,44.97,2385
2017-10-02 13:25:00-04:00,44.965,44.97,44.96,44.97,2514
2017-10-02 13:30:00-04:00,44.97,44.99,44.965,44.99,2063
2017-10-02 13:35:00-04:00,44.995,45.0,44.995,45.0,1419
2017-10-02 13:40:00-04:00,44.995,45.0,44.975,44.975,3536
2017-10-02 13:45:00-04:00,44.97,44.975,44.935,44.935,2632
2017-10-02 13:50:00-04:00,44.945,44.96,44.94,44.955,2178
2017-10-02 13:55:00-04:00,44.96,44.96,44.93,44.935,3215
2017-10-02 14:00:00-04:00,44.92,44.92,44.91,44.915,1218
2017-10-02 14:05:00-04:00,44.91,44.93,44.91,44.93,3601
2017-10-02 14:10:00-04:00,44.92,44.93,44.92,44.92,2748
2017-10-02 14:15:00-04:00,44.925,44.925,44.905,44.905,1500
2017-10-02 14:20:00-04:00,44.9,44.9,44.885,44.89,3881
2017-10-02 14:25:00-04:00,44.88,44.89,44.85,44.85,3916
2017-10-02 14:30:00-04:00,44.855,44.865,44.855,44.865,2276
2017-10-02 14:35:00-04:00,44.865,44.89,44.865,44.88,15638
2017-10-02 14:40:00-04:00,44.88,44.89,44.875,44.88,4821
2017-10-02 14:45:00-04:00,44.88,44.91,44.88,44.885,9647
2017-10-02 14:50:00-04:00,44.89,44.89,44.85,44.855,14219
2017-10-02 14:55:00-04:00,44.86,44.865,44.855,44.86,24798
2017-10-02 15:00:00-04:00,44.86,44.875,44.855,44.875,206560
2017-10-02 15:05:00-04:00,44.875,44.875,44.835,44.845,28536
2017-10-02 15:10:00-04:00,44.845,44.85,44.84,44.85,5132
2017-10-02 15:15:00-04:00,44.84,44.86,44.84,44.84,19582
2017-10-02 15:20:00-04:00,44.84,44.86,44.84,44.855,9795
2017-10-02 15:25:00-04:00,44.85,44.86,44.835,44.84,12846
2017-10-02 15:30:00-04:00,44.835,44.84,44.77,44.79,14390
2017-10-02 15:35:00-04:00,44.795,44.8,44.78,44.8,305918
2017-10-02 15:40:00-04:00,44.8,44.805,44.77,44.77,11978
2017-10-02 15:45:00-04:00,44.76,44.79,44.755,44.79,12989
2017-10-02 15:50:00-04:00,44.795,44.8,44.77,44.77,19141
2017-10-02 15:55:00-04:00,44.77,44.8,44.745,44.79,43417
2017-10-03 09:30:00-04:00,44.85,44.92,44.81,44.81,2859
2017-10-03 09:35:00-04:00,44.76,44.89,44.76,44.88,3420
2017-10-03 09:40:00-04:00,44.86,44.89,44.84,44.88,6011
2017-10-03 09:45:00-04:00,44.88,44.89,44.86,44.89,5507
2017-10-03 09:50:00-04:00,44.89,44.92,44.875,44.92,3331
2017-10-03 09:55:00-04:00,44.93,44.945,44.91,44.94,4920
2017-10-03 10:00:00-04:00,44.95,45.035,44.94,44.97,16456
2017-10-03 10:05:00-04:00,44.97,44.99,44.95,44.975,4521
2017-10-03 10:10:00-04:00,44.975,44.98,44.945,44.96,8449
2017-10-03 10:15:00-04:00,44.97,44.97,44.91,44.91,7690
2017-10-03 10:20:00-04:00,44.91,44.93,44.88,44.88,5515
2017-10-03 10:25:00-04:00,44.88,44.885,44.86,44.87,4421
2017-10-03 10:30:00-04:00,44.865,44.88,44.855,44.875,5532
2017-10-03 10:35:00-04:00,44.88,44.88,44.84,44.865,5397
2017-10-03 10:40:00-04:00,44.865,44.87,44.86,44.87,4853
2017-10-03 10:45:00-04:00,44.865,44.87,44.84,44.865,8441
2017-10-03 10:50:00-04:00,44.86,44.86,44.83,44.86,9048
2017-10-03 10:55:00-04:00,44.86,44.885,44.86,44.87,4200
2017-10-03 11:00:00-04:00,44.88,44.91,44.875,44.89,6051
2017-10-03 11:05:00-04:00,44.89,44.9,44.88,44.9,4077
2017-10-03 11:10:00-04:00,44.89,44.895,44.855,44.86,11083
2017-10-03 11:15:00-04:00,44.87,44.87,44.835,44.84,6935
2017-10-03 11:20:00-04:00,44.84,44.9,44.83,44.9,3475
2017-10-03 11:25:00-04:00,44.9,44.91,44.89,44.9,6909
2017-10-03 11:30:00-04:00,44.91,44.91,44.89,44.89,6155
2017-10-03 11:35:00-04:00,44.89,44.905,44.89,44.9,4230
2017-10-03 11:40:00-04:00,44.9,44.91,44.89,44.905,7461
2017-10-03 11:45:00-04:00,44.91,44.93,44.905,44.915,4902
2017-10-03 11:50:00-04:00,44.92,44.94,44.915,44.935,4756
2017-10-03 11:55:00-04:00,44.94,44.94,44.93,44.935,6729
2017-10-03 12:00:00-04:00,44.935,44.95,44.93,44.95,16846
2017-10-03 12:05:00-04:00,44.95,45.02,44.95,45.015,8603
2017-10-03 12:10:00-04:00,45.02,45.02,45.0,45.005,15861
2017-10-03 12:15:00-04:00,45.005,45.01,45.0,45.005,10801
2017-10-03 12:20:00-04:00,45.005,45.02,45.0,45.015,20130
2017-10-03 12:25:00-04:00,45.02,45.02,45.015,45.02,204220
2017-10-03 12:30:00-04:00,45.02,45.02,44.985,44.995,25870
2017-10-03 12:35:00-04:00,44.995,45.04,44.995,45.03,8632
2017-10-03 12:40:00-04:00,45.02,45.03,45.02,45.02,5358
2017-10-03 12:45:00-04:00,45.025,45.07,45.025,45.055,15571
2017-10-03 12:50:00-04:00,45.05,45.05,45.02,45.02,5108
2017-10-03 12:55:00-04:00,45.025,45.025,45.01,45.01,3931
2017-10-03 13:00:00-04:00,45.01,45.01,44.995,45.0,5739
2017-10-03 13:05:00-04:00,44.99,44.99,44.97,44.97,3321
2017-10-03 13:10:00-04:00,44.97,44.97,44.94,44.945,17323
2017-10-03 13:15:00-04:00,44.945,44.98,44.945,44.97,27996
2017-10-03 13:20:00-04:00,44.965,44.97,44.96,44.965,9998
2017-10-03 13:25:00-04:00,44.965,44.97,44.96,44.965,14599
2017-10-03 13:30:00-04:00,44.965,44.99,44.965,44.975,45394
2017-10-03 13:35:00-04:00,44.975,44.975,44.96,44.965,17931
2017-10-03 13:40:00-04:00,44.965,45.01,44.965,45.01,10764
2017-10-03 13:45:00-04:00,45.005,45.01,45.0,45.005,26297
2017-10-03 13:50:00-04:00,45.0,45.005,45.0,45.005,7909
2017-10-03 13:55:00-04:00,45.005,45.04,45.0,45.04,12753
2017-10-03 14:00:00-04:00,45.04,45.06,45.04,45.06,18874
2017-10-03 14:05:00-04:00,45.055,45.06,45.05,45.055,12980
2017-10-03 14:10:00-04:00,45.055,45.1,45.055,45.095,9942
2017-10-03 14:15:00-04:00,45.1,45.11,45.09,45.105,9359
2017-10-03 14:20:00-04:00,45.105,45.12,45.08,45.115,42326
2017-10-03 14:25:00-04:00,45.115,45.12,45.11,45.115,23384
2017-10-03 14:30:00-04:00,45.115,45.12,45.11,45.115,16500
2017-10-03 14:35:00-04:00,45.115,45.14,45.11,45.13,28379
2017-10-03 14:40:00-04:00,45.135,45.135,45.12,45.125,15460
2017-10-03 14:45:00-04:00,45.13,45.145,45.125,45.135,23826
2017-10-03 14:50:00-04:00,45.13,45.135,45.12,45.125,13765
2017-10-03 14:55:00-04:00,45.125,45.13,45.1,45.11,24093
2017-10-03 15:00:00-04:00,45.11,45.115,45.1,45.1,8248
2017-10-03 15:05:00-04:00,45.105,45.11,45.1,45.105,10043
2017-10-03 15:10:00-04:00,45.1,45.12,45.1,45.12,16265
2017-10-03 15:15:00-04:00,45.12,45.12,45.11,45.12,7029
2017-10-03 15:20:00-04:00,45.12,45.15,45.12,45.145,20832
2017-10-03 15:25:00-04:00,45.145,45.17,45.14,45.17,25561
2017-10-03 15:30:00-04:00,45.165,45.22,45.165,45.205,24170
2017-10-03 15:35:00-04:00,45.2,45.23,45.2,45.225,41200
2017-10-03 15:40:00-04:00,45.225,45.26,45.22,45.25,28690
2017-10-03 15:45:00-04:00,45.25,45.26,45.245,45.25,103096
2017-10-03 15:50:00-04:00,45.25,45.25,45.18,45.23,45273
2017-10-03 15:55:00-04:00,45.225,45.23,45.145,45.21,118143
2017-10-04 09:30:00-04:00,45.15,45.15,44.97,44.995,12261
2017-10-04 09:35:00-04:00,44.955,45.24,44.94,45.24,11323
2017-10-04 09:40:00-04:00,45.23,45.3,45.19,45.24,8988
2017-10-04 09:45:00-04:00,45.245,45.25,45.175,45.22,8931
2017-10-04 09:50:00-04:00,45.2,45.3,45.195,45.3,13085
2017-10-04 09:55:00-04:00,45.29,45.4,45.28,45.4,14494
2017-10-04 10:00:00-04:00,45.43,45.43,45.18,45.18,10880
2017-10-04 10:05:00-04:00,45.19,45.22,45.12,45.12,9579
2017-10-04 10:10:00-04:00,45.13,45.23,45.09,45.23,21358
2017-10-04 10:15:00-04:00,45.23,45.245,45.11,45.14,6026
2017-10-04 10:20:00-04:00,45.13,45.13,45.085,45.12,7963
2017-10-04 10:25:00-04:00,45.12,45.19,45.12,45.19,6991
2017-10-04 10:30:00-04:00,45.18,45.2,45.1,45.1,5525
2017-10-04 10:35:00-04:00,45.105,45.145,45.09,45.095,15403
2017-10-04 10:40:00-04:00,45.09,45.12,45.07,45.105,21476
2017-10-04 10:45:00-04:00,45.105,45.135,45.095,45.125,39052
2017-10-04 10:50:00-04:00,45.125,45.17,45.12,45.16,15971
2017-10-04 10:55:00-04:00,45.16,45.2,45.16,45.18,24154
2017-10-04 11:00:00-04:00,45.195,45.23,45.17,45.175,7526
2017-10-04 11:05:00-04:00,45.18,45.19,45.16,45.185,8236
2017-10-04 11:10:00-04:00,45.19,45.23,45.19,45.215,18119
2017-10-04 11:15:00-04:00,45.215,45.23,45.205,45.215,8274
2017-10-04 11:20:00-04:00,45.215,45.225,45.195,45.2,4592
2017-10-04 11:25:00-04:00,45.21,45.24,45.21,45.23,4682
2017-10-04 11:30:00-04:00,45.22,45.25,45.215,45.23,7517
2017-10-04 11:35:00-04:00,45.23,45.25,45.22,45.23,6375
2017-10-04 11:40:00-04:00,45.22,45.265,45.22,45.26,7420
2017-10-04 11:45:00-04:00,45.27,45.27,45.255,45.26,11725
2017-10-04 11:50:00-04:00,45.275,45.3,45.26,45.28,6705
2017-10-04 11:55:00-04:00,45.285,45.31,45.28,45.31,4895
2017-10-04 12:00:00-04:00,45.32,45.325,45.305,45.325,10746
2017-10-04 12:05:00-04:00,45.33,45.37,45.33,45.355,11433
2017-10-04 12:10:00-04:00,45.355,45.39,45.355,45.38,6963
2017-10-04 12:15:00-04:00,45.38,45.43,45.37,45.43,7637
2017-10-04 12:20:00-04:00,45.42,45.46,45.415,45.46,3069
2017-10-04 12:25:00-04:00,45.45,45.45,45.4,45.42,4271
2017-10-04 12:30:00-04:00,45.425,45.455,45.42,45.455,6026
2017-10-04 12:35:00-04:00,45.46,45.485,45.455,45.48,3666
2017-10-04 12:40:00-04:00,45.46,45.49,45.45,45.49,7278
2017-10-04 12:45:00-04:00,45.495,45.535,45.49,45.53,4805
2017-10-04 12:50:00-04:00,45.525,45.545,45.5,45.5,6183
2017-10-04 12:55:00-04:00,45.51,45.545,45.51,45.545,3432
2017-10-04 13:00:00-04:00,45.54,45.56,45.53,45.56,7047
2017-10-04 13:05:00-04:00,45.56,45.56,45.52,45.52,5334
2017-10-04 13:10:00-04:00,45.52,45.52,45.48,45.48,2901
2017-10-04 13:15:00-04:00,45.48,45.515,45.47,45.49,8339
2017-10-04 13:20:00-04:00,45.48,45.48,45.435,45.435,6579
2017-10-04 13:25:00-04:00,45.43,45.44,45.42,45.42,4826
2017-10-04 13:30:00-04:00,45.42,45.43,45.375,45.4,9478
2017-10-04 13:35:00-04:00,45.39,45.44,45.39,45.43,14437
2017-10-04 13:40:00-04:00,45.425,45.435,45.395,45.395,8692
2017-10-04 13:45:00-04:00,45.4,45.43,45.39,45.42,7953
2017-10-04 13:50:00-04:00,45.42,45.43,45.41,45.42,3682
2017-10-04 13:55:00-04:00,45.41,45.45,45.405,45.45,11716
2017-10-04 14:00:00-04:00,45.44,45.46,45.435,45.46,12435
2017-10-04 14:05:00-04:00,45.47,45.47,45.425,45.425,7082
2017-10-04 14:10:00-04:00,45.425,45.43,45.38,45.38,8374
2017-10-04 14:15:00-04:00,45.38,45.395,45.37,45.39,6263
2017-10-04 14:20:00-04:00,45.39,45.39,45.37,45.37,5948
2017-10-04 14:25:00-04:00,45.37,45.385,45.365,45.37,8747
2017-10-04 14:30:00-04:00,45.365,45.375,45.345,45.36,9431
2017-10-04 14:35:00-04:00,45.36,45.375,45.35,45.35,11501
2017-10-04 14:40:00-04:00,45.345,45.35,45.31,45.32,13678
2017-10-04 14:45:00-04:00,45.31,45.33,45.3,45.325,5769
2017-10-04 14:50:00-04:00,45.33,45.345,45.32,45.34,13495
2017-10-04 14:55:00-04:00,45.335,45.345,45.33,45.345,27581
2017-10-04 15:00:00-04:00,45.345,45.345,45.34,45.345,31623
2017-10-04 15:05:00-04:00,45.345,45.375,45.33,45.365,48084
2017-10-04 15:10:00-04:00,45.365,45.375,45.36,45.375,34532
2017-10-04 15:15:00-04:00,45.375,45.385,45.37,45.38,20263
2017-10-04 15:20:00-04:00,45.385,45.385,45.36,45.375,30911
2017-10-04 15:25:00-04:00,45.375,45.375,45.36,45.36,25902
2017-10-04 15:30:00-04:00,45.365,45.39,45.34,45.385,19575
2017-10-04 15:35:00-04:00,45.385,45.385,45.37,45.38,42640
2017-10-04 15:40:00-04:00,45.385,45.45,45.385,45.4,35678
2017-10-04 15:45:00-04:00,45.405,45.445,45.4,45.43,35397
2017-10-04 15:50:00-04:00,45.435,45.475,45.435,45.47,31638
2017-10-04 15:55:00-04:00,45.465,45.54,45.465,45.53,65276
2017-10-05 09:30:00-04:00,45.51,45.665,45.51,45.65,7296
2017-10-05 09:35:00-04:00,45.65,45.69,45.64,45.67,3635
2017-10-05 09:40:00-04:00,45.68,45.69,45.62,45.62,2618
2017-10-05 09:45:00-04:00,45.63,45.675,45.62,45.675,5098
2017-10-05 09:50:00-04:00,45.68,45.69,45.67,45.69,4548
2017-10-05 09:55:00-04:00,45.69,45.74,45.69,45.72,5468
2017-10-05 10:00:00-04:00,45.72,45.72,45.67,45.67,5412
2017-10-05 10:05:00-04:00,45.65,45.65,45.6,45.6,5215
2017-10-05 10:10:00-04:00,45.61,45.635,45.59,45.59,5057
2017-10-05 10:15:00-04:00,45.58,45.6,45.565,45.57,4760
2017-10-05 10:20:00-04:00,45.57,45.6,45.57,45.6,3527
2017-10-05 10:25:00-04:00,45.61,45.62,45.59,45.6,6154
2017-10-05 10:30:00-04:00,45.6,45.63,45.57,45.63,6111
2017-10-05 10:35:00-04:00,45.63,45.66,45.625,45.655,7764
2017-10-05 10:40:00-04:00,45.66,45.66,45.625,45.645,9132
2017-10-05 10:45:00-04:00,45.645,45.67,45.645,45.65,6022
2017-10-05 10:50:00-04:00,45.65,45.66,45.645,45.66,3407
2017-10-05 10:55:00-04:00,45.655,45.66,45.64,45.655,8061
2017-10-05 11:00:00-04:00,45.66,45.68,45.66,45.665,4141
2017-10-05 11:05:00-04:00,45.66,45.68,45.66,45.68,3181
2017-10-05 11:10:00-04:00,45.68,45.69,45.67,45.675,4060
2017-10-05 11:15:00-04:00,45.67,45.68,45.665,45.665,4395
2017-10-05 11:20:00-04:00,45.665,45.665,45.63,45.63,10258
2017-10-05 11:25:00-04:00,45.63,45.65,45.63,45.65,5175
2017-10-05 11:30:00-04:00,45.645,45.65,45.625,45.625,4250
2017-10-05 11:35:00-04:00,45.615,45.63,45.6,45.62,3794
2017-10-05 11:40:00-04:00,45.62,45.64,45.62,45.64,1902
2017-10-05 11:45:00-04:00,45.64,45.68,45.635,45.68,3884
2017-10-05 11:50:00-04:00,45.685,45.685,45.66,45.66,2177
2017-10-05 11:55:00-04:00,45.65,45.67,45.61,45.66,6692
2017-10-05 12:00:00-04:00,45.68,45.7,45.67,45.7,2620
2017-10-05 12:05:00-04:00,45.71,45.71,45.64,45.65,5532
2017-10-05 12:10:00-04:00,45.645,45.67,45.645,45.665,2051
2017-10-05 12:15:00-04:00,45.665,45.665,45.615,45.64,4690
2017-10-05 12:20:00-04:00,45.65,45.66,45.65,45.66,1830
2017-10-05 12:25:00-04:00,45.665,45.68,45.66,45.66,2704
2017-10-05 12:30:00-04:00,45.661,45.685,45.66,45.685,4448
2017-10-05 12:35:00-04:00,45.685,45.7,45.67,45.675,18160
2017-10-05 12:40:00-04:00,45.68,45.69,45.68,45.685,4121
2017-10-05 12:45:00-04:00,45.685,45.685,45.62,45.62,8182
2017-10-05 12:50:00-04:00,45.61,45.615,45.535,45.54,5568
2017-10-05 12:55:00-04:00,45.54,45.575,45.525,45.525,22428
2017-10-05 13:00:00-04:00,45.55,45.59,45.55,45.58,3918
2017-10-05 13:05:00-04:00,45.58,45.63,45.58,45.63,1930
2017-10-05 13:10:00-04:00,45.63,45.64,45.615,45.62,2898
2017-10-05 13:15:00-04:00,45.605,45.61,45.575,45.585,5749
2017-10-05 13:20:00-04:00,45.58,45.58,45.555,45.555,5500
2017-10-05 13:25:00-04:00,45.56,45.58,45.555,45.58,5101
2017-10-05 13:30:00-04:00,45.59,45.59,45.57,45.57,4703
2017-10-05 13:35:00-04:00,45.58,45.61,45.58,45.59,4415
2017-10-05 13:40:00-04:00,45.59,45.595,45.57,45.59,4065
2017-10-05 13:45:00-04:00,45.6,45.62,45.6,45.62,4311
2017-10-05 13:50:00-04:00,45.62,45.62,45.605,45.62,7207
2017-10-05 13:55:00-04:00,45.615,45.64,45.61,45.64,3330
2017-10-05 14:00:00-04:00,45.63,45.635,45.585,45.585,5048
2017-10-05 14:05:00-04:00,45.59,45.61,45.59,45.61,2304
2017-10-05 14:10:00-04:00,45.61,45.615,45.6,45.615,4085
2017-10-05 14:15:00-04:00,45.615,45.62,45.59,45.6,7973
2017-10-05 14:20:00-04:00,45.61,45.61,45.59,45.59,95210
2017-10-05 14:25:00-04:00,45.585,45.59,45.58,45.58,1900
2017-10-05 14:30:00-04:00,45.58,45.58,45.56,45.56,5344
2017-10-05 14:35:00-04:00,45.565,45.565,45.55,45.56,5409
2017-10-05 14:40:00-04:00,45.57,45.575,45.54,45.56,9742
2017-10-05 14:45:00-04:00,45.565,45.57,45.56,45.565,2885
2017-10-05 14:50:00-04:00,45.565,45.565,45.54,45.54,4547
2017-10-05 14:55:00-04:00,45.545,45.56,45.54,45.555,4033
2017-10-05 15:00:00-04:00,45.56,45.595,45.56,45.58,6116
2017-10-05 15:05:00-04:00,45.58,45.59,45.575,45.59,12340
2017-10-05 15:10:00-04:00,45.585,45.62,45.58,45.61,7975
2017-10-05 15:15:00-04:00,45.61,45.65,45.61,45.64,9505
2017-10-05 15:20:00-04:00,45.64,45.64,45.625,45.635,10216
2017-10-05 15:25:00-04:00,45.64,45.655,45.61,45.61,11402
2017-10-05 15:30:00-04:00,45.605,45.605,45.53,45.53,11097
2017-10-05 15:35:00-04:00,45.535,45.58,45.51,45.58,14571
2017-10-05 15:40:00-04:00,45.575,45.62,45.565,45.615,24048
2017-10-05 15:45:00-04:00,45.61,45.615,45.52,45.52,32163
2017-10-05 15:50:00-04:00,45.52,45.56,45.5,45.52,51145
2017-10-05 15:55:00-04:00,45.52,45.57,45.515,45.52,107604
2017-10-06 09:30:00-04:00,45.41,45.49,45.41,45.47,1818
2017-10-06 09:35:00-04:00,45.47,45.48,45.42,45.48,2198
2017-10-06 09:40:00-04:00,45.465,45.47,45.43,45.445,1948
2017-10-06 09:45:00-04:00,45.43,45.48,45.415,45.48,4819
2017-10-06 09:50:00-04:00,45.47,45.48,45.425,45.45,3921
2017-10-06 09:55:00-04:00,45.44,45.46,45.43,45.46,2208
2017-10-06 10:00:00-04:00,45.46,45.46,45.4,45.4,3533
2017-10-06 10:05:00-04:00,45.39,45.42,45.39,45.42,4598
2017-10-06 10:10:00-04:00,45.41,45.43,45.41,45.42,2481
2017-10-06 10:15:00-04:00,45.42,45.42,45.405,45.41,4543
2017-10-06 10:20:00-04:00,45.41,45.43,45.4,45.43,2816
2017-10-06 10:25:00-04:00,45.43,45.43,45.415,45.425,3721
2017-10-06 10:30:00-04:00,45.43,45.43,45.41,45.42,3331
2017-10-06 10:35:00-04:00,45.425,45.44,45.415,45.42,5747
2017-10-06 10:40:00-04:00,45.43,45.43,45.4,45.42,3280
2017-10-06 10:45:00-04:00,45.42,45.43,45.4,45.4,3160
2017-10-06 10:50:00-04:00,45.39,45.41,45.38,45.38,3644
2017-10-06 10:55:00-04:00,45.39,45.43,45.375,45.43,1623
2017-10-06 11:00:00-04:00,45.425,45.425,45.41,45.42,3439
2017-10-06 11:05:00-04:00,45.42,45.42,45.4,45.41,4060
2017-10-06 11:10:00-04:00,45.41,45.42,45.41,45.42,2115
2017-10-06 11:15:00-04:00,45.41,45.41,45.38,45.38,5275
2017-10-06 11:20:00-04:00,45.36,45.37,45.35,45.37,5684
2017-10-06 11:25:00-04:00,45.36,45.37,45.35,45.37,3103
2017-10-06 11:30:00-04:00,45.37,45.38,45.37,45.37,2629
2017-10-06 11:35:00-04:00,45.361,45.365,45.345,45.36,2490
2017-10-06 11:40:00-04:00,45.36,45.37,45.35,45.35,2789
2017-10-06 11:45:00-04:00,45.355,45.37,45.355,45.365,1569
2017-10-06 11:50:00-04:00,45.375,45.39,45.37,45.385,3426
2017-10-06 11:55:00-04:00,45.385,45.395,45.37,45.38,2224
2017-10-06 12:00:00-04:00,45.375,45.405,45.375,45.405,1545
2017-10-06 12:05:00-04:00,45.4,45.4,45.39,45.4,1814
2017-10-06 12:10:00-04:00,45.39,45.39,45.36,45.37,3106
2017-10-06 12:15:00-04:00,45.37,45.37,45.35,45.355,2832
2017-10-06 12:20:00-04:00,45.36,45.36,45.34,45.35,1827
2017-10-06 12:25:00-04:00,45.35,45.35,45.32,45.345,3864
2017-10-06 12:30:00-04:00,45.345,45.35,45.32,45.32,2945
2017-10-06 12:35:00-04:00,45.325,45.35,45.325,45.35,506
2017-10-06 12:40:00-04:00,45.355,45.365,45.35,45.351,3608
2017-10-06 12:45:00-04:00,45.35,45.35,45.335,45.35,1450
2017-10-06 12:50:00-04:00,45.35,45.35,45.34,45.35,4150
2017-10-06 12:55:00-04:00,45.35,45.37,45.34,45.37,1857
2017-10-06 13:00:00-04:00,45.365,45.39,45.365,45.39,5303
2017-10-06 13:05:00-04:00,45.385,45.405,45.385,45.395,3363
2017-10-06 13:10:00-04:00,45.39,45.395,45.38,45.395,2857
2017-10-06 13:15:00-04:00,45.4,45.405,45.385,45.39,2971
2017-10-06 13:20:00-04:00,45.4,45.41,45.38,45.38,2201
2017-10-06 13:25:00-04:00,45.38,45.39,45.38,45.39,844
2017-10-06 13:30:00-04:00,45.39,45.405,45.39,45.4,2635
2017-10-06 13:35:00-04:00,45.4,45.4,45.39,45.4,2987
2017-10-06 13:40:00-04:00,45.4,45.4,45.385,45.385,5437
2017-10-06 13:45:00-04:00,45.385,45.385,45.34,45.34,4855
2017-10-06 13:50:00-04:00,45.345,45.365,45.345,45.36,3446
2017-10-06 13:55:00-04:00,45.365,45.365,45.355,45.36,4474
2017-10-06 14:00:00-04:00,45.38,45.385,45.37,45.37,1512
2017-10-06 14:05:00-04:00,45.37,45.385,45.37,45.375,3982
2017-10-06 14:10:00-04:00,45.375,45.375,45.33,45.33,5907
2017-10-06 14:15:00-04:00,45.33,45.345,45.325,45.345,3701
2017-10-06 14:20:00-04:00,45.345,45.345,45.33,45.34,2143
2017-10-06 14:25:00-04:00,45.35,45.36,45.345,45.355,5438
2017-10-06 14:30:00-04:00,45.36,45.365,45.34,45.345,4570
2017-10-06 14:35:00-04:00,45.355,45.37,45.34,45.37,1760
2017-10-06 14:40:00-04:00,45.37,45.38,45.365,45.38,684
2017-10-06 14:45:00-04:00,45.385,45.385,45.36,45.36,3841
2017-10-06 14:50:00-04:00,45.36,45.37,45.36,45.365,4864
2017-10-06 14:55:00-04:00,45.37,45.37,45.36,45.365,9491
2017-10-06 15:00:00-04:00,45.361,45.361,45.36,45.36,1644
2017-10-06 15:05:00-04:00,45.355,45.36,45.355,45.36,2458
2017-10-06 15:10:00-04:00,45.355,45.36,45.35,45.355,2912
2017-10-06 15:15:00-04:00,45.36,45.4,45.36,45.4,5219
2017-10-06 15:20:00-04:00,45.39,45.44,45.39,45.44,9321
2017-10-06 15:25:00-04:00,45.44,45.465,45.435,45.465,5831
2017-10-06 15:30:00-04:00,45.465,45.48,45.455,45.46,7177
2017-10-06 15:35:00-04:00,45.46,45.47,45.45,45.455,5883
2017-10-06 15:40:00-04:00,45.455,45.47,45.445,45.46,7120
2017-10-06 15:45:00-04:00,45.475,45.515,45.475,45.48,10746
2017-10-06 15:50:00-04:00,45.475,45.475,45.43,45.43,13379
2017-10-06 15:55:00-04:00,45.435,45.5,45.43,45.48,41791
2017-10-09 09:30:00-04:00,45.57,45.575,45.52,45.56,2650
2017-10-09 09:35:00-04:00,45.55,45.59,45.515,45.52,5256
2017-10-09 09:40:00-04:00,45.51,45.51,45.36,45.36,9134
2017-10-09 09:45:00-04:00,45.36,45.51,45.34,45.51,4409
2017-10-09 09:50:00-04:00,45.53,45.535,45.45,45.475,4821
2017-10-09 09:55:00-04:00,45.48,45.49,45.42,45.42,2585
2017-10-09 10:00:00-04:00,45.415,45.445,45.39,45.445,6227
2017-10-09 10:05:00-04:00,45.45,45.48,45.45,45.47,4035
2017-10-09 10:10:00-04:00,45.48,45.495,45.46,45.49,2260
2017-10-09 10:15:00-04:00,45.5,45.5,45.48,45.49,1850
2017-10-09 10:20:00-04:00,45.48,45.52,45.48,45.5,1775
2017-10-09 10:25:00-04:00,45.48,45.5,45.465,45.5,1470
2017-10-09 10:30:00-04:00,45.505,45.53,45.49,45.53,3294
2017-10-09 10:35:00-04:00,45.54,45.54,45.53,45.535,2620
2017-10-09 10:40:00-04:00,45.54,45.54,45.51,45.51,3275
2017-10-09 10:45:00-04:00,45.515,45.52,45.51,45.52,900
2017-10-09 10:50:00-04:00,45.51,45.525,45.51,45.525,1327
2017-10-09 10:55:00-04:00,45.52,45.54,45.52,45.535,635
2017-10-09 11:00:00-04:00,45.53,45.53,45.5,45.505,3476
2017-10-09 11:05:00-04:00,45.51,45.51,45.51,45.51,1500
2017-10-09 11:10:00-04:00,45.51,45.535,45.51,45.53,3800
2017-10-09 11:15:00-04:00,45.53,45.535,45.52,45.52,1640
2017-10-09 11:20:00-04:00,45.53,45.53,45.52,45.52,1629
2017-10-09 11:25:00-04:00,45.52,45.525,45.51,45.51,4974
2017-10-09 11:30:00-04:00,45.51,45.51,45.5,45.505,991
2017-10-09 11:35:00-04:00,45.5,45.5,45.48,45.48,3309
2017-10-09 11:40:00-04:00,45.485,45.5,45.46,45.48,4926
2017-10-09 11:45:00-04:00,45.475,45.5,45.475,45.5,1308
2017-10-09 11:50:00-04:00,45.49,45.505,45.49,45.5,1902
2017-10-09 11:55:00-04:00,45.51,45.52,45.5,45.52,1500
2017-10-09 12:00:00-04:00,45.52,45.53,45.52,45.53,771
2017-10-09 12:05:00-04:00,45.545,45.545,45.52,45.52,4497
2017-10-09 12:10:00-04:00,45.52,45.54,45.52,45.53,1468
2017-10-09 12:15:00-04:00,45.53,45.56,45.53,45.56,2057
2017-10-09 12:20:00-04:00,45.535,45.55,45.53,45.55,1907
2017-10-09 12:25:00-04:00,45.53,45.535,45.52,45.53,2772
2017-10-09 12:30:00-04:00,45.53,45.53,45.53,45.53,1305
2017-10-09 12:35:00-04:00,45.531,45.54,45.51,45.51,1534
2017-10-09 12:40:00-04:00,45.52,45.54,45.515,45.53,4593
2017-10-09 12:45:00-04:00,45.54,45.57,45.54,45.57,3460
2017-10-09 12:50:00-04:00,45.57,45.57,45.55,45.56,2881
2017-10-09 12:55:00-04:00,45.59,45.59,45.565,45.565,3121
2017-10-09 13:00:00-04:00,45.58,45.58,45.58,45.58,748
2017-10-09 13:05:00-04:00,45.59,45.59,45.575,45.581,2400
2017-10-09 13:10:00-04:00,45.59,45.6,45.585,45.6,967
2017-10-09 13:15:00-04:00,45.6,45.61,45.59,45.6,2880
2017-10-09 13:20:00-04:00,45.6,45.63,45.6,45.63,1712
2017-10-09 13:25:00-04:00,45.63,45.641,45.605,45.605,3566
2017-10-09 13:30:00-04:00,45.61,45.61,45.6,45.605,2100
2017-10-09 13:35:00-04:00,45.6,45.61,45.58,45.58,6415
2017-10-09 13:40:00-04:00,45.575,45.59,45.575,45.585,2200
2017-10-09 13:45:00-04:00,45.585,45.6,45.585,45.6,1800
2017-10-09 13:50:00-04:00,45.59,45.6,45.58,45.58,2128
2017-10-09 13:55:00-04:00,45.58,45.58,45.57,45.57,1000
2017-10-09 14:00:00-04:00,45.575,45.58,45.57,45.57,1718
2017-10-09 14:05:00-04:00,45.57,45.58,45.57,45.57,1600
2017-10-09 14:10:00-04:00,45.575,45.585,45.55,45.55,2800
2017-10-09 14:15:00-04:00,45.55,45.56,45.5,45.5,4702
2017-10-09 14:20:00-04:00,45.49,45.5,45.49,45.5,3053
2017-10-09 14:25:00-04:00,45.51,45.51,45.495,45.51,930
2017-10-09 14:30:00-04:00,45.5,45.5,45.47,45.47,3035
2017-10-09 14:35:00-04:00,45.465,45.47,45.455,45.47,3542
2017-10-09 14:40:00-04:00,45.49,45.49,45.46,45.47,1210
2017-10-09 14:45:00-04:00,45.47,45.47,45.45,45.45,657
2017-10-09 14:50:00-04:00,45.45,45.46,45.45,45.455,1910
2017-10-09 14:55:00-04:00,45.45,45.46,45.45,45.46,1751
2017-10-09 15:00:00-04:00,45.46,45.47,45.43,45.44,2743
2017-10-09 15:05:00-04:00,45.43,45.43,45.41,45.41,2090
2017-10-09 15:10:00-04:00,45.41,45.42,45.41,45.41,3223
2017-10-09 15:15:00-04:00,45.42,45.455,45.42,45.445,2366
2017-10-09 15:20:00-04:00,45.445,45.445,45.43,45.43,3207
2017-10-09 15:25:00-04:00,45.43,45.43,45.42,45.425,4201
2017-10-09 15:30:00-04:00,45.42,45.425,45.39,45.41,7055
2017-10-09 15:35:00-04:00,45.41,45.42,45.41,45.42,6326
2017-10-09 15:40:00-04:00,45.42,45.42,45.4,45.41,6746
2017-10-09 15:45:00-04:00,45.4,45.405,45.36,45.365,12176
2017-10-09 15:50:00-04:00,45.365,45.41,45.36,45.4,6128
2017-10-09 15:55:00-04:00,45.39,45.41,45.37,45.38,21873
2017-10-10 09:30:00-04:00,45.56,45.6,45.525,45.57,4072
2017-10-10 09:35:00-04:00,45.57,45.64,45.56,45.64,5980
2017-10-10 09:40:00-04:00,45.69,45.78,45.69,45.77,8794
2017-10-10 09:45:00-04:00,45.78,45.84,45.77,45.81,5977
2017-10-10 09:50:00-04:00,45.82,45.85,45.82,45.85,5813
2017-10-10 09:55:00-04:00,45.85,45.86,45.82,45.825,5435
2017-10-10 10:00:00-04:00,45.82,45.82,45.77,45.78,5673
2017-10-10 10:05:00-04:00,45.78,45.78,45.71,45.71,4149
2017-10-10 10:10:00-04:00,45.72,45.73,45.68,45.68,2375
2017-10-10 10:15:00-04:00,45.69,45.7,45.68,45.68,4547
2017-10-10 10:20:00-04:00,45.68,45.7,45.65,45.7,4973
2017-10-10 10:25:00-04:00,45.7,45.7,45.65,45.66,4188
2017-10-10 10:30:00-04:00,45.65,45.66,45.61,45.655,5528
2017-10-10 10:35:00-04:00,45.65,45.66,45.58,45.62,4848
2017-10-10 10:40:00-04:00,45.61,45.63,45.57,45.605,6038
2017-10-10 10:45:00-04:00,45.605,45.63,45.6,45.615,2900
2017-10-10 10:50:00-04:00,45.615,45.635,45.61,45.62,4625
2017-10-10 10:55:00-04:00,45.62,45.675,45.62,45.675,4144
2017-10-10 11:00:00-04:00,45.69,45.75,45.69,45.75,3222
2017-10-10 11:05:00-04:00,45.755,45.76,45.73,45.74,6973
2017-10-10 11:10:00-04:00,45.74,45.74,45.7,45.705,2795
2017-10-10 11:15:00-04:00,45.7,45.745,45.7,45.745,2720
2017-10-10 11:20:00-04:00,45.74,45.74,45.72,45.72,1843
2017-10-10 11:25:00-04:00,45.73,45.73,45.67,45.67,2547
2017-10-10 11:30:00-04:00,45.67,45.72,45.67,45.705,1938
2017-10-10 11:35:00-04:00,45.71,45.71,45.675,45.675,1383
2017-10-10 11:40:00-04:00,45.69,45.695,45.69,45.69,1130
2017-10-10 11:45:00-04:00,45.69,45.7,45.67,45.695,1160
2017-10-10 11:50:00-04:00,45.7,45.735,45.7,45.73,1481
2017-10-10 11:55:00-04:00,45.72,45.73,45.71,45.71,2193
2017-10-10 12:00:00-04:00,45.71,45.73,45.71,45.73,1804
2017-10-10 12:05:00-04:00,45.74,45.755,45.72,45.75,3879
2017-10-10 12:10:00-04:00,45.74,45.74,45.72,45.72,1401
2017-10-10 12:15:00-04:00,45.73,45.74,45.715,45.725,1702
2017-10-10 12:20:00-04:00,45.725,45.76,45.725,45.76,2919
2017-10-10 12:25:00-04:00,45.765,45.8,45.76,45.79,2024
2017-10-10 12:30:00-04:00,45.8,45.8,45.785,45.785,1201
2017-10-10 12:35:00-04:00,45.79,45.79,45.77,45.78,1689
2017-10-10 12:40:00-04:00,45.78,45.805,45.78,45.805,1118
2017-10-10 12:45:00-04:00,45.81,45.81,45.77,45.775,1926
2017-10-10 12:50:00-04:00,45.77,45.805,45.765,45.8,1801
2017-10-10 12:55:00-04:00,45.79,45.8,45.79,45.79,730
2017-10-10 13:00:00-04:00,45.79,45.79,45.76,45.76,1800
2017-10-10 13:05:00-04:00,45.765,45.77,45.765,45.77,1002
2017-10-10 13:10:00-04:00,45.77,45.79,45.765,45.77,2002
2017-10-10 13:15:00-04:00,45.76,45.77,45.76,45.77,1205
2017-10-10 13:20:00-04:00,45.76,45.76,45.74,45.75,1350
2017-10-10 13:25:00-04:00,45.76,45.77,45.735,45.74,2430
2017-10-10 13:30:00-04:00,45.75,45.755,45.74,45.755,1034
2017-10-10 13:35:00-04:00,45.76,45.76,45.74,45.76,2789
2017-10-10 13:40:00-04:00,45.77,45.77,45.745,45.76,1712
2017-10-10 13:45:00-04:00,45.74,45.78,45.74,45.78,2347
2017-10-10 13:50:00-04:00,45.78,45.795,45.78,45.78,1725
2017-10-10 13:55:00-04:00,45.78,45.79,45.78,45.79,2447
2017-10-10 14:00:00-04:00,45.785,45.805,45.78,45.79,2650
2017-10-10 14:05:00-04:00,45.79,45.79,45.75,45.765,1720
2017-10-10 14:10:00-04:00,45.76,45.78,45.75,45.78,1527
2017-10-10 14:15:00-04:00,45.77,45.775,45.755,45.765,2992
2017-10-10 14:20:00-04:00,45.77,45.78,45.76,45.78,2288
2017-10-10 14:25:00-04:00,45.78,45.78,45.75,45.75,1657
2017-10-10 14:30:00-04:00,45.76,45.77,45.755,45.77,43917
2017-10-10 14:35:00-04:00,45.77,45.785,45.765,45.775,4761
2017-10-10 14:40:00-04:00,45.78,45.78,45.775,45.78,1227
2017-10-10 14:45:00-04:00,45.78,45.78,45.775,45.775,1057
2017-10-10 14:50:00-04:00,45.78,45.8,45.765,45.8,2736
2017-10-10 14:55:00-04:00,45.79,45.81,45.78,45.81,3379
2017-10-10 15:00:00-04:00,45.805,45.81,45.8,45.8,1911
2017-10-10 15:05:00-04:00,45.79,45.8,45.755,45.765,3637
2017-10-10 15:10:00-04:00,45.765,45.79,45.765,45.79,3191
2017-10-10 15:15:00-04:00,45.79,45.82,45.79,45.82,2955
2017-10-10 15:20:00-04:00,45.82,45.83,45.815,45.83,3662
2017-10-10 15:25:00-04:00,45.86,45.865,45.84,45.865,3312
2017-10-10 15:30:00-04:00,45.85,45.88,45.85,45.88,4135
2017-10-10 15:35:00-04:00,45.875,45.89,45.865,45.88,4895
2017-10-10 15:40:00-04:00,45.89,45.89,45.86,45.89,8539
2017-10-10 15:45:00-04:00,45.88,45.89,45.85,45.89,14077
2017-10-10 15:50:00-04:00,45.89,45.9,45.875,45.895,17058
2017-10-10 15:55:00-04:00,45.895,45.895,45.87,45.87,39514
2017-10-11 09:30:00-04:00,45.87,46.0,45.87,45.99,4957
2017-10-11 09:35:00-04:00,46.01,46.09,46.01,46.08,4284
2017-10-11 09:40:00-04:00,46.055,46.055,46.0,46.02,2863
2017-10-11 09:45:00-04:00,46.03,46.08,46.03,46.075,2210
2017-10-11 09:50:00-04:00,46.08,46.09,46.025,46.04,4329
2017-10-11 09:55:00-04:00,46.05,46.05,45.99,46.0,3328
2017-10-11 10:00:00-04:00,46.02,46.02,45.97,45.97,7108
2017-10-11 10:05:00-04:00,45.99,46.0,45.98,45.995,2642
2017-10-11 10:10:00-04:00,46.0,46.04,46.0,46.04,2964
2017-10-11 10:15:00-04:00,46.05,46.085,46.05,46.07,4628
2017-10-11 10:20:00-04:00,46.08,46.095,46.08,46.095,3055
2017-10-11 10:25:00-04:00,46.095,46.095,46.06,46.065,3799
2017-10-11 10:30:00-04:00,46.075,46.1,46.075,46.085,4402
2017-10-11 10:35:00-04:00,46.09,46.14,46.09,46.14,1500
2017-10-11 10:40:00-04:00,46.145,46.15,46.135,46.145,4350
2017-10-11 10:45:00-04:00,46.145,46.145,46.105,46.115,31543
2017-10-11 10:50:00-04:00,46.115,46.14,46.1,46.14,9928
2017-10-11 10:55:00-04:00,46.15,46.15,46.1,46.1,7591
2017-10-11 11:00:00-04:00,46.095,46.125,46.09,46.125,5821
2017-10-11 11:05:00-04:00,46.125,46.13,46.11,46.12,7766
2017-10-11 11:10:00-04:00,46.12,46.14,46.1,46.11,6880
2017-10-11 11:15:00-04:00,46.11,46.135,46.11,46.125,6477
2017-10-11 11:20:00-04:00,46.12,46.13,46.11,46.115,5395
2017-10-11 11:25:00-04:00,46.115,46.14,46.115,46.14,4949
2017-10-11 11:30:00-04:00,46.14,46.14,46.12,46.125,6788
2017-10-11 11:35:00-04:00,46.13,46.14,46.13,46.135,3657
2017-10-11 11:40:00-04:00,46.13,46.16,46.13,46.16,6525
2017-10-11 11:45:00-04:00,46.155,46.16,46.145,46.155,4925
2017-10-11 11:50:00-04:00,46.155,46.17,46.15,46.165,5500
2017-10-11 11:55:00-04:00,46.165,46.175,46.16,46.175,2344
2017-10-11 12:00:00-04:00,46.18,46.195,46.18,46.195,3192
2017-10-11 12:05:00-04:00,46.195,46.2,46.175,46.175,6000
2017-10-11 12:10:00-04:00,46.17,46.18,46.17,46.175,2804
2017-10-11 12:15:00-04:00,46.175,46.18,46.16,46.16,4245
2017-10-11 12:20:00-04:00,46.155,46.17,46.155,46.17,1252
2017-10-11 12:25:00-04:00,46.17,46.17,46.155,46.16,1157
2017-10-11 12:30:00-04:00,46.16,46.16,46.15,46.16,2537
2017-10-11 12:35:00-04:00,46.16,46.17,46.16,46.17,600
2017-10-11 12:40:00-04:00,46.17,46.18,46.165,46.18,2463
2017-10-11 12:45:00-04:00,46.18,46.18,46.15,46.155,3230
2017-10-11 12:50:00-04:00,46.15,46.16,46.145,46.15,1651
2017-10-11 12:55:00-04:00,46.16,46.16,46.15,46.15,1008
2017-10-11 13:00:00-04:00,46.15,46.15,46.14,46.14,1501
2017-10-11 13:05:00-04:00,46.15,46.15,46.115,46.115,1813
2017-10-11 13:10:00-04:00,46.115,46.12,46.11,46.11,1634
2017-10-11 13:15:00-04:00,46.11,46.11,46.09,46.1,4588
2017-10-11 13:20:00-04:00,46.095,46.11,46.09,46.1,2641
2017-10-11 13:25:00-04:00,46.105,46.12,46.1,46.11,2043
2017-10-11 13:30:00-04:00,46.115,46.12,46.1,46.11,1437
2017-10-11 13:35:00-04:00,46.11,46.12,46.11,46.115,1796
2017-10-11 13:40:00-04:00,46.115,46.14,46.115,46.14,1401
2017-10-11 13:45:00-04:00,46.13,46.145,46.13,46.145,1396
2017-10-11 13:50:00-04:00,46.14,46.155,46.12,46.155,3213
2017-10-11 13:55:00-04:00,46.155,46.17,46.115,46.13,2014
2017-10-11 14:00:00-04:00,46.13,46.15,46.13,46.14,2356
2017-10-11 14:05:00-04:00,46.14,46.15,46.12,46.13,1910
2017-10-11 14:10:00-04:00,46.13,46.14,46.105,46.12,1869
2017-10-11 14:15:00-04:00,46.13,46.13,46.105,46.11,3410
2017-10-11 14:20:00-04:00,46.1,46.1,46.06,46.065,4218
2017-10-11 14:25:00-04:00,46.065,46.08,46.06,46.07,1710
2017-10-11 14:30:00-04:00,46.07,46.07,46.06,46.06,1063
2017-10-11 14:35:00-04:00,46.06,46.09,46.06,46.08,1620
2017-10-11 14:40:00-04:00,46.07,46.08,46.06,46.07,2463
2017-10-11 14:45:00-04:00,46.07,46.07,46.06,46.06,1500
2017-10-11 14:50:00-04:00,46.07,46.08,46.06,46.075,2848
2017-10-11 14:55:00-04:00,46.075,46.1,46.07,46.085,3391
2017-10-11 15:00:00-04:00,46.095,46.1,46.085,46.1,2422
2017-10-11 15:05:00-04:00,46.1,46.11,46.09,46.1,3224
2017-10-11 15:10:00-04:00,46.11,46.13,46.1,46.12,3017
2017-10-11 15:15:00-04:00,46.11,46.125,46.1,46.125,2880
2017-10-11 15:20:00-04:00,46.115,46.13,46.11,46.11,3112
2017-10-11 15:25:00-04:00,46.11,46.145,46.105,46.145,3365
2017-10-11 15:30:00-04:00,46.14,46.15,46.13,46.14,4309
2017-10-11 15:35:00-04:00,46.14,46.165,46.135,46.145,6136
2017-10-11 15:40:00-04:00,46.14,46.14,46.12,46.13,5085
2017-10-11 15:45:00-04:00,46.135,46.15,46.12,46.12,12340
2017-10-11 15:50:00-04:00,46.12,46.13,46.11,46.11,17921
2017-10-11 15:55:00-04:00,46.115,46.12,46.075,46.08,66902
2017-10-12 09:30:00-04:00,45.98,46.06,45.95,46.03,1052
2017-10-12 09:35:00-04:00,46.035,46.065,46.035,46.06,3532
2017-10-12 09:40:00-04:00,46.05,46.08,46.0,46.005,5470
2017-10-12 09:45:00-04:00,46.05,46.05,46.035,46.05,1119
2017-10-12 09:50:00-04:00,46.065,46.08,45.99,46.01,5039
2017-10-12 09:55:00-04:00,46.04,46.05,46.02,46.03,3040
2017-10-12 10:00:00-04:00,46.04,46.05,46.03,46.03,1410
2017-10-12 10:05:00-04:00,46.03,46.06,46.03,46.05,2106
2017-10-12 10:10:00-04:00,46.075,46.08,46.01,46.02,2502
2017-10-12 10:15:00-04:00,46.03,46.06,46.03,46.06,1521
2017-10-12 10:20:00-04:00,46.085,46.085,46.05,46.05,1905
2017-10-12 10:25:00-04:00,46.06,46.07,46.055,46.06,2100
2017-10-12 10:30:00-04:00,46.08,46.1,46.08,46.09,1090
2017-10-12 10:35:00-04:00,46.09,46.115,46.085,46.095,6002
2017-10-12 10:40:00-04:00,46.1,46.115,46.1,46.105,1928
2017-10-12 10:45:00-04:00,46.095,46.11,46.085,46.11,3100
2017-10-12 10:50:00-04:00,46.11,46.12,46.1,46.12,2811
2017-10-12 10:55:00-04:00,46.125,46.14,46.11,46.11,3716
2017-10-12 11:00:00-04:00,46.1,46.115,46.085,46.11,6240
2017-10-12 11:05:00-04:00,46.12,46.12,46.095,46.1,3233
2017-10-12 11:10:00-04:00,46.11,46.115,46.1,46.11,2274
2017-10-12 11:15:00-04:00,46.1,46.105,46.09,46.09,1414
2017-10-12 11:20:00-04:00,46.07,46.075,46.06,46.06,3700
2017-10-12 11:25:00-04:00,46.065,46.07,46.045,46.045,3103
2017-10-12 11:30:00-04:00,46.045,46.05,46.045,46.045,58737
2017-10-12 11:35:00-04:00,46.045,46.05,46.015,46.015,3861
2017-10-12 11:40:00-04:00,46.01,46.04,46.01,46.03,7367
2017-10-12 11:45:00-04:00,46.02,46.03,46.0,46.015,8500
2017-10-12 11:50:00-04:00,46.015,46.03,46.015,46.03,6382
2017-10-12 11:55:00-04:00,46.025,46.04,46.025,46.03,2825
2017-10-12 12:00:00-04:00,46.04,46.04,46.03,46.04,3155
2017-10-12 12:05:00-04:00,46.035,46.035,46.02,46.03,3190
2017-10-12 12:10:00-04:00,46.03,46.04,46.02,46.02,2901
2017-10-12 12:15:00-04:00,46.02,46.02,45.985,45.985,2482
2017-10-12 12:20:00-04:00,45.99,45.99,45.97,45.99,1423
2017-10-12 12:25:00-04:00,46.0,46.02,46.0,46.02,1355
2017-10-12 12:30:00-04:00,46.02,46.03,46.02,46.02,1399
2017-10-12 12:35:00-04:00,46.01,46.02,46.0,46.01,1183
2017-10-12 12:40:00-04:00,46.01,46.05,46.01,46.05,720
2017-10-12 12:45:00-04:00,46.05,46.05,46.04,46.05,2698
2017-10-12 12:50:00-04:00,46.045,46.05,46.045,46.045,1651
2017-10-12 12:55:00-04:00,46.045,46.055,46.035,46.04,7172
2017-10-12 13:00:00-04:00,46.05,46.085,46.04,46.085,4307
2017-10-12 13:05:00-04:00,46.09,46.1,46.06,46.06,40618
2017-10-12 13:10:00-04:00,46.06,46.08,46.06,46.07,2206
2017-10-12 13:15:00-04:00,46.065,46.08,46.065,46.08,2620
2017-10-12 13:20:00-04:00,46.07,46.09,46.07,46.08,3580
2017-10-12 13:25:00-04:00,46.09,46.095,46.08,46.09,3444
2017-10-12 13:30:00-04:00,46.09,46.095,46.08,46.09,1685
2017-10-12 13:35:00-04:00,46.09,46.105,46.08,46.09,20490
2017-10-12 13:40:00-04:00,46.09,46.09,46.07,46.08,4289
2017-10-12 13:45:00-04:00,46.08,46.08,46.07,46.08,4475
2017-10-12 13:50:00-04:00,46.08,46.08,46.07,46.08,3259
2017-10-12 13:55:00-04:00,46.07,46.08,46.05,46.07,6492
2017-10-12 14:00:00-04:00,46.075,46.1,46.07,46.1,2521
2017-10-12 14:05:00-04:00,46.09,46.1,46.09,46.095,1662
2017-10-12 14:10:00-04:00,46.095,46.1,46.08,46.1,3814
2017-10-12 14:15:00-04:00,46.09,46.11,46.09,46.1,3052
2017-10-12 14:20:00-04:00,46.1,46.105,46.09,46.095,3012
2017-10-12 14:25:00-04:00,46.09,46.1,46.09,46.09,1828
2017-10-12 14:30:00-04:00,46.09,46.095,46.08,46.09,2801
2017-10-12 14:35:00-04:00,46.09,46.1,46.09,46.1,1036
2017-10-12 14:40:00-04:00,46.11,46.11,46.075,46.1,3205
2017-10-12 14:45:00-04:00,46.09,46.09,46.06,46.06,3094
2017-10-12 14:50:00-04:00,46.08,46.1,46.08,46.09,18923
2017-10-12 14:55:00-04:00,46.09,46.105,46.09,46.09,3091
2017-10-12 15:00:00-04:00,46.09,46.1,46.09,46.095,1928
2017-10-12 15:05:00-04:00,46.09,46.105,46.08,46.085,5753
2017-10-12 15:10:00-04:00,46.08,46.105,46.08,46.09,5053
2017-10-12 15:15:00-04:00,46.09,46.09,46.07,46.085,5396
2017-10-12 15:20:00-04:00,46.085,46.11,46.085,46.11,3566
2017-10-12 15:25:00-04:00,46.105,46.13,46.105,46.11,5030
2017-10-12 15:30:00-04:00,46.11,46.11,46.07,46.07,4999
2017-10-12 15:35:00-04:00,46.075,46.075,46.05,46.065,12116
2017-10-12 15:40:00-04:00,46.07,46.09,46.065,46.08,12388
2017-10-12 15:45:00-04:00,46.075,46.08,46.07,46.075,20914
2017-10-12 15:50:00-04:00,46.075,46.08,46.04,46.08,30563
2017-10-12 15:55:00-04:00,46.075,46.11,46.04,46.11,64271
2017-10-13 09:30:00-04:00,46.24,46.37,46.18,46.36,6491
2017-10-13 09:35:00-04:00,46.355,46.37,46.3,46.37,4895
2017-10-13 09:40:00-04:00,46.37,46.38,46.32,46.37,4175
2017-10-13 09:45:00-04:00,46.34,46.355,46.31,46.31,4415
2017-10-13 09:50:00-04:00,46.32,46.34,46.28,46.28,2607
2017-10-13 09:55:00-04:00,46.28,46.3,46.27,46.28,4049
2017-10-13 10:00:00-04:00,46.28,46.33,46.28,46.33,4550
2017-10-13 10:05:00-04:00,46.32,46.32,46.255,46.26,4953
2017-10-13 10:10:00-04:00,46.27,46.31,46.265,46.29,5093
2017-10-13 10:15:00-04:00,46.295,46.34,46.29,46.33,2846
2017-10-13 10:20:00-04:00,46.32,46.34,46.32,46.32,2200
2017-10-13 10:25:00-04:00,46.32,46.33,46.29,46.33,5354
2017-10-13 10:30:00-04:00,46.32,46.345,46.315,46.34,6408
2017-10-13 10:35:00-04:00,46.36,46.365,46.29,46.29,13479
2017-10-13 10:40:00-04:00,46.295,46.295,46.23,46.23,4241
2017-10-13 10:45:00-04:00,46.23,46.25,46.23,46.24,2446
2017-10-13 10:50:00-04:00,46.24,46.24,46.2,46.22,1943
2017-10-13 10:55:00-04:00,46.23,46.25,46.22,46.22,1458
2017-10-13 11:00:00-04:00,46.225,46.23,46.21,46.21,1444
2017-10-13 11:05:00-04:00,46.2,46.2,46.19,46.19,2469
2017-10-13 11:10:00-04:00,46.2,46.21,46.19,46.2,1014
2017-10-13 11:15:00-04:00,46.2,46.2,46.16,46.18,3890
2017-10-13 11:20:00-04:00,46.19,46.235,46.19,46.235,5413
2017-10-13 11:25:00-04:00,46.235,46.24,46.205,46.205,1546
2017-10-13 11:30:00-04:00,46.21,46.23,46.195,46.23,1746
2017-10-13 11:35:00-04:00,46.235,46.245,46.225,46.245,2327
2017-10-13 11:40:00-04:00,46.235,46.26,46.235,46.26,1226
2017-10-13 11:45:00-04:00,46.26,46.275,46.26,46.275,905
2017-10-13 11:50:00-04:00,46.275,46.285,46.27,46.285,3826
2017-10-13 11:55:00-04:00,46.29,46.31,46.29,46.305,2853
2017-10-13 12:00:00-04:00,46.3,46.31,46.29,46.3,792
2017-10-13 12:05:00-04:00,46.29,46.29,46.285,46.29,1350
2017-10-13 12:10:00-04:00,46.285,46.29,46.265,46.265,2896
2017-10-13 12:15:00-04:00,46.255,46.26,46.24,46.24,793
2017-10-13 12:20:00-04:00,46.25,46.265,46.245,46.255,2033
2017-10-13 12:25:00-04:00,46.27,46.27,46.26,46.265,2673
2017-10-13 12:30:00-04:00,46.265,46.27,46.255,46.27,3378
2017-10-13 12:35:00-04:00,46.265,46.27,46.255,46.255,1849
2017-10-13 12:40:00-04:00,46.25,46.275,46.24,46.275,3126
2017-10-13 12:45:00-04:00,46.275,46.28,46.26,46.27,1691
2017-10-13 12:50:00-04:00,46.265,46.28,46.26,46.26,1907
2017-10-13 12:55:00-04:00,46.265,46.27,46.25,46.26,2484
2017-10-13 13:00:00-04:00,46.27,46.28,46.26,46.27,1323
2017-10-13 13:05:00-04:00,46.26,46.285,46.26,46.28,2914
2017-10-13 13:10:00-04:00,46.27,46.27,46.25,46.25,3702
2017-10-13 13:15:00-04:00,46.25,46.255,46.225,46.235,2905
2017-10-13 13:20:00-04:00,46.235,46.24,46.23,46.235,3407
2017-10-13 13:25:00-04:00,46.23,46.245,46.225,46.24,5879
2017-10-13 13:30:00-04:00,46.23,46.24,46.22,46.22,3341
2017-10-13 13:35:00-04:00,46.23,46.24,46.225,46.235,8739
2017-10-13 13:40:00-04:00,46.245,46.25,46.23,46.235,7506
2017-10-13 13:45:00-04:00,46.235,46.235,46.225,46.225,2782
2017-10-13 13:50:00-04:00,46.225,46.225,46.21,46.215,4975
2017-10-13 13:55:00-04:00,46.21,46.23,46.21,46.22,1953
2017-10-13 14:00:00-04:00,46.22,46.225,46.22,46.225,2270
2017-10-13 14:05:00-04:00,46.225,46.24,46.22,46.23,4672
2017-10-13 14:10:00-04:00,46.23,46.235,46.22,46.23,1552
2017-10-13 14:15:00-04:00,46.225,46.23,46.2,46.22,3039
2017-10-13 14:20:00-04:00,46.23,46.23,46.22,46.22,1120
2017-10-13 14:25:00-04:00,46.23,46.23,46.22,46.23,1835
2017-10-13 14:30:00-04:00,46.23,46.235,46.22,46.23,1870
2017-10-13 14:35:00-04:00,46.23,46.255,46.23,46.25,19795
2017-10-13 14:40:00-04:00,46.23,46.25,46.23,46.235,2546
2017-10-13 14:45:00-04:00,46.235,46.24,46.23,46.23,2242
2017-10-13 14:50:00-04:00,46.22,46.225,46.205,46.205,1141
2017-10-13 14:55:00-04:00,46.21,46.225,46.21,46.22,2714
2017-10-13 15:00:00-04:00,46.23,46.235,46.225,46.23,2974
2017-10-13 15:05:00-04:00,46.23,46.235,46.22,46.22,4146
2017-10-13 15:10:00-04:00,46.235,46.24,46.22,46.23,2746
2017-10-13 15:15:00-04:00,46.23,46.23,46.22,46.22,1100
2017-10-13 15:20:00-04:00,46.23,46.23,46.22,46.23,1180
2017-10-13 15:25:00-04:00,46.23,46.23,46.19,46.205,7022
2017-10-13 15:30:00-04:00,46.2,46.21,46.18,46.185,5720
2017-10-13 15:35:00-04:00,46.185,46.19,46.17,46.19,4348
2017-10-13 15:40:00-04:00,46.185,46.185,46.16,46.18,6147
2017-10-13 15:45:00-04:00,46.17,46.18,46.155,46.16,12120
2017-10-13 15:50:00-04:00,46.165,46.2,46.15,46.2,13190
2017-10-13 15:55:00-04:00,46.19,46.2,46.16,46.185,61646
2017-10-16 09:30:00-04:00,46.16,46.33,46.16,46.32,4629
2017-10-16 09:35:00-04:00,46.33,46.345,46.28,46.335,6147
2017-10-16 09:40:00-04:00,46.32,46.39,46.32,46.32,8497
2017-10-16 09:45:00-04:00,46.31,46.335,46.28,46.31,7500
2017-10-16 09:50:00-04:00,46.32,46.33,46.32,46.33,1320
2017-10-16 09:55:00-04:00,46.33,46.335,46.315,46.335,2043
2017-10-16 10:00:00-04:00,46.33,46.365,46.325,46.365,2520
2017-10-16 10:05:00-04:00,46.37,46.37,46.36,46.36,7275
2017-10-16 10:10:00-04:00,46.36,46.36,46.34,46.34,4237
2017-10-16 10:15:00-04:00,46.335,46.34,46.32,46.34,3178
2017-10-16 10:20:00-04:00,46.345,46.36,46.335,46.36,2940
2017-10-16 10:25:00-04:00,46.35,46.39,46.335,46.385,2993
2017-10-16 10:30:00-04:00,46.38,46.39,46.355,46.38,4220
2017-10-16 10:35:00-04:00,46.385,46.4,46.38,46.385,4442
2017-10-16 10:40:00-04:00,46.39,46.39,46.375,46.38,2038
2017-10-16 10:45:00-04:00,46.38,46.43,46.375,46.43,7273
2017-10-16 10:50:00-04:00,46.425,46.43,46.415,46.415,4968
2017-10-16 10:55:00-04:00,46.41,46.42,46.395,46.41,3355
2017-10-16 11:00:00-04:00,46.415,46.435,46.4,46.435,2626
2017-10-16 11:05:00-04:00,46.435,46.44,46.435,46.435,1600
2017-10-16 11:10:00-04:00,46.44,46.45,46.43,46.43,2246
2017-10-16 11:15:00-04:00,46.43,46.43,46.4,46.41,3623
2017-10-16 11:20:00-04:00,46.41,46.43,46.4,46.43,2306
2017-10-16 11:25:00-04:00,46.44,46.44,46.43,46.44,1249
2017-10-16 11:30:00-04:00,46.43,46.44,46.43,46.44,790
2017-10-16 11:35:00-04:00,46.44,46.44,46.435,46.44,832
2017-10-16 11:40:00-04:00,46.44,46.44,46.435,46.44,748
2017-10-16 11:45:00-04:00,46.45,46.48,46.45,46.47,2900
2017-10-16 11:50:00-04:00,46.48,46.49,46.47,46.47,1634
2017-10-16 11:55:00-04:00,46.47,46.48,46.46,46.48,1828
2017-10-16 12:00:00-04:00,46.47,46.47,46.445,46.46,3105
2017-10-16 12:05:00-04:00,46.465,46.475,46.445,46.46,6707
2017-10-16 12:10:00-04:00,46.47,46.49,46.45,46.47,10331
2017-10-16 12:15:00-04:00,46.48,46.49,46.47,46.48,4400
2017-10-16 12:20:00-04:00,46.47,46.54,46.47,46.53,4786
2017-10-16 12:25:00-04:00,46.54,46.56,46.505,46.55,6629
2017-10-16 12:30:00-04:00,46.555,46.625,46.555,46.61,2060
2017-10-16 12:35:00-04:00,46.6,46.675,46.59,46.675,3044
2017-10-16 12:40:00-04:00,46.675,46.69,46.635,46.67,6976
2017-10-16 12:45:00-04:00,46.665,46.7,46.66,46.685,8436
2017-10-16 12:50:00-04:00,46.69,46.69,46.63,46.64,7189
2017-10-16 12:55:00-04:00,46.65,46.67,46.6,46.625,6501
2017-10-16 13:00:00-04:00,46.63,46.66,46.625,46.64,2407
2017-10-16 13:05:00-04:00,46.64,46.68,46.64,46.64,5691
2017-10-16 13:10:00-04:00,46.64,46.67,46.62,46.67,3246
2017-10-16 13:15:00-04:00,46.66,46.68,46.63,46.68,5600
2017-10-16 13:20:00-04:00,46.68,46.68,46.645,46.66,5819
2017-10-16 13:25:00-04:00,46.65,46.67,46.65,46.66,1921
2017-10-16 13:30:00-04:00,46.66,46.67,46.635,46.655,6844
2017-10-16 13:35:00-04:00,46.67,46.68,46.645,46.655,2877
2017-10-16 13:40:00-04:00,46.65,46.66,46.645,46.66,1970
2017-10-16 13:45:00-04:00,46.65,46.65,46.65,46.65,483
2017-10-16 13:50:00-04:00,46.66,46.67,46.66,46.67,1800
2017-10-16 13:55:00-04:00,46.67,46.67,46.65,46.655,4190
2017-10-16 14:00:00-04:00,46.665,46.725,46.665,46.705,10521
2017-10-16 14:05:00-04:00,46.72,46.75,46.715,46.725,2213
2017-10-16 14:10:00-04:00,46.72,46.74,46.7,46.71,6652
2017-10-16 14:15:00-04:00,46.71,46.71,46.68,46.68,2429
2017-10-16 14:20:00-04:00,46.685,46.695,46.67,46.68,2544
2017-10-16 14:25:00-04:00,46.68,46.7,46.68,46.7,800
2017-10-16 14:30:00-04:00,46.69,46.7,46.68,46.7,2834
2017-10-16 14:35:00-04:00,46.71,46.715,46.695,46.71,3671
2017-10-16 14:40:00-04:00,46.705,46.725,46.695,46.695,5505
2017-10-16 14:45:00-04:00,46.7,46.71,46.69,46.695,2866
2017-10-16 14:50:00-04:00,46.69,46.69,46.685,46.69,2912
2017-10-16 14:55:00-04:00,46.7,46.71,46.7,46.71,801
2017-10-16 15:00:00-04:00,46.71,46.72,46.69,46.71,5825
2017-10-16 15:05:00-04:00,46.705,46.71,46.705,46.705,1702
2017-10-16 15:10:00-04:00,46.7,46.71,46.7,46.71,2288
2017-10-16 15:15:00-04:00,46.7,46.71,46.7,46.7,4385
2017-10-16 15:20:00-04:00,46.71,46.73,46.7,46.705,13488
2017-10-16 15:25:00-04:00,46.7,46.71,46.675,46.68,17811
2017-10-16 15:30:00-04:00,46.685,46.705,46.68,46.69,12370
2017-10-16 15:35:00-04:00,46.69,46.695,46.67,46.695,13331
2017-10-16 15:40:00-04:00,46.69,46.7,46.685,46.695,5115
2017-10-16 15:45:00-04:00,46.69,46.7,46.69,46.69,11411
2017-10-16 15:50:00-04:00,46.695,46.71,46.65,46.65,18334
2017-10-16 15:55:00-04:00,46.65,46.67,46.62,46.625,52071
2017-10-17 09:30:00-04:00,46.51,46.62,46.49,46.51,2210
2017-10-17 09:35:00-04:00,46.52,46.56,46.51,46.535,1537
2017-10-17 09:40:00-04:00,46.53,46.57,46.48,46.48,3309
2017-10-17 09:45:00-04:00,46.525,46.525,46.48,46.51,1944
2017-10-17 09:50:00-04:00,46.53,46.53,46.505,46.51,5365
2017-10-17 09:55:00-04:00,46.51,46.52,46.495,46.5,12847
2017-10-17 10:00:00-04:00,46.505,46.51,46.445,46.46,8929
2017-10-17 10:05:00-04:00,46.46,46.48,46.435,46.46,27969
2017-10-17 10:10:00-04:00,46.46,46.49,46.445,46.445,13137
2017-10-17 10:15:00-04:00,46.445,46.46,46.445,46.46,8411
2017-10-17 10:20:00-04:00,46.45,46.47,46.41,46.41,6467
2017-10-17 10:25:00-04:00,46.42,46.42,46.38,46.38,3629
2017-10-17 10:30:00-04:00,46.38,46.38,46.35,46.36,3847
2017-10-17 10:35:00-04:00,46.36,46.36,46.315,46.35,13393
2017-10-17 10:40:00-04:00,46.355,46.37,46.335,46.35,8717
2017-10-17 10:45:00-04:00,46.36,46.39,46.355,46.365,6783
2017-10-17 10:50:00-04:00,46.36,46.37,46.35,46.37,6689
2017-10-17 10:55:00-04:00,46.37,46.37,46.33,46.33,5225
2017-10-17 11:00:00-04:00,46.325,46.37,46.325,46.37,2876
2017-10-17 11:05:00-04:00,46.37,46.385,46.36,46.37,5151
2017-10-17 11:10:00-04:00,46.38,46.42,46.38,46.4,4208
2017-10-17 11:15:00-04:00,46.41,46.445,46.4,46.445,2708
2017-10-17 11:20:00-04:00,46.46,46.46,46.44,46.44,5380
2017-10-17 11:25:00-04:00,46.44,46.47,46.44,46.46,3504
2017-10-17 11:30:00-04:00,46.46,46.46,46.41,46.41,10783
2017-10-17 11:35:00-04:00,46.425,46.43,46.405,46.41,4157
2017-10-17 11:40:00-04:00,46.43,46.45,46.42,46.44,4597
2017-10-17 11:45:00-04:00,46.43,46.43,46.42,46.42,3151
2017-10-17 11:50:00-04:00,46.43,46.43,46.41,46.42,4234
2017-10-17 11:55:00-04:00,46.42,46.42,46.4,46.4,2480
2017-10-17 12:00:00-04:00,46.395,46.395,46.375,46.385,4430
2017-10-17 12:05:00-04:00,46.39,46.39,46.375,46.38,5297
2017-10-17 12:10:00-04:00,46.385,46.39,46.37,46.375,3410
2017-10-17 12:15:00-04:00,46.37,46.38,46.365,46.38,4929
2017-10-17 12:20:00-04:00,46.38,46.39,46.36,46.365,4628
2017-10-17 12:25:00-04:00,46.355,46.39,46.355,46.39,3633
2017-10-17 12:30:00-04:00,46.38,46.39,46.38,46.39,2683
2017-10-17 12:35:00-04:00,46.4,46.405,46.39,46.39,2292
2017-10-17 12:40:00-04:00,46.4,46.4,46.38,46.38,1437
2017-10-17 12:45:00-04:00,46.38,46.39,46.38,46.39,2216
2017-10-17 12:50:00-04:00,46.38,46.39,46.37,46.37,4474
2017-10-17 12:55:00-04:00,46.37,46.4,46.365,46.4,5562
2017-10-17 13:00:00-04:00,46.4,46.4,46.38,46.38,3401
2017-10-17 13:05:00-04:00,46.38,46.385,46.37,46.37,1817
2017-10-17 13:10:00-04:00,46.37,46.39,46.37,46.39,1982
2017-10-17 13:15:00-04:00,46.4,46.4,46.375,46.375,3710
2017-10-17 13:20:00-04:00,46.375,46.38,46.345,46.345,4560
2017-10-17 13:25:00-04:00,46.345,46.35,46.34,46.345,5732
2017-10-17 13:30:00-04:00,46.345,46.36,46.34,46.35,5645
2017-10-17 13:35:00-04:00,46.36,46.36,46.35,46.355,3079
2017-10-17 13:40:00-04:00,46.35,46.36,46.33,46.35,6152
2017-10-17 13:45:00-04:00,46.36,46.37,46.36,46.37,1427
2017-10-17 13:50:00-04:00,46.38,46.39,46.38,46.39,2510
2017-10-17 13:55:00-04:00,46.39,46.41,46.39,46.41,3900
2017-10-17 14:00:00-04:00,46.41,46.41,46.37,46.375,8103
2017-10-17 14:05:00-04:00,46.375,46.38,46.35,46.35,4999
2017-10-17 14:10:00-04:00,46.35,46.35,46.33,46.34,3746
2017-10-17 14:15:00-04:00,46.34,46.35,46.33,46.35,2745
2017-10-17 14:20:00-04:00,46.345,46.35,46.34,46.345,2184
2017-10-17 14:25:00-04:00,46.35,46.36,46.35,46.35,2823
2017-10-17 14:30:00-04:00,46.36,46.39,46.355,46.385,5427
2017-10-17 14:35:00-04:00,46.38,46.4,46.37,46.4,9184
2017-10-17 14:40:00-04:00,46.39,46.415,46.39,46.41,4565
2017-10-17 14:45:00-04:00,46.405,46.42,46.405,46.41,4031
2017-10-17 14:50:00-04:00,46.41,46.43,46.395,46.42,11675
2017-10-17 14:55:00-04:00,46.425,46.425,46.405,46.42,5703
2017-10-17 15:00:00-04:00,46.43,46.44,46.43,46.44,4786
2017-10-17 15:05:00-04:00,46.44,46.46,46.435,46.46,4725
2017-10-17 15:10:00-04:00,46.455,46.455,46.42,46.42,8239
2017-10-17 15:15:00-04:00,46.42,46.44,46.42,46.44,9780
2017-10-17 15:20:00-04:00,46.44,46.45,46.43,46.445,10272
2017-10-17 15:25:00-04:00,46.45,46.47,46.43,46.47,12597
2017-10-17 15:30:00-04:00,46.47,46.47,46.44,46.44,10515
2017-10-17 15:35:00-04:00,46.44,46.48,46.44,46.475,11305
2017-10-17 15:40:00-04:00,46.48,46.485,46.45,46.455,12606
2017-10-17 15:45:00-04:00,46.46,46.485,46.455,46.48,19613
2017-10-17 15:50:00-04:00,46.485,46.51,46.485,46.51,17321
2017-10-17 15:55:00-04:00,46.51,46.52,46.48,46.52,48996
2017-10-18 09:10:00-04:00,46.41,46.41,46.41,46.41,100
2017-10-18 09:30:00-04:00,46.43,46.49,46.4,46.4,1759
2017-10-18 09:35:00-04:00,46.42,46.47,46.36,46.38,4907
2017-10-18 09:40:00-04:00,46.33,46.34,46.32,46.34,1820
2017-10-18 09:45:00-04:00,46.35,46.36,46.315,46.315,1850
2017-10-18 09:50:00-04:00,46.355,46.37,46.335,46.365,2700
2017-10-18 09:55:00-04:00,46.365,46.365,46.33,46.335,1885
2017-10-18 10:00:00-04:00,46.33,46.34,46.31,46.31,2910
2017-10-18 10:05:00-04:00,46.33,46.38,46.33,46.365,2274
2017-10-18 10:10:00-04:00,46.365,46.41,46.36,46.395,2290
2017-10-18 10:15:00-04:00,46.39,46.39,46.35,46.35,3050
2017-10-18 10:20:00-04:00,46.35,46.365,46.34,46.35,2900
2017-10-18 10:25:00-04:00,46.36,46.36,46.26,46.26,1889
2017-10-18 10:30:00-04:00,46.25,46.28,46.25,46.28,1400
2017-10-18 10:35:00-04:00,46.285,46.31,46.28,46.305,3448
2017-10-18 10:40:00-04:00,46.295,46.32,46.295,46.32,1648
2017-10-18 10:45:00-04:00,46.33,46.345,46.32,46.34,2647
2017-10-18 10:50:00-04:00,46.34,46.36,46.34,46.355,800
2017-10-18 10:55:00-04:00,46.35,46.37,46.35,46.37,1589
2017-10-18 11:00:00-04:00,46.37,46.375,46.36,46.37,1946
2017-10-18 11:05:00-04:00,46.38,46.38,46.37,46.37,800
2017-10-18 11:10:00-04:00,46.365,46.435,46.365,46.435,4220
2017-10-18 11:15:00-04:00,46.42,46.43,46.415,46.425,1916
2017-10-18 11:20:00-04:00,46.425,46.44,46.42,46.425,3862
2017-10-18 11:25:00-04:00,46.43,46.44,46.42,46.42,2547
2017-10-18 11:30:00-04:00,46.43,46.435,46.415,46.42,1936
2017-10-18 11:35:00-04:00,46.43,46.445,46.43,46.445,1016
2017-10-18 11:40:00-04:00,46.44,46.46,46.44,46.46,1202
2017-10-18 11:45:00-04:00,46.465,46.47,46.465,46.47,301
2017-10-18 11:50:00-04:00,46.465,46.48,46.465,46.48,1608
2017-10-18 11:55:00-04:00,46.48,46.48,46.46,46.465,1093
2017-10-18 12:00:00-04:00,46.465,46.465,46.45,46.455,952
2017-10-18 12:05:00-04:00,46.455,46.455,46.43,46.44,1310
2017-10-18 12:10:00-04:00,46.435,46.44,46.435,46.435,2297
2017-10-18 12:15:00-04:00,46.435,46.435,46.42,46.435,7433
2017-10-18 12:20:00-04:00,46.435,46.44,46.435,46.44,628
2017-10-18 12:25:00-04:00,46.455,46.46,46.45,46.455,1114
2017-10-18 12:30:00-04:00,46.46,46.48,46.455,46.46,3490
2017-10-18 12:35:00-04:00,46.475,46.485,46.47,46.48,1400
2017-10-18 12:40:00-04:00,46.475,46.48,46.47,46.475,1832
2017-10-18 12:45:00-04:00,46.475,46.475,46.45,46.46,1743
2017-10-18 12:50:00-04:00,46.465,46.47,46.46,46.46,1477
2017-10-18 12:55:00-04:00,46.46,46.47,46.44,46.445,2613
2017-10-18 13:00:00-04:00,46.45,46.46,46.44,46.44,2220
2017-10-18 13:05:00-04:00,46.44,46.44,46.43,46.43,2146
2017-10-18 13:10:00-04:00,46.44,46.45,46.435,46.44,1613
2017-10-18 13:15:00-04:00,46.44,46.455,46.42,46.455,5423
2017-10-18 13:20:00-04:00,46.46,46.475,46.46,46.475,1610
2017-10-18 13:25:00-04:00,46.47,46.485,46.47,46.485,1800
2017-10-18 13:30:00-04:00,46.48,46.48,46.465,46.465,1510
2017-10-18 13:35:00-04:00,46.465,46.475,46.46,46.475,896
2017-10-18 13:40:00-04:00,46.47,46.485,46.465,46.47,2592
2017-10-18 13:45:00-04:00,46.48,46.49,46.475,46.49,1105
2017-10-18 13:50:00-04:00,46.485,46.5,46.48,46.5,1720
2017-10-18 13:55:00-04:00,46.495,46.5,46.48,46.485,2268
2017-10-18 14:00:00-04:00,46.49,46.49,46.455,46.46,1797
2017-10-18 14:05:00-04:00,46.46,46.47,46.455,46.455,2182
2017-10-18 14:10:00-04:00,46.46,46.49,46.46,46.49,2120
2017-10-18 14:15:00-04:00,46.495,46.515,46.485,46.485,4213
2017-10-18 14:20:00-04:00,46.495,46.5,46.495,46.5,4444
2017-10-18 14:25:00-04:00,46.51,46.51,46.495,46.5,3691
2017-10-18 14:30:00-04:00,46.5,46.51,46.49,46.51,2150
2017-10-18 14:35:00-04:00,46.51,46.515,46.5,46.505,2250
2017-10-18 14:40:00-04:00,46.505,46.505,46.48,46.48,3252
2017-10-18 14:45:00-04:00,46.49,46.49,46.47,46.48,1672
2017-10-18 14:50:00-04:00,46.49,46.49,46.465,46.47,1400
2017-10-18 14:55:00-04:00,46.48,46.48,46.465,46.465,1562
2017-10-18 15:00:00-04:00,46.47,46.48,46.47,46.47,46176
2017-10-18 15:05:00-04:00,46.47,46.485,46.47,46.485,2901
2017-10-18 15:10:00-04:00,46.49,46.52,46.49,46.52,2746
2017-10-18 15:15:00-04:00,46.52,46.53,46.51,46.52,3273
2017-10-18 15:20:00-04:00,46.525,46.535,46.52,46.53,4718
2017-10-18 15:25:00-04:00,46.53,46.53,46.5,46.51,2758
2017-10-18 15:30:00-04:00,46.51,46.53,46.505,46.51,5086
2017-10-18 15:35:00-04:00,46.51,46.51,46.49,46.495,6066
2017-10-18 15:40:00-04:00,46.5,46.5,46.44,46.445,8726
2017-10-18 15:45:00-04:00,46.45,46.455,46.43,46.435,10626
2017-10-18 15:50:00-04:00,46.44,46.46,46.43,46.44,13531
2017-10-18 15:55:00-04:00,46.44,46.445,46.39,46.41,63279
2017-10-19 09:30:00-04:00,46.35,46.47,46.33,46.47,4272
2017-10-19 09:35:00-04:00,46.48,46.59,46.48,46.54,7427
2017-10-19 09:40:00-04:00,46.53,46.53,46.425,46.44,8326
2017-10-19 09:45:00-04:00,46.44,46.47,46.415,46.445,27002
2017-10-19 09:50:00-04:00,46.45,46.51,46.445,46.475,102457
2017-10-19 09:55:00-04:00,46.475,46.5,46.34,46.36,19122
2017-10-19 10:00:00-04:00,46.35,46.41,46.33,46.41,7611
2017-10-19 10:05:00-04:00,46.4,46.42,46.365,46.4,7047
2017-10-19 10:10:00-04:00,46.4,46.44,46.39,46.44,9337
2017-10-19 10:15:00-04:00,46.45,46.49,46.45,46.49,7279
2017-10-19 10:20:00-04:00,46.495,46.535,46.495,46.53,8408
2017-10-19 10:25:00-04:00,46.535,46.57,46.53,46.56,6585
2017-10-19 10:30:00-04:00,46.55,46.57,46.55,46.57,5868
2017-10-19 10:35:00-04:00,46.56,46.565,46.515,46.54,6517
2017-10-19 10:40:00-04:00,46.53,46.53,46.39,46.39,6065
2017-10-19 10:45:00-04:00,46.39,46.47,46.36,46.46,6210
2017-10-19 10:50:00-04:00,46.49,46.53,46.49,46.52,3615
2017-10-19 10:55:00-04:00,46.52,46.55,46.51,46.54,5597
2017-10-19 11:00:00-04:00,46.54,46.55,46.52,46.53,11714
2017-10-19 11:05:00-04:00,46.53,46.53,46.515,46.52,4770
2017-10-19 11:10:00-04:00,46.53,46.56,46.53,46.56,2111
2017-10-19 11:15:00-04:00,46.56,46.6,46.56,46.6,4635
2017-10-19 11:20:00-04:00,46.6,46.61,46.565,46.58,7366
2017-10-19 11:25:00-04:00,46.595,46.65,46.59,46.635,6069
2017-10-19 11:30:00-04:00,46.63,46.64,46.6,46.63,5417
2017-10-19 11:35:00-04:00,46.62,46.655,46.61,46.64,11024
2017-10-19 11:40:00-04:00,46.63,46.64,46.63,46.64,1811
2017-10-19 11:45:00-04:00,46.65,46.68,46.65,46.68,4505
2017-10-19 11:50:00-04:00,46.675,46.685,46.66,46.68,6097
2017-10-19 11:55:00-04:00,46.67,46.7,46.67,46.7,4301
2017-10-19 12:00:00-04:00,46.71,46.71,46.67,46.675,4543
2017-10-19 12:05:00-04:00,46.68,46.7,46.67,46.68,8143
2017-10-19 12:10:00-04:00,46.67,46.68,46.66,46.68,4021
2017-10-19 12:15:00-04:00,46.69,46.71,46.69,46.69,5012
2017-10-19 12:20:00-04:00,46.695,46.74,46.695,46.735,6266
2017-10-19 12:25:00-04:00,46.74,46.79,46.735,46.79,5973
2017-10-19 12:30:00-04:00,46.78,46.78,46.71,46.72,8674
2017-10-19 12:35:00-04:00,46.725,46.725,46.69,46.69,2795
2017-10-19 12:40:00-04:00,46.685,46.72,46.685,46.72,3947
2017-10-19 12:45:00-04:00,46.715,46.755,46.715,46.75,5995
2017-10-19 12:50:00-04:00,46.755,46.76,46.7,46.71,5135
2017-10-19 12:55:00-04:00,46.725,46.725,46.71,46.715,5100
2017-10-19 13:00:00-04:00,46.715,46.72,46.67,46.69,6927
2017-10-19 13:05:00-04:00,46.69,46.705,46.69,46.7,3688
2017-10-19 13:10:00-04:00,46.7,46.705,46.68,46.68,3069
2017-10-19 13:15:00-04:00,46.68,46.7,46.68,46.69,4618
2017-10-19 13:20:00-04:00,46.68,46.68,46.67,46.67,2037
2017-10-19 13:25:00-04:00,46.67,46.7,46.67,46.7,2310
2017-10-19 13:30:00-04:00,46.7,46.7,46.69,46.7,3364
2017-10-19 13:35:00-04:00,46.695,46.705,46.68,46.68,3655
2017-10-19 13:40:00-04:00,46.675,46.695,46.67,46.69,4049
2017-10-19 13:45:00-04:00,46.7,46.7,46.69,46.7,3427
2017-10-19 13:50:00-04:00,46.69,46.69,46.67,46.67,3079
2017-10-19 13:55:00-04:00,46.67,46.68,46.645,46.645,3792
2017-10-19 14:00:00-04:00,46.65,46.655,46.64,46.64,5510
2017-10-19 14:05:00-04:00,46.65,46.655,46.63,46.63,3826
2017-10-19 14:10:00-04:00,46.63,46.635,46.6,46.6,6974
2017-10-19 14:15:00-04:00,46.6,46.605,46.59,46.59,4532
2017-10-19 14:20:00-04:00,46.59,46.61,46.59,46.61,3795
2017-10-19 14:25:00-04:00,46.61,46.61,46.6,46.6,3363
2017-10-19 14:30:00-04:00,46.6,46.61,46.59,46.59,5189
2017-10-19 14:35:00-04:00,46.59,46.605,46.59,46.595,5703
2017-10-19 14:40:00-04:00,46.595,46.6,46.59,46.6,3849
2017-10-19 14:45:00-04:00,46.605,46.605,46.58,46.585,1631
2017-10-19 14:50:00-04:00,46.59,46.6,46.58,46.6,4645
2017-10-19 14:55:00-04:00,46.61,46.62,46.59,46.59,5620
2017-10-19 15:00:00-04:00,46.59,46.6,46.59,46.595,2862
2017-10-19 15:05:00-04:00,46.6,46.6,46.59,46.595,4139
2017-10-19 15:10:00-04:00,46.6,46.6,46.59,46.595,2771
2017-10-19 15:15:00-04:00,46.595,46.61,46.59,46.61,4477
2017-10-19 15:20:00-04:00,46.61,46.62,46.59,46.59,10116
2017-10-19 15:25:00-04:00,46.595,46.595,46.56,46.565,2621
2017-10-19 15:30:00-04:00,46.56,46.575,46.56,46.56,6797
2017-10-19 15:35:00-04:00,46.56,46.57,46.55,46.555,5932
2017-10-19 15:40:00-04:00,46.55,46.56,46.54,46.54,9276
2017-10-19 15:45:00-04:00,46.54,46.57,46.53,46.565,13319
2017-10-19 15:50:00-04:00,46.555,46.56,46.55,46.555,9800
2017-10-19 15:55:00-04:00,46.55,46.6,46.55,46.59,60299
2017-10-20 09:25:00-04:00,46.57,46.57,46.46,46.46,1156
2017-10-20 09:30:00-04:00,46.5,46.54,46.43,46.46,2246
2017-10-20 09:35:00-04:00,46.47,46.47,46.41,46.41,2853
2017-10-20 09:40:00-04:00,46.41,46.47,46.41,46.455,4413
2017-10-20 09:45:00-04:00,46.455,46.525,46.445,46.505,10710
2017-10-20 09:50:00-04:00,46.505,46.51,46.46,46.47,17016
2017-10-20 09:55:00-04:00,46.465,46.465,46.4,46.405,5444
2017-10-20 10:00:00-04:00,46.41,46.505,46.41,46.505,4715
2017-10-20 10:05:00-04:00,46.51,46.515,46.43,46.475,13314
2017-10-20 10:10:00-04:00,46.47,46.48,46.47,46.475,3090
2017-10-20 10:15:00-04:00,46.45,46.51,46.45,46.51,4755
2017-10-20 10:20:00-04:00,46.515,46.535,46.495,46.5,5072
2017-10-20 10:25:00-04:00,46.5,46.5,46.46,46.46,4060
2017-10-20 10:30:00-04:00,46.455,46.48,46.45,46.48,3816
2017-10-20 10:35:00-04:00,46.48,46.5,46.47,46.47,4527
2017-10-20 10:40:00-04:00,46.46,46.47,46.42,46.42,2553
2017-10-20 10:45:00-04:00,46.43,46.45,46.43,46.45,2970
2017-10-20 10:50:00-04:00,46.45,46.45,46.435,46.44,4547
2017-10-20 10:55:00-04:00,46.46,46.46,46.415,46.42,3392
2017-10-20 11:00:00-04:00,46.42,46.42,46.41,46.42,4847
2017-10-20 11:05:00-04:00,46.415,46.43,46.415,46.425,4280
2017-10-20 11:10:00-04:00,46.43,46.44,46.43,46.43,1517
2017-10-20 11:15:00-04:00,46.43,46.44,46.43,46.44,3262
2017-10-20 11:20:00-04:00,46.43,46.45,46.42,46.45,2561
2017-10-20 11:25:00-04:00,46.44,46.45,46.43,46.45,3322
2017-10-20 11:30:00-04:00,46.445,46.46,46.44,46.46,2199
2017-10-20 11:35:00-04:00,46.46,46.46,46.445,46.46,1774
2017-10-20 11:40:00-04:00,46.46,46.47,46.46,46.47,4221
2017-10-20 11:45:00-04:00,46.465,46.47,46.46,46.47,3958
2017-10-20 11:50:00-04:00,46.47,46.47,46.46,46.46,2473
2017-10-20 11:55:00-04:00,46.47,46.495,46.47,46.49,3724
2017-10-20 12:00:00-04:00,46.5,46.5,46.46,46.47,4963
2017-10-20 12:05:00-04:00,46.48,46.48,46.45,46.48,7166
2017-10-20 12:10:00-04:00,46.495,46.495,46.48,46.485,4330
2017-10-20 12:15:00-04:00,46.485,46.49,46.48,46.48,2845
2017-10-20 12:20:00-04:00,46.48,46.48,46.455,46.455,4725
2017-10-20 12:25:00-04:00,46.44,46.44,46.42,46.425,5909
2017-10-20 12:30:00-04:00,46.43,46.43,46.41,46.41,11083
2017-10-20 12:35:00-04:00,46.415,46.44,46.415,46.44,8751
2017-10-20 12:40:00-04:00,46.435,46.44,46.43,46.43,8048
2017-10-20 12:45:00-04:00,46.43,46.44,46.43,46.435,6835
2017-10-20 12:50:00-04:00,46.435,46.46,46.435,46.455,5687
2017-10-20 12:55:00-04:00,46.455,46.46,46.45,46.45,5255
2017-10-20 13:00:00-04:00,46.45,46.45,46.44,46.445,4527
2017-10-20 13:05:00-04:00,46.44,46.47,46.44,46.45,5412
2017-10-20 13:10:00-04:00,46.445,46.48,46.445,46.46,4534
2017-10-20 13:15:00-04:00,46.47,46.475,46.455,46.475,5294
2017-10-20 13:20:00-04:00,46.48,46.49,46.48,46.49,2025
2017-10-20 13:25:00-04:00,46.48,46.48,46.47,46.475,4241
2017-10-20 13:30:00-04:00,46.47,46.47,46.46,46.465,2537
2017-10-20 13:35:00-04:00,46.465,46.48,46.465,46.47,2292
2017-10-20 13:40:00-04:00,46.48,46.49,46.47,46.47,1755
2017-10-20 13:45:00-04:00,46.465,46.47,46.45,46.45,1892
2017-10-20 13:50:00-04:00,46.46,46.46,46.445,46.445,896
2017-10-20 13:55:00-04:00,46.445,46.47,46.445,46.47,2478
2017-10-20 14:00:00-04:00,46.465,46.465,46.45,46.45,1265
2017-10-20 14:05:00-04:00,46.455,46.48,46.455,46.48,1231
2017-10-20 14:10:00-04:00,46.48,46.49,46.45,46.45,2450
2017-10-20 14:15:00-04:00,46.45,46.45,46.41,46.43,5991
2017-10-20 14:20:00-04:00,46.43,46.47,46.43,46.46,2805
2017-10-20 14:25:00-04:00,46.46,46.46,46.455,46.46,1700
2017-10-20 14:30:00-04:00,46.47,46.49,46.465,46.49,2647
2017-10-20 14:35:00-04:00,46.48,46.51,46.48,46.5,2245
2017-10-20 14:40:00-04:00,46.5,46.51,46.495,46.5,3348
2017-10-20 14:45:00-04:00,46.51,46.515,46.46,46.46,4793
2017-10-20 14:50:00-04:00,46.46,46.47,46.46,46.46,1835
2017-10-20 14:55:00-04:00,46.46,46.48,46.46,46.48,3257
2017-10-20 15:00:00-04:00,46.475,46.48,46.45,46.45,5430
2017-10-20 15:05:00-04:00,46.45,46.46,46.44,46.45,7510
2017-10-20 15:10:00-04:00,46.45,46.47,46.45,46.47,2305
2017-10-20 15:15:00-04:00,46.47,46.47,46.44,46.445,2671
2017-10-20 15:20:00-04:00,46.44,46.445,46.39,46.39,9935
2017-10-20 15:25:00-04:00,46.39,46.39,46.36,46.36,4280
2017-10-20 15:30:00-04:00,46.365,46.39,46.36,46.375,19350
2017-10-20 15:35:00-04:00,46.38,46.385,46.36,46.36,16482
2017-10-20 15:40:00-04:00,46.36,46.36,46.34,46.34,10131
2017-10-20 15:45:00-04:00,46.345,46.35,46.32,46.33,16444
2017-10-20 15:50:00-04:00,46.33,46.33,46.285,46.29,18679
2017-10-20 15:55:00-04:00,46.29,46.38,46.28,46.38,38052
2017-10-23 09:30:00-04:00,46.39,46.48,46.35,46.46,3244
2017-10-23 09:35:00-04:00,46.48,46.535,46.48,46.535,3390
2017-10-23 09:40:00-04:00,46.54,46.54,46.505,46.505,1480
2017-10-23 09:45:00-04:00,46.51,46.6,46.51,46.595,1800
2017-10-23 09:50:00-04:00,46.6,46.615,46.58,46.615,3538
2017-10-23 09:55:00-04:00,46.62,46.645,46.54,46.545,1721
2017-10-23 10:00:00-04:00,46.555,46.59,46.515,46.53,2219
2017-10-23 10:05:00-04:00,46.53,46.565,46.53,46.565,1190
2017-10-23 10:10:00-04:00,46.58,46.58,46.535,46.54,1105
2017-10-23 10:15:00-04:00,46.545,46.56,46.535,46.54,4477
2017-10-23 10:20:00-04:00,46.545,46.55,46.525,46.53,2285
2017-10-23 10:25:00-04:00,46.53,46.53,46.5,46.51,4686
2017-10-23 10:30:00-04:00,46.52,46.53,46.515,46.515,2212
2017-10-23 10:35:00-04:00,46.52,46.53,46.51,46.53,3924
2017-10-23 10:40:00-04:00,46.53,46.53,46.52,46.525,2041
2017-10-23 10:45:00-04:00,46.53,46.54,46.53,46.53,3200
2017-10-23 10:50:00-04:00,46.54,46.54,46.53,46.54,2498
2017-10-23 10:55:00-04:00,46.54,46.54,46.52,46.54,4498
2017-10-23 11:00:00-04:00,46.53,46.54,46.5,46.505,3869
2017-10-23 11:05:00-04:00,46.5,46.5,46.47,46.47,3341
2017-10-23 11:10:00-04:00,46.47,46.47,46.43,46.43,3475
2017-10-23 11:15:00-04:00,46.435,46.45,46.41,46.445,3601
2017-10-23 11:20:00-04:00,46.44,46.47,46.44,46.47,1744
2017-10-23 11:25:00-04:00,46.465,46.47,46.44,46.44,1042
2017-10-23 11:30:00-04:00,46.43,46.45,46.43,46.45,2492
2017-10-23 11:35:00-04:00,46.45,46.45,46.415,46.415,1885
2017-10-23 11:40:00-04:00,46.42,46.42,46.37,46.38,2489
2017-10-23 11:45:00-04:00,46.38,46.39,46.38,46.385,1576
2017-10-23 11:50:00-04:00,46.39,46.4,46.38,46.38,2662
2017-10-23 11:55:00-04:00,46.38,46.39,46.38,46.38,83254
2017-10-23 12:00:00-04:00,46.39,46.39,46.37,46.375,1928
2017-10-23 12:05:00-04:00,46.37,46.39,46.34,46.35,2200
2017-10-23 12:10:00-04:00,46.345,46.36,46.345,46.36,1212
2017-10-23 12:15:00-04:00,46.36,46.39,46.35,46.39,1961
2017-10-23 12:20:00-04:00,46.39,46.4,46.38,46.4,1689
2017-10-23 12:25:00-04:00,46.4,46.4,46.36,46.365,1323
2017-10-23 12:30:00-04:00,46.35,46.37,46.34,46.36,2013
2017-10-23 12:35:00-04:00,46.36,46.37,46.36,46.37,1000
2017-10-23 12:40:00-04:00,46.37,46.375,46.36,46.375,3050
2017-10-23 12:45:00-04:00,46.375,46.38,46.36,46.36,20638
2017-10-23 12:50:00-04:00,46.365,46.37,46.36,46.37,300
2017-10-23 12:55:00-04:00,46.37,46.37,46.37,46.37,1559
2017-10-23 13:00:00-04:00,46.37,46.37,46.32,46.33,2822
2017-10-23 13:05:00-04:00,46.33,46.355,46.33,46.34,4585
2017-10-23 13:10:00-04:00,46.34,46.35,46.33,46.34,4041
2017-10-23 13:15:00-04:00,46.35,46.355,46.34,46.355,7715
2017-10-23 13:20:00-04:00,46.35,46.37,46.35,46.37,5818
2017-10-23 13:25:00-04:00,46.375,46.38,46.365,46.365,4671
2017-10-23 13:30:00-04:00,46.365,46.37,46.33,46.34,5348
2017-10-23 13:35:00-04:00,46.35,46.37,46.345,46.365,3643
2017-10-23 13:40:00-04:00,46.365,46.37,46.35,46.37,3421
2017-10-23 13:45:00-04:00,46.38,46.4,46.38,46.4,876
2017-10-23 13:50:00-04:00,46.4,46.4,46.36,46.36,3875
2017-10-23 13:55:00-04:00,46.36,46.38,46.34,46.34,5397
2017-10-23 14:00:00-04:00,46.35,46.36,46.3,46.32,10534
2017-10-23 14:05:00-04:00,46.31,46.32,46.3,46.32,2000
2017-10-23 14:10:00-04:00,46.31,46.31,46.29,46.295,2858
2017-10-23 14:15:00-04:00,46.29,46.3,46.27,46.275,2710
2017-10-23 14:20:00-04:00,46.27,46.27,46.24,46.26,3496
2017-10-23 14:25:00-04:00,46.26,46.29,46.26,46.29,4655
2017-10-23 14:30:00-04:00,46.285,46.29,46.265,46.28,3615
2017-10-23 14:35:00-04:00,46.28,46.295,46.27,46.27,2566
2017-10-23 14:40:00-04:00,46.26,46.28,46.26,46.27,2219
2017-10-23 14:45:00-04:00,46.28,46.29,46.28,46.29,901
2017-10-23 14:50:00-04:00,46.285,46.31,46.28,46.305,2708
2017-10-23 14:55:00-04:00,46.31,46.33,46.31,46.32,1361
2017-10-23 15:00:00-04:00,46.32,46.33,46.31,46.32,5702
2017-10-23 15:05:00-04:00,46.32,46.35,46.32,46.35,2993
2017-10-23 15:10:00-04:00,46.35,46.35,46.33,46.345,2006
2017-10-23 15:15:00-04:00,46.345,46.36,46.325,46.33,2974
2017-10-23 15:20:00-04:00,46.325,46.34,46.325,46.33,2649
2017-10-23 15:25:00-04:00,46.33,46.34,46.325,46.33,4530
2017-10-23 15:30:00-04:00,46.33,46.345,46.325,46.325,7546
2017-10-23 15:35:00-04:00,46.32,46.33,46.305,46.33,4299
2017-10-23 15:40:00-04:00,46.33,46.34,46.315,46.34,91775
2017-10-23 15:45:00-04:00,46.34,46.36,46.33,46.33,13779
2017-10-23 15:50:00-04:00,46.335,46.36,46.33,46.34,19562
2017-10-23 15:55:00-04:00,46.345,46.35,46.31,46.33,62143
2017-10-24 09:30:00-04:00,46.27,46.28,46.18,46.2,5984
2017-10-24 09:35:00-04:00,46.2,46.21,46.18,46.2,4363
2017-10-24 09:40:00-04:00,46.2,46.2,46.07,46.09,6249
2017-10-24 09:45:00-04:00,46.11,46.125,46.055,46.1,8709
2017-10-24 09:50:00-04:00,46.12,46.145,46.095,46.095,3440
2017-10-24 09:55:00-04:00,46.09,46.09,46.0,46.02,7140
2017-10-24 10:00:00-04:00,46.02,46.07,46.02,46.055,6580
2017-10-24 10:05:00-04:00,46.055,46.07,46.03,46.055,6156
2017-10-24 10:10:00-04:00,46.06,46.06,46.025,46.025,6996
2017-10-24 10:15:00-04:00,46.02,46.02,45.95,45.96,14712
2017-10-24 10:20:00-04:00,45.96,46.02,45.96,45.99,12334
2017-10-24 10:25:00-04:00,45.98,46.0,45.97,45.99,13237
2017-10-24 10:30:00-04:00,45.99,46.03,45.99,45.99,17362
2017-10-24 10:35:00-04:00,45.99,46.05,45.97,46.04,5040
2017-10-24 10:40:00-04:00,46.04,46.04,45.975,46.01,5888
2017-10-24 10:45:00-04:00,46.0,46.04,45.98,46.02,5827
2017-10-24 10:50:00-04:00,46.02,46.03,46.0,46.03,7347
2017-10-24 10:55:00-04:00,46.02,46.03,46.01,46.02,6951
2017-10-24 11:00:00-04:00,46.02,46.09,46.02,46.09,6307
2017-10-24 11:05:00-04:00,46.08,46.08,46.02,46.045,7839
2017-10-24 11:10:00-04:00,46.04,46.07,46.04,46.065,5395
2017-10-24 11:15:00-04:00,46.06,46.1,46.06,46.09,4085
2017-10-24 11:20:00-04:00,46.09,46.11,46.09,46.11,5260
2017-10-24 11:25:00-04:00,46.1,46.115,46.065,46.11,4510
2017-10-24 11:30:00-04:00,46.11,46.11,46.05,46.06,3621
2017-10-24 11:35:00-04:00,46.06,46.09,46.06,46.07,3625
2017-10-24 11:40:00-04:00,46.04,46.06,46.03,46.055,3571
2017-10-24 11:45:00-04:00,46.055,46.065,46.05,46.05,4000
2017-10-24 11:50:00-04:00,46.05,46.115,46.05,46.11,4918
2017-10-24 11:55:00-04:00,46.1,46.13,46.1,46.1,2424
2017-10-24 12:00:00-04:00,46.1,46.135,46.1,46.12,7234
2017-10-24 12:05:00-04:00,46.125,46.15,46.12,46.145,2582
2017-10-24 12:10:00-04:00,46.14,46.17,46.14,46.165,3715
2017-10-24 12:15:00-04:00,46.17,46.17,46.13,46.14,2250
2017-10-24 12:20:00-04:00,46.15,46.16,46.145,46.15,2966
2017-10-24 12:25:00-04:00,46.15,46.17,46.145,46.17,2369
2017-10-24 12:30:00-04:00,46.165,46.165,46.15,46.15,1509
2017-10-24 12:35:00-04:00,46.15,46.16,46.15,46.16,1337
2017-10-24 12:40:00-04:00,46.17,46.17,46.15,46.16,2118
2017-10-24 12:45:00-04:00,46.15,46.16,46.15,46.155,2488
2017-10-24 12:50:00-04:00,46.155,46.16,46.135,46.15,4173
2017-10-24 12:55:00-04:00,46.14,46.18,46.14,46.175,6255
2017-10-24 13:00:00-04:00,46.17,46.175,46.12,46.12,4693
2017-10-24 13:05:00-04:00,46.12,46.12,46.1,46.1,3145
2017-10-24 13:10:00-04:00,46.105,46.11,46.1,46.1,1405
2017-10-24 13:15:00-04:00,46.105,46.105,46.095,46.1,2994
2017-10-24 13:20:00-04:00,46.11,46.14,46.1,46.14,15023
2017-10-24 13:25:00-04:00,46.13,46.155,46.125,46.15,13470
2017-10-24 13:30:00-04:00,46.15,46.155,46.14,46.15,5615
2017-10-24 13:35:00-04:00,46.155,46.19,46.155,46.165,11653
2017-10-24 13:40:00-04:00,46.165,46.19,46.16,46.18,7765
2017-10-24 13:45:00-04:00,46.185,46.185,46.15,46.165,3810
2017-10-24 13:50:00-04:00,46.16,46.16,46.1,46.1,4935
2017-10-24 13:55:00-04:00,46.1,46.13,46.095,46.13,5953
2017-10-24 14:00:00-04:00,46.14,46.145,46.125,46.135,3248
2017-10-24 14:05:00-04:00,46.14,46.165,46.125,46.15,3283
2017-10-24 14:10:00-04:00,46.15,46.17,46.145,46.165,5210
2017-10-24 14:15:00-04:00,46.165,46.2,46.14,46.16,48696
2017-10-24 14:20:00-04:00,46.16,46.19,46.16,46.18,3811
2017-10-24 14:25:00-04:00,46.175,46.18,46.13,46.13,4984
2017-10-24 14:30:00-04:00,46.135,46.14,46.13,46.14,25356
2017-10-24 14:35:00-04:00,46.14,46.14,46.1,46.105,10488
2017-10-24 14:40:00-04:00,46.1,46.11,46.1,46.11,4439
2017-10-24 14:45:00-04:00,46.11,46.14,46.105,46.14,18280
2017-10-24 14:50:00-04:00,46.14,46.14,46.08,46.11,6404
2017-10-24 14:55:00-04:00,46.11,46.12,46.11,46.11,2604
2017-10-24 15:00:00-04:00,46.12,46.14,46.12,46.14,2532
2017-10-24 15:05:00-04:00,46.14,46.14,46.08,46.085,74248
2017-10-24 15:10:00-04:00,46.09,46.09,46.06,46.06,4223
2017-10-24 15:15:00-04:00,46.06,46.08,46.06,46.08,9605
2017-10-24 15:20:00-04:00,46.08,46.11,46.06,46.06,10812
2017-10-24 15:25:00-04:00,46.05,46.05,46.005,46.01,6728
2017-10-24 15:30:00-04:00,46.01,46.08,46.01,46.075,15997
2017-10-24 15:35:00-04:00,46.08,46.11,46.06,46.08,8557
2017-10-24 15:40:00-04:00,46.09,46.105,46.085,46.085,6624
2017-10-24 15:45:00-04:00,46.09,46.12,46.07,46.12,14827
2017-10-24 15:50:00-04:00,46.115,46.125,46.095,46.11,16265
2017-10-24 15:55:00-04:00,46.1,46.19,46.1,46.18,45568
2017-10-25 09:30:00-04:00,46.32,46.69,46.32,46.69,17953
2017-10-25 09:35:00-04:00,46.69,46.755,46.28,46.395,23865
2017-10-25 09:40:00-04:00,46.395,46.45,46.26,46.27,29567
2017-10-25 09:45:00-04:00,46.27,46.27,46.08,46.09,17151
2017-10-25 09:50:00-04:00,46.08,46.11,45.98,45.99,15412
2017-10-25 09:55:00-04:00,46.0,46.1,45.975,46.1,7939
2017-10-25 10:00:00-04:00,46.09,46.21,46.03,46.145,22663
2017-10-25 10:05:00-04:00,46.14,46.16,46.09,46.11,18947
2017-10-25 10:10:00-04:00,46.11,46.12,45.99,46.04,13411
2017-10-25 10:15:00-04:00,46.02,46.09,46.0,46.05,13377
2017-10-25 10:20:00-04:00,46.06,46.11,46.04,46.04,13330
2017-10-25 10:25:00-04:00,46.04,46.06,46.02,46.055,12423
2017-10-25 10:30:00-04:00,46.06,46.07,46.02,46.06,12296
2017-10-25 10:35:00-04:00,46.06,46.08,45.995,46.01,12048
2017-10-25 10:40:00-04:00,46.02,46.04,46.0,46.01,15129
2017-10-25 10:45:00-04:00,46.01,46.02,45.97,45.98,7667
2017-10-25 10:50:00-04:00,45.98,46.04,45.98,46.04,6179
2017-10-25 10:55:00-04:00,46.04,46.07,45.99,45.99,10365
2017-10-25 11:00:00-04:00,45.98,46.015,45.98,46.015,12642
2017-10-25 11:05:00-04:00,46.02,46.04,45.98,45.99,19634
2017-10-25 11:10:00-04:00,46.0,46.005,45.99,46.0,31530
2017-10-25 11:15:00-04:00,46.0,46.05,45.99,46.045,12867
2017-10-25 11:20:00-04:00,46.05,46.16,46.05,46.1,8500
2017-10-25 11:25:00-04:00,46.09,46.1,46.005,46.06,17000
2017-10-25 11:30:00-04:00,46.07,46.1,46.06,46.07,10631
2017-10-25 11:35:00-04:00,46.07,46.11,46.03,46.11,9802
2017-10-25 11:40:00-04:00,46.11,46.11,46.08,46.09,11264
2017-10-25 11:45:00-04:00,46.1,46.12,46.1,46.115,4602
2017-10-25 11:50:00-04:00,46.13,46.15,46.08,46.09,6843
2017-10-25 11:55:00-04:00,46.09,46.165,46.09,46.165,8363
2017-10-25 12:00:00-04:00,46.165,46.275,46.14,46.26,13496
2017-10-25 12:05:00-04:00,46.245,46.31,46.23,46.28,10416
2017-10-25 12:10:00-04:00,46.26,46.28,46.25,46.26,5957
2017-10-25 12:15:00-04:00,46.265,46.32,46.265,46.29,17727
2017-10-25 12:20:00-04:00,46.29,46.32,46.28,46.32,10301
2017-10-25 12:25:00-04:00,46.31,46.32,46.235,46.235,10914
2017-10-25 12:30:00-04:00,46.235,46.27,46.21,46.21,5234
2017-10-25 12:35:00-04:00,46.22,46.22,46.15,46.15,8098
2017-10-25 12:40:00-04:00,46.16,46.17,46.155,46.16,5548
2017-10-25 12:45:00-04:00,46.16,46.16,46.06,46.07,4926
2017-10-25 12:50:00-04:00,46.08,46.085,46.07,46.08,3683
2017-10-25 12:55:00-04:00,46.085,46.15,46.08,46.14,4721
2017-10-25 13:00:00-04:00,46.15,46.15,46.11,46.125,4716
2017-10-25 13:05:00-04:00,46.12,46.14,46.11,46.125,5956
2017-10-25 13:10:00-04:00,46.13,46.18,46.13,46.18,3200
2017-10-25 13:15:00-04:00,46.18,46.18,46.095,46.1,6245
2017-10-25 13:20:00-04:00,46.11,46.155,46.11,46.14,4909
2017-10-25 13:25:00-04:00,46.14,46.14,46.1,46.1,2380
2017-10-25 13:30:00-04:00,46.1,46.11,46.08,46.08,3954
2017-10-25 13:35:00-04:00,46.06,46.06,45.98,45.98,4599
2017-10-25 13:40:00-04:00,45.98,46.01,45.93,45.935,8150
2017-10-25 13:45:00-04:00,45.935,46.03,45.935,46.03,3385
2017-10-25 13:50:00-04:00,46.03,46.05,46.0,46.0,3603
2017-10-25 13:55:00-04:00,46.02,46.05,46.02,46.05,5171
2017-10-25 14:00:00-04:00,46.05,46.11,46.045,46.11,3160
2017-10-25 14:05:00-04:00,46.12,46.135,46.115,46.13,3300
2017-10-25 14:10:00-04:00,46.13,46.135,46.1,46.105,6416
2017-10-25 14:15:00-04:00,46.105,46.105,46.06,46.08,9013
2017-10-25 14:20:00-04:00,46.08,46.1,46.075,46.1,4622
2017-10-25 14:25:00-04:00,46.1,46.1,46.03,46.03,8209
2017-10-25 14:30:00-04:00,46.04,46.07,46.02,46.02,4989
2017-10-25 14:35:00-04:00,46.02,46.02,45.985,46.0,11701
2017-10-25 14:40:00-04:00,46.0,46.05,46.0,46.04,4265
2017-10-25 14:45:00-04:00,46.05,46.05,46.04,46.05,3937
2017-10-25 14:50:00-04:00,46.055,46.07,45.995,46.03,10583
2017-10-25 14:55:00-04:00,46.03,46.07,46.03,46.07,4658
2017-10-25 15:00:00-04:00,46.07,46.08,46.04,46.08,10703
2017-10-25 15:05:00-04:00,46.075,46.125,46.07,46.09,7803
2017-10-25 15:10:00-04:00,46.1,46.12,46.09,46.12,14720
2017-10-25 15:15:00-04:00,46.12,46.12,46.07,46.08,4415
2017-10-25 15:20:00-04:00,46.08,46.12,46.08,46.12,7693
2017-10-25 15:25:00-04:00,46.12,46.14,46.1,46.1,14994
2017-10-25 15:30:00-04:00,46.1,46.1,46.07,46.09,13842
2017-10-25 15:35:00-04:00,46.09,46.12,46.09,46.12,13143
2017-10-25 15:40:00-04:00,46.11,46.13,46.08,46.085,17511
2017-10-25 15:45:00-04:00,46.08,46.08,45.99,45.99,22182
2017-10-25 15:50:00-04:00,46.0,46.1,45.99,46.095,37256
2017-10-25 15:55:00-04:00,46.09,46.1,46.05,46.05,69346
2017-10-26 09:25:00-04:00,46.35,46.35,46.35,46.35,100
2017-10-26 09:30:00-04:00,46.39,46.625,46.34,46.595,10276
2017-10-26 09:35:00-04:00,46.575,46.675,46.54,46.63,15585
2017-10-26 09:40:00-04:00,46.63,46.725,46.595,46.725,14538
2017-10-26 09:45:00-04:00,46.74,46.745,46.645,46.665,16004
2017-10-26 09:50:00-04:00,46.665,46.68,46.56,46.56,8673
2017-10-26 09:55:00-04:00,46.56,46.595,46.485,46.595,13757
2017-10-26 10:00:00-04:00,46.605,46.645,46.575,46.61,8840
2017-10-26 10:05:00-04:00,46.605,46.65,46.605,46.63,8308
2017-10-26 10:10:00-04:00,46.635,46.65,46.6,46.625,9194
2017-10-26 10:15:00-04:00,46.62,46.63,46.5,46.505,16104
2017-10-26 10:20:00-04:00,46.51,46.51,46.475,46.49,9794
2017-10-26 10:25:00-04:00,46.49,46.505,46.445,46.455,13104
2017-10-26 10:30:00-04:00,46.455,46.475,46.375,46.435,8959
2017-10-26 10:35:00-04:00,46.435,46.445,46.36,46.39,6692
2017-10-26 10:40:00-04:00,46.39,46.41,46.33,46.405,9599
2017-10-26 10:45:00-04:00,46.405,46.405,46.345,46.35,5096
2017-10-26 10:50:00-04:00,46.35,46.38,46.345,46.38,3744
2017-10-26 10:55:00-04:00,46.385,46.39,46.365,46.375,8408
2017-10-26 11:00:00-04:00,46.375,46.385,46.32,46.32,6738
2017-10-26 11:05:00-04:00,46.31,46.33,46.3,46.315,6997
2017-10-26 11:10:00-04:00,46.32,46.335,46.295,46.295,6430
2017-10-26 11:15:00-04:00,46.3,46.31,46.27,46.295,5665
2017-10-26 11:20:00-04:00,46.29,46.31,46.29,46.29,4092
2017-10-26 11:25:00-04:00,46.3,46.4,46.3,46.4,7830
2017-10-26 11:30:00-04:00,46.41,46.45,46.405,46.45,1130
2017-10-26 11:35:00-04:00,46.47,46.5,46.47,46.475,2443
2017-10-26 11:40:00-04:00,46.48,46.48,46.45,46.47,2117
2017-10-26 11:45:00-04:00,46.47,46.48,46.45,46.47,1740
2017-10-26 11:50:00-04:00,46.47,46.475,46.46,46.475,3347
2017-10-26 11:55:00-04:00,46.47,46.475,46.45,46.45,4159
2017-10-26 12:00:00-04:00,46.455,46.475,46.45,46.47,5701
2017-10-26 12:05:00-04:00,46.465,46.48,46.465,46.47,4160
2017-10-26 12:10:00-04:00,46.47,46.51,46.47,46.51,8632
2017-10-26 12:15:00-04:00,46.51,46.55,46.51,46.545,2340
2017-10-26 12:20:00-04:00,46.54,46.545,46.53,46.53,6144
2017-10-26 12:25:00-04:00,46.515,46.53,46.515,46.525,7607
2017-10-26 12:30:00-04:00,46.525,46.525,46.425,46.44,5698
2017-10-26 12:35:00-04:00,46.44,46.44,46.41,46.415,2995
2017-10-26 12:40:00-04:00,46.415,46.425,46.4,46.42,3901
2017-10-26 12:45:00-04:00,46.425,46.45,46.42,46.435,5906
2017-10-26 12:50:00-04:00,46.43,46.455,46.43,46.455,3595
2017-10-26 12:55:00-04:00,46.455,46.455,46.44,46.45,1982
2017-10-26 13:00:00-04:00,46.46,46.46,46.43,46.44,2393
2017-10-26 13:05:00-04:00,46.43,46.45,46.43,46.445,1934
2017-10-26 13:10:00-04:00,46.44,46.465,46.435,46.465,4911
2017-10-26 13:15:00-04:00,46.47,46.52,46.47,46.51,3039
2017-10-26 13:20:00-04:00,46.505,46.51,46.49,46.5,4300
2017-10-26 13:25:00-04:00,46.5,46.5,46.5,46.5,400
2017-10-26 13:30:00-04:00,46.5,46.5,46.48,46.48,7400
2017-10-26 13:35:00-04:00,46.47,46.49,46.47,46.475,3996
2017-10-26 13:40:00-04:00,46.475,46.475,46.43,46.43,3027
2017-10-26 13:45:00-04:00,46.43,46.44,46.415,46.425,9200
2017-10-26 13:50:00-04:00,46.42,46.42,46.38,46.4,6577
2017-10-26 13:55:00-04:00,46.4,46.425,46.4,46.425,2102
2017-10-26 14:00:00-04:00,46.43,46.43,46.41,46.42,3698
2017-10-26 14:05:00-04:00,46.415,46.415,46.35,46.35,5549
2017-10-26 14:10:00-04:00,46.36,46.375,46.35,46.35,4400
2017-10-26 14:15:00-04:00,46.345,46.36,46.345,46.355,2463
2017-10-26 14:20:00-04:00,46.36,46.37,46.345,46.35,3502
2017-10-26 14:25:00-04:00,46.34,46.35,46.34,46.345,4617
2017-10-26 14:30:00-04:00,46.345,46.35,46.33,46.35,6608
2017-10-26 14:35:00-04:00,46.36,46.37,46.34,46.35,6625
2017-10-26 14:40:00-04:00,46.345,46.35,46.32,46.32,13903
2017-10-26 14:45:00-04:00,46.325,46.325,46.3,46.305,6731
2017-10-26 14:50:00-04:00,46.305,46.305,46.28,46.3,8187
2017-10-26 14:55:00-04:00,46.3,46.315,46.28,46.28,9105
2017-10-26 15:00:00-04:00,46.28,46.33,46.28,46.33,4549
2017-10-26 15:05:00-04:00,46.32,46.36,46.32,46.345,3988
2017-10-26 15:10:00-04:00,46.345,46.35,46.31,46.32,5366
2017-10-26 15:15:00-04:00,46.315,46.32,46.305,46.31,4961
2017-10-26 15:20:00-04:00,46.31,46.32,46.3,46.31,9450
2017-10-26 15:25:00-04:00,46.32,46.32,46.28,46.295,12658
2017-10-26 15:30:00-04:00,46.29,46.315,46.275,46.29,13150
2017-10-26 15:35:00-04:00,46.28,46.3,46.28,46.285,11245
2017-10-26 15:40:00-04:00,46.285,46.31,46.28,46.305,15570
2017-10-26 15:45:00-04:00,46.3,46.31,46.26,46.28,21514
2017-10-26 15:50:00-04:00,46.275,46.3,46.24,46.295,25009
2017-10-26 15:55:00-04:00,46.295,46.3,46.22,46.23,32691
2017-10-27 09:30:00-04:00,46.15,46.16,46.04,46.12,4942
2017-10-27 09:35:00-04:00,46.145,46.15,46.02,46.04,4663
2017-10-27 09:40:00-04:00,46.04,46.1,46.04,46.06,4317
2017-10-27 09:45:00-04:00,46.065,46.11,45.92,45.93,10326
2017-10-27 09:50:00-04:00,45.94,46.0,45.935,45.98,9338
2017-10-27 09:55:00-04:00,45.97,46.0,45.93,45.98,12684
2017-10-27 10:00:00-04:00,45.99,46.225,45.98,46.15,16226
2017-10-27 10:05:00-04:00,46.145,46.25,46.1,46.24,10358
2017-10-27 10:10:00-04:00,46.24,46.3,46.22,46.3,7701
2017-10-27 10:15:00-04:00,46.3,46.31,46.225,46.27,14900
2017-10-27 10:20:00-04:00,46.26,46.29,46.25,46.27,7760
2017-10-27 10:25:00-04:00,46.28,46.29,46.25,46.25,8392
2017-10-27 10:30:00-04:00,46.26,46.28,46.235,46.25,9242
2017-10-27 10:35:00-04:00,46.245,46.25,46.2,46.24,6501
2017-10-27 10:40:00-04:00,46.24,46.27,46.23,46.25,8071
2017-10-27 10:45:00-04:00,46.255,46.28,46.25,46.275,15670
2017-10-27 10:50:00-04:00,46.27,46.325,46.27,46.31,17081
2017-10-27 10:55:00-04:00,46.3,46.31,46.27,46.305,7246
2017-10-27 11:00:00-04:00,46.31,46.31,46.24,46.25,12867
2017-10-27 11:05:00-04:00,46.24,46.32,46.24,46.26,16878
2017-10-27 11:10:00-04:00,46.26,46.28,46.255,46.275,4990
2017-10-27 11:15:00-04:00,46.275,46.28,46.24,46.24,7494
2017-10-27 11:20:00-04:00,46.25,46.25,46.225,46.25,8122
2017-10-27 11:25:00-04:00,46.25,46.27,46.24,46.25,11068
2017-10-27 11:30:00-04:00,46.26,46.26,46.19,46.22,6744
2017-10-27 11:35:00-04:00,46.22,46.25,46.22,46.245,3597
2017-10-27 11:40:00-04:00,46.25,46.27,46.24,46.26,5918
2017-10-27 11:45:00-04:00,46.27,46.28,46.25,46.26,6319
2017-10-27 11:50:00-04:00,46.27,46.28,46.235,46.24,4138
2017-10-27 11:55:00-04:00,46.25,46.25,46.24,46.24,2857
2017-10-27 12:00:00-04:00,46.24,46.24,46.215,46.23,3520
2017-10-27 12:05:00-04:00,46.23,46.24,46.18,46.19,3092
2017-10-27 12:10:00-04:00,46.2,46.21,46.19,46.21,2400
2017-10-27 12:15:00-04:00,46.215,46.215,46.18,46.2,2407
2017-10-27 12:20:00-04:00,46.2,46.2,46.16,46.16,3429
2017-10-27 12:25:00-04:00,46.165,46.165,46.13,46.16,4236
2017-10-27 12:30:00-04:00,46.15,46.16,46.11,46.11,3343
2017-10-27 12:35:00-04:00,46.11,46.13,46.09,46.125,2831
2017-10-27 12:40:00-04:00,46.12,46.16,46.12,46.14,3331
2017-10-27 12:45:00-04:00,46.13,46.16,46.125,46.155,5652
2017-10-27 12:50:00-04:00,46.15,46.21,46.15,46.21,5421
2017-10-27 12:55:00-04:00,46.2,46.21,46.18,46.19,3139
2017-10-27 13:00:00-04:00,46.2,46.21,46.2,46.21,2720
2017-10-27 13:05:00-04:00,46.2,46.245,46.19,46.245,2291
2017-10-27 13:10:00-04:00,46.245,46.25,46.22,46.25,5436
2017-10-27 13:15:00-04:00,46.25,46.25,46.23,46.23,2300
2017-10-27 13:20:00-04:00,46.24,46.24,46.22,46.24,3220
2017-10-27 13:25:00-04:00,46.24,46.24,46.23,46.24,2400
2017-10-27 13:30:00-04:00,46.24,46.25,46.23,46.25,2699
2017-10-27 13:35:00-04:00,46.23,46.23,46.2,46.2,700
2017-10-27 13:40:00-04:00,46.18,46.18,46.16,46.16,2328
2017-10-27 13:45:00-04:00,46.15,46.17,46.14,46.16,3647
2017-10-27 13:50:00-04:00,46.15,46.15,46.1,46.1,2035
2017-10-27 13:55:00-04:00,46.1,46.13,46.09,46.115,4692
2017-10-27 14:00:00-04:00,46.12,46.12,46.08,46.08,7031
2017-10-27 14:05:00-04:00,46.08,46.08,46.035,46.08,5662
2017-10-27 14:10:00-04:00,46.09,46.1,46.085,46.09,4720
2017-10-27 14:15:00-04:00,46.08,46.12,46.08,46.12,3577
2017-10-27 14:20:00-04:00,46.115,46.14,46.095,46.13,5494
2017-10-27 14:25:00-04:00,46.13,46.13,46.1,46.1,2814
2017-10-27 14:30:00-04:00,46.1,46.12,46.1,46.11,2055
2017-10-27 14:35:00-04:00,46.09,46.13,46.09,46.105,3926
2017-10-27 14:40:00-04:00,46.1,46.11,46.08,46.11,2630
2017-10-27 14:45:00-04:00,46.1,46.1,46.08,46.08,1414
2017-10-27 14:50:00-04:00,46.07,46.125,46.07,46.125,3445
2017-10-27 14:55:00-04:00,46.13,46.13,46.08,46.085,1507
2017-10-27 15:00:00-04:00,46.09,46.09,46.08,46.08,2973
2017-10-27 15:05:00-04:00,46.08,46.09,46.03,46.05,9093
2017-10-27 15:10:00-04:00,46.05,46.05,46.01,46.035,5753
2017-10-27 15:15:00-04:00,46.03,46.04,46.02,46.02,9949
2017-10-27 15:20:00-04:00,46.02,46.05,46.02,46.05,4895
2017-10-27 15:25:00-04:00,46.045,46.06,46.035,46.05,14581
2017-10-27 15:30:00-04:00,46.04,46.04,46.0,46.02,38376
2017-10-27 15:35:00-04:00,46.02,46.05,46.01,46.01,12425
2017-10-27 15:40:00-04:00,46.01,46.05,45.99,46.02,12069
2017-10-27 15:45:00-04:00,46.025,46.06,46.01,46.015,13257
2017-10-27 15:50:00-04:00,46.02,46.05,46.01,46.035,18958
2017-10-27 15:55:00-04:00,46.035,46.06,45.98,46.055,38876
2017-10-30 09:30:00-04:00,46.025,46.055,45.97,45.99,1508
2017-10-30 09:35:00-04:00,46.02,46.02,45.97,45.99,3320
2017-10-30 09:40:00-04:00,46.0,46.025,45.96,46.01,2621
2017-10-30 09:45:00-04:00,45.99,46.005,45.95,45.95,1784
2017-10-30 09:50:00-04:00,45.935,46.0,45.92,46.0,6234
2017-10-30 09:55:00-04:00,45.98,46.01,45.97,45.975,3560
2017-10-30 10:00:00-04:00,45.97,45.98,45.94,45.97,4946
2017-10-30 10:05:00-04:00,45.98,46.005,45.965,45.965,4772
2017-10-30 10:10:00-04:00,45.96,45.97,45.93,45.94,4093
2017-10-30 10:15:00-04:00,45.94,45.96,45.92,45.955,3347
2017-10-30 10:20:00-04:00,45.95,45.97,45.93,45.93,2594
2017-10-30 10:25:00-04:00,45.93,45.945,45.93,45.945,2879
2017-10-30 10:30:00-04:00,45.925,45.94,45.91,45.93,4587
2017-10-30 10:35:00-04:00,45.925,45.94,45.91,45.925,3867
2017-10-30 10:40:00-04:00,45.93,45.98,45.93,45.975,4087
2017-10-30 10:45:00-04:00,45.99,46.01,45.99,45.99,3438
2017-10-30 10:50:00-04:00,45.995,46.0,45.98,46.0,5342
2017-10-30 10:55:00-04:00,45.99,46.0,45.97,45.99,2365
2017-10-30 11:00:00-04:00,46.0,46.0,45.97,45.99,2196
2017-10-30 11:05:00-04:00,45.98,46.005,45.98,45.98,1904
2017-10-30 11:10:00-04:00,45.97,45.98,45.965,45.98,3428
2017-10-30 11:15:00-04:00,45.985,45.99,45.97,45.97,3177
2017-10-30 11:20:00-04:00,45.965,45.985,45.96,45.96,3324
2017-10-30 11:25:00-04:00,45.965,45.97,45.95,45.955,2800
2017-10-30 11:30:00-04:00,45.945,45.95,45.92,45.92,2943
2017-10-30 11:35:00-04:00,45.92,45.93,45.9,45.91,5142
2017-10-30 11:40:00-04:00,45.915,45.92,45.9,45.905,3601
2017-10-30 11:45:00-04:00,45.9,45.9,45.865,45.87,3463
2017-10-30 11:50:00-04:00,45.875,45.88,45.865,45.865,2661
2017-10-30 11:55:00-04:00,45.865,45.88,45.86,45.86,2051
2017-10-30 12:00:00-04:00,45.86,45.865,45.84,45.865,4833
2017-10-30 12:05:00-04:00,45.87,45.87,45.855,45.855,6659
2017-10-30 12:10:00-04:00,45.855,45.86,45.845,45.86,5666
2017-10-30 12:15:00-04:00,45.855,45.89,45.855,45.885,3085
2017-10-30 12:20:00-04:00,45.88,45.915,45.88,45.91,4941
2017-10-30 12:25:00-04:00,45.92,45.96,45.92,45.96,5066
2017-10-30 12:30:00-04:00,45.96,45.96,45.94,45.94,3036
2017-10-30 12:35:00-04:00,45.91,45.95,45.91,45.93,4064
2017-10-30 12:40:00-04:00,45.93,45.96,45.93,45.95,2016
2017-10-30 12:45:00-04:00,45.935,45.95,45.93,45.95,1525
2017-10-30 12:50:00-04:00,45.945,46.01,45.945,45.99,4810
2017-10-30 12:55:00-04:00,45.99,45.99,45.98,45.98,1240
2017-10-30 13:00:00-04:00,45.98,45.99,45.975,45.98,2239
2017-10-30 13:05:00-04:00,45.98,46.0,45.97,46.0,2416
2017-10-30 13:10:00-04:00,46.0,46.07,46.0,46.05,4978
2017-10-30 13:15:00-04:00,46.05,46.07,46.05,46.065,2363
2017-10-30 13:20:00-04:00,46.045,46.045,46.005,46.005,3859
2017-10-30 13:25:00-04:00,46.01,46.01,46.0,46.0,972
2017-10-30 13:30:00-04:00,45.995,46.0,45.99,46.0,1640
2017-10-30 13:35:00-04:00,46.0,46.0,45.96,45.96,1761
2017-10-30 13:40:00-04:00,45.96,45.99,45.96,45.98,5253
2017-10-30 13:45:00-04:00,45.98,45.985,45.96,45.96,3722
2017-10-30 13:50:00-04:00,45.97,45.97,45.95,45.95,3495
2017-10-30 13:55:00-04:00,45.95,45.96,45.91,45.92,9338
2017-10-30 14:00:00-04:00,45.92,45.94,45.92,45.925,2400
2017-10-30 14:05:00-04:00,45.93,45.96,45.93,45.93,5793
2017-10-30 14:10:00-04:00,45.93,45.96,45.925,45.96,2921
2017-10-30 14:15:00-04:00,45.96,45.96,45.95,45.95,2501
2017-10-30 14:20:00-04:00,45.955,45.955,45.93,45.945,3843
2017-10-30 14:25:00-04:00,45.96,45.96,45.95,45.95,2401
2017-10-30 14:30:00-04:00,45.95,45.95,45.93,45.93,3578
2017-10-30 14:35:00-04:00,45.915,45.92,45.9,45.92,3272
2017-10-30 14:40:00-04:00,45.915,45.92,45.9,45.92,5772
2017-10-30 14:45:00-04:00,45.92,45.92,45.89,45.9,2385
2017-10-30 14:50:00-04:00,45.9,45.9,45.88,45.88,2557
2017-10-30 14:55:00-04:00,45.89,45.92,45.89,45.89,4568
2017-10-30 15:00:00-04:00,45.89,45.89,45.86,45.865,4030
2017-10-30 15:05:00-04:00,45.86,45.88,45.85,45.86,5448
2017-10-30 15:10:00-04:00,45.85,45.865,45.83,45.835,4611
2017-10-30 15:15:00-04:00,45.84,45.84,45.83,45.83,2093
2017-10-30 15:20:00-04:00,45.84,45.87,45.825,45.84,7126
2017-10-30 15:25:00-04:00,45.84,45.84,45.825,45.83,7255
2017-10-30 15:30:00-04:00,45.84,45.84,45.83,45.835,5720
2017-10-30 15:35:00-04:00,45.835,45.87,45.82,45.87,15140
2017-10-30 15:40:00-04:00,45.865,45.865,45.82,45.82,8418
2017-10-30 15:45:00-04:00,45.825,45.88,45.825,45.875,13075
2017-10-30 15:50:00-04:00,45.875,45.88,45.86,45.87,10016
2017-10-30 15:55:00-04:00,45.875,45.88,45.85,45.86,33906
2017-10-31 09:30:00-04:00,45.9,45.97,45.84,45.96,3159
2017-10-31 09:35:00-04:00,45.96,45.98,45.94,45.98,5508
2017-10-31 09:40:00-04:00,45.98,45.99,45.94,45.94,2455
2017-10-31 09:45:00-04:00,45.95,45.99,45.95,45.985,2446
2017-10-31 09:50:00-04:00,45.955,45.97,45.94,45.94,2413
2017-10-31 09:55:00-04:00,45.94,45.985,45.93,45.97,2065
2017-10-31 10:00:00-04:00,45.98,45.99,45.98,45.98,1200
2017-10-31 10:05:00-04:00,45.965,45.97,45.94,45.945,1814
2017-10-31 10:10:00-04:00,45.95,45.955,45.905,45.905,2669
2017-10-31 10:15:00-04:00,45.91,45.94,45.91,45.94,2542
2017-10-31 10:20:00-04:00,45.935,45.95,45.92,45.95,1938
2017-10-31 10:25:00-04:00,45.94,45.97,45.93,45.94,2968
2017-10-31 10:30:00-04:00,45.94,45.97,45.94,45.96,2151
2017-10-31 10:35:00-04:00,45.95,45.975,45.94,45.96,3425
2017-10-31 10:40:00-04:00,45.95,45.95,45.92,45.92,5255
2017-10-31 10:45:00-04:00,45.93,45.945,45.93,45.94,2853
2017-10-31 10:50:00-04:00,45.93,45.93,45.895,45.915,3710
2017-10-31 10:55:00-04:00,45.92,45.92,45.89,45.9,4738
2017-10-31 11:00:00-04:00,45.895,45.925,45.895,45.925,1300
2017-10-31 11:05:00-04:00,45.92,45.95,45.92,45.94,4332
2017-10-31 11:10:00-04:00,45.95,45.97,45.945,45.95,3809
2017-10-31 11:15:00-04:00,45.95,45.97,45.945,45.97,1900
2017-10-31 11:20:00-04:00,45.97,45.975,45.96,45.97,3010
2017-10-31 11:25:00-04:00,45.98,45.985,45.955,45.96,2761
2017-10-31 11:30:00-04:00,45.97,45.97,45.96,45.96,2136
2017-10-31 11:35:00-04:00,45.955,45.97,45.94,45.96,2335
2017-10-31 11:40:00-04:00,45.97,45.97,45.94,45.94,4876
2017-10-31 11:45:00-04:00,45.95,45.95,45.94,45.95,3446
2017-10-31 11:50:00-04:00,45.95,45.95,45.93,45.94,2578
2017-10-31 11:55:00-04:00,45.94,45.96,45.935,45.96,4000
2017-10-31 12:00:00-04:00,45.96,45.97,45.96,45.97,1318
2017-10-31 12:05:00-04:00,45.98,45.985,45.97,45.98,3634
2017-10-31 12:10:00-04:00,45.98,45.98,45.97,45.98,1858
2017-10-31 12:15:00-04:00,45.97,45.99,45.96,45.985,2293
2017-10-31 12:20:00-04:00,45.985,46.0,45.98,45.98,2097
2017-10-31 12:25:00-04:00,45.985,45.99,45.975,45.98,2748
2017-10-31 12:30:00-04:00,45.98,45.99,45.97,45.97,4119
2017-10-31 12:35:00-04:00,45.98,45.99,45.98,45.99,2117
2017-10-31 12:40:00-04:00,45.99,46.03,45.99,46.025,7095
2017-10-31 12:45:00-04:00,46.0,46.005,45.995,45.995,1434
2017-10-31 12:50:00-04:00,45.99,45.99,45.975,45.99,1877
2017-10-31 12:55:00-04:00,45.99,46.0,45.985,46.0,1766
2017-10-31 13:00:00-04:00,46.0,46.06,46.0,46.055,4411
2017-10-31 13:05:00-04:00,46.05,46.08,46.04,46.06,2121
2017-10-31 13:10:00-04:00,46.06,46.06,46.04,46.06,2850
2017-10-31 13:15:00-04:00,46.07,46.08,46.05,46.08,1414
2017-10-31 13:20:00-04:00,46.08,46.08,46.055,46.055,1726
2017-10-31 13:25:00-04:00,46.06,46.07,46.06,46.07,2288
2017-10-31 13:30:00-04:00,46.065,46.075,46.06,46.07,3380
2017-10-31 13:35:00-04:00,46.07,46.09,46.07,46.09,1284
2017-10-31 13:40:00-04:00,46.095,46.095,46.08,46.09,2601
2017-10-31 13:45:00-04:00,46.09,46.11,46.08,46.11,1381
2017-10-31 13:50:00-04:00,46.11,46.11,46.1,46.11,2479
2017-10-31 13:55:00-04:00,46.1,46.15,46.1,46.14,5800
2017-10-31 14:00:00-04:00,46.14,46.17,46.14,46.145,4176
2017-10-31 14:05:00-04:00,46.14,46.14,46.1,46.1,4012
2017-10-31 14:10:00-04:00,46.1,46.1,46.055,46.06,7229
2017-10-31 14:15:00-04:00,46.07,46.075,46.06,46.06,5221
2017-10-31 14:20:00-04:00,46.07,46.095,46.06,46.095,3550
2017-10-31 14:25:00-04:00,46.09,46.11,46.06,46.06,3155
2017-10-31 14:30:00-04:00,46.06,46.09,46.06,46.085,4225
2017-10-31 14:35:00-04:00,46.08,46.1,46.08,46.1,2126
2017-10-31 14:40:00-04:00,46.1,46.11,46.095,46.095,4831
2017-10-31 14:45:00-04:00,46.095,46.095,46.06,46.07,2828
2017-10-31 14:50:00-04:00,46.06,46.07,45.98,45.99,5466
2017-10-31 14:55:00-04:00,46.0,46.03,46.0,46.01,4020
2017-10-31 15:00:00-04:00,46.0,46.01,45.97,45.97,6834
2017-10-31 15:05:00-04:00,45.97,45.995,45.96,45.96,4882
2017-10-31 15:10:00-04:00,45.955,45.98,45.95,45.97,6619
2017-10-31 15:15:00-04:00,45.98,45.98,45.95,45.95,2869
2017-10-31 15:20:00-04:00,45.955,45.97,45.95,45.95,4967
2017-10-31 15:25:00-04:00,45.94,45.95,45.94,45.95,4554
2017-10-31 15:30:00-04:00,45.94,45.97,45.93,45.94,6369
2017-10-31 15:35:00-04:00,45.94,46.0,45.94,45.99,7402
2017-10-31 15:40:00-04:00,45.985,46.0,45.97,45.98,8069
2017-10-31 15:45:00-04:00,45.98,46.0,45.96,45.99,8771
2017-10-31 15:50:00-04:00,45.98,45.99,45.975,45.99,11540
2017-10-31 15:55:00-04:00,45.99,46.01,45.98,45.98,34287
2017-11-01 09:30:00-04:00,45.73,45.84,45.65,45.74,11156
2017-11-01 09:35:00-04:00,45.78,45.96,45.73,45.91,9258
2017-11-01 09:40:00-04:00,45.92,45.93,45.88,45.91,5058
2017-11-01 09:45:00-04:00,45.89,45.93,45.88,45.92,5556
2017-11-01 09:50:00-04:00,45.93,45.99,45.925,45.99,2690
2017-11-01 09:55:00-04:00,46.0,46.0,45.98,45.99,1000
2017-11-01 10:00:00-04:00,45.97,46.02,45.97,46.02,1219
2017-11-01 10:05:00-04:00,46.03,46.04,45.99,46.0,2195
2017-11-01 10:10:00-04:00,46.0,46.035,46.0,46.02,2491
2017-11-01 10:15:00-04:00,46.05,46.07,46.045,46.05,1489
2017-11-01 10:20:00-04:00,46.04,46.07,46.02,46.02,1601
2017-11-01 10:25:00-04:00,45.995,46.0,45.95,45.95,1543
2017-11-01 10:30:00-04:00,45.935,46.02,45.935,46.02,1545
2017-11-01 10:35:00-04:00,46.015,46.05,46.01,46.04,2485
2017-11-01 10:40:00-04:00,46.07,46.07,46.055,46.06,1200
2017-11-01 10:45:00-04:00,46.075,46.08,46.05,46.07,2643
2017-11-01 10:50:00-04:00,46.06,46.065,46.035,46.04,1598
2017-11-01 10:55:00-04:00,46.04,46.05,45.995,46.0,6727
2017-11-01 11:00:00-04:00,46.01,46.045,46.01,46.04,3115
2017-11-01 11:05:00-04:00,46.05,46.08,46.04,46.075,1511
2017-11-01 11:10:00-04:00,46.08,46.08,46.03,46.03,2240
2017-11-01 11:15:00-04:00,46.03,46.05,46.03,46.05,883
2017-11-01 11:20:00-04:00,46.05,46.06,46.01,46.015,2632
2017-11-01 11:25:00-04:00,46.01,46.02,46.005,46.005,583
2017-11-01 11:30:00-04:00,46.01,46.01,45.97,45.99,3499
2017-11-01 11:35:00-04:00,46.0,46.01,45.98,46.01,2967
2017-11-01 11:40:00-04:00,46.02,46.03,46.0,46.02,1906
2017-11-01 11:45:00-04:00,46.02,46.04,46.02,46.04,745
2017-11-01 11:50:00-04:00,46.04,46.04,46.005,46.015,1241
2017-11-01 11:55:00-04:00,46.01,46.04,46.01,46.02,2746
2017-11-01 12:00:00-04:00,46.01,46.02,45.99,45.99,1857
2017-11-01 12:05:00-04:00,45.995,46.03,45.995,46.02,1490
2017-11-01 12:10:00-04:00,46.03,46.035,46.015,46.025,7897
2017-11-01 12:15:00-04:00,46.03,46.05,46.03,46.04,8366
2017-11-01 12:20:00-04:00,46.04,46.07,46.03,46.07,5633
2017-11-01 12:25:00-04:00,46.07,46.09,46.065,46.075,3582
2017-11-01 12:30:00-04:00,46.075,46.08,46.01,46.015,6785
2017-11-01 12:35:00-04:00,46.01,46.01,45.97,45.98,2682
2017-11-01 12:40:00-04:00,45.99,46.02,45.99,45.99,1100
2017-11-01 12:45:00-04:00,45.98,45.98,45.955,45.96,6012
2017-11-01 12:50:00-04:00,45.95,45.955,45.94,45.95,1860
2017-11-01 12:55:00-04:00,45.95,45.95,45.93,45.93,17898
2017-11-01 13:00:00-04:00,45.93,45.935,45.905,45.905,3671
2017-11-01 13:05:00-04:00,45.91,45.91,45.865,45.87,9576
2017-11-01 13:10:00-04:00,45.875,45.895,45.865,45.895,7206
2017-11-01 13:15:00-04:00,45.9,45.9,45.87,45.875,3357
2017-11-01 13:20:00-04:00,45.87,45.89,45.87,45.87,4018
2017-11-01 13:25:00-04:00,45.87,45.87,45.845,45.85,3461
2017-11-01 13:30:00-04:00,45.85,45.87,45.85,45.87,1001
2017-11-01 13:35:00-04:00,45.87,45.88,45.86,45.88,6714
2017-11-01 13:40:00-04:00,45.87,45.905,45.87,45.89,2702
2017-11-01 13:45:00-04:00,45.9,45.9,45.89,45.895,2169
2017-11-01 13:50:00-04:00,45.9,45.905,45.88,45.885,4682
2017-11-01 13:55:00-04:00,45.88,45.885,45.855,45.885,10128
2017-11-01 14:00:00-04:00,45.88,45.96,45.88,45.96,8952
2017-11-01 14:05:00-04:00,45.96,45.96,45.94,45.94,1434
2017-11-01 14:10:00-04:00,45.93,45.93,45.9,45.9,3621
2017-11-01 14:15:00-04:00,45.905,45.905,45.89,45.89,7470
2017-11-01 14:20:00-04:00,45.88,45.89,45.86,45.87,4512
2017-11-01 14:25:00-04:00,45.88,45.89,45.845,45.87,7467
2017-11-01 14:30:00-04:00,45.86,45.9,45.86,45.89,7413
2017-11-01 14:35:00-04:00,45.9,45.94,45.9,45.92,5328
2017-11-01 14:40:00-04:00,45.92,45.925,45.9,45.925,4677
2017-11-01 14:45:00-04:00,45.92,45.94,45.91,45.94,5004
2017-11-01 14:50:00-04:00,45.94,45.94,45.895,45.905,4059
2017-11-01 14:55:00-04:00,45.91,45.92,45.905,45.91,4189
2017-11-01 15:00:00-04:00,45.92,45.92,45.85,45.88,4342
2017-11-01 15:05:00-04:00,45.88,45.895,45.875,45.89,5726
2017-11-01 15:10:00-04:00,45.89,45.9,45.88,45.9,4158
2017-11-01 15:15:00-04:00,45.9,45.905,45.86,45.88,5149
2017-11-01 15:20:00-04:00,45.87,45.88,45.85,45.85,5570
2017-11-01 15:25:00-04:00,45.86,45.9,45.855,45.89,5799
2017-11-01 15:30:00-04:00,45.885,45.885,45.86,45.88,6205
2017-11-01 15:35:00-04:00,45.88,45.89,45.88,45.89,6309
2017-11-01 15:40:00-04:00,45.885,45.885,45.84,45.845,11152
2017-11-01 15:45:00-04:00,45.835,45.835,45.78,45.78,15959
2017-11-01 15:50:00-04:00,45.79,45.82,45.79,45.8,21430
2017-11-01 15:55:00-04:00,45.805,45.83,45.79,45.8,36201
2017-11-02 09:30:00-04:00,45.78,45.88,45.76,45.88,2832
2017-11-02 09:35:00-04:00,45.9,45.91,45.83,45.84,2911
2017-11-02 09:40:00-04:00,45.83,45.87,45.78,45.87,6908
2017-11-02 09:45:00-04:00,45.88,45.89,45.85,45.86,5628
2017-11-02 09:50:00-04:00,45.86,45.92,45.86,45.89,2626
2017-11-02 09:55:00-04:00,45.88,45.91,45.87,45.885,3439
2017-11-02 10:00:00-04:00,45.87,45.89,45.87,45.875,4960
2017-11-02 10:05:00-04:00,45.88,45.89,45.83,45.83,8160
2017-11-02 10:10:00-04:00,45.835,45.85,45.78,45.8,5976
2017-11-02 10:15:00-04:00,45.805,45.805,45.745,45.79,3269
2017-11-02 10:20:00-04:00,45.77,45.775,45.75,45.77,2972
2017-11-02 10:25:00-04:00,45.78,45.79,45.77,45.79,5024
2017-11-02 10:30:00-04:00,45.78,45.87,45.775,45.84,9839
2017-11-02 10:35:00-04:00,45.84,45.85,45.805,45.82,4355
2017-11-02 10:40:00-04:00,45.82,45.82,45.78,45.78,5374
2017-11-02 10:45:00-04:00,45.78,45.81,45.78,45.81,11231
2017-11-02 10:50:00-04:00,45.825,45.87,45.82,45.87,5950
2017-11-02 10:55:00-04:00,45.865,45.865,45.79,45.82,12510
2017-11-02 11:00:00-04:00,45.83,45.88,45.82,45.86,8166
2017-11-02 11:05:00-04:00,45.86,45.86,45.84,45.86,2279
2017-11-02 11:10:00-04:00,45.86,45.86,45.83,45.84,3274
2017-11-02 11:15:00-04:00,45.835,45.865,45.835,45.85,2217
2017-11-02 11:20:00-04:00,45.86,45.9,45.86,45.88,2383
2017-11-02 11:25:00-04:00,45.87,45.895,45.87,45.885,3127
2017-11-02 11:30:00-04:00,45.88,45.88,45.85,45.86,2225
2017-11-02 11:35:00-04:00,45.89,45.9,45.87,45.9,2663
2017-11-02 11:40:00-04:00,45.9,45.905,45.885,45.9,3720
2017-11-02 11:45:00-04:00,45.91,45.91,45.875,45.89,4742
2017-11-02 11:50:00-04:00,45.9,45.91,45.89,45.895,3175
2017-11-02 11:55:00-04:00,45.895,45.9,45.88,45.89,4093
2017-11-02 12:00:00-04:00,45.88,45.9,45.87,45.9,1282
2017-11-02 12:05:00-04:00,45.9,45.9,45.85,45.85,44759
2017-11-02 12:10:00-04:00,45.87,45.87,45.85,45.86,2922
2017-11-02 12:15:00-04:00,45.85,45.85,45.81,45.82,1840
2017-11-02 12:20:00-04:00,45.82,45.85,45.82,45.85,2372
2017-11-02 12:25:00-04:00,45.85,45.855,45.82,45.82,4500
2017-11-02 12:30:00-04:00,45.82,45.87,45.82,45.865,3474
2017-11-02 12:35:00-04:00,45.86,45.87,45.835,45.85,2818
2017-11-02 12:40:00-04:00,45.855,45.855,45.825,45.855,2290
2017-11-02 12:45:00-04:00,45.85,45.85,45.83,45.835,2219
2017-11-02 12:50:00-04:00,45.83,45.87,45.83,45.86,4137
2017-11-02 12:55:00-04:00,45.87,45.87,45.82,45.86,2205
2017-11-02 13:00:00-04:00,45.83,45.87,45.83,45.85,2420
2017-11-02 13:05:00-04:00,45.86,45.865,45.84,45.85,2279
2017-11-02 13:10:00-04:00,45.85,45.87,45.85,45.86,1510
2017-11-02 13:15:00-04:00,45.87,45.91,45.87,45.89,2599
2017-11-02 13:20:00-04:00,45.885,45.9,45.885,45.89,1648
2017-11-02 13:25:00-04:00,45.89,45.89,45.855,45.89,7224
2017-11-02 13:30:00-04:00,45.86,45.87,45.835,45.835,2896
2017-11-02 13:35:00-04:00,45.85,45.86,45.8,45.82,7515
2017-11-02 13:40:00-04:00,45.82,45.83,45.79,45.8,6406
2017-11-02 13:45:00-04:00,45.795,45.83,45.79,45.81,4053
2017-11-02 13:50:00-04:00,45.81,45.84,45.81,45.815,3729
2017-11-02 13:55:00-04:00,45.83,45.86,45.83,45.86,2838
2017-11-02 14:00:00-04:00,45.865,45.88,45.83,45.85,6633
2017-11-02 14:05:00-04:00,45.84,45.86,45.84,45.86,2775
2017-11-02 14:10:00-04:00,45.86,45.86,45.83,45.84,3192
2017-11-02 14:15:00-04:00,45.84,45.85,45.82,45.85,3543
2017-11-02 14:20:00-04:00,45.84,45.86,45.84,45.86,1637
2017-11-02 14:25:00-04:00,45.85,45.86,45.84,45.85,2167
2017-11-02 14:30:00-04:00,45.83,45.85,45.83,45.84,3224
2017-11-02 14:35:00-04:00,45.85,45.87,45.84,45.84,2831
2017-11-02 14:40:00-04:00,45.84,45.85,45.81,45.82,2407
2017-11-02 14:45:00-04:00,45.83,45.83,45.8,45.8,1748
2017-11-02 14:50:00-04:00,45.81,45.83,45.81,45.815,2019
2017-11-02 14:55:00-04:00,45.82,45.84,45.82,45.83,1363
2017-11-02 15:00:00-04:00,45.83,45.86,45.83,45.86,1922
2017-11-02 15:05:00-04:00,45.85,45.86,45.84,45.84,1912
2017-11-02 15:10:00-04:00,45.84,45.85,45.83,45.84,2084
2017-11-02 15:15:00-04:00,45.84,45.84,45.83,45.83,2170
2017-11-02 15:20:00-04:00,45.84,45.86,45.83,45.84,2093
2017-11-02 15:25:00-04:00,45.85,45.86,45.85,45.85,3151
2017-11-02 15:30:00-04:00,45.85,45.855,45.82,45.84,4294
2017-11-02 15:35:00-04:00,45.84,45.85,45.84,45.84,5578
2017-11-02 15:40:00-04:00,45.87,45.9,45.87,45.88,4040
2017-11-02 15:45:00-04:00,45.88,45.9,45.86,45.9,8788
2017-11-02 15:50:00-04:00,45.895,45.91,45.88,45.9,13414
2017-11-02 15:55:00-04:00,45.89,45.94,45.89,45.91,50881
2017-11-03 09:30:00-04:00,45.97,46.08,45.97,46.01,4050
2017-11-03 09:35:00-04:00,45.98,45.99,45.92,45.94,4030
2017-11-03 09:40:00-04:00,45.94,46.01,45.94,46.01,4913
2017-11-03 09:45:00-04:00,46.04,46.04,45.98,46.005,4496
2017-11-03 09:50:00-04:00,46.01,46.03,45.995,46.02,7501
2017-11-03 09:55:00-04:00,46.04,46.055,46.025,46.03,3646
2017-11-03 10:00:00-04:00,46.03,46.04,46.005,46.02,4832
2017-11-03 10:05:00-04:00,46.03,46.06,46.02,46.06,6437
2017-11-03 10:10:00-04:00,46.07,46.09,46.065,46.08,2210
2017-11-03 10:15:00-04:00,46.08,46.08,46.06,46.06,1737
2017-11-03 10:20:00-04:00,46.08,46.08,46.07,46.07,1809
2017-11-03 10:25:00-04:00,46.08,46.08,46.06,46.06,1200
2017-11-03 10:30:00-04:00,46.06,46.08,46.05,46.07,3550
2017-11-03 10:35:00-04:00,46.07,46.08,46.06,46.07,2102
2017-11-03 10:40:00-04:00,46.06,46.06,46.035,46.035,3112
2017-11-03 10:45:00-04:00,46.03,46.04,46.03,46.03,1785
2017-11-03 10:50:00-04:00,46.04,46.05,46.04,46.05,1000
2017-11-03 10:55:00-04:00,46.06,46.06,46.04,46.04,2417
2017-11-03 11:00:00-04:00,46.03,46.04,46.0,46.02,3946
2017-11-03 11:05:00-04:00,46.02,46.02,46.0,46.0,960
2017-11-03 11:10:00-04:00,46.0,46.03,46.0,46.02,1893
2017-11-03 11:15:00-04:00,46.01,46.01,46.0,46.0,1451
2017-11-03 11:20:00-04:00,46.01,46.06,46.01,46.05,2981
2017-11-03 11:25:00-04:00,46.06,46.08,46.05,46.07,4156
2017-11-03 11:30:00-04:00,46.09,46.095,46.08,46.09,1401
2017-11-03 11:35:00-04:00,46.08,46.08,46.07,46.08,1690
2017-11-03 11:40:00-04:00,46.08,46.09,46.055,46.06,8582
2017-11-03 11:45:00-04:00,46.06,46.08,46.06,46.07,911
2017-11-03 11:50:00-04:00,46.07,46.085,46.07,46.08,1610
2017-11-03 11:55:00-04:00,46.07,46.09,46.07,46.08,2979
2017-11-03 12:00:00-04:00,46.08,46.09,46.08,46.09,1100
2017-11-03 12:05:00-04:00,46.09,46.1,46.08,46.09,2488
2017-11-03 12:10:00-04:00,46.1,46.11,46.1,46.1,1135
2017-11-03 12:15:00-04:00,46.12,46.12,46.11,46.11,800
2017-11-03 12:20:00-04:00,46.11,46.12,46.11,46.11,2572
2017-11-03 12:25:00-04:00,46.1,46.105,46.09,46.1,3204
2017-11-03 12:30:00-04:00,46.11,46.11,46.1,46.11,3092
2017-11-03 12:35:00-04:00,46.11,46.115,46.085,46.085,3362
2017-11-03 12:40:00-04:00,46.08,46.11,46.08,46.105,3442
2017-11-03 12:45:00-04:00,46.11,46.12,46.1,46.1,1362
2017-11-03 12:50:00-04:00,46.09,46.11,46.09,46.1,2417
2017-11-03 12:55:00-04:00,46.09,46.095,46.08,46.095,1200
2017-11-03 13:00:00-04:00,46.09,46.125,46.09,46.125,2558
2017-11-03 13:05:00-04:00,46.125,46.14,46.125,46.14,2013
2017-11-03 13:10:00-04:00,46.14,46.14,46.12,46.14,2571
2017-11-03 13:15:00-04:00,46.13,46.155,46.12,46.125,4387
2017-11-03 13:20:00-04:00,46.13,46.13,46.11,46.115,3750
2017-11-03 13:25:00-04:00,46.115,46.115,46.09,46.09,8850
2017-11-03 13:30:00-04:00,46.1,46.1,46.09,46.09,1401
2017-11-03 13:35:00-04:00,46.09,46.11,46.06,46.06,4366
2017-11-03 13:40:00-04:00,46.06,46.07,46.06,46.07,1401
2017-11-03 13:45:00-04:00,46.07,46.08,46.07,46.07,800
2017-11-03 13:50:00-04:00,46.09,46.095,46.09,46.09,800
2017-11-03 13:55:00-04:00,46.095,46.11,46.09,46.09,1642
2017-11-03 14:00:00-04:00,46.095,46.095,46.05,46.06,952
2017-11-03 14:05:00-04:00,46.06,46.07,46.05,46.06,2223
2017-11-03 14:10:00-04:00,46.06,46.07,46.055,46.06,1600
2017-11-03 14:15:00-04:00,46.07,46.08,46.07,46.07,923
2017-11-03 14:20:00-04:00,46.07,46.09,46.06,46.06,1300
2017-11-03 14:25:00-04:00,46.07,46.08,46.035,46.035,2701
2017-11-03 14:30:00-04:00,46.03,46.04,46.025,46.03,1300
2017-11-03 14:35:00-04:00,46.04,46.04,46.02,46.02,2414
2017-11-03 14:40:00-04:00,46.025,46.04,46.02,46.04,1254
2017-11-03 14:45:00-04:00,46.03,46.035,46.01,46.01,2595
2017-11-03 14:50:00-04:00,46.02,46.025,46.01,46.025,2045
2017-11-03 14:55:00-04:00,46.02,46.025,46.01,46.01,4854
2017-11-03 15:00:00-04:00,46.015,46.025,46.01,46.02,3234
2017-11-03 15:05:00-04:00,46.025,46.04,46.025,46.035,2896
2017-11-03 15:10:00-04:00,46.035,46.05,46.03,46.03,4760
2017-11-03 15:15:00-04:00,46.03,46.05,46.02,46.03,3342
2017-11-03 15:20:00-04:00,46.025,46.03,46.005,46.01,2183
2017-11-03 15:25:00-04:00,46.005,46.01,45.99,45.99,2415
2017-11-03 15:30:00-04:00,46.0,46.0,45.95,45.95,3336
2017-11-03 15:35:00-04:00,45.95,45.995,45.95,45.99,8818
2017-11-03 15:40:00-04:00,45.99,46.0,45.985,46.0,5639
2017-11-03 15:45:00-04:00,45.99,45.99,45.95,45.955,12899
2017-11-03 15:50:00-04:00,45.955,45.96,45.93,45.955,23356
2017-11-03 15:55:00-04:00,45.97,45.98,45.94,45.97,36523
2017-11-06 09:30:00-05:00,45.88,45.91,45.76,45.845,6057
2017-11-06 09:35:00-05:00,45.84,45.88,45.805,45.85,4409
2017-11-06 09:40:00-05:00,45.82,45.87,45.8,45.84,3474
2017-11-06 09:45:00-05:00,45.85,45.86,45.83,45.86,2200
2017-11-06 09:50:00-05:00,45.81,45.88,45.81,45.86,1500
2017-11-06 09:55:00-05:00,45.85,45.855,45.825,45.85,1400
2017-11-06 10:00:00-05:00,45.865,45.87,45.805,45.805,7940
2017-11-06 10:05:00-05:00,45.805,45.84,45.805,45.82,7821
2017-11-06 10:10:00-05:00,45.825,45.83,45.81,45.81,5453
2017-11-06 10:15:00-05:00,45.81,45.82,45.76,45.765,5403
2017-11-06 10:20:00-05:00,45.765,45.765,45.69,45.71,10409
2017-11-06 10:25:00-05:00,45.72,45.73,45.69,45.73,6656
2017-11-06 10:30:00-05:00,45.72,45.73,45.68,45.69,6206
2017-11-06 10:35:00-05:00,45.69,45.73,45.69,45.73,4702
2017-11-06 10:40:00-05:00,45.72,45.77,45.72,45.76,3786
2017-11-06 10:45:00-05:00,45.77,45.78,45.74,45.75,3620
2017-11-06 10:50:00-05:00,45.75,45.75,45.69,45.7,3085
2017-11-06 10:55:00-05:00,45.7,45.72,45.675,45.675,4710
2017-11-06 11:00:00-05:00,45.66,45.66,45.62,45.62,14754
2017-11-06 11:05:00-05:00,45.6,45.62,45.585,45.59,10079
2017-11-06 11:10:00-05:00,45.58,45.63,45.56,45.61,10257
2017-11-06 11:15:00-05:00,45.61,45.66,45.61,45.645,2910
2017-11-06 11:20:00-05:00,45.64,45.69,45.64,45.685,5241
2017-11-06 11:25:00-05:00,45.68,45.7,45.68,45.7,2314
2017-11-06 11:30:00-05:00,45.71,45.73,45.69,45.73,4784
2017-11-06 11:35:00-05:00,45.73,45.73,45.66,45.66,1916
2017-11-06 11:40:00-05:00,45.66,45.66,45.61,45.61,1373
2017-11-06 11:45:00-05:00,45.6,45.64,45.6,45.6,6454
2017-11-06 11:50:00-05:00,45.595,45.62,45.57,45.58,20742
2017-11-06 11:55:00-05:00,45.58,45.59,45.555,45.56,5804
2017-11-06 12:00:00-05:00,45.56,45.6,45.56,45.6,3284
2017-11-06 12:05:00-05:00,45.59,45.6,45.56,45.56,8127
2017-11-06 12:10:00-05:00,45.56,45.56,45.55,45.555,4292
2017-11-06 12:15:00-05:00,45.56,45.57,45.55,45.57,6302
2017-11-06 12:20:00-05:00,45.565,45.58,45.56,45.57,4045
2017-11-06 12:25:00-05:00,45.57,45.58,45.55,45.58,4374
2017-11-06 12:30:00-05:00,45.58,45.61,45.58,45.6,1850
2017-11-06 12:35:00-05:00,45.6,45.61,45.59,45.6,2934
2017-11-06 12:40:00-05:00,45.6,45.63,45.6,45.63,3178
2017-11-06 12:45:00-05:00,45.63,45.64,45.62,45.635,5335
2017-11-06 12:50:00-05:00,45.63,45.65,45.63,45.65,3188
2017-11-06 12:55:00-05:00,45.66,45.66,45.64,45.65,3048
2017-11-06 13:00:00-05:00,45.64,45.65,45.63,45.65,3817
2017-11-06 13:05:00-05:00,45.64,45.655,45.64,45.645,3967
2017-11-06 13:10:00-05:00,45.645,45.665,45.64,45.665,2501
2017-11-06 13:15:00-05:00,45.66,45.665,45.61,45.61,2231
2017-11-06 13:20:00-05:00,45.64,45.64,45.625,45.64,1521
2017-11-06 13:25:00-05:00,45.64,45.655,45.64,45.64,6820
2017-11-06 13:30:00-05:00,45.64,45.64,45.6,45.6,3007
2017-11-06 13:35:00-05:00,45.6,45.625,45.6,45.6,7921
2017-11-06 13:40:00-05:00,45.61,45.62,45.61,45.62,3115
2017-11-06 13:45:00-05:00,45.63,45.63,45.62,45.62,1064
2017-11-06 13:50:00-05:00,45.63,45.64,45.62,45.62,1432
2017-11-06 13:55:00-05:00,45.63,45.63,45.62,45.62,2181
2017-11-06 14:00:00-05:00,45.62,45.62,45.61,45.62,564
2017-11-06 14:05:00-05:00,45.63,45.63,45.62,45.62,1205
2017-11-06 14:10:00-05:00,45.62,45.62,45.59,45.59,2904
2017-11-06 14:15:00-05:00,45.59,45.6,45.59,45.59,5941
2017-11-06 14:20:00-05:00,45.59,45.6,45.57,45.57,3341
2017-11-06 14:25:00-05:00,45.57,45.58,45.555,45.56,3892
2017-11-06 14:30:00-05:00,45.56,45.57,45.555,45.56,3340
2017-11-06 14:35:00-05:00,45.555,45.58,45.555,45.57,2340
2017-11-06 14:40:00-05:00,45.56,45.575,45.56,45.57,2571
2017-11-06 14:45:00-05:00,45.56,45.57,45.56,45.565,3271
2017-11-06 14:50:00-05:00,45.56,45.565,45.55,45.56,4059
2017-11-06 14:55:00-05:00,45.56,45.57,45.55,45.56,2710
2017-11-06 15:00:00-05:00,45.555,45.57,45.555,45.57,1476
2017-11-06 15:05:00-05:00,45.57,45.57,45.55,45.55,5554
2017-11-06 15:10:00-05:00,45.55,45.56,45.55,45.55,3220
2017-11-06 15:15:00-05:00,45.55,45.555,45.55,45.55,3824
2017-11-06 15:20:00-05:00,45.55,45.56,45.53,45.53,6973
2017-11-06 15:25:00-05:00,45.52,45.535,45.47,45.47,15447
2017-11-06 15:30:00-05:00,45.47,45.49,45.455,45.46,9131
2017-11-06 15:35:00-05:00,45.46,45.47,45.45,45.47,6469
2017-11-06 15:40:00-05:00,45.465,45.48,45.42,45.42,18414
2017-11-06 15:45:00-05:00,45.42,45.47,45.42,45.47,10750
2017-11-06 15:50:00-05:00,45.47,45.485,45.45,45.46,37246
2017-11-06 15:55:00-05:00,45.46,45.48,45.44,45.47,37010
2017-11-08 09:30:00-05:00,45.96,46.095,45.91,46.045,8045
2017-11-08 09:35:00-05:00,46.05,46.12,46.05,46.11,9185
2017-11-08 09:40:00-05:00,46.12,46.125,46.03,46.07,8393
2017-11-08 09:45:00-05:00,46.07,46.155,46.07,46.145,9794
2017-11-08 09:50:00-05:00,46.14,46.14,46.1,46.1,9646
2017-11-08 09:55:00-05:00,46.1,46.18,46.1,46.175,7804
2017-11-08 10:00:00-05:00,46.17,46.18,46.13,46.16,5186
2017-11-08 10:05:00-05:00,46.16,46.19,46.125,46.16,7553
2017-11-08 10:10:00-05:00,46.16,46.16,46.09,46.105,8734
2017-11-08 10:15:00-05:00,46.11,46.17,46.105,46.165,9283
2017-11-08 10:20:00-05:00,46.155,46.16,46.11,46.12,7413
2017-11-08 10:25:00-05:00,46.12,46.19,46.12,46.175,3253
2017-11-08 10:30:00-05:00,46.18,46.18,46.13,46.14,6209
2017-11-08 10:35:00-05:00,46.15,46.15,46.125,46.13,4581
2017-11-08 10:40:00-05:00,46.13,46.13,46.1,46.11,4064
2017-11-08 10:45:00-05:00,46.1,46.1,46.055,46.055,5024
2017-11-08 10:50:00-05:00,46.055,46.09,46.03,46.065,7068
2017-11-08 10:55:00-05:00,46.07,46.095,46.045,46.09,6056
2017-11-08 11:00:00-05:00,46.1,46.1,46.05,46.05,6235
2017-11-08 11:05:00-05:00,46.06,46.08,46.05,46.08,2758
2017-11-08 11:10:00-05:00,46.075,46.08,46.065,46.075,3535
2017-11-08 11:15:00-05:00,46.08,46.09,46.065,46.07,3456
2017-11-08 11:20:00-05:00,46.06,46.065,46.035,46.05,2528
2017-11-08 11:25:00-05:00,46.045,46.09,46.045,46.085,3797
2017-11-08 11:30:00-05:00,46.085,46.09,46.045,46.09,8141
2017-11-08 11:35:00-05:00,46.085,46.1,46.07,46.1,8207
2017-11-08 11:40:00-05:00,46.1,46.1,46.06,46.085,9551
2017-11-08 11:45:00-05:00,46.08,46.1,46.075,46.085,7737
2017-11-08 11:50:00-05:00,46.09,46.1,46.08,46.085,4692
2017-11-08 11:55:00-05:00,46.09,46.1,46.07,46.085,5925
2017-11-08 12:00:00-05:00,46.085,46.09,46.08,46.09,4868
2017-11-08 12:05:00-05:00,46.09,46.09,46.06,46.08,8797
2017-11-08 12:10:00-05:00,46.06,46.09,46.06,46.06,3470
2017-11-08 12:15:00-05:00,46.06,46.065,46.04,46.045,8602
2017-11-08 12:20:00-05:00,46.045,46.05,46.035,46.035,11837
2017-11-08 12:25:00-05:00,46.03,46.06,46.03,46.06,3205
2017-11-08 12:30:00-05:00,46.065,46.08,46.06,46.075,2792
2017-11-08 12:35:00-05:00,46.08,46.085,46.075,46.085,1480
2017-11-08 12:40:00-05:00,46.08,46.08,46.06,46.065,2722
2017-11-08 12:45:00-05:00,46.065,46.08,46.06,46.08,1238
2017-11-08 12:50:00-05:00,46.08,46.09,46.07,46.09,1583
2017-11-08 12:55:00-05:00,46.08,46.085,46.08,46.085,5074
2017-11-08 13:00:00-05:00,46.09,46.095,46.07,46.08,4953
2017-11-08 13:05:00-05:00,46.07,46.09,46.06,46.09,3038
2017-11-08 13:10:00-05:00,46.09,46.09,46.07,46.075,4075
2017-11-08 13:15:00-05:00,46.08,46.08,46.06,46.065,4100
2017-11-08 13:20:00-05:00,46.06,46.06,46.05,46.06,1718
2017-11-08 13:25:00-05:00,46.07,46.08,46.07,46.08,4211
2017-11-08 13:30:00-05:00,46.09,46.09,46.08,46.085,2300
2017-11-08 13:35:00-05:00,46.09,46.1,46.09,46.1,1257
2017-11-08 13:40:00-05:00,46.095,46.115,46.095,46.115,1273
2017-11-08 13:45:00-05:00,46.115,46.12,46.11,46.12,936
2017-11-08 13:50:00-05:00,46.12,46.12,46.11,46.12,2328
2017-11-08 13:55:00-05:00,46.115,46.14,46.115,46.14,1600
2017-11-08 14:00:00-05:00,46.15,46.155,46.13,46.14,4293
2017-11-08 14:05:00-05:00,46.145,46.145,46.14,46.14,3235
2017-11-08 14:10:00-05:00,46.15,46.16,46.15,46.15,596
2017-11-08 14:15:00-05:00,46.16,46.16,46.14,46.145,3143
2017-11-08 14:20:00-05:00,46.145,46.155,46.13,46.135,5295
2017-11-08 14:25:00-05:00,46.14,46.14,46.125,46.125,9826
2017-11-08 14:30:00-05:00,46.125,46.125,46.1,46.12,4617
2017-11-08 14:35:00-05:00,46.115,46.13,46.115,46.13,3165
2017-11-08 14:40:00-05:00,46.13,46.14,46.13,46.13,4791
2017-11-08 14:45:00-05:00,46.13,46.16,46.13,46.155,2784
2017-11-08 14:50:00-05:00,46.16,46.17,46.15,46.17,2322
2017-11-08 14:55:00-05:00,46.16,46.17,46.16,46.16,6258
2017-11-08 15:00:00-05:00,46.155,46.155,46.14,46.15,4363
2017-11-08 15:05:00-05:00,46.15,46.16,46.15,46.15,4053
2017-11-08 15:10:00-05:00,46.15,46.15,46.105,46.125,5089
2017-11-08 15:15:00-05:00,46.125,46.14,46.12,46.14,2848
2017-11-08 15:20:00-05:00,46.135,46.14,46.125,46.14,4067
2017-11-08 15:25:00-05:00,46.14,46.145,46.13,46.14,3572
2017-11-08 15:30:00-05:00,46.14,46.15,46.14,46.15,5539
2017-11-08 15:35:00-05:00,46.16,46.17,46.16,46.17,3966
2017-11-08 15:40:00-05:00,46.165,46.165,46.15,46.155,6299
2017-11-08 15:45:00-05:00,46.15,46.15,46.11,46.145,8240
2017-11-08 15:50:00-05:00,46.15,46.17,46.13,46.17,11771
2017-11-08 15:55:00-05:00,46.16,46.18,46.12,46.18,38634
2017-11-09 09:30:00-05:00,46.095,46.25,46.02,46.24,8907
2017-11-09 09:35:00-05:00,46.28,46.34,46.26,46.27,10231
2017-11-09 09:40:00-05:00,46.27,46.34,46.27,46.325,6959
2017-11-09 09:45:00-05:00,46.33,46.35,46.31,46.34,16428
2017-11-09 09:50:00-05:00,46.33,46.38,46.325,46.36,14970
2017-11-09 09:55:00-05:00,46.35,46.37,46.31,46.31,12241
2017-11-09 10:00:00-05:00,46.32,46.34,46.28,46.33,10102
2017-11-09 10:05:00-05:00,46.33,46.35,46.315,46.33,12338
2017-11-09 10:10:00-05:00,46.33,46.33,46.26,46.265,9696
2017-11-09 10:15:00-05:00,46.28,46.33,46.28,46.3,6830
2017-11-09 10:20:00-05:00,46.305,46.34,46.3,46.3,5566
2017-11-09 10:25:00-05:00,46.29,46.29,46.235,46.24,10528
2017-11-09 10:30:00-05:00,46.24,46.24,46.195,46.235,7684
2017-11-09 10:35:00-05:00,46.24,46.25,46.195,46.2,6287
2017-11-09 10:40:00-05:00,46.195,46.2,46.17,46.2,6309
2017-11-09 10:45:00-05:00,46.19,46.2,46.155,46.155,7161
2017-11-09 10:50:00-05:00,46.155,46.18,46.15,46.17,8058
2017-11-09 10:55:00-05:00,46.18,46.19,46.16,46.18,21151
2017-11-09 11:00:00-05:00,46.18,46.205,46.17,46.19,12410
2017-11-09 11:05:00-05:00,46.19,46.21,46.18,46.2,8654
2017-11-09 11:10:00-05:00,46.195,46.195,46.135,46.135,11420
2017-11-09 11:15:00-05:00,46.13,46.15,46.115,46.13,9457
2017-11-09 11:20:00-05:00,46.13,46.14,46.11,46.14,12454
2017-11-09 11:25:00-05:00,46.135,46.135,46.12,46.125,6405
2017-11-09 11:30:00-05:00,46.125,46.16,46.125,46.14,5980
2017-11-09 11:35:00-05:00,46.15,46.17,46.14,46.15,3533
2017-11-09 11:40:00-05:00,46.15,46.15,46.14,46.15,5971
2017-11-09 11:45:00-05:00,46.15,46.155,46.11,46.13,5922
2017-11-09 11:50:00-05:00,46.135,46.15,46.11,46.15,2657
2017-11-09 11:55:00-05:00,46.155,46.175,46.15,46.165,4044
2017-11-09 12:00:00-05:00,46.165,46.175,46.11,46.11,9609
2017-11-09 12:05:00-05:00,46.11,46.135,46.1,46.1,4835
2017-11-09 12:10:00-05:00,46.11,46.11,46.07,46.07,7843
2017-11-09 12:15:00-05:00,46.06,46.125,46.05,46.11,4084
2017-11-09 12:20:00-05:00,46.11,46.13,46.095,46.13,2760
2017-11-09 12:25:00-05:00,46.12,46.13,46.1,46.11,4991
2017-11-09 12:30:00-05:00,46.105,46.12,46.09,46.115,4851
2017-11-09 12:35:00-05:00,46.12,46.16,46.115,46.12,6000
2017-11-09 12:40:00-05:00,46.125,46.125,46.09,46.09,3635
2017-11-09 12:45:00-05:00,46.11,46.16,46.09,46.16,2265
2017-11-09 12:50:00-05:00,46.15,46.155,46.13,46.13,4434
2017-11-09 12:55:00-05:00,46.12,46.13,46.105,46.11,7216
2017-11-09 13:00:00-05:00,46.115,46.12,46.1,46.11,5003
2017-11-09 13:05:00-05:00,46.11,46.115,46.1,46.11,1690
2017-11-09 13:10:00-05:00,46.12,46.18,46.12,46.18,2343
2017-11-09 13:15:00-05:00,46.17,46.175,46.14,46.14,3901
2017-11-09 13:20:00-05:00,46.14,46.15,46.12,46.12,7027
2017-11-09 13:25:00-05:00,46.115,46.125,46.11,46.125,4570
2017-11-09 13:30:00-05:00,46.125,46.16,46.125,46.155,4215
2017-11-09 13:35:00-05:00,46.15,46.16,46.14,46.14,2711
2017-11-09 13:40:00-05:00,46.14,46.145,46.13,46.145,2327
2017-11-09 13:45:00-05:00,46.15,46.15,46.15,46.15,2436
2017-11-09 13:50:00-05:00,46.15,46.16,46.15,46.16,2531
2017-11-09 13:55:00-05:00,46.165,46.165,46.12,46.13,6260
2017-11-09 14:00:00-05:00,46.14,46.16,46.135,46.155,3508
2017-11-09 14:05:00-05:00,46.155,46.18,46.145,46.17,6917
2017-11-09 14:10:00-05:00,46.165,46.18,46.155,46.17,4156
2017-11-09 14:15:00-05:00,46.175,46.22,46.175,46.22,2790
2017-11-09 14:20:00-05:00,46.22,46.22,46.2,46.21,3693
2017-11-09 14:25:00-05:00,46.215,46.23,46.215,46.22,3837
2017-11-09 14:30:00-05:00,46.225,46.23,46.22,46.23,2155
2017-11-09 14:35:00-05:00,46.22,46.225,46.17,46.175,7119
2017-11-09 14:40:00-05:00,46.17,46.18,46.165,46.17,5829
2017-11-09 14:45:00-05:00,46.17,46.18,46.16,46.18,6566
2017-11-09 14:50:00-05:00,46.18,46.19,46.17,46.175,5359
2017-11-09 14:55:00-05:00,46.175,46.18,46.17,46.17,83677
2017-11-09 15:00:00-05:00,46.17,46.195,46.17,46.18,4941
2017-11-09 15:05:00-05:00,46.18,46.195,46.175,46.185,7161
2017-11-09 15:10:00-05:00,46.19,46.2,46.18,46.2,4851
2017-11-09 15:15:00-05:00,46.2,46.21,46.19,46.2,8626
2017-11-09 15:20:00-05:00,46.2,46.24,46.195,46.225,8065
2017-11-09 15:25:00-05:00,46.22,46.25,46.21,46.245,11306
2017-11-09 15:30:00-05:00,46.25,46.27,46.245,46.255,7813
2017-11-09 15:35:00-05:00,46.255,46.26,46.21,46.23,12838
2017-11-09 15:40:00-05:00,46.23,46.235,46.215,46.23,11529
2017-11-09 15:45:00-05:00,46.225,46.24,46.22,46.225,11557
2017-11-09 15:50:00-05:00,46.23,46.24,46.225,46.24,20486
2017-11-09 15:55:00-05:00,46.235,46.285,46.225,46.235,38025
2017-11-10 09:30:00-05:00,46.175,46.35,46.14,46.285,30325
2017-11-10 09:35:00-05:00,46.285,46.33,46.275,46.31,51105
2017-11-10 09:40:00-05:00,46.315,46.36,46.3,46.32,15500
2017-11-10 09:45:00-05:00,46.33,46.33,46.215,46.26,9717
2017-11-10 09:50:00-05:00,46.295,46.355,46.295,46.355,24212
2017-11-10 09:55:00-05:00,46.36,46.38,46.305,46.34,17151
2017-11-10 10:00:00-05:00,46.35,46.37,46.305,46.33,16494
2017-11-10 10:05:00-05:00,46.325,46.34,46.3,46.34,14095
2017-11-10 10:10:00-05:00,46.34,46.41,46.34,46.41,7184
2017-11-10 10:15:00-05:00,46.4,46.405,46.38,46.4,6866
2017-11-10 10:20:00-05:00,46.41,46.41,46.395,46.4,8490
2017-11-10 10:25:00-05:00,46.4,46.42,46.39,46.42,7734
2017-11-10 10:30:00-05:00,46.415,46.43,46.39,46.395,13818
2017-11-10 10:35:00-05:00,46.395,46.41,46.385,46.395,13648
2017-11-10 10:40:00-05:00,46.4,46.405,46.37,46.38,6020
2017-11-10 10:45:00-05:00,46.39,46.405,46.375,46.375,7458
2017-11-10 10:50:00-05:00,46.37,46.38,46.35,46.36,5537
2017-11-10 10:55:00-05:00,46.37,46.385,46.36,46.385,2852
2017-11-10 11:00:00-05:00,46.39,46.41,46.39,46.405,4920
2017-11-10 11:05:00-05:00,46.41,46.44,46.41,46.43,9143
2017-11-10 11:10:00-05:00,46.435,46.45,46.42,46.43,8701
2017-11-10 11:15:00-05:00,46.44,46.44,46.39,46.39,15992
2017-11-10 11:20:00-05:00,46.395,46.41,46.375,46.375,10553
2017-11-10 11:25:00-05:00,46.375,46.385,46.35,46.37,8373
2017-11-10 11:30:00-05:00,46.37,46.43,46.36,46.42,14663
2017-11-10 11:35:00-05:00,46.42,46.44,46.42,46.42,7405
2017-11-10 11:40:00-05:00,46.42,46.42,46.37,46.38,13038
2017-11-10 11:45:00-05:00,46.39,46.41,46.38,46.405,4738
2017-11-10 11:50:00-05:00,46.405,46.465,46.405,46.465,13616
2017-11-10 11:55:00-05:00,46.47,46.49,46.47,46.48,4883
2017-11-10 12:00:00-05:00,46.475,46.49,46.46,46.49,5730
2017-11-10 12:05:00-05:00,46.485,46.49,46.48,46.485,3409
2017-11-10 12:10:00-05:00,46.49,46.495,46.485,46.49,10560
2017-11-10 12:15:00-05:00,46.49,46.495,46.48,46.485,6086
2017-11-10 12:20:00-05:00,46.48,46.49,46.48,46.485,4963
2017-11-10 12:25:00-05:00,46.485,46.5,46.485,46.495,4585
2017-11-10 12:30:00-05:00,46.495,46.495,46.45,46.46,7604
2017-11-10 12:35:00-05:00,46.46,46.46,46.45,46.45,4432
2017-11-10 12:40:00-05:00,46.45,46.47,46.445,46.47,2700
2017-11-10 12:45:00-05:00,46.49,46.49,46.48,46.48,4401
2017-11-10 12:50:00-05:00,46.485,46.49,46.455,46.455,11837
2017-11-10 12:55:00-05:00,46.455,46.475,46.45,46.46,24727
2017-11-10 13:00:00-05:00,46.455,46.48,46.455,46.475,6147
2017-11-10 13:05:00-05:00,46.475,46.49,46.47,46.49,16654
2017-11-10 13:10:00-05:00,46.495,46.495,46.48,46.49,5124
2017-11-10 13:15:00-05:00,46.48,46.49,46.48,46.48,3769
2017-11-10 13:20:00-05:00,46.49,46.49,46.48,46.485,3513
2017-11-10 13:25:00-05:00,46.49,46.49,46.48,46.485,3493
2017-11-10 13:30:00-05:00,46.485,46.5,46.485,46.49,5457
2017-11-10 13:35:00-05:00,46.5,46.5,46.475,46.5,4653
2017-11-10 13:40:00-05:00,46.495,46.5,46.475,46.48,4929
2017-11-10 13:45:00-05:00,46.48,46.49,46.475,46.49,3080
2017-11-10 13:50:00-05:00,46.48,46.49,46.475,46.475,5793
2017-11-10 13:55:00-05:00,46.48,46.495,46.475,46.495,3416
2017-11-10 14:00:00-05:00,46.49,46.51,46.49,46.51,5382
2017-11-10 14:05:00-05:00,46.51,46.54,46.5,46.535,4967
2017-11-10 14:10:00-05:00,46.54,46.56,46.535,46.56,11620
2017-11-10 14:15:00-05:00,46.555,46.56,46.545,46.555,8623
2017-11-10 14:20:00-05:00,46.555,46.58,46.55,46.58,3793
2017-11-10 14:25:00-05:00,46.58,46.6,46.57,46.575,17700
2017-11-10 14:30:00-05:00,46.585,46.6,46.58,46.6,9578
2017-11-10 14:35:00-05:00,46.595,46.6,46.58,46.585,5496
2017-11-10 14:40:00-05:00,46.59,46.605,46.59,46.605,6694
2017-11-10 14:45:00-05:00,46.61,46.61,46.58,46.58,3485
2017-11-10 14:50:00-05:00,46.585,46.59,46.545,46.545,8166
2017-11-10 14:55:00-05:00,46.54,46.57,46.53,46.55,8242
2017-11-10 15:00:00-05:00,46.55,46.56,46.54,46.55,6653
2017-11-10 15:05:00-05:00,46.55,46.555,46.53,46.555,7105
2017-11-10 15:10:00-05:00,46.56,46.56,46.55,46.555,8996
2017-11-10 15:15:00-05:00,46.56,46.59,46.56,46.59,8863
2017-11-10 15:20:00-05:00,46.59,46.63,46.59,46.63,4923
2017-11-10 15:25:00-05:00,46.63,46.64,46.61,46.64,8196
2017-11-10 15:30:00-05:00,46.64,46.64,46.59,46.59,10242
2017-11-10 15:35:00-05:00,46.595,46.63,46.59,46.6,10978
2017-11-10 15:40:00-05:00,46.605,46.605,46.59,46.595,8502
2017-11-10 15:45:00-05:00,46.6,46.605,46.58,46.585,17131
2017-11-10 15:50:00-05:00,46.585,46.61,46.58,46.6,31710
2017-11-10 15:55:00-05:00,46.605,46.61,46.53,46.53,97311
2017-11-14 09:30:00-05:00,46.7,46.85,46.66,46.84,10377
2017-11-14 09:35:00-05:00,46.86,46.93,46.85,46.91,11951
2017-11-14 09:40:00-05:00,46.91,46.92,46.79,46.82,10558
2017-11-14 09:45:00-05:00,46.82,46.84,46.75,46.8,8455
2017-11-14 09:50:00-05:00,46.8,46.8,46.72,46.73,7438
2017-11-14 09:55:00-05:00,46.73,46.75,46.71,46.72,9163
2017-11-14 10:00:00-05:00,46.72,46.73,46.65,46.69,8851
2017-11-14 10:05:00-05:00,46.68,46.73,46.625,46.73,10084
2017-11-14 10:10:00-05:00,46.71,46.77,46.675,46.77,7374
2017-11-14 10:15:00-05:00,46.765,46.77,46.7,46.73,6547
2017-11-14 10:20:00-05:00,46.72,46.78,46.72,46.77,6000
2017-11-14 10:25:00-05:00,46.77,46.78,46.76,46.775,6796
2017-11-14 10:30:00-05:00,46.775,46.8,46.77,46.79,4409
2017-11-14 10:35:00-05:00,46.79,46.82,46.78,46.82,7006
2017-11-14 10:40:00-05:00,46.84,46.87,46.825,46.87,7981
2017-11-14 10:45:00-05:00,46.87,46.89,46.86,46.89,16473
2017-11-14 10:50:00-05:00,46.89,46.905,46.865,46.9,10893
2017-11-14 10:55:00-05:00,46.9,46.95,46.9,46.94,11441
2017-11-14 11:00:00-05:00,46.95,46.95,46.935,46.94,7452
2017-11-14 11:05:00-05:00,46.94,46.95,46.93,46.93,5586
2017-11-14 11:10:00-05:00,46.94,46.95,46.935,46.94,8818
2017-11-14 11:15:00-05:00,46.94,46.95,46.93,46.95,5542
2017-11-14 11:20:00-05:00,46.95,46.95,46.93,46.935,10974
2017-11-14 11:25:00-05:00,46.94,46.95,46.93,46.93,3612
2017-11-14 11:30:00-05:00,46.935,46.975,46.935,46.975,14748
2017-11-14 11:35:00-05:00,46.98,47.08,46.97,47.06,23067
2017-11-14 11:40:00-05:00,47.06,47.115,47.06,47.1,14131
2017-11-14 11:45:00-05:00,47.1,47.15,47.08,47.15,9216
2017-11-14 11:50:00-05:00,47.15,47.25,47.15,47.24,17187
2017-11-14 11:55:00-05:00,47.24,47.32,47.24,47.295,6769
2017-11-14 12:00:00-05:00,47.3,47.35,47.28,47.33,9440
2017-11-14 12:05:00-05:00,47.335,47.35,47.3,47.31,10274
2017-11-14 12:10:00-05:00,47.32,47.32,47.25,47.27,6179
2017-11-14 12:15:00-05:00,47.27,47.29,47.24,47.275,8029
2017-11-14 12:20:00-05:00,47.27,47.31,47.27,47.3,10997
2017-11-14 12:25:00-05:00,47.29,47.3,47.26,47.28,8113
2017-11-14 12:30:00-05:00,47.28,47.28,47.23,47.26,5138
2017-11-14 12:35:00-05:00,47.26,47.305,47.26,47.3,9528
2017-11-14 12:40:00-05:00,47.305,47.37,47.305,47.34,20580
2017-11-14 12:45:00-05:00,47.34,47.35,47.34,47.34,3527
2017-11-14 12:50:00-05:00,47.35,47.355,47.32,47.33,5601
2017-11-14 12:55:00-05:00,47.335,47.34,47.315,47.33,3978
2017-11-14 13:00:00-05:00,47.33,47.35,47.33,47.345,3665
2017-11-14 13:05:00-05:00,47.34,47.35,47.33,47.33,2430
2017-11-14 13:10:00-05:00,47.34,47.34,47.32,47.34,12778
2017-11-14 13:15:00-05:00,47.34,47.34,47.33,47.34,3417
2017-11-14 13:20:00-05:00,47.335,47.35,47.33,47.35,4308
2017-11-14 13:25:00-05:00,47.35,47.35,47.335,47.335,6309
2017-11-14 13:30:00-05:00,47.33,47.34,47.3,47.34,5749
2017-11-14 13:35:00-05:00,47.335,47.35,47.325,47.33,5675
2017-11-14 13:40:00-05:00,47.34,47.34,47.33,47.335,1840
2017-11-14 13:45:00-05:00,47.335,47.34,47.33,47.34,2945
2017-11-14 13:50:00-05:00,47.34,47.34,47.32,47.335,20972
2017-11-14 13:55:00-05:00,47.33,47.35,47.325,47.34,13652
2017-11-14 14:00:00-05:00,47.34,47.35,47.33,47.345,5629
2017-11-14 14:05:00-05:00,47.345,47.35,47.34,47.35,6258
2017-11-14 14:10:00-05:00,47.35,47.36,47.34,47.355,7128
2017-11-14 14:15:00-05:00,47.355,47.36,47.33,47.335,8427
2017-11-14 14:20:00-05:00,47.33,47.34,47.325,47.335,10827
2017-11-14 14:25:00-05:00,47.33,47.335,47.3,47.3,8134
2017-11-14 14:30:00-05:00,47.3,47.32,47.3,47.31,4645
2017-11-14 14:35:00-05:00,47.31,47.32,47.27,47.29,7645
2017-11-14 14:40:00-05:00,47.295,47.3,47.29,47.29,9960
2017-11-14 14:45:00-05:00,47.285,47.31,47.28,47.29,14399
2017-11-14 14:50:00-05:00,47.29,47.3,47.285,47.3,5026
2017-11-14 14:55:00-05:00,47.3,47.32,47.285,47.3,14274
2017-11-14 15:00:00-05:00,47.295,47.3,47.245,47.25,12613
2017-11-14 15:05:00-05:00,47.255,47.26,47.22,47.22,8699
2017-11-14 15:10:00-05:00,47.22,47.27,47.22,47.26,9691
2017-11-14 15:15:00-05:00,47.26,47.28,47.26,47.275,6597
2017-11-14 15:20:00-05:00,47.28,47.3,47.275,47.29,12259
2017-11-14 15:25:00-05:00,47.295,47.325,47.295,47.3,13471
2017-11-14 15:30:00-05:00,47.3,47.34,47.3,47.34,11175
2017-11-14 15:35:00-05:00,47.335,47.36,47.33,47.35,27657
2017-11-14 15:40:00-05:00,47.35,47.36,47.34,47.34,18341
2017-11-14 15:45:00-05:00,47.35,47.43,47.34,47.43,33561
2017-11-14 15:50:00-05:00,47.43,47.48,47.425,47.44,59352
2017-11-14 15:55:00-05:00,47.44,47.48,47.41,47.45,99232
2017-11-14 16:05:00-05:00,47.43,47.43,47.43,47.43,104
2017-11-14 17:20:00-05:00,47.43,47.43,47.43,47.43,200
2017-11-17 09:30:00-05:00,46.37,46.37,46.13,46.18,4480
2017-11-17 09:35:00-05:00,46.19,46.19,45.87,45.89,12128
2017-11-17 09:40:00-05:00,45.86,45.91,45.86,45.89,6818
2017-11-17 09:45:00-05:00,45.89,45.97,45.87,45.94,11656
2017-11-17 09:50:00-05:00,45.94,45.945,45.81,45.81,15949
2017-11-17 09:55:00-05:00,45.82,45.98,45.815,45.835,15111
2017-11-17 10:00:00-05:00,45.83,45.875,45.795,45.815,25137
2017-11-17 10:05:00-05:00,45.84,45.85,45.78,45.8,9527
2017-11-17 10:10:00-05:00,45.8,45.81,45.78,45.81,10129
2017-11-17 10:15:00-05:00,45.81,45.82,45.76,45.82,6776
2017-11-17 10:20:00-05:00,45.82,45.84,45.78,45.78,5646
2017-11-17 10:25:00-05:00,45.79,45.79,45.705,45.71,7152
2017-11-17 10:30:00-05:00,45.71,45.72,45.66,45.685,12169
2017-11-17 10:35:00-05:00,45.69,45.7,45.67,45.7,5826
2017-11-17 10:40:00-05:00,45.69,45.72,45.62,45.675,11585
2017-11-17 10:45:00-05:00,45.675,45.69,45.645,45.65,3896
2017-11-17 10:50:00-05:00,45.645,45.65,45.64,45.65,13079
2017-11-17 10:55:00-05:00,45.65,45.65,45.615,45.635,7319
2017-11-17 11:00:00-05:00,45.65,45.675,45.645,45.65,15442
2017-11-17 11:05:00-05:00,45.64,45.7,45.62,45.7,10582
2017-11-17 11:10:00-05:00,45.71,45.755,45.69,45.72,14918
2017-11-17 11:15:00-05:00,45.725,45.79,45.72,45.735,8230
2017-11-17 11:20:00-05:00,45.75,45.79,45.74,45.78,11167
2017-11-17 11:25:00-05:00,45.78,45.835,45.77,45.815,13006
2017-11-17 11:30:00-05:00,45.81,45.81,45.73,45.73,6618
2017-11-17 11:35:00-05:00,45.73,45.73,45.61,45.65,15626
2017-11-17 11:40:00-05:00,45.645,45.69,45.645,45.69,30562
2017-11-17 11:45:00-05:00,45.695,45.695,45.62,45.62,11514
2017-11-17 11:50:00-05:00,45.61,45.64,45.61,45.61,2672
2017-11-17 11:55:00-05:00,45.62,45.62,45.59,45.6,4180
2017-11-17 12:00:00-05:00,45.6,45.6,45.52,45.52,12518
2017-11-17 12:05:00-05:00,45.51,45.525,45.5,45.52,6397
2017-11-17 12:10:00-05:00,45.52,45.555,45.5,45.5,13577
2017-11-17 12:15:00-05:00,45.51,45.53,45.49,45.5,17854
2017-11-17 12:20:00-05:00,45.5,45.5,45.4,45.415,36641
2017-11-17 12:25:00-05:00,45.42,45.42,45.25,45.27,21191
2017-11-17 12:30:00-05:00,45.28,45.365,45.28,45.35,9661
2017-11-17 12:35:00-05:00,45.37,45.4,45.335,45.36,13051
2017-11-17 12:40:00-05:00,45.36,45.4,45.36,45.4,7806
2017-11-17 12:45:00-05:00,45.4,45.4,45.35,45.36,14258
2017-11-17 12:50:00-05:00,45.36,45.39,45.36,45.38,10893
2017-11-17 12:55:00-05:00,45.4,45.47,45.4,45.47,8291
2017-11-17 13:00:00-05:00,45.47,45.47,45.43,45.43,5988
2017-11-17 13:05:00-05:00,45.44,45.46,45.43,45.46,18281
2017-11-17 13:10:00-05:00,45.46,45.47,45.44,45.44,7278
2017-11-17 13:15:00-05:00,45.45,45.45,45.39,45.39,4723
2017-11-17 13:20:00-05:00,45.395,45.45,45.395,45.445,9585
2017-11-17 13:25:00-05:00,45.45,45.5,45.44,45.46,14042
2017-11-17 13:30:00-05:00,45.465,45.475,45.43,45.44,13593
2017-11-17 13:35:00-05:00,45.44,45.46,45.44,45.445,11168
2017-11-17 13:40:00-05:00,45.43,45.45,45.42,45.43,9808
2017-11-17 13:45:00-05:00,45.43,45.44,45.42,45.435,4584
2017-11-17 13:50:00-05:00,45.43,45.47,45.43,45.465,8660
2017-11-17 13:55:00-05:00,45.465,45.47,45.44,45.45,4927
2017-11-17 14:00:00-05:00,45.45,45.45,45.425,45.425,9543
2017-11-17 14:05:00-05:00,45.43,45.47,45.42,45.47,7387
2017-11-17 14:10:00-05:00,45.465,45.47,45.46,45.46,7046
2017-11-17 14:15:00-05:00,45.46,45.5,45.45,45.5,7687
2017-11-17 14:20:00-05:00,45.495,45.5,45.495,45.5,7389
2017-11-17 14:25:00-05:00,45.5,45.505,45.49,45.5,11246
2017-11-17 14:30:00-05:00,45.51,45.535,45.5,45.535,14745
2017-11-17 14:35:00-05:00,45.54,45.57,45.53,45.57,12466
2017-11-17 14:40:00-05:00,45.57,45.62,45.56,45.615,7556
2017-11-17 14:45:00-05:00,45.61,45.62,45.61,45.615,7953
2017-11-17 14:50:00-05:00,45.62,45.67,45.62,45.67,10161
2017-11-17 14:55:00-05:00,45.67,45.68,45.6,45.605,11754
2017-11-17 15:00:00-05:00,45.6,45.67,45.6,45.67,7802
2017-11-17 15:05:00-05:00,45.665,45.71,45.665,45.7,10954
2017-11-17 15:10:00-05:00,45.71,45.71,45.65,45.65,12359
2017-11-17 15:15:00-05:00,45.65,45.68,45.64,45.67,14332
2017-11-17 15:20:00-05:00,45.675,45.68,45.67,45.68,9112
2017-11-17 15:25:00-05:00,45.68,45.69,45.62,45.62,18226
2017-11-17 15:30:00-05:00,45.63,45.69,45.62,45.67,17224
2017-11-17 15:35:00-05:00,45.665,45.67,45.65,45.65,17910
2017-11-17 15:40:00-05:00,45.66,45.69,45.63,45.63,30815
2017-11-17 15:45:00-05:00,45.63,45.64,45.6,45.64,30145
2017-11-17 15:50:00-05:00,45.635,45.65,45.63,45.63,35284
2017-11-17 15:55:00-05:00,45.635,45.715,45.62,45.7,146372
2017-11-20 09:30:00-05:00,45.66,45.76,45.64,45.74,3883
2017-11-20 09:35:00-05:00,45.66,45.665,45.47,45.48,23401
2017-11-20 09:40:00-05:00,45.47,45.51,45.43,45.44,10014
2017-11-20 09:45:00-05:00,45.44,45.495,45.44,45.485,12165
2017-11-20 09:50:00-05:00,45.49,45.52,45.47,45.515,13467
2017-11-20 09:55:00-05:00,45.515,45.655,45.51,45.63,23042
2017-11-20 10:00:00-05:00,45.63,45.63,45.53,45.53,15266
2017-11-20 10:05:00-05:00,45.53,45.54,45.47,45.48,9397
2017-11-20 10:10:00-05:00,45.49,45.51,45.43,45.5,19772
2017-11-20 10:15:00-05:00,45.51,45.51,45.49,45.495,8179
2017-11-20 10:20:00-05:00,45.49,45.505,45.465,45.48,10413
2017-11-20 10:25:00-05:00,45.485,45.49,45.45,45.45,7813
2017-11-20 10:30:00-05:00,45.46,45.46,45.425,45.45,7183
2017-11-20 10:35:00-05:00,45.45,45.46,45.43,45.45,8047
2017-11-20 10:40:00-05:00,45.45,45.53,45.45,45.525,42775
2017-11-20 10:45:00-05:00,45.53,45.59,45.52,45.55,28874
2017-11-20 10:50:00-05:00,45.55,45.6,45.525,45.595,39424
2017-11-20 10:55:00-05:00,45.6,45.6,45.545,45.55,41676
2017-11-20 11:00:00-05:00,45.56,45.59,45.54,45.55,20709
2017-11-20 11:05:00-05:00,45.55,45.58,45.54,45.575,10804
2017-11-20 11:10:00-05:00,45.58,45.625,45.57,45.605,77173
2017-11-20 11:15:00-05:00,45.605,45.68,45.595,45.65,23463
2017-11-20 11:20:00-05:00,45.64,45.66,45.62,45.64,12377
2017-11-20 11:25:00-05:00,45.64,45.66,45.63,45.645,19857
2017-11-20 11:30:00-05:00,45.65,45.66,45.64,45.655,19441
2017-11-20 11:35:00-05:00,45.655,45.67,45.605,45.62,30548
2017-11-20 11:40:00-05:00,45.62,45.69,45.62,45.655,23365
2017-11-20 11:45:00-05:00,45.655,45.66,45.64,45.65,15161
2017-11-20 11:50:00-05:00,45.65,45.65,45.64,45.645,9295
2017-11-20 11:55:00-05:00,45.65,45.65,45.58,45.63,18198
2017-11-20 12:00:00-05:00,45.63,45.67,45.63,45.665,10898
2017-11-20 12:05:00-05:00,45.665,45.68,45.665,45.675,14936
2017-11-20 12:10:00-05:00,45.675,45.68,45.64,45.65,14228
2017-11-20 12:15:00-05:00,45.66,45.665,45.64,45.665,13273
2017-11-20 12:20:00-05:00,45.66,45.68,45.65,45.67,28633
2017-11-20 12:25:00-05:00,45.67,45.72,45.66,45.72,9319
2017-11-20 12:30:00-05:00,45.745,45.745,45.705,45.705,8548
2017-11-20 12:35:00-05:00,45.71,45.735,45.705,45.735,15760
2017-11-20 12:40:00-05:00,45.73,45.745,45.7,45.745,5649
2017-11-20 12:45:00-05:00,45.75,45.875,45.745,45.825,70684
2017-11-20 12:50:00-05:00,45.825,45.825,45.775,45.78,31341
2017-11-20 12:55:00-05:00,45.77,45.77,45.74,45.74,25218
2017-11-20 13:00:00-05:00,45.74,45.77,45.74,45.77,15862
2017-11-20 13:05:00-05:00,45.77,45.79,45.765,45.785,15369
2017-11-20 13:10:00-05:00,45.785,45.79,45.75,45.75,10389
2017-11-20 13:15:00-05:00,45.76,45.77,45.74,45.745,13487
2017-11-20 13:20:00-05:00,45.74,45.76,45.74,45.74,10386
2017-11-20 13:25:00-05:00,45.73,45.73,45.705,45.705,9484
2017-11-20 13:30:00-05:00,45.71,45.715,45.69,45.715,6335
2017-11-20 13:35:00-05:00,45.715,45.73,45.705,45.705,10378
2017-11-20 13:40:00-05:00,45.705,45.71,45.67,45.68,7570
2017-11-20 13:45:00-05:00,45.69,45.7,45.68,45.7,3496
2017-11-20 13:50:00-05:00,45.69,45.71,45.69,45.7,11824
2017-11-20 13:55:00-05:00,45.7,45.7,45.695,45.695,4585
2017-11-20 14:00:00-05:00,45.7,45.7,45.68,45.69,8693
2017-11-20 14:05:00-05:00,45.68,45.68,45.645,45.645,4884
2017-11-20 14:10:00-05:00,45.64,45.65,45.64,45.64,3757
2017-11-20 14:15:00-05:00,45.65,45.66,45.62,45.62,6871
2017-11-20 14:20:00-05:00,45.62,45.64,45.595,45.64,13003
2017-11-20 14:25:00-05:00,45.65,45.66,45.62,45.62,4824
2017-11-20 14:30:00-05:00,45.62,45.64,45.62,45.64,3728
2017-11-20 14:35:00-05:00,45.635,45.64,45.62,45.635,5605
2017-11-20 14:40:00-05:00,45.635,45.64,45.61,45.61,3789
2017-11-20 14:45:00-05:00,45.61,45.615,45.6,45.61,7753
2017-11-20 14:50:00-05:00,45.6,45.61,45.57,45.58,5966
2017-11-20 14:55:00-05:00,45.57,45.58,45.565,45.57,4624
2017-11-20 15:00:00-05:00,45.58,45.58,45.54,45.55,5329
2017-11-20 15:05:00-05:00,45.55,45.56,45.54,45.54,5181
2017-11-20 15:10:00-05:00,45.54,45.56,45.52,45.555,13952
2017-11-20 15:15:00-05:00,45.55,45.55,45.48,45.5,9813
2017-11-20 15:20:00-05:00,45.49,45.51,45.48,45.49,6531
2017-11-20 15:25:00-05:00,45.49,45.505,45.45,45.455,17387
2017-11-20 15:30:00-05:00,45.46,45.51,45.45,45.48,11375
2017-11-20 15:35:00-05:00,45.49,45.51,45.47,45.495,17388
2017-11-20 15:40:00-05:00,45.49,45.5,45.46,45.48,19937
2017-11-20 15:45:00-05:00,45.48,45.48,45.45,45.47,20680
2017-11-20 15:50:00-05:00,45.46,45.48,45.45,45.47,21929
2017-11-20 15:55:00-05:00,45.48,45.48,45.455,45.46,38054
2017-11-21 09:30:00-05:00,45.58,45.685,45.57,45.68,11153
2017-11-21 09:35:00-05:00,45.68,45.77,45.68,45.75,11305
2017-11-21 09:40:00-05:00,45.75,45.76,45.68,45.685,23762
2017-11-21 09:45:00-05:00,45.68,45.71,45.66,45.68,56295
2017-11-21 09:50:00-05:00,45.685,45.78,45.67,45.755,22729
2017-11-21 09:55:00-05:00,45.75,45.755,45.73,45.745,10224
2017-11-21 10:00:00-05:00,45.725,45.76,45.71,45.74,12240
2017-11-21 10:05:00-05:00,45.735,45.75,45.72,45.72,17165
2017-11-21 10:10:00-05:00,45.725,45.74,45.72,45.735,10248
2017-11-21 10:15:00-05:00,45.73,45.75,45.7,45.75,10302
2017-11-21 10:20:00-05:00,45.75,45.85,45.75,45.84,8693
2017-11-21 10:25:00-05:00,45.845,45.92,45.845,45.88,9770
2017-11-21 10:30:00-05:00,45.89,45.91,45.84,45.9,12682
2017-11-21 10:35:00-05:00,45.9,45.9,45.86,45.87,10792
2017-11-21 10:40:00-05:00,45.865,45.88,45.85,45.86,16828
2017-11-21 10:45:00-05:00,45.865,45.88,45.855,45.87,12223
2017-11-21 10:50:00-05:00,45.87,45.875,45.83,45.85,13493
2017-11-21 10:55:00-05:00,45.85,45.86,45.83,45.86,10514
2017-11-21 11:00:00-05:00,45.855,45.91,45.855,45.91,8566
2017-11-21 11:05:00-05:00,45.905,45.91,45.86,45.865,8935
2017-11-21 11:10:00-05:00,45.87,45.9,45.87,45.895,5249
2017-11-21 11:15:00-05:00,45.89,45.895,45.84,45.84,8868
2017-11-21 11:20:00-05:00,45.85,45.87,45.84,45.87,10089
2017-11-21 11:25:00-05:00,45.87,45.88,45.86,45.88,6478
2017-11-21 11:30:00-05:00,45.88,45.91,45.87,45.91,10721
2017-11-21 11:35:00-05:00,45.91,45.92,45.89,45.89,8011
2017-11-21 11:40:00-05:00,45.895,45.9,45.88,45.895,7856
2017-11-21 11:45:00-05:00,45.9,45.9,45.885,45.89,4345
2017-11-21 11:50:00-05:00,45.89,45.89,45.88,45.89,3124
2017-11-21 11:55:00-05:00,45.885,45.89,45.85,45.85,6804
2017-11-21 12:00:00-05:00,45.86,45.89,45.84,45.89,6453
2017-11-21 12:05:00-05:00,45.89,45.92,45.89,45.9,33633
2017-11-21 12:10:00-05:00,45.9,45.91,45.9,45.9,7109
2017-11-21 12:15:00-05:00,45.89,45.95,45.89,45.95,9928
2017-11-21 12:20:00-05:00,45.95,45.95,45.92,45.94,6194
2017-11-21 12:25:00-05:00,45.94,45.95,45.91,45.91,3649
2017-11-21 12:30:00-05:00,45.91,45.92,45.89,45.915,5546
2017-11-21 12:35:00-05:00,45.92,45.92,45.9,45.9,4565
2017-11-21 12:40:00-05:00,45.91,45.92,45.9,45.9,4311
2017-11-21 12:45:00-05:00,45.9,45.92,45.88,45.91,5868
2017-11-21 12:50:00-05:00,45.92,45.93,45.91,45.92,3876
2017-11-21 12:55:00-05:00,45.92,45.95,45.915,45.945,5657
2017-11-21 13:00:00-05:00,45.95,45.95,45.92,45.92,6045
2017-11-21 13:05:00-05:00,45.92,45.92,45.89,45.89,5911
2017-11-21 13:10:00-05:00,45.88,45.9,45.875,45.89,6783
2017-11-21 13:15:00-05:00,45.9,45.9,45.88,45.88,1600
2017-11-21 13:20:00-05:00,45.88,45.9,45.87,45.89,7053
2017-11-21 13:25:00-05:00,45.89,45.9,45.89,45.9,4292
2017-11-21 13:30:00-05:00,45.9,45.9,45.87,45.88,4466
2017-11-21 13:35:00-05:00,45.89,45.9,45.88,45.89,6555
2017-11-21 13:40:00-05:00,45.89,45.91,45.89,45.9,3742
2017-11-21 13:45:00-05:00,45.89,45.9,45.87,45.88,4800
2017-11-21 13:50:00-05:00,45.88,45.88,45.85,45.88,5534
2017-11-21 13:55:00-05:00,45.87,45.88,45.87,45.87,5159
2017-11-21 14:00:00-05:00,45.86,45.88,45.86,45.88,4479
2017-11-21 14:05:00-05:00,45.87,45.88,45.84,45.85,7533
2017-11-21 14:10:00-05:00,45.85,45.91,45.85,45.905,7271
2017-11-21 14:15:00-05:00,45.905,45.92,45.9,45.91,6098
2017-11-21 14:20:00-05:00,45.91,45.92,45.9,45.91,4100
2017-11-21 14:25:00-05:00,45.91,45.91,45.865,45.88,4347
2017-11-21 14:30:00-05:00,45.88,45.91,45.88,45.9,4668
2017-11-21 14:35:00-05:00,45.9,45.9,45.88,45.89,4428
2017-11-21 14:40:00-05:00,45.88,45.9,45.88,45.9,59745
2017-11-21 14:45:00-05:00,45.9,45.92,45.885,45.885,4556
2017-11-21 14:50:00-05:00,45.89,45.91,45.885,45.9,5427
2017-11-21 14:55:00-05:00,45.89,45.89,45.875,45.88,5216
2017-11-21 15:00:00-05:00,45.88,45.88,45.86,45.87,5113
2017-11-21 15:05:00-05:00,45.87,45.9,45.87,45.9,7609
2017-11-21 15:10:00-05:00,45.9,45.9,45.88,45.885,7245
2017-11-21 15:15:00-05:00,45.89,45.89,45.86,45.86,8357
2017-11-21 15:20:00-05:00,45.86,45.865,45.85,45.85,5705
2017-11-21 15:25:00-05:00,45.855,45.86,45.85,45.85,10436
2017-11-21 15:30:00-05:00,45.86,45.87,45.845,45.85,17204
2017-11-21 15:35:00-05:00,45.85,45.855,45.83,45.83,313559
2017-11-21 15:40:00-05:00,45.83,45.88,45.825,45.88,23137
2017-11-21 15:45:00-05:00,45.88,45.88,45.85,45.85,14228
2017-11-21 15:50:00-05:00,45.86,45.87,45.85,45.86,24240
2017-11-21 15:55:00-05:00,45.865,45.87,45.77,45.775,72006
2017-11-22 09:30:00-05:00,45.89,45.92,45.83,45.83,3027
2017-11-22 09:35:00-05:00,45.85,45.87,45.81,45.82,3290
2017-11-22 09:40:00-05:00,45.85,45.855,45.77,45.77,6916
2017-11-22 09:45:00-05:00,45.785,45.785,45.69,45.695,6734
2017-11-22 09:50:00-05:00,45.705,45.74,45.69,45.74,9135
2017-11-22 09:55:00-05:00,45.74,45.74,45.68,45.73,13538
2017-11-22 10:00:00-05:00,45.73,45.73,45.68,45.7,9943
2017-11-22 10:05:00-05:00,45.7,45.7,45.64,45.65,7676
2017-11-22 10:10:00-05:00,45.66,45.7,45.66,45.7,2504
2017-11-22 10:15:00-05:00,45.69,45.695,45.64,45.65,5930
2017-11-22 10:20:00-05:00,45.64,45.64,45.59,45.61,4955
2017-11-22 10:25:00-05:00,45.61,45.61,45.565,45.565,8586
2017-11-22 10:30:00-05:00,45.55,45.56,45.54,45.56,6209
2017-11-22 10:35:00-05:00,45.56,45.6,45.56,45.59,7515
2017-11-22 10:40:00-05:00,45.59,45.59,45.55,45.59,14155
2017-11-22 10:45:00-05:00,45.61,45.65,45.61,45.63,7197
2017-11-22 10:50:00-05:00,45.62,45.65,45.61,45.65,9446
2017-11-22 10:55:00-05:00,45.65,45.695,45.65,45.67,10930
2017-11-22 11:00:00-05:00,45.68,45.7,45.67,45.7,9866
2017-11-22 11:05:00-05:00,45.69,45.7,45.66,45.69,13510
2017-11-22 11:10:00-05:00,45.69,45.7,45.64,45.645,7310
2017-11-22 11:15:00-05:00,45.64,45.655,45.63,45.65,10157
2017-11-22 11:20:00-05:00,45.65,45.65,45.62,45.645,11759
2017-11-22 11:25:00-05:00,45.65,45.66,45.64,45.65,9092
2017-11-22 11:30:00-05:00,45.66,45.66,45.65,45.65,6822
2017-11-22 11:35:00-05:00,45.64,45.65,45.64,45.65,3316
2017-11-22 11:40:00-05:00,45.65,45.65,45.63,45.63,3800
2017-11-22 11:45:00-05:00,45.64,45.65,45.63,45.64,6450
2017-11-22 11:50:00-05:00,45.65,45.65,45.64,45.64,8481
2017-11-22 11:55:00-05:00,45.65,45.65,45.6,45.61,5530
2017-11-22 12:00:00-05:00,45.61,45.65,45.61,45.64,4967
2017-11-22 12:05:00-05:00,45.64,45.64,45.63,45.64,3337
2017-11-22 12:10:00-05:00,45.63,45.63,45.6,45.62,3002
2017-11-22 12:15:00-05:00,45.62,45.625,45.61,45.615,3435
2017-11-22 12:20:00-05:00,45.615,45.64,45.6,45.63,6497
2017-11-22 12:25:00-05:00,45.63,45.63,45.62,45.62,3156
2017-11-22 12:30:00-05:00,45.62,45.645,45.62,45.64,5010
2017-11-22 12:35:00-05:00,45.635,45.64,45.63,45.635,3308
2017-11-22 12:40:00-05:00,45.64,45.64,45.63,45.635,4308
2017-11-22 12:45:00-05:00,45.635,45.64,45.63,45.64,3258
2017-11-22 12:50:00-05:00,45.64,45.65,45.635,45.65,4989
2017-11-22 12:55:00-05:00,45.65,45.66,45.64,45.65,7924
2017-11-22 13:00:00-05:00,45.65,45.67,45.65,45.67,3436
2017-11-22 13:05:00-05:00,45.66,45.69,45.66,45.69,2215
2017-11-22 13:10:00-05:00,45.69,45.69,45.68,45.68,3971
2017-11-22 13:15:00-05:00,45.68,45.7,45.67,45.695,5413
2017-11-22 13:20:00-05:00,45.69,45.69,45.665,45.665,2206
2017-11-22 13:25:00-05:00,45.67,45.69,45.67,45.68,2341
2017-11-22 13:30:00-05:00,45.685,45.69,45.68,45.69,1223
2017-11-22 13:35:00-05:00,45.69,45.69,45.69,45.69,2038
2017-11-22 13:40:00-05:00,45.685,45.7,45.68,45.69,4066
2017-11-22 13:45:00-05:00,45.69,45.71,45.69,45.705,2401
2017-11-22 13:50:00-05:00,45.705,45.74,45.69,45.73,4376
2017-11-22 13:55:00-05:00,45.73,45.74,45.73,45.74,2867
2017-11-22 14:00:00-05:00,45.74,45.755,45.73,45.755,2103
2017-11-22 14:05:00-05:00,45.755,45.78,45.73,45.78,6687
2017-11-22 14:10:00-05:00,45.77,45.775,45.76,45.76,2786
2017-11-22 14:15:00-05:00,45.76,45.77,45.76,45.76,2004
2017-11-22 14:20:00-05:00,45.75,45.77,45.75,45.76,2628
2017-11-22 14:25:00-05:00,45.78,45.79,45.765,45.765,2992
2017-11-22 14:30:00-05:00,45.77,45.77,45.765,45.77,2594
2017-11-22 14:35:00-05:00,45.775,45.79,45.775,45.78,2222
2017-11-22 14:40:00-05:00,45.78,45.79,45.77,45.77,4866
2017-11-22 14:45:00-05:00,45.77,45.795,45.77,45.78,2137
2017-11-22 14:50:00-05:00,45.78,45.78,45.76,45.76,3709
2017-11-22 14:55:00-05:00,45.76,45.77,45.76,45.77,3025
2017-11-22 15:00:00-05:00,45.77,45.79,45.77,45.785,3822
2017-11-22 15:05:00-05:00,45.79,45.81,45.785,45.81,3840
2017-11-22 15:10:00-05:00,45.81,45.82,45.81,45.82,1973
2017-11-22 15:15:00-05:00,45.82,45.855,45.82,45.855,4166
2017-11-22 15:20:00-05:00,45.855,45.855,45.83,45.83,9743
2017-11-22 15:25:00-05:00,45.83,45.855,45.83,45.85,10226
2017-11-22 15:30:00-05:00,45.84,45.84,45.83,45.835,9937
2017-11-22 15:35:00-05:00,45.84,45.88,45.835,45.86,16303
2017-11-22 15:40:00-05:00,45.85,45.855,45.82,45.825,5786
2017-11-22 15:45:00-05:00,45.83,45.85,45.83,45.85,116003
2017-11-22 15:50:00-05:00,45.85,45.87,45.84,45.86,17531
2017-11-22 15:55:00-05:00,45.86,45.9,45.85,45.855,76474
2017-11-24 09:30:00-05:00,45.88,46.03,45.865,45.99,4977
2017-11-24 09:35:00-05:00,45.99,45.99,45.91,45.98,4046
2017-11-24 09:40:00-05:00,45.98,46.01,45.93,45.95,5629
2017-11-24 09:45:00-05:00,45.94,45.95,45.895,45.92,4830
2017-11-24 09:50:00-05:00,45.915,46.01,45.915,45.985,6229
2017-11-24 09:55:00-05:00,45.98,46.0,45.97,46.0,5845
2017-11-24 10:00:00-05:00,46.0,46.0,45.97,45.99,5136
2017-11-24 10:05:00-05:00,45.99,45.99,45.96,45.97,2417
2017-11-24 10:10:00-05:00,45.96,45.985,45.95,45.985,5480
2017-11-24 10:15:00-05:00,46.0,46.005,45.98,45.99,3473
2017-11-24 10:20:00-05:00,46.0,46.0,45.96,45.96,2154
2017-11-24 10:25:00-05:00,45.965,45.98,45.96,45.98,3522
2017-11-24 10:30:00-05:00,45.97,46.005,45.97,46.005,6636
2017-11-24 10:35:00-05:00,46.0,46.01,45.995,46.0,5178
2017-11-24 10:40:00-05:00,45.995,46.02,45.995,46.02,2724
2017-11-24 10:45:00-05:00,46.02,46.04,46.01,46.02,3933
2017-11-24 10:50:00-05:00,46.02,46.03,46.02,46.02,1526
2017-11-24 10:55:00-05:00,46.01,46.02,45.98,45.98,2126
2017-11-24 11:00:00-05:00,45.98,45.995,45.97,45.97,1331
2017-11-24 11:05:00-05:00,45.97,45.99,45.97,45.98,3124
2017-11-24 11:10:00-05:00,45.98,45.98,45.95,45.98,1960
2017-11-24 11:15:00-05:00,45.98,45.98,45.96,45.97,4536
2017-11-24 11:20:00-05:00,45.965,45.97,45.935,45.95,4727
2017-11-24 11:25:00-05:00,45.94,45.95,45.94,45.95,2800
2017-11-24 11:30:00-05:00,45.95,45.95,45.915,45.92,3502
2017-11-24 11:35:00-05:00,45.93,45.95,45.93,45.95,4614
2017-11-24 11:40:00-05:00,45.94,45.96,45.93,45.955,4273
2017-11-24 11:45:00-05:00,45.955,45.96,45.92,45.92,4617
2017-11-24 11:50:00-05:00,45.93,45.93,45.91,45.915,2907
2017-11-24 11:55:00-05:00,45.91,45.925,45.905,45.92,4148
2017-11-24 12:00:00-05:00,45.92,45.93,45.92,45.93,4969
2017-11-24 12:05:00-05:00,45.93,45.93,45.92,45.93,2132
2017-11-24 12:10:00-05:00,45.93,45.93,45.91,45.91,4680
2017-11-24 12:15:00-05:00,45.92,45.93,45.91,45.93,2938
2017-11-24 12:20:00-05:00,45.93,45.93,45.91,45.92,5655
2017-11-24 12:25:00-05:00,45.92,45.94,45.92,45.93,4346
2017-11-24 12:30:00-05:00,45.92,45.96,45.92,45.96,6123
2017-11-24 12:35:00-05:00,45.96,45.97,45.95,45.96,4780
2017-11-24 12:40:00-05:00,45.96,45.96,45.94,45.94,11026
2017-11-24 12:45:00-05:00,45.95,45.95,45.915,45.915,9447
2017-11-24 12:50:00-05:00,45.92,45.92,45.89,45.89,8767
2017-11-24 12:55:00-05:00,45.89,45.895,45.87,45.89,17496
2017-11-27 09:30:00-05:00,45.87,45.89,45.83,45.87,7436
2017-11-27 09:35:00-05:00,45.87,45.95,45.87,45.94,4209
2017-11-27 09:40:00-05:00,45.94,45.94,45.89,45.92,3044
2017-11-27 09:45:00-05:00,45.92,45.96,45.92,45.96,2708
2017-11-27 09:50:00-05:00,45.96,45.98,45.95,45.96,6043
2017-11-27 09:55:00-05:00,45.95,45.97,45.94,45.95,12332
2017-11-27 10:00:00-05:00,45.945,45.97,45.88,45.88,12805
2017-11-27 10:05:00-05:00,45.88,45.88,45.84,45.84,4200
2017-11-27 10:10:00-05:00,45.84,45.88,45.82,45.88,8106
2017-11-27 10:15:00-05:00,45.87,45.89,45.86,45.88,5434
2017-11-27 10:20:00-05:00,45.905,45.905,45.85,45.85,4012
2017-11-27 10:25:00-05:00,45.86,45.88,45.84,45.88,5074
2017-11-27 10:30:00-05:00,45.885,45.885,45.815,45.84,3566
2017-11-27 10:35:00-05:00,45.835,45.86,45.835,45.86,2162
2017-11-27 10:40:00-05:00,45.865,45.885,45.85,45.88,6734
2017-11-27 10:45:00-05:00,45.9,45.9,45.88,45.88,2713
2017-11-27 10:50:00-05:00,45.89,45.895,45.875,45.89,3901
2017-11-27 10:55:00-05:00,45.88,45.9,45.87,45.9,2655
2017-11-27 11:00:00-05:00,45.9,45.91,45.88,45.88,2763
2017-11-27 11:05:00-05:00,45.87,45.89,45.87,45.89,3225
2017-11-27 11:10:00-05:00,45.88,45.885,45.85,45.87,5227
2017-11-27 11:15:00-05:00,45.88,45.905,45.87,45.89,4710
2017-11-27 11:20:00-05:00,45.89,45.89,45.85,45.87,2993
2017-11-27 11:25:00-05:00,45.86,45.87,45.86,45.87,2226
2017-11-27 11:30:00-05:00,45.87,45.895,45.87,45.87,3429
2017-11-27 11:35:00-05:00,45.87,45.87,45.85,45.86,2680
2017-11-27 11:40:00-05:00,45.88,45.925,45.88,45.92,2725
2017-11-27 11:45:00-05:00,45.92,45.975,45.91,45.96,3809
2017-11-27 11:50:00-05:00,45.97,45.975,45.94,45.95,1990
2017-11-27 11:55:00-05:00,45.955,45.96,45.945,45.96,1838
2017-11-27 12:00:00-05:00,45.96,45.965,45.94,45.94,2421
2017-11-27 12:05:00-05:00,45.94,45.96,45.93,45.94,1981
2017-11-27 12:10:00-05:00,45.94,45.965,45.93,45.945,3683
2017-11-27 12:15:00-05:00,45.945,45.96,45.94,45.95,3174
2017-11-27 12:20:00-05:00,45.955,45.975,45.95,45.97,2014
2017-11-27 12:25:00-05:00,45.97,45.985,45.97,45.98,1645
2017-11-27 12:30:00-05:00,45.97,45.98,45.96,45.97,1713
2017-11-27 12:35:00-05:00,45.975,45.975,45.94,45.95,3041
2017-11-27 12:40:00-05:00,45.95,45.96,45.94,45.95,2340
2017-11-27 12:45:00-05:00,45.96,45.975,45.95,45.95,1848
2017-11-27 12:50:00-05:00,45.95,45.95,45.92,45.93,2550
2017-11-27 12:55:00-05:00,45.945,45.955,45.93,45.94,1607
2017-11-27 13:00:00-05:00,45.94,45.945,45.92,45.92,2890
2017-11-27 13:05:00-05:00,45.915,45.915,45.89,45.89,2346
2017-11-27 13:10:00-05:00,45.9,45.91,45.9,45.91,1220
2017-11-27 13:15:00-05:00,45.91,45.92,45.89,45.89,1934
2017-11-27 13:20:00-05:00,45.89,45.895,45.885,45.89,1105
2017-11-27 13:25:00-05:00,45.895,45.895,45.88,45.89,2216
2017-11-27 13:30:00-05:00,45.89,45.9,45.885,45.89,2102
2017-11-27 13:35:00-05:00,45.89,45.9,45.885,45.9,3168
2017-11-27 13:40:00-05:00,45.895,45.895,45.885,45.895,2623
2017-11-27 13:45:00-05:00,45.89,45.895,45.88,45.89,1932
2017-11-27 13:50:00-05:00,45.9,45.915,45.9,45.9,2607
2017-11-27 13:55:00-05:00,45.905,45.925,45.895,45.925,4911
2017-11-27 14:00:00-05:00,45.92,45.94,45.91,45.94,2106
2017-11-27 14:05:00-05:00,45.94,45.94,45.935,45.94,2153
2017-11-27 14:10:00-05:00,45.94,45.95,45.92,45.92,3673
2017-11-27 14:15:00-05:00,45.92,45.95,45.92,45.95,2417
2017-11-27 14:20:00-05:00,45.95,45.955,45.935,45.94,2605
2017-11-27 14:25:00-05:00,45.94,45.95,45.92,45.93,2651
2017-11-27 14:30:00-05:00,45.93,45.94,45.92,45.92,2465
2017-11-27 14:35:00-05:00,45.91,45.93,45.905,45.93,2833
2017-11-27 14:40:00-05:00,45.93,45.93,45.91,45.91,3245
2017-11-27 14:45:00-05:00,45.91,45.94,45.91,45.94,4608
2017-11-27 14:50:00-05:00,45.935,45.94,45.92,45.93,2515
2017-11-27 14:55:00-05:00,45.93,45.955,45.93,45.955,3835
2017-11-27 15:00:00-05:00,45.96,45.965,45.945,45.95,4481
2017-11-27 15:05:00-05:00,45.945,45.96,45.94,45.95,4094
2017-11-27 15:10:00-05:00,45.945,45.97,45.945,45.96,5613
2017-11-27 15:15:00-05:00,45.965,45.965,45.94,45.95,4106
2017-11-27 15:20:00-05:00,45.95,45.95,45.92,45.925,5779
2017-11-27 15:25:00-05:00,45.93,45.96,45.93,45.95,5154
2017-11-27 15:30:00-05:00,45.96,45.96,45.93,45.94,6217
2017-11-27 15:35:00-05:00,45.94,45.945,45.94,45.945,2646
2017-11-27 15:40:00-05:00,45.945,45.95,45.94,45.95,9410
2017-11-27 15:45:00-05:00,45.95,45.95,45.94,45.94,7329
2017-11-27 15:50:00-05:00,45.945,45.95,45.94,45.94,16338
2017-11-27 15:55:00-05:00,45.95,45.96,45.9,45.9,65543
2017-11-28 09:30:00-05:00,46.025,46.12,46.01,46.015,3601
2017-11-28 09:35:00-05:00,46.01,46.045,45.99,46.045,2565
2017-11-28 09:40:00-05:00,46.045,46.08,45.98,45.98,2485
2017-11-28 09:45:00-05:00,45.985,45.985,45.91,45.915,2778
2017-11-28 09:50:00-05:00,45.915,45.93,45.89,45.89,3254
2017-11-28 09:55:00-05:00,45.9,45.93,45.89,45.93,3495
2017-11-28 10:00:00-05:00,45.965,45.98,45.95,45.95,2578
2017-11-28 10:05:00-05:00,45.955,45.965,45.95,45.965,1600
2017-11-28 10:10:00-05:00,45.97,45.97,45.955,45.96,2590
2017-11-28 10:15:00-05:00,45.96,45.97,45.955,45.97,4108
2017-11-28 10:20:00-05:00,45.97,45.97,45.96,45.96,3119
2017-11-28 10:25:00-05:00,45.97,45.98,45.94,45.94,5823
2017-11-28 10:30:00-05:00,45.95,45.965,45.95,45.96,5644
2017-11-28 10:35:00-05:00,45.95,45.96,45.91,45.92,7911
2017-11-28 10:40:00-05:00,45.93,45.94,45.91,45.91,5600
2017-11-28 10:45:00-05:00,45.915,45.915,45.885,45.9,6070
2017-11-28 10:50:00-05:00,45.9,45.91,45.9,45.9,3844
2017-11-28 10:55:00-05:00,45.88,45.885,45.87,45.875,4221
2017-11-28 11:00:00-05:00,45.87,45.87,45.86,45.865,3539
2017-11-28 11:05:00-05:00,45.865,45.865,45.84,45.845,3517
2017-11-28 11:10:00-05:00,45.85,45.91,45.85,45.9,8561
2017-11-28 11:15:00-05:00,45.89,45.9,45.88,45.895,2464
2017-11-28 11:20:00-05:00,45.895,45.9,45.89,45.9,4375
2017-11-28 11:25:00-05:00,45.9,45.915,45.89,45.91,3170
2017-11-28 11:30:00-05:00,45.91,45.925,45.91,45.92,3160
2017-11-28 11:35:00-05:00,45.92,45.97,45.92,45.93,6711
2017-11-28 11:40:00-05:00,45.93,45.94,45.92,45.92,5549
2017-11-28 11:45:00-05:00,45.92,45.925,45.88,45.885,11269
2017-11-28 11:50:00-05:00,45.895,45.905,45.895,45.9,1292
2017-11-28 11:55:00-05:00,45.9,45.92,45.9,45.92,2793
2017-11-28 12:00:00-05:00,45.92,45.935,45.915,45.93,2700
2017-11-28 12:05:00-05:00,45.93,45.94,45.91,45.94,2591
2017-11-28 12:10:00-05:00,45.945,45.99,45.94,45.985,4898
2017-11-28 12:15:00-05:00,45.98,45.99,45.955,45.99,4527
2017-11-28 12:20:00-05:00,45.99,45.99,45.96,45.975,4430
2017-11-28 12:25:00-05:00,45.975,45.985,45.96,45.97,2941
2017-11-28 12:30:00-05:00,45.975,45.98,45.965,45.97,3063
2017-11-28 12:35:00-05:00,45.965,45.965,45.92,45.92,6565
2017-11-28 12:40:00-05:00,45.91,45.925,45.91,45.915,5920
2017-11-28 12:45:00-05:00,45.915,45.925,45.91,45.925,4175
2017-11-28 12:50:00-05:00,45.93,45.935,45.915,45.925,5959
2017-11-28 12:55:00-05:00,45.93,45.93,45.9,45.91,10488
2017-11-28 13:00:00-05:00,45.9,45.935,45.9,45.905,12424
2017-11-28 13:05:00-05:00,45.91,45.91,45.89,45.91,9096
2017-11-28 13:10:00-05:00,45.905,45.91,45.89,45.89,3729
2017-11-28 13:15:00-05:00,45.895,45.9,45.89,45.89,2885
2017-11-28 13:20:00-05:00,45.895,45.91,45.88,45.89,4699
2017-11-28 13:25:00-05:00,45.895,45.915,45.89,45.905,20609
2017-11-28 13:30:00-05:00,45.9,45.92,45.9,45.91,2899
2017-11-28 13:35:00-05:00,45.9,45.905,45.88,45.895,2145
2017-11-28 13:40:00-05:00,45.895,45.895,45.89,45.895,513
2017-11-28 13:45:00-05:00,45.9,45.91,45.895,45.895,2277
2017-11-28 13:50:00-05:00,45.89,45.905,45.89,45.89,2451
2017-11-28 13:55:00-05:00,45.9,45.9,45.87,45.89,8771
2017-11-28 14:00:00-05:00,45.88,45.89,45.865,45.89,5319
2017-11-28 14:05:00-05:00,45.885,45.905,45.88,45.895,5610
2017-11-28 14:10:00-05:00,45.9,45.905,45.88,45.895,6463
2017-11-28 14:15:00-05:00,45.89,45.895,45.875,45.88,5569
2017-11-28 14:20:00-05:00,45.88,45.88,45.86,45.86,3184
2017-11-28 14:25:00-05:00,45.85,45.87,45.84,45.865,3211
2017-11-28 14:30:00-05:00,45.855,45.88,45.855,45.88,3200
2017-11-28 14:35:00-05:00,45.885,45.885,45.87,45.88,2200
2017-11-28 14:40:00-05:00,45.875,45.9,45.87,45.895,7329
2017-11-28 14:45:00-05:00,45.89,45.905,45.85,45.86,5777
2017-11-28 14:50:00-05:00,45.855,45.88,45.855,45.88,3557
2017-11-28 14:55:00-05:00,45.88,45.885,45.86,45.875,6493
2017-11-28 15:00:00-05:00,45.875,45.88,45.86,45.865,6586
2017-11-28 15:05:00-05:00,45.86,45.87,45.855,45.87,4676
2017-11-28 15:10:00-05:00,45.865,45.89,45.865,45.89,12293
2017-11-28 15:15:00-05:00,45.89,45.92,45.88,45.9,9625
2017-11-28 15:20:00-05:00,45.9,45.905,45.86,45.875,8313
2017-11-28 15:25:00-05:00,45.88,45.9,45.88,45.89,12618
2017-11-28 15:30:00-05:00,45.895,45.9,45.85,45.855,13860
2017-11-28 15:35:00-05:00,45.855,45.88,45.85,45.86,20109
2017-11-28 15:40:00-05:00,45.86,45.9,45.86,45.89,26829
2017-11-28 15:45:00-05:00,45.895,45.9,45.85,45.85,38668
2017-11-28 15:50:00-05:00,45.85,45.865,45.78,45.78,44645
2017-11-28 15:55:00-05:00,45.79,45.84,45.78,45.84,82136
2017-11-29 09:30:00-05:00,45.78,45.79,45.67,45.7,7580
2017-11-29 09:35:00-05:00,45.69,45.69,45.56,45.58,16235
2017-11-29 09:40:00-05:00,45.59,45.63,45.535,45.55,34788
2017-11-29 09:45:00-05:00,45.545,45.545,45.45,45.47,15740
2017-11-29 09:50:00-05:00,45.48,45.53,45.47,45.53,19335
2017-11-29 09:55:00-05:00,45.53,45.53,45.37,45.37,21210
2017-11-29 10:00:00-05:00,45.38,45.48,45.38,45.45,9021
2017-11-29 10:05:00-05:00,45.46,45.52,45.455,45.49,15941
2017-11-29 10:10:00-05:00,45.5,45.5,45.45,45.46,12558
2017-11-29 10:15:00-05:00,45.45,45.46,45.38,45.38,11954
2017-11-29 10:20:00-05:00,45.39,45.51,45.385,45.47,22740
2017-11-29 10:25:00-05:00,45.485,45.57,45.48,45.53,9810
2017-11-29 10:30:00-05:00,45.52,45.54,45.47,45.475,18193
2017-11-29 10:35:00-05:00,45.49,45.49,45.395,45.47,15825
2017-11-29 10:40:00-05:00,45.46,45.5,45.42,45.45,7283
2017-11-29 10:45:00-05:00,45.445,45.51,45.43,45.51,7663
2017-11-29 10:50:00-05:00,45.51,45.51,45.36,45.36,6311
2017-11-29 10:55:00-05:00,45.37,45.42,45.37,45.42,9088
2017-11-29 11:00:00-05:00,45.42,45.43,45.39,45.4,11093
2017-11-29 11:05:00-05:00,45.405,45.43,45.4,45.4,6801
2017-11-29 11:10:00-05:00,45.4,45.43,45.36,45.36,12430
2017-11-29 11:15:00-05:00,45.365,45.4,45.35,45.36,11416
2017-11-29 11:20:00-05:00,45.355,45.395,45.355,45.38,11846
2017-11-29 11:25:00-05:00,45.38,45.38,45.31,45.31,13534
2017-11-29 11:30:00-05:00,45.32,45.35,45.29,45.335,16309
2017-11-29 11:35:00-05:00,45.33,45.335,45.21,45.24,24366
2017-11-29 11:40:00-05:00,45.27,45.29,45.24,45.25,22683
2017-11-29 11:45:00-05:00,45.26,45.43,45.25,45.41,29719
2017-11-29 11:50:00-05:00,45.4,45.4,45.34,45.34,11279
2017-11-29 11:55:00-05:00,45.345,45.41,45.34,45.39,10460
2017-11-29 12:00:00-05:00,45.39,45.43,45.39,45.43,11924
2017-11-29 12:05:00-05:00,45.425,45.55,45.425,45.54,11072
2017-11-29 12:10:00-05:00,45.54,45.55,45.51,45.545,8781
2017-11-29 12:15:00-05:00,45.545,45.55,45.48,45.5,7978
2017-11-29 12:20:00-05:00,45.5,45.5,45.44,45.45,9283
2017-11-29 12:25:00-05:00,45.46,45.47,45.43,45.47,6461
2017-11-29 12:30:00-05:00,45.47,45.475,45.44,45.44,8629
2017-11-29 12:35:00-05:00,45.44,45.46,45.44,45.45,3659
2017-11-29 12:40:00-05:00,45.45,45.46,45.43,45.44,5365
2017-11-29 12:45:00-05:00,45.44,45.45,45.41,45.44,20546
2017-11-29 12:50:00-05:00,45.45,45.47,45.44,45.47,5123
2017-11-29 12:55:00-05:00,45.46,45.47,45.45,45.47,2791
2017-11-29 13:00:00-05:00,45.47,45.49,45.46,45.48,5446
2017-11-29 13:05:00-05:00,45.48,45.54,45.48,45.54,3133
2017-11-29 13:10:00-05:00,45.535,45.56,45.53,45.55,4083
2017-11-29 13:15:00-05:00,45.54,45.575,45.54,45.575,7875
2017-11-29 13:20:00-05:00,45.58,45.605,45.58,45.58,9537
2017-11-29 13:25:00-05:00,45.59,45.6,45.59,45.6,2679
2017-11-29 13:30:00-05:00,45.6,45.61,45.56,45.58,16906
2017-11-29 13:35:00-05:00,45.58,45.59,45.58,45.59,2637
2017-11-29 13:40:00-05:00,45.58,45.58,45.56,45.565,6627
2017-11-29 13:45:00-05:00,45.57,45.59,45.565,45.59,8055
2017-11-29 13:50:00-05:00,45.59,45.62,45.58,45.59,11729
2017-11-29 13:55:00-05:00,45.6,45.61,45.58,45.58,5412
2017-11-29 14:00:00-05:00,45.57,45.57,45.52,45.53,6853
2017-11-29 14:05:00-05:00,45.53,45.54,45.505,45.52,7752
2017-11-29 14:10:00-05:00,45.52,45.52,45.47,45.5,5109
2017-11-29 14:15:00-05:00,45.5,45.51,45.49,45.49,4207
2017-11-29 14:20:00-05:00,45.49,45.5,45.49,45.49,3659
2017-11-29 14:25:00-05:00,45.49,45.54,45.49,45.5,6693
2017-11-29 14:30:00-05:00,45.5,45.53,45.48,45.53,3307
2017-11-29 14:35:00-05:00,45.52,45.55,45.51,45.55,3657
2017-11-29 14:40:00-05:00,45.545,45.55,45.52,45.525,3815
2017-11-29 14:45:00-05:00,45.52,45.52,45.5,45.505,5311
2017-11-29 14:50:00-05:00,45.51,45.51,45.49,45.49,2102
2017-11-29 14:55:00-05:00,45.5,45.51,45.445,45.45,6547
2017-11-29 15:00:00-05:00,45.46,45.47,45.45,45.45,7566
2017-11-29 15:05:00-05:00,45.44,45.47,45.435,45.47,6373
2017-11-29 15:10:00-05:00,45.48,45.49,45.46,45.485,5790
2017-11-29 15:15:00-05:00,45.49,45.51,45.48,45.49,5656
2017-11-29 15:20:00-05:00,45.49,45.49,45.47,45.48,12983
2017-11-29 15:25:00-05:00,45.48,45.485,45.43,45.45,12952
2017-11-29 15:30:00-05:00,45.45,45.46,45.44,45.45,16739
2017-11-29 15:35:00-05:00,45.45,45.46,45.405,45.405,19188
2017-11-29 15:40:00-05:00,45.415,45.48,45.41,45.47,17486
2017-11-29 15:45:00-05:00,45.48,45.48,45.44,45.45,15244
2017-11-29 15:50:00-05:00,45.455,45.48,45.44,45.46,33073
2017-11-29 15:55:00-05:00,45.465,45.49,45.42,45.49,78927
2017-11-30 09:30:00-05:00,45.16,45.195,45.08,45.13,6799
2017-11-30 09:35:00-05:00,45.135,45.135,45.1,45.11,10607
2017-11-30 09:40:00-05:00,45.105,45.11,45.035,45.095,13841
2017-11-30 09:45:00-05:00,45.095,45.135,45.085,45.09,12912
2017-11-30 09:50:00-05:00,45.09,45.24,45.09,45.18,14269
2017-11-30 09:55:00-05:00,45.17,45.3,45.17,45.29,7424
2017-11-30 10:00:00-05:00,45.29,45.365,45.29,45.33,13857
2017-11-30 10:05:00-05:00,45.32,45.42,45.32,45.41,9953
2017-11-30 10:10:00-05:00,45.4,45.44,45.39,45.42,4992
2017-11-30 10:15:00-05:00,45.42,45.42,45.35,45.36,6184
2017-11-30 10:20:00-05:00,45.35,45.39,45.325,45.39,4596
2017-11-30 10:25:00-05:00,45.39,45.42,45.38,45.41,8745
2017-11-30 10:30:00-05:00,45.41,45.425,45.37,45.39,9756
2017-11-30 10:35:00-05:00,45.38,45.38,45.31,45.37,5295
2017-11-30 10:40:00-05:00,45.38,45.44,45.37,45.44,5606
2017-11-30 10:45:00-05:00,45.44,45.495,45.44,45.495,6548
2017-11-30 10:50:00-05:00,45.495,45.5,45.43,45.45,7533
2017-11-30 10:55:00-05:00,45.46,45.49,45.445,45.49,7300
2017-11-30 11:00:00-05:00,45.48,45.515,45.455,45.455,9460
2017-11-30 11:05:00-05:00,45.445,45.47,45.44,45.47,3969
2017-11-30 11:10:00-05:00,45.47,45.5,45.42,45.43,11786
2017-11-30 11:15:00-05:00,45.45,45.49,45.44,45.49,7715
2017-11-30 11:20:00-05:00,45.49,45.5,45.46,45.48,4553
2017-11-30 11:25:00-05:00,45.47,45.49,45.46,45.48,11342
2017-11-30 11:30:00-05:00,45.47,45.505,45.47,45.5,5123
2017-11-30 11:35:00-05:00,45.49,45.5,45.48,45.49,8844
2017-11-30 11:40:00-05:00,45.5,45.54,45.49,45.51,7141
2017-11-30 11:45:00-05:00,45.52,45.53,45.49,45.5,6665
2017-11-30 11:50:00-05:00,45.5,45.505,45.48,45.49,3207
2017-11-30 11:55:00-05:00,45.49,45.49,45.48,45.49,2821
2017-11-30 12:00:00-05:00,45.48,45.5,45.47,45.5,2767
2017-11-30 12:05:00-05:00,45.5,45.535,45.5,45.53,2640
2017-11-30 12:10:00-05:00,45.54,45.55,45.525,45.55,5137
2017-11-30 12:15:00-05:00,45.55,45.595,45.55,45.595,3721
2017-11-30 12:20:00-05:00,45.61,45.65,45.61,45.64,6107
2017-11-30 12:25:00-05:00,45.64,45.66,45.635,45.64,5689
2017-11-30 12:30:00-05:00,45.65,45.7,45.65,45.69,8051
2017-11-30 12:35:00-05:00,45.695,45.73,45.68,45.72,11906
2017-11-30 12:40:00-05:00,45.73,45.77,45.7,45.77,6028
2017-11-30 12:45:00-05:00,45.755,45.81,45.73,45.8,7359
2017-11-30 12:50:00-05:00,45.79,45.81,45.76,45.76,4762
2017-11-30 12:55:00-05:00,45.76,45.77,45.73,45.77,4615
2017-11-30 13:00:00-05:00,45.76,45.79,45.75,45.755,9122
2017-11-30 13:05:00-05:00,45.76,45.79,45.725,45.78,5174
2017-11-30 13:10:00-05:00,45.79,45.79,45.71,45.75,4440
2017-11-30 13:15:00-05:00,45.74,45.75,45.7,45.71,6592
2017-11-30 13:20:00-05:00,45.7,45.71,45.63,45.635,6348
2017-11-30 13:25:00-05:00,45.65,45.675,45.645,45.675,3317
2017-11-30 13:30:00-05:00,45.67,45.715,45.66,45.67,6399
2017-11-30 13:35:00-05:00,45.67,45.69,45.65,45.655,4340
2017-11-30 13:40:00-05:00,45.66,45.69,45.66,45.68,1901
2017-11-30 13:45:00-05:00,45.68,45.705,45.66,45.665,3557
2017-11-30 13:50:00-05:00,45.665,45.72,45.665,45.69,4316
2017-11-30 13:55:00-05:00,45.67,45.73,45.67,45.73,3965
2017-11-30 14:00:00-05:00,45.72,45.74,45.72,45.72,2740
2017-11-30 14:05:00-05:00,45.72,45.725,45.67,45.67,3537
2017-11-30 14:10:00-05:00,45.665,45.705,45.665,45.695,2960
2017-11-30 14:15:00-05:00,45.68,45.695,45.66,45.68,2585
2017-11-30 14:20:00-05:00,45.69,45.69,45.645,45.65,3212
2017-11-30 14:25:00-05:00,45.66,45.675,45.64,45.67,3058
2017-11-30 14:30:00-05:00,45.67,45.67,45.645,45.645,4005
2017-11-30 14:35:00-05:00,45.645,45.655,45.63,45.65,6318
2017-11-30 14:40:00-05:00,45.655,45.68,45.65,45.66,10700
2017-11-30 14:45:00-05:00,45.65,45.65,45.63,45.645,5225
2017-11-30 14:50:00-05:00,45.65,45.65,45.635,45.65,3195
2017-11-30 14:55:00-05:00,45.645,45.665,45.625,45.66,12223
2017-11-30 15:00:00-05:00,45.65,45.67,45.63,45.66,10357
2017-11-30 15:05:00-05:00,45.66,45.675,45.65,45.66,9121
2017-11-30 15:10:00-05:00,45.665,45.67,45.64,45.65,10402
2017-11-30 15:15:00-05:00,45.645,45.67,45.64,45.65,14384
2017-11-30 15:20:00-05:00,45.66,45.7,45.655,45.67,10859
2017-11-30 15:25:00-05:00,45.67,45.7,45.67,45.69,14286
2017-11-30 15:30:00-05:00,45.7,45.74,45.69,45.74,10172
2017-11-30 15:35:00-05:00,45.74,45.76,45.695,45.71,15943
2017-11-30 15:40:00-05:00,45.72,45.72,45.7,45.705,17763
2017-11-30 15:45:00-05:00,45.695,45.81,45.695,45.8,54620
2017-11-30 15:50:00-05:00,45.81,45.84,45.79,45.83,35273
2017-11-30 15:55:00-05:00,45.83,45.84,45.75,45.77,94417
2017-12-01 09:30:00-05:00,45.83,45.89,45.83,45.83,3536
2017-12-01 09:35:00-05:00,45.83,45.86,45.76,45.78,6606
2017-12-01 09:40:00-05:00,45.78,45.8,45.73,45.75,4777
2017-12-01 09:45:00-05:00,45.77,45.77,45.72,45.74,4513
2017-12-01 09:50:00-05:00,45.74,45.81,45.74,45.81,4141
2017-12-01 09:55:00-05:00,45.81,45.86,45.81,45.83,4296
2017-12-01 10:00:00-05:00,45.835,45.94,45.835,45.93,5985
2017-12-01 10:05:00-05:00,45.94,45.955,45.905,45.91,6114
2017-12-01 10:10:00-05:00,45.895,45.895,45.81,45.83,5218
2017-12-01 10:15:00-05:00,45.8,45.81,45.71,45.71,5854
2017-12-01 10:20:00-05:00,45.7,45.7,45.64,45.67,5433
2017-12-01 10:25:00-05:00,45.67,45.67,45.58,45.58,7239
2017-12-01 10:30:00-05:00,45.58,45.59,45.52,45.53,5289
2017-12-01 10:35:00-05:00,45.53,45.55,45.5,45.55,11008
2017-12-01 10:40:00-05:00,45.54,45.56,45.49,45.49,6221
2017-12-01 10:45:00-05:00,45.49,45.56,45.49,45.555,6916
2017-12-01 10:50:00-05:00,45.57,45.615,45.55,45.58,11462
2017-12-01 10:55:00-05:00,45.59,45.59,45.53,45.535,13296
2017-12-01 11:00:00-05:00,45.54,45.58,45.525,45.56,9937
2017-12-01 11:05:00-05:00,45.57,45.585,45.465,45.51,12586
2017-12-01 11:10:00-05:00,45.51,45.54,45.21,45.45,11634
2017-12-01 11:15:00-05:00,45.45,45.51,45.39,45.49,9682
2017-12-01 11:20:00-05:00,45.5,45.54,45.43,45.48,6304
2017-12-01 11:25:00-05:00,45.47,45.58,45.41,45.44,6362
2017-12-01 11:30:00-05:00,45.46,45.67,45.36,45.54,5877
2017-12-01 11:35:00-05:00,45.57,45.59,45.35,45.35,7934
2017-12-01 11:40:00-05:00,45.39,45.4,45.34,45.37,5195
2017-12-01 11:45:00-05:00,45.37,45.39,45.33,45.37,3506
2017-12-01 11:50:00-05:00,45.37,45.45,45.32,45.41,7295
2017-12-01 11:55:00-05:00,45.435,45.51,45.345,45.48,7169
2017-12-01 12:00:00-05:00,45.51,45.52,45.47,45.49,2865
2017-12-01 12:05:00-05:00,45.485,45.49,45.42,45.49,5133
2017-12-01 12:10:00-05:00,45.5,45.56,45.47,45.56,5640
2017-12-01 12:15:00-05:00,45.56,45.61,45.535,45.6,7805
2017-12-01 12:20:00-05:00,45.62,45.66,45.61,45.65,5337
2017-12-01 12:25:00-05:00,45.65,45.71,45.65,45.71,4122
2017-12-01 12:30:00-05:00,45.71,45.72,45.68,45.685,11238
2017-12-01 12:35:00-05:00,45.685,45.73,45.665,45.73,6525
2017-12-01 12:40:00-05:00,45.73,45.73,45.7,45.715,4626
2017-12-01 12:45:00-05:00,45.71,45.73,45.655,45.68,13116
2017-12-01 12:50:00-05:00,45.68,45.73,45.66,45.73,6524
2017-12-01 12:55:00-05:00,45.73,45.73,45.69,45.69,6117
2017-12-01 13:00:00-05:00,45.695,45.735,45.685,45.73,5092
2017-12-01 13:05:00-05:00,45.75,45.78,45.74,45.77,3467
2017-12-01 13:10:00-05:00,45.785,45.8,45.775,45.8,4261
2017-12-01 13:15:00-05:00,45.8,45.8,45.76,45.76,2455
2017-12-01 13:20:00-05:00,45.76,45.76,45.73,45.75,1973
2017-12-01 13:25:00-05:00,45.745,45.75,45.7,45.71,2727
2017-12-01 13:30:00-05:00,45.72,45.72,45.69,45.69,8016
2017-12-01 13:35:00-05:00,45.7,45.7,45.66,45.665,3146
2017-12-01 13:40:00-05:00,45.665,45.705,45.665,45.705,2104
2017-12-01 13:45:00-05:00,45.705,45.735,45.7,45.72,8304
2017-12-01 13:50:00-05:00,45.725,45.775,45.725,45.765,2212
2017-12-01 13:55:00-05:00,45.775,45.78,45.76,45.77,3827
2017-12-01 14:00:00-05:00,45.77,45.795,45.765,45.795,7514
2017-12-01 14:05:00-05:00,45.8,45.8,45.73,45.76,9759
2017-12-01 14:10:00-05:00,45.76,45.78,45.745,45.75,6101
2017-12-01 14:15:00-05:00,45.74,45.75,45.735,45.75,2977
2017-12-01 14:20:00-05:00,45.75,45.79,45.74,45.785,5129
2017-12-01 14:25:00-05:00,45.78,45.8,45.78,45.78,6803
2017-12-01 14:30:00-05:00,45.79,45.79,45.76,45.77,6836
2017-12-01 14:35:00-05:00,45.77,45.795,45.76,45.76,4340
2017-12-01 14:40:00-05:00,45.76,45.77,45.745,45.765,7269
2017-12-01 14:45:00-05:00,45.765,45.815,45.76,45.815,5816
2017-12-01 14:50:00-05:00,45.77,45.795,45.765,45.79,3961
2017-12-01 14:55:00-05:00,45.78,45.785,45.75,45.785,6495
2017-12-01 15:00:00-05:00,45.785,45.79,45.74,45.76,5497
2017-12-01 15:05:00-05:00,45.75,45.79,45.75,45.78,6599
2017-12-01 15:10:00-05:00,45.78,45.805,45.77,45.805,6701
2017-12-01 15:15:00-05:00,45.805,45.83,45.8,45.83,5370
2017-12-01 15:20:00-05:00,45.825,45.84,45.825,45.84,5648
2017-12-01 15:25:00-05:00,45.835,45.84,45.82,45.83,12117
2017-12-01 15:30:00-05:00,45.83,45.85,45.79,45.8,12573
2017-12-01 15:35:00-05:00,45.81,45.82,45.8,45.82,10517
2017-12-01 15:40:00-05:00,45.82,45.865,45.82,45.825,27190
2017-12-01 15:45:00-05:00,45.83,45.83,45.78,45.82,21276
2017-12-01 15:50:00-05:00,45.83,45.85,45.815,45.84,31934
2017-12-01 15:55:00-05:00,45.84,46.005,45.84,45.97,122224
2017-12-04 09:30:00-05:00,45.92,45.93,45.79,45.84,6525
2017-12-04 09:35:00-05:00,45.85,45.965,45.81,45.93,5739
2017-12-04 09:40:00-05:00,45.94,46.04,45.9,46.02,3886
2017-12-04 09:45:00-05:00,46.0,46.01,45.955,45.965,6403
2017-12-04 09:50:00-05:00,45.99,46.12,45.98,46.12,5974
2017-12-04 09:55:00-05:00,46.11,46.17,46.065,46.17,9387
2017-12-04 10:00:00-05:00,46.17,46.27,46.15,46.24,12319
2017-12-04 10:05:00-05:00,46.23,46.37,46.22,46.35,9992
2017-12-04 10:10:00-05:00,46.33,46.37,46.305,46.31,5846
2017-12-04 10:15:00-05:00,46.31,46.32,46.25,46.25,7836
2017-12-04 10:20:00-05:00,46.26,46.29,46.22,46.23,11601
2017-12-04 10:25:00-05:00,46.23,46.32,46.23,46.31,6089
2017-12-04 10:30:00-05:00,46.29,46.29,46.255,46.29,6226
2017-12-04 10:35:00-05:00,46.29,46.29,46.2,46.2,6824
2017-12-04 10:40:00-05:00,46.2,46.23,46.13,46.15,13735
2017-12-04 10:45:00-05:00,46.14,46.18,46.1,46.18,9112
2017-12-04 10:50:00-05:00,46.17,46.17,46.075,46.11,10983
2017-12-04 10:55:00-05:00,46.1,46.14,46.1,46.11,6772
2017-12-04 11:00:00-05:00,46.12,46.18,46.11,46.16,10083
2017-12-04 11:05:00-05:00,46.16,46.195,46.15,46.18,8919
2017-12-04 11:10:00-05:00,46.18,46.21,46.18,46.19,4434
2017-12-04 11:15:00-05:00,46.2,46.24,46.19,46.24,5115
2017-12-04 11:20:00-05:00,46.24,46.25,46.22,46.23,6342
2017-12-04 11:25:00-05:00,46.23,46.28,46.22,46.28,9913
2017-12-04 11:30:00-05:00,46.27,46.28,46.2,46.225,12474
2017-12-04 11:35:00-05:00,46.225,46.24,46.2,46.205,11076
2017-12-04 11:40:00-05:00,46.21,46.24,46.21,46.24,5950
2017-12-04 11:45:00-05:00,46.24,46.31,46.235,46.3,14559
2017-12-04 11:50:00-05:00,46.305,46.33,46.25,46.25,7284
2017-12-04 11:55:00-05:00,46.25,46.28,46.25,46.28,5189
2017-12-04 12:00:00-05:00,46.27,46.29,46.26,46.27,8510
2017-12-04 12:05:00-05:00,46.28,46.3,46.26,46.29,8256
2017-12-04 12:10:00-05:00,46.29,46.295,46.28,46.29,3818
2017-12-04 12:15:00-05:00,46.29,46.295,46.27,46.28,5662
2017-12-04 12:20:00-05:00,46.28,46.31,46.27,46.3,6793
2017-12-04 12:25:00-05:00,46.3,46.3,46.26,46.265,5000
2017-12-04 12:30:00-05:00,46.25,46.26,46.235,46.255,4651
2017-12-04 12:35:00-05:00,46.26,46.26,46.2,46.2,7957
2017-12-04 12:40:00-05:00,46.2,46.245,46.19,46.2,7247
2017-12-04 12:45:00-05:00,46.2,46.22,46.18,46.18,3142
2017-12-04 12:50:00-05:00,46.18,46.18,46.125,46.125,8169
2017-12-04 12:55:00-05:00,46.12,46.14,46.11,46.135,7705
2017-12-04 13:00:00-05:00,46.14,46.16,46.1,46.12,5575
2017-12-04 13:05:00-05:00,46.13,46.16,46.115,46.12,5721
2017-12-04 13:10:00-05:00,46.13,46.14,46.12,46.12,3957
2017-12-04 13:15:00-05:00,46.12,46.12,46.11,46.12,3177
2017-12-04 13:20:00-05:00,46.13,46.145,46.12,46.145,5534
2017-12-04 13:25:00-05:00,46.145,46.145,46.12,46.13,5273
2017-12-04 13:30:00-05:00,46.14,46.145,46.13,46.14,24857
2017-12-04 13:35:00-05:00,46.14,46.16,46.11,46.11,8552
2017-12-04 13:40:00-05:00,46.11,46.16,46.11,46.13,9968
2017-12-04 13:45:00-05:00,46.13,46.135,46.115,46.12,5906
2017-12-04 13:50:00-05:00,46.12,46.135,46.1,46.11,8825
2017-12-04 13:55:00-05:00,46.1,46.135,46.1,46.125,11679
2017-12-04 14:00:00-05:00,46.125,46.135,46.12,46.13,13172
2017-12-04 14:05:00-05:00,46.135,46.14,46.075,46.08,19876
2017-12-04 14:10:00-05:00,46.06,46.095,46.06,46.095,10220
2017-12-04 14:15:00-05:00,46.09,46.11,46.085,46.105,11903
2017-12-04 14:20:00-05:00,46.11,46.13,46.105,46.13,9536
2017-12-04 14:25:00-05:00,46.13,46.15,46.13,46.15,11300
2017-12-04 14:30:00-05:00,46.15,46.19,46.14,46.19,8954
2017-12-04 14:35:00-05:00,46.18,46.22,46.18,46.22,9607
2017-12-04 14:40:00-05:00,46.22,46.23,46.215,46.225,13243
2017-12-04 14:45:00-05:00,46.225,46.23,46.15,46.15,17488
2017-12-04 14:50:00-05:00,46.145,46.215,46.145,46.21,11671
2017-12-04 14:55:00-05:00,46.205,46.225,46.2,46.2,12296
2017-12-04 15:00:00-05:00,46.19,46.22,46.185,46.22,12843
2017-12-04 15:05:00-05:00,46.22,46.225,46.2,46.2,12636
2017-12-04 15:10:00-05:00,46.2,46.2,46.185,46.19,9027
2017-12-04 15:15:00-05:00,46.19,46.19,46.155,46.17,18000
2017-12-04 15:20:00-05:00,46.17,46.18,46.15,46.15,15936
2017-12-04 15:25:00-05:00,46.15,46.16,46.12,46.16,20581
2017-12-04 15:30:00-05:00,46.16,46.19,46.15,46.19,21944
2017-12-04 15:35:00-05:00,46.19,46.19,46.13,46.14,28462
2017-12-04 15:40:00-05:00,46.15,46.175,46.13,46.16,23313
2017-12-04 15:45:00-05:00,46.165,46.21,46.155,46.2,45916
2017-12-04 15:50:00-05:00,46.2,46.25,46.19,46.25,48351
2017-12-04 15:55:00-05:00,46.245,46.315,46.23,46.23,176408
2017-12-05 09:30:00-05:00,46.27,46.43,46.265,46.39,10561
2017-12-05 09:35:00-05:00,46.34,46.41,46.21,46.22,10060
2017-12-05 09:40:00-05:00,46.19,46.26,46.13,46.205,9639
2017-12-05 09:45:00-05:00,46.19,46.2,46.14,46.165,7700
2017-12-05 09:50:00-05:00,46.185,46.2,46.11,46.165,12607
2017-12-05 09:55:00-05:00,46.16,46.16,46.08,46.15,8088
2017-12-05 10:00:00-05:00,46.16,46.215,46.15,46.19,12019
2017-12-05 10:05:00-05:00,46.185,46.25,46.16,46.22,13777
2017-12-05 10:10:00-05:00,46.22,46.29,46.22,46.28,7955
2017-12-05 10:15:00-05:00,46.26,46.31,46.25,46.31,4578
2017-12-05 10:20:00-05:00,46.3,46.33,46.255,46.28,3963
2017-12-05 10:25:00-05:00,46.27,46.31,46.27,46.31,3101
2017-12-05 10:30:00-05:00,46.31,46.31,46.26,46.28,3971
2017-12-05 10:35:00-05:00,46.28,46.3,46.25,46.26,1917
2017-12-05 10:40:00-05:00,46.27,46.29,46.26,46.26,4240
2017-12-05 10:45:00-05:00,46.27,46.27,46.245,46.27,1721
2017-12-05 10:50:00-05:00,46.27,46.29,46.26,46.27,5070
2017-12-05 10:55:00-05:00,46.27,46.305,46.27,46.285,5641
2017-12-05 11:00:00-05:00,46.29,46.305,46.28,46.3,6908
2017-12-05 11:05:00-05:00,46.295,46.32,46.29,46.32,7079
2017-12-05 11:10:00-05:00,46.32,46.375,46.32,46.36,27556
2017-12-05 11:15:00-05:00,46.365,46.365,46.33,46.33,12704
2017-12-05 11:20:00-05:00,46.33,46.33,46.28,46.28,7405
2017-12-05 11:25:00-05:00,46.28,46.33,46.28,46.325,4983
2017-12-05 11:30:00-05:00,46.33,46.34,46.32,46.34,8843
2017-12-05 11:35:00-05:00,46.335,46.335,46.3,46.33,6260
2017-12-05 11:40:00-05:00,46.32,46.33,46.275,46.28,8584
2017-12-05 11:45:00-05:00,46.285,46.33,46.285,46.325,3273
2017-12-05 11:50:00-05:00,46.33,46.35,46.315,46.32,7098
2017-12-05 11:55:00-05:00,46.33,46.36,46.33,46.33,7759
2017-12-05 12:00:00-05:00,46.34,46.34,46.255,46.255,9327
2017-12-05 12:05:00-05:00,46.25,46.3,46.25,46.28,4518
2017-12-05 12:10:00-05:00,46.28,46.31,46.27,46.29,3725
2017-12-05 12:15:00-05:00,46.3,46.31,46.295,46.3,5542
2017-12-05 12:20:00-05:00,46.3,46.3,46.27,46.275,6633
2017-12-05 12:25:00-05:00,46.275,46.28,46.25,46.255,2403
2017-12-05 12:30:00-05:00,46.25,46.295,46.25,46.28,2369
2017-12-05 12:35:00-05:00,46.28,46.28,46.24,46.24,3385
2017-12-05 12:40:00-05:00,46.23,46.25,46.23,46.245,2903
2017-12-05 12:45:00-05:00,46.25,46.265,46.23,46.23,6406
2017-12-05 12:50:00-05:00,46.23,46.24,46.22,46.22,1690
2017-12-05 12:55:00-05:00,46.22,46.24,46.21,46.24,2318
2017-12-05 13:00:00-05:00,46.24,46.24,46.2,46.21,4871
2017-12-05 13:05:00-05:00,46.21,46.23,46.2,46.22,5567
2017-12-05 13:10:00-05:00,46.24,46.27,46.23,46.235,7371
2017-12-05 13:15:00-05:00,46.24,46.25,46.215,46.225,3550
2017-12-05 13:20:00-05:00,46.23,46.25,46.22,46.22,2668
2017-12-05 13:25:00-05:00,46.22,46.23,46.21,46.21,2831
2017-12-05 13:30:00-05:00,46.2,46.22,46.2,46.2,11190
2017-12-05 13:35:00-05:00,46.2,46.22,46.2,46.22,2305
2017-12-05 13:40:00-05:00,46.22,46.225,46.195,46.195,5039
2017-12-05 13:45:00-05:00,46.185,46.2,46.18,46.19,3885
2017-12-05 13:50:00-05:00,46.2,46.22,46.2,46.21,2957
2017-12-05 13:55:00-05:00,46.22,46.245,46.22,46.23,7034
2017-12-05 14:00:00-05:00,46.24,46.26,46.24,46.26,3214
2017-12-05 14:05:00-05:00,46.26,46.26,46.24,46.25,6948
2017-12-05 14:10:00-05:00,46.25,46.25,46.23,46.23,4851
2017-12-05 14:15:00-05:00,46.24,46.26,46.23,46.23,11124
2017-12-05 14:20:00-05:00,46.24,46.24,46.2,46.21,8928
2017-12-05 14:25:00-05:00,46.2,46.22,46.2,46.21,9349
2017-12-05 14:30:00-05:00,46.21,46.24,46.205,46.23,8565
2017-12-05 14:35:00-05:00,46.23,46.25,46.215,46.215,13188
2017-12-05 14:40:00-05:00,46.22,46.22,46.2,46.215,10639
2017-12-05 14:45:00-05:00,46.215,46.22,46.19,46.19,9845
2017-12-05 14:50:00-05:00,46.2,46.205,46.19,46.2,2956
2017-12-05 14:55:00-05:00,46.19,46.2,46.16,46.16,16893
2017-12-05 15:00:00-05:00,46.15,46.155,46.11,46.11,11045
2017-12-05 15:05:00-05:00,46.11,46.19,46.11,46.19,16615
2017-12-05 15:10:00-05:00,46.19,46.2,46.19,46.2,3257
2017-12-05 15:15:00-05:00,46.195,46.2,46.14,46.17,20488
2017-12-05 15:20:00-05:00,46.17,46.21,46.165,46.21,6051
2017-12-05 15:25:00-05:00,46.2,46.21,46.18,46.2,9417
2017-12-05 15:30:00-05:00,46.195,46.2,46.17,46.18,19159
2017-12-05 15:35:00-05:00,46.19,46.2,46.18,46.19,18125
2017-12-05 15:40:00-05:00,46.185,46.2,46.17,46.2,19012
2017-12-05 15:45:00-05:00,46.195,46.215,46.19,46.19,43650
2017-12-05 15:50:00-05:00,46.2,46.2,46.17,46.19,41581
2017-12-05 15:55:00-05:00,46.19,46.27,46.19,46.25,87944
2017-12-06 09:30:00-05:00,46.39,46.47,46.37,46.37,8322
2017-12-06 09:35:00-05:00,46.39,46.41,46.29,46.36,8163
2017-12-06 09:40:00-05:00,46.34,46.41,46.34,46.4,8307
2017-12-06 09:45:00-05:00,46.39,46.465,46.39,46.44,2984
2017-12-06 09:50:00-05:00,46.43,46.435,46.34,46.36,3566
2017-12-06 09:55:00-05:00,46.37,46.37,46.31,46.31,2072
2017-12-06 10:00:00-05:00,46.31,46.34,46.31,46.34,4028
2017-12-06 10:05:00-05:00,46.34,46.35,46.31,46.32,2173
2017-12-06 10:10:00-05:00,46.32,46.36,46.29,46.36,3180
2017-12-06 10:15:00-05:00,46.36,46.375,46.325,46.33,3223
2017-12-06 10:20:00-05:00,46.33,46.34,46.29,46.34,3179
2017-12-06 10:25:00-05:00,46.34,46.35,46.33,46.33,1410
2017-12-06 10:30:00-05:00,46.315,46.365,46.31,46.36,1980
2017-12-06 10:35:00-05:00,46.36,46.365,46.345,46.36,5012
2017-12-06 10:40:00-05:00,46.38,46.38,46.35,46.36,3548
2017-12-06 10:45:00-05:00,46.36,46.4,46.36,46.39,5439
2017-12-06 10:50:00-05:00,46.395,46.42,46.39,46.4,1620
2017-12-06 10:55:00-05:00,46.37,46.4,46.355,46.355,2537
2017-12-06 11:00:00-05:00,46.37,46.37,46.36,46.37,1321
2017-12-06 11:05:00-05:00,46.37,46.37,46.35,46.35,1897
2017-12-06 11:10:00-05:00,46.35,46.37,46.34,46.365,3728
2017-12-06 11:15:00-05:00,46.36,46.41,46.36,46.41,1929
2017-12-06 11:20:00-05:00,46.42,46.44,46.4,46.4,2485
2017-12-06 11:25:00-05:00,46.4,46.4,46.37,46.37,2572
2017-12-06 11:30:00-05:00,46.37,46.39,46.37,46.385,2245
2017-12-06 11:35:00-05:00,46.38,46.38,46.36,46.36,1500
2017-12-06 11:40:00-05:00,46.37,46.4,46.37,46.39,2521
2017-12-06 11:45:00-05:00,46.39,46.405,46.38,46.4,2722
2017-12-06 11:50:00-05:00,46.395,46.42,46.39,46.39,2022
2017-12-06 11:55:00-05:00,46.38,46.39,46.35,46.36,2390
2017-12-06 12:00:00-05:00,46.355,46.36,46.33,46.33,2154
2017-12-06 12:05:00-05:00,46.33,46.35,46.33,46.345,1654
2017-12-06 12:10:00-05:00,46.345,46.345,46.29,46.3,2720
2017-12-06 12:15:00-05:00,46.3,46.3,46.265,46.3,2041
2017-12-06 12:20:00-05:00,46.3,46.33,46.3,46.32,2523
2017-12-06 12:25:00-05:00,46.315,46.36,46.315,46.36,3364
2017-12-06 12:30:00-05:00,46.365,46.38,46.35,46.37,4210
2017-12-06 12:35:00-05:00,46.36,46.37,46.35,46.36,1300
2017-12-06 12:40:00-05:00,46.365,46.365,46.33,46.33,2572
2017-12-06 12:45:00-05:00,46.33,46.36,46.32,46.35,1651
2017-12-06 12:50:00-05:00,46.34,46.34,46.31,46.325,1173
2017-12-06 12:55:00-05:00,46.33,46.34,46.31,46.315,2920
2017-12-06 13:00:00-05:00,46.32,46.33,46.3,46.33,1019
2017-12-06 13:05:00-05:00,46.35,46.36,46.34,46.34,1926
2017-12-06 13:10:00-05:00,46.34,46.35,46.33,46.33,2180
2017-12-06 13:15:00-05:00,46.325,46.325,46.31,46.32,3598
2017-12-06 13:20:00-05:00,46.29,46.3,46.27,46.27,902
2017-12-06 13:25:00-05:00,46.28,46.32,46.28,46.29,2342
2017-12-06 13:30:00-05:00,46.29,46.3,46.27,46.27,15181
2017-12-06 13:35:00-05:00,46.28,46.31,46.28,46.31,1318
2017-12-06 13:40:00-05:00,46.31,46.31,46.3,46.31,1971
2017-12-06 13:45:00-05:00,46.31,46.31,46.305,46.305,1040
2017-12-06 13:50:00-05:00,46.31,46.32,46.31,46.32,4650
2017-12-06 13:55:00-05:00,46.32,46.365,46.32,46.355,3725
2017-12-06 14:00:00-05:00,46.355,46.365,46.345,46.36,8551
2017-12-06 14:05:00-05:00,46.365,46.38,46.36,46.37,3405
2017-12-06 14:10:00-05:00,46.37,46.38,46.36,46.38,1366
2017-12-06 14:15:00-05:00,46.38,46.395,46.38,46.395,1682
2017-12-06 14:20:00-05:00,46.4,46.41,46.39,46.41,1610
2017-12-06 14:25:00-05:00,46.42,46.44,46.41,46.435,4533
2017-12-06 14:30:00-05:00,46.43,46.45,46.42,46.45,2306
2017-12-06 14:35:00-05:00,46.45,46.46,46.44,46.45,2384
2017-12-06 14:40:00-05:00,46.45,46.45,46.435,46.44,2727
2017-12-06 14:45:00-05:00,46.435,46.45,46.435,46.45,1892
2017-12-06 14:50:00-05:00,46.445,46.45,46.44,46.445,3225
2017-12-06 14:55:00-05:00,46.45,46.46,46.44,46.45,2902
2017-12-06 15:00:00-05:00,46.45,46.46,46.45,46.46,2600
2017-12-06 15:05:00-05:00,46.46,46.47,46.455,46.47,2570
2017-12-06 15:10:00-05:00,46.47,46.47,46.46,46.47,5055
2017-12-06 15:15:00-05:00,46.465,46.47,46.45,46.455,12229
2017-12-06 15:20:00-05:00,46.45,46.46,46.45,46.455,10546
2017-12-06 15:25:00-05:00,46.46,46.47,46.45,46.46,5936
2017-12-06 15:30:00-05:00,46.465,46.48,46.45,46.46,14793
2017-12-06 15:35:00-05:00,46.46,46.47,46.46,46.46,16699
2017-12-06 15:40:00-05:00,46.46,46.46,46.41,46.44,11158
2017-12-06 15:45:00-05:00,46.44,46.48,46.44,46.48,14665
2017-12-06 15:50:00-05:00,46.48,46.48,46.45,46.47,24717
2017-12-06 15:55:00-05:00,46.47,46.48,46.43,46.47,77398
2017-12-07 09:30:00-05:00,46.26,46.3,46.185,46.23,24229
2017-12-07 09:35:00-05:00,46.23,46.235,46.07,46.14,21838
2017-12-07 09:40:00-05:00,46.15,46.19,46.095,46.18,9939
2017-12-07 09:45:00-05:00,46.11,46.14,46.105,46.14,25161
2017-12-07 09:50:00-05:00,46.145,46.22,46.135,46.19,21606
2017-12-07 09:55:00-05:00,46.17,46.19,46.15,46.19,23125
2017-12-07 10:00:00-05:00,46.19,46.2,46.15,46.15,10259
2017-12-07 10:05:00-05:00,46.14,46.14,46.11,46.12,12953
2017-12-07 10:10:00-05:00,46.11,46.13,46.1,46.13,12715
2017-12-07 10:15:00-05:00,46.13,46.13,46.07,46.09,9385
2017-12-07 10:20:00-05:00,46.09,46.11,46.075,46.09,8133
2017-12-07 10:25:00-05:00,46.09,46.09,46.04,46.04,8266
2017-12-07 10:30:00-05:00,46.05,46.09,46.05,46.07,16016
2017-12-07 10:35:00-05:00,46.07,46.08,46.06,46.06,23732
2017-12-07 10:40:00-05:00,46.06,46.06,46.04,46.05,4791
2017-12-07 10:45:00-05:00,46.04,46.05,46.025,46.03,9965
2017-12-07 10:50:00-05:00,46.03,46.05,46.0,46.0,3220
2017-12-07 10:55:00-05:00,46.0,46.015,45.99,46.015,6210
2017-12-07 11:00:00-05:00,46.02,46.03,45.98,45.98,6791
2017-12-07 11:05:00-05:00,45.98,46.01,45.97,46.01,4471
2017-12-07 11:10:00-05:00,46.0,46.0,45.975,45.975,5075
2017-12-07 11:15:00-05:00,45.975,46.02,45.97,46.02,13290
2017-12-07 11:20:00-05:00,46.02,46.02,45.99,46.015,10318
2017-12-07 11:25:00-05:00,46.02,46.1,46.02,46.09,11252
2017-12-07 11:30:00-05:00,46.075,46.09,46.075,46.085,4400
2017-12-07 11:35:00-05:00,46.09,46.12,46.09,46.09,10272
2017-12-07 11:40:00-05:00,46.09,46.1,46.07,46.09,8726
2017-12-07 11:45:00-05:00,46.08,46.085,46.06,46.06,7894
2017-12-07 11:50:00-05:00,46.06,46.06,45.99,45.99,5084
2017-12-07 11:55:00-05:00,45.99,46.0,45.98,46.0,10113
2017-12-07 12:00:00-05:00,45.995,46.0,45.98,45.99,6700
2017-12-07 12:05:00-05:00,45.998,46.0,45.98,45.99,4239
2017-12-07 12:10:00-05:00,45.98,46.0,45.98,45.98,9638
2017-12-07 12:15:00-05:00,45.98,45.99,45.96,45.99,5799
2017-12-07 12:20:00-05:00,45.99,46.01,45.975,45.99,6903
2017-12-07 12:25:00-05:00,45.98,45.98,45.96,45.96,2607
2017-12-07 12:30:00-05:00,45.965,45.98,45.965,45.975,3911
2017-12-07 12:35:00-05:00,45.98,45.99,45.98,45.99,4847
2017-12-07 12:40:00-05:00,45.99,45.995,45.98,45.99,4448
2017-12-07 12:45:00-05:00,45.98,45.99,45.97,45.97,6660
2017-12-07 12:50:00-05:00,45.98,45.98,45.96,45.96,3826
2017-12-07 12:55:00-05:00,45.965,45.98,45.955,45.97,5333
2017-12-07 13:00:00-05:00,45.97,45.97,45.94,45.94,3953
2017-12-07 13:05:00-05:00,45.93,45.94,45.91,45.94,3878
2017-12-07 13:10:00-05:00,45.94,45.94,45.925,45.93,4343
2017-12-07 13:15:00-05:00,45.94,45.94,45.91,45.91,5215
2017-12-07 13:20:00-05:00,45.905,45.935,45.89,45.93,5022
2017-12-07 13:25:00-05:00,45.94,45.95,45.93,45.94,5804
2017-12-07 13:30:00-05:00,45.94,45.95,45.93,45.95,5052
2017-12-07 13:35:00-05:00,45.945,45.965,45.945,45.96,3540
2017-12-07 13:40:00-05:00,45.96,45.96,45.94,45.95,5213
2017-12-07 13:45:00-05:00,45.955,45.99,45.95,45.98,11437
2017-12-07 13:50:00-05:00,45.98,45.99,45.97,45.975,10848
2017-12-07 13:55:00-05:00,45.98,45.99,45.97,45.98,6400
2017-12-07 14:00:00-05:00,45.98,45.98,45.97,45.97,5953
2017-12-07 14:05:00-05:00,45.97,45.975,45.955,45.96,3002
2017-12-07 14:10:00-05:00,45.97,45.975,45.93,45.94,10026
2017-12-07 14:15:00-05:00,45.935,45.94,45.93,45.935,5456
2017-12-07 14:20:00-05:00,45.94,45.96,45.93,45.96,5155
2017-12-07 14:25:00-05:00,45.95,45.955,45.91,45.91,6605
2017-12-07 14:30:00-05:00,45.91,45.92,45.89,45.89,5667
2017-12-07 14:35:00-05:00,45.9,45.925,45.89,45.92,10314
2017-12-07 14:40:00-05:00,45.925,45.925,45.9,45.9,13428
2017-12-07 14:45:00-05:00,45.9,45.91,45.88,45.885,13737
2017-12-07 14:50:00-05:00,45.88,45.88,45.855,45.87,11329
2017-12-07 14:55:00-05:00,45.865,45.87,45.85,45.85,10463
2017-12-07 15:00:00-05:00,45.85,45.85,45.83,45.84,9077
2017-12-07 15:05:00-05:00,45.845,45.845,45.82,45.82,15879
2017-12-07 15:10:00-05:00,45.82,45.83,45.82,45.82,15256
2017-12-07 15:15:00-05:00,45.82,45.85,45.82,45.82,12701
2017-12-07 15:20:00-05:00,45.82,45.87,45.81,45.84,19041
2017-12-07 15:25:00-05:00,45.845,45.85,45.8,45.8,12385
2017-12-07 15:30:00-05:00,45.8,45.83,45.8,45.82,19610
2017-12-07 15:35:00-05:00,45.825,45.84,45.8,45.8,16093
2017-12-07 15:40:00-05:00,45.8,45.81,45.78,45.81,14561
2017-12-07 15:45:00-05:00,45.8,45.815,45.76,45.76,36063
2017-12-07 15:50:00-05:00,45.76,45.76,45.73,45.73,45345
2017-12-07 15:55:00-05:00,45.73,45.76,45.72,45.76,59721
2017-12-08 09:30:00-05:00,45.63,45.63,45.22,45.41,8462
2017-12-08 09:35:00-05:00,45.43,45.46,45.31,45.32,5745
2017-12-08 09:40:00-05:00,45.29,45.395,45.25,45.35,9406
2017-12-08 09:45:00-05:00,45.355,45.39,45.21,45.21,15217
2017-12-08 09:50:00-05:00,45.21,45.29,45.2,45.215,24362
2017-12-08 09:55:00-05:00,45.21,45.3,45.205,45.3,9865
2017-12-08 10:00:00-05:00,45.31,45.35,45.255,45.275,9531
2017-12-08 10:05:00-05:00,45.265,45.29,45.21,45.21,9313
2017-12-08 10:10:00-05:00,45.21,45.22,45.195,45.2,12509
2017-12-08 10:15:00-05:00,45.2,45.215,45.155,45.2,18447
2017-12-08 10:20:00-05:00,45.2,45.2,45.12,45.13,6593
2017-12-08 10:25:00-05:00,45.13,45.19,45.13,45.15,4148
2017-12-08 10:30:00-05:00,45.14,45.21,45.14,45.145,8157
2017-12-08 10:35:00-05:00,45.14,45.155,45.11,45.11,13268
2017-12-08 10:40:00-05:00,45.11,45.12,45.095,45.105,13187
2017-12-08 10:45:00-05:00,45.1,45.16,45.09,45.145,6933
2017-12-08 10:50:00-05:00,45.15,45.205,45.14,45.145,7399
2017-12-08 10:55:00-05:00,45.13,45.14,45.07,45.075,5660
2017-12-08 11:00:00-05:00,45.1,45.12,45.09,45.1,3794
2017-12-08 11:05:00-05:00,45.115,45.13,45.095,45.095,6977
2017-12-08 11:10:00-05:00,45.1,45.14,45.07,45.13,4369
2017-12-08 11:15:00-05:00,45.13,45.13,45.09,45.09,4296
2017-12-08 11:20:00-05:00,45.09,45.09,45.06,45.06,5179
2017-12-08 11:25:00-05:00,45.07,45.145,45.06,45.135,9415
2017-12-08 11:30:00-05:00,45.135,45.135,45.06,45.06,8520
2017-12-08 11:35:00-05:00,45.06,45.115,45.06,45.105,8360
2017-12-08 11:40:00-05:00,45.1,45.1,45.08,45.08,9738
2017-12-08 11:45:00-05:00,45.085,45.14,45.085,45.125,3504
2017-12-08 11:50:00-05:00,45.13,45.13,45.11,45.12,5228
2017-12-08 11:55:00-05:00,45.13,45.17,45.13,45.155,10857
2017-12-08 12:00:00-05:00,45.16,45.16,45.14,45.14,4500
2017-12-08 12:05:00-05:00,45.14,45.14,45.13,45.14,1680
2017-12-08 12:10:00-05:00,45.14,45.14,45.13,45.135,5127
2017-12-08 12:15:00-05:00,45.13,45.13,45.1,45.1,4301
2017-12-08 12:20:00-05:00,45.1,45.11,45.09,45.09,5696
2017-12-08 12:25:00-05:00,45.09,45.09,45.07,45.07,4130
2017-12-08 12:30:00-05:00,45.07,45.12,45.06,45.12,4980
2017-12-08 12:35:00-05:00,45.12,45.12,45.1,45.1,2116
2017-12-08 12:40:00-05:00,45.1,45.1,45.06,45.07,3772
2017-12-08 12:45:00-05:00,45.06,45.07,45.05,45.07,3993
2017-12-08 12:50:00-05:00,45.07,45.07,45.06,45.07,1900
2017-12-08 12:55:00-05:00,45.06,45.07,45.05,45.05,83385
2017-12-08 13:00:00-05:00,45.055,45.06,45.05,45.06,6233
2017-12-08 13:05:00-05:00,45.06,45.11,45.06,45.09,3000
2017-12-08 13:10:00-05:00,45.1,45.1,45.06,45.06,4116
2017-12-08 13:15:00-05:00,45.06,45.1,45.05,45.1,3231
2017-12-08 13:20:00-05:00,45.1,45.1,45.09,45.09,2407
2017-12-08 13:25:00-05:00,45.09,45.1,45.08,45.085,8218
2017-12-08 13:30:00-05:00,45.08,45.08,45.07,45.07,8750
2017-12-08 13:35:00-05:00,45.07,45.12,45.065,45.12,4059
2017-12-08 13:40:00-05:00,45.12,45.12,45.11,45.12,2249
2017-12-08 13:45:00-05:00,45.115,45.12,45.09,45.09,4840
2017-12-08 13:50:00-05:00,45.09,45.1,45.09,45.09,2275
2017-12-08 13:55:00-05:00,45.09,45.13,45.09,45.12,7099
2017-12-08 14:00:00-05:00,45.115,45.12,45.085,45.09,3670
2017-12-08 14:05:00-05:00,45.08,45.1,45.07,45.095,6112
2017-12-08 14:10:00-05:00,45.1,45.1,45.07,45.07,6125
2017-12-08 14:15:00-05:00,45.07,45.1,45.07,45.085,10096
2017-12-08 14:20:00-05:00,45.085,45.1,45.085,45.1,5429
2017-12-08 14:25:00-05:00,45.095,45.105,45.08,45.08,9880
2017-12-08 14:30:00-05:00,45.08,45.08,45.07,45.08,3912
2017-12-08 14:35:00-05:00,45.075,45.11,45.075,45.11,12018
2017-12-08 14:40:00-05:00,45.1,45.11,45.1,45.105,4211
2017-12-08 14:45:00-05:00,45.1,45.11,45.1,45.11,2005
2017-12-08 14:50:00-05:00,45.11,45.11,45.07,45.07,10476
2017-12-08 14:55:00-05:00,45.08,45.08,45.06,45.06,3878
2017-12-08 15:00:00-05:00,45.07,45.11,45.07,45.11,7625
2017-12-08 15:05:00-05:00,45.11,45.15,45.105,45.15,5752
2017-12-08 15:10:00-05:00,45.15,45.19,45.15,45.18,6976
2017-12-08 15:15:00-05:00,45.19,45.2,45.165,45.18,8169
2017-12-08 15:20:00-05:00,45.19,45.19,45.18,45.185,3964
2017-12-08 15:25:00-05:00,45.19,45.19,45.18,45.19,8744
2017-12-08 15:30:00-05:00,45.185,45.19,45.15,45.17,14144
2017-12-08 15:35:00-05:00,45.165,45.17,45.11,45.11,14448
2017-12-08 15:40:00-05:00,45.11,45.17,45.11,45.155,15189
2017-12-08 15:45:00-05:00,45.14,45.185,45.14,45.185,20660
2017-12-08 15:50:00-05:00,45.19,45.26,45.19,45.26,27938
2017-12-08 15:55:00-05:00,45.27,45.31,45.255,45.31,69095
2017-12-11 09:30:00-05:00,45.15,45.19,44.95,45.06,7050
2017-12-11 09:35:00-05:00,45.11,45.16,45.07,45.07,2999
2017-12-11 09:40:00-05:00,45.1,45.16,45.1,45.14,2902
2017-12-11 09:45:00-05:00,45.14,45.245,45.14,45.18,6048
2017-12-11 09:50:00-05:00,45.16,45.2,45.16,45.19,5600
2017-12-11 09:55:00-05:00,45.18,45.18,45.12,45.15,8025
2017-12-11 10:00:00-05:00,45.15,45.15,45.08,45.1,8685
2017-12-11 10:05:00-05:00,45.09,45.18,45.09,45.18,6500
2017-12-11 10:10:00-05:00,45.17,45.25,45.17,45.24,4551
2017-12-11 10:15:00-05:00,45.27,45.27,45.22,45.22,6714
2017-12-11 10:20:00-05:00,45.23,45.27,45.2,45.23,5453
2017-12-11 10:25:00-05:00,45.255,45.255,45.23,45.24,1348
2017-12-11 10:30:00-05:00,45.24,45.25,45.2,45.21,5802
2017-12-11 10:35:00-05:00,45.2,45.26,45.2,45.26,6604
2017-12-11 10:40:00-05:00,45.26,45.26,45.23,45.23,7270
2017-12-11 10:45:00-05:00,45.21,45.21,45.18,45.2,5100
2017-12-11 10:50:00-05:00,45.2,45.22,45.185,45.185,7076
2017-12-11 10:55:00-05:00,45.18,45.2,45.17,45.18,7690
2017-12-11 11:00:00-05:00,45.18,45.21,45.17,45.205,5300
2017-12-11 11:05:00-05:00,45.19,45.22,45.19,45.22,7272
2017-12-11 11:10:00-05:00,45.21,45.23,45.2,45.21,5704
2017-12-11 11:15:00-05:00,45.22,45.23,45.21,45.22,6527
2017-12-11 11:20:00-05:00,45.21,45.245,45.21,45.24,7624
2017-12-11 11:25:00-05:00,45.24,45.255,45.23,45.24,10870
2017-12-11 11:30:00-05:00,45.25,45.25,45.22,45.24,12768
2017-12-11 11:35:00-05:00,45.23,45.26,45.23,45.24,5382
2017-12-11 11:40:00-05:00,45.24,45.27,45.24,45.265,3783
2017-12-11 11:45:00-05:00,45.27,45.3,45.27,45.29,5452
2017-12-11 11:50:00-05:00,45.29,45.3,45.25,45.25,5821
2017-12-11 11:55:00-05:00,45.24,45.24,45.2,45.21,6879
2017-12-11 12:00:00-05:00,45.215,45.26,45.215,45.25,2912
2017-12-11 12:05:00-05:00,45.26,45.29,45.24,45.29,4200
2017-12-11 12:10:00-05:00,45.28,45.3,45.28,45.29,2072
2017-12-11 12:15:00-05:00,45.295,45.3,45.28,45.29,4504
2017-12-11 12:20:00-05:00,45.3,45.32,45.29,45.31,3576
2017-12-11 12:25:00-05:00,45.31,45.33,45.3,45.3,8751
2017-12-11 12:30:00-05:00,45.315,45.33,45.29,45.3,3851
2017-12-11 12:35:00-05:00,45.29,45.31,45.29,45.3,4118
2017-12-11 12:40:00-05:00,45.3,45.32,45.29,45.3,6535
2017-12-11 12:45:00-05:00,45.3,45.32,45.3,45.315,3117
2017-12-11 12:50:00-05:00,45.32,45.32,45.3,45.3,81718
2017-12-11 12:55:00-05:00,45.305,45.32,45.305,45.32,6228
2017-12-11 13:00:00-05:00,45.315,45.32,45.29,45.305,7119
2017-12-11 13:05:00-05:00,45.305,45.33,45.305,45.315,4380
2017-12-11 13:10:00-05:00,45.32,45.33,45.31,45.31,4504
2017-12-11 13:15:00-05:00,45.3,45.3,45.28,45.285,5196
2017-12-11 13:20:00-05:00,45.28,45.28,45.27,45.275,3822
2017-12-11 13:25:00-05:00,45.28,45.31,45.27,45.31,2655
2017-12-11 13:30:00-05:00,45.31,45.31,45.29,45.305,14863
2017-12-11 13:35:00-05:00,45.31,45.33,45.28,45.29,5860
2017-12-11 13:40:00-05:00,45.285,45.31,45.28,45.31,2673
2017-12-11 13:45:00-05:00,45.31,45.32,45.27,45.27,4706
2017-12-11 13:50:00-05:00,45.27,45.285,45.27,45.285,1810
2017-12-11 13:55:00-05:00,45.3,45.3,45.28,45.285,6961
2017-12-11 14:00:00-05:00,45.285,45.3,45.27,45.3,7207
2017-12-11 14:05:00-05:00,45.32,45.33,45.31,45.33,4218
2017-12-11 14:10:00-05:00,45.33,45.36,45.33,45.355,5861
2017-12-11 14:15:00-05:00,45.35,45.36,45.35,45.36,3971
2017-12-11 14:20:00-05:00,45.36,45.395,45.355,45.395,5828
2017-12-11 14:25:00-05:00,45.4,45.405,45.37,45.38,9262
2017-12-11 14:30:00-05:00,45.39,45.39,45.36,45.36,6947
2017-12-11 14:35:00-05:00,45.35,45.365,45.35,45.36,4034
2017-12-11 14:40:00-05:00,45.36,45.37,45.35,45.37,8809
2017-12-11 14:45:00-05:00,45.37,45.38,45.37,45.38,6605
2017-12-11 14:50:00-05:00,45.38,45.38,45.36,45.36,7887
2017-12-11 14:55:00-05:00,45.36,45.37,45.34,45.35,9396
2017-12-11 15:00:00-05:00,45.35,45.36,45.33,45.33,10917
2017-12-11 15:05:00-05:00,45.33,45.33,45.32,45.32,11419
2017-12-11 15:10:00-05:00,45.325,45.325,45.3,45.32,14171
2017-12-11 15:15:00-05:00,45.32,45.32,45.29,45.3,10883
2017-12-11 15:20:00-05:00,45.3,45.315,45.295,45.305,10241
2017-12-11 15:25:00-05:00,45.3,45.33,45.3,45.315,15695
2017-12-11 15:30:00-05:00,45.31,45.32,45.28,45.3,16686
2017-12-11 15:35:00-05:00,45.3,45.31,45.28,45.305,16915
2017-12-11 15:40:00-05:00,45.31,45.32,45.305,45.305,15662
2017-12-11 15:45:00-05:00,45.305,45.35,45.305,45.35,24925
2017-12-11 15:50:00-05:00,45.35,45.36,45.32,45.34,33522
2017-12-11 15:55:00-05:00,45.34,45.37,45.33,45.33,69922
2017-12-12 09:25:00-05:00,45.32,45.32,45.32,45.32,5001
2017-12-12 09:30:00-05:00,45.2,45.25,45.16,45.17,4977
2017-12-12 09:35:00-05:00,45.18,45.2,45.145,45.15,8769
2017-12-12 09:40:00-05:00,45.17,45.18,45.145,45.15,16114
2017-12-12 09:45:00-05:00,45.15,45.165,45.14,45.145,19891
2017-12-12 09:50:00-05:00,45.14,45.145,45.07,45.1,9067
2017-12-12 09:55:00-05:00,45.11,45.16,45.105,45.16,11139
2017-12-12 10:00:00-05:00,45.155,45.17,45.14,45.155,22466
2017-12-12 10:05:00-05:00,45.15,45.16,45.11,45.15,20771
2017-12-12 10:10:00-05:00,45.15,45.19,45.14,45.185,8006
2017-12-12 10:15:00-05:00,45.2,45.285,45.19,45.26,3911
2017-12-12 10:20:00-05:00,45.26,45.27,45.24,45.27,4204
2017-12-12 10:25:00-05:00,45.28,45.295,45.25,45.26,11586
2017-12-12 10:30:00-05:00,45.27,45.325,45.26,45.32,3571
2017-12-12 10:35:00-05:00,45.34,45.37,45.34,45.35,4228
2017-12-12 10:40:00-05:00,45.36,45.43,45.36,45.43,3388
2017-12-12 10:45:00-05:00,45.45,45.465,45.41,45.44,9054
2017-12-12 10:50:00-05:00,45.45,45.46,45.43,45.44,5671
2017-12-12 10:55:00-05:00,45.44,45.44,45.4,45.41,9951
2017-12-12 11:00:00-05:00,45.41,45.41,45.39,45.39,3395
2017-12-12 11:05:00-05:00,45.41,45.41,45.36,45.36,5804
2017-12-12 11:10:00-05:00,45.37,45.39,45.35,45.35,5982
2017-12-12 11:15:00-05:00,45.35,45.37,45.35,45.36,4259
2017-12-12 11:20:00-05:00,45.365,45.365,45.32,45.34,11124
2017-12-12 11:25:00-05:00,45.34,45.43,45.34,45.41,9247
2017-12-12 11:30:00-05:00,45.41,45.41,45.395,45.41,5809
2017-12-12 11:35:00-05:00,45.41,45.42,45.39,45.42,8633
2017-12-12 11:40:00-05:00,45.42,45.44,45.4,45.42,6811
2017-12-12 11:45:00-05:00,45.43,45.45,45.41,45.41,3034
2017-12-12 11:50:00-05:00,45.42,45.45,45.42,45.43,7033
2017-12-12 11:55:00-05:00,45.43,45.48,45.42,45.48,4579
2017-12-12 12:00:00-05:00,45.47,45.48,45.46,45.475,2951
2017-12-12 12:05:00-05:00,45.47,45.48,45.46,45.46,3345
2017-12-12 12:10:00-05:00,45.47,45.515,45.47,45.515,5213
2017-12-12 12:15:00-05:00,45.52,45.52,45.46,45.46,5092
2017-12-12 12:20:00-05:00,45.46,45.48,45.44,45.48,5128
2017-12-12 12:25:00-05:00,45.48,45.48,45.45,45.46,3826
2017-12-12 12:30:00-05:00,45.46,45.5,45.45,45.49,6099
2017-12-12 12:35:00-05:00,45.48,45.48,45.45,45.46,3189
2017-12-12 12:40:00-05:00,45.45,45.47,45.45,45.47,5137
2017-12-12 12:45:00-05:00,45.48,45.48,45.47,45.48,2948
2017-12-12 12:50:00-05:00,45.47,45.49,45.43,45.44,5664
2017-12-12 12:55:00-05:00,45.44,45.45,45.4,45.4,3370
2017-12-12 13:00:00-05:00,45.4,45.42,45.38,45.38,4559
2017-12-12 13:05:00-05:00,45.38,45.38,45.355,45.37,5877
2017-12-12 13:10:00-05:00,45.37,45.38,45.36,45.36,2866
2017-12-12 13:15:00-05:00,45.365,45.365,45.33,45.35,2454
2017-12-12 13:20:00-05:00,45.35,45.355,45.29,45.29,8157
2017-12-12 13:25:00-05:00,45.28,45.31,45.28,45.28,6290
2017-12-12 13:30:00-05:00,45.275,45.31,45.27,45.31,8788
2017-12-12 13:35:00-05:00,45.31,45.31,45.3,45.3,6039
2017-12-12 13:40:00-05:00,45.3,45.32,45.29,45.3,4946
2017-12-12 13:45:00-05:00,45.3,45.3,45.27,45.275,3507
2017-12-12 13:50:00-05:00,45.275,45.28,45.26,45.27,8187
2017-12-12 13:55:00-05:00,45.275,45.29,45.27,45.28,3927
2017-12-12 14:00:00-05:00,45.27,45.28,45.265,45.265,2109
2017-12-12 14:05:00-05:00,45.25,45.29,45.25,45.29,3099
2017-12-12 14:10:00-05:00,45.28,45.3,45.28,45.29,3461
2017-12-12 14:15:00-05:00,45.28,45.29,45.27,45.29,3820
2017-12-12 14:20:00-05:00,45.285,45.29,45.28,45.29,6152
2017-12-12 14:25:00-05:00,45.3,45.3,45.28,45.28,5214
2017-12-12 14:30:00-05:00,45.28,45.29,45.26,45.29,4584
2017-12-12 14:35:00-05:00,45.28,45.29,45.28,45.285,1320
2017-12-12 14:40:00-05:00,45.285,45.285,45.26,45.28,6455
2017-12-12 14:45:00-05:00,45.28,45.285,45.26,45.26,5212
2017-12-12 14:50:00-05:00,45.26,45.28,45.26,45.28,6532
2017-12-12 14:55:00-05:00,45.28,45.29,45.275,45.28,5866
2017-12-12 15:00:00-05:00,45.27,45.27,45.25,45.255,6058
2017-12-12 15:05:00-05:00,45.255,45.27,45.245,45.26,6784
2017-12-12 15:10:00-05:00,45.26,45.27,45.25,45.27,6965
2017-12-12 15:15:00-05:00,45.26,45.275,45.26,45.265,5025
2017-12-12 15:20:00-05:00,45.265,45.27,45.26,45.27,5827
2017-12-12 15:25:00-05:00,45.27,45.29,45.26,45.285,15623
2017-12-12 15:30:00-05:00,45.28,45.32,45.28,45.3,21472
2017-12-12 15:35:00-05:00,45.3,45.3,45.27,45.275,42692
2017-12-12 15:40:00-05:00,45.27,45.29,45.27,45.27,12840
2017-12-12 15:45:00-05:00,45.27,45.325,45.255,45.31,35708
2017-12-12 15:50:00-05:00,45.3,45.305,45.29,45.3,19314
2017-12-12 15:55:00-05:00,45.29,45.33,45.25,45.29,79232
2017-12-13 09:30:00-05:00,45.44,45.57,45.44,45.57,11121
2017-12-13 09:35:00-05:00,45.57,45.7,45.55,45.67,5458
2017-12-13 09:40:00-05:00,45.67,45.75,45.66,45.735,6241
2017-12-13 09:45:00-05:00,45.73,45.765,45.675,45.68,15918
2017-12-13 09:50:00-05:00,45.695,45.73,45.68,45.71,8834
2017-12-13 09:55:00-05:00,45.71,45.76,45.685,45.75,8552
2017-12-13 10:00:00-05:00,45.755,45.755,45.72,45.755,10108
2017-12-13 10:05:00-05:00,45.755,45.755,45.73,45.755,30614
2017-12-13 10:10:00-05:00,45.75,45.81,45.75,45.81,11955
2017-12-13 10:15:00-05:00,45.81,45.84,45.79,45.82,11573
2017-12-13 10:20:00-05:00,45.82,45.82,45.79,45.805,16565
2017-12-13 10:25:00-05:00,45.81,45.82,45.79,45.81,5731
2017-12-13 10:30:00-05:00,45.81,45.83,45.81,45.82,4022
2017-12-13 10:35:00-05:00,45.83,45.83,45.78,45.81,12684
2017-12-13 10:40:00-05:00,45.825,45.83,45.8,45.8,14521
2017-12-13 10:45:00-05:00,45.795,45.8,45.78,45.8,8010
2017-12-13 10:50:00-05:00,45.8,45.82,45.79,45.795,19104
2017-12-13 10:55:00-05:00,45.79,45.805,45.77,45.77,2630
2017-12-13 11:00:00-05:00,45.78,45.8,45.74,45.74,7481
2017-12-13 11:05:00-05:00,45.745,45.75,45.71,45.73,11143
2017-12-13 11:10:00-05:00,45.715,45.72,45.69,45.69,6353
2017-12-13 11:15:00-05:00,45.7,45.7,45.67,45.7,7521
2017-12-13 11:20:00-05:00,45.7,45.73,45.695,45.72,7516
2017-12-13 11:25:00-05:00,45.71,45.74,45.71,45.72,3652
2017-12-13 11:30:00-05:00,45.72,45.77,45.7,45.75,7103
2017-12-13 11:35:00-05:00,45.74,45.745,45.72,45.72,3294
2017-12-13 11:40:00-05:00,45.725,45.73,45.7,45.7,5303
2017-12-13 11:45:00-05:00,45.69,45.7,45.69,45.69,2984
2017-12-13 11:50:00-05:00,45.7,45.71,45.68,45.68,6100
2017-12-13 11:55:00-05:00,45.67,45.68,45.64,45.645,3979
2017-12-13 12:00:00-05:00,45.64,45.645,45.61,45.61,2291
2017-12-13 12:05:00-05:00,45.61,45.64,45.61,45.64,4658
2017-12-13 12:10:00-05:00,45.65,45.67,45.64,45.64,4127
2017-12-13 12:15:00-05:00,45.635,45.65,45.63,45.64,1785
2017-12-13 12:20:00-05:00,45.65,45.69,45.65,45.67,5371
2017-12-13 12:25:00-05:00,45.68,45.695,45.67,45.68,3300
2017-12-13 12:30:00-05:00,45.68,45.695,45.67,45.695,1674
2017-12-13 12:35:00-05:00,45.695,45.755,45.695,45.74,5603
2017-12-13 12:40:00-05:00,45.74,45.755,45.74,45.75,5846
2017-12-13 12:45:00-05:00,45.755,45.76,45.72,45.73,6500
2017-12-13 12:50:00-05:00,45.73,45.75,45.71,45.71,10583
2017-12-13 12:55:00-05:00,45.71,45.74,45.71,45.74,2571
2017-12-13 13:00:00-05:00,45.74,45.77,45.74,45.76,3417
2017-12-13 13:05:00-05:00,45.76,45.78,45.76,45.76,3900
2017-12-13 13:10:00-05:00,45.76,45.78,45.755,45.77,4028
2017-12-13 13:15:00-05:00,45.77,45.78,45.77,45.78,4950
2017-12-13 13:20:00-05:00,45.78,45.82,45.78,45.81,6182
2017-12-13 13:25:00-05:00,45.82,45.85,45.82,45.82,7406
2017-12-13 13:30:00-05:00,45.83,45.83,45.8,45.8,4432
2017-12-13 13:35:00-05:00,45.8,45.83,45.79,45.82,4617
2017-12-13 13:40:00-05:00,45.83,45.84,45.78,45.78,3219
2017-12-13 13:45:00-05:00,45.79,45.82,45.79,45.82,1293
2017-12-13 13:50:00-05:00,45.83,45.85,45.83,45.84,4392
2017-12-13 13:55:00-05:00,45.84,45.96,45.84,45.94,16780
2017-12-13 14:00:00-05:00,45.9,45.945,45.85,45.89,6718
2017-12-13 14:05:00-05:00,45.9,45.96,45.89,45.93,6404
2017-12-13 14:10:00-05:00,45.94,45.97,45.85,45.88,17608
2017-12-13 14:15:00-05:00,45.885,45.94,45.885,45.94,10222
2017-12-13 14:20:00-05:00,45.93,45.955,45.91,45.95,7668
2017-12-13 14:25:00-05:00,45.95,45.975,45.95,45.97,6734
2017-12-13 14:30:00-05:00,45.97,45.985,45.96,45.96,8661
2017-12-13 14:35:00-05:00,45.96,45.99,45.95,45.98,3273
2017-12-13 14:40:00-05:00,45.98,45.985,45.95,45.98,11114
2017-12-13 14:45:00-05:00,45.99,46.015,45.985,46.0,9947
2017-12-13 14:50:00-05:00,46.01,46.03,45.985,46.0,8976
2017-12-13 14:55:00-05:00,46.005,46.045,46.0,46.045,8399
2017-12-13 15:00:00-05:00,46.045,46.045,46.0,46.0,5299
2017-12-13 15:05:00-05:00,46.0,46.02,46.0,46.0,8056
2017-12-13 15:10:00-05:00,46.0,46.02,46.0,46.015,5295
2017-12-13 15:15:00-05:00,46.02,46.02,45.97,45.98,8579
2017-12-13 15:20:00-05:00,45.97,46.0,45.93,45.95,10002
2017-12-13 15:25:00-05:00,45.94,45.98,45.92,45.93,10375
2017-12-13 15:30:00-05:00,45.93,45.94,45.91,45.91,7828
2017-12-13 15:35:00-05:00,45.915,45.94,45.915,45.94,11105
2017-12-13 15:40:00-05:00,45.93,45.95,45.93,45.935,19221
2017-12-13 15:45:00-05:00,45.93,45.98,45.925,45.98,23716
2017-12-13 15:50:00-05:00,45.975,45.975,45.945,45.95,32091
2017-12-13 15:55:00-05:00,45.95,45.99,45.89,45.9,130712
2017-12-14 09:30:00-05:00,45.81,45.935,45.8,45.93,6430
2017-12-14 09:35:00-05:00,45.95,45.965,45.9,45.915,3882
2017-12-14 09:40:00-05:00,45.9,45.95,45.9,45.94,4057
2017-12-14 09:45:00-05:00,45.955,45.96,45.92,45.94,6978
2017-12-14 09:50:00-05:00,45.96,45.97,45.91,45.95,4788
2017-12-14 09:55:00-05:00,45.955,46.03,45.95,46.02,8437
2017-12-14 10:00:00-05:00,46.02,46.03,45.97,45.98,5129
2017-12-14 10:05:00-05:00,45.97,46.035,45.96,46.025,9169
2017-12-14 10:10:00-05:00,46.015,46.05,46.0,46.045,7712
2017-12-14 10:15:00-05:00,46.06,46.09,46.06,46.065,6242
2017-12-14 10:20:00-05:00,46.06,46.08,46.03,46.04,7896
2017-12-14 10:25:00-05:00,46.04,46.04,46.015,46.015,9629
2017-12-14 10:30:00-05:00,46.015,46.035,46.0,46.0,9370
2017-12-14 10:35:00-05:00,46.0,46.02,45.965,45.965,7155
2017-12-14 10:40:00-05:00,45.96,45.97,45.95,45.95,4334
2017-12-14 10:45:00-05:00,45.945,45.945,45.9,45.9,4796
2017-12-14 10:50:00-05:00,45.89,45.89,45.84,45.85,8115
2017-12-14 10:55:00-05:00,45.86,45.885,45.84,45.885,5828
2017-12-14 11:00:00-05:00,45.88,45.9,45.88,45.89,5781
2017-12-14 11:05:00-05:00,45.89,45.91,45.89,45.89,7698
2017-12-14 11:10:00-05:00,45.885,45.89,45.84,45.86,7896
2017-12-14 11:15:00-05:00,45.865,45.9,45.86,45.88,5168
2017-12-14 11:20:00-05:00,45.885,45.925,45.88,45.89,5635
2017-12-14 11:25:00-05:00,45.9,45.9,45.88,45.89,3664
2017-12-14 11:30:00-05:00,45.89,45.91,45.88,45.89,2669
2017-12-14 11:35:00-05:00,45.89,45.91,45.88,45.91,2502
2017-12-14 11:40:00-05:00,45.9,45.9,45.88,45.89,4254
2017-12-14 11:45:00-05:00,45.89,45.9,45.88,45.89,2856
2017-12-14 11:50:00-05:00,45.895,45.93,45.88,45.885,4587
2017-12-14 11:55:00-05:00,45.89,45.91,45.885,45.9,4878
2017-12-14 12:00:00-05:00,45.89,45.91,45.89,45.905,3505
2017-12-14 12:05:00-05:00,45.9,45.93,45.9,45.92,2588
2017-12-14 12:10:00-05:00,45.93,45.93,45.91,45.93,3359
2017-12-14 12:15:00-05:00,45.93,45.935,45.92,45.935,1726
2017-12-14 12:20:00-05:00,45.945,45.97,45.945,45.965,2031
2017-12-14 12:25:00-05:00,45.97,45.99,45.96,45.99,2195
2017-12-14 12:30:00-05:00,46.0,46.02,45.995,46.01,4565
2017-12-14 12:35:00-05:00,46.0,46.0,45.99,45.995,1896
2017-12-14 12:40:00-05:00,46.0,46.02,46.0,46.01,2907
2017-12-14 12:45:00-05:00,46.0,46.02,46.0,46.015,1844
2017-12-14 12:50:00-05:00,46.02,46.025,46.005,46.005,3501
2017-12-14 12:55:00-05:00,46.0,46.03,45.99,46.025,4664
2017-12-14 13:00:00-05:00,46.025,46.03,46.015,46.02,2695
2017-12-14 13:05:00-05:00,46.03,46.03,46.0,46.01,3816
2017-12-14 13:10:00-05:00,46.015,46.03,46.01,46.02,3553
2017-12-14 13:15:00-05:00,46.01,46.045,46.01,46.025,5883
2017-12-14 13:20:00-05:00,46.025,46.05,46.025,46.04,3004
2017-12-14 13:25:00-05:00,46.05,46.06,46.03,46.04,4100
2017-12-14 13:30:00-05:00,46.04,46.04,46.01,46.02,5680
2017-12-14 13:35:00-05:00,46.03,46.04,46.01,46.03,2457
2017-12-14 13:40:00-05:00,46.035,46.05,46.02,46.05,3906
2017-12-14 13:45:00-05:00,46.05,46.06,46.03,46.06,3544
2017-12-14 13:50:00-05:00,46.055,46.085,46.055,46.07,3056
2017-12-14 13:55:00-05:00,46.07,46.08,46.05,46.07,2367
2017-12-14 14:00:00-05:00,46.07,46.07,46.06,46.07,2802
2017-12-14 14:05:00-05:00,46.07,46.08,46.065,46.07,2577
2017-12-14 14:10:00-05:00,46.07,46.08,46.06,46.07,3099
2017-12-14 14:15:00-05:00,46.07,46.08,46.06,46.07,4075
2017-12-14 14:20:00-05:00,46.07,46.08,46.045,46.05,7813
2017-12-14 14:25:00-05:00,46.04,46.06,46.03,46.04,4548
2017-12-14 14:30:00-05:00,46.04,46.075,46.04,46.055,5298
2017-12-14 14:35:00-05:00,46.06,46.11,46.055,46.11,6605
2017-12-14 14:40:00-05:00,46.11,46.125,46.09,46.09,7239
2017-12-14 14:45:00-05:00,46.11,46.14,46.11,46.14,3069
2017-12-14 14:50:00-05:00,46.145,46.15,46.13,46.15,3919
2017-12-14 14:55:00-05:00,46.15,46.17,46.13,46.14,5192
2017-12-14 15:00:00-05:00,46.15,46.16,46.13,46.135,3711
2017-12-14 15:05:00-05:00,46.13,46.14,46.07,46.085,9903
2017-12-14 15:10:00-05:00,46.08,46.08,46.06,46.08,10888
2017-12-14 15:15:00-05:00,46.07,46.095,46.07,46.07,5540
2017-12-14 15:20:00-05:00,46.07,46.105,46.07,46.08,3584
2017-12-14 15:25:00-05:00,46.1,46.11,46.09,46.095,4266
2017-12-14 15:30:00-05:00,46.1,46.14,46.1,46.135,6135
2017-12-14 15:35:00-05:00,46.135,46.155,46.13,46.13,12748
2017-12-14 15:40:00-05:00,46.14,46.145,46.12,46.13,10104
2017-12-14 15:45:00-05:00,46.125,46.125,46.09,46.1,15519
2017-12-14 15:50:00-05:00,46.09,46.09,46.05,46.08,33640
2017-12-14 15:55:00-05:00,46.08,46.1,46.03,46.04,79119
2017-12-15 09:30:00-05:00,46.26,46.4,46.25,46.35,9951
2017-12-15 09:35:00-05:00,46.36,46.4,46.335,46.335,6104
2017-12-15 09:40:00-05:00,46.33,46.33,46.22,46.22,5741
2017-12-15 09:45:00-05:00,46.22,46.22,46.15,46.215,5133
2017-12-15 09:50:00-05:00,46.215,46.215,46.11,46.11,6355
2017-12-15 09:55:00-05:00,46.125,46.16,46.09,46.095,5428
2017-12-15 10:00:00-05:00,46.09,46.15,46.08,46.13,11799
2017-12-15 10:05:00-05:00,46.14,46.21,46.14,46.19,7380
2017-12-15 10:10:00-05:00,46.19,46.22,46.15,46.2,5501
2017-12-15 10:15:00-05:00,46.21,46.28,46.21,46.28,10244
2017-12-15 10:20:00-05:00,46.29,46.29,46.24,46.25,4489
2017-12-15 10:25:00-05:00,46.235,46.25,46.23,46.24,3343
2017-12-15 10:30:00-05:00,46.26,46.275,46.225,46.225,7412
2017-12-15 10:35:00-05:00,46.22,46.225,46.125,46.15,5685
2017-12-15 10:40:00-05:00,46.145,46.17,46.12,46.135,8303
2017-12-15 10:45:00-05:00,46.13,46.15,46.115,46.12,4472
2017-12-15 10:50:00-05:00,46.12,46.12,46.095,46.11,3637
2017-12-15 10:55:00-05:00,46.11,46.12,46.08,46.11,3307
2017-12-15 11:00:00-05:00,46.11,46.11,46.09,46.1,4979
2017-12-15 11:05:00-05:00,46.11,46.11,46.07,46.09,3703
2017-12-15 11:10:00-05:00,46.09,46.11,46.07,46.09,4380
2017-12-15 11:15:00-05:00,46.09,46.09,46.07,46.08,3116
2017-12-15 11:20:00-05:00,46.09,46.15,46.09,46.14,6679
2017-12-15 11:25:00-05:00,46.125,46.175,46.12,46.16,5862
2017-12-15 11:30:00-05:00,46.165,46.26,46.16,46.25,6030
2017-12-15 11:35:00-05:00,46.25,46.25,46.21,46.22,6647
2017-12-15 11:40:00-05:00,46.23,46.23,46.195,46.205,3440
2017-12-15 11:45:00-05:00,46.21,46.275,46.2,46.23,6846
2017-12-15 11:50:00-05:00,46.22,46.25,46.2,46.25,6844
2017-12-15 11:55:00-05:00,46.25,46.26,46.22,46.23,10069
2017-12-15 12:00:00-05:00,46.23,46.27,46.23,46.27,3562
2017-12-15 12:05:00-05:00,46.27,46.27,46.22,46.22,5789
2017-12-15 12:10:00-05:00,46.23,46.23,46.205,46.22,6321
2017-12-15 12:15:00-05:00,46.21,46.24,46.19,46.2,10896
2017-12-15 12:20:00-05:00,46.2,46.2,46.18,46.19,3653
2017-12-15 12:25:00-05:00,46.19,46.19,46.18,46.19,3513
2017-12-15 12:30:00-05:00,46.19,46.19,46.16,46.17,5000
2017-12-15 12:35:00-05:00,46.16,46.18,46.15,46.175,4906
2017-12-15 12:40:00-05:00,46.18,46.18,46.17,46.18,1844
2017-12-15 12:45:00-05:00,46.18,46.18,46.15,46.155,5065
2017-12-15 12:50:00-05:00,46.16,46.16,46.1,46.11,5119
2017-12-15 12:55:00-05:00,46.11,46.12,46.11,46.12,4061
2017-12-15 13:00:00-05:00,46.12,46.13,46.11,46.12,5030
2017-12-15 13:05:00-05:00,46.12,46.15,46.12,46.15,5333
2017-12-15 13:10:00-05:00,46.14,46.15,46.12,46.13,4863
2017-12-15 13:15:00-05:00,46.13,46.13,46.11,46.11,4294
2017-12-15 13:20:00-05:00,46.1,46.11,46.09,46.1,4912
2017-12-15 13:25:00-05:00,46.1,46.105,46.09,46.09,4155
2017-12-15 13:30:00-05:00,46.085,46.09,46.05,46.05,10325
2017-12-15 13:35:00-05:00,46.055,46.085,46.055,46.065,5569
2017-12-15 13:40:00-05:00,46.07,46.07,46.06,46.065,4521
2017-12-15 13:45:00-05:00,46.075,46.08,46.05,46.065,3303
2017-12-15 13:50:00-05:00,46.06,46.06,46.04,46.05,4584
2017-12-15 13:55:00-05:00,46.05,46.06,46.04,46.06,4787
2017-12-15 14:00:00-05:00,46.07,46.08,46.05,46.07,3441
2017-12-15 14:05:00-05:00,46.07,46.08,46.06,46.07,3928
2017-12-15 14:10:00-05:00,46.08,46.09,46.08,46.08,3735
2017-12-15 14:15:00-05:00,46.08,46.11,46.08,46.1,5510
2017-12-15 14:20:00-05:00,46.11,46.15,46.11,46.13,4599
2017-12-15 14:25:00-05:00,46.13,46.15,46.12,46.145,6766
2017-12-15 14:30:00-05:00,46.155,46.155,46.13,46.13,6391
2017-12-15 14:35:00-05:00,46.13,46.15,46.12,46.125,5171
2017-12-15 14:40:00-05:00,46.13,46.15,46.12,46.14,5815
2017-12-15 14:45:00-05:00,46.14,46.16,46.14,46.15,2821
2017-12-15 14:50:00-05:00,46.14,46.145,46.13,46.14,2759
2017-12-15 14:55:00-05:00,46.14,46.14,46.11,46.13,14034
2017-12-15 15:00:00-05:00,46.13,46.14,46.13,46.13,6216
2017-12-15 15:05:00-05:00,46.14,46.14,46.13,46.14,3270
2017-12-15 15:10:00-05:00,46.14,46.17,46.14,46.17,5620
2017-12-15 15:15:00-05:00,46.18,46.18,46.16,46.165,5436
2017-12-15 15:20:00-05:00,46.16,46.19,46.16,46.165,5517
2017-12-15 15:25:00-05:00,46.165,46.18,46.16,46.18,4373
2017-12-15 15:30:00-05:00,46.175,46.18,46.165,46.17,12445
2017-12-15 15:35:00-05:00,46.17,46.17,46.145,46.15,13010
2017-12-15 15:40:00-05:00,46.155,46.16,46.13,46.135,14376
2017-12-15 15:45:00-05:00,46.135,46.15,46.11,46.12,24716
2017-12-15 15:50:00-05:00,46.12,46.15,46.11,46.15,29813
2017-12-15 15:55:00-05:00,46.14,46.195,46.11,46.18,78733
2017-12-18 09:30:00-05:00,46.24,46.37,46.21,46.3,5599
2017-12-18 09:35:00-05:00,46.31,46.37,46.29,46.33,15583
2017-12-18 09:40:00-05:00,46.33,46.33,46.25,46.28,14533
2017-12-18 09:45:00-05:00,46.26,46.35,46.25,46.33,15545
2017-12-18 09:50:00-05:00,46.33,46.34,46.26,46.26,10550
2017-12-18 09:55:00-05:00,46.25,46.25,46.195,46.225,9938
2017-12-18 10:00:00-05:00,46.225,46.25,46.21,46.24,5550
2017-12-18 10:05:00-05:00,46.24,46.27,46.22,46.235,4537
2017-12-18 10:10:00-05:00,46.24,46.305,46.24,46.305,4577
2017-12-18 10:15:00-05:00,46.3,46.305,46.27,46.27,6660
2017-12-18 10:20:00-05:00,46.28,46.29,46.26,46.26,9229
2017-12-18 10:25:00-05:00,46.27,46.27,46.26,46.27,4635
2017-12-18 10:30:00-05:00,46.27,46.285,46.27,46.285,9977
2017-12-18 10:35:00-05:00,46.28,46.3,46.26,46.27,6924
2017-12-18 10:40:00-05:00,46.28,46.28,46.26,46.275,6646
2017-12-18 10:45:00-05:00,46.28,46.28,46.22,46.225,16551
2017-12-18 10:50:00-05:00,46.225,46.23,46.17,46.18,8100
2017-12-18 10:55:00-05:00,46.19,46.2,46.18,46.195,7138
2017-12-18 11:00:00-05:00,46.19,46.19,46.17,46.175,13974
2017-12-18 11:05:00-05:00,46.18,46.185,46.16,46.165,7300
2017-12-18 11:10:00-05:00,46.165,46.18,46.15,46.16,13267
2017-12-18 11:15:00-05:00,46.16,46.16,46.13,46.14,4219
2017-12-18 11:20:00-05:00,46.14,46.14,46.1,46.105,3754
2017-12-18 11:25:00-05:00,46.11,46.11,46.08,46.08,7176
2017-12-18 11:30:00-05:00,46.08,46.13,46.07,46.125,6747
2017-12-18 11:35:00-05:00,46.115,46.12,46.09,46.09,5002
2017-12-18 11:40:00-05:00,46.1,46.11,46.085,46.11,4642
2017-12-18 11:45:00-05:00,46.11,46.14,46.1,46.125,4142
2017-12-18 11:50:00-05:00,46.135,46.18,46.135,46.18,1900
2017-12-18 11:55:00-05:00,46.18,46.19,46.17,46.19,3858
2017-12-18 12:00:00-05:00,46.18,46.185,46.17,46.17,4778
2017-12-18 12:05:00-05:00,46.18,46.18,46.16,46.16,5358
2017-12-18 12:10:00-05:00,46.16,46.18,46.16,46.17,3353
2017-12-18 12:15:00-05:00,46.18,46.18,46.13,46.13,5127
2017-12-18 12:20:00-05:00,46.14,46.14,46.11,46.12,4326
2017-12-18 12:25:00-05:00,46.1,46.11,46.07,46.07,3648
2017-12-18 12:30:00-05:00,46.08,46.09,46.06,46.06,4601
2017-12-18 12:35:00-05:00,46.06,46.07,46.02,46.02,5111
2017-12-18 12:40:00-05:00,46.02,46.03,46.01,46.02,3636
2017-12-18 12:45:00-05:00,46.02,46.03,45.99,45.99,4507
2017-12-18 12:50:00-05:00,45.99,45.99,45.98,45.99,2221
2017-12-18 12:55:00-05:00,45.98,46.02,45.98,46.01,4353
2017-12-18 13:00:00-05:00,46.0,46.01,45.99,46.0,2162
2017-12-18 13:05:00-05:00,46.01,46.01,46.0,46.005,4719
2017-12-18 13:10:00-05:00,46.0,46.01,46.0,46.01,3885
2017-12-18 13:15:00-05:00,46.01,46.01,45.95,45.95,4545
2017-12-18 13:20:00-05:00,45.96,45.98,45.96,45.97,8814
2017-12-18 13:25:00-05:00,45.97,46.01,45.97,46.005,7468
2017-12-18 13:30:00-05:00,46.0,46.01,46.0,46.01,4476
2017-12-18 13:35:00-05:00,46.02,46.09,46.02,46.05,12870
2017-12-18 13:40:00-05:00,46.05,46.05,46.01,46.03,8534
2017-12-18 13:45:00-05:00,46.045,46.045,45.98,45.985,7959
2017-12-18 13:50:00-05:00,45.98,46.025,45.98,46.025,6883
2017-12-18 13:55:00-05:00,46.03,46.03,46.005,46.005,5507
2017-12-18 14:00:00-05:00,46.0,46.02,45.97,45.97,5658
2017-12-18 14:05:00-05:00,45.98,45.99,45.95,45.95,5187
2017-12-18 14:10:00-05:00,45.95,45.98,45.95,45.96,5759
2017-12-18 14:15:00-05:00,45.955,45.98,45.95,45.97,3574
2017-12-18 14:20:00-05:00,45.965,45.97,45.95,45.95,2602
2017-12-18 14:25:00-05:00,45.95,45.95,45.92,45.93,3581
2017-12-18 14:30:00-05:00,45.93,45.97,45.93,45.97,4309
2017-12-18 14:35:00-05:00,45.96,45.98,45.96,45.965,4461
2017-12-18 14:40:00-05:00,45.965,45.98,45.955,45.98,3996
2017-12-18 14:45:00-05:00,45.97,45.98,45.96,45.96,5122
2017-12-18 14:50:00-05:00,45.96,46.0,45.96,45.985,7568
2017-12-18 14:55:00-05:00,45.98,45.985,45.97,45.98,5369
2017-12-18 15:00:00-05:00,45.975,45.99,45.96,45.97,4638
2017-12-18 15:05:00-05:00,45.97,45.98,45.95,45.96,4617
2017-12-18 15:10:00-05:00,45.96,45.97,45.95,45.96,4568
2017-12-18 15:15:00-05:00,45.965,45.98,45.95,45.96,5933
2017-12-18 15:20:00-05:00,45.95,45.97,45.95,45.95,6891
2017-12-18 15:25:00-05:00,45.95,45.96,45.94,45.94,7719
2017-12-18 15:30:00-05:00,45.93,45.95,45.93,45.945,4736
2017-12-18 15:35:00-05:00,45.94,45.94,45.91,45.94,11341
2017-12-18 15:40:00-05:00,45.94,45.94,45.91,45.92,9489
2017-12-18 15:45:00-05:00,45.92,45.965,45.92,45.95,12503
2017-12-18 15:50:00-05:00,45.945,45.98,45.925,45.98,23995
2017-12-18 15:55:00-05:00,45.98,45.99,45.93,45.94,98568
2017-12-19 09:30:00-05:00,46.03,46.09,45.99,46.0,12269
2017-12-19 09:35:00-05:00,45.995,46.02,45.91,45.99,19688
2017-12-19 09:40:00-05:00,45.99,46.07,45.99,46.0,16684
2017-12-19 09:45:00-05:00,46.02,46.06,46.01,46.04,17266
2017-12-19 09:50:00-05:00,46.03,46.06,46.005,46.02,15863
2017-12-19 09:55:00-05:00,46.02,46.04,46.01,46.04,7971
2017-12-19 10:00:00-05:00,46.07,46.19,46.07,46.17,4348
2017-12-19 10:05:00-05:00,46.16,46.165,46.14,46.15,4252
2017-12-19 10:10:00-05:00,46.16,46.17,46.11,46.11,6584
2017-12-19 10:15:00-05:00,46.12,46.18,46.11,46.18,4956
2017-12-19 10:20:00-05:00,46.18,46.2,46.17,46.18,4824
2017-12-19 10:25:00-05:00,46.19,46.2,46.17,46.18,6212
2017-12-19 10:30:00-05:00,46.18,46.245,46.175,46.24,9983
2017-12-19 10:35:00-05:00,46.23,46.235,46.2,46.21,6917
2017-12-19 10:40:00-05:00,46.23,46.23,46.17,46.22,85411
2017-12-19 10:45:00-05:00,46.22,46.24,46.19,46.2,6862
2017-12-19 10:50:00-05:00,46.2,46.2,46.17,46.2,3571
2017-12-19 10:55:00-05:00,46.2,46.24,46.2,46.23,5146
2017-12-19 11:00:00-05:00,46.25,46.35,46.245,46.31,15064
2017-12-19 11:05:00-05:00,46.31,46.31,46.28,46.3,4394
2017-12-19 11:10:00-05:00,46.3,46.32,46.26,46.32,7739
2017-12-19 11:15:00-05:00,46.315,46.33,46.29,46.29,5555
2017-12-19 11:20:00-05:00,46.29,46.33,46.28,46.3,6319
2017-12-19 11:25:00-05:00,46.29,46.31,46.29,46.3,4714
2017-12-19 11:30:00-05:00,46.3,46.305,46.28,46.3,6188
2017-12-19 11:35:00-05:00,46.305,46.31,46.29,46.29,3512
2017-12-19 11:40:00-05:00,46.28,46.28,46.26,46.26,4658
2017-12-19 11:45:00-05:00,46.26,46.27,46.23,46.265,7511
2017-12-19 11:50:00-05:00,46.26,46.265,46.23,46.25,4294
2017-12-19 11:55:00-05:00,46.25,46.25,46.225,46.235,3920
2017-12-19 12:00:00-05:00,46.24,46.245,46.22,46.24,3902
2017-12-19 12:05:00-05:00,46.24,46.25,46.23,46.24,2642
2017-12-19 12:10:00-05:00,46.24,46.25,46.24,46.25,4307
2017-12-19 12:15:00-05:00,46.24,46.26,46.24,46.26,3115
2017-12-19 12:20:00-05:00,46.26,46.29,46.26,46.29,5928
2017-12-19 12:25:00-05:00,46.3,46.35,46.3,46.34,7197
2017-12-19 12:30:00-05:00,46.34,46.36,46.34,46.36,1666
2017-12-19 12:35:00-05:00,46.35,46.35,46.32,46.325,7968
2017-12-19 12:40:00-05:00,46.33,46.34,46.31,46.34,3891
2017-12-19 12:45:00-05:00,46.33,46.33,46.31,46.32,2466
2017-12-19 12:50:00-05:00,46.31,46.37,46.31,46.36,4620
2017-12-19 12:55:00-05:00,46.36,46.37,46.35,46.37,3654
2017-12-19 13:00:00-05:00,46.375,46.375,46.34,46.35,4887
2017-12-19 13:05:00-05:00,46.36,46.38,46.355,46.37,5782
2017-12-19 13:10:00-05:00,46.36,46.37,46.32,46.32,4014
2017-12-19 13:15:00-05:00,46.33,46.33,46.32,46.32,4762
2017-12-19 13:20:00-05:00,46.32,46.32,46.305,46.315,4064
2017-12-19 13:25:00-05:00,46.3,46.305,46.29,46.29,4055
2017-12-19 13:30:00-05:00,46.29,46.32,46.28,46.31,12531
2017-12-19 13:35:00-05:00,46.3,46.31,46.29,46.305,4172
2017-12-19 13:40:00-05:00,46.305,46.305,46.26,46.26,4607
2017-12-19 13:45:00-05:00,46.27,46.27,46.25,46.26,3805
2017-12-19 13:50:00-05:00,46.25,46.26,46.25,46.25,4351
2017-12-19 13:55:00-05:00,46.25,46.275,46.25,46.25,5828
2017-12-19 14:00:00-05:00,46.25,46.27,46.24,46.255,2720
2017-12-19 14:05:00-05:00,46.26,46.29,46.26,46.26,3584
2017-12-19 14:10:00-05:00,46.27,46.27,46.25,46.26,3703
2017-12-19 14:15:00-05:00,46.24,46.25,46.23,46.24,3995
2017-12-19 14:20:00-05:00,46.23,46.24,46.23,46.24,3954
2017-12-19 14:25:00-05:00,46.25,46.26,46.24,46.26,5578
2017-12-19 14:30:00-05:00,46.255,46.26,46.25,46.25,2774
2017-12-19 14:35:00-05:00,46.25,46.25,46.23,46.24,6519
2017-12-19 14:40:00-05:00,46.24,46.245,46.22,46.235,7872
2017-12-19 14:45:00-05:00,46.23,46.24,46.23,46.24,3242
2017-12-19 14:50:00-05:00,46.24,46.24,46.18,46.19,7549
2017-12-19 14:55:00-05:00,46.19,46.205,46.19,46.19,5628
2017-12-19 15:00:00-05:00,46.19,46.19,46.175,46.18,5918
2017-12-19 15:05:00-05:00,46.165,46.18,46.16,46.165,7068
2017-12-19 15:10:00-05:00,46.16,46.18,46.16,46.18,5845
2017-12-19 15:15:00-05:00,46.18,46.19,46.16,46.18,7598
2017-12-19 15:20:00-05:00,46.18,46.19,46.16,46.175,10571
2017-12-19 15:25:00-05:00,46.17,46.18,46.17,46.175,6275
2017-12-19 15:30:00-05:00,46.18,46.19,46.18,46.19,7274
2017-12-19 15:35:00-05:00,46.18,46.18,46.16,46.16,12688
2017-12-19 15:40:00-05:00,46.155,46.155,46.11,46.12,9524
2017-12-19 15:45:00-05:00,46.11,46.13,46.1,46.11,16042
2017-12-19 15:50:00-05:00,46.12,46.18,46.12,46.18,24506
2017-12-19 15:55:00-05:00,46.18,46.18,46.12,46.13,49558
2017-12-20 09:30:00-05:00,46.19,46.3,46.04,46.07,14991
2017-12-20 09:35:00-05:00,46.075,46.14,46.04,46.065,17686
2017-12-20 09:40:00-05:00,46.07,46.095,45.96,46.0,23722
2017-12-20 09:45:00-05:00,46.01,46.08,46.01,46.07,9170
2017-12-20 09:50:00-05:00,46.07,46.105,46.05,46.1,11249
2017-12-20 09:55:00-05:00,46.11,46.11,46.04,46.07,9678
2017-12-20 10:00:00-05:00,46.07,46.07,46.01,46.02,23546
2017-12-20 10:05:00-05:00,46.03,46.11,46.03,46.1,10427
2017-12-20 10:10:00-05:00,46.11,46.13,46.09,46.13,9185
2017-12-20 10:15:00-05:00,46.12,46.13,46.09,46.11,6441
2017-12-20 10:20:00-05:00,46.11,46.12,46.085,46.11,9056
2017-12-20 10:25:00-05:00,46.115,46.12,46.09,46.105,4630
2017-12-20 10:30:00-05:00,46.1,46.1,46.05,46.05,3209
2017-12-20 10:35:00-05:00,46.06,46.1,46.05,46.05,6723
2017-12-20 10:40:00-05:00,46.085,46.11,46.055,46.06,5485
2017-12-20 10:45:00-05:00,46.07,46.09,46.06,46.085,5497
2017-12-20 10:50:00-05:00,46.07,46.12,46.06,46.11,9813
2017-12-20 10:55:00-05:00,46.065,46.07,46.04,46.05,5495
2017-12-20 11:00:00-05:00,46.04,46.08,46.02,46.06,4063
2017-12-20 11:05:00-05:00,46.06,46.07,46.03,46.04,3538
2017-12-20 11:10:00-05:00,46.04,46.04,46.025,46.04,5990
2017-12-20 11:15:00-05:00,46.03,46.05,45.995,45.995,12751
2017-12-20 11:20:00-05:00,45.995,46.01,45.98,45.99,11019
2017-12-20 11:25:00-05:00,45.985,46.0,45.96,45.99,6824
2017-12-20 11:30:00-05:00,45.995,46.03,45.98,46.01,9439
2017-12-20 11:35:00-05:00,46.01,46.025,46.0,46.025,3388
2017-12-20 11:40:00-05:00,46.02,46.04,46.02,46.04,6739
2017-12-20 11:45:00-05:00,46.045,46.075,46.04,46.07,3365
2017-12-20 11:50:00-05:00,46.07,46.07,46.045,46.06,2779
2017-12-20 11:55:00-05:00,46.06,46.06,46.04,46.05,2620
2017-12-20 12:00:00-05:00,46.05,46.05,46.03,46.03,3659
2017-12-20 12:05:00-05:00,46.03,46.03,46.01,46.015,1927
2017-12-20 12:10:00-05:00,46.01,46.02,46.01,46.02,2229
2017-12-20 12:15:00-05:00,46.02,46.07,46.02,46.065,3873
2017-12-20 12:20:00-05:00,46.07,46.07,46.06,46.06,1835
2017-12-20 12:25:00-05:00,46.07,46.09,46.06,46.08,2839
2017-12-20 12:30:00-05:00,46.1,46.13,46.1,46.12,5100
2017-12-20 12:35:00-05:00,46.12,46.12,46.08,46.085,8251
2017-12-20 12:40:00-05:00,46.08,46.1,46.08,46.1,4238
2017-12-20 12:45:00-05:00,46.09,46.095,46.07,46.09,6960
2017-12-20 12:50:00-05:00,46.09,46.09,46.05,46.05,4348
2017-12-20 12:55:00-05:00,46.05,46.05,46.04,46.045,3520
2017-12-20 13:00:00-05:00,46.04,46.07,46.04,46.06,3335
2017-12-20 13:05:00-05:00,46.07,46.09,46.065,46.08,3629
2017-12-20 13:10:00-05:00,46.08,46.11,46.08,46.1,4251
2017-12-20 13:15:00-05:00,46.11,46.11,46.1,46.11,2960
2017-12-20 13:20:00-05:00,46.11,46.12,46.1,46.12,5981
2017-12-20 13:25:00-05:00,46.12,46.12,46.11,46.11,2334
2017-12-20 13:30:00-05:00,46.11,46.11,46.1,46.1,5602
2017-12-20 13:35:00-05:00,46.1,46.11,46.08,46.08,5445
2017-12-20 13:40:00-05:00,46.08,46.08,46.07,46.07,2328
2017-12-20 13:45:00-05:00,46.07,46.08,46.06,46.06,4619
2017-12-20 13:50:00-05:00,46.06,46.09,46.06,46.09,5033
2017-12-20 13:55:00-05:00,46.08,46.08,46.05,46.05,3185
2017-12-20 14:00:00-05:00,46.05,46.06,46.03,46.03,4001
2017-12-20 14:05:00-05:00,46.02,46.03,46.02,46.03,2389
2017-12-20 14:10:00-05:00,46.04,46.04,46.02,46.03,3521
2017-12-20 14:15:00-05:00,46.03,46.04,46.03,46.03,1125
2017-12-20 14:20:00-05:00,46.03,46.03,46.01,46.01,3903
2017-12-20 14:25:00-05:00,46.015,46.025,46.0,46.025,4207
2017-12-20 14:30:00-05:00,46.02,46.03,46.01,46.015,4955
2017-12-20 14:35:00-05:00,46.02,46.02,46.01,46.01,2505
2017-12-20 14:40:00-05:00,46.01,46.02,46.0,46.0,3904
2017-12-20 14:45:00-05:00,46.01,46.01,45.995,46.01,6133
2017-12-20 14:50:00-05:00,46.01,46.01,46.0,46.0,6025
2017-12-20 14:55:00-05:00,46.0,46.01,45.995,46.0,5207
2017-12-20 15:00:00-05:00,46.0,46.01,45.99,45.99,5440
2017-12-20 15:05:00-05:00,45.99,46.02,45.99,46.005,15343
2017-12-20 15:10:00-05:00,46.01,46.01,46.0,46.01,4311
2017-12-20 15:15:00-05:00,46.0,46.01,46.0,46.0,6439
2017-12-20 15:20:00-05:00,46.0,46.01,45.99,46.01,4971
2017-12-20 15:25:00-05:00,46.01,46.02,46.0,46.01,5736
2017-12-20 15:30:00-05:00,46.01,46.03,46.01,46.03,6156
2017-12-20 15:35:00-05:00,46.04,46.045,46.03,46.04,5143
2017-12-20 15:40:00-05:00,46.04,46.07,46.03,46.06,11501
2017-12-20 15:45:00-05:00,46.05,46.07,46.03,46.065,9308
2017-12-20 15:50:00-05:00,46.065,46.07,46.045,46.05,12418
2017-12-20 15:55:00-05:00,46.05,46.11,46.05,46.075,38782
2017-12-21 09:30:00-05:00,46.15,46.21,45.97,45.97,23204
2017-12-21 09:35:00-05:00,45.99,46.005,45.93,45.98,15171
2017-12-21 09:40:00-05:00,45.97,45.985,45.89,45.9,7225
2017-12-21 09:45:00-05:00,45.885,45.92,45.87,45.89,8073
2017-12-21 09:50:00-05:00,45.89,45.93,45.86,45.88,4476
2017-12-21 09:55:00-05:00,45.87,45.87,45.815,45.86,5622
2017-12-21 10:00:00-05:00,45.86,45.86,45.735,45.75,21718
2017-12-21 10:05:00-05:00,45.76,45.8,45.75,45.75,10816
2017-12-21 10:10:00-05:00,45.77,45.78,45.745,45.77,12850
2017-12-21 10:15:00-05:00,45.775,45.785,45.75,45.76,8555
2017-12-21 10:20:00-05:00,45.76,45.76,45.72,45.745,7553
2017-12-21 10:25:00-05:00,45.75,45.75,45.74,45.75,11453
2017-12-21 10:30:00-05:00,45.75,45.76,45.74,45.76,11988
2017-12-21 10:35:00-05:00,45.76,45.79,45.75,45.79,6000
2017-12-21 10:40:00-05:00,45.8,45.82,45.795,45.81,5282
2017-12-21 10:45:00-05:00,45.81,45.815,45.76,45.77,4450
2017-12-21 10:50:00-05:00,45.765,45.78,45.765,45.78,2730
2017-12-21 10:55:00-05:00,45.78,45.8,45.76,45.78,3541
2017-12-21 11:00:00-05:00,45.78,45.79,45.77,45.78,2562
2017-12-21 11:05:00-05:00,45.77,45.78,45.745,45.75,6772
2017-12-21 11:10:00-05:00,45.74,45.76,45.74,45.76,6277
2017-12-21 11:15:00-05:00,45.76,45.76,45.75,45.76,3550
2017-12-21 11:20:00-05:00,45.76,45.76,45.75,45.75,4271
2017-12-21 11:25:00-05:00,45.76,45.76,45.74,45.75,5182
2017-12-21 11:30:00-05:00,45.745,45.755,45.71,45.72,11174
2017-12-21 11:35:00-05:00,45.72,45.73,45.71,45.72,2573
2017-12-21 11:40:00-05:00,45.719,45.74,45.719,45.74,5053
2017-12-21 11:45:00-05:00,45.74,45.74,45.73,45.74,3400
2017-12-21 11:50:00-05:00,45.735,45.74,45.705,45.71,6180
2017-12-21 11:55:00-05:00,45.71,45.72,45.71,45.71,3254
2017-12-21 12:00:00-05:00,45.71,45.715,45.71,45.71,2414
2017-12-21 12:05:00-05:00,45.71,45.74,45.71,45.739,2630
2017-12-21 12:10:00-05:00,45.74,45.75,45.74,45.745,2582
2017-12-21 12:15:00-05:00,45.75,45.76,45.745,45.76,3043
2017-12-21 12:20:00-05:00,45.75,45.75,45.73,45.73,2795
2017-12-21 12:25:00-05:00,45.73,45.74,45.73,45.74,1689
2017-12-21 12:30:00-05:00,45.73,45.73,45.71,45.72,2176
2017-12-21 12:35:00-05:00,45.71,45.71,45.695,45.7,3597
2017-12-21 12:40:00-05:00,45.7,45.71,45.69,45.7,2801
2017-12-21 12:45:00-05:00,45.7,45.71,45.7,45.71,2074
2017-12-21 12:50:00-05:00,45.71,45.71,45.695,45.71,3544
2017-12-21 12:55:00-05:00,45.72,45.77,45.72,45.77,1623
2017-12-21 13:00:00-05:00,45.77,45.785,45.765,45.78,1900
2017-12-21 13:05:00-05:00,45.78,45.79,45.76,45.78,3700
2017-12-21 13:10:00-05:00,45.77,45.78,45.75,45.76,6275
2017-12-21 13:15:00-05:00,45.77,45.77,45.75,45.76,3400
2017-12-21 13:20:00-05:00,45.77,45.795,45.77,45.795,2301
2017-12-21 13:25:00-05:00,45.81,45.83,45.81,45.83,2858
2017-12-21 13:30:00-05:00,45.81,45.82,45.81,45.82,4967
2017-12-21 13:35:00-05:00,45.81,45.81,45.8,45.8,1523
2017-12-21 13:40:00-05:00,45.8,45.81,45.8,45.81,1005
2017-12-21 13:45:00-05:00,45.8,45.81,45.8,45.8,1234
2017-12-21 13:50:00-05:00,45.795,45.795,45.78,45.78,2952
2017-12-21 13:55:00-05:00,45.78,45.79,45.78,45.79,1506
2017-12-21 14:00:00-05:00,45.78,45.78,45.75,45.75,2965
2017-12-21 14:05:00-05:00,45.74,45.77,45.74,45.77,4173
2017-12-21 14:10:00-05:00,45.765,45.78,45.74,45.74,5130
2017-12-21 14:15:00-05:00,45.72,45.74,45.72,45.735,2163
2017-12-21 14:20:00-05:00,45.74,45.75,45.72,45.75,5286
2017-12-21 14:25:00-05:00,45.74,45.75,45.73,45.74,3574
2017-12-21 14:30:00-05:00,45.75,45.75,45.73,45.73,5980
2017-12-21 14:35:00-05:00,45.74,45.74,45.73,45.73,2101
2017-12-21 14:40:00-05:00,45.73,45.74,45.72,45.72,2410
2017-12-21 14:45:00-05:00,45.72,45.73,45.71,45.72,4039
2017-12-21 14:50:00-05:00,45.73,45.73,45.72,45.73,4032
2017-12-21 14:55:00-05:00,45.73,45.73,45.72,45.73,3029
2017-12-21 15:00:00-05:00,45.725,45.73,45.71,45.715,5834
2017-12-21 15:05:00-05:00,45.715,45.72,45.7,45.7,7899
2017-12-21 15:10:00-05:00,45.705,45.72,45.705,45.71,6043
2017-12-21 15:15:00-05:00,45.7,45.7,45.68,45.68,11555
2017-12-21 15:20:00-05:00,45.685,45.72,45.685,45.715,3583
2017-12-21 15:25:00-05:00,45.715,45.72,45.7,45.7,6614
2017-12-21 15:30:00-05:00,45.7,45.71,45.68,45.69,4497
2017-12-21 15:35:00-05:00,45.695,45.7,45.69,45.69,3058
2017-12-21 15:40:00-05:00,45.69,45.69,45.645,45.645,9395
2017-12-21 15:45:00-05:00,45.645,45.67,45.61,45.625,21926
2017-12-21 15:50:00-05:00,45.62,45.62,45.56,45.56,23002
2017-12-21 15:55:00-05:00,45.56,45.61,45.56,45.61,61864
2017-12-22 09:30:00-05:00,45.65,45.65,45.56,45.605,6593
2017-12-22 09:35:00-05:00,45.6,45.67,45.6,45.65,4875
2017-12-22 09:40:00-05:00,45.64,45.695,45.61,45.695,4502
2017-12-22 09:45:00-05:00,45.71,45.71,45.64,45.645,5927
2017-12-22 09:50:00-05:00,45.655,45.71,45.65,45.7,4517
2017-12-22 09:55:00-05:00,45.705,45.73,45.65,45.65,4695
2017-12-22 10:00:00-05:00,45.69,45.7,45.645,45.66,5452
2017-12-22 10:05:00-05:00,45.66,45.67,45.64,45.64,3381
2017-12-22 10:10:00-05:00,45.66,45.665,45.61,45.62,4711
2017-12-22 10:15:00-05:00,45.625,45.665,45.62,45.62,2230
2017-12-22 10:20:00-05:00,45.62,45.635,45.6,45.62,2700
2017-12-22 10:25:00-05:00,45.64,45.645,45.63,45.63,3084
2017-12-22 10:30:00-05:00,45.625,45.67,45.62,45.64,7000
2017-12-22 10:35:00-05:00,45.64,45.655,45.62,45.625,3676
2017-12-22 10:40:00-05:00,45.62,45.62,45.61,45.62,2623
2017-12-22 10:45:00-05:00,45.625,45.625,45.61,45.615,2209
2017-12-22 10:50:00-05:00,45.61,45.64,45.6,45.63,4550
2017-12-22 10:55:00-05:00,45.63,45.68,45.63,45.63,6154
2017-12-22 11:00:00-05:00,45.62,45.64,45.62,45.64,1155
2017-12-22 11:05:00-05:00,45.64,45.65,45.615,45.64,4223
2017-12-22 11:10:00-05:00,45.64,45.665,45.64,45.645,3812
2017-12-22 11:15:00-05:00,45.645,45.645,45.63,45.64,2340
2017-12-22 11:20:00-05:00,45.64,45.66,45.63,45.64,4800
2017-12-22 11:25:00-05:00,45.63,45.675,45.63,45.63,4175
2017-12-22 11:30:00-05:00,45.635,45.655,45.61,45.64,8365
2017-12-22 11:35:00-05:00,45.64,45.645,45.63,45.63,2524
2017-12-22 11:40:00-05:00,45.635,45.655,45.63,45.65,2265
2017-12-22 11:45:00-05:00,45.66,45.675,45.65,45.66,4735
2017-12-22 11:50:00-05:00,45.66,45.67,45.64,45.64,3800
2017-12-22 11:55:00-05:00,45.63,45.635,45.62,45.63,2384
2017-12-22 12:00:00-05:00,45.625,45.66,45.62,45.65,3002
2017-12-22 12:05:00-05:00,45.645,45.65,45.64,45.65,1009
2017-12-22 12:10:00-05:00,45.66,45.66,45.65,45.65,3102
2017-12-22 12:15:00-05:00,45.64,45.65,45.64,45.65,1548
2017-12-22 12:20:00-05:00,45.65,45.675,45.645,45.675,2360
2017-12-22 12:25:00-05:00,45.67,45.695,45.64,45.64,6608
2017-12-22 12:30:00-05:00,45.65,45.68,45.65,45.68,2033
2017-12-22 12:35:00-05:00,45.68,45.685,45.67,45.68,1200
2017-12-22 12:40:00-05:00,45.67,45.675,45.65,45.66,2211
2017-12-22 12:45:00-05:00,45.65,45.655,45.64,45.64,2400
2017-12-22 12:50:00-05:00,45.64,45.65,45.64,45.645,1892
2017-12-22 12:55:00-05:00,45.64,45.65,45.63,45.645,2108
2017-12-22 13:00:00-05:00,45.645,45.645,45.62,45.635,1223
2017-12-22 13:05:00-05:00,45.63,45.635,45.61,45.61,1977
2017-12-22 13:10:00-05:00,45.615,45.615,45.605,45.605,807
2017-12-22 13:15:00-05:00,45.605,45.625,45.605,45.625,2097
2017-12-22 13:20:00-05:00,45.625,45.63,45.62,45.63,1450
2017-12-22 13:25:00-05:00,45.62,45.635,45.62,45.62,2119
2017-12-22 13:30:00-05:00,45.62,45.63,45.61,45.63,13069
2017-12-22 13:35:00-05:00,45.63,45.63,45.61,45.615,1315
2017-12-22 13:40:00-05:00,45.605,45.63,45.605,45.63,3460
2017-12-22 13:45:00-05:00,45.64,45.655,45.63,45.645,4626
2017-12-22 13:50:00-05:00,45.64,45.65,45.63,45.645,2538
2017-12-22 13:55:00-05:00,45.645,45.66,45.64,45.645,3987
2017-12-22 14:00:00-05:00,45.64,45.655,45.63,45.635,4135
2017-12-22 14:05:00-05:00,45.635,45.64,45.63,45.64,2410
2017-12-22 14:10:00-05:00,45.63,45.655,45.63,45.655,1875
2017-12-22 14:15:00-05:00,45.66,45.66,45.65,45.655,3316
2017-12-22 14:20:00-05:00,45.66,45.66,45.65,45.655,4227
2017-12-22 14:25:00-05:00,45.65,45.66,45.65,45.655,2460
2017-12-22 14:30:00-05:00,45.66,45.67,45.66,45.67,2584
2017-12-22 14:35:00-05:00,45.665,45.67,45.63,45.63,4850
2017-12-22 14:40:00-05:00,45.63,45.64,45.625,45.625,2317
2017-12-22 14:45:00-05:00,45.63,45.65,45.63,45.645,5459
2017-12-22 14:50:00-05:00,45.645,45.645,45.62,45.63,1927
2017-12-22 14:55:00-05:00,45.625,45.63,45.62,45.63,1572
2017-12-22 15:00:00-05:00,45.64,45.645,45.605,45.605,4714
2017-12-22 15:05:00-05:00,45.61,45.615,45.6,45.61,2944
2017-12-22 15:10:00-05:00,45.615,45.62,45.59,45.59,4032
2017-12-22 15:15:00-05:00,45.6,45.6,45.58,45.585,2603
2017-12-22 15:20:00-05:00,45.58,45.59,45.575,45.58,3600
2017-12-22 15:25:00-05:00,45.59,45.61,45.58,45.605,4145
2017-12-22 15:30:00-05:00,45.61,45.61,45.6,45.605,1792
2017-12-22 15:35:00-05:00,45.61,45.615,45.6,45.605,5941
2017-12-22 15:40:00-05:00,45.6,45.605,45.6,45.605,3514
2017-12-22 15:45:00-05:00,45.61,45.615,45.58,45.605,11156
2017-12-22 15:50:00-05:00,45.6,45.61,45.58,45.61,12009
2017-12-22 15:55:00-05:00,45.605,45.61,45.56,45.6,74720
2017-12-26 09:30:00-05:00,45.7,45.74,45.66,45.71,1949
2017-12-26 09:35:00-05:00,45.68,45.71,45.66,45.7,838
2017-12-26 09:40:00-05:00,45.7,45.715,45.66,45.715,2634
2017-12-26 09:45:00-05:00,45.71,45.79,45.71,45.79,1612
2017-12-26 09:50:00-05:00,45.78,45.79,45.75,45.755,2009
2017-12-26 09:55:00-05:00,45.73,45.74,45.715,45.72,1325
2017-12-26 10:00:00-05:00,45.72,45.73,45.72,45.72,500
2017-12-26 10:05:00-05:00,45.73,45.735,45.7,45.71,2361
2017-12-26 10:10:00-05:00,45.71,45.765,45.695,45.74,7963
2017-12-26 10:15:00-05:00,45.75,45.75,45.72,45.72,7919
2017-12-26 10:20:00-05:00,45.715,45.745,45.71,45.71,1779
2017-12-26 10:25:00-05:00,45.705,45.715,45.7,45.7,1635
2017-12-26 10:30:00-05:00,45.72,45.775,45.71,45.775,3300
2017-12-26 10:35:00-05:00,45.78,45.78,45.755,45.775,3385
2017-12-26 10:40:00-05:00,45.785,45.815,45.785,45.815,1505
2017-12-26 10:45:00-05:00,45.82,45.825,45.78,45.79,2204
2017-12-26 10:50:00-05:00,45.805,45.805,45.77,45.79,1300
2017-12-26 10:55:00-05:00,45.8,45.8,45.795,45.795,200
2017-12-26 11:00:00-05:00,45.805,45.84,45.8,45.84,1536
2017-12-26 11:05:00-05:00,45.85,45.855,45.82,45.82,2104
2017-12-26 11:10:00-05:00,45.82,45.84,45.815,45.82,2215
2017-12-26 11:15:00-05:00,45.825,45.825,45.795,45.795,500
2017-12-26 11:20:00-05:00,45.8,45.8,45.76,45.785,2300
2017-12-26 11:25:00-05:00,45.79,45.79,45.78,45.785,903
2017-12-26 11:30:00-05:00,45.785,45.805,45.785,45.795,521
2017-12-26 11:35:00-05:00,45.795,45.82,45.79,45.8,1608
2017-12-26 11:40:00-05:00,45.805,45.805,45.79,45.795,1163
2017-12-26 11:45:00-05:00,45.795,45.8,45.79,45.8,920
2017-12-26 11:50:00-05:00,45.805,45.81,45.8,45.8,1147
2017-12-26 11:55:00-05:00,45.81,45.81,45.805,45.81,852
2017-12-26 12:00:00-05:00,45.8,45.81,45.8,45.81,600
2017-12-26 12:05:00-05:00,45.815,45.83,45.81,45.82,1424
2017-12-26 12:10:00-05:00,45.82,45.82,45.8,45.8,1850
2017-12-26 12:15:00-05:00,45.8,45.805,45.78,45.78,1840
2017-12-26 12:20:00-05:00,45.78,45.815,45.78,45.815,646
2017-12-26 12:25:00-05:00,45.805,45.815,45.8,45.8,800
2017-12-26 12:30:00-05:00,45.795,45.82,45.795,45.82,500
2017-12-26 12:35:00-05:00,45.81,45.825,45.8,45.82,710
2017-12-26 12:40:00-05:00,45.85,45.85,45.845,45.845,221
2017-12-26 12:45:00-05:00,45.84,45.84,45.82,45.82,779
2017-12-26 12:50:00-05:00,45.825,45.825,45.79,45.79,939
2017-12-26 12:55:00-05:00,45.79,45.795,45.785,45.79,800
2017-12-26 13:00:00-05:00,45.79,45.79,45.775,45.78,700
2017-12-26 13:05:00-05:00,45.78,45.81,45.77,45.81,1650
2017-12-26 13:10:00-05:00,45.805,45.815,45.795,45.815,509
2017-12-26 13:15:00-05:00,45.8,45.805,45.79,45.805,600
2017-12-26 13:20:00-05:00,45.81,45.81,45.79,45.805,824
2017-12-26 13:25:00-05:00,45.8,45.8,45.79,45.79,1309
2017-12-26 13:30:00-05:00,45.785,45.79,45.77,45.77,1122
2017-12-26 13:35:00-05:00,45.77,45.78,45.77,45.78,500
2017-12-26 13:40:00-05:00,45.77,45.78,45.77,45.78,1835
2017-12-26 13:45:00-05:00,45.77,45.79,45.77,45.78,1311
2017-12-26 13:50:00-05:00,45.775,45.775,45.77,45.77,518
2017-12-26 13:55:00-05:00,45.78,45.78,45.77,45.77,1438
2017-12-26 14:00:00-05:00,45.77,45.78,45.77,45.78,500
2017-12-26 14:05:00-05:00,45.77,45.78,45.77,45.77,1013
2017-12-26 14:10:00-05:00,45.77,45.79,45.77,45.78,1810
2017-12-26 14:15:00-05:00,45.79,45.8,45.78,45.79,1701
2017-12-26 14:20:00-05:00,45.8,45.815,45.79,45.815,1609
2017-12-26 14:25:00-05:00,45.81,45.81,45.79,45.8,1741
2017-12-26 14:30:00-05:00,45.8,45.8,45.79,45.79,1353
2017-12-26 14:35:00-05:00,45.8,45.805,45.8,45.805,4226
2017-12-26 14:40:00-05:00,45.8,45.81,45.8,45.805,2204
2017-12-26 14:45:00-05:00,45.805,45.81,45.805,45.81,1801
2017-12-26 14:50:00-05:00,45.805,45.805,45.79,45.795,1819
2017-12-26 14:55:00-05:00,45.79,45.8,45.79,45.8,1022
2017-12-26 15:00:00-05:00,45.8,45.8,45.79,45.79,611
2017-12-26 15:05:00-05:00,45.8,45.84,45.79,45.84,6332
2017-12-26 15:10:00-05:00,45.84,45.84,45.83,45.83,1300
2017-12-26 15:15:00-05:00,45.83,45.84,45.83,45.835,139611
2017-12-26 15:20:00-05:00,45.83,45.83,45.82,45.82,2445
2017-12-26 15:25:00-05:00,45.82,45.82,45.8,45.81,2849
2017-12-26 15:30:00-05:00,45.81,45.81,45.78,45.79,4652
2017-12-26 15:35:00-05:00,45.78,45.78,45.77,45.78,2742
2017-12-26 15:40:00-05:00,45.78,45.78,45.76,45.76,3416
2017-12-26 15:45:00-05:00,45.77,45.78,45.75,45.755,8232
2017-12-26 15:50:00-05:00,45.76,45.76,45.74,45.76,9907
2017-12-26 15:55:00-05:00,45.76,45.81,45.755,45.8,22748
2017-12-27 09:30:00-05:00,45.88,45.89,45.84,45.87,2169
2017-12-27 09:35:00-05:00,45.89,45.9,45.87,45.89,4788
2017-12-27 09:40:00-05:00,45.87,45.9,45.81,45.81,3530
2017-12-27 09:45:00-05:00,45.84,45.86,45.8,45.805,3738
2017-12-27 09:50:00-05:00,45.8,45.825,45.77,45.82,5759
2017-12-27 09:55:00-05:00,45.815,45.82,45.77,45.77,1860
2017-12-27 10:00:00-05:00,45.77,45.79,45.72,45.73,1656
2017-12-27 10:05:00-05:00,45.74,45.75,45.73,45.75,1863
2017-12-27 10:10:00-05:00,45.75,45.755,45.74,45.74,2288
2017-12-27 10:15:00-05:00,45.74,45.76,45.73,45.76,2121
2017-12-27 10:20:00-05:00,45.77,45.79,45.77,45.77,1920
2017-12-27 10:25:00-05:00,45.78,45.78,45.76,45.76,1293
2017-12-27 10:30:00-05:00,45.75,45.77,45.74,45.76,5218
2017-12-27 10:35:00-05:00,45.77,45.77,45.73,45.75,3684
2017-12-27 10:40:00-05:00,45.75,45.81,45.74,45.805,6501
2017-12-27 10:45:00-05:00,45.805,45.805,45.77,45.79,6728
2017-12-27 10:50:00-05:00,45.8,45.82,45.79,45.815,1432
2017-12-27 10:55:00-05:00,45.815,45.83,45.815,45.83,1453
2017-12-27 11:00:00-05:00,45.83,45.83,45.82,45.82,652
2017-12-27 11:05:00-05:00,45.81,45.83,45.79,45.83,2486
2017-12-27 11:10:00-05:00,45.825,45.84,45.81,45.82,1600
2017-12-27 11:15:00-05:00,45.815,45.85,45.815,45.85,2050
2017-12-27 11:20:00-05:00,45.845,45.845,45.82,45.83,1609
2017-12-27 11:25:00-05:00,45.82,45.83,45.81,45.81,2116
2017-12-27 11:30:00-05:00,45.81,45.82,45.8,45.8,1264
2017-12-27 11:35:00-05:00,45.8,45.81,45.775,45.81,2662
2017-12-27 11:40:00-05:00,45.815,45.815,45.78,45.78,1321
2017-12-27 11:45:00-05:00,45.78,45.83,45.78,45.825,2760
2017-12-27 11:50:00-05:00,45.825,45.86,45.825,45.85,1568
2017-12-27 11:55:00-05:00,45.84,45.86,45.84,45.855,1299
2017-12-27 12:00:00-05:00,45.845,45.845,45.8,45.8,2956
2017-12-27 12:05:00-05:00,45.82,45.85,45.82,45.84,1811
2017-12-27 12:10:00-05:00,45.84,45.85,45.83,45.83,4982
2017-12-27 12:15:00-05:00,45.83,45.83,45.79,45.81,1557
2017-12-27 12:20:00-05:00,45.82,45.82,45.81,45.81,797
2017-12-27 12:25:00-05:00,45.81,45.82,45.79,45.79,1173
2017-12-27 12:30:00-05:00,45.8,45.81,45.79,45.8,1056
2017-12-27 12:35:00-05:00,45.8,45.8,45.795,45.795,667
2017-12-27 12:40:00-05:00,45.79,45.81,45.79,45.8,1542
2017-12-27 12:45:00-05:00,45.8,45.8,45.79,45.79,636
2017-12-27 12:50:00-05:00,45.79,45.79,45.78,45.79,1488
2017-12-27 12:55:00-05:00,45.8,45.805,45.8,45.8,1101
2017-12-27 13:00:00-05:00,45.8,45.81,45.8,45.8,1300
2017-12-27 13:05:00-05:00,45.8,45.8,45.79,45.79,3928
2017-12-27 13:10:00-05:00,45.79,45.79,45.785,45.785,800
2017-12-27 13:20:00-05:00,45.8,45.8,45.79,45.8,1304
2017-12-27 13:25:00-05:00,45.81,45.81,45.8,45.8,1664
2017-12-27 13:30:00-05:00,45.79,45.8,45.79,45.8,1377
2017-12-27 13:35:00-05:00,45.8,45.82,45.79,45.81,2701
2017-12-27 13:40:00-05:00,45.83,45.83,45.82,45.82,850
2017-12-27 13:45:00-05:00,45.82,45.83,45.81,45.83,524
2017-12-27 13:50:00-05:00,45.83,45.83,45.82,45.82,616
2017-12-27 13:55:00-05:00,45.82,45.83,45.82,45.83,2320
2017-12-27 14:00:00-05:00,45.83,45.83,45.82,45.82,711
2017-12-27 14:05:00-05:00,45.83,45.83,45.82,45.82,1117
2017-12-27 14:10:00-05:00,45.83,45.83,45.82,45.82,1300
2017-12-27 14:15:00-05:00,45.82,45.84,45.82,45.84,2824
2017-12-27 14:20:00-05:00,45.84,45.84,45.83,45.84,1046
2017-12-27 14:25:00-05:00,45.83,45.84,45.83,45.83,2178
2017-12-27 14:30:00-05:00,45.835,45.85,45.835,45.845,2410
2017-12-27 14:35:00-05:00,45.84,45.86,45.84,45.845,2271
2017-12-27 14:40:00-05:00,45.84,45.84,45.83,45.83,1374
2017-12-27 14:45:00-05:00,45.84,45.84,45.83,45.835,1162
2017-12-27 14:50:00-05:00,45.83,45.84,45.825,45.83,3079
2017-12-27 14:55:00-05:00,45.83,45.88,45.83,45.88,3229
2017-12-27 15:00:00-05:00,45.87,45.89,45.86,45.86,3767
2017-12-27 15:05:00-05:00,45.86,45.88,45.86,45.87,3258
2017-12-27 15:10:00-05:00,45.87,45.88,45.87,45.87,3060
2017-12-27 15:15:00-05:00,45.865,45.88,45.86,45.86,4418
2017-12-27 15:20:00-05:00,45.86,45.87,45.85,45.87,4027
2017-12-27 15:25:00-05:00,45.86,45.87,45.84,45.85,3366
2017-12-27 15:30:00-05:00,45.845,45.86,45.84,45.85,7399
2017-12-27 15:35:00-05:00,45.84,45.84,45.83,45.835,4473
2017-12-27 15:40:00-05:00,45.83,45.85,45.825,45.84,4587
2017-12-27 15:45:00-05:00,45.84,45.875,45.84,45.85,8359
2017-12-27 15:50:00-05:00,45.86,45.88,45.86,45.88,9316
2017-12-27 15:55:00-05:00,45.885,45.94,45.88,45.92,52839
2017-12-28 09:30:00-05:00,45.91,45.99,45.89,45.93,6584
2017-12-28 09:35:00-05:00,45.925,45.95,45.92,45.95,3686
2017-12-28 09:40:00-05:00,45.94,45.98,45.94,45.96,2481
2017-12-28 09:45:00-05:00,45.955,45.96,45.94,45.96,2740
2017-12-28 09:50:00-05:00,45.965,45.97,45.92,45.94,3200
2017-12-28 09:55:00-05:00,45.95,45.95,45.93,45.94,1101
2017-12-28 10:00:00-05:00,45.935,45.95,45.88,45.9,8533
2017-12-28 10:05:00-05:00,45.9,45.93,45.9,45.925,4862
2017-12-28 10:10:00-05:00,45.92,45.92,45.85,45.855,5144
2017-12-28 10:15:00-05:00,45.86,45.87,45.84,45.85,2344
2017-12-28 10:20:00-05:00,45.85,45.86,45.85,45.86,2106
2017-12-28 10:25:00-05:00,45.85,45.85,45.82,45.84,2027
2017-12-28 10:30:00-05:00,45.83,45.845,45.83,45.84,1429
2017-12-28 10:35:00-05:00,45.83,45.88,45.83,45.86,2260
2017-12-28 10:40:00-05:00,45.86,45.87,45.85,45.85,1852
2017-12-28 10:45:00-05:00,45.86,45.875,45.83,45.83,1900
2017-12-28 10:50:00-05:00,45.84,45.84,45.83,45.83,1429
2017-12-28 10:55:00-05:00,45.82,45.85,45.82,45.85,2402
2017-12-28 11:00:00-05:00,45.825,45.83,45.82,45.825,1239
2017-12-28 11:05:00-05:00,45.83,45.84,45.78,45.78,3000
2017-12-28 11:10:00-05:00,45.78,45.82,45.78,45.81,1338
2017-12-28 11:15:00-05:00,45.82,45.82,45.78,45.78,2397
2017-12-28 11:20:00-05:00,45.79,45.795,45.79,45.795,399
2017-12-28 11:25:00-05:00,45.79,45.8,45.78,45.78,2444
2017-12-28 11:30:00-05:00,45.77,45.79,45.77,45.78,1164
2017-12-28 11:35:00-05:00,45.79,45.8,45.79,45.8,1577
2017-12-28 11:40:00-05:00,45.8,45.83,45.79,45.81,3617
2017-12-28 11:45:00-05:00,45.81,45.81,45.79,45.79,1890
2017-12-28 11:50:00-05:00,45.79,45.8,45.79,45.79,2981
2017-12-28 11:55:00-05:00,45.79,45.79,45.77,45.77,1406
2017-12-28 12:00:00-05:00,45.77,45.77,45.76,45.76,1106
2017-12-28 12:05:00-05:00,45.77,45.77,45.73,45.74,900
2017-12-28 12:10:00-05:00,45.73,45.75,45.73,45.74,2521
2017-12-28 12:15:00-05:00,45.75,45.77,45.74,45.76,2476
2017-12-28 12:20:00-05:00,45.77,45.78,45.76,45.78,1692
2017-12-28 12:25:00-05:00,45.78,45.78,45.77,45.78,1823
2017-12-28 12:30:00-05:00,45.78,45.78,45.77,45.77,960
2017-12-28 12:35:00-05:00,45.78,45.79,45.78,45.79,948
2017-12-28 12:40:00-05:00,45.79,45.79,45.79,45.79,1004
2017-12-28 12:45:00-05:00,45.8,45.8,45.79,45.8,904
2017-12-28 12:50:00-05:00,45.795,45.795,45.75,45.75,2634
2017-12-28 12:55:00-05:00,45.76,45.765,45.75,45.765,940
2017-12-28 13:00:00-05:00,45.75,45.77,45.75,45.76,1137
2017-12-28 13:05:00-05:00,45.76,45.77,45.76,45.77,1200
2017-12-28 13:10:00-05:00,45.76,45.78,45.76,45.78,1933
2017-12-28 13:15:00-05:00,45.77,45.78,45.77,45.77,1611
2017-12-28 13:20:00-05:00,45.775,45.78,45.775,45.78,1603
2017-12-28 13:25:00-05:00,45.76,45.76,45.75,45.75,1007
2017-12-28 13:30:00-05:00,45.75,45.76,45.75,45.76,1717
2017-12-28 13:35:00-05:00,45.755,45.76,45.75,45.76,1411
2017-12-28 13:40:00-05:00,45.76,45.76,45.725,45.73,2364
2017-12-28 13:45:00-05:00,45.73,45.75,45.725,45.745,3355
2017-12-28 13:50:00-05:00,45.745,45.75,45.725,45.725,2990
2017-12-28 13:55:00-05:00,45.725,45.74,45.725,45.74,2144
2017-12-28 14:00:00-05:00,45.73,45.73,45.68,45.68,3973
2017-12-28 14:05:00-05:00,45.68,45.7,45.675,45.675,2428
2017-12-28 14:10:00-05:00,45.68,45.68,45.66,45.66,3882
2017-12-28 14:15:00-05:00,45.66,45.66,45.645,45.65,3337
2017-12-28 14:20:00-05:00,45.66,45.66,45.64,45.65,2653
2017-12-28 14:25:00-05:00,45.66,45.66,45.65,45.66,818
2017-12-28 14:30:00-05:00,45.65,45.66,45.65,45.655,1074
2017-12-28 14:35:00-05:00,45.65,45.66,45.65,45.65,730
2017-12-28 14:40:00-05:00,45.65,45.68,45.65,45.675,2707
2017-12-28 14:45:00-05:00,45.67,45.68,45.67,45.68,2028
2017-12-28 14:50:00-05:00,45.68,45.68,45.67,45.68,2253
2017-12-28 14:55:00-05:00,45.67,45.68,45.66,45.67,2959
2017-12-28 15:00:00-05:00,45.68,45.68,45.65,45.655,2418
2017-12-28 15:05:00-05:00,45.65,45.66,45.64,45.65,4254
2017-12-28 15:10:00-05:00,45.66,45.66,45.65,45.65,504
2017-12-28 15:15:00-05:00,45.66,45.66,45.65,45.66,3849
2017-12-28 15:20:00-05:00,45.65,45.66,45.64,45.645,4486
2017-12-28 15:25:00-05:00,45.645,45.65,45.64,45.64,5542
2017-12-28 15:30:00-05:00,45.65,45.66,45.64,45.65,7010
2017-12-28 15:35:00-05:00,45.65,45.66,45.645,45.65,5092
2017-12-28 15:40:00-05:00,45.65,45.68,45.65,45.67,9209
2017-12-28 15:45:00-05:00,45.68,45.69,45.67,45.675,10937
2017-12-28 15:50:00-05:00,45.675,45.69,45.675,45.68,15873
2017-12-28 15:55:00-05:00,45.67,45.73,45.66,45.72,38172
2017-12-29 09:30:00-05:00,45.71,45.95,45.71,45.95,10208
2017-12-29 09:35:00-05:00,45.96,45.98,45.92,45.98,3296
2017-12-29 09:40:00-05:00,45.98,46.015,45.98,46.0,3321
2017-12-29 09:45:00-05:00,45.99,46.015,45.97,46.01,4470
2017-12-29 09:50:00-05:00,46.005,46.03,45.98,46.02,5198
2017-12-29 09:55:00-05:00,46.01,46.08,46.0,46.05,7961
2017-12-29 10:00:00-05:00,46.03,46.11,46.03,46.11,5742
2017-12-29 10:05:00-05:00,46.11,46.13,46.065,46.065,7071
2017-12-29 10:10:00-05:00,46.06,46.095,46.05,46.095,5429
2017-12-29 10:15:00-05:00,46.095,46.1,46.05,46.09,8290
2017-12-29 10:20:00-05:00,46.09,46.11,46.07,46.11,6755
2017-12-29 10:25:00-05:00,46.11,46.17,46.1,46.15,18036
2017-12-29 10:30:00-05:00,46.15,46.17,46.1,46.12,6323
2017-12-29 10:35:00-05:00,46.11,46.13,46.08,46.08,7050
2017-12-29 10:40:00-05:00,46.07,46.08,46.05,46.075,3472
2017-12-29 10:45:00-05:00,46.08,46.09,46.05,46.05,2442
2017-12-29 10:50:00-05:00,46.04,46.07,46.04,46.07,1759
2017-12-29 10:55:00-05:00,46.08,46.11,46.08,46.105,3160
2017-12-29 11:00:00-05:00,46.11,46.12,46.07,46.08,3572
2017-12-29 11:05:00-05:00,46.08,46.09,46.06,46.06,3050
2017-12-29 11:10:00-05:00,46.05,46.08,46.05,46.08,1342
2017-12-29 11:15:00-05:00,46.07,46.075,46.04,46.04,1245
2017-12-29 11:20:00-05:00,46.055,46.08,46.055,46.08,2545
2017-12-29 11:25:00-05:00,46.09,46.1,46.09,46.1,1904
2017-12-29 11:30:00-05:00,46.105,46.115,46.1,46.1,1749
2017-12-29 11:35:00-05:00,46.09,46.09,46.07,46.075,2376
2017-12-29 11:40:00-05:00,46.08,46.09,46.08,46.09,2770
2017-12-29 11:45:00-05:00,46.1,46.125,46.1,46.125,2013
2017-12-29 11:50:00-05:00,46.12,46.135,46.12,46.12,1614
2017-12-29 11:55:00-05:00,46.11,46.14,46.11,46.14,791
2017-12-29 12:00:00-05:00,46.14,46.14,46.13,46.13,500
2017-12-29 12:05:00-05:00,46.145,46.15,46.14,46.14,1245
2017-12-29 12:10:00-05:00,46.15,46.15,46.14,46.14,1029
2017-12-29 12:15:00-05:00,46.14,46.15,46.13,46.13,979
2017-12-29 12:20:00-05:00,46.135,46.14,46.12,46.12,1153
2017-12-29 12:25:00-05:00,46.12,46.12,46.11,46.11,1164
2017-12-29 12:30:00-05:00,46.105,46.105,46.09,46.09,2116
2017-12-29 12:35:00-05:00,46.1,46.11,46.1,46.11,601
2017-12-29 12:40:00-05:00,46.11,46.11,46.1,46.1,300
2017-12-29 12:45:00-05:00,46.1,46.1,46.07,46.07,1288
2017-12-29 12:50:00-05:00,46.07,46.07,46.045,46.045,679
2017-12-29 12:55:00-05:00,46.05,46.065,46.05,46.06,818
2017-12-29 13:00:00-05:00,46.04,46.05,46.04,46.04,1049
2017-12-29 13:05:00-05:00,46.04,46.04,46.02,46.02,1342
2017-12-29 13:10:00-05:00,46.01,46.01,46.0,46.0,2910
2017-12-29 13:15:00-05:00,46.0,46.01,45.99,46.0,2374
2017-12-29 13:20:00-05:00,46.0,46.01,46.0,46.01,700
2017-12-29 13:25:00-05:00,46.01,46.01,46.0,46.0,300
2017-12-29 13:30:00-05:00,45.99,45.99,45.98,45.99,1225
2017-12-29 13:35:00-05:00,46.0,46.0,46.0,46.0,300
2017-12-29 13:40:00-05:00,46.0,46.005,45.99,46.005,1085
2017-12-29 13:45:00-05:00,46.01,46.01,46.0,46.0,1057
2017-12-29 13:50:00-05:00,45.99,45.99,45.96,45.96,431
2017-12-29 13:55:00-05:00,45.955,45.955,45.94,45.945,1525
2017-12-29 14:00:00-05:00,45.955,45.955,45.94,45.945,300
2017-12-29 14:05:00-05:00,45.92,45.94,45.92,45.94,1327
2017-12-29 14:10:00-05:00,45.94,45.94,45.93,45.935,1821
2017-12-29 14:15:00-05:00,45.935,45.94,45.935,45.94,914
2017-12-29 14:20:00-05:00,45.96,45.965,45.94,45.94,1900
2017-12-29 14:25:00-05:00,45.95,45.95,45.94,45.95,1822
2017-12-29 14:30:00-05:00,45.95,45.96,45.95,45.96,717
2017-12-29 14:35:00-05:00,45.95,45.97,45.94,45.94,3083
2017-12-29 14:40:00-05:00,45.94,46.01,45.94,46.0,4500
2017-12-29 14:45:00-05:00,46.0,46.01,45.99,45.99,883
2017-12-29 14:50:00-05:00,45.98,45.995,45.98,45.99,2430
2017-12-29 14:55:00-05:00,46.005,46.015,46.0,46.015,640
2017-12-29 15:00:00-05:00,46.01,46.015,46.0,46.0,1395
2017-12-29 15:05:00-05:00,46.0,46.0,45.985,45.99,1242
2017-12-29 15:10:00-05:00,45.99,46.005,45.99,45.99,2386
2017-12-29 15:15:00-05:00,45.99,45.99,45.98,45.985,529
2017-12-29 15:20:00-05:00,45.985,46.01,45.985,46.005,2704
2017-12-29 15:25:00-05:00,46.01,46.01,45.99,45.99,2855
2017-12-29 15:30:00-05:00,45.995,46.01,45.99,46.01,3717
2017-12-29 15:35:00-05:00,46.01,46.01,45.97,45.975,4200
2017-12-29 15:40:00-05:00,45.975,45.98,45.96,45.98,5598
2017-12-29 15:45:00-05:00,45.98,46.025,45.98,46.02,4977
2017-12-29 15:50:00-05:00,46.01,46.02,45.99,46.0,11573
2017-12-29 15:55:00-05:00,46.0,46.02,45.93,45.94,61785
2017-12-29 17:25:00-05:00,45.9,45.9,45.9,45.9,800
2018-01-02 09:30:00-05:00,45.91,45.91,45.8,45.82,3912
2018-01-02 09:35:00-05:00,45.8,45.82,45.745,45.75,11683
2018-01-02 09:40:00-05:00,45.765,45.805,45.71,45.805,10954
2018-01-02 09:45:00-05:00,45.8,45.85,45.8,45.815,4424
2018-01-02 09:50:00-05:00,45.81,45.85,45.795,45.82,3210
2018-01-02 09:55:00-05:00,45.8,45.8,45.77,45.79,5336
2018-01-02 10:00:00-05:00,45.775,45.85,45.76,45.765,4826
2018-01-02 10:05:00-05:00,45.765,45.78,45.76,45.775,14392
2018-01-02 10:10:00-05:00,45.775,45.785,45.745,45.75,10835
2018-01-02 10:15:00-05:00,45.75,45.77,45.75,45.77,3295
2018-01-02 10:20:00-05:00,45.77,45.78,45.745,45.75,5151
2018-01-02 10:25:00-05:00,45.76,45.82,45.755,45.82,3641
2018-01-02 10:30:00-05:00,45.82,45.83,45.795,45.81,4004
2018-01-02 10:35:00-05:00,45.82,45.845,45.8,45.82,5659
2018-01-02 10:40:00-05:00,45.81,45.845,45.8,45.8,5355
2018-01-02 10:45:00-05:00,45.805,45.81,45.75,45.75,4261
2018-01-02 10:50:00-05:00,45.77,45.77,45.73,45.74,7724
2018-01-02 10:55:00-05:00,45.74,45.75,45.71,45.72,6176
2018-01-02 11:00:00-05:00,45.72,45.75,45.71,45.73,6405
2018-01-02 11:05:00-05:00,45.73,45.75,45.725,45.74,1989
2018-01-02 11:10:00-05:00,45.75,45.755,45.73,45.745,3141
2018-01-02 11:15:00-05:00,45.76,45.8,45.745,45.78,5126
2018-01-02 11:20:00-05:00,45.78,45.785,45.76,45.78,2917
2018-01-02 11:25:00-05:00,45.79,45.8,45.72,45.75,8785
2018-01-02 11:30:00-05:00,45.75,45.8,45.75,45.77,6882
2018-01-02 11:35:00-05:00,45.77,45.78,45.74,45.78,5270
2018-01-02 11:40:00-05:00,45.77,45.78,45.745,45.75,3291
2018-01-02 11:45:00-05:00,45.75,45.755,45.73,45.73,3382
2018-01-02 11:50:00-05:00,45.76,45.76,45.73,45.74,2335
2018-01-02 11:55:00-05:00,45.74,45.75,45.73,45.73,3572
2018-01-02 12:00:00-05:00,45.74,45.75,45.72,45.73,9087
2018-01-02 12:05:00-05:00,45.715,45.77,45.715,45.76,2686
2018-01-02 12:10:00-05:00,45.77,45.78,45.75,45.76,2404
2018-01-02 12:15:00-05:00,45.76,45.76,45.74,45.75,2133
2018-01-02 12:20:00-05:00,45.73,45.74,45.72,45.73,2900
2018-01-02 12:25:00-05:00,45.73,45.74,45.72,45.72,3222
2018-01-02 12:30:00-05:00,45.72,45.74,45.72,45.73,2983
2018-01-02 12:35:00-05:00,45.73,45.76,45.73,45.755,1879
2018-01-02 12:40:00-05:00,45.76,45.76,45.715,45.725,3200
2018-01-02 12:45:00-05:00,45.73,45.73,45.71,45.72,2620
2018-01-02 12:50:00-05:00,45.71,45.72,45.71,45.71,1771
2018-01-02 12:55:00-05:00,45.72,45.75,45.715,45.72,2157
2018-01-02 13:00:00-05:00,45.71,45.73,45.71,45.725,1789
2018-01-02 13:05:00-05:00,45.725,45.73,45.72,45.72,2139
2018-01-02 13:10:00-05:00,45.73,45.73,45.72,45.72,2941
2018-01-02 13:15:00-05:00,45.725,45.73,45.7,45.71,2960
2018-01-02 13:20:00-05:00,45.72,45.73,45.71,45.73,3111
2018-01-02 13:25:00-05:00,45.73,45.73,45.72,45.73,3033
2018-01-02 13:30:00-05:00,45.725,45.73,45.72,45.72,2983
2018-01-02 13:35:00-05:00,45.72,45.73,45.72,45.725,2953
2018-01-02 13:40:00-05:00,45.71,45.73,45.7,45.73,1877
2018-01-02 13:45:00-05:00,45.73,45.73,45.71,45.71,3016
2018-01-02 13:50:00-05:00,45.71,45.71,45.645,45.645,3573
2018-01-02 13:55:00-05:00,45.65,45.65,45.635,45.65,33317
2018-01-02 14:00:00-05:00,45.65,45.655,45.625,45.65,5412
2018-01-02 14:05:00-05:00,45.64,45.64,45.61,45.61,6750
2018-01-02 14:10:00-05:00,45.61,45.62,45.6,45.6,5817
2018-01-02 14:15:00-05:00,45.6,45.61,45.59,45.59,9275
2018-01-02 14:20:00-05:00,45.595,45.6,45.58,45.58,6265
2018-01-02 14:25:00-05:00,45.58,45.585,45.57,45.58,8289
2018-01-02 14:30:00-05:00,45.585,45.61,45.585,45.6,14034
2018-01-02 14:35:00-05:00,45.605,45.69,45.6,45.685,7335
2018-01-02 14:40:00-05:00,45.67,45.68,45.67,45.675,3414
2018-01-02 14:45:00-05:00,45.68,45.68,45.67,45.68,4050
2018-01-02 14:50:00-05:00,45.67,45.675,45.67,45.67,1840
2018-01-02 14:55:00-05:00,45.675,45.69,45.66,45.68,9891
2018-01-02 15:00:00-05:00,45.68,45.69,45.67,45.68,3315
2018-01-02 15:05:00-05:00,45.67,45.675,45.66,45.66,2682
2018-01-02 15:10:00-05:00,45.67,45.67,45.66,45.665,6598
2018-01-02 15:15:00-05:00,45.66,45.665,45.66,45.66,4292
2018-01-02 15:20:00-05:00,45.66,45.665,45.62,45.62,5926
2018-01-02 15:25:00-05:00,45.62,45.68,45.62,45.68,14181
2018-01-02 15:30:00-05:00,45.68,45.68,45.63,45.635,10012
2018-01-02 15:35:00-05:00,45.63,45.64,45.62,45.63,11883
2018-01-02 15:40:00-05:00,45.625,45.635,45.62,45.63,21741
2018-01-02 15:45:00-05:00,45.63,45.63,45.585,45.59,24462
2018-01-02 15:50:00-05:00,45.595,45.595,45.56,45.565,34362
2018-01-02 15:55:00-05:00,45.56,45.565,45.505,45.54,81041
2018-01-03 09:30:00-05:00,45.36,45.45,45.36,45.45,7735
2018-01-03 09:35:00-05:00,45.44,45.505,45.43,45.48,8376
2018-01-03 09:40:00-05:00,45.5,45.61,45.5,45.59,5301
2018-01-03 09:45:00-05:00,45.58,45.67,45.575,45.67,6279
2018-01-03 09:50:00-05:00,45.685,45.685,45.62,45.63,11770
2018-01-03 09:55:00-05:00,45.63,45.64,45.57,45.58,7279
2018-01-03 10:00:00-05:00,45.57,45.57,45.48,45.48,10409
2018-01-03 10:05:00-05:00,45.48,45.52,45.47,45.475,5972
2018-01-03 10:10:00-05:00,45.47,45.495,45.46,45.46,3654
2018-01-03 10:15:00-05:00,45.45,45.5,45.45,45.47,6663
2018-01-03 10:20:00-05:00,45.46,45.465,45.42,45.43,3442
2018-01-03 10:25:00-05:00,45.44,45.46,45.405,45.415,10729
2018-01-03 10:30:00-05:00,45.425,45.435,45.405,45.43,7026
2018-01-03 10:35:00-05:00,45.445,45.46,45.44,45.46,4463
2018-01-03 10:40:00-05:00,45.46,45.52,45.46,45.51,10153
2018-01-03 10:45:00-05:00,45.51,45.55,45.485,45.54,8540
2018-01-03 10:50:00-05:00,45.53,45.545,45.53,45.53,10549
2018-01-03 10:55:00-05:00,45.53,45.53,45.45,45.455,6621
2018-01-03 11:00:00-05:00,45.46,45.465,45.43,45.46,4087
2018-01-03 11:05:00-05:00,45.455,45.47,45.455,45.46,1934
2018-01-03 11:10:00-05:00,45.47,45.49,45.46,45.48,4310
2018-01-03 11:15:00-05:00,45.49,45.49,45.47,45.485,12998
2018-01-03 11:20:00-05:00,45.49,45.53,45.49,45.53,9864
2018-01-03 11:25:00-05:00,45.53,45.53,45.51,45.52,4645
2018-01-03 11:30:00-05:00,45.53,45.53,45.5,45.51,3478
2018-01-03 11:35:00-05:00,45.5,45.5,45.48,45.485,4039
2018-01-03 11:40:00-05:00,45.48,45.49,45.47,45.475,5674
2018-01-03 11:45:00-05:00,45.47,45.515,45.47,45.51,7417
2018-01-03 11:50:00-05:00,45.51,45.51,45.47,45.51,9360
2018-01-03 11:55:00-05:00,45.5,45.51,45.5,45.5,5483
2018-01-03 12:00:00-05:00,45.5,45.51,45.5,45.505,1070
2018-01-03 12:05:00-05:00,45.5,45.51,45.49,45.51,3407
2018-01-03 12:10:00-05:00,45.515,45.555,45.505,45.55,5300
2018-01-03 12:15:00-05:00,45.54,45.57,45.54,45.57,4400
2018-01-03 12:20:00-05:00,45.56,45.57,45.56,45.56,2143
2018-01-03 12:25:00-05:00,45.57,45.57,45.52,45.52,3634
2018-01-03 12:30:00-05:00,45.52,45.52,45.5,45.5,3922
2018-01-03 12:35:00-05:00,45.51,45.52,45.5,45.51,6021
2018-01-03 12:40:00-05:00,45.5,45.52,45.49,45.51,6400
2018-01-03 12:45:00-05:00,45.5,45.52,45.49,45.52,3283
2018-01-03 12:50:00-05:00,45.51,45.53,45.5,45.52,3757
2018-01-03 12:55:00-05:00,45.535,45.55,45.53,45.55,2037
2018-01-03 13:00:00-05:00,45.54,45.55,45.54,45.54,1838
2018-01-03 13:05:00-05:00,45.55,45.55,45.52,45.53,2620
2018-01-03 13:10:00-05:00,45.525,45.535,45.52,45.53,3503
2018-01-03 13:15:00-05:00,45.535,45.54,45.52,45.53,6880
2018-01-03 13:20:00-05:00,45.53,45.54,45.53,45.53,2740
2018-01-03 13:25:00-05:00,45.54,45.54,45.525,45.53,5660
2018-01-03 13:30:00-05:00,45.52,45.53,45.51,45.52,16732
2018-01-03 13:35:00-05:00,45.53,45.53,45.51,45.51,3218
2018-01-03 13:40:00-05:00,45.515,45.53,45.51,45.52,5872
2018-01-03 13:45:00-05:00,45.51,45.515,45.49,45.49,2235
2018-01-03 13:50:00-05:00,45.49,45.505,45.48,45.5,7097
2018-01-03 13:55:00-05:00,45.51,45.51,45.49,45.5,4095
2018-01-03 14:00:00-05:00,45.5,45.5,45.46,45.465,3146
2018-01-03 14:05:00-05:00,45.47,45.47,45.44,45.47,5394
2018-01-03 14:10:00-05:00,45.46,45.46,45.43,45.435,3165
2018-01-03 14:15:00-05:00,45.43,45.435,45.42,45.42,3158
2018-01-03 14:20:00-05:00,45.42,45.42,45.4,45.4,2156
2018-01-03 14:25:00-05:00,45.4,45.41,45.38,45.41,8729
2018-01-03 14:30:00-05:00,45.405,45.405,45.4,45.4,2823
2018-01-03 14:35:00-05:00,45.4,45.415,45.395,45.415,8745
2018-01-03 14:40:00-05:00,45.42,45.42,45.4,45.4,3060
2018-01-03 14:45:00-05:00,45.4,45.41,45.38,45.38,17867
2018-01-03 14:50:00-05:00,45.38,45.39,45.38,45.38,10329
2018-01-03 14:55:00-05:00,45.385,45.41,45.36,45.38,32959
2018-01-03 15:00:00-05:00,45.39,45.43,45.39,45.425,9421
2018-01-03 15:05:00-05:00,45.43,45.43,45.41,45.43,5054
2018-01-03 15:10:00-05:00,45.43,45.44,45.42,45.44,7753
2018-01-03 15:15:00-05:00,45.45,45.45,45.43,45.43,3840
2018-01-03 15:20:00-05:00,45.435,45.44,45.43,45.435,3462
2018-01-03 15:25:00-05:00,45.435,45.435,45.43,45.43,4469
2018-01-03 15:30:00-05:00,45.435,45.44,45.42,45.43,13420
2018-01-03 15:35:00-05:00,45.43,45.43,45.41,45.41,8848
2018-01-03 15:40:00-05:00,45.42,45.46,45.415,45.445,14897
2018-01-03 15:45:00-05:00,45.44,45.46,45.415,45.42,21475
2018-01-03 15:50:00-05:00,45.425,45.45,45.42,45.45,22995
2018-01-03 15:55:00-05:00,45.445,45.445,45.34,45.41,144721
2018-01-04 09:30:00-05:00,45.54,45.59,45.45,45.55,4658
2018-01-04 09:35:00-05:00,45.575,45.665,45.55,45.665,3460
2018-01-04 09:40:00-05:00,45.675,45.75,45.67,45.72,6272
2018-01-04 09:45:00-05:00,45.725,45.775,45.72,45.745,11209
2018-01-04 09:50:00-05:00,45.745,45.78,45.74,45.74,15027
2018-01-04 09:55:00-05:00,45.755,45.815,45.74,45.815,6078
2018-01-04 10:00:00-05:00,45.8,45.811,45.75,45.795,7225
2018-01-04 10:05:00-05:00,45.795,45.82,45.78,45.801,3631
2018-01-04 10:10:00-05:00,45.8,45.825,45.785,45.82,9940
2018-01-04 10:15:00-05:00,45.81,45.815,45.78,45.805,14426
2018-01-04 10:20:00-05:00,45.82,45.855,45.82,45.85,5910
2018-01-04 10:25:00-05:00,45.84,45.845,45.81,45.83,4083
2018-01-04 10:30:00-05:00,45.83,45.835,45.8,45.805,4398
2018-01-04 10:35:00-05:00,45.811,45.83,45.81,45.825,5410
2018-01-04 10:40:00-05:00,45.83,45.855,45.83,45.83,6548
2018-01-04 10:45:00-05:00,45.83,45.84,45.805,45.81,14304
2018-01-04 10:50:00-05:00,45.82,45.825,45.76,45.775,14599
2018-01-04 10:55:00-05:00,45.775,45.785,45.77,45.785,8536
2018-01-04 11:00:00-05:00,45.78,45.805,45.775,45.805,9302
2018-01-04 11:05:00-05:00,45.81,45.82,45.78,45.8,6612
2018-01-04 11:10:00-05:00,45.81,45.82,45.81,45.815,2485
2018-01-04 11:15:00-05:00,45.815,45.821,45.79,45.805,7506
2018-01-04 11:20:00-05:00,45.805,45.825,45.8,45.8,7872
2018-01-04 11:25:00-05:00,45.81,45.84,45.805,45.83,3509
2018-01-04 11:30:00-05:00,45.83,45.84,45.825,45.83,4393
2018-01-04 11:35:00-05:00,45.83,45.84,45.81,45.84,6312
2018-01-04 11:40:00-05:00,45.835,45.845,45.83,45.835,2454
2018-01-04 11:45:00-05:00,45.835,45.84,45.83,45.835,4357
2018-01-04 11:50:00-05:00,45.83,45.86,45.83,45.84,5123
2018-01-04 11:55:00-05:00,45.855,45.855,45.83,45.85,3927
2018-01-04 12:00:00-05:00,45.85,45.94,45.845,45.94,7191
2018-01-04 12:05:00-05:00,45.97,46.055,45.965,46.05,14518
2018-01-04 12:10:00-05:00,46.06,46.15,46.06,46.135,10480
2018-01-04 12:15:00-05:00,46.15,46.19,46.15,46.16,7462
2018-01-04 12:20:00-05:00,46.17,46.18,46.12,46.12,6198
2018-01-04 12:25:00-05:00,46.12,46.17,46.12,46.125,6636
2018-01-04 12:30:00-05:00,46.125,46.14,46.1,46.1,6902
2018-01-04 12:35:00-05:00,46.1,46.135,46.1,46.11,6247
2018-01-04 12:40:00-05:00,46.11,46.14,46.11,46.14,3832
2018-01-04 12:45:00-05:00,46.14,46.165,46.12,46.14,8048
2018-01-04 12:50:00-05:00,46.14,46.16,46.13,46.135,4529
2018-01-04 12:55:00-05:00,46.13,46.17,46.13,46.165,6067
2018-01-04 13:00:00-05:00,46.16,46.19,46.16,46.18,6146
2018-01-04 13:05:00-05:00,46.17,46.17,46.15,46.16,3923
2018-01-04 13:10:00-05:00,46.18,46.19,46.17,46.185,4782
2018-01-04 13:15:00-05:00,46.19,46.21,46.18,46.21,8129
2018-01-04 13:20:00-05:00,46.21,46.21,46.17,46.18,6565
2018-01-04 13:25:00-05:00,46.18,46.195,46.18,46.19,4500
2018-01-04 13:30:00-05:00,46.19,46.21,46.17,46.17,12914
2018-01-04 13:35:00-05:00,46.17,46.19,46.165,46.165,3790
2018-01-04 13:40:00-05:00,46.16,46.185,46.16,46.17,3578
2018-01-04 13:45:00-05:00,46.17,46.17,46.13,46.14,6675
2018-01-04 13:50:00-05:00,46.15,46.155,46.135,46.135,3992
2018-01-04 13:55:00-05:00,46.135,46.165,46.13,46.16,6618
2018-01-04 14:00:00-05:00,46.16,46.16,46.13,46.13,4726
2018-01-04 14:05:00-05:00,46.135,46.14,46.13,46.13,5226
2018-01-04 14:10:00-05:00,46.13,46.13,46.12,46.12,6802
2018-01-04 14:15:00-05:00,46.13,46.13,46.11,46.11,4465
2018-01-04 14:20:00-05:00,46.115,46.115,46.11,46.11,3837
2018-01-04 14:25:00-05:00,46.115,46.115,46.11,46.11,5207
2018-01-04 14:30:00-05:00,46.11,46.11,46.07,46.07,9528
2018-01-04 14:35:00-05:00,46.07,46.075,46.07,46.07,4270
2018-01-04 14:40:00-05:00,46.07,46.1,46.065,46.1,12426
2018-01-04 14:45:00-05:00,46.1,46.11,46.09,46.09,3567
2018-01-04 14:50:00-05:00,46.09,46.095,46.02,46.02,9190
2018-01-04 14:55:00-05:00,46.02,46.035,46.02,46.035,9156
2018-01-04 15:00:00-05:00,46.03,46.04,46.03,46.03,4934
2018-01-04 15:05:00-05:00,46.03,46.03,46.0,46.005,6863
2018-01-04 15:10:00-05:00,46.0,46.01,45.995,46.0,10067
2018-01-04 15:15:00-05:00,46.0,46.005,46.0,46.0,9046
2018-01-04 15:20:00-05:00,46.0,46.045,46.0,46.005,14279
2018-01-04 15:25:00-05:00,46.005,46.02,46.0,46.005,13541
2018-01-04 15:30:00-05:00,46.0,46.01,46.0,46.0,11136
2018-01-04 15:35:00-05:00,46.0,46.005,46.0,46.005,32304
2018-01-04 15:40:00-05:00,46.005,46.01,45.995,46.005,28071
2018-01-04 15:45:00-05:00,46.01,46.05,46.0,46.0,45960
2018-01-04 15:50:00-05:00,46.0,46.03,45.98,46.03,63439
2018-01-04 15:55:00-05:00,46.025,46.09,46.015,46.07,69273
2018-01-05 09:30:00-05:00,46.08,46.09,45.99,46.065,5926
2018-01-05 09:35:00-05:00,46.06,46.16,46.02,46.12,10686
2018-01-05 09:40:00-05:00,46.11,46.19,46.11,46.18,6338
2018-01-05 09:45:00-05:00,46.185,46.185,46.1,46.15,5979
2018-01-05 09:50:00-05:00,46.145,46.19,46.135,46.185,6549
2018-01-05 09:55:00-05:00,46.19,46.2,46.16,46.16,8199
2018-01-05 10:00:00-05:00,46.16,46.2,46.16,46.18,6105
2018-01-05 10:05:00-05:00,46.18,46.185,46.135,46.15,5585
2018-01-05 10:10:00-05:00,46.14,46.14,46.07,46.07,3431
2018-01-05 10:15:00-05:00,46.07,46.105,46.04,46.1,7051
2018-01-05 10:20:00-05:00,46.105,46.11,46.08,46.095,9257
2018-01-05 10:25:00-05:00,46.09,46.09,46.05,46.06,9781
2018-01-05 10:30:00-05:00,46.06,46.1,46.06,46.065,4883
2018-01-05 10:35:00-05:00,46.07,46.07,46.015,46.06,9114
2018-01-05 10:40:00-05:00,46.06,46.07,45.98,45.98,4219
2018-01-05 10:45:00-05:00,45.985,45.985,45.92,45.92,13035
2018-01-05 10:50:00-05:00,45.925,45.975,45.91,45.96,10612
2018-01-05 10:55:00-05:00,45.96,46.01,45.96,45.98,9911
2018-01-05 11:00:00-05:00,45.98,46.005,45.97,45.995,9731
2018-01-05 11:05:00-05:00,45.99,46.0,45.94,45.94,10934
2018-01-05 11:10:00-05:00,45.93,45.98,45.93,45.97,7069
2018-01-05 11:15:00-05:00,45.97,46.0,45.97,46.0,4209
2018-01-05 11:20:00-05:00,46.0,46.0,45.95,45.96,7368
2018-01-05 11:25:00-05:00,45.96,45.96,45.92,45.93,5687
2018-01-05 11:30:00-05:00,45.94,45.96,45.935,45.96,4752
2018-01-05 11:35:00-05:00,45.955,45.955,45.94,45.955,2437
2018-01-05 11:40:00-05:00,45.95,46.005,45.95,45.99,5800
2018-01-05 11:45:00-05:00,45.98,46.0,45.98,45.995,2617
2018-01-05 11:50:00-05:00,45.99,46.005,45.98,45.99,4511
2018-01-05 11:55:00-05:00,45.995,46.0,45.99,45.99,3705
2018-01-05 12:00:00-05:00,45.995,46.02,45.99,46.0,5182
2018-01-05 12:05:00-05:00,46.0,46.0,45.99,45.995,2153
2018-01-05 12:10:00-05:00,45.995,45.995,45.97,45.995,4048
2018-01-05 12:15:00-05:00,45.995,46.03,45.98,46.01,6917
2018-01-05 12:20:00-05:00,46.01,46.01,46.0,46.01,2469
2018-01-05 12:25:00-05:00,46.005,46.02,45.985,45.985,5887
2018-01-05 12:30:00-05:00,45.98,45.995,45.94,45.95,5582
2018-01-05 12:35:00-05:00,45.94,45.95,45.92,45.935,3233
2018-01-05 12:40:00-05:00,45.94,45.94,45.93,45.93,2955
2018-01-05 12:45:00-05:00,45.925,45.93,45.91,45.92,4469
2018-01-05 12:50:00-05:00,45.915,45.93,45.91,45.92,4002
2018-01-05 12:55:00-05:00,45.92,45.92,45.905,45.92,4643
2018-01-05 13:00:00-05:00,45.92,45.93,45.915,45.925,2489
2018-01-05 13:05:00-05:00,45.925,45.93,45.91,45.925,4044
2018-01-05 13:10:00-05:00,45.92,45.92,45.91,45.92,4094
2018-01-05 13:15:00-05:00,45.915,45.92,45.905,45.905,6258
2018-01-05 13:20:00-05:00,45.91,45.93,45.91,45.91,5467
2018-01-05 13:25:00-05:00,45.91,45.91,45.89,45.89,6805
2018-01-05 13:30:00-05:00,45.89,45.89,45.87,45.88,3492
2018-01-05 13:35:00-05:00,45.87,45.87,45.855,45.855,4521
2018-01-05 13:40:00-05:00,45.855,45.865,45.85,45.855,10624
2018-01-05 13:45:00-05:00,45.855,45.86,45.82,45.82,4868
2018-01-05 13:50:00-05:00,45.83,45.83,45.82,45.82,3639
2018-01-05 13:55:00-05:00,45.83,45.84,45.815,45.815,11682
2018-01-05 14:00:00-05:00,45.815,45.82,45.8,45.8,5109
2018-01-05 14:05:00-05:00,45.8,45.81,45.8,45.805,5511
2018-01-05 14:10:00-05:00,45.8,45.81,45.795,45.81,6465
2018-01-05 14:15:00-05:00,45.805,45.81,45.8,45.81,2716
2018-01-05 14:20:00-05:00,45.8,45.81,45.8,45.81,4263
2018-01-05 14:25:00-05:00,45.805,45.815,45.8,45.81,6620
2018-01-05 14:30:00-05:00,45.82,45.82,45.81,45.82,4457
2018-01-05 14:35:00-05:00,45.82,45.89,45.82,45.885,8992
2018-01-05 14:40:00-05:00,45.88,45.885,45.84,45.84,6285
2018-01-05 14:45:00-05:00,45.84,45.855,45.84,45.85,6906
2018-01-05 14:50:00-05:00,45.845,45.87,45.84,45.865,11022
2018-01-05 14:55:00-05:00,45.86,45.865,45.86,45.86,3646
2018-01-05 15:00:00-05:00,45.86,45.87,45.86,45.86,3995
2018-01-05 15:05:00-05:00,45.86,45.9,45.86,45.88,12723
2018-01-05 15:10:00-05:00,45.88,45.885,45.86,45.865,3694
2018-01-05 15:15:00-05:00,45.86,45.87,45.86,45.86,3730
2018-01-05 15:20:00-05:00,45.86,45.88,45.86,45.865,13689
2018-01-05 15:25:00-05:00,45.865,45.94,45.86,45.92,24584
2018-01-05 15:30:00-05:00,45.93,45.94,45.92,45.92,14167
2018-01-05 15:35:00-05:00,45.92,45.93,45.9,45.905,16388
2018-01-05 15:40:00-05:00,45.905,45.935,45.9,45.935,19121
2018-01-05 15:45:00-05:00,45.94,46.0,45.94,45.98,29245
2018-01-05 15:50:00-05:00,45.98,46.0,45.98,45.99,39399
2018-01-05 15:55:00-05:00,45.99,46.065,45.98,46.04,132673
2018-01-08 09:30:00-05:00,45.94,46.03,45.91,45.93,3049
2018-01-08 09:35:00-05:00,45.97,46.03,45.97,45.99,6114
2018-01-08 09:40:00-05:00,46.04,46.05,46.01,46.04,2623
2018-01-08 09:45:00-05:00,46.03,46.04,45.98,46.02,3882
2018-01-08 09:50:00-05:00,46.03,46.03,45.98,46.0,3500
2018-01-08 09:55:00-05:00,45.99,46.01,45.99,46.0,900
2018-01-08 10:00:00-05:00,45.98,45.99,45.96,45.98,5923
2018-01-08 10:05:00-05:00,45.98,46.01,45.98,46.01,1076
2018-01-08 10:10:00-05:00,46.01,46.02,46.0,46.01,2301
2018-01-08 10:15:00-05:00,46.0,46.06,45.99,46.06,2410
2018-01-08 10:20:00-05:00,46.06,46.1,46.06,46.085,1565
2018-01-08 10:25:00-05:00,46.08,46.1,46.07,46.08,2841
2018-01-08 10:30:00-05:00,46.085,46.09,46.08,46.08,4681
2018-01-08 10:35:00-05:00,46.06,46.06,46.05,46.05,700
2018-01-08 10:40:00-05:00,46.03,46.035,46.015,46.025,2888
2018-01-08 10:45:00-05:00,46.04,46.05,46.04,46.05,1237
2018-01-08 10:50:00-05:00,46.03,46.04,46.01,46.01,1479
2018-01-08 10:55:00-05:00,46.0,46.01,46.0,46.01,1427
2018-01-08 11:00:00-05:00,45.985,46.015,45.985,46.015,3890
2018-01-08 11:05:00-05:00,46.015,46.04,46.015,46.04,6344
2018-01-08 11:10:00-05:00,46.04,46.04,46.0,46.005,2442
2018-01-08 11:15:00-05:00,46.01,46.01,45.945,45.96,1919
2018-01-08 11:20:00-05:00,45.96,45.96,45.94,45.955,1768
2018-01-08 11:25:00-05:00,45.96,45.99,45.95,45.95,3714
2018-01-08 11:30:00-05:00,45.955,45.96,45.93,45.95,2035
2018-01-08 11:35:00-05:00,45.94,45.95,45.94,45.945,1435
2018-01-08 11:40:00-05:00,45.95,45.96,45.94,45.94,1473
2018-01-08 11:45:00-05:00,45.92,45.93,45.92,45.93,1738
2018-01-08 11:50:00-05:00,45.93,45.935,45.9,45.91,3329
2018-01-08 11:55:00-05:00,45.91,45.935,45.91,45.935,854
2018-01-08 12:00:00-05:00,45.94,45.965,45.94,45.95,1165
2018-01-08 12:05:00-05:00,45.95,45.955,45.94,45.955,1872
2018-01-08 12:10:00-05:00,45.955,45.96,45.94,45.94,8201
2018-01-08 12:15:00-05:00,45.95,45.97,45.945,45.95,2401
2018-01-08 12:20:00-05:00,45.96,45.96,45.95,45.95,589
2018-01-08 12:25:00-05:00,45.95,45.965,45.935,45.96,1638
2018-01-08 12:30:00-05:00,45.97,45.98,45.97,45.975,1255
2018-01-08 12:35:00-05:00,45.985,46.01,45.985,46.005,1712
2018-01-08 12:40:00-05:00,46.01,46.025,46.0,46.02,1336
2018-01-08 12:45:00-05:00,46.02,46.02,46.005,46.015,868
2018-01-08 12:50:00-05:00,46.015,46.02,45.98,45.985,2703
2018-01-08 12:55:00-05:00,45.99,46.0,45.99,45.99,11480
2018-01-08 13:00:00-05:00,45.99,46.0,45.99,46.0,800
2018-01-08 13:05:00-05:00,46.0,46.03,46.0,46.03,1257
2018-01-08 13:10:00-05:00,46.02,46.04,46.01,46.03,1129
2018-01-08 13:15:00-05:00,46.035,46.035,46.01,46.025,2711
2018-01-08 13:20:00-05:00,46.035,46.035,46.03,46.03,977
2018-01-08 13:25:00-05:00,46.04,46.045,46.03,46.035,2851
2018-01-08 13:30:00-05:00,46.035,46.05,46.03,46.045,4099
2018-01-08 13:35:00-05:00,46.05,46.06,46.04,46.05,7313
2018-01-08 13:40:00-05:00,46.05,46.06,46.045,46.06,4824
2018-01-08 13:45:00-05:00,46.06,46.06,46.04,46.06,2113
2018-01-08 13:50:00-05:00,46.06,46.065,46.045,46.045,6142
2018-01-08 13:55:00-05:00,46.045,46.05,46.03,46.05,3819
2018-01-08 14:00:00-05:00,46.05,46.05,46.04,46.04,1496
2018-01-08 14:05:00-05:00,46.04,46.06,46.035,46.055,2586
2018-01-08 14:10:00-05:00,46.055,46.07,46.05,46.07,3341
2018-01-08 14:15:00-05:00,46.065,46.07,46.05,46.05,1729
2018-01-08 14:20:00-05:00,46.05,46.06,46.02,46.03,2703
2018-01-08 14:25:00-05:00,46.03,46.04,46.01,46.02,3574
2018-01-08 14:30:00-05:00,46.02,46.02,45.98,45.98,3023
2018-01-08 14:35:00-05:00,45.99,46.01,45.99,45.99,1731
2018-01-08 14:40:00-05:00,45.995,46.0,45.99,46.0,2600
2018-01-08 14:45:00-05:00,46.0,46.02,45.98,46.015,3207
2018-01-08 14:50:00-05:00,46.015,46.02,46.01,46.02,6370
2018-01-08 14:55:00-05:00,46.02,46.04,46.015,46.04,2029
2018-01-08 15:00:00-05:00,46.035,46.04,46.01,46.02,3166
2018-01-08 15:05:00-05:00,46.03,46.05,46.03,46.05,2865
2018-01-08 15:10:00-05:00,46.04,46.04,46.01,46.03,3191
2018-01-08 15:15:00-05:00,46.02,46.03,46.02,46.02,2585
2018-01-08 15:20:00-05:00,46.02,46.02,46.0,46.0,2035
2018-01-08 15:25:00-05:00,45.99,46.0,45.99,45.99,1190
2018-01-08 15:30:00-05:00,45.98,46.0,45.98,45.98,5326
2018-01-08 15:35:00-05:00,45.985,45.995,45.98,45.98,13950
2018-01-08 15:40:00-05:00,45.97,46.0,45.97,45.985,10986
2018-01-08 15:45:00-05:00,46.0,46.01,45.99,45.99,22996
2018-01-08 15:50:00-05:00,46.0,46.0,45.97,45.98,24265
2018-01-08 15:55:00-05:00,45.98,46.01,45.96,46.0,66752
2018-01-09 09:30:00-05:00,45.97,46.03,45.95,45.98,5443
2018-01-09 09:35:00-05:00,46.01,46.06,45.995,46.06,5721
2018-01-09 09:40:00-05:00,46.06,46.12,46.06,46.1,3622
2018-01-09 09:45:00-05:00,46.1,46.1,46.06,46.06,2631
2018-01-09 09:50:00-05:00,46.055,46.055,45.99,45.99,8821
2018-01-09 09:55:00-05:00,45.985,46.01,45.95,45.975,4486
2018-01-09 10:00:00-05:00,45.99,46.0,45.965,46.0,2270
2018-01-09 10:05:00-05:00,46.035,46.06,46.03,46.06,5608
2018-01-09 10:10:00-05:00,46.05,46.095,46.045,46.09,5115
2018-01-09 10:15:00-05:00,46.09,46.115,46.085,46.1,2069
2018-01-09 10:20:00-05:00,46.115,46.16,46.11,46.16,2002
2018-01-09 10:25:00-05:00,46.17,46.17,46.13,46.17,1934
2018-01-09 10:30:00-05:00,46.17,46.175,46.105,46.12,3021
2018-01-09 10:35:00-05:00,46.13,46.165,46.13,46.15,2708
2018-01-09 10:40:00-05:00,46.14,46.16,46.12,46.16,1610
2018-01-09 10:45:00-05:00,46.175,46.2,46.17,46.2,2480
2018-01-09 10:50:00-05:00,46.195,46.275,46.17,46.275,4117
2018-01-09 10:55:00-05:00,46.275,46.275,46.22,46.23,3573
2018-01-09 11:00:00-05:00,46.22,46.255,46.21,46.255,3809
2018-01-09 11:05:00-05:00,46.255,46.28,46.25,46.275,9800
2018-01-09 11:10:00-05:00,46.275,46.28,46.245,46.25,11424
2018-01-09 11:15:00-05:00,46.24,46.285,46.23,46.27,6949
2018-01-09 11:20:00-05:00,46.275,46.28,46.235,46.24,8316
2018-01-09 11:25:00-05:00,46.23,46.3,46.23,46.29,4864
2018-01-09 11:30:00-05:00,46.29,46.29,46.27,46.285,5822
2018-01-09 11:35:00-05:00,46.285,46.29,46.26,46.265,2874
2018-01-09 11:40:00-05:00,46.27,46.27,46.22,46.25,6421
2018-01-09 11:45:00-05:00,46.255,46.28,46.25,46.27,10324
2018-01-09 11:50:00-05:00,46.28,46.3,46.28,46.28,5100
2018-01-09 11:55:00-05:00,46.29,46.29,46.26,46.26,2364
2018-01-09 12:00:00-05:00,46.27,46.29,46.265,46.27,3717
2018-01-09 12:05:00-05:00,46.26,46.265,46.25,46.255,2100
2018-01-09 12:10:00-05:00,46.245,46.245,46.215,46.22,1710
2018-01-09 12:15:00-05:00,46.22,46.235,46.22,46.23,2071
2018-01-09 12:20:00-05:00,46.23,46.235,46.225,46.225,4362
2018-01-09 12:25:00-05:00,46.225,46.23,46.22,46.225,6535
2018-01-09 12:30:00-05:00,46.225,46.23,46.175,46.18,3791
2018-01-09 12:35:00-05:00,46.19,46.215,46.185,46.205,7408
2018-01-09 12:40:00-05:00,46.205,46.24,46.205,46.235,3506
2018-01-09 12:45:00-05:00,46.24,46.275,46.24,46.265,6716
2018-01-09 12:50:00-05:00,46.265,46.28,46.26,46.26,1971
2018-01-09 12:55:00-05:00,46.255,46.27,46.255,46.265,1772
2018-01-09 13:00:00-05:00,46.27,46.28,46.27,46.28,2243
2018-01-09 13:05:00-05:00,46.28,46.3,46.28,46.29,3034
2018-01-09 13:10:00-05:00,46.29,46.32,46.29,46.3,4103
2018-01-09 13:15:00-05:00,46.305,46.315,46.305,46.315,1409
2018-01-09 13:20:00-05:00,46.32,46.35,46.31,46.335,8460
2018-01-09 13:25:00-05:00,46.335,46.355,46.33,46.355,7655
2018-01-09 13:30:00-05:00,46.35,46.36,46.35,46.355,2243
2018-01-09 13:35:00-05:00,46.35,46.36,46.35,46.355,7720
2018-01-09 13:40:00-05:00,46.355,46.355,46.325,46.33,6064
2018-01-09 13:45:00-05:00,46.34,46.355,46.34,46.34,2889
2018-01-09 13:50:00-05:00,46.31,46.32,46.305,46.32,1862
2018-01-09 13:55:00-05:00,46.325,46.33,46.32,46.33,2756
2018-01-09 14:00:00-05:00,46.325,46.345,46.325,46.345,6221
2018-01-09 14:05:00-05:00,46.33,46.33,46.315,46.325,4210
2018-01-09 14:10:00-05:00,46.325,46.325,46.29,46.29,11846
2018-01-09 14:15:00-05:00,46.295,46.3,46.22,46.235,14694
2018-01-09 14:20:00-05:00,46.225,46.225,46.17,46.195,15918
2018-01-09 14:25:00-05:00,46.195,46.22,46.185,46.215,11932
2018-01-09 14:30:00-05:00,46.22,46.22,46.2,46.205,2604
2018-01-09 14:35:00-05:00,46.2,46.22,46.2,46.215,3695
2018-01-09 14:40:00-05:00,46.22,46.225,46.21,46.22,4277
2018-01-09 14:45:00-05:00,46.225,46.245,46.225,46.245,2079
2018-01-09 14:50:00-05:00,46.24,46.25,46.235,46.25,2965
2018-01-09 14:55:00-05:00,46.25,46.25,46.24,46.245,35497
2018-01-09 15:00:00-05:00,46.245,46.25,46.24,46.245,1534
2018-01-09 15:05:00-05:00,46.245,46.25,46.24,46.24,5061
2018-01-09 15:10:00-05:00,46.24,46.245,46.22,46.22,6991
2018-01-09 15:15:00-05:00,46.22,46.23,46.19,46.2,16633
2018-01-09 15:20:00-05:00,46.2,46.23,46.19,46.23,6115
2018-01-09 15:25:00-05:00,46.23,46.24,46.21,46.22,7562
2018-01-09 15:30:00-05:00,46.21,46.23,46.21,46.23,10736
2018-01-09 15:35:00-05:00,46.23,46.27,46.22,46.27,13183
2018-01-09 15:40:00-05:00,46.26,46.27,46.23,46.27,10222
2018-01-09 15:45:00-05:00,46.26,46.27,46.23,46.24,24081
2018-01-09 15:50:00-05:00,46.235,46.26,46.235,46.255,29971
2018-01-09 15:55:00-05:00,46.25,46.27,46.22,46.24,108677
2018-01-10 09:30:00-05:00,46.16,46.245,46.115,46.235,12339
2018-01-10 09:35:00-05:00,46.24,46.255,46.2,46.2,10323
2018-01-10 09:40:00-05:00,46.195,46.195,46.005,46.05,10443
2018-01-10 09:45:00-05:00,46.05,46.06,45.94,46.0,5335
2018-01-10 09:50:00-05:00,46.0,46.035,45.975,46.01,9633
2018-01-10 09:55:00-05:00,46.01,46.025,45.99,46.025,3139
2018-01-10 10:00:00-05:00,46.05,46.05,46.0,46.03,15266
2018-01-10 10:05:00-05:00,46.0,46.045,45.96,45.97,9649
2018-01-10 10:10:00-05:00,45.95,45.99,45.95,45.965,8666
2018-01-10 10:15:00-05:00,45.965,46.02,45.96,46.005,13584
2018-01-10 10:20:00-05:00,46.02,46.02,45.93,45.95,12043
2018-01-10 10:25:00-05:00,45.955,46.0,45.94,46.0,7625
2018-01-10 10:30:00-05:00,46.005,46.02,45.995,46.01,7920
2018-01-10 10:35:00-05:00,46.02,46.075,46.015,46.065,11023
2018-01-10 10:40:00-05:00,46.07,46.085,46.06,46.06,3154
2018-01-10 10:45:00-05:00,46.06,46.07,46.04,46.04,3018
2018-01-10 10:50:00-05:00,46.04,46.055,46.02,46.055,3899
2018-01-10 10:55:00-05:00,46.06,46.095,46.055,46.08,6205
2018-01-10 11:00:00-05:00,46.085,46.085,46.025,46.03,1639
2018-01-10 11:05:00-05:00,46.035,46.045,46.02,46.04,7984
2018-01-10 11:10:00-05:00,46.035,46.04,46.025,46.03,3396
2018-01-10 11:15:00-05:00,46.035,46.045,46.01,46.045,6788
2018-01-10 11:20:00-05:00,46.05,46.07,46.045,46.07,3511
2018-01-10 11:25:00-05:00,46.065,46.1,46.06,46.08,7668
2018-01-10 11:30:00-05:00,46.075,46.09,46.06,46.09,3292
2018-01-10 11:35:00-05:00,46.08,46.08,46.055,46.07,2416
2018-01-10 11:40:00-05:00,46.07,46.07,46.03,46.03,13678
2018-01-10 11:45:00-05:00,46.03,46.075,46.03,46.07,4700
2018-01-10 11:50:00-05:00,46.07,46.095,46.06,46.085,6694
2018-01-10 11:55:00-05:00,46.08,46.08,46.05,46.055,5667
2018-01-10 12:00:00-05:00,46.06,46.1,46.04,46.1,5825
2018-01-10 12:05:00-05:00,46.09,46.11,46.07,46.105,15898
2018-01-10 12:10:00-05:00,46.1,46.1,46.08,46.095,4210
2018-01-10 12:15:00-05:00,46.1,46.1,46.06,46.06,2707
2018-01-10 12:20:00-05:00,46.055,46.055,46.03,46.035,5979
2018-01-10 12:25:00-05:00,46.02,46.025,46.01,46.01,4658
2018-01-10 12:30:00-05:00,46.01,46.03,46.005,46.03,4077
2018-01-10 12:35:00-05:00,46.02,46.02,45.99,45.995,3984
2018-01-10 12:40:00-05:00,45.995,46.0,45.99,46.0,3732
2018-01-10 12:45:00-05:00,46.0,46.015,45.98,46.01,9629
2018-01-10 12:50:00-05:00,46.005,46.005,45.985,45.995,4336
2018-01-10 12:55:00-05:00,46.0,46.0,45.985,45.995,5403
2018-01-10 13:00:00-05:00,46.0,46.03,45.995,46.025,14811
2018-01-10 13:05:00-05:00,46.025,46.03,46.0,46.0,9217
2018-01-10 13:10:00-05:00,45.995,46.01,45.995,46.005,5859
2018-01-10 13:15:00-05:00,46.005,46.01,46.0,46.0,1533
2018-01-10 13:20:00-05:00,46.01,46.05,46.005,46.045,6922
2018-01-10 13:25:00-05:00,46.045,46.06,46.03,46.045,9854
2018-01-10 13:30:00-05:00,46.04,46.05,46.04,46.05,920
2018-01-10 13:35:00-05:00,46.05,46.05,46.035,46.045,2209
2018-01-10 13:40:00-05:00,46.045,46.045,46.03,46.04,2002
2018-01-10 13:45:00-05:00,46.04,46.04,46.04,46.04,1974
2018-01-10 13:50:00-05:00,46.05,46.05,46.03,46.04,1415
2018-01-10 13:55:00-05:00,46.045,46.075,46.045,46.075,3981
2018-01-10 14:00:00-05:00,46.065,46.065,46.03,46.035,6872
2018-01-10 14:05:00-05:00,46.03,46.04,46.01,46.035,25587
2018-01-10 14:10:00-05:00,46.035,46.035,46.015,46.03,4595
2018-01-10 14:15:00-05:00,46.025,46.03,46.0,46.0,4865
2018-01-10 14:20:00-05:00,45.995,46.015,45.985,45.985,4990
2018-01-10 14:25:00-05:00,45.985,45.99,45.955,45.965,4468
2018-01-10 14:30:00-05:00,45.96,45.98,45.955,45.965,5967
2018-01-10 14:35:00-05:00,45.965,45.97,45.96,45.965,8170
2018-01-10 14:40:00-05:00,45.96,46.0,45.96,45.995,6959
2018-01-10 14:45:00-05:00,45.995,46.01,45.995,46.005,5981
2018-01-10 14:50:00-05:00,46.005,46.05,46.005,46.04,11421
2018-01-10 14:55:00-05:00,46.035,46.035,46.01,46.02,8759
2018-01-10 15:00:00-05:00,46.015,46.03,46.005,46.015,11447
2018-01-10 15:05:00-05:00,46.015,46.045,46.01,46.035,6182
2018-01-10 15:10:00-05:00,46.04,46.04,46.03,46.035,4901
2018-01-10 15:15:00-05:00,46.03,46.045,46.03,46.04,7416
2018-01-10 15:20:00-05:00,46.045,46.05,46.04,46.045,5295
2018-01-10 15:25:00-05:00,46.04,46.07,46.04,46.065,7156
2018-01-10 15:30:00-05:00,46.065,46.09,46.06,46.085,12033
2018-01-10 15:35:00-05:00,46.085,46.09,46.075,46.075,16647
2018-01-10 15:40:00-05:00,46.08,46.09,46.07,46.075,13147
2018-01-10 15:45:00-05:00,46.075,46.085,46.06,46.065,17162
2018-01-10 15:50:00-05:00,46.07,46.09,46.06,46.08,15449
2018-01-10 15:55:00-05:00,46.08,46.1,46.03,46.06,52862
2018-01-11 09:30:00-05:00,46.16,46.22,46.105,46.15,3914
2018-01-11 09:35:00-05:00,46.15,46.17,46.15,46.15,858
2018-01-11 09:40:00-05:00,46.14,46.17,46.1,46.11,2075
2018-01-11 09:45:00-05:00,46.11,46.115,46.08,46.08,1804
2018-01-11 09:50:00-05:00,46.09,46.14,46.085,46.1,4294
2018-01-11 09:55:00-05:00,46.09,46.2,46.085,46.2,5273
2018-01-11 10:00:00-05:00,46.205,46.205,46.17,46.19,3388
2018-01-11 10:05:00-05:00,46.185,46.2,46.185,46.19,3319
2018-01-11 10:10:00-05:00,46.18,46.185,46.09,46.09,11227
2018-01-11 10:15:00-05:00,46.1,46.14,46.09,46.095,7197
2018-01-11 10:20:00-05:00,46.07,46.08,46.02,46.025,4683
2018-01-11 10:25:00-05:00,46.01,46.04,46.0,46.04,7320
2018-01-11 10:30:00-05:00,46.03,46.04,46.01,46.01,3657
2018-01-11 10:35:00-05:00,46.01,46.02,46.01,46.01,5770
2018-01-11 10:40:00-05:00,46.02,46.04,46.01,46.03,3369
2018-01-11 10:45:00-05:00,46.035,46.04,46.03,46.035,1323
2018-01-11 10:50:00-05:00,46.04,46.065,46.03,46.06,4569
2018-01-11 10:55:00-05:00,46.06,46.06,46.02,46.03,3849
2018-01-11 11:00:00-05:00,46.03,46.035,46.0,46.02,4489
2018-01-11 11:05:00-05:00,46.025,46.05,46.005,46.05,7720
2018-01-11 11:10:00-05:00,46.04,46.06,46.02,46.03,10800
2018-01-11 11:15:00-05:00,46.035,46.05,46.02,46.04,12781
2018-01-11 11:20:00-05:00,46.05,46.065,46.045,46.065,8172
2018-01-11 11:25:00-05:00,46.06,46.06,46.04,46.055,11386
2018-01-11 11:30:00-05:00,46.06,46.06,45.99,45.99,4573
2018-01-11 11:35:00-05:00,46.0,46.02,46.0,46.0,8574
2018-01-11 11:40:00-05:00,45.99,45.99,45.975,45.98,7914
2018-01-11 11:45:00-05:00,45.98,45.99,45.955,45.96,5975
2018-01-11 11:50:00-05:00,45.95,45.96,45.945,45.95,5066
2018-01-11 11:55:00-05:00,45.95,45.96,45.95,45.96,3748
2018-01-11 12:00:00-05:00,45.96,45.97,45.95,45.97,2939
2018-01-11 12:05:00-05:00,45.97,45.97,45.965,45.97,1185
2018-01-11 12:10:00-05:00,45.96,46.0,45.96,46.0,3989
2018-01-11 12:15:00-05:00,46.0,46.005,45.985,45.99,3620
2018-01-11 12:20:00-05:00,45.995,46.0,45.985,45.985,3976
2018-01-11 12:25:00-05:00,45.985,46.0,45.98,45.98,10568
2018-01-11 12:30:00-05:00,45.98,46.0,45.97,45.99,8701
2018-01-11 12:35:00-05:00,45.98,45.99,45.96,45.99,2445
2018-01-11 12:40:00-05:00,45.99,46.0,45.98,45.995,2127
2018-01-11 12:45:00-05:00,45.99,46.0,45.985,45.995,7851
2018-01-11 12:50:00-05:00,45.99,46.01,45.98,45.995,3994
2018-01-11 12:55:00-05:00,45.995,45.995,45.985,45.985,4818
2018-01-11 13:00:00-05:00,45.975,45.99,45.97,45.982,3723
2018-01-11 13:05:00-05:00,45.985,46.0,45.985,45.99,2220
2018-01-11 13:10:00-05:00,45.99,46.0,45.97,45.98,8220
2018-01-11 13:15:00-05:00,45.975,45.99,45.97,45.99,5654
2018-01-11 13:20:00-05:00,45.985,46.0,45.97,45.97,2628
2018-01-11 13:25:00-05:00,45.97,45.98,45.97,45.97,1708
2018-01-11 13:30:00-05:00,45.97,45.97,45.945,45.95,2353
2018-01-11 13:35:00-05:00,45.96,45.96,45.95,45.955,1543
2018-01-11 13:40:00-05:00,45.95,45.97,45.95,45.96,3152
2018-01-11 13:45:00-05:00,45.96,45.975,45.955,45.97,2461
2018-01-11 13:50:00-05:00,45.96,45.97,45.94,45.94,2134
2018-01-11 13:55:00-05:00,45.935,45.94,45.93,45.93,1528
2018-01-11 14:00:00-05:00,45.935,45.935,45.92,45.92,1706
2018-01-11 14:05:00-05:00,45.92,45.93,45.91,45.93,1592
2018-01-11 14:10:00-05:00,45.92,45.92,45.91,45.91,1279
2018-01-11 14:15:00-05:00,45.91,45.91,45.87,45.87,1775
2018-01-11 14:20:00-05:00,45.88,45.88,45.87,45.87,894
2018-01-11 14:25:00-05:00,45.87,45.88,45.86,45.875,2827
2018-01-11 14:30:00-05:00,45.88,45.88,45.88,45.88,115
2018-01-11 14:35:00-05:00,45.87,45.88,45.865,45.88,2024
2018-01-11 14:40:00-05:00,45.87,45.88,45.87,45.88,990
2018-01-11 14:45:00-05:00,45.88,45.88,45.87,45.88,2476
2018-01-11 14:50:00-05:00,45.87,45.89,45.87,45.88,2494
2018-01-11 14:55:00-05:00,45.87,45.885,45.87,45.885,1296
2018-01-11 15:00:00-05:00,45.87,45.88,45.86,45.88,1053
2018-01-11 15:05:00-05:00,45.88,45.89,45.88,45.885,3172
2018-01-11 15:10:00-05:00,45.88,45.905,45.88,45.905,2266
2018-01-11 15:15:00-05:00,45.91,45.92,45.905,45.92,1992
2018-01-11 15:20:00-05:00,45.92,45.95,45.915,45.94,3061
2018-01-11 15:25:00-05:00,45.95,45.955,45.925,45.94,2513
2018-01-11 15:30:00-05:00,45.93,45.955,45.93,45.95,3582
2018-01-11 15:35:00-05:00,45.95,45.96,45.95,45.95,3800
2018-01-11 15:40:00-05:00,45.96,45.97,45.95,45.97,4244
2018-01-11 15:45:00-05:00,45.96,45.98,45.955,45.98,5229
2018-01-11 15:50:00-05:00,45.98,46.01,45.98,46.0,16113
2018-01-11 15:55:00-05:00,46.01,46.04,45.98,46.04,67229
2018-01-12 09:30:00-05:00,46.25,46.25,46.12,46.13,12124
2018-01-12 09:35:00-05:00,46.13,46.2,46.13,46.2,8845
2018-01-12 09:40:00-05:00,46.21,46.29,46.2,46.29,8680
2018-01-12 09:45:00-05:00,46.29,46.335,46.28,46.33,7404
2018-01-12 09:50:00-05:00,46.33,46.38,46.315,46.37,8061
2018-01-12 09:55:00-05:00,46.37,46.39,46.315,46.36,9047
2018-01-12 10:00:00-05:00,46.36,46.37,46.33,46.34,8089
2018-01-12 10:05:00-05:00,46.32,46.33,46.21,46.21,9901
2018-01-12 10:10:00-05:00,46.21,46.285,46.21,46.28,34374
2018-01-12 10:15:00-05:00,46.26,46.28,46.25,46.27,6789
2018-01-12 10:20:00-05:00,46.27,46.315,46.27,46.3,5358
2018-01-12 10:25:00-05:00,46.3,46.3,46.255,46.265,6410
2018-01-12 10:30:00-05:00,46.265,46.275,46.24,46.275,8675
2018-01-12 10:35:00-05:00,46.27,46.31,46.27,46.28,12872
2018-01-12 10:40:00-05:00,46.29,46.29,46.23,46.23,8628
2018-01-12 10:45:00-05:00,46.235,46.255,46.22,46.225,10658
2018-01-12 10:50:00-05:00,46.24,46.24,46.19,46.22,12846
2018-01-12 10:55:00-05:00,46.225,46.25,46.175,46.175,7233
2018-01-12 11:00:00-05:00,46.18,46.18,46.14,46.14,7881
2018-01-12 11:05:00-05:00,46.14,46.14,46.08,46.08,6378
2018-01-12 11:10:00-05:00,46.09,46.09,46.04,46.05,7111
2018-01-12 11:15:00-05:00,46.06,46.09,46.06,46.06,10268
2018-01-12 11:20:00-05:00,46.055,46.1,46.05,46.08,6508
2018-01-12 11:25:00-05:00,46.08,46.12,46.08,46.115,5830
2018-01-12 11:30:00-05:00,46.11,46.14,46.08,46.14,8186
2018-01-12 11:35:00-05:00,46.135,46.16,46.13,46.145,5796
2018-01-12 11:40:00-05:00,46.145,46.17,46.14,46.15,5184
2018-01-12 11:45:00-05:00,46.15,46.185,46.12,46.18,8809
2018-01-12 11:50:00-05:00,46.18,46.23,46.18,46.21,6523
2018-01-12 11:55:00-05:00,46.22,46.23,46.21,46.23,4100
2018-01-12 12:00:00-05:00,46.22,46.23,46.21,46.215,5856
2018-01-12 12:05:00-05:00,46.215,46.24,46.21,46.225,7445
2018-01-12 12:10:00-05:00,46.23,46.25,46.22,46.22,16031
2018-01-12 12:15:00-05:00,46.22,46.245,46.2,46.2,5509
2018-01-12 12:20:00-05:00,46.2,46.22,46.2,46.2,6870
2018-01-12 12:25:00-05:00,46.21,46.21,46.17,46.17,7272
2018-01-12 12:30:00-05:00,46.17,46.17,46.15,46.15,5343
2018-01-12 12:35:00-05:00,46.16,46.16,46.12,46.13,6760
2018-01-12 12:40:00-05:00,46.14,46.15,46.09,46.12,10208
2018-01-12 12:45:00-05:00,46.12,46.145,46.1,46.145,6807
2018-01-12 12:50:00-05:00,46.145,46.145,46.1,46.12,7108
2018-01-12 12:55:00-05:00,46.12,46.15,46.12,46.135,4327
2018-01-12 13:00:00-05:00,46.14,46.19,46.14,46.165,5534
2018-01-12 13:05:00-05:00,46.15,46.18,46.15,46.17,4044
2018-01-12 13:10:00-05:00,46.17,46.17,46.125,46.13,5979
2018-01-12 13:15:00-05:00,46.12,46.16,46.11,46.14,6383
2018-01-12 13:20:00-05:00,46.14,46.14,46.125,46.13,2131
2018-01-12 13:25:00-05:00,46.13,46.13,46.08,46.115,4538
2018-01-12 13:30:00-05:00,46.12,46.12,46.1,46.105,3532
2018-01-12 13:35:00-05:00,46.12,46.15,46.12,46.15,2107
2018-01-12 13:40:00-05:00,46.15,46.19,46.15,46.19,4631
2018-01-12 13:45:00-05:00,46.19,46.19,46.17,46.18,4165
2018-01-12 13:50:00-05:00,46.18,46.195,46.17,46.195,8742
2018-01-12 13:55:00-05:00,46.2,46.21,46.17,46.21,4987
2018-01-12 14:00:00-05:00,46.21,46.23,46.19,46.2,5099
2018-01-12 14:05:00-05:00,46.21,46.22,46.17,46.17,6238
2018-01-12 14:10:00-05:00,46.18,46.19,46.17,46.19,4923
2018-01-12 14:15:00-05:00,46.19,46.21,46.18,46.205,4542
2018-01-12 14:20:00-05:00,46.2,46.21,46.195,46.2,4927
2018-01-12 14:25:00-05:00,46.2,46.21,46.19,46.2,6091
2018-01-12 14:30:00-05:00,46.21,46.23,46.2,46.21,5306
2018-01-12 14:35:00-05:00,46.22,46.22,46.16,46.16,5427
2018-01-12 14:40:00-05:00,46.17,46.18,46.16,46.18,3249
2018-01-12 14:45:00-05:00,46.18,46.18,46.16,46.17,6108
2018-01-12 14:50:00-05:00,46.175,46.175,46.15,46.17,3799
2018-01-12 14:55:00-05:00,46.16,46.17,46.14,46.16,7048
2018-01-12 15:00:00-05:00,46.16,46.17,46.135,46.14,3892
2018-01-12 15:05:00-05:00,46.14,46.15,46.125,46.135,2976
2018-01-12 15:10:00-05:00,46.13,46.135,46.1,46.11,5191
2018-01-12 15:15:00-05:00,46.11,46.11,46.1,46.1,4712
2018-01-12 15:20:00-05:00,46.11,46.125,46.1,46.12,9070
2018-01-12 15:25:00-05:00,46.12,46.13,46.11,46.12,8003
2018-01-12 15:30:00-05:00,46.12,46.16,46.12,46.14,7944
2018-01-12 15:35:00-05:00,46.13,46.135,46.11,46.13,11976
2018-01-12 15:40:00-05:00,46.13,46.17,46.12,46.145,18440
2018-01-12 15:45:00-05:00,46.14,46.16,46.14,46.14,27167
2018-01-12 15:50:00-05:00,46.15,46.18,46.12,46.125,34592
2018-01-12 15:55:00-05:00,46.13,46.14,46.035,46.14,101323
2018-01-16 09:30:00-05:00,46.16,46.32,46.14,46.24,8732
2018-01-16 09:35:00-05:00,46.255,46.29,46.2,46.29,8261
2018-01-16 09:40:00-05:00,46.27,46.34,46.22,46.34,9999
2018-01-16 09:45:00-05:00,46.35,46.36,46.31,46.33,7732
2018-01-16 09:50:00-05:00,46.335,46.44,46.335,46.44,4903
2018-01-16 09:55:00-05:00,46.4,46.43,46.395,46.4,4330
2018-01-16 10:00:00-05:00,46.41,46.45,46.37,46.44,6734
2018-01-16 10:05:00-05:00,46.45,46.455,46.4,46.4,6469
2018-01-16 10:10:00-05:00,46.41,46.465,46.39,46.46,7518
2018-01-16 10:15:00-05:00,46.44,46.47,46.43,46.47,4936
2018-01-16 10:20:00-05:00,46.46,46.46,46.43,46.46,8244
2018-01-16 10:25:00-05:00,46.47,46.5,46.46,46.48,7147
2018-01-16 10:30:00-05:00,46.47,46.47,46.41,46.42,6019
2018-01-16 10:35:00-05:00,46.42,46.42,46.31,46.34,12158
2018-01-16 10:40:00-05:00,46.33,46.34,46.33,46.34,3640
2018-01-16 10:45:00-05:00,46.35,46.355,46.34,46.34,3016
2018-01-16 10:50:00-05:00,46.34,46.34,46.33,46.33,1988
2018-01-16 10:55:00-05:00,46.33,46.36,46.33,46.355,9708
2018-01-16 11:00:00-05:00,46.355,46.37,46.345,46.37,6573
2018-01-16 11:05:00-05:00,46.36,46.37,46.33,46.33,10628
2018-01-16 11:10:00-05:00,46.34,46.37,46.335,46.36,5239
2018-01-16 11:15:00-05:00,46.37,46.395,46.36,46.39,6408
2018-01-16 11:20:00-05:00,46.385,46.395,46.37,46.38,2910
2018-01-16 11:25:00-05:00,46.38,46.38,46.325,46.34,9006
2018-01-16 11:30:00-05:00,46.34,46.34,46.285,46.32,5751
2018-01-16 11:35:00-05:00,46.315,46.32,46.29,46.32,4610
2018-01-16 11:40:00-05:00,46.31,46.31,46.26,46.29,12935
2018-01-16 11:45:00-05:00,46.28,46.28,46.24,46.26,4964
2018-01-16 11:50:00-05:00,46.25,46.27,46.24,46.25,4990
2018-01-16 11:55:00-05:00,46.25,46.3,46.25,46.3,4573
2018-01-16 12:00:00-05:00,46.3,46.3,46.265,46.29,5304
2018-01-16 12:05:00-05:00,46.29,46.32,46.29,46.32,3528
2018-01-16 12:10:00-05:00,46.32,46.36,46.32,46.345,2778
2018-01-16 12:15:00-05:00,46.35,46.36,46.33,46.34,4001
2018-01-16 12:20:00-05:00,46.32,46.35,46.3,46.32,7320
2018-01-16 12:25:00-05:00,46.32,46.36,46.31,46.36,4309
2018-01-16 12:30:00-05:00,46.36,46.36,46.33,46.345,5885
2018-01-16 12:35:00-05:00,46.34,46.37,46.34,46.36,3435
2018-01-16 12:40:00-05:00,46.365,46.37,46.33,46.335,5343
2018-01-16 12:45:00-05:00,46.33,46.365,46.3,46.36,7994
2018-01-16 12:50:00-05:00,46.35,46.38,46.35,46.38,4323
2018-01-16 12:55:00-05:00,46.385,46.4,46.37,46.4,7801
2018-01-16 13:00:00-05:00,46.4,46.42,46.385,46.41,5477
2018-01-16 13:05:00-05:00,46.42,46.42,46.41,46.42,4026
2018-01-16 13:10:00-05:00,46.43,46.46,46.43,46.455,4481
2018-01-16 13:15:00-05:00,46.46,46.48,46.46,46.48,6411
2018-01-16 13:20:00-05:00,46.47,46.47,46.44,46.44,3956
2018-01-16 13:25:00-05:00,46.44,46.46,46.425,46.46,8549
2018-01-16 13:30:00-05:00,46.46,46.46,46.45,46.45,22947
2018-01-16 13:35:00-05:00,46.44,46.44,46.385,46.4,6990
2018-01-16 13:40:00-05:00,46.4,46.42,46.4,46.41,5387
2018-01-16 13:45:00-05:00,46.41,46.43,46.41,46.41,6010
2018-01-16 13:50:00-05:00,46.4,46.44,46.4,46.44,7681
2018-01-16 13:55:00-05:00,46.435,46.44,46.41,46.42,7124
2018-01-16 14:00:00-05:00,46.42,46.47,46.41,46.46,6266
2018-01-16 14:05:00-05:00,46.46,46.49,46.46,46.49,7622
2018-01-16 14:10:00-05:00,46.49,46.5,46.48,46.48,7392
2018-01-16 14:15:00-05:00,46.49,46.49,46.46,46.46,5563
2018-01-16 14:20:00-05:00,46.47,46.49,46.46,46.49,5637
2018-01-16 14:25:00-05:00,46.485,46.54,46.485,46.49,11148
2018-01-16 14:30:00-05:00,46.51,46.51,46.49,46.5,4843
2018-01-16 14:35:00-05:00,46.5,46.5,46.43,46.45,5453
2018-01-16 14:40:00-05:00,46.45,46.46,46.41,46.41,5850
2018-01-16 14:45:00-05:00,46.4,46.46,46.395,46.43,9614
2018-01-16 14:50:00-05:00,46.44,46.47,46.44,46.46,6554
2018-01-16 14:55:00-05:00,46.46,46.48,46.45,46.45,4671
2018-01-16 15:00:00-05:00,46.46,46.49,46.455,46.46,12059
2018-01-16 15:05:00-05:00,46.46,46.52,46.46,46.52,12158
2018-01-16 15:10:00-05:00,46.52,46.53,46.505,46.505,5920
2018-01-16 15:15:00-05:00,46.51,46.52,46.475,46.52,7963
2018-01-16 15:20:00-05:00,46.515,46.54,46.515,46.53,5932
2018-01-16 15:25:00-05:00,46.52,46.56,46.51,46.555,13203
2018-01-16 15:30:00-05:00,46.55,46.55,46.51,46.53,5772
2018-01-16 15:35:00-05:00,46.53,46.62,46.53,46.61,23890
2018-01-16 15:40:00-05:00,46.6,46.61,46.575,46.59,11070
2018-01-16 15:45:00-05:00,46.58,46.59,46.55,46.56,18646
2018-01-16 15:50:00-05:00,46.565,46.57,46.52,46.52,15594
2018-01-16 15:55:00-05:00,46.515,46.54,46.5,46.53,52738
2018-01-17 09:30:00-05:00,46.59,46.69,46.56,46.68,6130
2018-01-17 09:35:00-05:00,46.7,46.735,46.59,46.59,7178
2018-01-17 09:40:00-05:00,46.56,46.63,46.555,46.61,5904
2018-01-17 09:45:00-05:00,46.62,46.62,46.57,46.6,8528
2018-01-17 09:50:00-05:00,46.61,46.73,46.6,46.68,12050
2018-01-17 09:55:00-05:00,46.685,46.7,46.62,46.62,8070
2018-01-17 10:00:00-05:00,46.65,46.65,46.595,46.62,7433
2018-01-17 10:05:00-05:00,46.605,46.64,46.595,46.6,8971
2018-01-17 10:10:00-05:00,46.57,46.62,46.57,46.61,5949
2018-01-17 10:15:00-05:00,46.62,46.66,46.62,46.64,6937
2018-01-17 10:20:00-05:00,46.645,46.68,46.645,46.675,5002
2018-01-17 10:25:00-05:00,46.68,46.69,46.66,46.69,10221
2018-01-17 10:30:00-05:00,46.7,46.72,46.69,46.715,5451
2018-01-17 10:35:00-05:00,46.71,46.77,46.71,46.74,10245
2018-01-17 10:40:00-05:00,46.73,46.77,46.73,46.77,5768
2018-01-17 10:45:00-05:00,46.77,46.775,46.705,46.71,7152
2018-01-17 10:50:00-05:00,46.69,46.7,46.68,46.7,14246
2018-01-17 10:55:00-05:00,46.7,46.74,46.69,46.74,5997
2018-01-17 11:00:00-05:00,46.725,46.76,46.7,46.76,9660
2018-01-17 11:05:00-05:00,46.765,46.79,46.76,46.79,5966
2018-01-17 11:10:00-05:00,46.79,46.86,46.79,46.85,8886
2018-01-17 11:15:00-05:00,46.84,46.84,46.81,46.83,5910
2018-01-17 11:20:00-05:00,46.83,46.83,46.8,46.8,4525
2018-01-17 11:25:00-05:00,46.805,46.83,46.8,46.83,8721
2018-01-17 11:30:00-05:00,46.83,46.86,46.82,46.84,11236
2018-01-17 11:35:00-05:00,46.83,46.84,46.81,46.815,9096
2018-01-17 11:40:00-05:00,46.82,46.825,46.79,46.82,5659
2018-01-17 11:45:00-05:00,46.83,46.91,46.825,46.89,16266
2018-01-17 11:50:00-05:00,46.89,46.9,46.89,46.89,3671
2018-01-17 11:55:00-05:00,46.895,46.895,46.86,46.89,12880
2018-01-17 12:00:00-05:00,46.9,46.9,46.875,46.875,5776
2018-01-17 12:05:00-05:00,46.88,46.885,46.8,46.81,7834
2018-01-17 12:10:00-05:00,46.79,46.82,46.78,46.82,4930
2018-01-17 12:15:00-05:00,46.83,46.83,46.8,46.81,2953
2018-01-17 12:20:00-05:00,46.805,46.84,46.805,46.825,7322
2018-01-17 12:25:00-05:00,46.82,46.845,46.815,46.845,6052
2018-01-17 12:30:00-05:00,46.84,46.845,46.83,46.84,5071
2018-01-17 12:35:00-05:00,46.84,46.89,46.84,46.88,6602
2018-01-17 12:40:00-05:00,46.88,46.89,46.875,46.88,5703
2018-01-17 12:45:00-05:00,46.875,46.88,46.86,46.865,4672
2018-01-17 12:50:00-05:00,46.87,46.88,46.865,46.88,6622
2018-01-17 12:55:00-05:00,46.88,46.9,46.87,46.9,5670
2018-01-17 13:00:00-05:00,46.89,46.91,46.88,46.905,10157
2018-01-17 13:05:00-05:00,46.905,46.945,46.905,46.94,5015
2018-01-17 13:10:00-05:00,46.94,46.96,46.91,46.91,8556
2018-01-17 13:15:00-05:00,46.9,46.915,46.9,46.91,6417
2018-01-17 13:20:00-05:00,46.895,46.92,46.895,46.92,5016
2018-01-17 13:25:00-05:00,46.92,46.92,46.89,46.905,7049
2018-01-17 13:30:00-05:00,46.91,46.93,46.91,46.93,4607
2018-01-17 13:35:00-05:00,46.94,46.94,46.925,46.94,5273
2018-01-17 13:40:00-05:00,46.94,46.96,46.94,46.96,6877
2018-01-17 13:45:00-05:00,46.96,46.97,46.95,46.97,4822
2018-01-17 13:50:00-05:00,46.96,46.98,46.955,46.955,9463
2018-01-17 13:55:00-05:00,46.955,46.97,46.95,46.97,5970
2018-01-17 14:00:00-05:00,46.97,46.98,46.96,46.98,8344
2018-01-17 14:05:00-05:00,46.98,46.98,46.97,46.975,6695
2018-01-17 14:10:00-05:00,46.98,46.98,46.96,46.98,11464
2018-01-17 14:15:00-05:00,46.975,47.0,46.97,47.0,14563
2018-01-17 14:20:00-05:00,46.99,47.0,46.98,46.99,13237
2018-01-17 14:25:00-05:00,46.99,46.995,46.97,46.97,10786
2018-01-17 14:30:00-05:00,46.97,46.98,46.945,46.955,13536
2018-01-17 14:35:00-05:00,46.96,46.96,46.92,46.93,7389
2018-01-17 14:40:00-05:00,46.92,46.94,46.92,46.93,4195
2018-01-17 14:45:00-05:00,46.93,46.95,46.92,46.95,9022
2018-01-17 14:50:00-05:00,46.95,46.95,46.93,46.94,9025
2018-01-17 14:55:00-05:00,46.95,46.97,46.95,46.97,12487
2018-01-17 15:00:00-05:00,46.96,46.97,46.96,46.965,5291
2018-01-17 15:05:00-05:00,46.965,46.99,46.965,46.99,15401
2018-01-17 15:10:00-05:00,46.99,47.0,46.985,46.99,16037
2018-01-17 15:15:00-05:00,46.99,47.0,46.965,46.97,12474
2018-01-17 15:20:00-05:00,46.97,46.97,46.94,46.94,8991
2018-01-17 15:25:00-05:00,46.94,46.94,46.87,46.88,9028
2018-01-17 15:30:00-05:00,46.885,46.9,46.845,46.86,15128
2018-01-17 15:35:00-05:00,46.85,46.895,46.85,46.88,13021
2018-01-17 15:40:00-05:00,46.88,46.9,46.87,46.88,13758
2018-01-17 15:45:00-05:00,46.875,46.875,46.83,46.84,14951
2018-01-17 15:50:00-05:00,46.84,46.84,46.81,46.81,18197
2018-01-17 15:55:00-05:00,46.8,46.845,46.79,46.84,57772
2018-01-18 09:30:00-05:00,46.67,46.7,46.61,46.7,8273
2018-01-18 09:35:00-05:00,46.7,46.84,46.68,46.84,12293
2018-01-18 09:40:00-05:00,46.84,46.84,46.74,46.77,7074
2018-01-18 09:45:00-05:00,46.78,46.865,46.78,46.86,10290
2018-01-18 09:50:00-05:00,46.87,46.92,46.87,46.9,8185
2018-01-18 09:55:00-05:00,46.9,46.91,46.865,46.865,4393
2018-01-18 10:00:00-05:00,46.86,46.9,46.86,46.9,4463
2018-01-18 10:05:00-05:00,46.91,46.91,46.86,46.87,8861
2018-01-18 10:10:00-05:00,46.88,46.88,46.83,46.83,5302
2018-01-18 10:15:00-05:00,46.81,46.82,46.78,46.79,5904
2018-01-18 10:20:00-05:00,46.79,46.79,46.71,46.78,8392
2018-01-18 10:25:00-05:00,46.79,46.79,46.745,46.745,6385
2018-01-18 10:30:00-05:00,46.76,46.78,46.75,46.77,4231
2018-01-18 10:35:00-05:00,46.78,46.78,46.75,46.775,6333
2018-01-18 10:40:00-05:00,46.77,46.82,46.76,46.805,4693
2018-01-18 10:45:00-05:00,46.81,46.9,46.81,46.87,6440
2018-01-18 10:50:00-05:00,46.87,46.88,46.86,46.88,4457
2018-01-18 10:55:00-05:00,46.88,46.89,46.87,46.87,1275
2018-01-18 11:00:00-05:00,46.86,46.86,46.85,46.855,4814
2018-01-18 11:05:00-05:00,46.86,46.86,46.81,46.81,3909
2018-01-18 11:10:00-05:00,46.8,46.81,46.8,46.8,3126
2018-01-18 11:15:00-05:00,46.8,46.81,46.77,46.8,7883
2018-01-18 11:20:00-05:00,46.8,46.825,46.77,46.77,5940
2018-01-18 11:25:00-05:00,46.78,46.8,46.745,46.77,5095
2018-01-18 11:30:00-05:00,46.76,46.82,46.76,46.82,4551
2018-01-18 11:35:00-05:00,46.81,46.81,46.77,46.77,1836
2018-01-18 11:40:00-05:00,46.76,46.785,46.75,46.77,44114
2018-01-18 11:45:00-05:00,46.76,46.77,46.75,46.755,5045
2018-01-18 11:50:00-05:00,46.75,46.78,46.75,46.78,3638
2018-01-18 11:55:00-05:00,46.78,46.8,46.76,46.8,2987
2018-01-18 12:00:00-05:00,46.805,46.81,46.78,46.8,5048
2018-01-18 12:05:00-05:00,46.81,46.82,46.8,46.805,2730
2018-01-18 12:10:00-05:00,46.81,46.81,46.79,46.81,3037
2018-01-18 12:15:00-05:00,46.8,46.81,46.78,46.78,2767
2018-01-18 12:20:00-05:00,46.78,46.8,46.775,46.79,3385
2018-01-18 12:25:00-05:00,46.79,46.79,46.78,46.79,3008
2018-01-18 12:30:00-05:00,46.785,46.79,46.77,46.79,3529
2018-01-18 12:35:00-05:00,46.79,46.8,46.77,46.78,3233
2018-01-18 12:40:00-05:00,46.79,46.8,46.78,46.8,79152
2018-01-18 12:45:00-05:00,46.8,46.84,46.8,46.84,5375
2018-01-18 12:50:00-05:00,46.84,46.845,46.83,46.83,4898
2018-01-18 12:55:00-05:00,46.83,46.83,46.81,46.81,3753
2018-01-18 13:00:00-05:00,46.81,46.83,46.79,46.82,9879
2018-01-18 13:05:00-05:00,46.82,46.85,46.82,46.84,4826
2018-01-18 13:10:00-05:00,46.84,46.84,46.83,46.83,2023
2018-01-18 13:15:00-05:00,46.82,46.83,46.81,46.81,2217
2018-01-18 13:20:00-05:00,46.81,46.81,46.79,46.79,2131
2018-01-18 13:25:00-05:00,46.79,46.8,46.78,46.8,3460
2018-01-18 13:30:00-05:00,46.8,46.81,46.79,46.81,4214
2018-01-18 13:35:00-05:00,46.81,46.83,46.81,46.825,2770
2018-01-18 13:40:00-05:00,46.825,46.83,46.82,46.83,6730
2018-01-18 13:45:00-05:00,46.83,46.845,46.83,46.835,3248
2018-01-18 13:50:00-05:00,46.84,46.85,46.83,46.84,4444
2018-01-18 13:55:00-05:00,46.845,46.93,46.845,46.91,9646
2018-01-18 14:00:00-05:00,46.91,46.94,46.91,46.93,4261
2018-01-18 14:05:00-05:00,46.93,46.94,46.91,46.94,4823
2018-01-18 14:10:00-05:00,46.94,46.96,46.94,46.96,3795
2018-01-18 14:15:00-05:00,46.95,46.98,46.95,46.965,3856
2018-01-18 14:20:00-05:00,46.965,46.97,46.965,46.97,741
2018-01-18 14:25:00-05:00,46.96,46.98,46.96,46.97,5380
2018-01-18 14:30:00-05:00,46.96,47.03,46.96,47.025,10249
2018-01-18 14:35:00-05:00,47.02,47.05,47.01,47.015,3317
2018-01-18 14:40:00-05:00,47.02,47.02,46.995,46.995,4496
2018-01-18 14:45:00-05:00,47.0,47.01,47.0,47.01,3397
2018-01-18 14:50:00-05:00,47.01,47.04,46.99,47.04,6334
2018-01-18 14:55:00-05:00,47.03,47.04,47.02,47.03,4868
2018-01-18 15:00:00-05:00,47.025,47.05,47.02,47.04,2189
2018-01-18 15:05:00-05:00,47.035,47.06,47.03,47.06,5590
2018-01-18 15:10:00-05:00,47.06,47.07,47.05,47.065,3942
2018-01-18 15:15:00-05:00,47.07,47.07,47.05,47.05,7071
2018-01-18 15:20:00-05:00,47.05,47.05,47.015,47.015,5062
2018-01-18 15:25:00-05:00,47.01,47.01,46.93,46.93,12169
2018-01-18 15:30:00-05:00,46.93,46.93,46.88,46.91,11594
2018-01-18 15:35:00-05:00,46.91,46.92,46.885,46.9,13576
2018-01-18 15:40:00-05:00,46.91,46.93,46.91,46.91,9800
2018-01-18 15:45:00-05:00,46.91,46.95,46.905,46.93,15972
2018-01-18 15:50:00-05:00,46.93,46.96,46.87,46.87,23757
2018-01-18 15:55:00-05:00,46.87,46.91,46.85,46.88,94151
2018-01-19 09:30:00-05:00,46.87,47.01,46.87,47.01,6977
2018-01-19 09:35:00-05:00,47.02,47.06,46.94,47.02,6148
2018-01-19 09:40:00-05:00,47.02,47.11,47.02,47.025,5961
2018-01-19 09:45:00-05:00,47.075,47.12,47.07,47.085,9637
2018-01-19 09:50:00-05:00,47.07,47.12,47.07,47.11,14336
2018-01-19 09:55:00-05:00,47.11,47.11,47.055,47.06,7528
2018-01-19 10:00:00-05:00,47.065,47.08,47.04,47.04,10279
2018-01-19 10:05:00-05:00,47.04,47.05,46.995,47.025,8776
2018-01-19 10:10:00-05:00,47.025,47.045,47.02,47.04,4547
2018-01-19 10:15:00-05:00,47.04,47.07,47.02,47.065,9733
2018-01-19 10:20:00-05:00,47.06,47.11,47.06,47.08,10807
2018-01-19 10:25:00-05:00,47.075,47.125,47.07,47.07,17152
2018-01-19 10:30:00-05:00,47.07,47.075,47.045,47.065,3933
2018-01-19 10:35:00-05:00,47.07,47.1,47.06,47.1,11754
2018-01-19 10:40:00-05:00,47.09,47.115,47.07,47.08,13608
2018-01-19 10:45:00-05:00,47.08,47.1,47.065,47.08,8081
2018-01-19 10:50:00-05:00,47.08,47.08,47.0,47.015,8527
2018-01-19 10:55:00-05:00,47.02,47.04,47.02,47.04,6519
2018-01-19 11:00:00-05:00,47.035,47.04,46.99,46.99,11942
2018-01-19 11:05:00-05:00,46.985,46.99,46.95,46.95,7060
2018-01-19 11:10:00-05:00,46.95,46.985,46.95,46.96,5066
2018-01-19 11:15:00-05:00,46.965,46.975,46.96,46.97,6650
2018-01-19 11:20:00-05:00,46.97,46.97,46.955,46.955,1318
2018-01-19 11:25:00-05:00,46.955,46.99,46.95,46.99,11576
2018-01-19 11:30:00-05:00,46.99,46.99,46.98,46.985,7206
2018-01-19 11:35:00-05:00,46.99,46.99,46.98,46.99,3687
2018-01-19 11:40:00-05:00,47.0,47.02,46.99,47.01,12439
2018-01-19 11:45:00-05:00,47.02,47.02,47.01,47.01,1677
2018-01-19 11:50:00-05:00,47.01,47.04,47.01,47.03,5848
2018-01-19 11:55:00-05:00,47.04,47.055,47.04,47.05,83186
2018-01-19 12:00:00-05:00,47.06,47.06,47.05,47.05,946
2018-01-19 12:05:00-05:00,47.05,47.07,47.05,47.07,6175
2018-01-19 12:10:00-05:00,47.07,47.07,47.05,47.05,7076
2018-01-19 12:15:00-05:00,47.05,47.06,47.03,47.05,6092
2018-01-19 12:20:00-05:00,47.05,47.06,47.05,47.06,2406
2018-01-19 12:25:00-05:00,47.05,47.06,47.04,47.06,4354
2018-01-19 12:30:00-05:00,47.06,47.06,47.06,47.06,775
2018-01-19 12:35:00-05:00,47.06,47.07,47.05,47.05,4427
2018-01-19 12:40:00-05:00,47.06,47.085,47.06,47.08,4006
2018-01-19 12:45:00-05:00,47.09,47.1,47.08,47.09,2672
2018-01-19 12:50:00-05:00,47.089,47.09,47.08,47.085,1997
2018-01-19 12:55:00-05:00,47.085,47.1,47.08,47.09,3574
2018-01-19 13:00:00-05:00,47.1,47.105,47.09,47.1,5910
2018-01-19 13:05:00-05:00,47.1,47.1,47.075,47.1,28395
2018-01-19 13:10:00-05:00,47.1,47.105,47.09,47.105,6076
2018-01-19 13:15:00-05:00,47.105,47.11,47.08,47.1,4278
2018-01-19 13:20:00-05:00,47.095,47.1,47.09,47.095,2006
2018-01-19 13:25:00-05:00,47.095,47.105,47.085,47.1,9004
2018-01-19 13:30:00-05:00,47.1,47.105,47.08,47.08,4594
2018-01-19 13:35:00-05:00,47.08,47.1,47.08,47.09,19701
2018-01-19 13:40:00-05:00,47.09,47.095,47.07,47.09,8978
2018-01-19 13:45:00-05:00,47.095,47.11,47.09,47.095,10729
2018-01-19 13:50:00-05:00,47.1,47.12,47.095,47.12,6176
2018-01-19 13:55:00-05:00,47.12,47.13,47.11,47.125,6065
2018-01-19 14:00:00-05:00,47.125,47.14,47.12,47.135,9234
2018-01-19 14:05:00-05:00,47.135,47.145,47.1,47.14,5569
2018-01-19 14:10:00-05:00,47.14,47.18,47.14,47.175,5614
2018-01-19 14:15:00-05:00,47.18,47.2,47.16,47.195,5540
2018-01-19 14:20:00-05:00,47.195,47.23,47.195,47.215,5829
2018-01-19 14:25:00-05:00,47.215,47.23,47.21,47.21,6814
2018-01-19 14:30:00-05:00,47.21,47.24,47.2,47.235,8059
2018-01-19 14:35:00-05:00,47.24,47.24,47.21,47.21,9769
2018-01-19 14:40:00-05:00,47.22,47.22,47.18,47.18,4064
2018-01-19 14:45:00-05:00,47.18,47.215,47.18,47.215,25046
2018-01-19 14:50:00-05:00,47.22,47.22,47.205,47.22,14436
2018-01-19 14:55:00-05:00,47.21,47.21,47.19,47.195,15612
2018-01-19 15:00:00-05:00,47.19,47.195,47.14,47.16,8479
2018-01-19 15:05:00-05:00,47.155,47.16,47.12,47.12,7969
2018-01-19 15:10:00-05:00,47.115,47.14,47.1,47.1,8072
2018-01-19 15:15:00-05:00,47.1,47.12,47.09,47.105,9951
2018-01-19 15:20:00-05:00,47.11,47.15,47.095,47.15,8165
2018-01-19 15:25:00-05:00,47.145,47.2,47.145,47.2,10379
2018-01-19 15:30:00-05:00,47.21,47.24,47.21,47.24,7483
2018-01-19 15:35:00-05:00,47.24,47.24,47.22,47.24,10422
2018-01-19 15:40:00-05:00,47.235,47.25,47.195,47.22,21720
2018-01-19 15:45:00-05:00,47.23,47.23,47.18,47.19,16742
2018-01-19 15:50:00-05:00,47.2,47.2,47.17,47.175,33629
2018-01-19 15:55:00-05:00,47.17,47.21,47.155,47.16,133561
2018-01-22 09:30:00-05:00,47.14,47.3,47.11,47.26,13142
2018-01-22 09:35:00-05:00,47.28,47.38,47.28,47.38,7147
2018-01-22 09:40:00-05:00,47.405,47.45,47.39,47.41,7881
2018-01-22 09:45:00-05:00,47.43,47.5,47.43,47.49,8976
2018-01-22 09:50:00-05:00,47.49,47.495,47.445,47.45,10403
2018-01-22 09:55:00-05:00,47.45,47.45,47.38,47.38,13363
2018-01-22 10:00:00-05:00,47.38,47.38,47.33,47.35,9113
2018-01-22 10:05:00-05:00,47.35,47.37,47.32,47.37,7663
2018-01-22 10:10:00-05:00,47.365,47.37,47.31,47.32,8874
2018-01-22 10:15:00-05:00,47.32,47.38,47.32,47.38,6989
2018-01-22 10:20:00-05:00,47.38,47.43,47.38,47.43,4409
2018-01-22 10:25:00-05:00,47.425,47.44,47.42,47.42,3197
2018-01-22 10:30:00-05:00,47.43,47.43,47.41,47.42,6400
2018-01-22 10:35:00-05:00,47.42,47.42,47.38,47.39,7530
2018-01-22 10:40:00-05:00,47.4,47.42,47.38,47.39,8214
2018-01-22 10:45:00-05:00,47.4,47.42,47.4,47.4,9388
2018-01-22 10:50:00-05:00,47.4,47.4,47.37,47.37,5301
2018-01-22 10:55:00-05:00,47.38,47.38,47.32,47.32,2983
2018-01-22 11:00:00-05:00,47.33,47.33,47.3,47.315,2895
2018-01-22 11:05:00-05:00,47.32,47.33,47.32,47.32,1282
2018-01-22 11:10:00-05:00,47.32,47.365,47.32,47.355,1474
2018-01-22 11:15:00-05:00,47.355,47.365,47.33,47.35,3576
2018-01-22 11:20:00-05:00,47.345,47.35,47.33,47.345,2166
2018-01-22 11:25:00-05:00,47.35,47.35,47.29,47.29,2869
2018-01-22 11:30:00-05:00,47.305,47.315,47.3,47.31,2062
2018-01-22 11:35:00-05:00,47.31,47.34,47.31,47.34,2873
2018-01-22 11:40:00-05:00,47.35,47.35,47.285,47.29,4095
2018-01-22 11:45:00-05:00,47.29,47.29,47.24,47.25,3153
2018-01-22 11:50:00-05:00,47.25,47.26,47.23,47.24,162947
2018-01-22 11:55:00-05:00,47.24,47.25,47.24,47.24,2664
2018-01-22 12:00:00-05:00,47.24,47.245,47.22,47.23,2342
2018-01-22 12:05:00-05:00,47.23,47.245,47.22,47.245,4929
2018-01-22 12:10:00-05:00,47.24,47.25,47.24,47.24,1854
2018-01-22 12:15:00-05:00,47.24,47.25,47.23,47.23,6066
2018-01-22 12:20:00-05:00,47.24,47.25,47.24,47.25,2929
2018-01-22 12:25:00-05:00,47.25,47.265,47.22,47.265,4395
2018-01-22 12:30:00-05:00,47.26,47.26,47.26,47.26,715
2018-01-22 12:35:00-05:00,47.26,47.265,47.26,47.265,2029
2018-01-22 12:40:00-05:00,47.26,47.27,47.26,47.26,4025
2018-01-22 12:45:00-05:00,47.27,47.27,47.245,47.25,4875
2018-01-22 12:50:00-05:00,47.255,47.26,47.25,47.25,2339
2018-01-22 12:55:00-05:00,47.26,47.26,47.25,47.25,1084
2018-01-22 13:00:00-05:00,47.26,47.28,47.26,47.26,5072
2018-01-22 13:05:00-05:00,47.27,47.3,47.27,47.3,1471
2018-01-22 13:10:00-05:00,47.31,47.34,47.31,47.34,903
2018-01-22 13:15:00-05:00,47.35,47.355,47.33,47.35,3251
2018-01-22 13:20:00-05:00,47.36,47.36,47.33,47.33,9155
2018-01-22 13:25:00-05:00,47.32,47.33,47.32,47.33,1166
2018-01-22 13:30:00-05:00,47.33,47.33,47.315,47.33,3874
2018-01-22 13:35:00-05:00,47.34,47.35,47.32,47.34,4871
2018-01-22 13:40:00-05:00,47.34,47.35,47.335,47.35,3995
2018-01-22 13:45:00-05:00,47.35,47.35,47.34,47.34,4594
2018-01-22 13:50:00-05:00,47.34,47.35,47.34,47.345,3276
2018-01-22 13:55:00-05:00,47.34,47.35,47.34,47.34,6963
2018-01-22 14:00:00-05:00,47.35,47.36,47.325,47.325,4335
2018-01-22 14:05:00-05:00,47.32,47.335,47.3,47.3,5487
2018-01-22 14:10:00-05:00,47.31,47.33,47.31,47.33,3637
2018-01-22 14:15:00-05:00,47.325,47.35,47.325,47.35,4391
2018-01-22 14:20:00-05:00,47.35,47.35,47.3,47.3,8895
2018-01-22 14:25:00-05:00,47.3,47.32,47.3,47.31,1831
2018-01-22 14:30:00-05:00,47.315,47.315,47.29,47.3,4212
2018-01-22 14:35:00-05:00,47.29,47.3,47.28,47.29,4123
2018-01-22 14:40:00-05:00,47.29,47.29,47.27,47.27,4937
2018-01-22 14:45:00-05:00,47.27,47.31,47.27,47.29,3621
2018-01-22 14:50:00-05:00,47.295,47.3,47.29,47.3,3239
2018-01-22 14:55:00-05:00,47.3,47.3,47.29,47.295,5290
2018-01-22 15:00:00-05:00,47.29,47.29,47.27,47.29,2854
2018-01-22 15:05:00-05:00,47.29,47.31,47.285,47.29,5142
2018-01-22 15:10:00-05:00,47.29,47.3,47.29,47.3,5015
2018-01-22 15:15:00-05:00,47.29,47.3,47.29,47.29,5751
2018-01-22 15:20:00-05:00,47.3,47.3,47.28,47.3,7750
2018-01-22 15:25:00-05:00,47.29,47.32,47.29,47.3,7694
2018-01-22 15:30:00-05:00,47.29,47.3,47.28,47.3,15242
2018-01-22 15:35:00-05:00,47.29,47.31,47.29,47.31,8962
2018-01-22 15:40:00-05:00,47.31,47.31,47.27,47.3,18673
2018-01-22 15:45:00-05:00,47.31,47.33,47.3,47.3,22641
2018-01-22 15:50:00-05:00,47.31,47.33,47.295,47.31,28818
2018-01-22 15:55:00-05:00,47.32,47.38,47.31,47.38,76434
2018-01-23 09:30:00-05:00,47.21,47.22,47.13,47.19,3984
2018-01-23 09:35:00-05:00,47.17,47.275,47.17,47.27,8453
2018-01-23 09:40:00-05:00,47.27,47.33,47.265,47.33,3575
2018-01-23 09:45:00-05:00,47.34,47.41,47.335,47.41,3488
2018-01-23 09:50:00-05:00,47.415,47.53,47.415,47.52,6161
2018-01-23 09:55:00-05:00,47.52,47.65,47.5,47.63,9742
2018-01-23 10:00:00-05:00,47.62,47.65,47.59,47.59,2813
2018-01-23 10:05:00-05:00,47.58,47.61,47.58,47.61,17739
2018-01-23 10:10:00-05:00,47.62,47.64,47.61,47.62,2308
2018-01-23 10:15:00-05:00,47.6,47.63,47.58,47.63,5554
2018-01-23 10:20:00-05:00,47.62,47.69,47.605,47.685,9507
2018-01-23 10:25:00-05:00,47.68,47.69,47.63,47.66,12152
2018-01-23 10:30:00-05:00,47.65,47.675,47.62,47.64,7259
2018-01-23 10:35:00-05:00,47.65,47.66,47.635,47.64,3479
2018-01-23 10:40:00-05:00,47.63,47.63,47.59,47.62,5407
2018-01-23 10:45:00-05:00,47.62,47.625,47.58,47.59,6719
2018-01-23 10:50:00-05:00,47.59,47.6,47.58,47.58,5542
2018-01-23 10:55:00-05:00,47.58,47.6,47.56,47.595,4462
2018-01-23 11:00:00-05:00,47.595,47.595,47.555,47.56,6872
2018-01-23 11:05:00-05:00,47.57,47.58,47.54,47.55,5209
2018-01-23 11:10:00-05:00,47.54,47.55,47.52,47.53,2712
2018-01-23 11:15:00-05:00,47.54,47.57,47.535,47.56,6425
2018-01-23 11:20:00-05:00,47.555,47.555,47.51,47.535,2796
2018-01-23 11:25:00-05:00,47.54,47.54,47.525,47.53,2852
2018-01-23 11:30:00-05:00,47.53,47.53,47.49,47.49,4494
2018-01-23 11:35:00-05:00,47.49,47.49,47.455,47.455,3912
2018-01-23 11:40:00-05:00,47.45,47.47,47.435,47.44,7497
2018-01-23 11:45:00-05:00,47.45,47.465,47.44,47.44,12909
2018-01-23 11:50:00-05:00,47.44,47.46,47.42,47.46,4714
2018-01-23 11:55:00-05:00,47.46,47.47,47.46,47.46,6387
2018-01-23 12:00:00-05:00,47.46,47.46,47.41,47.44,7876
2018-01-23 12:05:00-05:00,47.43,47.445,47.425,47.425,2615
2018-01-23 12:10:00-05:00,47.425,47.44,47.42,47.435,2230
2018-01-23 12:15:00-05:00,47.435,47.45,47.43,47.45,4149
2018-01-23 12:20:00-05:00,47.45,47.485,47.45,47.47,3708
2018-01-23 12:25:00-05:00,47.475,47.515,47.47,47.51,6041
2018-01-23 12:30:00-05:00,47.51,47.515,47.5,47.51,3543
2018-01-23 12:35:00-05:00,47.52,47.52,47.5,47.505,3034
2018-01-23 12:40:00-05:00,47.51,47.55,47.51,47.54,3955
2018-01-23 12:45:00-05:00,47.54,47.57,47.54,47.57,2699
2018-01-23 12:50:00-05:00,47.57,47.59,47.56,47.57,4272
2018-01-23 12:55:00-05:00,47.575,47.59,47.57,47.59,2510
2018-01-23 13:00:00-05:00,47.58,47.6,47.57,47.6,6289
2018-01-23 13:05:00-05:00,47.61,47.61,47.56,47.57,10610
2018-01-23 13:10:00-05:00,47.56,47.57,47.55,47.555,13688
2018-01-23 13:15:00-05:00,47.555,47.555,47.53,47.53,3837
2018-01-23 13:20:00-05:00,47.53,47.53,47.47,47.49,4125
2018-01-23 13:25:00-05:00,47.5,47.51,47.49,47.49,4188
2018-01-23 13:30:00-05:00,47.5,47.5,47.48,47.48,2914
2018-01-23 13:35:00-05:00,47.49,47.49,47.48,47.48,1295
2018-01-23 13:40:00-05:00,47.48,47.51,47.47,47.47,4928
2018-01-23 13:45:00-05:00,47.47,47.53,47.455,47.53,7902
2018-01-23 13:50:00-05:00,47.54,47.575,47.54,47.575,6517
2018-01-23 13:55:00-05:00,47.58,47.59,47.56,47.57,5230
2018-01-23 14:00:00-05:00,47.57,47.57,47.51,47.53,6608
2018-01-23 14:05:00-05:00,47.54,47.54,47.52,47.52,5937
2018-01-23 14:10:00-05:00,47.525,47.54,47.51,47.52,3427
2018-01-23 14:15:00-05:00,47.53,47.54,47.49,47.51,6587
2018-01-23 14:20:00-05:00,47.5,47.5,47.49,47.49,2763
2018-01-23 14:25:00-05:00,47.495,47.51,47.49,47.5,4562
2018-01-23 14:30:00-05:00,47.5,47.5,47.49,47.49,2959
2018-01-23 14:35:00-05:00,47.5,47.52,47.5,47.52,4238
2018-01-23 14:40:00-05:00,47.51,47.52,47.51,47.51,5913
2018-01-23 14:45:00-05:00,47.51,47.52,47.49,47.515,5589
2018-01-23 14:50:00-05:00,47.515,47.52,47.49,47.49,5023
2018-01-23 14:55:00-05:00,47.49,47.51,47.48,47.5,5920
2018-01-23 15:00:00-05:00,47.505,47.51,47.49,47.49,4288
2018-01-23 15:05:00-05:00,47.5,47.5,47.48,47.48,2641
2018-01-23 15:10:00-05:00,47.485,47.495,47.455,47.46,4279
2018-01-23 15:15:00-05:00,47.47,47.49,47.465,47.48,3369
2018-01-23 15:20:00-05:00,47.48,47.48,47.47,47.48,3016
2018-01-23 15:25:00-05:00,47.485,47.495,47.47,47.47,4659
2018-01-23 15:30:00-05:00,47.49,47.5,47.48,47.495,4698
2018-01-23 15:35:00-05:00,47.495,47.51,47.48,47.48,11492
2018-01-23 15:40:00-05:00,47.48,47.49,47.46,47.49,7763
2018-01-23 15:45:00-05:00,47.49,47.53,47.48,47.515,12555
2018-01-23 15:50:00-05:00,47.525,47.525,47.48,47.49,15323
2018-01-23 15:55:00-05:00,47.49,47.54,47.42,47.46,59773
2018-01-24 09:30:00-05:00,47.51,47.59,47.48,47.58,14585
2018-01-24 09:35:00-05:00,47.585,47.66,47.58,47.65,18332
2018-01-24 09:40:00-05:00,47.65,47.67,47.585,47.6,5554
2018-01-24 09:45:00-05:00,47.61,47.64,47.57,47.63,8156
2018-01-24 09:50:00-05:00,47.63,47.69,47.61,47.665,9432
2018-01-24 09:55:00-05:00,47.665,47.67,47.61,47.62,12170
2018-01-24 10:00:00-05:00,47.62,47.64,47.605,47.64,11738
2018-01-24 10:05:00-05:00,47.63,47.655,47.6,47.65,19449
2018-01-24 10:10:00-05:00,47.66,47.685,47.63,47.65,9684
2018-01-24 10:15:00-05:00,47.645,47.65,47.605,47.625,6177
2018-01-24 10:20:00-05:00,47.635,47.64,47.575,47.575,23444
2018-01-24 10:25:00-05:00,47.59,47.6,47.58,47.58,2829
2018-01-24 10:30:00-05:00,47.59,47.64,47.58,47.635,8346
2018-01-24 10:35:00-05:00,47.62,47.66,47.62,47.66,12850
2018-01-24 10:40:00-05:00,47.67,47.68,47.65,47.665,5136
2018-01-24 10:45:00-05:00,47.66,47.73,47.66,47.72,7810
2018-01-24 10:50:00-05:00,47.715,47.72,47.7,47.72,5177
2018-01-24 10:55:00-05:00,47.72,47.74,47.715,47.73,5308
2018-01-24 11:00:00-05:00,47.73,47.75,47.73,47.75,6124
2018-01-24 11:05:00-05:00,47.76,47.775,47.745,47.755,6360
2018-01-24 11:10:00-05:00,47.755,47.77,47.71,47.735,9922
2018-01-24 11:15:00-05:00,47.73,47.73,47.685,47.7,11981
2018-01-24 11:20:00-05:00,47.71,47.76,47.695,47.75,10195
2018-01-24 11:25:00-05:00,47.75,47.755,47.71,47.72,23627
2018-01-24 11:30:00-05:00,47.73,47.76,47.71,47.755,14790
2018-01-24 11:35:00-05:00,47.75,47.75,47.685,47.7,12174
2018-01-24 11:40:00-05:00,47.685,47.7,47.65,47.655,5878
2018-01-24 11:45:00-05:00,47.66,47.705,47.66,47.68,7050
2018-01-24 11:50:00-05:00,47.69,47.7,47.685,47.69,13060
2018-01-24 11:55:00-05:00,47.69,47.69,47.66,47.68,5895
2018-01-24 12:00:00-05:00,47.67,47.67,47.61,47.63,9176
2018-01-24 12:05:00-05:00,47.63,47.66,47.63,47.66,2700
2018-01-24 12:10:00-05:00,47.655,47.68,47.655,47.66,6230
2018-01-24 12:15:00-05:00,47.67,47.67,47.635,47.67,3359
2018-01-24 12:20:00-05:00,47.67,47.69,47.65,47.65,3960
2018-01-24 12:25:00-05:00,47.65,47.675,47.65,47.67,6194
2018-01-24 12:30:00-05:00,47.69,47.71,47.685,47.705,3215
2018-01-24 12:35:00-05:00,47.7,47.725,47.69,47.7,4629
2018-01-24 12:40:00-05:00,47.7,47.755,47.7,47.75,2707
2018-01-24 12:45:00-05:00,47.75,47.76,47.73,47.76,2604
2018-01-24 12:50:00-05:00,47.76,47.78,47.75,47.76,4382
2018-01-24 12:55:00-05:00,47.755,47.77,47.74,47.74,4151
2018-01-24 13:00:00-05:00,47.745,47.75,47.735,47.74,5162
2018-01-24 13:05:00-05:00,47.735,47.735,47.69,47.72,9251
2018-01-24 13:10:00-05:00,47.72,47.72,47.68,47.7,4757
2018-01-24 13:15:00-05:00,47.69,47.7,47.67,47.695,6523
2018-01-24 13:20:00-05:00,47.7,47.72,47.695,47.71,1601
2018-01-24 13:25:00-05:00,47.72,47.74,47.71,47.73,3522
2018-01-24 13:30:00-05:00,47.73,47.75,47.72,47.74,5963
2018-01-24 13:35:00-05:00,47.76,47.76,47.71,47.73,9829
2018-01-24 13:40:00-05:00,47.73,47.74,47.73,47.73,9546
2018-01-24 13:45:00-05:00,47.73,47.745,47.73,47.73,4865
2018-01-24 13:50:00-05:00,47.73,47.77,47.73,47.77,3199
2018-01-24 13:55:00-05:00,47.77,47.78,47.745,47.755,6509
2018-01-24 14:00:00-05:00,47.77,47.78,47.75,47.75,7334
2018-01-24 14:05:00-05:00,47.76,47.78,47.76,47.78,3905
2018-01-24 14:10:00-05:00,47.775,47.78,47.77,47.77,2199
2018-01-24 14:15:00-05:00,47.77,47.815,47.76,47.8,9184
2018-01-24 14:20:00-05:00,47.8,47.8,47.765,47.78,6354
2018-01-24 14:25:00-05:00,47.77,47.81,47.77,47.81,11388
2018-01-24 14:30:00-05:00,47.8,47.81,47.765,47.79,10497
2018-01-24 14:35:00-05:00,47.78,47.82,47.78,47.805,5669
2018-01-24 14:40:00-05:00,47.81,47.84,47.8,47.84,6366
2018-01-24 14:45:00-05:00,47.845,47.89,47.84,47.88,11764
2018-01-24 14:50:00-05:00,47.88,47.93,47.88,47.93,6122
2018-01-24 14:55:00-05:00,47.925,47.94,47.89,47.905,12607
2018-01-24 15:00:00-05:00,47.89,47.89,47.86,47.88,14460
2018-01-24 15:05:00-05:00,47.88,47.9,47.87,47.89,10181
2018-01-24 15:10:00-05:00,47.89,47.915,47.885,47.895,9755
2018-01-24 15:15:00-05:00,47.9,47.92,47.89,47.89,18625
2018-01-24 15:20:00-05:00,47.885,47.895,47.885,47.89,6408
2018-01-24 15:25:00-05:00,47.9,47.91,47.885,47.91,16180
2018-01-24 15:30:00-05:00,47.91,47.91,47.89,47.9,27288
2018-01-24 15:35:00-05:00,47.905,47.92,47.9,47.91,26054
2018-01-24 15:40:00-05:00,47.91,47.92,47.905,47.92,21508
2018-01-24 15:45:00-05:00,47.91,47.95,47.905,47.93,34720
2018-01-24 15:50:00-05:00,47.92,47.93,47.895,47.91,39124
2018-01-24 15:55:00-05:00,47.9,47.95,47.81,47.83,127721
2018-01-25 09:30:00-05:00,47.84,47.88,47.76,47.88,9793
2018-01-25 09:35:00-05:00,47.875,47.95,47.83,47.84,10498
2018-01-25 09:40:00-05:00,47.85,47.855,47.78,47.82,8128
2018-01-25 09:45:00-05:00,47.81,47.84,47.8,47.84,6198
2018-01-25 09:50:00-05:00,47.83,47.89,47.83,47.87,9984
2018-01-25 09:55:00-05:00,47.875,47.875,47.785,47.805,11141
2018-01-25 10:00:00-05:00,47.805,47.9,47.795,47.9,8475
2018-01-25 10:05:00-05:00,47.9,47.95,47.89,47.9,4719
2018-01-25 10:10:00-05:00,47.85,47.89,47.85,47.87,5898
2018-01-25 10:15:00-05:00,47.89,47.9,47.88,47.89,3609
2018-01-25 10:20:00-05:00,47.89,47.94,47.88,47.94,11229
2018-01-25 10:25:00-05:00,47.93,47.93,47.885,47.91,8164
2018-01-25 10:30:00-05:00,47.915,47.915,47.89,47.91,13368
2018-01-25 10:35:00-05:00,47.93,47.94,47.915,47.93,35509
2018-01-25 10:40:00-05:00,47.92,47.93,47.9,47.91,10360
2018-01-25 10:45:00-05:00,47.91,47.93,47.91,47.92,6342
2018-01-25 10:50:00-05:00,47.92,47.97,47.91,47.96,4894
2018-01-25 10:55:00-05:00,47.97,47.975,47.95,47.96,33127
2018-01-25 11:00:00-05:00,47.95,47.96,47.94,47.94,4353
2018-01-25 11:05:00-05:00,47.93,47.96,47.92,47.95,11125
2018-01-25 11:10:00-05:00,47.96,48.0,47.96,47.97,10704
2018-01-25 11:15:00-05:00,47.98,48.0,47.97,47.975,7402
2018-01-25 11:20:00-05:00,47.97,47.97,47.91,47.915,10010
2018-01-25 11:25:00-05:00,47.915,47.95,47.915,47.94,4251
2018-01-25 11:30:00-05:00,47.94,47.94,47.91,47.915,3720
2018-01-25 11:35:00-05:00,47.92,47.96,47.92,47.955,5602
2018-01-25 11:40:00-05:00,47.95,47.96,47.915,47.95,47794
2018-01-25 11:45:00-05:00,47.95,47.95,47.83,47.86,6968
2018-01-25 11:50:00-05:00,47.84,47.88,47.775,47.79,6759
2018-01-25 11:55:00-05:00,47.78,47.83,47.75,47.76,8810
2018-01-25 12:00:00-05:00,47.76,47.785,47.72,47.78,11939
2018-01-25 12:05:00-05:00,47.78,47.87,47.78,47.86,12247
2018-01-25 12:10:00-05:00,47.86,47.89,47.86,47.86,7079
2018-01-25 12:15:00-05:00,47.86,47.895,47.85,47.895,7885
2018-01-25 12:20:00-05:00,47.87,47.87,47.84,47.85,5900
2018-01-25 12:25:00-05:00,47.84,47.88,47.84,47.88,3859
2018-01-25 12:30:00-05:00,47.875,47.89,47.83,47.84,6233
2018-01-25 12:35:00-05:00,47.83,47.84,47.82,47.84,4324
2018-01-25 12:40:00-05:00,47.84,47.84,47.82,47.83,2430
2018-01-25 12:45:00-05:00,47.82,47.86,47.82,47.86,1895
2018-01-25 12:50:00-05:00,47.86,47.87,47.85,47.87,3714
2018-01-25 12:55:00-05:00,47.87,47.89,47.855,47.89,2766
2018-01-25 13:00:00-05:00,47.88,47.89,47.85,47.85,3222
2018-01-25 13:05:00-05:00,47.85,47.88,47.85,47.875,4272
2018-01-25 13:10:00-05:00,47.87,47.91,47.87,47.91,9482
2018-01-25 13:15:00-05:00,47.9,47.91,47.895,47.9,4663
2018-01-25 13:20:00-05:00,47.9,47.9,47.88,47.89,6960
2018-01-25 13:25:00-05:00,47.885,47.89,47.87,47.89,3444
2018-01-25 13:30:00-05:00,47.88,47.885,47.865,47.88,4888
2018-01-25 13:35:00-05:00,47.88,47.895,47.88,47.89,5408
2018-01-25 13:40:00-05:00,47.89,47.9,47.88,47.9,2496
2018-01-25 13:45:00-05:00,47.9,47.92,47.9,47.915,3721
2018-01-25 13:50:00-05:00,47.92,47.94,47.91,47.91,7983
2018-01-25 13:55:00-05:00,47.91,47.93,47.905,47.93,45017
2018-01-25 14:00:00-05:00,47.94,47.955,47.92,47.925,7068
2018-01-25 14:05:00-05:00,47.925,47.925,47.875,47.9,9912
2018-01-25 14:10:00-05:00,47.85,47.875,47.83,47.84,8649
2018-01-25 14:15:00-05:00,47.835,47.87,47.83,47.86,6013
2018-01-25 14:20:00-05:00,47.855,47.87,47.82,47.87,54559
2018-01-25 14:25:00-05:00,47.86,47.86,47.83,47.84,3427
2018-01-25 14:30:00-05:00,47.85,47.86,47.84,47.86,5587
2018-01-25 14:35:00-05:00,47.84,47.845,47.79,47.8,5940
2018-01-25 14:40:00-05:00,47.81,47.845,47.81,47.845,3659
2018-01-25 14:45:00-05:00,47.84,47.87,47.83,47.87,6339
2018-01-25 14:50:00-05:00,47.88,47.88,47.785,47.81,9117
2018-01-25 14:55:00-05:00,47.8,47.8,47.75,47.75,4593
2018-01-25 15:00:00-05:00,47.76,47.76,47.72,47.76,6592
2018-01-25 15:05:00-05:00,47.76,47.81,47.76,47.805,5246
2018-01-25 15:10:00-05:00,47.8,47.84,47.77,47.83,10002
2018-01-25 15:15:00-05:00,47.83,47.855,47.82,47.855,8233
2018-01-25 15:20:00-05:00,47.86,47.88,47.85,47.87,8568
2018-01-25 15:25:00-05:00,47.87,47.88,47.85,47.855,12232
2018-01-25 15:30:00-05:00,47.855,47.87,47.85,47.86,12601
2018-01-25 15:35:00-05:00,47.85,47.865,47.835,47.835,8484
2018-01-25 15:40:00-05:00,47.835,47.87,47.83,47.855,13185
2018-01-25 15:45:00-05:00,47.86,47.89,47.845,47.855,18265
2018-01-25 15:50:00-05:00,47.86,47.89,47.86,47.88,17924
2018-01-25 15:55:00-05:00,47.88,47.91,47.83,47.835,52372
2018-01-26 09:30:00-05:00,47.76,47.96,47.76,47.96,8693
2018-01-26 09:35:00-05:00,47.97,48.0,47.925,47.97,13479
2018-01-26 09:40:00-05:00,47.99,48.07,47.98,48.06,16163
2018-01-26 09:45:00-05:00,48.05,48.1,48.02,48.05,7701
2018-01-26 09:50:00-05:00,48.04,48.095,48.01,48.09,10062
2018-01-26 09:55:00-05:00,48.09,48.09,48.035,48.035,6968
2018-01-26 10:00:00-05:00,48.02,48.055,48.02,48.04,4704
2018-01-26 10:05:00-05:00,48.035,48.04,47.985,48.02,4136
2018-01-26 10:10:00-05:00,48.02,48.02,47.96,47.96,3019
2018-01-26 10:15:00-05:00,47.97,48.015,47.94,48.015,4920
2018-01-26 10:20:00-05:00,48.01,48.01,47.99,47.99,2233
2018-01-26 10:25:00-05:00,48.0,48.015,47.99,48.01,1682
2018-01-26 10:30:00-05:00,48.02,48.11,48.02,48.11,15721
2018-01-26 10:35:00-05:00,48.1,48.18,48.085,48.15,4002
2018-01-26 10:40:00-05:00,48.17,48.19,48.16,48.19,10997
2018-01-26 10:45:00-05:00,48.18,48.225,48.18,48.22,5874
2018-01-26 10:50:00-05:00,48.23,48.24,48.22,48.23,5954
2018-01-26 10:55:00-05:00,48.22,48.24,48.19,48.23,5192
2018-01-26 11:00:00-05:00,48.23,48.275,48.23,48.27,8283
2018-01-26 11:05:00-05:00,48.27,48.35,48.26,48.34,4622
2018-01-26 11:10:00-05:00,48.34,48.35,48.335,48.34,3574
2018-01-26 11:15:00-05:00,48.33,48.34,48.32,48.33,2197
2018-01-26 11:20:00-05:00,48.33,48.34,48.28,48.28,2349
2018-01-26 11:25:00-05:00,48.285,48.29,48.24,48.28,5963
2018-01-26 11:30:00-05:00,48.28,48.315,48.28,48.295,1833
2018-01-26 11:35:00-05:00,48.285,48.285,48.26,48.265,1889
2018-01-26 11:40:00-05:00,48.265,48.285,48.26,48.28,4674
2018-01-26 11:45:00-05:00,48.29,48.3,48.26,48.26,3768
2018-01-26 11:50:00-05:00,48.265,48.265,48.24,48.245,2218
2018-01-26 11:55:00-05:00,48.25,48.26,48.235,48.26,3565
2018-01-26 12:00:00-05:00,48.26,48.26,48.235,48.245,3288
2018-01-26 12:05:00-05:00,48.25,48.255,48.23,48.255,2975
2018-01-26 12:10:00-05:00,48.26,48.28,48.26,48.27,4791
2018-01-26 12:15:00-05:00,48.255,48.26,48.25,48.26,1760
2018-01-26 12:20:00-05:00,48.265,48.29,48.26,48.26,7362
2018-01-26 12:25:00-05:00,48.25,48.26,48.24,48.25,3560
2018-01-26 12:30:00-05:00,48.245,48.25,48.235,48.25,3829
2018-01-26 12:35:00-05:00,48.245,48.27,48.245,48.26,2181
2018-01-26 12:40:00-05:00,48.27,48.27,48.26,48.27,1930
2018-01-26 12:45:00-05:00,48.27,48.31,48.27,48.31,3479
2018-01-26 12:50:00-05:00,48.32,48.335,48.3,48.33,4254
2018-01-26 12:55:00-05:00,48.33,48.35,48.32,48.32,4875
2018-01-26 13:00:00-05:00,48.32,48.33,48.31,48.32,3053
2018-01-26 13:05:00-05:00,48.315,48.325,48.3,48.32,2011
2018-01-26 13:10:00-05:00,48.31,48.315,48.31,48.31,1160
2018-01-26 13:15:00-05:00,48.31,48.34,48.31,48.33,1923
2018-01-26 13:20:00-05:00,48.315,48.36,48.315,48.33,3973
2018-01-26 13:25:00-05:00,48.33,48.36,48.33,48.35,2940
2018-01-26 13:30:00-05:00,48.34,48.35,48.335,48.345,12408
2018-01-26 13:35:00-05:00,48.35,48.365,48.35,48.35,2911
2018-01-26 13:40:00-05:00,48.345,48.37,48.34,48.37,8675
2018-01-26 13:45:00-05:00,48.37,48.38,48.36,48.38,2179
2018-01-26 13:50:00-05:00,48.385,48.395,48.38,48.39,2851
2018-01-26 13:55:00-05:00,48.385,48.39,48.38,48.38,2905
2018-01-26 14:00:00-05:00,48.38,48.395,48.38,48.395,4101
2018-01-26 14:05:00-05:00,48.39,48.395,48.365,48.39,9038
2018-01-26 14:10:00-05:00,48.38,48.38,48.33,48.35,6523
2018-01-26 14:15:00-05:00,48.36,48.37,48.35,48.36,1643
2018-01-26 14:20:00-05:00,48.36,48.39,48.355,48.385,9897
2018-01-26 14:25:00-05:00,48.38,48.38,48.35,48.36,9212
2018-01-26 14:30:00-05:00,48.36,48.37,48.35,48.37,7725
2018-01-26 14:35:00-05:00,48.36,48.39,48.36,48.38,5297
2018-01-26 14:40:00-05:00,48.39,48.4,48.385,48.4,3856
2018-01-26 14:45:00-05:00,48.4,48.455,48.4,48.45,20610
2018-01-26 14:50:00-05:00,48.45,48.45,48.44,48.445,10114
2018-01-26 14:55:00-05:00,48.45,48.45,48.41,48.42,7874
2018-01-26 15:00:00-05:00,48.41,48.47,48.41,48.47,9581
2018-01-26 15:05:00-05:00,48.47,48.49,48.47,48.485,7828
2018-01-26 15:10:00-05:00,48.49,48.5,48.48,48.49,7610
2018-01-26 15:15:00-05:00,48.49,48.49,48.47,48.48,4800
2018-01-26 15:20:00-05:00,48.485,48.49,48.475,48.49,7608
2018-01-26 15:25:00-05:00,48.49,48.51,48.47,48.48,18204
2018-01-26 15:30:00-05:00,48.49,48.51,48.48,48.5,11243
2018-01-26 15:35:00-05:00,48.5,48.555,48.5,48.55,16068
2018-01-26 15:40:00-05:00,48.56,48.61,48.55,48.61,9969
2018-01-26 15:45:00-05:00,48.6,48.605,48.53,48.54,22430
2018-01-26 15:50:00-05:00,48.54,48.54,48.45,48.455,42827
2018-01-26 15:55:00-05:00,48.46,48.53,48.42,48.53,109046
2018-01-29 09:30:00-05:00,48.25,48.44,48.21,48.43,14456
2018-01-29 09:35:00-05:00,48.45,48.455,48.08,48.09,14545
2018-01-29 09:40:00-05:00,48.11,48.26,48.1,48.26,7932
2018-01-29 09:45:00-05:00,48.25,48.28,48.17,48.18,7634
2018-01-29 09:50:00-05:00,48.17,48.18,48.08,48.085,6111
2018-01-29 09:55:00-05:00,48.09,48.13,48.015,48.04,5306
2018-01-29 10:00:00-05:00,48.05,48.06,47.87,47.9,9630
2018-01-29 10:05:00-05:00,47.89,47.94,47.86,47.93,5874
2018-01-29 10:10:00-05:00,47.925,47.98,47.925,47.94,5091
2018-01-29 10:15:00-05:00,47.92,47.93,47.74,47.74,9734
2018-01-29 10:20:00-05:00,47.74,47.78,47.73,47.78,6260
2018-01-29 10:25:00-05:00,47.78,47.795,47.735,47.735,4648
2018-01-29 10:30:00-05:00,47.725,47.73,47.69,47.71,4141
2018-01-29 10:35:00-05:00,47.69,47.73,47.68,47.69,7093
2018-01-29 10:40:00-05:00,47.695,47.74,47.67,47.695,5037
2018-01-29 10:45:00-05:00,47.685,47.69,47.61,47.65,5693
2018-01-29 10:50:00-05:00,47.645,47.69,47.645,47.66,4324
2018-01-29 10:55:00-05:00,47.67,47.73,47.67,47.7,2961
2018-01-29 11:00:00-05:00,47.69,47.7,47.655,47.68,4085
2018-01-29 11:05:00-05:00,47.68,47.705,47.65,47.705,2837
2018-01-29 11:10:00-05:00,47.705,47.72,47.695,47.72,2577
2018-01-29 11:15:00-05:00,47.705,47.72,47.66,47.66,4052
2018-01-29 11:20:00-05:00,47.66,47.66,47.575,47.645,11973
2018-01-29 11:25:00-05:00,47.65,47.71,47.64,47.7,4762
2018-01-29 11:30:00-05:00,47.69,47.7,47.65,47.67,4454
2018-01-29 11:35:00-05:00,47.68,47.7,47.671,47.68,3868
2018-01-29 11:40:00-05:00,47.67,47.7,47.64,47.7,7069
2018-01-29 11:45:00-05:00,47.705,47.775,47.7,47.76,8795
2018-01-29 11:50:00-05:00,47.76,47.79,47.75,47.75,2600
2018-01-29 11:55:00-05:00,47.745,47.79,47.745,47.77,4123
2018-01-29 12:00:00-05:00,47.77,47.8,47.76,47.8,8704
2018-01-29 12:05:00-05:00,47.8,47.83,47.78,47.78,3269
2018-01-29 12:10:00-05:00,47.79,47.85,47.79,47.845,3834
2018-01-29 12:15:00-05:00,47.85,47.89,47.84,47.86,2258
2018-01-29 12:20:00-05:00,47.865,47.865,47.85,47.85,2824
2018-01-29 12:25:00-05:00,47.84,47.84,47.82,47.83,2526
2018-01-29 12:30:00-05:00,47.83,47.86,47.83,47.86,3346
2018-01-29 12:35:00-05:00,47.86,47.88,47.86,47.86,1722
2018-01-29 12:40:00-05:00,47.86,47.875,47.845,47.87,7064
2018-01-29 12:45:00-05:00,47.88,47.9,47.88,47.89,4226
2018-01-29 12:50:00-05:00,47.89,47.96,47.89,47.96,5725
2018-01-29 12:55:00-05:00,47.95,48.005,47.95,48.0,3946
2018-01-29 13:00:00-05:00,48.0,48.02,47.995,48.0,3888
2018-01-29 13:05:00-05:00,48.01,48.02,47.995,48.0,1864
2018-01-29 13:10:00-05:00,47.995,48.05,47.99,48.05,9061
2018-01-29 13:15:00-05:00,48.05,48.125,48.05,48.1,14660
2018-01-29 13:20:00-05:00,48.1,48.12,48.075,48.12,5460
2018-01-29 13:25:00-05:00,48.12,48.14,48.12,48.14,2447
2018-01-29 13:30:00-05:00,48.13,48.15,48.13,48.13,4690
2018-01-29 13:35:00-05:00,48.13,48.14,48.115,48.13,2600
2018-01-29 13:40:00-05:00,48.13,48.14,48.085,48.085,4195
2018-01-29 13:45:00-05:00,48.09,48.12,48.08,48.1,1769
2018-01-29 13:50:00-05:00,48.1,48.14,48.1,48.11,3431
2018-01-29 13:55:00-05:00,48.115,48.115,48.1,48.1,1432
2018-01-29 14:00:00-05:00,48.11,48.11,48.055,48.055,7237
2018-01-29 14:05:00-05:00,48.05,48.065,48.05,48.06,1700
2018-01-29 14:10:00-05:00,48.07,48.08,48.05,48.065,3768
2018-01-29 14:15:00-05:00,48.07,48.07,48.04,48.04,3858
2018-01-29 14:20:00-05:00,48.045,48.05,48.015,48.02,5515
2018-01-29 14:25:00-05:00,48.03,48.03,47.99,48.0,6509
2018-01-29 14:30:00-05:00,48.01,48.01,47.95,47.96,3165
2018-01-29 14:35:00-05:00,47.96,47.975,47.92,47.92,4155
2018-01-29 14:40:00-05:00,47.92,47.945,47.9,47.905,5043
2018-01-29 14:45:00-05:00,47.92,47.92,47.9,47.91,3277
2018-01-29 14:50:00-05:00,47.92,47.93,47.895,47.93,6815
2018-01-29 14:55:00-05:00,47.925,47.955,47.925,47.93,2706
2018-01-29 15:00:00-05:00,47.94,47.94,47.93,47.93,4078
2018-01-29 15:05:00-05:00,47.94,47.94,47.9,47.9,7301
2018-01-29 15:10:00-05:00,47.91,47.92,47.88,47.9,9791
2018-01-29 15:15:00-05:00,47.9,47.94,47.9,47.92,7709
2018-01-29 15:20:00-05:00,47.925,47.93,47.88,47.9,11247
2018-01-29 15:25:00-05:00,47.91,47.915,47.885,47.9,10992
2018-01-29 15:30:00-05:00,47.9,47.91,47.885,47.905,9700
2018-01-29 15:35:00-05:00,47.91,47.91,47.84,47.84,29726
2018-01-29 15:40:00-05:00,47.84,47.84,47.78,47.795,12480
2018-01-29 15:45:00-05:00,47.79,47.79,47.745,47.75,14587
2018-01-29 15:50:00-05:00,47.75,47.76,47.72,47.725,21689
2018-01-29 15:55:00-05:00,47.73,47.77,47.69,47.7,76672
2018-01-30 09:30:00-05:00,47.7,48.16,47.7,47.91,19386
2018-01-30 09:35:00-05:00,47.84,47.85,47.76,47.795,4407
2018-01-30 09:40:00-05:00,47.795,47.795,47.72,47.765,7979
2018-01-30 09:45:00-05:00,47.77,47.865,47.765,47.845,9418
2018-01-30 09:50:00-05:00,47.85,47.92,47.85,47.92,8134
2018-01-30 09:55:00-05:00,47.92,47.92,47.72,47.725,10651
2018-01-30 10:00:00-05:00,47.73,47.775,47.69,47.74,12660
2018-01-30 10:05:00-05:00,47.74,47.75,47.63,47.705,13982
2018-01-30 10:10:00-05:00,47.72,47.83,47.72,47.81,8627
2018-01-30 10:15:00-05:00,47.8,47.82,47.78,47.8,7360
2018-01-30 10:20:00-05:00,47.8,47.865,47.75,47.865,10670
2018-01-30 10:25:00-05:00,47.86,47.97,47.85,47.96,10807
2018-01-30 10:30:00-05:00,47.97,47.97,47.83,47.86,6864
2018-01-30 10:35:00-05:00,47.87,47.89,47.8,47.88,8375
2018-01-30 10:40:00-05:00,47.86,47.86,47.79,47.82,4463
2018-01-30 10:45:00-05:00,47.8,47.82,47.77,47.775,4944
2018-01-30 10:50:00-05:00,47.77,47.795,47.75,47.78,5846
2018-01-30 10:55:00-05:00,47.78,47.84,47.76,47.82,5876
2018-01-30 11:00:00-05:00,47.82,47.84,47.8,47.8,10289
2018-01-30 11:05:00-05:00,47.8,47.8,47.74,47.76,8261
2018-01-30 11:10:00-05:00,47.76,47.785,47.75,47.75,5442
2018-01-30 11:15:00-05:00,47.76,47.77,47.735,47.76,10072
2018-01-30 11:20:00-05:00,47.77,47.77,47.71,47.73,10474
2018-01-30 11:25:00-05:00,47.73,47.79,47.73,47.775,8057
2018-01-30 11:30:00-05:00,47.78,47.85,47.78,47.85,6465
2018-01-30 11:35:00-05:00,47.85,47.88,47.81,47.81,5843
2018-01-30 11:40:00-05:00,47.82,47.91,47.82,47.88,7500
2018-01-30 11:45:00-05:00,47.88,47.89,47.82,47.82,6442
2018-01-30 11:50:00-05:00,47.825,47.84,47.8,47.8,8459
2018-01-30 11:55:00-05:00,47.79,47.8,47.76,47.76,6724
2018-01-30 12:00:00-05:00,47.77,47.8,47.77,47.77,8648
2018-01-30 12:05:00-05:00,47.75,47.77,47.75,47.76,5432
2018-01-30 12:10:00-05:00,47.76,47.77,47.725,47.75,5601
2018-01-30 12:15:00-05:00,47.78,47.78,47.76,47.78,3763
2018-01-30 12:20:00-05:00,47.775,47.795,47.76,47.77,3700
2018-01-30 12:25:00-05:00,47.77,47.775,47.76,47.77,3075
2018-01-30 12:30:00-05:00,47.765,47.81,47.765,47.81,4115
2018-01-30 12:35:00-05:00,47.815,47.82,47.78,47.78,4523
2018-01-30 12:40:00-05:00,47.79,47.84,47.79,47.82,5648
2018-01-30 12:45:00-05:00,47.82,47.82,47.765,47.77,5479
2018-01-30 12:50:00-05:00,47.77,47.82,47.77,47.82,7235
2018-01-30 12:55:00-05:00,47.82,47.83,47.775,47.8,7339
2018-01-30 13:00:00-05:00,47.81,47.83,47.75,47.76,5814
2018-01-30 13:05:00-05:00,47.75,47.76,47.74,47.75,5681
2018-01-30 13:10:00-05:00,47.76,47.78,47.71,47.72,4009
2018-01-30 13:15:00-05:00,47.73,47.75,47.68,47.685,6438
2018-01-30 13:20:00-05:00,47.685,47.685,47.61,47.62,7723
2018-01-30 13:25:00-05:00,47.63,47.64,47.59,47.59,11768
2018-01-30 13:30:00-05:00,47.59,47.6,47.51,47.53,16725
2018-01-30 13:35:00-05:00,47.52,47.56,47.47,47.55,10456
2018-01-30 13:40:00-05:00,47.55,47.59,47.54,47.58,4149
2018-01-30 13:45:00-05:00,47.59,47.59,47.57,47.58,5288
2018-01-30 13:50:00-05:00,47.58,47.58,47.53,47.56,6827
2018-01-30 13:55:00-05:00,47.55,47.56,47.55,47.56,2203
2018-01-30 14:00:00-05:00,47.56,47.6,47.56,47.6,6003
2018-01-30 14:05:00-05:00,47.6,47.605,47.58,47.59,5034
2018-01-30 14:10:00-05:00,47.59,47.64,47.59,47.62,3720
2018-01-30 14:15:00-05:00,47.62,47.62,47.59,47.595,5140
2018-01-30 14:20:00-05:00,47.595,47.605,47.58,47.59,3281
2018-01-30 14:25:00-05:00,47.6,47.62,47.57,47.57,3813
2018-01-30 14:30:00-05:00,47.57,47.58,47.545,47.545,7103
2018-01-30 14:35:00-05:00,47.53,47.54,47.5,47.51,4873
2018-01-30 14:40:00-05:00,47.52,47.52,47.49,47.5,5977
2018-01-30 14:45:00-05:00,47.5,47.53,47.495,47.52,5598
2018-01-30 14:50:00-05:00,47.52,47.52,47.49,47.51,5269
2018-01-30 14:55:00-05:00,47.515,47.525,47.49,47.5,3363
2018-01-30 15:00:00-05:00,47.49,47.52,47.48,47.515,2283
2018-01-30 15:05:00-05:00,47.515,47.52,47.5,47.51,6250
2018-01-30 15:10:00-05:00,47.505,47.54,47.505,47.54,6848
2018-01-30 15:15:00-05:00,47.54,47.55,47.54,47.54,4691
2018-01-30 15:20:00-05:00,47.54,47.56,47.535,47.56,12362
2018-01-30 15:25:00-05:00,47.55,47.58,47.55,47.58,6724
2018-01-30 15:30:00-05:00,47.58,47.59,47.55,47.56,12986
2018-01-30 15:35:00-05:00,47.56,47.6,47.555,47.57,9310
2018-01-30 15:40:00-05:00,47.57,47.585,47.55,47.55,13118
2018-01-30 15:45:00-05:00,47.55,47.595,47.55,47.57,17868
2018-01-30 15:50:00-05:00,47.57,47.58,47.55,47.56,18538
2018-01-30 15:55:00-05:00,47.56,47.57,47.4,47.41,50323
2018-01-31 09:30:00-05:00,47.48,47.48,47.38,47.4,5702
2018-01-31 09:35:00-05:00,47.41,47.54,47.41,47.53,3240
2018-01-31 09:40:00-05:00,47.55,47.67,47.55,47.66,3649
2018-01-31 09:45:00-05:00,47.66,47.73,47.64,47.72,4487
2018-01-31 09:50:00-05:00,47.73,47.83,47.73,47.82,7427
2018-01-31 09:55:00-05:00,47.85,47.89,47.83,47.87,5574
2018-01-31 10:00:00-05:00,47.86,47.86,47.76,47.77,5860
2018-01-31 10:05:00-05:00,47.74,47.76,47.68,47.76,8252
2018-01-31 10:10:00-05:00,47.76,47.76,47.7,47.74,2319
2018-01-31 10:15:00-05:00,47.74,47.755,47.71,47.72,4832
2018-01-31 10:20:00-05:00,47.72,47.74,47.68,47.69,3825
2018-01-31 10:25:00-05:00,47.68,47.685,47.63,47.64,4166
2018-01-31 10:30:00-05:00,47.65,47.65,47.6,47.62,1803
2018-01-31 10:35:00-05:00,47.63,47.63,47.58,47.59,5158
2018-01-31 10:40:00-05:00,47.6,47.63,47.57,47.57,6254
2018-01-31 10:45:00-05:00,47.55,47.59,47.54,47.57,4921
2018-01-31 10:50:00-05:00,47.565,47.57,47.52,47.55,2728
2018-01-31 10:55:00-05:00,47.54,47.57,47.5,47.51,4601
2018-01-31 11:00:00-05:00,47.46,47.485,47.46,47.47,3543
2018-01-31 11:05:00-05:00,47.49,47.52,47.48,47.52,2969
2018-01-31 11:10:00-05:00,47.55,47.59,47.54,47.58,2269
2018-01-31 11:15:00-05:00,47.56,47.575,47.56,47.57,2188
2018-01-31 11:20:00-05:00,47.56,47.595,47.56,47.57,1977
2018-01-31 11:25:00-05:00,47.565,47.61,47.565,47.57,2066
2018-01-31 11:30:00-05:00,47.57,47.65,47.57,47.63,3118
2018-01-31 11:35:00-05:00,47.61,47.63,47.6,47.61,1236
2018-01-31 11:40:00-05:00,47.62,47.63,47.61,47.63,3100
2018-01-31 11:45:00-05:00,47.625,47.63,47.6,47.61,2936
2018-01-31 11:50:00-05:00,47.61,47.65,47.6,47.65,3210
2018-01-31 11:55:00-05:00,47.65,47.66,47.61,47.62,2289
2018-01-31 12:00:00-05:00,47.62,47.625,47.6,47.62,6375
2018-01-31 12:05:00-05:00,47.615,47.62,47.57,47.58,3723
2018-01-31 12:10:00-05:00,47.59,47.59,47.57,47.585,2900
2018-01-31 12:15:00-05:00,47.585,47.59,47.57,47.585,5410
2018-01-31 12:20:00-05:00,47.58,47.625,47.58,47.62,9409
2018-01-31 12:25:00-05:00,47.62,47.63,47.605,47.605,6481
2018-01-31 12:30:00-05:00,47.61,47.635,47.605,47.63,8774
2018-01-31 12:35:00-05:00,47.625,47.63,47.6,47.615,8974
2018-01-31 12:40:00-05:00,47.61,47.61,47.59,47.6,2657
2018-01-31 12:45:00-05:00,47.6,47.625,47.6,47.615,5031
2018-01-31 12:50:00-05:00,47.61,47.62,47.6,47.6,2997
2018-01-31 12:55:00-05:00,47.6,47.62,47.585,47.61,3555
2018-01-31 13:00:00-05:00,47.61,47.62,47.57,47.57,4470
2018-01-31 13:05:00-05:00,47.58,47.59,47.57,47.59,3720
2018-01-31 13:10:00-05:00,47.59,47.6,47.59,47.59,1915
2018-01-31 13:15:00-05:00,47.6,47.61,47.59,47.6,4071
2018-01-31 13:20:00-05:00,47.6,47.64,47.59,47.625,6473
2018-01-31 13:25:00-05:00,47.64,47.64,47.615,47.63,3894
2018-01-31 13:30:00-05:00,47.63,47.655,47.62,47.65,3387
2018-01-31 13:35:00-05:00,47.65,47.65,47.62,47.63,5529
2018-01-31 13:40:00-05:00,47.63,47.64,47.63,47.63,1385
2018-01-31 13:45:00-05:00,47.63,47.645,47.63,47.64,6827
2018-01-31 13:50:00-05:00,47.64,47.645,47.62,47.64,6419
2018-01-31 13:55:00-05:00,47.64,47.65,47.63,47.64,6076
2018-01-31 14:00:00-05:00,47.65,47.77,47.65,47.65,7456
2018-01-31 14:05:00-05:00,47.64,47.69,47.64,47.675,2591
2018-01-31 14:10:00-05:00,47.67,47.68,47.575,47.58,5319
2018-01-31 14:15:00-05:00,47.58,47.59,47.535,47.535,4862
2018-01-31 14:20:00-05:00,47.53,47.53,47.46,47.46,4697
2018-01-31 14:25:00-05:00,47.46,47.51,47.46,47.48,4010
2018-01-31 14:30:00-05:00,47.49,47.49,47.44,47.44,5304
2018-01-31 14:35:00-05:00,47.45,47.48,47.415,47.42,17168
2018-01-31 14:40:00-05:00,47.42,47.46,47.405,47.46,3956
2018-01-31 14:45:00-05:00,47.45,47.45,47.37,47.42,5621
2018-01-31 14:50:00-05:00,47.42,47.45,47.39,47.44,4233
2018-01-31 14:55:00-05:00,47.45,47.45,47.41,47.45,5843
2018-01-31 15:00:00-05:00,47.45,47.51,47.44,47.44,8582
2018-01-31 15:05:00-05:00,47.43,47.475,47.42,47.46,5413
2018-01-31 15:10:00-05:00,47.48,47.49,47.45,47.46,3994
2018-01-31 15:15:00-05:00,47.46,47.515,47.46,47.51,3883
2018-01-31 15:20:00-05:00,47.51,47.54,47.5,47.535,4832
2018-01-31 15:25:00-05:00,47.54,47.57,47.535,47.56,5283
2018-01-31 15:30:00-05:00,47.57,47.615,47.57,47.6,4668
2018-01-31 15:35:00-05:00,47.6,47.64,47.59,47.61,6370
2018-01-31 15:40:00-05:00,47.61,47.72,47.61,47.69,10297
2018-01-31 15:45:00-05:00,47.69,47.73,47.66,47.67,14848
2018-01-31 15:50:00-05:00,47.67,47.69,47.66,47.66,19429
2018-01-31 15:55:00-05:00,47.67,47.67,47.6,47.6,67717
2018-02-01 09:30:00-05:00,47.41,47.47,47.2,47.25,17765
2018-02-01 09:35:00-05:00,47.23,47.29,47.19,47.25,10857
2018-02-01 09:40:00-05:00,47.28,47.3,47.18,47.19,8119
2018-02-01 09:45:00-05:00,47.19,47.23,47.12,47.13,9051
2018-02-01 09:50:00-05:00,47.125,47.21,47.11,47.15,10947
2018-02-01 09:55:00-05:00,47.15,47.24,47.15,47.23,5718
2018-02-01 10:00:00-05:00,47.235,47.25,47.2,47.245,6291
2018-02-01 10:05:00-05:00,47.22,47.23,47.18,47.185,12779
2018-02-01 10:10:00-05:00,47.18,47.19,47.15,47.17,6449
2018-02-01 10:15:00-05:00,47.18,47.22,47.17,47.18,7812
2018-02-01 10:20:00-05:00,47.17,47.25,47.17,47.24,6717
2018-02-01 10:25:00-05:00,47.24,47.27,47.23,47.25,9462
2018-02-01 10:30:00-05:00,47.26,47.265,47.21,47.215,7835
2018-02-01 10:35:00-05:00,47.22,47.28,47.22,47.28,6660
2018-02-01 10:40:00-05:00,47.28,47.3,47.27,47.27,5913
2018-02-01 10:45:00-05:00,47.27,47.285,47.27,47.275,9134
2018-02-01 10:50:00-05:00,47.27,47.27,47.22,47.245,11520
2018-02-01 10:55:00-05:00,47.25,47.26,47.22,47.23,11545
2018-02-01 11:00:00-05:00,47.24,47.305,47.24,47.3,9241
2018-02-01 11:05:00-05:00,47.3,47.35,47.27,47.35,9127
2018-02-01 11:10:00-05:00,47.35,47.375,47.34,47.37,6516
2018-02-01 11:15:00-05:00,47.39,47.43,47.39,47.43,3670
2018-02-01 11:20:00-05:00,47.42,47.455,47.42,47.45,5121
2018-02-01 11:25:00-05:00,47.45,47.48,47.44,47.47,7936
2018-02-01 11:30:00-05:00,47.47,47.55,47.46,47.55,7728
2018-02-01 11:35:00-05:00,47.55,47.56,47.51,47.535,4139
2018-02-01 11:40:00-05:00,47.52,47.59,47.52,47.58,4077
2018-02-01 11:45:00-05:00,47.58,47.63,47.58,47.63,2865
2018-02-01 11:50:00-05:00,47.67,47.69,47.65,47.69,3804
2018-02-01 11:55:00-05:00,47.695,47.72,47.68,47.69,3643
2018-02-01 12:00:00-05:00,47.69,47.69,47.64,47.67,2631
2018-02-01 12:05:00-05:00,47.67,47.67,47.64,47.64,4032
2018-02-01 12:10:00-05:00,47.63,47.64,47.61,47.63,6129
2018-02-01 12:15:00-05:00,47.635,47.65,47.62,47.65,4812
2018-02-01 12:20:00-05:00,47.64,47.66,47.64,47.65,3180
2018-02-01 12:25:00-05:00,47.64,47.65,47.62,47.62,3128
2018-02-01 12:30:00-05:00,47.625,47.65,47.62,47.64,2110
2018-02-01 12:35:00-05:00,47.65,47.66,47.61,47.625,4558
2018-02-01 12:40:00-05:00,47.63,47.67,47.63,47.66,4552
2018-02-01 12:45:00-05:00,47.66,47.69,47.65,47.655,2407
2018-02-01 12:50:00-05:00,47.66,47.66,47.64,47.64,3257
2018-02-01 12:55:00-05:00,47.64,47.65,47.635,47.65,3233
2018-02-01 13:00:00-05:00,47.65,47.66,47.62,47.62,6345
2018-02-01 13:05:00-05:00,47.62,47.62,47.57,47.59,6500
2018-02-01 13:10:00-05:00,47.59,47.63,47.59,47.6,3039
2018-02-01 13:15:00-05:00,47.59,47.59,47.52,47.54,19690
2018-02-01 13:20:00-05:00,47.55,47.565,47.55,47.555,8122
2018-02-01 13:25:00-05:00,47.56,47.56,47.53,47.54,3937
2018-02-01 13:30:00-05:00,47.54,47.55,47.53,47.55,2465
2018-02-01 13:35:00-05:00,47.545,47.55,47.52,47.54,5118
2018-02-01 13:40:00-05:00,47.51,47.52,47.43,47.43,14676
2018-02-01 13:45:00-05:00,47.44,47.485,47.42,47.485,5057
2018-02-01 13:50:00-05:00,47.49,47.49,47.45,47.45,4113
2018-02-01 13:55:00-05:00,47.45,47.48,47.44,47.46,6824
2018-02-01 14:00:00-05:00,47.47,47.47,47.42,47.44,10030
2018-02-01 14:05:00-05:00,47.44,47.45,47.43,47.43,5367
2018-02-01 14:10:00-05:00,47.43,47.43,47.41,47.41,5848
2018-02-01 14:15:00-05:00,47.4,47.4,47.32,47.32,9630
2018-02-01 14:20:00-05:00,47.33,47.35,47.26,47.31,20244
2018-02-01 14:25:00-05:00,47.315,47.34,47.29,47.33,9933
2018-02-01 14:30:00-05:00,47.33,47.33,47.31,47.31,8352
2018-02-01 14:35:00-05:00,47.32,47.34,47.26,47.3,16720
2018-02-01 14:40:00-05:00,47.29,47.33,47.28,47.29,5532
2018-02-01 14:45:00-05:00,47.3,47.37,47.3,47.36,8359
2018-02-01 14:50:00-05:00,47.36,47.39,47.36,47.39,5107
2018-02-01 14:55:00-05:00,47.405,47.43,47.4,47.43,4763
2018-02-01 15:00:00-05:00,47.44,47.45,47.43,47.44,9474
2018-02-01 15:05:00-05:00,47.43,47.455,47.41,47.455,8076
2018-02-01 15:10:00-05:00,47.46,47.49,47.45,47.45,7017
2018-02-01 15:15:00-05:00,47.46,47.47,47.43,47.43,9603
2018-02-01 15:20:00-05:00,47.43,47.445,47.415,47.42,14769
2018-02-01 15:25:00-05:00,47.41,47.43,47.38,47.385,7576
2018-02-01 15:30:00-05:00,47.38,47.395,47.34,47.38,13817
2018-02-01 15:35:00-05:00,47.38,47.41,47.38,47.41,14565
2018-02-01 15:40:00-05:00,47.4,47.41,47.35,47.35,13296
2018-02-01 15:45:00-05:00,47.35,47.455,47.335,47.455,17428
2018-02-01 15:50:00-05:00,47.46,47.47,47.43,47.46,25182
2018-02-01 15:55:00-05:00,47.46,47.47,47.4,47.45,66816
2018-02-02 09:30:00-05:00,47.35,47.39,47.21,47.24,13768
2018-02-02 09:35:00-05:00,47.19,47.24,47.1,47.105,3780
2018-02-02 09:40:00-05:00,47.105,47.14,47.105,47.105,5591
2018-02-02 09:45:00-05:00,47.105,47.14,47.105,47.14,4418
2018-02-02 09:50:00-05:00,47.11,47.14,47.1,47.1,5229
2018-02-02 09:55:00-05:00,47.1,47.14,47.06,47.13,4211
2018-02-02 10:00:00-05:00,47.11,47.17,47.1,47.17,5090
2018-02-02 10:05:00-05:00,47.13,47.28,47.11,47.27,7479
2018-02-02 10:10:00-05:00,47.26,47.3,47.24,47.27,6514
2018-02-02 10:15:00-05:00,47.26,47.28,47.23,47.28,5518
2018-02-02 10:20:00-05:00,47.29,47.31,47.28,47.29,3708
2018-02-02 10:25:00-05:00,47.28,47.295,47.25,47.25,7144
2018-02-02 10:30:00-05:00,47.25,47.255,47.22,47.24,5700
2018-02-02 10:35:00-05:00,47.24,47.24,47.21,47.23,3035
2018-02-02 10:40:00-05:00,47.23,47.25,47.205,47.21,4015
2018-02-02 10:45:00-05:00,47.21,47.21,47.15,47.155,4301
2018-02-02 10:50:00-05:00,47.14,47.17,47.14,47.165,9159
2018-02-02 10:55:00-05:00,47.15,47.16,47.12,47.13,5873
2018-02-02 11:00:00-05:00,47.12,47.13,47.095,47.095,5248
2018-02-02 11:05:00-05:00,47.095,47.095,46.96,47.005,14330
2018-02-02 11:10:00-05:00,47.01,47.07,47.01,47.07,4768
2018-02-02 11:15:00-05:00,47.07,47.07,47.02,47.03,4483
2018-02-02 11:20:00-05:00,47.03,47.05,47.02,47.025,7012
2018-02-02 11:25:00-05:00,47.03,47.06,47.03,47.03,4915
2018-02-02 11:30:00-05:00,47.04,47.04,47.015,47.02,8383
2018-02-02 11:35:00-05:00,47.03,47.03,47.0,47.0,7520
2018-02-02 11:40:00-05:00,47.0,47.01,46.99,47.0,11300
2018-02-02 11:45:00-05:00,46.995,47.0,46.96,46.96,9053
2018-02-02 11:50:00-05:00,46.96,47.01,46.94,47.01,7967
2018-02-02 11:55:00-05:00,47.0,47.02,46.94,46.96,5455
2018-02-02 12:00:00-05:00,46.96,46.99,46.94,46.97,5307
2018-02-02 12:05:00-05:00,46.98,46.98,46.94,46.95,7297
2018-02-02 12:10:00-05:00,46.96,46.98,46.94,46.97,3598
2018-02-02 12:15:00-05:00,46.97,47.015,46.97,47.015,4714
2018-02-02 12:20:00-05:00,47.02,47.045,47.01,47.04,3421
2018-02-02 12:25:00-05:00,47.03,47.045,47.02,47.045,2438
2018-02-02 12:30:00-05:00,47.03,47.045,47.02,47.02,2588
2018-02-02 12:35:00-05:00,47.03,47.055,47.01,47.01,5334
2018-02-02 12:40:00-05:00,47.01,47.03,47.01,47.03,1798
2018-02-02 12:45:00-05:00,47.03,47.05,47.03,47.04,3186
2018-02-02 12:50:00-05:00,47.03,47.04,47.03,47.035,4604
2018-02-02 12:55:00-05:00,47.035,47.09,47.035,47.06,6381
2018-02-02 13:00:00-05:00,47.06,47.06,47.03,47.06,5057
2018-02-02 13:05:00-05:00,47.05,47.055,47.03,47.03,4293
2018-02-02 13:10:00-05:00,47.04,47.115,47.04,47.1,3884
2018-02-02 13:15:00-05:00,47.09,47.095,47.04,47.05,3634
2018-02-02 13:20:00-05:00,47.05,47.05,47.015,47.015,3901
2018-02-02 13:25:00-05:00,47.01,47.035,47.01,47.03,3829
2018-02-02 13:30:00-05:00,47.02,47.035,46.98,46.995,5117
2018-02-02 13:35:00-05:00,46.99,46.99,46.92,46.92,8298
2018-02-02 13:40:00-05:00,46.93,46.93,46.9,46.9,4257
2018-02-02 13:45:00-05:00,46.9,46.925,46.885,46.91,8890
2018-02-02 13:50:00-05:00,46.92,46.955,46.91,46.94,6309
2018-02-02 13:55:00-05:00,46.94,46.95,46.91,46.94,3623
2018-02-02 14:00:00-05:00,46.94,46.96,46.93,46.96,1787
2018-02-02 14:05:00-05:00,46.96,46.965,46.905,46.92,9364
2018-02-02 14:10:00-05:00,46.91,46.91,46.83,46.87,4643
2018-02-02 14:15:00-05:00,46.86,46.88,46.82,46.85,3693
2018-02-02 14:20:00-05:00,46.86,46.885,46.84,46.86,8290
2018-02-02 14:25:00-05:00,46.86,46.86,46.81,46.81,5578
2018-02-02 14:30:00-05:00,46.81,46.86,46.8,46.86,18173
2018-02-02 14:35:00-05:00,46.845,46.87,46.81,46.82,5318
2018-02-02 14:40:00-05:00,46.83,46.88,46.825,46.86,6052
2018-02-02 14:45:00-05:00,46.855,46.855,46.8,46.83,6065
2018-02-02 14:50:00-05:00,46.82,46.875,46.82,46.87,6381
2018-02-02 14:55:00-05:00,46.86,46.86,46.8,46.83,4871
2018-02-02 15:00:00-05:00,46.81,46.835,46.8,46.82,5403
2018-02-02 15:05:00-05:00,46.81,46.87,46.79,46.86,11811
2018-02-02 15:10:00-05:00,46.87,46.97,46.87,46.95,11703
2018-02-02 15:15:00-05:00,46.95,46.995,46.94,46.96,7809
2018-02-02 15:20:00-05:00,46.975,46.99,46.94,46.94,8937
2018-02-02 15:25:00-05:00,46.94,46.95,46.89,46.89,10294
2018-02-02 15:30:00-05:00,46.87,46.87,46.8,46.82,18449
2018-02-02 15:35:00-05:00,46.82,46.87,46.81,46.84,16280
2018-02-02 15:40:00-05:00,46.83,46.83,46.725,46.725,14240
2018-02-02 15:45:00-05:00,46.725,46.73,46.68,46.71,22620
2018-02-02 15:50:00-05:00,46.715,46.75,46.66,46.67,20774
2018-02-02 15:55:00-05:00,46.67,46.74,46.63,46.69,111094
2018-02-05 09:30:00-05:00,46.68,46.87,46.58,46.58,27970
2018-02-05 09:35:00-05:00,46.551,46.57,46.31,46.33,17863
2018-02-05 09:40:00-05:00,46.31,46.32,46.23,46.24,20488
2018-02-05 09:45:00-05:00,46.21,46.22,46.16,46.2,7370
2018-02-05 09:50:00-05:00,46.2,46.25,46.16,46.24,12457
2018-02-05 09:55:00-05:00,46.23,46.26,46.175,46.175,9367
2018-02-05 10:00:00-05:00,46.165,46.175,46.06,46.16,13861
2018-02-05 10:05:00-05:00,46.15,46.2,46.1,46.15,5588
2018-02-05 10:10:00-05:00,46.15,46.18,46.12,46.17,6251
2018-02-05 10:15:00-05:00,46.17,46.25,46.17,46.19,11699
2018-02-05 10:20:00-05:00,46.18,46.21,46.15,46.18,10578
2018-02-05 10:25:00-05:00,46.18,46.4,46.18,46.38,80489
2018-02-05 10:30:00-05:00,46.37,46.41,46.34,46.37,14748
2018-02-05 10:35:00-05:00,46.37,46.385,46.35,46.37,11878
2018-02-05 10:40:00-05:00,46.36,46.37,46.29,46.29,14091
2018-02-05 10:45:00-05:00,46.29,46.45,46.28,46.41,18930
2018-02-05 10:50:00-05:00,46.425,46.43,46.39,46.4,11223
2018-02-05 10:55:00-05:00,46.4,46.5,46.38,46.5,11045
2018-02-05 11:00:00-05:00,46.5,46.505,46.39,46.42,25394
2018-02-05 11:05:00-05:00,46.42,46.46,46.42,46.45,4155
2018-02-05 11:10:00-05:00,46.44,46.44,46.41,46.44,5788
2018-02-05 11:15:00-05:00,46.44,46.44,46.42,46.43,13821
2018-02-05 11:20:00-05:00,46.42,46.43,46.35,46.425,14657
2018-02-05 11:25:00-05:00,46.42,46.43,46.35,46.35,13951
2018-02-05 11:30:00-05:00,46.35,46.35,46.3,46.31,7673
2018-02-05 11:35:00-05:00,46.3,46.355,46.27,46.34,16018
2018-02-05 11:40:00-05:00,46.33,46.33,46.24,46.26,10412
2018-02-05 11:45:00-05:00,46.27,46.27,46.2,46.2,5171
2018-02-05 11:50:00-05:00,46.2,46.27,46.19,46.24,3500
2018-02-05 11:55:00-05:00,46.26,46.26,46.22,46.22,6309
2018-02-05 12:00:00-05:00,46.2,46.22,46.16,46.16,5412
2018-02-05 12:05:00-05:00,46.17,46.205,46.15,46.15,6979
2018-02-05 12:10:00-05:00,46.14,46.16,46.12,46.12,7515
2018-02-05 12:15:00-05:00,46.12,46.12,46.1,46.11,9296
2018-02-05 12:20:00-05:00,46.1,46.1,46.05,46.08,16428
2018-02-05 12:25:00-05:00,46.08,46.15,46.07,46.1,10490
2018-02-05 12:30:00-05:00,46.08,46.1,46.055,46.085,13182
2018-02-05 12:35:00-05:00,46.07,46.07,46.04,46.04,10707
2018-02-05 12:40:00-05:00,46.05,46.055,46.01,46.03,13855
2018-02-05 12:45:00-05:00,46.02,46.05,46.02,46.04,8771
2018-02-05 12:50:00-05:00,46.05,46.115,46.04,46.09,7137
2018-02-05 12:55:00-05:00,46.09,46.09,46.02,46.02,6552
2018-02-05 13:00:00-05:00,46.01,46.01,45.85,45.86,15910
2018-02-05 13:05:00-05:00,45.85,45.91,45.825,45.83,31704
2018-02-05 13:10:00-05:00,45.83,45.9,45.83,45.9,8641
2018-02-05 13:15:00-05:00,45.91,45.92,45.8,45.8,23263
2018-02-05 13:20:00-05:00,45.79,45.82,45.79,45.81,11709
2018-02-05 13:25:00-05:00,45.81,45.82,45.74,45.75,14743
2018-02-05 13:30:00-05:00,45.76,45.89,45.76,45.86,10287
2018-02-05 13:35:00-05:00,45.89,45.9,45.75,45.75,8775
2018-02-05 13:40:00-05:00,45.76,45.845,45.755,45.83,7148
2018-02-05 13:45:00-05:00,45.83,45.85,45.82,45.84,6832
2018-02-05 13:50:00-05:00,45.85,45.88,45.8,45.82,9838
2018-02-05 13:55:00-05:00,45.815,45.96,45.81,45.96,6496
2018-02-05 14:00:00-05:00,45.96,45.98,45.93,45.97,10969
2018-02-05 14:05:00-05:00,45.98,46.0,45.93,45.96,17401
2018-02-05 14:10:00-05:00,45.96,45.99,45.94,45.94,9790
2018-02-05 14:15:00-05:00,45.93,45.93,45.79,45.82,6945
2018-02-05 14:20:00-05:00,45.8,45.84,45.745,45.745,4721
2018-02-05 14:25:00-05:00,45.75,45.82,45.75,45.82,9691
2018-02-05 14:30:00-05:00,45.81,45.81,45.65,45.67,7898
2018-02-05 14:35:00-05:00,45.67,45.73,45.665,45.72,4451
2018-02-05 14:40:00-05:00,45.725,45.75,45.62,45.64,9920
2018-02-05 14:45:00-05:00,45.68,45.69,45.63,45.63,8383
2018-02-05 14:50:00-05:00,45.63,45.645,45.575,45.63,8409
2018-02-05 14:55:00-05:00,45.61,45.63,45.43,45.44,9215
2018-02-05 15:00:00-05:00,45.44,45.59,45.42,45.445,18473
2018-02-05 15:05:00-05:00,45.47,45.535,45.09,45.09,26426
2018-02-05 15:10:00-05:00,45.03,45.35,44.45,45.22,41753
2018-02-05 15:15:00-05:00,45.205,45.48,45.14,45.2,22474
2018-02-05 15:20:00-05:00,45.2,45.44,45.1,45.42,12183
2018-02-05 15:25:00-05:00,45.4,45.53,45.36,45.51,14369
2018-02-05 15:30:00-05:00,45.52,45.55,45.33,45.36,33237
2018-02-05 15:35:00-05:00,45.32,45.39,45.07,45.07,22282
2018-02-05 15:40:00-05:00,45.08,45.18,44.92,45.11,38546
2018-02-05 15:45:00-05:00,45.11,45.16,44.91,44.95,58953
2018-02-05 15:50:00-05:00,44.935,45.045,44.78,44.81,62219
2018-02-05 15:55:00-05:00,44.81,45.04,44.81,44.81,109100
2018-02-06 09:30:00-05:00,43.8,44.05,43.44,44.05,18576
2018-02-06 09:35:00-05:00,44.15,44.42,44.07,44.16,18382
2018-02-06 09:40:00-05:00,44.15,44.38,44.13,44.175,19081
2018-02-06 09:45:00-05:00,44.19,44.36,44.17,44.31,23290
2018-02-06 09:50:00-05:00,44.32,44.56,44.25,44.54,20896
2018-02-06 09:55:00-05:00,44.53,44.53,44.02,44.3,29192
2018-02-06 10:00:00-05:00,44.31,44.6,44.27,44.59,23816
2018-02-06 10:05:00-05:00,44.59,44.72,44.36,44.41,31557
2018-02-06 10:10:00-05:00,44.45,44.53,44.29,44.36,18714
2018-02-06 10:15:00-05:00,44.35,44.43,44.08,44.16,16973
2018-02-06 10:20:00-05:00,44.16,44.46,44.16,44.33,26194
2018-02-06 10:25:00-05:00,44.33,44.45,44.08,44.19,16642
2018-02-06 10:30:00-05:00,44.2,44.24,44.02,44.09,9805
2018-02-06 10:35:00-05:00,44.03,44.12,43.88,44.03,34288
2018-02-06 10:40:00-05:00,44.025,44.12,43.86,44.12,11154
2018-02-06 10:45:00-05:00,44.11,44.3,44.11,44.24,12600
2018-02-06 10:50:00-05:00,44.24,44.35,44.09,44.3,17190
2018-02-06 10:55:00-05:00,44.36,44.4,44.24,44.25,16601
2018-02-06 11:00:00-05:00,44.26,44.265,44.19,44.21,22406
2018-02-06 11:05:00-05:00,44.205,44.33,44.01,44.16,16881
2018-02-06 11:10:00-05:00,44.13,44.16,43.91,44.02,8949
2018-02-06 11:15:00-05:00,44.0,44.07,43.94,44.0,12799
2018-02-06 11:20:00-05:00,43.99,44.01,43.88,43.91,10691
2018-02-06 11:25:00-05:00,43.9,44.01,43.77,43.94,16203
2018-02-06 11:30:00-05:00,43.93,43.94,43.77,43.82,18571
2018-02-06 11:35:00-05:00,43.81,43.89,43.77,43.84,12958
2018-02-06 11:40:00-05:00,43.835,43.88,43.81,43.87,11527
2018-02-06 11:45:00-05:00,43.87,43.93,43.85,43.93,14309
2018-02-06 11:50:00-05:00,43.93,43.99,43.88,43.89,17788
2018-02-06 11:55:00-05:00,43.89,43.93,43.82,43.82,9703
2018-02-06 12:00:00-05:00,43.83,43.97,43.83,43.94,8457
2018-02-06 12:05:00-05:00,43.94,44.16,43.915,44.11,9143
2018-02-06 12:10:00-05:00,44.11,44.12,44.06,44.12,7254
2018-02-06 12:15:00-05:00,44.11,44.22,44.08,44.13,7074
2018-02-06 12:20:00-05:00,44.13,44.17,44.08,44.12,13608
2018-02-06 12:25:00-05:00,44.115,44.28,44.105,44.27,10943
2018-02-06 12:30:00-05:00,44.27,44.4,44.22,44.25,10558
2018-02-06 12:35:00-05:00,44.25,44.44,44.24,44.44,10950
2018-02-06 12:40:00-05:00,44.43,44.46,44.32,44.32,7835
2018-02-06 12:45:00-05:00,44.28,44.33,44.24,44.25,11294
2018-02-06 12:50:00-05:00,44.255,44.26,44.16,44.18,15087
2018-02-06 12:55:00-05:00,44.18,44.21,44.11,44.19,12799
2018-02-06 13:00:00-05:00,44.17,44.17,43.94,43.99,21934
2018-02-06 13:05:00-05:00,44.01,44.02,43.89,43.9,8644
2018-02-06 13:10:00-05:00,43.89,44.065,43.88,44.0,12973
2018-02-06 13:15:00-05:00,44.005,44.1,43.98,44.07,8259
2018-02-06 13:20:00-05:00,44.06,44.12,43.97,43.97,8921
2018-02-06 13:25:00-05:00,43.98,44.015,43.93,43.95,9855
2018-02-06 13:30:00-05:00,43.94,43.955,43.84,43.86,10426
2018-02-06 13:35:00-05:00,43.86,44.0,43.85,43.95,9665
2018-02-06 13:40:00-05:00,43.93,43.94,43.83,43.88,11373
2018-02-06 13:45:00-05:00,43.89,43.94,43.85,43.91,8022
2018-02-06 13:50:00-05:00,43.915,43.915,43.86,43.86,11692
2018-02-06 13:55:00-05:00,43.87,43.87,43.81,43.85,15111
2018-02-06 14:00:00-05:00,43.83,43.86,43.8,43.82,8962
2018-02-06 14:05:00-05:00,43.82,43.83,43.64,43.65,15030
2018-02-06 14:10:00-05:00,43.68,43.81,43.68,43.74,12441
2018-02-06 14:15:00-05:00,43.73,43.76,43.66,43.68,16288
2018-02-06 14:20:00-05:00,43.675,43.715,43.625,43.67,14697
2018-02-06 14:25:00-05:00,43.66,43.7,43.635,43.67,13697
2018-02-06 14:30:00-05:00,43.66,43.745,43.65,43.715,15834
2018-02-06 14:35:00-05:00,43.715,43.84,43.715,43.75,8799
2018-02-06 14:40:00-05:00,43.75,43.84,43.75,43.84,4376
2018-02-06 14:45:00-05:00,43.87,44.03,43.855,44.0,8496
2018-02-06 14:50:00-05:00,44.045,44.12,43.97,44.12,8253
2018-02-06 14:55:00-05:00,44.12,44.28,44.12,44.25,9605
2018-02-06 15:00:00-05:00,44.28,44.44,44.27,44.41,14140
2018-02-06 15:05:00-05:00,44.41,44.62,44.38,44.61,15404
2018-02-06 15:10:00-05:00,44.64,44.64,44.39,44.39,10613
2018-02-06 15:15:00-05:00,44.4,44.47,44.345,44.36,17034
2018-02-06 15:20:00-05:00,44.38,44.495,44.35,44.36,17599
2018-02-06 15:25:00-05:00,44.37,44.49,44.36,44.47,26093
2018-02-06 15:30:00-05:00,44.48,44.615,44.415,44.55,41258
2018-02-06 15:35:00-05:00,44.55,44.635,44.5,44.63,60264
2018-02-06 15:40:00-05:00,44.64,44.72,44.64,44.655,27456
2018-02-06 15:45:00-05:00,44.65,44.65,44.475,44.485,40085
2018-02-06 15:50:00-05:00,44.49,44.6,44.45,44.6,41952
2018-02-06 15:55:00-05:00,44.59,44.68,44.54,44.67,90980
2018-02-07 09:30:00-05:00,44.5,44.55,44.28,44.33,18463
2018-02-07 09:35:00-05:00,44.36,44.49,44.31,44.44,19329
2018-02-07 09:40:00-05:00,44.43,44.66,44.43,44.56,28821
2018-02-07 09:45:00-05:00,44.57,44.64,44.46,44.47,21809
2018-02-07 09:50:00-05:00,44.47,44.71,44.45,44.67,34698
2018-02-07 09:55:00-05:00,44.67,44.84,44.63,44.81,41213
2018-02-07 10:00:00-05:00,44.8,44.89,44.73,44.88,43118
2018-02-07 10:05:00-05:00,44.9,45.09,44.88,45.06,38377
2018-02-07 10:10:00-05:00,45.06,45.09,45.0,45.09,29913
2018-02-07 10:15:00-05:00,45.09,45.13,45.06,45.09,34230
2018-02-07 10:20:00-05:00,45.09,45.13,45.04,45.13,32564
2018-02-07 10:25:00-05:00,45.13,45.14,45.085,45.09,31649
2018-02-07 10:30:00-05:00,45.085,45.11,45.01,45.01,25634
2018-02-07 10:35:00-05:00,45.02,45.09,45.02,45.08,25544
2018-02-07 10:40:00-05:00,45.08,45.09,45.0,45.01,20938
2018-02-07 10:45:00-05:00,45.01,45.13,45.01,45.13,21098
2018-02-07 10:50:00-05:00,45.13,45.25,45.13,45.25,21662
2018-02-07 10:55:00-05:00,45.25,45.3,45.22,45.3,26228
2018-02-07 11:00:00-05:00,45.31,45.34,45.27,45.33,20197
2018-02-07 11:05:00-05:00,45.33,45.44,45.33,45.44,21022
2018-02-07 11:10:00-05:00,45.46,45.48,45.425,45.47,20902
2018-02-07 11:15:00-05:00,45.47,45.495,45.3,45.31,13595
2018-02-07 11:20:00-05:00,45.31,45.33,45.26,45.28,9238
2018-02-07 11:25:00-05:00,45.28,45.3,45.23,45.24,9927
2018-02-07 11:30:00-05:00,45.24,45.31,45.23,45.285,10628
2018-02-07 11:35:00-05:00,45.28,45.3,45.25,45.29,18798
2018-02-07 11:40:00-05:00,45.28,45.37,45.24,45.36,10214
2018-02-07 11:45:00-05:00,45.37,45.38,45.32,45.32,10444
2018-02-07 11:50:00-05:00,45.31,45.36,45.27,45.34,20480
2018-02-07 11:55:00-05:00,45.32,45.37,45.27,45.37,15346
2018-02-07 12:00:00-05:00,45.37,45.39,45.34,45.37,18410
2018-02-07 12:05:00-05:00,45.365,45.365,45.28,45.3,7822
2018-02-07 12:10:00-05:00,45.3,45.37,45.3,45.35,7672
2018-02-07 12:15:00-05:00,45.37,45.37,45.3,45.32,7171
2018-02-07 12:20:00-05:00,45.32,45.32,45.25,45.28,7149
2018-02-07 12:25:00-05:00,45.28,45.32,45.27,45.32,7342
2018-02-07 12:30:00-05:00,45.325,45.35,45.24,45.27,8139
2018-02-07 12:35:00-05:00,45.255,45.27,45.19,45.19,17819
2018-02-07 12:40:00-05:00,45.18,45.18,45.135,45.16,13683
2018-02-07 12:45:00-05:00,45.16,45.18,45.09,45.13,21388
2018-02-07 12:50:00-05:00,45.13,45.19,45.13,45.165,17868
2018-02-07 12:55:00-05:00,45.17,45.205,45.16,45.195,7736
2018-02-07 13:00:00-05:00,45.195,45.24,45.16,45.21,11933
2018-02-07 13:05:00-05:00,45.2,45.2,45.08,45.1,10210
2018-02-07 13:10:00-05:00,45.09,45.11,44.96,44.96,37400
2018-02-07 13:15:00-05:00,44.91,45.04,44.89,45.04,21970
2018-02-07 13:20:00-05:00,45.04,45.04,44.88,44.93,5015
2018-02-07 13:25:00-05:00,44.94,44.995,44.85,44.96,17330
2018-02-07 13:30:00-05:00,44.96,44.98,44.885,44.95,13705
2018-02-07 13:35:00-05:00,44.93,45.13,44.93,45.05,7569
2018-02-07 13:40:00-05:00,45.06,45.12,45.05,45.11,7469
2018-02-07 13:45:00-05:00,45.1,45.12,45.02,45.02,11251
2018-02-07 13:50:00-05:00,45.03,45.03,44.94,44.95,10678
2018-02-07 13:55:00-05:00,44.94,45.02,44.93,45.02,7220
2018-02-07 14:00:00-05:00,45.01,45.01,44.86,44.885,13898
2018-02-07 14:05:00-05:00,44.89,44.95,44.85,44.85,11098
2018-02-07 14:10:00-05:00,44.88,44.97,44.87,44.94,9913
2018-02-07 14:15:00-05:00,44.96,45.0,44.93,44.96,7041
2018-02-07 14:20:00-05:00,44.98,44.98,44.92,44.92,10597
2018-02-07 14:25:00-05:00,44.9,44.935,44.89,44.93,16036
2018-02-07 14:30:00-05:00,44.93,44.95,44.92,44.95,10220
2018-02-07 14:35:00-05:00,44.94,44.96,44.905,44.905,19294
2018-02-07 14:40:00-05:00,44.9,44.92,44.835,44.85,20461
2018-02-07 14:45:00-05:00,44.855,44.86,44.8,44.81,21645
2018-02-07 14:50:00-05:00,44.8,44.8,44.74,44.79,16173
2018-02-07 14:55:00-05:00,44.78,44.89,44.77,44.88,8558
2018-02-07 15:00:00-05:00,44.88,44.97,44.865,44.92,7224
2018-02-07 15:05:00-05:00,44.93,44.93,44.88,44.88,6910
2018-02-07 15:10:00-05:00,44.87,44.93,44.87,44.93,11712
2018-02-07 15:15:00-05:00,44.935,44.96,44.91,44.93,10263
2018-02-07 15:20:00-05:00,44.93,44.98,44.93,44.95,15801
2018-02-07 15:25:00-05:00,44.94,45.03,44.94,44.995,15054
2018-02-07 15:30:00-05:00,44.99,45.025,44.965,45.01,15549
2018-02-07 15:35:00-05:00,45.02,45.065,45.0,45.0,19853
2018-02-07 15:40:00-05:00,45.0,45.03,44.96,44.96,23319
2018-02-07 15:45:00-05:00,44.955,44.955,44.795,44.82,41031
2018-02-07 15:50:00-05:00,44.81,44.84,44.67,44.73,63076
2018-02-07 15:55:00-05:00,44.72,44.745,44.57,44.58,65596
2018-02-08 09:30:00-05:00,44.57,44.57,44.21,44.28,6360
2018-02-08 09:35:00-05:00,44.22,44.38,44.22,44.35,17900
2018-02-08 09:40:00-05:00,44.345,44.4,44.295,44.34,20417
2018-02-08 09:45:00-05:00,44.35,44.365,44.195,44.27,10591
2018-02-08 09:50:00-05:00,44.29,44.335,44.23,44.31,26918
2018-02-08 09:55:00-05:00,44.29,44.325,44.19,44.19,9815
2018-02-08 10:00:00-05:00,44.17,44.23,44.12,44.145,21190
2018-02-08 10:05:00-05:00,44.145,44.325,44.145,44.315,19113
2018-02-08 10:10:00-05:00,44.335,44.335,44.23,44.29,8063
2018-02-08 10:15:00-05:00,44.29,44.33,44.155,44.155,46803
2018-02-08 10:20:00-05:00,44.16,44.17,44.13,44.14,19890
2018-02-08 10:25:00-05:00,44.15,44.15,43.97,43.99,20313
2018-02-08 10:30:00-05:00,43.99,44.07,43.98,44.02,13341
2018-02-08 10:35:00-05:00,44.01,44.08,44.0,44.075,10554
2018-02-08 10:40:00-05:00,44.07,44.17,44.06,44.16,10416
2018-02-08 10:45:00-05:00,44.16,44.18,44.04,44.045,14981
2018-02-08 10:50:00-05:00,44.04,44.045,43.985,43.995,22500
2018-02-08 10:55:00-05:00,43.975,44.01,43.94,43.99,21281
2018-02-08 11:00:00-05:00,43.97,44.0,43.9,44.0,21727
2018-02-08 11:05:00-05:00,44.01,44.075,43.99,44.03,18563
2018-02-08 11:10:00-05:00,44.04,44.15,43.98,43.98,13413
2018-02-08 11:15:00-05:00,43.99,44.04,43.91,43.99,15180
2018-02-08 11:20:00-05:00,44.0,44.0,43.92,43.96,7398
2018-02-08 11:25:00-05:00,43.96,43.96,43.82,43.82,13805
2018-02-08 11:30:00-05:00,43.82,44.03,43.81,44.03,14407
2018-02-08 11:35:00-05:00,44.02,44.07,43.97,44.04,33979
2018-02-08 11:40:00-05:00,44.04,44.04,43.9,43.94,14149
2018-02-08 11:45:00-05:00,43.925,43.99,43.88,43.925,12066
2018-02-08 11:50:00-05:00,43.93,44.09,43.925,43.98,27515
2018-02-08 11:55:00-05:00,43.97,44.01,43.88,43.88,8901
2018-02-08 12:00:00-05:00,43.86,43.93,43.86,43.91,7625
2018-02-08 12:05:00-05:00,43.91,43.91,43.855,43.89,13098
2018-02-08 12:10:00-05:00,43.88,43.9,43.85,43.855,13047
2018-02-08 12:15:00-05:00,43.86,43.99,43.84,43.99,12120
2018-02-08 12:20:00-05:00,43.98,43.98,43.85,43.85,5210
2018-02-08 12:25:00-05:00,43.84,43.87,43.77,43.83,6789
2018-02-08 12:30:00-05:00,43.83,43.87,43.76,43.79,10208
2018-02-08 12:35:00-05:00,43.8,43.88,43.77,43.84,8941
2018-02-08 12:40:00-05:00,43.85,44.04,43.85,43.93,9717
2018-02-08 12:45:00-05:00,43.92,43.93,43.82,43.87,7620
2018-02-08 12:50:00-05:00,43.85,43.86,43.71,43.75,10344
2018-02-08 12:55:00-05:00,43.76,43.84,43.67,43.82,11957
2018-02-08 13:00:00-05:00,43.81,43.83,43.7,43.74,14796
2018-02-08 13:05:00-05:00,43.74,43.85,43.65,43.81,11330
2018-02-08 13:10:00-05:00,43.82,43.84,43.69,43.72,20738
2018-02-08 13:15:00-05:00,43.72,43.87,43.72,43.79,25147
2018-02-08 13:20:00-05:00,43.78,43.88,43.71,43.75,38116
2018-02-08 13:25:00-05:00,43.77,43.77,43.64,43.64,16514
2018-02-08 13:30:00-05:00,43.6,43.67,43.6,43.65,13718
2018-02-08 13:35:00-05:00,43.66,43.79,43.66,43.79,9510
2018-02-08 13:40:00-05:00,43.79,43.86,43.75,43.85,8680
2018-02-08 13:45:00-05:00,43.85,43.905,43.76,43.79,8264
2018-02-08 13:50:00-05:00,43.79,43.91,43.78,43.88,10688
2018-02-08 13:55:00-05:00,43.89,43.89,43.78,43.85,6532
2018-02-08 14:00:00-05:00,43.84,43.84,43.69,43.7,8859
2018-02-08 14:05:00-05:00,43.72,43.77,43.69,43.76,7071
2018-02-08 14:10:00-05:00,43.76,43.8,43.74,43.795,6848
2018-02-08 14:15:00-05:00,43.78,43.89,43.75,43.85,7337
2018-02-08 14:20:00-05:00,43.86,43.895,43.79,43.81,9187
2018-02-08 14:25:00-05:00,43.81,43.81,43.74,43.75,8617
2018-02-08 14:30:00-05:00,43.75,43.75,43.65,43.65,28032
2018-02-08 14:35:00-05:00,43.64,43.71,43.57,43.7,30782
2018-02-08 14:40:00-05:00,43.69,43.69,43.64,43.64,23450
2018-02-08 14:45:00-05:00,43.64,43.74,43.63,43.72,16367
2018-02-08 14:50:00-05:00,43.73,43.73,43.59,43.61,13380
2018-02-08 14:55:00-05:00,43.6,43.65,43.55,43.65,12088
2018-02-08 15:00:00-05:00,43.67,43.76,43.62,43.76,11578
2018-02-08 15:05:00-05:00,43.76,43.76,43.6,43.6,17129
2018-02-08 15:10:00-05:00,43.59,43.62,43.53,43.57,12910
2018-02-08 15:15:00-05:00,43.58,43.62,43.52,43.54,11656
2018-02-08 15:20:00-05:00,43.54,43.63,43.48,43.58,16459
2018-02-08 15:25:00-05:00,43.6,43.735,43.6,43.62,12030
2018-02-08 15:30:00-05:00,43.61,43.66,43.53,43.53,12426
2018-02-08 15:35:00-05:00,43.53,43.55,43.45,43.48,21224
2018-02-08 15:40:00-05:00,43.48,43.545,43.35,43.545,28873
2018-02-08 15:45:00-05:00,43.52,43.525,43.3,43.345,54564
2018-02-08 15:50:00-05:00,43.35,43.36,43.215,43.29,72392
2018-02-08 15:55:00-05:00,43.285,43.33,43.08,43.09,106768
2018-02-09 09:20:00-05:00,43.33,43.33,43.33,43.33,100
2018-02-09 09:30:00-05:00,43.3,43.42,43.18,43.22,11343
2018-02-09 09:35:00-05:00,43.21,43.26,43.1,43.18,16729
2018-02-09 09:40:00-05:00,43.17,43.23,43.05,43.19,18298
2018-02-09 09:45:00-05:00,43.195,43.35,43.14,43.25,19196
2018-02-09 09:50:00-05:00,43.245,43.27,43.175,43.19,28668
2018-02-09 09:55:00-05:00,43.2,43.365,43.185,43.21,17175
2018-02-09 10:00:00-05:00,43.24,43.37,43.24,43.3,9737
2018-02-09 10:05:00-05:00,43.3,43.39,43.21,43.31,15839
2018-02-09 10:10:00-05:00,43.315,43.37,43.25,43.36,15483
2018-02-09 10:15:00-05:00,43.35,43.36,43.25,43.26,14225
2018-02-09 10:20:00-05:00,43.25,43.25,43.14,43.145,19009
2018-02-09 10:25:00-05:00,43.14,43.225,43.115,43.135,23337
2018-02-09 10:30:00-05:00,43.14,43.15,43.11,43.11,19680
2018-02-09 10:35:00-05:00,43.105,43.14,43.02,43.02,24694
2018-02-09 10:40:00-05:00,43.02,43.05,42.96,42.98,19223
2018-02-09 10:45:00-05:00,42.98,43.03,42.75,42.84,27391
2018-02-09 10:50:00-05:00,42.84,43.075,42.77,43.06,20946
2018-02-09 10:55:00-05:00,43.03,43.11,42.99,43.015,15442
2018-02-09 11:00:00-05:00,43.03,43.105,43.0,43.06,14071
2018-02-09 11:05:00-05:00,43.09,43.09,42.97,43.03,18771
2018-02-09 11:10:00-05:00,43.0,43.12,43.0,43.1,28014
2018-02-09 11:15:00-05:00,43.105,43.12,43.0,43.08,14636
2018-02-09 11:20:00-05:00,43.085,43.115,43.04,43.041,17167
2018-02-09 11:25:00-05:00,43.03,43.13,43.01,43.03,14605
2018-02-09 11:30:00-05:00,43.02,43.05,42.97,43.01,10171
2018-02-09 11:35:00-05:00,43.015,43.05,42.98,43.01,8601
2018-02-09 11:40:00-05:00,43.01,43.03,42.97,43.02,6925
2018-02-09 11:45:00-05:00,43.01,43.04,42.97,42.97,6895
2018-02-09 11:50:00-05:00,42.96,43.0,42.895,42.895,4422
2018-02-09 11:55:00-05:00,42.9,42.905,42.78,42.8,43728
2018-02-09 12:00:00-05:00,42.795,42.85,42.75,42.83,10169
2018-02-09 12:05:00-05:00,42.86,42.87,42.68,42.69,14753
2018-02-09 12:10:00-05:00,42.671,42.82,42.62,42.67,11023
2018-02-09 12:15:00-05:00,42.68,42.81,42.67,42.72,11352
2018-02-09 12:20:00-05:00,42.72,42.82,42.69,42.73,8934
2018-02-09 12:25:00-05:00,42.71,42.72,42.62,42.63,10989
2018-02-09 12:30:00-05:00,42.69,42.74,42.645,42.675,6718
2018-02-09 12:35:00-05:00,42.68,42.72,42.581,42.66,9322
2018-02-09 12:40:00-05:00,42.62,42.65,42.6,42.6,6865
2018-02-09 12:45:00-05:00,42.6,42.64,42.58,42.59,5791
2018-02-09 12:50:00-05:00,42.59,42.65,42.54,42.57,9379
2018-02-09 12:55:00-05:00,42.58,42.71,42.56,42.71,7922
2018-02-09 13:00:00-05:00,42.68,42.68,42.45,42.49,9934
2018-02-09 13:05:00-05:00,42.51,42.56,42.47,42.48,5511
2018-02-09 13:10:00-05:00,42.46,42.495,42.37,42.44,9741
2018-02-09 13:15:00-05:00,42.41,42.48,42.4,42.48,21672
2018-02-09 13:20:00-05:00,42.47,42.47,42.2,42.29,13833
2018-02-09 13:25:00-05:00,42.28,42.36,42.23,42.28,10452
2018-02-09 13:30:00-05:00,42.29,42.39,42.28,42.3,12441
2018-02-09 13:35:00-05:00,42.281,42.31,42.19,42.24,13671
2018-02-09 13:40:00-05:00,42.25,42.38,42.25,42.35,9420
2018-02-09 13:45:00-05:00,42.35,42.45,42.35,42.41,13901
2018-02-09 13:50:00-05:00,42.4,42.49,42.35,42.49,13820
2018-02-09 13:55:00-05:00,42.48,42.62,42.405,42.405,16767
2018-02-09 14:00:00-05:00,42.42,42.71,42.28,42.58,33443
2018-02-09 14:05:00-05:00,42.561,42.69,42.52,42.55,22462
2018-02-09 14:10:00-05:00,42.58,42.77,42.58,42.69,20264
2018-02-09 14:15:00-05:00,42.7,42.84,42.63,42.78,16001
2018-02-09 14:20:00-05:00,42.8,42.845,42.73,42.845,23302
2018-02-09 14:25:00-05:00,42.86,42.92,42.77,42.77,19841
2018-02-09 14:30:00-05:00,42.79,42.86,42.74,42.76,25215
2018-02-09 14:35:00-05:00,42.78,42.85,42.69,42.79,15054
2018-02-09 14:40:00-05:00,42.83,42.84,42.7,42.76,12362
2018-02-09 14:45:00-05:00,42.75,42.82,42.64,42.72,15513
2018-02-09 14:50:00-05:00,42.71,42.81,42.69,42.75,9864
2018-02-09 14:55:00-05:00,42.74,42.745,42.63,42.67,8829
2018-02-09 15:00:00-05:00,42.64,42.675,42.55,42.58,15417
2018-02-09 15:05:00-05:00,42.56,42.59,42.43,42.49,18708
2018-02-09 15:10:00-05:00,42.46,42.66,42.44,42.66,13073
2018-02-09 15:15:00-05:00,42.67,42.75,42.62,42.725,9484
2018-02-09 15:20:00-05:00,42.75,42.82,42.74,42.75,11122
2018-02-09 15:25:00-05:00,42.75,42.9,42.72,42.79,17137
2018-02-09 15:30:00-05:00,42.8,42.945,42.795,42.885,19200
2018-02-09 15:35:00-05:00,42.89,42.95,42.78,42.87,22279
2018-02-09 15:40:00-05:00,42.88,43.08,42.87,43.08,28598
2018-02-09 15:45:00-05:00,43.1,43.33,43.08,43.27,39764
2018-02-09 15:50:00-05:00,43.26,43.445,43.26,43.285,41417
2018-02-09 15:55:00-05:00,43.275,43.3,43.0,43.13,80743
2018-02-09 16:30:00-05:00,43.19,43.19,43.19,43.19,100
2018-02-12 09:30:00-05:00,43.54,43.595,43.41,43.54,25562
2018-02-12 09:35:00-05:00,43.55,43.61,43.51,43.575,16445
2018-02-12 09:40:00-05:00,43.605,43.72,43.605,43.71,11493
2018-02-12 09:45:00-05:00,43.735,43.75,43.66,43.66,10665
2018-02-12 09:50:00-05:00,43.67,43.73,43.63,43.64,19743
2018-02-12 09:55:00-05:00,43.64,43.655,43.55,43.565,11302
2018-02-12 10:00:00-05:00,43.58,43.65,43.55,43.635,14419
2018-02-12 10:05:00-05:00,43.63,43.64,43.505,43.51,13727
2018-02-12 10:10:00-05:00,43.495,43.495,43.39,43.39,7031
2018-02-12 10:15:00-05:00,43.43,43.52,43.41,43.46,5887
2018-02-12 10:20:00-05:00,43.46,43.46,43.4,43.42,16621
2018-02-12 10:25:00-05:00,43.41,43.51,43.39,43.51,29192
2018-02-12 10:30:00-05:00,43.51,43.54,43.41,43.535,24890
2018-02-12 10:35:00-05:00,43.53,43.61,43.52,43.52,14429
2018-02-12 10:40:00-05:00,43.52,43.53,43.44,43.45,5157
2018-02-12 10:45:00-05:00,43.45,43.57,43.45,43.57,4294
2018-02-12 10:50:00-05:00,43.58,43.6,43.515,43.55,5808
2018-02-12 10:55:00-05:00,43.57,43.59,43.51,43.57,6429
2018-02-12 11:00:00-05:00,43.57,43.64,43.53,43.64,26302
2018-02-12 11:05:00-05:00,43.655,43.715,43.64,43.69,10429
2018-02-12 11:10:00-05:00,43.71,43.79,43.665,43.78,5725
2018-02-12 11:15:00-05:00,43.76,43.775,43.68,43.68,3520
2018-02-12 11:20:00-05:00,43.67,43.73,43.65,43.71,5959
2018-02-12 11:25:00-05:00,43.7,43.705,43.66,43.68,7782
2018-02-12 11:30:00-05:00,43.69,43.69,43.6,43.64,6961
2018-02-12 11:35:00-05:00,43.61,43.685,43.61,43.685,4826
2018-02-12 11:40:00-05:00,43.68,43.71,43.67,43.685,4100
2018-02-12 11:45:00-05:00,43.685,43.73,43.65,43.72,6652
2018-02-12 11:50:00-05:00,43.715,43.81,43.715,43.8,8148
2018-02-12 11:55:00-05:00,43.8,43.84,43.77,43.83,11090
2018-02-12 12:00:00-05:00,43.825,43.825,43.73,43.79,7534
2018-02-12 12:05:00-05:00,43.78,43.9,43.78,43.89,9062
2018-02-12 12:10:00-05:00,43.895,43.96,43.865,43.96,9953
2018-02-12 12:15:00-05:00,43.96,43.99,43.95,43.98,7522
2018-02-12 12:20:00-05:00,43.98,44.01,43.96,44.005,11618
2018-02-12 12:25:00-05:00,44.0,44.04,43.95,44.04,15788
2018-02-12 12:30:00-05:00,44.04,44.06,44.01,44.03,7585
2018-02-12 12:35:00-05:00,44.02,44.09,44.01,44.06,8807
2018-02-12 12:40:00-05:00,44.07,44.07,43.99,44.0,7789
2018-02-12 12:45:00-05:00,44.01,44.01,43.915,43.915,3250
2018-02-12 12:50:00-05:00,43.93,43.94,43.91,43.94,2741
2018-02-12 12:55:00-05:00,43.93,43.96,43.92,43.95,3681
2018-02-12 13:00:00-05:00,43.97,44.03,43.97,44.03,4593
2018-02-12 13:05:00-05:00,44.03,44.03,43.92,43.93,4657
2018-02-12 13:10:00-05:00,43.93,43.99,43.93,43.99,3655
2018-02-12 13:15:00-05:00,43.98,43.98,43.95,43.95,4980
2018-02-12 13:20:00-05:00,43.93,43.93,43.875,43.88,6070
2018-02-12 13:25:00-05:00,43.88,43.88,43.83,43.835,6244
2018-02-12 13:30:00-05:00,43.84,43.85,43.82,43.83,6321
2018-02-12 13:35:00-05:00,43.82,43.82,43.76,43.78,36707
2018-02-12 13:40:00-05:00,43.78,43.85,43.78,43.845,4824
2018-02-12 13:45:00-05:00,43.84,43.88,43.82,43.85,5638
2018-02-12 13:50:00-05:00,43.88,44.015,43.86,44.015,13258
2018-02-12 13:55:00-05:00,44.015,44.09,43.99,44.04,9349
2018-02-12 14:00:00-05:00,44.04,44.05,44.0,44.01,7949
2018-02-12 14:05:00-05:00,44.01,44.03,43.97,43.98,6839
2018-02-12 14:10:00-05:00,43.99,44.01,43.94,43.96,9627
2018-02-12 14:15:00-05:00,43.96,43.975,43.95,43.96,4597
2018-02-12 14:20:00-05:00,43.96,44.0,43.96,43.97,7458
2018-02-12 14:25:00-05:00,43.96,44.04,43.955,44.025,10996
2018-02-12 14:30:00-05:00,44.03,44.08,44.03,44.04,9239
2018-02-12 14:35:00-05:00,44.05,44.09,44.03,44.05,5049
2018-02-12 14:40:00-05:00,44.06,44.1,44.03,44.03,5886
2018-02-12 14:45:00-05:00,44.03,44.04,44.0,44.02,6296
2018-02-12 14:50:00-05:00,44.02,44.03,43.97,43.985,8992
2018-02-12 14:55:00-05:00,43.98,44.0,43.95,43.995,9716
2018-02-12 15:00:00-05:00,43.99,44.015,43.985,44.0,6376
2018-02-12 15:05:00-05:00,44.0,44.07,44.0,44.07,7756
2018-02-12 15:10:00-05:00,44.06,44.16,44.03,44.15,11283
2018-02-12 15:15:00-05:00,44.14,44.16,44.13,44.15,8920
2018-02-12 15:20:00-05:00,44.15,44.2,44.15,44.2,11486
2018-02-12 15:25:00-05:00,44.2,44.2,44.175,44.2,13168
2018-02-12 15:30:00-05:00,44.2,44.225,44.11,44.13,18452
2018-02-12 15:35:00-05:00,44.14,44.15,44.01,44.04,16136
2018-02-12 15:40:00-05:00,44.06,44.1,44.04,44.09,19298
2018-02-12 15:45:00-05:00,44.09,44.09,43.84,43.98,42115
2018-02-12 15:50:00-05:00,43.98,44.065,43.96,44.01,30464
2018-02-12 15:55:00-05:00,44.01,44.01,43.9,43.98,59732
2018-02-13 09:30:00-05:00,43.9,43.92,43.7,43.7,6006
2018-02-13 09:35:00-05:00,43.72,44.06,43.72,44.05,8269
2018-02-13 09:40:00-05:00,44.05,44.05,43.87,43.95,18135
2018-02-13 09:45:00-05:00,43.955,43.975,43.87,43.925,24367
2018-02-13 09:50:00-05:00,43.915,43.99,43.91,43.96,15323
2018-02-13 09:55:00-05:00,43.965,44.08,43.93,44.08,11748
2018-02-13 10:00:00-05:00,44.09,44.12,43.96,44.01,12152
2018-02-13 10:05:00-05:00,44.005,44.015,43.89,43.9,12951
2018-02-13 10:10:00-05:00,43.89,43.94,43.88,43.91,19801
2018-02-13 10:15:00-05:00,43.905,43.945,43.87,43.945,13453
2018-02-13 10:20:00-05:00,43.94,43.995,43.94,43.98,10261
2018-02-13 10:25:00-05:00,43.98,44.02,43.905,43.905,14810
2018-02-13 10:30:00-05:00,43.91,43.91,43.815,43.84,6764
2018-02-13 10:35:00-05:00,43.85,43.91,43.83,43.91,7350
2018-02-13 10:40:00-05:00,43.92,43.95,43.91,43.94,7774
2018-02-13 10:45:00-05:00,43.93,44.05,43.93,44.045,13553
2018-02-13 10:50:00-05:00,44.03,44.08,44.03,44.08,9281
2018-02-13 10:55:00-05:00,44.075,44.08,44.0,44.02,8593
2018-02-13 11:00:00-05:00,44.01,44.05,43.99,44.02,10031
2018-02-13 11:05:00-05:00,44.03,44.09,44.02,44.07,7096
2018-02-13 11:10:00-05:00,44.06,44.08,44.0,44.05,16319
2018-02-13 11:15:00-05:00,44.05,44.06,44.02,44.03,5619
2018-02-13 11:20:00-05:00,44.03,44.04,43.98,44.04,10087
2018-02-13 11:25:00-05:00,44.04,44.04,43.94,43.97,10775
2018-02-13 11:30:00-05:00,43.96,44.0,43.96,43.97,13856
2018-02-13 11:35:00-05:00,43.97,43.98,43.96,43.96,5514
2018-02-13 11:40:00-05:00,44.0,44.0,43.91,43.92,10642
2018-02-13 11:45:00-05:00,43.925,44.02,43.925,44.005,8523
2018-02-13 11:50:00-05:00,44.01,44.07,44.005,44.04,5635
2018-02-13 11:55:00-05:00,44.04,44.045,44.0,44.01,10604
2018-02-13 12:00:00-05:00,44.01,44.04,44.005,44.025,18953
2018-02-13 12:05:00-05:00,44.03,44.03,43.98,43.985,9061
2018-02-13 12:10:00-05:00,43.99,44.03,43.98,44.03,9983
2018-02-13 12:15:00-05:00,44.02,44.02,43.995,44.01,7145
2018-02-13 12:20:00-05:00,44.0,44.01,43.99,43.99,5283
2018-02-13 12:25:00-05:00,43.995,44.03,43.98,44.03,5201
2018-02-13 12:30:00-05:00,44.035,44.035,44.0,44.01,4725
2018-02-13 12:35:00-05:00,44.03,44.05,44.03,44.045,2160
2018-02-13 12:40:00-05:00,44.05,44.07,44.04,44.065,4908
2018-02-13 12:45:00-05:00,44.07,44.07,44.04,44.055,6734
2018-02-13 12:50:00-05:00,44.055,44.055,44.04,44.045,32690
2018-02-13 12:55:00-05:00,44.045,44.05,43.98,43.98,6027
2018-02-13 13:00:00-05:00,43.98,44.01,43.965,43.965,5091
2018-02-13 13:05:00-05:00,43.965,44.03,43.95,44.03,6576
2018-02-13 13:10:00-05:00,44.02,44.11,44.01,44.11,8241
2018-02-13 13:15:00-05:00,44.11,44.17,44.1,44.17,4113
2018-02-13 13:20:00-05:00,44.17,44.25,44.17,44.25,6672
2018-02-13 13:25:00-05:00,44.265,44.27,44.19,44.2,4016
2018-02-13 13:30:00-05:00,44.2,44.205,44.165,44.205,4602
2018-02-13 13:35:00-05:00,44.215,44.26,44.2,44.26,10415
2018-02-13 13:40:00-05:00,44.26,44.29,44.24,44.255,28163
2018-02-13 13:45:00-05:00,44.255,44.285,44.255,44.275,13635
2018-02-13 13:50:00-05:00,44.27,44.28,44.24,44.27,15873
2018-02-13 13:55:00-05:00,44.265,44.27,44.24,44.265,14993
2018-02-13 14:00:00-05:00,44.265,44.34,44.265,44.305,10846
2018-02-13 14:05:00-05:00,44.305,44.34,44.295,44.34,8559
2018-02-13 14:10:00-05:00,44.335,44.375,44.33,44.36,7397
2018-02-13 14:15:00-05:00,44.38,44.39,44.36,44.365,4991
2018-02-13 14:20:00-05:00,44.365,44.4,44.355,44.38,6582
2018-02-13 14:25:00-05:00,44.38,44.4,44.37,44.38,7567
2018-02-13 14:30:00-05:00,44.38,44.395,44.36,44.395,10255
2018-02-13 14:35:00-05:00,44.4,44.41,44.31,44.32,9490
2018-02-13 14:40:00-05:00,44.33,44.34,44.31,44.325,4183
2018-02-13 14:45:00-05:00,44.325,44.335,44.29,44.33,9904
2018-02-13 14:50:00-05:00,44.325,44.33,44.29,44.3,9645
2018-02-13 14:55:00-05:00,44.295,44.31,44.29,44.295,11363
2018-02-13 15:00:00-05:00,44.29,44.3,44.24,44.24,12026
2018-02-13 15:05:00-05:00,44.24,44.25,44.23,44.235,12477
2018-02-13 15:10:00-05:00,44.23,44.305,44.215,44.305,10577
2018-02-13 15:15:00-05:00,44.3,44.38,44.29,44.36,8961
2018-02-13 15:20:00-05:00,44.35,44.36,44.32,44.33,7492
2018-02-13 15:25:00-05:00,44.335,44.35,44.315,44.315,10209
2018-02-13 15:30:00-05:00,44.31,44.33,44.29,44.32,10730
2018-02-13 15:35:00-05:00,44.33,44.37,44.33,44.35,9122
2018-02-13 15:40:00-05:00,44.345,44.35,44.25,44.27,15354
2018-02-13 15:45:00-05:00,44.27,44.31,44.26,44.27,26410
2018-02-13 15:50:00-05:00,44.27,44.32,44.27,44.295,33028
2018-02-13 15:55:00-05:00,44.29,44.29,44.17,44.19,59777
2018-02-14 09:30:00-05:00,44.0,44.13,43.83,43.83,8584
2018-02-14 09:35:00-05:00,43.83,43.855,43.67,43.755,9079
2018-02-14 09:40:00-05:00,43.755,43.8,43.72,43.8,16444
2018-02-14 09:45:00-05:00,43.83,43.86,43.73,43.84,24616
2018-02-14 09:50:00-05:00,43.84,43.86,43.75,43.75,10417
2018-02-14 09:55:00-05:00,43.76,43.78,43.63,43.7,19252
2018-02-14 10:00:00-05:00,43.7,43.76,43.7,43.72,11683
2018-02-14 10:05:00-05:00,43.72,43.81,43.72,43.81,20484
2018-02-14 10:10:00-05:00,43.81,43.98,43.8,43.92,17330
2018-02-14 10:15:00-05:00,43.95,44.0,43.885,43.965,16266
2018-02-14 10:20:00-05:00,43.97,44.065,43.97,44.03,20429
2018-02-14 10:25:00-05:00,44.03,44.03,43.85,43.88,13077
2018-02-14 10:30:00-05:00,43.955,43.96,43.81,43.82,12194
2018-02-14 10:35:00-05:00,43.82,43.95,43.82,43.94,11176
2018-02-14 10:40:00-05:00,43.94,43.95,43.84,43.84,9859
2018-02-14 10:45:00-05:00,43.83,43.935,43.83,43.92,17132
2018-02-14 10:50:00-05:00,43.91,43.95,43.885,43.93,12671
2018-02-14 10:55:00-05:00,43.92,44.005,43.92,43.97,14876
2018-02-14 11:00:00-05:00,43.96,44.02,43.89,43.89,17736
2018-02-14 11:05:00-05:00,43.89,43.91,43.84,43.9,9970
2018-02-14 11:10:00-05:00,43.895,43.97,43.895,43.97,8824
2018-02-14 11:15:00-05:00,43.98,44.02,43.95,44.0,10412
2018-02-14 11:20:00-05:00,44.005,44.06,43.97,44.01,11698
2018-02-14 11:25:00-05:00,44.01,44.03,43.98,43.99,9400
2018-02-14 11:30:00-05:00,44.03,44.03,43.99,43.99,10117
2018-02-14 11:35:00-05:00,43.99,44.06,43.93,44.05,13186
2018-02-14 11:40:00-05:00,44.04,44.12,44.02,44.09,11151
2018-02-14 11:45:00-05:00,44.07,44.07,44.0,44.03,5970
2018-02-14 11:50:00-05:00,44.03,44.05,44.0,44.03,5967
2018-02-14 11:55:00-05:00,44.04,44.04,44.0,44.03,4951
2018-02-14 12:00:00-05:00,44.02,44.12,44.02,44.09,11998
2018-02-14 12:05:00-05:00,44.095,44.095,44.04,44.05,11441
2018-02-14 12:10:00-05:00,44.06,44.06,43.95,43.95,7881
2018-02-14 12:15:00-05:00,43.95,43.95,43.89,43.95,3792
2018-02-14 12:20:00-05:00,43.94,44.01,43.93,44.0,7412
2018-02-14 12:25:00-05:00,44.0,44.05,43.99,44.04,14759
2018-02-14 12:30:00-05:00,44.03,44.05,44.015,44.045,4041
2018-02-14 12:35:00-05:00,44.035,44.035,44.01,44.015,11484
2018-02-14 12:40:00-05:00,44.02,44.035,43.99,44.0,14218
2018-02-14 12:45:00-05:00,43.99,44.0,43.94,43.96,4830
2018-02-14 12:50:00-05:00,43.95,44.02,43.93,44.02,4957
2018-02-14 12:55:00-05:00,44.02,44.06,43.99,44.04,11999
2018-02-14 13:00:00-05:00,44.04,44.11,44.04,44.1,13626
2018-02-14 13:05:00-05:00,44.1,44.15,44.07,44.07,8589
2018-02-14 13:10:00-05:00,44.07,44.13,44.07,44.13,3654
2018-02-14 13:15:00-05:00,44.14,44.16,44.11,44.12,4186
2018-02-14 13:20:00-05:00,44.12,44.18,44.12,44.16,2904
2018-02-14 13:25:00-05:00,44.16,44.16,44.07,44.07,4402
2018-02-14 13:30:00-05:00,44.06,44.13,44.06,44.115,3168
2018-02-14 13:35:00-05:00,44.11,44.115,44.07,44.09,3937
2018-02-14 13:40:00-05:00,44.09,44.105,44.08,44.1,6047
2018-02-14 13:45:00-05:00,44.11,44.11,44.05,44.08,4888
2018-02-14 13:50:00-05:00,44.08,44.08,44.03,44.03,4389
2018-02-14 13:55:00-05:00,44.03,44.095,44.025,44.095,6401
2018-02-14 14:00:00-05:00,44.09,44.11,44.04,44.05,10341
2018-02-14 14:05:00-05:00,44.05,44.09,44.04,44.09,3487
2018-02-14 14:10:00-05:00,44.09,44.11,44.055,44.11,4281
2018-02-14 14:15:00-05:00,44.09,44.09,44.055,44.09,3785
2018-02-14 14:20:00-05:00,44.09,44.09,44.02,44.03,8837
2018-02-14 14:25:00-05:00,44.02,44.05,43.99,44.03,6556
2018-02-14 14:30:00-05:00,44.03,44.05,44.0,44.02,6426
2018-02-14 14:35:00-05:00,44.03,44.055,44.01,44.05,5496
2018-02-14 14:40:00-05:00,44.04,44.055,44.03,44.03,5334
2018-02-14 14:45:00-05:00,44.03,44.06,44.02,44.05,5028
2018-02-14 14:50:00-05:00,44.06,44.085,44.06,44.08,8147
2018-02-14 14:55:00-05:00,44.075,44.11,44.075,44.11,5518
2018-02-14 15:00:00-05:00,44.11,44.17,44.11,44.15,9119
2018-02-14 15:05:00-05:00,44.15,44.16,44.12,44.12,8830
2018-02-14 15:10:00-05:00,44.12,44.16,44.11,44.16,9559
2018-02-14 15:15:00-05:00,44.15,44.16,44.13,44.14,7175
2018-02-14 15:20:00-05:00,44.14,44.14,44.09,44.1,10160
2018-02-14 15:25:00-05:00,44.1,44.15,44.08,44.08,12387
2018-02-14 15:30:00-05:00,44.065,44.14,44.065,44.13,20860
2018-02-14 15:35:00-05:00,44.13,44.16,44.12,44.16,14538
2018-02-14 15:40:00-05:00,44.155,44.175,44.08,44.09,14079
2018-02-14 15:45:00-05:00,44.1,44.165,44.09,44.1,20439
2018-02-14 15:50:00-05:00,44.11,44.15,44.11,44.11,19956
2018-02-14 15:55:00-05:00,44.11,44.14,44.09,44.095,88804
2018-02-15 09:30:00-05:00,44.35,44.38,44.17,44.17,8124
2018-02-15 09:35:00-05:00,44.17,44.25,44.13,44.25,7129
2018-02-15 09:40:00-05:00,44.24,44.25,44.205,44.22,2741
2018-02-15 09:45:00-05:00,44.22,44.25,44.18,44.25,8201
2018-02-15 09:50:00-05:00,44.23,44.24,44.19,44.19,7564
2018-02-15 09:55:00-05:00,44.19,44.22,44.165,44.2,9748
2018-02-15 10:00:00-05:00,44.18,44.23,44.155,44.215,10089
2018-02-15 10:05:00-05:00,44.22,44.25,44.215,44.24,9244
2018-02-15 10:10:00-05:00,44.22,44.25,44.19,44.23,5069
2018-02-15 10:15:00-05:00,44.23,44.28,44.22,44.27,8534
2018-02-15 10:20:00-05:00,44.27,44.33,44.27,44.33,3191
2018-02-15 10:25:00-05:00,44.33,44.37,44.305,44.305,5824
2018-02-15 10:30:00-05:00,44.325,44.36,44.31,44.33,4665
2018-02-15 10:35:00-05:00,44.34,44.36,44.32,44.32,11965
2018-02-15 10:40:00-05:00,44.33,44.34,44.28,44.28,6778
2018-02-15 10:45:00-05:00,44.28,44.31,44.27,44.3,3545
2018-02-15 10:50:00-05:00,44.3,44.37,44.29,44.37,5736
2018-02-15 10:55:00-05:00,44.37,44.415,44.34,44.4,4069
2018-02-15 11:00:00-05:00,44.38,44.42,44.33,44.35,5651
2018-02-15 11:05:00-05:00,44.35,44.35,44.19,44.25,10327
2018-02-15 11:10:00-05:00,44.26,44.29,44.26,44.28,4926
2018-02-15 11:15:00-05:00,44.29,44.34,44.28,44.318,10088
2018-02-15 11:20:00-05:00,44.32,44.36,44.32,44.34,6265
2018-02-15 11:25:00-05:00,44.32,44.38,44.26,44.38,6982
2018-02-15 11:30:00-05:00,44.38,44.41,44.37,44.41,2357
2018-02-15 11:35:00-05:00,44.41,44.45,44.41,44.45,6171
2018-02-15 11:40:00-05:00,44.45,44.49,44.45,44.49,5555
2018-02-15 11:45:00-05:00,44.48,44.48,44.43,44.45,5524
2018-02-15 11:50:00-05:00,44.45,44.54,44.45,44.54,3247
2018-02-15 11:55:00-05:00,44.55,44.55,44.49,44.49,4952
2018-02-15 12:00:00-05:00,44.49,44.52,44.49,44.5,3586
2018-02-15 12:05:00-05:00,44.49,44.5,44.47,44.49,5685
2018-02-15 12:10:00-05:00,44.5,44.57,44.5,44.54,4102
2018-02-15 12:15:00-05:00,44.54,44.59,44.54,44.56,4967
2018-02-15 12:20:00-05:00,44.555,44.56,44.52,44.52,6503
2018-02-15 12:25:00-05:00,44.525,44.54,44.52,44.53,3841
2018-02-15 12:30:00-05:00,44.53,44.55,44.52,44.53,3369
2018-02-15 12:35:00-05:00,44.52,44.6,44.52,44.6,5795
2018-02-15 12:40:00-05:00,44.61,44.61,44.58,44.59,2944
2018-02-15 12:45:00-05:00,44.6,44.62,44.59,44.6,3998
2018-02-15 12:50:00-05:00,44.59,44.62,44.58,44.58,4348
2018-02-15 12:55:00-05:00,44.59,44.59,44.54,44.55,10536
2018-02-15 13:00:00-05:00,44.56,44.62,44.56,44.615,16683
2018-02-15 13:05:00-05:00,44.615,44.63,44.615,44.62,5010
2018-02-15 13:10:00-05:00,44.62,44.68,44.62,44.665,12005
2018-02-15 13:15:00-05:00,44.67,44.67,44.605,44.61,8104
2018-02-15 13:20:00-05:00,44.605,44.66,44.605,44.66,9049
2018-02-15 13:25:00-05:00,44.66,44.66,44.6,44.61,4896
2018-02-15 13:30:00-05:00,44.6,44.6,44.54,44.555,46412
2018-02-15 13:35:00-05:00,44.56,44.6,44.56,44.57,3957
2018-02-15 13:40:00-05:00,44.58,44.61,44.57,44.61,5540
2018-02-15 13:45:00-05:00,44.65,44.71,44.63,44.7,8974
2018-02-15 13:50:00-05:00,44.7,44.7,44.68,44.7,4728
2018-02-15 13:55:00-05:00,44.71,44.72,44.66,44.67,5931
2018-02-15 14:00:00-05:00,44.67,44.7,44.66,44.7,5513
2018-02-15 14:05:00-05:00,44.71,44.73,44.68,44.705,6143
2018-02-15 14:10:00-05:00,44.7,44.7,44.67,44.69,18399
2018-02-15 14:15:00-05:00,44.7,44.71,44.67,44.675,6262
2018-02-15 14:20:00-05:00,44.68,44.685,44.63,44.64,10467
2018-02-15 14:25:00-05:00,44.64,44.66,44.63,44.66,7811
2018-02-15 14:30:00-05:00,44.66,44.66,44.61,44.63,11233
2018-02-15 14:35:00-05:00,44.63,44.63,44.59,44.6,8699
2018-02-15 14:40:00-05:00,44.61,44.62,44.6,44.61,9196
2018-02-15 14:45:00-05:00,44.6,44.61,44.57,44.59,11763
2018-02-15 14:50:00-05:00,44.595,44.6,44.55,44.59,12348
2018-02-15 14:55:00-05:00,44.59,44.605,44.54,44.55,11328
2018-02-15 15:00:00-05:00,44.55,44.62,44.54,44.62,11404
2018-02-15 15:05:00-05:00,44.62,44.66,44.615,44.64,10189
2018-02-15 15:10:00-05:00,44.65,44.65,44.6,44.615,6954
2018-02-15 15:15:00-05:00,44.61,44.65,44.61,44.64,12554
2018-02-15 15:20:00-05:00,44.639,44.65,44.62,44.64,9398
2018-02-15 15:25:00-05:00,44.64,44.65,44.64,44.64,16332
2018-02-15 15:30:00-05:00,44.645,44.65,44.57,44.58,16248
2018-02-15 15:35:00-05:00,44.57,44.6,44.55,44.6,15401
2018-02-15 15:40:00-05:00,44.6,44.68,44.595,44.6,21441
2018-02-15 15:45:00-05:00,44.6,44.68,44.59,44.675,23926
2018-02-15 15:50:00-05:00,44.67,44.74,44.67,44.71,39861
2018-02-15 15:55:00-05:00,44.71,44.8,44.7,44.8,54296
2018-02-16 09:20:00-05:00,45.61,45.61,45.51,45.51,550
2018-02-16 09:30:00-05:00,45.53,45.6,45.1,45.235,32544
2018-02-16 09:35:00-05:00,45.245,45.34,45.08,45.1,63160
2018-02-16 09:40:00-05:00,45.08,45.155,44.91,45.14,86190
2018-02-16 09:45:00-05:00,45.15,45.15,44.97,44.97,37621
2018-02-16 09:50:00-05:00,44.93,44.93,44.72,44.75,16494
2018-02-16 09:55:00-05:00,44.75,44.965,44.75,44.945,23595
2018-02-16 10:00:00-05:00,44.945,45.09,44.925,45.075,44852
2018-02-16 10:05:00-05:00,45.06,45.065,44.84,44.84,40589
2018-02-16 10:10:00-05:00,44.83,44.965,44.81,44.96,11050
2018-02-16 10:15:00-05:00,44.96,45.06,44.96,45.02,17832
2018-02-16 10:20:00-05:00,45.02,45.065,44.975,44.975,15480
2018-02-16 10:25:00-05:00,44.97,45.08,44.96,45.08,28759
2018-02-16 10:30:00-05:00,45.08,45.13,45.05,45.1,36648
2018-02-16 10:35:00-05:00,45.11,45.12,45.08,45.08,13113
2018-02-16 10:40:00-05:00,45.08,45.1,45.02,45.025,15201
2018-02-16 10:45:00-05:00,45.03,45.11,45.02,45.11,12434
2018-02-16 10:50:00-05:00,45.11,45.11,45.05,45.095,9412
2018-02-16 10:55:00-05:00,45.09,45.09,45.025,45.025,7251
2018-02-16 11:00:00-05:00,45.03,45.1,45.02,45.07,10081
2018-02-16 11:05:00-05:00,45.055,45.11,45.05,45.11,9473
2018-02-16 11:10:00-05:00,45.12,45.17,45.09,45.1,9872
2018-02-16 11:15:00-05:00,45.095,45.14,45.07,45.135,8946
2018-02-16 11:20:00-05:00,45.14,45.19,45.075,45.075,6144
2018-02-16 11:25:00-05:00,45.07,45.13,45.06,45.11,5623
2018-02-16 11:30:00-05:00,45.11,45.18,45.11,45.18,4202
2018-02-16 11:35:00-05:00,45.15,45.2,45.15,45.2,3327
2018-02-16 11:40:00-05:00,45.19,45.19,45.07,45.075,3781
2018-02-16 11:45:00-05:00,45.08,45.19,45.08,45.14,5460
2018-02-16 11:50:00-05:00,45.16,45.19,45.14,45.18,3857
2018-02-16 11:55:00-05:00,45.16,45.17,45.13,45.15,4784
2018-02-16 12:00:00-05:00,45.15,45.185,45.15,45.185,1932
2018-02-16 12:05:00-05:00,45.185,45.22,45.18,45.22,6016
2018-02-16 12:10:00-05:00,45.22,45.24,45.215,45.24,8509
2018-02-16 12:15:00-05:00,45.25,45.31,45.25,45.285,3046
2018-02-16 12:20:00-05:00,45.29,45.29,45.27,45.28,2067
2018-02-16 12:25:00-05:00,45.28,45.31,45.28,45.3,3812
2018-02-16 12:30:00-05:00,45.3,45.42,45.3,45.42,4059
2018-02-16 12:35:00-05:00,45.43,45.45,45.35,45.35,5625
2018-02-16 12:40:00-05:00,45.345,45.43,45.34,45.43,14252
2018-02-16 12:45:00-05:00,45.435,45.435,45.385,45.39,2792
2018-02-16 12:50:00-05:00,45.4,45.4,45.34,45.34,9254
2018-02-16 12:55:00-05:00,45.34,45.395,45.33,45.385,6533
2018-02-16 13:00:00-05:00,45.39,45.425,45.36,45.4,4612
2018-02-16 13:05:00-05:00,45.4,45.4,45.35,45.385,4753
2018-02-16 13:10:00-05:00,45.39,45.39,45.34,45.36,4022
2018-02-16 13:15:00-05:00,45.39,45.395,45.32,45.32,3604
2018-02-16 13:20:00-05:00,45.325,45.38,45.32,45.375,4599
2018-02-16 13:25:00-05:00,45.385,45.39,45.31,45.315,4128
2018-02-16 13:30:00-05:00,45.3,45.3,45.21,45.26,8155
2018-02-16 13:35:00-05:00,45.255,45.3,45.21,45.27,10254
2018-02-16 13:40:00-05:00,45.25,45.32,45.25,45.3,6234
2018-02-16 13:45:00-05:00,45.3,45.35,45.3,45.33,5365
2018-02-16 13:50:00-05:00,45.32,45.34,45.31,45.31,3377
2018-02-16 13:55:00-05:00,45.305,45.33,45.29,45.3,4727
2018-02-16 14:00:00-05:00,45.32,45.35,45.32,45.335,5199
2018-02-16 14:05:00-05:00,45.27,45.29,45.26,45.26,1902
2018-02-16 14:10:00-05:00,45.22,45.24,45.07,45.07,8052
2018-02-16 14:15:00-05:00,45.045,45.1,45.02,45.07,4043
2018-02-16 14:20:00-05:00,45.07,45.07,45.0,45.02,2541
2018-02-16 14:25:00-05:00,45.03,45.09,45.02,45.075,6265
2018-02-16 14:30:00-05:00,45.075,45.09,45.025,45.08,8346
2018-02-16 14:35:00-05:00,45.08,45.125,45.065,45.1,2563
2018-02-16 14:40:00-05:00,45.09,45.1,45.05,45.05,5502
2018-02-16 14:45:00-05:00,45.055,45.125,45.055,45.11,4208
2018-02-16 14:50:00-05:00,45.115,45.12,45.04,45.045,5420
2018-02-16 14:55:00-05:00,45.07,45.11,45.07,45.11,6008
2018-02-16 15:00:00-05:00,45.1,45.12,45.055,45.09,6638
2018-02-16 15:05:00-05:00,45.09,45.145,45.09,45.145,6078
2018-02-16 15:10:00-05:00,45.145,45.16,45.1,45.1,8810
2018-02-16 15:15:00-05:00,45.1,45.1,45.05,45.07,3909
2018-02-16 15:20:00-05:00,45.07,45.08,45.05,45.055,8013
2018-02-16 15:25:00-05:00,45.05,45.1,45.05,45.1,7339
2018-02-16 15:30:00-05:00,45.1,45.1,45.02,45.03,7341
2018-02-16 15:35:00-05:00,45.03,45.08,45.02,45.06,9100
2018-02-16 15:40:00-05:00,45.05,45.06,45.025,45.04,12394
2018-02-16 15:45:00-05:00,45.05,45.18,45.05,45.14,21878
2018-02-16 15:50:00-05:00,45.125,45.15,45.1,45.13,18835
2018-02-16 15:55:00-05:00,45.13,45.15,44.97,44.97,58747
2018-02-20 09:30:00-05:00,44.74,44.78,44.62,44.76,6853
2018-02-20 09:35:00-05:00,44.78,44.8,44.68,44.72,10560
2018-02-20 09:40:00-05:00,44.75,44.83,44.63,44.73,15605
2018-02-20 09:45:00-05:00,44.69,44.76,44.64,44.74,15761
2018-02-20 09:50:00-05:00,44.73,44.77,44.595,44.61,17416
2018-02-20 09:55:00-05:00,44.6,44.6,44.45,44.46,16351
2018-02-20 10:00:00-05:00,44.47,44.53,44.45,44.49,12406
2018-02-20 10:05:00-05:00,44.49,44.495,44.425,44.43,9302
2018-02-20 10:10:00-05:00,44.43,44.44,44.36,44.36,8231
2018-02-20 10:15:00-05:00,44.365,44.4,44.315,44.37,13315
2018-02-20 10:20:00-05:00,44.39,44.43,44.37,44.415,11760
2018-02-20 10:25:00-05:00,44.41,44.42,44.35,44.355,12257
2018-02-20 10:30:00-05:00,44.355,44.37,44.29,44.29,12654
2018-02-20 10:35:00-05:00,44.29,44.32,44.28,44.305,12391
2018-02-20 10:40:00-05:00,44.305,44.36,44.3,44.36,10230
2018-02-20 10:45:00-05:00,44.345,44.4,44.32,44.4,11165
2018-02-20 10:50:00-05:00,44.39,44.4,44.335,44.4,10333
2018-02-20 10:55:00-05:00,44.39,44.39,44.31,44.315,8567
2018-02-20 11:00:00-05:00,44.315,44.32,44.28,44.3,13975
2018-02-20 11:05:00-05:00,44.29,44.29,44.24,44.255,15761
2018-02-20 11:10:00-05:00,44.26,44.265,44.24,44.245,9305
2018-02-20 11:15:00-05:00,44.24,44.24,44.18,44.2,8523
2018-02-20 11:20:00-05:00,44.205,44.255,44.185,44.255,17296
2018-02-20 11:25:00-05:00,44.255,44.34,44.24,44.34,10587
2018-02-20 11:30:00-05:00,44.335,44.38,44.325,44.37,14764
2018-02-20 11:35:00-05:00,44.37,44.38,44.3,44.315,13739
2018-02-20 11:40:00-05:00,44.31,44.34,44.28,44.325,6698
2018-02-20 11:45:00-05:00,44.36,44.455,44.35,44.435,7172
2018-02-20 11:50:00-05:00,44.43,44.46,44.4,44.43,12470
2018-02-20 11:55:00-05:00,44.435,44.47,44.41,44.455,17352
2018-02-20 12:00:00-05:00,44.45,44.51,44.445,44.455,17143
2018-02-20 12:05:00-05:00,44.46,44.48,44.435,44.475,17366
2018-02-20 12:10:00-05:00,44.475,44.51,44.475,44.5,22811
2018-02-20 12:15:00-05:00,44.5,44.51,44.49,44.49,9471
2018-02-20 12:20:00-05:00,44.485,44.51,44.47,44.505,10398
2018-02-20 12:25:00-05:00,44.505,44.53,44.5,44.51,10382
2018-02-20 12:30:00-05:00,44.515,44.52,44.465,44.485,13658
2018-02-20 12:35:00-05:00,44.49,44.49,44.46,44.465,8992
2018-02-20 12:40:00-05:00,44.465,44.465,44.39,44.415,10057
2018-02-20 12:45:00-05:00,44.42,44.43,44.39,44.395,8283
2018-02-20 12:50:00-05:00,44.39,44.4,44.33,44.35,9840
2018-02-20 12:55:00-05:00,44.355,44.43,44.355,44.4,5046
2018-02-20 13:00:00-05:00,44.38,44.405,44.37,44.375,4824
2018-02-20 13:05:00-05:00,44.36,44.37,44.315,44.315,6525
2018-02-20 13:10:00-05:00,44.315,44.325,44.305,44.31,9881
2018-02-20 13:15:00-05:00,44.3,44.31,44.29,44.295,12915
2018-02-20 13:20:00-05:00,44.295,44.32,44.29,44.295,10275
2018-02-20 13:25:00-05:00,44.295,44.295,44.26,44.27,5976
2018-02-20 13:30:00-05:00,44.27,44.335,44.27,44.33,6546
2018-02-20 13:35:00-05:00,44.33,44.34,44.32,44.34,4909
2018-02-20 13:40:00-05:00,44.34,44.35,44.29,44.29,8633
2018-02-20 13:45:00-05:00,44.295,44.31,44.265,44.265,5224
2018-02-20 13:50:00-05:00,44.27,44.275,44.26,44.275,5020
2018-02-20 13:55:00-05:00,44.275,44.275,44.2,44.225,7503
2018-02-20 14:00:00-05:00,44.225,44.24,44.22,44.225,5283
2018-02-20 14:05:00-05:00,44.225,44.23,44.19,44.2,7097
2018-02-20 14:10:00-05:00,44.21,44.21,44.17,44.205,3565
2018-02-20 14:15:00-05:00,44.195,44.21,44.18,44.19,5847
2018-02-20 14:20:00-05:00,44.18,44.23,44.17,44.225,3364
2018-02-20 14:25:00-05:00,44.235,44.27,44.23,44.23,4743
2018-02-20 14:30:00-05:00,44.24,44.29,44.24,44.265,3976
2018-02-20 14:35:00-05:00,44.265,44.29,44.26,44.28,4100
2018-02-20 14:40:00-05:00,44.28,44.3,44.27,44.275,6676
2018-02-20 14:45:00-05:00,44.275,44.29,44.23,44.24,7222
2018-02-20 14:50:00-05:00,44.24,44.245,44.195,44.195,4235
2018-02-20 14:55:00-05:00,44.19,44.24,44.185,44.2,5952
2018-02-20 15:00:00-05:00,44.19,44.22,44.19,44.205,6110
2018-02-20 15:05:00-05:00,44.2,44.225,44.12,44.125,11153
2018-02-20 15:10:00-05:00,44.125,44.145,44.04,44.045,13336
2018-02-20 15:15:00-05:00,44.035,44.08,44.035,44.045,9096
2018-02-20 15:20:00-05:00,44.035,44.04,44.0,44.04,12849
2018-02-20 15:25:00-05:00,44.04,44.05,44.01,44.05,14995
2018-02-20 15:30:00-05:00,44.05,44.07,44.04,44.05,13776
2018-02-20 15:35:00-05:00,44.06,44.07,44.03,44.03,20151
2018-02-20 15:40:00-05:00,44.02,44.02,43.96,43.96,24417
2018-02-20 15:45:00-05:00,43.965,44.04,43.95,44.02,64007
2018-02-20 15:50:00-05:00,44.03,44.05,44.01,44.015,53846
2018-02-20 15:55:00-05:00,44.01,44.02,43.95,43.95,86280
2018-02-21 09:30:00-05:00,44.14,44.16,43.84,44.06,10430
2018-02-21 09:35:00-05:00,44.06,44.24,44.06,44.24,7606
2018-02-21 09:40:00-05:00,44.24,44.24,44.16,44.2,10118
2018-02-21 09:45:00-05:00,44.2,44.215,44.11,44.16,8132
2018-02-21 09:50:00-05:00,44.16,44.16,44.1,44.11,7720
2018-02-21 09:55:00-05:00,44.12,44.13,44.07,44.09,7300
2018-02-21 10:00:00-05:00,44.09,44.09,43.99,44.0,7123
2018-02-21 10:05:00-05:00,44.0,44.01,43.95,43.985,10688
2018-02-21 10:10:00-05:00,43.985,44.01,43.95,44.01,7859
2018-02-21 10:15:00-05:00,44.01,44.08,43.985,44.06,10984
2018-02-21 10:20:00-05:00,44.06,44.07,44.04,44.05,4789
2018-02-21 10:25:00-05:00,44.055,44.055,44.02,44.02,4864
2018-02-21 10:30:00-05:00,44.02,44.03,44.0,44.02,8900
2018-02-21 10:35:00-05:00,44.01,44.02,43.95,43.95,8867
2018-02-21 10:40:00-05:00,43.95,43.97,43.92,43.96,3018
2018-02-21 10:45:00-05:00,43.97,43.99,43.92,43.92,7771
2018-02-21 10:50:00-05:00,43.93,43.93,43.84,43.89,5996
2018-02-21 10:55:00-05:00,43.9,43.9,43.85,43.88,5254
2018-02-21 11:00:00-05:00,43.86,43.87,43.82,43.84,7262
2018-02-21 11:05:00-05:00,43.83,43.84,43.78,43.78,9458
2018-02-21 11:10:00-05:00,43.79,43.79,43.72,43.74,17753
2018-02-21 11:15:00-05:00,43.74,43.77,43.72,43.735,12737
2018-02-21 11:20:00-05:00,43.75,43.82,43.75,43.79,9568
2018-02-21 11:25:00-05:00,43.79,43.81,43.78,43.81,11295
2018-02-21 11:30:00-05:00,43.82,43.9,43.82,43.9,9007
2018-02-21 11:35:00-05:00,43.89,43.91,43.88,43.88,7262
2018-02-21 11:40:00-05:00,43.885,43.885,43.84,43.88,4376
2018-02-21 11:45:00-05:00,43.87,43.89,43.86,43.86,2426
2018-02-21 11:50:00-05:00,43.86,43.89,43.85,43.89,13889
2018-02-21 11:55:00-05:00,43.89,43.92,43.875,43.89,7428
2018-02-21 12:00:00-05:00,43.88,43.905,43.87,43.87,11115
2018-02-21 12:05:00-05:00,43.87,43.9,43.85,43.86,4125
2018-02-21 12:10:00-05:00,43.86,43.86,43.855,43.86,2408
2018-02-21 12:15:00-05:00,43.85,43.86,43.81,43.86,5910
2018-02-21 12:20:00-05:00,43.85,43.85,43.82,43.83,5279
2018-02-21 12:25:00-05:00,43.83,43.84,43.82,43.84,3193
2018-02-21 12:30:00-05:00,43.83,43.85,43.83,43.85,5809
2018-02-21 12:35:00-05:00,43.84,43.88,43.84,43.88,2098
2018-02-21 12:40:00-05:00,43.875,43.885,43.84,43.84,4615
2018-02-21 12:45:00-05:00,43.85,43.85,43.84,43.85,3505
2018-02-21 12:50:00-05:00,43.85,43.87,43.82,43.835,6826
2018-02-21 12:55:00-05:00,43.83,43.84,43.82,43.83,15169
2018-02-21 13:00:00-05:00,43.86,43.88,43.82,43.83,6344
2018-02-21 13:05:00-05:00,43.84,43.88,43.84,43.87,1905
2018-02-21 13:10:00-05:00,43.88,43.89,43.87,43.88,4620
2018-02-21 13:15:00-05:00,43.89,43.89,43.87,43.88,4352
2018-02-21 13:20:00-05:00,43.88,43.89,43.85,43.85,5221
2018-02-21 13:25:00-05:00,43.85,43.865,43.84,43.84,5619
2018-02-21 13:30:00-05:00,43.85,43.85,43.81,43.82,7133
2018-02-21 13:35:00-05:00,43.815,43.85,43.815,43.82,3463
2018-02-21 13:40:00-05:00,43.83,43.83,43.795,43.8,5432
2018-02-21 13:45:00-05:00,43.795,43.87,43.795,43.87,2474
2018-02-21 13:50:00-05:00,43.88,43.89,43.84,43.865,3486
2018-02-21 13:55:00-05:00,43.86,43.87,43.82,43.82,4792
2018-02-21 14:00:00-05:00,43.81,43.935,43.795,43.91,6486
2018-02-21 14:05:00-05:00,43.91,44.05,43.9,44.03,7384
2018-02-21 14:10:00-05:00,44.04,44.09,44.04,44.04,4743
2018-02-21 14:15:00-05:00,44.03,44.1,44.03,44.085,4388
2018-02-21 14:20:00-05:00,44.095,44.095,44.035,44.08,5941
2018-02-21 14:25:00-05:00,44.09,44.11,44.01,44.01,5570
2018-02-21 14:30:00-05:00,44.02,44.03,43.97,44.005,3766
2018-02-21 14:35:00-05:00,44.03,44.07,44.02,44.02,8924
2018-02-21 14:40:00-05:00,44.04,44.04,43.98,44.0,3299
2018-02-21 14:45:00-05:00,44.0,44.01,43.92,43.93,6482
2018-02-21 14:50:00-05:00,43.91,43.93,43.87,43.925,7396
2018-02-21 14:55:00-05:00,43.95,43.98,43.91,43.92,4092
2018-02-21 15:00:00-05:00,43.925,43.925,43.75,43.75,8848
2018-02-21 15:05:00-05:00,43.75,43.755,43.65,43.65,5815
2018-02-21 15:10:00-05:00,43.66,43.73,43.59,43.685,6626
2018-02-21 15:15:00-05:00,43.69,43.745,43.67,43.69,6494
2018-02-21 15:20:00-05:00,43.7,43.75,43.64,43.68,8500
2018-02-21 15:25:00-05:00,43.66,43.71,43.64,43.685,10048
2018-02-21 15:30:00-05:00,43.69,43.71,43.55,43.55,11185
2018-02-21 15:35:00-05:00,43.54,43.56,43.46,43.48,16119
2018-02-21 15:40:00-05:00,43.47,43.51,43.46,43.49,16022
2018-02-21 15:45:00-05:00,43.51,43.62,43.5,43.52,17277
2018-02-21 15:50:00-05:00,43.51,43.53,43.43,43.455,18315
2018-02-21 15:55:00-05:00,43.45,43.46,43.34,43.35,45270
2018-02-22 09:25:00-05:00,43.37,43.37,43.37,43.37,387
2018-02-22 09:30:00-05:00,43.4,43.43,43.23,43.42,16456
2018-02-22 09:35:00-05:00,43.43,43.57,43.43,43.49,14582
2018-02-22 09:40:00-05:00,43.48,43.49,43.3,43.3,26680
2018-02-22 09:45:00-05:00,43.32,43.35,43.3,43.34,18179
2018-02-22 09:50:00-05:00,43.365,43.41,43.315,43.36,12912
2018-02-22 09:55:00-05:00,43.39,43.41,43.35,43.385,11788
2018-02-22 10:00:00-05:00,43.38,43.43,43.38,43.41,19069
2018-02-22 10:05:00-05:00,43.41,43.46,43.41,43.435,7544
2018-02-22 10:10:00-05:00,43.445,43.57,43.445,43.55,7682
2018-02-22 10:15:00-05:00,43.565,43.645,43.56,43.62,12342
2018-02-22 10:20:00-05:00,43.62,43.67,43.58,43.67,3438
2018-02-22 10:25:00-05:00,43.66,43.73,43.64,43.66,5392
2018-02-22 10:30:00-05:00,43.66,43.72,43.64,43.64,6011
2018-02-22 10:35:00-05:00,43.63,43.69,43.62,43.68,5784
2018-02-22 10:40:00-05:00,43.69,43.69,43.6,43.65,6943
2018-02-22 10:45:00-05:00,43.625,43.68,43.62,43.65,6526
2018-02-22 10:50:00-05:00,43.68,43.71,43.67,43.7,4002
2018-02-22 10:55:00-05:00,43.7,43.73,43.68,43.72,3540
2018-02-22 11:00:00-05:00,43.7,43.7,43.66,43.67,3745
2018-02-22 11:05:00-05:00,43.69,43.74,43.69,43.7,2537
2018-02-22 11:10:00-05:00,43.69,43.77,43.69,43.76,8970
2018-02-22 11:15:00-05:00,43.78,43.78,43.745,43.75,5899
2018-02-22 11:20:00-05:00,43.75,43.79,43.75,43.76,7267
2018-02-22 11:25:00-05:00,43.78,43.82,43.74,43.74,5808
2018-02-22 11:30:00-05:00,43.73,43.73,43.65,43.69,4379
2018-02-22 11:35:00-05:00,43.68,43.71,43.66,43.67,8138
2018-02-22 11:40:00-05:00,43.67,43.68,43.65,43.66,11922
2018-02-22 11:45:00-05:00,43.66,43.68,43.64,43.67,5079
2018-02-22 11:50:00-05:00,43.67,43.7,43.665,43.7,3852
2018-02-22 11:55:00-05:00,43.7,43.74,43.69,43.74,4897
2018-02-22 12:00:00-05:00,43.75,43.79,43.75,43.77,5056
2018-02-22 12:05:00-05:00,43.77,43.79,43.74,43.79,4083
2018-02-22 12:10:00-05:00,43.78,43.805,43.77,43.805,6682
2018-02-22 12:15:00-05:00,43.805,43.82,43.79,43.795,20500
2018-02-22 12:20:00-05:00,43.8,43.805,43.795,43.8,13223
2018-02-22 12:25:00-05:00,43.8,43.8,43.72,43.72,5054
2018-02-22 12:30:00-05:00,43.72,43.76,43.72,43.76,7008
2018-02-22 12:35:00-05:00,43.75,43.78,43.74,43.77,4400
2018-02-22 12:40:00-05:00,43.78,43.78,43.74,43.74,6868
2018-02-22 12:45:00-05:00,43.74,43.76,43.69,43.7,7206
2018-02-22 12:50:00-05:00,43.69,43.74,43.65,43.725,5373
2018-02-22 12:55:00-05:00,43.73,43.77,43.71,43.71,3014
2018-02-22 13:00:00-05:00,43.73,43.75,43.71,43.72,8941
2018-02-22 13:05:00-05:00,43.7,43.74,43.7,43.73,2636
2018-02-22 13:10:00-05:00,43.72,43.72,43.64,43.65,4747
2018-02-22 13:15:00-05:00,43.64,43.65,43.6,43.6,4447
2018-02-22 13:20:00-05:00,43.61,43.61,43.585,43.59,2481
2018-02-22 13:25:00-05:00,43.6,43.67,43.59,43.66,2456
2018-02-22 13:30:00-05:00,43.65,43.655,43.61,43.61,1034
2018-02-22 13:35:00-05:00,43.63,43.64,43.62,43.62,703
2018-02-22 13:40:00-05:00,43.57,43.59,43.57,43.59,1450
2018-02-22 13:45:00-05:00,43.57,43.59,43.54,43.55,2905
2018-02-22 13:50:00-05:00,43.55,43.62,43.54,43.61,4252
2018-02-22 13:55:00-05:00,43.61,43.63,43.61,43.625,2644
2018-02-22 14:00:00-05:00,43.61,43.68,43.61,43.655,5761
2018-02-22 14:05:00-05:00,43.675,43.695,43.65,43.655,3080
2018-02-22 14:10:00-05:00,43.65,43.66,43.63,43.66,2382
2018-02-22 14:15:00-05:00,43.66,43.67,43.62,43.66,3917
2018-02-22 14:20:00-05:00,43.66,43.685,43.64,43.685,31784
2018-02-22 14:25:00-05:00,43.685,43.735,43.67,43.72,2915
2018-02-22 14:30:00-05:00,43.74,43.77,43.74,43.75,5428
2018-02-22 14:35:00-05:00,43.75,43.75,43.71,43.72,4030
2018-02-22 14:40:00-05:00,43.72,43.72,43.66,43.66,2681
2018-02-22 14:45:00-05:00,43.65,43.655,43.63,43.64,2313
2018-02-22 14:50:00-05:00,43.64,43.65,43.59,43.6,4517
2018-02-22 14:55:00-05:00,43.58,43.6,43.54,43.54,5965
2018-02-22 15:00:00-05:00,43.55,43.55,43.49,43.5,6802
2018-02-22 15:05:00-05:00,43.51,43.555,43.51,43.52,7484
2018-02-22 15:10:00-05:00,43.52,43.58,43.52,43.58,7000
2018-02-22 15:15:00-05:00,43.575,43.59,43.56,43.57,4997
2018-02-22 15:20:00-05:00,43.59,43.6,43.56,43.59,10326
2018-02-22 15:25:00-05:00,43.58,43.625,43.58,43.59,13115
2018-02-22 15:30:00-05:00,43.59,43.62,43.565,43.62,66088
2018-02-22 15:35:00-05:00,43.63,43.63,43.545,43.555,43458
2018-02-22 15:40:00-05:00,43.555,43.61,43.545,43.58,28919
2018-02-22 15:45:00-05:00,43.57,43.57,43.46,43.48,32146
2018-02-22 15:50:00-05:00,43.475,43.605,43.465,43.53,46224
2018-02-22 15:55:00-05:00,43.53,43.55,43.49,43.535,51685
2018-02-22 17:15:00-05:00,43.68,43.68,43.68,43.68,100
2018-02-23 09:30:00-05:00,43.6,43.68,43.53,43.59,3509
2018-02-23 09:35:00-05:00,43.58,43.58,43.435,43.53,2512
2018-02-23 09:40:00-05:00,43.53,43.57,43.53,43.56,1152
2018-02-23 09:45:00-05:00,43.57,43.635,43.56,43.62,3608
2018-02-23 09:50:00-05:00,43.605,43.67,43.58,43.665,6055
2018-02-23 09:55:00-05:00,43.66,43.68,43.64,43.68,2659
2018-02-23 10:00:00-05:00,43.69,43.76,43.67,43.745,2697
2018-02-23 10:05:00-05:00,43.74,43.74,43.69,43.69,2552
2018-02-23 10:10:00-05:00,43.69,43.77,43.685,43.74,6446
2018-02-23 10:15:00-05:00,43.74,43.745,43.7,43.74,4577
2018-02-23 10:20:00-05:00,43.72,43.745,43.71,43.73,4048
2018-02-23 10:25:00-05:00,43.71,43.75,43.7,43.72,6276
2018-02-23 10:30:00-05:00,43.705,43.75,43.705,43.71,6649
2018-02-23 10:35:00-05:00,43.71,43.72,43.69,43.72,4920
2018-02-23 10:40:00-05:00,43.72,43.77,43.72,43.74,3456
2018-02-23 10:45:00-05:00,43.75,43.77,43.73,43.765,7988
2018-02-23 10:50:00-05:00,43.75,43.79,43.75,43.79,4484
2018-02-23 10:55:00-05:00,43.77,43.81,43.77,43.81,3562
2018-02-23 11:00:00-05:00,43.82,43.915,43.82,43.91,6894
2018-02-23 11:05:00-05:00,43.9,43.9,43.82,43.83,6359
2018-02-23 11:10:00-05:00,43.82,43.82,43.78,43.8,3871
2018-02-23 11:15:00-05:00,43.81,43.82,43.785,43.79,3038
2018-02-23 11:20:00-05:00,43.81,43.85,43.81,43.81,1384
2018-02-23 11:25:00-05:00,43.815,43.86,43.81,43.815,3436
2018-02-23 11:30:00-05:00,43.815,43.855,43.81,43.85,1932
2018-02-23 11:35:00-05:00,43.84,43.92,43.83,43.92,5766
2018-02-23 11:40:00-05:00,43.9,43.915,43.88,43.91,2583
2018-02-23 11:45:00-05:00,43.905,43.92,43.9,43.915,4978
2018-02-23 11:50:00-05:00,43.92,43.95,43.91,43.95,3753
2018-02-23 11:55:00-05:00,43.96,44.0,43.96,43.98,1954
2018-02-23 12:00:00-05:00,43.98,44.0,43.97,43.975,2150
2018-02-23 12:05:00-05:00,43.97,43.97,43.92,43.92,4535
2018-02-23 12:10:00-05:00,43.92,43.96,43.92,43.96,2394
2018-02-23 12:15:00-05:00,43.965,43.995,43.96,43.995,3112
2018-02-23 12:20:00-05:00,44.0,44.02,43.99,43.99,4021
2018-02-23 12:25:00-05:00,43.99,43.99,43.905,43.905,2122
2018-02-23 12:30:00-05:00,43.905,43.91,43.88,43.88,2459
2018-02-23 12:35:00-05:00,43.88,43.88,43.86,43.87,2794
2018-02-23 12:40:00-05:00,43.86,43.86,43.831,43.831,3072
2018-02-23 12:45:00-05:00,43.81,43.83,43.8,43.82,4763
2018-02-23 12:50:00-05:00,43.82,43.82,43.78,43.82,3784
2018-02-23 12:55:00-05:00,43.82,43.82,43.8,43.81,1633
2018-02-23 13:00:00-05:00,43.8,43.81,43.78,43.79,3235
2018-02-23 13:05:00-05:00,43.79,43.795,43.755,43.76,3508
2018-02-23 13:10:00-05:00,43.77,43.78,43.76,43.77,3113
2018-02-23 13:15:00-05:00,43.78,43.79,43.76,43.79,3418
2018-02-23 13:20:00-05:00,43.795,43.8,43.77,43.8,2795
2018-02-23 13:25:00-05:00,43.81,43.815,43.77,43.78,7615
2018-02-23 13:30:00-05:00,43.79,43.82,43.79,43.82,1921
2018-02-23 13:35:00-05:00,43.8,43.83,43.8,43.825,2154
2018-02-23 13:40:00-05:00,43.83,43.85,43.83,43.83,1203
2018-02-23 13:45:00-05:00,43.85,43.85,43.83,43.83,1574
2018-02-23 13:50:00-05:00,43.84,43.84,43.83,43.83,1060
2018-02-23 13:55:00-05:00,43.81,43.82,43.81,43.82,876
2018-02-23 14:00:00-05:00,43.84,43.84,43.8,43.8,2292
2018-02-23 14:05:00-05:00,43.8,43.81,43.79,43.81,1615
2018-02-23 14:10:00-05:00,43.81,43.82,43.8,43.81,2893
2018-02-23 14:15:00-05:00,43.82,43.84,43.82,43.83,1376
2018-02-23 14:20:00-05:00,43.83,43.87,43.83,43.87,3004
2018-02-23 14:25:00-05:00,43.87,43.87,43.85,43.865,2186
2018-02-23 14:30:00-05:00,43.86,43.87,43.85,43.85,1899
2018-02-23 14:35:00-05:00,43.86,43.89,43.82,43.83,4343
2018-02-23 14:40:00-05:00,43.83,43.85,43.83,43.845,1479
2018-02-23 14:45:00-05:00,43.845,43.89,43.845,43.88,4163
2018-02-23 14:50:00-05:00,43.885,43.94,43.885,43.93,2328
2018-02-23 14:55:00-05:00,43.93,43.95,43.93,43.93,3021
2018-02-23 15:00:00-05:00,43.94,43.98,43.93,43.98,2607
2018-02-23 15:05:00-05:00,43.97,44.015,43.97,44.01,4312
2018-02-23 15:10:00-05:00,44.0,44.0,43.96,43.96,5230
2018-02-23 15:15:00-05:00,43.97,43.98,43.95,43.97,3470
2018-02-23 15:20:00-05:00,43.97,44.0,43.97,44.0,3635
2018-02-23 15:25:00-05:00,44.0,44.04,44.0,44.025,33124
2018-02-23 15:30:00-05:00,44.03,44.03,43.97,43.97,7042
2018-02-23 15:35:00-05:00,43.98,43.99,43.97,43.975,5946
2018-02-23 15:40:00-05:00,43.98,43.99,43.97,43.99,15039
2018-02-23 15:45:00-05:00,43.98,44.02,43.97,43.98,18205
2018-02-23 15:50:00-05:00,43.99,44.005,43.97,43.99,14033
2018-02-23 15:55:00-05:00,43.98,44.06,43.97,44.055,89252
2018-02-26 09:30:00-05:00,44.23,44.39,43.935,44.03,21703
2018-02-26 09:35:00-05:00,44.06,44.23,44.02,44.15,13866
2018-02-26 09:40:00-05:00,44.16,44.22,44.15,44.16,9411
2018-02-26 09:45:00-05:00,44.14,44.17,44.14,44.14,4388
2018-02-26 09:50:00-05:00,44.15,44.17,44.13,44.15,10794
2018-02-26 09:55:00-05:00,44.17,44.17,44.12,44.12,123968
2018-02-26 10:00:00-05:00,44.11,44.11,44.06,44.11,12879
2018-02-26 10:05:00-05:00,44.11,44.155,44.09,44.1,10265
2018-02-26 10:10:00-05:00,44.08,44.12,44.08,44.11,7657
2018-02-26 10:15:00-05:00,44.11,44.115,44.02,44.025,11485
2018-02-26 10:20:00-05:00,44.02,44.04,43.92,43.955,7358
2018-02-26 10:25:00-05:00,43.97,43.97,43.895,43.925,6648
2018-02-26 10:30:00-05:00,43.92,43.93,43.81,43.89,5644
2018-02-26 10:35:00-05:00,43.9,44.0,43.9,44.0,5420
2018-02-26 10:40:00-05:00,44.0,44.02,43.995,44.0,3310
2018-02-26 10:45:00-05:00,44.0,44.0,43.84,43.84,8071
2018-02-26 10:50:00-05:00,43.85,43.88,43.83,43.835,4831
2018-02-26 10:55:00-05:00,43.835,43.9,43.835,43.88,8023
2018-02-26 11:00:00-05:00,43.9,43.98,43.88,43.98,4451
2018-02-26 11:05:00-05:00,44.01,44.01,43.96,44.0,5782
2018-02-26 11:10:00-05:00,44.0,44.025,43.97,44.02,4417
2018-02-26 11:15:00-05:00,44.02,44.02,43.925,43.98,6257
2018-02-26 11:20:00-05:00,43.97,43.985,43.925,43.935,4181
2018-02-26 11:25:00-05:00,43.94,43.99,43.94,43.97,4465
2018-02-26 11:30:00-05:00,43.96,43.96,43.905,43.905,5900
2018-02-26 11:35:00-05:00,43.9,43.94,43.87,43.87,9132
2018-02-26 11:40:00-05:00,43.88,43.9,43.87,43.89,8598
2018-02-26 11:45:00-05:00,43.89,43.9,43.84,43.84,9010
2018-02-26 11:50:00-05:00,43.83,43.87,43.83,43.86,6117
2018-02-26 11:55:00-05:00,43.86,43.9,43.86,43.89,4634
2018-02-26 12:00:00-05:00,43.89,43.91,43.83,43.85,40198
2018-02-26 12:05:00-05:00,43.85,43.86,43.84,43.84,17162
2018-02-26 12:10:00-05:00,43.85,43.86,43.84,43.85,14776
2018-02-26 12:15:00-05:00,43.85,43.915,43.85,43.91,4019
2018-02-26 12:20:00-05:00,43.925,43.97,43.925,43.96,1999
2018-02-26 12:25:00-05:00,43.96,43.985,43.95,43.97,4868
2018-02-26 12:30:00-05:00,43.97,43.97,43.91,43.91,3994
2018-02-26 12:35:00-05:00,43.91,43.94,43.91,43.91,6868
2018-02-26 12:40:00-05:00,43.91,43.915,43.87,43.87,5201
2018-02-26 12:45:00-05:00,43.87,43.92,43.87,43.92,10276
2018-02-26 12:50:00-05:00,43.92,43.93,43.895,43.915,22431
2018-02-26 12:55:00-05:00,43.92,43.94,43.92,43.925,4345
2018-02-26 13:00:00-05:00,43.93,43.95,43.93,43.94,6966
2018-02-26 13:05:00-05:00,43.945,43.96,43.93,43.94,45323
2018-02-26 13:10:00-05:00,43.95,43.95,43.93,43.93,6248
2018-02-26 13:15:00-05:00,43.92,43.95,43.92,43.945,7323
2018-02-26 13:20:00-05:00,43.94,44.0,43.94,43.97,8611
2018-02-26 13:25:00-05:00,43.97,43.99,43.97,43.985,5435
2018-02-26 13:30:00-05:00,43.985,43.99,43.91,43.92,11113
2018-02-26 13:35:00-05:00,43.92,43.95,43.91,43.95,5575
2018-02-26 13:40:00-05:00,43.95,43.955,43.92,43.95,9912
2018-02-26 13:45:00-05:00,43.94,43.955,43.93,43.93,5836
2018-02-26 13:50:00-05:00,43.94,43.94,43.93,43.94,11498
2018-02-26 13:55:00-05:00,43.95,43.96,43.93,43.93,14347
2018-02-26 14:00:00-05:00,43.93,43.98,43.93,43.98,8648
2018-02-26 14:05:00-05:00,43.985,43.985,43.95,43.965,7115
2018-02-26 14:10:00-05:00,43.96,43.96,43.94,43.95,9316
2018-02-26 14:15:00-05:00,43.955,43.955,43.89,43.895,18331
2018-02-26 14:20:00-05:00,43.895,43.935,43.895,43.92,13114
2018-02-26 14:25:00-05:00,43.91,43.91,43.87,43.9,11417
2018-02-26 14:30:00-05:00,43.9,43.915,43.87,43.91,10952
2018-02-26 14:35:00-05:00,43.915,43.94,43.9,43.9,10702
2018-02-26 14:40:00-05:00,43.9,43.915,43.87,43.91,11274
2018-02-26 14:45:00-05:00,43.91,43.93,43.875,43.88,13615
2018-02-26 14:50:00-05:00,43.87,43.94,43.86,43.94,13156
2018-02-26 14:55:00-05:00,43.94,43.95,43.91,43.935,15991
2018-02-26 15:00:00-05:00,43.935,43.97,43.91,43.97,15153
2018-02-26 15:05:00-05:00,43.96,43.98,43.935,43.98,16362
2018-02-26 15:10:00-05:00,43.975,43.98,43.95,43.965,22205
2018-02-26 15:15:00-05:00,43.96,43.96,43.92,43.96,20316
2018-02-26 15:20:00-05:00,43.96,44.04,43.96,44.02,20354
2018-02-26 15:25:00-05:00,44.02,44.05,43.98,44.01,20067
2018-02-26 15:30:00-05:00,44.01,44.01,43.97,43.98,29233
2018-02-26 15:35:00-05:00,43.97,44.0,43.96,43.98,32984
2018-02-26 15:40:00-05:00,43.99,43.99,43.92,43.945,27528
2018-02-26 15:45:00-05:00,43.945,43.965,43.92,43.94,41848
2018-02-26 15:50:00-05:00,43.95,43.95,43.89,43.91,50448
2018-02-26 15:55:00-05:00,43.91,44.02,43.91,44.02,50101
2018-02-27 09:30:00-05:00,44.2,44.27,44.0,44.005,7954
2018-02-27 09:35:00-05:00,44.005,44.06,43.98,44.03,8238
2018-02-27 09:40:00-05:00,44.035,44.15,44.03,44.11,6102
2018-02-27 09:45:00-05:00,44.09,44.14,44.07,44.07,13119
2018-02-27 09:50:00-05:00,44.08,44.08,44.03,44.04,14426
2018-02-27 09:55:00-05:00,44.04,44.09,44.02,44.05,14626
2018-02-27 10:00:00-05:00,44.045,44.09,44.04,44.06,9768
2018-02-27 10:05:00-05:00,44.04,44.18,44.02,44.18,7967
2018-02-27 10:10:00-05:00,44.18,44.26,44.18,44.24,9752
2018-02-27 10:15:00-05:00,44.25,44.26,44.22,44.24,5198
2018-02-27 10:20:00-05:00,44.23,44.31,44.23,44.29,6335
2018-02-27 10:25:00-05:00,44.28,44.29,44.24,44.28,5107
2018-02-27 10:30:00-05:00,44.29,44.3,44.21,44.21,3663
2018-02-27 10:35:00-05:00,44.19,44.19,44.12,44.12,5613
2018-02-27 10:40:00-05:00,44.12,44.13,44.02,44.03,7212
2018-02-27 10:45:00-05:00,44.03,44.05,43.98,43.98,6655
2018-02-27 10:50:00-05:00,43.99,44.005,43.91,43.91,7311
2018-02-27 10:55:00-05:00,43.91,43.98,43.91,43.98,4548
2018-02-27 11:00:00-05:00,43.99,44.05,43.98,44.03,4065
2018-02-27 11:05:00-05:00,44.03,44.06,44.02,44.06,4460
2018-02-27 11:10:00-05:00,44.075,44.14,44.07,44.11,5756
2018-02-27 11:15:00-05:00,44.09,44.1,44.05,44.06,5735
2018-02-27 11:20:00-05:00,44.065,44.065,44.0,44.03,4311
2018-02-27 11:25:00-05:00,44.04,44.04,43.97,44.02,5357
2018-02-27 11:30:00-05:00,44.03,44.09,44.0,44.06,6665
2018-02-27 11:35:00-05:00,44.06,44.06,44.0,44.0,4290
2018-02-27 11:40:00-05:00,44.01,44.02,43.97,44.0,9067
2018-02-27 11:45:00-05:00,43.99,44.02,43.97,44.02,7828
2018-02-27 11:50:00-05:00,44.02,44.03,44.0,44.01,3194
2018-02-27 11:55:00-05:00,44.02,44.02,43.92,43.92,4701
2018-02-27 12:00:00-05:00,43.93,43.97,43.93,43.95,4476
2018-02-27 12:05:00-05:00,43.94,43.98,43.94,43.96,5255
2018-02-27 12:10:00-05:00,43.94,43.94,43.885,43.89,4975
2018-02-27 12:15:00-05:00,43.9,43.9,43.84,43.86,2953
2018-02-27 12:20:00-05:00,43.84,43.85,43.83,43.84,5532
2018-02-27 12:25:00-05:00,43.84,43.89,43.83,43.88,5238
2018-02-27 12:30:00-05:00,43.89,43.93,43.88,43.91,10948
2018-02-27 12:35:00-05:00,43.92,43.94,43.92,43.94,5116
2018-02-27 12:40:00-05:00,43.94,43.95,43.9,43.9,3200
2018-02-27 12:45:00-05:00,43.905,43.93,43.88,43.93,3844
2018-02-27 12:50:00-05:00,43.95,44.01,43.94,44.0,3524
2018-02-27 12:55:00-05:00,44.0,44.02,44.0,44.02,2423
2018-02-27 13:00:00-05:00,44.0,44.0,43.97,43.98,1177
2018-02-27 13:05:00-05:00,43.975,44.04,43.97,44.04,4203
2018-02-27 13:10:00-05:00,44.03,44.05,44.01,44.01,2869
2018-02-27 13:15:00-05:00,43.99,44.01,43.965,44.0,2920
2018-02-27 13:20:00-05:00,44.01,44.06,44.01,44.04,4252
2018-02-27 13:25:00-05:00,44.04,44.04,43.985,44.0,5838
2018-02-27 13:30:00-05:00,43.98,43.98,43.925,43.935,3173
2018-02-27 13:35:00-05:00,43.88,43.91,43.83,43.855,7747
2018-02-27 13:40:00-05:00,43.83,43.86,43.81,43.85,6593
2018-02-27 13:45:00-05:00,43.88,43.91,43.85,43.86,3201
2018-02-27 13:50:00-05:00,43.86,43.89,43.83,43.88,3738
2018-02-27 13:55:00-05:00,43.88,43.88,43.83,43.83,6334
2018-02-27 14:00:00-05:00,43.825,43.83,43.795,43.82,23683
2018-02-27 14:05:00-05:00,43.81,43.84,43.77,43.83,8189
2018-02-27 14:10:00-05:00,43.83,43.84,43.78,43.84,4247
2018-02-27 14:15:00-05:00,43.83,43.85,43.81,43.83,7221
2018-02-27 14:20:00-05:00,43.8,43.84,43.8,43.8,4943
2018-02-27 14:25:00-05:00,43.8,43.88,43.8,43.86,10308
2018-02-27 14:30:00-05:00,43.85,43.92,43.85,43.92,5066
2018-02-27 14:35:00-05:00,43.91,43.92,43.89,43.89,4850
2018-02-27 14:40:00-05:00,43.88,43.88,43.835,43.85,3435
2018-02-27 14:45:00-05:00,43.84,43.84,43.79,43.8,3180
2018-02-27 14:50:00-05:00,43.8,43.83,43.79,43.8,4993
2018-02-27 14:55:00-05:00,43.8,43.88,43.8,43.86,5319
2018-02-27 15:00:00-05:00,43.82,43.85,43.79,43.79,4381
2018-02-27 15:05:00-05:00,43.79,43.8,43.76,43.77,9050
2018-02-27 15:10:00-05:00,43.775,43.79,43.75,43.775,14541
2018-02-27 15:15:00-05:00,43.77,43.81,43.765,43.78,7077
2018-02-27 15:20:00-05:00,43.79,43.81,43.75,43.76,9494
2018-02-27 15:25:00-05:00,43.77,43.78,43.74,43.78,16936
2018-02-27 15:30:00-05:00,43.78,43.82,43.77,43.795,9563
2018-02-27 15:35:00-05:00,43.8,43.81,43.76,43.81,13630
2018-02-27 15:40:00-05:00,43.8,43.815,43.77,43.77,18114
2018-02-27 15:45:00-05:00,43.76,43.88,43.76,43.865,11471
2018-02-27 15:50:00-05:00,43.86,43.86,43.74,43.755,23543
2018-02-27 15:55:00-05:00,43.75,43.755,43.62,43.62,43889
2018-02-28 09:30:00-05:00,43.9,43.9,43.74,43.74,3579
2018-02-28 09:35:00-05:00,43.7,43.72,43.58,43.58,8675
2018-02-28 09:40:00-05:00,43.59,43.62,43.53,43.59,6822
2018-02-28 09:45:00-05:00,43.58,43.65,43.55,43.61,5094
2018-02-28 09:50:00-05:00,43.615,43.65,43.61,43.64,12043
2018-02-28 09:55:00-05:00,43.62,43.65,43.6,43.65,12639
2018-02-28 10:00:00-05:00,43.645,43.645,43.53,43.55,20233
2018-02-28 10:05:00-05:00,43.535,43.54,43.485,43.51,8828
2018-02-28 10:10:00-05:00,43.5,43.54,43.48,43.54,8181
2018-02-28 10:15:00-05:00,43.53,43.6,43.53,43.6,9459
2018-02-28 10:20:00-05:00,43.595,43.6,43.56,43.57,6537
2018-02-28 10:25:00-05:00,43.585,43.585,43.54,43.54,3579
2018-02-28 10:30:00-05:00,43.55,43.55,43.46,43.53,4874
2018-02-28 10:35:00-05:00,43.53,43.585,43.51,43.585,6167
2018-02-28 10:40:00-05:00,43.6,43.61,43.54,43.55,11709
2018-02-28 10:45:00-05:00,43.56,43.585,43.54,43.56,4995
2018-02-28 10:50:00-05:00,43.575,43.575,43.51,43.51,3953
2018-02-28 10:55:00-05:00,43.5,43.5,43.46,43.49,4942
2018-02-28 11:00:00-05:00,43.5,43.5,43.48,43.48,5575
2018-02-28 11:05:00-05:00,43.48,43.49,43.42,43.42,8694
2018-02-28 11:10:00-05:00,43.41,43.43,43.405,43.42,4701
2018-02-28 11:15:00-05:00,43.46,43.48,43.445,43.47,5756
2018-02-28 11:20:00-05:00,43.46,43.48,43.46,43.46,4448
2018-02-28 11:25:00-05:00,43.46,43.5,43.435,43.495,4400
2018-02-28 11:30:00-05:00,43.49,43.5,43.4,43.4,3837
2018-02-28 11:35:00-05:00,43.39,43.465,43.39,43.44,5384
2018-02-28 11:40:00-05:00,43.44,43.51,43.43,43.5,3987
2018-02-28 11:45:00-05:00,43.49,43.49,43.44,43.49,5848
2018-02-28 11:50:00-05:00,43.51,43.53,43.49,43.53,5868
2018-02-28 11:55:00-05:00,43.53,43.53,43.51,43.51,1020
2018-02-28 12:00:00-05:00,43.53,43.535,43.53,43.53,1545
2018-02-28 12:05:00-05:00,43.52,43.55,43.51,43.54,7222
2018-02-28 12:10:00-05:00,43.53,43.54,43.52,43.52,2891
2018-02-28 12:15:00-05:00,43.52,43.52,43.47,43.47,3333
2018-02-28 12:20:00-05:00,43.475,43.475,43.45,43.46,4202
2018-02-28 12:25:00-05:00,43.49,43.55,43.49,43.51,5580
2018-02-28 12:30:00-05:00,43.5,43.55,43.48,43.54,3001
2018-02-28 12:35:00-05:00,43.54,43.57,43.53,43.57,4734
2018-02-28 12:40:00-05:00,43.57,43.58,43.57,43.58,1593
2018-02-28 12:45:00-05:00,43.57,43.64,43.55,43.64,2375
2018-02-28 12:50:00-05:00,43.64,43.65,43.61,43.61,3032
2018-02-28 12:55:00-05:00,43.6,43.6,43.59,43.59,822
2018-02-28 13:00:00-05:00,43.58,43.58,43.52,43.54,3794
2018-02-28 13:05:00-05:00,43.54,43.58,43.53,43.58,1244
2018-02-28 13:10:00-05:00,43.595,43.595,43.57,43.58,816
2018-02-28 13:15:00-05:00,43.57,43.58,43.52,43.53,8575
2018-02-28 13:20:00-05:00,43.53,43.62,43.53,43.62,1648
2018-02-28 13:25:00-05:00,43.62,43.63,43.6,43.605,1648
2018-02-28 13:30:00-05:00,43.6,43.61,43.58,43.6,1914
2018-02-28 13:35:00-05:00,43.61,43.62,43.61,43.62,923
2018-02-28 13:40:00-05:00,43.62,43.64,43.6,43.62,1450
2018-02-28 13:45:00-05:00,43.63,43.63,43.58,43.58,1151
2018-02-28 13:50:00-05:00,43.56,43.6,43.56,43.6,1864
2018-02-28 13:55:00-05:00,43.62,43.65,43.62,43.65,1643
2018-02-28 14:00:00-05:00,43.675,43.71,43.67,43.67,5868
2018-02-28 14:05:00-05:00,43.69,43.7,43.66,43.68,2405
2018-02-28 14:10:00-05:00,43.68,43.71,43.67,43.67,2130
2018-02-28 14:15:00-05:00,43.71,43.74,43.71,43.73,5450
2018-02-28 14:20:00-05:00,43.74,43.74,43.72,43.73,4168
2018-02-28 14:25:00-05:00,43.74,43.76,43.72,43.73,2443
2018-02-28 14:30:00-05:00,43.74,43.74,43.67,43.67,4825
2018-02-28 14:35:00-05:00,43.68,43.69,43.67,43.67,1713
2018-02-28 14:40:00-05:00,43.64,43.67,43.64,43.64,4210
2018-02-28 14:45:00-05:00,43.63,43.635,43.59,43.62,3112
2018-02-28 14:50:00-05:00,43.61,43.615,43.58,43.61,3170
2018-02-28 14:55:00-05:00,43.63,43.64,43.57,43.57,1020
2018-02-28 15:00:00-05:00,43.58,43.6,43.56,43.58,3000
2018-02-28 15:05:00-05:00,43.58,43.6,43.56,43.59,5936
2018-02-28 15:10:00-05:00,43.585,43.6,43.56,43.59,4495
2018-02-28 15:15:00-05:00,43.59,43.59,43.51,43.55,9088
2018-02-28 15:20:00-05:00,43.54,43.545,43.49,43.5,8280
2018-02-28 15:25:00-05:00,43.51,43.51,43.46,43.47,9598
2018-02-28 15:30:00-05:00,43.48,43.48,43.45,43.47,5363
2018-02-28 15:35:00-05:00,43.46,43.55,43.46,43.55,5764
2018-02-28 15:40:00-05:00,43.56,43.56,43.51,43.53,12197
2018-02-28 15:45:00-05:00,43.52,43.52,43.36,43.38,19190
2018-02-28 15:50:00-05:00,43.36,43.405,43.35,43.38,23146
2018-02-28 15:55:00-05:00,43.37,43.405,43.23,43.23,56306
2018-03-01 09:30:00-05:00,43.11,43.11,42.82,43.02,13357
2018-03-01 09:35:00-05:00,43.02,43.02,42.87,43.0,8676
2018-03-01 09:40:00-05:00,43.01,43.13,43.01,43.13,8736
2018-03-01 09:45:00-05:00,43.18,43.25,43.12,43.23,20773
2018-03-01 09:50:00-05:00,43.2,43.23,43.065,43.08,9042
2018-03-01 09:55:00-05:00,43.09,43.17,43.08,43.17,9053
2018-03-01 10:00:00-05:00,43.12,43.24,43.09,43.21,5437
2018-03-01 10:05:00-05:00,43.18,43.19,43.09,43.1,7685
2018-03-01 10:10:00-05:00,43.09,43.185,43.02,43.18,17746
2018-03-01 10:15:00-05:00,43.17,43.355,43.17,43.315,13006
2018-03-01 10:20:00-05:00,43.31,43.38,43.29,43.38,9747
2018-03-01 10:25:00-05:00,43.38,43.47,43.36,43.46,8776
2018-03-01 10:30:00-05:00,43.46,43.61,43.45,43.61,16135
2018-03-01 10:35:00-05:00,43.6,43.63,43.52,43.55,14055
2018-03-01 10:40:00-05:00,43.56,43.63,43.53,43.54,15769
2018-03-01 10:45:00-05:00,43.56,43.59,43.49,43.53,18691
2018-03-01 10:50:00-05:00,43.53,43.535,43.44,43.45,11657
2018-03-01 10:55:00-05:00,43.445,43.445,43.36,43.38,11719
2018-03-01 11:00:00-05:00,43.37,43.41,43.36,43.4,9353
2018-03-01 11:05:00-05:00,43.39,43.46,43.39,43.42,4902
2018-03-01 11:10:00-05:00,43.41,43.41,43.31,43.34,5080
2018-03-01 11:15:00-05:00,43.345,43.385,43.33,43.38,10183
2018-03-01 11:20:00-05:00,43.38,43.455,43.38,43.39,10480
2018-03-01 11:25:00-05:00,43.4,43.4,43.3,43.34,65422
2018-03-01 11:30:00-05:00,43.35,43.35,43.25,43.27,12181
2018-03-01 11:35:00-05:00,43.27,43.32,43.27,43.32,7495
2018-03-01 11:40:00-05:00,43.32,43.38,43.28,43.38,7965
2018-03-01 11:45:00-05:00,43.39,43.44,43.39,43.42,6198
2018-03-01 11:50:00-05:00,43.42,43.46,43.4,43.46,5839
2018-03-01 11:55:00-05:00,43.45,43.48,43.4,43.4,6203
2018-03-01 12:00:00-05:00,43.39,43.39,43.25,43.25,7442
2018-03-01 12:05:00-05:00,43.24,43.26,43.21,43.21,3582
2018-03-01 12:10:00-05:00,43.23,43.295,43.22,43.295,4328
2018-03-01 12:15:00-05:00,43.29,43.29,43.25,43.28,2947
2018-03-01 12:20:00-05:00,43.27,43.285,43.23,43.23,3974
2018-03-01 12:25:00-05:00,43.23,43.26,43.19,43.25,7159
2018-03-01 12:30:00-05:00,43.255,43.255,43.16,43.24,7053
2018-03-01 12:35:00-05:00,43.25,43.29,43.23,43.23,2905
2018-03-01 12:40:00-05:00,43.25,43.3,43.18,43.26,3992
2018-03-01 12:45:00-05:00,43.26,43.32,43.23,43.3,3599
2018-03-01 12:50:00-05:00,43.32,43.33,43.22,43.27,6878
2018-03-01 12:55:00-05:00,43.29,43.29,43.22,43.23,3084
2018-03-01 13:00:00-05:00,43.22,43.22,43.08,43.09,9572
2018-03-01 13:05:00-05:00,43.06,43.11,43.03,43.04,4778
2018-03-01 13:10:00-05:00,43.03,43.13,43.02,43.12,4650
2018-03-01 13:15:00-05:00,43.09,43.15,43.09,43.13,2618
2018-03-01 13:20:00-05:00,43.12,43.14,43.075,43.11,5505
2018-03-01 13:25:00-05:00,43.15,43.19,43.14,43.15,5882
2018-03-01 13:30:00-05:00,43.16,43.23,43.15,43.18,4154
2018-03-01 13:35:00-05:00,43.17,43.21,43.13,43.14,5158
2018-03-01 13:40:00-05:00,43.1,43.125,43.08,43.09,2135
2018-03-01 13:45:00-05:00,43.09,43.1,43.02,43.05,6732
2018-03-01 13:50:00-05:00,43.1,43.125,43.09,43.09,1743
2018-03-01 13:55:00-05:00,43.07,43.08,43.05,43.08,2055
2018-03-01 14:00:00-05:00,43.08,43.1,42.93,42.99,7329
2018-03-01 14:05:00-05:00,42.99,43.05,42.96,42.98,6641
2018-03-01 14:10:00-05:00,43.02,43.04,42.92,42.95,4857
2018-03-01 14:15:00-05:00,42.95,43.09,42.945,43.09,6637
2018-03-01 14:20:00-05:00,43.075,43.1,43.01,43.03,5742
2018-03-01 14:25:00-05:00,43.03,43.06,42.98,43.06,4343
2018-03-01 14:30:00-05:00,43.07,43.13,43.02,43.06,4071
2018-03-01 14:35:00-05:00,43.05,43.05,42.95,42.98,5433
2018-03-01 14:40:00-05:00,42.97,43.12,42.96,43.09,11734
2018-03-01 14:45:00-05:00,43.09,43.09,42.98,42.99,7186
2018-03-01 14:50:00-05:00,43.0,43.02,42.93,42.95,9829
2018-03-01 14:55:00-05:00,42.95,42.99,42.93,42.97,9082
2018-03-01 15:00:00-05:00,42.96,42.99,42.9,42.92,8192
2018-03-01 15:05:00-05:00,42.91,43.12,42.91,43.09,9793
2018-03-01 15:10:00-05:00,43.1,43.24,43.06,43.21,10356
2018-03-01 15:15:00-05:00,43.2,43.29,43.155,43.29,10489
2018-03-01 15:20:00-05:00,43.3,43.33,43.19,43.25,11175
2018-03-01 15:25:00-05:00,43.21,43.33,43.21,43.28,12011
2018-03-01 15:30:00-05:00,43.28,43.32,43.14,43.195,16663
2018-03-01 15:35:00-05:00,43.22,43.22,43.11,43.135,13820
2018-03-01 15:40:00-05:00,43.13,43.175,43.07,43.13,21907
2018-03-01 15:45:00-05:00,43.14,43.28,43.125,43.26,30539
2018-03-01 15:50:00-05:00,43.27,43.41,43.27,43.35,48027
2018-03-01 15:55:00-05:00,43.36,43.48,43.34,43.44,106951
2018-03-02 09:30:00-05:00,43.28,43.67,43.28,43.54,18938
2018-03-02 09:35:00-05:00,43.54,43.55,43.42,43.44,7479
2018-03-02 09:40:00-05:00,43.44,43.63,43.4,43.61,12220
2018-03-02 09:45:00-05:00,43.61,43.66,43.585,43.63,8984
2018-03-02 09:50:00-05:00,43.62,43.625,43.39,43.39,5528
2018-03-02 09:55:00-05:00,43.4,43.42,43.33,43.38,4140
2018-03-02 10:00:00-05:00,43.37,43.47,43.36,43.47,11673
2018-03-02 10:05:00-05:00,43.44,43.44,43.34,43.37,7576
2018-03-02 10:10:00-05:00,43.38,43.41,43.35,43.35,7485
2018-03-02 10:15:00-05:00,43.365,43.41,43.34,43.35,5782
2018-03-02 10:20:00-05:00,43.35,43.5,43.34,43.49,9559
2018-03-02 10:25:00-05:00,43.48,43.58,43.48,43.51,9280
2018-03-02 10:30:00-05:00,43.51,43.68,43.49,43.66,9722
2018-03-02 10:35:00-05:00,43.67,43.685,43.635,43.655,11496
2018-03-02 10:40:00-05:00,43.66,43.71,43.62,43.62,15583
2018-03-02 10:45:00-05:00,43.62,43.64,43.55,43.56,11147
2018-03-02 10:50:00-05:00,43.55,43.55,43.42,43.44,8437
2018-03-02 10:55:00-05:00,43.45,43.46,43.37,43.37,6640
2018-03-02 11:00:00-05:00,43.35,43.39,43.35,43.36,5271
2018-03-02 11:05:00-05:00,43.35,43.37,43.34,43.355,6834
2018-03-02 11:10:00-05:00,43.35,43.41,43.33,43.36,12265
2018-03-02 11:15:00-05:00,43.37,43.37,43.29,43.32,6633
2018-03-02 11:20:00-05:00,43.315,43.38,43.31,43.38,5974
2018-03-02 11:25:00-05:00,43.38,43.45,43.38,43.42,8426
2018-03-02 11:30:00-05:00,43.42,43.44,43.33,43.33,8454
2018-03-02 11:35:00-05:00,43.335,43.345,43.27,43.28,10515
2018-03-02 11:40:00-05:00,43.27,43.46,43.27,43.44,8903
2018-03-02 11:45:00-05:00,43.44,43.49,43.43,43.475,11524
2018-03-02 11:50:00-05:00,43.5,43.52,43.41,43.45,12259
2018-03-02 11:55:00-05:00,43.46,43.52,43.45,43.52,17543
2018-03-02 12:00:00-05:00,43.51,43.525,43.435,43.435,11459
2018-03-02 12:05:00-05:00,43.435,43.435,43.39,43.43,8221
2018-03-02 12:10:00-05:00,43.44,43.455,43.42,43.44,7431
2018-03-02 12:15:00-05:00,43.45,43.45,43.38,43.4,6448
2018-03-02 12:20:00-05:00,43.405,43.41,43.36,43.41,6542
2018-03-02 12:25:00-05:00,43.41,43.47,43.41,43.45,6730
2018-03-02 12:30:00-05:00,43.48,43.5,43.44,43.46,5835
2018-03-02 12:35:00-05:00,43.45,43.49,43.43,43.44,6582
2018-03-02 12:40:00-05:00,43.44,43.45,43.4,43.43,8809
2018-03-02 12:45:00-05:00,43.45,43.47,43.43,43.45,12963
2018-03-02 12:50:00-05:00,43.445,43.525,43.43,43.525,12768
2018-03-02 12:55:00-05:00,43.525,43.525,43.49,43.5,4705
2018-03-02 13:00:00-05:00,43.49,43.49,43.44,43.445,7396
2018-03-02 13:05:00-05:00,43.42,43.435,43.4,43.41,6042
2018-03-02 13:10:00-05:00,43.4,43.42,43.31,43.31,7150
2018-03-02 13:15:00-05:00,43.31,43.34,43.3,43.33,9149
2018-03-02 13:20:00-05:00,43.32,43.345,43.29,43.3,9125
2018-03-02 13:25:00-05:00,43.3,43.34,43.295,43.335,5547
2018-03-02 13:30:00-05:00,43.33,43.35,43.26,43.27,4268
2018-03-02 13:35:00-05:00,43.27,43.31,43.25,43.3,3696
2018-03-02 13:40:00-05:00,43.29,43.33,43.29,43.33,7541
2018-03-02 13:45:00-05:00,43.34,43.35,43.31,43.33,2254
2018-03-02 13:50:00-05:00,43.35,43.35,43.31,43.34,3185
2018-03-02 13:55:00-05:00,43.33,43.35,43.285,43.3,3829
2018-03-02 14:00:00-05:00,43.31,43.395,43.3,43.37,6164
2018-03-02 14:05:00-05:00,43.365,43.37,43.32,43.33,4308
2018-03-02 14:10:00-05:00,43.33,43.42,43.33,43.4,6917
2018-03-02 14:15:00-05:00,43.39,43.39,43.34,43.35,3451
2018-03-02 14:20:00-05:00,43.34,43.35,43.28,43.29,3892
2018-03-02 14:25:00-05:00,43.32,43.39,43.32,43.39,5960
2018-03-02 14:30:00-05:00,43.39,43.41,43.35,43.35,5126
2018-03-02 14:35:00-05:00,43.35,43.37,43.32,43.37,2311
2018-03-02 14:40:00-05:00,43.375,43.41,43.37,43.39,3621
2018-03-02 14:45:00-05:00,43.39,43.43,43.38,43.42,1710
2018-03-02 14:50:00-05:00,43.43,43.45,43.42,43.44,6008
2018-03-02 14:55:00-05:00,43.41,43.41,43.36,43.36,4308
2018-03-02 15:00:00-05:00,43.35,43.36,43.32,43.33,3933
2018-03-02 15:05:00-05:00,43.33,43.38,43.31,43.38,26782
2018-03-02 15:10:00-05:00,43.37,43.37,43.34,43.365,4251
2018-03-02 15:15:00-05:00,43.37,43.415,43.36,43.395,5074
2018-03-02 15:20:00-05:00,43.4,43.45,43.4,43.445,5985
2018-03-02 15:25:00-05:00,43.44,43.45,43.38,43.41,7185
2018-03-02 15:30:00-05:00,43.4,43.5,43.4,43.48,13458
2018-03-02 15:35:00-05:00,43.48,43.59,43.45,43.57,17476
2018-03-02 15:40:00-05:00,43.59,43.6,43.53,43.59,10110
2018-03-02 15:45:00-05:00,43.59,43.62,43.52,43.6,25735
2018-03-02 15:50:00-05:00,43.62,43.7,43.62,43.67,31413
2018-03-02 15:55:00-05:00,43.68,43.8,43.675,43.71,112524
2018-03-05 09:30:00-05:00,43.62,43.7,43.5,43.58,9842
2018-03-05 09:35:00-05:00,43.62,43.73,43.62,43.73,4954
2018-03-05 09:40:00-05:00,43.73,43.79,43.69,43.7,7090
2018-03-05 09:45:00-05:00,43.71,43.725,43.66,43.705,5785
2018-03-05 09:50:00-05:00,43.72,43.77,43.7,43.73,3582
2018-03-05 09:55:00-05:00,43.72,43.76,43.71,43.71,2531
2018-03-05 10:00:00-05:00,43.79,43.79,43.69,43.71,3220
2018-03-05 10:05:00-05:00,43.72,43.73,43.67,43.67,4423
2018-03-05 10:10:00-05:00,43.67,43.69,43.6,43.62,6519
2018-03-05 10:15:00-05:00,43.63,43.65,43.6,43.65,4008
2018-03-05 10:20:00-05:00,43.65,43.69,43.64,43.67,5353
2018-03-05 10:25:00-05:00,43.665,43.695,43.64,43.69,3636
2018-03-05 10:30:00-05:00,43.69,43.71,43.62,43.63,8326
2018-03-05 10:35:00-05:00,43.64,43.69,43.64,43.69,6185
2018-03-05 10:40:00-05:00,43.68,43.68,43.61,43.61,2781
2018-03-05 10:45:00-05:00,43.61,43.61,43.51,43.51,5252
2018-03-05 10:50:00-05:00,43.52,43.59,43.52,43.59,4096
2018-03-05 10:55:00-05:00,43.59,43.64,43.59,43.64,4083
2018-03-05 11:00:00-05:00,43.63,43.69,43.62,43.66,6385
2018-03-05 11:05:00-05:00,43.66,43.77,43.66,43.75,6169
2018-03-05 11:10:00-05:00,43.74,43.74,43.72,43.72,5040
2018-03-05 11:15:00-05:00,43.71,43.725,43.66,43.725,3300
2018-03-05 11:20:00-05:00,43.75,43.85,43.75,43.81,5198
2018-03-05 11:25:00-05:00,43.825,43.84,43.8,43.805,3736
2018-03-05 11:30:00-05:00,43.81,43.83,43.79,43.8,4297
2018-03-05 11:35:00-05:00,43.77,43.81,43.75,43.81,86096
2018-03-05 11:40:00-05:00,43.805,43.87,43.805,43.87,2172
2018-03-05 11:45:00-05:00,43.88,43.88,43.83,43.83,3704
2018-03-05 11:50:00-05:00,43.84,43.85,43.77,43.77,3426
2018-03-05 11:55:00-05:00,43.74,43.82,43.74,43.77,1963
2018-03-05 12:00:00-05:00,43.78,43.83,43.77,43.82,2959
2018-03-05 12:05:00-05:00,43.825,43.85,43.81,43.83,2022
2018-03-05 12:10:00-05:00,43.835,43.85,43.8,43.82,2124
2018-03-05 12:15:00-05:00,43.82,43.83,43.8,43.81,2010
2018-03-05 12:20:00-05:00,43.81,43.81,43.73,43.73,2421
2018-03-05 12:25:00-05:00,43.73,43.745,43.73,43.74,2903
2018-03-05 12:30:00-05:00,43.74,43.78,43.72,43.735,7843
2018-03-05 12:35:00-05:00,43.745,43.765,43.74,43.755,6889
2018-03-05 12:40:00-05:00,43.755,43.765,43.73,43.74,7872
2018-03-05 12:45:00-05:00,43.75,43.79,43.75,43.755,5767
2018-03-05 12:50:00-05:00,43.76,43.805,43.76,43.8,2994
2018-03-05 12:55:00-05:00,43.81,43.86,43.805,43.85,1901
2018-03-05 13:00:00-05:00,43.88,43.89,43.86,43.86,6532
2018-03-05 13:05:00-05:00,43.87,43.88,43.83,43.84,2972
2018-03-05 13:10:00-05:00,43.86,43.89,43.85,43.85,5241
2018-03-05 13:15:00-05:00,43.855,43.855,43.78,43.78,4244
2018-03-05 13:20:00-05:00,43.78,43.81,43.78,43.8,2497
2018-03-05 13:25:00-05:00,43.81,43.825,43.79,43.825,8533
2018-03-05 13:30:00-05:00,43.82,43.84,43.765,43.775,3150
2018-03-05 13:35:00-05:00,43.77,43.8,43.75,43.75,12027
2018-03-05 13:40:00-05:00,43.82,43.82,43.76,43.76,2153
2018-03-05 13:45:00-05:00,43.76,43.78,43.71,43.73,8432
2018-03-05 13:50:00-05:00,43.73,43.735,43.71,43.72,4051
2018-03-05 13:55:00-05:00,43.74,43.755,43.74,43.755,854
2018-03-05 14:00:00-05:00,43.76,43.79,43.73,43.74,1747
2018-03-05 14:05:00-05:00,43.73,43.765,43.715,43.765,3145
2018-03-05 14:10:00-05:00,43.77,43.77,43.68,43.69,2843
2018-03-05 14:15:00-05:00,43.7,43.755,43.695,43.695,3428
2018-03-05 14:20:00-05:00,43.7,43.74,43.7,43.72,1598
2018-03-05 14:25:00-05:00,43.73,43.82,43.73,43.79,3610
2018-03-05 14:30:00-05:00,43.78,43.85,43.78,43.85,3113
2018-03-05 14:35:00-05:00,43.845,43.9,43.81,43.89,4952
2018-03-05 14:40:00-05:00,43.89,43.9,43.84,43.86,4295
2018-03-05 14:45:00-05:00,43.86,43.875,43.85,43.86,6896
2018-03-05 14:50:00-05:00,43.86,43.88,43.85,43.86,3324
2018-03-05 14:55:00-05:00,43.87,43.92,43.87,43.92,2701
2018-03-05 15:00:00-05:00,43.92,43.93,43.89,43.895,3695
2018-03-05 15:05:00-05:00,43.88,43.935,43.875,43.875,8946
2018-03-05 15:10:00-05:00,43.87,43.89,43.86,43.86,7841
2018-03-05 15:15:00-05:00,43.865,43.865,43.83,43.85,5543
2018-03-05 15:20:00-05:00,43.85,43.87,43.85,43.85,4210
2018-03-05 15:25:00-05:00,43.84,43.84,43.795,43.83,9476
2018-03-05 15:30:00-05:00,43.83,43.85,43.79,43.84,9605
2018-03-05 15:35:00-05:00,43.84,43.88,43.81,43.86,8399
2018-03-05 15:40:00-05:00,43.86,43.91,43.83,43.88,8311
2018-03-05 15:45:00-05:00,43.89,43.93,43.865,43.865,13285
2018-03-05 15:50:00-05:00,43.86,43.89,43.855,43.875,22856
2018-03-05 15:55:00-05:00,43.88,43.92,43.86,43.87,58488
2018-03-06 09:30:00-05:00,43.95,44.04,43.9,43.94,6948
2018-03-06 09:35:00-05:00,43.97,43.97,43.79,43.86,5376
2018-03-06 09:40:00-05:00,43.86,43.88,43.8,43.825,3404
2018-03-06 09:45:00-05:00,43.82,43.85,43.78,43.79,2509
2018-03-06 09:50:00-05:00,43.82,43.84,43.735,43.79,2977
2018-03-06 09:55:00-05:00,43.8,43.84,43.74,43.755,5003
2018-03-06 10:00:00-05:00,43.76,43.81,43.75,43.75,4883
2018-03-06 10:05:00-05:00,43.77,43.815,43.73,43.74,3584
2018-03-06 10:10:00-05:00,43.74,43.74,43.71,43.73,2004
2018-03-06 10:15:00-05:00,43.71,43.8,43.69,43.79,4099
2018-03-06 10:20:00-05:00,43.77,43.77,43.72,43.74,1612
2018-03-06 10:25:00-05:00,43.765,43.78,43.76,43.77,5831
2018-03-06 10:30:00-05:00,43.77,43.77,43.74,43.75,1557
2018-03-06 10:35:00-05:00,43.76,43.78,43.75,43.78,1800
2018-03-06 10:40:00-05:00,43.78,43.79,43.76,43.77,7537
2018-03-06 10:45:00-05:00,43.785,43.85,43.785,43.825,2700
2018-03-06 10:50:00-05:00,43.79,43.8,43.69,43.71,6133
2018-03-06 10:55:00-05:00,43.69,43.71,43.67,43.68,2730
2018-03-06 11:00:00-05:00,43.68,43.71,43.68,43.7,1944
2018-03-06 11:05:00-05:00,43.7,43.71,43.67,43.7,3562
2018-03-06 11:10:00-05:00,43.7,43.73,43.68,43.73,4847
2018-03-06 11:15:00-05:00,43.74,43.77,43.74,43.76,1110
2018-03-06 11:20:00-05:00,43.765,43.765,43.68,43.68,1267
2018-03-06 11:25:00-05:00,43.66,43.73,43.66,43.73,1282
2018-03-06 11:30:00-05:00,43.73,43.735,43.7,43.7,1801
2018-03-06 11:35:00-05:00,43.69,43.69,43.655,43.66,1675
2018-03-06 11:40:00-05:00,43.65,43.715,43.64,43.715,2978
2018-03-06 11:45:00-05:00,43.74,43.75,43.719,43.719,1303
2018-03-06 11:50:00-05:00,43.71,43.72,43.71,43.71,2934
2018-03-06 11:55:00-05:00,43.69,43.77,43.67,43.77,2490
2018-03-06 12:00:00-05:00,43.77,43.8,43.77,43.79,1613
2018-03-06 12:05:00-05:00,43.77,43.78,43.74,43.765,1600
2018-03-06 12:10:00-05:00,43.75,43.75,43.71,43.71,2047
2018-03-06 12:15:00-05:00,43.7,43.7,43.695,43.7,1685
2018-03-06 12:20:00-05:00,43.68,43.68,43.61,43.64,2308
2018-03-06 12:25:00-05:00,43.645,43.65,43.62,43.63,1700
2018-03-06 12:30:00-05:00,43.63,43.65,43.62,43.63,1541
2018-03-06 12:35:00-05:00,43.63,43.64,43.63,43.64,1860
2018-03-06 12:40:00-05:00,43.63,43.66,43.63,43.64,1647
2018-03-06 12:45:00-05:00,43.605,43.62,43.6,43.61,1920
2018-03-06 12:50:00-05:00,43.605,43.61,43.595,43.6,3008
2018-03-06 12:55:00-05:00,43.61,43.745,43.61,43.745,3577
2018-03-06 13:00:00-05:00,43.75,43.785,43.74,43.74,2710
2018-03-06 13:05:00-05:00,43.73,43.77,43.73,43.76,1355
2018-03-06 13:10:00-05:00,43.74,43.74,43.725,43.73,680
2018-03-06 13:15:00-05:00,43.74,43.75,43.73,43.73,686
2018-03-06 13:20:00-05:00,43.73,43.76,43.71,43.75,21984
2018-03-06 13:25:00-05:00,43.76,43.779,43.76,43.77,1450
2018-03-06 13:30:00-05:00,43.79,43.79,43.75,43.75,939
2018-03-06 13:35:00-05:00,43.77,43.77,43.75,43.76,814
2018-03-06 13:40:00-05:00,43.78,43.79,43.76,43.77,1557
2018-03-06 13:45:00-05:00,43.78,43.785,43.72,43.73,2139
2018-03-06 13:50:00-05:00,43.72,43.77,43.72,43.75,2706
2018-03-06 13:55:00-05:00,43.73,43.74,43.72,43.73,700
2018-03-06 14:00:00-05:00,43.74,43.75,43.705,43.72,909
2018-03-06 14:05:00-05:00,43.725,43.725,43.69,43.725,1572
2018-03-06 14:10:00-05:00,43.73,43.75,43.72,43.72,785
2018-03-06 14:15:00-05:00,43.7,43.705,43.68,43.705,929
2018-03-06 14:20:00-05:00,43.7,43.71,43.685,43.69,1883
2018-03-06 14:25:00-05:00,43.69,43.705,43.68,43.68,1165
2018-03-06 14:30:00-05:00,43.675,43.72,43.675,43.72,2536
2018-03-06 14:35:00-05:00,43.72,43.79,43.71,43.79,1605
2018-03-06 14:40:00-05:00,43.79,43.83,43.79,43.82,1310
2018-03-06 14:45:00-05:00,43.815,43.86,43.81,43.85,4684
2018-03-06 14:50:00-05:00,43.85,43.86,43.85,43.855,3478
2018-03-06 14:55:00-05:00,43.8,43.81,43.8,43.805,1297
2018-03-06 15:00:00-05:00,43.8,43.8,43.74,43.74,3441
2018-03-06 15:05:00-05:00,43.75,43.77,43.745,43.755,4305
2018-03-06 15:10:00-05:00,43.755,43.76,43.71,43.71,2727
2018-03-06 15:15:00-05:00,43.715,43.735,43.715,43.73,6643
2018-03-06 15:20:00-05:00,43.735,43.78,43.735,43.77,3711
2018-03-06 15:25:00-05:00,43.76,43.84,43.74,43.815,6278
2018-03-06 15:30:00-05:00,43.815,43.83,43.8,43.815,7983
2018-03-06 15:35:00-05:00,43.81,43.85,43.81,43.82,8509
2018-03-06 15:40:00-05:00,43.83,43.83,43.78,43.79,12636
2018-03-06 15:45:00-05:00,43.78,43.8,43.73,43.76,12754
2018-03-06 15:50:00-05:00,43.76,43.84,43.76,43.82,14929
2018-03-06 15:55:00-05:00,43.81,43.93,43.775,43.925,57230
2018-03-07 09:30:00-05:00,43.64,43.68,43.53,43.59,7467
2018-03-07 09:35:00-05:00,43.56,43.61,43.52,43.61,6259
2018-03-07 09:40:00-05:00,43.61,43.68,43.57,43.6,8904
2018-03-07 09:45:00-05:00,43.585,43.64,43.58,43.58,9856
2018-03-07 09:50:00-05:00,43.58,43.66,43.57,43.65,7051
2018-03-07 09:55:00-05:00,43.63,43.71,43.62,43.7,4331
2018-03-07 10:00:00-05:00,43.68,43.74,43.68,43.7,4214
2018-03-07 10:05:00-05:00,43.7,43.74,43.69,43.73,5736
2018-03-07 10:10:00-05:00,43.73,43.76,43.71,43.73,2152
2018-03-07 10:15:00-05:00,43.74,43.78,43.74,43.77,4276
2018-03-07 10:20:00-05:00,43.77,43.84,43.77,43.77,2787
2018-03-07 10:25:00-05:00,43.76,43.77,43.735,43.74,3245
2018-03-07 10:30:00-05:00,43.74,43.74,43.69,43.72,3456
2018-03-07 10:35:00-05:00,43.74,43.75,43.67,43.67,4263
2018-03-07 10:40:00-05:00,43.67,43.71,43.64,43.69,3205
2018-03-07 10:45:00-05:00,43.7,43.75,43.7,43.73,2362
2018-03-07 10:50:00-05:00,43.74,43.74,43.69,43.7,1700
2018-03-07 10:55:00-05:00,43.7,43.74,43.66,43.72,5116
2018-03-07 11:00:00-05:00,43.71,43.72,43.64,43.64,3505
2018-03-07 11:05:00-05:00,43.65,43.66,43.63,43.645,4779
2018-03-07 11:10:00-05:00,43.69,43.7,43.65,43.67,2121
2018-03-07 11:15:00-05:00,43.68,43.71,43.66,43.66,3393
2018-03-07 11:20:00-05:00,43.66,43.69,43.64,43.675,5372
2018-03-07 11:25:00-05:00,43.67,43.68,43.64,43.68,5457
2018-03-07 11:30:00-05:00,43.7,43.72,43.66,43.67,4198
2018-03-07 11:35:00-05:00,43.665,43.69,43.66,43.69,3612
2018-03-07 11:40:00-05:00,43.68,43.69,43.66,43.66,3773
2018-03-07 11:45:00-05:00,43.67,43.68,43.66,43.66,3179
2018-03-07 11:50:00-05:00,43.66,43.7,43.66,43.67,3870
2018-03-07 11:55:00-05:00,43.67,43.69,43.66,43.66,1806
2018-03-07 12:00:00-05:00,43.67,43.68,43.61,43.63,5735
2018-03-07 12:05:00-05:00,43.63,43.64,43.59,43.59,5723
2018-03-07 12:10:00-05:00,43.6,43.61,43.56,43.605,4255
2018-03-07 12:15:00-05:00,43.6,43.61,43.59,43.59,1355
2018-03-07 12:20:00-05:00,43.59,43.6,43.57,43.57,4004
2018-03-07 12:25:00-05:00,43.58,43.61,43.58,43.59,2913
2018-03-07 12:30:00-05:00,43.59,43.61,43.575,43.61,3100
2018-03-07 12:35:00-05:00,43.62,43.62,43.59,43.59,1000
2018-03-07 12:40:00-05:00,43.58,43.58,43.535,43.56,5739
2018-03-07 12:45:00-05:00,43.56,43.58,43.56,43.56,5104
2018-03-07 12:50:00-05:00,43.55,43.55,43.505,43.505,3415
2018-03-07 12:55:00-05:00,43.51,43.53,43.51,43.53,3773
2018-03-07 13:00:00-05:00,43.51,43.52,43.48,43.49,2124
2018-03-07 13:05:00-05:00,43.495,43.5,43.47,43.495,1463
2018-03-07 13:10:00-05:00,43.51,43.54,43.51,43.54,2605
2018-03-07 13:15:00-05:00,43.54,43.555,43.49,43.55,3809
2018-03-07 13:20:00-05:00,43.57,43.61,43.56,43.605,2325
2018-03-07 13:25:00-05:00,43.63,43.68,43.62,43.68,5784
2018-03-07 13:30:00-05:00,43.68,43.73,43.66,43.66,1550
2018-03-07 13:35:00-05:00,43.66,43.66,43.63,43.64,2772
2018-03-07 13:40:00-05:00,43.63,43.66,43.63,43.64,43614
2018-03-07 13:45:00-05:00,43.64,43.68,43.635,43.655,33106
2018-03-07 13:50:00-05:00,43.655,43.68,43.645,43.68,4358
2018-03-07 13:55:00-05:00,43.67,43.68,43.645,43.675,5611
2018-03-07 14:00:00-05:00,43.67,43.67,43.64,43.65,6559
2018-03-07 14:05:00-05:00,43.66,43.66,43.635,43.65,4981
2018-03-07 14:10:00-05:00,43.66,43.72,43.66,43.71,3988
2018-03-07 14:15:00-05:00,43.72,43.72,43.68,43.68,4265
2018-03-07 14:20:00-05:00,43.67,43.73,43.67,43.705,3912
2018-03-07 14:25:00-05:00,43.705,43.73,43.69,43.71,6620
2018-03-07 14:30:00-05:00,43.71,43.74,43.7,43.74,11063
2018-03-07 14:35:00-05:00,43.75,43.75,43.72,43.72,3471
2018-03-07 14:40:00-05:00,43.72,43.72,43.69,43.7,8736
2018-03-07 14:45:00-05:00,43.7,43.72,43.69,43.71,19459
2018-03-07 14:50:00-05:00,43.72,43.75,43.695,43.71,3800
2018-03-07 14:55:00-05:00,43.695,43.71,43.69,43.71,4223
2018-03-07 15:00:00-05:00,43.72,43.72,43.7,43.715,4717
2018-03-07 15:05:00-05:00,43.72,43.83,43.72,43.815,4845
2018-03-07 15:10:00-05:00,43.815,43.84,43.8,43.805,6917
2018-03-07 15:15:00-05:00,43.805,43.83,43.8,43.83,20203
2018-03-07 15:20:00-05:00,43.82,43.82,43.765,43.8,17628
2018-03-07 15:25:00-05:00,43.78,43.81,43.78,43.79,6938
2018-03-07 15:30:00-05:00,43.8,43.84,43.795,43.815,13974
2018-03-07 15:35:00-05:00,43.82,43.88,43.81,43.85,15663
2018-03-07 15:40:00-05:00,43.86,43.89,43.86,43.88,7210
2018-03-07 15:45:00-05:00,43.88,43.92,43.88,43.89,19927
2018-03-07 15:50:00-05:00,43.9,43.91,43.82,43.835,16290
2018-03-07 15:55:00-05:00,43.835,43.89,43.83,43.84,62426
2018-03-08 09:30:00-05:00,43.86,43.89,43.82,43.88,3389
2018-03-08 09:35:00-05:00,43.9,43.975,43.9,43.93,3997
2018-03-08 09:40:00-05:00,43.93,43.985,43.905,43.985,5032
2018-03-08 09:45:00-05:00,43.985,44.07,43.975,44.045,8121
2018-03-08 09:50:00-05:00,44.045,44.06,43.995,44.0,8694
2018-03-08 09:55:00-05:00,44.03,44.04,44.0,44.005,4158
2018-03-08 10:00:00-05:00,44.0,44.0,43.965,43.965,3201
2018-03-08 10:05:00-05:00,43.985,44.055,43.985,44.055,3288
2018-03-08 10:10:00-05:00,44.04,44.12,44.04,44.105,6781
2018-03-08 10:15:00-05:00,44.105,44.145,44.095,44.145,6426
2018-03-08 10:20:00-05:00,44.155,44.23,44.15,44.225,5969
2018-03-08 10:25:00-05:00,44.225,44.24,44.205,44.215,5228
2018-03-08 10:30:00-05:00,44.21,44.27,44.21,44.23,13623
2018-03-08 10:35:00-05:00,44.23,44.26,44.185,44.185,4763
2018-03-08 10:40:00-05:00,44.17,44.25,44.17,44.22,7585
2018-03-08 10:45:00-05:00,44.23,44.275,44.22,44.275,5363
2018-03-08 10:50:00-05:00,44.285,44.32,44.28,44.32,4686
2018-03-08 10:55:00-05:00,44.31,44.33,44.285,44.285,8207
2018-03-08 11:00:00-05:00,44.285,44.345,44.285,44.335,15000
2018-03-08 11:05:00-05:00,44.33,44.34,44.31,44.32,6940
2018-03-08 11:10:00-05:00,44.315,44.35,44.255,44.27,19545
2018-03-08 11:15:00-05:00,44.27,44.29,44.255,44.255,4529
2018-03-08 11:20:00-05:00,44.245,44.245,44.195,44.2,10190
2018-03-08 11:25:00-05:00,44.19,44.225,44.18,44.2,8270
2018-03-08 11:30:00-05:00,44.19,44.215,44.16,44.17,1743
2018-03-08 11:35:00-05:00,44.18,44.18,44.115,44.125,5471
2018-03-08 11:40:00-05:00,44.125,44.14,44.11,44.115,8453
2018-03-08 11:45:00-05:00,44.115,44.17,44.105,44.155,11901
2018-03-08 11:50:00-05:00,44.15,44.25,44.14,44.245,7413
2018-03-08 11:55:00-05:00,44.245,44.26,44.235,44.25,2993
2018-03-08 12:00:00-05:00,44.255,44.29,44.255,44.265,4615
2018-03-08 12:05:00-05:00,44.28,44.3,44.25,44.255,7622
2018-03-08 12:10:00-05:00,44.24,44.24,44.185,44.215,4200
2018-03-08 12:15:00-05:00,44.215,44.235,44.215,44.235,2181
2018-03-08 12:20:00-05:00,44.245,44.25,44.2,44.2,2931
2018-03-08 12:25:00-05:00,44.21,44.27,44.205,44.27,4051
2018-03-08 12:30:00-05:00,44.26,44.27,44.21,44.21,1300
2018-03-08 12:35:00-05:00,44.205,44.23,44.2,44.23,3078
2018-03-08 12:40:00-05:00,44.22,44.25,44.215,44.215,2648
2018-03-08 12:45:00-05:00,44.215,44.25,44.215,44.245,2237
2018-03-08 12:50:00-05:00,44.25,44.26,44.22,44.22,4217
2018-03-08 12:55:00-05:00,44.22,44.26,44.22,44.26,3401
2018-03-08 13:00:00-05:00,44.255,44.275,44.25,44.275,1188
2018-03-08 13:05:00-05:00,44.27,44.3,44.27,44.285,2022
2018-03-08 13:10:00-05:00,44.285,44.29,44.28,44.285,3002
2018-03-08 13:15:00-05:00,44.29,44.295,44.27,44.28,3702
2018-03-08 13:20:00-05:00,44.285,44.29,44.25,44.25,2316
2018-03-08 13:25:00-05:00,44.24,44.265,44.225,44.265,2700
2018-03-08 13:30:00-05:00,44.255,44.26,44.24,44.25,1547
2018-03-08 13:35:00-05:00,44.255,44.26,44.24,44.24,3096
2018-03-08 13:40:00-05:00,44.235,44.24,44.2,44.205,2845
2018-03-08 13:45:00-05:00,44.2,44.22,44.18,44.22,3848
2018-03-08 13:50:00-05:00,44.22,44.235,44.21,44.23,2610
2018-03-08 13:55:00-05:00,44.235,44.27,44.23,44.26,4781
2018-03-08 14:00:00-05:00,44.26,44.265,44.25,44.255,8256
2018-03-08 14:05:00-05:00,44.24,44.24,44.21,44.21,2501
2018-03-08 14:10:00-05:00,44.215,44.22,44.21,44.215,4162
2018-03-08 14:15:00-05:00,44.22,44.26,44.215,44.245,10564
2018-03-08 14:20:00-05:00,44.25,44.26,44.245,44.25,7828
2018-03-08 14:25:00-05:00,44.24,44.28,44.24,44.27,4369
2018-03-08 14:30:00-05:00,44.27,44.28,44.24,44.265,6261
2018-03-08 14:35:00-05:00,44.265,44.33,44.26,44.33,2896
2018-03-08 14:40:00-05:00,44.325,44.345,44.325,44.34,1867
2018-03-08 14:45:00-05:00,44.34,44.38,44.34,44.375,8520
2018-03-08 14:50:00-05:00,44.375,44.395,44.355,44.355,3301
2018-03-08 14:55:00-05:00,44.36,44.39,44.35,44.39,5449
2018-03-08 15:00:00-05:00,44.395,44.42,44.365,44.365,4964
2018-03-08 15:05:00-05:00,44.37,44.41,44.36,44.375,4185
2018-03-08 15:10:00-05:00,44.38,44.39,44.35,44.36,3483
2018-03-08 15:15:00-05:00,44.355,44.38,44.35,44.37,7946
2018-03-08 15:20:00-05:00,44.37,44.39,44.36,44.36,4840
2018-03-08 15:25:00-05:00,44.355,44.36,44.325,44.34,8083
2018-03-08 15:30:00-05:00,44.34,44.36,44.305,44.345,4903
2018-03-08 15:35:00-05:00,44.34,44.36,44.32,44.32,7647
2018-03-08 15:40:00-05:00,44.315,44.315,44.265,44.28,17091
2018-03-08 15:45:00-05:00,44.265,44.31,44.23,44.285,25949
2018-03-08 15:50:00-05:00,44.29,44.355,44.285,44.31,28211
2018-03-08 15:55:00-05:00,44.315,44.46,44.31,44.45,93356
2018-03-09 09:30:00-05:00,44.57,44.57,44.43,44.49,3573
2018-03-09 09:35:00-05:00,44.49,44.49,44.39,44.465,5776
2018-03-09 09:40:00-05:00,44.46,44.55,44.46,44.5,6355
2018-03-09 09:45:00-05:00,44.495,44.52,44.46,44.5,8477
2018-03-09 09:50:00-05:00,44.51,44.55,44.51,44.53,5969
2018-03-09 09:55:00-05:00,44.535,44.63,44.53,44.63,11334
2018-03-09 10:00:00-05:00,44.625,44.66,44.545,44.56,7507
2018-03-09 10:05:00-05:00,44.555,44.68,44.55,44.64,7621
2018-03-09 10:10:00-05:00,44.645,44.68,44.605,44.65,5376
2018-03-09 10:15:00-05:00,44.65,44.68,44.625,44.675,5065
2018-03-09 10:20:00-05:00,44.68,44.72,44.67,44.72,6211
2018-03-09 10:25:00-05:00,44.725,44.73,44.69,44.705,6793
2018-03-09 10:30:00-05:00,44.725,44.725,44.62,44.665,5765
2018-03-09 10:35:00-05:00,44.67,44.685,44.61,44.61,3828
2018-03-09 10:40:00-05:00,44.62,44.655,44.615,44.64,5983
2018-03-09 10:45:00-05:00,44.64,44.665,44.63,44.63,7872
2018-03-09 10:50:00-05:00,44.64,44.69,44.635,44.655,10298
2018-03-09 10:55:00-05:00,44.66,44.665,44.6,44.6,7452
2018-03-09 11:00:00-05:00,44.61,44.615,44.58,44.6,5406
2018-03-09 11:05:00-05:00,44.58,44.61,44.57,44.605,5794
2018-03-09 11:10:00-05:00,44.62,44.62,44.58,44.58,3389
2018-03-09 11:15:00-05:00,44.59,44.605,44.565,44.585,7058
2018-03-09 11:20:00-05:00,44.59,44.625,44.58,44.61,9483
2018-03-09 11:25:00-05:00,44.605,44.63,44.595,44.615,7016
2018-03-09 11:30:00-05:00,44.62,44.655,44.61,44.64,4878
2018-03-09 11:35:00-05:00,44.645,44.645,44.63,44.63,3958
2018-03-09 11:40:00-05:00,44.635,44.69,44.63,44.69,10557
2018-03-09 11:45:00-05:00,44.685,44.69,44.66,44.665,7316
2018-03-09 11:50:00-05:00,44.67,44.67,44.65,44.665,7280
2018-03-09 11:55:00-05:00,44.67,44.68,44.655,44.68,6590
2018-03-09 12:00:00-05:00,44.69,44.725,44.685,44.7,5560
2018-03-09 12:05:00-05:00,44.705,44.715,44.68,44.71,3791
2018-03-09 12:10:00-05:00,44.72,44.74,44.7,44.7,10480
2018-03-09 12:15:00-05:00,44.705,44.73,44.68,44.685,7107
2018-03-09 12:20:00-05:00,44.68,44.685,44.65,44.65,5310
2018-03-09 12:25:00-05:00,44.65,44.65,44.63,44.65,5814
2018-03-09 12:30:00-05:00,44.645,44.66,44.64,44.66,17572
2018-03-09 12:35:00-05:00,44.655,44.66,44.65,44.655,9513
2018-03-09 12:40:00-05:00,44.66,44.66,44.62,44.63,7593
2018-03-09 12:45:00-05:00,44.635,44.645,44.61,44.615,4622
2018-03-09 12:50:00-05:00,44.615,44.65,44.61,44.645,10118
2018-03-09 12:55:00-05:00,44.635,44.64,44.61,44.62,4877
2018-03-09 13:00:00-05:00,44.62,44.68,44.61,44.675,8773
2018-03-09 13:05:00-05:00,44.675,44.695,44.67,44.695,4410
2018-03-09 13:10:00-05:00,44.7,44.73,44.685,44.72,5876
2018-03-09 13:15:00-05:00,44.73,44.73,44.685,44.72,5401
2018-03-09 13:20:00-05:00,44.715,44.73,44.68,44.68,9049
2018-03-09 13:25:00-05:00,44.67,44.73,44.665,44.725,11060
2018-03-09 13:30:00-05:00,44.72,44.74,44.71,44.735,6119
2018-03-09 13:35:00-05:00,44.73,44.735,44.71,44.715,4212
2018-03-09 13:40:00-05:00,44.71,44.715,44.685,44.71,4884
2018-03-09 13:45:00-05:00,44.705,44.73,44.7,44.705,5611
2018-03-09 13:50:00-05:00,44.7,44.71,44.67,44.695,3400
2018-03-09 13:55:00-05:00,44.665,44.67,44.65,44.65,2330
2018-03-09 14:00:00-05:00,44.66,44.68,44.66,44.66,5022
2018-03-09 14:05:00-05:00,44.67,44.68,44.67,44.67,5599
2018-03-09 14:10:00-05:00,44.675,44.71,44.67,44.695,7140
2018-03-09 14:15:00-05:00,44.69,44.72,44.68,44.69,5140
2018-03-09 14:20:00-05:00,44.7,44.7,44.66,44.685,4447
2018-03-09 14:25:00-05:00,44.685,44.685,44.66,44.675,9100
2018-03-09 14:30:00-05:00,44.675,44.69,44.645,44.68,12245
2018-03-09 14:35:00-05:00,44.675,44.68,44.655,44.68,5690
2018-03-09 14:40:00-05:00,44.67,44.69,44.65,44.66,4721
2018-03-09 14:45:00-05:00,44.65,44.68,44.65,44.66,6247
2018-03-09 14:50:00-05:00,44.67,44.69,44.665,44.675,8055
2018-03-09 14:55:00-05:00,44.675,44.72,44.67,44.72,9114
2018-03-09 15:00:00-05:00,44.715,44.72,44.69,44.72,7110
2018-03-09 15:05:00-05:00,44.715,44.715,44.66,44.69,6701
2018-03-09 15:10:00-05:00,44.695,44.71,44.69,44.71,6346
2018-03-09 15:15:00-05:00,44.705,44.71,44.66,44.665,11250
2018-03-09 15:20:00-05:00,44.66,44.67,44.64,44.67,8595
2018-03-09 15:25:00-05:00,44.67,44.69,44.64,44.68,17748
2018-03-09 15:30:00-05:00,44.69,44.71,44.69,44.69,16925
2018-03-09 15:35:00-05:00,44.69,44.715,44.675,44.69,18953
2018-03-09 15:40:00-05:00,44.69,44.74,44.69,44.74,19449
2018-03-09 15:45:00-05:00,44.735,44.75,44.695,44.7,24139
2018-03-09 15:50:00-05:00,44.705,44.78,44.705,44.77,31708
2018-03-09 15:55:00-05:00,44.78,44.82,44.73,44.81,87964
2018-03-12 09:30:00-04:00,44.925,44.94,44.715,44.87,10660
2018-03-12 09:35:00-04:00,44.87,45.0,44.87,44.96,16253
2018-03-12 09:40:00-04:00,44.99,45.07,44.98,45.05,6976
2018-03-12 09:45:00-04:00,45.045,45.09,45.02,45.02,7801
2018-03-12 09:50:00-04:00,45.02,45.02,44.92,44.92,5162
2018-03-12 09:55:00-04:00,44.91,44.94,44.91,44.92,3359
2018-03-12 10:00:00-04:00,44.91,44.92,44.865,44.87,6952
2018-03-12 10:05:00-04:00,44.87,44.87,44.835,44.84,4167
2018-03-12 10:10:00-04:00,44.82,44.82,44.76,44.78,6405
2018-03-12 10:15:00-04:00,44.78,44.815,44.72,44.74,8180
2018-03-12 10:20:00-04:00,44.73,44.73,44.7,44.71,5658
2018-03-12 10:25:00-04:00,44.71,44.715,44.665,44.68,4602
2018-03-12 10:30:00-04:00,44.68,44.685,44.65,44.67,4187
2018-03-12 10:35:00-04:00,44.66,44.66,44.61,44.625,5853
2018-03-12 10:40:00-04:00,44.62,44.63,44.59,44.62,4752
2018-03-12 10:45:00-04:00,44.62,44.68,44.62,44.68,6151
2018-03-12 10:50:00-04:00,44.68,44.69,44.64,44.64,9379
2018-03-12 10:55:00-04:00,44.63,44.65,44.61,44.63,9096
2018-03-12 11:00:00-04:00,44.635,44.65,44.63,44.64,5364
2018-03-12 11:05:00-04:00,44.645,44.65,44.6,44.6,6129
2018-03-12 11:10:00-04:00,44.59,44.61,44.59,44.6,3964
2018-03-12 11:15:00-04:00,44.59,44.62,44.575,44.61,5094
2018-03-12 11:20:00-04:00,44.6,44.61,44.59,44.61,3850
2018-03-12 11:25:00-04:00,44.62,44.66,44.62,44.64,4629
2018-03-12 11:30:00-04:00,44.63,44.67,44.62,44.66,5820
2018-03-12 11:35:00-04:00,44.66,44.682,44.63,44.682,9570
2018-03-12 11:40:00-04:00,44.68,44.68,44.67,44.68,3138
2018-03-12 11:45:00-04:00,44.68,44.7,44.67,44.67,7693
2018-03-12 11:50:00-04:00,44.68,44.7,44.64,44.69,7137
2018-03-12 11:55:00-04:00,44.68,44.68,44.64,44.64,4407
2018-03-12 12:00:00-04:00,44.64,44.65,44.625,44.64,3739
2018-03-12 12:05:00-04:00,44.63,44.63,44.61,44.63,4202
2018-03-12 12:10:00-04:00,44.63,44.63,44.6,44.63,9966
2018-03-12 12:15:00-04:00,44.64,44.65,44.63,44.64,4863
2018-03-12 12:20:00-04:00,44.62,44.65,44.62,44.64,2988
2018-03-12 12:25:00-04:00,44.64,44.65,44.63,44.64,3010
2018-03-12 12:30:00-04:00,44.64,44.65,44.63,44.63,4858
2018-03-12 12:35:00-04:00,44.62,44.62,44.6,44.6,2733
2018-03-12 12:40:00-04:00,44.6,44.62,44.58,44.6,6856
2018-03-12 12:45:00-04:00,44.6,44.6,44.59,44.59,964
2018-03-12 12:50:00-04:00,44.57,44.58,44.57,44.57,2585
2018-03-12 12:55:00-04:00,44.57,44.57,44.54,44.56,7745
2018-03-12 13:00:00-04:00,44.56,44.59,44.56,44.585,6008
2018-03-12 13:05:00-04:00,44.585,44.595,44.575,44.58,5739
2018-03-12 13:10:00-04:00,44.59,44.61,44.58,44.61,7210
2018-03-12 13:15:00-04:00,44.6,44.62,44.58,44.6,8004
2018-03-12 13:20:00-04:00,44.6,44.61,44.59,44.59,5587
2018-03-12 13:25:00-04:00,44.58,44.59,44.58,44.58,5153
2018-03-12 13:30:00-04:00,44.59,44.59,44.58,44.58,4452
2018-03-12 13:35:00-04:00,44.58,44.6,44.58,44.59,5523
2018-03-12 13:40:00-04:00,44.58,44.59,44.54,44.54,4054
2018-03-12 13:45:00-04:00,44.55,44.58,44.54,44.58,13012
2018-03-12 13:50:00-04:00,44.58,44.59,44.575,44.58,5855
2018-03-12 13:55:00-04:00,44.58,44.59,44.555,44.555,5938
2018-03-12 14:00:00-04:00,44.55,44.56,44.545,44.56,5194
2018-03-12 14:05:00-04:00,44.56,44.57,44.56,44.56,3831
2018-03-12 14:10:00-04:00,44.56,44.56,44.52,44.53,5302
2018-03-12 14:15:00-04:00,44.53,44.53,44.505,44.51,5970
2018-03-12 14:20:00-04:00,44.51,44.52,44.49,44.495,14303
2018-03-12 14:25:00-04:00,44.495,44.5,44.46,44.465,14557
2018-03-12 14:30:00-04:00,44.46,44.465,44.445,44.445,46110
2018-03-12 14:35:00-04:00,44.445,44.45,44.43,44.435,23841
2018-03-12 14:40:00-04:00,44.435,44.445,44.38,44.39,26180
2018-03-12 14:45:00-04:00,44.4,44.41,44.38,44.385,7626
2018-03-12 14:50:00-04:00,44.38,44.38,44.33,44.33,4865
2018-03-12 14:55:00-04:00,44.34,44.365,44.335,44.365,8423
2018-03-12 15:00:00-04:00,44.365,44.405,44.365,44.4,11719
2018-03-12 15:05:00-04:00,44.4,44.405,44.38,44.395,9144
2018-03-12 15:10:00-04:00,44.395,44.43,44.39,44.41,15172
2018-03-12 15:15:00-04:00,44.405,44.43,44.4,44.43,11020
2018-03-12 15:20:00-04:00,44.435,44.47,44.43,44.47,12880
2018-03-12 15:25:00-04:00,44.47,44.48,44.45,44.475,18269
2018-03-12 15:30:00-04:00,44.48,44.52,44.48,44.52,13344
2018-03-12 15:35:00-04:00,44.51,44.515,44.47,44.5,27300
2018-03-12 15:40:00-04:00,44.49,44.52,44.49,44.52,33024
2018-03-12 15:45:00-04:00,44.52,44.56,44.52,44.555,37050
2018-03-12 15:50:00-04:00,44.55,44.555,44.52,44.545,64586
2018-03-12 15:55:00-04:00,44.55,44.555,44.51,44.51,139100
2018-03-13 09:30:00-04:00,44.71,44.75,44.59,44.59,9035
2018-03-13 09:35:00-04:00,44.6,44.67,44.58,44.64,7998
2018-03-13 09:40:00-04:00,44.64,44.74,44.605,44.735,10081
2018-03-13 09:45:00-04:00,44.735,44.82,44.72,44.8,16489
2018-03-13 09:50:00-04:00,44.81,44.825,44.78,44.805,12258
2018-03-13 09:55:00-04:00,44.805,44.805,44.735,44.735,9241
2018-03-13 10:00:00-04:00,44.74,44.745,44.68,44.72,10267
2018-03-13 10:05:00-04:00,44.72,44.725,44.65,44.65,3850
2018-03-13 10:10:00-04:00,44.655,44.7,44.645,44.685,8503
2018-03-13 10:15:00-04:00,44.68,44.7,44.635,44.7,7672
2018-03-13 10:20:00-04:00,44.7,44.74,44.7,44.725,8285
2018-03-13 10:25:00-04:00,44.72,44.72,44.655,44.66,7448
2018-03-13 10:30:00-04:00,44.66,44.665,44.64,44.665,7122
2018-03-13 10:35:00-04:00,44.65,44.66,44.63,44.65,8387
2018-03-13 10:40:00-04:00,44.65,44.725,44.65,44.67,7979
2018-03-13 10:45:00-04:00,44.66,44.69,44.645,44.67,5772
2018-03-13 10:50:00-04:00,44.635,44.69,44.635,44.67,4715
2018-03-13 10:55:00-04:00,44.66,44.67,44.595,44.6,10138
2018-03-13 11:00:00-04:00,44.61,44.66,44.6,44.66,8627
2018-03-13 11:05:00-04:00,44.67,44.67,44.61,44.61,10257
2018-03-13 11:10:00-04:00,44.615,44.62,44.59,44.6,7755
2018-03-13 11:15:00-04:00,44.59,44.64,44.58,44.625,7215
2018-03-13 11:20:00-04:00,44.625,44.65,44.595,44.64,5373
2018-03-13 11:25:00-04:00,44.61,44.67,44.58,44.67,5831
2018-03-13 11:30:00-04:00,44.67,44.68,44.6,44.62,4878
2018-03-13 11:35:00-04:00,44.59,44.6,44.53,44.53,7777
2018-03-13 11:40:00-04:00,44.535,44.6,44.535,44.575,4258
2018-03-13 11:45:00-04:00,44.575,44.6,44.56,44.58,4785
2018-03-13 11:50:00-04:00,44.58,44.595,44.55,44.595,3260
2018-03-13 11:55:00-04:00,44.58,44.59,44.53,44.555,8655
2018-03-13 12:00:00-04:00,44.55,44.56,44.43,44.43,4544
2018-03-13 12:05:00-04:00,44.43,44.46,44.41,44.46,5477
2018-03-13 12:10:00-04:00,44.45,44.49,44.425,44.49,5918
2018-03-13 12:15:00-04:00,44.5,44.5,44.46,44.465,6929
2018-03-13 12:20:00-04:00,44.455,44.455,44.41,44.41,5773
2018-03-13 12:25:00-04:00,44.42,44.44,44.41,44.43,3133
2018-03-13 12:30:00-04:00,44.45,44.48,44.44,44.475,3140
2018-03-13 12:35:00-04:00,44.47,44.47,44.42,44.44,2886
2018-03-13 12:40:00-04:00,44.435,44.455,44.42,44.44,5423
2018-03-13 12:45:00-04:00,44.44,44.49,44.43,44.465,3854
2018-03-13 12:50:00-04:00,44.46,44.49,44.46,44.47,6550
2018-03-13 12:55:00-04:00,44.48,44.505,44.475,44.48,7386
2018-03-13 13:00:00-04:00,44.48,44.52,44.465,44.51,3097
2018-03-13 13:05:00-04:00,44.51,44.51,44.46,44.46,3700
2018-03-13 13:10:00-04:00,44.47,44.54,44.45,44.54,27738
2018-03-13 13:15:00-04:00,44.53,44.635,44.53,44.59,32316
2018-03-13 13:20:00-04:00,44.58,44.6,44.575,44.585,4031
2018-03-13 13:25:00-04:00,44.58,44.585,44.56,44.58,4583
2018-03-13 13:30:00-04:00,44.58,44.595,44.55,44.59,6236
2018-03-13 13:35:00-04:00,44.575,44.6,44.575,44.585,7408
2018-03-13 13:40:00-04:00,44.59,44.6,44.55,44.55,13417
2018-03-13 13:45:00-04:00,44.555,44.58,44.545,44.55,15932
2018-03-13 13:50:00-04:00,44.55,44.59,44.545,44.58,10358
2018-03-13 13:55:00-04:00,44.575,44.59,44.545,44.55,17675
2018-03-13 14:00:00-04:00,44.55,44.61,44.55,44.61,8346
2018-03-13 14:05:00-04:00,44.61,44.61,44.585,44.59,7921
2018-03-13 14:10:00-04:00,44.59,44.59,44.555,44.56,11356
2018-03-13 14:15:00-04:00,44.57,44.63,44.57,44.63,8535
2018-03-13 14:20:00-04:00,44.625,44.63,44.57,44.595,6474
2018-03-13 14:25:00-04:00,44.6,44.615,44.56,44.57,7384
2018-03-13 14:30:00-04:00,44.58,44.59,44.54,44.59,15389
2018-03-13 14:35:00-04:00,44.585,44.59,44.555,44.56,12701
2018-03-13 14:40:00-04:00,44.57,44.58,44.54,44.575,10778
2018-03-13 14:45:00-04:00,44.575,44.595,44.545,44.545,20838
2018-03-13 14:50:00-04:00,44.545,44.56,44.53,44.555,28632
2018-03-13 14:55:00-04:00,44.555,44.57,44.54,44.57,34424
2018-03-13 15:00:00-04:00,44.57,44.63,44.55,44.565,12796
2018-03-13 15:05:00-04:00,44.565,44.59,44.55,44.58,9583
2018-03-13 15:10:00-04:00,44.58,44.59,44.54,44.575,20683
2018-03-13 15:15:00-04:00,44.57,44.57,44.54,44.57,11138
2018-03-13 15:20:00-04:00,44.57,44.595,44.56,44.58,17664
2018-03-13 15:25:00-04:00,44.59,44.63,44.56,44.58,12758
2018-03-13 15:30:00-04:00,44.57,44.6,44.56,44.57,17448
2018-03-13 15:35:00-04:00,44.57,44.61,44.55,44.56,19771
2018-03-13 15:40:00-04:00,44.56,44.59,44.555,44.57,26112
2018-03-13 15:45:00-04:00,44.565,44.57,44.525,44.54,42063
2018-03-13 15:50:00-04:00,44.54,44.65,44.54,44.645,41586
2018-03-13 15:55:00-04:00,44.64,44.64,44.57,44.57,110786
2018-03-14 09:30:00-04:00,44.39,44.39,44.165,44.22,28876
2018-03-14 09:35:00-04:00,44.25,44.29,44.19,44.205,18623
2018-03-14 09:40:00-04:00,44.21,44.24,44.19,44.225,18358
2018-03-14 09:45:00-04:00,44.23,44.3,44.23,44.25,16161
2018-03-14 09:50:00-04:00,44.225,44.26,44.16,44.245,22623
2018-03-14 09:55:00-04:00,44.25,44.25,44.195,44.2,12966
2018-03-14 10:00:00-04:00,44.205,44.255,44.195,44.21,23535
2018-03-14 10:05:00-04:00,44.205,44.22,44.185,44.195,17370
2018-03-14 10:10:00-04:00,44.195,44.2,44.145,44.15,21255
2018-03-14 10:15:00-04:00,44.15,44.18,44.145,44.155,17865
2018-03-14 10:20:00-04:00,44.15,44.22,44.15,44.17,20581
2018-03-14 10:25:00-04:00,44.175,44.18,44.15,44.16,15337
2018-03-14 10:30:00-04:00,44.155,44.2,44.15,44.175,15173
2018-03-14 10:35:00-04:00,44.16,44.24,44.16,44.24,22035
2018-03-14 10:40:00-04:00,44.24,44.26,44.22,44.245,15665
2018-03-14 10:45:00-04:00,44.24,44.24,44.17,44.17,26723
2018-03-14 10:50:00-04:00,44.16,44.17,44.135,44.135,32345
2018-03-14 10:55:00-04:00,44.135,44.165,44.135,44.15,20569
2018-03-14 11:00:00-04:00,44.145,44.155,44.1,44.105,16669
2018-03-14 11:05:00-04:00,44.1,44.15,44.095,44.14,25139
2018-03-14 11:10:00-04:00,44.135,44.14,44.11,44.125,12237
2018-03-14 11:15:00-04:00,44.12,44.13,44.1,44.12,13526
2018-03-14 11:20:00-04:00,44.115,44.185,44.1,44.185,17076
2018-03-14 11:25:00-04:00,44.19,44.22,44.17,44.2,13024
2018-03-14 11:30:00-04:00,44.205,44.205,44.145,44.15,13104
2018-03-14 11:35:00-04:00,44.15,44.16,44.035,44.04,25914
2018-03-14 11:40:00-04:00,44.04,44.11,44.03,44.105,14166
2018-03-14 11:45:00-04:00,44.11,44.12,44.055,44.06,12510
2018-03-14 11:50:00-04:00,44.06,44.08,44.05,44.06,9903
2018-03-14 11:55:00-04:00,44.065,44.1,44.025,44.03,7153
2018-03-14 12:00:00-04:00,44.04,44.06,44.01,44.015,11976
2018-03-14 12:05:00-04:00,44.02,44.03,43.96,43.975,15250
2018-03-14 12:10:00-04:00,43.975,44.02,43.96,44.02,10849
2018-03-14 12:15:00-04:00,44.02,44.05,44.0,44.045,9065
2018-03-14 12:20:00-04:00,44.04,44.04,43.97,43.98,7796
2018-03-14 12:25:00-04:00,43.97,43.995,43.95,43.985,14316
2018-03-14 12:30:00-04:00,43.985,44.01,43.98,43.98,11061
2018-03-14 12:35:00-04:00,43.99,44.02,43.96,43.96,9873
2018-03-14 12:40:00-04:00,43.97,43.975,43.95,43.955,6244
2018-03-14 12:45:00-04:00,43.955,43.98,43.93,43.945,13524
2018-03-14 12:50:00-04:00,43.93,43.955,43.91,43.93,15236
2018-03-14 12:55:00-04:00,43.925,43.95,43.905,43.935,5982
2018-03-14 13:00:00-04:00,43.93,43.93,43.84,43.86,12157
2018-03-14 13:05:00-04:00,43.86,43.87,43.84,43.86,8230
2018-03-14 13:10:00-04:00,43.865,43.88,43.84,43.85,12731
2018-03-14 13:15:00-04:00,43.85,43.87,43.84,43.865,14433
2018-03-14 13:20:00-04:00,43.87,43.89,43.85,43.85,12312
2018-03-14 13:25:00-04:00,43.86,43.86,43.81,43.83,9737
2018-03-14 13:30:00-04:00,43.83,43.85,43.83,43.84,7344
2018-03-14 13:35:00-04:00,43.845,43.87,43.845,43.865,7075
2018-03-14 13:40:00-04:00,43.86,43.89,43.84,43.89,12042
2018-03-14 13:45:00-04:00,43.89,43.94,43.885,43.89,11747
2018-03-14 13:50:00-04:00,43.9,43.99,43.9,43.945,11244
2018-03-14 13:55:00-04:00,43.95,43.95,43.895,43.905,12554
2018-03-14 14:00:00-04:00,43.905,43.93,43.89,43.89,16731
2018-03-14 14:05:00-04:00,43.9,43.92,43.89,43.895,15225
2018-03-14 14:10:00-04:00,43.895,43.9,43.87,43.87,27532
2018-03-14 14:15:00-04:00,43.88,43.9,43.87,43.87,17741
2018-03-14 14:20:00-04:00,43.87,43.87,43.82,43.86,7724
2018-03-14 14:25:00-04:00,43.86,43.86,43.83,43.855,11912
2018-03-14 14:30:00-04:00,43.84,43.88,43.835,43.86,13913
2018-03-14 14:35:00-04:00,43.87,43.89,43.795,43.815,12473
2018-03-14 14:40:00-04:00,43.815,43.84,43.76,43.765,7516
2018-03-14 14:45:00-04:00,43.76,43.8,43.75,43.79,11575
2018-03-14 14:50:00-04:00,43.78,43.815,43.77,43.79,11146
2018-03-14 14:55:00-04:00,43.79,43.86,43.78,43.845,11423
2018-03-14 15:00:00-04:00,43.845,43.855,43.8,43.8,9255
2018-03-14 15:05:00-04:00,43.8,43.88,43.8,43.83,16933
2018-03-14 15:10:00-04:00,43.835,43.835,43.75,43.79,12344
2018-03-14 15:15:00-04:00,43.795,43.87,43.79,43.81,17326
2018-03-14 15:20:00-04:00,43.81,43.81,43.75,43.795,15248
2018-03-14 15:25:00-04:00,43.79,43.8,43.725,43.73,15003
2018-03-14 15:30:00-04:00,43.73,43.78,43.73,43.755,19807
2018-03-14 15:35:00-04:00,43.755,43.8,43.755,43.78,25527
2018-03-14 15:40:00-04:00,43.76,43.8,43.76,43.76,25075
2018-03-14 15:45:00-04:00,43.77,43.85,43.765,43.82,37833
2018-03-14 15:50:00-04:00,43.825,43.86,43.79,43.85,43235
2018-03-14 15:55:00-04:00,43.855,43.87,43.75,43.8,168985
2018-03-15 09:30:00-04:00,43.9,43.92,43.83,43.87,22519
2018-03-15 09:35:00-04:00,43.86,43.88,43.775,43.87,12678
2018-03-15 09:40:00-04:00,43.87,43.935,43.82,43.85,10881
2018-03-15 09:45:00-04:00,43.85,43.99,43.85,43.99,5957
2018-03-15 09:50:00-04:00,43.99,43.99,43.92,43.93,5687
2018-03-15 09:55:00-04:00,43.92,43.92,43.86,43.9,5964
2018-03-15 10:00:00-04:00,43.9,43.91,43.85,43.89,11521
2018-03-15 10:05:00-04:00,43.89,43.95,43.89,43.93,6809
2018-03-15 10:10:00-04:00,43.94,43.95,43.89,43.9,16519
2018-03-15 10:15:00-04:00,43.9,43.92,43.87,43.91,8675
2018-03-15 10:20:00-04:00,43.92,43.94,43.91,43.91,7742
2018-03-15 10:25:00-04:00,43.9,43.94,43.89,43.94,8226
2018-03-15 10:30:00-04:00,43.94,43.97,43.94,43.96,7735
2018-03-15 10:35:00-04:00,43.97,43.98,43.91,43.93,9089
2018-03-15 10:40:00-04:00,43.92,43.92,43.86,43.87,12040
2018-03-15 10:45:00-04:00,43.865,43.865,43.82,43.82,17011
2018-03-15 10:50:00-04:00,43.83,43.86,43.825,43.84,15624
2018-03-15 10:55:00-04:00,43.82,43.82,43.77,43.785,18977
2018-03-15 11:00:00-04:00,43.78,43.845,43.775,43.84,36154
2018-03-15 11:05:00-04:00,43.835,43.86,43.8,43.805,8219
2018-03-15 11:10:00-04:00,43.81,43.94,43.81,43.93,10691
2018-03-15 11:15:00-04:00,43.92,43.93,43.89,43.93,5680
2018-03-15 11:20:00-04:00,43.93,43.94,43.915,43.915,9043
2018-03-15 11:25:00-04:00,43.91,43.915,43.855,43.865,6952
2018-03-15 11:30:00-04:00,43.87,43.885,43.86,43.88,4675
2018-03-15 11:35:00-04:00,43.88,43.89,43.85,43.855,4651
2018-03-15 11:40:00-04:00,43.855,43.855,43.8,43.8,10346
2018-03-15 11:45:00-04:00,43.8,43.82,43.785,43.785,29119
2018-03-15 11:50:00-04:00,43.78,43.79,43.77,43.77,3851
2018-03-15 11:55:00-04:00,43.76,43.82,43.745,43.8,7259
2018-03-15 12:00:00-04:00,43.81,43.82,43.795,43.81,7952
2018-03-15 12:05:00-04:00,43.81,43.84,43.81,43.83,7258
2018-03-15 12:10:00-04:00,43.835,43.87,43.835,43.87,5313
2018-03-15 12:15:00-04:00,43.87,43.89,43.86,43.875,4997
2018-03-15 12:20:00-04:00,43.88,43.89,43.87,43.87,3580
2018-03-15 12:25:00-04:00,43.88,43.88,43.86,43.86,4439
2018-03-15 12:30:00-04:00,43.86,43.86,43.81,43.81,2676
2018-03-15 12:35:00-04:00,43.82,43.83,43.81,43.81,2484
2018-03-15 12:40:00-04:00,43.8,43.8,43.77,43.77,4330
2018-03-15 12:45:00-04:00,43.77,43.775,43.745,43.745,2900
2018-03-15 12:50:00-04:00,43.745,43.805,43.745,43.8,6414
2018-03-15 12:55:00-04:00,43.795,43.82,43.78,43.81,4029
2018-03-15 13:00:00-04:00,43.8,43.83,43.8,43.81,2894
2018-03-15 13:05:00-04:00,43.81,43.81,43.78,43.8,4248
2018-03-15 13:10:00-04:00,43.785,43.8,43.785,43.79,1785
2018-03-15 13:15:00-04:00,43.79,43.79,43.76,43.77,2739
2018-03-15 13:20:00-04:00,43.78,43.78,43.75,43.76,3439
2018-03-15 13:25:00-04:00,43.76,43.775,43.76,43.775,2842
2018-03-15 13:30:00-04:00,43.78,43.79,43.765,43.765,4840
2018-03-15 13:35:00-04:00,43.77,43.79,43.765,43.77,4548
2018-03-15 13:40:00-04:00,43.76,43.76,43.75,43.76,1195
2018-03-15 13:45:00-04:00,43.76,43.765,43.71,43.71,6583
2018-03-15 13:50:00-04:00,43.725,43.74,43.71,43.71,3979
2018-03-15 13:55:00-04:00,43.7,43.7,43.655,43.67,4927
2018-03-15 14:00:00-04:00,43.66,43.66,43.63,43.66,3967
2018-03-15 14:05:00-04:00,43.665,43.68,43.64,43.66,5962
2018-03-15 14:10:00-04:00,43.67,43.69,43.66,43.66,3659
2018-03-15 14:15:00-04:00,43.67,43.71,43.67,43.69,4481
2018-03-15 14:20:00-04:00,43.7,43.71,43.68,43.685,4810
2018-03-15 14:25:00-04:00,43.69,43.69,43.655,43.67,9177
2018-03-15 14:30:00-04:00,43.66,43.67,43.63,43.64,4660
2018-03-15 14:35:00-04:00,43.64,43.67,43.63,43.63,5150
2018-03-15 14:40:00-04:00,43.63,43.63,43.57,43.57,9548
2018-03-15 14:45:00-04:00,43.57,43.595,43.555,43.555,7969
2018-03-15 14:50:00-04:00,43.56,43.575,43.55,43.55,5105
2018-03-15 14:55:00-04:00,43.55,43.6,43.55,43.57,9094
2018-03-15 15:00:00-04:00,43.57,43.6,43.55,43.58,7429
2018-03-15 15:05:00-04:00,43.58,43.62,43.58,43.59,8269
2018-03-15 15:10:00-04:00,43.6,43.6,43.56,43.57,10268
2018-03-15 15:15:00-04:00,43.57,43.59,43.56,43.57,12289
2018-03-15 15:20:00-04:00,43.575,43.62,43.56,43.62,15620
2018-03-15 15:25:00-04:00,43.615,43.64,43.61,43.64,9875
2018-03-15 15:30:00-04:00,43.63,43.645,43.6,43.61,18792
2018-03-15 15:35:00-04:00,43.62,43.65,43.61,43.62,22736
2018-03-15 15:40:00-04:00,43.63,43.725,43.63,43.725,42715
2018-03-15 15:45:00-04:00,43.73,43.785,43.7,43.77,38618
2018-03-15 15:50:00-04:00,43.76,43.78,43.74,43.745,40388
2018-03-15 15:55:00-04:00,43.75,43.76,43.68,43.7,105669
2018-03-16 09:30:00-04:00,43.76,44.01,43.76,43.79,10693
2018-03-16 09:35:00-04:00,43.8,43.91,43.79,43.9,8249
2018-03-16 09:40:00-04:00,43.905,43.905,43.83,43.85,7474
2018-03-16 09:45:00-04:00,43.855,43.88,43.83,43.84,7352
2018-03-16 09:50:00-04:00,43.84,43.85,43.75,43.78,4098
2018-03-16 09:55:00-04:00,43.77,43.81,43.75,43.775,8784
2018-03-16 10:00:00-04:00,43.77,43.8,43.75,43.8,7819
2018-03-16 10:05:00-04:00,43.8,43.805,43.76,43.78,3271
2018-03-16 10:10:00-04:00,43.77,43.805,43.76,43.77,9876
2018-03-16 10:15:00-04:00,43.77,43.795,43.755,43.765,9801
2018-03-16 10:20:00-04:00,43.77,43.805,43.745,43.765,32106
2018-03-16 10:25:00-04:00,43.77,43.77,43.72,43.745,10162
2018-03-16 10:30:00-04:00,43.74,43.74,43.71,43.72,5006
2018-03-16 10:35:00-04:00,43.725,43.725,43.69,43.7,14705
2018-03-16 10:40:00-04:00,43.7,43.71,43.68,43.705,9661
2018-03-16 10:45:00-04:00,43.705,43.71,43.69,43.7,21202
2018-03-16 10:50:00-04:00,43.7,43.73,43.7,43.72,10239
2018-03-16 10:55:00-04:00,43.71,43.73,43.705,43.725,5883
2018-03-16 11:00:00-04:00,43.73,43.75,43.715,43.73,4579
2018-03-16 11:05:00-04:00,43.71,43.75,43.71,43.715,17446
2018-03-16 11:10:00-04:00,43.715,43.72,43.68,43.69,3989
2018-03-16 11:15:00-04:00,43.69,43.72,43.69,43.7,3324
2018-03-16 11:20:00-04:00,43.7,43.72,43.68,43.68,3401
2018-03-16 11:25:00-04:00,43.68,43.69,43.67,43.68,2979
2018-03-16 11:30:00-04:00,43.68,43.725,43.68,43.71,9818
2018-03-16 11:35:00-04:00,43.7,43.72,43.69,43.72,2629
2018-03-16 11:40:00-04:00,43.73,43.73,43.68,43.68,4324
2018-03-16 11:45:00-04:00,43.69,43.72,43.685,43.71,5459
2018-03-16 11:50:00-04:00,43.71,43.72,43.7,43.7,5593
2018-03-16 11:55:00-04:00,43.7,43.72,43.7,43.71,5023
2018-03-16 12:00:00-04:00,43.7,43.715,43.695,43.715,4730
2018-03-16 12:05:00-04:00,43.71,43.715,43.68,43.69,2964
2018-03-16 12:10:00-04:00,43.7,43.72,43.685,43.715,2321
2018-03-16 12:15:00-04:00,43.71,43.71,43.69,43.7,4100
2018-03-16 12:20:00-04:00,43.71,43.72,43.7,43.715,3093
2018-03-16 12:25:00-04:00,43.72,43.76,43.715,43.74,5320
2018-03-16 12:30:00-04:00,43.73,43.77,43.73,43.77,4913
2018-03-16 12:35:00-04:00,43.77,43.8,43.77,43.79,4132
2018-03-16 12:40:00-04:00,43.8,43.825,43.78,43.81,6848
2018-03-16 12:45:00-04:00,43.81,43.83,43.8,43.83,2800
2018-03-16 12:50:00-04:00,43.835,43.85,43.81,43.81,4172
2018-03-16 12:55:00-04:00,43.81,43.81,43.775,43.78,5018
2018-03-16 13:00:00-04:00,43.775,43.795,43.77,43.78,5044
2018-03-16 13:05:00-04:00,43.78,43.78,43.75,43.76,12630
2018-03-16 13:10:00-04:00,43.755,43.77,43.74,43.77,15889
2018-03-16 13:15:00-04:00,43.77,43.77,43.73,43.74,5851
2018-03-16 13:20:00-04:00,43.74,43.74,43.695,43.695,4496
2018-03-16 13:25:00-04:00,43.7,43.71,43.68,43.7,3178
2018-03-16 13:30:00-04:00,43.68,43.7,43.68,43.695,5302
2018-03-16 13:35:00-04:00,43.695,43.7,43.67,43.7,26810
2018-03-16 13:40:00-04:00,43.69,43.69,43.675,43.68,2923
2018-03-16 13:45:00-04:00,43.68,43.69,43.67,43.67,3704
2018-03-16 13:50:00-04:00,43.69,43.7,43.67,43.69,4814
2018-03-16 13:55:00-04:00,43.68,43.69,43.67,43.69,2048
2018-03-16 14:00:00-04:00,43.69,43.7,43.69,43.69,4037
2018-03-16 14:05:00-04:00,43.69,43.705,43.68,43.69,3412
2018-03-16 14:10:00-04:00,43.68,43.68,43.655,43.66,3590
2018-03-16 14:15:00-04:00,43.665,43.69,43.665,43.69,806
2018-03-16 14:20:00-04:00,43.7,43.7,43.69,43.7,4161
2018-03-16 14:25:00-04:00,43.7,43.7,43.69,43.69,3389
2018-03-16 14:30:00-04:00,43.695,43.7,43.69,43.7,3441
2018-03-16 14:35:00-04:00,43.7,43.735,43.695,43.725,15659
2018-03-16 14:40:00-04:00,43.725,43.74,43.725,43.735,6043
2018-03-16 14:45:00-04:00,43.735,43.74,43.72,43.73,36709
2018-03-16 14:50:00-04:00,43.73,43.73,43.7,43.7,17736
2018-03-16 14:55:00-04:00,43.7,43.72,43.7,43.71,13499
2018-03-16 15:00:00-04:00,43.71,43.725,43.7,43.71,20579
2018-03-16 15:05:00-04:00,43.71,43.71,43.685,43.695,34849
2018-03-16 15:10:00-04:00,43.695,43.7,43.64,43.65,16636
2018-03-16 15:15:00-04:00,43.65,43.655,43.64,43.645,24053
2018-03-16 15:20:00-04:00,43.645,43.66,43.64,43.645,17383
2018-03-16 15:25:00-04:00,43.65,43.695,43.65,43.695,15864
2018-03-16 15:30:00-04:00,43.695,43.7,43.67,43.69,41448
2018-03-16 15:35:00-04:00,43.69,43.695,43.65,43.66,25108
2018-03-16 15:40:00-04:00,43.665,43.67,43.62,43.65,22742
2018-03-16 15:45:00-04:00,43.65,43.65,43.59,43.62,43396
2018-03-16 15:50:00-04:00,43.63,43.64,43.56,43.565,63714
2018-03-16 15:55:00-04:00,43.56,43.57,43.45,43.46,103182
2018-03-19 09:30:00-04:00,43.55,43.68,43.52,43.67,6719
2018-03-19 09:35:00-04:00,43.655,43.71,43.605,43.64,11543
2018-03-19 09:40:00-04:00,43.63,43.64,43.49,43.49,3810
2018-03-19 09:45:00-04:00,43.48,43.51,43.44,43.5,5876
2018-03-19 09:50:00-04:00,43.5,43.51,43.46,43.49,13018
2018-03-19 09:55:00-04:00,43.485,43.505,43.45,43.45,5468
2018-03-19 10:00:00-04:00,43.46,43.47,43.43,43.435,4756
2018-03-19 10:05:00-04:00,43.435,43.47,43.425,43.44,6671
2018-03-19 10:10:00-04:00,43.45,43.485,43.44,43.485,4020
2018-03-19 10:15:00-04:00,43.485,43.51,43.44,43.455,10909
2018-03-19 10:20:00-04:00,43.455,43.47,43.42,43.435,13443
2018-03-19 10:25:00-04:00,43.435,43.435,43.4,43.43,7547
2018-03-19 10:30:00-04:00,43.42,43.455,43.42,43.44,8513
2018-03-19 10:35:00-04:00,43.43,43.455,43.43,43.455,2972
2018-03-19 10:40:00-04:00,43.455,43.475,43.44,43.45,4501
2018-03-19 10:45:00-04:00,43.45,43.485,43.45,43.48,12846
2018-03-19 10:50:00-04:00,43.48,43.56,43.48,43.55,6911
2018-03-19 10:55:00-04:00,43.57,43.57,43.51,43.52,3711
2018-03-19 11:00:00-04:00,43.525,43.54,43.5,43.54,3408
2018-03-19 11:05:00-04:00,43.55,43.58,43.545,43.55,4946
2018-03-19 11:10:00-04:00,43.55,43.56,43.495,43.5,5167
2018-03-19 11:15:00-04:00,43.49,43.52,43.47,43.5,8580
2018-03-19 11:20:00-04:00,43.51,43.525,43.51,43.52,2874
2018-03-19 11:25:00-04:00,43.525,43.57,43.525,43.565,3141
2018-03-19 11:30:00-04:00,43.565,43.565,43.535,43.56,4502
2018-03-19 11:35:00-04:00,43.56,43.57,43.55,43.555,3300
2018-03-19 11:40:00-04:00,43.555,43.59,43.55,43.57,3774
2018-03-19 11:45:00-04:00,43.585,43.6,43.55,43.58,5393
2018-03-19 11:50:00-04:00,43.575,43.635,43.575,43.635,7602
2018-03-19 11:55:00-04:00,43.64,43.66,43.6,43.63,6264
2018-03-19 12:00:00-04:00,43.635,43.65,43.615,43.63,4467
2018-03-19 12:05:00-04:00,43.62,43.63,43.58,43.6,3043
2018-03-19 12:10:00-04:00,43.6,43.61,43.58,43.59,3809
2018-03-19 12:15:00-04:00,43.58,43.58,43.54,43.55,3446
2018-03-19 12:20:00-04:00,43.55,43.55,43.52,43.55,3715
2018-03-19 12:25:00-04:00,43.55,43.58,43.53,43.57,3394
2018-03-19 12:30:00-04:00,43.58,43.58,43.525,43.53,4786
2018-03-19 12:35:00-04:00,43.54,43.56,43.525,43.53,3080
2018-03-19 12:40:00-04:00,43.53,43.54,43.5,43.515,5862
2018-03-19 12:45:00-04:00,43.515,43.56,43.51,43.56,5508
2018-03-19 12:50:00-04:00,43.55,43.56,43.53,43.54,5002
2018-03-19 12:55:00-04:00,43.56,43.56,43.515,43.515,4901
2018-03-19 13:00:00-04:00,43.515,43.53,43.47,43.47,6614
2018-03-19 13:05:00-04:00,43.48,43.485,43.4,43.41,10071
2018-03-19 13:10:00-04:00,43.41,43.44,43.39,43.44,1434
2018-03-19 13:15:00-04:00,43.43,43.46,43.42,43.46,5602
2018-03-19 13:20:00-04:00,43.47,43.475,43.405,43.415,5716
2018-03-19 13:25:00-04:00,43.41,43.415,43.335,43.37,10643
2018-03-19 13:30:00-04:00,43.37,43.38,43.35,43.355,3700
2018-03-19 13:35:00-04:00,43.35,43.375,43.33,43.36,12263
2018-03-19 13:40:00-04:00,43.365,43.37,43.335,43.355,9650
2018-03-19 13:45:00-04:00,43.36,43.445,43.36,43.44,6573
2018-03-19 13:50:00-04:00,43.43,43.47,43.43,43.44,12038
2018-03-19 13:55:00-04:00,43.44,43.46,43.43,43.435,4773
2018-03-19 14:00:00-04:00,43.43,43.45,43.39,43.39,3244
2018-03-19 14:05:00-04:00,43.39,43.39,43.36,43.37,4793
2018-03-19 14:10:00-04:00,43.38,43.38,43.34,43.35,4939
2018-03-19 14:15:00-04:00,43.35,43.36,43.31,43.31,3931
2018-03-19 14:20:00-04:00,43.31,43.31,43.235,43.235,4927
2018-03-19 14:25:00-04:00,43.23,43.275,43.225,43.27,8893
2018-03-19 14:30:00-04:00,43.27,43.29,43.25,43.26,7196
2018-03-19 14:35:00-04:00,43.26,43.28,43.21,43.22,7148
2018-03-19 14:40:00-04:00,43.22,43.23,43.18,43.23,8846
2018-03-19 14:45:00-04:00,43.23,43.275,43.23,43.27,5816
2018-03-19 14:50:00-04:00,43.25,43.3,43.24,43.28,7426
2018-03-19 14:55:00-04:00,43.28,43.33,43.28,43.3,5805
2018-03-19 15:00:00-04:00,43.29,43.29,43.22,43.26,10597
2018-03-19 15:05:00-04:00,43.255,43.285,43.21,43.22,7679
2018-03-19 15:10:00-04:00,43.22,43.24,43.2,43.24,6448
2018-03-19 15:15:00-04:00,43.24,43.3,43.24,43.285,10296
2018-03-19 15:20:00-04:00,43.29,43.3,43.22,43.22,7813
2018-03-19 15:25:00-04:00,43.23,43.27,43.23,43.26,8458
2018-03-19 15:30:00-04:00,43.26,43.28,43.23,43.255,13674
2018-03-19 15:35:00-04:00,43.25,43.28,43.22,43.27,18492
2018-03-19 15:40:00-04:00,43.26,43.27,43.23,43.25,19085
2018-03-19 15:45:00-04:00,43.245,43.31,43.24,43.27,44713
2018-03-19 15:50:00-04:00,43.26,43.3,43.25,43.28,41039
2018-03-19 15:55:00-04:00,43.285,43.34,43.26,43.28,144529
2018-03-20 09:30:00-04:00,43.36,43.47,43.32,43.35,14164
2018-03-20 09:35:00-04:00,43.34,43.405,43.29,43.36,8958
2018-03-20 09:40:00-04:00,43.35,43.38,43.33,43.36,7509
2018-03-20 09:45:00-04:00,43.39,43.4,43.31,43.31,6354
2018-03-20 09:50:00-04:00,43.31,43.35,43.31,43.32,4849
2018-03-20 09:55:00-04:00,43.32,43.32,43.27,43.29,5675
2018-03-20 10:00:00-04:00,43.3,43.32,43.265,43.29,10190
2018-03-20 10:05:00-04:00,43.29,43.3,43.25,43.275,7928
2018-03-20 10:10:00-04:00,43.28,43.285,43.22,43.225,8842
2018-03-20 10:15:00-04:00,43.225,43.23,43.19,43.205,17992
2018-03-20 10:20:00-04:00,43.2,43.255,43.195,43.245,9263
2018-03-20 10:25:00-04:00,43.245,43.275,43.225,43.27,11772
2018-03-20 10:30:00-04:00,43.27,43.29,43.22,43.22,13692
2018-03-20 10:35:00-04:00,43.215,43.22,43.175,43.19,4940
2018-03-20 10:40:00-04:00,43.19,43.22,43.16,43.18,6012
2018-03-20 10:45:00-04:00,43.18,43.195,43.16,43.16,6953
2018-03-20 10:50:00-04:00,43.16,43.185,43.14,43.175,5911
2018-03-20 10:55:00-04:00,43.165,43.165,43.135,43.145,5801
2018-03-20 11:00:00-04:00,43.15,43.2,43.14,43.2,11213
2018-03-20 11:05:00-04:00,43.195,43.225,43.195,43.21,5975
2018-03-20 11:10:00-04:00,43.21,43.225,43.18,43.18,7050
2018-03-20 11:15:00-04:00,43.19,43.215,43.17,43.17,8105
2018-03-20 11:20:00-04:00,43.175,43.19,43.155,43.16,5614
2018-03-20 11:25:00-04:00,43.165,43.185,43.165,43.18,4821
2018-03-20 11:30:00-04:00,43.19,43.205,43.17,43.185,7621
2018-03-20 11:35:00-04:00,43.175,43.18,43.16,43.16,7275
2018-03-20 11:40:00-04:00,43.16,43.16,43.14,43.145,5943
2018-03-20 11:45:00-04:00,43.14,43.145,43.12,43.13,6843
2018-03-20 11:50:00-04:00,43.13,43.13,43.07,43.08,8765
2018-03-20 11:55:00-04:00,43.08,43.125,43.07,43.125,6199
2018-03-20 12:00:00-04:00,43.135,43.16,43.12,43.155,6429
2018-03-20 12:05:00-04:00,43.16,43.16,43.12,43.13,4858
2018-03-20 12:10:00-04:00,43.13,43.175,43.13,43.17,9881
2018-03-20 12:15:00-04:00,43.175,43.185,43.15,43.15,5387
2018-03-20 12:20:00-04:00,43.14,43.15,43.115,43.15,8380
2018-03-20 12:25:00-04:00,43.15,43.17,43.14,43.15,4896
2018-03-20 12:30:00-04:00,43.15,43.17,43.15,43.155,5291
2018-03-20 12:35:00-04:00,43.155,43.155,43.09,43.09,3208
2018-03-20 12:40:00-04:00,43.09,43.11,43.09,43.11,4506
2018-03-20 12:45:00-04:00,43.11,43.135,43.1,43.1,3508
2018-03-20 12:50:00-04:00,43.11,43.11,43.07,43.09,8075
2018-03-20 12:55:00-04:00,43.09,43.09,43.05,43.07,5769
2018-03-20 13:00:00-04:00,43.07,43.07,43.06,43.06,3113
2018-03-20 13:05:00-04:00,43.06,43.065,43.06,43.065,4564
2018-03-20 13:10:00-04:00,43.06,43.07,43.055,43.06,3302
2018-03-20 13:15:00-04:00,43.06,43.075,43.03,43.035,8405
2018-03-20 13:20:00-04:00,43.03,43.03,43.01,43.01,4836
2018-03-20 13:25:00-04:00,43.01,43.04,43.01,43.04,4604
2018-03-20 13:30:00-04:00,43.03,43.045,43.02,43.025,3400
2018-03-20 13:35:00-04:00,43.02,43.04,43.01,43.04,12366
2018-03-20 13:40:00-04:00,43.035,43.05,43.03,43.04,20413
2018-03-20 13:45:00-04:00,43.045,43.06,43.04,43.055,12924
2018-03-20 13:50:00-04:00,43.055,43.07,43.05,43.07,15305
2018-03-20 13:55:00-04:00,43.065,43.08,43.065,43.07,11042
2018-03-20 14:00:00-04:00,43.07,43.115,43.05,43.1,20890
2018-03-20 14:05:00-04:00,43.1,43.12,43.07,43.07,18150
2018-03-20 14:10:00-04:00,43.08,43.1,43.08,43.09,6644
2018-03-20 14:15:00-04:00,43.09,43.11,43.09,43.1,18560
2018-03-20 14:20:00-04:00,43.1,43.12,43.1,43.11,15835
2018-03-20 14:25:00-04:00,43.11,43.14,43.11,43.14,11462
2018-03-20 14:30:00-04:00,43.14,43.15,43.13,43.14,10177
2018-03-20 14:35:00-04:00,43.135,43.16,43.12,43.14,15717
2018-03-20 14:40:00-04:00,43.14,43.15,43.13,43.14,38026
2018-03-20 14:45:00-04:00,43.14,43.16,43.14,43.15,10338
2018-03-20 14:50:00-04:00,43.145,43.17,43.115,43.135,24039
2018-03-20 14:55:00-04:00,43.14,43.15,43.105,43.15,14289
2018-03-20 15:00:00-04:00,43.14,43.17,43.14,43.17,14783
2018-03-20 15:05:00-04:00,43.17,43.19,43.155,43.155,9326
2018-03-20 15:10:00-04:00,43.16,43.165,43.14,43.165,17249
2018-03-20 15:15:00-04:00,43.16,43.165,43.125,43.14,22333
2018-03-20 15:20:00-04:00,43.14,43.18,43.13,43.135,15477
2018-03-20 15:25:00-04:00,43.12,43.13,43.1,43.1,29974
2018-03-20 15:30:00-04:00,43.1,43.15,43.1,43.15,33575
2018-03-20 15:35:00-04:00,43.15,43.15,43.1,43.14,32227
2018-03-20 15:40:00-04:00,43.13,43.155,43.12,43.14,26654
2018-03-20 15:45:00-04:00,43.14,43.17,43.14,43.15,55083
2018-03-20 15:50:00-04:00,43.15,43.17,43.14,43.16,76833
2018-03-20 15:55:00-04:00,43.17,43.17,43.105,43.15,228376
2018-03-21 09:30:00-04:00,43.15,43.175,43.1,43.15,7312
2018-03-21 09:35:00-04:00,43.14,43.17,43.11,43.12,6691
2018-03-21 09:40:00-04:00,43.12,43.12,42.93,42.94,7082
2018-03-21 09:45:00-04:00,42.94,42.96,42.9,42.94,7232
2018-03-21 09:50:00-04:00,42.95,43.0,42.94,42.98,14361
2018-03-21 09:55:00-04:00,42.99,43.06,42.99,43.02,9490
2018-03-21 10:00:00-04:00,43.02,43.045,42.99,43.04,9842
2018-03-21 10:05:00-04:00,43.04,43.08,43.04,43.08,9921
2018-03-21 10:10:00-04:00,43.07,43.09,43.05,43.07,6388
2018-03-21 10:15:00-04:00,43.08,43.09,43.07,43.07,7100
2018-03-21 10:20:00-04:00,43.06,43.06,43.01,43.01,4500
2018-03-21 10:25:00-04:00,43.005,43.01,42.99,43.0,2196
2018-03-21 10:30:00-04:00,43.0,43.03,43.0,43.02,1178
2018-03-21 10:35:00-04:00,42.98,43.01,42.97,43.01,3427
2018-03-21 10:40:00-04:00,43.02,43.045,43.01,43.025,4356
2018-03-21 10:45:00-04:00,43.03,43.05,43.02,43.035,4929
2018-03-21 10:50:00-04:00,43.02,43.06,43.02,43.06,4987
2018-03-21 10:55:00-04:00,43.065,43.07,43.035,43.07,6427
2018-03-21 11:00:00-04:00,43.06,43.06,43.03,43.035,2303
2018-03-21 11:05:00-04:00,43.035,43.035,42.99,43.0,2773
2018-03-21 11:10:00-04:00,42.995,43.01,42.99,43.0,3391
2018-03-21 11:15:00-04:00,43.005,43.02,42.995,43.0,13539
2018-03-21 11:20:00-04:00,42.99,43.025,42.99,43.0,7212
2018-03-21 11:25:00-04:00,43.005,43.01,42.99,42.995,5297
2018-03-21 11:30:00-04:00,43.0,43.01,42.99,43.0,2383
2018-03-21 11:35:00-04:00,43.0,43.03,42.995,43.01,5855
2018-03-21 11:40:00-04:00,43.02,43.02,42.96,42.96,4874
2018-03-21 11:45:00-04:00,42.96,42.96,42.92,42.925,1881
2018-03-21 11:50:00-04:00,42.92,43.0,42.89,43.0,6066
2018-03-21 11:55:00-04:00,43.0,43.03,42.99,43.01,4850
2018-03-21 12:00:00-04:00,43.005,43.005,42.96,42.98,2986
2018-03-21 12:05:00-04:00,43.0,43.0,42.99,42.99,2133
2018-03-21 12:10:00-04:00,42.99,42.99,42.96,42.99,2037
2018-03-21 12:15:00-04:00,42.98,42.99,42.96,42.97,2595
2018-03-21 12:20:00-04:00,42.97,43.0,42.97,43.0,1973
2018-03-21 12:25:00-04:00,43.0,43.02,43.0,43.02,1849
2018-03-21 12:30:00-04:00,43.01,43.01,42.99,43.01,2844
2018-03-21 12:35:00-04:00,43.02,43.07,43.02,43.065,3294
2018-03-21 12:40:00-04:00,43.06,43.07,43.04,43.05,1836
2018-03-21 12:45:00-04:00,43.065,43.07,43.06,43.065,2542
2018-03-21 12:50:00-04:00,43.06,43.08,43.05,43.08,1976
2018-03-21 12:55:00-04:00,43.09,43.1,43.09,43.09,1369
2018-03-21 13:00:00-04:00,43.1,43.11,43.1,43.11,2818
2018-03-21 13:05:00-04:00,43.09,43.09,43.06,43.06,2200
2018-03-21 13:10:00-04:00,43.07,43.09,43.06,43.06,1167
2018-03-21 13:15:00-04:00,43.06,43.08,43.06,43.08,1222
2018-03-21 13:20:00-04:00,43.08,43.08,43.04,43.04,1030
2018-03-21 13:25:00-04:00,43.05,43.06,43.04,43.04,706
2018-03-21 13:30:00-04:00,43.05,43.07,43.05,43.07,930
2018-03-21 13:35:00-04:00,43.07,43.07,43.055,43.07,1400
2018-03-21 13:40:00-04:00,43.07,43.07,43.07,43.07,200
2018-03-21 13:45:00-04:00,43.05,43.08,43.05,43.08,953
2018-03-21 13:50:00-04:00,43.08,43.11,43.08,43.11,1500
2018-03-21 13:55:00-04:00,43.1,43.15,43.1,43.13,2160
2018-03-21 14:00:00-04:00,43.15,43.37,42.91,43.04,72176
2018-03-21 14:05:00-04:00,43.05,43.14,43.02,43.12,2586
2018-03-21 14:10:00-04:00,43.11,43.11,43.09,43.1,4302
2018-03-21 14:15:00-04:00,43.11,43.16,43.1,43.1,15608
2018-03-21 14:20:00-04:00,43.13,43.15,43.08,43.13,4086
2018-03-21 14:25:00-04:00,43.115,43.13,43.03,43.03,4262
2018-03-21 14:30:00-04:00,43.01,43.05,42.98,43.04,4010
2018-03-21 14:35:00-04:00,43.04,43.04,42.93,42.93,4568
2018-03-21 14:40:00-04:00,42.93,42.98,42.9,42.975,7650
2018-03-21 14:45:00-04:00,42.975,42.975,42.89,42.9,4981
2018-03-21 14:50:00-04:00,42.91,42.91,42.8,42.855,8346
2018-03-21 14:55:00-04:00,42.865,42.89,42.85,42.86,17712
2018-03-21 15:00:00-04:00,42.865,42.98,42.865,42.96,13008
2018-03-21 15:05:00-04:00,42.97,43.03,42.91,43.02,4396
2018-03-21 15:10:00-04:00,43.03,43.12,42.98,43.12,4139
2018-03-21 15:15:00-04:00,43.1,43.1,43.05,43.095,4629
2018-03-21 15:20:00-04:00,43.095,43.13,43.095,43.12,8830
2018-03-21 15:25:00-04:00,43.12,43.12,43.08,43.085,10370
2018-03-21 15:30:00-04:00,43.09,43.16,43.09,43.16,9949
2018-03-21 15:35:00-04:00,43.155,43.155,43.11,43.12,12679
2018-03-21 15:40:00-04:00,43.115,43.14,43.1,43.115,23286
2018-03-21 15:45:00-04:00,43.115,43.2,43.11,43.18,25617
2018-03-21 15:50:00-04:00,43.17,43.18,43.15,43.17,43465
2018-03-21 15:55:00-04:00,43.165,43.17,43.01,43.02,73622
2018-03-22 09:30:00-04:00,42.86,42.92,42.8,42.89,12308
2018-03-22 09:35:00-04:00,42.88,42.96,42.875,42.92,19447
2018-03-22 09:40:00-04:00,42.93,43.02,42.895,43.02,12323
2018-03-22 09:45:00-04:00,43.03,43.11,43.0,43.105,3368
2018-03-22 09:50:00-04:00,43.055,43.075,43.02,43.025,6364
2018-03-22 09:55:00-04:00,43.03,43.085,42.98,42.98,3391
2018-03-22 10:00:00-04:00,42.965,43.04,42.965,43.03,18645
2018-03-22 10:05:00-04:00,43.0,43.0,42.975,42.985,700
2018-03-22 10:10:00-04:00,42.98,43.075,42.96,43.065,4588
2018-03-22 10:15:00-04:00,43.06,43.07,43.02,43.07,4295
2018-03-22 10:20:00-04:00,43.06,43.06,43.0,43.0,2100
2018-03-22 10:25:00-04:00,42.99,43.02,42.99,43.02,2500
2018-03-22 10:30:00-04:00,43.02,43.04,42.99,43.02,4857
2018-03-22 10:35:00-04:00,43.015,43.025,42.98,43.025,4469
2018-03-22 10:40:00-04:00,43.025,43.03,43.01,43.015,12420
2018-03-22 10:45:00-04:00,43.015,43.035,42.97,43.025,8431
2018-03-22 10:50:00-04:00,43.025,43.055,43.01,43.05,10743
2018-03-22 10:55:00-04:00,43.045,43.11,43.015,43.1,17970
2018-03-22 11:00:00-04:00,43.1,43.115,43.075,43.085,8788
2018-03-22 11:05:00-04:00,43.09,43.09,43.03,43.03,9696
2018-03-22 11:10:00-04:00,43.035,43.071,43.035,43.055,8463
2018-03-22 11:15:00-04:00,43.05,43.05,43.025,43.04,3200
2018-03-22 11:20:00-04:00,43.04,43.05,43.02,43.04,4405
2018-03-22 11:25:00-04:00,43.06,43.1,43.03,43.1,9296
2018-03-22 11:30:00-04:00,43.12,43.215,43.12,43.2,9283
2018-03-22 11:35:00-04:00,43.2,43.2,43.155,43.18,3577
2018-03-22 11:40:00-04:00,43.19,43.195,43.16,43.17,5880
2018-03-22 11:45:00-04:00,43.175,43.22,43.14,43.21,4108
2018-03-22 11:50:00-04:00,43.21,43.23,43.19,43.23,7692
2018-03-22 11:55:00-04:00,43.235,43.24,43.18,43.18,5362
2018-03-22 12:00:00-04:00,43.17,43.2,43.14,43.2,6113
2018-03-22 12:05:00-04:00,43.215,43.23,43.205,43.21,6369
2018-03-22 12:10:00-04:00,43.21,43.245,43.2,43.24,5674
2018-03-22 12:15:00-04:00,43.23,43.335,43.22,43.3,13586
2018-03-22 12:20:00-04:00,43.295,43.33,43.28,43.285,6307
2018-03-22 12:25:00-04:00,43.275,43.36,43.265,43.35,7517
2018-03-22 12:30:00-04:00,43.34,43.35,43.25,43.285,4713
2018-03-22 12:35:00-04:00,43.3,43.33,43.22,43.22,2771
2018-03-22 12:40:00-04:00,43.22,43.22,43.15,43.16,1961
2018-03-22 12:45:00-04:00,43.15,43.235,43.13,43.225,8265
2018-03-22 12:50:00-04:00,43.23,43.26,43.18,43.18,6032
2018-03-22 12:55:00-04:00,43.19,43.2,43.11,43.12,3629
2018-03-22 13:00:00-04:00,43.1,43.11,43.07,43.095,3370
2018-03-22 13:05:00-04:00,43.105,43.155,43.08,43.12,4623
2018-03-22 13:10:00-04:00,43.13,43.18,43.11,43.18,5708
2018-03-22 13:15:00-04:00,43.19,43.21,43.16,43.16,2022
2018-03-22 13:20:00-04:00,43.15,43.2,43.15,43.19,2454
2018-03-22 13:25:00-04:00,43.19,43.24,43.17,43.211,5493
2018-03-22 13:30:00-04:00,43.23,43.25,43.2,43.22,4544
2018-03-22 13:35:00-04:00,43.23,43.25,43.2,43.2,3124
2018-03-22 13:40:00-04:00,43.21,43.23,43.19,43.21,3599
2018-03-22 13:45:00-04:00,43.23,43.24,43.17,43.185,3906
2018-03-22 13:50:00-04:00,43.185,43.2,43.16,43.16,1564
2018-03-22 13:55:00-04:00,43.16,43.195,43.14,43.17,2214
2018-03-22 14:00:00-04:00,43.18,43.18,43.11,43.11,7131
2018-03-22 14:05:00-04:00,43.095,43.11,43.09,43.09,601
2018-03-22 14:10:00-04:00,43.08,43.1,43.065,43.09,2713
2018-03-22 14:15:00-04:00,43.095,43.095,43.07,43.081,3941
2018-03-22 14:20:00-04:00,43.07,43.085,43.05,43.05,4996
2018-03-22 14:25:00-04:00,43.06,43.07,43.02,43.03,30197
2018-03-22 14:30:00-04:00,43.02,43.02,43.0,43.01,3753
2018-03-22 14:35:00-04:00,43.02,43.045,43.01,43.04,2800
2018-03-22 14:40:00-04:00,43.07,43.07,43.06,43.06,2602
2018-03-22 14:45:00-04:00,43.06,43.095,43.06,43.08,3071
2018-03-22 14:50:00-04:00,43.07,43.07,43.03,43.03,7941
2018-03-22 14:55:00-04:00,43.02,43.04,42.98,42.99,5842
2018-03-22 15:00:00-04:00,42.99,43.065,42.98,43.05,4271
2018-03-22 15:05:00-04:00,43.045,43.045,42.96,42.97,8877
2018-03-22 15:10:00-04:00,42.97,43.01,42.95,42.95,6590
2018-03-22 15:15:00-04:00,42.95,42.95,42.9,42.93,8523
2018-03-22 15:20:00-04:00,42.93,43.01,42.93,43.01,7084
2018-03-22 15:25:00-04:00,42.99,42.99,42.955,42.97,6390
2018-03-22 15:30:00-04:00,42.97,42.975,42.9,42.93,13528
2018-03-22 15:35:00-04:00,42.93,42.94,42.895,42.895,16802
2018-03-22 15:40:00-04:00,42.89,42.91,42.85,42.86,13092
2018-03-22 15:45:00-04:00,42.85,42.85,42.705,42.775,76724
2018-03-22 15:50:00-04:00,42.78,42.84,42.75,42.78,49351
2018-03-22 15:55:00-04:00,42.77,42.85,42.73,42.75,85031
2018-03-26 09:30:00-04:00,42.62,42.62,42.51,42.58,10051
2018-03-26 09:35:00-04:00,42.58,42.72,42.55,42.72,8377
2018-03-26 09:40:00-04:00,42.74,42.74,42.63,42.63,6455
2018-03-26 09:45:00-04:00,42.72,42.73,42.68,42.715,4717
2018-03-26 09:50:00-04:00,42.75,42.8,42.75,42.75,6666
2018-03-26 09:55:00-04:00,42.74,42.75,42.68,42.7,6693
2018-03-26 10:00:00-04:00,42.7,42.72,42.6,42.62,11052
2018-03-26 10:05:00-04:00,42.61,42.61,42.55,42.57,5254
2018-03-26 10:10:00-04:00,42.57,42.58,42.55,42.58,9379
2018-03-26 10:15:00-04:00,42.575,42.615,42.545,42.605,9641
2018-03-26 10:20:00-04:00,42.6,42.6,42.54,42.55,5813
2018-03-26 10:25:00-04:00,42.55,42.6,42.52,42.53,7224
2018-03-26 10:30:00-04:00,42.525,42.525,42.46,42.47,6434
2018-03-26 10:35:00-04:00,42.48,42.52,42.48,42.52,5756
2018-03-26 10:40:00-04:00,42.52,42.55,42.47,42.475,10787
2018-03-26 10:45:00-04:00,42.47,42.505,42.44,42.505,5481
2018-03-26 10:50:00-04:00,42.515,42.52,42.46,42.48,5513
2018-03-26 10:55:00-04:00,42.475,42.48,42.425,42.43,5637
2018-03-26 11:00:00-04:00,42.44,42.45,42.37,42.37,5562
2018-03-26 11:05:00-04:00,42.36,42.39,42.32,42.385,5369
2018-03-26 11:10:00-04:00,42.385,42.41,42.36,42.41,6675
2018-03-26 11:15:00-04:00,42.41,42.42,42.33,42.33,5946
2018-03-26 11:20:00-04:00,42.33,42.42,42.32,42.39,7273
2018-03-26 11:25:00-04:00,42.39,42.42,42.37,42.38,6350
2018-03-26 11:30:00-04:00,42.37,42.4,42.34,42.37,4933
2018-03-26 11:35:00-04:00,42.36,42.365,42.28,42.285,2746
2018-03-26 11:40:00-04:00,42.32,42.33,42.29,42.3,2160
2018-03-26 11:45:00-04:00,42.29,42.3,42.25,42.25,12523
2018-03-26 11:50:00-04:00,42.255,42.28,42.25,42.255,10116
2018-03-26 11:55:00-04:00,42.25,42.33,42.25,42.31,6922
2018-03-26 12:00:00-04:00,42.315,42.33,42.28,42.29,3225
2018-03-26 12:05:00-04:00,42.29,42.35,42.29,42.33,4187
2018-03-26 12:10:00-04:00,42.335,42.405,42.33,42.405,4484
2018-03-26 12:15:00-04:00,42.405,42.405,42.36,42.38,3811
2018-03-26 12:20:00-04:00,42.38,42.38,42.34,42.35,4077
2018-03-26 12:25:00-04:00,42.36,42.38,42.34,42.35,3131
2018-03-26 12:30:00-04:00,42.345,42.41,42.345,42.41,4200
2018-03-26 12:35:00-04:00,42.4,42.45,42.4,42.42,5895
2018-03-26 12:40:00-04:00,42.43,42.43,42.41,42.41,2972
2018-03-26 12:45:00-04:00,42.41,42.415,42.38,42.39,11711
2018-03-26 12:50:00-04:00,42.38,42.405,42.38,42.385,11252
2018-03-26 12:55:00-04:00,42.385,42.42,42.385,42.405,5055
2018-03-26 13:00:00-04:00,42.405,42.49,42.405,42.475,4883
2018-03-26 13:05:00-04:00,42.47,42.495,42.465,42.48,7245
2018-03-26 13:10:00-04:00,42.47,42.485,42.455,42.48,5756
2018-03-26 13:15:00-04:00,42.49,42.51,42.48,42.5,4980
2018-03-26 13:20:00-04:00,42.5,42.505,42.45,42.45,5642
2018-03-26 13:25:00-04:00,42.445,42.46,42.43,42.43,7393
2018-03-26 13:30:00-04:00,42.44,42.46,42.41,42.42,13816
2018-03-26 13:35:00-04:00,42.425,42.475,42.425,42.455,5684
2018-03-26 13:40:00-04:00,42.465,42.47,42.43,42.43,6694
2018-03-26 13:45:00-04:00,42.435,42.475,42.435,42.47,4661
2018-03-26 13:50:00-04:00,42.47,42.485,42.44,42.455,6400
2018-03-26 13:55:00-04:00,42.455,42.485,42.45,42.475,5925
2018-03-26 14:00:00-04:00,42.48,42.54,42.47,42.53,5919
2018-03-26 14:05:00-04:00,42.55,42.57,42.54,42.555,6257
2018-03-26 14:10:00-04:00,42.55,42.6,42.55,42.57,8062
2018-03-26 14:15:00-04:00,42.57,42.6,42.565,42.6,6918
2018-03-26 14:20:00-04:00,42.61,42.64,42.61,42.61,17743
2018-03-26 14:25:00-04:00,42.61,42.66,42.61,42.64,13422
2018-03-26 14:30:00-04:00,42.65,42.665,42.61,42.65,19560
2018-03-26 14:35:00-04:00,42.65,42.65,42.585,42.595,14482
2018-03-26 14:40:00-04:00,42.59,42.62,42.59,42.605,7742
2018-03-26 14:45:00-04:00,42.61,42.62,42.6,42.62,12420
2018-03-26 14:50:00-04:00,42.62,42.68,42.62,42.68,9194
2018-03-26 14:55:00-04:00,42.67,42.68,42.615,42.62,5122
2018-03-26 15:00:00-04:00,42.615,42.655,42.615,42.63,5584
2018-03-26 15:05:00-04:00,42.63,42.65,42.63,42.64,5977
2018-03-26 15:10:00-04:00,42.65,42.67,42.64,42.65,8873
2018-03-26 15:15:00-04:00,42.65,42.66,42.64,42.655,7045
2018-03-26 15:20:00-04:00,42.66,42.67,42.65,42.65,9476
2018-03-26 15:25:00-04:00,42.65,42.66,42.63,42.66,8673
2018-03-26 15:30:00-04:00,42.67,42.71,42.67,42.69,11668
2018-03-26 15:35:00-04:00,42.69,42.695,42.64,42.65,11973
2018-03-26 15:40:00-04:00,42.65,42.7,42.625,42.695,15868
2018-03-26 15:45:00-04:00,42.69,42.725,42.675,42.725,18611
2018-03-26 15:50:00-04:00,42.73,42.74,42.69,42.735,23458
2018-03-26 15:55:00-04:00,42.74,42.75,42.685,42.69,48474
2018-03-27 09:30:00-04:00,42.745,42.78,42.58,42.78,8509
2018-03-27 09:35:00-04:00,42.75,42.75,42.67,42.68,1928
2018-03-27 09:40:00-04:00,42.69,42.73,42.65,42.67,3065
2018-03-27 09:45:00-04:00,42.65,42.685,42.65,42.66,7400
2018-03-27 09:50:00-04:00,42.66,42.68,42.62,42.65,6185
2018-03-27 09:55:00-04:00,42.655,42.655,42.55,42.56,11963
2018-03-27 10:00:00-04:00,42.55,42.585,42.525,42.57,11390
2018-03-27 10:05:00-04:00,42.58,42.63,42.56,42.63,11874
2018-03-27 10:10:00-04:00,42.62,42.65,42.59,42.6,8288
2018-03-27 10:15:00-04:00,42.6,42.685,42.6,42.675,7185
2018-03-27 10:20:00-04:00,42.68,42.735,42.68,42.71,7642
2018-03-27 10:25:00-04:00,42.705,42.71,42.64,42.65,6811
2018-03-27 10:30:00-04:00,42.65,42.65,42.59,42.62,4934
2018-03-27 10:35:00-04:00,42.62,42.685,42.62,42.67,4545
2018-03-27 10:40:00-04:00,42.68,42.715,42.675,42.71,4564
2018-03-27 10:45:00-04:00,42.71,42.725,42.69,42.715,4600
2018-03-27 10:50:00-04:00,42.72,42.775,42.72,42.775,7031
2018-03-27 10:55:00-04:00,42.775,42.79,42.74,42.76,5193
2018-03-27 11:00:00-04:00,42.75,42.84,42.74,42.805,8511
2018-03-27 11:05:00-04:00,42.81,42.89,42.79,42.87,11876
2018-03-27 11:10:00-04:00,42.87,42.895,42.835,42.86,3908
2018-03-27 11:15:00-04:00,42.84,42.9,42.84,42.9,3150
2018-03-27 11:20:00-04:00,42.91,42.93,42.885,42.93,4251
2018-03-27 11:25:00-04:00,42.93,42.97,42.93,42.955,5746
2018-03-27 11:30:00-04:00,42.97,42.995,42.97,42.985,3727
2018-03-27 11:35:00-04:00,42.975,42.995,42.94,42.995,4027
2018-03-27 11:40:00-04:00,43.0,43.02,42.99,43.015,3600
2018-03-27 11:45:00-04:00,43.02,43.115,43.02,43.08,9025
2018-03-27 11:50:00-04:00,43.09,43.145,43.085,43.145,3599
2018-03-27 11:55:00-04:00,43.13,43.18,43.12,43.17,4806
2018-03-27 12:00:00-04:00,43.18,43.18,43.155,43.17,2975
2018-03-27 12:05:00-04:00,43.16,43.19,43.13,43.13,3464
2018-03-27 12:10:00-04:00,43.12,43.14,43.11,43.14,3674
2018-03-27 12:15:00-04:00,43.135,43.195,43.12,43.195,7408
2018-03-27 12:20:00-04:00,43.2,43.23,43.165,43.22,12458
2018-03-27 12:25:00-04:00,43.225,43.235,43.185,43.235,32566
2018-03-27 12:30:00-04:00,43.22,43.255,43.2,43.215,11111
2018-03-27 12:35:00-04:00,43.21,43.21,43.12,43.12,4047
2018-03-27 12:40:00-04:00,43.13,43.17,43.13,43.15,3886
2018-03-27 12:45:00-04:00,43.15,43.175,43.13,43.16,22602
2018-03-27 12:50:00-04:00,43.16,43.17,43.12,43.15,3424
2018-03-27 12:55:00-04:00,43.15,43.16,43.09,43.11,5815
2018-03-27 13:00:00-04:00,43.12,43.14,43.11,43.125,2897
2018-03-27 13:05:00-04:00,43.13,43.16,43.13,43.16,3015
2018-03-27 13:10:00-04:00,43.15,43.19,43.15,43.19,2800
2018-03-27 13:15:00-04:00,43.155,43.16,43.14,43.16,1116
2018-03-27 13:20:00-04:00,43.15,43.16,43.12,43.14,4156
2018-03-27 13:25:00-04:00,43.15,43.16,43.115,43.12,5975
2018-03-27 13:30:00-04:00,43.13,43.16,43.13,43.15,2830
2018-03-27 13:35:00-04:00,43.14,43.14,43.07,43.085,3862
2018-03-27 13:40:00-04:00,43.07,43.105,43.07,43.095,10628
2018-03-27 13:45:00-04:00,43.085,43.09,43.05,43.05,5086
2018-03-27 13:50:00-04:00,43.05,43.05,43.01,43.04,4712
2018-03-27 13:55:00-04:00,43.06,43.11,43.04,43.1,4103
2018-03-27 14:00:00-04:00,43.1,43.14,43.1,43.13,4295
2018-03-27 14:05:00-04:00,43.13,43.19,43.13,43.17,6182
2018-03-27 14:10:00-04:00,43.17,43.25,43.17,43.24,6204
2018-03-27 14:15:00-04:00,43.26,43.305,43.25,43.285,12535
2018-03-27 14:20:00-04:00,43.285,43.31,43.26,43.29,11212
2018-03-27 14:25:00-04:00,43.28,43.28,43.21,43.22,5950
2018-03-27 14:30:00-04:00,43.22,43.24,43.205,43.22,5651
2018-03-27 14:35:00-04:00,43.22,43.25,43.21,43.235,7835
2018-03-27 14:40:00-04:00,43.23,43.26,43.22,43.22,5523
2018-03-27 14:45:00-04:00,43.23,43.24,43.14,43.14,8065
2018-03-27 14:50:00-04:00,43.165,43.165,43.135,43.145,4116
2018-03-27 14:55:00-04:00,43.12,43.135,43.06,43.06,3249
2018-03-27 15:00:00-04:00,43.05,43.05,42.95,42.97,7234
2018-03-27 15:05:00-04:00,42.97,43.005,42.9,42.98,4671
2018-03-27 15:10:00-04:00,43.0,43.0,42.95,43.0,5815
2018-03-27 15:15:00-04:00,43.0,43.02,42.94,42.97,6070
2018-03-27 15:20:00-04:00,42.96,42.97,42.935,42.96,8425
2018-03-27 15:25:00-04:00,42.95,42.96,42.86,42.87,8858
2018-03-27 15:30:00-04:00,42.86,42.87,42.68,42.775,9966
2018-03-27 15:35:00-04:00,42.8,42.92,42.795,42.89,14115
2018-03-27 15:40:00-04:00,42.9,42.9,42.77,42.775,14241
2018-03-27 15:45:00-04:00,42.755,42.82,42.685,42.72,27668
2018-03-27 15:50:00-04:00,42.725,42.91,42.72,42.81,18407
2018-03-27 15:55:00-04:00,42.81,42.93,42.76,42.88,35990
2018-03-28 09:30:00-04:00,43.04,43.4,43.01,43.395,17049
2018-03-28 09:35:00-04:00,43.395,43.49,43.385,43.49,9258
2018-03-28 09:40:00-04:00,43.49,43.67,43.49,43.65,11180
2018-03-28 09:45:00-04:00,43.64,43.69,43.57,43.6,6753
2018-03-28 09:50:00-04:00,43.6,43.65,43.55,43.59,7807
2018-03-28 09:55:00-04:00,43.59,43.69,43.55,43.55,9693
2018-03-28 10:00:00-04:00,43.55,43.57,43.43,43.47,7370
2018-03-28 10:05:00-04:00,43.46,43.5,43.38,43.4,11773
2018-03-28 10:10:00-04:00,43.4,43.42,43.31,43.39,5945
2018-03-28 10:15:00-04:00,43.4,43.405,43.315,43.33,7250
2018-03-28 10:20:00-04:00,43.325,43.38,43.32,43.37,3846
2018-03-28 10:25:00-04:00,43.4,43.435,43.38,43.43,3060
2018-03-28 10:30:00-04:00,43.45,43.45,43.26,43.27,6485
2018-03-28 10:35:00-04:00,43.26,43.31,43.26,43.275,4400
2018-03-28 10:40:00-04:00,43.27,43.405,43.26,43.4,7025
2018-03-28 10:45:00-04:00,43.4,43.47,43.31,43.47,9154
2018-03-28 10:50:00-04:00,43.47,43.475,43.4,43.455,6785
2018-03-28 10:55:00-04:00,43.42,43.475,43.36,43.445,6812
2018-03-28 11:00:00-04:00,43.475,43.58,43.47,43.555,9896
2018-03-28 11:05:00-04:00,43.56,43.58,43.49,43.56,4914
2018-03-28 11:10:00-04:00,43.56,43.59,43.52,43.55,3660
2018-03-28 11:15:00-04:00,43.6,43.6,43.525,43.54,9731
2018-03-28 11:20:00-04:00,43.53,43.55,43.48,43.5,12783
2018-03-28 11:25:00-04:00,43.54,43.58,43.51,43.535,5082
2018-03-28 11:30:00-04:00,43.515,43.575,43.48,43.54,9623
2018-03-28 11:35:00-04:00,43.545,43.58,43.49,43.49,3385
2018-03-28 11:40:00-04:00,43.49,43.55,43.47,43.475,4875
2018-03-28 11:45:00-04:00,43.5,43.505,43.45,43.48,3382
2018-03-28 11:50:00-04:00,43.505,43.6,43.5,43.595,5791
2018-03-28 11:55:00-04:00,43.61,43.62,43.53,43.53,4809
2018-03-28 12:00:00-04:00,43.54,43.555,43.47,43.49,4072
2018-03-28 12:05:00-04:00,43.49,43.53,43.46,43.525,5024
2018-03-28 12:10:00-04:00,43.53,43.56,43.5,43.5,2868
2018-03-28 12:15:00-04:00,43.52,43.62,43.51,43.62,3916
2018-03-28 12:20:00-04:00,43.63,43.65,43.61,43.615,3400
2018-03-28 12:25:00-04:00,43.635,43.64,43.595,43.6,3900
2018-03-28 12:30:00-04:00,43.61,43.61,43.56,43.56,3520
2018-03-28 12:35:00-04:00,43.56,43.6,43.56,43.58,4761
2018-03-28 12:40:00-04:00,43.59,43.68,43.59,43.67,10495
2018-03-28 12:45:00-04:00,43.66,43.68,43.605,43.62,9258
2018-03-28 12:50:00-04:00,43.61,43.615,43.54,43.54,8100
2018-03-28 12:55:00-04:00,43.51,43.52,43.48,43.48,13012
2018-03-28 13:00:00-04:00,43.485,43.485,43.365,43.39,18326
2018-03-28 13:05:00-04:00,43.4,43.49,43.39,43.49,12676
2018-03-28 13:10:00-04:00,43.49,43.51,43.41,43.46,3900
2018-03-28 13:15:00-04:00,43.47,43.485,43.43,43.48,5665
2018-03-28 13:20:00-04:00,43.5,43.52,43.455,43.455,8514
2018-03-28 13:25:00-04:00,43.455,43.58,43.425,43.575,5370
2018-03-28 13:30:00-04:00,43.57,43.57,43.49,43.49,1978
2018-03-28 13:35:00-04:00,43.51,43.52,43.48,43.515,3328
2018-03-28 13:40:00-04:00,43.51,43.51,43.45,43.48,8117
2018-03-28 13:45:00-04:00,43.465,43.53,43.465,43.53,4868
2018-03-28 13:50:00-04:00,43.51,43.52,43.49,43.5,4737
2018-03-28 13:55:00-04:00,43.5,43.52,43.45,43.46,5756
2018-03-28 14:00:00-04:00,43.48,43.495,43.43,43.47,11190
2018-03-28 14:05:00-04:00,43.49,43.51,43.47,43.5,3505
2018-03-28 14:10:00-04:00,43.49,43.49,43.44,43.47,4909
2018-03-28 14:15:00-04:00,43.465,43.51,43.45,43.5,3071
2018-03-28 14:20:00-04:00,43.5,43.51,43.44,43.44,4751
2018-03-28 14:25:00-04:00,43.45,43.47,43.4,43.41,4924
2018-03-28 14:30:00-04:00,43.405,43.46,43.4,43.46,2608
2018-03-28 14:35:00-04:00,43.47,43.48,43.43,43.46,7704
2018-03-28 14:40:00-04:00,43.49,43.52,43.48,43.485,7499
2018-03-28 14:45:00-04:00,43.46,43.485,43.43,43.485,10473
2018-03-28 14:50:00-04:00,43.48,43.51,43.47,43.48,5000
2018-03-28 14:55:00-04:00,43.49,43.51,43.455,43.49,7228
2018-03-28 15:00:00-04:00,43.48,43.48,43.375,43.38,16713
2018-03-28 15:05:00-04:00,43.38,43.43,43.38,43.39,7933
2018-03-28 15:10:00-04:00,43.395,43.465,43.385,43.45,7710
2018-03-28 15:15:00-04:00,43.47,43.49,43.415,43.46,10943
2018-03-28 15:20:00-04:00,43.48,43.53,43.42,43.51,11500
2018-03-28 15:25:00-04:00,43.51,43.54,43.47,43.54,11552
2018-03-28 15:30:00-04:00,43.53,43.545,43.45,43.455,16272
2018-03-28 15:35:00-04:00,43.48,43.57,43.47,43.56,12247
2018-03-28 15:40:00-04:00,43.55,43.56,43.45,43.45,19749
2018-03-28 15:45:00-04:00,43.44,43.49,43.41,43.48,30008
2018-03-28 15:50:00-04:00,43.485,43.49,43.44,43.44,26913
2018-03-28 15:55:00-04:00,43.44,43.44,43.31,43.32,61411
2018-04-02 09:30:00-04:00,43.48,43.49,43.39,43.48,6880
2018-04-02 09:35:00-04:00,43.45,43.47,43.31,43.32,3775
2018-04-02 09:40:00-04:00,43.33,43.46,43.33,43.46,4039
2018-04-02 09:45:00-04:00,43.46,43.46,43.36,43.37,15401
2018-04-02 09:50:00-04:00,43.375,43.43,43.36,43.37,4422
2018-04-02 09:55:00-04:00,43.37,43.405,43.35,43.4,3102
2018-04-02 10:00:00-04:00,43.42,43.42,43.26,43.26,2249
2018-04-02 10:05:00-04:00,43.29,43.35,43.29,43.3,4391
2018-04-02 10:10:00-04:00,43.31,43.35,43.31,43.34,4642
2018-04-02 10:15:00-04:00,43.38,43.4,43.35,43.35,8863
2018-04-02 10:20:00-04:00,43.35,43.38,43.325,43.38,3637
2018-04-02 10:25:00-04:00,43.39,43.45,43.37,43.44,1916
2018-04-02 10:30:00-04:00,43.46,43.46,43.39,43.4,4279
2018-04-02 10:35:00-04:00,43.39,43.41,43.37,43.37,3100
2018-04-02 10:40:00-04:00,43.37,43.38,43.34,43.35,4013
2018-04-02 10:45:00-04:00,43.35,43.4,43.35,43.36,6470
2018-04-02 10:50:00-04:00,43.37,43.38,43.31,43.31,3188
2018-04-02 10:55:00-04:00,43.3,43.3,43.21,43.22,7346
2018-04-02 11:00:00-04:00,43.21,43.22,43.15,43.16,4131
2018-04-02 11:05:00-04:00,43.145,43.2,43.11,43.19,5273
2018-04-02 11:10:00-04:00,43.21,43.21,43.11,43.11,1538
2018-04-02 11:15:00-04:00,43.115,43.14,43.1,43.12,7819
2018-04-02 11:20:00-04:00,43.12,43.13,43.07,43.09,11047
2018-04-02 11:25:00-04:00,43.09,43.16,43.09,43.16,5173
2018-04-02 11:30:00-04:00,43.19,43.19,43.145,43.17,2407
2018-04-02 11:35:00-04:00,43.13,43.13,42.89,42.92,7511
2018-04-02 11:40:00-04:00,42.93,42.94,42.87,42.89,2575
2018-04-02 11:45:00-04:00,42.88,43.06,42.86,43.05,2516
2018-04-02 11:50:00-04:00,43.06,43.06,42.96,43.03,6618
2018-04-02 11:55:00-04:00,43.01,43.08,42.95,42.95,6748
2018-04-02 12:00:00-04:00,42.94,42.95,42.84,42.89,2203
2018-04-02 12:05:00-04:00,42.84,42.88,42.8,42.84,2693
2018-04-02 12:10:00-04:00,42.81,42.83,42.77,42.81,3406
2018-04-02 12:15:00-04:00,42.82,42.845,42.76,42.83,3143
2018-04-02 12:20:00-04:00,42.81,42.82,42.79,42.82,1827
2018-04-02 12:25:00-04:00,42.81,42.83,42.78,42.83,2600
2018-04-02 12:30:00-04:00,42.815,42.87,42.815,42.82,1919
2018-04-02 12:35:00-04:00,42.81,42.895,42.81,42.85,2947
2018-04-02 12:40:00-04:00,42.86,42.925,42.82,42.91,1723
2018-04-02 12:45:00-04:00,42.89,42.89,42.83,42.84,5214
2018-04-02 12:50:00-04:00,42.83,42.85,42.83,42.83,1000
2018-04-02 12:55:00-04:00,42.83,42.86,42.82,42.83,1700
2018-04-02 13:00:00-04:00,42.825,42.86,42.79,42.82,2881
2018-04-02 13:05:00-04:00,42.82,42.86,42.79,42.83,2040
2018-04-02 13:10:00-04:00,42.845,42.92,42.845,42.88,1200
2018-04-02 13:15:00-04:00,42.88,42.935,42.88,42.91,3100
2018-04-02 13:20:00-04:00,42.94,42.94,42.85,42.855,2246
2018-04-02 13:25:00-04:00,42.85,42.85,42.74,42.74,3484
2018-04-02 13:30:00-04:00,42.76,42.76,42.72,42.74,1791
2018-04-02 13:35:00-04:00,42.745,42.77,42.69,42.69,3730
2018-04-02 13:40:00-04:00,42.71,42.71,42.61,42.62,2795
2018-04-02 13:45:00-04:00,42.63,42.69,42.61,42.64,1582
2018-04-02 13:50:00-04:00,42.66,42.66,42.6,42.61,5222
2018-04-02 13:55:00-04:00,42.63,42.65,42.59,42.6,4647
2018-04-02 14:00:00-04:00,42.59,42.595,42.52,42.54,12066
2018-04-02 14:05:00-04:00,42.55,42.63,42.495,42.62,5005
2018-04-02 14:10:00-04:00,42.6,42.62,42.58,42.6,2100
2018-04-02 14:15:00-04:00,42.62,42.64,42.56,42.63,4947
2018-04-02 14:20:00-04:00,42.64,42.71,42.64,42.675,4439
2018-04-02 14:25:00-04:00,42.68,42.685,42.61,42.64,3611
2018-04-02 14:30:00-04:00,42.62,42.71,42.61,42.66,8388
2018-04-02 14:35:00-04:00,42.65,42.69,42.635,42.68,8035
2018-04-02 14:40:00-04:00,42.7,42.7,42.61,42.61,4976
2018-04-02 14:45:00-04:00,42.59,42.63,42.58,42.62,3456
2018-04-02 14:50:00-04:00,42.62,42.69,42.61,42.68,8019
2018-04-02 14:55:00-04:00,42.65,42.65,42.57,42.585,4563
2018-04-02 15:00:00-04:00,42.6,42.6,42.535,42.55,6329
2018-04-02 15:05:00-04:00,42.54,42.55,42.51,42.52,3024
2018-04-02 15:10:00-04:00,42.525,42.6,42.51,42.59,12833
2018-04-02 15:15:00-04:00,42.58,42.58,42.48,42.51,8559
2018-04-02 15:20:00-04:00,42.53,42.54,42.5,42.51,19358
2018-04-02 15:25:00-04:00,42.5,42.55,42.485,42.55,11005
2018-04-02 15:30:00-04:00,42.56,42.62,42.55,42.55,7370
2018-04-02 15:35:00-04:00,42.575,42.715,42.575,42.69,17287
2018-04-02 15:40:00-04:00,42.68,42.735,42.655,42.7,15918
2018-04-02 15:45:00-04:00,42.7,42.765,42.68,42.705,25861
2018-04-02 15:50:00-04:00,42.73,42.81,42.7,42.78,26150
2018-04-02 15:55:00-04:00,42.78,42.785,42.63,42.68,44427
2018-04-03 09:30:00-04:00,42.96,43.12,42.89,43.0,19924
2018-04-03 09:35:00-04:00,42.98,43.04,42.88,42.9,18016
2018-04-03 09:40:00-04:00,42.89,42.95,42.84,42.93,17155
2018-04-03 09:45:00-04:00,42.92,42.98,42.88,42.96,10561
2018-04-03 09:50:00-04:00,43.02,43.03,42.96,42.975,5305
2018-04-03 09:55:00-04:00,43.0,43.045,42.95,43.025,9649
2018-04-03 10:00:00-04:00,43.055,43.1,43.01,43.1,6269
2018-04-03 10:05:00-04:00,43.12,43.18,43.12,43.17,6678
2018-04-03 10:10:00-04:00,43.175,43.185,43.11,43.11,10041
2018-04-03 10:15:00-04:00,43.12,43.16,43.105,43.145,16251
2018-04-03 10:20:00-04:00,43.145,43.19,43.12,43.18,32001
2018-04-03 10:25:00-04:00,43.175,43.22,43.16,43.19,11043
2018-04-03 10:30:00-04:00,43.22,43.22,43.14,43.17,22393
2018-04-03 10:35:00-04:00,43.175,43.245,43.17,43.23,4905
2018-04-03 10:40:00-04:00,43.23,43.28,43.2,43.28,13278
2018-04-03 10:45:00-04:00,43.28,43.36,43.28,43.34,8211
2018-04-03 10:50:00-04:00,43.34,43.35,43.3,43.32,9842
2018-04-03 10:55:00-04:00,43.34,43.37,43.24,43.29,13930
2018-04-03 11:00:00-04:00,43.29,43.37,43.24,43.35,11771
2018-04-03 11:05:00-04:00,43.35,43.42,43.35,43.42,10539
2018-04-03 11:10:00-04:00,43.41,43.41,43.37,43.39,10407
2018-04-03 11:15:00-04:00,43.39,43.4,43.36,43.38,12507
2018-04-03 11:20:00-04:00,43.405,43.41,43.36,43.36,15361
2018-04-03 11:25:00-04:00,43.38,43.405,43.355,43.355,7812
2018-04-03 11:30:00-04:00,43.35,43.36,43.325,43.325,4572
2018-04-03 11:35:00-04:00,43.33,43.395,43.33,43.37,6841
2018-04-03 11:40:00-04:00,43.4,43.46,43.37,43.46,6202
2018-04-03 11:45:00-04:00,43.45,43.475,43.42,43.42,6340
2018-04-03 11:50:00-04:00,43.43,43.43,43.4,43.425,3900
2018-04-03 11:55:00-04:00,43.41,43.45,43.41,43.43,25612
2018-04-03 12:00:00-04:00,43.435,43.455,43.41,43.455,9603
2018-04-03 12:05:00-04:00,43.45,43.46,43.43,43.43,5933
2018-04-03 12:10:00-04:00,43.42,43.445,43.42,43.43,4343
2018-04-03 12:15:00-04:00,43.44,43.445,43.42,43.42,7392
2018-04-03 12:20:00-04:00,43.43,43.43,43.36,43.37,6284
2018-04-03 12:25:00-04:00,43.38,43.395,43.345,43.37,4966
2018-04-03 12:30:00-04:00,43.37,43.37,43.34,43.34,4861
2018-04-03 12:35:00-04:00,43.33,43.34,43.24,43.26,12157
2018-04-03 12:40:00-04:00,43.26,43.32,43.26,43.31,7100
2018-04-03 12:45:00-04:00,43.33,43.335,43.3,43.3,4101
2018-04-03 12:50:00-04:00,43.3,43.31,43.28,43.28,5284
2018-04-03 12:55:00-04:00,43.285,43.305,43.27,43.27,3865
2018-04-03 13:00:00-04:00,43.28,43.28,43.26,43.28,3908
2018-04-03 13:05:00-04:00,43.3,43.31,43.26,43.26,4296
2018-04-03 13:10:00-04:00,43.26,43.28,43.26,43.26,2770
2018-04-03 13:15:00-04:00,43.26,43.28,43.26,43.28,2508
2018-04-03 13:20:00-04:00,43.295,43.33,43.28,43.32,3210
2018-04-03 13:25:00-04:00,43.32,43.365,43.32,43.33,2575
2018-04-03 13:30:00-04:00,43.36,43.36,43.33,43.33,2629
2018-04-03 13:35:00-04:00,43.34,43.35,43.335,43.35,2726
2018-04-03 13:40:00-04:00,43.34,43.34,43.31,43.315,8878
2018-04-03 13:45:00-04:00,43.31,43.32,43.255,43.26,5185
2018-04-03 13:50:00-04:00,43.26,43.26,43.23,43.24,8321
2018-04-03 13:55:00-04:00,43.25,43.305,43.245,43.3,6052
2018-04-03 14:00:00-04:00,43.33,43.33,43.29,43.3,5121
2018-04-03 14:05:00-04:00,43.305,43.305,43.26,43.27,3800
2018-04-03 14:10:00-04:00,43.27,43.275,43.25,43.25,5167
2018-04-03 14:15:00-04:00,43.25,43.27,43.24,43.265,5925
2018-04-03 14:20:00-04:00,43.26,43.28,43.25,43.28,3100
2018-04-03 14:25:00-04:00,43.27,43.275,43.22,43.24,8113
2018-04-03 14:30:00-04:00,43.23,43.23,43.175,43.201,12543
2018-04-03 14:35:00-04:00,43.2,43.2,43.13,43.135,9147
2018-04-03 14:40:00-04:00,43.13,43.13,43.1,43.12,6780
2018-04-03 14:45:00-04:00,43.13,43.25,43.095,43.21,20581
2018-04-03 14:50:00-04:00,43.2,43.21,43.15,43.18,8473
2018-04-03 14:55:00-04:00,43.2,43.27,43.2,43.25,5676
2018-04-03 15:00:00-04:00,43.25,43.36,43.24,43.35,7060
2018-04-03 15:05:00-04:00,43.36,43.51,43.36,43.48,11951
2018-04-03 15:10:00-04:00,43.47,43.53,43.43,43.43,15766
2018-04-03 15:15:00-04:00,43.43,43.45,43.4,43.43,11891
2018-04-03 15:20:00-04:00,43.44,43.44,43.38,43.43,17326
2018-04-03 15:25:00-04:00,43.42,43.45,43.39,43.45,17449
2018-04-03 15:30:00-04:00,43.44,43.465,43.385,43.41,18642
2018-04-03 15:35:00-04:00,43.415,43.415,43.36,43.405,16684
2018-04-03 15:40:00-04:00,43.41,43.41,43.36,43.36,17216
2018-04-03 15:45:00-04:00,43.35,43.42,43.34,43.37,28250
2018-04-03 15:50:00-04:00,43.37,43.42,43.35,43.365,23416
2018-04-03 15:55:00-04:00,43.37,43.44,43.35,43.39,44849
2018-04-04 09:30:00-04:00,43.13,43.35,43.13,43.26,7963
2018-04-04 09:35:00-04:00,43.26,43.34,43.2,43.34,8961
2018-04-04 09:40:00-04:00,43.351,43.44,43.3,43.4,8204
2018-04-04 09:45:00-04:00,43.41,43.42,43.35,43.415,4401
2018-04-04 09:50:00-04:00,43.41,43.61,43.41,43.57,12055
2018-04-04 09:55:00-04:00,43.58,43.685,43.58,43.685,6527
2018-04-04 10:00:00-04:00,43.675,43.68,43.58,43.615,7081
2018-04-04 10:05:00-04:00,43.605,43.69,43.59,43.64,10848
2018-04-04 10:10:00-04:00,43.63,43.695,43.63,43.685,8286
2018-04-04 10:15:00-04:00,43.685,43.685,43.61,43.665,7711
2018-04-04 10:20:00-04:00,43.67,43.685,43.625,43.635,8164
2018-04-04 10:25:00-04:00,43.635,43.685,43.63,43.63,5261
2018-04-04 10:30:00-04:00,43.62,43.655,43.61,43.635,3776
2018-04-04 10:35:00-04:00,43.64,43.685,43.635,43.68,8301
2018-04-04 10:40:00-04:00,43.68,43.71,43.66,43.7,6459
2018-04-04 10:45:00-04:00,43.705,43.76,43.705,43.735,5284
2018-04-04 10:50:00-04:00,43.74,43.84,43.74,43.84,6598
2018-04-04 10:55:00-04:00,43.86,43.865,43.805,43.82,5151
2018-04-04 11:00:00-04:00,43.82,43.82,43.73,43.775,5175
2018-04-04 11:05:00-04:00,43.785,43.805,43.77,43.805,3107
2018-04-04 11:10:00-04:00,43.83,43.84,43.815,43.83,4450
2018-04-04 11:15:00-04:00,43.84,43.855,43.77,43.77,5128
2018-04-04 11:20:00-04:00,43.77,43.78,43.715,43.73,6344
2018-04-04 11:25:00-04:00,43.725,43.73,43.7,43.71,8251
2018-04-04 11:30:00-04:00,43.7,43.745,43.7,43.7,6731
2018-04-04 11:35:00-04:00,43.69,43.715,43.65,43.71,7159
2018-04-04 11:40:00-04:00,43.7,43.775,43.69,43.77,8824
2018-04-04 11:45:00-04:00,43.755,43.79,43.74,43.74,6279
2018-04-04 11:50:00-04:00,43.75,43.81,43.75,43.79,4170
2018-04-04 11:55:00-04:00,43.795,43.84,43.795,43.84,3442
2018-04-04 12:00:00-04:00,43.84,43.85,43.78,43.785,7225
2018-04-04 12:05:00-04:00,43.785,43.835,43.76,43.83,6289
2018-04-04 12:10:00-04:00,43.84,43.885,43.825,43.885,5104
2018-04-04 12:15:00-04:00,43.88,43.9,43.865,43.895,6191
2018-04-04 12:20:00-04:00,43.88,43.93,43.88,43.915,5916
2018-04-04 12:25:00-04:00,43.905,43.915,43.87,43.89,11346
2018-04-04 12:30:00-04:00,43.89,43.92,43.88,43.91,5828
2018-04-04 12:35:00-04:00,43.935,43.94,43.875,43.89,2299
2018-04-04 12:40:00-04:00,43.895,43.915,43.86,43.9,3942
2018-04-04 12:45:00-04:00,43.925,43.925,43.89,43.915,3243
2018-04-04 12:50:00-04:00,43.925,43.98,43.91,43.975,6152
2018-04-04 12:55:00-04:00,43.965,43.99,43.965,43.975,5640
2018-04-04 13:00:00-04:00,43.98,44.0,43.98,43.98,5261
2018-04-04 13:05:00-04:00,43.98,43.99,43.94,43.94,4819
2018-04-04 13:10:00-04:00,43.94,43.94,43.92,43.94,2398
2018-04-04 13:15:00-04:00,43.945,43.96,43.93,43.94,3284
2018-04-04 13:20:00-04:00,43.92,43.98,43.905,43.925,6776
2018-04-04 13:25:00-04:00,43.925,43.925,43.885,43.91,3237
2018-04-04 13:30:00-04:00,43.905,43.905,43.855,43.855,9906
2018-04-04 13:35:00-04:00,43.86,43.935,43.86,43.935,5047
2018-04-04 13:40:00-04:00,43.96,43.975,43.95,43.965,3212
2018-04-04 13:45:00-04:00,43.965,43.965,43.92,43.925,5067
2018-04-04 13:50:00-04:00,43.925,43.925,43.89,43.91,3704
2018-04-04 13:55:00-04:00,43.925,43.95,43.92,43.94,4290
2018-04-04 14:00:00-04:00,43.95,43.97,43.945,43.965,5173
2018-04-04 14:05:00-04:00,43.965,43.995,43.965,43.99,4067
2018-04-04 14:10:00-04:00,43.995,44.08,43.995,44.05,7336
2018-04-04 14:15:00-04:00,44.085,44.145,44.07,44.135,5760
2018-04-04 14:20:00-04:00,44.155,44.195,44.155,44.185,2208
2018-04-04 14:25:00-04:00,44.185,44.195,44.165,44.19,6126
2018-04-04 14:30:00-04:00,44.19,44.19,44.13,44.13,12711
2018-04-04 14:35:00-04:00,44.13,44.185,44.11,44.18,8173
2018-04-04 14:40:00-04:00,44.17,44.24,44.17,44.24,7424
2018-04-04 14:45:00-04:00,44.245,44.265,44.21,44.235,3885
2018-04-04 14:50:00-04:00,44.255,44.255,44.195,44.2,7469
2018-04-04 14:55:00-04:00,44.215,44.24,44.2,44.22,12919
2018-04-04 15:00:00-04:00,44.22,44.27,44.21,44.255,7014
2018-04-04 15:05:00-04:00,44.26,44.31,44.26,44.31,33328
2018-04-04 15:10:00-04:00,44.3,44.305,44.25,44.29,11098
2018-04-04 15:15:00-04:00,44.295,44.325,44.29,44.3,13273
2018-04-04 15:20:00-04:00,44.3,44.35,44.295,44.33,10645
2018-04-04 15:25:00-04:00,44.32,44.345,44.26,44.31,10976
2018-04-04 15:30:00-04:00,44.31,44.39,44.31,44.35,15676
2018-04-04 15:35:00-04:00,44.355,44.4,44.34,44.395,20044
2018-04-04 15:40:00-04:00,44.395,44.4,44.305,44.31,29692
2018-04-04 15:45:00-04:00,44.315,44.37,44.28,44.29,29681
2018-04-04 15:50:00-04:00,44.3,44.35,44.29,44.33,27010
2018-04-04 15:55:00-04:00,44.33,44.37,44.21,44.24,77022
2018-04-05 09:30:00-04:00,44.365,44.38,44.09,44.12,11659
2018-04-05 09:35:00-04:00,44.135,44.205,44.08,44.1,11659
2018-04-05 09:40:00-04:00,44.09,44.09,43.945,43.96,11231
2018-04-05 09:45:00-04:00,43.98,44.12,43.97,44.115,11296
2018-04-05 09:50:00-04:00,44.11,44.185,44.07,44.17,8006
2018-04-05 09:55:00-04:00,44.18,44.215,44.12,44.215,10679
2018-04-05 10:00:00-04:00,44.21,44.22,44.185,44.2,13486
2018-04-05 10:05:00-04:00,44.21,44.235,44.16,44.23,8362
2018-04-05 10:10:00-04:00,44.24,44.24,44.215,44.22,5878
2018-04-05 10:15:00-04:00,44.23,44.305,44.215,44.3,6064
2018-04-05 10:20:00-04:00,44.305,44.35,44.29,44.345,5922
2018-04-05 10:25:00-04:00,44.355,44.355,44.295,44.305,4884
2018-04-05 10:30:00-04:00,44.305,44.305,44.26,44.29,6350
2018-04-05 10:35:00-04:00,44.3,44.3,44.235,44.235,8333
2018-04-05 10:40:00-04:00,44.235,44.25,44.205,44.23,6167
2018-04-05 10:45:00-04:00,44.23,44.31,44.23,44.27,8582
2018-04-05 10:50:00-04:00,44.27,44.3,44.25,44.3,4108
2018-04-05 10:55:00-04:00,44.295,44.315,44.25,44.25,8165
2018-04-05 11:00:00-04:00,44.245,44.275,44.22,44.27,5160
2018-04-05 11:05:00-04:00,44.261,44.43,44.26,44.43,5401
2018-04-05 11:10:00-04:00,44.425,44.47,44.4,44.465,7562
2018-04-05 11:15:00-04:00,44.47,44.495,44.455,44.46,7025
2018-04-05 11:20:00-04:00,44.46,44.48,44.45,44.455,7625
2018-04-05 11:25:00-04:00,44.45,44.47,44.44,44.47,7744
2018-04-05 11:30:00-04:00,44.475,44.495,44.46,44.495,7924
2018-04-05 11:35:00-04:00,44.49,44.545,44.485,44.53,10647
2018-04-05 11:40:00-04:00,44.525,44.54,44.495,44.52,12795
2018-04-05 11:45:00-04:00,44.525,44.53,44.49,44.5,12546
2018-04-05 11:50:00-04:00,44.5,44.61,44.5,44.59,7268
2018-04-05 11:55:00-04:00,44.59,44.6,44.515,44.55,7569
2018-04-05 12:00:00-04:00,44.56,44.57,44.54,44.55,7484
2018-04-05 12:05:00-04:00,44.54,44.575,44.53,44.545,10609
2018-04-05 12:10:00-04:00,44.55,44.575,44.53,44.575,10311
2018-04-05 12:15:00-04:00,44.575,44.575,44.52,44.52,9598
2018-04-05 12:20:00-04:00,44.53,44.535,44.49,44.49,2547
2018-04-05 12:25:00-04:00,44.49,44.495,44.475,44.49,2683
2018-04-05 12:30:00-04:00,44.5,44.5,44.45,44.45,4458
2018-04-05 12:35:00-04:00,44.455,44.455,44.42,44.455,3765
2018-04-05 12:40:00-04:00,44.46,44.46,44.44,44.45,3617
2018-04-05 12:45:00-04:00,44.435,44.47,44.42,44.47,3426
2018-04-05 12:50:00-04:00,44.455,44.47,44.45,44.455,2460
2018-04-05 12:55:00-04:00,44.455,44.5,44.455,44.475,3289
2018-04-05 13:00:00-04:00,44.475,44.525,44.475,44.5,5582
2018-04-05 13:05:00-04:00,44.5,44.5,44.48,44.49,7540
2018-04-05 13:10:00-04:00,44.495,44.495,44.445,44.47,6947
2018-04-05 13:15:00-04:00,44.475,44.475,44.42,44.445,6704
2018-04-05 13:20:00-04:00,44.42,44.42,44.37,44.41,9042
2018-04-05 13:25:00-04:00,44.4,44.43,44.4,44.42,7618
2018-04-05 13:30:00-04:00,44.4,44.41,44.365,44.38,2854
2018-04-05 13:35:00-04:00,44.4,44.41,44.375,44.39,10034
2018-04-05 13:40:00-04:00,44.35,44.35,44.3,44.31,6149
2018-04-05 13:45:00-04:00,44.31,44.355,44.31,44.345,5900
2018-04-05 13:50:00-04:00,44.345,44.385,44.335,44.38,9171
2018-04-05 13:55:00-04:00,44.355,44.355,44.33,44.34,6826
2018-04-05 14:00:00-04:00,44.34,44.385,44.315,44.36,7568
2018-04-05 14:05:00-04:00,44.34,44.34,44.28,44.295,9361
2018-04-05 14:10:00-04:00,44.295,44.345,44.295,44.315,9917
2018-04-05 14:15:00-04:00,44.315,44.345,44.305,44.34,13755
2018-04-05 14:20:00-04:00,44.345,44.37,44.33,44.335,8826
2018-04-05 14:25:00-04:00,44.32,44.37,44.32,44.36,5474
2018-04-05 14:30:00-04:00,44.36,44.415,44.36,44.41,3699
2018-04-05 14:35:00-04:00,44.42,44.425,44.405,44.41,5722
2018-04-05 14:40:00-04:00,44.41,44.48,44.405,44.48,8698
2018-04-05 14:45:00-04:00,44.48,44.51,44.46,44.46,5590
2018-04-05 14:50:00-04:00,44.465,44.49,44.445,44.49,5150
2018-04-05 14:55:00-04:00,44.48,44.5,44.455,44.455,9130
2018-04-05 15:00:00-04:00,44.46,44.465,44.41,44.435,5439
2018-04-05 15:05:00-04:00,44.445,44.52,44.44,44.52,4940
2018-04-05 15:10:00-04:00,44.52,44.565,44.52,44.555,7341
2018-04-05 15:15:00-04:00,44.545,44.545,44.5,44.535,9463
2018-04-05 15:20:00-04:00,44.54,44.54,44.49,44.51,6678
2018-04-05 15:25:00-04:00,44.52,44.525,44.49,44.505,6337
2018-04-05 15:30:00-04:00,44.5,44.52,44.42,44.42,16557
2018-04-05 15:35:00-04:00,44.43,44.44,44.385,44.405,13095
2018-04-05 15:40:00-04:00,44.4,44.48,44.4,44.45,18369
2018-04-05 15:45:00-04:00,44.46,44.51,44.46,44.5,24569
2018-04-05 15:50:00-04:00,44.505,44.53,44.45,44.5,27599
2018-04-05 15:55:00-04:00,44.5,44.5,44.39,44.41,61694
2018-04-06 09:30:00-04:00,44.24,44.44,44.2,44.405,7506
2018-04-06 09:35:00-04:00,44.405,44.43,44.35,44.37,4670
2018-04-06 09:40:00-04:00,44.36,44.44,44.35,44.395,5276
2018-04-06 09:45:00-04:00,44.39,44.45,44.37,44.45,4431
2018-04-06 09:50:00-04:00,44.44,44.46,44.35,44.35,5614
2018-04-06 09:55:00-04:00,44.355,44.415,44.34,44.4,4761
2018-04-06 10:00:00-04:00,44.41,44.515,44.41,44.48,5317
2018-04-06 10:05:00-04:00,44.47,44.49,44.44,44.45,7728
2018-04-06 10:10:00-04:00,44.45,44.475,44.42,44.43,3237
2018-04-06 10:15:00-04:00,44.445,44.46,44.39,44.43,6575
2018-04-06 10:20:00-04:00,44.44,44.49,44.44,44.465,3915
2018-04-06 10:25:00-04:00,44.435,44.455,44.43,44.445,1433
2018-04-06 10:30:00-04:00,44.43,44.44,44.37,44.38,3222
2018-04-06 10:35:00-04:00,44.375,44.375,44.33,44.345,2904
2018-04-06 10:40:00-04:00,44.35,44.35,44.31,44.35,3221
2018-04-06 10:45:00-04:00,44.36,44.36,44.27,44.31,3994
2018-04-06 10:50:00-04:00,44.32,44.37,44.31,44.31,2591
2018-04-06 10:55:00-04:00,44.325,44.395,44.32,44.36,3080
2018-04-06 11:00:00-04:00,44.36,44.36,44.3,44.33,8267
2018-04-06 11:05:00-04:00,44.31,44.32,44.275,44.295,5035
2018-04-06 11:10:00-04:00,44.29,44.325,44.24,44.26,5317
2018-04-06 11:15:00-04:00,44.24,44.255,44.19,44.23,5695
2018-04-06 11:20:00-04:00,44.23,44.23,44.145,44.15,6100
2018-04-06 11:25:00-04:00,44.16,44.21,44.16,44.18,5040
2018-04-06 11:30:00-04:00,44.215,44.225,44.2,44.21,2657
2018-04-06 11:35:00-04:00,44.21,44.21,44.17,44.21,7288
2018-04-06 11:40:00-04:00,44.2,44.22,44.175,44.18,4230
2018-04-06 11:45:00-04:00,44.18,44.195,44.16,44.16,2421
2018-04-06 11:50:00-04:00,44.16,44.2,44.16,44.185,3779
2018-04-06 11:55:00-04:00,44.19,44.23,44.175,44.175,1857
2018-04-06 12:00:00-04:00,44.175,44.175,44.13,44.13,7273
2018-04-06 12:05:00-04:00,44.125,44.185,44.105,44.145,3154
2018-04-06 12:10:00-04:00,44.14,44.175,44.12,44.145,9486
2018-04-06 12:15:00-04:00,44.14,44.155,44.09,44.09,2986
2018-04-06 12:20:00-04:00,44.08,44.11,44.08,44.09,2356
2018-04-06 12:25:00-04:00,44.08,44.09,44.05,44.075,1911
2018-04-06 12:30:00-04:00,44.065,44.125,44.05,44.105,1500
2018-04-06 12:35:00-04:00,44.135,44.16,44.13,44.155,2885
2018-04-06 12:40:00-04:00,44.155,44.235,44.155,44.211,1926
2018-04-06 12:45:00-04:00,44.205,44.23,44.18,44.225,1774
2018-04-06 12:50:00-04:00,44.225,44.285,44.2,44.285,2824
2018-04-06 12:55:00-04:00,44.29,44.31,44.28,44.295,2716
2018-04-06 13:00:00-04:00,44.295,44.295,44.24,44.275,6320
2018-04-06 13:05:00-04:00,44.275,44.275,44.21,44.22,6803
2018-04-06 13:10:00-04:00,44.19,44.2,44.14,44.18,3449
2018-04-06 13:15:00-04:00,44.19,44.2,44.16,44.19,4142
2018-04-06 13:20:00-04:00,44.18,44.21,44.155,44.155,1814
2018-04-06 13:25:00-04:00,44.16,44.24,44.16,44.23,2625
2018-04-06 13:30:00-04:00,44.225,44.26,44.2,44.2,4282
2018-04-06 13:35:00-04:00,44.19,44.22,44.16,44.16,1563
2018-04-06 13:40:00-04:00,44.16,44.17,44.12,44.16,4201
2018-04-06 13:45:00-04:00,44.15,44.15,44.045,44.045,8480
2018-04-06 13:50:00-04:00,44.06,44.06,44.0,44.01,5364
2018-04-06 13:55:00-04:00,44.015,44.015,43.95,43.95,1795
2018-04-06 14:00:00-04:00,43.955,44.01,43.93,43.98,6583
2018-04-06 14:05:00-04:00,43.985,43.985,43.92,43.945,5091
2018-04-06 14:10:00-04:00,43.96,44.0,43.955,43.98,7665
2018-04-06 14:15:00-04:00,43.96,43.985,43.93,43.94,6834
2018-04-06 14:20:00-04:00,43.96,44.0,43.95,43.955,4734
2018-04-06 14:25:00-04:00,43.95,43.95,43.885,43.885,6838
2018-04-06 14:30:00-04:00,43.88,43.95,43.86,43.865,9163
2018-04-06 14:35:00-04:00,43.89,43.9,43.785,43.81,5845
2018-04-06 14:40:00-04:00,43.81,43.915,43.8,43.85,9913
2018-04-06 14:45:00-04:00,43.85,43.87,43.81,43.81,5593
2018-04-06 14:50:00-04:00,43.84,43.84,43.74,43.82,8667
2018-04-06 14:55:00-04:00,43.82,43.83,43.735,43.79,14613
2018-04-06 15:00:00-04:00,43.8,43.85,43.73,43.74,10174
2018-04-06 15:05:00-04:00,43.73,43.8,43.72,43.79,11860
2018-04-06 15:10:00-04:00,43.79,43.84,43.745,43.84,11861
2018-04-06 15:15:00-04:00,43.84,43.85,43.78,43.785,15674
2018-04-06 15:20:00-04:00,43.8,43.81,43.75,43.75,13797
2018-04-06 15:25:00-04:00,43.77,43.8,43.72,43.73,13046
2018-04-06 15:30:00-04:00,43.73,43.805,43.71,43.8,21039
2018-04-06 15:35:00-04:00,43.8,43.89,43.79,43.87,20246
2018-04-06 15:40:00-04:00,43.86,43.91,43.84,43.84,27493
2018-04-06 15:45:00-04:00,43.84,43.885,43.81,43.83,43966
2018-04-06 15:50:00-04:00,43.835,44.02,43.835,43.99,52023
2018-04-06 15:55:00-04:00,43.98,43.985,43.9,43.91,76908
2018-04-09 09:30:00-04:00,43.95,44.06,43.89,44.03,7600
2018-04-09 09:35:00-04:00,44.04,44.04,43.93,43.93,7730
2018-04-09 09:40:00-04:00,43.88,43.95,43.87,43.91,5078
2018-04-09 09:45:00-04:00,43.935,43.935,43.79,43.83,5935
2018-04-09 09:50:00-04:00,43.81,43.985,43.795,43.98,12410
2018-04-09 09:55:00-04:00,43.975,44.06,43.94,44.06,13159
2018-04-09 10:00:00-04:00,44.065,44.075,43.965,43.965,8834
2018-04-09 10:05:00-04:00,43.955,43.955,43.9,43.905,8320
2018-04-09 10:10:00-04:00,43.905,43.92,43.83,43.835,14122
2018-04-09 10:15:00-04:00,43.84,43.95,43.84,43.92,14304
2018-04-09 10:20:00-04:00,43.93,43.94,43.925,43.935,5098
2018-04-09 10:25:00-04:00,43.935,43.94,43.925,43.94,8085
2018-04-09 10:30:00-04:00,43.94,44.03,43.935,44.015,8757
2018-04-09 10:35:00-04:00,44.015,44.015,43.965,44.0,4620
2018-04-09 10:40:00-04:00,44.0,44.0,43.97,44.0,1833
2018-04-09 10:45:00-04:00,43.99,43.99,43.92,43.95,6068
2018-04-09 10:50:00-04:00,43.96,43.98,43.94,43.98,6675
2018-04-09 10:55:00-04:00,43.97,43.97,43.925,43.925,4670
2018-04-09 11:00:00-04:00,43.94,43.97,43.9,43.97,6956
2018-04-09 11:05:00-04:00,43.98,44.04,43.98,44.02,3432
2018-04-09 11:10:00-04:00,44.035,44.06,44.021,44.025,3890
2018-04-09 11:15:00-04:00,44.03,44.05,44.0,44.05,5016
2018-04-09 11:20:00-04:00,44.07,44.09,44.05,44.075,3753
2018-04-09 11:25:00-04:00,44.075,44.125,44.065,44.115,8347
2018-04-09 11:30:00-04:00,44.12,44.15,44.085,44.15,5084
2018-04-09 11:35:00-04:00,44.13,44.14,44.105,44.11,4455
2018-04-09 11:40:00-04:00,44.115,44.115,44.075,44.1,2800
2018-04-09 11:45:00-04:00,44.105,44.13,44.08,44.11,4203
2018-04-09 11:50:00-04:00,44.11,44.11,44.06,44.07,3974
2018-04-09 11:55:00-04:00,44.08,44.09,44.05,44.075,7165
2018-04-09 12:00:00-04:00,44.08,44.1,44.04,44.045,5889
2018-04-09 12:05:00-04:00,44.055,44.12,44.05,44.09,4444
2018-04-09 12:10:00-04:00,44.09,44.12,44.07,44.11,5940
2018-04-09 12:15:00-04:00,44.11,44.11,44.08,44.085,3075
2018-04-09 12:20:00-04:00,44.08,44.095,44.06,44.075,7344
2018-04-09 12:25:00-04:00,44.075,44.085,44.07,44.07,4380
2018-04-09 12:30:00-04:00,44.075,44.11,44.075,44.095,6778
2018-04-09 12:35:00-04:00,44.1,44.13,44.075,44.075,4817
2018-04-09 12:40:00-04:00,44.08,44.08,44.05,44.06,3689
2018-04-09 12:45:00-04:00,44.07,44.13,44.065,44.115,7182
2018-04-09 12:50:00-04:00,44.12,44.14,44.12,44.125,4100
2018-04-09 12:55:00-04:00,44.12,44.13,44.1,44.12,4900
2018-04-09 13:00:00-04:00,44.12,44.15,44.11,44.11,5196
2018-04-09 13:05:00-04:00,44.11,44.155,44.11,44.14,7500
2018-04-09 13:10:00-04:00,44.14,44.19,44.13,44.16,4063
2018-04-09 13:15:00-04:00,44.16,44.18,44.13,44.15,5481
2018-04-09 13:20:00-04:00,44.145,44.15,44.12,44.14,4303
2018-04-09 13:25:00-04:00,44.15,44.185,44.135,44.18,3214
2018-04-09 13:30:00-04:00,44.18,44.2,44.17,44.175,7692
2018-04-09 13:35:00-04:00,44.175,44.19,44.16,44.19,4691
2018-04-09 13:40:00-04:00,44.19,44.22,44.185,44.195,5385
2018-04-09 13:45:00-04:00,44.2,44.22,44.2,44.21,2735
2018-04-09 13:50:00-04:00,44.21,44.26,44.2,44.25,3493
2018-04-09 13:55:00-04:00,44.24,44.25,44.23,44.24,4106
2018-04-09 14:00:00-04:00,44.24,44.24,44.2,44.21,5210
2018-04-09 14:05:00-04:00,44.2,44.22,44.175,44.22,7939
2018-04-09 14:10:00-04:00,44.21,44.215,44.185,44.185,8088
2018-04-09 14:15:00-04:00,44.18,44.2,44.18,44.2,9660
2018-04-09 14:20:00-04:00,44.2,44.2,44.16,44.2,9582
2018-04-09 14:25:00-04:00,44.19,44.19,44.15,44.18,6089
2018-04-09 14:30:00-04:00,44.18,44.2,44.155,44.18,6826
2018-04-09 14:35:00-04:00,44.18,44.19,44.13,44.19,7084
2018-04-09 14:40:00-04:00,44.2,44.2,44.16,44.18,8479
2018-04-09 14:45:00-04:00,44.175,44.23,44.17,44.23,8337
2018-04-09 14:50:00-04:00,44.23,44.25,44.22,44.24,5300
2018-04-09 14:55:00-04:00,44.25,44.25,44.23,44.245,9406
2018-04-09 15:00:00-04:00,44.245,44.29,44.24,44.29,14541
2018-04-09 15:05:00-04:00,44.29,44.31,44.285,44.31,17204
2018-04-09 15:10:00-04:00,44.305,44.305,44.27,44.28,13960
2018-04-09 15:15:00-04:00,44.275,44.275,44.22,44.23,14956
2018-04-09 15:20:00-04:00,44.22,44.225,44.17,44.195,14305
2018-04-09 15:25:00-04:00,44.2,44.22,44.19,44.215,12267
2018-04-09 15:30:00-04:00,44.215,44.235,44.15,44.16,12396
2018-04-09 15:35:00-04:00,44.16,44.18,44.135,44.14,13728
2018-04-09 15:40:00-04:00,44.14,44.14,44.05,44.115,16963
2018-04-09 15:45:00-04:00,44.1,44.12,43.99,43.99,21182
2018-04-09 15:50:00-04:00,43.99,44.01,43.95,43.95,23590
2018-04-09 15:55:00-04:00,43.95,43.96,43.785,43.85,65389
2018-04-10 09:30:00-04:00,44.02,44.14,44.02,44.06,12807
2018-04-10 09:35:00-04:00,44.075,44.15,44.04,44.085,12295
2018-04-10 09:40:00-04:00,44.1,44.14,44.04,44.05,11671
2018-04-10 09:45:00-04:00,44.05,44.15,44.05,44.135,5696
2018-04-10 09:50:00-04:00,44.1,44.14,44.05,44.055,16772
2018-04-10 09:55:00-04:00,44.05,44.06,43.98,43.99,9290
2018-04-10 10:00:00-04:00,43.995,44.015,43.94,44.01,10315
2018-04-10 10:05:00-04:00,43.99,44.045,43.96,44.04,8080
2018-04-10 10:10:00-04:00,44.04,44.18,44.035,44.14,16361
2018-04-10 10:15:00-04:00,44.12,44.14,44.07,44.07,50224
2018-04-10 10:20:00-04:00,44.08,44.1,44.045,44.095,26884
2018-04-10 10:25:00-04:00,44.105,44.115,44.09,44.1,31742
2018-04-10 10:30:00-04:00,44.1,44.15,44.095,44.14,12333
2018-04-10 10:35:00-04:00,44.14,44.15,44.06,44.07,7771
2018-04-10 10:40:00-04:00,44.075,44.11,44.07,44.08,22284
2018-04-10 10:45:00-04:00,44.07,44.09,44.07,44.075,6359
2018-04-10 10:50:00-04:00,44.07,44.09,44.06,44.08,4319
2018-04-10 10:55:00-04:00,44.08,44.09,44.06,44.085,7706
2018-04-10 11:00:00-04:00,44.08,44.12,44.075,44.11,8376
2018-04-10 11:05:00-04:00,44.11,44.11,44.08,44.08,7933
2018-04-10 11:10:00-04:00,44.08,44.08,44.03,44.04,3462
2018-04-10 11:15:00-04:00,44.05,44.05,44.02,44.03,2590
2018-04-10 11:20:00-04:00,44.02,44.03,44.0,44.02,3264
2018-04-10 11:25:00-04:00,44.02,44.03,44.005,44.02,7055
2018-04-10 11:30:00-04:00,44.01,44.045,44.0,44.035,5203
2018-04-10 11:35:00-04:00,44.04,44.05,44.015,44.04,7782
2018-04-10 11:40:00-04:00,44.04,44.05,43.98,43.98,9375
2018-04-10 11:45:00-04:00,43.96,43.975,43.895,43.97,15705
2018-04-10 11:50:00-04:00,43.96,43.995,43.95,43.98,3136
2018-04-10 11:55:00-04:00,44.0,44.03,44.0,44.03,2343
2018-04-10 12:00:00-04:00,44.04,44.05,44.0,44.0,2784
2018-04-10 12:05:00-04:00,44.01,44.01,43.95,43.97,3035
2018-04-10 12:10:00-04:00,43.99,43.99,43.94,43.955,4084
2018-04-10 12:15:00-04:00,43.955,43.96,43.93,43.955,4563
2018-04-10 12:20:00-04:00,43.955,43.97,43.92,43.92,3613
2018-04-10 12:25:00-04:00,43.92,43.92,43.73,43.81,11598
2018-04-10 12:30:00-04:00,43.84,43.94,43.84,43.93,3401
2018-04-10 12:35:00-04:00,43.92,43.955,43.92,43.94,4275
2018-04-10 12:40:00-04:00,43.945,43.96,43.915,43.915,8139
2018-04-10 12:45:00-04:00,43.915,43.97,43.9,43.97,4690
2018-04-10 12:50:00-04:00,43.96,43.96,43.925,43.945,5877
2018-04-10 12:55:00-04:00,43.94,43.96,43.91,43.915,3758
2018-04-10 13:00:00-04:00,43.92,43.925,43.87,43.9,4681
2018-04-10 13:05:00-04:00,43.89,43.89,43.86,43.86,2755
2018-04-10 13:10:00-04:00,43.865,43.925,43.865,43.915,2846
2018-04-10 13:15:00-04:00,43.9,43.9,43.86,43.87,4739
2018-04-10 13:20:00-04:00,43.87,43.94,43.87,43.94,3845
2018-04-10 13:25:00-04:00,43.93,43.935,43.9,43.91,2324
2018-04-10 13:30:00-04:00,43.91,43.95,43.87,43.94,3515
2018-04-10 13:35:00-04:00,43.93,43.935,43.91,43.915,3002
2018-04-10 13:40:00-04:00,43.91,43.91,43.83,43.83,2934
2018-04-10 13:45:00-04:00,43.83,43.83,43.72,43.73,4336
2018-04-10 13:50:00-04:00,43.74,43.825,43.74,43.81,2939
2018-04-10 13:55:00-04:00,43.82,43.875,43.82,43.875,5003
2018-04-10 14:00:00-04:00,43.88,43.91,43.85,43.91,5663
2018-04-10 14:05:00-04:00,43.89,43.96,43.89,43.925,3788
2018-04-10 14:10:00-04:00,43.93,43.96,43.9,43.9,3814
2018-04-10 14:15:00-04:00,43.905,43.95,43.9,43.9,3774
2018-04-10 14:20:00-04:00,43.895,43.905,43.875,43.885,3528
2018-04-10 14:25:00-04:00,43.89,43.895,43.845,43.855,4309
2018-04-10 14:30:00-04:00,43.86,43.89,43.85,43.88,5147
2018-04-10 14:35:00-04:00,43.875,43.88,43.8,43.84,6649
2018-04-10 14:40:00-04:00,43.83,43.83,43.75,43.82,4603
2018-04-10 14:45:00-04:00,43.81,43.89,43.81,43.825,7820
2018-04-10 14:50:00-04:00,43.83,43.895,43.825,43.89,5048
2018-04-10 14:55:00-04:00,43.87,43.92,43.86,43.915,58130
2018-04-10 15:00:00-04:00,43.92,43.925,43.89,43.895,4400
2018-04-10 15:05:00-04:00,43.89,43.97,43.89,43.96,5232
2018-04-10 15:10:00-04:00,43.97,43.975,43.92,43.965,6260
2018-04-10 15:15:00-04:00,43.96,44.04,43.94,44.02,17144
2018-04-10 15:20:00-04:00,44.01,44.02,43.94,43.955,8974
2018-04-10 15:25:00-04:00,43.95,43.99,43.92,43.99,6746
2018-04-10 15:30:00-04:00,43.99,43.99,43.94,43.955,6714
2018-04-10 15:35:00-04:00,43.96,44.0,43.96,43.99,12794
2018-04-10 15:40:00-04:00,44.0,44.0,43.95,43.96,12091
2018-04-10 15:45:00-04:00,43.96,44.01,43.96,43.98,28423
2018-04-10 15:50:00-04:00,43.98,44.01,43.96,43.99,23786
2018-04-10 15:55:00-04:00,44.0,44.0,43.945,43.98,47741
2018-04-11 13:40:00-04:00,43.985,44.0,43.95,43.965,3333
2018-04-11 13:45:00-04:00,43.945,43.99,43.93,43.985,2182
2018-04-11 13:50:00-04:00,43.985,44.005,43.98,43.99,2405
2018-04-11 13:55:00-04:00,43.995,44.02,43.985,43.995,5860
2018-04-11 14:00:00-04:00,44.0,44.025,43.96,43.99,4939
2018-04-11 14:05:00-04:00,44.0,44.01,43.87,43.87,3697
2018-04-11 14:10:00-04:00,43.89,43.935,43.89,43.92,4228
2018-04-11 14:15:00-04:00,43.915,43.985,43.91,43.985,3533
2018-04-11 14:20:00-04:00,44.0,44.01,43.985,44.005,4102
2018-04-11 14:25:00-04:00,44.005,44.025,44.0,44.0,6654
2018-04-11 14:30:00-04:00,44.0,44.07,44.0,44.045,3608
2018-04-11 14:35:00-04:00,44.035,44.04,44.0,44.025,4427
2018-04-11 14:40:00-04:00,44.02,44.05,44.0,44.005,5406
2018-04-11 14:45:00-04:00,44.0,44.035,43.99,44.035,7730
2018-04-11 14:50:00-04:00,44.03,44.065,44.03,44.065,9705
2018-04-11 14:55:00-04:00,44.07,44.075,44.045,44.06,5701
2018-04-11 15:00:00-04:00,44.06,44.075,44.045,44.05,4090
2018-04-11 15:05:00-04:00,44.06,44.07,43.97,43.97,8058
2018-04-11 15:10:00-04:00,43.995,44.0,43.97,43.975,8709
2018-04-11 15:15:00-04:00,43.965,44.0,43.925,44.0,6952
2018-04-11 15:20:00-04:00,43.995,43.995,43.96,43.98,5727
2018-04-11 15:25:00-04:00,43.98,43.995,43.96,43.99,9862
2018-04-11 15:30:00-04:00,43.99,44.03,43.98,44.025,7451
2018-04-11 15:35:00-04:00,44.025,44.035,44.01,44.015,9217
2018-04-11 15:40:00-04:00,44.01,44.03,44.0,44.01,24614
2018-04-11 15:45:00-04:00,44.01,44.02,43.985,43.985,17082
2018-04-11 15:50:00-04:00,43.97,44.0,43.96,43.995,15050
2018-04-11 15:55:00-04:00,43.99,44.02,43.96,43.965,53798
2018-04-12 09:30:00-04:00,44.11,44.18,44.11,44.16,5421
2018-04-12 09:35:00-04:00,44.17,44.17,44.05,44.07,3687
2018-04-12 09:40:00-04:00,44.05,44.17,44.05,44.17,2100
2018-04-12 09:45:00-04:00,44.15,44.175,44.135,44.17,6810
2018-04-12 09:50:00-04:00,44.18,44.31,44.18,44.3,14824
2018-04-12 09:55:00-04:00,44.31,44.34,44.31,44.33,9852
2018-04-12 10:00:00-04:00,44.35,44.36,44.32,44.335,14006
2018-04-12 10:05:00-04:00,44.345,44.4,44.335,44.4,19334
2018-04-12 10:10:00-04:00,44.39,44.39,44.29,44.295,15345
2018-04-12 10:15:00-04:00,44.295,44.32,44.26,44.32,6708
2018-04-12 10:20:00-04:00,44.32,44.335,44.295,44.295,3473
2018-04-12 10:25:00-04:00,44.29,44.32,44.29,44.3,5449
2018-04-12 10:30:00-04:00,44.29,44.29,44.25,44.27,4938
2018-04-12 10:35:00-04:00,44.28,44.285,44.23,44.23,5216
2018-04-12 10:40:00-04:00,44.24,44.25,44.17,44.19,8484
2018-04-12 10:45:00-04:00,44.18,44.23,44.17,44.225,5419
2018-04-12 10:50:00-04:00,44.225,44.24,44.22,44.24,7148
2018-04-12 10:55:00-04:00,44.25,44.255,44.19,44.195,5379
2018-04-12 11:00:00-04:00,44.19,44.21,44.185,44.21,4748
2018-04-12 11:05:00-04:00,44.215,44.215,44.18,44.21,8023
2018-04-12 11:10:00-04:00,44.205,44.21,44.2,44.205,3929
2018-04-12 11:15:00-04:00,44.205,44.22,44.19,44.22,6808
2018-04-12 11:20:00-04:00,44.215,44.24,44.21,44.24,12515
2018-04-12 11:25:00-04:00,44.245,44.25,44.205,44.205,10913
2018-04-12 11:30:00-04:00,44.21,44.225,44.19,44.19,7897
2018-04-12 11:35:00-04:00,44.19,44.195,44.17,44.18,4080
2018-04-12 11:40:00-04:00,44.18,44.185,44.17,44.17,7881
2018-04-12 11:45:00-04:00,44.165,44.175,44.11,44.11,11517
2018-04-12 11:50:00-04:00,44.12,44.13,44.09,44.095,6395
2018-04-12 11:55:00-04:00,44.095,44.13,44.095,44.13,4062
2018-04-12 12:00:00-04:00,44.135,44.15,44.13,44.15,4575
2018-04-12 12:05:00-04:00,44.16,44.17,44.14,44.145,4876
2018-04-12 12:10:00-04:00,44.15,44.175,44.15,44.165,4016
2018-04-12 12:15:00-04:00,44.16,44.185,44.135,44.185,4433
2018-04-12 12:20:00-04:00,44.185,44.19,44.17,44.17,2978
2018-04-12 12:25:00-04:00,44.175,44.185,44.175,44.18,2648
2018-04-12 12:30:00-04:00,44.185,44.19,44.17,44.19,4400
2018-04-12 12:35:00-04:00,44.19,44.195,44.17,44.17,4212
2018-04-12 12:40:00-04:00,44.175,44.18,44.16,44.16,5102
2018-04-12 12:45:00-04:00,44.18,44.21,44.18,44.2,5362
2018-04-12 12:50:00-04:00,44.21,44.23,44.19,44.195,7788
2018-04-12 12:55:00-04:00,44.205,44.21,44.195,44.195,4037
2018-04-12 13:00:00-04:00,44.2,44.21,44.19,44.195,4290
2018-04-12 13:05:00-04:00,44.19,44.2,44.13,44.14,16915
2018-04-12 13:10:00-04:00,44.14,44.155,44.1,44.155,3306
2018-04-12 13:15:00-04:00,44.135,44.15,44.11,44.145,3985
2018-04-12 13:20:00-04:00,44.14,44.14,44.11,44.11,5035
2018-04-12 13:25:00-04:00,44.12,44.12,44.02,44.03,3795
2018-04-12 13:30:00-04:00,44.015,44.06,44.01,44.05,3097
2018-04-12 13:35:00-04:00,44.05,44.095,44.04,44.095,4052
2018-04-12 13:40:00-04:00,44.09,44.12,44.09,44.115,3266
2018-04-12 13:45:00-04:00,44.11,44.125,44.09,44.09,7239
2018-04-12 13:50:00-04:00,44.07,44.105,44.06,44.1,6190
2018-04-12 13:55:00-04:00,44.1,44.105,44.04,44.07,6045
2018-04-12 14:00:00-04:00,44.06,44.09,44.06,44.09,1955
2018-04-12 14:05:00-04:00,44.095,44.105,44.08,44.08,5269
2018-04-12 14:10:00-04:00,44.09,44.09,44.07,44.07,3898
2018-04-12 14:15:00-04:00,44.08,44.08,44.05,44.05,5756
2018-04-12 14:20:00-04:00,44.06,44.06,44.035,44.05,6063
2018-04-12 14:25:00-04:00,44.06,44.065,44.05,44.05,2801
2018-04-12 14:30:00-04:00,44.07,44.075,44.05,44.05,32114
2018-04-12 14:35:00-04:00,44.06,44.065,44.025,44.04,4460
2018-04-12 14:40:00-04:00,44.035,44.045,44.02,44.02,3395
2018-04-12 14:45:00-04:00,44.02,44.04,43.97,43.99,13760
2018-04-12 14:50:00-04:00,43.995,44.025,43.99,44.02,2565
2018-04-12 14:55:00-04:00,44.02,44.04,44.0,44.035,5233
2018-04-12 15:00:00-04:00,44.03,44.045,44.02,44.02,9666
2018-04-12 15:05:00-04:00,44.01,44.01,43.95,43.95,4420
2018-04-12 15:10:00-04:00,43.95,43.99,43.95,43.99,8992
2018-04-12 15:15:00-04:00,43.98,44.03,43.98,44.03,4953
2018-04-12 15:20:00-04:00,44.02,44.075,44.015,44.05,12521
2018-04-12 15:25:00-04:00,44.05,44.09,44.05,44.09,8482
2018-04-12 15:30:00-04:00,44.08,44.085,44.05,44.075,11971
2018-04-12 15:35:00-04:00,44.075,44.1,44.07,44.1,19554
2018-04-12 15:40:00-04:00,44.1,44.135,44.08,44.13,20127
2018-04-12 15:45:00-04:00,44.12,44.125,44.02,44.04,24791
2018-04-12 15:50:00-04:00,44.05,44.055,44.02,44.035,17149
2018-04-12 15:55:00-04:00,44.04,44.06,44.01,44.02,71443
2018-04-16 09:30:00-04:00,44.61,44.79,44.59,44.68,10044
2018-04-16 09:35:00-04:00,44.67,44.67,44.53,44.53,5612
2018-04-16 09:40:00-04:00,44.53,44.61,44.51,44.585,8892
2018-04-16 09:45:00-04:00,44.58,44.59,44.535,44.56,10536
2018-04-16 09:50:00-04:00,44.555,44.56,44.49,44.54,14595
2018-04-16 09:55:00-04:00,44.545,44.62,44.545,44.55,9430
2018-04-16 10:00:00-04:00,44.56,44.58,44.52,44.52,14406
2018-04-16 10:05:00-04:00,44.52,44.535,44.47,44.49,6695
2018-04-16 10:10:00-04:00,44.49,44.54,44.48,44.505,15066
2018-04-16 10:15:00-04:00,44.51,44.55,44.47,44.48,9873
2018-04-16 10:20:00-04:00,44.48,44.48,44.43,44.435,6296
2018-04-16 10:25:00-04:00,44.43,44.48,44.4,44.4,5427
2018-04-16 10:30:00-04:00,44.41,44.48,44.41,44.475,5802
2018-04-16 10:35:00-04:00,44.47,44.48,44.46,44.46,5440
2018-04-16 10:40:00-04:00,44.47,44.49,44.46,44.46,8910
2018-04-16 10:45:00-04:00,44.46,44.465,44.41,44.415,12568
2018-04-16 10:50:00-04:00,44.42,44.47,44.42,44.47,11976
2018-04-16 10:55:00-04:00,44.475,44.5,44.46,44.475,7791
2018-04-16 11:00:00-04:00,44.48,44.535,44.48,44.53,6187
2018-04-16 11:05:00-04:00,44.535,44.535,44.51,44.53,10309
2018-04-16 11:10:00-04:00,44.54,44.6,44.53,44.59,9915
2018-04-16 11:15:00-04:00,44.59,44.59,44.57,44.57,12825
2018-04-16 11:20:00-04:00,44.57,44.6,44.57,44.595,8883
2018-04-16 11:25:00-04:00,44.6,44.605,44.57,44.58,6908
2018-04-16 11:30:00-04:00,44.58,44.61,44.56,44.595,4891
2018-04-16 11:35:00-04:00,44.59,44.61,44.585,44.605,4746
2018-04-16 11:40:00-04:00,44.61,44.64,44.61,44.63,3209
2018-04-16 11:45:00-04:00,44.6,44.64,44.6,44.62,3613
2018-04-16 11:50:00-04:00,44.62,44.63,44.59,44.6,11425
2018-04-16 11:55:00-04:00,44.61,44.67,44.61,44.67,4860
2018-04-16 12:00:00-04:00,44.67,44.7,44.67,44.675,5173
2018-04-16 12:05:00-04:00,44.695,44.73,44.68,44.73,6183
2018-04-16 12:10:00-04:00,44.73,44.775,44.73,44.77,5445
2018-04-16 12:15:00-04:00,44.76,44.76,44.72,44.72,3550
2018-04-16 12:20:00-04:00,44.72,44.73,44.7,44.7,2504
2018-04-16 12:25:00-04:00,44.7,44.72,44.69,44.69,5484
2018-04-16 12:30:00-04:00,44.685,44.7,44.67,44.7,17235
2018-04-16 12:35:00-04:00,44.69,44.69,44.67,44.68,3468
2018-04-16 12:40:00-04:00,44.67,44.69,44.665,44.67,5079
2018-04-16 12:45:00-04:00,44.67,44.745,44.665,44.74,4926
2018-04-16 12:50:00-04:00,44.73,44.79,44.73,44.79,3824
2018-04-16 12:55:00-04:00,44.785,44.79,44.77,44.77,3534
2018-04-16 13:00:00-04:00,44.78,44.85,44.78,44.85,3320
2018-04-16 13:05:00-04:00,44.84,44.88,44.84,44.88,8699
2018-04-16 13:10:00-04:00,44.88,44.88,44.83,44.83,3506
2018-04-16 13:15:00-04:00,44.835,44.86,44.835,44.84,4642
2018-04-16 13:20:00-04:00,44.85,44.85,44.825,44.83,4877
2018-04-16 13:25:00-04:00,44.83,44.84,44.81,44.82,5334
2018-04-16 13:30:00-04:00,44.83,44.84,44.79,44.79,3315
2018-04-16 13:35:00-04:00,44.81,44.825,44.8,44.82,4840
2018-04-16 13:40:00-04:00,44.81,44.81,44.79,44.79,5363
2018-04-16 13:45:00-04:00,44.785,44.805,44.78,44.78,3955
2018-04-16 13:50:00-04:00,44.78,44.78,44.75,44.77,6457
2018-04-16 13:55:00-04:00,44.78,44.78,44.77,44.77,2821
2018-04-16 14:00:00-04:00,44.76,44.77,44.73,44.73,14854
2018-04-16 14:05:00-04:00,44.735,44.75,44.71,44.72,8867
2018-04-16 14:10:00-04:00,44.72,44.73,44.71,44.72,6350
2018-04-16 14:15:00-04:00,44.72,44.73,44.715,44.73,5554
2018-04-16 14:20:00-04:00,44.72,44.73,44.72,44.72,4402
2018-04-16 14:25:00-04:00,44.72,44.73,44.68,44.72,7556
2018-04-16 14:30:00-04:00,44.72,44.74,44.71,44.73,5332
2018-04-16 14:35:00-04:00,44.74,44.76,44.74,44.745,5084
2018-04-16 14:40:00-04:00,44.755,44.76,44.73,44.73,3832
2018-04-16 14:45:00-04:00,44.73,44.75,44.72,44.75,7725
2018-04-16 14:50:00-04:00,44.75,44.76,44.73,44.73,7245
2018-04-16 14:55:00-04:00,44.72,44.725,44.7,44.705,5327
2018-04-16 15:00:00-04:00,44.7,44.71,44.675,44.69,6020
2018-04-16 15:05:00-04:00,44.69,44.71,44.67,44.7,12834
2018-04-16 15:10:00-04:00,44.7,44.73,44.69,44.69,12804
2018-04-16 15:15:00-04:00,44.69,44.7,44.65,44.67,9895
2018-04-16 15:20:00-04:00,44.67,44.67,44.63,44.66,6591
2018-04-16 15:25:00-04:00,44.65,44.7,44.65,44.69,13029
2018-04-16 15:30:00-04:00,44.68,44.69,44.66,44.685,15408
2018-04-16 15:35:00-04:00,44.69,44.7,44.66,44.7,9062
2018-04-16 15:40:00-04:00,44.695,44.77,44.695,44.77,12736
2018-04-16 15:45:00-04:00,44.76,44.76,44.67,44.69,20637
2018-04-16 15:50:00-04:00,44.7,44.71,44.68,44.685,17314
2018-04-16 15:55:00-04:00,44.68,44.71,44.66,44.68,50916
2018-04-17 11:25:00-04:00,44.84,44.845,44.815,44.815,8916
2018-04-17 11:30:00-04:00,44.82,44.835,44.805,44.83,9966
2018-04-17 11:35:00-04:00,44.83,44.84,44.81,44.815,14784
2018-04-17 11:40:00-04:00,44.815,44.86,44.815,44.84,6366
2018-04-17 11:45:00-04:00,44.82,44.84,44.81,44.84,4819
2018-04-17 11:50:00-04:00,44.84,44.84,44.79,44.82,4000
2018-04-17 11:55:00-04:00,44.815,44.825,44.76,44.81,13338
2018-04-17 12:00:00-04:00,44.81,44.81,44.78,44.8,6965
2018-04-17 12:05:00-04:00,44.795,44.8,44.765,44.785,5318
2018-04-17 12:10:00-04:00,44.785,44.785,44.76,44.77,5592
2018-04-17 12:15:00-04:00,44.77,44.8,44.76,44.79,3450
2018-04-17 12:20:00-04:00,44.78,44.78,44.75,44.75,2672
2018-04-17 12:25:00-04:00,44.75,44.79,44.75,44.775,5969
2018-04-17 12:30:00-04:00,44.78,44.8,44.775,44.8,6289
2018-04-17 12:35:00-04:00,44.79,44.8,44.775,44.79,3903
2018-04-17 12:40:00-04:00,44.79,44.79,44.78,44.785,1513
2018-04-17 12:45:00-04:00,44.785,44.81,44.78,44.81,3210
2018-04-17 12:50:00-04:00,44.8,44.855,44.8,44.845,5416
2018-04-17 12:55:00-04:00,44.845,44.85,44.84,44.845,3897
2018-04-17 13:00:00-04:00,44.85,44.89,44.84,44.885,10532
2018-04-17 13:05:00-04:00,44.885,44.89,44.88,44.89,10084
2018-04-17 13:10:00-04:00,44.89,44.9,44.88,44.9,3985
2018-04-17 13:15:00-04:00,44.89,44.9,44.86,44.89,14585
2018-04-17 13:20:00-04:00,44.895,44.9,44.89,44.9,3406
2018-04-17 13:25:00-04:00,44.895,44.9,44.89,44.895,4935
2018-04-17 13:30:00-04:00,44.9,44.92,44.9,44.915,2161
2018-04-17 13:35:00-04:00,44.91,44.91,44.85,44.86,4601
2018-04-17 13:40:00-04:00,44.85,44.88,44.85,44.86,4310
2018-04-17 13:45:00-04:00,44.85,44.86,44.82,44.82,2542
2018-04-17 13:50:00-04:00,44.795,44.82,44.79,44.82,4112
2018-04-17 13:55:00-04:00,44.81,44.82,44.8,44.82,2128
2018-04-17 14:00:00-04:00,44.82,44.88,44.82,44.845,3061
2018-04-17 14:05:00-04:00,44.85,44.85,44.83,44.83,3122
2018-04-17 14:10:00-04:00,44.83,44.83,44.795,44.81,3534
2018-04-17 14:15:00-04:00,44.81,44.83,44.81,44.82,3003
2018-04-17 14:20:00-04:00,44.82,44.83,44.8,44.83,4342
2018-04-17 14:25:00-04:00,44.82,44.87,44.8,44.87,4414
2018-04-17 14:30:00-04:00,44.87,44.91,44.87,44.9,3020
2018-04-17 14:35:00-04:00,44.9,44.91,44.895,44.91,2504
2018-04-17 14:40:00-04:00,44.91,44.92,44.9,44.91,3892
2018-04-17 14:45:00-04:00,44.91,44.92,44.89,44.91,8501
2018-04-17 14:50:00-04:00,44.92,44.93,44.895,44.895,5124
2018-04-17 14:55:00-04:00,44.895,44.9,44.87,44.87,10496
2018-04-17 15:00:00-04:00,44.85,44.865,44.85,44.85,7748
2018-04-17 15:05:00-04:00,44.86,44.955,44.86,44.95,11932
2018-04-17 15:10:00-04:00,44.95,44.96,44.94,44.96,4201
2018-04-17 15:15:00-04:00,44.95,44.975,44.94,44.97,7200
2018-04-17 15:20:00-04:00,44.96,44.99,44.96,44.97,7833
2018-04-17 15:25:00-04:00,44.97,44.97,44.95,44.96,7081
2018-04-17 15:30:00-04:00,44.96,44.97,44.94,44.94,10287
2018-04-17 15:35:00-04:00,44.93,44.97,44.91,44.91,9286
2018-04-17 15:40:00-04:00,44.91,44.92,44.89,44.92,13649
2018-04-17 15:45:00-04:00,44.91,44.91,44.88,44.89,11209
2018-04-17 15:50:00-04:00,44.9,44.94,44.87,44.91,31740
2018-04-17 15:55:00-04:00,44.91,44.94,44.89,44.895,42754
2018-04-18 09:30:00-04:00,44.86,44.86,44.76,44.85,6342
2018-04-18 09:35:00-04:00,44.85,44.86,44.78,44.81,3858
2018-04-18 09:40:00-04:00,44.84,44.96,44.84,44.95,8297
2018-04-18 09:45:00-04:00,44.945,44.945,44.82,44.86,3710
2018-04-18 09:50:00-04:00,44.86,44.875,44.825,44.86,11788
2018-04-18 09:55:00-04:00,44.85,44.85,44.75,44.76,8634
2018-04-18 10:00:00-04:00,44.76,44.785,44.73,44.76,7626
2018-04-18 10:05:00-04:00,44.76,44.8,44.74,44.77,6344
2018-04-18 10:10:00-04:00,44.76,44.79,44.76,44.76,4749
2018-04-18 10:15:00-04:00,44.77,44.79,44.76,44.77,5656
2018-04-18 10:20:00-04:00,44.77,44.78,44.74,44.78,3793
2018-04-18 10:25:00-04:00,44.77,44.79,44.74,44.74,7855
2018-04-18 10:30:00-04:00,44.72,44.76,44.71,44.755,4643
2018-04-18 10:35:00-04:00,44.75,44.77,44.71,44.71,6667
2018-04-18 10:40:00-04:00,44.71,44.78,44.7,44.77,3733
2018-04-18 10:45:00-04:00,44.77,44.78,44.755,44.77,5825
2018-04-18 10:50:00-04:00,44.77,44.77,44.74,44.74,1610
2018-04-18 10:55:00-04:00,44.73,44.74,44.71,44.71,2500
2018-04-18 11:00:00-04:00,44.71,44.71,44.69,44.71,8254
2018-04-18 11:05:00-04:00,44.69,44.715,44.68,44.69,4879
2018-04-18 11:10:00-04:00,44.695,44.695,44.65,44.65,3050
2018-04-18 11:15:00-04:00,44.65,44.67,44.65,44.655,5528
2018-04-18 11:20:00-04:00,44.66,44.67,44.64,44.665,3924
2018-04-18 11:25:00-04:00,44.66,44.69,44.64,44.685,5700
2018-04-18 11:30:00-04:00,44.69,44.71,44.68,44.68,3621
2018-04-18 11:35:00-04:00,44.69,44.725,44.69,44.725,5453
2018-04-18 11:40:00-04:00,44.73,44.73,44.71,44.71,5568
2018-04-18 11:45:00-04:00,44.705,44.72,44.695,44.705,8547
2018-04-18 11:50:00-04:00,44.7,44.71,44.68,44.68,7329
2018-04-18 11:55:00-04:00,44.67,44.71,44.67,44.69,3146
2018-04-18 12:00:00-04:00,44.69,44.7,44.685,44.69,3300
2018-04-18 12:05:00-04:00,44.68,44.68,44.66,44.66,3888
2018-04-18 12:10:00-04:00,44.66,44.67,44.63,44.63,2115
2018-04-18 12:15:00-04:00,44.62,44.63,44.61,44.61,1570
2018-04-18 12:20:00-04:00,44.6,44.6,44.57,44.57,3200
2018-04-18 12:25:00-04:00,44.57,44.61,44.57,44.6,5110
2018-04-18 12:30:00-04:00,44.595,44.595,44.56,44.56,2901
2018-04-18 12:35:00-04:00,44.55,44.56,44.545,44.545,2300
2018-04-18 12:40:00-04:00,44.55,44.56,44.52,44.52,9028
2018-04-18 12:45:00-04:00,44.53,44.53,44.465,44.47,5864
2018-04-18 12:50:00-04:00,44.47,44.48,44.45,44.45,6312
2018-04-18 12:55:00-04:00,44.46,44.49,44.45,44.45,3294
2018-04-18 13:00:00-04:00,44.46,44.47,44.45,44.47,2735
2018-04-18 13:05:00-04:00,44.47,44.48,44.425,44.44,3352
2018-04-18 13:10:00-04:00,44.45,44.485,44.45,44.475,2731
2018-04-18 13:15:00-04:00,44.48,44.49,44.47,44.49,4715
2018-04-18 13:20:00-04:00,44.485,44.485,44.47,44.47,3149
2018-04-18 13:25:00-04:00,44.47,44.47,44.44,44.44,2654
2018-04-18 13:30:00-04:00,44.43,44.44,44.4,44.4,4262
2018-04-18 13:35:00-04:00,44.39,44.4,44.38,44.385,6287
2018-04-18 13:40:00-04:00,44.38,44.38,44.36,44.36,4595
2018-04-18 13:45:00-04:00,44.365,44.365,44.34,44.34,4054
2018-04-18 13:50:00-04:00,44.33,44.36,44.33,44.355,2639
2018-04-18 13:55:00-04:00,44.35,44.37,44.34,44.36,8800
2018-04-18 14:00:00-04:00,44.34,44.36,44.33,44.36,6336
2018-04-18 14:05:00-04:00,44.37,44.385,44.36,44.385,10450
2018-04-18 14:10:00-04:00,44.39,44.41,44.39,44.4,4268
2018-04-18 14:15:00-04:00,44.4,44.43,44.395,44.42,4574
2018-04-18 14:20:00-04:00,44.425,44.43,44.4,44.4,5852
2018-04-18 14:25:00-04:00,44.4,44.415,44.4,44.41,6030
2018-04-18 14:30:00-04:00,44.41,44.44,44.41,44.415,3400
2018-04-18 14:35:00-04:00,44.415,44.44,44.415,44.42,7623
2018-04-18 14:40:00-04:00,44.42,44.43,44.4,44.4,6200
2018-04-18 14:45:00-04:00,44.41,44.44,44.4,44.43,5071
2018-04-18 14:50:00-04:00,44.43,44.44,44.41,44.41,11940
2018-04-18 14:55:00-04:00,44.41,44.44,44.41,44.43,9136
2018-04-18 15:00:00-04:00,44.41,44.43,44.38,44.43,4601
2018-04-18 15:05:00-04:00,44.425,44.47,44.42,44.46,7634
2018-04-18 15:10:00-04:00,44.465,44.485,44.465,44.48,5010
2018-04-18 15:15:00-04:00,44.49,44.49,44.47,44.47,3840
2018-04-18 15:20:00-04:00,44.48,44.49,44.46,44.47,9583
2018-04-18 15:25:00-04:00,44.465,44.51,44.46,44.5,8033
2018-04-18 15:30:00-04:00,44.5,44.53,44.49,44.53,6955
2018-04-18 15:35:00-04:00,44.52,44.53,44.5,44.505,204799
2018-04-18 15:40:00-04:00,44.5,44.51,44.48,44.51,11449
2018-04-18 15:45:00-04:00,44.505,44.505,44.47,44.475,16033
2018-04-18 15:50:00-04:00,44.47,44.51,44.47,44.5,25004
2018-04-18 15:55:00-04:00,44.5,44.55,44.47,44.53,58414
2018-04-19 09:30:00-04:00,44.33,44.42,44.17,44.2,11107
2018-04-19 09:35:00-04:00,44.19,44.21,44.13,44.21,11160
2018-04-19 09:40:00-04:00,44.24,44.31,44.145,44.29,5951
2018-04-19 09:45:00-04:00,44.29,44.34,44.25,44.335,3319
2018-04-19 09:50:00-04:00,44.31,44.42,44.285,44.38,7884
2018-04-19 09:55:00-04:00,44.38,44.4,44.28,44.335,6543
2018-04-19 10:00:00-04:00,44.305,44.36,44.28,44.29,3200
2018-04-19 10:05:00-04:00,44.295,44.31,44.26,44.3,4935
2018-04-19 10:10:00-04:00,44.29,44.335,44.275,44.335,6347
2018-04-19 10:15:00-04:00,44.33,44.395,44.315,44.39,3942
2018-04-19 10:20:00-04:00,44.385,44.385,44.305,44.315,4101
2018-04-19 10:25:00-04:00,44.28,44.325,44.275,44.275,5397
2018-04-19 10:30:00-04:00,44.275,44.35,44.275,44.34,9380
2018-04-19 10:35:00-04:00,44.335,44.335,44.305,44.325,3944
2018-04-19 10:40:00-04:00,44.325,44.33,44.29,44.325,2077
2018-04-19 10:45:00-04:00,44.32,44.32,44.25,44.26,5492
2018-04-19 10:50:00-04:00,44.25,44.275,44.22,44.27,16359
2018-04-19 10:55:00-04:00,44.27,44.31,44.24,44.3,4865
2018-04-19 11:00:00-04:00,44.29,44.37,44.285,44.32,7809
2018-04-19 11:05:00-04:00,44.32,44.35,44.31,44.34,4073
2018-04-19 11:10:00-04:00,44.35,44.37,44.33,44.35,11388
2018-04-19 11:15:00-04:00,44.36,44.42,44.36,44.39,6874
2018-04-19 11:20:00-04:00,44.425,44.46,44.4,44.4,13783
2018-04-19 11:25:00-04:00,44.41,44.465,44.41,44.46,4725
2018-04-19 11:30:00-04:00,44.45,44.45,44.37,44.41,7137
2018-04-19 11:35:00-04:00,44.4,44.44,44.4,44.41,19084
2018-04-19 11:40:00-04:00,44.405,44.415,44.37,44.37,6717
2018-04-19 11:45:00-04:00,44.37,44.37,44.32,44.34,1415
2018-04-19 11:50:00-04:00,44.34,44.355,44.32,44.32,8379
2018-04-19 11:55:00-04:00,44.3,44.32,44.285,44.285,5008
2018-04-19 12:00:00-04:00,44.27,44.29,44.255,44.27,5333
2018-04-19 12:05:00-04:00,44.265,44.27,44.24,44.265,4549
2018-04-19 12:10:00-04:00,44.245,44.3,44.245,44.3,6360
2018-04-19 12:15:00-04:00,44.29,44.35,44.29,44.34,8325
2018-04-19 12:20:00-04:00,44.345,44.36,44.28,44.3,3800
2018-04-19 12:25:00-04:00,44.28,44.295,44.24,44.245,3409
2018-04-19 12:30:00-04:00,44.24,44.25,44.22,44.24,5000
2018-04-19 12:35:00-04:00,44.24,44.28,44.23,44.27,4970
2018-04-19 12:40:00-04:00,44.26,44.26,44.21,44.25,4415
2018-04-19 12:45:00-04:00,44.25,44.275,44.22,44.27,4260
2018-04-19 12:50:00-04:00,44.29,44.3,44.255,44.255,5374
2018-04-19 12:55:00-04:00,44.25,44.255,44.185,44.215,4505
2018-04-19 13:00:00-04:00,44.21,44.22,44.18,44.185,3426
2018-04-19 13:05:00-04:00,44.18,44.195,44.165,44.17,4505
2018-04-19 13:10:00-04:00,44.165,44.17,44.13,44.14,4192
2018-04-19 13:15:00-04:00,44.14,44.15,44.08,44.08,8984
2018-04-19 13:20:00-04:00,44.09,44.09,44.04,44.085,8590
2018-04-19 13:25:00-04:00,44.08,44.08,44.03,44.07,7416
2018-04-19 13:30:00-04:00,44.08,44.09,44.03,44.035,5231
2018-04-19 13:35:00-04:00,44.015,44.085,44.015,44.07,8369
2018-04-19 13:40:00-04:00,44.07,44.1,44.07,44.09,7166
2018-04-19 13:45:00-04:00,44.09,44.095,44.055,44.08,9669
2018-04-19 13:50:00-04:00,44.09,44.1,44.07,44.075,9855
2018-04-19 13:55:00-04:00,44.07,44.07,44.025,44.03,6155
2018-04-19 14:00:00-04:00,44.03,44.1,44.025,44.1,15507
2018-04-19 14:05:00-04:00,44.1,44.13,44.09,44.095,8631
2018-04-19 14:10:00-04:00,44.1,44.125,44.09,44.11,21706
2018-04-19 14:15:00-04:00,44.11,44.13,44.09,44.13,9021
2018-04-19 14:20:00-04:00,44.14,44.16,44.09,44.1,7355
2018-04-19 14:25:00-04:00,44.09,44.13,44.08,44.12,8775
2018-04-19 14:30:00-04:00,44.11,44.13,44.1,44.115,4323
2018-04-19 14:35:00-04:00,44.11,44.13,44.085,44.13,8909
2018-04-19 14:40:00-04:00,44.13,44.14,44.095,44.12,8214
2018-04-19 14:45:00-04:00,44.12,44.135,44.115,44.13,7674
2018-04-19 14:50:00-04:00,44.13,44.13,44.075,44.08,10865
2018-04-19 14:55:00-04:00,44.07,44.1,44.07,44.09,6600
2018-04-19 15:00:00-04:00,44.075,44.085,44.03,44.07,12147
2018-04-19 15:05:00-04:00,44.07,44.145,44.06,44.145,5185
2018-04-19 15:10:00-04:00,44.145,44.15,44.14,44.15,2784
2018-04-19 15:15:00-04:00,44.155,44.16,44.14,44.16,3132
2018-04-19 15:20:00-04:00,44.16,44.16,44.12,44.12,3320
2018-04-19 15:25:00-04:00,44.12,44.13,44.11,44.13,7728
2018-04-19 15:30:00-04:00,44.125,44.2,44.115,44.2,7885
2018-04-19 15:35:00-04:00,44.21,44.31,44.21,44.22,19040
2018-04-19 15:40:00-04:00,44.2,44.265,44.19,44.26,13223
2018-04-19 15:45:00-04:00,44.26,44.27,44.23,44.26,16889
2018-04-19 15:50:00-04:00,44.26,44.33,44.26,44.29,28652
2018-04-19 15:55:00-04:00,44.29,44.31,44.27,44.31,33966
2018-04-20 09:30:00-04:00,44.36,44.41,44.3,44.33,9736
2018-04-20 09:35:00-04:00,44.31,44.36,44.27,44.31,8278
2018-04-20 09:40:00-04:00,44.31,44.31,44.19,44.21,10233
2018-04-20 09:45:00-04:00,44.2,44.2,44.08,44.09,10100
2018-04-20 09:50:00-04:00,44.09,44.12,44.06,44.065,11091
2018-04-20 09:55:00-04:00,44.075,44.085,44.02,44.02,11829
2018-04-20 10:00:00-04:00,44.035,44.1,44.035,44.09,7280
2018-04-20 10:05:00-04:00,44.1,44.14,44.07,44.07,10768
2018-04-20 10:10:00-04:00,44.075,44.17,44.07,44.13,8102
2018-04-20 10:15:00-04:00,44.14,44.165,44.13,44.14,7473
2018-04-20 10:20:00-04:00,44.14,44.175,44.13,44.13,9272
2018-04-20 10:25:00-04:00,44.13,44.13,43.99,44.0,16958
2018-04-20 10:30:00-04:00,43.995,44.0,43.975,43.985,6317
2018-04-20 10:35:00-04:00,43.985,43.985,43.93,43.94,4834
2018-04-20 10:40:00-04:00,43.93,43.93,43.88,43.9,4599
2018-04-20 10:45:00-04:00,43.9,43.9,43.84,43.84,9514
2018-04-20 10:50:00-04:00,43.85,43.85,43.785,43.8,13862
2018-04-20 10:55:00-04:00,43.8,43.885,43.795,43.87,6477
2018-04-20 11:00:00-04:00,43.875,43.875,43.82,43.84,9119
2018-04-20 11:05:00-04:00,43.84,43.85,43.8,43.805,6099
2018-04-20 11:10:00-04:00,43.805,43.83,43.78,43.83,7743
2018-04-20 11:15:00-04:00,43.835,43.86,43.835,43.855,7560
2018-04-20 11:20:00-04:00,43.85,43.89,43.83,43.875,11967
2018-04-20 11:25:00-04:00,43.88,43.89,43.835,43.84,6686
2018-04-20 11:30:00-04:00,43.84,43.875,43.84,43.855,7500
2018-04-20 11:35:00-04:00,43.85,43.93,43.84,43.93,10273
2018-04-20 11:40:00-04:00,43.935,43.935,43.885,43.885,13861
2018-04-20 11:45:00-04:00,43.85,43.89,43.845,43.85,3371
2018-04-20 11:50:00-04:00,43.85,43.85,43.805,43.805,2611
2018-04-20 11:55:00-04:00,43.79,43.79,43.75,43.76,8433
2018-04-20 12:00:00-04:00,43.75,43.75,43.7,43.7,4200
2018-04-20 12:05:00-04:00,43.7,43.725,43.69,43.725,7581
2018-04-20 12:10:00-04:00,43.72,43.76,43.72,43.74,5604
2018-04-20 12:15:00-04:00,43.73,43.74,43.69,43.69,7521
2018-04-20 12:20:00-04:00,43.69,43.7,43.675,43.69,4522
2018-04-20 12:25:00-04:00,43.68,43.725,43.67,43.69,7902
2018-04-20 12:30:00-04:00,43.69,43.71,43.66,43.71,3643
2018-04-20 12:35:00-04:00,43.71,43.75,43.69,43.69,4540
2018-04-20 12:40:00-04:00,43.69,43.7,43.67,43.68,3330
2018-04-20 12:45:00-04:00,43.68,43.68,43.62,43.625,5024
2018-04-20 12:50:00-04:00,43.62,43.67,43.62,43.67,6240
2018-04-20 12:55:00-04:00,43.67,43.675,43.645,43.645,3421
2018-04-20 13:00:00-04:00,43.63,43.66,43.625,43.635,6193
2018-04-20 13:05:00-04:00,43.635,43.655,43.6,43.6,8587
2018-04-20 13:10:00-04:00,43.605,43.63,43.59,43.6,5986
2018-04-20 13:15:00-04:00,43.6,43.62,43.6,43.62,6318
2018-04-20 13:20:00-04:00,43.64,43.66,43.61,43.615,6514
2018-04-20 13:25:00-04:00,43.62,43.67,43.58,43.65,9366
2018-04-20 13:30:00-04:00,43.645,43.65,43.63,43.64,5909
2018-04-20 13:35:00-04:00,43.65,43.71,43.65,43.695,5718
2018-04-20 13:40:00-04:00,43.7,43.72,43.7,43.72,6093
2018-04-20 13:45:00-04:00,43.715,43.73,43.69,43.72,7674
2018-04-20 13:50:00-04:00,43.72,43.76,43.72,43.74,5074
2018-04-20 13:55:00-04:00,43.75,43.775,43.74,43.77,5922
2018-04-20 14:00:00-04:00,43.75,43.75,43.72,43.735,3905
2018-04-20 14:05:00-04:00,43.74,43.77,43.735,43.77,4457
2018-04-20 14:10:00-04:00,43.765,43.77,43.72,43.72,3575
2018-04-20 14:15:00-04:00,43.72,43.76,43.72,43.735,4124
2018-04-20 14:20:00-04:00,43.735,43.77,43.72,43.76,7244
2018-04-20 14:25:00-04:00,43.74,43.775,43.74,43.775,4230
2018-04-20 14:30:00-04:00,43.78,43.8,43.725,43.73,3692
2018-04-20 14:35:00-04:00,43.73,43.8,43.725,43.78,4898
2018-04-20 14:40:00-04:00,43.775,43.79,43.77,43.78,4323
2018-04-20 14:45:00-04:00,43.79,43.8,43.775,43.78,5525
2018-04-20 14:50:00-04:00,43.775,43.81,43.775,43.8,6301
2018-04-20 14:55:00-04:00,43.8,43.815,43.79,43.805,4101
2018-04-20 15:00:00-04:00,43.805,43.805,43.75,43.785,7351
2018-04-20 15:05:00-04:00,43.78,43.78,43.665,43.665,4627
2018-04-20 15:10:00-04:00,43.67,43.705,43.665,43.675,5523
2018-04-20 15:15:00-04:00,43.665,43.68,43.62,43.62,9667
2018-04-20 15:20:00-04:00,43.61,43.64,43.6,43.64,8484
2018-04-20 15:25:00-04:00,43.65,43.66,43.63,43.64,6635
2018-04-20 15:30:00-04:00,43.64,43.65,43.61,43.62,7893
2018-04-20 15:35:00-04:00,43.62,43.71,43.62,43.7,15584
2018-04-20 15:40:00-04:00,43.7,43.74,43.7,43.705,20172
2018-04-20 15:45:00-04:00,43.71,43.735,43.7,43.73,20430
2018-04-20 15:50:00-04:00,43.73,43.77,43.725,43.76,25144
2018-04-20 15:55:00-04:00,43.76,43.82,43.73,43.74,115328
2018-04-23 09:30:00-04:00,43.74,43.74,43.6,43.64,3748
2018-04-23 09:35:00-04:00,43.63,43.66,43.6,43.635,6817
2018-04-23 09:40:00-04:00,43.65,43.785,43.64,43.74,10765
2018-04-23 09:45:00-04:00,43.735,43.885,43.73,43.87,97589
2018-04-23 09:50:00-04:00,43.87,43.87,43.78,43.785,10821
2018-04-23 09:55:00-04:00,43.765,43.78,43.71,43.725,11954
2018-04-23 10:00:00-04:00,43.73,43.73,43.69,43.73,16076
2018-04-23 10:05:00-04:00,43.73,43.74,43.685,43.715,10433
2018-04-23 10:10:00-04:00,43.72,43.73,43.64,43.66,14639
2018-04-23 10:15:00-04:00,43.66,43.695,43.65,43.66,10446
2018-04-23 10:20:00-04:00,43.65,43.655,43.565,43.59,10176
2018-04-23 10:25:00-04:00,43.6,43.645,43.57,43.6,9332
2018-04-23 10:30:00-04:00,43.61,43.675,43.59,43.675,4780
2018-04-23 10:35:00-04:00,43.685,43.69,43.645,43.66,5106
2018-04-23 10:40:00-04:00,43.67,43.71,43.67,43.69,29277
2018-04-23 10:45:00-04:00,43.685,43.73,43.68,43.69,5571
2018-04-23 10:50:00-04:00,43.715,43.75,43.7,43.715,6469
2018-04-23 10:55:00-04:00,43.705,43.72,43.695,43.7,3339
2018-04-23 11:00:00-04:00,43.695,43.695,43.685,43.685,2372
2018-04-23 11:05:00-04:00,43.69,43.745,43.69,43.745,4275
2018-04-23 11:10:00-04:00,43.74,43.75,43.715,43.745,6453
2018-04-23 11:15:00-04:00,43.74,43.745,43.72,43.721,4172
2018-04-23 11:20:00-04:00,43.73,43.75,43.725,43.74,4717
2018-04-23 11:25:00-04:00,43.74,43.78,43.735,43.775,7056
2018-04-23 11:30:00-04:00,43.775,43.815,43.77,43.775,12055
2018-04-23 11:35:00-04:00,43.775,43.805,43.76,43.765,6962
2018-04-23 11:40:00-04:00,43.775,43.79,43.76,43.765,9010
2018-04-23 11:45:00-04:00,43.76,43.805,43.76,43.79,6119
2018-04-23 11:50:00-04:00,43.79,43.8,43.77,43.77,6200
2018-04-23 11:55:00-04:00,43.775,43.885,43.775,43.88,9311
2018-04-23 12:00:00-04:00,43.885,43.925,43.88,43.9,8268
2018-04-23 12:05:00-04:00,43.91,43.91,43.895,43.895,10933
2018-04-23 12:10:00-04:00,43.895,43.9,43.88,43.9,12165
2018-04-23 12:15:00-04:00,43.9,43.91,43.885,43.9,10466
2018-04-23 12:20:00-04:00,43.9,43.9,43.88,43.88,7485
2018-04-23 12:25:00-04:00,43.885,43.89,43.86,43.86,7849
2018-04-23 12:30:00-04:00,43.865,43.865,43.84,43.845,11411
2018-04-23 12:35:00-04:00,43.845,43.86,43.825,43.835,18057
2018-04-23 12:40:00-04:00,43.85,43.87,43.85,43.87,9751
2018-04-23 12:45:00-04:00,43.88,43.91,43.875,43.89,8940
2018-04-23 12:50:00-04:00,43.885,43.895,43.865,43.865,6802
2018-04-23 12:55:00-04:00,43.865,43.885,43.85,43.865,6902
2018-04-23 13:00:00-04:00,43.87,43.87,43.845,43.85,8130
2018-04-23 13:05:00-04:00,43.845,43.85,43.83,43.835,5162
2018-04-23 13:10:00-04:00,43.83,43.85,43.83,43.845,5567
2018-04-23 13:15:00-04:00,43.84,43.85,43.82,43.82,7067
2018-04-23 13:20:00-04:00,43.815,43.815,43.77,43.77,8531
2018-04-23 13:25:00-04:00,43.78,43.83,43.77,43.805,7028
2018-04-23 13:30:00-04:00,43.805,43.83,43.8,43.805,6666
2018-04-23 13:35:00-04:00,43.805,43.83,43.805,43.82,6145
2018-04-23 13:40:00-04:00,43.81,43.82,43.8,43.8,5974
2018-04-23 13:45:00-04:00,43.8,43.81,43.8,43.8,7882
2018-04-23 13:50:00-04:00,43.8,43.815,43.795,43.815,15356
2018-04-23 13:55:00-04:00,43.815,43.84,43.81,43.82,10617
2018-04-23 14:00:00-04:00,43.83,43.84,43.82,43.82,16069
2018-04-23 14:05:00-04:00,43.83,43.83,43.765,43.775,7411
2018-04-23 14:10:00-04:00,43.77,43.78,43.75,43.76,9435
2018-04-23 14:15:00-04:00,43.76,43.76,43.72,43.72,19099
2018-04-23 14:20:00-04:00,43.72,43.72,43.69,43.7,12132
2018-04-23 14:25:00-04:00,43.69,43.7,43.62,43.65,19667
2018-04-23 14:30:00-04:00,43.65,43.68,43.64,43.67,9828
2018-04-23 14:35:00-04:00,43.66,43.69,43.64,43.69,7382
2018-04-23 14:40:00-04:00,43.7,43.75,43.7,43.73,5937
2018-04-23 14:45:00-04:00,43.745,43.785,43.73,43.77,7249
2018-04-23 14:50:00-04:00,43.765,43.78,43.75,43.75,8741
2018-04-23 14:55:00-04:00,43.75,43.76,43.73,43.755,6741
2018-04-23 15:00:00-04:00,43.75,43.82,43.75,43.81,7927
2018-04-23 15:05:00-04:00,43.805,43.855,43.805,43.82,6519
2018-04-23 15:10:00-04:00,43.82,43.845,43.81,43.82,5704
2018-04-23 15:15:00-04:00,43.825,43.89,43.82,43.885,6884
2018-04-23 15:20:00-04:00,43.88,43.92,43.86,43.865,9920
2018-04-23 15:25:00-04:00,43.86,43.89,43.86,43.875,8898
2018-04-23 15:30:00-04:00,43.875,43.92,43.875,43.905,11058
2018-04-23 15:35:00-04:00,43.9,43.93,43.86,43.865,20483
2018-04-23 15:40:00-04:00,43.87,43.91,43.84,43.91,14357
2018-04-23 15:45:00-04:00,43.91,43.985,43.91,43.93,19217
2018-04-23 15:50:00-04:00,43.93,43.94,43.92,43.93,30959
2018-04-23 15:55:00-04:00,43.93,43.97,43.9,43.97,55116
2018-04-24 09:05:00-04:00,44.1,44.1,44.1,44.1,100
2018-04-24 09:30:00-04:00,44.1,44.1,43.62,43.73,12625
2018-04-24 09:35:00-04:00,43.735,43.735,43.47,43.47,27708
2018-04-24 09:40:00-04:00,43.48,43.51,43.41,43.42,6975
2018-04-24 09:45:00-04:00,43.39,43.5,43.38,43.46,9762
2018-04-24 09:50:00-04:00,43.44,43.49,43.24,43.26,18309
2018-04-24 09:55:00-04:00,43.25,43.26,43.1,43.21,10680
2018-04-24 10:00:00-04:00,43.19,43.19,43.1,43.18,13687
2018-04-24 10:05:00-04:00,43.175,43.18,43.07,43.1,9660
2018-04-24 10:10:00-04:00,43.13,43.21,43.12,43.19,11477
2018-04-24 10:15:00-04:00,43.185,43.21,43.105,43.14,9215
2018-04-24 10:20:00-04:00,43.15,43.23,43.12,43.195,5269
2018-04-24 10:25:00-04:00,43.2,43.215,43.16,43.18,8745
2018-04-24 10:30:00-04:00,43.18,43.27,43.18,43.27,5687
2018-04-24 10:35:00-04:00,43.26,43.33,43.25,43.325,12914
2018-04-24 10:40:00-04:00,43.315,43.37,43.3,43.36,10098
2018-04-24 10:45:00-04:00,43.38,43.415,43.34,43.395,20278
2018-04-24 10:50:00-04:00,43.38,43.47,43.285,43.29,28879
2018-04-24 10:55:00-04:00,43.28,43.28,43.12,43.13,17769
2018-04-24 11:00:00-04:00,43.14,43.18,43.08,43.16,4640
2018-04-24 11:05:00-04:00,43.13,43.18,43.111,43.125,8578
2018-04-24 11:10:00-04:00,43.13,43.14,43.065,43.1,10014
2018-04-24 11:15:00-04:00,43.105,43.19,43.1,43.16,17437
2018-04-24 11:20:00-04:00,43.185,43.23,43.14,43.14,9595
2018-04-24 11:25:00-04:00,43.125,43.17,43.105,43.15,9343
2018-04-24 11:30:00-04:00,43.15,43.17,43.11,43.15,10964
2018-04-24 11:35:00-04:00,43.145,43.15,43.075,43.075,8270
2018-04-24 11:40:00-04:00,43.085,43.13,43.065,43.13,15888
2018-04-24 11:45:00-04:00,43.13,43.17,43.13,43.155,3506
2018-04-24 11:50:00-04:00,43.155,43.16,43.06,43.095,11748
2018-04-24 11:55:00-04:00,43.08,43.095,43.06,43.07,5964
2018-04-24 12:00:00-04:00,43.055,43.06,43.01,43.02,8831
2018-04-24 12:05:00-04:00,43.03,43.07,43.025,43.04,6404
2018-04-24 12:10:00-04:00,43.04,43.05,43.015,43.03,6721
2018-04-24 12:15:00-04:00,43.025,43.04,42.935,43.01,9417
2018-04-24 12:20:00-04:00,43.005,43.045,43.0,43.015,8151
2018-04-24 12:25:00-04:00,43.015,43.09,42.98,43.05,8858
2018-04-24 12:30:00-04:00,43.055,43.15,43.055,43.115,7211
2018-04-24 12:35:00-04:00,43.12,43.14,43.095,43.095,6236
2018-04-24 12:40:00-04:00,43.095,43.21,43.095,43.21,10986
2018-04-24 12:45:00-04:00,43.205,43.25,43.19,43.25,6633
2018-04-24 12:50:00-04:00,43.25,43.25,43.13,43.13,3178
2018-04-24 12:55:00-04:00,43.115,43.12,43.01,43.01,3349
2018-04-24 13:00:00-04:00,42.99,43.05,42.98,43.045,7138
2018-04-24 13:05:00-04:00,43.035,43.035,43.0,43.005,8713
2018-04-24 13:10:00-04:00,42.99,43.0,42.92,42.995,9736
2018-04-24 13:15:00-04:00,42.995,43.02,42.945,42.975,7243
2018-04-24 13:20:00-04:00,42.96,42.97,42.93,42.935,3640
2018-04-24 13:25:00-04:00,42.94,42.965,42.93,42.94,4996
2018-04-24 13:30:00-04:00,42.93,42.955,42.93,42.94,2574
2018-04-24 13:35:00-04:00,42.93,42.95,42.92,42.92,2124
2018-04-24 13:40:00-04:00,42.93,42.935,42.91,42.915,3908
2018-04-24 13:45:00-04:00,42.905,42.945,42.895,42.94,5723
2018-04-24 13:50:00-04:00,42.94,42.94,42.895,42.9,6487
2018-04-24 13:55:00-04:00,42.91,42.91,42.87,42.89,5951
2018-04-24 14:00:00-04:00,42.895,42.925,42.885,42.925,11469
2018-04-24 14:05:00-04:00,42.92,42.945,42.9,42.92,10554
2018-04-24 14:10:00-04:00,42.92,42.98,42.92,42.975,6248
2018-04-24 14:15:00-04:00,42.975,42.975,42.92,42.93,8736
2018-04-24 14:20:00-04:00,42.93,42.93,42.84,42.84,7579
2018-04-24 14:25:00-04:00,42.84,42.925,42.83,42.87,9969
2018-04-24 14:30:00-04:00,42.86,42.89,42.85,42.875,5837
2018-04-24 14:35:00-04:00,42.875,42.88,42.74,42.74,8819
2018-04-24 14:40:00-04:00,42.74,42.84,42.74,42.84,4854
2018-04-24 14:45:00-04:00,42.84,42.86,42.825,42.84,6495
2018-04-24 14:50:00-04:00,42.84,42.89,42.81,42.83,3902
2018-04-24 14:55:00-04:00,42.84,42.96,42.84,42.92,9680
2018-04-24 15:00:00-04:00,42.93,43.07,42.925,43.07,9576
2018-04-24 15:05:00-04:00,43.06,43.13,43.02,43.085,15414
2018-04-24 15:10:00-04:00,43.08,43.08,42.99,43.05,4838
2018-04-24 15:15:00-04:00,43.05,43.06,42.9,42.905,6688
2018-04-24 15:20:00-04:00,42.9,42.96,42.9,42.96,8170
2018-04-24 15:25:00-04:00,42.94,42.96,42.89,42.9,6897
2018-04-24 15:30:00-04:00,42.89,42.89,42.85,42.86,7449
2018-04-24 15:35:00-04:00,42.86,42.93,42.85,42.91,16899
2018-04-24 15:40:00-04:00,42.9,42.92,42.82,42.84,27087
2018-04-24 15:45:00-04:00,42.85,43.055,42.85,43.04,22019
2018-04-24 15:50:00-04:00,43.04,43.09,43.02,43.045,32199
2018-04-24 15:55:00-04:00,43.05,43.09,43.05,43.06,106581
2018-04-25 09:30:00-04:00,42.78,42.89,42.67,42.72,13954
2018-04-25 09:35:00-04:00,42.74,42.81,42.72,42.76,8787
2018-04-25 09:40:00-04:00,42.74,42.75,42.59,42.67,23257
2018-04-25 09:45:00-04:00,42.675,42.69,42.53,42.56,19626
2018-04-25 09:50:00-04:00,42.56,42.615,42.5,42.51,26597
2018-04-25 09:55:00-04:00,42.5,42.56,42.47,42.49,17957
2018-04-25 10:00:00-04:00,42.5,42.59,42.475,42.59,14941
2018-04-25 10:05:00-04:00,42.59,42.6,42.49,42.54,11774
2018-04-25 10:10:00-04:00,42.54,42.58,42.53,42.57,18398
2018-04-25 10:15:00-04:00,42.56,42.56,42.465,42.47,13789
2018-04-25 10:20:00-04:00,42.47,42.51,42.405,42.48,12110
2018-04-25 10:25:00-04:00,42.49,42.5,42.32,42.33,12397
2018-04-25 10:30:00-04:00,42.32,42.36,42.27,42.31,10550
2018-04-25 10:35:00-04:00,42.305,42.305,42.25,42.26,16149
2018-04-25 10:40:00-04:00,42.25,42.32,42.25,42.28,24408
2018-04-25 10:45:00-04:00,42.275,42.275,41.95,41.98,46615
2018-04-25 10:50:00-04:00,42.0,42.08,42.0,42.015,15041
2018-04-25 10:55:00-04:00,42.015,42.045,41.96,42.045,14886
2018-04-25 11:00:00-04:00,42.045,42.05,41.97,41.995,12487
2018-04-25 11:05:00-04:00,41.98,42.0,41.95,41.965,15823
2018-04-25 11:10:00-04:00,41.965,41.99,41.95,41.955,34866
2018-04-25 11:15:00-04:00,41.955,41.985,41.91,41.985,26411
2018-04-25 11:20:00-04:00,41.99,42.02,41.98,41.985,26752
2018-04-25 11:25:00-04:00,41.985,41.995,41.93,41.97,15743
2018-04-25 11:30:00-04:00,41.97,42.0,41.97,41.99,20370
2018-04-25 11:35:00-04:00,42.0,42.09,42.0,42.085,27917
2018-04-25 11:40:00-04:00,42.09,42.175,42.09,42.175,15536
2018-04-25 11:45:00-04:00,42.18,42.21,42.16,42.21,20188
2018-04-25 11:50:00-04:00,42.215,42.25,42.21,42.21,12039
2018-04-25 11:55:00-04:00,42.22,42.22,42.09,42.09,7871
2018-04-25 12:00:00-04:00,42.09,42.11,42.07,42.1,4596
2018-04-25 12:05:00-04:00,42.1,42.18,42.1,42.18,4748
2018-04-25 12:10:00-04:00,42.17,42.175,42.115,42.16,10776
2018-04-25 12:15:00-04:00,42.16,42.17,42.1,42.12,3263
2018-04-25 12:20:00-04:00,42.13,42.13,42.1,42.1,1412
2018-04-25 12:25:00-04:00,42.095,42.14,42.09,42.115,4150
2018-04-25 12:30:00-04:00,42.11,42.15,42.11,42.15,4715
2018-04-25 12:35:00-04:00,42.14,42.165,42.13,42.15,9119
2018-04-25 12:40:00-04:00,42.15,42.17,42.15,42.17,5453
2018-04-25 12:45:00-04:00,42.19,42.2,42.165,42.17,12781
2018-04-25 12:50:00-04:00,42.175,42.185,42.16,42.16,8065
2018-04-25 12:55:00-04:00,42.175,42.2,42.17,42.17,4072
2018-04-25 13:00:00-04:00,42.17,42.2,42.17,42.185,7167
2018-04-25 13:05:00-04:00,42.18,42.215,42.18,42.215,5744
2018-04-25 13:10:00-04:00,42.21,42.215,42.18,42.215,9851
2018-04-25 13:15:00-04:00,42.21,42.25,42.21,42.235,8065
2018-04-25 13:20:00-04:00,42.24,42.24,42.23,42.24,3121
2018-04-25 13:25:00-04:00,42.25,42.31,42.24,42.29,13823
2018-04-25 13:30:00-04:00,42.3,42.31,42.28,42.29,8601
2018-04-25 13:35:00-04:00,42.28,42.28,42.25,42.28,5107
2018-04-25 13:40:00-04:00,42.29,42.295,42.25,42.25,9206
2018-04-25 13:45:00-04:00,42.23,42.25,42.22,42.23,5624
2018-04-25 13:50:00-04:00,42.23,42.25,42.23,42.24,2957
2018-04-25 13:55:00-04:00,42.24,42.27,42.23,42.25,10567
2018-04-25 14:00:00-04:00,42.255,42.26,42.245,42.26,7513
2018-04-25 14:05:00-04:00,42.27,42.305,42.27,42.295,12048
2018-04-25 14:10:00-04:00,42.29,42.315,42.275,42.28,6452
2018-04-25 14:15:00-04:00,42.29,42.315,42.28,42.315,12375
2018-04-25 14:20:00-04:00,42.31,42.325,42.28,42.29,12301
2018-04-25 14:25:00-04:00,42.29,42.34,42.29,42.29,10621
2018-04-25 14:30:00-04:00,42.295,42.33,42.28,42.31,7930
2018-04-25 14:35:00-04:00,42.3,42.31,42.28,42.3,5980
2018-04-25 14:40:00-04:00,42.295,42.33,42.295,42.3,3550
2018-04-25 14:45:00-04:00,42.27,42.295,42.27,42.29,3479
2018-04-25 14:50:00-04:00,42.29,42.31,42.29,42.31,4594
2018-04-25 14:55:00-04:00,42.31,42.345,42.3,42.345,6543
2018-04-25 15:00:00-04:00,42.34,42.38,42.32,42.375,27893
2018-04-25 15:05:00-04:00,42.37,42.39,42.37,42.39,23973
2018-04-25 15:10:00-04:00,42.39,42.43,42.39,42.425,28148
2018-04-25 15:15:00-04:00,42.42,42.45,42.41,42.41,14324
2018-04-25 15:20:00-04:00,42.42,42.455,42.41,42.43,18795
2018-04-25 15:25:00-04:00,42.43,42.44,42.41,42.435,14669
2018-04-25 15:30:00-04:00,42.43,42.435,42.38,42.41,19948
2018-04-25 15:35:00-04:00,42.42,42.425,42.37,42.37,16321
2018-04-25 15:40:00-04:00,42.37,42.38,42.35,42.36,17123
2018-04-25 15:45:00-04:00,42.35,42.355,42.31,42.34,27388
2018-04-25 15:50:00-04:00,42.34,42.36,42.29,42.32,30865
2018-04-25 15:55:00-04:00,42.325,42.43,42.325,42.41,74307
2018-04-26 09:30:00-04:00,42.42,42.43,42.27,42.36,24721
2018-04-26 09:35:00-04:00,42.38,42.54,42.33,42.49,7474
2018-04-26 09:40:00-04:00,42.46,42.57,42.46,42.51,11212
2018-04-26 09:45:00-04:00,42.51,42.6,42.48,42.56,10002
2018-04-26 09:50:00-04:00,42.56,42.61,42.54,42.55,5165
2018-04-26 09:55:00-04:00,42.55,42.56,42.5,42.51,6126
2018-04-26 10:00:00-04:00,42.515,42.54,42.41,42.41,9037
2018-04-26 10:05:00-04:00,42.42,42.43,42.36,42.41,9813
2018-04-26 10:10:00-04:00,42.4,42.41,42.35,42.41,7440
2018-04-26 10:15:00-04:00,42.41,42.49,42.39,42.49,8403
2018-04-26 10:20:00-04:00,42.48,42.5,42.46,42.49,9084
2018-04-26 10:25:00-04:00,42.49,42.55,42.48,42.525,10496
2018-04-26 10:30:00-04:00,42.53,42.56,42.51,42.56,6147
2018-04-26 10:35:00-04:00,42.56,42.6,42.555,42.6,5090
2018-04-26 10:40:00-04:00,42.59,42.66,42.59,42.62,10298
2018-04-26 10:45:00-04:00,42.62,42.62,42.585,42.61,7196
2018-04-26 10:50:00-04:00,42.62,42.64,42.595,42.63,8905
2018-04-26 10:55:00-04:00,42.63,42.75,42.63,42.725,23545
2018-04-26 11:00:00-04:00,42.725,42.85,42.71,42.85,21285
2018-04-26 11:05:00-04:00,42.85,42.91,42.795,42.81,13780
2018-04-26 11:10:00-04:00,42.8,42.81,42.725,42.73,6858
2018-04-26 11:15:00-04:00,42.72,42.72,42.655,42.66,13880
2018-04-26 11:20:00-04:00,42.665,42.665,42.605,42.62,7713
2018-04-26 11:25:00-04:00,42.62,42.62,42.565,42.59,6403
2018-04-26 11:30:00-04:00,42.585,42.6,42.5,42.525,5933
2018-04-26 11:35:00-04:00,42.54,42.61,42.54,42.6,9041
2018-04-26 11:40:00-04:00,42.615,42.65,42.61,42.64,6820
2018-04-26 11:45:00-04:00,42.645,42.75,42.64,42.73,13648
2018-04-26 11:50:00-04:00,42.74,42.78,42.73,42.77,8437
2018-04-26 11:55:00-04:00,42.79,42.835,42.77,42.835,8611
2018-04-26 12:00:00-04:00,42.84,42.85,42.81,42.82,8519
2018-04-26 12:05:00-04:00,42.82,42.85,42.815,42.84,20396
2018-04-26 12:10:00-04:00,42.835,42.87,42.81,42.81,17384
2018-04-26 12:15:00-04:00,42.82,42.85,42.81,42.84,16078
2018-04-26 12:20:00-04:00,42.84,42.865,42.82,42.83,15636
2018-04-26 12:25:00-04:00,42.83,42.835,42.8,42.81,5800
2018-04-26 12:30:00-04:00,42.8,42.815,42.77,42.77,6037
2018-04-26 12:35:00-04:00,42.77,42.81,42.77,42.81,10621
2018-04-26 12:40:00-04:00,42.81,42.86,42.8,42.84,7895
2018-04-26 12:45:00-04:00,42.84,42.85,42.8,42.845,9327
2018-04-26 12:50:00-04:00,42.85,42.88,42.835,42.88,6523
2018-04-26 12:55:00-04:00,42.88,42.9,42.87,42.88,5849
2018-04-26 13:00:00-04:00,42.885,42.95,42.88,42.945,12182
2018-04-26 13:05:00-04:00,42.94,42.99,42.91,42.99,8165
2018-04-26 13:10:00-04:00,42.99,43.07,42.98,43.015,8596
2018-04-26 13:15:00-04:00,43.02,43.025,43.0,43.02,7505
2018-04-26 13:20:00-04:00,43.02,43.03,42.99,43.03,9043
2018-04-26 13:25:00-04:00,43.02,43.07,43.01,43.065,7187
2018-04-26 13:30:00-04:00,43.07,43.095,43.06,43.08,10908
2018-04-26 13:35:00-04:00,43.075,43.075,42.99,43.01,7119
2018-04-26 13:40:00-04:00,43.01,43.02,42.98,43.015,4558
2018-04-26 13:45:00-04:00,43.01,43.015,42.97,42.97,9411
2018-04-26 13:50:00-04:00,42.97,43.01,42.97,42.985,8640
2018-04-26 13:55:00-04:00,42.98,43.02,42.98,43.02,8680
2018-04-26 14:00:00-04:00,43.02,43.02,42.98,42.985,7941
2018-04-26 14:05:00-04:00,42.985,42.985,42.95,42.975,9145
2018-04-26 14:10:00-04:00,42.975,42.98,42.95,42.96,8947
2018-04-26 14:15:00-04:00,42.95,42.97,42.945,42.955,9984
2018-04-26 14:20:00-04:00,42.955,42.96,42.93,42.935,4779
2018-04-26 14:25:00-04:00,42.94,42.97,42.93,42.97,10454
2018-04-26 14:30:00-04:00,42.98,42.99,42.96,42.99,6501
2018-04-26 14:35:00-04:00,43.0,43.015,42.97,43.0,7500
2018-04-26 14:40:00-04:00,43.0,43.08,43.0,43.08,8718
2018-04-26 14:45:00-04:00,43.08,43.08,43.04,43.045,5112
2018-04-26 14:50:00-04:00,43.04,43.04,43.01,43.04,9296
2018-04-26 14:55:00-04:00,43.035,43.04,43.02,43.03,8990
2018-04-26 15:00:00-04:00,43.04,43.075,43.04,43.075,8876
2018-04-26 15:05:00-04:00,43.08,43.08,43.01,43.02,15564
2018-04-26 15:10:00-04:00,43.02,43.04,42.995,43.01,14790
2018-04-26 15:15:00-04:00,43.01,43.04,42.99,42.99,12563
2018-04-26 15:20:00-04:00,42.99,42.99,42.92,42.935,12641
2018-04-26 15:25:00-04:00,42.94,42.94,42.905,42.915,14076
2018-04-26 15:30:00-04:00,42.915,42.97,42.91,42.965,22295
2018-04-26 15:35:00-04:00,42.97,42.97,42.93,42.935,19652
2018-04-26 15:40:00-04:00,42.93,42.95,42.91,42.925,23102
2018-04-26 15:45:00-04:00,42.93,42.93,42.8,42.805,29638
2018-04-26 15:50:00-04:00,42.805,42.805,42.72,42.755,35124
2018-04-26 15:55:00-04:00,42.765,42.785,42.72,42.75,73611
2018-04-27 09:30:00-04:00,42.73,42.85,42.71,42.75,9030
2018-04-27 09:35:00-04:00,42.72,42.84,42.72,42.83,2644
2018-04-27 09:40:00-04:00,42.82,42.91,42.82,42.905,6772
2018-04-27 09:45:00-04:00,42.92,43.0,42.87,42.915,6904
2018-04-27 09:50:00-04:00,42.93,43.03,42.93,43.02,6646
2018-04-27 09:55:00-04:00,43.015,43.03,42.98,42.995,6295
2018-04-27 10:00:00-04:00,42.985,43.025,42.955,42.955,4461
2018-04-27 10:05:00-04:00,42.94,43.04,42.94,43.025,15229
2018-04-27 10:10:00-04:00,43.03,43.05,42.97,43.0,6922
2018-04-27 10:15:00-04:00,42.99,43.0,42.95,42.99,9533
2018-04-27 10:20:00-04:00,43.02,43.025,42.98,42.99,9145
2018-04-27 10:25:00-04:00,42.98,43.035,42.975,43.035,8842
2018-04-27 10:30:00-04:00,43.04,43.11,43.04,43.105,9024
2018-04-27 10:35:00-04:00,43.1,43.135,43.06,43.135,13464
2018-04-27 10:40:00-04:00,43.135,43.155,43.13,43.14,10377
2018-04-27 10:45:00-04:00,43.14,43.16,43.11,43.12,7714
2018-04-27 10:50:00-04:00,43.12,43.2,43.12,43.175,12638
2018-04-27 10:55:00-04:00,43.18,43.29,43.175,43.255,13500
2018-04-27 11:00:00-04:00,43.265,43.275,43.215,43.225,7986
2018-04-27 11:05:00-04:00,43.225,43.265,43.225,43.23,10647
2018-04-27 11:10:00-04:00,43.26,43.29,43.25,43.29,10751
2018-04-27 11:15:00-04:00,43.285,43.285,43.24,43.25,15918
2018-04-27 11:20:00-04:00,43.23,43.235,43.19,43.21,6788
2018-04-27 11:25:00-04:00,43.2,43.245,43.18,43.23,13621
2018-04-27 11:30:00-04:00,43.23,43.265,43.205,43.21,13903
2018-04-27 11:35:00-04:00,43.21,43.235,43.2,43.235,8814
2018-04-27 11:40:00-04:00,43.235,43.255,43.225,43.235,6553
2018-04-27 11:45:00-04:00,43.24,43.25,43.23,43.245,6433
2018-04-27 11:50:00-04:00,43.24,43.24,43.17,43.21,8018
2018-04-27 11:55:00-04:00,43.205,43.225,43.205,43.205,13701
2018-04-27 12:00:00-04:00,43.205,43.225,43.2,43.225,10509
2018-04-27 12:05:00-04:00,43.22,43.23,43.18,43.185,9663
2018-04-27 12:10:00-04:00,43.19,43.195,43.175,43.19,4714
2018-04-27 12:15:00-04:00,43.175,43.185,43.16,43.175,5826
2018-04-27 12:20:00-04:00,43.175,43.18,43.16,43.17,3842
2018-04-27 12:25:00-04:00,43.17,43.19,43.16,43.175,4711
2018-04-27 12:30:00-04:00,43.175,43.21,43.16,43.17,10009
2018-04-27 12:35:00-04:00,43.18,43.2,43.18,43.195,8509
2018-04-27 12:40:00-04:00,43.19,43.22,43.185,43.185,7590
2018-04-27 12:45:00-04:00,43.19,43.21,43.185,43.2,8048
2018-04-27 12:50:00-04:00,43.2,43.255,43.195,43.25,7770
2018-04-27 12:55:00-04:00,43.26,43.3,43.26,43.29,7337
2018-04-27 13:00:00-04:00,43.29,43.3,43.28,43.295,6104
2018-04-27 13:05:00-04:00,43.29,43.29,43.26,43.265,16308
2018-04-27 13:10:00-04:00,43.265,43.295,43.265,43.285,9614
2018-04-27 13:15:00-04:00,43.29,43.315,43.285,43.31,8431
2018-04-27 13:20:00-04:00,43.31,43.32,43.285,43.295,11582
2018-04-27 13:25:00-04:00,43.295,43.3,43.275,43.275,11881
2018-04-27 13:30:00-04:00,43.28,43.3,43.265,43.29,24329
2018-04-27 13:35:00-04:00,43.29,43.3,43.28,43.285,56248
2018-04-27 13:40:00-04:00,43.28,43.29,43.26,43.27,13276
2018-04-27 13:45:00-04:00,43.27,43.3,43.26,43.265,15141
2018-04-27 13:50:00-04:00,43.265,43.285,43.26,43.27,3710
2018-04-27 13:55:00-04:00,43.275,43.29,43.275,43.29,5519
2018-04-27 14:00:00-04:00,43.29,43.295,43.265,43.27,4867
2018-04-27 14:05:00-04:00,43.26,43.285,43.25,43.285,10640
2018-04-27 14:10:00-04:00,43.29,43.29,43.26,43.26,11704
2018-04-27 14:15:00-04:00,43.27,43.3,43.265,43.27,13325
2018-04-27 14:20:00-04:00,43.28,43.28,43.255,43.26,7040
2018-04-27 14:25:00-04:00,43.255,43.265,43.245,43.265,26695
2018-04-27 14:30:00-04:00,43.26,43.28,43.25,43.28,10770
2018-04-27 14:35:00-04:00,43.275,43.285,43.27,43.275,9817
2018-04-27 14:40:00-04:00,43.275,43.285,43.25,43.27,17838
2018-04-27 14:45:00-04:00,43.28,43.28,43.27,43.275,11204
2018-04-27 14:50:00-04:00,43.27,43.3,43.27,43.3,14866
2018-04-27 14:55:00-04:00,43.3,43.33,43.29,43.33,8904
2018-04-27 15:00:00-04:00,43.33,43.335,43.31,43.32,7045
2018-04-27 15:05:00-04:00,43.33,43.34,43.31,43.32,5398
2018-04-27 15:10:00-04:00,43.315,43.34,43.3,43.305,9109
2018-04-27 15:15:00-04:00,43.305,43.32,43.3,43.305,9251
2018-04-27 15:20:00-04:00,43.3,43.32,43.3,43.31,9231
2018-04-27 15:25:00-04:00,43.32,43.32,43.29,43.305,6452
2018-04-27 15:30:00-04:00,43.3,43.31,43.29,43.3,15381
2018-04-27 15:35:00-04:00,43.3,43.31,43.29,43.29,19209
2018-04-27 15:40:00-04:00,43.295,43.31,43.28,43.285,29733
2018-04-27 15:45:00-04:00,43.29,43.3,43.28,43.285,27432
2018-04-27 15:50:00-04:00,43.29,43.29,43.26,43.27,42128
2018-04-27 15:55:00-04:00,43.28,43.33,43.27,43.3,76351
2018-04-30 09:30:00-04:00,43.5,43.56,43.48,43.56,3706
2018-04-30 09:35:00-04:00,43.58,43.63,43.57,43.61,2548
2018-04-30 09:40:00-04:00,43.615,43.685,43.6,43.685,8816
2018-04-30 09:45:00-04:00,43.68,43.685,43.56,43.565,7137
2018-04-30 09:50:00-04:00,43.595,43.595,43.48,43.485,6007
2018-04-30 09:55:00-04:00,43.49,43.53,43.49,43.525,8283
2018-04-30 10:00:00-04:00,43.525,43.525,43.435,43.465,17102
2018-04-30 10:05:00-04:00,43.465,43.49,43.43,43.465,18391
2018-04-30 10:10:00-04:00,43.465,43.465,43.44,43.44,30566
2018-04-30 10:15:00-04:00,43.435,43.435,43.375,43.39,17441
2018-04-30 10:20:00-04:00,43.39,43.4,43.37,43.375,11948
2018-04-30 10:25:00-04:00,43.375,43.395,43.34,43.395,11125
2018-04-30 10:30:00-04:00,43.395,43.435,43.35,43.365,15831
2018-04-30 10:35:00-04:00,43.37,43.415,43.37,43.41,14249
2018-04-30 10:40:00-04:00,43.415,43.46,43.405,43.405,10979
2018-04-30 10:45:00-04:00,43.41,43.41,43.36,43.375,8545
2018-04-30 10:50:00-04:00,43.375,43.39,43.365,43.375,11847
2018-04-30 10:55:00-04:00,43.375,43.375,43.32,43.32,6752
2018-04-30 11:00:00-04:00,43.32,43.365,43.32,43.36,8334
2018-04-30 11:05:00-04:00,43.36,43.38,43.355,43.38,7771
2018-04-30 11:10:00-04:00,43.38,43.42,43.32,43.34,24502
2018-04-30 11:15:00-04:00,43.33,43.33,43.255,43.26,13763
2018-04-30 11:20:00-04:00,43.26,43.3,43.255,43.29,5291
2018-04-30 11:25:00-04:00,43.29,43.29,43.25,43.255,5000
2018-04-30 11:30:00-04:00,43.255,43.305,43.25,43.26,11235
2018-04-30 11:35:00-04:00,43.27,43.275,43.25,43.26,6452
2018-04-30 11:40:00-04:00,43.26,43.265,43.24,43.24,7554
2018-04-30 11:45:00-04:00,43.24,43.26,43.23,43.25,6581
2018-04-30 11:50:00-04:00,43.245,43.25,43.22,43.24,8574
2018-04-30 11:55:00-04:00,43.24,43.31,43.235,43.28,6403
2018-04-30 12:00:00-04:00,43.29,43.29,43.25,43.25,14190
2018-04-30 12:05:00-04:00,43.25,43.28,43.21,43.28,8951
2018-04-30 12:10:00-04:00,43.28,43.28,43.24,43.26,11768
2018-04-30 12:15:00-04:00,43.265,43.27,43.23,43.24,10116
2018-04-30 12:20:00-04:00,43.23,43.24,43.22,43.24,4781
2018-04-30 12:25:00-04:00,43.24,43.285,43.24,43.26,7516
2018-04-30 12:30:00-04:00,43.26,43.26,43.21,43.215,8066
2018-04-30 12:35:00-04:00,43.215,43.22,43.17,43.17,7566
2018-04-30 12:40:00-04:00,43.17,43.2,43.17,43.18,9419
2018-04-30 12:45:00-04:00,43.18,43.18,43.11,43.11,8981
2018-04-30 12:50:00-04:00,43.11,43.115,43.05,43.07,11037
2018-04-30 12:55:00-04:00,43.07,43.12,43.065,43.12,6545
2018-04-30 13:00:00-04:00,43.12,43.125,43.1,43.115,12953
2018-04-30 13:05:00-04:00,43.115,43.14,43.095,43.105,16022
2018-04-30 13:10:00-04:00,43.11,43.145,43.09,43.1,17916
2018-04-30 13:15:00-04:00,43.1,43.12,43.085,43.11,7900
2018-04-30 13:20:00-04:00,43.1,43.125,43.07,43.08,11333
2018-04-30 13:25:00-04:00,43.09,43.125,43.08,43.11,6373
2018-04-30 13:30:00-04:00,43.11,43.12,43.08,43.08,8910
2018-04-30 13:35:00-04:00,43.08,43.1,43.075,43.08,6002
2018-04-30 13:40:00-04:00,43.09,43.115,43.085,43.115,4473
2018-04-30 13:45:00-04:00,43.115,43.12,43.08,43.1,5969
2018-04-30 13:50:00-04:00,43.11,43.11,43.09,43.09,6960
2018-04-30 13:55:00-04:00,43.09,43.11,43.09,43.1,9632
2018-04-30 14:00:00-04:00,43.1,43.1,43.05,43.07,12238
2018-04-30 14:05:00-04:00,43.07,43.075,42.985,42.99,13251
2018-04-30 14:10:00-04:00,42.98,43.02,42.975,43.02,6105
2018-04-30 14:15:00-04:00,43.03,43.07,43.01,43.02,11870
2018-04-30 14:20:00-04:00,43.04,43.07,43.04,43.07,10399
2018-04-30 14:25:00-04:00,43.07,43.095,43.06,43.095,6508
2018-04-30 14:30:00-04:00,43.085,43.12,43.08,43.08,7119
2018-04-30 14:35:00-04:00,43.1,43.11,43.07,43.07,10641
2018-04-30 14:40:00-04:00,43.08,43.105,43.07,43.09,6216
2018-04-30 14:45:00-04:00,43.09,43.13,43.08,43.13,5881
2018-04-30 14:50:00-04:00,43.125,43.15,43.12,43.14,10697
2018-04-30 14:55:00-04:00,43.14,43.155,43.11,43.12,14905
2018-04-30 15:00:00-04:00,43.12,43.135,43.045,43.05,10264
2018-04-30 15:05:00-04:00,43.055,43.11,43.03,43.11,14578
2018-04-30 15:10:00-04:00,43.105,43.14,43.1,43.12,12355
2018-04-30 15:15:00-04:00,43.13,43.15,43.11,43.12,8897
2018-04-30 15:20:00-04:00,43.12,43.165,43.12,43.14,39732
2018-04-30 15:25:00-04:00,43.14,43.16,43.13,43.155,19457
2018-04-30 15:30:00-04:00,43.15,43.19,43.14,43.19,15922
2018-04-30 15:35:00-04:00,43.19,43.27,43.19,43.25,27260
2018-04-30 15:40:00-04:00,43.25,43.28,43.195,43.195,31129
2018-04-30 15:45:00-04:00,43.2,43.25,43.19,43.22,29833
2018-04-30 15:50:00-04:00,43.21,43.225,43.19,43.22,46160
2018-04-30 15:55:00-04:00,43.22,43.24,43.19,43.2,80281
2018-05-01 09:25:00-04:00,42.96,42.96,42.96,42.96,226
2018-05-01 09:30:00-04:00,42.99,42.99,42.69,42.71,10989
2018-05-01 09:35:00-04:00,42.695,42.84,42.66,42.81,22176
2018-05-01 09:40:00-04:00,42.82,42.825,42.74,42.75,14227
2018-05-01 09:45:00-04:00,42.76,42.79,42.63,42.69,11496
2018-05-01 09:50:00-04:00,42.695,42.7,42.63,42.65,17918
2018-05-01 09:55:00-04:00,42.66,42.705,42.65,42.69,24318
2018-05-01 10:00:00-04:00,42.69,42.71,42.655,42.7,6933
2018-05-01 10:05:00-04:00,42.68,42.68,42.62,42.65,4860
2018-05-01 10:10:00-04:00,42.63,42.67,42.62,42.67,6693
2018-05-01 10:15:00-04:00,42.665,42.665,42.54,42.545,12523
2018-05-01 10:20:00-04:00,42.54,42.57,42.51,42.52,7663
2018-05-01 10:25:00-04:00,42.525,42.525,42.465,42.47,10504
2018-05-01 10:30:00-04:00,42.46,42.5,42.46,42.49,5481
2018-05-01 10:35:00-04:00,42.49,42.49,42.42,42.43,7108
2018-05-01 10:40:00-04:00,42.44,42.485,42.415,42.42,10176
2018-05-01 10:45:00-04:00,42.42,42.47,42.42,42.43,6740
2018-05-01 10:50:00-04:00,42.43,42.46,42.39,42.415,7532
2018-05-01 10:55:00-04:00,42.415,42.43,42.355,42.37,10408
2018-05-01 11:00:00-04:00,42.37,42.37,42.31,42.32,15595
2018-05-01 11:05:00-04:00,42.325,42.325,42.295,42.315,6474
2018-05-01 11:10:00-04:00,42.315,42.375,42.31,42.365,5385
2018-05-01 11:15:00-04:00,42.38,42.41,42.38,42.41,2500
2018-05-01 11:20:00-04:00,42.42,42.47,42.42,42.455,7451
2018-05-01 11:25:00-04:00,42.455,42.455,42.41,42.41,1824
2018-05-01 11:30:00-04:00,42.4,42.475,42.4,42.45,6426
2018-05-01 11:35:00-04:00,42.465,42.485,42.46,42.48,2707
2018-05-01 11:40:00-04:00,42.475,42.5,42.47,42.495,2103
2018-05-01 11:45:00-04:00,42.49,42.49,42.445,42.46,10789
2018-05-01 11:50:00-04:00,42.45,42.46,42.42,42.42,2150
2018-05-01 11:55:00-04:00,42.42,42.44,42.36,42.36,5073
2018-05-01 12:00:00-04:00,42.37,42.375,42.36,42.36,3032
2018-05-01 12:05:00-04:00,42.37,42.385,42.355,42.36,1048
2018-05-01 12:10:00-04:00,42.375,42.41,42.375,42.4,1300
2018-05-01 12:15:00-04:00,42.4,42.415,42.4,42.4,1821
2018-05-01 12:20:00-04:00,42.4,42.405,42.375,42.38,1354
2018-05-01 12:25:00-04:00,42.38,42.42,42.36,42.41,3216
2018-05-01 12:30:00-04:00,42.405,42.43,42.35,42.35,16903
2018-05-01 12:35:00-04:00,42.35,42.365,42.33,42.335,4349
2018-05-01 12:40:00-04:00,42.34,42.345,42.315,42.32,4510
2018-05-01 12:45:00-04:00,42.33,42.33,42.29,42.32,4695
2018-05-01 12:50:00-04:00,42.31,42.32,42.3,42.3,3804
2018-05-01 12:55:00-04:00,42.3,42.31,42.29,42.29,2449
2018-05-01 13:00:00-04:00,42.29,42.295,42.28,42.29,5512
2018-05-01 13:05:00-04:00,42.295,42.295,42.23,42.23,13651
2018-05-01 13:10:00-04:00,42.24,42.24,42.23,42.24,1993
2018-05-01 13:15:00-04:00,42.225,42.225,42.185,42.2,3167
2018-05-01 13:20:00-04:00,42.21,42.22,42.2,42.22,1861
2018-05-01 13:25:00-04:00,42.205,42.24,42.205,42.24,3779
2018-05-01 13:30:00-04:00,42.24,42.255,42.23,42.255,4653
2018-05-01 13:35:00-04:00,42.255,42.28,42.25,42.275,3187
2018-05-01 13:40:00-04:00,42.275,42.28,42.25,42.27,6366
2018-05-01 13:45:00-04:00,42.27,42.345,42.27,42.345,6919
2018-05-01 13:50:00-04:00,42.355,42.37,42.32,42.32,7227
2018-05-01 13:55:00-04:00,42.32,42.33,42.29,42.33,4727
2018-05-01 14:00:00-04:00,42.33,42.355,42.33,42.34,4566
2018-05-01 14:05:00-04:00,42.34,42.345,42.33,42.34,5462
2018-05-01 14:10:00-04:00,42.34,42.37,42.32,42.32,8015
2018-05-01 14:15:00-04:00,42.33,42.33,42.32,42.32,1526
2018-05-01 14:20:00-04:00,42.33,42.35,42.32,42.35,4734
2018-05-01 14:25:00-04:00,42.35,42.35,42.32,42.32,5569
2018-05-01 14:30:00-04:00,42.32,42.34,42.32,42.34,3626
2018-05-01 14:35:00-04:00,42.35,42.36,42.32,42.33,6430
2018-05-01 14:40:00-04:00,42.325,42.385,42.32,42.38,4181
2018-05-01 14:45:00-04:00,42.395,42.4,42.37,42.395,7914
2018-05-01 14:50:00-04:00,42.395,42.405,42.355,42.36,8936
2018-05-01 14:55:00-04:00,42.36,42.375,42.35,42.375,4756
2018-05-01 15:00:00-04:00,42.38,42.415,42.37,42.39,6719
2018-05-01 15:05:00-04:00,42.39,42.41,42.39,42.4,5886
2018-05-01 15:10:00-04:00,42.4,42.4,42.37,42.375,7391
2018-05-01 15:15:00-04:00,42.37,42.38,42.345,42.36,10202
2018-05-01 15:20:00-04:00,42.365,42.37,42.32,42.33,9960
2018-05-01 15:25:00-04:00,42.34,42.36,42.32,42.33,12257
2018-05-01 15:30:00-04:00,42.32,42.34,42.31,42.33,9467
2018-05-01 15:35:00-04:00,42.325,42.35,42.32,42.33,16685
2018-05-01 15:40:00-04:00,42.33,42.415,42.33,42.41,14949
2018-05-01 15:45:00-04:00,42.41,42.43,42.39,42.415,20499
2018-05-01 15:50:00-04:00,42.42,42.44,42.41,42.435,40070
2018-05-01 15:55:00-04:00,42.44,42.62,42.44,42.59,112680
2018-05-02 09:30:00-04:00,42.42,42.58,42.41,42.46,13416
2018-05-02 09:35:00-04:00,42.46,42.58,42.45,42.495,16142
2018-05-02 09:40:00-04:00,42.505,42.505,42.41,42.44,22255
2018-05-02 09:45:00-04:00,42.45,42.52,42.44,42.49,12720
2018-05-02 09:50:00-04:00,42.49,42.5,42.34,42.38,11743
2018-05-02 09:55:00-04:00,42.36,42.39,42.23,42.245,8699
2018-05-02 10:00:00-04:00,42.245,42.285,42.2,42.28,6179
2018-05-02 10:05:00-04:00,42.28,42.36,42.27,42.335,9259
2018-05-02 10:10:00-04:00,42.34,42.34,42.25,42.34,8099
2018-05-02 10:15:00-04:00,42.36,42.365,42.31,42.35,8889
2018-05-02 10:20:00-04:00,42.35,42.355,42.275,42.31,8731
2018-05-02 10:25:00-04:00,42.285,42.305,42.27,42.285,3202
2018-05-02 10:30:00-04:00,42.27,42.285,42.19,42.22,15144
2018-05-02 10:35:00-04:00,42.205,42.23,42.195,42.21,4756
2018-05-02 10:40:00-04:00,42.22,42.22,42.12,42.12,7046
2018-05-02 10:45:00-04:00,42.125,42.16,42.125,42.155,5679
2018-05-02 10:50:00-04:00,42.16,42.2,42.16,42.17,3700
2018-05-02 10:55:00-04:00,42.18,42.2,42.16,42.2,3713
2018-05-02 11:00:00-04:00,42.185,42.2,42.16,42.16,8238
2018-05-02 11:05:00-04:00,42.16,42.16,42.11,42.15,20900
2018-05-02 11:10:00-04:00,42.14,42.16,42.13,42.15,9970
2018-05-02 11:15:00-04:00,42.15,42.155,42.105,42.11,6411
2018-05-02 11:20:00-04:00,42.105,42.145,42.09,42.14,5962
2018-05-02 11:25:00-04:00,42.14,42.16,42.1,42.12,6100
2018-05-02 11:30:00-04:00,42.12,42.13,42.105,42.13,3802
2018-05-02 11:35:00-04:00,42.13,42.16,42.13,42.15,10322
2018-05-02 11:40:00-04:00,42.16,42.17,42.15,42.16,10254
2018-05-02 11:45:00-04:00,42.16,42.16,42.085,42.085,26053
2018-05-02 11:50:00-04:00,42.075,42.075,42.03,42.06,3630
2018-05-02 11:55:00-04:00,42.05,42.1,42.05,42.09,5200
2018-05-02 12:00:00-04:00,42.09,42.145,42.08,42.145,3409
2018-05-02 12:05:00-04:00,42.15,42.15,42.115,42.12,8573
2018-05-02 12:10:00-04:00,42.115,42.13,42.08,42.095,7704
2018-05-02 12:15:00-04:00,42.08,42.09,42.06,42.09,6833
2018-05-02 12:20:00-04:00,42.095,42.11,42.09,42.11,803
2018-05-02 12:25:00-04:00,42.11,42.205,42.11,42.19,11636
2018-05-02 12:30:00-04:00,42.19,42.19,42.17,42.175,3974
2018-05-02 12:35:00-04:00,42.175,42.175,42.14,42.14,3538
2018-05-02 12:40:00-04:00,42.16,42.175,42.16,42.165,2928
2018-05-02 12:45:00-04:00,42.16,42.17,42.14,42.14,3861
2018-05-02 12:50:00-04:00,42.14,42.17,42.14,42.15,2170
2018-05-02 12:55:00-04:00,42.15,42.18,42.15,42.155,1887
2018-05-02 13:00:00-04:00,42.16,42.16,42.135,42.135,4595
2018-05-02 13:05:00-04:00,42.14,42.14,42.12,42.12,4504
2018-05-02 13:10:00-04:00,42.125,42.15,42.09,42.125,4001
2018-05-02 13:15:00-04:00,42.13,42.14,42.1,42.1,3752
2018-05-02 13:20:00-04:00,42.1,42.12,42.1,42.12,1667
2018-05-02 13:25:00-04:00,42.12,42.13,42.12,42.12,850
2018-05-02 13:30:00-04:00,42.12,42.14,42.12,42.14,3992
2018-05-02 13:35:00-04:00,42.14,42.16,42.13,42.14,2075
2018-05-02 13:40:00-04:00,42.14,42.15,42.14,42.15,1494
2018-05-02 13:45:00-04:00,42.16,42.175,42.14,42.17,4514
2018-05-02 13:50:00-04:00,42.16,42.18,42.16,42.17,2707
2018-05-02 13:55:00-04:00,42.175,42.175,42.14,42.17,1793
2018-05-02 14:00:00-04:00,42.2,42.23,42.17,42.23,4461
2018-05-02 14:05:00-04:00,42.22,42.29,42.18,42.25,2094
2018-05-02 14:10:00-04:00,42.25,42.27,42.24,42.24,1745
2018-05-02 14:15:00-04:00,42.23,42.23,42.18,42.18,3535
2018-05-02 14:20:00-04:00,42.17,42.17,42.1,42.11,4010
2018-05-02 14:25:00-04:00,42.1,42.19,42.1,42.19,4543
2018-05-02 14:30:00-04:00,42.16,42.17,42.095,42.1,15781
2018-05-02 14:35:00-04:00,42.095,42.12,42.085,42.11,8610
2018-05-02 14:40:00-04:00,42.1,42.11,42.08,42.1,4628
2018-05-02 14:45:00-04:00,42.08,42.09,42.07,42.085,1107
2018-05-02 14:50:00-04:00,42.09,42.1,42.07,42.07,3929
2018-05-02 14:55:00-04:00,42.06,42.08,42.04,42.06,3701
2018-05-02 15:00:00-04:00,42.07,42.07,42.045,42.06,6429
2018-05-02 15:05:00-04:00,42.06,42.09,42.06,42.08,5060
2018-05-02 15:10:00-04:00,42.079,42.08,42.055,42.06,7376
2018-05-02 15:15:00-04:00,42.06,42.07,42.03,42.03,12225
2018-05-02 15:20:00-04:00,42.03,42.06,42.01,42.03,16779
2018-05-02 15:25:00-04:00,42.03,42.04,42.01,42.035,7418
2018-05-02 15:30:00-04:00,42.03,42.04,42.0,42.03,14003
2018-05-02 15:35:00-04:00,42.02,42.03,42.005,42.02,23309
2018-05-02 15:40:00-04:00,42.02,42.06,42.02,42.04,28097
2018-05-02 15:45:00-04:00,42.04,42.04,41.95,41.96,26578
2018-05-02 15:50:00-04:00,41.95,42.02,41.95,42.005,40284
2018-05-02 15:55:00-04:00,42.02,42.07,42.0,42.07,72462
2018-05-04 09:30:00-04:00,41.82,41.92,41.79,41.79,3522
2018-05-04 09:35:00-04:00,41.84,41.97,41.81,41.89,6728
2018-05-04 09:40:00-04:00,41.89,42.05,41.89,42.04,8549
2018-05-04 09:45:00-04:00,42.04,42.125,42.02,42.11,15704
2018-05-04 09:50:00-04:00,42.135,42.14,42.08,42.11,10715
2018-05-04 09:55:00-04:00,42.12,42.12,42.06,42.06,6564
2018-05-04 10:00:00-04:00,42.04,42.06,42.03,42.06,6139
2018-05-04 10:05:00-04:00,42.06,42.16,42.05,42.14,7863
2018-05-04 10:10:00-04:00,42.13,42.185,42.12,42.18,5155
2018-05-04 10:15:00-04:00,42.19,42.23,42.19,42.21,7034
2018-05-04 10:20:00-04:00,42.21,42.24,42.19,42.21,4169
2018-05-04 10:25:00-04:00,42.23,42.28,42.22,42.28,4653
2018-05-04 10:30:00-04:00,42.29,42.3,42.26,42.29,5067
2018-05-04 10:35:00-04:00,42.3,42.315,42.27,42.27,7243
2018-05-04 10:40:00-04:00,42.255,42.33,42.255,42.33,4828
2018-05-04 10:45:00-04:00,42.33,42.35,42.3,42.32,4081
2018-05-04 10:50:00-04:00,42.315,42.315,42.26,42.28,5400
2018-05-04 10:55:00-04:00,42.29,42.3,42.25,42.25,7422
2018-05-04 11:00:00-04:00,42.26,42.26,42.21,42.22,3059
2018-05-04 11:05:00-04:00,42.2,42.25,42.2,42.25,2666
2018-05-04 11:10:00-04:00,42.25,42.26,42.18,42.19,3746
2018-05-04 11:15:00-04:00,42.19,42.21,42.17,42.2,4300
2018-05-04 11:20:00-04:00,42.21,42.25,42.21,42.25,4453
2018-05-04 11:25:00-04:00,42.24,42.24,42.225,42.24,4485
2018-05-04 11:30:00-04:00,42.24,42.28,42.24,42.28,5017
2018-05-04 11:35:00-04:00,42.27,42.3,42.255,42.28,4559
2018-05-04 11:40:00-04:00,42.28,42.285,42.27,42.28,20300
2018-05-04 11:45:00-04:00,42.285,42.285,42.25,42.26,4970
2018-05-04 11:50:00-04:00,42.26,42.27,42.22,42.22,5320
2018-05-04 11:55:00-04:00,42.23,42.23,42.22,42.23,4103
2018-05-04 12:00:00-04:00,42.22,42.265,42.21,42.26,5751
2018-05-04 12:05:00-04:00,42.265,42.27,42.24,42.255,3395
2018-05-04 12:10:00-04:00,42.25,42.28,42.25,42.27,3769
2018-05-04 12:15:00-04:00,42.28,42.28,42.24,42.25,4802
2018-05-04 12:20:00-04:00,42.255,42.26,42.24,42.25,3545
2018-05-04 12:25:00-04:00,42.25,42.25,42.24,42.25,4601
2018-05-04 12:30:00-04:00,42.25,42.27,42.25,42.265,4009
2018-05-04 12:35:00-04:00,42.26,42.29,42.26,42.28,4990
2018-05-04 12:40:00-04:00,42.28,42.28,42.25,42.25,2801
2018-05-04 12:45:00-04:00,42.26,42.26,42.18,42.22,10237
2018-05-04 12:50:00-04:00,42.23,42.26,42.23,42.245,13690
2018-05-04 12:55:00-04:00,42.25,42.26,42.23,42.24,3489
2018-05-04 13:00:00-04:00,42.24,42.28,42.24,42.26,4140
2018-05-04 13:05:00-04:00,42.26,42.3,42.255,42.29,4430
2018-05-04 13:10:00-04:00,42.29,42.3,42.275,42.275,2773
2018-05-04 13:15:00-04:00,42.28,42.325,42.275,42.32,5125
2018-05-04 13:20:00-04:00,42.34,42.35,42.325,42.345,5174
2018-05-04 13:25:00-04:00,42.35,42.365,42.34,42.34,3449
2018-05-04 13:30:00-04:00,42.34,42.36,42.33,42.35,3217
2018-05-04 13:35:00-04:00,42.35,42.35,42.31,42.32,2612
2018-05-04 13:40:00-04:00,42.32,42.35,42.29,42.29,4810
2018-05-04 13:45:00-04:00,42.29,42.32,42.29,42.32,3149
2018-05-04 13:50:00-04:00,42.325,42.34,42.32,42.33,4601
2018-05-04 13:55:00-04:00,42.34,42.34,42.32,42.32,3166
2018-05-04 14:00:00-04:00,42.32,42.33,42.3,42.3,4540
2018-05-04 14:05:00-04:00,42.305,42.335,42.305,42.33,4725
2018-05-04 14:10:00-04:00,42.33,42.345,42.33,42.335,5283
2018-05-04 14:15:00-04:00,42.33,42.335,42.31,42.335,3822
2018-05-04 14:20:00-04:00,42.34,42.37,42.335,42.36,5196
2018-05-04 14:25:00-04:00,42.37,42.42,42.36,42.42,3892
2018-05-04 14:30:00-04:00,42.42,42.43,42.41,42.41,5775
2018-05-04 14:35:00-04:00,42.415,42.435,42.41,42.42,4752
2018-05-04 14:40:00-04:00,42.41,42.46,42.41,42.45,4601
2018-05-04 14:45:00-04:00,42.46,42.49,42.46,42.48,3704
2018-05-04 14:50:00-04:00,42.48,42.48,42.46,42.48,2399
2018-05-04 14:55:00-04:00,42.47,42.475,42.43,42.445,4602
2018-05-04 15:00:00-04:00,42.45,42.47,42.44,42.45,6114
2018-05-04 15:05:00-04:00,42.455,42.455,42.395,42.415,3438
2018-05-04 15:10:00-04:00,42.41,42.435,42.4,42.43,5416
2018-05-04 15:15:00-04:00,42.42,42.45,42.41,42.44,5060
2018-05-04 15:20:00-04:00,42.44,42.475,42.425,42.47,9547
2018-05-04 15:25:00-04:00,42.47,42.48,42.47,42.48,4403
2018-05-04 15:30:00-04:00,42.48,42.485,42.445,42.45,108439
2018-05-04 15:35:00-04:00,42.45,42.46,42.4,42.41,15770
2018-05-04 15:40:00-04:00,42.415,42.42,42.39,42.4,18985
2018-05-04 15:45:00-04:00,42.385,42.395,42.33,42.33,16698
2018-05-04 15:50:00-04:00,42.33,42.33,42.305,42.31,20654
2018-05-04 15:55:00-04:00,42.31,42.39,42.3,42.36,45346
2018-05-07 09:30:00-04:00,42.29,42.35,42.22,42.35,2163
2018-05-07 09:35:00-04:00,42.355,42.37,42.33,42.33,1932
2018-05-07 09:40:00-04:00,42.32,42.36,42.31,42.36,1285
2018-05-07 09:45:00-04:00,42.39,42.39,42.32,42.37,3328
2018-05-07 09:50:00-04:00,42.365,42.42,42.36,42.38,9300
2018-05-07 09:55:00-04:00,42.37,42.44,42.36,42.44,6072
2018-05-07 10:00:00-04:00,42.44,42.49,42.43,42.49,10404
2018-05-07 10:05:00-04:00,42.48,42.49,42.42,42.42,5399
2018-05-07 10:10:00-04:00,42.43,42.44,42.38,42.39,5783
2018-05-07 10:15:00-04:00,42.39,42.41,42.37,42.39,5175
2018-05-07 10:20:00-04:00,42.39,42.43,42.37,42.39,5071
2018-05-07 10:25:00-04:00,42.41,42.42,42.34,42.36,6206
2018-05-07 10:30:00-04:00,42.365,42.37,42.29,42.33,3823
2018-05-07 10:35:00-04:00,42.33,42.33,42.28,42.315,3036
2018-05-07 10:40:00-04:00,42.32,42.34,42.275,42.28,6405
2018-05-07 10:45:00-04:00,42.29,42.295,42.28,42.29,2000
2018-05-07 10:50:00-04:00,42.295,42.295,42.23,42.23,3335
2018-05-07 10:55:00-04:00,42.23,42.24,42.21,42.23,3482
2018-05-07 11:00:00-04:00,42.25,42.25,42.2,42.2,2415
2018-05-07 11:05:00-04:00,42.18,42.23,42.18,42.23,3876
2018-05-07 11:10:00-04:00,42.21,42.27,42.21,42.24,4229
2018-05-07 11:15:00-04:00,42.24,42.24,42.21,42.215,3201
2018-05-07 11:20:00-04:00,42.205,42.21,42.19,42.19,3278
2018-05-07 11:25:00-04:00,42.17,42.18,42.15,42.16,2355
2018-05-07 11:30:00-04:00,42.16,42.22,42.14,42.19,5803
2018-05-07 11:35:00-04:00,42.18,42.19,42.15,42.19,5975
2018-05-07 11:40:00-04:00,42.18,42.185,42.13,42.13,5039
2018-05-07 11:45:00-04:00,42.14,42.15,42.12,42.12,1853
2018-05-07 11:50:00-04:00,42.12,42.14,42.11,42.125,795
2018-05-07 11:55:00-04:00,42.12,42.12,42.1,42.12,1803
2018-05-07 12:00:00-04:00,42.11,42.125,42.09,42.09,1698
2018-05-07 12:05:00-04:00,42.1,42.12,42.09,42.11,2600
2018-05-07 12:10:00-04:00,42.11,42.14,42.11,42.14,800
2018-05-07 12:15:00-04:00,42.14,42.195,42.14,42.17,3470
2018-05-07 12:20:00-04:00,42.18,42.18,42.15,42.155,800
2018-05-07 12:25:00-04:00,42.16,42.18,42.16,42.18,1639
2018-05-07 12:30:00-04:00,42.17,42.19,42.17,42.19,1900
2018-05-07 12:35:00-04:00,42.18,42.185,42.17,42.17,2000
2018-05-07 12:40:00-04:00,42.16,42.175,42.16,42.16,3773
2018-05-07 12:45:00-04:00,42.15,42.155,42.12,42.13,3700
2018-05-07 12:50:00-04:00,42.12,42.135,42.1,42.11,5794
2018-05-07 12:55:00-04:00,42.115,42.12,42.09,42.1,2270
2018-05-07 13:00:00-04:00,42.105,42.13,42.1,42.13,4832
2018-05-07 13:05:00-04:00,42.13,42.135,42.09,42.11,7690
2018-05-07 13:10:00-04:00,42.12,42.13,42.12,42.12,2079
2018-05-07 13:15:00-04:00,42.12,42.13,42.11,42.125,3066
2018-05-07 13:20:00-04:00,42.12,42.15,42.12,42.14,3700
2018-05-07 13:25:00-04:00,42.14,42.165,42.14,42.16,3141
2018-05-07 13:30:00-04:00,42.17,42.18,42.15,42.18,4161
2018-05-07 13:35:00-04:00,42.18,42.2,42.17,42.19,2675
2018-05-07 13:40:00-04:00,42.18,42.19,42.16,42.17,2748
2018-05-07 13:45:00-04:00,42.16,42.165,42.155,42.155,1225
2018-05-07 13:50:00-04:00,42.155,42.155,42.135,42.14,5352
2018-05-07 13:55:00-04:00,42.14,42.17,42.14,42.155,2744
2018-05-07 14:00:00-04:00,42.16,42.19,42.16,42.165,2131
2018-05-07 14:05:00-04:00,42.15,42.17,42.14,42.17,8819
2018-05-07 14:10:00-04:00,42.16,42.18,42.15,42.18,4267
2018-05-07 14:15:00-04:00,42.18,42.19,42.17,42.19,46570
2018-05-07 14:20:00-04:00,42.19,42.225,42.19,42.21,3908
2018-05-07 14:25:00-04:00,42.21,42.21,42.2,42.2,3500
2018-05-07 14:30:00-04:00,42.2,42.23,42.2,42.23,4091
2018-05-07 14:35:00-04:00,42.23,42.25,42.22,42.22,3115
2018-05-07 14:40:00-04:00,42.22,42.24,42.19,42.2,4668
2018-05-07 14:45:00-04:00,42.2,42.21,42.13,42.13,6531
2018-05-07 14:50:00-04:00,42.13,42.16,42.12,42.155,7011
2018-05-07 14:55:00-04:00,42.15,42.155,42.14,42.14,3180
2018-05-07 15:00:00-04:00,42.14,42.145,42.11,42.12,4020
2018-05-07 15:05:00-04:00,42.125,42.125,42.09,42.11,2519
2018-05-07 15:10:00-04:00,42.105,42.11,42.02,42.03,4617
2018-05-07 15:15:00-04:00,42.03,42.04,42.01,42.015,13801
2018-05-07 15:20:00-04:00,42.015,42.04,41.97,41.98,11187
2018-05-07 15:25:00-04:00,41.98,42.01,41.98,42.01,5547
2018-05-07 15:30:00-04:00,42.01,42.035,42.0,42.035,9120
2018-05-07 15:35:00-04:00,42.04,42.09,42.04,42.06,7249
2018-05-07 15:40:00-04:00,42.06,42.075,42.04,42.07,11751
2018-05-07 15:45:00-04:00,42.07,42.11,42.04,42.1,14980
2018-05-07 15:50:00-04:00,42.11,42.11,42.08,42.11,23457
2018-05-07 15:55:00-04:00,42.105,42.14,42.095,42.14,69830
2018-05-08 09:30:00-04:00,41.97,42.06,41.94,42.02,7692
2018-05-08 09:35:00-04:00,41.995,42.01,41.87,41.91,12657
2018-05-08 09:40:00-04:00,41.925,41.93,41.865,41.88,6622
2018-05-08 09:45:00-04:00,41.88,41.88,41.75,41.77,13318
2018-05-08 09:50:00-04:00,41.775,41.805,41.73,41.765,11876
2018-05-08 09:55:00-04:00,41.775,41.775,41.7,41.735,10738
2018-05-08 10:00:00-04:00,41.74,41.755,41.71,41.74,12659
2018-05-08 10:05:00-04:00,41.74,41.775,41.73,41.75,10395
2018-05-08 10:10:00-04:00,41.755,41.83,41.75,41.8,27260
2018-05-08 10:15:00-04:00,41.805,41.88,41.795,41.88,11574
2018-05-08 10:20:00-04:00,41.87,41.915,41.845,41.905,12134
2018-05-08 10:25:00-04:00,41.91,41.915,41.86,41.9,10266
2018-05-08 10:30:00-04:00,41.9,41.96,41.895,41.96,12217
2018-05-08 10:35:00-04:00,41.96,41.975,41.905,41.905,6351
2018-05-08 10:40:00-04:00,41.9,41.91,41.865,41.865,54340
2018-05-08 10:45:00-04:00,41.885,41.92,41.84,41.84,5940
2018-05-08 10:50:00-04:00,41.83,41.83,41.8,41.82,15107
2018-05-08 10:55:00-04:00,41.81,41.83,41.78,41.78,16930
2018-05-08 11:00:00-04:00,41.775,41.785,41.74,41.78,8645
2018-05-08 11:05:00-04:00,41.78,41.83,41.76,41.82,11582
2018-05-08 11:10:00-04:00,41.815,41.92,41.815,41.885,8794
2018-05-08 11:15:00-04:00,41.9,41.95,41.89,41.94,9086
2018-05-08 11:20:00-04:00,41.94,41.95,41.91,41.925,8191
2018-05-08 11:25:00-04:00,41.94,41.97,41.93,41.955,9573
2018-05-08 11:30:00-04:00,41.95,41.96,41.93,41.93,86985
2018-05-08 11:35:00-04:00,41.94,41.98,41.93,41.96,23821
2018-05-08 11:40:00-04:00,41.97,42.01,41.97,42.01,22901
2018-05-08 11:45:00-04:00,42.0,42.005,41.94,41.94,8514
2018-05-08 11:50:00-04:00,41.935,41.94,41.89,41.895,18217
2018-05-08 11:55:00-04:00,41.895,41.9,41.83,41.84,9859
2018-05-08 12:00:00-04:00,41.845,41.86,41.835,41.86,3500
2018-05-08 12:05:00-04:00,41.88,41.93,41.875,41.92,6411
2018-05-08 12:10:00-04:00,41.925,41.93,41.92,41.92,10463
2018-05-08 12:15:00-04:00,41.92,41.92,41.875,41.875,7955
2018-05-08 12:20:00-04:00,41.89,41.89,41.85,41.85,1851
2018-05-08 12:25:00-04:00,41.84,41.84,41.82,41.84,3502
2018-05-08 12:30:00-04:00,41.85,41.86,41.85,41.86,3770
2018-05-08 12:35:00-04:00,41.87,41.87,41.84,41.85,2955
2018-05-08 12:40:00-04:00,41.865,41.88,41.855,41.865,5031
2018-05-08 12:45:00-04:00,41.86,41.89,41.86,41.87,2525
2018-05-08 12:50:00-04:00,41.875,41.89,41.85,41.86,5519
2018-05-08 12:55:00-04:00,41.86,41.881,41.85,41.865,3400
2018-05-08 13:00:00-04:00,41.86,41.905,41.86,41.88,2276
2018-05-08 13:05:00-04:00,41.88,41.88,41.86,41.87,2271
2018-05-08 13:10:00-04:00,41.86,41.89,41.86,41.88,1331
2018-05-08 13:15:00-04:00,41.87,41.87,41.85,41.85,3461
2018-05-08 13:20:00-04:00,41.855,41.855,41.84,41.85,3249
2018-05-08 13:25:00-04:00,41.85,41.905,41.85,41.9,2036
2018-05-08 13:30:00-04:00,41.9,41.92,41.895,41.905,2066
2018-05-08 13:35:00-04:00,41.89,41.89,41.855,41.855,1330
2018-05-08 13:40:00-04:00,41.86,41.87,41.85,41.87,4115
2018-05-08 13:45:00-04:00,41.89,41.895,41.89,41.895,2189
2018-05-08 13:50:00-04:00,41.895,41.91,41.89,41.895,2718
2018-05-08 13:55:00-04:00,41.89,41.9,41.87,41.9,1880
2018-05-08 14:00:00-04:00,41.895,41.91,41.87,41.87,56124
2018-05-08 14:05:00-04:00,41.86,41.86,41.82,41.83,3141
2018-05-08 14:10:00-04:00,41.82,41.83,41.77,41.78,5687
2018-05-08 14:15:00-04:00,41.79,41.81,41.771,41.771,6097
2018-05-08 14:20:00-04:00,41.79,41.8,41.75,41.79,5953
2018-05-08 14:25:00-04:00,41.83,41.845,41.78,41.78,6971
2018-05-08 14:30:00-04:00,41.79,41.81,41.77,41.79,3529
2018-05-08 14:35:00-04:00,41.785,41.79,41.75,41.76,3737
2018-05-08 14:40:00-04:00,41.75,41.75,41.7,41.705,7131
2018-05-08 14:45:00-04:00,41.705,41.725,41.705,41.71,7046
2018-05-08 14:50:00-04:00,41.71,41.78,41.71,41.75,4681
2018-05-08 14:55:00-04:00,41.74,41.75,41.72,41.73,3123
2018-05-08 15:00:00-04:00,41.735,41.78,41.705,41.775,2391
2018-05-08 15:05:00-04:00,41.78,41.805,41.78,41.78,3671
2018-05-08 15:10:00-04:00,41.775,41.8,41.76,41.775,7857
2018-05-08 15:15:00-04:00,41.77,41.79,41.75,41.77,4859
2018-05-08 15:20:00-04:00,41.78,41.785,41.77,41.77,2982
2018-05-08 15:25:00-04:00,41.77,41.775,41.75,41.76,2306
2018-05-08 15:30:00-04:00,41.76,41.81,41.755,41.8,12306
2018-05-08 15:35:00-04:00,41.8,41.83,41.8,41.83,8359
2018-05-08 15:40:00-04:00,41.83,41.84,41.79,41.79,12842
2018-05-08 15:45:00-04:00,41.79,41.79,41.755,41.775,11636
2018-05-08 15:50:00-04:00,41.78,41.84,41.75,41.765,18962
2018-05-08 15:55:00-04:00,41.77,41.82,41.76,41.82,33298
2018-05-09 09:30:00-04:00,41.98,41.98,41.89,41.89,6410
2018-05-09 09:35:00-04:00,41.92,41.96,41.9,41.91,10458
2018-05-09 09:40:00-04:00,41.92,42.09,41.92,42.09,5944
2018-05-09 09:45:00-04:00,42.08,42.22,42.05,42.2,13335
2018-05-09 09:50:00-04:00,42.2,42.21,42.1,42.12,4957
2018-05-09 09:55:00-04:00,42.155,42.155,42.11,42.11,5270
2018-05-09 10:00:00-04:00,42.11,42.12,42.04,42.08,4427
2018-05-09 10:05:00-04:00,42.08,42.08,42.0,42.0,4500
2018-05-09 10:10:00-04:00,42.0,42.0,41.96,41.98,4017
2018-05-09 10:15:00-04:00,41.98,41.98,41.885,41.885,7981
2018-05-09 10:20:00-04:00,41.885,41.885,41.81,41.82,7179
2018-05-09 10:25:00-04:00,41.815,41.89,41.8,41.89,6546
2018-05-09 10:30:00-04:00,41.89,41.89,41.82,41.89,15241
2018-05-09 10:35:00-04:00,41.89,41.9,41.86,41.86,9837
2018-05-09 10:40:00-04:00,41.85,41.865,41.81,41.815,7873
2018-05-09 10:45:00-04:00,41.82,41.84,41.815,41.84,6278
2018-05-09 10:50:00-04:00,41.84,41.845,41.82,41.82,4673
2018-05-09 10:55:00-04:00,41.83,41.84,41.81,41.82,4476
2018-05-09 11:00:00-04:00,41.82,41.82,41.77,41.78,2643
2018-05-09 11:05:00-04:00,41.77,41.79,41.77,41.78,4546
2018-05-09 11:10:00-04:00,41.785,41.8,41.755,41.755,9126
2018-05-09 11:15:00-04:00,41.76,41.79,41.75,41.78,6071
2018-05-09 11:20:00-04:00,41.78,41.795,41.765,41.79,6874
2018-05-09 11:25:00-04:00,41.79,41.82,41.79,41.81,4921
2018-05-09 11:30:00-04:00,41.8,41.85,41.8,41.84,5459
2018-05-09 11:35:00-04:00,41.83,41.84,41.8,41.8,4169
2018-05-09 11:40:00-04:00,41.81,41.82,41.8,41.8,3610
2018-05-09 11:45:00-04:00,41.79,41.79,41.76,41.765,2600
2018-05-09 11:50:00-04:00,41.755,41.8,41.755,41.79,2805
2018-05-09 11:55:00-04:00,41.79,41.8,41.77,41.77,6853
2018-05-09 12:00:00-04:00,41.755,41.76,41.72,41.74,6797
2018-05-09 12:05:00-04:00,41.74,41.76,41.72,41.73,6176
2018-05-09 12:10:00-04:00,41.74,41.75,41.74,41.75,3970
2018-05-09 12:15:00-04:00,41.75,41.79,41.75,41.76,5904
2018-05-09 12:20:00-04:00,41.75,41.8,41.75,41.8,9051
2018-05-09 12:25:00-04:00,41.8,41.84,41.79,41.83,5747
2018-05-09 12:30:00-04:00,41.84,41.86,41.82,41.82,7524
2018-05-09 12:35:00-04:00,41.82,41.82,41.79,41.79,4577
2018-05-09 12:40:00-04:00,41.78,41.82,41.76,41.81,5299
2018-05-09 12:45:00-04:00,41.82,41.87,41.815,41.87,7446
2018-05-09 12:50:00-04:00,41.87,41.88,41.85,41.86,9837
2018-05-09 12:55:00-04:00,41.87,41.9,41.87,41.9,6889
2018-05-09 13:00:00-04:00,41.91,41.93,41.89,41.89,6247
2018-05-09 13:05:00-04:00,41.89,41.905,41.88,41.905,3810
2018-05-09 13:10:00-04:00,41.905,41.93,41.89,41.89,10355
2018-05-09 13:15:00-04:00,41.9,41.92,41.89,41.92,7818
2018-05-09 13:20:00-04:00,41.93,41.93,41.88,41.9,3342
2018-05-09 13:25:00-04:00,41.89,41.91,41.875,41.91,6589
2018-05-09 13:30:00-04:00,41.92,41.93,41.905,41.93,5634
2018-05-09 13:35:00-04:00,41.93,41.93,41.9,41.9,3475
2018-05-09 13:40:00-04:00,41.9,41.92,41.9,41.91,6273
2018-05-09 13:45:00-04:00,41.91,41.94,41.91,41.93,3083
2018-05-09 13:50:00-04:00,41.935,41.94,41.905,41.93,4476
2018-05-09 13:55:00-04:00,41.93,41.93,41.88,41.91,3869
2018-05-09 14:00:00-04:00,41.89,41.91,41.88,41.89,3861
2018-05-09 14:05:00-04:00,41.885,41.91,41.875,41.875,7191
2018-05-09 14:10:00-04:00,41.88,41.9,41.87,41.87,7442
2018-05-09 14:15:00-04:00,41.87,41.9,41.87,41.895,11988
2018-05-09 14:20:00-04:00,41.88,41.88,41.82,41.84,6476
2018-05-09 14:25:00-04:00,41.83,41.84,41.81,41.84,7900
2018-05-09 14:30:00-04:00,41.84,41.85,41.825,41.84,6949
2018-05-09 14:35:00-04:00,41.84,41.85,41.82,41.82,4826
2018-05-09 14:40:00-04:00,41.82,41.83,41.82,41.825,7299
2018-05-09 14:45:00-04:00,41.82,41.825,41.78,41.785,9570
2018-05-09 14:50:00-04:00,41.79,41.805,41.75,41.75,7771
2018-05-09 14:55:00-04:00,41.76,41.78,41.755,41.78,5664
2018-05-09 15:00:00-04:00,41.78,41.79,41.755,41.79,7142
2018-05-09 15:05:00-04:00,41.8,41.81,41.78,41.78,4883
2018-05-09 15:10:00-04:00,41.785,41.81,41.78,41.78,7240
2018-05-09 15:15:00-04:00,41.78,41.785,41.75,41.77,4574
2018-05-09 15:20:00-04:00,41.77,41.775,41.75,41.75,2320
2018-05-09 15:25:00-04:00,41.755,41.77,41.75,41.755,7396
2018-05-09 15:30:00-04:00,41.755,41.77,41.71,41.71,7745
2018-05-09 15:35:00-04:00,41.72,41.73,41.68,41.685,7846
2018-05-09 15:40:00-04:00,41.68,41.71,41.68,41.705,12408
2018-05-09 15:45:00-04:00,41.71,41.815,41.705,41.815,15327
2018-05-09 15:50:00-04:00,41.82,41.82,41.73,41.74,23601
2018-05-09 15:55:00-04:00,41.75,41.78,41.72,41.78,53274
2018-05-10 09:25:00-04:00,41.96,41.96,41.96,41.96,1047
2018-05-10 09:30:00-04:00,41.99,42.045,41.95,42.01,9363
2018-05-10 09:35:00-04:00,42.015,42.03,41.98,42.005,10863
2018-05-10 09:40:00-04:00,42.02,42.1,42.01,42.075,8315
2018-05-10 09:45:00-04:00,42.08,42.1,42.055,42.07,7083
2018-05-10 09:50:00-04:00,42.09,42.18,42.09,42.18,3996
2018-05-10 09:55:00-04:00,42.19,42.21,42.17,42.17,6324
2018-05-10 10:00:00-04:00,42.18,42.235,42.18,42.225,4707
2018-05-10 10:05:00-04:00,42.21,42.22,42.15,42.15,6084
2018-05-10 10:10:00-04:00,42.14,42.14,42.11,42.13,2817
2018-05-10 10:15:00-04:00,42.12,42.12,42.04,42.045,1258
2018-05-10 10:20:00-04:00,42.06,42.105,42.06,42.105,300
2018-05-10 10:25:00-04:00,42.085,42.13,42.085,42.115,725
2018-05-10 10:30:00-04:00,42.115,42.115,42.08,42.08,1217
2018-05-10 10:35:00-04:00,42.075,42.085,42.06,42.085,2630
2018-05-10 10:40:00-04:00,42.08,42.08,42.05,42.05,1127
2018-05-10 10:45:00-04:00,42.055,42.06,42.04,42.045,3454
2018-05-10 10:50:00-04:00,42.04,42.11,42.04,42.11,6343
2018-05-10 10:55:00-04:00,42.11,42.135,42.1,42.125,7803
2018-05-10 11:00:00-04:00,42.11,42.17,42.11,42.15,2000
2018-05-10 11:05:00-04:00,42.15,42.15,42.13,42.14,1339
2018-05-10 11:10:00-04:00,42.135,42.14,42.1,42.1,3258
2018-05-10 11:15:00-04:00,42.11,42.16,42.11,42.16,3489
2018-05-10 11:20:00-04:00,42.16,42.17,42.15,42.15,2299
2018-05-10 11:25:00-04:00,42.15,42.16,42.09,42.095,3990
2018-05-10 11:30:00-04:00,42.1,42.12,42.09,42.1,4115
2018-05-10 11:35:00-04:00,42.11,42.12,42.085,42.085,1500
2018-05-10 11:40:00-04:00,42.09,42.1,42.085,42.1,1805
2018-05-10 11:45:00-04:00,42.1,42.13,42.1,42.12,1882
2018-05-10 11:50:00-04:00,42.12,42.14,42.12,42.14,1817
2018-05-10 11:55:00-04:00,42.14,42.16,42.13,42.155,3577
2018-05-10 12:00:00-04:00,42.16,42.18,42.15,42.18,2567
2018-05-10 12:05:00-04:00,42.175,42.2,42.17,42.2,3709
2018-05-10 12:10:00-04:00,42.195,42.22,42.195,42.21,1513
2018-05-10 12:15:00-04:00,42.205,42.211,42.2,42.211,1009
2018-05-10 12:20:00-04:00,42.22,42.23,42.21,42.225,3894
2018-05-10 12:25:00-04:00,42.23,42.36,42.23,42.35,5674
2018-05-10 12:30:00-04:00,42.34,42.34,42.31,42.32,2184
2018-05-10 12:35:00-04:00,42.33,42.34,42.31,42.31,2208
2018-05-10 12:40:00-04:00,42.31,42.32,42.285,42.29,1613
2018-05-10 12:45:00-04:00,42.29,42.31,42.29,42.3,1127
2018-05-10 12:50:00-04:00,42.29,42.3,42.285,42.29,2223
2018-05-10 12:55:00-04:00,42.29,42.29,42.26,42.26,1932
2018-05-10 13:00:00-04:00,42.26,42.28,42.25,42.25,3183
2018-05-10 13:05:00-04:00,42.245,42.27,42.24,42.27,3900
2018-05-10 13:10:00-04:00,42.27,42.28,42.24,42.25,4804
2018-05-10 13:15:00-04:00,42.255,42.275,42.25,42.275,5227
2018-05-10 13:20:00-04:00,42.28,42.3,42.27,42.28,3110
2018-05-10 13:25:00-04:00,42.275,42.28,42.265,42.27,2714
2018-05-10 13:30:00-04:00,42.26,42.27,42.245,42.26,2119
2018-05-10 13:35:00-04:00,42.25,42.27,42.245,42.25,2546
2018-05-10 13:40:00-04:00,42.245,42.25,42.22,42.24,2570
2018-05-10 13:45:00-04:00,42.23,42.24,42.22,42.225,2442
2018-05-10 13:50:00-04:00,42.215,42.24,42.215,42.22,2226
2018-05-10 13:55:00-04:00,42.22,42.235,42.21,42.23,3395
2018-05-10 14:00:00-04:00,42.245,42.25,42.22,42.225,2478
2018-05-10 14:05:00-04:00,42.22,42.25,42.21,42.245,3386
2018-05-10 14:10:00-04:00,42.245,42.27,42.245,42.265,4079
2018-05-10 14:15:00-04:00,42.26,42.275,42.245,42.27,4776
2018-05-10 14:20:00-04:00,42.27,42.27,42.22,42.22,3787
2018-05-10 14:25:00-04:00,42.22,42.23,42.21,42.22,2975
2018-05-10 14:30:00-04:00,42.22,42.225,42.165,42.175,3589
2018-05-10 14:35:00-04:00,42.17,42.19,42.15,42.15,4906
2018-05-10 14:40:00-04:00,42.14,42.17,42.14,42.165,3339
2018-05-10 14:45:00-04:00,42.16,42.19,42.16,42.19,6554
2018-05-10 14:50:00-04:00,42.18,42.2,42.17,42.2,2956
2018-05-10 14:55:00-04:00,42.18,42.18,42.15,42.18,4278
2018-05-10 15:00:00-04:00,42.18,42.195,42.15,42.155,4464
2018-05-10 15:05:00-04:00,42.16,42.16,42.13,42.145,3600
2018-05-10 15:10:00-04:00,42.145,42.155,42.14,42.15,5860
2018-05-10 15:15:00-04:00,42.15,42.15,42.1,42.11,7141
2018-05-10 15:20:00-04:00,42.105,42.105,42.09,42.095,5450
2018-05-10 15:25:00-04:00,42.095,42.14,42.09,42.13,7177
2018-05-10 15:30:00-04:00,42.13,42.13,42.1,42.11,5564
2018-05-10 15:35:00-04:00,42.11,42.115,42.1,42.11,51768
2018-05-10 15:40:00-04:00,42.1,42.15,42.1,42.14,12821
2018-05-10 15:45:00-04:00,42.14,42.15,42.115,42.12,18391
2018-05-10 15:50:00-04:00,42.125,42.165,42.12,42.12,17871
2018-05-10 15:55:00-04:00,42.11,42.18,42.105,42.17,44025
2018-05-11 09:30:00-04:00,42.23,42.4,42.23,42.37,7602
2018-05-11 09:35:00-04:00,42.365,42.365,42.31,42.34,6851
2018-05-11 09:40:00-04:00,42.365,42.415,42.295,42.415,5841
2018-05-11 09:45:00-04:00,42.415,42.46,42.37,42.38,5895
2018-05-11 09:50:00-04:00,42.37,42.415,42.37,42.375,4007
2018-05-11 09:55:00-04:00,42.385,42.4,42.36,42.39,8514
2018-05-11 10:00:00-04:00,42.435,42.44,42.31,42.31,4789
2018-05-11 10:05:00-04:00,42.32,42.32,42.22,42.25,8184
2018-05-11 10:10:00-04:00,42.24,42.26,42.21,42.23,3511
2018-05-11 10:15:00-04:00,42.22,42.22,42.145,42.145,5145
2018-05-11 10:20:00-04:00,42.145,42.21,42.145,42.21,5636
2018-05-11 10:25:00-04:00,42.21,42.22,42.18,42.19,10181
2018-05-11 10:30:00-04:00,42.21,42.21,42.16,42.21,6892
2018-05-11 10:35:00-04:00,42.21,42.25,42.19,42.23,5852
2018-05-11 10:40:00-04:00,42.23,42.245,42.23,42.24,7081
2018-05-11 10:45:00-04:00,42.25,42.25,42.18,42.18,8001
2018-05-11 10:50:00-04:00,42.185,42.195,42.16,42.18,4858
2018-05-11 10:55:00-04:00,42.18,42.215,42.18,42.215,4998
2018-05-11 11:00:00-04:00,42.21,42.22,42.21,42.215,3281
2018-05-11 11:05:00-04:00,42.215,42.23,42.17,42.17,7298
2018-05-11 11:10:00-04:00,42.16,42.18,42.16,42.18,5173
2018-05-11 11:15:00-04:00,42.175,42.18,42.15,42.15,3675
2018-05-11 11:20:00-04:00,42.15,42.17,42.15,42.16,2985
2018-05-11 11:25:00-04:00,42.16,42.185,42.15,42.15,3989
2018-05-11 11:30:00-04:00,42.16,42.18,42.15,42.15,4677
2018-05-11 11:35:00-04:00,42.16,42.175,42.16,42.17,2556
2018-05-11 11:40:00-04:00,42.17,42.195,42.16,42.195,4700
2018-05-11 11:45:00-04:00,42.195,42.205,42.15,42.17,3195
2018-05-11 11:50:00-04:00,42.17,42.17,42.16,42.16,3640
2018-05-11 11:55:00-04:00,42.17,42.17,42.15,42.16,3096
2018-05-11 12:00:00-04:00,42.175,42.185,42.145,42.15,7230
2018-05-11 12:05:00-04:00,42.16,42.175,42.16,42.16,5178
2018-05-11 12:10:00-04:00,42.145,42.15,42.11,42.115,4015
2018-05-11 12:15:00-04:00,42.11,42.135,42.1,42.12,2976
2018-05-11 12:20:00-04:00,42.12,42.13,42.11,42.12,3913
2018-05-11 12:25:00-04:00,42.11,42.125,42.1,42.11,4665
2018-05-11 12:30:00-04:00,42.11,42.14,42.11,42.14,2857
2018-05-11 12:35:00-04:00,42.135,42.15,42.13,42.15,3030
2018-05-11 12:40:00-04:00,42.14,42.145,42.12,42.12,3321
2018-05-11 12:45:00-04:00,42.125,42.155,42.115,42.155,4234
2018-05-11 12:50:00-04:00,42.155,42.185,42.15,42.17,40895
2018-05-11 12:55:00-04:00,42.16,42.165,42.13,42.14,3956
2018-05-11 13:00:00-04:00,42.13,42.15,42.13,42.13,2160
2018-05-11 13:05:00-04:00,42.12,42.13,42.11,42.11,2371
2018-05-11 13:10:00-04:00,42.115,42.14,42.11,42.125,3236
2018-05-11 13:15:00-04:00,42.12,42.125,42.12,42.12,2527
2018-05-11 13:20:00-04:00,42.115,42.14,42.115,42.13,2956
2018-05-11 13:25:00-04:00,42.13,42.13,42.115,42.115,1832
2018-05-11 13:30:00-04:00,42.115,42.115,42.08,42.095,4917
2018-05-11 13:35:00-04:00,42.1,42.1,42.085,42.085,1811
2018-05-11 13:40:00-04:00,42.085,42.09,42.06,42.06,1906
2018-05-11 13:45:00-04:00,42.06,42.12,42.06,42.1,5747
2018-05-11 13:50:00-04:00,42.105,42.12,42.09,42.12,1825
2018-05-11 13:55:00-04:00,42.11,42.12,42.095,42.11,755
2018-05-11 14:00:00-04:00,42.1,42.12,42.1,42.12,2832
2018-05-11 14:05:00-04:00,42.12,42.12,42.08,42.09,5767
2018-05-11 14:10:00-04:00,42.09,42.09,42.04,42.06,7009
2018-05-11 14:15:00-04:00,42.055,42.09,42.055,42.09,8599
2018-05-11 14:20:00-04:00,42.09,42.105,42.085,42.105,5170
2018-05-11 14:25:00-04:00,42.11,42.11,42.095,42.105,2935
2018-05-11 14:30:00-04:00,42.11,42.115,42.105,42.115,1618
2018-05-11 14:35:00-04:00,42.11,42.13,42.1,42.12,3238
2018-05-11 14:40:00-04:00,42.11,42.12,42.09,42.09,3342
2018-05-11 14:45:00-04:00,42.09,42.11,42.09,42.11,2537
2018-05-11 14:50:00-04:00,42.1,42.11,42.08,42.09,1335
2018-05-11 14:55:00-04:00,42.085,42.13,42.085,42.13,3734
2018-05-11 15:00:00-04:00,42.11,42.115,42.1,42.115,2574
2018-05-11 15:05:00-04:00,42.11,42.13,42.09,42.115,3486
2018-05-11 15:10:00-04:00,42.12,42.125,42.11,42.11,1996
2018-05-11 15:15:00-04:00,42.12,42.12,42.09,42.105,3714
2018-05-11 15:20:00-04:00,42.11,42.115,42.095,42.11,6783
2018-05-11 15:25:00-04:00,42.11,42.11,42.09,42.1,5735
2018-05-11 15:30:00-04:00,42.105,42.12,42.09,42.115,5552
2018-05-11 15:35:00-04:00,42.11,42.15,42.11,42.15,7901
2018-05-11 15:40:00-04:00,42.14,42.14,42.1,42.12,12823
2018-05-11 15:45:00-04:00,42.11,42.11,42.075,42.095,15470
2018-05-11 15:50:00-04:00,42.1,42.1,42.08,42.09,14252
2018-05-11 15:55:00-04:00,42.085,42.15,42.07,42.14,33150
2018-05-14 09:30:00-04:00,42.29,42.31,42.19,42.26,5287
2018-05-14 09:35:00-04:00,42.265,42.3,42.205,42.25,3364
2018-05-14 09:40:00-04:00,42.23,42.23,42.18,42.2,4775
2018-05-14 09:45:00-04:00,42.21,42.23,42.2,42.22,2569
2018-05-14 09:50:00-04:00,42.19,42.26,42.19,42.245,1231
2018-05-14 09:55:00-04:00,42.23,42.26,42.21,42.25,3384
2018-05-14 10:00:00-04:00,42.26,42.26,42.21,42.24,3307
2018-05-14 10:05:00-04:00,42.23,42.25,42.19,42.195,3684
2018-05-14 10:10:00-04:00,42.19,42.25,42.185,42.25,3313
2018-05-14 10:15:00-04:00,42.23,42.235,42.2,42.21,3811
2018-05-14 10:20:00-04:00,42.21,42.23,42.185,42.19,2925
2018-05-14 10:25:00-04:00,42.19,42.19,42.165,42.18,2672
2018-05-14 10:30:00-04:00,42.195,42.22,42.195,42.22,3249
2018-05-14 10:35:00-04:00,42.23,42.24,42.21,42.22,7657
2018-05-14 10:40:00-04:00,42.22,42.225,42.2,42.2,1305
2018-05-14 10:45:00-04:00,42.2,42.21,42.2,42.21,2802
2018-05-14 10:50:00-04:00,42.205,42.21,42.18,42.19,4601
2018-05-14 10:55:00-04:00,42.2,42.21,42.155,42.155,1953
2018-05-14 11:00:00-04:00,42.15,42.15,42.12,42.13,7439
2018-05-14 11:05:00-04:00,42.12,42.14,42.12,42.135,3699
2018-05-14 11:10:00-04:00,42.135,42.135,42.11,42.115,4504
2018-05-14 11:15:00-04:00,42.11,42.11,42.07,42.07,4707
2018-05-14 11:20:00-04:00,42.08,42.08,42.02,42.03,6875
2018-05-14 11:25:00-04:00,42.03,42.05,42.03,42.04,1224
2018-05-14 11:30:00-04:00,42.03,42.06,42.03,42.06,2545
2018-05-14 11:35:00-04:00,42.06,42.06,42.05,42.05,1570
2018-05-14 11:40:00-04:00,42.05,42.06,42.04,42.045,3252
2018-05-14 11:45:00-04:00,42.04,42.06,42.03,42.055,4295
2018-05-14 11:50:00-04:00,42.05,42.095,42.05,42.085,4549
2018-05-14 11:55:00-04:00,42.09,42.11,42.09,42.11,4013
2018-05-14 12:00:00-04:00,42.1,42.13,42.085,42.09,13785
2018-05-14 12:05:00-04:00,42.085,42.1,42.075,42.09,4690
2018-05-14 12:10:00-04:00,42.08,42.09,42.05,42.06,3767
2018-05-14 12:15:00-04:00,42.05,42.06,42.05,42.06,1005
2018-05-14 12:20:00-04:00,42.06,42.06,42.05,42.05,2132
2018-05-14 12:25:00-04:00,42.06,42.07,42.05,42.07,1574
2018-05-14 12:30:00-04:00,42.075,42.1,42.07,42.07,1400
2018-05-14 12:35:00-04:00,42.065,42.075,42.06,42.075,1057
2018-05-14 12:40:00-04:00,42.07,42.08,42.06,42.06,905
2018-05-14 12:45:00-04:00,42.06,42.08,42.06,42.06,1413
2018-05-14 12:50:00-04:00,42.06,42.06,42.04,42.04,2487
2018-05-14 12:55:00-04:00,42.04,42.05,42.04,42.04,1997
2018-05-14 13:00:00-04:00,42.045,42.045,42.02,42.03,3964
2018-05-14 13:05:00-04:00,42.04,42.04,42.03,42.03,3752
2018-05-14 13:10:00-04:00,42.04,42.04,42.02,42.02,4063
2018-05-14 13:15:00-04:00,42.02,42.05,42.02,42.02,3350
2018-05-14 13:20:00-04:00,42.02,42.02,42.0,42.01,10860
2018-05-14 13:25:00-04:00,42.01,42.01,42.0,42.01,2230
2018-05-14 13:30:00-04:00,42.02,42.04,41.98,42.04,3981
2018-05-14 13:35:00-04:00,42.03,42.045,42.02,42.03,2201
2018-05-14 13:40:00-04:00,42.04,42.05,42.04,42.04,4300
2018-05-14 13:45:00-04:00,42.025,42.03,42.01,42.01,2006
2018-05-14 13:50:00-04:00,42.01,42.02,42.01,42.01,2644
2018-05-14 13:55:00-04:00,42.005,42.015,41.99,42.005,3814
2018-05-14 14:00:00-04:00,42.0,42.0,41.99,41.99,2946
2018-05-14 14:05:00-04:00,41.99,41.99,41.96,41.99,4216
2018-05-14 14:10:00-04:00,42.0,42.005,41.99,42.005,7307
2018-05-14 14:15:00-04:00,42.0,42.01,41.97,41.975,5096
2018-05-14 14:20:00-04:00,41.975,41.99,41.97,41.98,3567
2018-05-14 14:25:00-04:00,41.98,42.0,41.97,41.97,2638
2018-05-14 14:30:00-04:00,41.98,42.03,41.98,42.02,3751
2018-05-14 14:35:00-04:00,42.02,42.03,42.005,42.02,2703
2018-05-14 14:40:00-04:00,42.02,42.02,41.995,41.995,1506
2018-05-14 14:45:00-04:00,42.01,42.03,42.01,42.01,3105
2018-05-14 14:50:00-04:00,42.0,42.0,41.99,42.0,2617
2018-05-14 14:55:00-04:00,42.01,42.03,42.01,42.025,3067
2018-05-14 15:00:00-04:00,42.02,42.05,42.02,42.045,3900
2018-05-14 15:05:00-04:00,42.05,42.06,42.04,42.045,3776
2018-05-14 15:10:00-04:00,42.04,42.06,42.04,42.05,4561
2018-05-14 15:15:00-04:00,42.05,42.055,42.015,42.04,11285
2018-05-14 15:20:00-04:00,42.035,42.05,42.03,42.04,3783
2018-05-14 15:25:00-04:00,42.035,42.05,42.03,42.035,5503
2018-05-14 15:30:00-04:00,42.04,42.045,42.015,42.015,5864
2018-05-14 15:35:00-04:00,42.01,42.01,41.95,41.95,6439
2018-05-14 15:40:00-04:00,41.95,41.95,41.92,41.93,11869
2018-05-14 15:45:00-04:00,41.92,41.94,41.9,41.92,16146
2018-05-14 15:50:00-04:00,41.92,41.975,41.92,41.97,16941
2018-05-14 15:55:00-04:00,41.98,42.065,41.97,42.02,70549
2018-05-15 09:30:00-04:00,41.83,41.91,41.82,41.83,8304
2018-05-15 09:35:00-04:00,41.85,41.85,41.68,41.71,12384
2018-05-15 09:40:00-04:00,41.73,41.745,41.66,41.66,26300
2018-05-15 09:45:00-04:00,41.66,41.66,41.54,41.55,12286
2018-05-15 09:50:00-04:00,41.55,41.57,41.47,41.48,24961
2018-05-15 09:55:00-04:00,41.485,41.61,41.46,41.61,14165
2018-05-15 10:00:00-04:00,41.59,41.72,41.57,41.71,6105
2018-05-15 10:05:00-04:00,41.705,41.775,41.69,41.695,10753
2018-05-15 10:10:00-04:00,41.7,41.725,41.66,41.705,7971
2018-05-15 10:15:00-04:00,41.705,41.725,41.68,41.69,6653
2018-05-15 10:20:00-04:00,41.69,41.71,41.64,41.67,5610
2018-05-15 10:25:00-04:00,41.67,41.695,41.655,41.67,3300
2018-05-15 10:30:00-04:00,41.65,41.71,41.65,41.7,3245
2018-05-15 10:35:00-04:00,41.71,41.73,41.665,41.69,4020
2018-05-15 10:40:00-04:00,41.7,41.7,41.64,41.69,9721
2018-05-15 10:45:00-04:00,41.7,41.71,41.67,41.71,5023
2018-05-15 10:50:00-04:00,41.72,41.73,41.695,41.7,5904
2018-05-15 10:55:00-04:00,41.7,41.73,41.68,41.725,3634
2018-05-15 11:00:00-04:00,41.73,41.78,41.73,41.75,4370
2018-05-15 11:05:00-04:00,41.73,41.73,41.67,41.72,6032
2018-05-15 11:10:00-04:00,41.71,41.75,41.71,41.745,6508
2018-05-15 11:15:00-04:00,41.745,41.75,41.725,41.75,5863
2018-05-15 11:20:00-04:00,41.765,41.775,41.75,41.77,7316
2018-05-15 11:25:00-04:00,41.78,41.84,41.78,41.835,9711
2018-05-15 11:30:00-04:00,41.84,41.85,41.8,41.8,6299
2018-05-15 11:35:00-04:00,41.82,41.86,41.82,41.835,8574
2018-05-15 11:40:00-04:00,41.84,41.84,41.765,41.765,6522
2018-05-15 11:45:00-04:00,41.765,41.81,41.765,41.785,3303
2018-05-15 11:50:00-04:00,41.785,41.79,41.74,41.745,8393
2018-05-15 11:55:00-04:00,41.745,41.76,41.73,41.75,19710
2018-05-15 12:00:00-04:00,41.75,41.76,41.735,41.745,13231
2018-05-15 12:05:00-04:00,41.745,41.77,41.735,41.77,9588
2018-05-15 12:10:00-04:00,41.76,41.76,41.71,41.72,6234
2018-05-15 12:15:00-04:00,41.73,41.81,41.73,41.8,10510
2018-05-15 12:20:00-04:00,41.8,41.8,41.765,41.79,4184
2018-05-15 12:25:00-04:00,41.78,41.78,41.725,41.725,5799
2018-05-15 12:30:00-04:00,41.72,41.78,41.72,41.775,14247
2018-05-15 12:35:00-04:00,41.775,41.78,41.76,41.77,9820
2018-05-15 12:40:00-04:00,41.77,41.781,41.765,41.775,8982
2018-05-15 12:45:00-04:00,41.775,41.79,41.77,41.77,13387
2018-05-15 12:50:00-04:00,41.78,41.78,41.77,41.78,4198
2018-05-15 12:55:00-04:00,41.79,41.8,41.77,41.775,6358
2018-05-15 13:00:00-04:00,41.77,41.78,41.74,41.74,3727
2018-05-15 13:05:00-04:00,41.735,41.75,41.735,41.75,23410
2018-05-15 13:10:00-04:00,41.73,41.74,41.71,41.74,2923
2018-05-15 13:15:00-04:00,41.74,41.74,41.72,41.73,4577
2018-05-15 13:20:00-04:00,41.73,41.75,41.71,41.72,6849
2018-05-15 13:25:00-04:00,41.72,41.73,41.68,41.685,3390
2018-05-15 13:30:00-04:00,41.69,41.69,41.63,41.635,4014
2018-05-15 13:35:00-04:00,41.62,41.67,41.61,41.67,7076
2018-05-15 13:40:00-04:00,41.68,41.72,41.68,41.72,2466
2018-05-15 13:45:00-04:00,41.71,41.71,41.69,41.705,5430
2018-05-15 13:50:00-04:00,41.705,41.705,41.69,41.69,1607
2018-05-15 13:55:00-04:00,41.685,41.685,41.64,41.64,4185
2018-05-15 14:00:00-04:00,41.64,41.67,41.63,41.67,3161
2018-05-15 14:05:00-04:00,41.66,41.68,41.655,41.67,2776
2018-05-15 14:10:00-04:00,41.67,41.695,41.67,41.69,3291
2018-05-15 14:15:00-04:00,41.69,41.7,41.68,41.685,7067
2018-05-15 14:20:00-04:00,41.68,41.71,41.68,41.685,3107
2018-05-15 14:25:00-04:00,41.69,41.74,41.66,41.695,6805
2018-05-15 14:30:00-04:00,41.7,41.75,41.685,41.75,6988
2018-05-15 14:35:00-04:00,41.745,41.77,41.72,41.73,3505
2018-05-15 14:40:00-04:00,41.74,41.75,41.73,41.735,2989
2018-05-15 14:45:00-04:00,41.73,41.73,41.655,41.66,8186
2018-05-15 14:50:00-04:00,41.67,41.69,41.66,41.69,5421
2018-05-15 14:55:00-04:00,41.695,41.695,41.66,41.67,3474
2018-05-15 15:00:00-04:00,41.67,41.69,41.65,41.66,5461
2018-05-15 15:05:00-04:00,41.66,41.66,41.62,41.625,10826
2018-05-15 15:10:00-04:00,41.62,41.625,41.6,41.61,8757
2018-05-15 15:15:00-04:00,41.62,41.64,41.6,41.63,4536
2018-05-15 15:20:00-04:00,41.62,41.63,41.6,41.6,5274
2018-05-15 15:25:00-04:00,41.605,41.62,41.59,41.59,9427
2018-05-15 15:30:00-04:00,41.59,41.61,41.57,41.59,17719
2018-05-15 15:35:00-04:00,41.6,41.605,41.58,41.58,32170
2018-05-15 15:40:00-04:00,41.585,41.585,41.555,41.56,9851
2018-05-15 15:45:00-04:00,41.56,41.57,41.53,41.55,17530
2018-05-15 15:50:00-04:00,41.55,41.62,41.545,41.605,30548
2018-05-15 15:55:00-04:00,41.61,41.72,41.59,41.71,60942
2018-05-16 09:30:00-04:00,41.74,41.81,41.625,41.625,10432
2018-05-16 09:35:00-04:00,41.615,41.795,41.615,41.75,7981
2018-05-16 09:40:00-04:00,41.78,41.835,41.77,41.805,6033
2018-05-16 09:45:00-04:00,41.81,41.9,41.79,41.89,3227
2018-05-16 09:50:00-04:00,41.86,41.925,41.86,41.91,5438
2018-05-16 09:55:00-04:00,41.91,41.915,41.88,41.88,8652
2018-05-16 10:00:00-04:00,41.86,41.86,41.81,41.82,5187
2018-05-16 10:05:00-04:00,41.82,41.82,41.74,41.765,4218
2018-05-16 10:10:00-04:00,41.74,41.75,41.71,41.72,8792
2018-05-16 10:15:00-04:00,41.715,41.73,41.695,41.71,6501
2018-05-16 10:20:00-04:00,41.7,41.73,41.69,41.715,12174
2018-05-16 10:25:00-04:00,41.71,41.715,41.695,41.71,5899
2018-05-16 10:30:00-04:00,41.7,41.7,41.63,41.66,4545
2018-05-16 10:35:00-04:00,41.66,41.675,41.65,41.66,2467
2018-05-16 10:40:00-04:00,41.66,41.68,41.65,41.65,1859
2018-05-16 10:45:00-04:00,41.65,41.68,41.63,41.66,2407
2018-05-16 10:50:00-04:00,41.68,41.69,41.67,41.67,2987
2018-05-16 10:55:00-04:00,41.68,41.68,41.63,41.655,3038
2018-05-16 11:00:00-04:00,41.65,41.67,41.64,41.66,3904
2018-05-16 11:05:00-04:00,41.655,41.68,41.655,41.68,3195
2018-05-16 11:10:00-04:00,41.69,41.72,41.69,41.72,2072
2018-05-16 11:15:00-04:00,41.725,41.77,41.725,41.75,2703
2018-05-16 11:20:00-04:00,41.755,41.755,41.675,41.675,3874
2018-05-16 11:25:00-04:00,41.675,41.675,41.645,41.655,4055
2018-05-16 11:30:00-04:00,41.66,41.67,41.65,41.67,1677
2018-05-16 11:35:00-04:00,41.67,41.67,41.64,41.64,1329
2018-05-16 11:40:00-04:00,41.63,41.65,41.63,41.63,3371
2018-05-16 11:45:00-04:00,41.64,41.665,41.62,41.665,3644
2018-05-16 11:50:00-04:00,41.655,41.67,41.65,41.67,2924
2018-05-16 11:55:00-04:00,41.67,41.67,41.64,41.67,1557
2018-05-16 12:00:00-04:00,41.66,41.73,41.66,41.71,3579
2018-05-16 12:05:00-04:00,41.71,41.75,41.71,41.72,3873
2018-05-16 12:10:00-04:00,41.71,41.72,41.71,41.71,2963
2018-05-16 12:15:00-04:00,41.71,41.73,41.705,41.71,2844
2018-05-16 12:20:00-04:00,41.71,41.72,41.71,41.72,2273
2018-05-16 12:25:00-04:00,41.74,41.74,41.715,41.74,2772
2018-05-16 12:30:00-04:00,41.74,41.79,41.735,41.765,3612
2018-05-16 12:35:00-04:00,41.76,41.76,41.75,41.755,1124
2018-05-16 12:40:00-04:00,41.76,41.765,41.75,41.75,4351
2018-05-16 12:45:00-04:00,41.76,41.76,41.695,41.72,10896
2018-05-16 12:50:00-04:00,41.73,41.74,41.695,41.705,7780
2018-05-16 12:55:00-04:00,41.69,41.7,41.645,41.645,6113
2018-05-16 13:00:00-04:00,41.65,41.69,41.65,41.68,1775
2018-05-16 13:05:00-04:00,41.675,41.68,41.65,41.671,5810
2018-05-16 13:10:00-04:00,41.665,41.68,41.645,41.68,5252
2018-05-16 13:15:00-04:00,41.67,41.68,41.65,41.65,5864
2018-05-16 13:20:00-04:00,41.65,41.66,41.64,41.64,1544
2018-05-16 13:25:00-04:00,41.66,41.67,41.64,41.665,2273
2018-05-16 13:30:00-04:00,41.66,41.66,41.64,41.64,3190
2018-05-16 13:35:00-04:00,41.635,41.65,41.635,41.64,2644
2018-05-16 13:40:00-04:00,41.65,41.67,41.63,41.63,4233
2018-05-16 13:45:00-04:00,41.62,41.635,41.62,41.63,3133
2018-05-16 13:50:00-04:00,41.635,41.64,41.63,41.63,3412
2018-05-16 13:55:00-04:00,41.635,41.645,41.625,41.64,2947
2018-05-16 14:00:00-04:00,41.635,41.65,41.635,41.65,2387
2018-05-16 14:05:00-04:00,41.64,41.66,41.64,41.65,3844
2018-05-16 14:10:00-04:00,41.66,41.66,41.635,41.65,4104
2018-05-16 14:15:00-04:00,41.65,41.66,41.64,41.64,3977
2018-05-16 14:20:00-04:00,41.635,41.635,41.61,41.63,3994
2018-05-16 14:25:00-04:00,41.635,41.65,41.635,41.65,1977
2018-05-16 14:30:00-04:00,41.65,41.655,41.645,41.65,1307
2018-05-16 14:35:00-04:00,41.65,41.66,41.64,41.65,4388
2018-05-16 14:40:00-04:00,41.65,41.66,41.645,41.655,9081
2018-05-16 14:45:00-04:00,41.66,41.69,41.65,41.65,5523
2018-05-16 14:50:00-04:00,41.645,41.66,41.64,41.65,2695
2018-05-16 14:55:00-04:00,41.65,41.66,41.65,41.66,6890
2018-05-16 15:00:00-04:00,41.635,41.635,41.59,41.615,5931
2018-05-16 15:05:00-04:00,41.62,41.62,41.6,41.6,5901
2018-05-16 15:10:00-04:00,41.59,41.6,41.59,41.6,3032
2018-05-16 15:15:00-04:00,41.59,41.62,41.59,41.615,4310
2018-05-16 15:20:00-04:00,41.61,41.63,41.61,41.61,3306
2018-05-16 15:25:00-04:00,41.61,41.62,41.61,41.615,7425
2018-05-16 15:30:00-04:00,41.615,41.62,41.575,41.605,12984
2018-05-16 15:35:00-04:00,41.6,41.605,41.56,41.605,6879
2018-05-16 15:40:00-04:00,41.6,41.6,41.57,41.58,6777
2018-05-16 15:45:00-04:00,41.565,41.585,41.555,41.56,13392
2018-05-16 15:50:00-04:00,41.56,41.59,41.55,41.56,26528
2018-05-16 15:55:00-04:00,41.57,41.59,41.54,41.555,85771
2018-05-17 09:30:00-04:00,41.98,42.05,41.87,41.99,6132
2018-05-17 09:35:00-04:00,41.955,42.03,41.915,41.915,9058
2018-05-17 09:40:00-04:00,41.96,42.02,41.93,42.01,9519
2018-05-17 09:45:00-04:00,42.0,42.09,41.99,42.075,14082
2018-05-17 09:50:00-04:00,42.08,42.13,42.07,42.115,12662
2018-05-17 09:55:00-04:00,42.11,42.2,42.105,42.19,8297
2018-05-17 10:00:00-04:00,42.19,42.2,42.13,42.19,7315
2018-05-17 10:05:00-04:00,42.2,42.2,42.16,42.18,7302
2018-05-17 10:10:00-04:00,42.19,42.25,42.19,42.23,7346
2018-05-17 10:15:00-04:00,42.23,42.23,42.155,42.2,6809
2018-05-17 10:20:00-04:00,42.21,42.3,42.21,42.28,11915
2018-05-17 10:25:00-04:00,42.29,42.32,42.225,42.225,8297
2018-05-17 10:30:00-04:00,42.25,42.29,42.23,42.245,8074
2018-05-17 10:35:00-04:00,42.25,42.275,42.22,42.24,7365
2018-05-17 10:40:00-04:00,42.24,42.24,42.18,42.18,10099
2018-05-17 10:45:00-04:00,42.19,42.2,42.16,42.18,5981
2018-05-17 10:50:00-04:00,42.185,42.23,42.185,42.23,7422
2018-05-17 10:55:00-04:00,42.22,42.24,42.21,42.23,8054
2018-05-17 11:00:00-04:00,42.23,42.23,42.15,42.15,6245
2018-05-17 11:05:00-04:00,42.15,42.18,42.14,42.175,22752
2018-05-17 11:10:00-04:00,42.17,42.185,42.16,42.17,13037
2018-05-17 11:15:00-04:00,42.18,42.18,42.16,42.17,6763
2018-05-17 11:20:00-04:00,42.17,42.17,42.115,42.15,5996
2018-05-17 11:25:00-04:00,42.15,42.165,42.14,42.155,9830
2018-05-17 11:30:00-04:00,42.155,42.155,42.105,42.11,8162
2018-05-17 11:35:00-04:00,42.11,42.12,42.1,42.12,7657
2018-05-17 11:40:00-04:00,42.115,42.14,42.1,42.14,7070
2018-05-17 11:45:00-04:00,42.14,42.15,42.13,42.14,11674
2018-05-17 11:50:00-04:00,42.145,42.145,42.105,42.115,3850
2018-05-17 11:55:00-04:00,42.115,42.15,42.11,42.11,7539
2018-05-17 12:00:00-04:00,42.12,42.155,42.115,42.14,7380
2018-05-17 12:05:00-04:00,42.15,42.2,42.15,42.19,9705
2018-05-17 12:10:00-04:00,42.195,42.22,42.185,42.19,12615
2018-05-17 12:15:00-04:00,42.19,42.22,42.19,42.195,14588
2018-05-17 12:20:00-04:00,42.2,42.2,42.185,42.19,6227
2018-05-17 12:25:00-04:00,42.19,42.19,42.155,42.155,5285
2018-05-17 12:30:00-04:00,42.16,42.24,42.16,42.23,10483
2018-05-17 12:35:00-04:00,42.23,42.25,42.225,42.24,7575
2018-05-17 12:40:00-04:00,42.24,42.24,42.21,42.23,16661
2018-05-17 12:45:00-04:00,42.25,42.27,42.25,42.26,5514
2018-05-17 12:50:00-04:00,42.265,42.265,42.23,42.26,11315
2018-05-17 12:55:00-04:00,42.25,42.29,42.25,42.27,4462
2018-05-17 13:00:00-04:00,42.27,42.28,42.235,42.24,10802
2018-05-17 13:05:00-04:00,42.225,42.24,42.22,42.24,6551
2018-05-17 13:10:00-04:00,42.25,42.28,42.25,42.275,9943
2018-05-17 13:15:00-04:00,42.27,42.275,42.24,42.24,5485
2018-05-17 13:20:00-04:00,42.24,42.3,42.24,42.28,5938
2018-05-17 13:25:00-04:00,42.3,42.305,42.26,42.28,28353
2018-05-17 13:30:00-04:00,42.28,42.29,42.265,42.27,2951
2018-05-17 13:35:00-04:00,42.27,42.29,42.27,42.29,4600
2018-05-17 13:40:00-04:00,42.29,42.295,42.25,42.25,4186
2018-05-17 13:45:00-04:00,42.245,42.265,42.24,42.245,4041
2018-05-17 13:50:00-04:00,42.25,42.25,42.23,42.235,32602
2018-05-17 13:55:00-04:00,42.235,42.26,42.215,42.24,43077
2018-05-17 14:00:00-04:00,42.24,42.24,42.19,42.215,9115
2018-05-17 14:05:00-04:00,42.21,42.215,42.185,42.21,4605
2018-05-17 14:10:00-04:00,42.205,42.22,42.2,42.21,3311
2018-05-17 14:15:00-04:00,42.21,42.235,42.21,42.225,4460
2018-05-17 14:20:00-04:00,42.23,42.24,42.21,42.21,4131
2018-05-17 14:25:00-04:00,42.215,42.23,42.19,42.195,5852
2018-05-17 14:30:00-04:00,42.195,42.2,42.185,42.195,12569
2018-05-17 14:35:00-04:00,42.2,42.21,42.16,42.165,15337
2018-05-17 14:40:00-04:00,42.165,42.17,42.145,42.155,8115
2018-05-17 14:45:00-04:00,42.16,42.18,42.16,42.165,8652
2018-05-17 14:50:00-04:00,42.17,42.18,42.16,42.175,6455
2018-05-17 14:55:00-04:00,42.18,42.195,42.165,42.165,11306
2018-05-17 15:00:00-04:00,42.17,42.19,42.155,42.18,9701
2018-05-17 15:05:00-04:00,42.18,42.18,42.17,42.175,5290
2018-05-17 15:10:00-04:00,42.19,42.19,42.16,42.175,8425
2018-05-17 15:15:00-04:00,42.17,42.17,42.13,42.165,17413
2018-05-17 15:20:00-04:00,42.17,42.18,42.16,42.175,9926
2018-05-17 15:25:00-04:00,42.175,42.18,42.16,42.165,15811
2018-05-17 15:30:00-04:00,42.165,42.17,42.145,42.15,14768
2018-05-17 15:35:00-04:00,42.17,42.19,42.14,42.155,18199
2018-05-17 15:40:00-04:00,42.15,42.185,42.14,42.18,15575
2018-05-17 15:45:00-04:00,42.175,42.245,42.175,42.24,21025
2018-05-17 15:50:00-04:00,42.25,42.3,42.24,42.3,37674
2018-05-17 15:55:00-04:00,42.305,42.345,42.3,42.32,79814
2018-05-17 16:15:00-04:00,42.38,42.38,42.38,42.38,100
2018-05-18 09:30:00-04:00,42.185,42.34,42.185,42.3,4409
2018-05-18 09:35:00-04:00,42.28,42.37,42.28,42.35,9557
2018-05-18 09:40:00-04:00,42.365,42.365,42.23,42.24,12492
2018-05-18 09:45:00-04:00,42.24,42.24,42.15,42.15,10876
2018-05-18 09:50:00-04:00,42.16,42.17,42.095,42.17,12270
2018-05-18 09:55:00-04:00,42.17,42.19,42.14,42.17,7400
2018-05-18 10:00:00-04:00,42.19,42.19,42.13,42.165,5892
2018-05-18 10:05:00-04:00,42.17,42.19,42.16,42.16,9320
2018-05-18 10:10:00-04:00,42.16,42.19,42.13,42.14,11096
2018-05-18 10:15:00-04:00,42.13,42.14,42.08,42.09,10046
2018-05-18 10:20:00-04:00,42.095,42.145,42.095,42.13,20292
2018-05-18 10:25:00-04:00,42.14,42.205,42.13,42.19,11035
2018-05-18 10:30:00-04:00,42.19,42.19,42.17,42.18,7210
2018-05-18 10:35:00-04:00,42.18,42.185,42.14,42.15,5745
2018-05-18 10:40:00-04:00,42.16,42.16,42.13,42.13,4523
2018-05-18 10:45:00-04:00,42.135,42.16,42.13,42.15,4790
2018-05-18 10:50:00-04:00,42.155,42.155,42.135,42.15,4106
2018-05-18 10:55:00-04:00,42.15,42.22,42.145,42.22,11094
2018-05-18 11:00:00-04:00,42.24,42.285,42.23,42.28,14316
2018-05-18 11:05:00-04:00,42.27,42.285,42.24,42.25,6637
2018-05-18 11:10:00-04:00,42.25,42.25,42.17,42.175,7727
2018-05-18 11:15:00-04:00,42.18,42.19,42.16,42.19,7115
2018-05-18 11:20:00-04:00,42.19,42.19,42.15,42.155,6400
2018-05-18 11:25:00-04:00,42.155,42.19,42.155,42.17,6307
2018-05-18 11:30:00-04:00,42.17,42.17,42.125,42.125,7317
2018-05-18 11:35:00-04:00,42.125,42.145,42.12,42.14,7707
2018-05-18 11:40:00-04:00,42.14,42.195,42.135,42.19,5017
2018-05-18 11:45:00-04:00,42.2,42.215,42.195,42.195,8382
2018-05-18 11:50:00-04:00,42.19,42.25,42.18,42.23,6000
2018-05-18 11:55:00-04:00,42.23,42.25,42.21,42.21,5135
2018-05-18 12:00:00-04:00,42.21,42.21,42.19,42.19,4438
2018-05-18 12:05:00-04:00,42.205,42.235,42.195,42.21,8147
2018-05-18 12:10:00-04:00,42.21,42.23,42.205,42.215,7116
2018-05-18 12:15:00-04:00,42.225,42.245,42.21,42.23,2907
2018-05-18 12:20:00-04:00,42.22,42.22,42.17,42.18,6006
2018-05-18 12:25:00-04:00,42.17,42.185,42.16,42.18,4706
2018-05-18 12:30:00-04:00,42.19,42.19,42.17,42.185,4260
2018-05-18 12:35:00-04:00,42.18,42.195,42.17,42.175,5548
2018-05-18 12:40:00-04:00,42.175,42.18,42.17,42.17,3561
2018-05-18 12:45:00-04:00,42.18,42.19,42.17,42.19,6165
2018-05-18 12:50:00-04:00,42.19,42.205,42.17,42.18,7664
2018-05-18 12:55:00-04:00,42.18,42.19,42.17,42.19,3969
2018-05-18 13:00:00-04:00,42.19,42.19,42.16,42.17,7775
2018-05-18 13:05:00-04:00,42.175,42.185,42.16,42.16,3916
2018-05-18 13:10:00-04:00,42.165,42.205,42.16,42.205,6904
2018-05-18 13:15:00-04:00,42.21,42.215,42.195,42.205,5326
2018-05-18 13:20:00-04:00,42.205,42.21,42.2,42.21,3504
2018-05-18 13:25:00-04:00,42.215,42.22,42.19,42.19,3150
2018-05-18 13:30:00-04:00,42.19,42.23,42.19,42.21,13618
2018-05-18 13:35:00-04:00,42.22,42.25,42.22,42.24,5516
2018-05-18 13:40:00-04:00,42.24,42.28,42.24,42.26,6555
2018-05-18 13:45:00-04:00,42.26,42.285,42.26,42.265,3179
2018-05-18 13:50:00-04:00,42.27,42.27,42.24,42.245,3604
2018-05-18 13:55:00-04:00,42.24,42.27,42.24,42.255,2926
2018-05-18 14:00:00-04:00,42.26,42.26,42.23,42.24,4094
2018-05-18 14:05:00-04:00,42.24,42.25,42.23,42.24,4359
2018-05-18 14:10:00-04:00,42.24,42.28,42.24,42.28,3216
2018-05-18 14:15:00-04:00,42.29,42.295,42.27,42.28,4921
2018-05-18 14:20:00-04:00,42.27,42.28,42.26,42.275,4562
2018-05-18 14:25:00-04:00,42.27,42.28,42.26,42.265,4383
2018-05-18 14:30:00-04:00,42.27,42.28,42.27,42.275,6115
2018-05-18 14:35:00-04:00,42.275,42.29,42.25,42.27,7188
2018-05-18 14:40:00-04:00,42.265,42.28,42.265,42.275,4982
2018-05-18 14:45:00-04:00,42.28,42.28,42.25,42.255,9387
2018-05-18 14:50:00-04:00,42.255,42.28,42.25,42.27,7267
2018-05-18 14:55:00-04:00,42.28,42.31,42.265,42.28,8220
2018-05-18 15:00:00-04:00,42.28,42.285,42.235,42.235,9004
2018-05-18 15:05:00-04:00,42.235,42.235,42.205,42.215,8653
2018-05-18 15:10:00-04:00,42.215,42.215,42.175,42.2,7490
2018-05-18 15:15:00-04:00,42.2,42.205,42.18,42.185,9151
2018-05-18 15:20:00-04:00,42.19,42.23,42.19,42.205,13794
2018-05-18 15:25:00-04:00,42.2,42.22,42.19,42.22,10627
2018-05-18 15:30:00-04:00,42.225,42.225,42.19,42.21,13768
2018-05-18 15:35:00-04:00,42.215,42.255,42.21,42.21,12564
2018-05-18 15:40:00-04:00,42.21,42.22,42.19,42.19,19346
2018-05-18 15:45:00-04:00,42.18,42.2,42.17,42.19,12666
2018-05-18 15:50:00-04:00,42.19,42.205,42.17,42.18,25391
2018-05-18 15:55:00-04:00,42.18,42.2,42.175,42.175,29681
2018-05-21 09:30:00-04:00,42.38,42.38,42.28,42.31,7415
2018-05-21 09:35:00-04:00,42.32,42.4,42.32,42.395,7220
2018-05-21 09:40:00-04:00,42.37,42.37,42.275,42.33,4158
2018-05-21 09:45:00-04:00,42.37,42.38,42.33,42.35,3352
2018-05-21 09:50:00-04:00,42.36,42.38,42.34,42.36,4000
2018-05-21 09:55:00-04:00,42.37,42.39,42.32,42.36,7910
2018-05-21 10:00:00-04:00,42.355,42.38,42.33,42.36,6506
2018-05-21 10:05:00-04:00,42.36,42.475,42.36,42.46,5114
2018-05-21 10:10:00-04:00,42.48,42.5,42.445,42.445,2574
2018-05-21 10:15:00-04:00,42.45,42.48,42.445,42.465,4202
2018-05-21 10:20:00-04:00,42.46,42.5,42.46,42.48,8359
2018-05-21 10:25:00-04:00,42.495,42.495,42.45,42.47,1864
2018-05-21 10:30:00-04:00,42.48,42.495,42.47,42.48,2800
2018-05-21 10:35:00-04:00,42.46,42.46,42.43,42.435,3441
2018-05-21 10:40:00-04:00,42.44,42.47,42.44,42.46,3874
2018-05-21 10:45:00-04:00,42.46,42.47,42.41,42.42,6345
2018-05-21 10:50:00-04:00,42.42,42.43,42.41,42.425,2759
2018-05-21 10:55:00-04:00,42.42,42.43,42.38,42.38,3446
2018-05-21 11:00:00-04:00,42.38,42.42,42.38,42.42,3913
2018-05-21 11:05:00-04:00,42.41,42.44,42.41,42.42,6921
2018-05-21 11:10:00-04:00,42.43,42.46,42.43,42.455,5318
2018-05-21 11:15:00-04:00,42.455,42.515,42.455,42.48,7162
2018-05-21 11:20:00-04:00,42.48,42.49,42.44,42.44,6277
2018-05-21 11:25:00-04:00,42.41,42.43,42.4,42.405,3200
2018-05-21 11:30:00-04:00,42.375,42.4,42.375,42.395,3104
2018-05-21 11:35:00-04:00,42.4,42.4,42.36,42.36,1800
2018-05-21 11:40:00-04:00,42.34,42.35,42.33,42.33,2814
2018-05-21 11:45:00-04:00,42.335,42.335,42.3,42.305,2250
2018-05-21 11:50:00-04:00,42.3,42.33,42.3,42.32,1917
2018-05-21 11:55:00-04:00,42.32,42.335,42.29,42.32,2013
2018-05-21 12:00:00-04:00,42.33,42.385,42.33,42.385,3451
2018-05-21 12:05:00-04:00,42.38,42.38,42.36,42.37,1613
2018-05-21 12:10:00-04:00,42.38,42.43,42.375,42.425,4456
2018-05-21 12:15:00-04:00,42.445,42.445,42.415,42.425,2187
2018-05-21 12:20:00-04:00,42.425,42.435,42.4,42.43,2040
2018-05-21 12:25:00-04:00,42.435,42.45,42.43,42.45,3530
2018-05-21 12:30:00-04:00,42.45,42.48,42.45,42.48,4259
2018-05-21 12:35:00-04:00,42.49,42.51,42.49,42.49,4581
2018-05-21 12:40:00-04:00,42.495,42.495,42.47,42.48,2484
2018-05-21 12:45:00-04:00,42.46,42.47,42.445,42.46,6022
2018-05-21 12:50:00-04:00,42.465,42.48,42.43,42.43,2813
2018-05-21 12:55:00-04:00,42.43,42.46,42.43,42.46,6920
2018-05-21 13:00:00-04:00,42.465,42.465,42.42,42.43,3967
2018-05-21 13:05:00-04:00,42.435,42.445,42.42,42.435,3465
2018-05-21 13:10:00-04:00,42.435,42.45,42.425,42.44,3428
2018-05-21 13:15:00-04:00,42.43,42.475,42.43,42.47,3998
2018-05-21 13:20:00-04:00,42.48,42.48,42.46,42.465,2576
2018-05-21 13:25:00-04:00,42.47,42.48,42.47,42.475,9502
2018-05-21 13:30:00-04:00,42.48,42.49,42.46,42.465,9915
2018-05-21 13:35:00-04:00,42.465,42.49,42.455,42.485,11074
2018-05-21 13:40:00-04:00,42.46,42.46,42.445,42.46,3840
2018-05-21 13:45:00-04:00,42.46,42.47,42.445,42.45,5893
2018-05-21 13:50:00-04:00,42.44,42.46,42.43,42.43,5659
2018-05-21 13:55:00-04:00,42.43,42.445,42.43,42.435,6425
2018-05-21 14:00:00-04:00,42.43,42.43,42.39,42.4,3796
2018-05-21 14:05:00-04:00,42.405,42.42,42.4,42.42,3842
2018-05-21 14:10:00-04:00,42.42,42.43,42.39,42.395,6229
2018-05-21 14:15:00-04:00,42.39,42.39,42.375,42.385,16074
2018-05-21 14:20:00-04:00,42.39,42.41,42.39,42.4,4390
2018-05-21 14:25:00-04:00,42.405,42.415,42.4,42.405,3430
2018-05-21 14:30:00-04:00,42.4,42.41,42.385,42.41,6521
2018-05-21 14:35:00-04:00,42.405,42.425,42.39,42.42,9448
2018-05-21 14:40:00-04:00,42.42,42.42,42.405,42.41,2211
2018-05-21 14:45:00-04:00,42.4,42.42,42.4,42.41,5545
2018-05-21 14:50:00-04:00,42.415,42.42,42.41,42.41,4130
2018-05-21 14:55:00-04:00,42.4,42.415,42.4,42.41,5719
2018-05-21 15:00:00-04:00,42.415,42.445,42.415,42.44,7051
2018-05-21 15:05:00-04:00,42.44,42.45,42.43,42.43,4044
2018-05-21 15:10:00-04:00,42.42,42.44,42.42,42.42,5396
2018-05-21 15:15:00-04:00,42.425,42.44,42.42,42.43,30034
2018-05-21 15:20:00-04:00,42.43,42.455,42.43,42.45,6627
2018-05-21 15:25:00-04:00,42.45,42.45,42.39,42.39,6758
2018-05-21 15:30:00-04:00,42.39,42.41,42.39,42.39,6264
2018-05-21 15:35:00-04:00,42.39,42.41,42.37,42.4,9266
2018-05-21 15:40:00-04:00,42.41,42.41,42.375,42.38,16033
2018-05-21 15:45:00-04:00,42.385,42.41,42.38,42.395,13033
2018-05-21 15:50:00-04:00,42.4,42.45,42.4,42.445,16054
2018-05-21 15:55:00-04:00,42.445,42.45,42.4,42.42,45282
2018-05-22 09:30:00-04:00,42.53,42.59,42.435,42.55,4171
2018-05-22 09:35:00-04:00,42.55,42.59,42.49,42.5,2743
2018-05-22 09:40:00-04:00,42.49,42.49,42.45,42.46,4091
2018-05-22 09:45:00-04:00,42.45,42.48,42.41,42.41,3270
2018-05-22 09:50:00-04:00,42.435,42.48,42.435,42.46,2521
2018-05-22 09:55:00-04:00,42.46,42.49,42.46,42.47,4989
2018-05-22 10:00:00-04:00,42.475,42.555,42.47,42.555,6851
2018-05-22 10:05:00-04:00,42.56,42.59,42.55,42.59,9383
2018-05-22 10:10:00-04:00,42.59,42.59,42.475,42.49,6648
2018-05-22 10:15:00-04:00,42.49,42.49,42.45,42.455,18087
2018-05-22 10:20:00-04:00,42.455,42.49,42.44,42.49,9479
2018-05-22 10:25:00-04:00,42.5,42.555,42.49,42.545,8146
2018-05-22 10:30:00-04:00,42.54,42.59,42.53,42.565,8847
2018-05-22 10:35:00-04:00,42.56,42.56,42.48,42.485,5670
2018-05-22 10:40:00-04:00,42.48,42.48,42.41,42.41,2623
2018-05-22 10:45:00-04:00,42.405,42.435,42.385,42.425,4328
2018-05-22 10:50:00-04:00,42.435,42.45,42.42,42.435,6687
2018-05-22 10:55:00-04:00,42.43,42.455,42.43,42.44,6375
2018-05-22 11:00:00-04:00,42.45,42.48,42.43,42.47,7524
2018-05-22 11:05:00-04:00,42.47,42.51,42.46,42.5,3585
2018-05-22 11:10:00-04:00,42.51,42.51,42.47,42.47,2401
2018-05-22 11:15:00-04:00,42.47,42.47,42.44,42.44,1520
2018-05-22 11:20:00-04:00,42.445,42.45,42.44,42.45,2417
2018-05-22 11:25:00-04:00,42.455,42.455,42.42,42.42,5749
2018-05-22 11:30:00-04:00,42.42,42.43,42.4,42.4,3620
2018-05-22 11:35:00-04:00,42.41,42.41,42.395,42.41,1650
2018-05-22 11:40:00-04:00,42.4,42.41,42.38,42.39,2808
2018-05-22 11:45:00-04:00,42.39,42.4,42.38,42.38,5209
2018-05-22 11:50:00-04:00,42.39,42.4,42.385,42.39,4282
2018-05-22 11:55:00-04:00,42.39,42.39,42.36,42.36,1934
2018-05-22 12:00:00-04:00,42.365,42.41,42.365,42.41,3723
2018-05-22 12:05:00-04:00,42.405,42.405,42.38,42.38,3328
2018-05-22 12:10:00-04:00,42.38,42.385,42.375,42.385,3325
2018-05-22 12:15:00-04:00,42.37,42.375,42.33,42.33,2927
2018-05-22 12:20:00-04:00,42.32,42.335,42.31,42.335,5222
2018-05-22 12:25:00-04:00,42.335,42.335,42.31,42.32,3284
2018-05-22 12:30:00-04:00,42.33,42.34,42.32,42.32,1655
2018-05-22 12:35:00-04:00,42.32,42.35,42.32,42.35,3537
2018-05-22 12:40:00-04:00,42.355,42.355,42.345,42.345,929
2018-05-22 12:45:00-04:00,42.345,42.36,42.33,42.33,1860
2018-05-22 12:50:00-04:00,42.33,42.34,42.32,42.34,2594
2018-05-22 12:55:00-04:00,42.34,42.34,42.32,42.33,2838
2018-05-22 13:00:00-04:00,42.32,42.33,42.32,42.32,2100
2018-05-22 13:05:00-04:00,42.3,42.305,42.29,42.295,2847
2018-05-22 13:10:00-04:00,42.29,42.305,42.285,42.285,4908
2018-05-22 13:15:00-04:00,42.285,42.3,42.285,42.295,5103
2018-05-22 13:20:00-04:00,42.3,42.33,42.28,42.33,8338
2018-05-22 13:25:00-04:00,42.325,42.335,42.31,42.315,3177
2018-05-22 13:30:00-04:00,42.32,42.335,42.3,42.335,11417
2018-05-22 13:35:00-04:00,42.33,42.33,42.31,42.325,5475
2018-05-22 13:40:00-04:00,42.325,42.325,42.3,42.305,3563
2018-05-22 13:45:00-04:00,42.305,42.305,42.295,42.295,3332
2018-05-22 13:50:00-04:00,42.29,42.29,42.28,42.28,2245
2018-05-22 13:55:00-04:00,42.28,42.29,42.27,42.27,2051
2018-05-22 14:00:00-04:00,42.27,42.295,42.26,42.295,5585
2018-05-22 14:05:00-04:00,42.275,42.28,42.27,42.27,2537
2018-05-22 14:10:00-04:00,42.275,42.275,42.27,42.27,1196
2018-05-22 14:15:00-04:00,42.27,42.27,42.245,42.245,2513
2018-05-22 14:20:00-04:00,42.245,42.245,42.23,42.23,1693
2018-05-22 14:25:00-04:00,42.23,42.265,42.23,42.265,18054
2018-05-22 14:30:00-04:00,42.265,42.28,42.26,42.27,3836
2018-05-22 14:35:00-04:00,42.275,42.275,42.26,42.26,5836
2018-05-22 14:40:00-04:00,42.27,42.28,42.26,42.26,2810
2018-05-22 14:45:00-04:00,42.27,42.29,42.265,42.29,5072
2018-05-22 14:50:00-04:00,42.29,42.31,42.29,42.3,2737
2018-05-22 14:55:00-04:00,42.3,42.32,42.285,42.32,4718
2018-05-22 15:00:00-04:00,42.31,42.315,42.3,42.31,4702
2018-05-22 15:05:00-04:00,42.31,42.33,42.31,42.325,3339
2018-05-22 15:10:00-04:00,42.33,42.36,42.32,42.35,4012
2018-05-22 15:15:00-04:00,42.35,42.35,42.32,42.32,4042
2018-05-22 15:20:00-04:00,42.32,42.32,42.29,42.3,7130
2018-05-22 15:25:00-04:00,42.3,42.3,42.28,42.28,2200
2018-05-22 15:30:00-04:00,42.29,42.29,42.24,42.24,8872
2018-05-22 15:35:00-04:00,42.24,42.245,42.22,42.24,7891
2018-05-22 15:40:00-04:00,42.24,42.25,42.23,42.23,7639
2018-05-22 15:45:00-04:00,42.23,42.27,42.22,42.26,12539
2018-05-22 15:50:00-04:00,42.26,42.26,42.205,42.21,11338
2018-05-22 15:55:00-04:00,42.21,42.305,42.21,42.28,47058
2018-05-23 09:30:00-04:00,42.25,42.27,42.125,42.125,6097
2018-05-23 09:35:00-04:00,42.12,42.13,41.935,41.96,16071
2018-05-23 09:40:00-04:00,41.94,42.08,41.94,42.07,20544
2018-05-23 09:45:00-04:00,42.04,42.11,42.04,42.11,5633
2018-05-23 09:50:00-04:00,42.1,42.13,42.08,42.13,4287
2018-05-23 09:55:00-04:00,42.12,42.195,42.12,42.195,10978
2018-05-23 10:00:00-04:00,42.195,42.195,42.155,42.175,5772
2018-05-23 10:05:00-04:00,42.17,42.21,42.13,42.13,5135
2018-05-23 10:10:00-04:00,42.12,42.14,42.1,42.12,5703
2018-05-23 10:15:00-04:00,42.13,42.15,42.12,42.15,3835
2018-05-23 10:20:00-04:00,42.15,42.16,42.14,42.15,3289
2018-05-23 10:25:00-04:00,42.15,42.19,42.145,42.19,3782
2018-05-23 10:30:00-04:00,42.2,42.23,42.18,42.2,4923
2018-05-23 10:35:00-04:00,42.19,42.2,42.16,42.2,5243
2018-05-23 10:40:00-04:00,42.195,42.2,42.18,42.18,2507
2018-05-23 10:45:00-04:00,42.18,42.19,42.17,42.19,2548
2018-05-23 10:50:00-04:00,42.19,42.21,42.16,42.2,3389
2018-05-23 10:55:00-04:00,42.195,42.21,42.18,42.18,2912
2018-05-23 11:00:00-04:00,42.18,42.205,42.18,42.195,5044
2018-05-23 11:05:00-04:00,42.195,42.22,42.19,42.22,3599
2018-05-23 11:10:00-04:00,42.22,42.245,42.22,42.22,3516
2018-05-23 11:15:00-04:00,42.23,42.27,42.22,42.25,5111
2018-05-23 11:20:00-04:00,42.24,42.3,42.24,42.3,5347
2018-05-23 11:25:00-04:00,42.3,42.31,42.28,42.28,4388
2018-05-23 11:30:00-04:00,42.28,42.29,42.25,42.27,4273
2018-05-23 11:35:00-04:00,42.28,42.28,42.235,42.24,3900
2018-05-23 11:40:00-04:00,42.24,42.245,42.21,42.21,2260
2018-05-23 11:45:00-04:00,42.22,42.24,42.21,42.22,3553
2018-05-23 11:50:00-04:00,42.23,42.24,42.21,42.21,3733
2018-05-23 11:55:00-04:00,42.21,42.23,42.19,42.2,3555
2018-05-23 12:00:00-04:00,42.2,42.23,42.2,42.22,1726
2018-05-23 12:05:00-04:00,42.23,42.25,42.22,42.225,4548
2018-05-23 12:10:00-04:00,42.22,42.23,42.21,42.225,2512
2018-05-23 12:15:00-04:00,42.22,42.23,42.2,42.2,4409
2018-05-23 12:20:00-04:00,42.19,42.21,42.17,42.17,2800
2018-05-23 12:25:00-04:00,42.18,42.18,42.14,42.15,2806
2018-05-23 12:30:00-04:00,42.15,42.175,42.145,42.155,2491
2018-05-23 12:35:00-04:00,42.15,42.18,42.14,42.16,2330
2018-05-23 12:40:00-04:00,42.17,42.2,42.17,42.19,2394
2018-05-23 12:45:00-04:00,42.185,42.215,42.185,42.195,2955
2018-05-23 12:50:00-04:00,42.195,42.22,42.19,42.21,2624
2018-05-23 12:55:00-04:00,42.21,42.22,42.19,42.22,3266
2018-05-23 13:00:00-04:00,42.21,42.21,42.19,42.19,2636
2018-05-23 13:05:00-04:00,42.18,42.195,42.18,42.185,1908
2018-05-23 13:10:00-04:00,42.18,42.18,42.16,42.16,2860
2018-05-23 13:15:00-04:00,42.16,42.175,42.15,42.16,2797
2018-05-23 13:20:00-04:00,42.17,42.18,42.16,42.16,2860
2018-05-23 13:25:00-04:00,42.16,42.17,42.15,42.17,3028
2018-05-23 13:30:00-04:00,42.17,42.195,42.16,42.18,2884
2018-05-23 13:35:00-04:00,42.18,42.2,42.15,42.155,5987
2018-05-23 13:40:00-04:00,42.155,42.17,42.15,42.15,5430
2018-05-23 13:45:00-04:00,42.15,42.15,42.12,42.12,5350
2018-05-23 13:50:00-04:00,42.12,42.14,42.12,42.13,4362
2018-05-23 13:55:00-04:00,42.14,42.145,42.13,42.13,4142
2018-05-23 14:00:00-04:00,42.16,42.2,42.14,42.2,11064
2018-05-23 14:05:00-04:00,42.195,42.28,42.185,42.26,12860
2018-05-23 14:10:00-04:00,42.28,42.34,42.26,42.34,5901
2018-05-23 14:15:00-04:00,42.35,42.4,42.34,42.38,6115
2018-05-23 14:20:00-04:00,42.36,42.4,42.36,42.4,3590
2018-05-23 14:25:00-04:00,42.41,42.44,42.39,42.39,3309
2018-05-23 14:30:00-04:00,42.37,42.38,42.34,42.34,3942
2018-05-23 14:35:00-04:00,42.34,42.35,42.325,42.325,2700
2018-05-23 14:40:00-04:00,42.33,42.34,42.32,42.335,4603
2018-05-23 14:45:00-04:00,42.33,42.375,42.32,42.37,2607
2018-05-23 14:50:00-04:00,42.37,42.39,42.37,42.39,3491
2018-05-23 14:55:00-04:00,42.39,42.39,42.37,42.375,2674
2018-05-23 15:00:00-04:00,42.38,42.42,42.38,42.42,3936
2018-05-23 15:05:00-04:00,42.42,42.45,42.42,42.44,3300
2018-05-23 15:10:00-04:00,42.445,42.445,42.42,42.42,3886
2018-05-23 15:15:00-04:00,42.4,42.42,42.385,42.42,2779
2018-05-23 15:20:00-04:00,42.42,42.45,42.42,42.44,3787
2018-05-23 15:25:00-04:00,42.44,42.45,42.43,42.43,2150
2018-05-23 15:30:00-04:00,42.43,42.435,42.41,42.43,4597
2018-05-23 15:35:00-04:00,42.43,42.44,42.405,42.405,7838
2018-05-23 15:40:00-04:00,42.4,42.43,42.385,42.395,14880
2018-05-23 15:45:00-04:00,42.39,42.39,42.35,42.37,8760
2018-05-23 15:50:00-04:00,42.38,42.41,42.375,42.395,17721
2018-05-23 15:55:00-04:00,42.4,42.42,42.36,42.38,65287
2018-05-24 09:30:00-04:00,42.39,42.45,42.39,42.45,4118
2018-05-24 09:35:00-04:00,42.45,42.46,42.38,42.38,5530
2018-05-24 09:40:00-04:00,42.36,42.38,42.28,42.31,4539
2018-05-24 09:45:00-04:00,42.3,42.325,42.27,42.31,5355
2018-05-24 09:50:00-04:00,42.32,42.32,42.24,42.25,5159
2018-05-24 09:55:00-04:00,42.26,42.27,42.22,42.235,5200
2018-05-24 10:00:00-04:00,42.235,42.295,42.21,42.295,4941
2018-05-24 10:05:00-04:00,42.3,42.32,42.28,42.29,4230
2018-05-24 10:10:00-04:00,42.26,42.26,42.19,42.19,3818
2018-05-24 10:15:00-04:00,42.205,42.24,42.195,42.225,4348
2018-05-24 10:20:00-04:00,42.25,42.305,42.25,42.3,4704
2018-05-24 10:25:00-04:00,42.3,42.35,42.28,42.32,5857
2018-05-24 10:30:00-04:00,42.32,42.32,42.28,42.3,3582
2018-05-24 10:35:00-04:00,42.29,42.29,42.27,42.28,4069
2018-05-24 10:40:00-04:00,42.305,42.305,42.265,42.265,3450
2018-05-24 10:45:00-04:00,42.265,42.27,42.22,42.27,3942
2018-05-24 10:50:00-04:00,42.265,42.28,42.225,42.23,4276
2018-05-24 10:55:00-04:00,42.23,42.24,42.21,42.23,3862
2018-05-24 11:00:00-04:00,42.22,42.23,42.215,42.22,2811
2018-05-24 11:05:00-04:00,42.22,42.29,42.22,42.27,5438
2018-05-24 11:10:00-04:00,42.26,42.29,42.235,42.25,3639
2018-05-24 11:15:00-04:00,42.255,42.34,42.25,42.34,4138
2018-05-24 11:20:00-04:00,42.34,42.34,42.285,42.295,2206
2018-05-24 11:25:00-04:00,42.29,42.3,42.275,42.28,3926
2018-05-24 11:30:00-04:00,42.27,42.28,42.25,42.265,6993
2018-05-24 11:35:00-04:00,42.27,42.28,42.24,42.255,6292
2018-05-24 11:40:00-04:00,42.255,42.26,42.245,42.255,4403
2018-05-24 11:45:00-04:00,42.25,42.26,42.23,42.23,5371
2018-05-24 11:50:00-04:00,42.235,42.235,42.2,42.22,3422
2018-05-24 11:55:00-04:00,42.22,42.245,42.21,42.245,3768
2018-05-24 12:00:00-04:00,42.245,42.26,42.23,42.23,2750
2018-05-24 12:05:00-04:00,42.23,42.25,42.23,42.23,3401
2018-05-24 12:10:00-04:00,42.225,42.24,42.22,42.225,2845
2018-05-24 12:15:00-04:00,42.225,42.255,42.22,42.24,29276
2018-05-24 12:20:00-04:00,42.25,42.27,42.24,42.27,3281
2018-05-24 12:25:00-04:00,42.27,42.29,42.27,42.29,2684
2018-05-24 12:30:00-04:00,42.295,42.31,42.285,42.29,2610
2018-05-24 12:35:00-04:00,42.29,42.3,42.28,42.3,2200
2018-05-24 12:40:00-04:00,42.31,42.31,42.3,42.3,1629
2018-05-24 12:45:00-04:00,42.3,42.3,42.275,42.295,4623
2018-05-24 12:50:00-04:00,42.29,42.29,42.25,42.25,2010
2018-05-24 12:55:00-04:00,42.25,42.3,42.245,42.295,3112
2018-05-24 13:00:00-04:00,42.295,42.3,42.28,42.29,3866
2018-05-24 13:05:00-04:00,42.28,42.3,42.27,42.295,2500
2018-05-24 13:10:00-04:00,42.3,42.335,42.3,42.335,5450
2018-05-24 13:15:00-04:00,42.33,42.36,42.31,42.36,7643
2018-05-24 13:20:00-04:00,42.365,42.39,42.35,42.37,10717
2018-05-24 13:25:00-04:00,42.36,42.375,42.355,42.375,3135
2018-05-24 13:30:00-04:00,42.375,42.375,42.35,42.36,12278
2018-05-24 13:35:00-04:00,42.36,42.365,42.345,42.35,2941
2018-05-24 13:40:00-04:00,42.345,42.36,42.335,42.36,3135
2018-05-24 13:45:00-04:00,42.36,42.375,42.35,42.36,5184
2018-05-24 13:50:00-04:00,42.36,42.36,42.34,42.345,5657
2018-05-24 13:55:00-04:00,42.34,42.35,42.33,42.35,3802
2018-05-24 14:00:00-04:00,42.34,42.345,42.31,42.32,5119
2018-05-24 14:05:00-04:00,42.325,42.34,42.315,42.315,2375
2018-05-24 14:10:00-04:00,42.305,42.315,42.28,42.28,3992
2018-05-24 14:15:00-04:00,42.28,42.305,42.28,42.3,3225
2018-05-24 14:20:00-04:00,42.305,42.31,42.29,42.29,4014
2018-05-24 14:25:00-04:00,42.29,42.315,42.275,42.3,4325
2018-05-24 14:30:00-04:00,42.3,42.3,42.26,42.26,6066
2018-05-24 14:35:00-04:00,42.26,42.285,42.26,42.285,3610
2018-05-24 14:40:00-04:00,42.285,42.285,42.27,42.275,3902
2018-05-24 14:45:00-04:00,42.27,42.28,42.255,42.27,7293
2018-05-24 14:50:00-04:00,42.275,42.295,42.26,42.29,4612
2018-05-24 14:55:00-04:00,42.28,42.29,42.27,42.27,3498
2018-05-24 15:00:00-04:00,42.27,42.275,42.24,42.26,3842
2018-05-24 15:05:00-04:00,42.26,42.29,42.25,42.29,1785
2018-05-24 15:10:00-04:00,42.29,42.29,42.27,42.27,1577
2018-05-24 15:15:00-04:00,42.275,42.295,42.265,42.295,2512
2018-05-24 15:20:00-04:00,42.3,42.32,42.295,42.31,4873
2018-05-24 15:25:00-04:00,42.305,42.33,42.305,42.31,2612
2018-05-24 15:30:00-04:00,42.31,42.33,42.3,42.305,5857
2018-05-24 15:35:00-04:00,42.305,42.32,42.28,42.305,4894
2018-05-24 15:40:00-04:00,42.305,42.31,42.285,42.285,8251
2018-05-24 15:45:00-04:00,42.28,42.325,42.27,42.315,6811
2018-05-24 15:50:00-04:00,42.31,42.32,42.29,42.29,11338
2018-05-24 15:55:00-04:00,42.295,42.36,42.29,42.32,33267
2018-05-25 09:30:00-04:00,42.31,42.44,42.29,42.43,9746
2018-05-25 09:35:00-04:00,42.46,42.48,42.34,42.41,3922
2018-05-25 09:40:00-04:00,42.405,42.405,42.31,42.315,5408
2018-05-25 09:45:00-04:00,42.31,42.31,42.24,42.24,2843
2018-05-25 09:50:00-04:00,42.22,42.26,42.215,42.25,3350
2018-05-25 09:55:00-04:00,42.22,42.31,42.22,42.3,3879
2018-05-25 10:00:00-04:00,42.31,42.31,42.28,42.29,4795
2018-05-25 10:05:00-04:00,42.3,42.33,42.27,42.33,9866
2018-05-25 10:10:00-04:00,42.32,42.4,42.32,42.4,4553
2018-05-25 10:15:00-04:00,42.39,42.53,42.39,42.53,6790
2018-05-25 10:20:00-04:00,42.52,42.54,42.505,42.52,2744
2018-05-25 10:25:00-04:00,42.52,42.52,42.47,42.49,1868
2018-05-25 10:30:00-04:00,42.49,42.54,42.47,42.53,3667
2018-05-25 10:35:00-04:00,42.52,42.52,42.49,42.5,2362
2018-05-25 10:40:00-04:00,42.48,42.515,42.47,42.51,3851
2018-05-25 10:45:00-04:00,42.5,42.57,42.5,42.565,9984
2018-05-25 10:50:00-04:00,42.57,42.575,42.51,42.51,3963
2018-05-25 10:55:00-04:00,42.525,42.525,42.48,42.52,3206
2018-05-25 11:00:00-04:00,42.51,42.51,42.49,42.5,2132
2018-05-25 11:05:00-04:00,42.5,42.52,42.455,42.455,3402
2018-05-25 11:10:00-04:00,42.435,42.47,42.43,42.46,7279
2018-05-25 11:15:00-04:00,42.46,42.485,42.45,42.46,8390
2018-05-25 11:20:00-04:00,42.45,42.47,42.425,42.46,1400
2018-05-25 11:25:00-04:00,42.46,42.5,42.455,42.49,3769
2018-05-25 11:30:00-04:00,42.48,42.48,42.44,42.44,2101
2018-05-25 11:35:00-04:00,42.44,42.445,42.41,42.42,3446
2018-05-25 11:40:00-04:00,42.43,42.44,42.4,42.4,6707
2018-05-25 11:45:00-04:00,42.39,42.39,42.355,42.36,2240
2018-05-25 11:50:00-04:00,42.365,42.375,42.35,42.37,2812
2018-05-25 11:55:00-04:00,42.37,42.37,42.36,42.36,899
2018-05-25 12:00:00-04:00,42.36,42.38,42.36,42.365,699
2018-05-25 12:05:00-04:00,42.35,42.36,42.305,42.32,5558
2018-05-25 12:10:00-04:00,42.32,42.35,42.32,42.335,3603
2018-05-25 12:15:00-04:00,42.33,42.335,42.295,42.295,3030
2018-05-25 12:20:00-04:00,42.28,42.289,42.23,42.25,1010
2018-05-25 12:25:00-04:00,42.27,42.3,42.27,42.29,3006
2018-05-25 12:30:00-04:00,42.29,42.32,42.29,42.3,1800
2018-05-25 12:35:00-04:00,42.31,42.31,42.295,42.3,1000
2018-05-25 12:40:00-04:00,42.295,42.3,42.28,42.29,3625
2018-05-25 12:45:00-04:00,42.31,42.31,42.29,42.295,1638
2018-05-25 12:50:00-04:00,42.3,42.305,42.28,42.29,3593
2018-05-25 12:55:00-04:00,42.31,42.315,42.29,42.29,1900
2018-05-25 13:00:00-04:00,42.28,42.3,42.28,42.29,901
2018-05-25 13:05:00-04:00,42.3,42.3,42.28,42.28,1351
2018-05-25 13:10:00-04:00,42.29,42.32,42.29,42.3,4698
2018-05-25 13:15:00-04:00,42.29,42.3,42.28,42.29,2482
2018-05-25 13:20:00-04:00,42.29,42.33,42.29,42.32,2419
2018-05-25 13:25:00-04:00,42.3,42.3,42.26,42.26,1451
2018-05-25 13:30:00-04:00,42.26,42.26,42.24,42.255,10499
2018-05-25 13:35:00-04:00,42.25,42.255,42.25,42.25,1013
2018-05-25 13:40:00-04:00,42.26,42.28,42.26,42.28,2544
2018-05-25 13:45:00-04:00,42.29,42.31,42.28,42.31,2336
2018-05-25 13:50:00-04:00,42.3,42.3,42.28,42.285,1452
2018-05-25 13:55:00-04:00,42.28,42.29,42.28,42.29,4757
2018-05-25 14:00:00-04:00,42.3,42.31,42.29,42.295,2674
2018-05-25 14:05:00-04:00,42.3,42.31,42.29,42.295,12292
2018-05-25 14:10:00-04:00,42.3,42.305,42.29,42.305,1635
2018-05-25 14:15:00-04:00,42.31,42.33,42.3,42.3,3083
2018-05-25 14:20:00-04:00,42.3,42.345,42.29,42.32,4208
2018-05-25 14:25:00-04:00,42.33,42.34,42.32,42.32,1602
2018-05-25 14:30:00-04:00,42.32,42.355,42.31,42.35,6137
2018-05-25 14:35:00-04:00,42.34,42.345,42.33,42.34,3263
2018-05-25 14:40:00-04:00,42.335,42.335,42.3,42.305,6060
2018-05-25 14:45:00-04:00,42.3,42.32,42.29,42.315,8675
2018-05-25 14:50:00-04:00,42.31,42.315,42.3,42.31,6344
2018-05-25 14:55:00-04:00,42.31,42.33,42.29,42.29,6183
2018-05-25 15:00:00-04:00,42.295,42.31,42.285,42.29,4380
2018-05-25 15:05:00-04:00,42.3,42.305,42.295,42.3,2432
2018-05-25 15:10:00-04:00,42.3,42.32,42.29,42.32,3021
2018-05-25 15:15:00-04:00,42.33,42.36,42.325,42.355,8181
2018-05-25 15:20:00-04:00,42.35,42.38,42.34,42.35,5411
2018-05-25 15:25:00-04:00,42.36,42.36,42.34,42.36,6861
2018-05-25 15:30:00-04:00,42.36,42.37,42.345,42.355,6224
2018-05-25 15:35:00-04:00,42.36,42.38,42.34,42.34,6360
2018-05-25 15:40:00-04:00,42.35,42.355,42.32,42.32,11272
2018-05-25 15:45:00-04:00,42.31,42.35,42.305,42.34,11494
2018-05-25 15:50:00-04:00,42.35,42.39,42.35,42.375,19308
2018-05-25 15:55:00-04:00,42.38,42.41,42.37,42.4,68209
2018-05-29 09:30:00-04:00,42.11,42.32,42.11,42.28,7126
2018-05-29 09:35:00-04:00,42.28,42.37,42.26,42.33,6368
2018-05-29 09:40:00-04:00,42.33,42.36,42.285,42.31,35097
2018-05-29 09:45:00-04:00,42.32,42.39,42.32,42.36,3979
2018-05-29 09:50:00-04:00,42.365,42.43,42.34,42.43,7616
2018-05-29 09:55:00-04:00,42.44,42.535,42.43,42.53,6962
2018-05-29 10:00:00-04:00,42.53,42.6,42.52,42.595,8881
2018-05-29 10:05:00-04:00,42.59,42.615,42.56,42.605,11289
2018-05-29 10:10:00-04:00,42.61,42.69,42.59,42.69,7730
2018-05-29 10:15:00-04:00,42.7,42.73,42.69,42.72,11804
2018-05-29 10:20:00-04:00,42.715,42.74,42.695,42.7,8809
2018-05-29 10:25:00-04:00,42.725,42.725,42.68,42.7,9572
2018-05-29 10:30:00-04:00,42.68,42.68,42.65,42.66,13264
2018-05-29 10:35:00-04:00,42.66,42.705,42.655,42.69,7505
2018-05-29 10:40:00-04:00,42.695,42.715,42.69,42.69,11393
2018-05-29 10:45:00-04:00,42.69,42.69,42.65,42.685,4622
2018-05-29 10:50:00-04:00,42.69,42.755,42.69,42.74,10562
2018-05-29 10:55:00-04:00,42.745,42.755,42.72,42.745,15072
2018-05-29 11:00:00-04:00,42.75,42.75,42.67,42.685,10221
2018-05-29 11:05:00-04:00,42.67,42.78,42.67,42.77,12578
2018-05-29 11:10:00-04:00,42.78,42.8,42.76,42.78,7486
2018-05-29 11:15:00-04:00,42.79,42.805,42.76,42.8,5764
2018-05-29 11:20:00-04:00,42.8,42.825,42.77,42.825,11694
2018-05-29 11:25:00-04:00,42.825,42.85,42.795,42.81,11346
2018-05-29 11:30:00-04:00,42.78,42.8,42.73,42.74,9102
2018-05-29 11:35:00-04:00,42.73,42.74,42.7,42.72,10059
2018-05-29 11:40:00-04:00,42.73,42.735,42.695,42.695,12811
2018-05-29 11:45:00-04:00,42.69,42.73,42.68,42.7,14071
2018-05-29 11:50:00-04:00,42.705,42.755,42.69,42.755,6966
2018-05-29 11:55:00-04:00,42.76,42.76,42.69,42.7,5771
2018-05-29 12:00:00-04:00,42.7,42.705,42.65,42.65,8395
2018-05-29 12:05:00-04:00,42.64,42.655,42.6,42.62,6939
2018-05-29 12:10:00-04:00,42.625,42.64,42.605,42.62,11544
2018-05-29 12:15:00-04:00,42.615,42.65,42.61,42.61,16638
2018-05-29 12:20:00-04:00,42.61,42.62,42.57,42.59,5423
2018-05-29 12:25:00-04:00,42.615,42.64,42.59,42.6,4066
2018-05-29 12:30:00-04:00,42.6,42.625,42.59,42.595,6728
2018-05-29 12:35:00-04:00,42.585,42.655,42.57,42.65,14697
2018-05-29 12:40:00-04:00,42.65,42.67,42.64,42.66,10320
2018-05-29 12:45:00-04:00,42.65,42.665,42.62,42.64,5219
2018-05-29 12:50:00-04:00,42.65,42.665,42.63,42.65,5000
2018-05-29 12:55:00-04:00,42.65,42.66,42.61,42.66,5163
2018-05-29 13:00:00-04:00,42.65,42.65,42.63,42.64,5357
2018-05-29 13:05:00-04:00,42.63,42.63,42.59,42.605,6742
2018-05-29 13:10:00-04:00,42.61,42.62,42.595,42.62,6310
2018-05-29 13:15:00-04:00,42.615,42.67,42.615,42.65,4777
2018-05-29 13:20:00-04:00,42.655,42.68,42.65,42.67,2958
2018-05-29 13:25:00-04:00,42.665,42.665,42.64,42.65,6285
2018-05-29 13:30:00-04:00,42.655,42.655,42.63,42.64,7560
2018-05-29 13:35:00-04:00,42.635,42.65,42.63,42.645,8935
2018-05-29 13:40:00-04:00,42.65,42.7,42.65,42.66,7703
2018-05-29 13:45:00-04:00,42.66,42.72,42.66,42.7,2945
2018-05-29 13:50:00-04:00,42.7,42.71,42.68,42.695,3761
2018-05-29 13:55:00-04:00,42.69,42.705,42.665,42.665,8587
2018-05-29 14:00:00-04:00,42.655,42.66,42.54,42.55,9353
2018-05-29 14:05:00-04:00,42.555,42.555,42.53,42.54,4245
2018-05-29 14:10:00-04:00,42.55,42.555,42.52,42.54,5805
2018-05-29 14:15:00-04:00,42.535,42.54,42.51,42.515,6740
2018-05-29 14:20:00-04:00,42.505,42.535,42.485,42.52,4980
2018-05-29 14:25:00-04:00,42.53,42.62,42.52,42.62,8309
2018-05-29 14:30:00-04:00,42.62,42.63,42.6,42.62,3467
2018-05-29 14:35:00-04:00,42.63,42.64,42.58,42.58,4130
2018-05-29 14:40:00-04:00,42.585,42.605,42.52,42.52,18298
2018-05-29 14:45:00-04:00,42.52,42.56,42.51,42.555,7990
2018-05-29 14:50:00-04:00,42.56,42.59,42.54,42.55,5649
2018-05-29 14:55:00-04:00,42.54,42.58,42.53,42.53,5209
2018-05-29 15:00:00-04:00,42.53,42.57,42.51,42.515,5095
2018-05-29 15:05:00-04:00,42.52,42.53,42.49,42.51,4961
2018-05-29 15:10:00-04:00,42.505,42.525,42.49,42.525,7067
2018-05-29 15:15:00-04:00,42.525,42.53,42.48,42.49,11292
2018-05-29 15:20:00-04:00,42.49,42.54,42.47,42.535,8880
2018-05-29 15:25:00-04:00,42.54,42.54,42.48,42.52,6703
2018-05-29 15:30:00-04:00,42.52,42.57,42.5,42.57,15232
2018-05-29 15:35:00-04:00,42.56,42.61,42.56,42.59,16022
2018-05-29 15:40:00-04:00,42.59,42.6,42.57,42.585,12409
2018-05-29 15:45:00-04:00,42.58,42.66,42.58,42.615,21409
2018-05-29 15:50:00-04:00,42.62,42.68,42.615,42.67,23462
2018-05-29 15:55:00-04:00,42.68,42.685,42.65,42.675,60052
2018-05-30 09:30:00-04:00,42.77,42.81,42.71,42.75,9134
2018-05-30 09:35:00-04:00,42.765,42.83,42.73,42.8,8430
2018-05-30 09:40:00-04:00,42.795,42.85,42.79,42.85,6790
2018-05-30 09:45:00-04:00,42.855,42.86,42.82,42.83,5886
2018-05-30 09:50:00-04:00,42.82,42.84,42.81,42.83,3873
2018-05-30 09:55:00-04:00,42.845,42.905,42.84,42.895,4391
2018-05-30 10:00:00-04:00,42.9,42.9,42.81,42.855,8202
2018-05-30 10:05:00-04:00,42.855,42.875,42.835,42.87,9929
2018-05-30 10:10:00-04:00,42.86,42.89,42.85,42.86,13951
2018-05-30 10:15:00-04:00,42.88,42.9,42.87,42.885,6065
2018-05-30 10:20:00-04:00,42.9,42.9,42.85,42.86,8773
2018-05-30 10:25:00-04:00,42.86,42.865,42.805,42.805,8305
2018-05-30 10:30:00-04:00,42.8,42.81,42.765,42.8,6834
2018-05-30 10:35:00-04:00,42.8,42.83,42.8,42.82,6764
2018-05-30 10:40:00-04:00,42.82,42.875,42.82,42.875,9789
2018-05-30 10:45:00-04:00,42.875,42.89,42.87,42.88,11443
2018-05-30 10:50:00-04:00,42.875,42.88,42.865,42.865,3940
2018-05-30 10:55:00-04:00,42.865,42.92,42.865,42.915,5061
2018-05-30 11:00:00-04:00,42.92,42.93,42.915,42.93,7515
2018-05-30 11:05:00-04:00,42.93,42.93,42.91,42.915,8519
2018-05-30 11:10:00-04:00,42.91,42.91,42.89,42.89,4498
2018-05-30 11:15:00-04:00,42.89,42.91,42.89,42.91,12460
2018-05-30 11:20:00-04:00,42.92,42.95,42.905,42.95,7100
2018-05-30 11:25:00-04:00,42.95,42.955,42.9,42.9,10315
2018-05-30 11:30:00-04:00,42.91,42.94,42.9,42.93,7158
2018-05-30 11:35:00-04:00,42.94,42.94,42.91,42.91,6344
2018-05-30 11:40:00-04:00,42.91,42.92,42.89,42.92,5257
2018-05-30 11:45:00-04:00,42.91,42.94,42.91,42.93,6586
2018-05-30 11:50:00-04:00,42.93,42.975,42.93,42.97,5083
2018-05-30 11:55:00-04:00,42.975,43.01,42.96,43.01,10954
2018-05-30 12:00:00-04:00,43.01,43.01,42.99,43.005,11455
2018-05-30 12:05:00-04:00,43.0,43.03,42.99,43.03,11672
2018-05-30 12:10:00-04:00,43.03,43.05,43.01,43.04,4987
2018-05-30 12:15:00-04:00,43.045,43.06,43.045,43.05,5785
2018-05-30 12:20:00-04:00,43.05,43.07,43.045,43.07,4946
2018-05-30 12:25:00-04:00,43.075,43.08,43.05,43.06,7819
2018-05-30 12:30:00-04:00,43.055,43.055,43.03,43.045,6860
2018-05-30 12:35:00-04:00,43.05,43.1,43.05,43.095,5947
2018-05-30 12:40:00-04:00,43.095,43.125,43.09,43.125,5621
2018-05-30 12:45:00-04:00,43.125,43.14,43.11,43.11,5798
2018-05-30 12:50:00-04:00,43.11,43.13,43.11,43.12,6534
2018-05-30 12:55:00-04:00,43.125,43.13,43.11,43.13,4474
2018-05-30 13:00:00-04:00,43.125,43.165,43.125,43.165,6287
2018-05-30 13:05:00-04:00,43.17,43.18,43.16,43.18,2675
2018-05-30 13:10:00-04:00,43.18,43.2,43.175,43.19,3363
2018-05-30 13:15:00-04:00,43.2,43.225,43.2,43.225,9660
2018-05-30 13:20:00-04:00,43.225,43.27,43.21,43.27,6181
2018-05-30 13:25:00-04:00,43.27,43.27,43.2,43.2,9017
2018-05-30 13:30:00-04:00,43.19,43.205,43.175,43.19,4411
2018-05-30 13:35:00-04:00,43.19,43.215,43.18,43.215,3695
2018-05-30 13:40:00-04:00,43.21,43.23,43.19,43.23,4523
2018-05-30 13:45:00-04:00,43.23,43.245,43.23,43.24,6059
2018-05-30 13:50:00-04:00,43.23,43.23,43.19,43.19,6010
2018-05-30 13:55:00-04:00,43.2,43.21,43.19,43.19,5282
2018-05-30 14:00:00-04:00,43.2,43.215,43.185,43.21,6531
2018-05-30 14:05:00-04:00,43.23,43.26,43.23,43.235,6895
2018-05-30 14:10:00-04:00,43.24,43.26,43.235,43.255,6597
2018-05-30 14:15:00-04:00,43.255,43.27,43.225,43.245,8947
2018-05-30 14:20:00-04:00,43.245,43.255,43.22,43.22,7974
2018-05-30 14:25:00-04:00,43.22,43.23,43.22,43.23,4049
2018-05-30 14:30:00-04:00,43.23,43.28,43.23,43.26,8659
2018-05-30 14:35:00-04:00,43.25,43.25,43.23,43.24,4707
2018-05-30 14:40:00-04:00,43.24,43.25,43.215,43.215,5721
2018-05-30 14:45:00-04:00,43.22,43.24,43.21,43.235,5653
2018-05-30 14:50:00-04:00,43.24,43.275,43.24,43.27,5500
2018-05-30 14:55:00-04:00,43.26,43.26,43.25,43.255,2627
2018-05-30 15:00:00-04:00,43.26,43.26,43.23,43.23,9440
2018-05-30 15:05:00-04:00,43.22,43.235,43.22,43.23,38486
2018-05-30 15:10:00-04:00,43.23,43.235,43.21,43.22,5121
2018-05-30 15:15:00-04:00,43.22,43.23,43.215,43.23,5183
2018-05-30 15:20:00-04:00,43.23,43.23,43.17,43.175,9320
2018-05-30 15:25:00-04:00,43.17,43.17,43.15,43.15,7429
2018-05-30 15:30:00-04:00,43.145,43.17,43.12,43.17,8349
2018-05-30 15:35:00-04:00,43.17,43.17,43.12,43.13,15086
2018-05-30 15:40:00-04:00,43.12,43.13,43.09,43.09,21091
2018-05-30 15:45:00-04:00,43.09,43.15,43.08,43.125,21170
2018-05-30 15:50:00-04:00,43.12,43.145,43.12,43.135,30504
2018-05-30 15:55:00-04:00,43.14,43.185,43.13,43.145,64860
2018-05-31 09:30:00-04:00,43.21,43.21,42.93,43.02,6684
2018-05-31 09:35:00-04:00,42.99,43.02,42.88,42.88,3433
2018-05-31 09:40:00-04:00,42.88,42.92,42.81,42.81,5647
2018-05-31 09:45:00-04:00,42.82,42.82,42.685,42.73,8642
2018-05-31 09:50:00-04:00,42.75,42.78,42.71,42.74,7934
2018-05-31 09:55:00-04:00,42.73,42.76,42.68,42.75,6419
2018-05-31 10:00:00-04:00,42.74,42.81,42.73,42.77,7579
2018-05-31 10:05:00-04:00,42.77,42.77,42.73,42.75,4814
2018-05-31 10:10:00-04:00,42.76,42.82,42.75,42.82,4109
2018-05-31 10:15:00-04:00,42.81,42.86,42.795,42.86,3330
2018-05-31 10:20:00-04:00,42.86,42.91,42.84,42.84,7248
2018-05-31 10:25:00-04:00,42.84,42.855,42.8,42.83,8952
2018-05-31 10:30:00-04:00,42.81,42.81,42.76,42.76,5632
2018-05-31 10:35:00-04:00,42.76,42.8,42.71,42.72,15643
2018-05-31 10:40:00-04:00,42.72,42.745,42.68,42.705,16316
2018-05-31 10:45:00-04:00,42.71,42.76,42.71,42.76,13358
2018-05-31 10:50:00-04:00,42.76,42.76,42.7,42.72,10109
2018-05-31 10:55:00-04:00,42.73,42.77,42.73,42.76,30119
2018-05-31 11:00:00-04:00,42.73,42.77,42.73,42.74,5001
2018-05-31 11:05:00-04:00,42.74,42.77,42.715,42.715,4702
2018-05-31 11:10:00-04:00,42.72,42.78,42.72,42.78,3000
2018-05-31 11:15:00-04:00,42.77,42.78,42.755,42.76,4222
2018-05-31 11:20:00-04:00,42.76,42.765,42.725,42.76,5538
2018-05-31 11:25:00-04:00,42.76,42.85,42.76,42.85,6180
2018-05-31 11:30:00-04:00,42.85,42.85,42.79,42.82,3916
2018-05-31 11:35:00-04:00,42.81,42.88,42.805,42.84,4636
2018-05-31 11:40:00-04:00,42.85,42.96,42.85,42.95,9630
2018-05-31 11:45:00-04:00,42.94,42.945,42.88,42.93,6971
2018-05-31 11:50:00-04:00,42.905,42.91,42.87,42.9,3590
2018-05-31 11:55:00-04:00,42.9,42.91,42.85,42.85,5122
2018-05-31 12:00:00-04:00,42.84,42.85,42.8,42.8,2200
2018-05-31 12:05:00-04:00,42.79,42.815,42.78,42.78,3276
2018-05-31 12:10:00-04:00,42.77,42.81,42.77,42.8,4289
2018-05-31 12:15:00-04:00,42.8,42.8,42.76,42.79,2816
2018-05-31 12:20:00-04:00,42.78,42.785,42.76,42.775,4263
2018-05-31 12:25:00-04:00,42.77,42.775,42.75,42.77,9501
2018-05-31 12:30:00-04:00,42.77,42.79,42.76,42.765,7955
2018-05-31 12:35:00-04:00,42.765,42.77,42.75,42.755,9600
2018-05-31 12:40:00-04:00,42.75,42.79,42.73,42.79,7353
2018-05-31 12:45:00-04:00,42.8,42.8,42.78,42.8,1400
2018-05-31 12:50:00-04:00,42.795,42.8,42.765,42.77,5507
2018-05-31 12:55:00-04:00,42.76,42.79,42.76,42.79,2058
2018-05-31 13:00:00-04:00,42.79,42.8,42.78,42.78,5389
2018-05-31 13:05:00-04:00,42.76,42.79,42.76,42.79,3103
2018-05-31 13:10:00-04:00,42.78,42.78,42.77,42.78,4042
2018-05-31 13:15:00-04:00,42.78,42.8,42.78,42.78,3365
2018-05-31 13:20:00-04:00,42.78,42.8,42.77,42.8,3647
2018-05-31 13:25:00-04:00,42.78,42.8,42.78,42.8,2966
2018-05-31 13:30:00-04:00,42.79,42.81,42.78,42.78,12536
2018-05-31 13:35:00-04:00,42.78,42.8,42.775,42.78,4706
2018-05-31 13:40:00-04:00,42.79,42.805,42.78,42.805,3272
2018-05-31 13:45:00-04:00,42.8,42.81,42.79,42.81,2815
2018-05-31 13:50:00-04:00,42.81,42.81,42.77,42.81,6833
2018-05-31 13:55:00-04:00,42.81,42.81,42.77,42.775,9195
2018-05-31 14:00:00-04:00,42.78,42.79,42.765,42.78,20713
2018-05-31 14:05:00-04:00,42.78,42.79,42.775,42.78,1305
2018-05-31 14:10:00-04:00,42.78,42.81,42.78,42.795,7269
2018-05-31 14:15:00-04:00,42.8,42.86,42.8,42.85,4800
2018-05-31 14:20:00-04:00,42.845,42.845,42.83,42.83,3725
2018-05-31 14:25:00-04:00,42.84,42.86,42.84,42.85,4834
2018-05-31 14:30:00-04:00,42.84,42.875,42.84,42.86,10798
2018-05-31 14:35:00-04:00,42.865,42.865,42.83,42.83,9016
2018-05-31 14:40:00-04:00,42.83,42.85,42.815,42.85,6157
2018-05-31 14:45:00-04:00,42.84,42.865,42.83,42.86,4496
2018-05-31 14:50:00-04:00,42.86,42.9,42.85,42.9,5230
2018-05-31 14:55:00-04:00,42.9,42.92,42.895,42.92,7862
2018-05-31 15:00:00-04:00,42.93,42.95,42.91,42.925,4797
2018-05-31 15:05:00-04:00,42.93,42.975,42.92,42.965,5314
2018-05-31 15:10:00-04:00,42.97,42.99,42.97,42.975,10742
2018-05-31 15:15:00-04:00,42.97,42.99,42.915,42.92,5445
2018-05-31 15:20:00-04:00,42.93,42.975,42.92,42.945,15891
2018-05-31 15:25:00-04:00,42.945,42.97,42.94,42.955,9706
2018-05-31 15:30:00-04:00,42.96,42.97,42.91,42.92,15378
2018-05-31 15:35:00-04:00,42.92,42.975,42.915,42.935,13650
2018-05-31 15:40:00-04:00,42.935,42.95,42.885,42.9,13366
2018-05-31 15:45:00-04:00,42.895,42.92,42.885,42.905,17036
2018-05-31 15:50:00-04:00,42.9,42.905,42.88,42.9,28260
2018-05-31 15:55:00-04:00,42.895,43.02,42.89,43.0,78668
2018-06-01 09:30:00-04:00,43.075,43.18,43.05,43.16,3961
2018-06-01 09:35:00-04:00,43.13,43.17,43.13,43.16,8110
2018-06-01 09:40:00-04:00,43.16,43.18,43.12,43.12,7784
2018-06-01 09:45:00-04:00,43.125,43.16,43.1,43.14,9569
2018-06-01 09:50:00-04:00,43.14,43.16,43.1,43.11,11948
2018-06-01 09:55:00-04:00,43.11,43.15,43.1,43.15,10169
2018-06-01 10:00:00-04:00,43.145,43.15,43.1,43.11,10369
2018-06-01 10:05:00-04:00,43.11,43.19,43.1,43.14,11642
2018-06-01 10:10:00-04:00,43.12,43.18,43.1,43.13,12355
2018-06-01 10:15:00-04:00,43.14,43.14,43.08,43.09,13007
2018-06-01 10:20:00-04:00,43.12,43.19,43.1,43.16,10515
2018-06-01 10:25:00-04:00,43.175,43.175,43.1,43.1,6531
2018-06-01 10:30:00-04:00,43.095,43.155,43.095,43.155,8777
2018-06-01 10:35:00-04:00,43.16,43.2,43.16,43.19,5458
2018-06-01 10:40:00-04:00,43.19,43.24,43.15,43.16,12410
2018-06-01 10:45:00-04:00,43.17,43.23,43.17,43.22,5309
2018-06-01 10:50:00-04:00,43.22,43.245,43.22,43.235,13229
2018-06-01 10:55:00-04:00,43.235,43.275,43.23,43.25,8088
2018-06-01 11:00:00-04:00,43.26,43.27,43.19,43.19,7451
2018-06-01 11:05:00-04:00,43.18,43.22,43.18,43.2,5478
2018-06-01 11:10:00-04:00,43.205,43.22,43.205,43.21,3516
2018-06-01 11:15:00-04:00,43.215,43.255,43.215,43.24,10524
2018-06-01 11:20:00-04:00,43.25,43.255,43.17,43.18,4754
2018-06-01 11:25:00-04:00,43.175,43.18,43.155,43.16,7696
2018-06-01 11:30:00-04:00,43.15,43.19,43.15,43.16,8927
2018-06-01 11:35:00-04:00,43.165,43.17,43.11,43.115,7749
2018-06-01 11:40:00-04:00,43.11,43.125,43.09,43.1,9197
2018-06-01 11:45:00-04:00,43.105,43.105,43.09,43.105,10896
2018-06-01 11:50:00-04:00,43.1,43.135,43.1,43.13,7481
2018-06-01 11:55:00-04:00,43.13,43.17,43.13,43.17,6540
2018-06-01 12:00:00-04:00,43.17,43.175,43.155,43.17,9917
2018-06-01 12:05:00-04:00,43.17,43.17,43.12,43.12,10985
2018-06-01 12:10:00-04:00,43.13,43.14,43.11,43.125,5265
2018-06-01 12:15:00-04:00,43.125,43.14,43.12,43.135,6909
2018-06-01 12:20:00-04:00,43.13,43.14,43.13,43.13,1890
2018-06-01 12:25:00-04:00,43.135,43.14,43.13,43.13,2475
2018-06-01 12:30:00-04:00,43.13,43.18,43.125,43.18,5857
2018-06-01 12:35:00-04:00,43.185,43.22,43.185,43.2,4486
2018-06-01 12:40:00-04:00,43.21,43.22,43.195,43.195,1830
2018-06-01 12:45:00-04:00,43.19,43.2,43.19,43.19,3264
2018-06-01 12:50:00-04:00,43.195,43.205,43.18,43.18,6453
2018-06-01 12:55:00-04:00,43.185,43.185,43.175,43.18,4246
2018-06-01 13:00:00-04:00,43.18,43.21,43.17,43.205,5800
2018-06-01 13:05:00-04:00,43.21,43.23,43.21,43.225,2852
2018-06-01 13:10:00-04:00,43.22,43.255,43.22,43.25,5135
2018-06-01 13:15:00-04:00,43.23,43.26,43.23,43.25,5414
2018-06-01 13:20:00-04:00,43.255,43.31,43.255,43.3,11420
2018-06-01 13:25:00-04:00,43.3,43.31,43.26,43.27,3753
2018-06-01 13:30:00-04:00,43.275,43.275,43.24,43.24,54940
2018-06-01 13:35:00-04:00,43.23,43.25,43.225,43.23,4816
2018-06-01 13:40:00-04:00,43.23,43.26,43.23,43.25,5611
2018-06-01 13:45:00-04:00,43.25,43.26,43.25,43.255,2850
2018-06-01 13:50:00-04:00,43.255,43.26,43.235,43.24,3006
2018-06-01 13:55:00-04:00,43.24,43.25,43.23,43.25,3007
2018-06-01 14:00:00-04:00,43.26,43.27,43.24,43.255,5615
2018-06-01 14:05:00-04:00,43.25,43.26,43.24,43.24,6102
2018-06-01 14:10:00-04:00,43.24,43.25,43.21,43.25,4551
2018-06-01 14:15:00-04:00,43.24,43.26,43.24,43.26,3778
2018-06-01 14:20:00-04:00,43.255,43.3,43.25,43.3,4527
2018-06-01 14:25:00-04:00,43.31,43.32,43.29,43.3,2987
2018-06-01 14:30:00-04:00,43.29,43.295,43.24,43.25,4451
2018-06-01 14:35:00-04:00,43.255,43.255,43.23,43.24,3403
2018-06-01 14:40:00-04:00,43.235,43.27,43.235,43.27,4397
2018-06-01 14:45:00-04:00,43.26,43.28,43.25,43.28,5396
2018-06-01 14:50:00-04:00,43.28,43.28,43.265,43.265,4813
2018-06-01 14:55:00-04:00,43.27,43.28,43.265,43.275,7632
2018-06-01 15:00:00-04:00,43.27,43.28,43.27,43.27,4254
2018-06-01 15:05:00-04:00,43.27,43.28,43.21,43.21,9835
2018-06-01 15:10:00-04:00,43.19,43.2,43.165,43.2,9403
2018-06-01 15:15:00-04:00,43.19,43.19,43.18,43.18,10588
2018-06-01 15:20:00-04:00,43.185,43.185,43.17,43.18,6249
2018-06-01 15:25:00-04:00,43.18,43.18,43.14,43.145,8219
2018-06-01 15:30:00-04:00,43.145,43.17,43.13,43.135,9333
2018-06-01 15:35:00-04:00,43.14,43.15,43.1,43.105,19876
2018-06-01 15:40:00-04:00,43.105,43.14,43.095,43.13,19314
2018-06-01 15:45:00-04:00,43.13,43.13,43.11,43.11,9689
2018-06-01 15:50:00-04:00,43.11,43.13,43.1,43.11,23728
2018-06-01 15:55:00-04:00,43.1,43.13,43.09,43.12,60952
2018-06-04 09:25:00-04:00,43.4,43.4,43.4,43.4,768
2018-06-04 09:30:00-04:00,43.32,43.46,43.32,43.41,18641
2018-06-04 09:35:00-04:00,43.4,43.48,43.39,43.46,12642
2018-06-04 09:40:00-04:00,43.47,43.53,43.47,43.52,13831
2018-06-04 09:45:00-04:00,43.53,43.53,43.465,43.52,10841
2018-06-04 09:50:00-04:00,43.52,43.55,43.5,43.55,11988
2018-06-04 09:55:00-04:00,43.55,43.555,43.53,43.55,11751
2018-06-04 10:00:00-04:00,43.56,43.585,43.46,43.465,14079
2018-06-04 10:05:00-04:00,43.47,43.47,43.38,43.41,16517
2018-06-04 10:10:00-04:00,43.4,43.45,43.39,43.41,16823
2018-06-04 10:15:00-04:00,43.41,43.415,43.38,43.38,7853
2018-06-04 10:20:00-04:00,43.385,43.39,43.33,43.335,4769
2018-06-04 10:25:00-04:00,43.34,43.385,43.315,43.36,11918
2018-06-04 10:30:00-04:00,43.35,43.35,43.29,43.325,6377
2018-06-04 10:35:00-04:00,43.325,43.375,43.31,43.37,16349
2018-06-04 10:40:00-04:00,43.38,43.43,43.375,43.42,12962
2018-06-04 10:45:00-04:00,43.425,43.44,43.42,43.42,7010
2018-06-04 10:50:00-04:00,43.42,43.46,43.42,43.43,9318
2018-06-04 10:55:00-04:00,43.43,43.45,43.42,43.445,6645
2018-06-04 11:00:00-04:00,43.45,43.465,43.4,43.42,9221
2018-06-04 11:05:00-04:00,43.41,43.41,43.39,43.39,6419
2018-06-04 11:10:00-04:00,43.39,43.39,43.34,43.34,7667
2018-06-04 11:15:00-04:00,43.34,43.36,43.32,43.36,6519
2018-06-04 11:20:00-04:00,43.355,43.36,43.32,43.325,8245
2018-06-04 11:25:00-04:00,43.325,43.37,43.32,43.37,8935
2018-06-04 11:30:00-04:00,43.37,43.37,43.34,43.34,7751
2018-06-04 11:35:00-04:00,43.35,43.395,43.35,43.385,16974
2018-06-04 11:40:00-04:00,43.385,43.42,43.38,43.42,5070
2018-06-04 11:45:00-04:00,43.425,43.445,43.42,43.42,8521
2018-06-04 11:50:00-04:00,43.42,43.45,43.42,43.44,4426
2018-06-04 11:55:00-04:00,43.45,43.47,43.415,43.465,6917
2018-06-04 12:00:00-04:00,43.46,43.54,43.46,43.525,9850
2018-06-04 12:05:00-04:00,43.53,43.56,43.51,43.545,5368
2018-06-04 12:10:00-04:00,43.55,43.55,43.52,43.55,5128
2018-06-04 12:15:00-04:00,43.55,43.56,43.54,43.545,5794
2018-06-04 12:20:00-04:00,43.55,43.56,43.53,43.555,9347
2018-06-04 12:25:00-04:00,43.555,43.555,43.5,43.51,5613
2018-06-04 12:30:00-04:00,43.5,43.5,43.45,43.45,8327
2018-06-04 12:35:00-04:00,43.455,43.5,43.455,43.5,4162
2018-06-04 12:40:00-04:00,43.51,43.51,43.47,43.47,5600
2018-06-04 12:45:00-04:00,43.47,43.505,43.47,43.505,6505
2018-06-04 12:50:00-04:00,43.505,43.505,43.48,43.485,4713
2018-06-04 12:55:00-04:00,43.48,43.49,43.46,43.48,6888
2018-06-04 13:00:00-04:00,43.48,43.5,43.47,43.49,5276
2018-06-04 13:05:00-04:00,43.49,43.53,43.48,43.53,7668
2018-06-04 13:10:00-04:00,43.535,43.535,43.49,43.5,2457
2018-06-04 13:15:00-04:00,43.495,43.52,43.495,43.505,3494
2018-06-04 13:20:00-04:00,43.5,43.51,43.47,43.5,4124
2018-06-04 13:25:00-04:00,43.5,43.51,43.485,43.495,9849
2018-06-04 13:30:00-04:00,43.495,43.51,43.45,43.45,26979
2018-06-04 13:35:00-04:00,43.44,43.49,43.44,43.485,3597
2018-06-04 13:40:00-04:00,43.49,43.49,43.48,43.48,3623
2018-06-04 13:45:00-04:00,43.485,43.49,43.47,43.48,9637
2018-06-04 13:50:00-04:00,43.48,43.48,43.44,43.44,7951
2018-06-04 13:55:00-04:00,43.44,43.5,43.44,43.49,4981
2018-06-04 14:00:00-04:00,43.485,43.515,43.48,43.515,9859
2018-06-04 14:05:00-04:00,43.51,43.515,43.49,43.51,8060
2018-06-04 14:10:00-04:00,43.5,43.52,43.49,43.52,4173
2018-06-04 14:15:00-04:00,43.52,43.535,43.51,43.51,9355
2018-06-04 14:20:00-04:00,43.515,43.515,43.49,43.49,5389
2018-06-04 14:25:00-04:00,43.49,43.52,43.49,43.49,9357
2018-06-04 14:30:00-04:00,43.49,43.49,43.47,43.48,4514
2018-06-04 14:35:00-04:00,43.48,43.48,43.44,43.445,5491
2018-06-04 14:40:00-04:00,43.445,43.445,43.44,43.44,2787
2018-06-04 14:45:00-04:00,43.44,43.485,43.44,43.485,7994
2018-06-04 14:50:00-04:00,43.48,43.49,43.46,43.48,8543
2018-06-04 14:55:00-04:00,43.48,43.48,43.47,43.475,15022
2018-06-04 15:00:00-04:00,43.47,43.48,43.47,43.475,19399
2018-06-04 15:05:00-04:00,43.475,43.5,43.47,43.495,8777
2018-06-04 15:10:00-04:00,43.49,43.53,43.48,43.5,10652
2018-06-04 15:15:00-04:00,43.5,43.515,43.49,43.49,7067
2018-06-04 15:20:00-04:00,43.5,43.52,43.49,43.505,7869
2018-06-04 15:25:00-04:00,43.51,43.52,43.49,43.49,5220
2018-06-04 15:30:00-04:00,43.495,43.52,43.49,43.515,11326
2018-06-04 15:35:00-04:00,43.51,43.515,43.45,43.45,14320
2018-06-04 15:40:00-04:00,43.445,43.48,43.435,43.475,17881
2018-06-04 15:45:00-04:00,43.48,43.49,43.46,43.49,25535
2018-06-04 15:50:00-04:00,43.49,43.53,43.47,43.53,34344
2018-06-04 15:55:00-04:00,43.53,43.545,43.48,43.48,62278
2018-06-05 09:30:00-04:00,43.52,43.54,43.35,43.39,9033
2018-06-05 09:35:00-04:00,43.37,43.44,43.33,43.35,4791
2018-06-05 09:40:00-04:00,43.335,43.39,43.32,43.39,4512
2018-06-05 09:45:00-04:00,43.4,43.4,43.32,43.34,5848
2018-06-05 09:50:00-04:00,43.33,43.36,43.3,43.36,5745
2018-06-05 09:55:00-04:00,43.37,43.42,43.37,43.42,4765
2018-06-05 10:00:00-04:00,43.42,43.47,43.41,43.46,5910
2018-06-05 10:05:00-04:00,43.46,43.48,43.45,43.46,8237
2018-06-05 10:10:00-04:00,43.43,43.45,43.42,43.45,4392
2018-06-05 10:15:00-04:00,43.455,43.455,43.41,43.43,5006
2018-06-05 10:20:00-04:00,43.425,43.43,43.39,43.395,4300
2018-06-05 10:25:00-04:00,43.38,43.4,43.38,43.39,2332
2018-06-05 10:30:00-04:00,43.39,43.39,43.34,43.36,3686
2018-06-05 10:35:00-04:00,43.35,43.35,43.31,43.32,5685
2018-06-05 10:40:00-04:00,43.31,43.32,43.3,43.31,3262
2018-06-05 10:45:00-04:00,43.31,43.35,43.31,43.34,8231
2018-06-05 10:50:00-04:00,43.34,43.375,43.33,43.37,8575
2018-06-05 10:55:00-04:00,43.37,43.39,43.36,43.37,3075
2018-06-05 11:00:00-04:00,43.36,43.37,43.36,43.37,2410
2018-06-05 11:05:00-04:00,43.38,43.38,43.29,43.29,9031
2018-06-05 11:10:00-04:00,43.29,43.33,43.29,43.325,5421
2018-06-05 11:15:00-04:00,43.325,43.34,43.25,43.25,5306
2018-06-05 11:20:00-04:00,43.255,43.26,43.23,43.24,7808
2018-06-05 11:25:00-04:00,43.245,43.27,43.24,43.24,8476
2018-06-05 11:30:00-04:00,43.24,43.24,43.21,43.235,8394
2018-06-05 11:35:00-04:00,43.23,43.25,43.21,43.23,8414
2018-06-05 11:40:00-04:00,43.22,43.23,43.2,43.22,10413
2018-06-05 11:45:00-04:00,43.23,43.23,43.195,43.21,7848
2018-06-05 11:50:00-04:00,43.22,43.24,43.195,43.2,5400
2018-06-05 11:55:00-04:00,43.2,43.23,43.2,43.2,4381
2018-06-05 12:00:00-04:00,43.195,43.23,43.195,43.2,5860
2018-06-05 12:05:00-04:00,43.19,43.24,43.19,43.24,2450
2018-06-05 12:10:00-04:00,43.25,43.28,43.25,43.275,4460
2018-06-05 12:15:00-04:00,43.275,43.315,43.27,43.31,9036
2018-06-05 12:20:00-04:00,43.32,43.32,43.3,43.31,7604
2018-06-05 12:25:00-04:00,43.3,43.32,43.285,43.29,7121
2018-06-05 12:30:00-04:00,43.29,43.29,43.26,43.27,8118
2018-06-05 12:35:00-04:00,43.27,43.285,43.26,43.26,5300
2018-06-05 12:40:00-04:00,43.265,43.29,43.265,43.29,12327
2018-06-05 12:45:00-04:00,43.28,43.3,43.23,43.23,5350
2018-06-05 12:50:00-04:00,43.23,43.24,43.2,43.225,16364
2018-06-05 12:55:00-04:00,43.225,43.24,43.22,43.24,12932
2018-06-05 13:00:00-04:00,43.23,43.255,43.23,43.25,5400
2018-06-05 13:05:00-04:00,43.25,43.255,43.24,43.25,4269
2018-06-05 13:10:00-04:00,43.24,43.285,43.24,43.28,4400
2018-06-05 13:15:00-04:00,43.285,43.29,43.24,43.25,4905
2018-06-05 13:20:00-04:00,43.25,43.26,43.25,43.26,17500
2018-06-05 13:25:00-04:00,43.27,43.27,43.26,43.26,3619
2018-06-05 13:30:00-04:00,43.265,43.27,43.23,43.255,6180
2018-06-05 13:35:00-04:00,43.26,43.265,43.25,43.25,5286
2018-06-05 13:40:00-04:00,43.24,43.26,43.24,43.26,3341
2018-06-05 13:45:00-04:00,43.25,43.26,43.245,43.25,4415
2018-06-05 13:50:00-04:00,43.25,43.26,43.225,43.225,5333
2018-06-05 13:55:00-04:00,43.23,43.25,43.225,43.225,5238
2018-06-05 14:00:00-04:00,43.225,43.225,43.2,43.21,5480
2018-06-05 14:05:00-04:00,43.21,43.245,43.21,43.24,5305
2018-06-05 14:10:00-04:00,43.235,43.255,43.235,43.25,6222
2018-06-05 14:15:00-04:00,43.25,43.285,43.245,43.285,5524
2018-06-05 14:20:00-04:00,43.29,43.29,43.25,43.275,5701
2018-06-05 14:25:00-04:00,43.27,43.28,43.27,43.27,3890
2018-06-05 14:30:00-04:00,43.27,43.28,43.26,43.265,4741
2018-06-05 14:35:00-04:00,43.265,43.27,43.255,43.26,5186
2018-06-05 14:40:00-04:00,43.26,43.265,43.25,43.26,4600
2018-06-05 14:45:00-04:00,43.26,43.265,43.255,43.255,6327
2018-06-05 14:50:00-04:00,43.26,43.265,43.26,43.26,5219
2018-06-05 14:55:00-04:00,43.26,43.26,43.22,43.22,3633
2018-06-05 15:00:00-04:00,43.21,43.23,43.2,43.225,7426
2018-06-05 15:05:00-04:00,43.23,43.23,43.21,43.21,5991
2018-06-05 15:10:00-04:00,43.21,43.21,43.18,43.185,10408
2018-06-05 15:15:00-04:00,43.185,43.195,43.185,43.19,9957
2018-06-05 15:20:00-04:00,43.2,43.2,43.18,43.18,6215
2018-06-05 15:25:00-04:00,43.185,43.185,43.18,43.18,3313
2018-06-05 15:30:00-04:00,43.18,43.185,43.17,43.18,10967
2018-06-05 15:35:00-04:00,43.17,43.195,43.17,43.185,8270
2018-06-05 15:40:00-04:00,43.18,43.185,43.15,43.15,12908
2018-06-05 15:45:00-04:00,43.15,43.17,43.13,43.145,13615
2018-06-05 15:50:00-04:00,43.14,43.16,43.13,43.14,29282
2018-06-05 15:55:00-04:00,43.15,43.16,43.1,43.12,68850
2018-06-06 09:30:00-04:00,43.08,43.155,43.06,43.15,8717
2018-06-06 09:35:00-04:00,43.18,43.25,43.16,43.22,9231
2018-06-06 09:40:00-04:00,43.22,43.26,43.19,43.245,8907
2018-06-06 09:45:00-04:00,43.245,43.245,43.21,43.22,7376
2018-06-06 09:50:00-04:00,43.21,43.225,43.18,43.19,4324
2018-06-06 09:55:00-04:00,43.19,43.19,43.13,43.15,8447
2018-06-06 10:00:00-04:00,43.17,43.21,43.12,43.19,10598
2018-06-06 10:05:00-04:00,43.18,43.18,43.14,43.16,3629
2018-06-06 10:10:00-04:00,43.16,43.18,43.13,43.14,8610
2018-06-06 10:15:00-04:00,43.13,43.14,43.09,43.095,2820
2018-06-06 10:20:00-04:00,43.1,43.11,43.07,43.1,6644
2018-06-06 10:25:00-04:00,43.1,43.1,43.08,43.08,3951
2018-06-06 10:30:00-04:00,43.08,43.13,43.08,43.13,4616
2018-06-06 10:35:00-04:00,43.14,43.14,43.08,43.08,4343
2018-06-06 10:40:00-04:00,43.09,43.115,43.07,43.07,5064
2018-06-06 10:45:00-04:00,43.05,43.08,43.05,43.06,6085
2018-06-06 10:50:00-04:00,43.07,43.12,43.07,43.12,2831
2018-06-06 10:55:00-04:00,43.13,43.155,43.125,43.14,5175
2018-06-06 11:00:00-04:00,43.14,43.14,43.12,43.12,4181
2018-06-06 11:05:00-04:00,43.12,43.13,43.1,43.1,5957
2018-06-06 11:10:00-04:00,43.1,43.12,43.07,43.07,6201
2018-06-06 11:15:00-04:00,43.07,43.07,43.045,43.06,9447
2018-06-06 11:20:00-04:00,43.06,43.08,43.05,43.06,7704
2018-06-06 11:25:00-04:00,43.065,43.08,43.05,43.08,6858
2018-06-06 11:30:00-04:00,43.09,43.09,43.06,43.08,3917
2018-06-06 11:35:00-04:00,43.07,43.12,43.07,43.1,3138
2018-06-06 11:40:00-04:00,43.1,43.12,43.08,43.1,3732
2018-06-06 11:45:00-04:00,43.11,43.12,43.08,43.12,3326
2018-06-06 11:50:00-04:00,43.12,43.13,43.1,43.11,2750
2018-06-06 11:55:00-04:00,43.12,43.16,43.1,43.155,4293
2018-06-06 12:00:00-04:00,43.16,43.18,43.15,43.18,4743
2018-06-06 12:05:00-04:00,43.18,43.22,43.16,43.21,4826
2018-06-06 12:10:00-04:00,43.21,43.23,43.205,43.215,3014
2018-06-06 12:15:00-04:00,43.22,43.23,43.2,43.23,2824
2018-06-06 12:20:00-04:00,43.23,43.235,43.205,43.21,5856
2018-06-06 12:25:00-04:00,43.21,43.24,43.21,43.235,6954
2018-06-06 12:30:00-04:00,43.245,43.29,43.245,43.29,3894
2018-06-06 12:35:00-04:00,43.27,43.285,43.26,43.27,2806
2018-06-06 12:40:00-04:00,43.27,43.275,43.26,43.275,1865
2018-06-06 12:45:00-04:00,43.27,43.28,43.22,43.23,2950
2018-06-06 12:50:00-04:00,43.22,43.24,43.22,43.23,3778
2018-06-06 12:55:00-04:00,43.23,43.25,43.22,43.25,2304
2018-06-06 13:00:00-04:00,43.25,43.26,43.25,43.25,2565
2018-06-06 13:05:00-04:00,43.255,43.29,43.255,43.265,3650
2018-06-06 13:10:00-04:00,43.26,43.28,43.26,43.28,2059
2018-06-06 13:15:00-04:00,43.285,43.31,43.28,43.305,3109
2018-06-06 13:20:00-04:00,43.3,43.305,43.265,43.275,11403
2018-06-06 13:25:00-04:00,43.265,43.275,43.265,43.27,3084
2018-06-06 13:30:00-04:00,43.28,43.29,43.265,43.27,9816
2018-06-06 13:35:00-04:00,43.27,43.27,43.23,43.23,9801
2018-06-06 13:40:00-04:00,43.23,43.255,43.23,43.235,4055
2018-06-06 13:45:00-04:00,43.23,43.255,43.23,43.23,4806
2018-06-06 13:50:00-04:00,43.23,43.24,43.22,43.23,4458
2018-06-06 13:55:00-04:00,43.23,43.24,43.2,43.23,5945
2018-06-06 14:00:00-04:00,43.235,43.25,43.23,43.24,4529
2018-06-06 14:05:00-04:00,43.24,43.255,43.235,43.255,2380
2018-06-06 14:10:00-04:00,43.25,43.255,43.23,43.24,6413
2018-06-06 14:15:00-04:00,43.23,43.25,43.23,43.23,4171
2018-06-06 14:20:00-04:00,43.24,43.25,43.23,43.24,2064
2018-06-06 14:25:00-04:00,43.23,43.25,43.22,43.24,4054
2018-06-06 14:30:00-04:00,43.23,43.24,43.195,43.2,6446
2018-06-06 14:35:00-04:00,43.21,43.25,43.21,43.25,2548
2018-06-06 14:40:00-04:00,43.245,43.29,43.245,43.29,3162
2018-06-06 14:45:00-04:00,43.3,43.31,43.29,43.3,2895
2018-06-06 14:50:00-04:00,43.3,43.3,43.28,43.28,2600
2018-06-06 14:55:00-04:00,43.285,43.31,43.28,43.3,5529
2018-06-06 15:00:00-04:00,43.305,43.33,43.29,43.32,3781
2018-06-06 15:05:00-04:00,43.32,43.345,43.32,43.33,3945
2018-06-06 15:10:00-04:00,43.335,43.34,43.32,43.325,3126
2018-06-06 15:15:00-04:00,43.33,43.35,43.33,43.345,6249
2018-06-06 15:20:00-04:00,43.35,43.37,43.34,43.355,6481
2018-06-06 15:25:00-04:00,43.35,43.36,43.32,43.325,8910
2018-06-06 15:30:00-04:00,43.32,43.35,43.315,43.33,3678
2018-06-06 15:35:00-04:00,43.33,43.35,43.325,43.335,10110
2018-06-06 15:40:00-04:00,43.335,43.37,43.33,43.34,11583
2018-06-06 15:45:00-04:00,43.34,43.345,43.32,43.34,10895
2018-06-06 15:50:00-04:00,43.35,43.4,43.35,43.38,17455
2018-06-06 15:55:00-04:00,43.39,43.46,43.385,43.46,51333
2018-06-07 09:30:00-04:00,43.39,43.52,43.37,43.37,9848
2018-06-07 09:35:00-04:00,43.37,43.62,43.37,43.59,15898
2018-06-07 09:40:00-04:00,43.59,43.64,43.57,43.63,11790
2018-06-07 09:45:00-04:00,43.64,43.64,43.555,43.56,16341
2018-06-07 09:50:00-04:00,43.55,43.57,43.49,43.5,8514
2018-06-07 09:55:00-04:00,43.5,43.52,43.46,43.5,10494
2018-06-07 10:00:00-04:00,43.505,43.53,43.48,43.48,5098
2018-06-07 10:05:00-04:00,43.49,43.495,43.44,43.47,10686
2018-06-07 10:10:00-04:00,43.46,43.505,43.43,43.505,5222
2018-06-07 10:15:00-04:00,43.51,43.58,43.505,43.58,8355
2018-06-07 10:20:00-04:00,43.575,43.63,43.575,43.6,9740
2018-06-07 10:25:00-04:00,43.61,43.61,43.565,43.57,5444
2018-06-07 10:30:00-04:00,43.57,43.61,43.55,43.59,7063
2018-06-07 10:35:00-04:00,43.59,43.65,43.55,43.65,7687
2018-06-07 10:40:00-04:00,43.66,43.69,43.63,43.63,10964
2018-06-07 10:45:00-04:00,43.64,43.7,43.64,43.695,11228
2018-06-07 10:50:00-04:00,43.69,43.73,43.685,43.7,14503
2018-06-07 10:55:00-04:00,43.68,43.68,43.64,43.65,7468
2018-06-07 11:00:00-04:00,43.65,43.68,43.63,43.66,7998
2018-06-07 11:05:00-04:00,43.65,43.66,43.63,43.66,6288
2018-06-07 11:10:00-04:00,43.66,43.695,43.64,43.685,39795
2018-06-07 11:15:00-04:00,43.68,43.69,43.65,43.66,5211
2018-06-07 11:20:00-04:00,43.65,43.65,43.615,43.615,4486
2018-06-07 11:25:00-04:00,43.62,43.63,43.6,43.6,5975
2018-06-07 11:30:00-04:00,43.61,43.61,43.58,43.58,6948
2018-06-07 11:35:00-04:00,43.59,43.6,43.575,43.58,8694
2018-06-07 11:40:00-04:00,43.575,43.6,43.575,43.58,4372
2018-06-07 11:45:00-04:00,43.58,43.59,43.55,43.55,5282
2018-06-07 11:50:00-04:00,43.55,43.55,43.52,43.52,4209
2018-06-07 11:55:00-04:00,43.53,43.55,43.53,43.55,5473
2018-06-07 12:00:00-04:00,43.55,43.55,43.53,43.55,3479
2018-06-07 12:05:00-04:00,43.55,43.59,43.55,43.585,7786
2018-06-07 12:10:00-04:00,43.58,43.63,43.58,43.615,11809
2018-06-07 12:15:00-04:00,43.61,43.63,43.605,43.62,6533
2018-06-07 12:20:00-04:00,43.61,43.63,43.6,43.625,8603
2018-06-07 12:25:00-04:00,43.63,43.66,43.63,43.65,8167
2018-06-07 12:30:00-04:00,43.65,43.65,43.605,43.63,6681
2018-06-07 12:35:00-04:00,43.63,43.645,43.63,43.64,4877
2018-06-07 12:40:00-04:00,43.64,43.67,43.635,43.665,7024
2018-06-07 12:45:00-04:00,43.66,43.66,43.63,43.63,5270
2018-06-07 12:50:00-04:00,43.63,43.645,43.62,43.645,3340
2018-06-07 12:55:00-04:00,43.65,43.66,43.63,43.65,6133
2018-06-07 13:00:00-04:00,43.65,43.7,43.65,43.695,6245
2018-06-07 13:05:00-04:00,43.69,43.71,43.69,43.69,4985
2018-06-07 13:10:00-04:00,43.68,43.71,43.68,43.71,3521
2018-06-07 13:15:00-04:00,43.71,43.71,43.64,43.64,9135
2018-06-07 13:20:00-04:00,43.64,43.64,43.61,43.63,7264
2018-06-07 13:25:00-04:00,43.63,43.64,43.61,43.625,5527
2018-06-07 13:30:00-04:00,43.625,43.7,43.615,43.7,11796
2018-06-07 13:35:00-04:00,43.7,43.7,43.615,43.625,5954
2018-06-07 13:40:00-04:00,43.63,43.64,43.6,43.605,29152
2018-06-07 13:45:00-04:00,43.605,43.655,43.595,43.63,28110
2018-06-07 13:50:00-04:00,43.63,43.63,43.585,43.6,8365
2018-06-07 13:55:00-04:00,43.59,43.59,43.54,43.555,8841
2018-06-07 14:00:00-04:00,43.55,43.6,43.54,43.59,11002
2018-06-07 14:05:00-04:00,43.59,43.59,43.55,43.58,2539
2018-06-07 14:10:00-04:00,43.585,43.585,43.56,43.58,7135
2018-06-07 14:15:00-04:00,43.58,43.61,43.58,43.595,7079
2018-06-07 14:20:00-04:00,43.595,43.63,43.595,43.63,5465
2018-06-07 14:25:00-04:00,43.61,43.62,43.6,43.6,2444
2018-06-07 14:30:00-04:00,43.6,43.61,43.58,43.61,4510
2018-06-07 14:35:00-04:00,43.6,43.605,43.59,43.6,3687
2018-06-07 14:40:00-04:00,43.59,43.59,43.555,43.555,5506
2018-06-07 14:45:00-04:00,43.55,43.56,43.53,43.54,15023
2018-06-07 14:50:00-04:00,43.535,43.535,43.47,43.47,5320
2018-06-07 14:55:00-04:00,43.475,43.475,43.46,43.46,3395
2018-06-07 15:00:00-04:00,43.47,43.47,43.46,43.46,3286
2018-06-07 15:05:00-04:00,43.46,43.465,43.38,43.38,4767
2018-06-07 15:10:00-04:00,43.38,43.42,43.375,43.39,7915
2018-06-07 15:15:00-04:00,43.39,43.43,43.37,43.38,9360
2018-06-07 15:20:00-04:00,43.39,43.44,43.38,43.44,10723
2018-06-07 15:25:00-04:00,43.44,43.45,43.415,43.415,5969
2018-06-07 15:30:00-04:00,43.43,43.43,43.38,43.38,3923
2018-06-07 15:35:00-04:00,43.38,43.4,43.36,43.37,7699
2018-06-07 15:40:00-04:00,43.375,43.38,43.33,43.34,11423
2018-06-07 15:45:00-04:00,43.34,43.375,43.335,43.37,13489
2018-06-07 15:50:00-04:00,43.38,43.43,43.37,43.41,21007
2018-06-07 15:55:00-04:00,43.41,43.43,43.375,43.43,40970
2018-06-08 09:25:00-04:00,43.6,43.6,43.6,43.6,662
2018-06-08 09:30:00-04:00,43.56,43.75,43.56,43.67,7157
2018-06-08 09:35:00-04:00,43.615,43.69,43.61,43.68,3958
2018-06-08 09:40:00-04:00,43.69,43.82,43.69,43.82,9022
2018-06-08 09:45:00-04:00,43.83,43.835,43.75,43.79,4907
2018-06-08 09:50:00-04:00,43.77,43.77,43.71,43.74,3336
2018-06-08 09:55:00-04:00,43.72,43.795,43.72,43.76,9899
2018-06-08 10:00:00-04:00,43.75,43.8,43.745,43.79,4330
2018-06-08 10:05:00-04:00,43.79,43.835,43.78,43.81,8162
2018-06-08 10:10:00-04:00,43.82,43.88,43.82,43.88,8110
2018-06-08 10:15:00-04:00,43.88,43.89,43.85,43.89,7748
2018-06-08 10:20:00-04:00,43.88,43.89,43.85,43.865,8246
2018-06-08 10:25:00-04:00,43.87,43.89,43.86,43.89,7504
2018-06-08 10:30:00-04:00,43.89,43.89,43.87,43.89,6591
2018-06-08 10:35:00-04:00,43.88,43.91,43.88,43.91,6686
2018-06-08 10:40:00-04:00,43.915,43.96,43.9,43.945,10140
2018-06-08 10:45:00-04:00,43.95,43.99,43.94,43.99,11617
2018-06-08 10:50:00-04:00,43.985,44.0,43.96,43.98,24859
2018-06-08 10:55:00-04:00,43.99,44.0,43.94,43.96,12067
2018-06-08 11:00:00-04:00,43.95,43.96,43.87,43.89,9820
2018-06-08 11:05:00-04:00,43.885,43.94,43.885,43.91,7059
2018-06-08 11:10:00-04:00,43.9,43.91,43.87,43.87,1672
2018-06-08 11:15:00-04:00,43.88,43.89,43.825,43.825,7461
2018-06-08 11:20:00-04:00,43.825,43.83,43.79,43.81,4953
2018-06-08 11:25:00-04:00,43.79,43.83,43.79,43.83,2696
2018-06-08 11:30:00-04:00,43.83,43.83,43.77,43.77,3934
2018-06-08 11:35:00-04:00,43.77,43.8,43.77,43.795,3342
2018-06-08 11:40:00-04:00,43.81,43.82,43.78,43.8,1937
2018-06-08 11:45:00-04:00,43.81,43.835,43.79,43.83,4741
2018-06-08 11:50:00-04:00,43.83,43.84,43.79,43.81,3427
2018-06-08 11:55:00-04:00,43.81,43.81,43.75,43.765,3857
2018-06-08 12:00:00-04:00,43.77,43.795,43.765,43.795,1573
2018-06-08 12:05:00-04:00,43.8,43.81,43.785,43.81,2131
2018-06-08 12:10:00-04:00,43.81,43.85,43.81,43.83,2077
2018-06-08 12:15:00-04:00,43.84,43.85,43.84,43.85,1948
2018-06-08 12:20:00-04:00,43.85,43.88,43.85,43.88,5082
2018-06-08 12:25:00-04:00,43.88,43.92,43.88,43.92,3472
2018-06-08 12:30:00-04:00,43.92,43.93,43.92,43.93,2395
2018-06-08 12:35:00-04:00,43.93,43.93,43.89,43.89,2007
2018-06-08 12:40:00-04:00,43.91,43.93,43.9,43.91,1708
2018-06-08 12:45:00-04:00,43.91,43.925,43.91,43.925,1774
2018-06-08 12:50:00-04:00,43.92,43.955,43.92,43.95,1301
2018-06-08 12:55:00-04:00,43.94,43.95,43.94,43.94,1701
2018-06-08 13:00:00-04:00,43.92,43.955,43.92,43.955,1430
2018-06-08 13:05:00-04:00,43.945,43.95,43.94,43.94,1100
2018-06-08 13:10:00-04:00,43.94,43.94,43.92,43.93,2039
2018-06-08 13:15:00-04:00,43.935,43.94,43.9,43.91,1890
2018-06-08 13:20:00-04:00,43.91,43.92,43.9,43.9,1107
2018-06-08 13:25:00-04:00,43.91,43.92,43.91,43.91,800
2018-06-08 13:30:00-04:00,43.92,43.94,43.92,43.93,2050
2018-06-08 13:35:00-04:00,43.93,43.95,43.93,43.94,2019
2018-06-08 13:40:00-04:00,43.94,43.94,43.92,43.93,2829
2018-06-08 13:45:00-04:00,43.93,43.94,43.93,43.93,2836
2018-06-08 13:50:00-04:00,43.94,43.94,43.895,43.9,7012
2018-06-08 13:55:00-04:00,43.9,43.9,43.87,43.9,8333
2018-06-08 14:00:00-04:00,43.91,43.91,43.89,43.9,6500
2018-06-08 14:05:00-04:00,43.895,43.9,43.88,43.88,2952
2018-06-08 14:10:00-04:00,43.88,43.92,43.88,43.91,6592
2018-06-08 14:15:00-04:00,43.91,43.91,43.89,43.89,2142
2018-06-08 14:20:00-04:00,43.895,43.905,43.88,43.88,1251
2018-06-08 14:25:00-04:00,43.875,43.875,43.87,43.87,1702
2018-06-08 14:30:00-04:00,43.87,43.88,43.85,43.855,5948
2018-06-08 14:35:00-04:00,43.85,43.88,43.85,43.88,3170
2018-06-08 14:40:00-04:00,43.88,43.89,43.86,43.89,4641
2018-06-08 14:45:00-04:00,43.88,43.89,43.87,43.87,2762
2018-06-08 14:50:00-04:00,43.88,43.89,43.87,43.88,4331
2018-06-08 14:55:00-04:00,43.88,43.9,43.88,43.89,3303
2018-06-08 15:00:00-04:00,43.885,43.885,43.87,43.875,1837
2018-06-08 15:05:00-04:00,43.87,43.88,43.86,43.87,5753
2018-06-08 15:10:00-04:00,43.86,43.895,43.86,43.89,4330
2018-06-08 15:15:00-04:00,43.9,43.9,43.835,43.84,3434
2018-06-08 15:20:00-04:00,43.845,43.885,43.845,43.87,6166
2018-06-08 15:25:00-04:00,43.87,43.89,43.87,43.89,5271
2018-06-08 15:30:00-04:00,43.89,43.91,43.86,43.86,6179
2018-06-08 15:35:00-04:00,43.86,43.87,43.85,43.865,9374
2018-06-08 15:40:00-04:00,43.86,43.86,43.835,43.85,23337
2018-06-08 15:45:00-04:00,43.85,43.865,43.83,43.845,29883
2018-06-08 15:50:00-04:00,43.85,43.94,43.85,43.94,38002
2018-06-08 15:55:00-04:00,43.93,43.95,43.91,43.95,76856
2018-06-11 09:30:00-04:00,43.98,44.0,43.92,44.0,2251
2018-06-11 09:35:00-04:00,44.03,44.05,43.97,44.0,3223
2018-06-11 09:40:00-04:00,44.02,44.07,44.0,44.05,3131
2018-06-11 09:45:00-04:00,44.06,44.07,43.95,43.97,3393
2018-06-11 09:50:00-04:00,43.95,43.96,43.91,43.925,4593
2018-06-11 09:55:00-04:00,43.925,44.02,43.905,44.02,10263
2018-06-11 10:00:00-04:00,44.0,44.005,43.93,43.96,4921
2018-06-11 10:05:00-04:00,43.975,44.0,43.93,43.94,5944
2018-06-11 10:10:00-04:00,43.93,43.935,43.89,43.93,6533
2018-06-11 10:15:00-04:00,43.94,44.01,43.94,44.01,6296
2018-06-11 10:20:00-04:00,44.01,44.05,44.01,44.03,5333
2018-06-11 10:25:00-04:00,44.03,44.065,44.03,44.06,3811
2018-06-11 10:30:00-04:00,44.06,44.09,44.05,44.085,5261
2018-06-11 10:35:00-04:00,44.08,44.08,44.05,44.065,3593
2018-06-11 10:40:00-04:00,44.07,44.09,44.06,44.07,2298
2018-06-11 10:45:00-04:00,44.07,44.09,44.06,44.07,1700
2018-06-11 10:50:00-04:00,44.07,44.09,44.04,44.055,6374
2018-06-11 10:55:00-04:00,44.06,44.09,44.06,44.09,6772
2018-06-11 11:00:00-04:00,44.09,44.09,44.07,44.09,1808
2018-06-11 11:05:00-04:00,44.07,44.1,44.07,44.1,3032
2018-06-11 11:10:00-04:00,44.1,44.11,44.08,44.11,3418
2018-06-11 11:15:00-04:00,44.11,44.11,44.055,44.065,1600
2018-06-11 11:20:00-04:00,44.07,44.1,44.07,44.09,3763
2018-06-11 11:25:00-04:00,44.095,44.095,44.06,44.08,3814
2018-06-11 11:30:00-04:00,44.09,44.14,44.09,44.105,5697
2018-06-11 11:35:00-04:00,44.11,44.125,44.085,44.115,3419
2018-06-11 11:40:00-04:00,44.115,44.13,44.095,44.13,2895
2018-06-11 11:45:00-04:00,44.125,44.135,44.105,44.11,3711
2018-06-11 11:50:00-04:00,44.11,44.135,44.105,44.135,3627
2018-06-11 11:55:00-04:00,44.12,44.15,44.12,44.15,4266
2018-06-11 12:00:00-04:00,44.15,44.18,44.145,44.16,5073
2018-06-11 12:05:00-04:00,44.165,44.18,44.145,44.15,2741
2018-06-11 12:10:00-04:00,44.14,44.15,44.13,44.13,2846
2018-06-11 12:15:00-04:00,44.14,44.15,44.135,44.15,2706
2018-06-11 12:20:00-04:00,44.15,44.15,44.13,44.13,2266
2018-06-11 12:25:00-04:00,44.13,44.15,44.13,44.15,3431
2018-06-11 12:30:00-04:00,44.16,44.18,44.155,44.16,3322
2018-06-11 12:35:00-04:00,44.16,44.205,44.16,44.2,6378
2018-06-11 12:40:00-04:00,44.2,44.2,44.18,44.185,8342
2018-06-11 12:45:00-04:00,44.19,44.2,44.185,44.185,14387
2018-06-11 12:50:00-04:00,44.185,44.205,44.18,44.19,8217
2018-06-11 12:55:00-04:00,44.19,44.21,44.19,44.21,4500
2018-06-11 13:00:00-04:00,44.21,44.235,44.2,44.23,4740
2018-06-11 13:05:00-04:00,44.23,44.235,44.21,44.23,2791
2018-06-11 13:10:00-04:00,44.235,44.235,44.21,44.215,2300
2018-06-11 13:15:00-04:00,44.215,44.22,44.21,44.215,2365
2018-06-11 13:20:00-04:00,44.21,44.235,44.21,44.23,3364
2018-06-11 13:25:00-04:00,44.225,44.23,44.195,44.2,3114
2018-06-11 13:30:00-04:00,44.2,44.215,44.2,44.215,13865
2018-06-11 13:35:00-04:00,44.215,44.22,44.2,44.21,2900
2018-06-11 13:40:00-04:00,44.215,44.215,44.19,44.21,4538
2018-06-11 13:45:00-04:00,44.21,44.245,44.21,44.215,3586
2018-06-11 13:50:00-04:00,44.215,44.23,44.21,44.225,5370
2018-06-11 13:55:00-04:00,44.23,44.235,44.22,44.23,2701
2018-06-11 14:00:00-04:00,44.22,44.225,44.2,44.2,1587
2018-06-11 14:05:00-04:00,44.205,44.225,44.19,44.2,11629
2018-06-11 14:10:00-04:00,44.195,44.24,44.19,44.23,8202
2018-06-11 14:15:00-04:00,44.23,44.235,44.22,44.235,2741
2018-06-11 14:20:00-04:00,44.235,44.245,44.22,44.245,2850
2018-06-11 14:25:00-04:00,44.245,44.245,44.21,44.215,2671
2018-06-11 14:30:00-04:00,44.22,44.22,44.19,44.21,2649
2018-06-11 14:35:00-04:00,44.2,44.22,44.2,44.22,2433
2018-06-11 14:40:00-04:00,44.22,44.22,44.2,44.205,965
2018-06-11 14:45:00-04:00,44.205,44.21,44.19,44.2,4599
2018-06-11 14:50:00-04:00,44.21,44.21,44.18,44.2,8306
2018-06-11 14:55:00-04:00,44.2,44.2,44.17,44.175,5346
2018-06-11 15:00:00-04:00,44.17,44.195,44.17,44.195,2370
2018-06-11 15:05:00-04:00,44.18,44.185,44.17,44.175,3637
2018-06-11 15:10:00-04:00,44.175,44.18,44.17,44.175,6886
2018-06-11 15:15:00-04:00,44.18,44.18,44.16,44.16,3100
2018-06-11 15:20:00-04:00,44.165,44.185,44.165,44.18,10997
2018-06-11 15:25:00-04:00,44.185,44.2,44.185,44.2,2408
2018-06-11 15:30:00-04:00,44.195,44.2,44.195,44.195,5836
2018-06-11 15:35:00-04:00,44.195,44.21,44.195,44.2,6978
2018-06-11 15:40:00-04:00,44.19,44.2,44.16,44.16,8755
2018-06-11 15:45:00-04:00,44.155,44.2,44.155,44.2,18568
2018-06-11 15:50:00-04:00,44.2,44.21,44.17,44.17,15805
2018-06-11 15:55:00-04:00,44.17,44.19,44.13,44.14,50392
2018-06-12 09:30:00-04:00,44.135,44.235,44.12,44.18,15183
2018-06-12 09:35:00-04:00,44.17,44.18,44.125,44.145,8611
2018-06-12 09:40:00-04:00,44.15,44.19,44.145,44.165,3770
2018-06-12 09:45:00-04:00,44.17,44.18,44.14,44.17,3851
2018-06-12 09:50:00-04:00,44.165,44.165,44.08,44.095,5973
2018-06-12 09:55:00-04:00,44.1,44.21,44.1,44.21,9206
2018-06-12 10:00:00-04:00,44.195,44.2,44.16,44.185,4958
2018-06-12 10:05:00-04:00,44.185,44.22,44.18,44.22,5998
2018-06-12 10:10:00-04:00,44.22,44.275,44.22,44.27,4546
2018-06-12 10:15:00-04:00,44.26,44.27,44.235,44.26,4014
2018-06-12 10:20:00-04:00,44.25,44.27,44.24,44.26,3220
2018-06-12 10:25:00-04:00,44.26,44.32,44.255,44.32,8585
2018-06-12 10:30:00-04:00,44.31,44.32,44.275,44.275,6999
2018-06-12 10:35:00-04:00,44.275,44.305,44.265,44.275,7863
2018-06-12 10:40:00-04:00,44.28,44.31,44.28,44.3,4863
2018-06-12 10:45:00-04:00,44.3,44.32,44.29,44.29,2448
2018-06-12 10:50:00-04:00,44.285,44.35,44.285,44.34,8139
2018-06-12 10:55:00-04:00,44.32,44.34,44.31,44.335,2569
2018-06-12 11:00:00-04:00,44.335,44.345,44.31,44.325,5711
2018-06-12 11:05:00-04:00,44.325,44.33,44.31,44.32,7257
2018-06-12 11:10:00-04:00,44.32,44.35,44.31,44.32,10161
2018-06-12 11:15:00-04:00,44.31,44.32,44.305,44.32,4273
2018-06-12 11:20:00-04:00,44.31,44.315,44.275,44.275,2650
2018-06-12 11:25:00-04:00,44.275,44.285,44.255,44.275,4437
2018-06-12 11:30:00-04:00,44.28,44.285,44.265,44.28,3604
2018-06-12 11:35:00-04:00,44.27,44.28,44.25,44.26,4871
2018-06-12 11:40:00-04:00,44.26,44.3,44.26,44.29,1866
2018-06-12 11:45:00-04:00,44.28,44.28,44.265,44.275,2521
2018-06-12 11:50:00-04:00,44.28,44.33,44.28,44.31,3662
2018-06-12 11:55:00-04:00,44.31,44.32,44.3,44.305,4071
2018-06-12 12:00:00-04:00,44.32,44.34,44.32,44.33,1743
2018-06-12 12:05:00-04:00,44.33,44.345,44.33,44.34,1844
2018-06-12 12:10:00-04:00,44.34,44.37,44.335,44.37,2406
2018-06-12 12:15:00-04:00,44.375,44.39,44.36,44.39,4033
2018-06-12 12:20:00-04:00,44.39,44.395,44.38,44.39,3833
2018-06-12 12:25:00-04:00,44.38,44.38,44.365,44.365,1286
2018-06-12 12:30:00-04:00,44.365,44.39,44.36,44.39,3201
2018-06-12 12:35:00-04:00,44.39,44.39,44.37,44.38,2315
2018-06-12 12:40:00-04:00,44.39,44.39,44.34,44.35,1600
2018-06-12 12:45:00-04:00,44.35,44.35,44.335,44.335,1098
2018-06-12 12:50:00-04:00,44.34,44.36,44.34,44.36,1233
2018-06-12 12:55:00-04:00,44.36,44.36,44.35,44.355,1200
2018-06-12 13:00:00-04:00,44.34,44.36,44.34,44.345,2522
2018-06-12 13:05:00-04:00,44.345,44.355,44.325,44.325,4252
2018-06-12 13:10:00-04:00,44.325,44.33,44.295,44.3,4082
2018-06-12 13:15:00-04:00,44.305,44.33,44.285,44.305,5695
2018-06-12 13:20:00-04:00,44.31,44.32,44.305,44.305,2834
2018-06-12 13:25:00-04:00,44.295,44.31,44.295,44.31,2955
2018-06-12 13:30:00-04:00,44.32,44.325,44.29,44.315,4011
2018-06-12 13:35:00-04:00,44.305,44.32,44.305,44.31,1207
2018-06-12 13:40:00-04:00,44.3,44.325,44.295,44.295,1930
2018-06-12 13:45:00-04:00,44.305,44.32,44.305,44.305,2107
2018-06-12 13:50:00-04:00,44.305,44.31,44.3,44.3,2033
2018-06-12 13:55:00-04:00,44.305,44.345,44.305,44.345,4057
2018-06-12 14:00:00-04:00,44.34,44.34,44.3,44.305,3119
2018-06-12 14:05:00-04:00,44.31,44.315,44.29,44.29,2898
2018-06-12 14:10:00-04:00,44.27,44.28,44.265,44.28,2111
2018-06-12 14:15:00-04:00,44.28,44.3,44.275,44.3,2432
2018-06-12 14:20:00-04:00,44.29,44.315,44.285,44.315,1275
2018-06-12 14:25:00-04:00,44.295,44.32,44.295,44.305,1448
2018-06-12 14:30:00-04:00,44.31,44.31,44.295,44.3,3605
2018-06-12 14:35:00-04:00,44.31,44.325,44.305,44.32,2469
2018-06-12 14:40:00-04:00,44.32,44.32,44.285,44.31,1808
2018-06-12 14:45:00-04:00,44.32,44.36,44.31,44.345,3574
2018-06-12 14:50:00-04:00,44.345,44.355,44.335,44.355,2799
2018-06-12 14:55:00-04:00,44.355,44.37,44.345,44.35,2157
2018-06-12 15:00:00-04:00,44.36,44.36,44.34,44.34,2320
2018-06-12 15:05:00-04:00,44.35,44.35,44.34,44.35,1811
2018-06-12 15:10:00-04:00,44.35,44.35,44.33,44.34,1500
2018-06-12 15:15:00-04:00,44.345,44.35,44.335,44.34,2766
2018-06-12 15:20:00-04:00,44.34,44.36,44.32,44.33,1893
2018-06-12 15:25:00-04:00,44.325,44.33,44.31,44.31,3008
2018-06-12 15:30:00-04:00,44.315,44.32,44.285,44.32,8306
2018-06-12 15:35:00-04:00,44.32,44.35,44.31,44.34,5243
2018-06-12 15:40:00-04:00,44.35,44.36,44.32,44.325,5000
2018-06-12 15:45:00-04:00,44.325,44.34,44.32,44.32,6349
2018-06-12 15:50:00-04:00,44.33,44.4,44.325,44.4,11127
2018-06-12 15:55:00-04:00,44.4,44.42,44.385,44.4,30518
2018-06-13 09:30:00-04:00,44.33,44.43,44.32,44.35,7193
2018-06-13 09:35:00-04:00,44.36,44.41,44.36,44.4,4701
2018-06-13 09:40:00-04:00,44.38,44.425,44.38,44.4,6311
2018-06-13 09:45:00-04:00,44.42,44.43,44.41,44.41,11131
2018-06-13 09:50:00-04:00,44.41,44.44,44.4,44.43,9704
2018-06-13 09:55:00-04:00,44.43,44.44,44.39,44.39,7459
2018-06-13 10:00:00-04:00,44.39,44.47,44.385,44.46,6678
2018-06-13 10:05:00-04:00,44.47,44.51,44.47,44.48,8545
2018-06-13 10:10:00-04:00,44.49,44.49,44.45,44.45,7010
2018-06-13 10:15:00-04:00,44.45,44.48,44.43,44.43,5466
2018-06-13 10:20:00-04:00,44.43,44.46,44.415,44.46,9039
2018-06-13 10:25:00-04:00,44.455,44.5,44.45,44.48,7357
2018-06-13 10:30:00-04:00,44.48,44.48,44.42,44.44,8409
2018-06-13 10:35:00-04:00,44.46,44.47,44.42,44.455,4739
2018-06-13 10:40:00-04:00,44.45,44.465,44.44,44.44,4604
2018-06-13 10:45:00-04:00,44.435,44.44,44.42,44.42,8901
2018-06-13 10:50:00-04:00,44.41,44.42,44.4,44.42,5000
2018-06-13 10:55:00-04:00,44.42,44.495,44.42,44.495,5653
2018-06-13 11:00:00-04:00,44.5,44.515,44.465,44.48,8357
2018-06-13 11:05:00-04:00,44.49,44.5,44.47,44.47,11577
2018-06-13 11:10:00-04:00,44.47,44.47,44.41,44.41,4454
2018-06-13 11:15:00-04:00,44.4,44.425,44.39,44.42,9051
2018-06-13 11:20:00-04:00,44.425,44.425,44.385,44.39,7620
2018-06-13 11:25:00-04:00,44.4,44.42,44.36,44.36,5334
2018-06-13 11:30:00-04:00,44.37,44.39,44.36,44.375,6836
2018-06-13 11:35:00-04:00,44.37,44.385,44.36,44.37,4507
2018-06-13 11:40:00-04:00,44.375,44.39,44.35,44.36,4065
2018-06-13 11:45:00-04:00,44.36,44.38,44.34,44.355,5063
2018-06-13 11:50:00-04:00,44.34,44.34,44.31,44.31,3570
2018-06-13 11:55:00-04:00,44.31,44.355,44.31,44.355,4402
2018-06-13 12:00:00-04:00,44.35,44.375,44.34,44.37,2928
2018-06-13 12:05:00-04:00,44.365,44.39,44.365,44.38,2607
2018-06-13 12:10:00-04:00,44.375,44.42,44.37,44.42,9768
2018-06-13 12:15:00-04:00,44.42,44.445,44.415,44.44,3080
2018-06-13 12:20:00-04:00,44.44,44.455,44.44,44.45,2087
2018-06-13 12:25:00-04:00,44.45,44.45,44.415,44.43,1500
2018-06-13 12:30:00-04:00,44.42,44.42,44.4,44.405,1415
2018-06-13 12:35:00-04:00,44.41,44.43,44.41,44.415,3768
2018-06-13 12:40:00-04:00,44.415,44.42,44.375,44.405,7612
2018-06-13 12:45:00-04:00,44.415,44.44,44.415,44.425,3519
2018-06-13 12:50:00-04:00,44.43,44.44,44.42,44.425,6755
2018-06-13 12:55:00-04:00,44.44,44.44,44.42,44.43,4057
2018-06-13 13:00:00-04:00,44.42,44.435,44.41,44.435,3452
2018-06-13 13:05:00-04:00,44.44,44.44,44.43,44.435,2551
2018-06-13 13:10:00-04:00,44.43,44.45,44.415,44.42,5242
2018-06-13 13:15:00-04:00,44.42,44.425,44.41,44.41,3756
2018-06-13 13:20:00-04:00,44.41,44.41,44.385,44.41,5506
2018-06-13 13:25:00-04:00,44.41,44.42,44.39,44.39,4103
2018-06-13 13:30:00-04:00,44.385,44.39,44.38,44.39,29688
2018-06-13 13:35:00-04:00,44.38,44.4,44.38,44.4,2398
2018-06-13 13:40:00-04:00,44.4,44.4,44.39,44.39,2100
2018-06-13 13:45:00-04:00,44.39,44.41,44.38,44.405,3374
2018-06-13 13:50:00-04:00,44.41,44.445,44.405,44.445,8288
2018-06-13 13:55:00-04:00,44.455,44.465,44.43,44.43,3924
2018-06-13 14:00:00-04:00,44.42,44.42,44.33,44.33,5342
2018-06-13 14:05:00-04:00,44.34,44.34,44.265,44.27,2400
2018-06-13 14:10:00-04:00,44.25,44.265,44.225,44.265,10789
2018-06-13 14:15:00-04:00,44.26,44.27,44.235,44.25,6447
2018-06-13 14:20:00-04:00,44.24,44.245,44.22,44.225,2950
2018-06-13 14:25:00-04:00,44.23,44.25,44.225,44.235,6895
2018-06-13 14:30:00-04:00,44.22,44.22,44.175,44.175,8766
2018-06-13 14:35:00-04:00,44.175,44.2,44.155,44.2,8172
2018-06-13 14:40:00-04:00,44.2,44.26,44.2,44.26,5859
2018-06-13 14:45:00-04:00,44.26,44.29,44.26,44.29,3226
2018-06-13 14:50:00-04:00,44.29,44.31,44.27,44.28,2309
2018-06-13 14:55:00-04:00,44.29,44.35,44.29,44.35,1483
2018-06-13 15:00:00-04:00,44.35,44.445,44.35,44.44,4638
2018-06-13 15:05:00-04:00,44.46,44.47,44.44,44.44,2035
2018-06-13 15:10:00-04:00,44.445,44.45,44.435,44.44,3260
2018-06-13 15:15:00-04:00,44.44,44.44,44.345,44.35,14658
2018-06-13 15:20:00-04:00,44.36,44.365,44.29,44.3,7990
2018-06-13 15:25:00-04:00,44.3,44.305,44.25,44.265,8210
2018-06-13 15:30:00-04:00,44.27,44.29,44.26,44.29,11433
2018-06-13 15:35:00-04:00,44.285,44.33,44.285,44.33,13075
2018-06-13 15:40:00-04:00,44.33,44.335,44.32,44.33,8164
2018-06-13 15:45:00-04:00,44.34,44.34,44.29,44.29,12826
2018-06-13 15:50:00-04:00,44.29,44.34,44.28,44.29,24462
2018-06-13 15:55:00-04:00,44.28,44.29,44.17,44.195,82215
2018-06-14 09:25:00-04:00,43.77,43.77,43.75,43.75,2053
2018-06-14 09:30:00-04:00,43.75,43.85,43.55,43.64,8702
2018-06-14 09:35:00-04:00,43.64,43.735,43.64,43.71,9502
2018-06-14 09:40:00-04:00,43.71,43.72,43.68,43.695,12755
2018-06-14 09:45:00-04:00,43.685,43.69,43.63,43.63,11231
2018-06-14 09:50:00-04:00,43.63,43.75,43.63,43.75,8425
2018-06-14 09:55:00-04:00,43.76,43.785,43.73,43.74,6545
2018-06-14 10:00:00-04:00,43.73,43.8,43.73,43.77,14452
2018-06-14 10:05:00-04:00,43.78,43.8,43.76,43.77,7987
2018-06-14 10:10:00-04:00,43.765,43.785,43.695,43.695,12684
2018-06-14 10:15:00-04:00,43.7,43.73,43.69,43.69,7862
2018-06-14 10:20:00-04:00,43.68,43.695,43.66,43.66,6868
2018-06-14 10:25:00-04:00,43.655,43.655,43.62,43.635,6879
2018-06-14 10:30:00-04:00,43.64,43.65,43.605,43.61,6120
2018-06-14 10:35:00-04:00,43.61,43.655,43.605,43.64,6031
2018-06-14 10:40:00-04:00,43.65,43.665,43.63,43.655,5178
2018-06-14 10:45:00-04:00,43.655,43.71,43.655,43.7,5706
2018-06-14 10:50:00-04:00,43.69,43.69,43.639,43.655,4720
2018-06-14 10:55:00-04:00,43.665,43.69,43.65,43.69,4767
2018-06-14 11:00:00-04:00,43.685,43.7,43.64,43.645,6729
2018-06-14 11:05:00-04:00,43.64,43.65,43.59,43.635,7660
2018-06-14 11:10:00-04:00,43.635,43.635,43.61,43.62,4842
2018-06-14 11:15:00-04:00,43.63,43.64,43.61,43.62,4896
2018-06-14 11:20:00-04:00,43.63,43.68,43.625,43.68,3611
2018-06-14 11:25:00-04:00,43.67,43.695,43.66,43.67,4170
2018-06-14 11:30:00-04:00,43.665,43.69,43.645,43.65,6662
2018-06-14 11:35:00-04:00,43.65,43.66,43.64,43.64,5201
2018-06-14 11:40:00-04:00,43.63,43.65,43.62,43.62,2900
2018-06-14 11:45:00-04:00,43.63,43.635,43.6,43.61,9123
2018-06-14 11:50:00-04:00,43.615,43.625,43.585,43.6,7310
2018-06-14 11:55:00-04:00,43.6,43.615,43.59,43.6,24066
2018-06-14 12:00:00-04:00,43.6,43.62,43.59,43.62,10919
2018-06-14 12:05:00-04:00,43.625,43.63,43.6,43.605,5398
2018-06-14 12:10:00-04:00,43.605,43.605,43.565,43.58,10412
2018-06-14 12:15:00-04:00,43.58,43.67,43.58,43.65,3355
2018-06-14 12:20:00-04:00,43.63,43.64,43.61,43.62,4235
2018-06-14 12:25:00-04:00,43.63,43.63,43.61,43.62,1456
2018-06-14 12:30:00-04:00,43.61,43.63,43.6,43.62,19882
2018-06-14 12:35:00-04:00,43.61,43.62,43.595,43.595,2111
2018-06-14 12:40:00-04:00,43.59,43.63,43.59,43.63,7136
2018-06-14 12:45:00-04:00,43.63,43.66,43.62,43.66,5615
2018-06-14 12:50:00-04:00,43.69,43.69,43.67,43.67,4910
2018-06-14 12:55:00-04:00,43.67,43.69,43.65,43.66,6758
2018-06-14 13:00:00-04:00,43.665,43.67,43.64,43.64,37053
2018-06-14 13:05:00-04:00,43.65,43.67,43.65,43.66,5714
2018-06-14 13:10:00-04:00,43.67,43.68,43.65,43.65,1351
2018-06-14 13:15:00-04:00,43.66,43.66,43.64,43.64,3120
2018-06-14 13:20:00-04:00,43.65,43.685,43.645,43.68,3459
2018-06-14 13:25:00-04:00,43.68,43.68,43.65,43.66,3814
2018-06-14 13:30:00-04:00,43.65,43.65,43.64,43.65,1928
2018-06-14 13:35:00-04:00,43.66,43.66,43.64,43.66,2666
2018-06-14 13:40:00-04:00,43.65,43.65,43.64,43.645,3093
2018-06-14 13:45:00-04:00,43.645,43.65,43.59,43.59,5595
2018-06-14 13:50:00-04:00,43.585,43.62,43.585,43.62,3217
2018-06-14 13:55:00-04:00,43.63,43.64,43.6,43.605,4133
2018-06-14 14:00:00-04:00,43.63,43.63,43.59,43.59,4331
2018-06-14 14:05:00-04:00,43.595,43.64,43.595,43.625,1802
2018-06-14 14:10:00-04:00,43.62,43.645,43.615,43.615,3977
2018-06-14 14:15:00-04:00,43.61,43.61,43.57,43.57,6578
2018-06-14 14:20:00-04:00,43.575,43.575,43.55,43.555,3102
2018-06-14 14:25:00-04:00,43.55,43.56,43.54,43.56,3252
2018-06-14 14:30:00-04:00,43.57,43.575,43.55,43.55,2800
2018-06-14 14:35:00-04:00,43.55,43.57,43.545,43.55,2477
2018-06-14 14:40:00-04:00,43.555,43.57,43.55,43.56,10931
2018-06-14 14:45:00-04:00,43.55,43.555,43.54,43.55,4071
2018-06-14 14:50:00-04:00,43.555,43.57,43.545,43.545,4464
2018-06-14 14:55:00-04:00,43.55,43.555,43.535,43.55,3587
2018-06-14 15:00:00-04:00,43.55,43.555,43.53,43.54,10836
2018-06-14 15:05:00-04:00,43.545,43.55,43.52,43.55,7944
2018-06-14 15:10:00-04:00,43.55,43.55,43.54,43.55,3701
2018-06-14 15:15:00-04:00,43.54,43.555,43.54,43.55,9094
2018-06-14 15:20:00-04:00,43.55,43.615,43.55,43.6,4521
2018-06-14 15:25:00-04:00,43.61,43.62,43.605,43.62,2026
2018-06-14 15:30:00-04:00,43.62,43.63,43.61,43.63,4374
2018-06-14 15:35:00-04:00,43.63,43.66,43.61,43.66,7922
2018-06-14 15:40:00-04:00,43.65,43.66,43.64,43.66,11483
2018-06-14 15:45:00-04:00,43.65,43.655,43.605,43.63,16522
2018-06-14 15:50:00-04:00,43.62,43.625,43.575,43.6,19191
2018-06-14 15:55:00-04:00,43.6,43.63,43.58,43.59,99493
2018-06-15 09:25:00-04:00,43.65,43.65,43.65,43.65,133
2018-06-15 09:30:00-04:00,43.65,43.66,43.45,43.51,18854
2018-06-15 09:35:00-04:00,43.5,43.66,43.5,43.63,8648
2018-06-15 09:40:00-04:00,43.64,43.64,43.55,43.56,4795
2018-06-15 09:45:00-04:00,43.57,43.63,43.56,43.61,9252
2018-06-15 09:50:00-04:00,43.62,43.65,43.595,43.62,5066
2018-06-15 09:55:00-04:00,43.62,43.63,43.59,43.6,3291
2018-06-15 10:00:00-04:00,43.61,43.755,43.61,43.75,4565
2018-06-15 10:05:00-04:00,43.745,43.81,43.71,43.81,5537
2018-06-15 10:10:00-04:00,43.82,43.825,43.78,43.81,2802
2018-06-15 10:15:00-04:00,43.805,43.83,43.76,43.76,3020
2018-06-15 10:20:00-04:00,43.775,43.78,43.73,43.75,2963
2018-06-15 10:25:00-04:00,43.76,43.775,43.73,43.73,5321
2018-06-15 10:30:00-04:00,43.73,43.75,43.67,43.68,6161
2018-06-15 10:35:00-04:00,43.685,43.685,43.64,43.66,6706
2018-06-15 10:40:00-04:00,43.665,43.7,43.66,43.68,4549
2018-06-15 10:45:00-04:00,43.67,43.72,43.67,43.72,4083
2018-06-15 10:50:00-04:00,43.71,43.71,43.65,43.68,6399
2018-06-15 10:55:00-04:00,43.67,43.68,43.64,43.645,7040
2018-06-15 11:00:00-04:00,43.64,43.66,43.64,43.65,5218
2018-06-15 11:05:00-04:00,43.66,43.67,43.65,43.67,3902
2018-06-15 11:10:00-04:00,43.67,43.72,43.67,43.7,9269
2018-06-15 11:15:00-04:00,43.69,43.7,43.68,43.685,4805
2018-06-15 11:20:00-04:00,43.69,43.69,43.66,43.66,4408
2018-06-15 11:25:00-04:00,43.665,43.67,43.64,43.64,4898
2018-06-15 11:30:00-04:00,43.64,43.66,43.64,43.64,4068
2018-06-15 11:35:00-04:00,43.63,43.68,43.63,43.67,3170
2018-06-15 11:40:00-04:00,43.68,43.69,43.66,43.685,3529
2018-06-15 11:45:00-04:00,43.715,43.73,43.71,43.71,3404
2018-06-15 11:50:00-04:00,43.71,43.725,43.71,43.71,2622
2018-06-15 11:55:00-04:00,43.72,43.75,43.72,43.74,2834
2018-06-15 12:00:00-04:00,43.74,43.74,43.72,43.72,1591
2018-06-15 12:05:00-04:00,43.705,43.71,43.675,43.69,3689
2018-06-15 12:10:00-04:00,43.69,43.69,43.67,43.68,2360
2018-06-15 12:15:00-04:00,43.68,43.71,43.68,43.7,1354
2018-06-15 12:20:00-04:00,43.71,43.71,43.695,43.7,3966
2018-06-15 12:25:00-04:00,43.7,43.73,43.7,43.73,3974
2018-06-15 12:30:00-04:00,43.73,43.755,43.73,43.73,2140
2018-06-15 12:35:00-04:00,43.74,43.745,43.74,43.74,1164
2018-06-15 12:40:00-04:00,43.74,43.75,43.725,43.74,4793
2018-06-15 12:45:00-04:00,43.74,43.755,43.73,43.735,3300
2018-06-15 12:50:00-04:00,43.735,43.735,43.71,43.72,2269
2018-06-15 12:55:00-04:00,43.725,43.76,43.72,43.76,3519
2018-06-15 13:00:00-04:00,43.755,43.755,43.73,43.74,3431
2018-06-15 13:05:00-04:00,43.73,43.74,43.72,43.725,16102
2018-06-15 13:10:00-04:00,43.73,43.76,43.72,43.745,2809
2018-06-15 13:15:00-04:00,43.75,43.77,43.745,43.77,3380
2018-06-15 13:20:00-04:00,43.775,43.795,43.77,43.775,3645
2018-06-15 13:25:00-04:00,43.77,43.78,43.77,43.77,2882
2018-06-15 13:30:00-04:00,43.78,43.805,43.78,43.785,21309
2018-06-15 13:35:00-04:00,43.785,43.795,43.77,43.785,4809
2018-06-15 13:40:00-04:00,43.79,43.795,43.77,43.785,2758
2018-06-15 13:45:00-04:00,43.79,43.795,43.77,43.775,3556
2018-06-15 13:50:00-04:00,43.775,43.79,43.77,43.775,4539
2018-06-15 13:55:00-04:00,43.77,43.8,43.77,43.78,5669
2018-06-15 14:00:00-04:00,43.79,43.79,43.78,43.79,7733
2018-06-15 14:05:00-04:00,43.785,43.81,43.78,43.805,8923
2018-06-15 14:10:00-04:00,43.81,43.81,43.785,43.795,16679
2018-06-15 14:15:00-04:00,43.795,43.81,43.795,43.81,12560
2018-06-15 14:20:00-04:00,43.815,43.895,43.815,43.89,16307
2018-06-15 14:25:00-04:00,43.885,43.93,43.88,43.93,4675
2018-06-15 14:30:00-04:00,43.93,43.95,43.91,43.925,10519
2018-06-15 14:35:00-04:00,43.92,43.925,43.87,43.88,7478
2018-06-15 14:40:00-04:00,43.88,43.88,43.87,43.87,2170
2018-06-15 14:45:00-04:00,43.87,43.875,43.85,43.85,5702
2018-06-15 14:50:00-04:00,43.85,43.87,43.84,43.87,4300
2018-06-15 14:55:00-04:00,43.87,43.87,43.855,43.86,4374
2018-06-15 15:00:00-04:00,43.86,43.86,43.83,43.84,4534
2018-06-15 15:05:00-04:00,43.845,43.87,43.84,43.87,2098
2018-06-15 15:10:00-04:00,43.86,43.865,43.845,43.845,4037
2018-06-15 15:15:00-04:00,43.84,43.86,43.82,43.83,5102
2018-06-15 15:20:00-04:00,43.84,43.86,43.835,43.86,10111
2018-06-15 15:25:00-04:00,43.86,43.89,43.85,43.89,18350
2018-06-15 15:30:00-04:00,43.895,43.92,43.895,43.92,9229
2018-06-15 15:35:00-04:00,43.92,43.96,43.92,43.95,14876
2018-06-15 15:40:00-04:00,43.95,43.98,43.925,43.98,15859
2018-06-15 15:45:00-04:00,43.98,44.0,43.96,43.99,24543
2018-06-15 15:50:00-04:00,43.99,44.0,43.96,43.975,38453
2018-06-15 15:55:00-04:00,43.98,44.15,43.98,44.12,122641
2018-06-18 09:30:00-04:00,43.88,43.955,43.7,43.79,16531
2018-06-18 09:35:00-04:00,43.77,43.865,43.76,43.83,9728
2018-06-18 09:40:00-04:00,43.825,43.855,43.72,43.73,9893
2018-06-18 09:45:00-04:00,43.74,43.76,43.68,43.71,5594
2018-06-18 09:50:00-04:00,43.7,43.7,43.63,43.67,5538
2018-06-18 09:55:00-04:00,43.67,43.725,43.67,43.7,11453
2018-06-18 10:00:00-04:00,43.695,43.695,43.645,43.66,5272
2018-06-18 10:05:00-04:00,43.66,43.66,43.53,43.53,5122
2018-06-18 10:10:00-04:00,43.55,43.58,43.55,43.565,5707
2018-06-18 10:15:00-04:00,43.56,43.595,43.535,43.595,4830
2018-06-18 10:20:00-04:00,43.6,43.645,43.575,43.62,7235
2018-06-18 10:25:00-04:00,43.615,43.62,43.55,43.55,6507
2018-06-18 10:30:00-04:00,43.56,43.56,43.5,43.505,6449
2018-06-18 10:35:00-04:00,43.51,43.555,43.51,43.545,8701
2018-06-18 10:40:00-04:00,43.535,43.54,43.495,43.51,15448
2018-06-18 10:45:00-04:00,43.53,43.58,43.525,43.555,8239
2018-06-18 10:50:00-04:00,43.56,43.56,43.47,43.47,12355
2018-06-18 10:55:00-04:00,43.475,43.545,43.475,43.53,7388
2018-06-18 11:00:00-04:00,43.535,43.535,43.49,43.495,7694
2018-06-18 11:05:00-04:00,43.495,43.51,43.48,43.51,10062
2018-06-18 11:10:00-04:00,43.53,43.54,43.51,43.535,36405
2018-06-18 11:15:00-04:00,43.54,43.55,43.51,43.535,8296
2018-06-18 11:20:00-04:00,43.535,43.535,43.465,43.48,8162
2018-06-18 11:25:00-04:00,43.48,43.485,43.46,43.465,10787
2018-06-18 11:30:00-04:00,43.465,43.475,43.435,43.45,9644
2018-06-18 11:35:00-04:00,43.46,43.465,43.42,43.425,8275
2018-06-18 11:40:00-04:00,43.425,43.425,43.4,43.42,5545
2018-06-18 11:45:00-04:00,43.42,43.46,43.415,43.45,13837
2018-06-18 11:50:00-04:00,43.455,43.465,43.43,43.46,9611
2018-06-18 11:55:00-04:00,43.465,43.505,43.46,43.5,33886
2018-06-18 12:00:00-04:00,43.5,43.51,43.49,43.5,11838
2018-06-18 12:05:00-04:00,43.505,43.515,43.49,43.495,6810
2018-06-18 12:10:00-04:00,43.495,43.515,43.495,43.495,25239
2018-06-18 12:15:00-04:00,43.5,43.515,43.46,43.47,17692
2018-06-18 12:20:00-04:00,43.48,43.49,43.46,43.475,10839
2018-06-18 12:25:00-04:00,43.475,43.48,43.42,43.445,12185
2018-06-18 12:30:00-04:00,43.45,43.505,43.45,43.495,14486
2018-06-18 12:35:00-04:00,43.495,43.51,43.49,43.5,12552
2018-06-18 12:40:00-04:00,43.505,43.515,43.5,43.515,7008
2018-06-18 12:45:00-04:00,43.515,43.52,43.5,43.51,8874
2018-06-18 12:50:00-04:00,43.505,43.53,43.505,43.52,63132
2018-06-18 12:55:00-04:00,43.51,43.54,43.51,43.52,5742
2018-06-18 13:00:00-04:00,43.52,43.53,43.51,43.525,4128
2018-06-18 13:05:00-04:00,43.52,43.545,43.51,43.545,5073
2018-06-18 13:10:00-04:00,43.54,43.56,43.54,43.56,7022
2018-06-18 13:15:00-04:00,43.56,43.56,43.53,43.535,3391
2018-06-18 13:20:00-04:00,43.54,43.575,43.535,43.56,5129
2018-06-18 13:25:00-04:00,43.555,43.6,43.555,43.58,8503
2018-06-18 13:30:00-04:00,43.585,43.59,43.575,43.575,12832
2018-06-18 13:35:00-04:00,43.58,43.58,43.55,43.55,3984
2018-06-18 13:40:00-04:00,43.55,43.59,43.55,43.57,4174
2018-06-18 13:45:00-04:00,43.57,43.605,43.57,43.605,8348
2018-06-18 13:50:00-04:00,43.6,43.61,43.585,43.605,8660
2018-06-18 13:55:00-04:00,43.6,43.635,43.6,43.635,4997
2018-06-18 14:00:00-04:00,43.635,43.655,43.615,43.625,4797
2018-06-18 14:05:00-04:00,43.63,43.66,43.62,43.655,3484
2018-06-18 14:10:00-04:00,43.65,43.66,43.65,43.655,5113
2018-06-18 14:15:00-04:00,43.65,43.675,43.65,43.67,5012
2018-06-18 14:20:00-04:00,43.67,43.695,43.665,43.69,5200
2018-06-18 14:25:00-04:00,43.68,43.695,43.67,43.68,7788
2018-06-18 14:30:00-04:00,43.685,43.685,43.65,43.67,83682
2018-06-18 14:35:00-04:00,43.67,43.67,43.645,43.66,4777
2018-06-18 14:40:00-04:00,43.655,43.675,43.655,43.67,13243
2018-06-18 14:45:00-04:00,43.67,43.67,43.625,43.63,4364
2018-06-18 14:50:00-04:00,43.625,43.63,43.6,43.6,4973
2018-06-18 14:55:00-04:00,43.6,43.6,43.57,43.58,5787
2018-06-18 15:00:00-04:00,43.59,43.59,43.57,43.575,3683
2018-06-18 15:05:00-04:00,43.57,43.58,43.56,43.56,5974
2018-06-18 15:10:00-04:00,43.56,43.565,43.55,43.55,7127
2018-06-18 15:15:00-04:00,43.55,43.555,43.55,43.555,5556
2018-06-18 15:20:00-04:00,43.555,43.56,43.55,43.55,19555
2018-06-18 15:25:00-04:00,43.555,43.555,43.51,43.51,10334
2018-06-18 15:30:00-04:00,43.52,43.52,43.51,43.51,17333
2018-06-18 15:35:00-04:00,43.515,43.515,43.49,43.505,35522
2018-06-18 15:40:00-04:00,43.5,43.52,43.5,43.515,26629
2018-06-18 15:45:00-04:00,43.52,43.57,43.52,43.57,27949
2018-06-18 15:50:00-04:00,43.565,43.57,43.54,43.565,29473
2018-06-18 15:55:00-04:00,43.56,43.6,43.555,43.56,51980
2018-06-19 09:30:00-04:00,43.27,43.37,43.22,43.225,9720
2018-06-19 09:35:00-04:00,43.225,43.32,43.2,43.32,14922
2018-06-19 09:40:00-04:00,43.325,43.475,43.325,43.475,10328
2018-06-19 09:45:00-04:00,43.475,43.48,43.39,43.425,4901
2018-06-19 09:50:00-04:00,43.43,43.44,43.375,43.375,6537
2018-06-19 09:55:00-04:00,43.37,43.47,43.37,43.45,7921
2018-06-19 10:00:00-04:00,43.44,43.56,43.44,43.525,12075
2018-06-19 10:05:00-04:00,43.525,43.545,43.45,43.455,8789
2018-06-19 10:10:00-04:00,43.46,43.485,43.44,43.45,6254
2018-06-19 10:15:00-04:00,43.44,43.52,43.44,43.48,12122
2018-06-19 10:20:00-04:00,43.485,43.485,43.42,43.48,4240
2018-06-19 10:25:00-04:00,43.47,43.55,43.47,43.55,5264
2018-06-19 10:30:00-04:00,43.56,43.645,43.56,43.64,6022
2018-06-19 10:35:00-04:00,43.63,43.65,43.57,43.59,6185
2018-06-19 10:40:00-04:00,43.585,43.61,43.55,43.55,4008
2018-06-19 10:45:00-04:00,43.56,43.585,43.55,43.57,3968
2018-06-19 10:50:00-04:00,43.55,43.565,43.51,43.51,4664
2018-06-19 10:55:00-04:00,43.515,43.56,43.515,43.54,8425
2018-06-19 11:00:00-04:00,43.53,43.565,43.53,43.54,6234
2018-06-19 11:05:00-04:00,43.555,43.555,43.525,43.525,5295
2018-06-19 11:10:00-04:00,43.525,43.585,43.525,43.57,6694
2018-06-19 11:15:00-04:00,43.59,43.62,43.56,43.61,4325
2018-06-19 11:20:00-04:00,43.6,43.605,43.575,43.585,6014
2018-06-19 11:25:00-04:00,43.605,43.605,43.56,43.565,5311
2018-06-19 11:30:00-04:00,43.565,43.575,43.55,43.55,4751
2018-06-19 11:35:00-04:00,43.55,43.565,43.54,43.565,6366
2018-06-19 11:40:00-04:00,43.56,43.6,43.56,43.6,4600
2018-06-19 11:45:00-04:00,43.6,43.67,43.6,43.665,9758
2018-06-19 11:50:00-04:00,43.66,43.68,43.65,43.655,6608
2018-06-19 11:55:00-04:00,43.68,43.69,43.665,43.69,8359
2018-06-19 12:00:00-04:00,43.685,43.685,43.63,43.635,9695
2018-06-19 12:05:00-04:00,43.63,43.63,43.6,43.6,8224
2018-06-19 12:10:00-04:00,43.605,43.605,43.56,43.57,3800
2018-06-19 12:15:00-04:00,43.555,43.58,43.55,43.57,5459
2018-06-19 12:20:00-04:00,43.575,43.575,43.52,43.57,6401
2018-06-19 12:25:00-04:00,43.57,43.595,43.56,43.575,5412
2018-06-19 12:30:00-04:00,43.575,43.575,43.54,43.545,5597
2018-06-19 12:35:00-04:00,43.55,43.56,43.52,43.54,4670
2018-06-19 12:40:00-04:00,43.54,43.54,43.53,43.535,3988
2018-06-19 12:45:00-04:00,43.53,43.545,43.52,43.53,4538
2018-06-19 12:50:00-04:00,43.53,43.535,43.52,43.525,4004
2018-06-19 12:55:00-04:00,43.55,43.58,43.55,43.58,3023
2018-06-19 13:00:00-04:00,43.58,43.58,43.56,43.56,2808
2018-06-19 13:05:00-04:00,43.55,43.56,43.54,43.56,2721
2018-06-19 13:10:00-04:00,43.565,43.585,43.545,43.58,4817
2018-06-19 13:15:00-04:00,43.585,43.585,43.545,43.545,4500
2018-06-19 13:20:00-04:00,43.54,43.565,43.54,43.565,3215
2018-06-19 13:25:00-04:00,43.565,43.565,43.54,43.56,4463
2018-06-19 13:30:00-04:00,43.55,43.555,43.53,43.54,16519
2018-06-19 13:35:00-04:00,43.535,43.57,43.53,43.57,6821
2018-06-19 13:40:00-04:00,43.565,43.585,43.565,43.585,4645
2018-06-19 13:45:00-04:00,43.585,43.62,43.585,43.62,3628
2018-06-19 13:50:00-04:00,43.63,43.64,43.625,43.64,8033
2018-06-19 13:55:00-04:00,43.64,43.655,43.64,43.655,4201
2018-06-19 14:00:00-04:00,43.66,43.675,43.66,43.675,5694
2018-06-19 14:05:00-04:00,43.67,43.7,43.67,43.69,6505
2018-06-19 14:10:00-04:00,43.69,43.69,43.665,43.675,4687
2018-06-19 14:15:00-04:00,43.68,43.69,43.67,43.69,7531
2018-06-19 14:20:00-04:00,43.685,43.685,43.63,43.655,9643
2018-06-19 14:25:00-04:00,43.655,43.675,43.64,43.675,7530
2018-06-19 14:30:00-04:00,43.675,43.685,43.66,43.675,7901
2018-06-19 14:35:00-04:00,43.675,43.675,43.64,43.645,9236
2018-06-19 14:40:00-04:00,43.65,43.66,43.64,43.65,5218
2018-06-19 14:45:00-04:00,43.66,43.685,43.65,43.67,7003
2018-06-19 14:50:00-04:00,43.675,43.715,43.67,43.695,13172
2018-06-19 14:55:00-04:00,43.7,43.75,43.7,43.745,14732
2018-06-19 15:00:00-04:00,43.745,43.745,43.72,43.725,8282
2018-06-19 15:05:00-04:00,43.725,43.725,43.7,43.715,10875
2018-06-19 15:10:00-04:00,43.715,43.72,43.705,43.705,4356
2018-06-19 15:15:00-04:00,43.71,43.71,43.67,43.675,11277
2018-06-19 15:20:00-04:00,43.675,43.68,43.65,43.65,10610
2018-06-19 15:25:00-04:00,43.66,43.67,43.625,43.63,3813
2018-06-19 15:30:00-04:00,43.625,43.65,43.62,43.635,6964
2018-06-19 15:35:00-04:00,43.63,43.66,43.63,43.65,5841
2018-06-19 15:40:00-04:00,43.645,43.65,43.63,43.65,7488
2018-06-19 15:45:00-04:00,43.65,43.67,43.6,43.6,12864
2018-06-19 15:50:00-04:00,43.605,43.64,43.59,43.6,16245
2018-06-19 15:55:00-04:00,43.605,43.63,43.59,43.6,62467
2018-06-20 09:30:00-04:00,43.63,43.67,43.58,43.65,5844
2018-06-20 09:35:00-04:00,43.62,43.73,43.6,43.7,4502
2018-06-20 09:40:00-04:00,43.705,43.77,43.705,43.74,5509
2018-06-20 09:45:00-04:00,43.745,43.77,43.685,43.7,17037
2018-06-20 09:50:00-04:00,43.68,43.73,43.66,43.725,13162
2018-06-20 09:55:00-04:00,43.71,43.71,43.66,43.67,5454
2018-06-20 10:00:00-04:00,43.64,43.64,43.58,43.58,2010
2018-06-20 10:05:00-04:00,43.58,43.605,43.55,43.55,8345
2018-06-20 10:10:00-04:00,43.545,43.55,43.51,43.54,7347
2018-06-20 10:15:00-04:00,43.55,43.58,43.54,43.55,4590
2018-06-20 10:20:00-04:00,43.54,43.56,43.54,43.55,2429
2018-06-20 10:25:00-04:00,43.55,43.59,43.55,43.58,1656
2018-06-20 10:30:00-04:00,43.57,43.575,43.55,43.57,2137
2018-06-20 10:35:00-04:00,43.57,43.57,43.51,43.52,2845
2018-06-20 10:40:00-04:00,43.515,43.52,43.48,43.52,3800
2018-06-20 10:45:00-04:00,43.52,43.56,43.51,43.555,4081
2018-06-20 10:50:00-04:00,43.555,43.56,43.54,43.55,4044
2018-06-20 10:55:00-04:00,43.55,43.56,43.52,43.52,1878
2018-06-20 11:00:00-04:00,43.51,43.51,43.47,43.505,6778
2018-06-20 11:05:00-04:00,43.51,43.51,43.49,43.5,711
2018-06-20 11:10:00-04:00,43.5,43.5,43.43,43.43,6395
2018-06-20 11:15:00-04:00,43.43,43.49,43.43,43.49,21438
2018-06-20 11:20:00-04:00,43.5,43.505,43.485,43.49,4981
2018-06-20 11:25:00-04:00,43.48,43.495,43.43,43.43,7236
2018-06-20 11:30:00-04:00,43.43,43.435,43.38,43.38,8220
2018-06-20 11:35:00-04:00,43.39,43.4,43.365,43.375,3607
2018-06-20 11:40:00-04:00,43.37,43.395,43.37,43.38,6537
2018-06-20 11:45:00-04:00,43.37,43.37,43.36,43.36,3850
2018-06-20 11:50:00-04:00,43.365,43.37,43.34,43.35,4767
2018-06-20 11:55:00-04:00,43.35,43.43,43.345,43.41,2611
2018-06-20 12:00:00-04:00,43.42,43.44,43.4,43.44,1729
2018-06-20 12:05:00-04:00,43.44,43.45,43.43,43.45,2308
2018-06-20 12:10:00-04:00,43.44,43.45,43.44,43.44,1776
2018-06-20 12:15:00-04:00,43.445,43.455,43.43,43.44,1706
2018-06-20 12:20:00-04:00,43.44,43.46,43.435,43.455,2793
2018-06-20 12:25:00-04:00,43.41,43.44,43.39,43.44,8377
2018-06-20 12:30:00-04:00,43.44,43.44,43.39,43.4,8064
2018-06-20 12:35:00-04:00,43.41,43.445,43.41,43.44,2872
2018-06-20 12:40:00-04:00,43.44,43.445,43.43,43.445,4841
2018-06-20 12:45:00-04:00,43.43,43.43,43.39,43.4,9077
2018-06-20 12:50:00-04:00,43.4,43.41,43.39,43.39,1377
2018-06-20 12:55:00-04:00,43.39,43.41,43.38,43.41,4112
2018-06-20 13:00:00-04:00,43.405,43.41,43.4,43.41,7230
2018-06-20 13:05:00-04:00,43.41,43.42,43.38,43.385,4597
2018-06-20 13:10:00-04:00,43.39,43.4,43.39,43.4,2085
2018-06-20 13:15:00-04:00,43.405,43.41,43.39,43.39,4437
2018-06-20 13:20:00-04:00,43.38,43.39,43.38,43.38,801
2018-06-20 13:25:00-04:00,43.38,43.38,43.33,43.345,19024
2018-06-20 13:30:00-04:00,43.35,43.365,43.3,43.3,26680
2018-06-20 13:35:00-04:00,43.31,43.32,43.3,43.31,5773
2018-06-20 13:40:00-04:00,43.305,43.31,43.28,43.3,5200
2018-06-20 13:45:00-04:00,43.29,43.3,43.27,43.27,4908
2018-06-20 13:50:00-04:00,43.27,43.305,43.265,43.305,9365
2018-06-20 13:55:00-04:00,43.3,43.31,43.29,43.3,4403
2018-06-20 14:00:00-04:00,43.31,43.31,43.28,43.28,3197
2018-06-20 14:05:00-04:00,43.3,43.305,43.3,43.3,1644
2018-06-20 14:10:00-04:00,43.31,43.31,43.25,43.29,14096
2018-06-20 14:15:00-04:00,43.29,43.31,43.28,43.3,2650
2018-06-20 14:20:00-04:00,43.3,43.31,43.3,43.3,899
2018-06-20 14:25:00-04:00,43.29,43.3,43.29,43.29,981
2018-06-20 14:30:00-04:00,43.3,43.31,43.25,43.25,6744
2018-06-20 14:35:00-04:00,43.25,43.27,43.25,43.255,10050
2018-06-20 14:40:00-04:00,43.25,43.29,43.25,43.25,7278
2018-06-20 14:45:00-04:00,43.25,43.28,43.25,43.28,2703
2018-06-20 14:50:00-04:00,43.27,43.28,43.27,43.27,2960
2018-06-20 14:55:00-04:00,43.275,43.275,43.25,43.255,6381
2018-06-20 15:00:00-04:00,43.25,43.265,43.235,43.26,18430
2018-06-20 15:05:00-04:00,43.255,43.26,43.24,43.255,10128
2018-06-20 15:10:00-04:00,43.255,43.27,43.25,43.265,12146
2018-06-20 15:15:00-04:00,43.26,43.28,43.25,43.27,8577
2018-06-20 15:20:00-04:00,43.27,43.29,43.27,43.28,6824
2018-06-20 15:25:00-04:00,43.28,43.28,43.27,43.27,4577
2018-06-20 15:30:00-04:00,43.27,43.285,43.26,43.26,10602
2018-06-20 15:35:00-04:00,43.26,43.28,43.25,43.275,17747
2018-06-20 15:40:00-04:00,43.275,43.275,43.245,43.255,24799
2018-06-20 15:45:00-04:00,43.255,43.27,43.23,43.24,20806
2018-06-20 15:50:00-04:00,43.24,43.25,43.23,43.245,51737
2018-06-20 15:55:00-04:00,43.245,43.3,43.24,43.26,125736
2018-06-21 09:30:00-04:00,43.25,43.25,42.99,43.18,9242
2018-06-21 09:35:00-04:00,43.2,43.26,43.17,43.23,10200
2018-06-21 09:40:00-04:00,43.24,43.25,43.19,43.195,12669
2018-06-21 09:45:00-04:00,43.2,43.25,43.2,43.23,8620
2018-06-21 09:50:00-04:00,43.21,43.225,43.18,43.195,5526
2018-06-21 09:55:00-04:00,43.2,43.2,43.145,43.17,6148
2018-06-21 10:00:00-04:00,43.165,43.165,43.135,43.145,4821
2018-06-21 10:05:00-04:00,43.145,43.2,43.13,43.145,16007
2018-06-21 10:10:00-04:00,43.14,43.165,43.135,43.14,7149
2018-06-21 10:15:00-04:00,43.15,43.205,43.14,43.2,12789
2018-06-21 10:20:00-04:00,43.19,43.2,43.155,43.16,6531
2018-06-21 10:25:00-04:00,43.15,43.155,43.11,43.125,5892
2018-06-21 10:30:00-04:00,43.13,43.16,43.13,43.155,6422
2018-06-21 10:35:00-04:00,43.155,43.155,43.11,43.12,13402
2018-06-21 10:40:00-04:00,43.12,43.15,43.105,43.105,6534
2018-06-21 10:45:00-04:00,43.11,43.16,43.1,43.15,29448
2018-06-21 10:50:00-04:00,43.16,43.16,43.13,43.13,6968
2018-06-21 10:55:00-04:00,43.13,43.15,43.12,43.12,15672
2018-06-21 11:00:00-04:00,43.115,43.17,43.115,43.145,7360
2018-06-21 11:05:00-04:00,43.15,43.16,43.13,43.14,6053
2018-06-21 11:10:00-04:00,43.135,43.16,43.13,43.14,10216
2018-06-21 11:15:00-04:00,43.145,43.17,43.14,43.15,10731
2018-06-21 11:20:00-04:00,43.15,43.15,43.13,43.13,5187
2018-06-21 11:25:00-04:00,43.13,43.14,43.1,43.105,7833
2018-06-21 11:30:00-04:00,43.12,43.12,43.09,43.1,6765
2018-06-21 11:35:00-04:00,43.1,43.135,43.1,43.105,5908
2018-06-21 11:40:00-04:00,43.105,43.12,43.09,43.12,6828
2018-06-21 11:45:00-04:00,43.12,43.12,43.1,43.11,3884
2018-06-21 11:50:00-04:00,43.12,43.125,43.095,43.105,14864
2018-06-21 11:55:00-04:00,43.1,43.12,43.08,43.09,5196
2018-06-21 12:00:00-04:00,43.08,43.085,43.03,43.04,7736
2018-06-21 12:05:00-04:00,43.05,43.05,43.03,43.03,2210
2018-06-21 12:10:00-04:00,43.03,43.035,42.99,43.035,12754
2018-06-21 12:15:00-04:00,43.04,43.055,43.03,43.045,12609
2018-06-21 12:20:00-04:00,43.04,43.045,43.01,43.01,5470
2018-06-21 12:25:00-04:00,43.02,43.06,43.02,43.05,3880
2018-06-21 12:30:00-04:00,43.055,43.055,43.03,43.05,2700
2018-06-21 12:35:00-04:00,43.05,43.06,43.035,43.05,3750
2018-06-21 12:40:00-04:00,43.05,43.06,43.03,43.06,4819
2018-06-21 12:45:00-04:00,43.07,43.07,43.05,43.05,2900
2018-06-21 12:50:00-04:00,43.05,43.055,43.04,43.05,1209
2018-06-21 12:55:00-04:00,43.05,43.06,43.03,43.03,3000
2018-06-21 13:00:00-04:00,43.035,43.06,43.02,43.06,4670
2018-06-21 13:05:00-04:00,43.055,43.065,43.045,43.06,2403
2018-06-21 13:10:00-04:00,43.06,43.06,43.02,43.02,4761
2018-06-21 13:15:00-04:00,43.03,43.04,43.01,43.04,4543
2018-06-21 13:20:00-04:00,43.05,43.08,43.035,43.065,4868
2018-06-21 13:25:00-04:00,43.06,43.07,43.04,43.07,3823
2018-06-21 13:30:00-04:00,43.07,43.11,43.07,43.1,35635
2018-06-21 13:35:00-04:00,43.09,43.11,43.06,43.06,4334
2018-06-21 13:40:00-04:00,43.06,43.08,43.055,43.07,4060
2018-06-21 13:45:00-04:00,43.07,43.08,43.06,43.07,4436
2018-06-21 13:50:00-04:00,43.08,43.11,43.07,43.11,5389
2018-06-21 13:55:00-04:00,43.105,43.12,43.09,43.09,5854
2018-06-21 14:00:00-04:00,43.1,43.11,43.085,43.1,5354
2018-06-21 14:05:00-04:00,43.105,43.11,43.09,43.1,6908
2018-06-21 14:10:00-04:00,43.1,43.11,43.09,43.09,10464
2018-06-21 14:15:00-04:00,43.095,43.1,43.08,43.085,6057
2018-06-21 14:20:00-04:00,43.085,43.09,43.05,43.06,2947
2018-06-21 14:25:00-04:00,43.055,43.06,43.03,43.055,7195
2018-06-21 14:30:00-04:00,43.06,43.075,43.045,43.06,4815
2018-06-21 14:35:00-04:00,43.065,43.07,43.03,43.035,4109
2018-06-21 14:40:00-04:00,43.03,43.03,43.02,43.02,4754
2018-06-21 14:45:00-04:00,43.02,43.05,43.02,43.045,5117
2018-06-21 14:50:00-04:00,43.04,43.075,43.035,43.065,5879
2018-06-21 14:55:00-04:00,43.065,43.085,43.06,43.07,7078
2018-06-21 15:00:00-04:00,43.06,43.07,43.045,43.045,6965
2018-06-21 15:05:00-04:00,43.045,43.08,43.035,43.075,9138
2018-06-21 15:10:00-04:00,43.07,43.075,43.02,43.03,7093
2018-06-21 15:15:00-04:00,43.03,43.055,43.01,43.015,22843
2018-06-21 15:20:00-04:00,43.015,43.015,42.965,42.995,16454
2018-06-21 15:25:00-04:00,43.0,43.025,43.0,43.005,16672
2018-06-21 15:30:00-04:00,43.005,43.005,42.96,43.0,15138
2018-06-21 15:35:00-04:00,43.005,43.01,42.97,43.01,18686
2018-06-21 15:40:00-04:00,43.005,43.01,42.975,43.0,18510
2018-06-21 15:45:00-04:00,43.0,43.04,42.99,43.03,15231
2018-06-21 15:50:00-04:00,43.02,43.09,43.01,43.085,21210
2018-06-21 15:55:00-04:00,43.09,43.125,43.07,43.08,36280
2018-06-22 09:30:00-04:00,43.15,43.24,43.14,43.15,5330
2018-06-22 09:35:00-04:00,43.18,43.18,43.125,43.14,6281
2018-06-22 09:40:00-04:00,43.14,43.18,43.105,43.11,22552
2018-06-22 09:45:00-04:00,43.11,43.13,43.08,43.13,14788
2018-06-22 09:50:00-04:00,43.13,43.14,43.08,43.08,11805
2018-06-22 09:55:00-04:00,43.09,43.16,43.09,43.13,11678
2018-06-22 10:00:00-04:00,43.13,43.205,43.12,43.18,10077
2018-06-22 10:05:00-04:00,43.18,43.19,43.17,43.19,8089
2018-06-22 10:10:00-04:00,43.19,43.28,43.19,43.22,20339
2018-06-22 10:15:00-04:00,43.24,43.36,43.22,43.33,9257
2018-06-22 10:20:00-04:00,43.33,43.34,43.28,43.29,9471
2018-06-22 10:25:00-04:00,43.29,43.29,43.22,43.23,11984
2018-06-22 10:30:00-04:00,43.23,43.28,43.22,43.28,23639
2018-06-22 10:35:00-04:00,43.29,43.37,43.28,43.33,13007
2018-06-22 10:40:00-04:00,43.33,43.36,43.28,43.3,48752
2018-06-22 10:45:00-04:00,43.295,43.3,43.29,43.29,16480
2018-06-22 10:50:00-04:00,43.29,43.31,43.27,43.28,9184
2018-06-22 10:55:00-04:00,43.28,43.3,43.26,43.27,6756
2018-06-22 11:00:00-04:00,43.275,43.305,43.24,43.25,15648
2018-06-22 11:05:00-04:00,43.25,43.265,43.195,43.2,10295
2018-06-22 11:10:00-04:00,43.2,43.2,43.16,43.18,14431
2018-06-22 11:15:00-04:00,43.18,43.23,43.17,43.225,15023
2018-06-22 11:20:00-04:00,43.225,43.24,43.17,43.175,10402
2018-06-22 11:25:00-04:00,43.17,43.22,43.17,43.22,10375
2018-06-22 11:30:00-04:00,43.225,43.26,43.21,43.26,8923
2018-06-22 11:35:00-04:00,43.265,43.31,43.265,43.31,13843
2018-06-22 11:40:00-04:00,43.305,43.315,43.28,43.29,7636
2018-06-22 11:45:00-04:00,43.285,43.29,43.25,43.255,6388
2018-06-22 11:50:00-04:00,43.25,43.27,43.25,43.27,10058
2018-06-22 11:55:00-04:00,43.27,43.295,43.27,43.28,7193
2018-06-22 12:00:00-04:00,43.28,43.29,43.27,43.29,32480
2018-06-22 12:05:00-04:00,43.29,43.325,43.29,43.32,4346
2018-06-22 12:10:00-04:00,43.325,43.34,43.3,43.31,12813
2018-06-22 12:15:00-04:00,43.31,43.315,43.3,43.3,3939
2018-06-22 12:20:00-04:00,43.28,43.29,43.27,43.285,8931
2018-06-22 12:25:00-04:00,43.28,43.31,43.27,43.305,22053
2018-06-22 12:30:00-04:00,43.305,43.34,43.305,43.33,23218
2018-06-22 12:35:00-04:00,43.335,43.335,43.31,43.335,6925
2018-06-22 12:40:00-04:00,43.34,43.37,43.33,43.37,27654
2018-06-22 12:45:00-04:00,43.38,43.4,43.37,43.38,12223
2018-06-22 12:50:00-04:00,43.38,43.4,43.35,43.38,9966
2018-06-22 12:55:00-04:00,43.38,43.405,43.36,43.405,7883
2018-06-22 13:00:00-04:00,43.41,43.41,43.365,43.37,5210
2018-06-22 13:05:00-04:00,43.38,43.38,43.37,43.375,8212
2018-06-22 13:10:00-04:00,43.37,43.385,43.37,43.385,8596
2018-06-22 13:15:00-04:00,43.385,43.39,43.345,43.345,7626
2018-06-22 13:20:00-04:00,43.345,43.345,43.31,43.31,4825
2018-06-22 13:25:00-04:00,43.3,43.3,43.28,43.29,5867
2018-06-22 13:30:00-04:00,43.29,43.295,43.27,43.27,34657
2018-06-22 13:35:00-04:00,43.27,43.27,43.24,43.265,7467
2018-06-22 13:40:00-04:00,43.28,43.32,43.28,43.32,11750
2018-06-22 13:45:00-04:00,43.325,43.33,43.31,43.31,6158
2018-06-22 13:50:00-04:00,43.31,43.33,43.31,43.32,8816
2018-06-22 13:55:00-04:00,43.32,43.33,43.31,43.315,12186
2018-06-22 14:00:00-04:00,43.32,43.37,43.31,43.37,14010
2018-06-22 14:05:00-04:00,43.37,43.375,43.35,43.35,15276
2018-06-22 14:10:00-04:00,43.35,43.355,43.33,43.335,10977
2018-06-22 14:15:00-04:00,43.33,43.34,43.32,43.34,10478
2018-06-22 14:20:00-04:00,43.345,43.365,43.31,43.31,10298
2018-06-22 14:25:00-04:00,43.3,43.315,43.29,43.31,10405
2018-06-22 14:30:00-04:00,43.31,43.315,43.295,43.305,8695
2018-06-22 14:35:00-04:00,43.305,43.335,43.305,43.32,13984
2018-06-22 14:40:00-04:00,43.325,43.33,43.3,43.325,10444
2018-06-22 14:45:00-04:00,43.325,43.355,43.325,43.345,25435
2018-06-22 14:50:00-04:00,43.35,43.35,43.32,43.32,17383
2018-06-22 14:55:00-04:00,43.33,43.335,43.31,43.31,16175
2018-06-22 15:00:00-04:00,43.315,43.32,43.305,43.305,10930
2018-06-22 15:05:00-04:00,43.31,43.32,43.295,43.3,19794
2018-06-22 15:10:00-04:00,43.3,43.33,43.3,43.325,23937
2018-06-22 15:15:00-04:00,43.325,43.33,43.29,43.305,14633
2018-06-22 15:20:00-04:00,43.3,43.34,43.29,43.335,25724
2018-06-22 15:25:00-04:00,43.33,43.36,43.33,43.34,31977
2018-06-22 15:30:00-04:00,43.34,43.34,43.32,43.32,19535
2018-06-22 15:35:00-04:00,43.325,43.34,43.31,43.325,41435
2018-06-22 15:40:00-04:00,43.325,43.33,43.3,43.3,31413
2018-06-22 15:45:00-04:00,43.31,43.335,43.29,43.29,55750
2018-06-22 15:50:00-04:00,43.29,43.32,43.25,43.285,60230
2018-06-22 15:55:00-04:00,43.29,43.32,43.22,43.245,118504
2018-06-26 09:30:00-04:00,43.515,43.515,43.32,43.37,20880
2018-06-26 09:35:00-04:00,43.37,43.38,43.32,43.36,17016
2018-06-26 09:40:00-04:00,43.35,43.465,43.34,43.425,16753
2018-06-26 09:45:00-04:00,43.425,43.425,43.3,43.3,12633
2018-06-26 09:50:00-04:00,43.29,43.39,43.285,43.385,11400
2018-06-26 09:55:00-04:00,43.385,43.515,43.385,43.5,14228
2018-06-26 10:00:00-04:00,43.49,43.49,43.42,43.46,14506
2018-06-26 10:05:00-04:00,43.45,43.54,43.43,43.52,7969
2018-06-26 10:10:00-04:00,43.52,43.53,43.47,43.53,9342
2018-06-26 10:15:00-04:00,43.54,43.56,43.5,43.55,12003
2018-06-26 10:20:00-04:00,43.55,43.61,43.55,43.6,9788
2018-06-26 10:25:00-04:00,43.6,43.63,43.6,43.61,10803
2018-06-26 10:30:00-04:00,43.61,43.64,43.585,43.63,9475
2018-06-26 10:35:00-04:00,43.63,43.685,43.625,43.67,6853
2018-06-26 10:40:00-04:00,43.68,43.72,43.66,43.72,9454
2018-06-26 10:45:00-04:00,43.715,43.715,43.67,43.69,9991
2018-06-26 10:50:00-04:00,43.7,43.7,43.66,43.69,6473
2018-06-26 10:55:00-04:00,43.68,43.7,43.67,43.7,8179
2018-06-26 11:00:00-04:00,43.69,43.7,43.67,43.67,13789
2018-06-26 11:05:00-04:00,43.66,43.66,43.63,43.65,8822
2018-06-26 11:10:00-04:00,43.65,43.685,43.65,43.685,9463
2018-06-26 11:15:00-04:00,43.69,43.71,43.68,43.71,6730
2018-06-26 11:20:00-04:00,43.71,43.74,43.7,43.74,9291
2018-06-26 11:25:00-04:00,43.73,43.74,43.72,43.735,7107
2018-06-26 11:30:00-04:00,43.74,43.75,43.73,43.73,8010
2018-06-26 11:35:00-04:00,43.74,43.795,43.74,43.79,6500
2018-06-26 11:40:00-04:00,43.79,43.82,43.79,43.82,6275
2018-06-26 11:45:00-04:00,43.82,43.84,43.81,43.83,8952
2018-06-26 11:50:00-04:00,43.825,43.84,43.8,43.8,14533
2018-06-26 11:55:00-04:00,43.8,43.81,43.76,43.76,11006
2018-06-26 12:00:00-04:00,43.77,43.795,43.74,43.76,9363
2018-06-26 12:05:00-04:00,43.76,43.77,43.735,43.75,8717
2018-06-26 12:10:00-04:00,43.75,43.76,43.74,43.74,11724
2018-06-26 12:15:00-04:00,43.74,43.75,43.72,43.74,9725
2018-06-26 12:20:00-04:00,43.75,43.755,43.715,43.72,4334
2018-06-26 12:25:00-04:00,43.72,43.725,43.69,43.71,7347
2018-06-26 12:30:00-04:00,43.72,43.72,43.68,43.685,13547
2018-06-26 12:35:00-04:00,43.69,43.7,43.68,43.69,6201
2018-06-26 12:40:00-04:00,43.695,43.72,43.66,43.67,13768
2018-06-26 12:45:00-04:00,43.67,43.675,43.65,43.655,2806
2018-06-26 12:50:00-04:00,43.65,43.665,43.64,43.64,8180
2018-06-26 12:55:00-04:00,43.64,43.67,43.62,43.66,7498
2018-06-26 13:00:00-04:00,43.65,43.65,43.59,43.59,6424
2018-06-26 13:05:00-04:00,43.6,43.62,43.6,43.61,4222
2018-06-26 13:10:00-04:00,43.61,43.64,43.61,43.64,6788
2018-06-26 13:15:00-04:00,43.65,43.66,43.62,43.63,13516
2018-06-26 13:20:00-04:00,43.65,43.665,43.63,43.665,6670
2018-06-26 13:25:00-04:00,43.66,43.665,43.65,43.66,6468
2018-06-26 13:30:00-04:00,43.66,43.66,43.62,43.62,22149
2018-06-26 13:35:00-04:00,43.63,43.635,43.62,43.635,11771
2018-06-26 13:40:00-04:00,43.63,43.64,43.625,43.63,15031
2018-06-26 13:45:00-04:00,43.63,43.63,43.59,43.6,12421
2018-06-26 13:50:00-04:00,43.6,43.605,43.57,43.6,7013
2018-06-26 13:55:00-04:00,43.605,43.615,43.58,43.6,8727
2018-06-26 14:00:00-04:00,43.61,43.61,43.55,43.555,9364
2018-06-26 14:05:00-04:00,43.555,43.585,43.55,43.57,18608
2018-06-26 14:10:00-04:00,43.565,43.58,43.52,43.525,15180
2018-06-26 14:15:00-04:00,43.525,43.53,43.51,43.515,4840
2018-06-26 14:20:00-04:00,43.51,43.52,43.51,43.52,8070
2018-06-26 14:25:00-04:00,43.52,43.52,43.51,43.52,4285
2018-06-26 14:30:00-04:00,43.51,43.52,43.51,43.51,13635
2018-06-26 14:35:00-04:00,43.515,43.535,43.51,43.52,13514
2018-06-26 14:40:00-04:00,43.525,43.54,43.525,43.535,8805
2018-06-26 14:45:00-04:00,43.535,43.56,43.505,43.51,22691
2018-06-26 14:50:00-04:00,43.515,43.515,43.505,43.505,6481
2018-06-26 14:55:00-04:00,43.51,43.53,43.51,43.525,20207
2018-06-26 15:00:00-04:00,43.52,43.53,43.51,43.51,12926
2018-06-26 15:05:00-04:00,43.505,43.51,43.49,43.49,18694
2018-06-26 15:10:00-04:00,43.495,43.51,43.49,43.505,8145
2018-06-26 15:15:00-04:00,43.5,43.51,43.465,43.465,13924
2018-06-26 15:20:00-04:00,43.475,43.505,43.47,43.505,10333
2018-06-26 15:25:00-04:00,43.5,43.5,43.475,43.475,10302
2018-06-26 15:30:00-04:00,43.47,43.47,43.45,43.455,12954
2018-06-26 15:35:00-04:00,43.45,43.455,43.435,43.455,15425
2018-06-26 15:40:00-04:00,43.45,43.455,43.44,43.44,26093
2018-06-26 15:45:00-04:00,43.44,43.44,43.4,43.405,24191
2018-06-26 15:50:00-04:00,43.4,43.4,43.36,43.385,36887
2018-06-26 15:55:00-04:00,43.38,43.39,43.325,43.345,247288
2018-06-27 09:30:00-04:00,43.38,43.47,43.28,43.28,14771
2018-06-27 09:35:00-04:00,43.26,43.33,43.23,43.32,7536
2018-06-27 09:40:00-04:00,43.33,43.35,43.295,43.35,10754
2018-06-27 09:45:00-04:00,43.37,43.39,43.33,43.39,11604
2018-06-27 09:50:00-04:00,43.39,43.47,43.39,43.45,7794
2018-06-27 09:55:00-04:00,43.45,43.53,43.45,43.48,8291
2018-06-27 10:00:00-04:00,43.51,43.58,43.5,43.565,20047
2018-06-27 10:05:00-04:00,43.575,43.61,43.53,43.53,13903
2018-06-27 10:10:00-04:00,43.54,43.55,43.48,43.505,13816
2018-06-27 10:15:00-04:00,43.5,43.535,43.495,43.5,56427
2018-06-27 10:20:00-04:00,43.505,43.565,43.49,43.49,15065
2018-06-27 10:25:00-04:00,43.49,43.52,43.485,43.5,8312
2018-06-27 10:30:00-04:00,43.49,43.49,43.41,43.435,22039
2018-06-27 10:35:00-04:00,43.44,43.47,43.41,43.465,16979
2018-06-27 10:40:00-04:00,43.465,43.49,43.45,43.49,10247
2018-06-27 10:45:00-04:00,43.5,43.5,43.46,43.48,6912
2018-06-27 10:50:00-04:00,43.47,43.49,43.42,43.44,21751
2018-06-27 10:55:00-04:00,43.43,43.515,43.42,43.515,11131
2018-06-27 11:00:00-04:00,43.53,43.6,43.51,43.56,11907
2018-06-27 11:05:00-04:00,43.55,43.59,43.52,43.55,13138
2018-06-27 11:10:00-04:00,43.55,43.57,43.52,43.52,12987
2018-06-27 11:15:00-04:00,43.51,43.525,43.49,43.51,8571
2018-06-27 11:20:00-04:00,43.5,43.505,43.45,43.45,9073
2018-06-27 11:25:00-04:00,43.46,43.465,43.42,43.425,15261
2018-06-27 11:30:00-04:00,43.425,43.44,43.41,43.435,52485
2018-06-27 11:35:00-04:00,43.43,43.485,43.42,43.48,17455
2018-06-27 11:40:00-04:00,43.49,43.51,43.49,43.5,12294
2018-06-27 11:45:00-04:00,43.5,43.51,43.47,43.5,10851
2018-06-27 11:50:00-04:00,43.495,43.51,43.485,43.49,17138
2018-06-27 11:55:00-04:00,43.495,43.5,43.46,43.48,8143
2018-06-27 12:00:00-04:00,43.475,43.49,43.47,43.47,4385
2018-06-27 12:05:00-04:00,43.47,43.47,43.44,43.45,19716
2018-06-27 12:10:00-04:00,43.45,43.455,43.42,43.43,12020
2018-06-27 12:15:00-04:00,43.425,43.445,43.4,43.44,9914
2018-06-27 12:20:00-04:00,43.435,43.435,43.4,43.41,4995
2018-06-27 12:25:00-04:00,43.41,43.415,43.38,43.38,6188
2018-06-27 12:30:00-04:00,43.38,43.39,43.37,43.38,6203
2018-06-27 12:35:00-04:00,43.38,43.39,43.38,43.38,1875
2018-06-27 12:40:00-04:00,43.38,43.4,43.33,43.35,5756
2018-06-27 12:45:00-04:00,43.35,43.36,43.34,43.35,3219
2018-06-27 12:50:00-04:00,43.35,43.35,43.34,43.34,1522
2018-06-27 12:55:00-04:00,43.34,43.35,43.32,43.32,5173
2018-06-27 13:00:00-04:00,43.33,43.35,43.33,43.34,2346
2018-06-27 13:05:00-04:00,43.33,43.34,43.32,43.34,3766
2018-06-27 13:10:00-04:00,43.33,43.33,43.29,43.29,6473
2018-06-27 13:15:00-04:00,43.3,43.3,43.2,43.2,11194
2018-06-27 13:20:00-04:00,43.2,43.24,43.2,43.24,7408
2018-06-27 13:25:00-04:00,43.25,43.26,43.225,43.225,4806
2018-06-27 13:30:00-04:00,43.225,43.26,43.2,43.245,10334
2018-06-27 13:35:00-04:00,43.24,43.26,43.23,43.24,3674
2018-06-27 13:40:00-04:00,43.24,43.28,43.24,43.28,2460
2018-06-27 13:45:00-04:00,43.28,43.28,43.24,43.24,4604
2018-06-27 13:50:00-04:00,43.24,43.26,43.23,43.25,4639
2018-06-27 13:55:00-04:00,43.24,43.25,43.215,43.22,5699
2018-06-27 14:00:00-04:00,43.22,43.24,43.2,43.23,7447
2018-06-27 14:05:00-04:00,43.23,43.23,43.17,43.17,5963
2018-06-27 14:10:00-04:00,43.175,43.19,43.175,43.18,4502
2018-06-27 14:15:00-04:00,43.18,43.19,43.15,43.17,7082
2018-06-27 14:20:00-04:00,43.165,43.17,43.14,43.14,8239
2018-06-27 14:25:00-04:00,43.14,43.15,43.13,43.13,8478
2018-06-27 14:30:00-04:00,43.13,43.14,43.12,43.12,5363
2018-06-27 14:35:00-04:00,43.13,43.15,43.12,43.13,5129
2018-06-27 14:40:00-04:00,43.14,43.15,43.12,43.12,2917
2018-06-27 14:45:00-04:00,43.12,43.13,43.1,43.1,6074
2018-06-27 14:50:00-04:00,43.09,43.1,43.07,43.07,3739
2018-06-27 14:55:00-04:00,43.07,43.07,43.035,43.055,11521
2018-06-27 15:00:00-04:00,43.07,43.13,43.07,43.11,8547
2018-06-27 15:05:00-04:00,43.11,43.12,43.05,43.05,5301
2018-06-27 15:10:00-04:00,43.05,43.055,43.02,43.025,5021
2018-06-27 15:15:00-04:00,43.02,43.04,42.99,43.04,12747
2018-06-27 15:20:00-04:00,43.04,43.12,43.04,43.12,3515
2018-06-27 15:25:00-04:00,43.13,43.18,43.105,43.17,11798
2018-06-27 15:30:00-04:00,43.17,43.24,43.155,43.2,9467
2018-06-27 15:35:00-04:00,43.19,43.23,43.18,43.205,8635
2018-06-27 15:40:00-04:00,43.2,43.21,43.16,43.16,25696
2018-06-27 15:45:00-04:00,43.16,43.18,43.13,43.135,22105
2018-06-27 15:50:00-04:00,43.13,43.16,43.1,43.16,24729
2018-06-27 15:55:00-04:00,43.16,43.195,43.08,43.08,112707
2018-06-28 09:30:00-04:00,43.185,43.67,43.185,43.67,10199
2018-06-28 09:35:00-04:00,43.63,43.64,43.51,43.55,6076
2018-06-28 09:40:00-04:00,43.55,43.56,43.5,43.5,7148
2018-06-28 09:45:00-04:00,43.495,43.575,43.495,43.56,6227
2018-06-28 09:50:00-04:00,43.57,43.57,43.49,43.54,4142
2018-06-28 09:55:00-04:00,43.54,43.54,43.495,43.54,3792
2018-06-28 10:00:00-04:00,43.55,43.565,43.485,43.485,5919
2018-06-28 10:05:00-04:00,43.48,43.505,43.45,43.485,2033
2018-06-28 10:10:00-04:00,43.49,43.49,43.42,43.48,3876
2018-06-28 10:15:00-04:00,43.47,43.57,43.47,43.57,4761
2018-06-28 10:20:00-04:00,43.58,43.635,43.57,43.59,4500
2018-06-28 10:25:00-04:00,43.58,43.585,43.51,43.545,9400
2018-06-28 10:30:00-04:00,43.545,43.545,43.47,43.475,5864
2018-06-28 10:35:00-04:00,43.485,43.57,43.48,43.57,3316
2018-06-28 10:40:00-04:00,43.58,43.59,43.535,43.55,16367
2018-06-28 10:45:00-04:00,43.54,43.54,43.5,43.51,4336
2018-06-28 10:50:00-04:00,43.5,43.53,43.48,43.52,6399
2018-06-28 10:55:00-04:00,43.5,43.555,43.49,43.545,4297
2018-06-28 11:00:00-04:00,43.545,43.555,43.495,43.53,5362
2018-06-28 11:05:00-04:00,43.53,43.57,43.53,43.57,6733
2018-06-28 11:10:00-04:00,43.575,43.575,43.53,43.555,6447
2018-06-28 11:15:00-04:00,43.57,43.57,43.51,43.555,6155
2018-06-28 11:20:00-04:00,43.555,43.585,43.55,43.585,7393
2018-06-28 11:25:00-04:00,43.59,43.64,43.58,43.58,8889
2018-06-28 11:30:00-04:00,43.585,43.625,43.57,43.61,6999
2018-06-28 11:35:00-04:00,43.62,43.645,43.615,43.64,6565
2018-06-28 11:40:00-04:00,43.63,43.655,43.63,43.655,10761
2018-06-28 11:45:00-04:00,43.66,43.66,43.57,43.59,6664
2018-06-28 11:50:00-04:00,43.59,43.595,43.565,43.57,3068
2018-06-28 11:55:00-04:00,43.57,43.62,43.57,43.59,4118
2018-06-28 12:00:00-04:00,43.575,43.595,43.56,43.56,20879
2018-06-28 12:05:00-04:00,43.57,43.59,43.53,43.54,4568
2018-06-28 12:10:00-04:00,43.54,43.54,43.52,43.52,3247
2018-06-28 12:15:00-04:00,43.52,43.52,43.49,43.51,3350
2018-06-28 12:20:00-04:00,43.5,43.5,43.47,43.48,5699
2018-06-28 12:25:00-04:00,43.47,43.49,43.46,43.48,4514
2018-06-28 12:30:00-04:00,43.49,43.505,43.48,43.49,5473
2018-06-28 12:35:00-04:00,43.49,43.51,43.49,43.505,9110
2018-06-28 12:40:00-04:00,43.5,43.51,43.5,43.505,4329
2018-06-28 12:45:00-04:00,43.5,43.505,43.46,43.49,6898
2018-06-28 12:50:00-04:00,43.51,43.51,43.5,43.5,2287
2018-06-28 12:55:00-04:00,43.5,43.51,43.49,43.505,5696
2018-06-28 13:00:00-04:00,43.5,43.525,43.49,43.52,3957
2018-06-28 13:05:00-04:00,43.51,43.52,43.475,43.49,5729
2018-06-28 13:10:00-04:00,43.48,43.5,43.47,43.5,1530
2018-06-28 13:15:00-04:00,43.505,43.54,43.5,43.5,4443
2018-06-28 13:20:00-04:00,43.49,43.495,43.46,43.47,6537
2018-06-28 13:25:00-04:00,43.47,43.48,43.46,43.46,7326
2018-06-28 13:30:00-04:00,43.47,43.48,43.45,43.46,32357
2018-06-28 13:35:00-04:00,43.465,43.48,43.44,43.45,5872
2018-06-28 13:40:00-04:00,43.46,43.475,43.46,43.465,5377
2018-06-28 13:45:00-04:00,43.46,43.47,43.45,43.455,4472
2018-06-28 13:50:00-04:00,43.45,43.515,43.45,43.515,4445
2018-06-28 13:55:00-04:00,43.51,43.51,43.49,43.49,5160
2018-06-28 14:00:00-04:00,43.48,43.48,43.47,43.48,3358
2018-06-28 14:05:00-04:00,43.49,43.505,43.48,43.49,5515
2018-06-28 14:10:00-04:00,43.48,43.48,43.45,43.45,5662
2018-06-28 14:15:00-04:00,43.44,43.475,43.44,43.45,3291
2018-06-28 14:20:00-04:00,43.47,43.51,43.47,43.49,4857
2018-06-28 14:25:00-04:00,43.5,43.52,43.49,43.52,6133
2018-06-28 14:30:00-04:00,43.515,43.52,43.5,43.5,6263
2018-06-28 14:35:00-04:00,43.5,43.5,43.46,43.465,6348
2018-06-28 14:40:00-04:00,43.465,43.495,43.465,43.48,2945
2018-06-28 14:45:00-04:00,43.46,43.52,43.46,43.52,4462
2018-06-28 14:50:00-04:00,43.52,43.57,43.52,43.56,3824
2018-06-28 14:55:00-04:00,43.56,43.575,43.56,43.57,4200
2018-06-28 15:00:00-04:00,43.57,43.57,43.53,43.53,3816
2018-06-28 15:05:00-04:00,43.535,43.56,43.53,43.54,5333
2018-06-28 15:10:00-04:00,43.545,43.56,43.53,43.535,4242
2018-06-28 15:15:00-04:00,43.55,43.56,43.53,43.56,4996
2018-06-28 15:20:00-04:00,43.575,43.58,43.55,43.55,5149
2018-06-28 15:25:00-04:00,43.56,43.56,43.54,43.55,5448
2018-06-28 15:30:00-04:00,43.55,43.6,43.55,43.57,13319
2018-06-28 15:35:00-04:00,43.57,43.57,43.55,43.56,7635
2018-06-28 15:40:00-04:00,43.55,43.55,43.53,43.53,9227
2018-06-28 15:45:00-04:00,43.53,43.55,43.52,43.55,11100
2018-06-28 15:50:00-04:00,43.55,43.55,43.51,43.525,13846
2018-06-28 15:55:00-04:00,43.525,43.54,43.46,43.485,92682
2018-06-29 08:00:00-04:00,43.71,43.71,43.71,43.71,285
2018-06-29 09:30:00-04:00,43.5,43.55,43.33,43.44,7919
2018-06-29 09:35:00-04:00,43.485,43.63,43.485,43.61,4697
2018-06-29 09:40:00-04:00,43.61,43.745,43.61,43.73,3665
2018-06-29 09:45:00-04:00,43.72,43.74,43.68,43.725,6198
2018-06-29 09:50:00-04:00,43.735,43.76,43.7,43.7,7097
2018-06-29 09:55:00-04:00,43.7,43.73,43.63,43.73,14123
2018-06-29 10:00:00-04:00,43.72,43.735,43.68,43.73,9376
2018-06-29 10:05:00-04:00,43.73,43.74,43.71,43.72,7281
2018-06-29 10:10:00-04:00,43.72,43.76,43.68,43.69,10584
2018-06-29 10:15:00-04:00,43.69,43.71,43.68,43.69,4817
2018-06-29 10:20:00-04:00,43.69,43.69,43.63,43.65,46182
2018-06-29 10:25:00-04:00,43.65,43.68,43.65,43.68,4950
2018-06-29 10:30:00-04:00,43.685,43.715,43.68,43.68,7628
2018-06-29 10:35:00-04:00,43.68,43.69,43.65,43.675,5259
2018-06-29 10:40:00-04:00,43.67,43.73,43.67,43.73,5705
2018-06-29 10:45:00-04:00,43.76,43.79,43.74,43.79,3548
2018-06-29 10:50:00-04:00,43.78,43.8,43.78,43.8,2865
2018-06-29 10:55:00-04:00,43.81,43.82,43.79,43.81,2434
2018-06-29 11:00:00-04:00,43.81,43.85,43.81,43.84,5041
2018-06-29 11:05:00-04:00,43.83,43.84,43.82,43.835,2124
2018-06-29 11:10:00-04:00,43.84,43.84,43.83,43.83,1590
2018-06-29 11:15:00-04:00,43.84,43.87,43.83,43.85,3671
2018-06-29 11:20:00-04:00,43.86,43.87,43.84,43.87,6959
2018-06-29 11:25:00-04:00,43.88,43.92,43.88,43.92,2974
2018-06-29 11:30:00-04:00,43.92,43.94,43.91,43.93,5114
2018-06-29 11:35:00-04:00,43.93,43.93,43.91,43.92,2030
2018-06-29 11:40:00-04:00,43.93,43.945,43.92,43.92,5412
2018-06-29 11:45:00-04:00,43.92,43.945,43.92,43.94,3707
2018-06-29 11:50:00-04:00,43.94,43.97,43.94,43.96,2952
2018-06-29 11:55:00-04:00,43.95,43.95,43.93,43.93,1891
2018-06-29 12:00:00-04:00,43.935,43.98,43.93,43.98,5579
2018-06-29 12:05:00-04:00,43.97,43.995,43.97,43.98,7336
2018-06-29 12:10:00-04:00,43.98,43.985,43.96,43.985,3357
2018-06-29 12:15:00-04:00,43.99,43.99,43.965,43.98,2784
2018-06-29 12:20:00-04:00,43.99,43.99,43.98,43.98,3381
2018-06-29 12:25:00-04:00,43.99,43.995,43.98,43.99,2937
2018-06-29 12:30:00-04:00,43.99,43.995,43.97,43.99,2156
2018-06-29 12:35:00-04:00,43.99,44.0,43.98,43.99,2539
2018-06-29 12:40:00-04:00,43.99,44.0,43.99,44.0,3493
2018-06-29 12:45:00-04:00,43.995,44.045,43.995,44.035,5589
2018-06-29 12:50:00-04:00,44.06,44.065,44.03,44.03,2938
2018-06-29 12:55:00-04:00,44.035,44.035,43.985,43.985,8558
2018-06-29 13:00:00-04:00,43.995,44.02,43.995,44.015,4927
2018-06-29 13:05:00-04:00,44.015,44.04,44.015,44.015,3353
2018-06-29 13:10:00-04:00,44.015,44.04,44.015,44.04,2501
2018-06-29 13:15:00-04:00,44.04,44.08,44.03,44.065,6010
2018-06-29 13:20:00-04:00,44.065,44.065,44.04,44.045,5024
2018-06-29 13:25:00-04:00,44.04,44.04,44.005,44.02,5336
2018-06-29 13:30:00-04:00,44.025,44.025,44.0,44.01,6052
2018-06-29 13:35:00-04:00,44.025,44.03,44.02,44.03,3530
2018-06-29 13:40:00-04:00,44.03,44.04,44.01,44.03,5027
2018-06-29 13:45:00-04:00,44.045,44.06,44.04,44.05,5112
2018-06-29 13:50:00-04:00,44.04,44.06,44.04,44.05,2539
2018-06-29 13:55:00-04:00,44.055,44.08,44.05,44.08,4156
2018-06-29 14:00:00-04:00,44.075,44.075,44.02,44.035,4128
2018-06-29 14:05:00-04:00,44.03,44.04,43.995,44.01,5933
2018-06-29 14:10:00-04:00,44.01,44.03,43.99,44.02,4280
2018-06-29 14:15:00-04:00,44.02,44.03,44.0,44.0,3584
2018-06-29 14:20:00-04:00,43.995,43.995,43.97,43.98,5017
2018-06-29 14:25:00-04:00,43.98,44.02,43.98,44.02,4950
2018-06-29 14:30:00-04:00,44.02,44.03,44.01,44.02,3546
2018-06-29 14:35:00-04:00,44.01,44.015,43.99,44.01,4070
2018-06-29 14:40:00-04:00,43.995,44.0,43.97,43.985,4402
2018-06-29 14:45:00-04:00,43.985,44.0,43.985,44.0,2818
2018-06-29 14:50:00-04:00,44.0,44.035,44.0,44.03,4207
2018-06-29 14:55:00-04:00,44.035,44.07,44.03,44.065,3982
2018-06-29 15:00:00-04:00,44.07,44.095,44.07,44.095,4395
2018-06-29 15:05:00-04:00,44.095,44.1,44.09,44.1,5851
2018-06-29 15:10:00-04:00,44.1,44.1,44.045,44.05,8872
2018-06-29 15:15:00-04:00,44.06,44.07,44.03,44.045,6028
2018-06-29 15:20:00-04:00,44.05,44.05,44.01,44.025,6495
2018-06-29 15:25:00-04:00,44.02,44.05,44.015,44.03,5694
2018-06-29 15:30:00-04:00,44.035,44.045,44.015,44.04,11467
2018-06-29 15:35:00-04:00,44.045,44.05,44.02,44.03,13538
2018-06-29 15:40:00-04:00,44.025,44.055,44.005,44.05,17886
2018-06-29 15:45:00-04:00,44.03,44.055,43.99,44.0,19813
2018-06-29 15:50:00-04:00,43.995,44.0,43.93,43.94,26683
2018-06-29 15:55:00-04:00,43.94,43.94,43.845,43.865,91560
2018-07-02 09:30:00-04:00,43.74,43.93,43.66,43.91,8885
2018-07-02 09:35:00-04:00,43.91,44.09,43.9,44.07,14078
2018-07-02 09:40:00-04:00,44.08,44.08,44.01,44.04,12985
2018-07-02 09:45:00-04:00,44.04,44.08,43.99,44.065,10116
2018-07-02 09:50:00-04:00,44.06,44.07,43.98,44.03,7960
2018-07-02 09:55:00-04:00,44.03,44.06,44.02,44.04,4210
2018-07-02 10:00:00-04:00,44.03,44.14,44.02,44.13,7276
2018-07-02 10:05:00-04:00,44.13,44.16,44.1,44.16,6661
2018-07-02 10:10:00-04:00,44.14,44.15,44.06,44.07,10470
2018-07-02 10:15:00-04:00,44.06,44.06,44.01,44.02,6274
2018-07-02 10:20:00-04:00,44.01,44.015,43.95,43.95,7205
2018-07-02 10:25:00-04:00,43.99,44.04,43.99,44.02,6566
2018-07-02 10:30:00-04:00,44.03,44.03,43.98,43.98,6151
2018-07-02 10:35:00-04:00,44.01,44.055,44.01,44.02,6325
2018-07-02 10:40:00-04:00,44.025,44.05,44.01,44.04,6468
2018-07-02 10:45:00-04:00,44.05,44.09,44.05,44.09,8554
2018-07-02 10:50:00-04:00,44.09,44.09,44.04,44.04,3935
2018-07-02 10:55:00-04:00,44.03,44.075,44.02,44.06,7896
2018-07-02 11:00:00-04:00,44.04,44.09,44.03,44.08,7825
2018-07-02 11:05:00-04:00,44.08,44.09,44.06,44.08,5542
2018-07-02 11:10:00-04:00,44.07,44.08,44.03,44.04,7532
2018-07-02 11:15:00-04:00,44.065,44.07,44.04,44.05,8314
2018-07-02 11:20:00-04:00,44.06,44.06,44.0,44.0,4496
2018-07-02 11:25:00-04:00,44.005,44.015,44.0,44.0,7306
2018-07-02 11:30:00-04:00,44.0,44.005,43.97,43.98,3096
2018-07-02 11:35:00-04:00,43.985,44.0,43.98,43.99,7124
2018-07-02 11:40:00-04:00,43.98,43.985,43.93,43.94,5898
2018-07-02 11:45:00-04:00,43.95,43.96,43.93,43.94,5813
2018-07-02 11:50:00-04:00,43.95,43.96,43.925,43.96,6629
2018-07-02 11:55:00-04:00,43.96,43.965,43.89,43.9,6740
2018-07-02 12:00:00-04:00,43.9,43.9,43.82,43.83,3421
2018-07-02 12:05:00-04:00,43.81,43.81,43.79,43.79,2075
2018-07-02 12:10:00-04:00,43.77,43.77,43.75,43.76,3007
2018-07-02 12:15:00-04:00,43.73,43.745,43.72,43.74,4060
2018-07-02 12:20:00-04:00,43.75,43.79,43.75,43.79,4955
2018-07-02 12:25:00-04:00,43.795,43.81,43.79,43.8,5111
2018-07-02 12:30:00-04:00,43.8,43.83,43.79,43.83,3391
2018-07-02 12:35:00-04:00,43.82,43.845,43.82,43.83,6766
2018-07-02 12:40:00-04:00,43.835,43.835,43.8,43.82,4763
2018-07-02 12:45:00-04:00,43.82,43.82,43.79,43.79,2420
2018-07-02 12:50:00-04:00,43.79,43.825,43.79,43.81,4719
2018-07-02 12:55:00-04:00,43.81,43.81,43.76,43.765,2565
2018-07-02 13:00:00-04:00,43.75,43.75,43.73,43.73,4869
2018-07-02 13:05:00-04:00,43.71,43.71,43.67,43.67,6474
2018-07-02 13:10:00-04:00,43.67,43.68,43.65,43.67,5855
2018-07-02 13:15:00-04:00,43.67,43.68,43.61,43.61,7531
2018-07-02 13:20:00-04:00,43.61,43.62,43.59,43.595,9145
2018-07-02 13:25:00-04:00,43.59,43.66,43.58,43.65,9187
2018-07-02 13:30:00-04:00,43.65,43.65,43.59,43.59,7205
2018-07-02 13:35:00-04:00,43.59,43.63,43.58,43.63,6240
2018-07-02 13:40:00-04:00,43.64,43.67,43.64,43.66,3741
2018-07-02 13:45:00-04:00,43.66,43.705,43.66,43.69,3837
2018-07-02 13:50:00-04:00,43.695,43.7,43.69,43.7,2137
2018-07-02 13:55:00-04:00,43.7,43.705,43.68,43.685,1512
2018-07-02 14:00:00-04:00,43.69,43.73,43.68,43.73,6886
2018-07-02 14:05:00-04:00,43.74,43.76,43.74,43.75,5789
2018-07-02 14:10:00-04:00,43.74,43.78,43.72,43.755,6700
2018-07-02 14:15:00-04:00,43.76,43.78,43.75,43.75,3653
2018-07-02 14:20:00-04:00,43.74,43.765,43.73,43.765,3294
2018-07-02 14:25:00-04:00,43.76,43.805,43.76,43.805,4157
2018-07-02 14:30:00-04:00,43.8,43.82,43.79,43.795,9173
2018-07-02 14:35:00-04:00,43.78,43.78,43.72,43.725,3470
2018-07-02 14:40:00-04:00,43.725,43.75,43.705,43.72,6561
2018-07-02 14:45:00-04:00,43.72,43.72,43.68,43.68,8495
2018-07-02 14:50:00-04:00,43.69,43.71,43.68,43.68,6969
2018-07-02 14:55:00-04:00,43.685,43.69,43.675,43.69,4097
2018-07-02 15:00:00-04:00,43.69,43.69,43.6,43.62,6627
2018-07-02 15:05:00-04:00,43.62,43.655,43.62,43.63,5169
2018-07-02 15:10:00-04:00,43.635,43.65,43.63,43.645,5247
2018-07-02 15:15:00-04:00,43.65,43.68,43.65,43.675,5984
2018-07-02 15:20:00-04:00,43.685,43.69,43.66,43.68,5322
2018-07-02 15:25:00-04:00,43.69,43.7,43.66,43.7,7620
2018-07-02 15:30:00-04:00,43.7,43.72,43.64,43.64,9812
2018-07-02 15:35:00-04:00,43.64,43.68,43.63,43.68,11646
2018-07-02 15:40:00-04:00,43.675,43.68,43.63,43.65,12138
2018-07-02 15:45:00-04:00,43.64,43.68,43.63,43.68,17664
2018-07-02 15:50:00-04:00,43.69,43.72,43.67,43.72,24729
2018-07-02 15:55:00-04:00,43.72,43.8,43.7,43.74,48255
2018-07-03 09:00:00-04:00,43.92,43.92,43.92,43.92,200
2018-07-03 09:20:00-04:00,43.88,43.88,43.88,43.88,200
2018-07-03 09:25:00-04:00,43.88,44.0,43.88,44.0,1509
2018-07-03 09:30:00-04:00,44.04,44.095,44.0,44.03,3649
2018-07-03 09:35:00-04:00,44.06,44.155,44.06,44.11,7511
2018-07-03 09:40:00-04:00,44.06,44.14,44.06,44.09,4353
2018-07-03 09:45:00-04:00,44.085,44.24,44.085,44.23,12008
2018-07-03 09:50:00-04:00,44.24,44.29,44.22,44.275,12627
2018-07-03 09:55:00-04:00,44.275,44.32,44.2,44.2,9337
2018-07-03 10:00:00-04:00,44.19,44.19,44.07,44.1,3428
2018-07-03 10:05:00-04:00,44.1,44.23,44.1,44.21,3949
2018-07-03 10:10:00-04:00,44.22,44.23,44.19,44.23,3374
2018-07-03 10:15:00-04:00,44.22,44.31,44.22,44.31,19484
2018-07-03 10:20:00-04:00,44.31,44.315,44.26,44.3,13236
2018-07-03 10:25:00-04:00,44.31,44.33,44.29,44.31,10082
2018-07-03 10:30:00-04:00,44.29,44.29,44.16,44.16,4351
2018-07-03 10:35:00-04:00,44.16,44.17,44.095,44.14,5347
2018-07-03 10:40:00-04:00,44.14,44.19,44.14,44.175,4010
2018-07-03 10:45:00-04:00,44.175,44.2,44.12,44.13,2967
2018-07-03 10:50:00-04:00,44.13,44.16,44.12,44.13,3433
2018-07-03 10:55:00-04:00,44.13,44.13,44.09,44.12,4205
2018-07-03 11:00:00-04:00,44.12,44.16,44.11,44.15,3882
2018-07-03 11:05:00-04:00,44.18,44.18,44.14,44.14,3355
2018-07-03 11:10:00-04:00,44.13,44.15,44.13,44.15,2415
2018-07-03 11:15:00-04:00,44.15,44.16,44.14,44.15,3635
2018-07-03 11:20:00-04:00,44.15,44.17,44.13,44.17,4636
2018-07-03 11:25:00-04:00,44.17,44.19,44.14,44.14,4348
2018-07-03 11:30:00-04:00,44.13,44.185,44.13,44.18,2269
2018-07-03 11:35:00-04:00,44.18,44.215,44.17,44.215,5809
2018-07-03 11:40:00-04:00,44.235,44.265,44.235,44.265,7913
2018-07-03 11:45:00-04:00,44.26,44.26,44.22,44.25,2150
2018-07-03 11:50:00-04:00,44.27,44.27,44.22,44.27,5624
2018-07-03 11:55:00-04:00,44.28,44.285,44.25,44.27,2992
2018-07-03 12:00:00-04:00,44.28,44.315,44.28,44.3,3701
2018-07-03 12:05:00-04:00,44.31,44.315,44.225,44.23,7921
2018-07-03 12:10:00-04:00,44.235,44.26,44.21,44.26,5207
2018-07-03 12:15:00-04:00,44.255,44.285,44.24,44.28,6320
2018-07-03 12:20:00-04:00,44.28,44.28,44.23,44.235,5758
2018-07-03 12:25:00-04:00,44.24,44.25,44.21,44.22,4523
2018-07-03 12:30:00-04:00,44.205,44.21,44.18,44.205,37135
2018-07-03 12:35:00-04:00,44.205,44.21,44.15,44.15,6570
2018-07-03 12:40:00-04:00,44.155,44.2,44.155,44.19,7123
2018-07-03 12:45:00-04:00,44.18,44.18,44.11,44.12,12181
2018-07-03 12:50:00-04:00,44.11,44.11,44.03,44.035,14241
2018-07-03 12:55:00-04:00,44.03,44.09,44.0,44.09,53401
2018-07-05 09:30:00-04:00,44.23,44.35,44.23,44.32,3951
2018-07-05 09:35:00-04:00,44.32,44.335,44.27,44.32,5524
2018-07-05 09:40:00-04:00,44.32,44.39,44.3,44.34,4804
2018-07-05 09:45:00-04:00,44.34,44.395,44.305,44.395,7802
2018-07-05 09:50:00-04:00,44.4,44.415,44.3,44.3,7583
2018-07-05 09:55:00-04:00,44.29,44.345,44.255,44.275,6482
2018-07-05 10:00:00-04:00,44.29,44.3,44.25,44.28,3756
2018-07-05 10:05:00-04:00,44.27,44.335,44.24,44.335,5419
2018-07-05 10:10:00-04:00,44.34,44.36,44.265,44.265,5750
2018-07-05 10:15:00-04:00,44.255,44.285,44.25,44.285,9794
2018-07-05 10:20:00-04:00,44.285,44.285,44.23,44.24,11793
2018-07-05 10:25:00-04:00,44.25,44.31,44.24,44.27,7582
2018-07-05 10:30:00-04:00,44.26,44.265,44.23,44.255,10574
2018-07-05 10:35:00-04:00,44.255,44.265,44.21,44.225,5327
2018-07-05 10:40:00-04:00,44.22,44.245,44.2,44.22,6170
2018-07-05 10:45:00-04:00,44.22,44.225,44.19,44.21,6239
2018-07-05 10:50:00-04:00,44.18,44.19,44.14,44.14,4494
2018-07-05 10:55:00-04:00,44.14,44.23,44.13,44.22,8460
2018-07-05 11:00:00-04:00,44.23,44.27,44.23,44.235,4819
2018-07-05 11:05:00-04:00,44.215,44.26,44.205,44.26,5521
2018-07-05 11:10:00-04:00,44.26,44.27,44.245,44.26,4749
2018-07-05 11:15:00-04:00,44.27,44.27,44.22,44.23,4771
2018-07-05 11:20:00-04:00,44.23,44.235,44.2,44.22,4577
2018-07-05 11:25:00-04:00,44.215,44.23,44.18,44.18,4794
2018-07-05 11:30:00-04:00,44.18,44.25,44.18,44.25,5781
2018-07-05 11:35:00-04:00,44.255,44.27,44.25,44.26,3135
2018-07-05 11:40:00-04:00,44.27,44.295,44.25,44.25,4285
2018-07-05 11:45:00-04:00,44.26,44.315,44.26,44.3,7801
2018-07-05 11:50:00-04:00,44.3,44.355,44.29,44.34,6471
2018-07-05 11:55:00-04:00,44.345,44.37,44.315,44.35,5179
2018-07-05 12:00:00-04:00,44.35,44.415,44.35,44.415,10190
2018-07-05 12:05:00-04:00,44.415,44.49,44.415,44.44,9175
2018-07-05 12:10:00-04:00,44.42,44.47,44.42,44.455,8287
2018-07-05 12:15:00-04:00,44.455,44.46,44.43,44.46,4101
2018-07-05 12:20:00-04:00,44.475,44.49,44.465,44.48,8160
2018-07-05 12:25:00-04:00,44.485,44.49,44.48,44.48,1994
2018-07-05 12:30:00-04:00,44.48,44.48,44.44,44.46,9668
2018-07-05 12:35:00-04:00,44.46,44.49,44.46,44.485,2775
2018-07-05 12:40:00-04:00,44.485,44.5,44.48,44.485,4114
2018-07-05 12:45:00-04:00,44.485,44.495,44.475,44.48,8330
2018-07-05 12:50:00-04:00,44.475,44.475,44.44,44.44,8166
2018-07-05 12:55:00-04:00,44.45,44.49,44.45,44.49,3318
2018-07-05 13:00:00-04:00,44.48,44.495,44.465,44.49,7538
2018-07-05 13:05:00-04:00,44.49,44.495,44.475,44.495,16381
2018-07-05 13:10:00-04:00,44.495,44.495,44.45,44.46,5564
2018-07-05 13:15:00-04:00,44.46,44.5,44.46,44.49,9375
2018-07-05 13:20:00-04:00,44.49,44.5,44.485,44.49,6508
2018-07-05 13:25:00-04:00,44.5,44.54,44.49,44.505,13288
2018-07-05 13:30:00-04:00,44.49,44.495,44.445,44.445,12698
2018-07-05 13:35:00-04:00,44.445,44.495,44.445,44.495,5589
2018-07-05 13:40:00-04:00,44.49,44.52,44.485,44.5,5544
2018-07-05 13:45:00-04:00,44.5,44.5,44.46,44.5,5263
2018-07-05 13:50:00-04:00,44.5,44.54,44.49,44.54,20899
2018-07-05 13:55:00-04:00,44.54,44.545,44.525,44.545,7528
2018-07-05 14:00:00-04:00,44.545,44.57,44.48,44.48,11921
2018-07-05 14:05:00-04:00,44.48,44.5,44.45,44.455,3869
2018-07-05 14:10:00-04:00,44.45,44.46,44.4,44.4,5751
2018-07-05 14:15:00-04:00,44.4,44.44,44.4,44.435,5722
2018-07-05 14:20:00-04:00,44.43,44.44,44.41,44.425,2529
2018-07-05 14:25:00-04:00,44.43,44.5,44.43,44.49,4586
2018-07-05 14:30:00-04:00,44.48,44.495,44.465,44.495,3239
2018-07-05 14:35:00-04:00,44.495,44.51,44.475,44.48,2628
2018-07-05 14:40:00-04:00,44.48,44.48,44.455,44.48,4929
2018-07-05 14:45:00-04:00,44.5,44.515,44.48,44.48,2985
2018-07-05 14:50:00-04:00,44.49,44.51,44.47,44.49,5908
2018-07-05 14:55:00-04:00,44.485,44.505,44.48,44.49,5479
2018-07-05 15:00:00-04:00,44.48,44.54,44.48,44.54,8633
2018-07-05 15:05:00-04:00,44.53,44.53,44.485,44.5,4741
2018-07-05 15:10:00-04:00,44.5,44.53,44.485,44.525,5640
2018-07-05 15:15:00-04:00,44.53,44.555,44.515,44.54,9446
2018-07-05 15:20:00-04:00,44.54,44.56,44.5,44.55,9859
2018-07-05 15:25:00-04:00,44.55,44.57,44.55,44.56,15705
2018-07-05 15:30:00-04:00,44.555,44.595,44.555,44.565,11949
2018-07-05 15:35:00-04:00,44.565,44.59,44.555,44.585,15295
2018-07-05 15:40:00-04:00,44.585,44.595,44.58,44.59,17771
2018-07-05 15:45:00-04:00,44.59,44.6,44.575,44.59,16540
2018-07-05 15:50:00-04:00,44.59,44.665,44.585,44.65,28349
2018-07-05 15:55:00-04:00,44.65,44.65,44.61,44.65,70638
2018-07-06 09:30:00-04:00,44.67,44.86,44.66,44.81,8372
2018-07-06 09:35:00-04:00,44.82,44.82,44.745,44.745,10601
2018-07-06 09:40:00-04:00,44.745,44.75,44.67,44.69,4813
2018-07-06 09:45:00-04:00,44.7,44.83,44.7,44.76,14012
2018-07-06 09:50:00-04:00,44.76,44.8,44.74,44.75,13853
2018-07-06 09:55:00-04:00,44.74,44.8,44.74,44.78,6903
2018-07-06 10:00:00-04:00,44.78,44.78,44.735,44.75,8809
2018-07-06 10:05:00-04:00,44.74,44.805,44.71,44.805,8645
2018-07-06 10:10:00-04:00,44.8,44.84,44.78,44.78,10464
2018-07-06 10:15:00-04:00,44.78,44.78,44.74,44.75,4811
2018-07-06 10:20:00-04:00,44.75,44.76,44.73,44.75,3747
2018-07-06 10:25:00-04:00,44.74,44.77,44.74,44.77,3010
2018-07-06 10:30:00-04:00,44.78,44.79,44.76,44.78,2307
2018-07-06 10:35:00-04:00,44.79,44.82,44.78,44.78,3721
2018-07-06 10:40:00-04:00,44.78,44.87,44.78,44.865,8870
2018-07-06 10:45:00-04:00,44.86,44.87,44.84,44.84,11298
2018-07-06 10:50:00-04:00,44.85,44.89,44.85,44.89,5903
2018-07-06 10:55:00-04:00,44.88,44.92,44.84,44.84,7872
2018-07-06 11:00:00-04:00,44.86,44.86,44.83,44.845,5692
2018-07-06 11:05:00-04:00,44.86,44.92,44.86,44.92,6451
2018-07-06 11:10:00-04:00,44.92,44.93,44.91,44.92,6342
2018-07-06 11:15:00-04:00,44.915,44.93,44.875,44.905,7567
2018-07-06 11:20:00-04:00,44.91,44.93,44.875,44.9,4145
2018-07-06 11:25:00-04:00,44.9,44.91,44.86,44.87,3513
2018-07-06 11:30:00-04:00,44.86,44.86,44.835,44.85,3265
2018-07-06 11:35:00-04:00,44.85,44.89,44.83,44.88,3559
2018-07-06 11:40:00-04:00,44.88,44.885,44.86,44.88,2736
2018-07-06 11:45:00-04:00,44.88,44.93,44.88,44.93,6519
2018-07-06 11:50:00-04:00,44.92,44.925,44.89,44.92,1350
2018-07-06 11:55:00-04:00,44.91,44.93,44.88,44.88,1914
2018-07-06 12:00:00-04:00,44.89,44.9,44.86,44.88,5494
2018-07-06 12:05:00-04:00,44.875,44.9,44.87,44.89,1948
2018-07-06 12:10:00-04:00,44.9,44.9,44.87,44.89,2126
2018-07-06 12:15:00-04:00,44.88,44.88,44.85,44.88,1461
2018-07-06 12:20:00-04:00,44.89,44.89,44.86,44.87,2738
2018-07-06 12:25:00-04:00,44.875,44.875,44.855,44.86,2244
2018-07-06 12:30:00-04:00,44.87,44.87,44.81,44.81,2419
2018-07-06 12:35:00-04:00,44.8,44.81,44.78,44.79,2919
2018-07-06 12:40:00-04:00,44.79,44.79,44.765,44.78,3494
2018-07-06 12:45:00-04:00,44.78,44.78,44.755,44.78,6341
2018-07-06 12:50:00-04:00,44.765,44.77,44.755,44.76,2141
2018-07-06 12:55:00-04:00,44.76,44.77,44.76,44.77,3306
2018-07-06 13:00:00-04:00,44.78,44.79,44.77,44.785,2420
2018-07-06 13:05:00-04:00,44.79,44.8,44.77,44.79,2948
2018-07-06 13:10:00-04:00,44.79,44.82,44.78,44.79,5032
2018-07-06 13:15:00-04:00,44.79,44.82,44.79,44.815,2260
2018-07-06 13:20:00-04:00,44.815,44.825,44.8,44.8,2252
2018-07-06 13:25:00-04:00,44.805,44.815,44.8,44.8,3350
2018-07-06 13:30:00-04:00,44.81,44.84,44.81,44.83,6275
2018-07-06 13:35:00-04:00,44.83,44.85,44.83,44.83,3373
2018-07-06 13:40:00-04:00,44.82,44.83,44.775,44.78,2770
2018-07-06 13:45:00-04:00,44.79,44.79,44.76,44.76,2100
2018-07-06 13:50:00-04:00,44.77,44.79,44.765,44.78,2498
2018-07-06 13:55:00-04:00,44.79,44.795,44.785,44.79,1332
2018-07-06 14:00:00-04:00,44.78,44.79,44.765,44.79,2292
2018-07-06 14:05:00-04:00,44.785,44.785,44.77,44.77,1580
2018-07-06 14:10:00-04:00,44.78,44.78,44.765,44.77,1616
2018-07-06 14:15:00-04:00,44.77,44.77,44.76,44.76,2484
2018-07-06 14:20:00-04:00,44.77,44.78,44.765,44.77,4179
2018-07-06 14:25:00-04:00,44.78,44.78,44.75,44.76,3452
2018-07-06 14:30:00-04:00,44.75,44.76,44.75,44.75,505
2018-07-06 14:35:00-04:00,44.76,44.77,44.74,44.74,5069
2018-07-06 14:40:00-04:00,44.74,44.76,44.74,44.74,2027
2018-07-06 14:45:00-04:00,44.74,44.75,44.72,44.725,3283
2018-07-06 14:50:00-04:00,44.72,44.73,44.72,44.72,2438
2018-07-06 14:55:00-04:00,44.73,44.75,44.72,44.73,3178
2018-07-06 15:00:00-04:00,44.72,44.75,44.72,44.75,2945
2018-07-06 15:05:00-04:00,44.76,44.76,44.74,44.75,2230
2018-07-06 15:10:00-04:00,44.75,44.765,44.735,44.76,9487
2018-07-06 15:15:00-04:00,44.76,44.76,44.73,44.73,2490
2018-07-06 15:20:00-04:00,44.74,44.76,44.73,44.76,4918
2018-07-06 15:25:00-04:00,44.77,44.785,44.76,44.76,3567
2018-07-06 15:30:00-04:00,44.76,44.765,44.74,44.75,3405
2018-07-06 15:35:00-04:00,44.75,44.75,44.7,44.71,6496
2018-07-06 15:40:00-04:00,44.705,44.705,44.63,44.63,8626
2018-07-06 15:45:00-04:00,44.605,44.64,44.58,44.59,14247
2018-07-06 15:50:00-04:00,44.59,44.63,44.58,44.61,14034
2018-07-06 15:55:00-04:00,44.62,44.67,44.6,44.635,55628
2018-07-09 09:30:00-04:00,44.49,44.63,44.49,44.63,2672
2018-07-09 09:35:00-04:00,44.64,44.67,44.58,44.67,6429
2018-07-09 09:40:00-04:00,44.7,44.73,44.68,44.71,3753
2018-07-09 09:45:00-04:00,44.71,44.71,44.63,44.63,2733
2018-07-09 09:50:00-04:00,44.64,44.715,44.63,44.715,5587
2018-07-09 09:55:00-04:00,44.7,44.73,44.65,44.65,4335
2018-07-09 10:00:00-04:00,44.69,44.71,44.66,44.67,2046
2018-07-09 10:05:00-04:00,44.67,44.68,44.59,44.6,4780
2018-07-09 10:10:00-04:00,44.595,44.6,44.55,44.59,1669
2018-07-09 10:15:00-04:00,44.595,44.63,44.585,44.63,2836
2018-07-09 10:20:00-04:00,44.63,44.63,44.55,44.55,3127
2018-07-09 10:25:00-04:00,44.56,44.56,44.53,44.54,2282
2018-07-09 10:30:00-04:00,44.57,44.59,44.54,44.54,3337
2018-07-09 10:35:00-04:00,44.54,44.54,44.5,44.52,2289
2018-07-09 10:40:00-04:00,44.52,44.57,44.52,44.57,2322
2018-07-09 10:45:00-04:00,44.58,44.59,44.58,44.59,2208
2018-07-09 10:50:00-04:00,44.58,44.58,44.52,44.53,4187
2018-07-09 10:55:00-04:00,44.54,44.61,44.54,44.605,3032
2018-07-09 11:00:00-04:00,44.61,44.62,44.56,44.57,1925
2018-07-09 11:05:00-04:00,44.58,44.59,44.56,44.57,1976
2018-07-09 11:10:00-04:00,44.58,44.59,44.57,44.59,3967
2018-07-09 11:15:00-04:00,44.6,44.61,44.57,44.57,3084
2018-07-09 11:20:00-04:00,44.575,44.6,44.56,44.58,4118
2018-07-09 11:25:00-04:00,44.57,44.58,44.53,44.56,4558
2018-07-09 11:30:00-04:00,44.56,44.575,44.55,44.575,2103
2018-07-09 11:35:00-04:00,44.58,44.61,44.575,44.605,2762
2018-07-09 11:40:00-04:00,44.61,44.64,44.61,44.63,2078
2018-07-09 11:45:00-04:00,44.64,44.69,44.64,44.69,1783
2018-07-09 11:50:00-04:00,44.69,44.69,44.64,44.64,2198
2018-07-09 11:55:00-04:00,44.64,44.675,44.63,44.66,2608
2018-07-09 12:00:00-04:00,44.65,44.7,44.64,44.69,2661
2018-07-09 12:05:00-04:00,44.69,44.71,44.69,44.695,2300
2018-07-09 12:10:00-04:00,44.705,44.725,44.68,44.68,2073
2018-07-09 12:15:00-04:00,44.69,44.69,44.68,44.68,1661
2018-07-09 12:20:00-04:00,44.67,44.67,44.64,44.665,1974
2018-07-09 12:25:00-04:00,44.66,44.685,44.66,44.67,1771
2018-07-09 12:30:00-04:00,44.66,44.66,44.61,44.655,3644
2018-07-09 12:35:00-04:00,44.655,44.67,44.65,44.66,3436
2018-07-09 12:40:00-04:00,44.65,44.65,44.62,44.63,4717
2018-07-09 12:45:00-04:00,44.625,44.63,44.58,44.58,4241
2018-07-09 12:50:00-04:00,44.59,44.61,44.585,44.61,3052
2018-07-09 12:55:00-04:00,44.605,44.605,44.58,44.58,2568
2018-07-09 13:00:00-04:00,44.58,44.585,44.57,44.575,3169
2018-07-09 13:05:00-04:00,44.575,44.58,44.54,44.54,2703
2018-07-09 13:10:00-04:00,44.54,44.54,44.52,44.53,2423
2018-07-09 13:15:00-04:00,44.52,44.52,44.5,44.5,1933
2018-07-09 13:20:00-04:00,44.5,44.51,44.48,44.485,4020
2018-07-09 13:25:00-04:00,44.49,44.5,44.44,44.45,2489
2018-07-09 13:30:00-04:00,44.45,44.45,44.42,44.43,14758
2018-07-09 13:35:00-04:00,44.42,44.45,44.42,44.45,2982
2018-07-09 13:40:00-04:00,44.45,44.46,44.44,44.45,3432
2018-07-09 13:45:00-04:00,44.45,44.48,44.45,44.46,2487
2018-07-09 13:50:00-04:00,44.475,44.49,44.47,44.49,3011
2018-07-09 13:55:00-04:00,44.47,44.48,44.44,44.45,4186
2018-07-09 14:00:00-04:00,44.455,44.475,44.455,44.465,2364
2018-07-09 14:05:00-04:00,44.465,44.465,44.44,44.44,4296
2018-07-09 14:10:00-04:00,44.45,44.45,44.43,44.43,5329
2018-07-09 14:15:00-04:00,44.42,44.435,44.39,44.4,3830
2018-07-09 14:20:00-04:00,44.41,44.41,44.375,44.38,3305
2018-07-09 14:25:00-04:00,44.375,44.395,44.36,44.36,5358
2018-07-09 14:30:00-04:00,44.37,44.385,44.345,44.345,4015
2018-07-09 14:35:00-04:00,44.34,44.37,44.34,44.365,6191
2018-07-09 14:40:00-04:00,44.38,44.425,44.38,44.425,4675
2018-07-09 14:45:00-04:00,44.42,44.43,44.41,44.41,3623
2018-07-09 14:50:00-04:00,44.42,44.43,44.415,44.425,3958
2018-07-09 14:55:00-04:00,44.43,44.46,44.41,44.445,6831
2018-07-09 15:00:00-04:00,44.44,44.46,44.44,44.45,4618
2018-07-09 15:05:00-04:00,44.445,44.47,44.44,44.47,6118
2018-07-09 15:10:00-04:00,44.46,44.47,44.46,44.46,2877
2018-07-09 15:15:00-04:00,44.465,44.47,44.445,44.46,5703
2018-07-09 15:20:00-04:00,44.46,44.47,44.45,44.46,2885
2018-07-09 15:25:00-04:00,44.46,44.465,44.45,44.455,2973
2018-07-09 15:30:00-04:00,44.46,44.46,44.4,44.41,11828
2018-07-09 15:35:00-04:00,44.41,44.43,44.4,44.425,15542
2018-07-09 15:40:00-04:00,44.42,44.43,44.39,44.42,8358
2018-07-09 15:45:00-04:00,44.42,44.425,44.38,44.395,17903
2018-07-09 15:50:00-04:00,44.39,44.415,44.37,44.415,21952
2018-07-09 15:55:00-04:00,44.41,44.41,44.34,44.41,69554
2018-07-10 09:30:00-04:00,44.59,44.73,44.58,44.7,4816
2018-07-10 09:35:00-04:00,44.68,44.73,44.54,44.54,7616
2018-07-10 09:40:00-04:00,44.56,44.72,44.56,44.72,6060
2018-07-10 09:45:00-04:00,44.73,44.745,44.67,44.735,10938
2018-07-10 09:50:00-04:00,44.74,44.865,44.74,44.825,15674
2018-07-10 09:55:00-04:00,44.82,44.88,44.805,44.805,9857
2018-07-10 10:00:00-04:00,44.81,44.81,44.75,44.805,9386
2018-07-10 10:05:00-04:00,44.81,44.93,44.81,44.905,8862
2018-07-10 10:10:00-04:00,44.9,44.9,44.83,44.87,5083
2018-07-10 10:15:00-04:00,44.87,44.93,44.87,44.92,3299
2018-07-10 10:20:00-04:00,44.93,44.96,44.92,44.95,6509
2018-07-10 10:25:00-04:00,44.94,44.94,44.88,44.895,3266
2018-07-10 10:30:00-04:00,44.88,44.93,44.87,44.93,3445
2018-07-10 10:35:00-04:00,44.95,44.96,44.92,44.94,2175
2018-07-10 10:40:00-04:00,44.93,44.94,44.9,44.92,4934
2018-07-10 10:45:00-04:00,44.94,44.94,44.88,44.88,8113
2018-07-10 10:50:00-04:00,44.87,44.9,44.86,44.88,5590
2018-07-10 10:55:00-04:00,44.875,44.91,44.875,44.905,4044
2018-07-10 11:00:00-04:00,44.91,44.915,44.83,44.835,4629
2018-07-10 11:05:00-04:00,44.83,44.85,44.8,44.805,1918
2018-07-10 11:10:00-04:00,44.79,44.825,44.765,44.765,3121
2018-07-10 11:15:00-04:00,44.77,44.79,44.77,44.79,3293
2018-07-10 11:20:00-04:00,44.79,44.8,44.77,44.79,2902
2018-07-10 11:25:00-04:00,44.78,44.845,44.775,44.84,2617
2018-07-10 11:30:00-04:00,44.84,44.84,44.8,44.815,5257
2018-07-10 11:35:00-04:00,44.85,44.85,44.78,44.78,3154
2018-07-10 11:40:00-04:00,44.785,44.79,44.76,44.78,2648
2018-07-10 11:45:00-04:00,44.79,44.79,44.755,44.755,1532
2018-07-10 11:50:00-04:00,44.74,44.78,44.74,44.78,2704
2018-07-10 11:55:00-04:00,44.78,44.83,44.78,44.83,7031
2018-07-10 12:00:00-04:00,44.84,44.88,44.84,44.87,1775
2018-07-10 12:05:00-04:00,44.88,44.89,44.87,44.87,2102
2018-07-10 12:10:00-04:00,44.86,44.86,44.85,44.86,1949
2018-07-10 12:15:00-04:00,44.855,44.86,44.835,44.85,2245
2018-07-10 12:20:00-04:00,44.855,44.86,44.85,44.86,2529
2018-07-10 12:25:00-04:00,44.84,44.84,44.82,44.84,2000
2018-07-10 12:30:00-04:00,44.85,44.86,44.84,44.84,1887
2018-07-10 12:35:00-04:00,44.84,44.85,44.83,44.85,1929
2018-07-10 12:40:00-04:00,44.84,44.84,44.82,44.83,3844
2018-07-10 12:45:00-04:00,44.84,44.84,44.825,44.83,2781
2018-07-10 12:50:00-04:00,44.84,44.86,44.84,44.845,1744
2018-07-10 12:55:00-04:00,44.84,44.85,44.835,44.84,9303
2018-07-10 13:00:00-04:00,44.86,44.89,44.855,44.86,3431
2018-07-10 13:05:00-04:00,44.88,44.88,44.84,44.845,1701
2018-07-10 13:10:00-04:00,44.82,44.845,44.815,44.84,3970
2018-07-10 13:15:00-04:00,44.85,44.87,44.84,44.87,2734
2018-07-10 13:20:00-04:00,44.865,44.89,44.85,44.85,4271
2018-07-10 13:25:00-04:00,44.85,44.87,44.845,44.865,1775
2018-07-10 13:30:00-04:00,44.865,44.875,44.86,44.865,21261
2018-07-10 13:35:00-04:00,44.86,44.9,44.86,44.9,7641
2018-07-10 13:40:00-04:00,44.9,44.92,44.9,44.9,2683
2018-07-10 13:45:00-04:00,44.9,44.92,44.9,44.91,3243
2018-07-10 13:50:00-04:00,44.91,44.915,44.89,44.89,2297
2018-07-10 13:55:00-04:00,44.885,44.905,44.875,44.875,2906
2018-07-10 14:00:00-04:00,44.87,44.91,44.87,44.91,4937
2018-07-10 14:05:00-04:00,44.91,44.93,44.905,44.905,3571
2018-07-10 14:10:00-04:00,44.905,44.91,44.89,44.89,3258
2018-07-10 14:15:00-04:00,44.895,44.895,44.87,44.87,2879
2018-07-10 14:20:00-04:00,44.88,44.88,44.85,44.85,4484
2018-07-10 14:25:00-04:00,44.85,44.88,44.845,44.865,13344
2018-07-10 14:30:00-04:00,44.87,44.88,44.865,44.87,5268
2018-07-10 14:35:00-04:00,44.88,44.88,44.865,44.88,5581
2018-07-10 14:40:00-04:00,44.89,44.89,44.86,44.86,3160
2018-07-10 14:45:00-04:00,44.86,44.87,44.855,44.865,1122
2018-07-10 14:50:00-04:00,44.86,44.87,44.86,44.87,3490
2018-07-10 14:55:00-04:00,44.87,44.895,44.865,44.89,5796
2018-07-10 15:00:00-04:00,44.9,44.93,44.895,44.93,2823
2018-07-10 15:05:00-04:00,44.92,44.93,44.91,44.915,2138
2018-07-10 15:10:00-04:00,44.915,44.93,44.91,44.93,4520
2018-07-10 15:15:00-04:00,44.93,44.93,44.905,44.905,2170
2018-07-10 15:20:00-04:00,44.9,44.9,44.89,44.895,2201
2018-07-10 15:25:00-04:00,44.89,44.93,44.89,44.93,6108
2018-07-10 15:30:00-04:00,44.935,44.96,44.935,44.95,5884
2018-07-10 15:35:00-04:00,44.955,44.99,44.945,44.99,11643
2018-07-10 15:40:00-04:00,44.98,45.0,44.95,44.95,31818
2018-07-10 15:45:00-04:00,44.935,44.99,44.93,44.99,15218
2018-07-10 15:50:00-04:00,44.99,44.99,44.97,44.99,16675
2018-07-10 15:55:00-04:00,44.98,45.0,44.97,44.97,51182
2018-07-11 09:30:00-04:00,44.98,45.0,44.84,44.96,5758
2018-07-11 09:35:00-04:00,44.965,44.995,44.9,44.9,5328
2018-07-11 09:40:00-04:00,44.91,44.92,44.82,44.85,8446
2018-07-11 09:45:00-04:00,44.84,44.86,44.78,44.78,6502
2018-07-11 09:50:00-04:00,44.79,44.835,44.76,44.77,6793
2018-07-11 09:55:00-04:00,44.77,44.8,44.745,44.745,9535
2018-07-11 10:00:00-04:00,44.745,44.75,44.67,44.7,7556
2018-07-11 10:05:00-04:00,44.7,44.73,44.68,44.73,4932
2018-07-11 10:10:00-04:00,44.735,44.81,44.735,44.8,8290
2018-07-11 10:15:00-04:00,44.8,44.8,44.74,44.74,2851
2018-07-11 10:20:00-04:00,44.74,44.76,44.72,44.74,4610
2018-07-11 10:25:00-04:00,44.73,44.76,44.7,44.72,4101
2018-07-11 10:30:00-04:00,44.71,44.71,44.64,44.66,2963
2018-07-11 10:35:00-04:00,44.66,44.69,44.66,44.68,2621
2018-07-11 10:40:00-04:00,44.69,44.7,44.68,44.68,3923
2018-07-11 10:45:00-04:00,44.685,44.71,44.66,44.71,6051
2018-07-11 10:50:00-04:00,44.71,44.75,44.71,44.73,5903
2018-07-11 10:55:00-04:00,44.73,44.73,44.69,44.7,4046
2018-07-11 11:00:00-04:00,44.7,44.8,44.7,44.8,12138
2018-07-11 11:05:00-04:00,44.8,44.84,44.79,44.81,5934
2018-07-11 11:10:00-04:00,44.81,44.835,44.77,44.79,6040
2018-07-11 11:15:00-04:00,44.78,44.8,44.76,44.77,5625
2018-07-11 11:20:00-04:00,44.78,44.78,44.75,44.77,5211
2018-07-11 11:25:00-04:00,44.77,44.79,44.73,44.74,9519
2018-07-11 11:30:00-04:00,44.73,44.76,44.72,44.75,5614
2018-07-11 11:35:00-04:00,44.75,44.8,44.75,44.785,5933
2018-07-11 11:40:00-04:00,44.79,44.82,44.77,44.78,5045
2018-07-11 11:45:00-04:00,44.78,44.79,44.73,44.79,6374
2018-07-11 11:50:00-04:00,44.79,44.79,44.74,44.745,6127
2018-07-11 11:55:00-04:00,44.74,44.77,44.71,44.71,4547
2018-07-11 12:00:00-04:00,44.7,44.73,44.7,44.725,2963
2018-07-11 12:05:00-04:00,44.725,44.75,44.72,44.72,10086
2018-07-11 12:10:00-04:00,44.72,44.74,44.7,44.73,8239
2018-07-11 12:15:00-04:00,44.73,44.77,44.725,44.73,6684
2018-07-11 12:20:00-04:00,44.735,44.75,44.725,44.735,6596
2018-07-11 12:25:00-04:00,44.735,44.75,44.69,44.71,5324
2018-07-11 12:30:00-04:00,44.72,44.73,44.71,44.71,2722
2018-07-11 12:35:00-04:00,44.71,44.71,44.71,44.71,1162
2018-07-11 12:40:00-04:00,44.71,44.75,44.71,44.75,1440
2018-07-11 12:45:00-04:00,44.75,44.78,44.75,44.76,5265
2018-07-11 12:50:00-04:00,44.77,44.78,44.76,44.78,2616
2018-07-11 12:55:00-04:00,44.78,44.78,44.74,44.74,3023
2018-07-11 13:00:00-04:00,44.745,44.78,44.745,44.75,2928
2018-07-11 13:05:00-04:00,44.75,44.78,44.75,44.76,3150
2018-07-11 13:10:00-04:00,44.76,44.765,44.735,44.765,5503
2018-07-11 13:15:00-04:00,44.76,44.76,44.75,44.76,2833
2018-07-11 13:20:00-04:00,44.765,44.79,44.75,44.76,4918
2018-07-11 13:25:00-04:00,44.77,44.79,44.76,44.77,2918
2018-07-11 13:30:00-04:00,44.77,44.8,44.76,44.79,3497
2018-07-11 13:35:00-04:00,44.79,44.81,44.785,44.81,3083
2018-07-11 13:40:00-04:00,44.805,44.81,44.77,44.79,3105
2018-07-11 13:45:00-04:00,44.79,44.81,44.79,44.81,2034
2018-07-11 13:50:00-04:00,44.81,44.81,44.795,44.81,2863
2018-07-11 13:55:00-04:00,44.81,44.82,44.81,44.82,4508
2018-07-11 14:00:00-04:00,44.82,44.85,44.815,44.845,2161
2018-07-11 14:05:00-04:00,44.86,44.87,44.84,44.85,5714
2018-07-11 14:10:00-04:00,44.84,44.84,44.81,44.825,5997
2018-07-11 14:15:00-04:00,44.83,44.83,44.82,44.82,3478
2018-07-11 14:20:00-04:00,44.82,44.82,44.775,44.8,6608
2018-07-11 14:25:00-04:00,44.795,44.82,44.79,44.81,5948
2018-07-11 14:30:00-04:00,44.815,44.83,44.81,44.83,9719
2018-07-11 14:35:00-04:00,44.82,44.825,44.785,44.815,8432
2018-07-11 14:40:00-04:00,44.82,44.83,44.79,44.81,9870
2018-07-11 14:45:00-04:00,44.81,44.82,44.8,44.82,4285
2018-07-11 14:50:00-04:00,44.81,44.82,44.81,44.82,5299
2018-07-11 14:55:00-04:00,44.815,44.84,44.815,44.84,5709
2018-07-11 15:00:00-04:00,44.85,44.86,44.82,44.83,5294
2018-07-11 15:05:00-04:00,44.84,44.87,44.83,44.84,5191
2018-07-11 15:10:00-04:00,44.84,44.85,44.81,44.82,6485
2018-07-11 15:15:00-04:00,44.82,44.85,44.81,44.85,3406
2018-07-11 15:20:00-04:00,44.85,44.85,44.81,44.83,7942
2018-07-11 15:25:00-04:00,44.82,44.83,44.8,44.81,5076
2018-07-11 15:30:00-04:00,44.81,44.85,44.81,44.85,7698
2018-07-11 15:35:00-04:00,44.85,44.86,44.81,44.82,8521
2018-07-11 15:40:00-04:00,44.81,44.82,44.79,44.81,11877
2018-07-11 15:45:00-04:00,44.805,44.86,44.805,44.86,10784
2018-07-11 15:50:00-04:00,44.85,44.85,44.79,44.8,17022
2018-07-11 15:55:00-04:00,44.81,44.835,44.79,44.81,35255
2018-07-12 09:30:00-04:00,44.88,44.88,44.7,44.7,8882
2018-07-12 09:35:00-04:00,44.68,44.84,44.68,44.82,7975
2018-07-12 09:40:00-04:00,44.82,44.94,44.81,44.92,10058
2018-07-12 09:45:00-04:00,44.91,44.95,44.81,44.81,5683
2018-07-12 09:50:00-04:00,44.79,44.84,44.78,44.8,5120
2018-07-12 09:55:00-04:00,44.78,44.84,44.78,44.84,4467
2018-07-12 10:00:00-04:00,44.84,44.85,44.8,44.81,2532
2018-07-12 10:05:00-04:00,44.81,44.81,44.77,44.77,3663
2018-07-12 10:10:00-04:00,44.77,44.77,44.75,44.76,4148
2018-07-12 10:15:00-04:00,44.77,44.78,44.74,44.78,2698
2018-07-12 10:20:00-04:00,44.78,44.78,44.74,44.76,3685
2018-07-12 10:25:00-04:00,44.76,44.78,44.74,44.775,4013
2018-07-12 10:30:00-04:00,44.78,44.785,44.76,44.77,1266
2018-07-12 10:35:00-04:00,44.78,44.8,44.76,44.77,4823
2018-07-12 10:40:00-04:00,44.77,44.82,44.77,44.81,4346
2018-07-12 10:45:00-04:00,44.795,44.795,44.74,44.745,4236
2018-07-12 10:50:00-04:00,44.77,44.77,44.75,44.77,2510
2018-07-12 10:55:00-04:00,44.75,44.77,44.73,44.77,2639
2018-07-12 11:00:00-04:00,44.77,44.77,44.76,44.76,1652
2018-07-12 11:05:00-04:00,44.78,44.78,44.77,44.77,3383
2018-07-12 11:10:00-04:00,44.78,44.78,44.75,44.75,4482
2018-07-12 11:15:00-04:00,44.765,44.78,44.72,44.72,1611
2018-07-12 11:20:00-04:00,44.72,44.735,44.715,44.73,2382
2018-07-12 11:25:00-04:00,44.725,44.74,44.725,44.725,1543
2018-07-12 11:30:00-04:00,44.71,44.75,44.71,44.75,2015
2018-07-12 11:35:00-04:00,44.75,44.75,44.69,44.71,4837
2018-07-12 11:40:00-04:00,44.72,44.73,44.69,44.7,1349
2018-07-12 11:45:00-04:00,44.69,44.74,44.69,44.74,1567
2018-07-12 11:50:00-04:00,44.73,44.735,44.69,44.69,4670
2018-07-12 11:55:00-04:00,44.68,44.68,44.655,44.655,2862
2018-07-12 12:00:00-04:00,44.66,44.71,44.66,44.71,2709
2018-07-12 12:05:00-04:00,44.72,44.73,44.71,44.71,1339
2018-07-12 12:10:00-04:00,44.71,44.75,44.705,44.74,3176
2018-07-12 12:15:00-04:00,44.74,44.75,44.74,44.75,1106
2018-07-12 12:20:00-04:00,44.76,44.77,44.755,44.77,1964
2018-07-12 12:25:00-04:00,44.76,44.76,44.71,44.71,1866
2018-07-12 12:30:00-04:00,44.71,44.71,44.67,44.67,2116
2018-07-12 12:35:00-04:00,44.66,44.7,44.66,44.69,1900
2018-07-12 12:40:00-04:00,44.67,44.67,44.605,44.61,3845
2018-07-12 12:45:00-04:00,44.62,44.62,44.6,44.6,3093
2018-07-12 12:50:00-04:00,44.61,44.65,44.61,44.65,2646
2018-07-12 12:55:00-04:00,44.65,44.69,44.65,44.655,1677
2018-07-12 13:00:00-04:00,44.655,44.675,44.65,44.675,16113
2018-07-12 13:05:00-04:00,44.68,44.695,44.675,44.675,2796
2018-07-12 13:10:00-04:00,44.685,44.685,44.67,44.67,611
2018-07-12 13:15:00-04:00,44.67,44.67,44.62,44.625,3705
2018-07-12 13:20:00-04:00,44.61,44.61,44.59,44.6,2713
2018-07-12 13:25:00-04:00,44.61,44.62,44.585,44.62,10764
2018-07-12 13:30:00-04:00,44.615,44.62,44.59,44.59,3221
2018-07-12 13:35:00-04:00,44.59,44.59,44.56,44.57,6980
2018-07-12 13:40:00-04:00,44.585,44.585,44.565,44.57,3404
2018-07-12 13:45:00-04:00,44.58,44.58,44.55,44.56,3756
2018-07-12 13:50:00-04:00,44.56,44.57,44.545,44.545,11555
2018-07-12 13:55:00-04:00,44.545,44.57,44.535,44.56,2803
2018-07-12 14:00:00-04:00,44.55,44.55,44.52,44.52,1505
2018-07-12 14:05:00-04:00,44.52,44.55,44.52,44.55,1635
2018-07-12 14:10:00-04:00,44.55,44.55,44.52,44.52,776
2018-07-12 14:15:00-04:00,44.56,44.56,44.52,44.53,4219
2018-07-12 14:20:00-04:00,44.52,44.52,44.49,44.5,6368
2018-07-12 14:25:00-04:00,44.5,44.51,44.5,44.51,902
2018-07-12 14:30:00-04:00,44.5,44.52,44.5,44.52,1965
2018-07-12 14:35:00-04:00,44.53,44.53,44.5,44.52,1460
2018-07-12 14:40:00-04:00,44.515,44.525,44.515,44.52,1237
2018-07-12 14:45:00-04:00,44.525,44.54,44.52,44.53,2450
2018-07-12 14:50:00-04:00,44.54,44.56,44.535,44.555,2117
2018-07-12 14:55:00-04:00,44.55,44.56,44.53,44.53,2784
2018-07-12 15:00:00-04:00,44.535,44.535,44.53,44.53,1870
2018-07-12 15:05:00-04:00,44.525,44.54,44.52,44.525,4947
2018-07-12 15:10:00-04:00,44.525,44.55,44.51,44.53,7785
2018-07-12 15:15:00-04:00,44.535,44.58,44.535,44.575,8261
2018-07-12 15:20:00-04:00,44.57,44.58,44.51,44.51,3366
2018-07-12 15:25:00-04:00,44.53,44.58,44.53,44.57,2798
2018-07-12 15:30:00-04:00,44.59,44.595,44.57,44.57,4145
2018-07-12 15:35:00-04:00,44.56,44.61,44.56,44.6,5234
2018-07-12 15:40:00-04:00,44.6,44.605,44.57,44.6,8666
2018-07-12 15:45:00-04:00,44.595,44.61,44.58,44.61,7117
2018-07-12 15:50:00-04:00,44.6,44.61,44.58,44.61,8955
2018-07-12 15:55:00-04:00,44.61,44.68,44.61,44.67,49644
2018-07-13 09:30:00-04:00,44.6,44.69,44.56,44.6,3035
2018-07-13 09:35:00-04:00,44.59,44.62,44.59,44.6,3429
2018-07-13 09:40:00-04:00,44.59,44.61,44.58,44.59,5360
2018-07-13 09:45:00-04:00,44.58,44.65,44.57,44.62,6700
2018-07-13 09:50:00-04:00,44.62,44.68,44.6,44.68,6642
2018-07-13 09:55:00-04:00,44.68,44.7,44.6,44.6,3128
2018-07-13 10:00:00-04:00,44.6,44.6,44.56,44.56,2481
2018-07-13 10:05:00-04:00,44.57,44.58,44.54,44.54,3145
2018-07-13 10:10:00-04:00,44.535,44.55,44.5,44.52,1866
2018-07-13 10:15:00-04:00,44.51,44.525,44.51,44.51,1975
2018-07-13 10:20:00-04:00,44.5,44.51,44.47,44.48,2285
2018-07-13 10:25:00-04:00,44.49,44.535,44.49,44.535,1153
2018-07-13 10:30:00-04:00,44.55,44.62,44.55,44.61,981
2018-07-13 10:35:00-04:00,44.62,44.62,44.59,44.61,1013
2018-07-13 10:40:00-04:00,44.62,44.66,44.62,44.64,2022
2018-07-13 10:45:00-04:00,44.65,44.66,44.625,44.66,2191
2018-07-13 10:50:00-04:00,44.65,44.65,44.615,44.615,1034
2018-07-13 10:55:00-04:00,44.61,44.64,44.61,44.64,3238
2018-07-13 11:00:00-04:00,44.65,44.705,44.65,44.675,4261
2018-07-13 11:05:00-04:00,44.67,44.69,44.66,44.66,4332
2018-07-13 11:10:00-04:00,44.66,44.66,44.64,44.65,5246
2018-07-13 11:15:00-04:00,44.655,44.67,44.64,44.64,3407
2018-07-13 11:20:00-04:00,44.65,44.66,44.65,44.655,4434
2018-07-13 11:25:00-04:00,44.65,44.66,44.65,44.65,3966
2018-07-13 11:30:00-04:00,44.66,44.68,44.66,44.68,2228
2018-07-13 11:35:00-04:00,44.68,44.72,44.68,44.72,4905
2018-07-13 11:40:00-04:00,44.72,44.72,44.64,44.67,3074
2018-07-13 11:45:00-04:00,44.69,44.71,44.675,44.69,2621
2018-07-13 11:50:00-04:00,44.68,44.68,44.67,44.68,1307
2018-07-13 11:55:00-04:00,44.67,44.67,44.66,44.66,3011
2018-07-13 12:00:00-04:00,44.66,44.68,44.645,44.645,2397
2018-07-13 12:05:00-04:00,44.65,44.66,44.65,44.65,727
2018-07-13 12:10:00-04:00,44.655,44.66,44.64,44.64,3351
2018-07-13 12:15:00-04:00,44.64,44.64,44.63,44.63,2860
2018-07-13 12:20:00-04:00,44.63,44.66,44.63,44.65,3775
2018-07-13 12:25:00-04:00,44.67,44.67,44.65,44.67,1065
2018-07-13 12:30:00-04:00,44.68,44.69,44.67,44.67,2072
2018-07-13 12:35:00-04:00,44.67,44.67,44.64,44.64,1515
2018-07-13 12:40:00-04:00,44.65,44.65,44.63,44.65,2641
2018-07-13 12:45:00-04:00,44.65,44.69,44.65,44.685,1348
2018-07-13 12:50:00-04:00,44.68,44.7,44.68,44.695,1890
2018-07-13 12:55:00-04:00,44.695,44.725,44.69,44.72,5251
2018-07-13 13:00:00-04:00,44.72,44.73,44.7,44.705,3121
2018-07-13 13:05:00-04:00,44.7,44.705,44.685,44.69,3663
2018-07-13 13:10:00-04:00,44.69,44.69,44.69,44.69,1273
2018-07-13 13:15:00-04:00,44.69,44.69,44.675,44.68,1664
2018-07-13 13:20:00-04:00,44.68,44.68,44.665,44.67,1607
2018-07-13 13:25:00-04:00,44.665,44.68,44.665,44.67,2830
2018-07-13 13:30:00-04:00,44.68,44.69,44.66,44.66,3664
2018-07-13 13:35:00-04:00,44.66,44.67,44.66,44.67,1055
2018-07-13 13:40:00-04:00,44.66,44.67,44.64,44.66,4289
2018-07-13 13:45:00-04:00,44.665,44.665,44.655,44.66,1402
2018-07-13 13:50:00-04:00,44.65,44.65,44.64,44.645,1990
2018-07-13 13:55:00-04:00,44.65,44.67,44.64,44.67,3004
2018-07-13 14:00:00-04:00,44.66,44.66,44.64,44.64,2340
2018-07-13 14:05:00-04:00,44.64,44.66,44.63,44.655,2341
2018-07-13 14:10:00-04:00,44.66,44.67,44.66,44.66,2949
2018-07-13 14:15:00-04:00,44.66,44.67,44.66,44.665,3372
2018-07-13 14:20:00-04:00,44.66,44.67,44.66,44.67,5017
2018-07-13 14:25:00-04:00,44.68,44.69,44.67,44.68,4759
2018-07-13 14:30:00-04:00,44.68,44.7,44.67,44.7,5253
2018-07-13 14:35:00-04:00,44.7,44.7,44.69,44.69,3622
2018-07-13 14:40:00-04:00,44.7,44.7,44.655,44.66,3231
2018-07-13 14:45:00-04:00,44.66,44.66,44.64,44.64,1410
2018-07-13 14:50:00-04:00,44.65,44.68,44.645,44.67,5291
2018-07-13 14:55:00-04:00,44.67,44.7,44.67,44.7,3904
2018-07-13 15:00:00-04:00,44.7,44.71,44.69,44.705,2119
2018-07-13 15:05:00-04:00,44.7,44.72,44.7,44.72,3383
2018-07-13 15:10:00-04:00,44.72,44.73,44.72,44.73,2104
2018-07-13 15:15:00-04:00,44.73,44.73,44.7,44.7,5163
2018-07-13 15:20:00-04:00,44.71,44.715,44.705,44.71,1426
2018-07-13 15:25:00-04:00,44.7,44.74,44.7,44.735,2951
2018-07-13 15:30:00-04:00,44.73,44.76,44.72,44.76,5636
2018-07-13 15:35:00-04:00,44.77,44.78,44.77,44.78,1974
2018-07-13 15:40:00-04:00,44.77,44.77,44.74,44.75,8880
2018-07-13 15:45:00-04:00,44.75,44.75,44.71,44.71,10697
2018-07-13 15:50:00-04:00,44.715,44.72,44.68,44.69,11614
2018-07-13 15:55:00-04:00,44.71,44.75,44.69,44.74,25763
2018-07-16 09:30:00-04:00,44.74,44.75,44.54,44.54,3176
2018-07-16 09:35:00-04:00,44.58,44.69,44.58,44.69,4823
2018-07-16 09:40:00-04:00,44.71,44.72,44.67,44.7,2402
2018-07-16 09:45:00-04:00,44.705,44.705,44.595,44.595,2660
2018-07-16 09:50:00-04:00,44.585,44.675,44.58,44.655,8958
2018-07-16 09:55:00-04:00,44.63,44.63,44.59,44.6,1042
2018-07-16 10:00:00-04:00,44.61,44.62,44.59,44.59,767
2018-07-16 10:05:00-04:00,44.57,44.59,44.54,44.54,6935
2018-07-16 10:10:00-04:00,44.56,44.6,44.56,44.6,1126
2018-07-16 10:15:00-04:00,44.56,44.58,44.56,44.58,700
2018-07-16 10:20:00-04:00,44.6,44.62,44.595,44.62,1550
2018-07-16 10:25:00-04:00,44.63,44.63,44.595,44.61,1448
2018-07-16 10:30:00-04:00,44.59,44.64,44.59,44.64,2200
2018-07-16 10:35:00-04:00,44.64,44.68,44.64,44.655,2360
2018-07-16 10:40:00-04:00,44.65,44.715,44.65,44.71,1589
2018-07-16 10:45:00-04:00,44.7,44.715,44.7,44.705,750
2018-07-16 10:50:00-04:00,44.715,44.745,44.715,44.74,3339
2018-07-16 10:55:00-04:00,44.74,44.79,44.74,44.745,4770
2018-07-16 11:00:00-04:00,44.74,44.785,44.74,44.74,4418
2018-07-16 11:05:00-04:00,44.75,44.795,44.75,44.76,4572
2018-07-16 11:10:00-04:00,44.77,44.77,44.69,44.69,2120
2018-07-16 11:15:00-04:00,44.69,44.73,44.69,44.73,2308
2018-07-16 11:20:00-04:00,44.725,44.735,44.72,44.72,1902
2018-07-16 11:25:00-04:00,44.695,44.715,44.695,44.715,4322
2018-07-16 11:30:00-04:00,44.71,44.72,44.71,44.72,2122
2018-07-16 11:35:00-04:00,44.71,44.725,44.705,44.705,6233
2018-07-16 11:40:00-04:00,44.705,44.715,44.69,44.695,8589
2018-07-16 11:45:00-04:00,44.695,44.695,44.63,44.63,9263
2018-07-16 11:50:00-04:00,44.63,44.655,44.62,44.65,1947
2018-07-16 11:55:00-04:00,44.645,44.69,44.645,44.69,900
2018-07-16 12:00:00-04:00,44.695,44.72,44.695,44.71,910
2018-07-16 12:05:00-04:00,44.69,44.7,44.68,44.68,1557
2018-07-16 12:10:00-04:00,44.675,44.685,44.67,44.675,22183
2018-07-16 12:15:00-04:00,44.685,44.7,44.67,44.7,3224
2018-07-16 12:20:00-04:00,44.7,44.75,44.7,44.75,7091
2018-07-16 12:25:00-04:00,44.745,44.75,44.735,44.745,4513
2018-07-16 12:30:00-04:00,44.75,44.755,44.74,44.75,1720
2018-07-16 12:35:00-04:00,44.74,44.75,44.73,44.745,1660
2018-07-16 12:40:00-04:00,44.75,44.755,44.73,44.735,1745
2018-07-16 12:45:00-04:00,44.745,44.785,44.745,44.785,2247
2018-07-16 12:50:00-04:00,44.785,44.79,44.775,44.785,6752
2018-07-16 12:55:00-04:00,44.785,44.795,44.77,44.78,14300
2018-07-16 13:00:00-04:00,44.78,44.78,44.75,44.75,12053
2018-07-16 13:05:00-04:00,44.75,44.75,44.745,44.75,705
2018-07-16 13:10:00-04:00,44.76,44.77,44.76,44.76,1113
2018-07-16 13:15:00-04:00,44.75,44.76,44.74,44.745,721
2018-07-16 13:20:00-04:00,44.745,44.765,44.72,44.735,2650
2018-07-16 13:25:00-04:00,44.74,44.755,44.73,44.755,2735
2018-07-16 13:30:00-04:00,44.74,44.74,44.71,44.72,17054
2018-07-16 13:35:00-04:00,44.7,44.7,44.66,44.66,2031
2018-07-16 13:40:00-04:00,44.665,44.665,44.65,44.65,1259
2018-07-16 13:45:00-04:00,44.66,44.66,44.64,44.65,5055
2018-07-16 13:50:00-04:00,44.655,44.71,44.655,44.695,2448
2018-07-16 13:55:00-04:00,44.7,44.7,44.67,44.69,23978
2018-07-16 14:00:00-04:00,44.69,44.7,44.68,44.68,2018
2018-07-16 14:05:00-04:00,44.685,44.7,44.68,44.7,1846
2018-07-16 14:10:00-04:00,44.705,44.715,44.68,44.685,2402
2018-07-16 14:15:00-04:00,44.7,44.715,44.69,44.71,8279
2018-07-16 14:20:00-04:00,44.71,44.73,44.68,44.68,5932
2018-07-16 14:25:00-04:00,44.69,44.695,44.68,44.685,4652
2018-07-16 14:30:00-04:00,44.685,44.69,44.67,44.68,4501
2018-07-16 14:35:00-04:00,44.68,44.7,44.67,44.68,6661
2018-07-16 14:40:00-04:00,44.68,44.685,44.65,44.655,5927
2018-07-16 14:45:00-04:00,44.65,44.655,44.62,44.655,4195
2018-07-16 14:50:00-04:00,44.655,44.685,44.65,44.685,2046
2018-07-16 14:55:00-04:00,44.68,44.69,44.66,44.685,2624
2018-07-16 15:00:00-04:00,44.69,44.7,44.68,44.68,3456
2018-07-16 15:05:00-04:00,44.67,44.71,44.67,44.705,8179
2018-07-16 15:10:00-04:00,44.705,44.74,44.705,44.735,18621
2018-07-16 15:15:00-04:00,44.735,44.74,44.72,44.72,2821
2018-07-16 15:20:00-04:00,44.72,44.74,44.72,44.725,2448
2018-07-16 15:25:00-04:00,44.72,44.72,44.68,44.695,2933
2018-07-16 15:30:00-04:00,44.7,44.725,44.7,44.725,4989
2018-07-16 15:35:00-04:00,44.725,44.74,44.715,44.74,5869
2018-07-16 15:40:00-04:00,44.74,44.75,44.71,44.71,12018
2018-07-16 15:45:00-04:00,44.71,44.71,44.67,44.685,8802
2018-07-16 15:50:00-04:00,44.685,44.73,44.675,44.725,12417
2018-07-16 15:55:00-04:00,44.72,44.76,44.7,44.72,33746
2018-07-17 09:30:00-04:00,44.79,44.93,44.75,44.8,3155
2018-07-17 09:35:00-04:00,44.81,44.82,44.7,44.75,2577
2018-07-17 09:40:00-04:00,44.75,44.81,44.74,44.74,2353
2018-07-17 09:45:00-04:00,44.745,44.755,44.7,44.725,4657
2018-07-17 09:50:00-04:00,44.715,44.79,44.68,44.77,7153
2018-07-17 09:55:00-04:00,44.77,44.85,44.77,44.82,4212
2018-07-17 10:00:00-04:00,44.81,44.9,44.81,44.86,3945
2018-07-17 10:05:00-04:00,44.86,44.86,44.78,44.78,5392
2018-07-17 10:10:00-04:00,44.77,44.81,44.77,44.805,2888
2018-07-17 10:15:00-04:00,44.82,44.85,44.82,44.84,4631
2018-07-17 10:20:00-04:00,44.84,44.89,44.84,44.85,5000
2018-07-17 10:25:00-04:00,44.85,44.885,44.85,44.85,3096
2018-07-17 10:30:00-04:00,44.84,44.89,44.835,44.88,5595
2018-07-17 10:35:00-04:00,44.88,44.93,44.88,44.905,7285
2018-07-17 10:40:00-04:00,44.905,44.905,44.88,44.88,2805
2018-07-17 10:45:00-04:00,44.875,44.88,44.85,44.87,5440
2018-07-17 10:50:00-04:00,44.88,44.95,44.875,44.95,5589
2018-07-17 10:55:00-04:00,44.97,45.0,44.97,44.99,4652
2018-07-17 11:00:00-04:00,44.99,45.0,44.985,44.99,4142
2018-07-17 11:05:00-04:00,44.985,45.0,44.985,44.99,3668
2018-07-17 11:10:00-04:00,44.99,44.99,44.98,44.99,2497
2018-07-17 11:15:00-04:00,44.985,44.995,44.98,44.98,24212
2018-07-17 11:20:00-04:00,44.99,45.0,44.99,44.995,7883
2018-07-17 11:25:00-04:00,45.0,45.0,44.97,45.0,6636
2018-07-17 11:30:00-04:00,45.0,45.06,45.0,45.055,10423
2018-07-17 11:35:00-04:00,45.05,45.06,45.01,45.01,4300
2018-07-17 11:40:00-04:00,45.02,45.06,45.02,45.06,2297
2018-07-17 11:45:00-04:00,45.075,45.15,45.075,45.135,3926
2018-07-17 11:50:00-04:00,45.135,45.215,45.135,45.2,8603
2018-07-17 11:55:00-04:00,45.2,45.31,45.2,45.305,18311
2018-07-17 12:00:00-04:00,45.3,45.35,45.27,45.31,12720
2018-07-17 12:05:00-04:00,45.31,45.335,45.3,45.31,14452
2018-07-17 12:10:00-04:00,45.31,45.32,45.3,45.305,5307
2018-07-17 12:15:00-04:00,45.3,45.34,45.29,45.34,9681
2018-07-17 12:20:00-04:00,45.34,45.385,45.33,45.37,5909
2018-07-17 12:25:00-04:00,45.365,45.39,45.34,45.34,6149
2018-07-17 12:30:00-04:00,45.36,45.36,45.32,45.32,2793
2018-07-17 12:35:00-04:00,45.32,45.33,45.3,45.3,2939
2018-07-17 12:40:00-04:00,45.31,45.31,45.25,45.25,2554
2018-07-17 12:45:00-04:00,45.24,45.25,45.24,45.24,3925
2018-07-17 12:50:00-04:00,45.24,45.26,45.24,45.25,5797
2018-07-17 12:55:00-04:00,45.25,45.25,45.24,45.25,2584
2018-07-17 13:00:00-04:00,45.26,45.29,45.255,45.27,3825
2018-07-17 13:05:00-04:00,45.27,45.27,45.265,45.27,1103
2018-07-17 13:10:00-04:00,45.265,45.27,45.265,45.27,2656
2018-07-17 13:15:00-04:00,45.27,45.27,45.24,45.24,2246
2018-07-17 13:20:00-04:00,45.24,45.24,45.19,45.19,2155
2018-07-17 13:25:00-04:00,45.185,45.25,45.185,45.235,4646
2018-07-17 13:30:00-04:00,45.25,45.26,45.25,45.255,4991
2018-07-17 13:35:00-04:00,45.255,45.275,45.25,45.25,2487
2018-07-17 13:40:00-04:00,45.255,45.26,45.245,45.25,1462
2018-07-17 13:45:00-04:00,45.25,45.295,45.25,45.295,2140
2018-07-17 13:50:00-04:00,45.29,45.31,45.29,45.3,7846
2018-07-17 13:55:00-04:00,45.3,45.305,45.295,45.305,946
2018-07-17 14:00:00-04:00,45.31,45.31,45.28,45.285,2464
2018-07-17 14:05:00-04:00,45.29,45.31,45.285,45.31,2785
2018-07-17 14:10:00-04:00,45.305,45.33,45.3,45.325,4913
2018-07-17 14:15:00-04:00,45.325,45.33,45.31,45.31,1631
2018-07-17 14:20:00-04:00,45.3,45.32,45.285,45.285,4239
2018-07-17 14:25:00-04:00,45.28,45.29,45.28,45.28,1414
2018-07-17 14:30:00-04:00,45.275,45.29,45.27,45.29,1922
2018-07-17 14:35:00-04:00,45.29,45.3,45.29,45.29,1888
2018-07-17 14:40:00-04:00,45.29,45.31,45.285,45.31,2004
2018-07-17 14:45:00-04:00,45.31,45.33,45.31,45.33,2083
2018-07-17 14:50:00-04:00,45.335,45.335,45.31,45.32,3663
2018-07-17 14:55:00-04:00,45.31,45.31,45.265,45.275,2959
2018-07-17 15:00:00-04:00,45.27,45.29,45.26,45.29,4459
2018-07-17 15:05:00-04:00,45.29,45.3,45.285,45.295,4796
2018-07-17 15:10:00-04:00,45.3,45.32,45.295,45.31,5211
2018-07-17 15:15:00-04:00,45.305,45.315,45.295,45.295,5613
2018-07-17 15:20:00-04:00,45.31,45.32,45.3,45.315,6848
2018-07-17 15:25:00-04:00,45.31,45.325,45.295,45.32,10760
2018-07-17 15:30:00-04:00,45.33,45.355,45.325,45.35,12800
2018-07-17 15:35:00-04:00,45.345,45.355,45.33,45.33,8586
2018-07-17 15:40:00-04:00,45.33,45.34,45.325,45.335,8045
2018-07-17 15:45:00-04:00,45.335,45.34,45.28,45.285,24103
2018-07-17 15:50:00-04:00,45.28,45.32,45.265,45.3,26885
2018-07-17 15:55:00-04:00,45.305,45.32,45.25,45.265,57571
2018-07-18 09:30:00-04:00,45.2,45.2,45.05,45.16,2919
2018-07-18 09:35:00-04:00,45.18,45.23,45.16,45.21,3921
2018-07-18 09:40:00-04:00,45.22,45.28,45.2,45.26,5673
2018-07-18 09:45:00-04:00,45.26,45.27,45.18,45.18,5920
2018-07-18 09:50:00-04:00,45.175,45.185,45.125,45.145,8455
2018-07-18 09:55:00-04:00,45.15,45.175,45.13,45.14,8001
2018-07-18 10:00:00-04:00,45.13,45.13,45.08,45.12,4868
2018-07-18 10:05:00-04:00,45.12,45.12,45.01,45.01,8845
2018-07-18 10:10:00-04:00,45.03,45.035,44.98,45.02,4551
2018-07-18 10:15:00-04:00,45.02,45.05,45.02,45.05,4534
2018-07-18 10:20:00-04:00,45.03,45.095,45.02,45.095,6293
2018-07-18 10:25:00-04:00,45.08,45.085,45.04,45.05,3713
2018-07-18 10:30:00-04:00,45.05,45.09,45.05,45.07,4056
2018-07-18 10:35:00-04:00,45.08,45.08,45.04,45.04,2900
2018-07-18 10:40:00-04:00,45.03,45.05,44.98,44.985,6277
2018-07-18 10:45:00-04:00,44.98,44.98,44.9,44.9,10519
2018-07-18 10:50:00-04:00,44.9,44.91,44.89,44.9,3900
2018-07-18 10:55:00-04:00,44.89,44.9,44.87,44.87,2711
2018-07-18 11:00:00-04:00,44.875,44.895,44.85,44.895,3701
2018-07-18 11:05:00-04:00,44.9,44.92,44.88,44.89,3764
2018-07-18 11:10:00-04:00,44.9,44.92,44.89,44.9,4565
2018-07-18 11:15:00-04:00,44.9,44.92,44.89,44.91,4195
2018-07-18 11:20:00-04:00,44.91,44.93,44.895,44.93,4101
2018-07-18 11:25:00-04:00,44.925,44.965,44.91,44.95,4002
2018-07-18 11:30:00-04:00,44.945,44.97,44.94,44.95,4598
2018-07-18 11:35:00-04:00,44.96,44.96,44.92,44.93,5363
2018-07-18 11:40:00-04:00,44.93,44.95,44.92,44.94,3854
2018-07-18 11:45:00-04:00,44.94,44.96,44.93,44.96,3721
2018-07-18 11:50:00-04:00,44.96,44.99,44.96,44.99,2663
2018-07-18 11:55:00-04:00,44.99,45.01,44.985,45.0,5962
2018-07-18 12:00:00-04:00,44.99,45.03,44.97,45.03,3217
2018-07-18 12:05:00-04:00,45.05,45.05,45.02,45.02,2071
2018-07-18 12:10:00-04:00,45.02,45.02,44.98,44.98,3968
2018-07-18 12:15:00-04:00,44.99,45.01,44.98,45.01,2920
2018-07-18 12:20:00-04:00,45.01,45.02,44.98,45.0,3760
2018-07-18 12:25:00-04:00,45.0,45.02,45.0,45.01,3999
2018-07-18 12:30:00-04:00,45.02,45.035,45.0,45.03,4176
2018-07-18 12:35:00-04:00,45.03,45.05,45.03,45.04,4234
2018-07-18 12:40:00-04:00,45.04,45.09,45.04,45.09,1504
2018-07-18 12:45:00-04:00,45.09,45.09,45.07,45.08,4144
2018-07-18 12:50:00-04:00,45.08,45.085,45.07,45.08,4563
2018-07-18 12:55:00-04:00,45.075,45.1,45.07,45.07,4033
2018-07-18 13:00:00-04:00,45.07,45.07,45.07,45.07,1823
2018-07-18 13:05:00-04:00,45.07,45.08,45.07,45.08,3306
2018-07-18 13:10:00-04:00,45.09,45.11,45.09,45.11,2325
2018-07-18 13:15:00-04:00,45.13,45.16,45.13,45.15,4210
2018-07-18 13:20:00-04:00,45.15,45.15,45.11,45.12,2837
2018-07-18 13:25:00-04:00,45.12,45.13,45.11,45.13,8138
2018-07-18 13:30:00-04:00,45.12,45.15,45.12,45.15,2457
2018-07-18 13:35:00-04:00,45.15,45.15,45.14,45.145,4515
2018-07-18 13:40:00-04:00,45.14,45.14,45.11,45.14,6812
2018-07-18 13:45:00-04:00,45.14,45.15,45.115,45.115,1799
2018-07-18 13:50:00-04:00,45.12,45.13,45.11,45.11,2478
2018-07-18 13:55:00-04:00,45.11,45.15,45.105,45.15,4236
2018-07-18 14:00:00-04:00,45.145,45.15,45.12,45.12,2248
2018-07-18 14:05:00-04:00,45.12,45.13,45.1,45.13,4057
2018-07-18 14:10:00-04:00,45.13,45.14,45.095,45.105,5569
2018-07-18 14:15:00-04:00,45.11,45.135,45.11,45.12,1855
2018-07-18 14:20:00-04:00,45.125,45.14,45.12,45.12,2326
2018-07-18 14:25:00-04:00,45.12,45.14,45.115,45.14,3120
2018-07-18 14:30:00-04:00,45.14,45.155,45.125,45.125,6166
2018-07-18 14:35:00-04:00,45.125,45.14,45.125,45.135,2418
2018-07-18 14:40:00-04:00,45.135,45.155,45.13,45.14,5492
2018-07-18 14:45:00-04:00,45.14,45.165,45.14,45.165,4355
2018-07-18 14:50:00-04:00,45.165,45.165,45.125,45.13,3831
2018-07-18 14:55:00-04:00,45.125,45.135,45.08,45.08,6652
2018-07-18 15:00:00-04:00,45.06,45.07,45.06,45.07,2135
2018-07-18 15:05:00-04:00,45.08,45.08,45.07,45.075,2389
2018-07-18 15:10:00-04:00,45.08,45.1,45.05,45.06,4395
2018-07-18 15:15:00-04:00,45.06,45.09,45.06,45.09,2441
2018-07-18 15:20:00-04:00,45.085,45.1,45.075,45.1,4853
2018-07-18 15:25:00-04:00,45.095,45.12,45.095,45.11,2994
2018-07-18 15:30:00-04:00,45.11,45.11,45.09,45.1,9626
2018-07-18 15:35:00-04:00,45.11,45.13,45.1,45.125,8813
2018-07-18 15:40:00-04:00,45.12,45.125,45.09,45.095,9999
2018-07-18 15:45:00-04:00,45.095,45.13,45.095,45.12,13105
2018-07-18 15:50:00-04:00,45.11,45.145,45.11,45.14,20484
2018-07-18 15:55:00-04:00,45.135,45.14,45.11,45.115,44710
2018-07-19 09:30:00-04:00,44.99,45.1,44.99,45.08,6228
2018-07-19 09:35:00-04:00,45.08,45.14,45.08,45.1,4476
2018-07-19 09:40:00-04:00,45.08,45.11,45.07,45.1,3336
2018-07-19 09:45:00-04:00,45.12,45.12,45.08,45.085,3256
2018-07-19 09:50:00-04:00,45.09,45.17,45.07,45.16,2631
2018-07-19 09:55:00-04:00,45.18,45.18,45.14,45.17,2076
2018-07-19 10:00:00-04:00,45.19,45.24,45.19,45.205,865
2018-07-19 10:05:00-04:00,45.22,45.31,45.22,45.29,3079
2018-07-19 10:10:00-04:00,45.26,45.28,45.18,45.18,4115
2018-07-19 10:15:00-04:00,45.21,45.21,45.155,45.16,1927
2018-07-19 10:20:00-04:00,45.15,45.2,45.11,45.2,7209
2018-07-19 10:25:00-04:00,45.195,45.23,45.19,45.23,3128
2018-07-19 10:30:00-04:00,45.21,45.22,45.18,45.19,3261
2018-07-19 10:35:00-04:00,45.2,45.23,45.19,45.19,3123
2018-07-19 10:40:00-04:00,45.21,45.22,45.16,45.2,4775
2018-07-19 10:45:00-04:00,45.18,45.23,45.18,45.23,5603
2018-07-19 10:50:00-04:00,45.235,45.285,45.23,45.285,5010
2018-07-19 10:55:00-04:00,45.28,45.285,45.25,45.25,8922
2018-07-19 11:00:00-04:00,45.25,45.27,45.235,45.245,5045
2018-07-19 11:05:00-04:00,45.25,45.3,45.23,45.3,3309
2018-07-19 11:10:00-04:00,45.31,45.395,45.3,45.39,5367
2018-07-19 11:15:00-04:00,45.38,45.39,45.33,45.34,3409
2018-07-19 11:20:00-04:00,45.325,45.335,45.3,45.32,3711
2018-07-19 11:25:00-04:00,45.31,45.32,45.28,45.28,1650
2018-07-19 11:30:00-04:00,45.295,45.31,45.26,45.3,20643
2018-07-19 11:35:00-04:00,45.32,45.36,45.31,45.36,2515
2018-07-19 11:40:00-04:00,45.365,45.41,45.36,45.4,3942
2018-07-19 11:45:00-04:00,45.395,45.43,45.39,45.4,5300
2018-07-19 11:50:00-04:00,45.4,45.41,45.39,45.41,3759
2018-07-19 11:55:00-04:00,45.41,45.41,45.35,45.37,6383
2018-07-19 12:00:00-04:00,45.39,45.39,45.36,45.38,1658
2018-07-19 12:05:00-04:00,45.38,45.4,45.37,45.37,3829
2018-07-19 12:10:00-04:00,45.35,45.36,45.34,45.36,3099
2018-07-19 12:15:00-04:00,45.365,45.37,45.33,45.355,2965
2018-07-19 12:20:00-04:00,45.36,45.395,45.345,45.35,4214
2018-07-19 12:25:00-04:00,45.36,45.36,45.35,45.36,601
2018-07-19 12:30:00-04:00,45.36,45.36,45.33,45.34,1900
2018-07-19 12:35:00-04:00,45.34,45.34,45.3,45.32,7214
2018-07-19 12:40:00-04:00,45.33,45.355,45.31,45.35,7132
2018-07-19 12:45:00-04:00,45.34,45.35,45.33,45.35,3408
2018-07-19 12:50:00-04:00,45.33,45.33,45.29,45.3,4054
2018-07-19 12:55:00-04:00,45.31,45.31,45.285,45.295,2370
2018-07-19 13:00:00-04:00,45.29,45.39,45.29,45.33,4972
2018-07-19 13:05:00-04:00,45.33,45.36,45.31,45.31,2092
2018-07-19 13:10:00-04:00,45.315,45.34,45.315,45.325,1448
2018-07-19 13:15:00-04:00,45.33,45.34,45.33,45.33,1268
2018-07-19 13:20:00-04:00,45.35,45.36,45.35,45.35,2203
2018-07-19 13:25:00-04:00,45.36,45.37,45.34,45.34,11370
2018-07-19 13:30:00-04:00,45.34,45.35,45.29,45.29,2519
2018-07-19 13:35:00-04:00,45.29,45.32,45.29,45.31,2027
2018-07-19 13:40:00-04:00,45.3,45.31,45.29,45.29,1872
2018-07-19 13:45:00-04:00,45.28,45.295,45.25,45.28,4966
2018-07-19 13:50:00-04:00,45.275,45.275,45.23,45.27,2798
2018-07-19 13:55:00-04:00,45.265,45.295,45.25,45.295,6807
2018-07-19 14:00:00-04:00,45.3,45.31,45.3,45.3,1727
2018-07-19 14:05:00-04:00,45.3,45.31,45.29,45.31,1524
2018-07-19 14:10:00-04:00,45.31,45.32,45.29,45.3,2159
2018-07-19 14:15:00-04:00,45.32,45.34,45.31,45.34,2544
2018-07-19 14:20:00-04:00,45.35,45.35,45.32,45.33,1210
2018-07-19 14:25:00-04:00,45.34,45.34,45.3,45.33,44624
2018-07-19 14:30:00-04:00,45.325,45.33,45.31,45.31,1617
2018-07-19 14:35:00-04:00,45.3,45.3,45.275,45.28,3528
2018-07-19 14:40:00-04:00,45.28,45.28,45.24,45.25,4814
2018-07-19 14:45:00-04:00,45.25,45.25,45.23,45.23,2538
2018-07-19 14:50:00-04:00,45.23,45.23,45.2,45.21,6908
2018-07-19 14:55:00-04:00,45.21,45.22,45.2,45.21,2050
2018-07-19 15:00:00-04:00,45.21,45.24,45.21,45.24,3849
2018-07-19 15:05:00-04:00,45.25,45.26,45.24,45.26,2543
2018-07-19 15:10:00-04:00,45.25,45.26,45.24,45.25,3994
2018-07-19 15:15:00-04:00,45.25,45.265,45.235,45.235,7012
2018-07-19 15:20:00-04:00,45.235,45.245,45.18,45.2,8951
2018-07-19 15:25:00-04:00,45.2,45.215,45.17,45.19,7163
2018-07-19 15:30:00-04:00,45.19,45.2,45.16,45.2,7049
2018-07-19 15:35:00-04:00,45.21,45.23,45.19,45.2,9145
2018-07-19 15:40:00-04:00,45.19,45.19,45.14,45.185,7308
2018-07-19 15:45:00-04:00,45.18,45.18,45.12,45.14,11895
2018-07-19 15:50:00-04:00,45.14,45.15,45.1,45.13,16313
2018-07-19 15:55:00-04:00,45.13,45.13,45.085,45.11,42544
2018-07-20 09:30:00-04:00,44.98,45.05,44.98,45.0,1148
2018-07-20 09:35:00-04:00,45.0,45.0,44.91,44.99,5592
2018-07-20 09:40:00-04:00,44.98,45.005,44.96,44.99,3455
2018-07-20 09:45:00-04:00,44.97,45.0,44.91,44.91,5443
2018-07-20 09:50:00-04:00,44.91,44.98,44.905,44.97,5451
2018-07-20 09:55:00-04:00,45.0,45.08,45.0,45.07,7077
2018-07-20 10:00:00-04:00,45.07,45.09,45.0,45.0,5380
2018-07-20 10:05:00-04:00,45.0,45.08,45.0,45.08,6959
2018-07-20 10:10:00-04:00,45.09,45.155,45.09,45.135,2224
2018-07-20 10:15:00-04:00,45.12,45.18,45.12,45.18,1893
2018-07-20 10:20:00-04:00,45.17,45.18,45.12,45.13,1888
2018-07-20 10:25:00-04:00,45.14,45.14,45.09,45.1,2297
2018-07-20 10:30:00-04:00,45.13,45.13,45.11,45.11,1863
2018-07-20 10:35:00-04:00,45.12,45.16,45.11,45.145,2596
2018-07-20 10:40:00-04:00,45.14,45.14,45.11,45.115,3562
2018-07-20 10:45:00-04:00,45.14,45.155,45.125,45.13,4650
2018-07-20 10:50:00-04:00,45.13,45.14,45.1,45.11,4800
2018-07-20 10:55:00-04:00,45.1,45.105,45.09,45.09,2801
2018-07-20 11:00:00-04:00,45.1,45.135,45.095,45.12,2776
2018-07-20 11:05:00-04:00,45.125,45.13,45.08,45.085,3052
2018-07-20 11:10:00-04:00,45.085,45.15,45.08,45.14,4747
2018-07-20 11:15:00-04:00,45.155,45.19,45.15,45.17,5119
2018-07-20 11:20:00-04:00,45.16,45.19,45.125,45.13,3781
2018-07-20 11:25:00-04:00,45.14,45.165,45.14,45.15,3304
2018-07-20 11:30:00-04:00,45.15,45.165,45.15,45.16,2034
2018-07-20 11:35:00-04:00,45.16,45.16,45.14,45.155,2571
2018-07-20 11:40:00-04:00,45.16,45.17,45.14,45.145,3329
2018-07-20 11:45:00-04:00,45.15,45.165,45.12,45.12,5159
2018-07-20 11:50:00-04:00,45.13,45.13,45.1,45.1,3192
2018-07-20 11:55:00-04:00,45.1,45.12,45.09,45.095,3331
2018-07-20 12:00:00-04:00,45.09,45.13,45.09,45.12,2345
2018-07-20 12:05:00-04:00,45.12,45.125,45.1,45.1,2399
2018-07-20 12:10:00-04:00,45.09,45.125,45.09,45.12,1943
2018-07-20 12:15:00-04:00,45.13,45.14,45.12,45.135,1736
2018-07-20 12:20:00-04:00,45.14,45.16,45.14,45.15,1428
2018-07-20 12:25:00-04:00,45.17,45.175,45.165,45.17,1290
2018-07-20 12:30:00-04:00,45.16,45.17,45.15,45.15,1545
2018-07-20 12:35:00-04:00,45.155,45.17,45.145,45.165,2236
2018-07-20 12:40:00-04:00,45.16,45.185,45.15,45.17,2000
2018-07-20 12:45:00-04:00,45.18,45.195,45.17,45.19,3251
2018-07-20 12:50:00-04:00,45.19,45.205,45.18,45.19,3146
2018-07-20 12:55:00-04:00,45.19,45.2,45.19,45.19,2319
2018-07-20 13:00:00-04:00,45.2,45.215,45.2,45.21,2567
2018-07-20 13:05:00-04:00,45.205,45.21,45.17,45.175,2028
2018-07-20 13:10:00-04:00,45.18,45.205,45.18,45.205,1403
2018-07-20 13:15:00-04:00,45.2,45.2,45.17,45.18,4466
2018-07-20 13:20:00-04:00,45.175,45.18,45.13,45.14,6800
2018-07-20 13:25:00-04:00,45.15,45.15,45.12,45.12,4493
2018-07-20 13:30:00-04:00,45.12,45.125,45.105,45.125,29251
2018-07-20 13:35:00-04:00,45.125,45.135,45.09,45.095,3041
2018-07-20 13:40:00-04:00,45.095,45.11,45.095,45.1,1965
2018-07-20 13:45:00-04:00,45.08,45.09,45.08,45.08,2401
2018-07-20 13:50:00-04:00,45.085,45.095,45.08,45.08,1132
2018-07-20 13:55:00-04:00,45.08,45.11,45.08,45.11,2100
2018-07-20 14:00:00-04:00,45.1,45.125,45.1,45.11,1986
2018-07-20 14:05:00-04:00,45.12,45.145,45.12,45.14,2692
2018-07-20 14:10:00-04:00,45.14,45.14,45.13,45.13,2497
2018-07-20 14:15:00-04:00,45.13,45.155,45.13,45.155,1092
2018-07-20 14:20:00-04:00,45.15,45.16,45.145,45.16,2642
2018-07-20 14:25:00-04:00,45.16,45.165,45.14,45.14,3668
2018-07-20 14:30:00-04:00,45.145,45.15,45.13,45.13,3147
2018-07-20 14:35:00-04:00,45.11,45.125,45.105,45.125,2112
2018-07-20 14:40:00-04:00,45.145,45.15,45.14,45.145,855
2018-07-20 14:45:00-04:00,45.15,45.2,45.145,45.195,4286
2018-07-20 14:50:00-04:00,45.2,45.22,45.2,45.215,3082
2018-07-20 14:55:00-04:00,45.22,45.22,45.19,45.2,3570
2018-07-20 15:00:00-04:00,45.2,45.205,45.17,45.17,5367
2018-07-20 15:05:00-04:00,45.18,45.195,45.18,45.185,1764
2018-07-20 15:10:00-04:00,45.19,45.19,45.18,45.185,4461
2018-07-20 15:15:00-04:00,45.18,45.19,45.175,45.185,7171
2018-07-20 15:20:00-04:00,45.18,45.2,45.18,45.18,12420
2018-07-20 15:25:00-04:00,45.18,45.18,45.135,45.145,6206
2018-07-20 15:30:00-04:00,45.145,45.18,45.145,45.18,5014
2018-07-20 15:35:00-04:00,45.18,45.205,45.17,45.185,8157
2018-07-20 15:40:00-04:00,45.195,45.275,45.195,45.26,7287
2018-07-20 15:45:00-04:00,45.265,45.265,45.23,45.265,14579
2018-07-20 15:50:00-04:00,45.26,45.265,45.21,45.23,22506
2018-07-20 15:55:00-04:00,45.225,45.28,45.215,45.275,48839
2018-07-23 09:30:00-04:00,45.29,45.3,45.12,45.12,4817
2018-07-23 09:35:00-04:00,45.14,45.34,45.14,45.3,7339
2018-07-23 09:40:00-04:00,45.31,45.34,45.25,45.25,5735
2018-07-23 09:45:00-04:00,45.24,45.305,45.24,45.305,5437
2018-07-23 09:50:00-04:00,45.305,45.31,45.2,45.2,6476
2018-07-23 09:55:00-04:00,45.19,45.19,45.14,45.15,3883
2018-07-23 10:00:00-04:00,45.155,45.155,45.12,45.135,4784
2018-07-23 10:05:00-04:00,45.12,45.12,45.05,45.05,3212
2018-07-23 10:10:00-04:00,45.035,45.13,45.035,45.115,3979
2018-07-23 10:15:00-04:00,45.11,45.13,45.08,45.11,4502
2018-07-23 10:20:00-04:00,45.12,45.12,45.07,45.07,3311
2018-07-23 10:25:00-04:00,45.07,45.14,45.07,45.13,5001
2018-07-23 10:30:00-04:00,45.13,45.13,45.07,45.07,10130
2018-07-23 10:35:00-04:00,45.07,45.08,45.01,45.03,4315
2018-07-23 10:40:00-04:00,45.03,45.08,45.01,45.08,3313
2018-07-23 10:45:00-04:00,45.08,45.12,45.07,45.12,2522
2018-07-23 10:50:00-04:00,45.12,45.12,45.1,45.12,2965
2018-07-23 10:55:00-04:00,45.125,45.14,45.12,45.12,2229
2018-07-23 11:00:00-04:00,45.11,45.11,45.04,45.05,3651
2018-07-23 11:05:00-04:00,45.04,45.055,45.03,45.03,1890
2018-07-23 11:10:00-04:00,45.03,45.055,45.01,45.015,3158
2018-07-23 11:15:00-04:00,45.01,45.045,44.99,45.04,4153
2018-07-23 11:20:00-04:00,45.04,45.06,45.03,45.05,4417
2018-07-23 11:25:00-04:00,45.05,45.05,45.01,45.03,6284
2018-07-23 11:30:00-04:00,45.03,45.03,44.95,44.95,4176
2018-07-23 11:35:00-04:00,44.93,44.93,44.88,44.89,1341
2018-07-23 11:40:00-04:00,44.91,44.92,44.885,44.885,1849
2018-07-23 11:45:00-04:00,44.885,44.92,44.87,44.9,3900
2018-07-23 11:50:00-04:00,44.89,44.89,44.84,44.86,3053
2018-07-23 11:55:00-04:00,44.85,44.85,44.83,44.84,2125
2018-07-23 12:00:00-04:00,44.86,44.88,44.86,44.87,2110
2018-07-23 12:05:00-04:00,44.87,44.905,44.865,44.905,1612
2018-07-23 12:10:00-04:00,44.9,44.91,44.885,44.91,1840
2018-07-23 12:15:00-04:00,44.91,44.91,44.88,44.885,1362
2018-07-23 12:20:00-04:00,44.87,44.91,44.865,44.87,1984
2018-07-23 12:25:00-04:00,44.87,44.875,44.87,44.87,1094
2018-07-23 12:30:00-04:00,44.87,44.88,44.86,44.88,4002
2018-07-23 12:35:00-04:00,44.88,44.895,44.87,44.87,2526
2018-07-23 12:40:00-04:00,44.88,44.89,44.875,44.89,4336
2018-07-23 12:45:00-04:00,44.89,44.91,44.89,44.905,2382
2018-07-23 12:50:00-04:00,44.905,44.905,44.87,44.875,2980
2018-07-23 12:55:00-04:00,44.865,44.88,44.865,44.875,3099
2018-07-23 13:00:00-04:00,44.87,44.885,44.865,44.865,3355
2018-07-23 13:05:00-04:00,44.865,44.865,44.825,44.825,13525
2018-07-23 13:10:00-04:00,44.83,44.83,44.78,44.78,8162
2018-07-23 13:15:00-04:00,44.785,44.835,44.78,44.825,5199
2018-07-23 13:20:00-04:00,44.83,44.84,44.82,44.83,9276
2018-07-23 13:25:00-04:00,44.83,44.855,44.83,44.845,8147
2018-07-23 13:30:00-04:00,44.845,44.85,44.82,44.83,20765
2018-07-23 13:35:00-04:00,44.84,44.865,44.84,44.86,4143
2018-07-23 13:40:00-04:00,44.87,44.875,44.83,44.83,2202
2018-07-23 13:45:00-04:00,44.835,44.855,44.82,44.85,7667
2018-07-23 13:50:00-04:00,44.845,44.88,44.845,44.88,2082
2018-07-23 13:55:00-04:00,44.885,44.905,44.87,44.905,6181
2018-07-23 14:00:00-04:00,44.9,44.905,44.87,44.88,6473
2018-07-23 14:05:00-04:00,44.875,44.875,44.85,44.85,5880
2018-07-23 14:10:00-04:00,44.865,44.895,44.865,44.895,4352
2018-07-23 14:15:00-04:00,44.9,44.92,44.895,44.9,7530
2018-07-23 14:20:00-04:00,44.9,44.915,44.9,44.915,4094
2018-07-23 14:25:00-04:00,44.915,44.96,44.91,44.96,11307
2018-07-23 14:30:00-04:00,44.96,44.97,44.94,44.95,9591
2018-07-23 14:35:00-04:00,44.95,44.965,44.94,44.94,8611
2018-07-23 14:40:00-04:00,44.945,44.945,44.92,44.925,8958
2018-07-23 14:45:00-04:00,44.93,44.935,44.925,44.93,4188
2018-07-23 14:50:00-04:00,44.93,44.96,44.93,44.96,4507
2018-07-23 14:55:00-04:00,44.95,44.95,44.92,44.935,6318
2018-07-23 15:00:00-04:00,44.935,44.955,44.93,44.93,10424
2018-07-23 15:05:00-04:00,44.93,44.935,44.91,44.935,8029
2018-07-23 15:10:00-04:00,44.93,44.95,44.93,44.93,4190
2018-07-23 15:15:00-04:00,44.925,44.93,44.92,44.93,3183
2018-07-23 15:20:00-04:00,44.92,44.935,44.88,44.885,11048
2018-07-23 15:25:00-04:00,44.88,44.885,44.88,44.885,6139
2018-07-23 15:30:00-04:00,44.89,44.955,44.89,44.955,7629
2018-07-23 15:35:00-04:00,44.95,44.955,44.94,44.95,5137
2018-07-23 15:40:00-04:00,44.94,44.965,44.94,44.96,13023
2018-07-23 15:45:00-04:00,44.97,44.985,44.95,44.95,13151
2018-07-23 15:50:00-04:00,44.95,44.955,44.94,44.945,24471
2018-07-23 15:55:00-04:00,44.94,44.96,44.91,44.95,41554
2018-07-24 09:30:00-04:00,44.81,44.82,44.62,44.76,8872
2018-07-24 09:35:00-04:00,44.74,44.86,44.71,44.85,4913
2018-07-24 09:40:00-04:00,44.87,44.91,44.855,44.86,6355
2018-07-24 09:45:00-04:00,44.82,44.83,44.74,44.76,9519
2018-07-24 09:50:00-04:00,44.755,44.88,44.73,44.88,19717
2018-07-24 09:55:00-04:00,44.89,44.89,44.815,44.845,12956
2018-07-24 10:00:00-04:00,44.84,44.86,44.83,44.835,11077
2018-07-24 10:05:00-04:00,44.835,44.855,44.785,44.785,16071
2018-07-24 10:10:00-04:00,44.785,44.79,44.75,44.76,9689
2018-07-24 10:15:00-04:00,44.765,44.83,44.755,44.83,12046
2018-07-24 10:20:00-04:00,44.825,44.83,44.77,44.82,18819
2018-07-24 10:25:00-04:00,44.82,44.83,44.76,44.765,12917
2018-07-24 10:30:00-04:00,44.77,44.78,44.755,44.765,11305
2018-07-24 10:35:00-04:00,44.76,44.77,44.72,44.765,12225
2018-07-24 10:40:00-04:00,44.765,44.78,44.75,44.775,10955
2018-07-24 10:45:00-04:00,44.775,44.8,44.74,44.79,16861
2018-07-24 10:50:00-04:00,44.785,44.79,44.75,44.77,14228
2018-07-24 10:55:00-04:00,44.76,44.77,44.74,44.745,12153
2018-07-24 11:00:00-04:00,44.75,44.8,44.74,44.765,15558
2018-07-24 11:05:00-04:00,44.765,44.79,44.71,44.75,7858
2018-07-24 11:10:00-04:00,44.75,44.75,44.73,44.73,4574
2018-07-24 11:15:00-04:00,44.74,44.76,44.73,44.75,10100
2018-07-24 11:20:00-04:00,44.755,44.76,44.75,44.76,14690
2018-07-24 11:25:00-04:00,44.75,44.765,44.75,44.755,7893
2018-07-24 11:30:00-04:00,44.76,44.8,44.75,44.8,16847
2018-07-24 11:35:00-04:00,44.795,44.81,44.755,44.77,10035
2018-07-24 11:40:00-04:00,44.775,44.785,44.75,44.75,5510
2018-07-24 11:45:00-04:00,44.76,44.82,44.76,44.815,2539
2018-07-24 11:50:00-04:00,44.82,44.82,44.785,44.82,3639
2018-07-24 11:55:00-04:00,44.83,44.87,44.83,44.86,32626
2018-07-24 12:00:00-04:00,44.85,44.89,44.84,44.89,1700
2018-07-24 12:05:00-04:00,44.88,44.97,44.88,44.95,8406
2018-07-24 12:10:00-04:00,44.96,44.99,44.96,44.99,6912
2018-07-24 12:15:00-04:00,44.99,44.99,44.96,44.96,1827
2018-07-24 12:20:00-04:00,44.97,44.98,44.96,44.98,4580
2018-07-24 12:25:00-04:00,44.98,44.995,44.98,44.985,3709
2018-07-24 12:30:00-04:00,44.985,44.995,44.98,44.985,3721
2018-07-24 12:35:00-04:00,44.985,44.995,44.98,44.995,6099
2018-07-24 12:40:00-04:00,45.0,45.035,44.995,45.02,5278
2018-07-24 12:45:00-04:00,45.02,45.06,45.02,45.03,2854
2018-07-24 12:50:00-04:00,45.03,45.03,44.995,44.995,4178
2018-07-24 12:55:00-04:00,44.995,45.0,44.97,44.975,4289
2018-07-24 13:00:00-04:00,44.99,45.025,44.985,45.025,4657
2018-07-24 13:05:00-04:00,45.01,45.015,44.95,44.95,1573
2018-07-24 13:10:00-04:00,44.95,44.95,44.93,44.93,4308
2018-07-24 13:15:00-04:00,44.92,44.93,44.91,44.93,4819
2018-07-24 13:20:00-04:00,44.93,44.95,44.92,44.95,8143
2018-07-24 13:25:00-04:00,44.945,44.985,44.94,44.985,19099
2018-07-24 13:30:00-04:00,44.99,44.99,44.92,44.95,41865
2018-07-24 13:35:00-04:00,44.95,44.97,44.94,44.955,6358
2018-07-24 13:40:00-04:00,44.955,44.99,44.95,44.98,7515
2018-07-24 13:45:00-04:00,44.97,44.98,44.96,44.97,5239
2018-07-24 13:50:00-04:00,44.965,44.965,44.94,44.965,3370
2018-07-24 13:55:00-04:00,44.96,44.99,44.96,44.985,7530
2018-07-24 14:00:00-04:00,44.97,44.975,44.95,44.96,9696
2018-07-24 14:05:00-04:00,44.96,44.96,44.93,44.935,7989
2018-07-24 14:10:00-04:00,44.94,44.96,44.93,44.95,8851
2018-07-24 14:15:00-04:00,44.945,44.955,44.94,44.95,9137
2018-07-24 14:20:00-04:00,44.945,44.965,44.94,44.96,6494
2018-07-24 14:25:00-04:00,44.95,44.99,44.95,44.985,14989
2018-07-24 14:30:00-04:00,44.985,45.015,44.98,45.015,7161
2018-07-24 14:35:00-04:00,45.01,45.025,44.96,44.96,6702
2018-07-24 14:40:00-04:00,44.955,44.99,44.955,44.965,8207
2018-07-24 14:45:00-04:00,44.96,45.0,44.95,44.99,10824
2018-07-24 14:50:00-04:00,44.99,45.0,44.99,44.99,6593
2018-07-24 14:55:00-04:00,44.99,45.01,44.99,45.005,10689
2018-07-24 15:00:00-04:00,45.01,45.015,45.0,45.0,9363
2018-07-24 15:05:00-04:00,45.005,45.01,45.0,45.01,7049
2018-07-24 15:10:00-04:00,45.0,45.02,45.0,45.015,11695
2018-07-24 15:15:00-04:00,45.015,45.04,45.005,45.04,7500
2018-07-24 15:20:00-04:00,45.04,45.04,44.995,45.0,6619
2018-07-24 15:25:00-04:00,45.0,45.03,45.0,45.025,5719
2018-07-24 15:30:00-04:00,45.02,45.07,45.02,45.055,12823
2018-07-24 15:35:00-04:00,45.05,45.055,45.05,45.055,10218
2018-07-24 15:40:00-04:00,45.055,45.12,45.05,45.105,35704
2018-07-24 15:45:00-04:00,45.105,45.105,45.07,45.09,35500
2018-07-24 15:50:00-04:00,45.105,45.15,45.08,45.15,34904
2018-07-24 15:55:00-04:00,45.15,45.265,45.145,45.24,79389
2018-07-25 08:40:00-04:00,45.68,45.68,45.68,45.68,200
2018-07-25 08:55:00-04:00,45.89,45.91,45.89,45.91,300
2018-07-25 09:00:00-04:00,45.91,45.91,45.8,45.8,200
2018-07-25 09:05:00-04:00,45.85,45.85,45.85,45.85,100
2018-07-25 09:10:00-04:00,45.86,45.86,45.86,45.86,100
2018-07-25 09:20:00-04:00,45.88,45.92,45.88,45.92,200
2018-07-25 09:25:00-04:00,45.87,45.97,45.87,45.97,600
2018-07-25 09:30:00-04:00,45.96,46.255,45.85,46.0,40281
2018-07-25 09:35:00-04:00,46.01,46.05,45.98,46.0,28865
2018-07-25 09:40:00-04:00,46.005,46.06,45.83,45.85,25385
2018-07-25 09:45:00-04:00,45.86,45.95,45.76,45.875,24480
2018-07-25 09:50:00-04:00,45.865,45.945,45.8,45.92,18211
2018-07-25 09:55:00-04:00,45.92,46.05,45.92,46.01,20197
2018-07-25 10:00:00-04:00,46.02,46.16,46.01,46.1,17914
2018-07-25 10:05:00-04:00,46.095,46.205,46.09,46.19,22644
2018-07-25 10:10:00-04:00,46.18,46.36,46.17,46.35,34082
2018-07-25 10:15:00-04:00,46.35,46.37,46.29,46.355,24330
2018-07-25 10:20:00-04:00,46.36,46.54,46.35,46.525,30469
2018-07-25 10:25:00-04:00,46.53,46.53,46.435,46.49,23978
2018-07-25 10:30:00-04:00,46.49,46.5,46.34,46.42,24526
2018-07-25 10:35:00-04:00,46.405,46.43,46.385,46.395,11984
2018-07-25 10:40:00-04:00,46.395,46.475,46.395,46.465,13708
2018-07-25 10:45:00-04:00,46.465,46.495,46.46,46.485,21277
2018-07-25 10:50:00-04:00,46.49,46.575,46.485,46.495,25297
2018-07-25 10:55:00-04:00,46.49,46.55,46.48,46.495,12620
2018-07-25 11:00:00-04:00,46.5,46.505,46.475,46.5,20553
2018-07-25 11:05:00-04:00,46.5,46.575,46.36,46.38,24810
2018-07-25 11:10:00-04:00,46.38,46.42,46.28,46.285,16978
2018-07-25 11:15:00-04:00,46.28,46.32,46.24,46.29,28054
2018-07-25 11:20:00-04:00,46.295,46.415,46.27,46.365,36663
2018-07-25 11:25:00-04:00,46.37,46.37,46.31,46.33,27451
2018-07-25 11:30:00-04:00,46.33,46.33,46.28,46.295,18854
2018-07-25 11:35:00-04:00,46.29,46.32,46.26,46.26,15863
2018-07-25 11:40:00-04:00,46.265,46.285,46.2,46.2,10880
2018-07-25 11:45:00-04:00,46.2,46.24,46.15,46.195,17205
2018-07-25 11:50:00-04:00,46.19,46.195,46.13,46.17,23816
2018-07-25 11:55:00-04:00,46.17,46.23,46.155,46.225,19248
2018-07-25 12:00:00-04:00,46.22,46.22,46.105,46.125,28233
2018-07-25 12:05:00-04:00,46.125,46.125,46.06,46.06,10234
2018-07-25 12:10:00-04:00,46.06,46.06,45.965,46.0,7680
2018-07-25 12:15:00-04:00,45.99,46.04,45.955,45.96,31969
2018-07-25 12:20:00-04:00,45.96,46.04,45.915,46.04,11392
2018-07-25 12:25:00-04:00,46.035,46.075,46.02,46.075,11874
2018-07-25 12:30:00-04:00,46.07,46.07,45.955,45.96,10908
2018-07-25 12:35:00-04:00,45.96,45.96,45.86,45.88,6798
2018-07-25 12:40:00-04:00,45.87,45.89,45.84,45.86,3283
2018-07-25 12:45:00-04:00,45.86,45.99,45.86,45.98,11661
2018-07-25 12:50:00-04:00,45.97,45.97,45.91,45.92,4114
2018-07-25 12:55:00-04:00,45.92,45.96,45.9,45.96,6047
2018-07-25 13:00:00-04:00,45.95,45.95,45.93,45.945,9753
2018-07-25 13:05:00-04:00,45.94,45.95,45.94,45.945,6247
2018-07-25 13:10:00-04:00,45.94,45.945,45.93,45.93,12378
2018-07-25 13:15:00-04:00,45.93,45.93,45.885,45.905,15244
2018-07-25 13:20:00-04:00,45.905,45.975,45.895,45.935,6713
2018-07-25 13:25:00-04:00,45.935,46.01,45.93,46.005,9685
2018-07-25 13:30:00-04:00,46.01,46.015,45.97,45.97,9562
2018-07-25 13:35:00-04:00,45.96,45.98,45.96,45.98,11669
2018-07-25 13:40:00-04:00,45.99,46.055,45.99,46.01,7378
2018-07-25 13:45:00-04:00,46.01,46.095,46.01,46.095,2962
2018-07-25 13:50:00-04:00,46.1,46.14,46.08,46.135,10110
2018-07-25 13:55:00-04:00,46.135,46.16,46.13,46.145,13700
2018-07-25 14:00:00-04:00,46.14,46.17,46.12,46.16,9935
2018-07-25 14:05:00-04:00,46.15,46.165,46.13,46.16,9762
2018-07-25 14:10:00-04:00,46.16,46.165,46.105,46.11,9803
2018-07-25 14:15:00-04:00,46.11,46.11,46.02,46.04,5316
2018-07-25 14:20:00-04:00,46.045,46.045,45.98,45.99,10052
2018-07-25 14:25:00-04:00,45.99,45.995,45.96,45.965,10955
2018-07-25 14:30:00-04:00,45.97,46.055,45.97,46.05,4837
2018-07-25 14:35:00-04:00,46.05,46.11,46.05,46.1,11085
2018-07-25 14:40:00-04:00,46.1,46.115,46.095,46.105,13310
2018-07-25 14:45:00-04:00,46.11,46.235,46.11,46.235,14204
2018-07-25 14:50:00-04:00,46.23,46.24,46.22,46.23,17163
2018-07-25 14:55:00-04:00,46.23,46.23,46.115,46.15,13448
2018-07-25 15:00:00-04:00,46.15,46.15,46.1,46.105,18142
2018-07-25 15:05:00-04:00,46.105,46.105,46.035,46.035,10687
2018-07-25 15:10:00-04:00,46.04,46.05,45.985,46.005,28889
2018-07-25 15:15:00-04:00,46.01,46.04,45.945,45.95,8008
2018-07-25 15:20:00-04:00,45.96,45.96,45.89,45.93,12257
2018-07-25 15:25:00-04:00,45.94,46.0,45.94,45.995,10062
2018-07-25 15:30:00-04:00,45.995,46.0,45.93,45.93,10249
2018-07-25 15:35:00-04:00,45.935,46.09,45.93,46.04,18688
2018-07-25 15:40:00-04:00,46.05,46.11,46.04,46.065,18845
2018-07-25 15:45:00-04:00,46.06,46.19,46.04,46.185,29834
2018-07-25 15:50:00-04:00,46.19,46.23,46.17,46.21,38111
2018-07-25 15:55:00-04:00,46.21,46.21,46.06,46.1,83581
2018-07-26 08:20:00-04:00,46.19,46.19,46.19,46.19,161
2018-07-26 08:30:00-04:00,46.17,46.17,46.17,46.17,298
2018-07-26 08:35:00-04:00,46.17,46.17,46.17,46.17,287
2018-07-26 09:30:00-04:00,46.37,46.47,46.34,46.44,20369
2018-07-26 09:35:00-04:00,46.45,46.505,46.435,46.475,9000
2018-07-26 09:40:00-04:00,46.49,46.55,46.43,46.52,12239
2018-07-26 09:45:00-04:00,46.505,46.53,46.425,46.51,9058
2018-07-26 09:50:00-04:00,46.53,46.56,46.45,46.45,15575
2018-07-26 09:55:00-04:00,46.44,46.51,46.385,46.42,15369
2018-07-26 10:00:00-04:00,46.41,46.48,46.4,46.46,10337
2018-07-26 10:05:00-04:00,46.46,46.475,46.43,46.45,11088
2018-07-26 10:10:00-04:00,46.45,46.46,46.39,46.44,8438
2018-07-26 10:15:00-04:00,46.44,46.47,46.42,46.46,11748
2018-07-26 10:20:00-04:00,46.46,46.46,46.38,46.43,11877
2018-07-26 10:25:00-04:00,46.42,46.46,46.395,46.46,5544
2018-07-26 10:30:00-04:00,46.47,46.53,46.47,46.53,38047
2018-07-26 10:35:00-04:00,46.54,46.59,46.54,46.59,17910
2018-07-26 10:40:00-04:00,46.59,46.59,46.52,46.55,10481
2018-07-26 10:45:00-04:00,46.54,46.565,46.5,46.51,6983
2018-07-26 10:50:00-04:00,46.51,46.54,46.5,46.52,6588
2018-07-26 10:55:00-04:00,46.51,46.52,46.49,46.5,5676
2018-07-26 11:00:00-04:00,46.5,46.5,46.44,46.44,8605
2018-07-26 11:05:00-04:00,46.45,46.46,46.42,46.44,7642
2018-07-26 11:10:00-04:00,46.44,46.45,46.42,46.445,7663
2018-07-26 11:15:00-04:00,46.445,46.47,46.43,46.44,4426
2018-07-26 11:20:00-04:00,46.43,46.43,46.39,46.39,4699
2018-07-26 11:25:00-04:00,46.355,46.395,46.35,46.365,6744
2018-07-26 11:30:00-04:00,46.37,46.415,46.36,46.415,3821
2018-07-26 11:35:00-04:00,46.4,46.44,46.4,46.44,2948
2018-07-26 11:40:00-04:00,46.44,46.46,46.43,46.455,3920
2018-07-26 11:45:00-04:00,46.45,46.46,46.435,46.46,4803
2018-07-26 11:50:00-04:00,46.455,46.455,46.43,46.44,9061
2018-07-26 11:55:00-04:00,46.445,46.46,46.44,46.46,5370
2018-07-26 12:00:00-04:00,46.46,46.495,46.46,46.495,9194
2018-07-26 12:05:00-04:00,46.495,46.5,46.475,46.495,6273
2018-07-26 12:10:00-04:00,46.495,46.5,46.47,46.47,6300
2018-07-26 12:15:00-04:00,46.47,46.48,46.44,46.44,4161
2018-07-26 12:20:00-04:00,46.44,46.44,46.395,46.42,3202
2018-07-26 12:25:00-04:00,46.41,46.43,46.37,46.37,1764
2018-07-26 12:30:00-04:00,46.38,46.39,46.35,46.35,2649
2018-07-26 12:35:00-04:00,46.34,46.37,46.34,46.37,1819
2018-07-26 12:40:00-04:00,46.375,46.4,46.375,46.4,4196
2018-07-26 12:45:00-04:00,46.4,46.4,46.37,46.38,3250
2018-07-26 12:50:00-04:00,46.375,46.385,46.35,46.35,2748
2018-07-26 12:55:00-04:00,46.37,46.42,46.37,46.42,2917
2018-07-26 13:00:00-04:00,46.41,46.42,46.395,46.42,2919
2018-07-26 13:05:00-04:00,46.425,46.43,46.415,46.42,2939
2018-07-26 13:10:00-04:00,46.415,46.415,46.365,46.38,4817
2018-07-26 13:15:00-04:00,46.37,46.42,46.37,46.39,3603
2018-07-26 13:20:00-04:00,46.38,46.39,46.38,46.39,2062
2018-07-26 13:25:00-04:00,46.39,46.4,46.38,46.395,2719
2018-07-26 13:30:00-04:00,46.39,46.4,46.39,46.39,4412
2018-07-26 13:35:00-04:00,46.395,46.395,46.365,46.365,4949
2018-07-26 13:40:00-04:00,46.37,46.38,46.36,46.38,3116
2018-07-26 13:45:00-04:00,46.38,46.39,46.37,46.385,3499
2018-07-26 13:50:00-04:00,46.39,46.39,46.37,46.37,1024
2018-07-26 13:55:00-04:00,46.37,46.37,46.35,46.36,2712
2018-07-26 14:00:00-04:00,46.36,46.37,46.35,46.37,2253
2018-07-26 14:05:00-04:00,46.37,46.4,46.36,46.4,4404
2018-07-26 14:10:00-04:00,46.4,46.42,46.395,46.42,2967
2018-07-26 14:15:00-04:00,46.42,46.425,46.41,46.42,4020
2018-07-26 14:20:00-04:00,46.41,46.415,46.39,46.39,2597
2018-07-26 14:25:00-04:00,46.39,46.39,46.36,46.37,5211
2018-07-26 14:30:00-04:00,46.36,46.38,46.345,46.37,4136
2018-07-26 14:35:00-04:00,46.37,46.39,46.37,46.38,2783
2018-07-26 14:40:00-04:00,46.375,46.39,46.37,46.38,1754
2018-07-26 14:45:00-04:00,46.37,46.4,46.37,46.38,2558
2018-07-26 14:50:00-04:00,46.37,46.375,46.36,46.36,2345
2018-07-26 14:55:00-04:00,46.37,46.385,46.37,46.37,3719
2018-07-26 15:00:00-04:00,46.36,46.36,46.3,46.3,8012
2018-07-26 15:05:00-04:00,46.285,46.295,46.27,46.28,5014
2018-07-26 15:10:00-04:00,46.27,46.28,46.255,46.27,8408
2018-07-26 15:15:00-04:00,46.26,46.29,46.25,46.255,9038
2018-07-26 15:20:00-04:00,46.25,46.27,46.23,46.26,8112
2018-07-26 15:25:00-04:00,46.26,46.265,46.23,46.23,9462
2018-07-26 15:30:00-04:00,46.225,46.31,46.22,46.305,11148
2018-07-26 15:35:00-04:00,46.305,46.33,46.285,46.295,7144
2018-07-26 15:40:00-04:00,46.29,46.29,46.205,46.205,9739
2018-07-26 15:45:00-04:00,46.21,46.25,46.205,46.24,9822
2018-07-26 15:50:00-04:00,46.23,46.28,46.22,46.28,15165
2018-07-26 15:55:00-04:00,46.29,46.31,46.25,46.25,37544
2018-07-27 09:30:00-04:00,46.3,46.42,46.17,46.41,9543
2018-07-27 09:35:00-04:00,46.41,46.445,46.37,46.42,19621
2018-07-27 09:40:00-04:00,46.41,46.41,46.25,46.29,7459
2018-07-27 09:45:00-04:00,46.32,46.37,46.32,46.35,5568
2018-07-27 09:50:00-04:00,46.34,46.41,46.3,46.38,5881
2018-07-27 09:55:00-04:00,46.4,46.44,46.38,46.38,7611
2018-07-27 10:00:00-04:00,46.4,46.445,46.39,46.41,8027
2018-07-27 10:05:00-04:00,46.4,46.42,46.38,46.42,7671
2018-07-27 10:10:00-04:00,46.43,46.46,46.41,46.44,6610
2018-07-27 10:15:00-04:00,46.46,46.47,46.38,46.38,3805
2018-07-27 10:20:00-04:00,46.37,46.44,46.36,46.44,5049
2018-07-27 10:25:00-04:00,46.44,46.44,46.39,46.41,4135
2018-07-27 10:30:00-04:00,46.41,46.44,46.4,46.42,4649
2018-07-27 10:35:00-04:00,46.42,46.46,46.42,46.44,3192
2018-07-27 10:40:00-04:00,46.45,46.47,46.43,46.43,5635
2018-07-27 10:45:00-04:00,46.45,46.455,46.42,46.45,7473
2018-07-27 10:50:00-04:00,46.44,46.48,46.44,46.44,11540
2018-07-27 10:55:00-04:00,46.44,46.46,46.42,46.44,6308
2018-07-27 11:00:00-04:00,46.43,46.43,46.35,46.38,4540
2018-07-27 11:05:00-04:00,46.385,46.39,46.35,46.35,20266
2018-07-27 11:10:00-04:00,46.36,46.38,46.35,46.37,7147
2018-07-27 11:15:00-04:00,46.37,46.415,46.355,46.415,3456
2018-07-27 11:20:00-04:00,46.41,46.46,46.41,46.46,7135
2018-07-27 11:25:00-04:00,46.45,46.49,46.44,46.49,4546
2018-07-27 11:30:00-04:00,46.48,46.49,46.43,46.43,4493
2018-07-27 11:35:00-04:00,46.42,46.47,46.42,46.46,2421
2018-07-27 11:40:00-04:00,46.46,46.46,46.43,46.45,3421
2018-07-27 11:45:00-04:00,46.45,46.47,46.44,46.44,2952
2018-07-27 11:50:00-04:00,46.45,46.45,46.37,46.37,3267
2018-07-27 11:55:00-04:00,46.38,46.39,46.355,46.39,2222
2018-07-27 12:00:00-04:00,46.4,46.4,46.345,46.36,7305
2018-07-27 12:05:00-04:00,46.36,46.36,46.32,46.33,3153
2018-07-27 12:10:00-04:00,46.34,46.35,46.32,46.34,2639
2018-07-27 12:15:00-04:00,46.33,46.36,46.31,46.31,3945
2018-07-27 12:20:00-04:00,46.3,46.3,46.28,46.3,6099
2018-07-27 12:25:00-04:00,46.29,46.3,46.27,46.28,7951
2018-07-27 12:30:00-04:00,46.29,46.29,46.25,46.28,7587
2018-07-27 12:35:00-04:00,46.28,46.28,46.22,46.22,3251
2018-07-27 12:40:00-04:00,46.2,46.23,46.185,46.23,10051
2018-07-27 12:45:00-04:00,46.24,46.24,46.18,46.19,4562
2018-07-27 12:50:00-04:00,46.185,46.22,46.175,46.21,10462
2018-07-27 12:55:00-04:00,46.21,46.26,46.205,46.24,5676
2018-07-27 13:00:00-04:00,46.23,46.24,46.17,46.23,6779
2018-07-27 13:05:00-04:00,46.23,46.26,46.2,46.2,5058
2018-07-27 13:10:00-04:00,46.21,46.21,46.155,46.19,5368
2018-07-27 13:15:00-04:00,46.19,46.19,46.15,46.18,6774
2018-07-27 13:20:00-04:00,46.185,46.19,46.165,46.17,13347
2018-07-27 13:25:00-04:00,46.17,46.175,46.115,46.115,9086
2018-07-27 13:30:00-04:00,46.115,46.12,46.095,46.095,7097
2018-07-27 13:35:00-04:00,46.1,46.13,46.065,46.13,7913
2018-07-27 13:40:00-04:00,46.13,46.165,46.125,46.165,4939
2018-07-27 13:45:00-04:00,46.155,46.18,46.13,46.13,5238
2018-07-27 13:50:00-04:00,46.12,46.13,46.09,46.09,4628
2018-07-27 13:55:00-04:00,46.09,46.12,46.08,46.12,3404
2018-07-27 14:00:00-04:00,46.11,46.12,46.09,46.11,6451
2018-07-27 14:05:00-04:00,46.11,46.11,46.08,46.08,8140
2018-07-27 14:10:00-04:00,46.08,46.13,46.08,46.12,3607
2018-07-27 14:15:00-04:00,46.12,46.125,46.07,46.095,5999
2018-07-27 14:20:00-04:00,46.09,46.09,46.08,46.09,4031
2018-07-27 14:25:00-04:00,46.09,46.095,46.09,46.095,1407
2018-07-27 14:30:00-04:00,46.09,46.13,46.085,46.12,4466
2018-07-27 14:35:00-04:00,46.11,46.11,46.08,46.08,2599
2018-07-27 14:40:00-04:00,46.08,46.11,46.07,46.08,4283
2018-07-27 14:45:00-04:00,46.07,46.1,46.07,46.09,4291
2018-07-27 14:50:00-04:00,46.1,46.13,46.09,46.13,2639
2018-07-27 14:55:00-04:00,46.13,46.135,46.11,46.13,2826
2018-07-27 15:00:00-04:00,46.135,46.19,46.135,46.19,6339
2018-07-27 15:05:00-04:00,46.19,46.2,46.18,46.19,5629
2018-07-27 15:10:00-04:00,46.19,46.23,46.19,46.21,6457
2018-07-27 15:15:00-04:00,46.21,46.215,46.18,46.19,9040
2018-07-27 15:20:00-04:00,46.19,46.21,46.19,46.21,5051
2018-07-27 15:25:00-04:00,46.21,46.21,46.18,46.19,4366
2018-07-27 15:30:00-04:00,46.18,46.19,46.155,46.16,9490
2018-07-27 15:35:00-04:00,46.16,46.2,46.15,46.19,8931
2018-07-27 15:40:00-04:00,46.18,46.21,46.17,46.17,9800
2018-07-27 15:45:00-04:00,46.17,46.22,46.16,46.21,12231
2018-07-27 15:50:00-04:00,46.21,46.23,46.2,46.2,13144
2018-07-27 15:55:00-04:00,46.2,46.235,46.165,46.22,49982
2018-07-30 09:30:00-04:00,46.12,46.31,46.11,46.2,12331
2018-07-30 09:35:00-04:00,46.18,46.33,46.18,46.32,5800
2018-07-30 09:40:00-04:00,46.31,46.36,46.29,46.36,5369
2018-07-30 09:45:00-04:00,46.36,46.42,46.34,46.35,8464
2018-07-30 09:50:00-04:00,46.36,46.41,46.32,46.41,7962
2018-07-30 09:55:00-04:00,46.4,46.4,46.325,46.38,5948
2018-07-30 10:00:00-04:00,46.4,46.41,46.325,46.34,7707
2018-07-30 10:05:00-04:00,46.33,46.35,46.24,46.24,7943
2018-07-30 10:10:00-04:00,46.24,46.29,46.24,46.285,4365
2018-07-30 10:15:00-04:00,46.28,46.35,46.28,46.345,7534
2018-07-30 10:20:00-04:00,46.34,46.345,46.3,46.33,8970
2018-07-30 10:25:00-04:00,46.33,46.34,46.29,46.34,9903
2018-07-30 10:30:00-04:00,46.34,46.37,46.325,46.33,5370
2018-07-30 10:35:00-04:00,46.33,46.33,46.3,46.33,4461
2018-07-30 10:40:00-04:00,46.32,46.36,46.32,46.34,6156
2018-07-30 10:45:00-04:00,46.34,46.34,46.31,46.31,7080
2018-07-30 10:50:00-04:00,46.31,46.36,46.3,46.36,8141
2018-07-30 10:55:00-04:00,46.37,46.385,46.36,46.36,4386
2018-07-30 11:00:00-04:00,46.35,46.37,46.32,46.35,6653
2018-07-30 11:05:00-04:00,46.34,46.375,46.34,46.36,12943
2018-07-30 11:10:00-04:00,46.36,46.36,46.34,46.35,5374
2018-07-30 11:15:00-04:00,46.35,46.37,46.35,46.37,9010
2018-07-30 11:20:00-04:00,46.36,46.39,46.35,46.39,5261
2018-07-30 11:25:00-04:00,46.39,46.4,46.375,46.39,5319
2018-07-30 11:30:00-04:00,46.41,46.43,46.38,46.38,10429
2018-07-30 11:35:00-04:00,46.365,46.42,46.35,46.4,4945
2018-07-30 11:40:00-04:00,46.39,46.39,46.36,46.36,2719
2018-07-30 11:45:00-04:00,46.36,46.39,46.345,46.39,19717
2018-07-30 11:50:00-04:00,46.39,46.44,46.39,46.44,9784
2018-07-30 11:55:00-04:00,46.435,46.435,46.355,46.355,8002
2018-07-30 12:00:00-04:00,46.36,46.36,46.315,46.315,8515
2018-07-30 12:05:00-04:00,46.33,46.355,46.33,46.35,6117
2018-07-30 12:10:00-04:00,46.34,46.375,46.34,46.37,4863
2018-07-30 12:15:00-04:00,46.37,46.375,46.36,46.36,6437
2018-07-30 12:20:00-04:00,46.37,46.4,46.34,46.4,6178
2018-07-30 12:25:00-04:00,46.405,46.405,46.37,46.38,11820
2018-07-30 12:30:00-04:00,46.38,46.38,46.335,46.335,5489
2018-07-30 12:35:00-04:00,46.335,46.345,46.31,46.32,6232
2018-07-30 12:40:00-04:00,46.33,46.35,46.32,46.34,6128
2018-07-30 12:45:00-04:00,46.33,46.335,46.31,46.31,5034
2018-07-30 12:50:00-04:00,46.31,46.31,46.27,46.275,3510
2018-07-30 12:55:00-04:00,46.28,46.31,46.27,46.285,4490
2018-07-30 13:00:00-04:00,46.28,46.29,46.28,46.28,2770
2018-07-30 13:05:00-04:00,46.28,46.28,46.26,46.26,5516
2018-07-30 13:10:00-04:00,46.26,46.26,46.23,46.23,1430
2018-07-30 13:15:00-04:00,46.24,46.26,46.235,46.25,4692
2018-07-30 13:20:00-04:00,46.25,46.25,46.215,46.215,5172
2018-07-30 13:25:00-04:00,46.21,46.235,46.21,46.235,3976
2018-07-30 13:30:00-04:00,46.23,46.25,46.23,46.25,1146
2018-07-30 13:35:00-04:00,46.25,46.26,46.24,46.26,2958
2018-07-30 13:40:00-04:00,46.26,46.295,46.255,46.29,4766
2018-07-30 13:45:00-04:00,46.29,46.3,46.28,46.28,3590
2018-07-30 13:50:00-04:00,46.285,46.305,46.27,46.27,5574
2018-07-30 13:55:00-04:00,46.27,46.29,46.27,46.28,3616
2018-07-30 14:00:00-04:00,46.28,46.28,46.26,46.26,7360
2018-07-30 14:05:00-04:00,46.26,46.26,46.23,46.25,5690
2018-07-30 14:10:00-04:00,46.24,46.26,46.24,46.25,3161
2018-07-30 14:15:00-04:00,46.25,46.25,46.23,46.23,2513
2018-07-30 14:20:00-04:00,46.25,46.26,46.25,46.255,1378
2018-07-30 14:25:00-04:00,46.25,46.25,46.24,46.24,3709
2018-07-30 14:30:00-04:00,46.24,46.24,46.23,46.24,2019
2018-07-30 14:35:00-04:00,46.25,46.27,46.2,46.2,4376
2018-07-30 14:40:00-04:00,46.2,46.22,46.2,46.22,3100
2018-07-30 14:45:00-04:00,46.22,46.25,46.22,46.25,2165
2018-07-30 14:50:00-04:00,46.25,46.25,46.23,46.23,2652
2018-07-30 14:55:00-04:00,46.24,46.26,46.22,46.26,5789
2018-07-30 15:00:00-04:00,46.26,46.27,46.24,46.25,8075
2018-07-30 15:05:00-04:00,46.25,46.28,46.25,46.27,8827
2018-07-30 15:10:00-04:00,46.275,46.28,46.23,46.23,5210
2018-07-30 15:15:00-04:00,46.23,46.23,46.22,46.225,3601
2018-07-30 15:20:00-04:00,46.22,46.26,46.22,46.245,3387
2018-07-30 15:25:00-04:00,46.23,46.26,46.23,46.23,5652
2018-07-30 15:30:00-04:00,46.23,46.245,46.2,46.245,6430
2018-07-30 15:35:00-04:00,46.24,46.26,46.23,46.24,5724
2018-07-30 15:40:00-04:00,46.24,46.24,46.2,46.225,20399
2018-07-30 15:45:00-04:00,46.22,46.23,46.19,46.195,13054
2018-07-30 15:50:00-04:00,46.2,46.25,46.195,46.22,38051
2018-07-30 15:55:00-04:00,46.22,46.24,46.19,46.23,79936
2018-07-31 09:30:00-04:00,46.4,46.58,46.4,46.55,18090
2018-07-31 09:35:00-04:00,46.55,46.56,46.34,46.39,12004
2018-07-31 09:40:00-04:00,46.39,46.41,46.31,46.32,6265
2018-07-31 09:45:00-04:00,46.37,46.45,46.36,46.39,6539
2018-07-31 09:50:00-04:00,46.38,46.42,46.38,46.39,1825
2018-07-31 09:55:00-04:00,46.37,46.4,46.35,46.38,6304
2018-07-31 10:00:00-04:00,46.38,46.41,46.33,46.4,10381
2018-07-31 10:05:00-04:00,46.41,46.48,46.4,46.44,11046
2018-07-31 10:10:00-04:00,46.44,46.475,46.44,46.455,27512
2018-07-31 10:15:00-04:00,46.455,46.58,46.44,46.58,19758
2018-07-31 10:20:00-04:00,46.58,46.595,46.55,46.56,15964
2018-07-31 10:25:00-04:00,46.57,46.57,46.49,46.5,5878
2018-07-31 10:30:00-04:00,46.52,46.52,46.46,46.52,7103
2018-07-31 10:35:00-04:00,46.52,46.54,46.5,46.535,5490
2018-07-31 10:40:00-04:00,46.56,46.56,46.505,46.52,6183
2018-07-31 10:45:00-04:00,46.51,46.52,46.49,46.49,6673
2018-07-31 10:50:00-04:00,46.48,46.53,46.47,46.53,9532
2018-07-31 10:55:00-04:00,46.53,46.54,46.5,46.51,4920
2018-07-31 11:00:00-04:00,46.51,46.51,46.46,46.46,2200
2018-07-31 11:05:00-04:00,46.44,46.44,46.41,46.42,2249
2018-07-31 11:10:00-04:00,46.42,46.46,46.42,46.46,2829
2018-07-31 11:15:00-04:00,46.45,46.5,46.43,46.5,3296
2018-07-31 11:20:00-04:00,46.5,46.52,46.47,46.475,6078
2018-07-31 11:25:00-04:00,46.47,46.47,46.42,46.43,2175
2018-07-31 11:30:00-04:00,46.43,46.43,46.4,46.42,3789
2018-07-31 11:35:00-04:00,46.41,46.41,46.36,46.39,4335
2018-07-31 11:40:00-04:00,46.39,46.42,46.39,46.39,6934
2018-07-31 11:45:00-04:00,46.39,46.4,46.37,46.4,9691
2018-07-31 11:50:00-04:00,46.41,46.41,46.39,46.4,6247
2018-07-31 11:55:00-04:00,46.39,46.415,46.37,46.4,6901
2018-07-31 12:00:00-04:00,46.39,46.39,46.32,46.35,12641
2018-07-31 12:05:00-04:00,46.36,46.39,46.35,46.38,7127
2018-07-31 12:10:00-04:00,46.38,46.38,46.34,46.35,5118
2018-07-31 12:15:00-04:00,46.35,46.375,46.35,46.36,3631
2018-07-31 12:20:00-04:00,46.36,46.375,46.35,46.375,3949
2018-07-31 12:25:00-04:00,46.38,46.4,46.38,46.38,3990
2018-07-31 12:30:00-04:00,46.37,46.42,46.37,46.415,5673
2018-07-31 12:35:00-04:00,46.41,46.43,46.39,46.405,3494
2018-07-31 12:40:00-04:00,46.41,46.42,46.4,46.4,4335
2018-07-31 12:45:00-04:00,46.405,46.41,46.37,46.41,4593
2018-07-31 12:50:00-04:00,46.41,46.41,46.395,46.41,2640
2018-07-31 12:55:00-04:00,46.4,46.4,46.37,46.37,4691
2018-07-31 13:00:00-04:00,46.37,46.38,46.37,46.37,3998
2018-07-31 13:05:00-04:00,46.38,46.405,46.38,46.405,6879
2018-07-31 13:10:00-04:00,46.4,46.4,46.36,46.38,13050
2018-07-31 13:15:00-04:00,46.38,46.41,46.37,46.41,9633
2018-07-31 13:20:00-04:00,46.42,46.425,46.39,46.395,4623
2018-07-31 13:25:00-04:00,46.4,46.42,46.38,46.42,7721
2018-07-31 13:30:00-04:00,46.42,46.44,46.41,46.42,12280
2018-07-31 13:35:00-04:00,46.415,46.45,46.415,46.44,4713
2018-07-31 13:40:00-04:00,46.45,46.495,46.44,46.47,6913
2018-07-31 13:45:00-04:00,46.47,46.48,46.45,46.46,10452
2018-07-31 13:50:00-04:00,46.47,46.485,46.46,46.46,8935
2018-07-31 13:55:00-04:00,46.45,46.46,46.44,46.45,8910
2018-07-31 14:00:00-04:00,46.46,46.47,46.43,46.43,8390
2018-07-31 14:05:00-04:00,46.43,46.43,46.41,46.42,5093
2018-07-31 14:10:00-04:00,46.425,46.43,46.4,46.42,6491
2018-07-31 14:15:00-04:00,46.41,46.43,46.41,46.42,3986
2018-07-31 14:20:00-04:00,46.42,46.44,46.41,46.44,5753
2018-07-31 14:25:00-04:00,46.44,46.455,46.42,46.445,5657
2018-07-31 14:30:00-04:00,46.44,46.46,46.44,46.45,7750
2018-07-31 14:35:00-04:00,46.47,46.485,46.46,46.465,3422
2018-07-31 14:40:00-04:00,46.47,46.5,46.47,46.5,3814
2018-07-31 14:45:00-04:00,46.49,46.52,46.49,46.5,5964
2018-07-31 14:50:00-04:00,46.5,46.54,46.5,46.52,5563
2018-07-31 14:55:00-04:00,46.53,46.54,46.52,46.535,6722
2018-07-31 15:00:00-04:00,46.54,46.545,46.5,46.505,11895
2018-07-31 15:05:00-04:00,46.5,46.51,46.5,46.51,3095
2018-07-31 15:10:00-04:00,46.51,46.52,46.5,46.52,3613
2018-07-31 15:15:00-04:00,46.52,46.52,46.48,46.52,7969
2018-07-31 15:20:00-04:00,46.52,46.56,46.52,46.56,9651
2018-07-31 15:25:00-04:00,46.55,46.57,46.54,46.56,7038
2018-07-31 15:30:00-04:00,46.56,46.565,46.55,46.56,13258
2018-07-31 15:35:00-04:00,46.56,46.57,46.54,46.55,19228
2018-07-31 15:40:00-04:00,46.55,46.57,46.54,46.57,23542
2018-07-31 15:45:00-04:00,46.57,46.58,46.515,46.545,54094
2018-07-31 15:50:00-04:00,46.55,46.61,46.53,46.61,65596
2018-07-31 15:55:00-04:00,46.61,46.67,46.61,46.635,138232
2018-08-01 09:30:00-04:00,46.48,46.48,46.37,46.4,29802
2018-08-01 09:35:00-04:00,46.38,46.43,46.38,46.42,13355
2018-08-01 09:40:00-04:00,46.42,46.48,46.36,46.4,11980
2018-08-01 09:45:00-04:00,46.4,46.4,46.31,46.37,28874
2018-08-01 09:50:00-04:00,46.37,46.4,46.32,46.345,14113
2018-08-01 09:55:00-04:00,46.34,46.445,46.3,46.445,19359
2018-08-01 10:00:00-04:00,46.43,46.43,46.35,46.41,7148
2018-08-01 10:05:00-04:00,46.41,46.41,46.36,46.37,5534
2018-08-01 10:10:00-04:00,46.36,46.36,46.32,46.32,7377
2018-08-01 10:15:00-04:00,46.32,46.32,46.27,46.3,8020
2018-08-01 10:20:00-04:00,46.305,46.31,46.29,46.295,21266
2018-08-01 10:25:00-04:00,46.3,46.385,46.295,46.385,10232
2018-08-01 10:30:00-04:00,46.4,46.4,46.325,46.325,7544
2018-08-01 10:35:00-04:00,46.31,46.33,46.3,46.31,5743
2018-08-01 10:40:00-04:00,46.32,46.38,46.32,46.32,7051
2018-08-01 10:45:00-04:00,46.33,46.355,46.29,46.31,8054
2018-08-01 10:50:00-04:00,46.31,46.31,46.26,46.3,7483
2018-08-01 10:55:00-04:00,46.3,46.33,46.3,46.325,9004
2018-08-01 11:00:00-04:00,46.325,46.35,46.31,46.34,5324
2018-08-01 11:05:00-04:00,46.34,46.37,46.34,46.37,3734
2018-08-01 11:10:00-04:00,46.36,46.36,46.34,46.34,4548
2018-08-01 11:15:00-04:00,46.33,46.36,46.315,46.36,4346
2018-08-01 11:20:00-04:00,46.37,46.4,46.37,46.38,4038
2018-08-01 11:25:00-04:00,46.38,46.39,46.33,46.33,4310
2018-08-01 11:30:00-04:00,46.33,46.41,46.315,46.41,4515
2018-08-01 11:35:00-04:00,46.42,46.43,46.42,46.43,4385
2018-08-01 11:40:00-04:00,46.43,46.47,46.42,46.46,3522
2018-08-01 11:45:00-04:00,46.455,46.465,46.37,46.4,26924
2018-08-01 11:50:00-04:00,46.4,46.4,46.29,46.3,7338
2018-08-01 11:55:00-04:00,46.3,46.37,46.3,46.35,4785
2018-08-01 12:00:00-04:00,46.35,46.35,46.25,46.26,4877
2018-08-01 12:05:00-04:00,46.26,46.26,46.25,46.26,3676
2018-08-01 12:10:00-04:00,46.28,46.31,46.28,46.31,2833
2018-08-01 12:15:00-04:00,46.3,46.33,46.295,46.33,3986
2018-08-01 12:20:00-04:00,46.33,46.33,46.29,46.3,6104
2018-08-01 12:25:00-04:00,46.31,46.31,46.285,46.295,4366
2018-08-01 12:30:00-04:00,46.295,46.295,46.26,46.275,6826
2018-08-01 12:35:00-04:00,46.28,46.295,46.26,46.265,7203
2018-08-01 12:40:00-04:00,46.26,46.265,46.24,46.255,8200
2018-08-01 12:45:00-04:00,46.25,46.265,46.2,46.265,14893
2018-08-01 12:50:00-04:00,46.27,46.285,46.25,46.275,7800
2018-08-01 12:55:00-04:00,46.265,46.27,46.24,46.25,22367
2018-08-01 13:00:00-04:00,46.255,46.265,46.245,46.255,7290
2018-08-01 13:05:00-04:00,46.255,46.255,46.21,46.215,5834
2018-08-01 13:10:00-04:00,46.21,46.24,46.21,46.23,8494
2018-08-01 13:15:00-04:00,46.235,46.235,46.215,46.225,8626
2018-08-01 13:20:00-04:00,46.23,46.24,46.215,46.235,11736
2018-08-01 13:25:00-04:00,46.235,46.235,46.22,46.225,16187
2018-08-01 13:30:00-04:00,46.225,46.23,46.2,46.205,27682
2018-08-01 13:35:00-04:00,46.21,46.225,46.2,46.21,7592
2018-08-01 13:40:00-04:00,46.215,46.225,46.195,46.215,9362
2018-08-01 13:45:00-04:00,46.215,46.235,46.2,46.21,7942
2018-08-01 13:50:00-04:00,46.205,46.22,46.2,46.21,5069
2018-08-01 13:55:00-04:00,46.21,46.23,46.18,46.22,12521
2018-08-01 14:00:00-04:00,46.2,46.24,46.17,46.22,10235
2018-08-01 14:05:00-04:00,46.23,46.28,46.2,46.27,9825
2018-08-01 14:10:00-04:00,46.28,46.3,46.26,46.3,8895
2018-08-01 14:15:00-04:00,46.3,46.35,46.29,46.34,8018
2018-08-01 14:20:00-04:00,46.35,46.36,46.35,46.35,8000
2018-08-01 14:25:00-04:00,46.36,46.36,46.29,46.3,7474
2018-08-01 14:30:00-04:00,46.3,46.31,46.27,46.27,5896
2018-08-01 14:35:00-04:00,46.27,46.31,46.27,46.3,5846
2018-08-01 14:40:00-04:00,46.3,46.33,46.3,46.33,6549
2018-08-01 14:45:00-04:00,46.34,46.355,46.33,46.35,5844
2018-08-01 14:50:00-04:00,46.36,46.36,46.35,46.36,9509
2018-08-01 14:55:00-04:00,46.355,46.41,46.355,46.41,22243
2018-08-01 15:00:00-04:00,46.41,46.43,46.37,46.37,17148
2018-08-01 15:05:00-04:00,46.37,46.37,46.36,46.37,5639
2018-08-01 15:10:00-04:00,46.37,46.385,46.34,46.36,10233
2018-08-01 15:15:00-04:00,46.35,46.37,46.35,46.36,16295
2018-08-01 15:20:00-04:00,46.37,46.375,46.35,46.35,7169
2018-08-01 15:25:00-04:00,46.34,46.34,46.32,46.34,4417
2018-08-01 15:30:00-04:00,46.34,46.375,46.34,46.35,13647
2018-08-01 15:35:00-04:00,46.35,46.38,46.35,46.38,15565
2018-08-01 15:40:00-04:00,46.37,46.41,46.37,46.4,20284
2018-08-01 15:45:00-04:00,46.4,46.42,46.39,46.39,40903
2018-08-01 15:50:00-04:00,46.39,46.45,46.39,46.41,30708
2018-08-01 15:55:00-04:00,46.41,46.42,46.36,46.39,56756
2018-08-02 09:30:00-04:00,46.42,46.62,46.42,46.53,11949
2018-08-02 09:35:00-04:00,46.51,46.55,46.47,46.47,11972
2018-08-02 09:40:00-04:00,46.45,46.49,46.38,46.38,8434
2018-08-02 09:45:00-04:00,46.39,46.42,46.32,46.35,8360
2018-08-02 09:50:00-04:00,46.35,46.46,46.35,46.42,7988
2018-08-02 09:55:00-04:00,46.41,46.41,46.34,46.365,5246
2018-08-02 10:00:00-04:00,46.37,46.42,46.32,46.41,12373
2018-08-02 10:05:00-04:00,46.41,46.41,46.35,46.37,8496
2018-08-02 10:10:00-04:00,46.375,46.47,46.37,46.47,46750
2018-08-02 10:15:00-04:00,46.47,46.56,46.47,46.49,29645
2018-08-02 10:20:00-04:00,46.495,46.52,46.46,46.52,7939
2018-08-02 10:25:00-04:00,46.51,46.51,46.44,46.455,5272
2018-08-02 10:30:00-04:00,46.455,46.48,46.44,46.46,6173
2018-08-02 10:35:00-04:00,46.46,46.48,46.44,46.475,9893
2018-08-02 10:40:00-04:00,46.48,46.53,46.48,46.5,44429
2018-08-02 10:45:00-04:00,46.49,46.505,46.43,46.43,13161
2018-08-02 10:50:00-04:00,46.38,46.4,46.37,46.37,2604
2018-08-02 10:55:00-04:00,46.37,46.4,46.37,46.4,3651
2018-08-02 11:00:00-04:00,46.4,46.4,46.39,46.4,3838
2018-08-02 11:05:00-04:00,46.4,46.41,46.38,46.4,3998
2018-08-02 11:10:00-04:00,46.39,46.4,46.35,46.38,4953
2018-08-02 11:15:00-04:00,46.38,46.39,46.33,46.34,4011
2018-08-02 11:20:00-04:00,46.35,46.41,46.34,46.41,4075
2018-08-02 11:25:00-04:00,46.41,46.44,46.4,46.4,3531
2018-08-02 11:30:00-04:00,46.4,46.44,46.39,46.425,6165
2018-08-02 11:35:00-04:00,46.435,46.45,46.39,46.39,3230
2018-08-02 11:40:00-04:00,46.38,46.41,46.38,46.4,4042
2018-08-02 11:45:00-04:00,46.4,46.46,46.38,46.46,3392
2018-08-02 11:50:00-04:00,46.46,46.485,46.45,46.485,1615
2018-08-02 11:55:00-04:00,46.495,46.53,46.495,46.52,1867
2018-08-02 12:00:00-04:00,46.51,46.51,46.47,46.485,4710
2018-08-02 12:05:00-04:00,46.47,46.49,46.45,46.47,26543
2018-08-02 12:10:00-04:00,46.47,46.495,46.455,46.455,7657
2018-08-02 12:15:00-04:00,46.455,46.455,46.39,46.39,8455
2018-08-02 12:20:00-04:00,46.39,46.43,46.38,46.43,5441
2018-08-02 12:25:00-04:00,46.41,46.42,46.4,46.4,6215
2018-08-02 12:30:00-04:00,46.4,46.435,46.39,46.42,4100
2018-08-02 12:35:00-04:00,46.42,46.425,46.41,46.41,2756
2018-08-02 12:40:00-04:00,46.41,46.465,46.405,46.44,8457
2018-08-02 12:45:00-04:00,46.45,46.45,46.4,46.405,9993
2018-08-02 12:50:00-04:00,46.405,46.41,46.38,46.405,6029
2018-08-02 12:55:00-04:00,46.4,46.41,46.37,46.39,2292
2018-08-02 13:00:00-04:00,46.395,46.41,46.37,46.385,3728
2018-08-02 13:05:00-04:00,46.38,46.39,46.36,46.39,2011
2018-08-02 13:10:00-04:00,46.39,46.435,46.38,46.42,5254
2018-08-02 13:15:00-04:00,46.43,46.43,46.36,46.36,5275
2018-08-02 13:20:00-04:00,46.35,46.355,46.32,46.34,5812
2018-08-02 13:25:00-04:00,46.34,46.36,46.33,46.33,6950
2018-08-02 13:30:00-04:00,46.335,46.36,46.335,46.355,5419
2018-08-02 13:35:00-04:00,46.35,46.355,46.33,46.335,8668
2018-08-02 13:40:00-04:00,46.34,46.36,46.34,46.34,12850
2018-08-02 13:45:00-04:00,46.35,46.36,46.34,46.36,4137
2018-08-02 13:50:00-04:00,46.365,46.42,46.36,46.39,5548
2018-08-02 13:55:00-04:00,46.4,46.41,46.4,46.405,4895
2018-08-02 14:00:00-04:00,46.405,46.42,46.39,46.42,15523
2018-08-02 14:05:00-04:00,46.41,46.42,46.4,46.41,4448
2018-08-02 14:10:00-04:00,46.42,46.42,46.36,46.37,3144
2018-08-02 14:15:00-04:00,46.38,46.38,46.33,46.36,5091
2018-08-02 14:20:00-04:00,46.36,46.36,46.33,46.33,4145
2018-08-02 14:25:00-04:00,46.34,46.35,46.34,46.35,6854
2018-08-02 14:30:00-04:00,46.34,46.345,46.32,46.34,3854
2018-08-02 14:35:00-04:00,46.34,46.36,46.33,46.33,4913
2018-08-02 14:40:00-04:00,46.31,46.31,46.285,46.285,6298
2018-08-02 14:45:00-04:00,46.3,46.31,46.3,46.305,5121
2018-08-02 14:50:00-04:00,46.3,46.31,46.29,46.29,3702
2018-08-02 14:55:00-04:00,46.29,46.29,46.27,46.28,2677
2018-08-02 15:00:00-04:00,46.28,46.31,46.28,46.31,1977
2018-08-02 15:05:00-04:00,46.32,46.32,46.29,46.3,6550
2018-08-02 15:10:00-04:00,46.3,46.305,46.27,46.27,7728
2018-08-02 15:15:00-04:00,46.275,46.345,46.265,46.34,6535
2018-08-02 15:20:00-04:00,46.34,46.355,46.315,46.35,4397
2018-08-02 15:25:00-04:00,46.35,46.355,46.32,46.32,5725
2018-08-02 15:30:00-04:00,46.305,46.355,46.29,46.355,9258
2018-08-02 15:35:00-04:00,46.355,46.355,46.31,46.315,9381
2018-08-02 15:40:00-04:00,46.315,46.35,46.315,46.34,11424
2018-08-02 15:45:00-04:00,46.34,46.36,46.32,46.35,10696
2018-08-02 15:50:00-04:00,46.35,46.35,46.28,46.305,24081
2018-08-02 15:55:00-04:00,46.305,46.305,46.18,46.21,85398
2018-08-03 09:30:00-04:00,46.28,46.28,46.17,46.23,8307
2018-08-03 09:35:00-04:00,46.225,46.29,46.14,46.26,15689
2018-08-03 09:40:00-04:00,46.28,46.39,46.27,46.36,8903
2018-08-03 09:45:00-04:00,46.35,46.44,46.35,46.4,7914
2018-08-03 09:50:00-04:00,46.38,46.41,46.3,46.3,10115
2018-08-03 09:55:00-04:00,46.3,46.36,46.27,46.325,9804
2018-08-03 10:00:00-04:00,46.325,46.41,46.31,46.39,10053
2018-08-03 10:05:00-04:00,46.39,46.47,46.385,46.45,9035
2018-08-03 10:10:00-04:00,46.44,46.47,46.4,46.445,5152
2018-08-03 10:15:00-04:00,46.48,46.5,46.46,46.465,4273
2018-08-03 10:20:00-04:00,46.44,46.45,46.42,46.43,5203
2018-08-03 10:25:00-04:00,46.44,46.47,46.42,46.45,5669
2018-08-03 10:30:00-04:00,46.465,46.47,46.45,46.455,17886
2018-08-03 10:35:00-04:00,46.47,46.55,46.47,46.54,7574
2018-08-03 10:40:00-04:00,46.54,46.57,46.52,46.56,3681
2018-08-03 10:45:00-04:00,46.555,46.57,46.49,46.545,25786
2018-08-03 10:50:00-04:00,46.545,46.6,46.54,46.575,14310
2018-08-03 10:55:00-04:00,46.58,46.69,46.57,46.69,8340
2018-08-03 11:00:00-04:00,46.68,46.69,46.63,46.65,7550
2018-08-03 11:05:00-04:00,46.64,46.68,46.63,46.675,10557
2018-08-03 11:10:00-04:00,46.68,46.68,46.65,46.655,8368
2018-08-03 11:15:00-04:00,46.655,46.7,46.65,46.7,7284
2018-08-03 11:20:00-04:00,46.7,46.71,46.67,46.71,10649
2018-08-03 11:25:00-04:00,46.715,46.74,46.71,46.72,10315
2018-08-03 11:30:00-04:00,46.72,46.735,46.65,46.665,9847
2018-08-03 11:35:00-04:00,46.65,46.65,46.61,46.62,7630
2018-08-03 11:40:00-04:00,46.61,46.66,46.6,46.65,5277
2018-08-03 11:45:00-04:00,46.65,46.66,46.64,46.64,4060
2018-08-03 11:50:00-04:00,46.63,46.64,46.6,46.6,8299
2018-08-03 11:55:00-04:00,46.6,46.6,46.54,46.56,5104
2018-08-03 12:00:00-04:00,46.56,46.6,46.555,46.59,4092
2018-08-03 12:05:00-04:00,46.585,46.59,46.55,46.55,16478
2018-08-03 12:10:00-04:00,46.55,46.58,46.55,46.575,12360
2018-08-03 12:15:00-04:00,46.575,46.59,46.57,46.58,15926
2018-08-03 12:20:00-04:00,46.59,46.59,46.555,46.555,7646
2018-08-03 12:25:00-04:00,46.555,46.57,46.555,46.565,7300
2018-08-03 12:30:00-04:00,46.56,46.56,46.54,46.54,5961
2018-08-03 12:35:00-04:00,46.55,46.6,46.545,46.595,8532
2018-08-03 12:40:00-04:00,46.6,46.615,46.59,46.61,8940
2018-08-03 12:45:00-04:00,46.61,46.65,46.605,46.65,7329
2018-08-03 12:50:00-04:00,46.65,46.685,46.63,46.66,9166
2018-08-03 12:55:00-04:00,46.64,46.655,46.63,46.65,2710
2018-08-03 13:00:00-04:00,46.69,46.7,46.68,46.69,6212
2018-08-03 13:05:00-04:00,46.69,46.69,46.67,46.67,10368
2018-08-03 13:10:00-04:00,46.67,46.67,46.665,46.67,2299
2018-08-03 13:15:00-04:00,46.67,46.69,46.665,46.69,8610
2018-08-03 13:20:00-04:00,46.69,46.7,46.67,46.67,8631
2018-08-03 13:25:00-04:00,46.68,46.76,46.675,46.75,31585
2018-08-03 13:30:00-04:00,46.74,46.75,46.68,46.695,33928
2018-08-03 13:35:00-04:00,46.7,46.71,46.695,46.7,9893
2018-08-03 13:40:00-04:00,46.705,46.71,46.675,46.675,6029
2018-08-03 13:45:00-04:00,46.675,46.69,46.665,46.67,8836
2018-08-03 13:50:00-04:00,46.67,46.705,46.67,46.695,6251
2018-08-03 13:55:00-04:00,46.695,46.71,46.69,46.71,4802
2018-08-03 14:00:00-04:00,46.7,46.71,46.69,46.7,4064
2018-08-03 14:05:00-04:00,46.695,46.72,46.69,46.71,5041
2018-08-03 14:10:00-04:00,46.71,46.715,46.69,46.7,1893
2018-08-03 14:15:00-04:00,46.71,46.71,46.68,46.68,2029
2018-08-03 14:20:00-04:00,46.69,46.705,46.68,46.7,6227
2018-08-03 14:25:00-04:00,46.69,46.71,46.69,46.7,8614
2018-08-03 14:30:00-04:00,46.7,46.71,46.69,46.71,19040
2018-08-03 14:35:00-04:00,46.705,46.755,46.705,46.755,5131
2018-08-03 14:40:00-04:00,46.75,46.76,46.75,46.75,6649
2018-08-03 14:45:00-04:00,46.75,46.76,46.71,46.71,13072
2018-08-03 14:50:00-04:00,46.705,46.72,46.7,46.71,6582
2018-08-03 14:55:00-04:00,46.7,46.705,46.7,46.705,8616
2018-08-03 15:00:00-04:00,46.71,46.72,46.695,46.72,8757
2018-08-03 15:05:00-04:00,46.72,46.72,46.7,46.705,9429
2018-08-03 15:10:00-04:00,46.705,46.735,46.7,46.715,13839
2018-08-03 15:15:00-04:00,46.715,46.72,46.695,46.7,11768
2018-08-03 15:20:00-04:00,46.7,46.715,46.7,46.715,10870
2018-08-03 15:25:00-04:00,46.72,46.72,46.675,46.675,4598
2018-08-03 15:30:00-04:00,46.67,46.705,46.66,46.69,4054
2018-08-03 15:35:00-04:00,46.695,46.695,46.655,46.68,9497
2018-08-03 15:40:00-04:00,46.685,46.69,46.66,46.665,19532
2018-08-03 15:45:00-04:00,46.665,46.67,46.63,46.635,21854
2018-08-03 15:50:00-04:00,46.64,46.67,46.625,46.66,29028
2018-08-03 15:55:00-04:00,46.66,46.69,46.605,46.62,45883
2018-08-06 09:00:00-04:00,46.56,46.56,46.56,46.56,169
2018-08-06 09:30:00-04:00,46.6,46.7,46.58,46.59,8308
2018-08-06 09:35:00-04:00,46.58,46.67,46.56,46.67,9121
2018-08-06 09:40:00-04:00,46.68,46.87,46.67,46.86,11495
2018-08-06 09:45:00-04:00,46.865,46.865,46.74,46.75,9260
2018-08-06 09:50:00-04:00,46.76,46.82,46.75,46.78,8904
2018-08-06 09:55:00-04:00,46.77,46.77,46.71,46.71,9242
2018-08-06 10:00:00-04:00,46.75,46.76,46.63,46.63,9663
2018-08-06 10:05:00-04:00,46.63,46.71,46.62,46.705,8649
2018-08-06 10:10:00-04:00,46.71,46.72,46.63,46.64,10031
2018-08-06 10:15:00-04:00,46.63,46.64,46.59,46.62,13074
2018-08-06 10:20:00-04:00,46.62,46.69,46.62,46.65,14190
2018-08-06 10:25:00-04:00,46.65,46.68,46.62,46.68,6407
2018-08-06 10:30:00-04:00,46.69,46.69,46.63,46.63,9906
2018-08-06 10:35:00-04:00,46.63,46.68,46.63,46.67,6775
2018-08-06 10:40:00-04:00,46.66,46.68,46.65,46.675,6515
2018-08-06 10:45:00-04:00,46.68,46.745,46.65,46.74,9281
2018-08-06 10:50:00-04:00,46.76,46.76,46.71,46.75,9309
2018-08-06 10:55:00-04:00,46.75,46.77,46.7,46.71,7262
2018-08-06 11:00:00-04:00,46.72,46.72,46.68,46.68,7821
2018-08-06 11:05:00-04:00,46.68,46.71,46.65,46.68,6623
2018-08-06 11:10:00-04:00,46.69,46.705,46.65,46.68,7284
2018-08-06 11:15:00-04:00,46.68,46.74,46.68,46.71,7141
2018-08-06 11:20:00-04:00,46.7,46.73,46.69,46.72,5523
2018-08-06 11:25:00-04:00,46.72,46.76,46.71,46.76,6610
2018-08-06 11:30:00-04:00,46.76,46.765,46.72,46.74,7078
2018-08-06 11:35:00-04:00,46.75,46.76,46.715,46.725,9877
2018-08-06 11:40:00-04:00,46.73,46.78,46.73,46.77,9425
2018-08-06 11:45:00-04:00,46.77,46.79,46.76,46.78,12497
2018-08-06 11:50:00-04:00,46.78,46.79,46.755,46.77,8844
2018-08-06 11:55:00-04:00,46.78,46.78,46.74,46.74,6229
2018-08-06 12:00:00-04:00,46.74,46.74,46.72,46.735,5563
2018-08-06 12:05:00-04:00,46.74,46.78,46.735,46.77,6937
2018-08-06 12:10:00-04:00,46.78,46.8,46.77,46.77,7385
2018-08-06 12:15:00-04:00,46.775,46.775,46.77,46.775,6302
2018-08-06 12:20:00-04:00,46.775,46.81,46.775,46.8,9027
2018-08-06 12:25:00-04:00,46.81,46.81,46.78,46.785,10128
2018-08-06 12:30:00-04:00,46.785,46.815,46.785,46.805,5600
2018-08-06 12:35:00-04:00,46.8,46.805,46.775,46.775,10493
2018-08-06 12:40:00-04:00,46.78,46.83,46.775,46.825,5977
2018-08-06 12:45:00-04:00,46.825,46.84,46.81,46.83,20316
2018-08-06 12:50:00-04:00,46.83,46.83,46.82,46.82,10438
2018-08-06 12:55:00-04:00,46.82,46.83,46.82,46.825,10801
2018-08-06 13:00:00-04:00,46.82,46.82,46.8,46.805,37125
2018-08-06 13:05:00-04:00,46.8,46.825,46.8,46.8,14386
2018-08-06 13:10:00-04:00,46.8,46.81,46.79,46.805,10603
2018-08-06 13:15:00-04:00,46.8,46.86,46.8,46.855,33014
2018-08-06 13:20:00-04:00,46.86,46.87,46.825,46.825,32727
2018-08-06 13:25:00-04:00,46.825,46.85,46.82,46.825,16604
2018-08-06 13:30:00-04:00,46.82,46.82,46.79,46.795,19214
2018-08-06 13:35:00-04:00,46.79,46.795,46.77,46.77,14433
2018-08-06 13:40:00-04:00,46.77,46.775,46.76,46.765,10773
2018-08-06 13:45:00-04:00,46.76,46.785,46.75,46.775,15134
2018-08-06 13:50:00-04:00,46.78,46.8,46.77,46.785,7014
2018-08-06 13:55:00-04:00,46.79,46.795,46.775,46.785,10885
2018-08-06 14:00:00-04:00,46.785,46.79,46.73,46.755,19426
2018-08-06 14:05:00-04:00,46.755,46.755,46.71,46.725,15790
2018-08-06 14:10:00-04:00,46.725,46.745,46.72,46.73,10795
2018-08-06 14:15:00-04:00,46.73,46.73,46.7,46.7,14756
2018-08-06 14:20:00-04:00,46.71,46.72,46.69,46.69,9547
2018-08-06 14:25:00-04:00,46.69,46.725,46.69,46.725,14161
2018-08-06 14:30:00-04:00,46.72,46.74,46.72,46.735,8968
2018-08-06 14:35:00-04:00,46.73,46.74,46.72,46.735,17107
2018-08-06 14:40:00-04:00,46.735,46.735,46.7,46.7,14223
2018-08-06 14:45:00-04:00,46.7,46.705,46.69,46.7,12040
2018-08-06 14:50:00-04:00,46.7,46.715,46.695,46.695,9629
2018-08-06 14:55:00-04:00,46.695,46.7,46.68,46.69,16100
2018-08-06 15:00:00-04:00,46.69,46.69,46.66,46.665,11114
2018-08-06 15:05:00-04:00,46.67,46.675,46.64,46.675,9758
2018-08-06 15:10:00-04:00,46.68,46.7,46.67,46.7,6900
2018-08-06 15:15:00-04:00,46.705,46.71,46.675,46.7,9875
2018-08-06 15:20:00-04:00,46.7,46.715,46.67,46.67,8465
2018-08-06 15:25:00-04:00,46.67,46.685,46.67,46.68,4815
2018-08-06 15:30:00-04:00,46.685,46.685,46.64,46.64,11400
2018-08-06 15:35:00-04:00,46.64,46.665,46.635,46.64,20473
2018-08-06 15:40:00-04:00,46.64,46.67,46.635,46.67,25508
2018-08-06 15:45:00-04:00,46.67,46.68,46.65,46.67,17043
2018-08-06 15:50:00-04:00,46.675,46.675,46.63,46.64,12968
2018-08-06 15:55:00-04:00,46.64,46.68,46.64,46.65,37504
2018-08-07 09:30:00-04:00,46.56,46.59,46.34,46.37,15588
2018-08-07 09:35:00-04:00,46.39,46.48,46.36,46.44,11424
2018-08-07 09:40:00-04:00,46.44,46.45,46.36,46.38,8536
2018-08-07 09:45:00-04:00,46.38,46.445,46.3,46.31,12946
2018-08-07 09:50:00-04:00,46.33,46.34,46.24,46.26,18051
2018-08-07 09:55:00-04:00,46.25,46.27,46.225,46.24,12818
2018-08-07 10:00:00-04:00,46.24,46.315,46.24,46.24,22655
2018-08-07 10:05:00-04:00,46.23,46.3,46.21,46.3,11763
2018-08-07 10:10:00-04:00,46.3,46.35,46.26,46.27,16433
2018-08-07 10:15:00-04:00,46.26,46.26,46.18,46.22,10355
2018-08-07 10:20:00-04:00,46.23,46.27,46.22,46.22,11827
2018-08-07 10:25:00-04:00,46.22,46.245,46.2,46.225,8647
2018-08-07 10:30:00-04:00,46.22,46.26,46.13,46.15,15982
2018-08-07 10:35:00-04:00,46.15,46.205,46.15,46.205,13356
2018-08-07 10:40:00-04:00,46.2,46.205,46.15,46.16,10494
2018-08-07 10:45:00-04:00,46.16,46.215,46.16,46.2,15986
2018-08-07 10:50:00-04:00,46.2,46.24,46.2,46.23,8309
2018-08-07 10:55:00-04:00,46.22,46.31,46.22,46.29,8420
2018-08-07 11:00:00-04:00,46.29,46.33,46.26,46.29,10456
2018-08-07 11:05:00-04:00,46.28,46.29,46.245,46.26,10152
2018-08-07 11:10:00-04:00,46.26,46.27,46.25,46.26,7285
2018-08-07 11:15:00-04:00,46.25,46.26,46.22,46.23,7029
2018-08-07 11:20:00-04:00,46.23,46.27,46.23,46.27,8812
2018-08-07 11:25:00-04:00,46.27,46.285,46.25,46.25,6697
2018-08-07 11:30:00-04:00,46.26,46.26,46.22,46.235,11862
2018-08-07 11:35:00-04:00,46.23,46.235,46.21,46.21,6986
2018-08-07 11:40:00-04:00,46.205,46.25,46.18,46.25,12464
2018-08-07 11:45:00-04:00,46.24,46.24,46.2,46.21,4520
2018-08-07 11:50:00-04:00,46.21,46.21,46.18,46.19,8037
2018-08-07 11:55:00-04:00,46.19,46.25,46.18,46.25,4635
2018-08-07 12:00:00-04:00,46.26,46.3,46.24,46.3,9621
2018-08-07 12:05:00-04:00,46.29,46.33,46.29,46.33,5610
2018-08-07 12:10:00-04:00,46.33,46.36,46.33,46.345,4384
2018-08-07 12:15:00-04:00,46.345,46.39,46.345,46.37,5378
2018-08-07 12:20:00-04:00,46.37,46.38,46.36,46.375,5994
2018-08-07 12:25:00-04:00,46.39,46.41,46.39,46.4,5693
2018-08-07 12:30:00-04:00,46.4,46.4,46.38,46.39,4206
2018-08-07 12:35:00-04:00,46.38,46.4,46.37,46.4,2962
2018-08-07 12:40:00-04:00,46.39,46.39,46.38,46.38,4018
2018-08-07 12:45:00-04:00,46.385,46.39,46.365,46.38,7990
2018-08-07 12:50:00-04:00,46.38,46.41,46.375,46.41,4107
2018-08-07 12:55:00-04:00,46.41,46.43,46.4,46.42,5988
2018-08-07 13:00:00-04:00,46.43,46.44,46.42,46.43,7409
2018-08-07 13:05:00-04:00,46.43,46.46,46.43,46.45,3788
2018-08-07 13:10:00-04:00,46.46,46.46,46.435,46.45,9583
2018-08-07 13:15:00-04:00,46.44,46.45,46.425,46.43,6451
2018-08-07 13:20:00-04:00,46.43,46.44,46.4,46.405,6343
2018-08-07 13:25:00-04:00,46.41,46.42,46.395,46.4,6116
2018-08-07 13:30:00-04:00,46.4,46.4,46.38,46.39,47333
2018-08-07 13:35:00-04:00,46.395,46.4,46.36,46.37,8282
2018-08-07 13:40:00-04:00,46.37,46.375,46.36,46.37,2798
2018-08-07 13:45:00-04:00,46.36,46.39,46.355,46.38,6234
2018-08-07 13:50:00-04:00,46.38,46.42,46.38,46.39,8990
2018-08-07 13:55:00-04:00,46.39,46.39,46.37,46.38,4573
2018-08-07 14:00:00-04:00,46.38,46.39,46.36,46.39,4907
2018-08-07 14:05:00-04:00,46.39,46.39,46.36,46.36,4223
2018-08-07 14:10:00-04:00,46.36,46.39,46.36,46.385,5557
2018-08-07 14:15:00-04:00,46.39,46.4,46.385,46.39,3940
2018-08-07 14:20:00-04:00,46.39,46.395,46.37,46.38,5944
2018-08-07 14:25:00-04:00,46.38,46.4,46.38,46.4,3185
2018-08-07 14:30:00-04:00,46.4,46.42,46.4,46.42,6747
2018-08-07 14:35:00-04:00,46.42,46.425,46.41,46.415,7134
2018-08-07 14:40:00-04:00,46.415,46.415,46.38,46.385,6425
2018-08-07 14:45:00-04:00,46.39,46.4,46.36,46.37,7443
2018-08-07 14:50:00-04:00,46.36,46.38,46.36,46.37,3499
2018-08-07 14:55:00-04:00,46.37,46.41,46.37,46.4,4823
2018-08-07 15:00:00-04:00,46.41,46.41,46.38,46.39,7877
2018-08-07 15:05:00-04:00,46.39,46.41,46.39,46.4,6383
2018-08-07 15:10:00-04:00,46.41,46.42,46.39,46.42,8331
2018-08-07 15:15:00-04:00,46.42,46.43,46.41,46.42,5809
2018-08-07 15:20:00-04:00,46.42,46.47,46.415,46.47,9868
2018-08-07 15:25:00-04:00,46.47,46.485,46.46,46.48,11738
2018-08-07 15:30:00-04:00,46.47,46.47,46.42,46.44,12181
2018-08-07 15:35:00-04:00,46.44,46.45,46.42,46.435,11163
2018-08-07 15:40:00-04:00,46.44,46.455,46.435,46.45,15027
2018-08-07 15:45:00-04:00,46.46,46.49,46.44,46.49,29134
2018-08-07 15:50:00-04:00,46.49,46.49,46.45,46.455,18769
2018-08-07 15:55:00-04:00,46.45,46.5,46.45,46.5,50367
2018-08-08 09:30:00-04:00,46.49,46.52,46.44,46.5,7139
2018-08-08 09:35:00-04:00,46.51,46.54,46.44,46.48,6580
2018-08-08 09:40:00-04:00,46.49,46.56,46.47,46.47,8553
2018-08-08 09:45:00-04:00,46.47,46.52,46.47,46.51,8735
2018-08-08 09:50:00-04:00,46.5,46.535,46.48,46.5,9470
2018-08-08 09:55:00-04:00,46.5,46.52,46.45,46.46,9549
2018-08-08 10:00:00-04:00,46.45,46.48,46.35,46.35,7846
2018-08-08 10:05:00-04:00,46.34,46.36,46.3,46.33,5744
2018-08-08 10:10:00-04:00,46.33,46.38,46.33,46.37,5948
2018-08-08 10:15:00-04:00,46.37,46.4,46.37,46.39,5357
2018-08-08 10:20:00-04:00,46.395,46.44,46.39,46.43,7654
2018-08-08 10:25:00-04:00,46.43,46.45,46.4,46.43,7867
2018-08-08 10:30:00-04:00,46.42,46.43,46.34,46.34,12514
2018-08-08 10:35:00-04:00,46.34,46.35,46.32,46.34,5692
2018-08-08 10:40:00-04:00,46.34,46.35,46.33,46.33,4174
2018-08-08 10:45:00-04:00,46.32,46.34,46.28,46.3,6143
2018-08-08 10:50:00-04:00,46.31,46.34,46.29,46.33,7747
2018-08-08 10:55:00-04:00,46.32,46.4,46.32,46.38,7535
2018-08-08 11:00:00-04:00,46.39,46.42,46.38,46.41,8832
2018-08-08 11:05:00-04:00,46.41,46.42,46.39,46.42,5522
2018-08-08 11:10:00-04:00,46.44,46.45,46.42,46.44,7662
2018-08-08 11:15:00-04:00,46.45,46.47,46.44,46.46,5926
2018-08-08 11:20:00-04:00,46.455,46.46,46.44,46.45,5351
2018-08-08 11:25:00-04:00,46.45,46.48,46.45,46.48,4280
2018-08-08 11:30:00-04:00,46.48,46.49,46.47,46.48,4976
2018-08-08 11:35:00-04:00,46.48,46.48,46.45,46.47,4950
2018-08-08 11:40:00-04:00,46.47,46.48,46.45,46.46,4359
2018-08-08 11:45:00-04:00,46.46,46.46,46.41,46.41,4210
2018-08-08 11:50:00-04:00,46.41,46.44,46.41,46.41,2900
2018-08-08 11:55:00-04:00,46.42,46.45,46.41,46.45,3690
2018-08-08 12:00:00-04:00,46.44,46.46,46.44,46.44,3723
2018-08-08 12:05:00-04:00,46.44,46.45,46.42,46.42,3326
2018-08-08 12:10:00-04:00,46.42,46.43,46.42,46.42,2369
2018-08-08 12:15:00-04:00,46.42,46.44,46.42,46.43,2641
2018-08-08 12:20:00-04:00,46.43,46.43,46.4,46.4,4271
2018-08-08 12:25:00-04:00,46.4,46.41,46.38,46.38,3011
2018-08-08 12:30:00-04:00,46.37,46.405,46.37,46.39,4220
2018-08-08 12:35:00-04:00,46.39,46.39,46.37,46.37,1670
2018-08-08 12:40:00-04:00,46.38,46.41,46.38,46.41,3660
2018-08-08 12:45:00-04:00,46.42,46.43,46.39,46.39,2620
2018-08-08 12:50:00-04:00,46.4,46.41,46.39,46.39,3328
2018-08-08 12:55:00-04:00,46.4,46.41,46.385,46.385,2632
2018-08-08 13:00:00-04:00,46.39,46.4,46.37,46.37,2840
2018-08-08 13:05:00-04:00,46.37,46.37,46.35,46.35,2058
2018-08-08 13:10:00-04:00,46.35,46.36,46.32,46.32,4701
2018-08-08 13:15:00-04:00,46.32,46.34,46.32,46.34,3600
2018-08-08 13:20:00-04:00,46.34,46.35,46.32,46.34,5013
2018-08-08 13:25:00-04:00,46.34,46.34,46.32,46.34,2918
2018-08-08 13:30:00-04:00,46.35,46.35,46.32,46.33,13576
2018-08-08 13:35:00-04:00,46.33,46.34,46.33,46.34,3666
2018-08-08 13:40:00-04:00,46.34,46.35,46.3,46.31,5778
2018-08-08 13:45:00-04:00,46.31,46.32,46.28,46.3,3773
2018-08-08 13:50:00-04:00,46.29,46.31,46.285,46.31,4456
2018-08-08 13:55:00-04:00,46.32,46.33,46.31,46.33,4604
2018-08-08 14:00:00-04:00,46.33,46.34,46.32,46.33,2474
2018-08-08 14:05:00-04:00,46.33,46.35,46.33,46.35,2428
2018-08-08 14:10:00-04:00,46.35,46.35,46.28,46.28,7899
2018-08-08 14:15:00-04:00,46.28,46.29,46.26,46.26,4950
2018-08-08 14:20:00-04:00,46.26,46.26,46.24,46.26,5042
2018-08-08 14:25:00-04:00,46.26,46.26,46.23,46.24,5282
2018-08-08 14:30:00-04:00,46.245,46.27,46.24,46.27,2885
2018-08-08 14:35:00-04:00,46.28,46.28,46.25,46.26,4136
2018-08-08 14:40:00-04:00,46.26,46.27,46.25,46.27,4839
2018-08-08 14:45:00-04:00,46.265,46.265,46.215,46.22,6942
2018-08-08 14:50:00-04:00,46.22,46.23,46.19,46.19,2873
2018-08-08 14:55:00-04:00,46.19,46.23,46.19,46.21,6125
2018-08-08 15:00:00-04:00,46.21,46.21,46.18,46.19,6712
2018-08-08 15:05:00-04:00,46.2,46.2,46.16,46.16,6873
2018-08-08 15:10:00-04:00,46.16,46.165,46.15,46.16,18487
2018-08-08 15:15:00-04:00,46.155,46.16,46.15,46.15,14549
2018-08-08 15:20:00-04:00,46.16,46.19,46.15,46.16,7828
2018-08-08 15:25:00-04:00,46.16,46.16,46.135,46.15,34996
2018-08-08 15:30:00-04:00,46.15,46.18,46.14,46.175,26825
2018-08-08 15:35:00-04:00,46.17,46.2,46.17,46.19,13447
2018-08-08 15:40:00-04:00,46.195,46.215,46.195,46.205,14739
2018-08-08 15:45:00-04:00,46.21,46.21,46.19,46.19,20725
2018-08-08 15:50:00-04:00,46.195,46.2,46.17,46.19,17977
2018-08-08 15:55:00-04:00,46.19,46.21,46.13,46.15,54864
2018-08-10 08:15:00-04:00,46.19,46.19,46.19,46.19,100
2018-08-10 09:30:00-04:00,46.19,46.22,46.11,46.22,8887
2018-08-10 09:35:00-04:00,46.24,46.26,46.19,46.255,5427
2018-08-10 09:40:00-04:00,46.26,46.36,46.25,46.36,5884
2018-08-10 09:45:00-04:00,46.37,46.39,46.35,46.35,3360
2018-08-10 09:50:00-04:00,46.35,46.37,46.28,46.37,7085
2018-08-10 09:55:00-04:00,46.39,46.41,46.33,46.37,6152
2018-08-10 10:00:00-04:00,46.38,46.39,46.33,46.34,5595
2018-08-10 10:05:00-04:00,46.32,46.32,46.29,46.3,4200
2018-08-10 10:10:00-04:00,46.29,46.31,46.26,46.27,7565
2018-08-10 10:15:00-04:00,46.27,46.28,46.22,46.25,9194
2018-08-10 10:20:00-04:00,46.27,46.29,46.215,46.215,5771
2018-08-10 10:25:00-04:00,46.21,46.21,46.18,46.2,3916
2018-08-10 10:30:00-04:00,46.2,46.21,46.18,46.19,6090
2018-08-10 10:35:00-04:00,46.19,46.21,46.17,46.19,5603
2018-08-10 10:40:00-04:00,46.19,46.22,46.18,46.21,10029
2018-08-10 10:45:00-04:00,46.2,46.21,46.19,46.2,6711
2018-08-10 10:50:00-04:00,46.2,46.2,46.17,46.18,6805
2018-08-10 10:55:00-04:00,46.18,46.21,46.18,46.2,4644
2018-08-10 11:00:00-04:00,46.2,46.2,46.17,46.2,4039
2018-08-10 11:05:00-04:00,46.21,46.24,46.21,46.23,4679
2018-08-10 11:10:00-04:00,46.23,46.25,46.2,46.25,9863
2018-08-10 11:15:00-04:00,46.255,46.31,46.25,46.305,12361
2018-08-10 11:20:00-04:00,46.3,46.33,46.3,46.32,6167
2018-08-10 11:25:00-04:00,46.32,46.33,46.27,46.275,14138
2018-08-10 11:30:00-04:00,46.28,46.31,46.27,46.31,4591
2018-08-10 11:35:00-04:00,46.3,46.3,46.245,46.25,3787
2018-08-10 11:40:00-04:00,46.24,46.24,46.22,46.23,2603
2018-08-10 11:45:00-04:00,46.23,46.24,46.225,46.24,3150
2018-08-10 11:50:00-04:00,46.24,46.255,46.2,46.2,6269
2018-08-10 11:55:00-04:00,46.21,46.22,46.18,46.18,6385
2018-08-10 12:00:00-04:00,46.18,46.18,46.15,46.16,5330
2018-08-10 12:05:00-04:00,46.16,46.19,46.16,46.17,4463
2018-08-10 12:10:00-04:00,46.17,46.17,46.13,46.13,3450
2018-08-10 12:15:00-04:00,46.13,46.14,46.12,46.12,3647
2018-08-10 12:20:00-04:00,46.11,46.11,46.08,46.1,3370
2018-08-10 12:25:00-04:00,46.1,46.12,46.09,46.09,2878
2018-08-10 12:30:00-04:00,46.1,46.11,46.1,46.1,7158
2018-08-10 12:35:00-04:00,46.1,46.1,46.09,46.1,4077
2018-08-10 12:40:00-04:00,46.1,46.14,46.095,46.13,7592
2018-08-10 12:45:00-04:00,46.13,46.15,46.12,46.125,8700
2018-08-10 12:50:00-04:00,46.12,46.125,46.1,46.1,3707
2018-08-10 12:55:00-04:00,46.11,46.11,46.1,46.11,1539
2018-08-10 13:00:00-04:00,46.12,46.135,46.12,46.13,5582
2018-08-10 13:05:00-04:00,46.13,46.15,46.13,46.15,4733
2018-08-10 13:10:00-04:00,46.16,46.17,46.16,46.17,4099
2018-08-10 13:15:00-04:00,46.16,46.16,46.115,46.115,7311
2018-08-10 13:20:00-04:00,46.11,46.14,46.11,46.13,2479
2018-08-10 13:25:00-04:00,46.12,46.12,46.1,46.1,3565
2018-08-10 13:30:00-04:00,46.11,46.13,46.11,46.13,4500
2018-08-10 13:35:00-04:00,46.12,46.13,46.09,46.1,5599
2018-08-10 13:40:00-04:00,46.1,46.12,46.09,46.09,3846
2018-08-10 13:45:00-04:00,46.085,46.1,46.06,46.07,6102
2018-08-10 13:50:00-04:00,46.07,46.09,46.07,46.08,3600
2018-08-10 13:55:00-04:00,46.08,46.085,46.075,46.085,5073
2018-08-10 14:00:00-04:00,46.09,46.09,46.05,46.06,3504
2018-08-10 14:05:00-04:00,46.06,46.075,46.04,46.07,4972
2018-08-10 14:10:00-04:00,46.075,46.09,46.07,46.08,5231
2018-08-10 14:15:00-04:00,46.07,46.08,46.06,46.06,4400
2018-08-10 14:20:00-04:00,46.06,46.07,46.04,46.07,4238
2018-08-10 14:25:00-04:00,46.07,46.08,46.04,46.04,5063
2018-08-10 14:30:00-04:00,46.05,46.06,46.03,46.03,4510
2018-08-10 14:35:00-04:00,46.03,46.055,46.02,46.05,4800
2018-08-10 14:40:00-04:00,46.05,46.05,46.025,46.045,5362
2018-08-10 14:45:00-04:00,46.045,46.045,46.0,46.01,6230
2018-08-10 14:50:00-04:00,46.02,46.05,46.02,46.03,3310
2018-08-10 14:55:00-04:00,46.03,46.05,46.03,46.05,3166
2018-08-10 15:00:00-04:00,46.04,46.04,45.97,46.0,11850
2018-08-10 15:05:00-04:00,45.99,46.01,45.99,46.0,4455
2018-08-10 15:10:00-04:00,46.0,46.0,45.98,45.98,5361
2018-08-10 15:15:00-04:00,45.98,46.035,45.98,46.02,3665
2018-08-10 15:20:00-04:00,46.03,46.11,46.03,46.085,11373
2018-08-10 15:25:00-04:00,46.1,46.13,46.095,46.11,6043
2018-08-10 15:30:00-04:00,46.11,46.11,46.08,46.08,6780
2018-08-10 15:35:00-04:00,46.08,46.1,46.075,46.095,12415
2018-08-10 15:40:00-04:00,46.09,46.095,46.05,46.06,19635
2018-08-10 15:45:00-04:00,46.065,46.09,46.05,46.055,18321
2018-08-10 15:50:00-04:00,46.05,46.11,46.05,46.1,19400
2018-08-10 15:55:00-04:00,46.09,46.11,46.07,46.08,45663
2018-08-13 09:30:00-04:00,46.08,46.08,46.02,46.08,4701
2018-08-13 09:35:00-04:00,46.075,46.12,45.98,45.98,8822
2018-08-13 09:40:00-04:00,46.0,46.0,45.83,45.83,13609
2018-08-13 09:45:00-04:00,45.82,45.9,45.82,45.85,9450
2018-08-13 09:50:00-04:00,45.84,45.86,45.77,45.77,8658
2018-08-13 09:55:00-04:00,45.78,45.94,45.78,45.94,9633
2018-08-13 10:00:00-04:00,45.94,45.97,45.93,45.94,4976
2018-08-13 10:05:00-04:00,45.94,45.96,45.93,45.93,5095
2018-08-13 10:10:00-04:00,45.91,45.95,45.9,45.9,7588
2018-08-13 10:15:00-04:00,45.9,45.91,45.87,45.88,10966
2018-08-13 10:20:00-04:00,45.87,45.89,45.85,45.88,2815
2018-08-13 10:25:00-04:00,45.89,45.895,45.88,45.88,3655
2018-08-13 10:30:00-04:00,45.88,45.88,45.82,45.86,16686
2018-08-13 10:35:00-04:00,45.85,45.88,45.83,45.84,15525
2018-08-13 10:40:00-04:00,45.85,45.85,45.805,45.805,5866
2018-08-13 10:45:00-04:00,45.805,45.82,45.79,45.805,5832
2018-08-13 10:50:00-04:00,45.8,45.8,45.77,45.77,8653
2018-08-13 10:55:00-04:00,45.77,45.8,45.77,45.8,4683
2018-08-13 11:00:00-04:00,45.82,45.855,45.82,45.845,5001
2018-08-13 11:05:00-04:00,45.84,45.84,45.705,45.73,31566
2018-08-13 11:10:00-04:00,45.73,45.805,45.71,45.79,11154
2018-08-13 11:15:00-04:00,45.79,45.79,45.76,45.76,9428
2018-08-13 11:20:00-04:00,45.775,45.78,45.76,45.78,10008
2018-08-13 11:25:00-04:00,45.775,45.82,45.75,45.82,5980
2018-08-13 11:30:00-04:00,45.82,45.835,45.77,45.77,9180
2018-08-13 11:35:00-04:00,45.77,45.79,45.765,45.765,6539
2018-08-13 11:40:00-04:00,45.77,45.79,45.755,45.78,4220
2018-08-13 11:45:00-04:00,45.78,45.78,45.74,45.77,4240
2018-08-13 11:50:00-04:00,45.78,45.78,45.74,45.76,6973
2018-08-13 11:55:00-04:00,45.75,45.76,45.735,45.735,2838
2018-08-13 12:00:00-04:00,45.73,45.76,45.72,45.76,5079
2018-08-13 12:05:00-04:00,45.76,45.765,45.74,45.75,3135
2018-08-13 12:10:00-04:00,45.76,45.76,45.73,45.755,3542
2018-08-13 12:15:00-04:00,45.75,45.75,45.74,45.74,3622
2018-08-13 12:20:00-04:00,45.74,45.76,45.74,45.755,4758
2018-08-13 12:25:00-04:00,45.77,45.795,45.75,45.78,7298
2018-08-13 12:30:00-04:00,45.78,45.785,45.74,45.74,4384
2018-08-13 12:35:00-04:00,45.745,45.76,45.74,45.75,3997
2018-08-13 12:40:00-04:00,45.76,45.76,45.75,45.75,2228
2018-08-13 12:45:00-04:00,45.75,45.765,45.74,45.76,3968
2018-08-13 12:50:00-04:00,45.76,45.77,45.73,45.76,7596
2018-08-13 12:55:00-04:00,45.76,45.76,45.74,45.75,3961
2018-08-13 13:00:00-04:00,45.75,45.75,45.73,45.74,4164
2018-08-13 13:05:00-04:00,45.73,45.76,45.73,45.76,515
2018-08-13 13:10:00-04:00,45.79,45.81,45.79,45.8,1524
2018-08-13 13:15:00-04:00,45.8,45.86,45.8,45.86,3944
2018-08-13 13:20:00-04:00,45.85,45.85,45.83,45.85,2686
2018-08-13 13:25:00-04:00,45.84,45.86,45.84,45.855,2000
2018-08-13 13:30:00-04:00,45.87,45.9,45.87,45.89,30613
2018-08-13 13:35:00-04:00,45.89,45.9,45.89,45.89,3349
2018-08-13 13:40:00-04:00,45.9,45.91,45.89,45.89,4792
2018-08-13 13:45:00-04:00,45.89,45.9,45.87,45.875,4798
2018-08-13 13:50:00-04:00,45.87,45.92,45.87,45.9,5285
2018-08-13 13:55:00-04:00,45.89,45.895,45.87,45.875,3083
2018-08-13 14:00:00-04:00,45.88,45.9,45.88,45.9,4760
2018-08-13 14:05:00-04:00,45.9,45.91,45.89,45.9,4376
2018-08-13 14:10:00-04:00,45.9,45.935,45.9,45.925,2877
2018-08-13 14:15:00-04:00,45.93,45.94,45.92,45.94,4600
2018-08-13 14:20:00-04:00,45.935,45.95,45.93,45.95,6196
2018-08-13 14:25:00-04:00,45.94,45.945,45.93,45.93,4897
2018-08-13 14:30:00-04:00,45.93,45.94,45.93,45.935,7475
2018-08-13 14:35:00-04:00,45.94,45.94,45.91,45.935,11685
2018-08-13 14:40:00-04:00,45.93,45.94,45.91,45.925,4438
2018-08-13 14:45:00-04:00,45.93,45.93,45.91,45.91,4590
2018-08-13 14:50:00-04:00,45.91,45.92,45.9,45.9,8388
2018-08-13 14:55:00-04:00,45.9,45.915,45.89,45.915,4891
2018-08-13 15:00:00-04:00,45.91,45.91,45.88,45.895,9205
2018-08-13 15:05:00-04:00,45.9,45.91,45.885,45.905,5759
2018-08-13 15:10:00-04:00,45.9,45.91,45.9,45.9,13614
2018-08-13 15:15:00-04:00,45.905,45.94,45.905,45.915,4470
2018-08-13 15:20:00-04:00,45.91,45.92,45.895,45.91,5365
2018-08-13 15:25:00-04:00,45.91,45.915,45.89,45.89,6103
2018-08-13 15:30:00-04:00,45.88,45.88,45.84,45.86,6278
2018-08-13 15:35:00-04:00,45.855,45.89,45.855,45.875,6865
2018-08-13 15:40:00-04:00,45.875,45.88,45.86,45.875,32413
2018-08-13 15:45:00-04:00,45.865,45.87,45.84,45.84,46243
2018-08-13 15:50:00-04:00,45.835,45.86,45.83,45.84,35451
2018-08-13 15:55:00-04:00,45.845,45.85,45.81,45.83,41140
2018-08-14 09:30:00-04:00,45.92,45.98,45.9,45.97,7879
2018-08-14 09:35:00-04:00,45.98,45.99,45.93,45.945,5681
2018-08-14 09:40:00-04:00,46.0,46.08,46.0,46.0,6713
2018-08-14 09:45:00-04:00,46.02,46.09,46.02,46.08,9243
2018-08-14 09:50:00-04:00,46.06,46.06,46.01,46.015,6904
2018-08-14 09:55:00-04:00,46.03,46.035,45.97,46.01,8456
2018-08-14 10:00:00-04:00,46.01,46.015,45.97,45.98,9585
2018-08-14 10:05:00-04:00,45.97,45.97,45.92,45.92,8201
2018-08-14 10:10:00-04:00,45.92,45.96,45.91,45.93,4256
2018-08-14 10:15:00-04:00,45.94,45.985,45.94,45.985,5127
2018-08-14 10:20:00-04:00,45.98,46.03,45.97,46.025,5263
2018-08-14 10:25:00-04:00,46.03,46.03,46.0,46.0,5567
2018-08-14 10:30:00-04:00,46.0,46.0,45.97,46.0,4890
2018-08-14 10:35:00-04:00,46.035,46.05,46.01,46.04,5898
2018-08-14 10:40:00-04:00,46.05,46.08,46.05,46.06,6389
2018-08-14 10:45:00-04:00,46.06,46.08,46.055,46.06,5816
2018-08-14 10:50:00-04:00,46.06,46.1,46.04,46.1,4773
2018-08-14 10:55:00-04:00,46.09,46.09,46.04,46.065,5998
2018-08-14 11:00:00-04:00,46.06,46.07,46.05,46.055,7068
2018-08-14 11:05:00-04:00,46.06,46.08,46.06,46.08,3795
2018-08-14 11:10:00-04:00,46.08,46.08,46.02,46.02,5426
2018-08-14 11:15:00-04:00,46.01,46.02,45.99,45.99,7625
2018-08-14 11:20:00-04:00,45.99,45.99,45.94,45.975,5179
2018-08-14 11:25:00-04:00,45.98,45.985,45.96,45.96,6280
2018-08-14 11:30:00-04:00,45.965,45.99,45.96,45.97,4224
2018-08-14 11:35:00-04:00,45.99,46.01,45.99,46.01,3104
2018-08-14 11:40:00-04:00,46.0,46.05,46.0,46.04,6543
2018-08-14 11:45:00-04:00,46.035,46.04,46.02,46.035,3941
2018-08-14 11:50:00-04:00,46.04,46.04,46.0,46.0,6816
2018-08-14 11:55:00-04:00,46.0,46.0,45.95,46.0,5881
2018-08-14 12:00:00-04:00,46.01,46.01,45.97,45.995,5890
2018-08-14 12:05:00-04:00,45.99,46.01,45.985,46.0,3778
2018-08-14 12:10:00-04:00,45.995,46.0,45.96,45.98,4742
2018-08-14 12:15:00-04:00,45.98,45.98,45.96,45.96,2894
2018-08-14 12:20:00-04:00,45.95,45.96,45.95,45.96,5658
2018-08-14 12:25:00-04:00,45.96,45.985,45.96,45.97,2640
2018-08-14 12:30:00-04:00,45.96,45.97,45.95,45.97,3867
2018-08-14 12:35:00-04:00,45.97,45.98,45.955,45.98,4870
2018-08-14 12:40:00-04:00,45.97,45.985,45.97,45.97,3354
2018-08-14 12:45:00-04:00,45.97,45.975,45.93,45.93,3825
2018-08-14 12:50:00-04:00,45.94,45.94,45.91,45.92,3742
2018-08-14 12:55:00-04:00,45.92,45.94,45.9,45.9,4673
2018-08-14 13:00:00-04:00,45.92,45.95,45.915,45.95,3808
2018-08-14 13:05:00-04:00,45.94,45.94,45.93,45.94,2502
2018-08-14 13:10:00-04:00,45.94,45.95,45.94,45.945,2667
2018-08-14 13:15:00-04:00,45.95,45.96,45.95,45.95,1737
2018-08-14 13:20:00-04:00,45.96,45.96,45.94,45.94,3279
2018-08-14 13:25:00-04:00,45.94,45.945,45.93,45.94,5513
2018-08-14 13:30:00-04:00,45.945,45.96,45.935,45.96,7470
2018-08-14 13:35:00-04:00,45.965,45.965,45.94,45.94,3606
2018-08-14 13:40:00-04:00,45.94,45.94,45.92,45.92,3012
2018-08-14 13:45:00-04:00,45.91,45.91,45.88,45.9,3122
2018-08-14 13:50:00-04:00,45.91,45.91,45.9,45.91,4546
2018-08-14 13:55:00-04:00,45.91,45.93,45.91,45.92,2778
2018-08-14 14:00:00-04:00,45.92,45.94,45.91,45.92,3726
2018-08-14 14:05:00-04:00,45.92,45.92,45.91,45.92,1570
2018-08-14 14:10:00-04:00,45.92,45.93,45.91,45.92,4961
2018-08-14 14:15:00-04:00,45.93,45.93,45.9,45.9,7737
2018-08-14 14:20:00-04:00,45.91,45.91,45.88,45.89,6516
2018-08-14 14:25:00-04:00,45.89,45.91,45.88,45.91,3413
2018-08-14 14:30:00-04:00,45.91,45.92,45.91,45.91,5661
2018-08-14 14:35:00-04:00,45.91,45.94,45.91,45.93,3843
2018-08-14 14:40:00-04:00,45.93,45.95,45.93,45.95,3118
2018-08-14 14:45:00-04:00,45.96,46.0,45.955,45.97,11362
2018-08-14 14:50:00-04:00,45.97,45.97,45.96,45.97,5204
2018-08-14 14:55:00-04:00,45.965,45.97,45.95,45.955,6713
2018-08-14 15:00:00-04:00,45.96,45.96,45.94,45.95,9429
2018-08-14 15:05:00-04:00,45.95,45.955,45.945,45.955,5292
2018-08-14 15:10:00-04:00,45.96,45.97,45.955,45.97,4415
2018-08-14 15:15:00-04:00,45.97,46.0,45.97,46.0,1267
2018-08-14 15:20:00-04:00,45.995,46.0,45.98,45.99,7211
2018-08-14 15:25:00-04:00,45.99,46.005,45.985,46.0,2555
2018-08-14 15:30:00-04:00,45.995,46.01,45.985,46.01,3485
2018-08-14 15:35:00-04:00,46.005,46.02,45.97,45.97,10740
2018-08-14 15:40:00-04:00,45.97,45.985,45.97,45.98,7604
2018-08-14 15:45:00-04:00,45.98,45.985,45.96,45.975,11339
2018-08-14 15:50:00-04:00,45.98,45.98,45.93,45.95,13244
2018-08-14 15:55:00-04:00,45.94,45.96,45.88,45.89,57613
2018-08-15 09:30:00-04:00,45.78,45.84,45.76,45.77,16334
2018-08-15 09:35:00-04:00,45.77,45.81,45.745,45.76,9584
2018-08-15 09:40:00-04:00,45.765,45.765,45.66,45.7,9648
2018-08-15 09:45:00-04:00,45.725,45.725,45.7,45.71,7585
2018-08-15 09:50:00-04:00,45.7,45.71,45.67,45.705,8707
2018-08-15 09:55:00-04:00,45.71,45.83,45.705,45.81,8704
2018-08-15 10:00:00-04:00,45.81,45.88,45.79,45.85,9271
2018-08-15 10:05:00-04:00,45.855,45.92,45.84,45.92,6594
2018-08-15 10:10:00-04:00,45.92,45.97,45.9,45.93,11286
2018-08-15 10:15:00-04:00,45.93,45.95,45.89,45.9,8588
2018-08-15 10:20:00-04:00,45.905,46.01,45.905,46.0,6095
2018-08-15 10:25:00-04:00,45.99,45.99,45.935,45.95,11400
2018-08-15 10:30:00-04:00,45.94,46.03,45.94,46.02,9835
2018-08-15 10:35:00-04:00,46.015,46.03,45.975,46.0,7221
2018-08-15 10:40:00-04:00,46.01,46.01,45.94,45.94,9220
2018-08-15 10:45:00-04:00,45.94,45.97,45.9,45.9,5766
2018-08-15 10:50:00-04:00,45.895,45.91,45.88,45.89,4630
2018-08-15 10:55:00-04:00,45.9,45.97,45.89,45.97,6254
2018-08-15 11:00:00-04:00,45.98,45.99,45.96,45.965,8502
2018-08-15 11:05:00-04:00,45.96,46.01,45.94,46.0,5141
2018-08-15 11:10:00-04:00,46.0,46.01,45.97,45.98,6887
2018-08-15 11:15:00-04:00,45.98,45.98,45.95,45.965,9534
2018-08-15 11:20:00-04:00,45.96,46.01,45.935,45.985,11215
2018-08-15 11:25:00-04:00,45.99,46.02,45.955,45.98,12584
2018-08-15 11:30:00-04:00,45.985,46.0,45.96,46.0,6982
2018-08-15 11:35:00-04:00,46.01,46.02,45.99,46.0,4628
2018-08-15 11:40:00-04:00,46.01,46.03,46.01,46.015,4269
2018-08-15 11:45:00-04:00,46.01,46.03,46.0,46.01,8439
2018-08-15 11:50:00-04:00,46.02,46.055,46.015,46.055,4806
2018-08-15 11:55:00-04:00,46.055,46.09,46.035,46.08,6368
2018-08-15 12:00:00-04:00,46.08,46.1,46.08,46.09,3354
2018-08-15 12:05:00-04:00,46.09,46.12,46.08,46.115,6945
2018-08-15 12:10:00-04:00,46.11,46.12,46.1,46.11,8905
2018-08-15 12:15:00-04:00,46.1,46.12,46.09,46.1,7991
2018-08-15 12:20:00-04:00,46.11,46.12,46.09,46.11,4399
2018-08-15 12:25:00-04:00,46.11,46.115,46.09,46.105,6583
2018-08-15 12:30:00-04:00,46.105,46.105,46.08,46.105,8914
2018-08-15 12:35:00-04:00,46.1,46.12,46.1,46.115,6098
2018-08-15 12:40:00-04:00,46.11,46.13,46.1,46.13,5213
2018-08-15 12:45:00-04:00,46.135,46.14,46.1,46.1,6020
2018-08-15 12:50:00-04:00,46.105,46.11,46.055,46.07,8812
2018-08-15 12:55:00-04:00,46.08,46.09,46.075,46.08,3541
2018-08-15 13:00:00-04:00,46.09,46.11,46.08,46.09,5221
2018-08-15 13:05:00-04:00,46.09,46.125,46.09,46.1,5671
2018-08-15 13:10:00-04:00,46.105,46.105,46.06,46.06,3728
2018-08-15 13:15:00-04:00,46.07,46.07,46.04,46.045,7534
2018-08-15 13:20:00-04:00,46.04,46.07,46.03,46.03,5760
2018-08-15 13:25:00-04:00,46.05,46.07,46.04,46.045,4323
2018-08-15 13:30:00-04:00,46.045,46.045,46.0,46.0,21030
2018-08-15 13:35:00-04:00,46.0,46.07,46.0,46.07,4492
2018-08-15 13:40:00-04:00,46.06,46.1,46.06,46.07,5107
2018-08-15 13:45:00-04:00,46.08,46.09,46.08,46.08,3961
2018-08-15 13:50:00-04:00,46.08,46.08,46.03,46.03,7420
2018-08-15 13:55:00-04:00,46.035,46.05,46.02,46.04,8675
2018-08-15 14:00:00-04:00,46.04,46.05,46.02,46.045,8396
2018-08-15 14:05:00-04:00,46.04,46.06,46.025,46.025,9684
2018-08-15 14:10:00-04:00,46.05,46.08,46.04,46.05,7513
2018-08-15 14:15:00-04:00,46.065,46.1,46.06,46.095,6287
2018-08-15 14:20:00-04:00,46.095,46.125,46.09,46.1,4712
2018-08-15 14:25:00-04:00,46.09,46.105,46.08,46.1,6736
2018-08-15 14:30:00-04:00,46.1,46.12,46.08,46.1,10605
2018-08-15 14:35:00-04:00,46.1,46.1,46.09,46.09,6215
2018-08-15 14:40:00-04:00,46.09,46.1,46.07,46.08,6711
2018-08-15 14:45:00-04:00,46.08,46.08,46.03,46.045,5603
2018-08-15 14:50:00-04:00,46.045,46.08,46.02,46.03,9609
2018-08-15 14:55:00-04:00,46.03,46.095,46.03,46.095,5948
2018-08-15 15:00:00-04:00,46.09,46.11,46.08,46.09,31038
2018-08-15 15:05:00-04:00,46.095,46.14,46.095,46.125,12001
2018-08-15 15:10:00-04:00,46.125,46.13,46.09,46.09,12500
2018-08-15 15:15:00-04:00,46.09,46.11,46.09,46.1,5947
2018-08-15 15:20:00-04:00,46.09,46.1,46.055,46.055,7359
2018-08-15 15:25:00-04:00,46.055,46.065,46.03,46.06,9945
2018-08-15 15:30:00-04:00,46.06,46.09,46.045,46.075,15018
2018-08-15 15:35:00-04:00,46.07,46.12,46.07,46.095,9595
2018-08-15 15:40:00-04:00,46.09,46.105,46.07,46.105,18951
2018-08-15 15:45:00-04:00,46.1,46.12,46.065,46.12,30731
2018-08-15 15:50:00-04:00,46.11,46.12,46.06,46.07,31746
2018-08-15 15:55:00-04:00,46.075,46.115,46.06,46.1,75851
2018-08-16 09:30:00-04:00,46.15,46.17,46.06,46.07,5183
2018-08-16 09:35:00-04:00,46.125,46.165,46.1,46.165,9004
2018-08-16 09:40:00-04:00,46.165,46.17,46.125,46.125,6860
2018-08-16 09:45:00-04:00,46.12,46.21,46.12,46.18,11647
2018-08-16 09:50:00-04:00,46.19,46.21,46.16,46.16,5114
2018-08-16 09:55:00-04:00,46.155,46.155,46.105,46.15,27868
2018-08-16 10:00:00-04:00,46.15,46.15,46.1,46.11,5312
2018-08-16 10:05:00-04:00,46.095,46.1,46.06,46.07,2599
2018-08-16 10:10:00-04:00,46.07,46.085,46.0,46.0,2992
2018-08-16 10:15:00-04:00,46.01,46.025,46.005,46.025,7825
2018-08-16 10:20:00-04:00,46.02,46.04,45.97,46.035,10724
2018-08-16 10:25:00-04:00,46.05,46.12,46.05,46.12,8962
2018-08-16 10:30:00-04:00,46.11,46.13,46.1,46.13,4838
2018-08-16 10:35:00-04:00,46.115,46.125,46.09,46.115,16298
2018-08-16 10:40:00-04:00,46.115,46.12,46.08,46.09,14757
2018-08-16 10:45:00-04:00,46.095,46.12,46.09,46.115,11004
2018-08-16 10:50:00-04:00,46.13,46.16,46.13,46.14,6405
2018-08-16 10:55:00-04:00,46.135,46.14,46.12,46.135,5805
2018-08-16 11:00:00-04:00,46.135,46.16,46.13,46.16,11686
2018-08-16 11:05:00-04:00,46.16,46.18,46.16,46.165,14022
2018-08-16 11:10:00-04:00,46.175,46.18,46.165,46.18,6516
2018-08-16 11:15:00-04:00,46.17,46.17,46.14,46.155,9392
2018-08-16 11:20:00-04:00,46.165,46.19,46.16,46.185,8775
2018-08-16 11:25:00-04:00,46.195,46.27,46.195,46.255,7290
2018-08-16 11:30:00-04:00,46.25,46.31,46.24,46.31,3919
2018-08-16 11:35:00-04:00,46.29,46.31,46.26,46.26,5679
2018-08-16 11:40:00-04:00,46.26,46.275,46.24,46.26,3001
2018-08-16 11:45:00-04:00,46.26,46.27,46.24,46.25,3489
2018-08-16 11:50:00-04:00,46.24,46.29,46.24,46.285,1693
2018-08-16 11:55:00-04:00,46.28,46.3,46.275,46.3,4234
2018-08-16 12:00:00-04:00,46.315,46.325,46.28,46.32,4204
2018-08-16 12:05:00-04:00,46.325,46.355,46.325,46.35,2143
2018-08-16 12:10:00-04:00,46.35,46.35,46.32,46.345,6475
2018-08-16 12:15:00-04:00,46.345,46.36,46.33,46.33,8452
2018-08-16 12:20:00-04:00,46.33,46.335,46.3,46.31,5999
2018-08-16 12:25:00-04:00,46.305,46.32,46.295,46.295,3778
2018-08-16 12:30:00-04:00,46.3,46.31,46.295,46.3,3068
2018-08-16 12:35:00-04:00,46.3,46.305,46.29,46.305,2954
2018-08-16 12:40:00-04:00,46.3,46.3,46.25,46.27,4280
2018-08-16 12:45:00-04:00,46.28,46.305,46.28,46.285,4278
2018-08-16 12:50:00-04:00,46.28,46.3,46.28,46.3,2982
2018-08-16 12:55:00-04:00,46.3,46.305,46.295,46.3,15032
2018-08-16 13:00:00-04:00,46.3,46.3,46.29,46.3,8830
2018-08-16 13:05:00-04:00,46.3,46.3,46.285,46.295,17506
2018-08-16 13:10:00-04:00,46.3,46.3,46.29,46.295,5733
2018-08-16 13:15:00-04:00,46.295,46.3,46.26,46.295,18870
2018-08-16 13:20:00-04:00,46.3,46.38,46.295,46.38,14932
2018-08-16 13:25:00-04:00,46.38,46.38,46.35,46.355,12366
2018-08-16 13:30:00-04:00,46.35,46.36,46.34,46.34,9944
2018-08-16 13:35:00-04:00,46.34,46.36,46.34,46.34,13783
2018-08-16 13:40:00-04:00,46.34,46.34,46.31,46.32,8272
2018-08-16 13:45:00-04:00,46.32,46.33,46.32,46.325,10496
2018-08-16 13:50:00-04:00,46.33,46.33,46.32,46.325,9003
2018-08-16 13:55:00-04:00,46.325,46.325,46.29,46.29,13701
2018-08-16 14:00:00-04:00,46.295,46.295,46.265,46.265,10586
2018-08-16 14:05:00-04:00,46.265,46.27,46.25,46.27,11124
2018-08-16 14:10:00-04:00,46.27,46.32,46.26,46.315,7902
2018-08-16 14:15:00-04:00,46.31,46.36,46.305,46.345,20682
2018-08-16 14:20:00-04:00,46.35,46.35,46.33,46.34,15902
2018-08-16 14:25:00-04:00,46.34,46.34,46.33,46.33,24572
2018-08-16 14:30:00-04:00,46.33,46.33,46.31,46.33,27725
2018-08-16 14:35:00-04:00,46.33,46.355,46.32,46.355,28578
2018-08-16 14:40:00-04:00,46.36,46.36,46.34,46.34,9992
2018-08-16 14:45:00-04:00,46.34,46.34,46.305,46.33,24404
2018-08-16 14:50:00-04:00,46.33,46.33,46.3,46.305,16052
2018-08-16 14:55:00-04:00,46.31,46.31,46.29,46.29,13888
2018-08-16 15:00:00-04:00,46.29,46.29,46.26,46.28,22886
2018-08-16 15:05:00-04:00,46.28,46.285,46.25,46.25,14830
2018-08-16 15:10:00-04:00,46.255,46.255,46.24,46.25,17501
2018-08-16 15:15:00-04:00,46.25,46.26,46.235,46.24,26402
2018-08-16 15:20:00-04:00,46.235,46.24,46.215,46.23,23331
2018-08-16 15:25:00-04:00,46.24,46.255,46.23,46.245,100607
2018-08-16 15:30:00-04:00,46.24,46.25,46.23,46.245,29989
2018-08-16 15:35:00-04:00,46.25,46.25,46.21,46.21,19163
2018-08-16 15:40:00-04:00,46.205,46.23,46.205,46.21,19412
2018-08-16 15:45:00-04:00,46.21,46.21,46.18,46.19,38726
2018-08-16 15:50:00-04:00,46.19,46.19,46.16,46.17,42973
2018-08-16 15:55:00-04:00,46.17,46.23,46.16,46.23,72265
2018-08-17 09:30:00-04:00,46.25,46.42,46.25,46.36,5067
2018-08-17 09:35:00-04:00,46.35,46.41,46.32,46.37,8425
2018-08-17 09:40:00-04:00,46.37,46.47,46.37,46.47,7603
2018-08-17 09:45:00-04:00,46.485,46.5,46.435,46.45,15410
2018-08-17 09:50:00-04:00,46.44,46.47,46.42,46.46,12917
2018-08-17 09:55:00-04:00,46.475,46.48,46.38,46.42,9709
2018-08-17 10:00:00-04:00,46.44,46.52,46.43,46.5,5770
2018-08-17 10:05:00-04:00,46.51,46.57,46.47,46.51,6792
2018-08-17 10:10:00-04:00,46.52,46.52,46.46,46.495,6078
2018-08-17 10:15:00-04:00,46.51,46.54,46.51,46.52,6416
2018-08-17 10:20:00-04:00,46.515,46.515,46.48,46.51,5680
2018-08-17 10:25:00-04:00,46.51,46.54,46.51,46.53,5380
2018-08-17 10:30:00-04:00,46.53,46.54,46.505,46.51,2887
2018-08-17 10:35:00-04:00,46.5,46.54,46.49,46.54,4623
2018-08-17 10:40:00-04:00,46.535,46.57,46.53,46.53,4028
2018-08-17 10:45:00-04:00,46.53,46.565,46.51,46.56,4527
2018-08-17 10:50:00-04:00,46.58,46.625,46.58,46.59,5718
2018-08-17 10:55:00-04:00,46.605,46.62,46.59,46.61,3419
2018-08-17 11:00:00-04:00,46.62,46.62,46.6,46.6,3949
2018-08-17 11:05:00-04:00,46.6,46.6,46.565,46.565,4245
2018-08-17 11:10:00-04:00,46.57,46.57,46.52,46.525,4849
2018-08-17 11:15:00-04:00,46.53,46.55,46.525,46.55,5538
2018-08-17 11:20:00-04:00,46.55,46.55,46.51,46.51,7769
2018-08-17 11:25:00-04:00,46.5,46.52,46.495,46.52,3419
2018-08-17 11:30:00-04:00,46.515,46.53,46.5,46.53,2543
2018-08-17 11:35:00-04:00,46.53,46.58,46.53,46.56,4512
2018-08-17 11:40:00-04:00,46.57,46.58,46.56,46.56,2510
2018-08-17 11:45:00-04:00,46.57,46.57,46.55,46.57,4301
2018-08-17 11:50:00-04:00,46.56,46.58,46.53,46.53,27837
2018-08-17 11:55:00-04:00,46.53,46.56,46.53,46.55,2679
2018-08-17 12:00:00-04:00,46.55,46.59,46.55,46.58,4176
2018-08-17 12:05:00-04:00,46.59,46.62,46.59,46.6,3463
2018-08-17 12:10:00-04:00,46.595,46.61,46.575,46.575,2436
2018-08-17 12:15:00-04:00,46.58,46.61,46.575,46.61,1867
2018-08-17 12:20:00-04:00,46.61,46.62,46.61,46.61,4987
2018-08-17 12:25:00-04:00,46.61,46.61,46.6,46.61,1722
2018-08-17 12:30:00-04:00,46.61,46.62,46.61,46.61,5344
2018-08-17 12:35:00-04:00,46.61,46.62,46.605,46.61,12485
2018-08-17 12:40:00-04:00,46.605,46.605,46.57,46.57,2192
2018-08-17 12:45:00-04:00,46.57,46.57,46.54,46.55,4908
2018-08-17 12:50:00-04:00,46.55,46.56,46.54,46.56,2561
2018-08-17 12:55:00-04:00,46.555,46.56,46.545,46.56,4380
2018-08-17 13:00:00-04:00,46.56,46.56,46.545,46.55,3289
2018-08-17 13:05:00-04:00,46.54,46.54,46.525,46.535,1867
2018-08-17 13:10:00-04:00,46.545,46.56,46.545,46.555,2211
2018-08-17 13:15:00-04:00,46.55,46.57,46.55,46.57,4031
2018-08-17 13:20:00-04:00,46.57,46.575,46.565,46.57,2301
2018-08-17 13:25:00-04:00,46.57,46.57,46.55,46.55,4009
2018-08-17 13:30:00-04:00,46.55,46.55,46.545,46.545,448
2018-08-17 13:35:00-04:00,46.56,46.56,46.54,46.54,2961
2018-08-17 13:40:00-04:00,46.54,46.565,46.54,46.565,3954
2018-08-17 13:45:00-04:00,46.565,46.58,46.56,46.575,3675
2018-08-17 13:50:00-04:00,46.57,46.59,46.57,46.58,4129
2018-08-17 13:55:00-04:00,46.58,46.6,46.58,46.6,3154
2018-08-17 14:00:00-04:00,46.59,46.64,46.585,46.64,4942
2018-08-17 14:05:00-04:00,46.65,46.67,46.645,46.645,7027
2018-08-17 14:10:00-04:00,46.635,46.64,46.62,46.63,2780
2018-08-17 14:15:00-04:00,46.64,46.66,46.62,46.63,5566
2018-08-17 14:20:00-04:00,46.635,46.67,46.635,46.66,6697
2018-08-17 14:25:00-04:00,46.66,46.68,46.65,46.68,2861
2018-08-17 14:30:00-04:00,46.69,46.7,46.68,46.685,4827
2018-08-17 14:35:00-04:00,46.69,46.7,46.68,46.68,3257
2018-08-17 14:40:00-04:00,46.68,46.7,46.68,46.68,3390
2018-08-17 14:45:00-04:00,46.67,46.69,46.67,46.685,2903
2018-08-17 14:50:00-04:00,46.69,46.71,46.685,46.7,6984
2018-08-17 14:55:00-04:00,46.71,46.73,46.7,46.7,5180
2018-08-17 15:00:00-04:00,46.71,46.71,46.69,46.69,6229
2018-08-17 15:05:00-04:00,46.685,46.69,46.665,46.665,5609
2018-08-17 15:10:00-04:00,46.675,46.68,46.675,46.68,1132
2018-08-17 15:15:00-04:00,46.67,46.67,46.635,46.635,5330
2018-08-17 15:20:00-04:00,46.64,46.65,46.62,46.64,4147
2018-08-17 15:25:00-04:00,46.64,46.64,46.6,46.61,8139
2018-08-17 15:30:00-04:00,46.61,46.64,46.6,46.63,7371
2018-08-17 15:35:00-04:00,46.63,46.635,46.59,46.59,5497
2018-08-17 15:40:00-04:00,46.6,46.63,46.595,46.62,8427
2018-08-17 15:45:00-04:00,46.62,46.62,46.6,46.61,14383
2018-08-17 15:50:00-04:00,46.6,46.61,46.58,46.61,14453
2018-08-17 15:55:00-04:00,46.6,46.63,46.59,46.6,58401
2018-08-20 09:30:00-04:00,46.67,46.67,46.6,46.63,6636
2018-08-20 09:35:00-04:00,46.64,46.725,46.62,46.725,5254
2018-08-20 09:40:00-04:00,46.72,46.81,46.72,46.81,8640
2018-08-20 09:45:00-04:00,46.81,46.835,46.8,46.825,3086
2018-08-20 09:50:00-04:00,46.845,46.86,46.79,46.81,3505
2018-08-20 09:55:00-04:00,46.81,46.835,46.8,46.82,3358
2018-08-20 10:00:00-04:00,46.82,46.83,46.75,46.75,3204
2018-08-20 10:05:00-04:00,46.75,46.76,46.74,46.75,1881
2018-08-20 10:10:00-04:00,46.75,46.77,46.73,46.75,4885
2018-08-20 10:15:00-04:00,46.77,46.78,46.76,46.77,2288
2018-08-20 10:20:00-04:00,46.75,46.795,46.75,46.78,2165
2018-08-20 10:25:00-04:00,46.79,46.79,46.75,46.76,2109
2018-08-20 10:30:00-04:00,46.76,46.8,46.76,46.795,6793
2018-08-20 10:35:00-04:00,46.795,46.795,46.75,46.75,4923
2018-08-20 10:40:00-04:00,46.755,46.77,46.75,46.76,2306
2018-08-20 10:45:00-04:00,46.755,46.755,46.72,46.725,3441
2018-08-20 10:50:00-04:00,46.71,46.75,46.71,46.75,3586
2018-08-20 10:55:00-04:00,46.76,46.77,46.74,46.74,1656
2018-08-20 11:00:00-04:00,46.73,46.75,46.73,46.74,1473
2018-08-20 11:05:00-04:00,46.72,46.76,46.72,46.73,1236
2018-08-20 11:10:00-04:00,46.75,46.76,46.74,46.76,1108
2018-08-20 11:15:00-04:00,46.76,46.77,46.74,46.74,2344
2018-08-20 11:20:00-04:00,46.74,46.74,46.72,46.725,1310
2018-08-20 11:25:00-04:00,46.71,46.72,46.69,46.69,1731
2018-08-20 11:30:00-04:00,46.695,46.705,46.68,46.69,1842
2018-08-20 11:35:00-04:00,46.705,46.725,46.69,46.715,3024
2018-08-20 11:40:00-04:00,46.71,46.71,46.69,46.71,1608
2018-08-20 11:45:00-04:00,46.71,46.725,46.7,46.715,2102
2018-08-20 11:50:00-04:00,46.71,46.715,46.69,46.71,3099
2018-08-20 11:55:00-04:00,46.69,46.7,46.68,46.695,2253
2018-08-20 12:00:00-04:00,46.685,46.705,46.685,46.705,1701
2018-08-20 12:05:00-04:00,46.71,46.71,46.69,46.69,4139
2018-08-20 12:10:00-04:00,46.7,46.72,46.7,46.72,1186
2018-08-20 12:15:00-04:00,46.72,46.72,46.68,46.695,2210
2018-08-20 12:20:00-04:00,46.7,46.705,46.68,46.68,1400
2018-08-20 12:25:00-04:00,46.685,46.7,46.68,46.7,2155
2018-08-20 12:30:00-04:00,46.7,46.7,46.69,46.7,2330
2018-08-20 12:35:00-04:00,46.69,46.72,46.69,46.72,5158
2018-08-20 12:40:00-04:00,46.71,46.715,46.7,46.705,4627
2018-08-20 12:45:00-04:00,46.715,46.735,46.71,46.735,2289
2018-08-20 12:50:00-04:00,46.745,46.745,46.73,46.745,2170
2018-08-20 12:55:00-04:00,46.75,46.75,46.73,46.75,3345
2018-08-20 13:00:00-04:00,46.745,46.76,46.74,46.76,4174
2018-08-20 13:05:00-04:00,46.755,46.77,46.755,46.765,3145
2018-08-20 13:10:00-04:00,46.765,46.78,46.76,46.775,12531
2018-08-20 13:15:00-04:00,46.77,46.78,46.77,46.77,1729
2018-08-20 13:20:00-04:00,46.76,46.77,46.76,46.76,2759
2018-08-20 13:25:00-04:00,46.755,46.77,46.75,46.75,4800
2018-08-20 13:30:00-04:00,46.75,46.75,46.74,46.745,2231
2018-08-20 13:35:00-04:00,46.74,46.745,46.72,46.73,2726
2018-08-20 13:40:00-04:00,46.725,46.73,46.72,46.72,849
2018-08-20 13:45:00-04:00,46.71,46.73,46.71,46.72,2195
2018-08-20 13:50:00-04:00,46.715,46.73,46.71,46.71,2560
2018-08-20 13:55:00-04:00,46.73,46.73,46.71,46.72,7789
2018-08-20 14:00:00-04:00,46.715,46.735,46.71,46.735,6700
2018-08-20 14:05:00-04:00,46.73,46.73,46.72,46.72,3109
2018-08-20 14:10:00-04:00,46.72,46.73,46.71,46.72,2699
2018-08-20 14:15:00-04:00,46.71,46.725,46.7,46.7,4299
2018-08-20 14:20:00-04:00,46.7,46.7,46.69,46.69,2581
2018-08-20 14:25:00-04:00,46.7,46.705,46.69,46.7,3673
2018-08-20 14:30:00-04:00,46.695,46.695,46.665,46.68,7556
2018-08-20 14:35:00-04:00,46.67,46.675,46.65,46.665,11647
2018-08-20 14:40:00-04:00,46.67,46.69,46.67,46.68,3508
2018-08-20 14:45:00-04:00,46.69,46.7,46.68,46.7,1539
2018-08-20 14:50:00-04:00,46.7,46.7,46.69,46.695,4305
2018-08-20 14:55:00-04:00,46.69,46.695,46.68,46.69,3750
2018-08-20 15:00:00-04:00,46.69,46.73,46.68,46.73,2156
2018-08-20 15:05:00-04:00,46.73,46.76,46.73,46.755,3967
2018-08-20 15:10:00-04:00,46.76,46.765,46.74,46.76,10165
2018-08-20 15:15:00-04:00,46.76,46.765,46.745,46.75,3860
2018-08-20 15:20:00-04:00,46.745,46.75,46.74,46.75,2737
2018-08-20 15:25:00-04:00,46.755,46.76,46.75,46.75,9144
2018-08-20 15:30:00-04:00,46.75,46.765,46.745,46.745,12746
2018-08-20 15:35:00-04:00,46.75,46.77,46.74,46.77,4827
2018-08-20 15:40:00-04:00,46.77,46.77,46.75,46.76,8321
2018-08-20 15:45:00-04:00,46.755,46.755,46.74,46.75,9263
2018-08-20 15:50:00-04:00,46.745,46.75,46.72,46.725,21112
2018-08-20 15:55:00-04:00,46.73,46.73,46.69,46.72,41109
2018-08-21 09:30:00-04:00,46.74,46.75,46.585,46.615,5823
2018-08-21 09:35:00-04:00,46.63,46.705,46.62,46.645,9246
2018-08-21 09:40:00-04:00,46.64,46.65,46.53,46.565,3665
2018-08-21 09:45:00-04:00,46.54,46.55,46.51,46.53,10470
2018-08-21 09:50:00-04:00,46.52,46.525,46.49,46.5,5713
2018-08-21 09:55:00-04:00,46.51,46.54,46.5,46.535,3955
2018-08-21 10:00:00-04:00,46.55,46.56,46.52,46.56,7951
2018-08-21 10:05:00-04:00,46.555,46.57,46.53,46.57,7210
2018-08-21 10:10:00-04:00,46.55,46.58,46.55,46.575,4903
2018-08-21 10:15:00-04:00,46.575,46.58,46.555,46.56,11495
2018-08-21 10:20:00-04:00,46.56,46.56,46.5,46.51,9240
2018-08-21 10:25:00-04:00,46.5,46.52,46.49,46.5,4453
2018-08-21 10:30:00-04:00,46.505,46.51,46.5,46.5,8148
2018-08-21 10:35:00-04:00,46.505,46.505,46.46,46.495,7619
2018-08-21 10:40:00-04:00,46.5,46.505,46.48,46.485,10034
2018-08-21 10:45:00-04:00,46.49,46.49,46.47,46.48,10381
2018-08-21 10:50:00-04:00,46.47,46.48,46.39,46.41,19541
2018-08-21 10:55:00-04:00,46.375,46.39,46.36,46.37,4649
2018-08-21 11:00:00-04:00,46.38,46.42,46.36,46.42,2052
2018-08-21 11:05:00-04:00,46.415,46.44,46.41,46.425,3052
2018-08-21 11:10:00-04:00,46.43,46.43,46.41,46.42,2584
2018-08-21 11:15:00-04:00,46.43,46.455,46.42,46.44,4167
2018-08-21 11:20:00-04:00,46.45,46.47,46.45,46.455,3396
2018-08-21 11:25:00-04:00,46.46,46.46,46.42,46.45,2878
2018-08-21 11:30:00-04:00,46.46,46.47,46.44,46.47,2152
2018-08-21 11:35:00-04:00,46.47,46.47,46.42,46.43,2841
2018-08-21 11:40:00-04:00,46.43,46.48,46.43,46.48,1946
2018-08-21 11:45:00-04:00,46.48,46.48,46.47,46.48,2444
2018-08-21 11:50:00-04:00,46.46,46.47,46.44,46.445,4242
2018-08-21 11:55:00-04:00,46.46,46.46,46.44,46.445,2184
2018-08-21 12:00:00-04:00,46.445,46.45,46.4,46.41,3777
2018-08-21 12:05:00-04:00,46.4,46.42,46.4,46.42,1859
2018-08-21 12:10:00-04:00,46.41,46.41,46.39,46.39,1052
2018-08-21 12:15:00-04:00,46.38,46.4,46.38,46.38,2213
2018-08-21 12:20:00-04:00,46.37,46.37,46.355,46.36,3657
2018-08-21 12:25:00-04:00,46.36,46.37,46.36,46.37,2647
2018-08-21 12:30:00-04:00,46.38,46.39,46.37,46.39,1200
2018-08-21 12:35:00-04:00,46.4,46.4,46.385,46.385,2831
2018-08-21 12:40:00-04:00,46.385,46.41,46.38,46.41,5786
2018-08-21 12:45:00-04:00,46.41,46.42,46.4,46.4,2136
2018-08-21 12:50:00-04:00,46.4,46.41,46.39,46.4,1393
2018-08-21 12:55:00-04:00,46.4,46.41,46.39,46.4,2462
2018-08-21 13:00:00-04:00,46.4,46.41,46.39,46.39,2421
2018-08-21 13:05:00-04:00,46.39,46.39,46.37,46.37,1888
2018-08-21 13:10:00-04:00,46.37,46.37,46.36,46.365,4476
2018-08-21 13:15:00-04:00,46.365,46.4,46.36,46.4,8242
2018-08-21 13:20:00-04:00,46.395,46.41,46.395,46.4,2058
2018-08-21 13:25:00-04:00,46.4,46.41,46.4,46.405,1584
2018-08-21 13:30:00-04:00,46.41,46.42,46.4,46.42,4523
2018-08-21 13:35:00-04:00,46.415,46.44,46.41,46.435,3301
2018-08-21 13:40:00-04:00,46.435,46.44,46.43,46.43,3919
2018-08-21 13:45:00-04:00,46.43,46.43,46.42,46.425,6084
2018-08-21 13:50:00-04:00,46.43,46.435,46.4,46.4,8926
2018-08-21 13:55:00-04:00,46.4,46.4,46.4,46.4,1597
2018-08-21 14:00:00-04:00,46.4,46.4,46.39,46.39,3087
2018-08-21 14:05:00-04:00,46.38,46.38,46.36,46.365,715
2018-08-21 14:10:00-04:00,46.36,46.36,46.33,46.33,6528
2018-08-21 14:15:00-04:00,46.335,46.34,46.33,46.335,6748
2018-08-21 14:20:00-04:00,46.335,46.335,46.32,46.32,2476
2018-08-21 14:25:00-04:00,46.325,46.34,46.32,46.335,5677
2018-08-21 14:30:00-04:00,46.33,46.34,46.32,46.32,2964
2018-08-21 14:35:00-04:00,46.31,46.32,46.3,46.305,5647
2018-08-21 14:40:00-04:00,46.3,46.34,46.3,46.34,6539
2018-08-21 14:45:00-04:00,46.32,46.32,46.3,46.31,4003
2018-08-21 14:50:00-04:00,46.31,46.35,46.31,46.35,2109
2018-08-21 14:55:00-04:00,46.35,46.37,46.34,46.37,2100
2018-08-21 15:00:00-04:00,46.36,46.375,46.36,46.37,2436
2018-08-21 15:05:00-04:00,46.37,46.37,46.36,46.36,3833
2018-08-21 15:10:00-04:00,46.36,46.36,46.33,46.33,3870
2018-08-21 15:15:00-04:00,46.32,46.325,46.3,46.3,10740
2018-08-21 15:20:00-04:00,46.295,46.3,46.28,46.29,12188
2018-08-21 15:25:00-04:00,46.29,46.33,46.28,46.28,5953
2018-08-21 15:30:00-04:00,46.28,46.28,46.25,46.26,3929
2018-08-21 15:35:00-04:00,46.255,46.275,46.245,46.25,10989
2018-08-21 15:40:00-04:00,46.255,46.285,46.245,46.255,13051
2018-08-21 15:45:00-04:00,46.255,46.26,46.21,46.245,19095
2018-08-21 15:50:00-04:00,46.24,46.26,46.24,46.25,31918
2018-08-21 15:55:00-04:00,46.25,46.265,46.21,46.21,45354
2018-08-22 09:30:00-04:00,46.35,46.37,46.16,46.16,8988
2018-08-22 09:35:00-04:00,46.16,46.19,46.1,46.12,2115
2018-08-22 09:40:00-04:00,46.11,46.13,46.09,46.13,5120
2018-08-22 09:45:00-04:00,46.13,46.13,46.07,46.1,5354
2018-08-22 09:50:00-04:00,46.1,46.1,46.05,46.05,2977
2018-08-22 09:55:00-04:00,46.09,46.09,46.01,46.025,3424
2018-08-22 10:00:00-04:00,46.02,46.07,46.0,46.07,6211
2018-08-22 10:05:00-04:00,46.065,46.08,46.01,46.01,5078
2018-08-22 10:10:00-04:00,46.01,46.08,46.0,46.08,9150
2018-08-22 10:15:00-04:00,46.07,46.15,46.05,46.105,11763
2018-08-22 10:20:00-04:00,46.1,46.13,46.08,46.09,11314
2018-08-22 10:25:00-04:00,46.09,46.09,46.03,46.05,5954
2018-08-22 10:30:00-04:00,46.07,46.07,46.03,46.04,3065
2018-08-22 10:35:00-04:00,46.03,46.09,46.03,46.09,2509
2018-08-22 10:40:00-04:00,46.09,46.105,46.07,46.09,5260
2018-08-22 10:45:00-04:00,46.08,46.09,46.05,46.065,5986
2018-08-22 10:50:00-04:00,46.07,46.09,46.01,46.025,2702
2018-08-22 10:55:00-04:00,46.02,46.02,45.99,46.0,6976
2018-08-22 11:00:00-04:00,45.995,45.995,45.95,45.95,4518
2018-08-22 11:05:00-04:00,45.945,45.98,45.945,45.95,7900
2018-08-22 11:10:00-04:00,45.96,45.99,45.95,45.96,4171
2018-08-22 11:15:00-04:00,45.97,45.985,45.96,45.98,1745
2018-08-22 11:20:00-04:00,45.995,46.02,45.99,46.02,1537
2018-08-22 11:25:00-04:00,46.02,46.02,45.995,45.995,1073
2018-08-22 11:30:00-04:00,46.005,46.04,46.0,46.03,3466
2018-08-22 11:35:00-04:00,46.01,46.02,46.0,46.005,4022
2018-08-22 11:40:00-04:00,45.99,46.01,45.98,46.01,2413
2018-08-22 11:45:00-04:00,46.005,46.01,45.99,45.99,2011
2018-08-22 11:50:00-04:00,45.995,46.01,45.99,45.99,2200
2018-08-22 11:55:00-04:00,45.99,46.015,45.99,45.99,2651
2018-08-22 12:00:00-04:00,46.0,46.02,45.99,46.01,1400
2018-08-22 12:05:00-04:00,46.01,46.04,46.01,46.015,3550
2018-08-22 12:10:00-04:00,46.02,46.035,46.0,46.03,3200
2018-08-22 12:15:00-04:00,46.03,46.03,46.0,46.0,1061
2018-08-22 12:20:00-04:00,46.01,46.02,46.0,46.01,3110
2018-08-22 12:25:00-04:00,46.01,46.02,45.99,46.01,12871
2018-08-22 12:30:00-04:00,46.0,46.01,45.99,46.0,2119
2018-08-22 12:35:00-04:00,45.99,46.0,45.99,46.0,1921
2018-08-22 12:40:00-04:00,46.01,46.01,45.99,45.99,2853
2018-08-22 12:45:00-04:00,45.99,46.0,45.98,45.99,2482
2018-08-22 12:50:00-04:00,45.99,46.01,45.98,46.01,1729
2018-08-22 12:55:00-04:00,46.0,46.005,46.0,46.0,857
2018-08-22 13:00:00-04:00,46.0,46.0,45.99,45.99,6562
2018-08-22 13:05:00-04:00,45.99,46.0,45.98,45.985,3904
2018-08-22 13:10:00-04:00,45.98,45.99,45.98,45.99,10323
2018-08-22 13:15:00-04:00,46.0,46.01,46.0,46.0,1617
2018-08-22 13:20:00-04:00,46.0,46.01,45.99,46.0,2756
2018-08-22 13:25:00-04:00,46.005,46.01,46.0,46.0,1834
2018-08-22 13:30:00-04:00,46.005,46.01,46.0,46.01,2658
2018-08-22 13:35:00-04:00,46.0,46.02,46.0,46.01,2145
2018-08-22 13:40:00-04:00,46.01,46.035,46.01,46.03,1403
2018-08-22 13:45:00-04:00,46.03,46.03,46.01,46.01,2215
2018-08-22 13:50:00-04:00,46.01,46.02,46.01,46.02,1389
2018-08-22 13:55:00-04:00,46.02,46.035,46.02,46.03,2554
2018-08-22 14:00:00-04:00,46.02,46.09,46.02,46.07,8251
2018-08-22 14:05:00-04:00,46.06,46.07,46.05,46.06,3000
2018-08-22 14:10:00-04:00,46.05,46.06,46.04,46.04,5954
2018-08-22 14:15:00-04:00,46.035,46.04,45.98,45.99,4914
2018-08-22 14:20:00-04:00,45.99,46.0,45.98,45.99,3800
2018-08-22 14:25:00-04:00,45.98,46.0,45.98,45.995,4136
2018-08-22 14:30:00-04:00,46.0,46.02,45.99,46.015,7716
2018-08-22 14:35:00-04:00,46.01,46.02,45.975,45.98,5100
2018-08-22 14:40:00-04:00,45.985,45.985,45.95,45.965,2890
2018-08-22 14:45:00-04:00,45.96,45.98,45.92,45.93,2815
2018-08-22 14:50:00-04:00,45.92,45.94,45.92,45.94,2014
2018-08-22 14:55:00-04:00,45.93,45.965,45.92,45.96,3900
2018-08-22 15:00:00-04:00,45.98,45.98,45.95,45.95,2134
2018-08-22 15:05:00-04:00,45.95,45.96,45.945,45.96,1200
2018-08-22 15:10:00-04:00,45.96,45.975,45.96,45.975,2250
2018-08-22 15:15:00-04:00,45.98,45.98,45.96,45.96,1647
2018-08-22 15:20:00-04:00,45.96,45.98,45.95,45.975,3177
2018-08-22 15:25:00-04:00,45.97,45.98,45.96,45.975,2861
2018-08-22 15:30:00-04:00,45.98,46.01,45.98,45.99,5684
2018-08-22 15:35:00-04:00,45.995,46.025,45.99,46.0,9470
2018-08-22 15:40:00-04:00,45.99,46.0,45.98,45.985,7672
2018-08-22 15:45:00-04:00,45.99,45.99,45.98,45.98,9493
2018-08-22 15:50:00-04:00,45.98,45.99,45.97,45.975,10099
2018-08-22 15:55:00-04:00,45.98,45.995,45.92,45.94,39577
2018-08-23 09:30:00-04:00,45.94,46.07,45.87,46.05,5456
2018-08-23 09:35:00-04:00,46.05,46.08,45.97,46.015,12967
2018-08-23 09:40:00-04:00,46.005,46.055,45.95,45.96,8388
2018-08-23 09:45:00-04:00,45.965,45.975,45.92,45.94,20821
2018-08-23 09:50:00-04:00,45.94,45.945,45.84,45.84,7520
2018-08-23 09:55:00-04:00,45.83,45.84,45.74,45.83,8520
2018-08-23 10:00:00-04:00,45.845,45.92,45.845,45.86,17916
2018-08-23 10:05:00-04:00,45.885,45.93,45.885,45.89,5668
2018-08-23 10:10:00-04:00,45.87,45.89,45.84,45.85,5704
2018-08-23 10:15:00-04:00,45.84,45.88,45.83,45.85,8136
2018-08-23 10:20:00-04:00,45.84,45.85,45.83,45.84,2745
2018-08-23 10:25:00-04:00,45.83,45.855,45.83,45.84,6021
2018-08-23 10:30:00-04:00,45.84,45.9,45.84,45.88,4472
2018-08-23 10:35:00-04:00,45.895,45.9,45.86,45.86,4522
2018-08-23 10:40:00-04:00,45.86,45.875,45.855,45.87,5460
2018-08-23 10:45:00-04:00,45.87,45.925,45.87,45.915,3288
2018-08-23 10:50:00-04:00,45.91,45.925,45.89,45.92,3701
2018-08-23 10:55:00-04:00,45.92,45.93,45.86,45.87,5646
2018-08-23 11:00:00-04:00,45.885,45.91,45.88,45.895,3188
2018-08-23 11:05:00-04:00,45.89,45.91,45.885,45.905,8149
2018-08-23 11:10:00-04:00,45.9,45.91,45.86,45.87,7364
2018-08-23 11:15:00-04:00,45.87,45.91,45.865,45.88,5145
2018-08-23 11:20:00-04:00,45.89,45.905,45.88,45.885,1500
2018-08-23 11:25:00-04:00,45.89,45.895,45.87,45.88,7625
2018-08-23 11:30:00-04:00,45.88,45.905,45.88,45.9,3665
2018-08-23 11:35:00-04:00,45.92,45.92,45.9,45.91,4325
2018-08-23 11:40:00-04:00,45.91,45.965,45.9,45.955,13940
2018-08-23 11:45:00-04:00,45.955,45.97,45.945,45.945,11215
2018-08-23 11:50:00-04:00,45.945,45.96,45.885,45.89,14350
2018-08-23 11:55:00-04:00,45.88,45.88,45.84,45.85,4540
2018-08-23 12:00:00-04:00,45.84,45.86,45.84,45.85,2254
2018-08-23 12:05:00-04:00,45.85,45.85,45.815,45.815,3618
2018-08-23 12:10:00-04:00,45.81,45.83,45.81,45.825,2042
2018-08-23 12:15:00-04:00,45.84,45.84,45.82,45.82,6918
2018-08-23 12:20:00-04:00,45.82,45.855,45.81,45.85,13746
2018-08-23 12:25:00-04:00,45.85,45.85,45.81,45.815,12155
2018-08-23 12:30:00-04:00,45.81,45.81,45.8,45.8,3911
2018-08-23 12:35:00-04:00,45.805,45.81,45.785,45.785,14808
2018-08-23 12:40:00-04:00,45.78,45.8,45.78,45.78,5336
2018-08-23 12:45:00-04:00,45.785,45.79,45.77,45.775,7108
2018-08-23 12:50:00-04:00,45.775,45.78,45.75,45.75,6714
2018-08-23 12:55:00-04:00,45.75,45.76,45.72,45.73,9680
2018-08-23 13:00:00-04:00,45.73,45.75,45.73,45.74,8194
2018-08-23 13:05:00-04:00,45.74,45.75,45.74,45.75,3535
2018-08-23 13:10:00-04:00,45.75,45.76,45.74,45.75,3825
2018-08-23 13:15:00-04:00,45.745,45.755,45.74,45.74,2017
2018-08-23 13:20:00-04:00,45.74,45.78,45.74,45.755,3600
2018-08-23 13:25:00-04:00,45.755,45.76,45.74,45.745,12999
2018-08-23 13:30:00-04:00,45.745,45.75,45.72,45.725,29774
2018-08-23 13:35:00-04:00,45.72,45.75,45.72,45.75,3505
2018-08-23 13:40:00-04:00,45.76,45.76,45.74,45.755,2594
2018-08-23 13:45:00-04:00,45.75,45.8,45.75,45.79,1697
2018-08-23 13:50:00-04:00,45.8,45.8,45.79,45.79,1453
2018-08-23 13:55:00-04:00,45.79,45.8,45.78,45.79,4228
2018-08-23 14:00:00-04:00,45.785,45.79,45.775,45.785,5725
2018-08-23 14:05:00-04:00,45.785,45.785,45.77,45.77,10551
2018-08-23 14:10:00-04:00,45.76,45.765,45.74,45.75,4466
2018-08-23 14:15:00-04:00,45.75,45.76,45.75,45.76,4475
2018-08-23 14:20:00-04:00,45.755,45.78,45.755,45.775,13139
2018-08-23 14:25:00-04:00,45.775,45.78,45.77,45.77,6564
2018-08-23 14:30:00-04:00,45.775,45.78,45.74,45.74,7755
2018-08-23 14:35:00-04:00,45.75,45.75,45.74,45.745,2302
2018-08-23 14:40:00-04:00,45.74,45.75,45.74,45.745,3130
2018-08-23 14:45:00-04:00,45.74,45.81,45.74,45.805,6784
2018-08-23 14:50:00-04:00,45.805,45.82,45.8,45.8,8251
2018-08-23 14:55:00-04:00,45.795,45.82,45.795,45.82,4105
2018-08-23 15:00:00-04:00,45.82,45.82,45.79,45.79,8921
2018-08-23 15:05:00-04:00,45.795,45.81,45.795,45.81,2366
2018-08-23 15:10:00-04:00,45.815,45.82,45.81,45.815,4520
2018-08-23 15:15:00-04:00,45.815,45.82,45.81,45.82,2532
2018-08-23 15:20:00-04:00,45.815,45.82,45.81,45.815,3910
2018-08-23 15:25:00-04:00,45.815,45.82,45.795,45.8,6873
2018-08-23 15:30:00-04:00,45.8,45.81,45.8,45.8,8299
2018-08-23 15:35:00-04:00,45.805,45.805,45.78,45.78,12309
2018-08-23 15:40:00-04:00,45.78,45.785,45.78,45.78,5969
2018-08-23 15:45:00-04:00,45.785,45.785,45.76,45.77,41032
2018-08-23 15:50:00-04:00,45.77,45.78,45.74,45.78,44777
2018-08-23 15:55:00-04:00,45.78,45.795,45.69,45.7,160617
2018-08-24 09:30:00-04:00,45.66,45.71,45.62,45.7,5424
2018-08-24 09:35:00-04:00,45.695,45.725,45.65,45.715,16467
2018-08-24 09:40:00-04:00,45.72,45.72,45.65,45.655,10328
2018-08-24 09:45:00-04:00,45.65,45.69,45.65,45.685,11843
2018-08-24 09:50:00-04:00,45.685,45.7,45.66,45.675,8177
2018-08-24 09:55:00-04:00,45.675,45.68,45.65,45.655,8632
2018-08-24 10:00:00-04:00,45.65,45.66,45.64,45.64,13966
2018-08-24 10:05:00-04:00,45.645,45.7,45.645,45.7,10499
2018-08-24 10:10:00-04:00,45.71,45.71,45.685,45.695,9328
2018-08-24 10:15:00-04:00,45.69,45.71,45.67,45.675,13779
2018-08-24 10:20:00-04:00,45.67,45.685,45.665,45.68,8077
2018-08-24 10:25:00-04:00,45.7,45.7,45.66,45.66,6820
2018-08-24 10:30:00-04:00,45.655,45.67,45.655,45.67,8587
2018-08-24 10:35:00-04:00,45.675,45.73,45.675,45.73,11948
2018-08-24 10:40:00-04:00,45.74,45.75,45.735,45.74,9200
2018-08-24 10:45:00-04:00,45.74,45.75,45.735,45.74,5877
2018-08-24 10:50:00-04:00,45.74,45.75,45.735,45.735,13630
2018-08-24 10:55:00-04:00,45.73,45.73,45.71,45.71,14936
2018-08-24 11:00:00-04:00,45.715,45.73,45.68,45.7,45074
2018-08-24 11:05:00-04:00,45.7,45.72,45.69,45.695,16728
2018-08-24 11:10:00-04:00,45.695,45.71,45.69,45.7,11677
2018-08-24 11:15:00-04:00,45.7,45.7,45.65,45.665,10356
2018-08-24 11:20:00-04:00,45.665,45.7,45.665,45.695,6947
2018-08-24 11:25:00-04:00,45.7,45.71,45.69,45.7,29841
2018-08-24 11:30:00-04:00,45.705,45.705,45.67,45.685,10818
2018-08-24 11:35:00-04:00,45.7,45.72,45.69,45.7,21479
2018-08-24 11:40:00-04:00,45.7,45.73,45.69,45.72,12626
2018-08-24 11:45:00-04:00,45.72,45.75,45.72,45.75,5921
2018-08-24 11:50:00-04:00,45.76,45.77,45.75,45.76,7525
2018-08-24 11:55:00-04:00,45.75,45.76,45.74,45.76,3833
2018-08-24 12:00:00-04:00,45.755,45.775,45.755,45.77,9607
2018-08-24 12:05:00-04:00,45.78,45.8,45.77,45.78,4400
2018-08-24 12:10:00-04:00,45.785,45.79,45.765,45.765,4129
2018-08-24 12:15:00-04:00,45.77,45.77,45.76,45.765,6519
2018-08-24 12:20:00-04:00,45.77,45.77,45.75,45.75,6761
2018-08-24 12:25:00-04:00,45.75,45.77,45.75,45.77,4818
2018-08-24 12:30:00-04:00,45.78,45.78,45.75,45.77,6042
2018-08-24 12:35:00-04:00,45.765,45.77,45.74,45.75,7828
2018-08-24 12:40:00-04:00,45.745,45.75,45.745,45.75,3499
2018-08-24 12:45:00-04:00,45.745,45.75,45.745,45.745,6652
2018-08-24 12:50:00-04:00,45.745,45.75,45.735,45.75,6513
2018-08-24 12:55:00-04:00,45.75,45.75,45.74,45.745,2849
2018-08-24 13:00:00-04:00,45.745,45.75,45.74,45.75,16589
2018-08-24 13:05:00-04:00,45.745,45.75,45.74,45.75,2103
2018-08-24 13:10:00-04:00,45.75,45.75,45.74,45.74,6482
2018-08-24 13:15:00-04:00,45.75,45.75,45.735,45.735,7942
2018-08-24 13:20:00-04:00,45.735,45.74,45.725,45.73,5295
2018-08-24 13:25:00-04:00,45.72,45.73,45.71,45.72,4160
2018-08-24 13:30:00-04:00,45.72,45.72,45.68,45.68,6336
2018-08-24 13:35:00-04:00,45.69,45.69,45.68,45.685,2164
2018-08-24 13:40:00-04:00,45.685,45.69,45.65,45.67,12929
2018-08-24 13:45:00-04:00,45.66,45.665,45.63,45.63,9819
2018-08-24 13:50:00-04:00,45.63,45.63,45.6,45.6,12095
2018-08-24 13:55:00-04:00,45.61,45.62,45.595,45.62,5215
2018-08-24 14:00:00-04:00,45.62,45.64,45.59,45.6,9519
2018-08-24 14:05:00-04:00,45.61,45.62,45.595,45.6,5372
2018-08-24 14:10:00-04:00,45.62,45.63,45.595,45.6,6844
2018-08-24 14:15:00-04:00,45.6,45.61,45.59,45.59,5260
2018-08-24 14:20:00-04:00,45.595,45.615,45.59,45.615,10778
2018-08-24 14:25:00-04:00,45.62,45.62,45.59,45.615,7819
2018-08-24 14:30:00-04:00,45.615,45.64,45.615,45.64,7931
2018-08-24 14:35:00-04:00,45.635,45.66,45.635,45.64,10352
2018-08-24 14:40:00-04:00,45.645,45.68,45.645,45.665,5844
2018-08-24 14:45:00-04:00,45.665,45.68,45.66,45.675,10092
2018-08-24 14:50:00-04:00,45.675,45.69,45.64,45.65,7285
2018-08-24 14:55:00-04:00,45.65,45.66,45.64,45.655,6261
2018-08-24 15:00:00-04:00,45.66,45.66,45.64,45.64,3798
2018-08-24 15:05:00-04:00,45.65,45.66,45.64,45.65,9477
2018-08-24 15:10:00-04:00,45.645,45.66,45.645,45.66,3195
2018-08-24 15:15:00-04:00,45.68,45.68,45.67,45.68,5526
2018-08-24 15:20:00-04:00,45.68,45.68,45.655,45.655,8104
2018-08-24 15:25:00-04:00,45.655,45.66,45.65,45.66,3860
2018-08-24 15:30:00-04:00,45.655,45.67,45.65,45.67,6943
2018-08-24 15:35:00-04:00,45.67,45.67,45.645,45.67,9878
2018-08-24 15:40:00-04:00,45.68,45.7,45.67,45.67,10294
2018-08-24 15:45:00-04:00,45.675,45.68,45.655,45.66,22706
2018-08-24 15:50:00-04:00,45.66,45.68,45.64,45.66,42495
2018-08-24 15:55:00-04:00,45.66,45.67,45.59,45.63,89496
2018-08-27 09:30:00-04:00,46.02,46.02,45.92,45.92,18382
2018-08-27 09:35:00-04:00,45.9,45.99,45.89,45.94,4916
2018-08-27 09:40:00-04:00,45.92,45.93,45.865,45.865,6301
2018-08-27 09:45:00-04:00,45.89,45.89,45.83,45.84,5268
2018-08-27 09:50:00-04:00,45.83,45.85,45.81,45.81,2333
2018-08-27 09:55:00-04:00,45.8,45.805,45.76,45.8,4168
2018-08-27 10:00:00-04:00,45.79,45.79,45.7,45.705,7019
2018-08-27 10:05:00-04:00,45.71,45.71,45.69,45.69,2512
2018-08-27 10:10:00-04:00,45.67,45.67,45.655,45.66,2167
2018-08-27 10:15:00-04:00,45.66,45.72,45.66,45.715,4106
2018-08-27 10:20:00-04:00,45.715,45.74,45.69,45.705,5872
2018-08-27 10:25:00-04:00,45.705,45.73,45.69,45.71,33137
2018-08-27 10:30:00-04:00,45.715,45.715,45.63,45.645,10773
2018-08-27 10:35:00-04:00,45.645,45.645,45.565,45.57,7395
2018-08-27 10:40:00-04:00,45.58,45.61,45.57,45.59,4471
2018-08-27 10:45:00-04:00,45.59,45.6,45.58,45.6,3826
2018-08-27 10:50:00-04:00,45.59,45.62,45.59,45.62,4533
2018-08-27 10:55:00-04:00,45.625,45.645,45.625,45.625,3200
2018-08-27 11:00:00-04:00,45.63,45.65,45.625,45.63,7766
2018-08-27 11:05:00-04:00,45.63,45.65,45.605,45.64,6511
2018-08-27 11:10:00-04:00,45.65,45.655,45.63,45.64,1966
2018-08-27 11:15:00-04:00,45.64,45.645,45.625,45.63,3616
2018-08-27 11:20:00-04:00,45.63,45.64,45.62,45.62,3918
2018-08-27 11:25:00-04:00,45.625,45.625,45.6,45.61,4174
2018-08-27 11:30:00-04:00,45.625,45.63,45.625,45.63,731
2018-08-27 11:35:00-04:00,45.62,45.625,45.6,45.6,2878
2018-08-27 11:40:00-04:00,45.61,45.63,45.61,45.63,4780
2018-08-27 11:45:00-04:00,45.63,45.655,45.63,45.65,3468
2018-08-27 11:50:00-04:00,45.65,45.655,45.62,45.64,1420
2018-08-27 11:55:00-04:00,45.635,45.67,45.63,45.67,8402
2018-08-27 12:00:00-04:00,45.66,45.67,45.66,45.66,1470
2018-08-27 12:05:00-04:00,45.66,45.67,45.66,45.67,1847
2018-08-27 12:10:00-04:00,45.67,45.68,45.66,45.66,2953
2018-08-27 12:15:00-04:00,45.66,45.7,45.65,45.7,4439
2018-08-27 12:20:00-04:00,45.69,45.705,45.685,45.69,1792
2018-08-27 12:25:00-04:00,45.69,45.71,45.69,45.7,920
2018-08-27 12:30:00-04:00,45.71,45.73,45.71,45.72,1239
2018-08-27 12:35:00-04:00,45.715,45.72,45.71,45.71,675
2018-08-27 12:40:00-04:00,45.715,45.72,45.69,45.71,4251
2018-08-27 12:45:00-04:00,45.705,45.72,45.705,45.715,2529
2018-08-27 12:50:00-04:00,45.715,45.73,45.71,45.73,2780
2018-08-27 12:55:00-04:00,45.72,45.73,45.72,45.725,2840
2018-08-27 13:00:00-04:00,45.725,45.76,45.725,45.74,5362
2018-08-27 13:05:00-04:00,45.74,45.74,45.72,45.72,2233
2018-08-27 13:10:00-04:00,45.72,45.73,45.72,45.72,900
2018-08-27 13:15:00-04:00,45.73,45.73,45.72,45.72,2135
2018-08-27 13:20:00-04:00,45.73,45.73,45.71,45.71,4533
2018-08-27 13:25:00-04:00,45.705,45.705,45.68,45.68,2326
2018-08-27 13:30:00-04:00,45.69,45.7,45.69,45.7,1846
2018-08-27 13:35:00-04:00,45.69,45.69,45.68,45.68,2540
2018-08-27 13:40:00-04:00,45.68,45.7,45.68,45.69,2733
2018-08-27 13:45:00-04:00,45.695,45.7,45.69,45.7,3178
2018-08-27 13:50:00-04:00,45.69,45.7,45.69,45.69,1471
2018-08-27 13:55:00-04:00,45.67,45.68,45.66,45.68,1183
2018-08-27 14:00:00-04:00,45.68,45.68,45.665,45.665,2728
2018-08-27 14:05:00-04:00,45.67,45.67,45.66,45.66,1743
2018-08-27 14:10:00-04:00,45.66,45.67,45.66,45.66,1409
2018-08-27 14:15:00-04:00,45.66,45.69,45.66,45.69,2910
2018-08-27 14:20:00-04:00,45.69,45.695,45.68,45.695,2183
2018-08-27 14:25:00-04:00,45.7,45.715,45.7,45.71,2277
2018-08-27 14:30:00-04:00,45.71,45.73,45.71,45.73,4568
2018-08-27 14:35:00-04:00,45.72,45.72,45.695,45.71,3158
2018-08-27 14:40:00-04:00,45.7,45.71,45.69,45.69,2000
2018-08-27 14:45:00-04:00,45.7,45.72,45.695,45.705,3555
2018-08-27 14:50:00-04:00,45.71,45.715,45.71,45.71,600
2018-08-27 14:55:00-04:00,45.715,45.715,45.69,45.695,5313
2018-08-27 15:00:00-04:00,45.7,45.71,45.7,45.7,1918
2018-08-27 15:05:00-04:00,45.705,45.715,45.7,45.715,3155
2018-08-27 15:10:00-04:00,45.71,45.71,45.69,45.69,3693
2018-08-27 15:15:00-04:00,45.7,45.73,45.7,45.725,3402
2018-08-27 15:20:00-04:00,45.73,45.735,45.72,45.73,3318
2018-08-27 15:25:00-04:00,45.73,45.73,45.72,45.72,4072
2018-08-27 15:30:00-04:00,45.73,45.74,45.725,45.735,6157
2018-08-27 15:35:00-04:00,45.73,45.76,45.73,45.74,10095
2018-08-27 15:40:00-04:00,45.74,45.76,45.74,45.745,8469
2018-08-27 15:45:00-04:00,45.74,45.74,45.7,45.725,11414
2018-08-27 15:50:00-04:00,45.725,45.73,45.72,45.72,6614
2018-08-27 15:55:00-04:00,45.73,45.73,45.67,45.69,66592
2018-08-28 09:30:00-04:00,45.635,45.67,45.59,45.615,11290
2018-08-28 09:35:00-04:00,45.64,45.72,45.64,45.66,14709
2018-08-28 09:40:00-04:00,45.65,45.67,45.62,45.63,7282
2018-08-28 09:45:00-04:00,45.64,45.7,45.64,45.69,6269
2018-08-28 09:50:00-04:00,45.69,45.69,45.65,45.65,2463
2018-08-28 09:55:00-04:00,45.64,45.665,45.63,45.65,3240
2018-08-28 10:00:00-04:00,45.65,45.66,45.63,45.645,4571
2018-08-28 10:05:00-04:00,45.64,45.64,45.61,45.615,4511
2018-08-28 10:10:00-04:00,45.61,45.62,45.54,45.54,5304
2018-08-28 10:15:00-04:00,45.525,45.53,45.5,45.52,11768
2018-08-28 10:20:00-04:00,45.51,45.55,45.5,45.55,6368
2018-08-28 10:25:00-04:00,45.56,45.57,45.53,45.54,3512
2018-08-28 10:30:00-04:00,45.56,45.56,45.51,45.53,6241
2018-08-28 10:35:00-04:00,45.54,45.56,45.53,45.55,4032
2018-08-28 10:40:00-04:00,45.55,45.56,45.525,45.55,6014
2018-08-28 10:45:00-04:00,45.54,45.545,45.52,45.52,7473
2018-08-28 10:50:00-04:00,45.52,45.525,45.505,45.51,4185
2018-08-28 10:55:00-04:00,45.5,45.52,45.495,45.51,4179
2018-08-28 11:00:00-04:00,45.52,45.53,45.5,45.52,3366
2018-08-28 11:05:00-04:00,45.53,45.575,45.525,45.575,2964
2018-08-28 11:10:00-04:00,45.58,45.59,45.56,45.57,6147
2018-08-28 11:15:00-04:00,45.57,45.575,45.54,45.54,2312
2018-08-28 11:20:00-04:00,45.535,45.555,45.535,45.54,5630
2018-08-28 11:25:00-04:00,45.54,45.56,45.54,45.54,9096
2018-08-28 11:30:00-04:00,45.53,45.56,45.51,45.52,10243
2018-08-28 11:35:00-04:00,45.53,45.54,45.5,45.53,2042
2018-08-28 11:40:00-04:00,45.53,45.53,45.51,45.51,5640
2018-08-28 11:45:00-04:00,45.5,45.51,45.5,45.505,4683
2018-08-28 11:50:00-04:00,45.51,45.51,45.49,45.495,35888
2018-08-28 11:55:00-04:00,45.505,45.51,45.46,45.505,6290
2018-08-28 12:00:00-04:00,45.5,45.505,45.49,45.5,4595
2018-08-28 12:05:00-04:00,45.5,45.505,45.49,45.505,5315
2018-08-28 12:10:00-04:00,45.5,45.505,45.49,45.49,4887
2018-08-28 12:15:00-04:00,45.5,45.51,45.49,45.505,5245
2018-08-28 12:20:00-04:00,45.5,45.505,45.49,45.5,1605
2018-08-28 12:25:00-04:00,45.495,45.505,45.495,45.505,2753
2018-08-28 12:30:00-04:00,45.505,45.51,45.5,45.505,9731
2018-08-28 12:35:00-04:00,45.51,45.51,45.49,45.49,4948
2018-08-28 12:40:00-04:00,45.5,45.51,45.495,45.5,2399
2018-08-28 12:45:00-04:00,45.5,45.5,45.49,45.49,5381
2018-08-28 12:50:00-04:00,45.5,45.515,45.5,45.5,7534
2018-08-28 12:55:00-04:00,45.5,45.505,45.5,45.5,5478
2018-08-28 13:00:00-04:00,45.49,45.5,45.49,45.5,2016
2018-08-28 13:05:00-04:00,45.505,45.505,45.495,45.505,1510
2018-08-28 13:10:00-04:00,45.505,45.51,45.49,45.49,4325
2018-08-28 13:15:00-04:00,45.49,45.51,45.49,45.505,3947
2018-08-28 13:20:00-04:00,45.51,45.52,45.5,45.515,4184
2018-08-28 13:25:00-04:00,45.515,45.52,45.5,45.5,5005
2018-08-28 13:30:00-04:00,45.5,45.5,45.48,45.49,9190
2018-08-28 13:35:00-04:00,45.5,45.5,45.49,45.5,2168
2018-08-28 13:40:00-04:00,45.5,45.51,45.49,45.49,3568
2018-08-28 13:45:00-04:00,45.495,45.51,45.49,45.51,6074
2018-08-28 13:50:00-04:00,45.51,45.51,45.505,45.505,4055
2018-08-28 13:55:00-04:00,45.5,45.505,45.49,45.49,4122
2018-08-28 14:00:00-04:00,45.49,45.495,45.48,45.495,3571
2018-08-28 14:05:00-04:00,45.5,45.51,45.49,45.495,3882
2018-08-28 14:10:00-04:00,45.49,45.495,45.49,45.495,2326
2018-08-28 14:15:00-04:00,45.49,45.49,45.48,45.485,1757
2018-08-28 14:20:00-04:00,45.48,45.49,45.48,45.48,3419
2018-08-28 14:25:00-04:00,45.49,45.505,45.49,45.49,5181
2018-08-28 14:30:00-04:00,45.49,45.495,45.48,45.48,2784
2018-08-28 14:35:00-04:00,45.48,45.485,45.45,45.45,4797
2018-08-28 14:40:00-04:00,45.46,45.46,45.445,45.45,6178
2018-08-28 14:45:00-04:00,45.45,45.45,45.44,45.45,1493
2018-08-28 14:50:00-04:00,45.45,45.455,45.44,45.455,2595
2018-08-28 14:55:00-04:00,45.455,45.48,45.45,45.48,1683
2018-08-28 15:00:00-04:00,45.48,45.48,45.44,45.44,3316
2018-08-28 15:05:00-04:00,45.45,45.46,45.44,45.44,4336
2018-08-28 15:10:00-04:00,45.445,45.45,45.43,45.45,8809
2018-08-28 15:15:00-04:00,45.45,45.45,45.38,45.4,9751
2018-08-28 15:20:00-04:00,45.4,45.4,45.39,45.395,51113
2018-08-28 15:25:00-04:00,45.395,45.4,45.365,45.395,24650
2018-08-28 15:30:00-04:00,45.395,45.395,45.36,45.36,27457
2018-08-28 15:35:00-04:00,45.355,45.36,45.34,45.34,14555
2018-08-28 15:40:00-04:00,45.345,45.345,45.295,45.295,32075
2018-08-28 15:45:00-04:00,45.3,45.32,45.29,45.295,25306
2018-08-28 15:50:00-04:00,45.29,45.37,45.28,45.365,38138
2018-08-28 15:55:00-04:00,45.37,45.38,45.34,45.38,103086
2018-08-29 09:30:00-04:00,45.25,45.31,45.23,45.25,9960
2018-08-29 09:35:00-04:00,45.25,45.37,45.24,45.3,13653
2018-08-29 09:40:00-04:00,45.32,45.36,45.3,45.35,8339
2018-08-29 09:45:00-04:00,45.35,45.38,45.345,45.36,7329
2018-08-29 09:50:00-04:00,45.36,45.39,45.34,45.38,8911
2018-08-29 09:55:00-04:00,45.36,45.39,45.35,45.35,5566
2018-08-29 10:00:00-04:00,45.355,45.36,45.325,45.355,15270
2018-08-29 10:05:00-04:00,45.35,45.4,45.34,45.4,11529
2018-08-29 10:10:00-04:00,45.395,45.415,45.315,45.315,15380
2018-08-29 10:15:00-04:00,45.315,45.335,45.29,45.3,9910
2018-08-29 10:20:00-04:00,45.3,45.31,45.29,45.295,13776
2018-08-29 10:25:00-04:00,45.295,45.315,45.28,45.315,9374
2018-08-29 10:30:00-04:00,45.31,45.31,45.285,45.29,11601
2018-08-29 10:35:00-04:00,45.29,45.3,45.27,45.28,62245
2018-08-29 10:40:00-04:00,45.27,45.3,45.26,45.3,24109
2018-08-29 10:45:00-04:00,45.3,45.32,45.3,45.31,9338
2018-08-29 10:50:00-04:00,45.31,45.33,45.3,45.33,13775
2018-08-29 10:55:00-04:00,45.33,45.38,45.33,45.34,15019
2018-08-29 11:00:00-04:00,45.345,45.345,45.3,45.32,19905
2018-08-29 11:05:00-04:00,45.32,45.33,45.295,45.32,13501
2018-08-29 11:10:00-04:00,45.33,45.35,45.31,45.32,17220
2018-08-29 11:15:00-04:00,45.32,45.37,45.32,45.37,8791
2018-08-29 11:20:00-04:00,45.375,45.38,45.34,45.35,13310
2018-08-29 11:25:00-04:00,45.355,45.375,45.34,45.375,14111
2018-08-29 11:30:00-04:00,45.375,45.39,45.37,45.385,14285
2018-08-29 11:35:00-04:00,45.38,45.38,45.365,45.37,14821
2018-08-29 11:40:00-04:00,45.365,45.39,45.365,45.39,15445
2018-08-29 11:45:00-04:00,45.39,45.39,45.345,45.355,15887
2018-08-29 11:50:00-04:00,45.355,45.38,45.345,45.37,6275
2018-08-29 11:55:00-04:00,45.37,45.39,45.355,45.385,6342
2018-08-29 12:00:00-04:00,45.38,45.38,45.345,45.345,9035
2018-08-29 12:05:00-04:00,45.35,45.4,45.35,45.4,4179
2018-08-29 12:10:00-04:00,45.4,45.4,45.38,45.38,9127
2018-08-29 12:15:00-04:00,45.37,45.38,45.335,45.335,7101
2018-08-29 12:20:00-04:00,45.33,45.35,45.325,45.34,9418
2018-08-29 12:25:00-04:00,45.345,45.35,45.33,45.33,7257
2018-08-29 12:30:00-04:00,45.34,45.35,45.3,45.3,28457
2018-08-29 12:35:00-04:00,45.32,45.345,45.32,45.34,8568
2018-08-29 12:40:00-04:00,45.335,45.34,45.32,45.33,6093
2018-08-29 12:45:00-04:00,45.33,45.34,45.29,45.305,7547
2018-08-29 12:50:00-04:00,45.305,45.335,45.295,45.33,3759
2018-08-29 12:55:00-04:00,45.325,45.34,45.315,45.33,5412
2018-08-29 13:00:00-04:00,45.335,45.34,45.32,45.33,4439
2018-08-29 13:05:00-04:00,45.335,45.34,45.33,45.335,13094
2018-08-29 13:10:00-04:00,45.335,45.34,45.33,45.34,3948
2018-08-29 13:15:00-04:00,45.335,45.34,45.32,45.325,5249
2018-08-29 13:20:00-04:00,45.32,45.32,45.3,45.3,5661
2018-08-29 13:25:00-04:00,45.3,45.31,45.29,45.31,6355
2018-08-29 13:30:00-04:00,45.305,45.34,45.3,45.33,22543
2018-08-29 13:35:00-04:00,45.335,45.335,45.305,45.305,5924
2018-08-29 13:40:00-04:00,45.31,45.32,45.3,45.305,4782
2018-08-29 13:45:00-04:00,45.31,45.31,45.3,45.31,7825
2018-08-29 13:50:00-04:00,45.31,45.31,45.3,45.305,3203
2018-08-29 13:55:00-04:00,45.31,45.31,45.29,45.295,4433
2018-08-29 14:00:00-04:00,45.3,45.31,45.29,45.305,11474
2018-08-29 14:05:00-04:00,45.31,45.34,45.305,45.33,14565
2018-08-29 14:10:00-04:00,45.335,45.335,45.31,45.31,8882
2018-08-29 14:15:00-04:00,45.31,45.315,45.27,45.27,8769
2018-08-29 14:20:00-04:00,45.28,45.28,45.26,45.26,7386
2018-08-29 14:25:00-04:00,45.25,45.27,45.25,45.27,4740
2018-08-29 14:30:00-04:00,45.27,45.27,45.265,45.27,4015
2018-08-29 14:35:00-04:00,45.27,45.29,45.27,45.28,9214
2018-08-29 14:40:00-04:00,45.27,45.27,45.26,45.27,20164
2018-08-29 14:45:00-04:00,45.265,45.27,45.26,45.27,9109
2018-08-29 14:50:00-04:00,45.265,45.27,45.26,45.265,11000
2018-08-29 14:55:00-04:00,45.265,45.28,45.265,45.28,14842
2018-08-29 15:00:00-04:00,45.275,45.285,45.27,45.275,16020
2018-08-29 15:05:00-04:00,45.28,45.3,45.26,45.27,31659
2018-08-29 15:10:00-04:00,45.265,45.275,45.265,45.275,14364
2018-08-29 15:15:00-04:00,45.275,45.285,45.26,45.285,19575
2018-08-29 15:20:00-04:00,45.285,45.3,45.285,45.285,19775
2018-08-29 15:25:00-04:00,45.285,45.31,45.285,45.295,39253
2018-08-29 15:30:00-04:00,45.295,45.34,45.29,45.34,37927
2018-08-29 15:35:00-04:00,45.335,45.335,45.31,45.31,23669
2018-08-29 15:40:00-04:00,45.315,45.32,45.3,45.315,28191
2018-08-29 15:45:00-04:00,45.32,45.32,45.27,45.3,34664
2018-08-29 15:50:00-04:00,45.3,45.305,45.285,45.3,30650
2018-08-29 15:55:00-04:00,45.295,45.33,45.27,45.32,50956
2018-08-30 09:30:00-04:00,45.28,45.31,45.18,45.18,11079
2018-08-30 09:35:00-04:00,45.17,45.21,45.17,45.21,6839
2018-08-30 09:40:00-04:00,45.23,45.27,45.23,45.25,4709
2018-08-30 09:45:00-04:00,45.25,45.26,45.215,45.215,6079
2018-08-30 09:50:00-04:00,45.22,45.22,45.18,45.21,6585
2018-08-30 09:55:00-04:00,45.21,45.23,45.2,45.22,4420
2018-08-30 10:00:00-04:00,45.22,45.25,45.2,45.22,10018
2018-08-30 10:05:00-04:00,45.22,45.27,45.22,45.255,5882
2018-08-30 10:10:00-04:00,45.25,45.25,45.22,45.22,6250
2018-08-30 10:15:00-04:00,45.215,45.215,45.18,45.18,9340
2018-08-30 10:20:00-04:00,45.18,45.19,45.15,45.16,4193
2018-08-30 10:25:00-04:00,45.18,45.18,45.14,45.15,3524
2018-08-30 10:30:00-04:00,45.15,45.17,45.13,45.165,2736
2018-08-30 10:35:00-04:00,45.165,45.17,45.14,45.15,8894
2018-08-30 10:40:00-04:00,45.14,45.15,45.12,45.12,1856
2018-08-30 10:45:00-04:00,45.12,45.13,45.1,45.105,3923
2018-08-30 10:50:00-04:00,45.105,45.105,45.03,45.05,6056
2018-08-30 10:55:00-04:00,45.06,45.14,45.06,45.13,8395
2018-08-30 11:00:00-04:00,45.125,45.14,45.09,45.095,4487
2018-08-30 11:05:00-04:00,45.1,45.11,45.095,45.1,4994
2018-08-30 11:10:00-04:00,45.11,45.11,45.09,45.11,5053
2018-08-30 11:15:00-04:00,45.115,45.13,45.09,45.09,1608
2018-08-30 11:20:00-04:00,45.09,45.09,45.075,45.09,5701
2018-08-30 11:25:00-04:00,45.11,45.11,45.06,45.06,3275
2018-08-30 11:30:00-04:00,45.06,45.08,45.05,45.075,2521
2018-08-30 11:35:00-04:00,45.09,45.105,45.05,45.07,15574
2018-08-30 11:40:00-04:00,45.06,45.1,45.06,45.085,2440
2018-08-30 11:45:00-04:00,45.08,45.1,45.08,45.09,3213
2018-08-30 11:50:00-04:00,45.09,45.1,45.08,45.1,2019
2018-08-30 11:55:00-04:00,45.1,45.105,45.08,45.09,3468
2018-08-30 12:00:00-04:00,45.09,45.13,45.09,45.115,4716
2018-08-30 12:05:00-04:00,45.11,45.11,45.07,45.07,7318
2018-08-30 12:10:00-04:00,45.06,45.09,45.06,45.07,4867
2018-08-30 12:15:00-04:00,45.06,45.08,45.05,45.07,2249
2018-08-30 12:20:00-04:00,45.07,45.08,45.07,45.08,2218
2018-08-30 12:25:00-04:00,45.075,45.08,45.045,45.05,4588
2018-08-30 12:30:00-04:00,45.05,45.095,45.04,45.09,2565
2018-08-30 12:35:00-04:00,45.1,45.1,45.085,45.085,1339
2018-08-30 12:40:00-04:00,45.085,45.09,45.075,45.075,3553
2018-08-30 12:45:00-04:00,45.075,45.075,45.065,45.065,2380
2018-08-30 12:50:00-04:00,45.065,45.085,45.065,45.07,3447
2018-08-30 12:55:00-04:00,45.075,45.08,45.07,45.07,1996
2018-08-30 13:00:00-04:00,45.08,45.08,45.07,45.07,5788
2018-08-30 13:05:00-04:00,45.07,45.08,45.055,45.06,14701
2018-08-30 13:10:00-04:00,45.06,45.06,45.045,45.06,5807
2018-08-30 13:15:00-04:00,45.06,45.06,45.03,45.03,2338
2018-08-30 13:20:00-04:00,45.035,45.05,45.035,45.05,1126
2018-08-30 13:25:00-04:00,45.05,45.07,45.05,45.07,998
2018-08-30 13:30:00-04:00,45.06,45.08,45.06,45.08,8409
2018-08-30 13:35:00-04:00,45.08,45.08,45.02,45.02,12608
2018-08-30 13:40:00-04:00,45.02,45.025,44.98,45.025,6405
2018-08-30 13:45:00-04:00,45.03,45.04,45.03,45.03,5705
2018-08-30 13:50:00-04:00,45.04,45.06,45.04,45.05,6721
2018-08-30 13:55:00-04:00,45.04,45.04,45.02,45.03,4550
2018-08-30 14:00:00-04:00,45.03,45.03,45.02,45.03,2711
2018-08-30 14:05:00-04:00,45.02,45.02,45.0,45.0,8345
2018-08-30 14:10:00-04:00,45.005,45.015,45.0,45.015,4592
2018-08-30 14:15:00-04:00,45.015,45.02,44.93,44.94,10631
2018-08-30 14:20:00-04:00,44.94,44.96,44.9,44.92,20499
2018-08-30 14:25:00-04:00,44.93,44.94,44.91,44.925,11908
2018-08-30 14:30:00-04:00,44.925,44.96,44.925,44.96,2383
2018-08-30 14:35:00-04:00,44.975,44.975,44.93,44.94,11399
2018-08-30 14:40:00-04:00,44.94,44.95,44.935,44.95,7652
2018-08-30 14:45:00-04:00,44.95,44.98,44.95,44.97,7622
2018-08-30 14:50:00-04:00,44.975,44.975,44.94,44.94,5239
2018-08-30 14:55:00-04:00,44.945,44.945,44.92,44.925,6794
2018-08-30 15:00:00-04:00,44.92,44.93,44.9,44.925,10065
2018-08-30 15:05:00-04:00,44.925,44.95,44.915,44.93,6327
2018-08-30 15:10:00-04:00,44.93,44.95,44.92,44.93,9166
2018-08-30 15:15:00-04:00,44.91,44.935,44.89,44.89,8652
2018-08-30 15:20:00-04:00,44.9,44.93,44.89,44.92,11433
2018-08-30 15:25:00-04:00,44.915,44.93,44.9,44.92,10570
2018-08-30 15:30:00-04:00,44.92,44.96,44.915,44.96,15546
2018-08-30 15:35:00-04:00,44.955,44.955,44.905,44.95,38825
2018-08-30 15:40:00-04:00,44.945,45.01,44.945,45.01,13710
2018-08-30 15:45:00-04:00,45.02,45.04,45.01,45.04,26718
2018-08-30 15:50:00-04:00,45.03,45.035,45.0,45.02,16594
2018-08-30 15:55:00-04:00,45.02,45.02,44.94,44.95,73194
2018-08-31 09:30:00-04:00,45.05,45.07,44.92,44.92,8034
2018-08-31 09:35:00-04:00,44.92,44.96,44.82,44.82,14073
2018-08-31 09:40:00-04:00,44.84,44.85,44.77,44.81,10469
2018-08-31 09:45:00-04:00,44.8,44.83,44.71,44.8,8505
2018-08-31 09:50:00-04:00,44.8,44.88,44.8,44.87,10858
2018-08-31 09:55:00-04:00,44.87,44.9,44.83,44.88,7684
2018-08-31 10:00:00-04:00,44.87,44.89,44.85,44.855,12085
2018-08-31 10:05:00-04:00,44.86,44.91,44.855,44.895,16677
2018-08-31 10:10:00-04:00,44.895,44.9,44.88,44.88,7814
2018-08-31 10:15:00-04:00,44.885,44.92,44.86,44.865,19689
2018-08-31 10:20:00-04:00,44.865,44.92,44.86,44.92,7381
2018-08-31 10:25:00-04:00,44.935,44.95,44.89,44.9,9841
2018-08-31 10:30:00-04:00,44.9,44.9,44.88,44.89,6365
2018-08-31 10:35:00-04:00,44.9,44.9,44.855,44.885,25494
2018-08-31 10:40:00-04:00,44.88,44.88,44.84,44.86,5196
2018-08-31 10:45:00-04:00,44.85,44.85,44.825,44.835,10994
2018-08-31 10:50:00-04:00,44.835,44.84,44.82,44.825,18121
2018-08-31 10:55:00-04:00,44.825,44.825,44.765,44.765,29872
2018-08-31 11:00:00-04:00,44.765,44.815,44.74,44.81,27727
2018-08-31 11:05:00-04:00,44.805,44.81,44.78,44.795,6252
2018-08-31 11:10:00-04:00,44.8,44.81,44.79,44.795,5698
2018-08-31 11:15:00-04:00,44.795,44.805,44.75,44.75,6706
2018-08-31 11:20:00-04:00,44.735,44.74,44.68,44.7,4799
2018-08-31 11:25:00-04:00,44.7,44.7,44.665,44.675,3700
2018-08-31 11:30:00-04:00,44.69,44.73,44.69,44.72,7522
2018-08-31 11:35:00-04:00,44.73,44.76,44.705,44.74,8826
2018-08-31 11:40:00-04:00,44.74,44.75,44.69,44.695,8700
2018-08-31 11:45:00-04:00,44.7,44.7,44.68,44.69,3877
2018-08-31 11:50:00-04:00,44.69,44.7,44.655,44.66,6882
2018-08-31 11:55:00-04:00,44.645,44.645,44.595,44.61,10383
2018-08-31 12:00:00-04:00,44.61,44.66,44.6,44.615,8170
2018-08-31 12:05:00-04:00,44.615,44.63,44.59,44.6,16195
2018-08-31 12:10:00-04:00,44.59,44.62,44.59,44.6,3801
2018-08-31 12:15:00-04:00,44.6,44.63,44.6,44.62,4121
2018-08-31 12:20:00-04:00,44.63,44.635,44.6,44.605,5083
2018-08-31 12:25:00-04:00,44.59,44.59,44.53,44.53,2863
2018-08-31 12:30:00-04:00,44.535,44.535,44.49,44.51,28227
2018-08-31 12:35:00-04:00,44.52,44.55,44.51,44.55,2671
2018-08-31 12:40:00-04:00,44.54,44.59,44.54,44.575,3612
2018-08-31 12:45:00-04:00,44.57,44.6,44.57,44.58,5985
2018-08-31 12:50:00-04:00,44.58,44.61,44.575,44.59,5934
2018-08-31 12:55:00-04:00,44.59,44.605,44.59,44.6,7936
2018-08-31 13:00:00-04:00,44.6,44.6,44.56,44.57,7747
2018-08-31 13:05:00-04:00,44.575,44.575,44.515,44.55,77716
2018-08-31 13:10:00-04:00,44.55,44.56,44.54,44.545,13688
2018-08-31 13:15:00-04:00,44.545,44.56,44.53,44.54,15311
2018-08-31 13:20:00-04:00,44.54,44.545,44.52,44.53,12190
2018-08-31 13:25:00-04:00,44.525,44.53,44.49,44.495,16212
2018-08-31 13:30:00-04:00,44.5,44.5,44.46,44.485,14543
2018-08-31 13:35:00-04:00,44.49,44.495,44.47,44.495,10749
2018-08-31 13:40:00-04:00,44.495,44.51,44.49,44.505,21300
2018-08-31 13:45:00-04:00,44.5,44.54,44.5,44.535,16017
2018-08-31 13:50:00-04:00,44.535,44.535,44.505,44.505,11651
2018-08-31 13:55:00-04:00,44.5,44.51,44.49,44.505,13903
2018-08-31 14:00:00-04:00,44.505,44.52,44.48,44.485,14153
2018-08-31 14:05:00-04:00,44.49,44.49,44.455,44.46,12795
2018-08-31 14:10:00-04:00,44.465,44.47,44.44,44.44,11757
2018-08-31 14:15:00-04:00,44.445,44.45,44.41,44.425,21954
2018-08-31 14:20:00-04:00,44.425,44.43,44.39,44.41,30887
2018-08-31 14:25:00-04:00,44.41,44.42,44.4,44.415,16230
2018-08-31 14:30:00-04:00,44.42,44.44,44.41,44.435,8599
2018-08-31 14:35:00-04:00,44.435,44.46,44.43,44.46,12887
2018-08-31 14:40:00-04:00,44.455,44.46,44.44,44.455,11993
2018-08-31 14:45:00-04:00,44.455,44.46,44.43,44.43,9725
2018-08-31 14:50:00-04:00,44.43,44.44,44.4,44.42,11274
2018-08-31 14:55:00-04:00,44.42,44.46,44.42,44.44,5814
2018-08-31 15:00:00-04:00,44.44,44.49,44.44,44.49,7021
2018-08-31 15:05:00-04:00,44.485,44.49,44.46,44.475,19735
2018-08-31 15:10:00-04:00,44.48,44.48,44.46,44.465,23839
2018-08-31 15:15:00-04:00,44.465,44.49,44.455,44.465,63050
2018-08-31 15:20:00-04:00,44.465,44.47,44.425,44.425,54533
2018-08-31 15:25:00-04:00,44.425,44.43,44.4,44.405,71161
2018-08-31 15:30:00-04:00,44.41,44.47,44.41,44.465,174949
2018-08-31 15:35:00-04:00,44.47,44.56,44.45,44.54,147079
2018-08-31 15:40:00-04:00,44.54,44.56,44.49,44.55,57623
2018-08-31 15:45:00-04:00,44.55,44.56,44.49,44.55,87876
2018-08-31 15:50:00-04:00,44.55,44.575,44.52,44.52,76031
2018-08-31 15:55:00-04:00,44.53,44.63,44.48,44.58,246606
2018-09-04 09:30:00-04:00,44.59,44.62,44.52,44.615,11752
2018-09-04 09:35:00-04:00,44.59,44.69,44.59,44.65,23318
2018-09-04 09:40:00-04:00,44.64,44.65,44.55,44.57,18376
2018-09-04 09:45:00-04:00,44.57,44.6,44.52,44.59,27814
2018-09-04 09:50:00-04:00,44.59,44.65,44.59,44.62,9714
2018-09-04 09:55:00-04:00,44.61,44.665,44.59,44.66,10520
2018-09-04 10:00:00-04:00,44.68,44.71,44.61,44.62,11519
2018-09-04 10:05:00-04:00,44.62,44.69,44.61,44.69,7933
2018-09-04 10:10:00-04:00,44.69,44.77,44.69,44.77,6693
2018-09-04 10:15:00-04:00,44.765,44.82,44.74,44.82,9715
2018-09-04 10:20:00-04:00,44.81,44.87,44.81,44.87,9562
2018-09-04 10:25:00-04:00,44.86,44.86,44.83,44.85,8936
2018-09-04 10:30:00-04:00,44.85,44.9,44.85,44.85,14693
2018-09-04 10:35:00-04:00,44.85,44.85,44.81,44.82,5552
2018-09-04 10:40:00-04:00,44.81,44.83,44.81,44.82,10542
2018-09-04 10:45:00-04:00,44.82,44.86,44.8,44.84,8879
2018-09-04 10:50:00-04:00,44.84,44.84,44.78,44.82,8983
2018-09-04 10:55:00-04:00,44.82,44.82,44.8,44.82,3953
2018-09-04 11:00:00-04:00,44.81,44.815,44.73,44.76,8654
2018-09-04 11:05:00-04:00,44.76,44.79,44.755,44.77,3914
2018-09-04 11:10:00-04:00,44.77,44.79,44.75,44.78,5340
2018-09-04 11:15:00-04:00,44.78,44.79,44.75,44.78,4849
2018-09-04 11:20:00-04:00,44.77,44.79,44.76,44.76,6047
2018-09-04 11:25:00-04:00,44.76,44.815,44.75,44.815,9039
2018-09-04 11:30:00-04:00,44.81,44.81,44.75,44.78,9853
2018-09-04 11:35:00-04:00,44.78,44.78,44.75,44.75,6238
2018-09-04 11:40:00-04:00,44.76,44.79,44.74,44.78,10221
2018-09-04 11:45:00-04:00,44.77,44.77,44.73,44.75,3775
2018-09-04 11:50:00-04:00,44.75,44.75,44.72,44.72,2983
2018-09-04 11:55:00-04:00,44.715,44.72,44.7,44.71,5160
2018-09-04 12:00:00-04:00,44.72,44.72,44.68,44.685,7213
2018-09-04 12:05:00-04:00,44.68,44.695,44.67,44.67,9575
2018-09-04 12:10:00-04:00,44.67,44.71,44.67,44.69,6959
2018-09-04 12:15:00-04:00,44.7,44.71,44.69,44.71,8737
2018-09-04 12:20:00-04:00,44.72,44.73,44.695,44.7,5936
2018-09-04 12:25:00-04:00,44.7,44.71,44.69,44.7,5083
2018-09-04 12:30:00-04:00,44.69,44.7,44.66,44.67,6131
2018-09-04 12:35:00-04:00,44.67,44.69,44.665,44.665,5964
2018-09-04 12:40:00-04:00,44.67,44.71,44.665,44.7,6968
2018-09-04 12:45:00-04:00,44.7,44.75,44.69,44.75,5283
2018-09-04 12:50:00-04:00,44.74,44.755,44.73,44.75,3541
2018-09-04 12:55:00-04:00,44.75,44.75,44.7,44.71,5021
2018-09-04 13:00:00-04:00,44.71,44.74,44.7,44.7,4609
2018-09-04 13:05:00-04:00,44.7,44.73,44.69,44.73,3214
2018-09-04 13:10:00-04:00,44.73,44.75,44.72,44.74,4012
2018-09-04 13:15:00-04:00,44.74,44.74,44.71,44.71,3280
2018-09-04 13:20:00-04:00,44.71,44.73,44.7,44.71,3304
2018-09-04 13:25:00-04:00,44.71,44.72,44.71,44.71,4115
2018-09-04 13:30:00-04:00,44.71,44.72,44.69,44.71,4499
2018-09-04 13:35:00-04:00,44.71,44.71,44.69,44.69,8093
2018-09-04 13:40:00-04:00,44.7,44.74,44.69,44.715,8785
2018-09-04 13:45:00-04:00,44.71,44.74,44.71,44.725,6405
2018-09-04 13:50:00-04:00,44.73,44.745,44.7,44.71,4132
2018-09-04 13:55:00-04:00,44.7,44.71,44.695,44.705,6801
2018-09-04 14:00:00-04:00,44.705,44.73,44.69,44.695,5999
2018-09-04 14:05:00-04:00,44.695,44.715,44.695,44.71,4436
2018-09-04 14:10:00-04:00,44.71,44.73,44.7,44.7,5022
2018-09-04 14:15:00-04:00,44.7,44.71,44.67,44.69,6734
2018-09-04 14:20:00-04:00,44.69,44.715,44.68,44.71,23674
2018-09-04 14:25:00-04:00,44.72,44.74,44.72,44.73,3424
2018-09-04 14:30:00-04:00,44.74,44.74,44.72,44.74,6989
2018-09-04 14:35:00-04:00,44.74,44.74,44.72,44.73,3666
2018-09-04 14:40:00-04:00,44.725,44.725,44.68,44.72,7395
2018-09-04 14:45:00-04:00,44.72,44.72,44.68,44.68,6945
2018-09-04 14:50:00-04:00,44.69,44.71,44.69,44.71,4240
2018-09-04 14:55:00-04:00,44.71,44.725,44.7,44.7,5583
2018-09-04 15:00:00-04:00,44.7,44.71,44.68,44.7,16038
2018-09-04 15:05:00-04:00,44.7,44.72,44.69,44.72,7602
2018-09-04 15:10:00-04:00,44.72,44.72,44.665,44.68,15510
2018-09-04 15:15:00-04:00,44.67,44.68,44.64,44.65,12885
2018-09-04 15:20:00-04:00,44.65,44.69,44.65,44.675,12952
2018-09-04 15:25:00-04:00,44.67,44.69,44.67,44.68,15954
2018-09-04 15:30:00-04:00,44.69,44.69,44.66,44.685,27216
2018-09-04 15:35:00-04:00,44.685,44.69,44.68,44.685,17707
2018-09-04 15:40:00-04:00,44.68,44.685,44.65,44.67,31365
2018-09-04 15:45:00-04:00,44.67,44.68,44.65,44.65,32624
2018-09-04 15:50:00-04:00,44.655,44.69,44.65,44.67,35162
2018-09-04 15:55:00-04:00,44.68,44.78,44.67,44.78,88085
2018-09-05 09:30:00-04:00,44.66,44.8,44.66,44.8,8983
2018-09-05 09:35:00-04:00,44.8,44.85,44.76,44.84,15505
2018-09-05 09:40:00-04:00,44.84,44.94,44.84,44.87,10948
2018-09-05 09:45:00-04:00,44.87,44.9,44.87,44.885,11803
2018-09-05 09:50:00-04:00,44.885,44.97,44.885,44.945,17646
2018-09-05 09:55:00-04:00,44.95,45.0,44.94,44.985,16062
2018-09-05 10:00:00-04:00,44.98,45.11,44.97,45.075,19072
2018-09-05 10:05:00-04:00,45.08,45.09,45.045,45.05,10052
2018-09-05 10:10:00-04:00,45.06,45.12,45.05,45.09,6239
2018-09-05 10:15:00-04:00,45.1,45.14,45.1,45.11,10174
2018-09-05 10:20:00-04:00,45.11,45.14,45.09,45.12,9753
2018-09-05 10:25:00-04:00,45.14,45.15,45.11,45.125,7244
2018-09-05 10:30:00-04:00,45.13,45.22,45.12,45.22,8306
2018-09-05 10:35:00-04:00,45.22,45.28,45.21,45.26,12082
2018-09-05 10:40:00-04:00,45.27,45.32,45.27,45.28,6975
2018-09-05 10:45:00-04:00,45.27,45.31,45.26,45.28,9008
2018-09-05 10:50:00-04:00,45.29,45.31,45.25,45.26,5386
2018-09-05 10:55:00-04:00,45.255,45.26,45.19,45.2,7936
2018-09-05 11:00:00-04:00,45.21,45.26,45.175,45.26,6320
2018-09-05 11:05:00-04:00,45.26,45.27,45.21,45.21,5281
2018-09-05 11:10:00-04:00,45.195,45.26,45.19,45.25,4807
2018-09-05 11:15:00-04:00,45.26,45.28,45.25,45.27,4996
2018-09-05 11:20:00-04:00,45.26,45.28,45.21,45.23,3606
2018-09-05 11:25:00-04:00,45.23,45.25,45.19,45.23,4694
2018-09-05 11:30:00-04:00,45.225,45.31,45.22,45.295,16465
2018-09-05 11:35:00-04:00,45.3,45.32,45.29,45.31,8790
2018-09-05 11:40:00-04:00,45.31,45.31,45.29,45.3,6163
2018-09-05 11:45:00-04:00,45.29,45.325,45.29,45.32,7603
2018-09-05 11:50:00-04:00,45.325,45.34,45.3,45.32,6682
2018-09-05 11:55:00-04:00,45.31,45.33,45.31,45.31,2396
2018-09-05 12:00:00-04:00,45.31,45.315,45.305,45.305,3780
2018-09-05 12:05:00-04:00,45.3,45.315,45.29,45.315,9628
2018-09-05 12:10:00-04:00,45.32,45.33,45.28,45.29,6226
2018-09-05 12:15:00-04:00,45.3,45.3,45.25,45.26,4582
2018-09-05 12:20:00-04:00,45.26,45.28,45.25,45.27,4136
2018-09-05 12:25:00-04:00,45.26,45.28,45.235,45.27,6841
2018-09-05 12:30:00-04:00,45.28,45.31,45.28,45.29,4657
2018-09-05 12:35:00-04:00,45.29,45.29,45.28,45.285,2334
2018-09-05 12:40:00-04:00,45.28,45.28,45.24,45.24,3014
2018-09-05 12:45:00-04:00,45.24,45.245,45.23,45.24,3351
2018-09-05 12:50:00-04:00,45.24,45.26,45.23,45.235,4919
2018-09-05 12:55:00-04:00,45.24,45.25,45.225,45.225,4738
2018-09-05 13:00:00-04:00,45.24,45.25,45.23,45.24,2936
2018-09-05 13:05:00-04:00,45.24,45.28,45.24,45.27,3847
2018-09-05 13:10:00-04:00,45.26,45.265,45.255,45.265,2274
2018-09-05 13:15:00-04:00,45.26,45.29,45.26,45.27,4436
2018-09-05 13:20:00-04:00,45.275,45.29,45.275,45.29,3118
2018-09-05 13:25:00-04:00,45.28,45.29,45.27,45.28,4198
2018-09-05 13:30:00-04:00,45.28,45.3,45.28,45.29,3348
2018-09-05 13:35:00-04:00,45.29,45.32,45.29,45.31,4461
2018-09-05 13:40:00-04:00,45.3,45.3,45.26,45.26,1613
2018-09-05 13:45:00-04:00,45.26,45.26,45.24,45.26,4313
2018-09-05 13:50:00-04:00,45.26,45.26,45.22,45.22,4097
2018-09-05 13:55:00-04:00,45.215,45.25,45.21,45.24,3525
2018-09-05 14:00:00-04:00,45.23,45.25,45.23,45.24,3785
2018-09-05 14:05:00-04:00,45.25,45.26,45.24,45.255,7180
2018-09-05 14:10:00-04:00,45.25,45.26,45.23,45.23,4122
2018-09-05 14:15:00-04:00,45.225,45.26,45.225,45.255,6736
2018-09-05 14:20:00-04:00,45.26,45.29,45.25,45.29,7083
2018-09-05 14:25:00-04:00,45.29,45.29,45.23,45.25,7115
2018-09-05 14:30:00-04:00,45.25,45.26,45.24,45.26,1968
2018-09-05 14:35:00-04:00,45.26,45.26,45.23,45.26,4551
2018-09-05 14:40:00-04:00,45.25,45.28,45.24,45.28,3515
2018-09-05 14:45:00-04:00,45.28,45.29,45.23,45.23,6331
2018-09-05 14:50:00-04:00,45.235,45.27,45.235,45.27,4324
2018-09-05 14:55:00-04:00,45.27,45.28,45.25,45.25,3026
2018-09-05 15:00:00-04:00,45.25,45.27,45.245,45.265,8001
2018-09-05 15:05:00-04:00,45.26,45.29,45.25,45.29,5650
2018-09-05 15:10:00-04:00,45.28,45.29,45.265,45.29,7916
2018-09-05 15:15:00-04:00,45.285,45.32,45.285,45.31,5179
2018-09-05 15:20:00-04:00,45.32,45.32,45.3,45.3,4800
2018-09-05 15:25:00-04:00,45.3,45.31,45.275,45.29,9630
2018-09-05 15:30:00-04:00,45.295,45.33,45.295,45.32,8868
2018-09-05 15:35:00-04:00,45.32,45.32,45.27,45.3,8811
2018-09-05 15:40:00-04:00,45.3,45.32,45.285,45.29,16688
2018-09-05 15:45:00-04:00,45.275,45.33,45.27,45.325,20101
2018-09-05 15:50:00-04:00,45.32,45.385,45.32,45.38,46324
2018-09-05 15:55:00-04:00,45.38,45.42,45.38,45.39,89021
2018-09-06 09:30:00-04:00,45.43,45.47,45.36,45.45,12711
2018-09-06 09:35:00-04:00,45.445,45.485,45.4,45.46,16671
2018-09-06 09:40:00-04:00,45.455,45.555,45.455,45.48,12467
2018-09-06 09:45:00-04:00,45.47,45.49,45.43,45.47,9907
2018-09-06 09:50:00-04:00,45.48,45.5,45.42,45.42,7249
2018-09-06 09:55:00-04:00,45.43,45.48,45.425,45.46,6079
2018-09-06 10:00:00-04:00,45.49,45.55,45.48,45.55,5405
2018-09-06 10:05:00-04:00,45.54,45.6,45.54,45.56,15438
2018-09-06 10:10:00-04:00,45.565,45.57,45.47,45.48,14242
2018-09-06 10:15:00-04:00,45.46,45.5,45.455,45.49,12229
2018-09-06 10:20:00-04:00,45.475,45.49,45.4,45.4,8998
2018-09-06 10:25:00-04:00,45.39,45.39,45.3,45.37,10208
2018-09-06 10:30:00-04:00,45.37,45.4,45.33,45.4,8350
2018-09-06 10:35:00-04:00,45.385,45.48,45.385,45.47,11642
2018-09-06 10:40:00-04:00,45.48,45.51,45.465,45.5,6534
2018-09-06 10:45:00-04:00,45.51,45.51,45.445,45.465,8956
2018-09-06 10:50:00-04:00,45.49,45.5,45.46,45.47,4344
2018-09-06 10:55:00-04:00,45.47,45.48,45.42,45.47,7277
2018-09-06 11:00:00-04:00,45.465,45.465,45.41,45.41,7722
2018-09-06 11:05:00-04:00,45.415,45.51,45.41,45.5,10104
2018-09-06 11:10:00-04:00,45.5,45.55,45.49,45.53,10725
2018-09-06 11:15:00-04:00,45.52,45.52,45.48,45.5,5742
2018-09-06 11:20:00-04:00,45.51,45.56,45.51,45.535,10049
2018-09-06 11:25:00-04:00,45.53,45.56,45.5,45.5,8928
2018-09-06 11:30:00-04:00,45.51,45.52,45.49,45.5,11731
2018-09-06 11:35:00-04:00,45.5,45.52,45.49,45.51,7601
2018-09-06 11:40:00-04:00,45.5,45.52,45.495,45.5,6039
2018-09-06 11:45:00-04:00,45.5,45.54,45.5,45.54,6205
2018-09-06 11:50:00-04:00,45.54,45.56,45.54,45.55,5918
2018-09-06 11:55:00-04:00,45.54,45.58,45.53,45.56,7425
2018-09-06 12:00:00-04:00,45.56,45.56,45.49,45.49,8028
2018-09-06 12:05:00-04:00,45.49,45.52,45.49,45.515,7173
2018-09-06 12:10:00-04:00,45.52,45.53,45.51,45.52,9458
2018-09-06 12:15:00-04:00,45.52,45.52,45.5,45.515,6822
2018-09-06 12:20:00-04:00,45.52,45.52,45.51,45.51,9651
2018-09-06 12:25:00-04:00,45.515,45.52,45.51,45.51,3951
2018-09-06 12:30:00-04:00,45.51,45.52,45.49,45.51,9141
2018-09-06 12:35:00-04:00,45.515,45.535,45.515,45.52,8700
2018-09-06 12:40:00-04:00,45.515,45.535,45.505,45.535,9005
2018-09-06 12:45:00-04:00,45.545,45.55,45.525,45.54,8007
2018-09-06 12:50:00-04:00,45.54,45.55,45.53,45.54,13208
2018-09-06 12:55:00-04:00,45.54,45.575,45.54,45.56,11797
2018-09-06 13:00:00-04:00,45.565,45.57,45.525,45.54,8019
2018-09-06 13:05:00-04:00,45.535,45.54,45.52,45.52,4812
2018-09-06 13:10:00-04:00,45.525,45.55,45.52,45.52,5979
2018-09-06 13:15:00-04:00,45.52,45.535,45.51,45.52,4117
2018-09-06 13:20:00-04:00,45.52,45.53,45.51,45.53,3064
2018-09-06 13:25:00-04:00,45.525,45.55,45.525,45.54,9689
2018-09-06 13:30:00-04:00,45.53,45.55,45.53,45.54,5131
2018-09-06 13:35:00-04:00,45.53,45.54,45.52,45.54,6362
2018-09-06 13:40:00-04:00,45.54,45.54,45.515,45.525,5020
2018-09-06 13:45:00-04:00,45.53,45.54,45.52,45.525,3918
2018-09-06 13:50:00-04:00,45.53,45.535,45.52,45.52,2340
2018-09-06 13:55:00-04:00,45.525,45.535,45.52,45.53,5676
2018-09-06 14:00:00-04:00,45.535,45.56,45.53,45.53,6019
2018-09-06 14:05:00-04:00,45.54,45.54,45.515,45.535,3074
2018-09-06 14:10:00-04:00,45.545,45.545,45.52,45.54,4826
2018-09-06 14:15:00-04:00,45.545,45.56,45.53,45.555,6587
2018-09-06 14:20:00-04:00,45.55,45.585,45.55,45.55,7643
2018-09-06 14:25:00-04:00,45.55,45.565,45.55,45.56,3632
2018-09-06 14:30:00-04:00,45.57,45.58,45.56,45.58,6295
2018-09-06 14:35:00-04:00,45.58,45.61,45.58,45.6,7183
2018-09-06 14:40:00-04:00,45.6,45.615,45.57,45.59,8573
2018-09-06 14:45:00-04:00,45.59,45.61,45.56,45.56,5898
2018-09-06 14:50:00-04:00,45.56,45.585,45.56,45.585,4369
2018-09-06 14:55:00-04:00,45.595,45.63,45.595,45.625,10337
2018-09-06 15:00:00-04:00,45.625,45.655,45.61,45.65,24140
2018-09-06 15:05:00-04:00,45.65,45.705,45.65,45.68,63195
2018-09-06 15:10:00-04:00,45.68,45.74,45.665,45.74,14101
2018-09-06 15:15:00-04:00,45.74,45.75,45.69,45.695,21824
2018-09-06 15:20:00-04:00,45.7,45.725,45.69,45.705,24107
2018-09-06 15:25:00-04:00,45.705,45.75,45.685,45.75,12541
2018-09-06 15:30:00-04:00,45.76,45.77,45.75,45.765,24764
2018-09-06 15:35:00-04:00,45.765,45.77,45.72,45.72,21781
2018-09-06 15:40:00-04:00,45.72,45.73,45.7,45.725,29199
2018-09-06 15:45:00-04:00,45.725,45.74,45.67,45.685,42858
2018-09-06 15:50:00-04:00,45.68,45.72,45.68,45.715,61385
2018-09-06 15:55:00-04:00,45.72,45.77,45.69,45.77,74077
2018-09-07 09:30:00-04:00,45.62,45.73,45.58,45.69,8085
2018-09-07 09:35:00-04:00,45.68,45.68,45.47,45.54,14350
2018-09-07 09:40:00-04:00,45.54,45.545,45.35,45.41,9607
2018-09-07 09:45:00-04:00,45.41,45.41,45.28,45.35,11698
2018-09-07 09:50:00-04:00,45.35,45.37,45.31,45.34,9241
2018-09-07 09:55:00-04:00,45.34,45.42,45.32,45.37,5535
2018-09-07 10:00:00-04:00,45.39,45.41,45.28,45.3,15521
2018-09-07 10:05:00-04:00,45.31,45.4,45.31,45.355,11299
2018-09-07 10:10:00-04:00,45.36,45.44,45.36,45.43,11415
2018-09-07 10:15:00-04:00,45.43,45.44,45.37,45.39,7851
2018-09-07 10:20:00-04:00,45.39,45.41,45.36,45.41,12575
2018-09-07 10:25:00-04:00,45.42,45.44,45.37,45.39,14602
2018-09-07 10:30:00-04:00,45.39,45.46,45.39,45.45,4845
2018-09-07 10:35:00-04:00,45.45,45.47,45.45,45.46,3605
2018-09-07 10:40:00-04:00,45.47,45.52,45.47,45.52,6205
2018-09-07 10:45:00-04:00,45.51,45.57,45.51,45.56,5668
2018-09-07 10:50:00-04:00,45.57,45.59,45.55,45.59,4594
2018-09-07 10:55:00-04:00,45.59,45.6,45.57,45.58,2843
2018-09-07 11:00:00-04:00,45.58,45.58,45.54,45.56,3071
2018-09-07 11:05:00-04:00,45.55,45.57,45.55,45.55,2438
2018-09-07 11:10:00-04:00,45.55,45.55,45.49,45.49,1628
2018-09-07 11:15:00-04:00,45.49,45.54,45.47,45.54,2403
2018-09-07 11:20:00-04:00,45.54,45.54,45.5,45.53,2523
2018-09-07 11:25:00-04:00,45.56,45.57,45.52,45.55,3010
2018-09-07 11:30:00-04:00,45.53,45.57,45.53,45.57,2727
2018-09-07 11:35:00-04:00,45.57,45.62,45.57,45.62,4300
2018-09-07 11:40:00-04:00,45.62,45.62,45.6,45.6,1702
2018-09-07 11:45:00-04:00,45.59,45.61,45.58,45.61,2980
2018-09-07 11:50:00-04:00,45.605,45.61,45.6,45.61,5060
2018-09-07 11:55:00-04:00,45.63,45.63,45.6,45.61,3306
2018-09-07 12:00:00-04:00,45.61,45.63,45.61,45.63,2930
2018-09-07 12:05:00-04:00,45.64,45.64,45.53,45.54,9579
2018-09-07 12:10:00-04:00,45.55,45.61,45.54,45.61,7349
2018-09-07 12:15:00-04:00,45.6,45.65,45.59,45.62,7201
2018-09-07 12:20:00-04:00,45.625,45.64,45.6,45.62,3202
2018-09-07 12:25:00-04:00,45.6,45.64,45.6,45.64,2794
2018-09-07 12:30:00-04:00,45.64,45.665,45.635,45.64,10442
2018-09-07 12:35:00-04:00,45.64,45.65,45.62,45.645,4325
2018-09-07 12:40:00-04:00,45.65,45.65,45.63,45.64,2961
2018-09-07 12:45:00-04:00,45.68,45.68,45.65,45.65,1710
2018-09-07 12:50:00-04:00,45.65,45.65,45.62,45.63,1652
2018-09-07 12:55:00-04:00,45.62,45.64,45.62,45.64,2825
2018-09-07 13:00:00-04:00,45.65,45.68,45.65,45.68,1155
2018-09-07 13:05:00-04:00,45.68,45.7,45.675,45.68,6145
2018-09-07 13:10:00-04:00,45.68,45.68,45.66,45.67,2670
2018-09-07 13:15:00-04:00,45.68,45.69,45.665,45.67,4694
2018-09-07 13:20:00-04:00,45.66,45.67,45.66,45.67,2165
2018-09-07 13:25:00-04:00,45.665,45.67,45.655,45.67,8349
2018-09-07 13:30:00-04:00,45.67,45.67,45.66,45.67,1903
2018-09-07 13:35:00-04:00,45.67,45.67,45.64,45.65,2194
2018-09-07 13:40:00-04:00,45.65,45.66,45.65,45.66,2678
2018-09-07 13:45:00-04:00,45.67,45.69,45.66,45.69,2819
2018-09-07 13:50:00-04:00,45.68,45.7,45.67,45.68,4793
2018-09-07 13:55:00-04:00,45.68,45.69,45.68,45.685,3317
2018-09-07 14:00:00-04:00,45.69,45.72,45.69,45.7,6666
2018-09-07 14:05:00-04:00,45.7,45.71,45.68,45.71,5017
2018-09-07 14:10:00-04:00,45.71,45.72,45.71,45.72,8377
2018-09-07 14:15:00-04:00,45.72,45.72,45.7,45.71,4226
2018-09-07 14:20:00-04:00,45.71,45.71,45.69,45.7,2003
2018-09-07 14:25:00-04:00,45.71,45.72,45.7,45.72,2793
2018-09-07 14:30:00-04:00,45.72,45.8,45.72,45.79,14420
2018-09-07 14:35:00-04:00,45.795,45.815,45.79,45.81,6425
2018-09-07 14:40:00-04:00,45.82,45.82,45.77,45.78,5621
2018-09-07 14:45:00-04:00,45.78,45.785,45.76,45.77,2970
2018-09-07 14:50:00-04:00,45.745,45.78,45.745,45.78,5215
2018-09-07 14:55:00-04:00,45.78,45.8,45.76,45.78,7156
2018-09-07 15:00:00-04:00,45.78,45.79,45.745,45.75,4884
2018-09-07 15:05:00-04:00,45.73,45.74,45.715,45.72,2516
2018-09-07 15:10:00-04:00,45.71,45.74,45.71,45.73,2212
2018-09-07 15:15:00-04:00,45.73,45.73,45.685,45.7,5255
2018-09-07 15:20:00-04:00,45.7,45.7,45.655,45.66,11552
2018-09-07 15:25:00-04:00,45.66,45.66,45.65,45.66,3424
2018-09-07 15:30:00-04:00,45.66,45.67,45.63,45.67,12897
2018-09-07 15:35:00-04:00,45.67,45.695,45.66,45.675,5224
2018-09-07 15:40:00-04:00,45.685,45.715,45.68,45.7,6991
2018-09-07 15:45:00-04:00,45.68,45.72,45.68,45.705,11876
2018-09-07 15:50:00-04:00,45.705,45.72,45.69,45.715,26226
2018-09-07 15:55:00-04:00,45.72,45.74,45.7,45.735,77763
2018-09-10 09:30:00-04:00,45.98,45.98,45.81,45.87,11052
2018-09-10 09:35:00-04:00,45.86,46.005,45.845,45.97,24978
2018-09-10 09:40:00-04:00,45.99,46.17,45.99,46.15,10001
2018-09-10 09:45:00-04:00,46.16,46.24,46.15,46.24,13874
2018-09-10 09:50:00-04:00,46.28,46.29,46.15,46.16,5061
2018-09-10 09:55:00-04:00,46.18,46.22,46.17,46.18,5191
2018-09-10 10:00:00-04:00,46.19,46.19,46.07,46.09,9005
2018-09-10 10:05:00-04:00,46.095,46.16,46.09,46.15,4785
2018-09-10 10:10:00-04:00,46.15,46.2,46.14,46.14,5483
2018-09-10 10:15:00-04:00,46.1,46.13,46.1,46.11,2640
2018-09-10 10:20:00-04:00,46.08,46.1,46.075,46.1,4226
2018-09-10 10:25:00-04:00,46.11,46.13,46.08,46.09,5515
2018-09-10 10:30:00-04:00,46.07,46.13,46.07,46.12,7071
2018-09-10 10:35:00-04:00,46.12,46.12,46.085,46.1,6893
2018-09-10 10:40:00-04:00,46.1,46.11,46.085,46.09,6173
2018-09-10 10:45:00-04:00,46.09,46.1,46.05,46.07,5032
2018-09-10 10:50:00-04:00,46.07,46.09,46.04,46.08,5402
2018-09-10 10:55:00-04:00,46.07,46.12,46.07,46.1,3614
2018-09-10 11:00:00-04:00,46.095,46.11,46.065,46.08,6332
2018-09-10 11:05:00-04:00,46.05,46.05,46.015,46.045,6894
2018-09-10 11:10:00-04:00,46.04,46.07,46.04,46.065,5384
2018-09-10 11:15:00-04:00,46.065,46.065,46.02,46.05,3343
2018-09-10 11:20:00-04:00,46.055,46.11,46.055,46.105,6403
2018-09-10 11:25:00-04:00,46.11,46.14,46.11,46.135,5385
2018-09-10 11:30:00-04:00,46.14,46.14,46.095,46.11,3666
2018-09-10 11:35:00-04:00,46.09,46.09,46.05,46.06,2192
2018-09-10 11:40:00-04:00,46.065,46.065,46.03,46.045,2748
2018-09-10 11:45:00-04:00,46.06,46.08,46.04,46.07,4217
2018-09-10 11:50:00-04:00,46.08,46.12,46.08,46.115,3015
2018-09-10 11:55:00-04:00,46.11,46.11,46.08,46.11,2895
2018-09-10 12:00:00-04:00,46.115,46.12,46.085,46.105,3680
2018-09-10 12:05:00-04:00,46.09,46.12,46.09,46.11,2328
2018-09-10 12:10:00-04:00,46.105,46.11,46.1,46.11,4101
2018-09-10 12:15:00-04:00,46.105,46.11,46.075,46.075,2357
2018-09-10 12:20:00-04:00,46.075,46.09,46.065,46.09,2706
2018-09-10 12:25:00-04:00,46.065,46.08,46.05,46.075,1867
2018-09-10 12:30:00-04:00,46.085,46.085,46.07,46.07,2020
2018-09-10 12:35:00-04:00,46.07,46.08,46.05,46.05,2607
2018-09-10 12:40:00-04:00,46.05,46.06,46.045,46.05,1932
2018-09-10 12:45:00-04:00,46.05,46.08,46.05,46.08,2010
2018-09-10 12:50:00-04:00,46.085,46.1,46.085,46.1,1420
2018-09-10 12:55:00-04:00,46.09,46.1,46.085,46.095,1230
2018-09-10 13:00:00-04:00,46.09,46.12,46.09,46.115,2557
2018-09-10 13:05:00-04:00,46.11,46.15,46.11,46.145,8991
2018-09-10 13:10:00-04:00,46.145,46.16,46.145,46.15,2815
2018-09-10 13:15:00-04:00,46.16,46.16,46.15,46.155,1235
2018-09-10 13:20:00-04:00,46.17,46.19,46.165,46.19,1716
2018-09-10 13:25:00-04:00,46.19,46.19,46.145,46.17,3148
2018-09-10 13:30:00-04:00,46.16,46.19,46.16,46.18,27570
2018-09-10 13:35:00-04:00,46.185,46.19,46.17,46.19,1655
2018-09-10 13:40:00-04:00,46.175,46.185,46.175,46.175,1387
2018-09-10 13:45:00-04:00,46.18,46.18,46.15,46.15,3017
2018-09-10 13:50:00-04:00,46.16,46.16,46.14,46.155,2068
2018-09-10 13:55:00-04:00,46.155,46.18,46.155,46.18,1468
2018-09-10 14:00:00-04:00,46.18,46.18,46.16,46.165,3447
2018-09-10 14:05:00-04:00,46.17,46.19,46.155,46.155,3274
2018-09-10 14:10:00-04:00,46.17,46.19,46.165,46.19,3229
2018-09-10 14:15:00-04:00,46.185,46.19,46.175,46.19,3400
2018-09-10 14:20:00-04:00,46.18,46.18,46.14,46.14,1122
2018-09-10 14:25:00-04:00,46.145,46.16,46.135,46.135,2913
2018-09-10 14:30:00-04:00,46.14,46.165,46.125,46.165,4593
2018-09-10 14:35:00-04:00,46.17,46.17,46.12,46.13,3260
2018-09-10 14:40:00-04:00,46.13,46.13,46.11,46.13,2632
2018-09-10 14:45:00-04:00,46.13,46.17,46.13,46.16,3814
2018-09-10 14:50:00-04:00,46.155,46.16,46.15,46.16,8080
2018-09-10 14:55:00-04:00,46.16,46.16,46.15,46.16,5193
2018-09-10 15:00:00-04:00,46.17,46.18,46.16,46.18,4331
2018-09-10 15:05:00-04:00,46.175,46.18,46.145,46.15,1732
2018-09-10 15:10:00-04:00,46.145,46.16,46.14,46.155,2850
2018-09-10 15:15:00-04:00,46.16,46.17,46.155,46.155,5352
2018-09-10 15:20:00-04:00,46.155,46.17,46.155,46.165,2921
2018-09-10 15:25:00-04:00,46.17,46.18,46.16,46.18,4858
2018-09-10 15:30:00-04:00,46.18,46.19,46.155,46.16,14479
2018-09-10 15:35:00-04:00,46.16,46.18,46.125,46.125,7654
2018-09-10 15:40:00-04:00,46.12,46.15,46.11,46.145,15885
2018-09-10 15:45:00-04:00,46.145,46.16,46.14,46.15,22700
2018-09-10 15:50:00-04:00,46.14,46.14,46.085,46.09,15051
2018-09-10 15:55:00-04:00,46.09,46.1,46.06,46.07,101707
2018-09-11 09:30:00-04:00,46.1,46.15,45.99,46.03,8976
2018-09-11 09:35:00-04:00,46.03,46.05,45.97,45.97,11408
2018-09-11 09:40:00-04:00,45.96,46.04,45.95,46.03,8063
2018-09-11 09:45:00-04:00,46.02,46.03,45.96,45.96,7834
2018-09-11 09:50:00-04:00,45.96,45.96,45.895,45.92,4032
2018-09-11 09:55:00-04:00,45.91,45.96,45.89,45.96,5987
2018-09-11 10:00:00-04:00,45.94,45.94,45.885,45.885,11267
2018-09-11 10:05:00-04:00,45.89,45.94,45.89,45.905,5590
2018-09-11 10:10:00-04:00,45.9,45.98,45.89,45.965,11170
2018-09-11 10:15:00-04:00,45.965,45.97,45.92,45.92,10237
2018-09-11 10:20:00-04:00,45.93,45.93,45.9,45.91,7923
2018-09-11 10:25:00-04:00,45.915,45.93,45.895,45.93,6402
2018-09-11 10:30:00-04:00,45.92,45.93,45.9,45.9,6882
2018-09-11 10:35:00-04:00,45.9,45.91,45.9,45.91,5446
2018-09-11 10:40:00-04:00,45.91,45.92,45.895,45.92,13533
2018-09-11 10:45:00-04:00,45.92,45.97,45.92,45.945,7029
2018-09-11 10:50:00-04:00,45.95,45.985,45.935,45.97,4050
2018-09-11 10:55:00-04:00,45.97,45.97,45.93,45.95,3624
2018-09-11 11:00:00-04:00,45.95,45.98,45.95,45.98,3807
2018-09-11 11:05:00-04:00,46.0,46.04,46.0,46.04,1962
2018-09-11 11:10:00-04:00,46.04,46.07,46.015,46.07,5518
2018-09-11 11:15:00-04:00,46.06,46.07,46.06,46.07,3123
2018-09-11 11:20:00-04:00,46.065,46.07,46.05,46.06,3843
2018-09-11 11:25:00-04:00,46.05,46.075,46.05,46.07,2783
2018-09-11 11:30:00-04:00,46.07,46.1,46.07,46.075,3725
2018-09-11 11:35:00-04:00,46.08,46.08,46.06,46.065,2474
2018-09-11 11:40:00-04:00,46.07,46.08,46.06,46.07,2852
2018-09-11 11:45:00-04:00,46.065,46.08,46.065,46.065,2357
2018-09-11 11:50:00-04:00,46.065,46.11,46.065,46.085,6616
2018-09-11 11:55:00-04:00,46.08,46.095,46.08,46.09,2910
2018-09-11 12:00:00-04:00,46.09,46.11,46.085,46.105,6174
2018-09-11 12:05:00-04:00,46.105,46.135,46.105,46.105,4145
2018-09-11 12:10:00-04:00,46.11,46.13,46.11,46.12,1209
2018-09-11 12:15:00-04:00,46.12,46.13,46.09,46.09,4234
2018-09-11 12:20:00-04:00,46.1,46.1,46.075,46.08,2669
2018-09-11 12:25:00-04:00,46.08,46.08,46.045,46.06,3902
2018-09-11 12:30:00-04:00,46.055,46.06,46.03,46.045,3303
2018-09-11 12:35:00-04:00,46.045,46.09,46.045,46.09,6783
2018-09-11 12:40:00-04:00,46.09,46.105,46.06,46.06,2294
2018-09-11 12:45:00-04:00,46.07,46.08,46.065,46.065,2379
2018-09-11 12:50:00-04:00,46.07,46.075,46.06,46.065,13289
2018-09-11 12:55:00-04:00,46.07,46.07,46.055,46.07,19742
2018-09-11 13:00:00-04:00,46.07,46.13,46.07,46.105,6751
2018-09-11 13:05:00-04:00,46.115,46.12,46.11,46.115,1814
2018-09-11 13:10:00-04:00,46.12,46.14,46.105,46.105,2726
2018-09-11 13:15:00-04:00,46.105,46.125,46.105,46.105,2882
2018-09-11 13:20:00-04:00,46.1,46.13,46.1,46.105,7328
2018-09-11 13:25:00-04:00,46.105,46.115,46.1,46.11,3332
2018-09-11 13:30:00-04:00,46.11,46.11,46.1,46.11,5250
2018-09-11 13:35:00-04:00,46.11,46.14,46.11,46.125,3797
2018-09-11 13:40:00-04:00,46.12,46.14,46.12,46.13,4564
2018-09-11 13:45:00-04:00,46.125,46.14,46.12,46.12,10016
2018-09-11 13:50:00-04:00,46.125,46.13,46.08,46.085,3537
2018-09-11 13:55:00-04:00,46.09,46.1,46.08,46.085,6329
2018-09-11 14:00:00-04:00,46.095,46.095,46.075,46.09,3355
2018-09-11 14:05:00-04:00,46.09,46.1,46.09,46.095,2861
2018-09-11 14:10:00-04:00,46.095,46.095,46.06,46.08,4838
2018-09-11 14:15:00-04:00,46.08,46.09,46.075,46.09,2979
2018-09-11 14:20:00-04:00,46.09,46.1,46.07,46.07,4743
2018-09-11 14:25:00-04:00,46.07,46.08,46.065,46.08,1400
2018-09-11 14:30:00-04:00,46.075,46.085,46.075,46.08,1804
2018-09-11 14:35:00-04:00,46.08,46.08,46.065,46.065,2109
2018-09-11 14:40:00-04:00,46.06,46.075,46.06,46.065,3905
2018-09-11 14:45:00-04:00,46.07,46.08,46.06,46.07,3575
2018-09-11 14:50:00-04:00,46.07,46.1,46.06,46.095,4832
2018-09-11 14:55:00-04:00,46.1,46.11,46.095,46.1,3895
2018-09-11 15:00:00-04:00,46.1,46.11,46.08,46.08,2944
2018-09-11 15:05:00-04:00,46.08,46.09,46.065,46.075,4851
2018-09-11 15:10:00-04:00,46.085,46.09,46.07,46.07,4894
2018-09-11 15:15:00-04:00,46.065,46.07,46.045,46.045,4044
2018-09-11 15:20:00-04:00,46.05,46.06,46.045,46.05,5735
2018-09-11 15:25:00-04:00,46.045,46.05,46.015,46.015,8279
2018-09-11 15:30:00-04:00,46.01,46.015,45.995,46.005,13612
2018-09-11 15:35:00-04:00,46.005,46.01,45.995,46.01,17004
2018-09-11 15:40:00-04:00,46.0,46.01,45.99,45.99,8410
2018-09-11 15:45:00-04:00,45.99,46.03,45.97,46.01,24773
2018-09-11 15:50:00-04:00,46.01,46.01,46.0,46.01,18264
2018-09-11 15:55:00-04:00,46.005,46.09,46.005,46.03,54234
2018-09-12 09:30:00-04:00,46.19,46.19,46.08,46.09,7968
2018-09-12 09:35:00-04:00,46.09,46.1,46.07,46.09,21973
2018-09-12 09:40:00-04:00,46.09,46.1,46.09,46.09,9991
2018-09-12 09:45:00-04:00,46.1,46.1,46.09,46.1,10042
2018-09-12 09:50:00-04:00,46.09,46.11,46.085,46.1,5002
2018-09-12 09:55:00-04:00,46.09,46.15,46.06,46.06,14291
2018-09-12 10:00:00-04:00,46.09,46.115,46.08,46.105,3149
2018-09-12 10:05:00-04:00,46.105,46.15,46.1,46.15,6326
2018-09-12 10:10:00-04:00,46.16,46.18,46.14,46.17,5705
2018-09-12 10:15:00-04:00,46.175,46.18,46.135,46.15,3879
2018-09-12 10:20:00-04:00,46.17,46.2,46.16,46.2,6229
2018-09-12 10:25:00-04:00,46.195,46.29,46.19,46.29,8568
2018-09-12 10:30:00-04:00,46.29,46.295,46.26,46.29,9111
2018-09-12 10:35:00-04:00,46.295,46.3,46.22,46.23,7735
2018-09-12 10:40:00-04:00,46.23,46.23,46.185,46.185,3912
2018-09-12 10:45:00-04:00,46.21,46.22,46.185,46.215,2711
2018-09-12 10:50:00-04:00,46.21,46.25,46.2,46.21,4319
2018-09-12 10:55:00-04:00,46.21,46.24,46.2,46.24,2970
2018-09-12 11:00:00-04:00,46.25,46.25,46.175,46.175,5333
2018-09-12 11:05:00-04:00,46.165,46.185,46.16,46.165,2017
2018-09-12 11:10:00-04:00,46.155,46.25,46.155,46.185,7928
2018-09-12 11:15:00-04:00,46.19,46.2,46.16,46.16,2383
2018-09-12 11:20:00-04:00,46.2,46.21,46.19,46.2,3016
2018-09-12 11:25:00-04:00,46.2,46.225,46.19,46.225,4716
2018-09-12 11:30:00-04:00,46.23,46.25,46.2,46.22,1438
2018-09-12 11:35:00-04:00,46.215,46.29,46.215,46.29,2469
2018-09-12 11:40:00-04:00,46.28,46.28,46.245,46.26,2733
2018-09-12 11:45:00-04:00,46.26,46.285,46.26,46.27,3845
2018-09-12 11:50:00-04:00,46.27,46.27,46.21,46.215,8913
2018-09-12 11:55:00-04:00,46.21,46.24,46.195,46.195,5442
2018-09-12 12:00:00-04:00,46.2,46.2,46.155,46.17,11044
2018-09-12 12:05:00-04:00,46.17,46.2,46.155,46.195,5690
2018-09-12 12:10:00-04:00,46.195,46.195,46.16,46.17,2856
2018-09-12 12:15:00-04:00,46.18,46.185,46.15,46.155,3340
2018-09-12 12:20:00-04:00,46.16,46.17,46.13,46.14,5156
2018-09-12 12:25:00-04:00,46.145,46.15,46.14,46.145,2536
2018-09-12 12:30:00-04:00,46.145,46.19,46.145,46.175,8884
2018-09-12 12:35:00-04:00,46.18,46.195,46.18,46.18,2438
2018-09-12 12:40:00-04:00,46.18,46.2,46.18,46.195,7468
2018-09-12 12:45:00-04:00,46.19,46.22,46.19,46.215,3712
2018-09-12 12:50:00-04:00,46.225,46.245,46.215,46.215,2802
2018-09-12 12:55:00-04:00,46.215,46.22,46.21,46.215,2943
2018-09-12 13:00:00-04:00,46.22,46.22,46.195,46.22,3696
2018-09-12 13:05:00-04:00,46.22,46.22,46.2,46.2,2820
2018-09-12 13:10:00-04:00,46.205,46.21,46.18,46.2,3376
2018-09-12 13:15:00-04:00,46.195,46.2,46.19,46.2,1059
2018-09-12 13:20:00-04:00,46.205,46.22,46.195,46.195,3327
2018-09-12 13:25:00-04:00,46.2,46.2,46.16,46.17,2976
2018-09-12 13:30:00-04:00,46.18,46.21,46.18,46.19,2758
2018-09-12 13:35:00-04:00,46.195,46.205,46.195,46.2,1959
2018-09-12 13:40:00-04:00,46.2,46.205,46.195,46.195,1434
2018-09-12 13:45:00-04:00,46.19,46.2,46.175,46.185,2940
2018-09-12 13:50:00-04:00,46.18,46.18,46.155,46.16,2935
2018-09-12 13:55:00-04:00,46.165,46.165,46.14,46.16,2721
2018-09-12 14:00:00-04:00,46.15,46.15,46.09,46.095,3888
2018-09-12 14:05:00-04:00,46.095,46.13,46.095,46.125,2864
2018-09-12 14:10:00-04:00,46.12,46.14,46.11,46.14,2881
2018-09-12 14:15:00-04:00,46.125,46.135,46.1,46.105,4513
2018-09-12 14:20:00-04:00,46.1,46.11,46.09,46.1,2707
2018-09-12 14:25:00-04:00,46.105,46.105,46.05,46.06,1836
2018-09-12 14:30:00-04:00,46.065,46.09,46.06,46.08,2390
2018-09-12 14:35:00-04:00,46.085,46.09,46.04,46.04,1814
2018-09-12 14:40:00-04:00,46.04,46.055,46.03,46.055,3648
2018-09-12 14:45:00-04:00,46.06,46.09,46.04,46.09,5310
2018-09-12 14:50:00-04:00,46.085,46.105,46.08,46.1,4430
2018-09-12 14:55:00-04:00,46.095,46.1,46.08,46.09,6230
2018-09-12 15:00:00-04:00,46.095,46.1,46.08,46.085,7468
2018-09-12 15:05:00-04:00,46.09,46.1,46.085,46.09,6408
2018-09-12 15:10:00-04:00,46.1,46.1,46.085,46.1,6756
2018-09-12 15:15:00-04:00,46.09,46.11,46.09,46.11,6660
2018-09-12 15:20:00-04:00,46.105,46.14,46.1,46.14,8471
2018-09-12 15:25:00-04:00,46.135,46.15,46.12,46.14,23800
2018-09-12 15:30:00-04:00,46.14,46.17,46.135,46.15,11871
2018-09-12 15:35:00-04:00,46.145,46.185,46.145,46.185,12087
2018-09-12 15:40:00-04:00,46.17,46.225,46.17,46.2,17758
2018-09-12 15:45:00-04:00,46.2,46.21,46.17,46.19,17740
2018-09-12 15:50:00-04:00,46.2,46.225,46.2,46.22,16795
2018-09-12 15:55:00-04:00,46.21,46.26,46.2,46.25,98878
2018-09-13 09:25:00-04:00,46.01,46.01,46.01,46.01,100
2018-09-13 09:30:00-04:00,46.08,46.11,45.84,45.85,9253
2018-09-13 09:35:00-04:00,45.84,45.85,45.72,45.84,6735
2018-09-13 09:40:00-04:00,45.84,45.91,45.79,45.84,6348
2018-09-13 09:45:00-04:00,45.82,45.85,45.805,45.81,3476
2018-09-13 09:50:00-04:00,45.815,45.92,45.815,45.92,4158
2018-09-13 09:55:00-04:00,45.91,45.91,45.85,45.85,1887
2018-09-13 10:00:00-04:00,45.87,45.89,45.84,45.89,1900
2018-09-13 10:05:00-04:00,45.9,45.9,45.88,45.88,2123
2018-09-13 10:10:00-04:00,45.89,45.89,45.855,45.86,4201
2018-09-13 10:15:00-04:00,45.86,45.89,45.81,45.86,7395
2018-09-13 10:20:00-04:00,45.87,45.94,45.87,45.93,4419
2018-09-13 10:25:00-04:00,45.92,45.945,45.92,45.945,4325
2018-09-13 10:30:00-04:00,45.945,45.945,45.87,45.87,6018
2018-09-13 10:35:00-04:00,45.875,45.93,45.87,45.93,8327
2018-09-13 10:40:00-04:00,45.925,45.975,45.925,45.935,6745
2018-09-13 10:45:00-04:00,45.95,45.97,45.93,45.97,9579
2018-09-13 10:50:00-04:00,45.97,45.98,45.95,45.95,1549
2018-09-13 10:55:00-04:00,45.94,45.975,45.92,45.96,6374
2018-09-13 11:00:00-04:00,45.955,45.97,45.93,45.94,3557
2018-09-13 11:05:00-04:00,45.95,45.95,45.89,45.905,2162
2018-09-13 11:10:00-04:00,45.91,45.94,45.895,45.895,2204
2018-09-13 11:15:00-04:00,45.89,45.91,45.89,45.91,4156
2018-09-13 11:20:00-04:00,45.905,45.905,45.87,45.87,6860
2018-09-13 11:25:00-04:00,45.875,45.875,45.8,45.805,4552
2018-09-13 11:30:00-04:00,45.81,45.81,45.775,45.78,2430
2018-09-13 11:35:00-04:00,45.785,45.785,45.755,45.755,1836
2018-09-13 11:40:00-04:00,45.75,45.75,45.715,45.715,1764
2018-09-13 11:45:00-04:00,45.73,45.79,45.73,45.79,1527
2018-09-13 11:50:00-04:00,45.8,45.82,45.8,45.82,1925
2018-09-13 11:55:00-04:00,45.82,45.84,45.815,45.82,4088
2018-09-13 12:00:00-04:00,45.83,45.84,45.82,45.84,2595
2018-09-13 12:05:00-04:00,45.83,45.855,45.825,45.855,3755
2018-09-13 12:10:00-04:00,45.855,45.86,45.84,45.84,3360
2018-09-13 12:15:00-04:00,45.84,45.845,45.81,45.815,2489
2018-09-13 12:20:00-04:00,45.81,45.86,45.81,45.86,4100
2018-09-13 12:25:00-04:00,45.865,45.87,45.83,45.845,4389
2018-09-13 12:30:00-04:00,45.85,45.855,45.82,45.82,2140
2018-09-13 12:35:00-04:00,45.83,45.84,45.83,45.84,1667
2018-09-13 12:40:00-04:00,45.83,45.835,45.8,45.8,2716
2018-09-13 12:45:00-04:00,45.81,45.82,45.78,45.8,4047
2018-09-13 12:50:00-04:00,45.8,45.8,45.78,45.8,2287
2018-09-13 12:55:00-04:00,45.805,45.81,45.8,45.81,2256
2018-09-13 13:00:00-04:00,45.8,45.81,45.8,45.805,3316
2018-09-13 13:05:00-04:00,45.8,45.8,45.79,45.8,2610
2018-09-13 13:10:00-04:00,45.8,45.8,45.78,45.78,2617
2018-09-13 13:15:00-04:00,45.78,45.78,45.76,45.775,1444
2018-09-13 13:20:00-04:00,45.77,45.78,45.76,45.775,3103
2018-09-13 13:25:00-04:00,45.775,45.79,45.765,45.77,3144
2018-09-13 13:30:00-04:00,45.77,45.77,45.76,45.77,8027
2018-09-13 13:35:00-04:00,45.77,45.79,45.76,45.76,1624
2018-09-13 13:40:00-04:00,45.765,45.79,45.765,45.79,2861
2018-09-13 13:45:00-04:00,45.78,45.81,45.78,45.8,3838
2018-09-13 13:50:00-04:00,45.79,45.795,45.78,45.785,1894
2018-09-13 13:55:00-04:00,45.785,45.79,45.77,45.77,1609
2018-09-13 14:00:00-04:00,45.77,45.77,45.74,45.74,8503
2018-09-13 14:05:00-04:00,45.74,45.765,45.74,45.76,5610
2018-09-13 14:10:00-04:00,45.76,45.78,45.75,45.76,5073
2018-09-13 14:15:00-04:00,45.76,45.765,45.74,45.75,2072
2018-09-13 14:20:00-04:00,45.74,45.745,45.735,45.735,1203
2018-09-13 14:25:00-04:00,45.76,45.765,45.745,45.745,1957
2018-09-13 14:30:00-04:00,45.75,45.765,45.745,45.76,3096
2018-09-13 14:35:00-04:00,45.76,45.77,45.74,45.75,3008
2018-09-13 14:40:00-04:00,45.745,45.76,45.74,45.76,1659
2018-09-13 14:45:00-04:00,45.76,45.78,45.76,45.76,4073
2018-09-13 14:50:00-04:00,45.76,45.77,45.75,45.77,4903
2018-09-13 14:55:00-04:00,45.77,45.79,45.77,45.78,1908
2018-09-13 15:00:00-04:00,45.78,45.8,45.78,45.8,5635
2018-09-13 15:05:00-04:00,45.8,45.81,45.78,45.79,4578
2018-09-13 15:10:00-04:00,45.78,45.805,45.78,45.8,4335
2018-09-13 15:15:00-04:00,45.8,45.81,45.8,45.8,2787
2018-09-13 15:20:00-04:00,45.8,45.815,45.8,45.8,5926
2018-09-13 15:25:00-04:00,45.8,45.81,45.79,45.79,8619
2018-09-13 15:30:00-04:00,45.8,45.815,45.79,45.805,7744
2018-09-13 15:35:00-04:00,45.8,45.815,45.79,45.81,6277
2018-09-13 15:40:00-04:00,45.815,45.815,45.78,45.78,12729
2018-09-13 15:45:00-04:00,45.785,45.79,45.77,45.785,21163
2018-09-13 15:50:00-04:00,45.79,45.84,45.79,45.84,22341
2018-09-13 15:55:00-04:00,45.84,45.86,45.83,45.83,38768
2018-09-14 09:30:00-04:00,45.925,45.94,45.83,45.855,7095
2018-09-14 09:35:00-04:00,45.81,45.835,45.79,45.81,5137
2018-09-14 09:40:00-04:00,45.81,45.81,45.775,45.795,2445
2018-09-14 09:45:00-04:00,45.8,45.88,45.8,45.865,7899
2018-09-14 09:50:00-04:00,45.88,45.89,45.835,45.835,4602
2018-09-14 09:55:00-04:00,45.835,45.86,45.81,45.84,2942
2018-09-14 10:00:00-04:00,45.83,45.83,45.76,45.82,3296
2018-09-14 10:05:00-04:00,45.79,45.79,45.715,45.715,4729
2018-09-14 10:10:00-04:00,45.725,45.74,45.7,45.7,2421
2018-09-14 10:15:00-04:00,45.71,45.71,45.62,45.63,3495
2018-09-14 10:20:00-04:00,45.63,45.655,45.62,45.655,1930
2018-09-14 10:25:00-04:00,45.665,45.7,45.65,45.65,2374
2018-09-14 10:30:00-04:00,45.66,45.67,45.64,45.67,2806
2018-09-14 10:35:00-04:00,45.66,45.705,45.655,45.7,5669
2018-09-14 10:40:00-04:00,45.71,45.78,45.71,45.78,6738
2018-09-14 10:45:00-04:00,45.78,45.805,45.775,45.805,5082
2018-09-14 10:50:00-04:00,45.8,45.84,45.8,45.815,4633
2018-09-14 10:55:00-04:00,45.83,45.83,45.81,45.81,2605
2018-09-14 11:00:00-04:00,45.81,45.82,45.76,45.76,3115
2018-09-14 11:05:00-04:00,45.78,45.79,45.76,45.76,1765
2018-09-14 11:10:00-04:00,45.77,45.8,45.77,45.79,3373
2018-09-14 11:15:00-04:00,45.785,45.79,45.77,45.79,2859
2018-09-14 11:20:00-04:00,45.78,45.8,45.775,45.8,3205
2018-09-14 11:25:00-04:00,45.795,45.86,45.795,45.82,4945
2018-09-14 11:30:00-04:00,45.81,45.82,45.775,45.81,4606
2018-09-14 11:35:00-04:00,45.8,45.84,45.79,45.82,4272
2018-09-14 11:40:00-04:00,45.81,45.84,45.81,45.84,3000
2018-09-14 11:45:00-04:00,45.85,45.86,45.845,45.855,2224
2018-09-14 11:50:00-04:00,45.85,45.86,45.835,45.86,3317
2018-09-14 11:55:00-04:00,45.86,45.88,45.85,45.875,2333
2018-09-14 12:00:00-04:00,45.87,45.87,45.74,45.76,20175
2018-09-14 12:05:00-04:00,45.76,45.79,45.755,45.77,3341
2018-09-14 12:10:00-04:00,45.77,45.8,45.75,45.78,2355
2018-09-14 12:15:00-04:00,45.78,45.79,45.775,45.78,2209
2018-09-14 12:20:00-04:00,45.78,45.8,45.77,45.79,6351
2018-09-14 12:25:00-04:00,45.79,45.83,45.79,45.79,4715
2018-09-14 12:30:00-04:00,45.8,45.82,45.795,45.8,5684
2018-09-14 12:35:00-04:00,45.8,45.82,45.8,45.81,1728
2018-09-14 12:40:00-04:00,45.82,45.83,45.81,45.83,2405
2018-09-14 12:45:00-04:00,45.83,45.85,45.83,45.84,2404
2018-09-14 12:50:00-04:00,45.84,45.85,45.83,45.85,2205
2018-09-14 12:55:00-04:00,45.85,45.87,45.84,45.86,2025
2018-09-14 13:00:00-04:00,45.86,45.9,45.86,45.9,3340
2018-09-14 13:05:00-04:00,45.9,45.91,45.885,45.89,2751
2018-09-14 13:10:00-04:00,45.89,45.89,45.86,45.86,3543
2018-09-14 13:15:00-04:00,45.85,45.9,45.845,45.9,1963
2018-09-14 13:20:00-04:00,45.91,45.92,45.9,45.905,61343
2018-09-14 13:25:00-04:00,45.91,45.93,45.91,45.925,1395
2018-09-14 13:30:00-04:00,45.925,45.95,45.92,45.95,4695
2018-09-14 13:35:00-04:00,45.95,45.95,45.895,45.9,2977
2018-09-14 13:40:00-04:00,45.91,45.93,45.905,45.93,1632
2018-09-14 13:45:00-04:00,45.93,45.93,45.915,45.93,2584
2018-09-14 13:50:00-04:00,45.925,45.94,45.925,45.925,757
2018-09-14 13:55:00-04:00,45.935,45.94,45.925,45.93,3053
2018-09-14 14:00:00-04:00,45.935,45.97,45.93,45.97,11180
2018-09-14 14:05:00-04:00,45.97,45.97,45.94,45.94,1775
2018-09-14 14:10:00-04:00,45.92,45.94,45.91,45.94,1493
2018-09-14 14:15:00-04:00,45.935,45.95,45.935,45.94,2151
2018-09-14 14:20:00-04:00,45.95,45.97,45.945,45.965,4509
2018-09-14 14:25:00-04:00,45.965,45.97,45.95,45.97,2889
2018-09-14 14:30:00-04:00,45.96,45.96,45.94,45.95,1500
2018-09-14 14:35:00-04:00,45.955,45.96,45.94,45.95,2651
2018-09-14 14:40:00-04:00,45.95,45.96,45.94,45.955,1542
2018-09-14 14:45:00-04:00,45.95,45.96,45.945,45.95,1841
2018-09-14 14:50:00-04:00,45.945,45.95,45.93,45.95,1958
2018-09-14 14:55:00-04:00,45.95,45.99,45.94,45.94,9148
2018-09-14 15:00:00-04:00,45.94,45.95,45.93,45.95,2180
2018-09-14 15:05:00-04:00,45.95,45.98,45.95,45.98,1378
2018-09-14 15:10:00-04:00,45.975,45.98,45.965,45.97,3166
2018-09-14 15:15:00-04:00,45.97,45.995,45.97,45.985,6441
2018-09-14 15:20:00-04:00,45.98,45.99,45.98,45.98,6764
2018-09-14 15:25:00-04:00,45.98,46.0,45.97,45.97,8781
2018-09-14 15:30:00-04:00,45.97,45.97,45.93,45.96,10408
2018-09-14 15:35:00-04:00,45.965,45.99,45.96,45.985,7579
2018-09-14 15:40:00-04:00,45.99,45.99,45.97,45.98,10985
2018-09-14 15:45:00-04:00,45.98,46.005,45.97,46.0,15742
2018-09-14 15:50:00-04:00,46.005,46.02,45.99,46.02,17133
2018-09-14 15:55:00-04:00,46.02,46.025,45.98,46.0,48845
2018-09-17 09:30:00-04:00,46.0,46.03,45.92,45.93,13040
2018-09-17 09:35:00-04:00,45.925,46.05,45.925,45.995,17750
2018-09-17 09:40:00-04:00,45.995,46.08,45.99,46.035,16886
2018-09-17 09:45:00-04:00,46.04,46.04,45.95,45.97,7002
2018-09-17 09:50:00-04:00,45.975,45.99,45.94,45.985,6811
2018-09-17 09:55:00-04:00,45.985,46.01,45.985,46.0,3973
2018-09-17 10:00:00-04:00,45.995,46.06,45.995,46.055,9286
2018-09-17 10:05:00-04:00,46.055,46.17,46.055,46.12,13799
2018-09-17 10:10:00-04:00,46.12,46.12,46.075,46.105,6166
2018-09-17 10:15:00-04:00,46.11,46.12,46.085,46.085,5580
2018-09-17 10:20:00-04:00,46.075,46.09,46.04,46.045,6931
2018-09-17 10:25:00-04:00,46.05,46.09,46.05,46.05,7198
2018-09-17 10:30:00-04:00,46.055,46.105,46.04,46.095,7775
2018-09-17 10:35:00-04:00,46.1,46.1,46.06,46.075,5118
2018-09-17 10:40:00-04:00,46.07,46.08,46.045,46.07,13005
2018-09-17 10:45:00-04:00,46.08,46.09,46.025,46.03,10791
2018-09-17 10:50:00-04:00,46.04,46.04,45.985,45.995,6255
2018-09-17 10:55:00-04:00,45.995,46.02,45.97,46.005,7730
2018-09-17 11:00:00-04:00,46.02,46.02,45.99,46.0,5532
2018-09-17 11:05:00-04:00,46.0,46.02,45.99,46.015,11505
2018-09-17 11:10:00-04:00,46.02,46.02,45.99,46.0,8381
2018-09-17 11:15:00-04:00,46.0,46.04,45.985,46.035,6466
2018-09-17 11:20:00-04:00,46.035,46.035,45.96,45.96,6629
2018-09-17 11:25:00-04:00,45.965,45.975,45.93,45.955,8361
2018-09-17 11:30:00-04:00,45.95,45.99,45.95,45.99,5743
2018-09-17 11:35:00-04:00,45.99,46.01,45.97,45.975,6432
2018-09-17 11:40:00-04:00,45.96,46.025,45.96,46.015,2993
2018-09-17 11:45:00-04:00,46.02,46.07,46.015,46.045,4992
2018-09-17 11:50:00-04:00,46.06,46.1,46.06,46.1,4713
2018-09-17 11:55:00-04:00,46.1,46.12,46.075,46.075,5570
2018-09-17 12:00:00-04:00,46.08,46.09,46.07,46.08,3225
2018-09-17 12:05:00-04:00,46.085,46.12,46.08,46.1,5164
2018-09-17 12:10:00-04:00,46.1,46.1,46.08,46.085,4440
2018-09-17 12:15:00-04:00,46.09,46.1,46.08,46.085,4317
2018-09-17 12:20:00-04:00,46.06,46.09,46.05,46.09,2929
2018-09-17 12:25:00-04:00,46.09,46.11,46.08,46.11,3803
2018-09-17 12:30:00-04:00,46.12,46.12,46.095,46.115,3657
2018-09-17 12:35:00-04:00,46.11,46.115,46.09,46.105,3208
2018-09-17 12:40:00-04:00,46.105,46.16,46.105,46.155,6618
2018-09-17 12:45:00-04:00,46.155,46.155,46.11,46.115,4013
2018-09-17 12:50:00-04:00,46.105,46.14,46.075,46.075,9551
2018-09-17 12:55:00-04:00,46.07,46.105,46.065,46.105,10789
2018-09-17 13:00:00-04:00,46.09,46.12,46.085,46.115,2755
2018-09-17 13:05:00-04:00,46.12,46.13,46.105,46.12,4410
2018-09-17 13:10:00-04:00,46.11,46.125,46.1,46.11,9062
2018-09-17 13:15:00-04:00,46.12,46.125,46.11,46.12,4529
2018-09-17 13:20:00-04:00,46.12,46.14,46.12,46.13,5323
2018-09-17 13:25:00-04:00,46.14,46.185,46.135,46.185,6516
2018-09-17 13:30:00-04:00,46.185,46.205,46.155,46.16,4127
2018-09-17 13:35:00-04:00,46.17,46.17,46.135,46.15,4545
2018-09-17 13:40:00-04:00,46.15,46.19,46.14,46.185,2443
2018-09-17 13:45:00-04:00,46.185,46.215,46.18,46.205,5457
2018-09-17 13:50:00-04:00,46.205,46.215,46.17,46.18,7348
2018-09-17 13:55:00-04:00,46.18,46.19,46.165,46.18,4312
2018-09-17 14:00:00-04:00,46.19,46.2,46.18,46.18,5089
2018-09-17 14:05:00-04:00,46.18,46.18,46.16,46.16,4224
2018-09-17 14:10:00-04:00,46.16,46.17,46.16,46.165,3156
2018-09-17 14:15:00-04:00,46.17,46.19,46.17,46.18,3801
2018-09-17 14:20:00-04:00,46.18,46.19,46.17,46.19,2623
2018-09-17 14:25:00-04:00,46.185,46.205,46.18,46.195,3120
2018-09-17 14:30:00-04:00,46.19,46.19,46.17,46.175,2743
2018-09-17 14:35:00-04:00,46.175,46.18,46.15,46.15,2815
2018-09-17 14:40:00-04:00,46.14,46.16,46.13,46.15,5115
2018-09-17 14:45:00-04:00,46.15,46.17,46.145,46.16,5455
2018-09-17 14:50:00-04:00,46.165,46.18,46.16,46.18,3762
2018-09-17 14:55:00-04:00,46.18,46.18,46.15,46.17,5697
2018-09-17 15:00:00-04:00,46.165,46.2,46.165,46.175,8900
2018-09-17 15:05:00-04:00,46.17,46.2,46.17,46.195,5917
2018-09-17 15:10:00-04:00,46.195,46.22,46.195,46.205,5156
2018-09-17 15:15:00-04:00,46.2,46.215,46.18,46.195,10319
2018-09-17 15:20:00-04:00,46.2,46.225,46.195,46.22,10778
2018-09-17 15:25:00-04:00,46.22,46.25,46.22,46.23,11054
2018-09-17 15:30:00-04:00,46.23,46.245,46.2,46.24,7544
2018-09-17 15:35:00-04:00,46.24,46.26,46.23,46.25,12965
2018-09-17 15:40:00-04:00,46.24,46.255,46.215,46.24,18616
2018-09-17 15:45:00-04:00,46.25,46.29,46.24,46.285,20033
2018-09-17 15:50:00-04:00,46.28,46.29,46.255,46.285,30874
2018-09-17 15:55:00-04:00,46.28,46.33,46.28,46.32,98688
2018-09-18 09:30:00-04:00,46.49,46.525,46.245,46.26,10489
2018-09-18 09:35:00-04:00,46.27,46.415,46.24,46.39,9820
2018-09-18 09:40:00-04:00,46.39,46.445,46.38,46.385,8558
2018-09-18 09:45:00-04:00,46.39,46.39,46.29,46.31,8081
2018-09-18 09:50:00-04:00,46.3,46.31,46.24,46.3,16420
2018-09-18 09:55:00-04:00,46.31,46.31,46.23,46.28,7259
2018-09-18 10:00:00-04:00,46.28,46.29,46.21,46.23,16663
2018-09-18 10:05:00-04:00,46.23,46.24,46.2,46.2,8718
2018-09-18 10:10:00-04:00,46.2,46.22,46.17,46.195,12897
2018-09-18 10:15:00-04:00,46.19,46.265,46.19,46.26,7964
2018-09-18 10:20:00-04:00,46.25,46.25,46.21,46.225,4997
2018-09-18 10:25:00-04:00,46.23,46.24,46.19,46.22,6941
2018-09-18 10:30:00-04:00,46.23,46.23,46.195,46.2,8065
2018-09-18 10:35:00-04:00,46.205,46.205,46.12,46.14,24542
2018-09-18 10:40:00-04:00,46.14,46.15,46.12,46.14,10729
2018-09-18 10:45:00-04:00,46.14,46.155,46.13,46.135,9808
2018-09-18 10:50:00-04:00,46.13,46.21,46.13,46.18,8861
2018-09-18 10:55:00-04:00,46.17,46.24,46.15,46.205,8912
2018-09-18 11:00:00-04:00,46.21,46.23,46.15,46.155,7856
2018-09-18 11:05:00-04:00,46.155,46.195,46.15,46.195,5139
2018-09-18 11:10:00-04:00,46.195,46.215,46.175,46.2,8117
2018-09-18 11:15:00-04:00,46.2,46.21,46.19,46.195,3731
2018-09-18 11:20:00-04:00,46.18,46.18,46.13,46.13,4461
2018-09-18 11:25:00-04:00,46.14,46.14,46.095,46.12,3489
2018-09-18 11:30:00-04:00,46.12,46.12,46.08,46.105,3016
2018-09-18 11:35:00-04:00,46.105,46.13,46.1,46.12,3376
2018-09-18 11:40:00-04:00,46.12,46.13,46.09,46.09,5779
2018-09-18 11:45:00-04:00,46.09,46.12,46.09,46.105,9692
2018-09-18 11:50:00-04:00,46.1,46.105,46.075,46.08,8932
2018-09-18 11:55:00-04:00,46.09,46.105,46.05,46.105,4569
2018-09-18 12:00:00-04:00,46.11,46.14,46.095,46.115,4639
2018-09-18 12:05:00-04:00,46.115,46.15,46.115,46.15,3842
2018-09-18 12:10:00-04:00,46.13,46.14,46.13,46.14,3758
2018-09-18 12:15:00-04:00,46.135,46.16,46.135,46.15,3478
2018-09-18 12:20:00-04:00,46.15,46.15,46.09,46.11,3346
2018-09-18 12:25:00-04:00,46.11,46.11,46.09,46.1,2656
2018-09-18 12:30:00-04:00,46.1,46.12,46.09,46.11,4982
2018-09-18 12:35:00-04:00,46.11,46.11,46.08,46.09,3987
2018-09-18 12:40:00-04:00,46.085,46.085,46.045,46.05,3742
2018-09-18 12:45:00-04:00,46.04,46.075,46.04,46.07,4124
2018-09-18 12:50:00-04:00,46.075,46.08,46.07,46.075,2431
2018-09-18 12:55:00-04:00,46.08,46.08,46.05,46.075,4678
2018-09-18 13:00:00-04:00,46.075,46.11,46.075,46.105,8334
2018-09-18 13:05:00-04:00,46.105,46.125,46.1,46.101,4616
2018-09-18 13:10:00-04:00,46.105,46.115,46.095,46.1,3400
2018-09-18 13:15:00-04:00,46.105,46.11,46.1,46.105,3845
2018-09-18 13:20:00-04:00,46.1,46.11,46.1,46.105,2349
2018-09-18 13:25:00-04:00,46.105,46.14,46.1,46.125,22741
2018-09-18 13:30:00-04:00,46.13,46.13,46.095,46.095,12793
2018-09-18 13:35:00-04:00,46.1,46.11,46.1,46.1,4096
2018-09-18 13:40:00-04:00,46.095,46.095,46.085,46.085,3490
2018-09-18 13:45:00-04:00,46.08,46.09,46.055,46.06,2830
2018-09-18 13:50:00-04:00,46.06,46.075,46.05,46.05,3516
2018-09-18 13:55:00-04:00,46.05,46.07,46.05,46.06,3279
2018-09-18 14:00:00-04:00,46.055,46.08,46.055,46.07,4333
2018-09-18 14:05:00-04:00,46.075,46.08,46.07,46.075,3130
2018-09-18 14:10:00-04:00,46.07,46.07,46.06,46.06,5572
2018-09-18 14:15:00-04:00,46.055,46.09,46.055,46.08,5160
2018-09-18 14:20:00-04:00,46.07,46.07,46.055,46.06,2771
2018-09-18 14:25:00-04:00,46.06,46.08,46.06,46.075,3005
2018-09-18 14:30:00-04:00,46.075,46.08,46.05,46.07,3555
2018-09-18 14:35:00-04:00,46.07,46.075,46.04,46.05,5210
2018-09-18 14:40:00-04:00,46.055,46.07,46.05,46.05,3739
2018-09-18 14:45:00-04:00,46.05,46.07,46.02,46.02,3780
2018-09-18 14:50:00-04:00,46.02,46.035,45.99,46.0,7699
2018-09-18 14:55:00-04:00,46.0,46.01,46.0,46.0,4159
2018-09-18 15:00:00-04:00,46.005,46.03,46.005,46.01,5661
2018-09-18 15:05:00-04:00,46.01,46.03,46.01,46.03,4074
2018-09-18 15:10:00-04:00,46.03,46.04,46.01,46.01,7513
2018-09-18 15:15:00-04:00,46.02,46.03,46.01,46.02,3975
2018-09-18 15:20:00-04:00,46.025,46.06,46.02,46.055,18435
2018-09-18 15:25:00-04:00,46.05,46.05,46.02,46.02,4824
2018-09-18 15:30:00-04:00,46.02,46.025,46.0,46.0,3931
2018-09-18 15:35:00-04:00,46.0,46.015,45.995,46.0,7727
2018-09-18 15:40:00-04:00,46.0,46.01,45.99,45.99,10604
2018-09-18 15:45:00-04:00,45.995,45.995,45.96,45.97,15691
2018-09-18 15:50:00-04:00,45.97,45.97,45.95,45.955,19931
2018-09-18 15:55:00-04:00,45.95,45.97,45.93,45.93,72875
2018-09-19 09:30:00-04:00,46.04,46.04,45.865,45.88,10160
2018-09-19 09:35:00-04:00,45.89,46.02,45.89,46.01,10486
2018-09-19 09:40:00-04:00,46.0,46.005,45.96,46.005,4250
2018-09-19 09:45:00-04:00,46.0,46.0,45.96,45.98,4566
2018-09-19 09:50:00-04:00,46.0,46.01,45.97,46.005,3538
2018-09-19 09:55:00-04:00,46.005,46.01,45.97,45.99,2683
2018-09-19 10:00:00-04:00,45.99,45.99,45.94,45.94,3481
2018-09-19 10:05:00-04:00,45.94,45.97,45.93,45.95,8454
2018-09-19 10:10:00-04:00,45.95,46.04,45.94,46.0,8884
2018-09-19 10:15:00-04:00,46.0,46.05,46.0,46.02,6199
2018-09-19 10:20:00-04:00,46.02,46.05,45.97,46.0,4077
2018-09-19 10:25:00-04:00,46.0,46.04,45.98,45.99,4714
2018-09-19 10:30:00-04:00,45.99,46.01,45.95,45.95,3618
2018-09-19 10:35:00-04:00,45.93,46.005,45.93,45.99,7693
2018-09-19 10:40:00-04:00,45.99,46.01,45.95,45.95,3579
2018-09-19 10:45:00-04:00,45.96,45.99,45.95,45.96,2520
2018-09-19 10:50:00-04:00,45.95,45.99,45.95,45.975,4547
2018-09-19 10:55:00-04:00,45.97,46.0,45.97,45.99,3004
2018-09-19 11:00:00-04:00,45.99,46.06,45.985,46.055,4234
2018-09-19 11:05:00-04:00,46.07,46.07,46.04,46.06,2687
2018-09-19 11:10:00-04:00,46.06,46.06,45.995,46.04,5025
2018-09-19 11:15:00-04:00,46.05,46.07,46.02,46.02,7509
2018-09-19 11:20:00-04:00,46.02,46.03,45.98,46.03,5147
2018-09-19 11:25:00-04:00,46.03,46.04,45.99,45.99,1751
2018-09-19 11:30:00-04:00,45.985,46.01,45.985,45.99,2953
2018-09-19 11:35:00-04:00,45.99,46.0,45.98,45.995,3329
2018-09-19 11:40:00-04:00,46.0,46.06,46.0,46.03,4311
2018-09-19 11:45:00-04:00,46.02,46.06,46.01,46.04,4145
2018-09-19 11:50:00-04:00,46.05,46.06,46.05,46.05,2186
2018-09-19 11:55:00-04:00,46.06,46.09,46.05,46.07,2453
2018-09-19 12:00:00-04:00,46.07,46.1,46.06,46.07,3729
2018-09-19 12:05:00-04:00,46.06,46.09,46.06,46.07,1323
2018-09-19 12:10:00-04:00,46.07,46.07,46.05,46.05,2247
2018-09-19 12:15:00-04:00,46.04,46.05,46.03,46.03,24469
2018-09-19 12:20:00-04:00,46.04,46.05,46.015,46.05,2697
2018-09-19 12:25:00-04:00,46.04,46.05,46.03,46.05,1821
2018-09-19 12:30:00-04:00,46.05,46.06,46.045,46.055,4604
2018-09-19 12:35:00-04:00,46.05,46.06,46.04,46.04,3222
2018-09-19 12:40:00-04:00,46.04,46.05,46.025,46.03,4561
2018-09-19 12:45:00-04:00,46.03,46.04,46.03,46.04,3538
2018-09-19 12:50:00-04:00,46.04,46.04,46.03,46.03,1238
2018-09-19 12:55:00-04:00,46.02,46.02,46.005,46.015,1743
2018-09-19 13:00:00-04:00,46.01,46.02,46.005,46.005,1857
2018-09-19 13:05:00-04:00,46.01,46.01,45.97,45.97,2787
2018-09-19 13:10:00-04:00,45.96,45.97,45.93,45.97,4539
2018-09-19 13:15:00-04:00,45.96,45.98,45.95,45.95,7982
2018-09-19 13:20:00-04:00,45.95,45.955,45.94,45.95,5854
2018-09-19 13:25:00-04:00,45.94,45.95,45.93,45.95,2469
2018-09-19 13:30:00-04:00,45.96,45.96,45.94,45.95,19102
2018-09-19 13:35:00-04:00,45.96,45.97,45.95,45.97,1285
2018-09-19 13:40:00-04:00,45.97,45.97,45.965,45.97,2021
2018-09-19 13:45:00-04:00,45.97,45.985,45.94,45.94,19174
2018-09-19 13:50:00-04:00,45.94,45.94,45.92,45.93,7311
2018-09-19 13:55:00-04:00,45.925,45.93,45.92,45.925,7495
2018-09-19 14:00:00-04:00,45.93,45.96,45.92,45.94,7151
2018-09-19 14:05:00-04:00,45.94,45.945,45.93,45.93,4617
2018-09-19 14:10:00-04:00,45.93,45.955,45.93,45.935,7547
2018-09-19 14:15:00-04:00,45.93,45.96,45.93,45.96,3485
2018-09-19 14:20:00-04:00,45.95,45.95,45.93,45.945,4767
2018-09-19 14:25:00-04:00,45.945,45.97,45.945,45.96,2097
2018-09-19 14:30:00-04:00,45.97,45.99,45.96,45.99,3499
2018-09-19 14:35:00-04:00,45.99,45.99,45.96,45.96,3623
2018-09-19 14:40:00-04:00,45.96,45.96,45.95,45.955,2691
2018-09-19 14:45:00-04:00,45.95,45.95,45.94,45.945,2898
2018-09-19 14:50:00-04:00,45.94,45.96,45.94,45.95,1567
2018-09-19 14:55:00-04:00,45.95,45.98,45.945,45.98,3177
2018-09-19 15:00:00-04:00,45.98,45.99,45.97,45.97,3228
2018-09-19 15:05:00-04:00,45.97,45.98,45.96,45.96,5924
2018-09-19 15:10:00-04:00,45.96,45.965,45.94,45.95,7562
2018-09-19 15:15:00-04:00,45.96,45.96,45.935,45.935,8243
2018-09-19 15:20:00-04:00,45.94,45.955,45.93,45.94,10899
2018-09-19 15:25:00-04:00,45.94,45.95,45.93,45.93,5695
2018-09-19 15:30:00-04:00,45.94,45.95,45.93,45.95,12713
2018-09-19 15:35:00-04:00,45.95,45.96,45.94,45.95,9709
2018-09-19 15:40:00-04:00,45.95,45.96,45.94,45.96,7706
2018-09-19 15:45:00-04:00,45.95,45.98,45.945,45.975,10657
2018-09-19 15:50:00-04:00,45.975,46.0,45.975,45.995,15727
2018-09-19 15:55:00-04:00,45.99,45.995,45.925,45.96,57681
2018-09-20 09:30:00-04:00,46.22,46.33,46.15,46.33,10428
2018-09-20 09:35:00-04:00,46.31,46.345,46.28,46.34,22218
2018-09-20 09:40:00-04:00,46.34,46.415,46.32,46.33,10036
2018-09-20 09:45:00-04:00,46.32,46.36,46.29,46.3,4470
2018-09-20 09:50:00-04:00,46.31,46.31,46.26,46.31,3841
2018-09-20 09:55:00-04:00,46.34,46.35,46.3,46.32,4661
2018-09-20 10:00:00-04:00,46.33,46.34,46.3,46.32,8548
2018-09-20 10:05:00-04:00,46.32,46.33,46.3,46.33,6635
2018-09-20 10:10:00-04:00,46.33,46.41,46.33,46.37,7765
2018-09-20 10:15:00-04:00,46.38,46.415,46.38,46.4,19725
2018-09-20 10:20:00-04:00,46.4,46.415,46.39,46.41,5840
2018-09-20 10:25:00-04:00,46.4,46.46,46.395,46.46,8896
2018-09-20 10:30:00-04:00,46.45,46.49,46.44,46.47,7173
2018-09-20 10:35:00-04:00,46.47,46.5,46.46,46.5,10747
2018-09-20 10:40:00-04:00,46.5,46.52,46.47,46.47,7364
2018-09-20 10:45:00-04:00,46.44,46.46,46.41,46.43,84909
2018-09-20 10:50:00-04:00,46.43,46.46,46.4,46.4,7588
2018-09-20 10:55:00-04:00,46.4,46.41,46.38,46.39,5820
2018-09-20 11:00:00-04:00,46.38,46.38,46.34,46.38,8590
2018-09-20 11:05:00-04:00,46.39,46.4,46.37,46.38,11361
2018-09-20 11:10:00-04:00,46.375,46.41,46.375,46.41,2297
2018-09-20 11:15:00-04:00,46.41,46.42,46.4,46.42,4312
2018-09-20 11:20:00-04:00,46.43,46.46,46.42,46.46,4890
2018-09-20 11:25:00-04:00,46.47,46.48,46.45,46.48,4115
2018-09-20 11:30:00-04:00,46.48,46.5,46.45,46.45,3035
2018-09-20 11:35:00-04:00,46.45,46.47,46.44,46.46,4634
2018-09-20 11:40:00-04:00,46.47,46.47,46.445,46.445,1986
2018-09-20 11:45:00-04:00,46.42,46.46,46.42,46.45,4609
2018-09-20 11:50:00-04:00,46.46,46.48,46.455,46.46,1776
2018-09-20 11:55:00-04:00,46.46,46.51,46.46,46.5,3599
2018-09-20 12:00:00-04:00,46.51,46.54,46.495,46.53,5239
2018-09-20 12:05:00-04:00,46.52,46.54,46.51,46.51,2728
2018-09-20 12:10:00-04:00,46.51,46.515,46.505,46.51,3629
2018-09-20 12:15:00-04:00,46.51,46.525,46.51,46.52,4200
2018-09-20 12:20:00-04:00,46.51,46.52,46.505,46.52,3945
2018-09-20 12:25:00-04:00,46.515,46.53,46.51,46.53,2931
2018-09-20 12:30:00-04:00,46.53,46.55,46.52,46.54,4552
2018-09-20 12:35:00-04:00,46.53,46.54,46.5,46.5,7579
2018-09-20 12:40:00-04:00,46.5,46.51,46.49,46.51,4019
2018-09-20 12:45:00-04:00,46.51,46.51,46.49,46.49,2499
2018-09-20 12:50:00-04:00,46.48,46.53,46.48,46.53,3891
2018-09-20 12:55:00-04:00,46.54,46.54,46.53,46.53,2767
2018-09-20 13:00:00-04:00,46.535,46.54,46.53,46.54,2012
2018-09-20 13:05:00-04:00,46.55,46.55,46.53,46.55,5666
2018-09-20 13:10:00-04:00,46.55,46.56,46.54,46.54,5905
2018-09-20 13:15:00-04:00,46.545,46.55,46.53,46.53,1649
2018-09-20 13:20:00-04:00,46.53,46.55,46.53,46.54,4604
2018-09-20 13:25:00-04:00,46.54,46.54,46.52,46.53,3006
2018-09-20 13:30:00-04:00,46.52,46.56,46.52,46.54,13394
2018-09-20 13:35:00-04:00,46.54,46.545,46.52,46.54,4800
2018-09-20 13:40:00-04:00,46.54,46.54,46.525,46.54,2139
2018-09-20 13:45:00-04:00,46.55,46.56,46.54,46.56,3638
2018-09-20 13:50:00-04:00,46.56,46.56,46.52,46.52,3421
2018-09-20 13:55:00-04:00,46.53,46.53,46.5,46.5,2081
2018-09-20 14:00:00-04:00,46.5,46.53,46.49,46.52,4951
2018-09-20 14:05:00-04:00,46.52,46.53,46.515,46.515,2114
2018-09-20 14:10:00-04:00,46.52,46.56,46.515,46.555,84895
2018-09-20 14:15:00-04:00,46.55,46.57,46.55,46.565,3928
2018-09-20 14:20:00-04:00,46.57,46.59,46.55,46.555,9861
2018-09-20 14:25:00-04:00,46.56,46.59,46.555,46.59,4864
2018-09-20 14:30:00-04:00,46.59,46.6,46.57,46.58,9576
2018-09-20 14:35:00-04:00,46.57,46.58,46.55,46.55,5609
2018-09-20 14:40:00-04:00,46.54,46.55,46.52,46.54,10786
2018-09-20 14:45:00-04:00,46.55,46.56,46.545,46.56,2709
2018-09-20 14:50:00-04:00,46.56,46.57,46.55,46.565,5143
2018-09-20 14:55:00-04:00,46.57,46.57,46.56,46.565,5087
2018-09-20 15:00:00-04:00,46.56,46.57,46.55,46.55,7263
2018-09-20 15:05:00-04:00,46.56,46.6,46.555,46.595,9422
2018-09-20 15:10:00-04:00,46.6,46.62,46.59,46.62,8241
2018-09-20 15:15:00-04:00,46.62,46.63,46.62,46.625,10788
2018-09-20 15:20:00-04:00,46.62,46.65,46.62,46.64,12417
2018-09-20 15:25:00-04:00,46.64,46.65,46.62,46.63,8866
2018-09-20 15:30:00-04:00,46.63,46.64,46.6,46.62,18932
2018-09-20 15:35:00-04:00,46.63,46.64,46.61,46.63,9938
2018-09-20 15:40:00-04:00,46.62,46.64,46.61,46.615,28316
2018-09-20 15:45:00-04:00,46.61,46.68,46.61,46.68,29318
2018-09-20 15:50:00-04:00,46.67,46.675,46.63,46.65,28261
2018-09-20 15:55:00-04:00,46.65,46.66,46.61,46.63,65981
2018-09-21 09:30:00-04:00,46.64,46.68,46.62,46.64,5938
2018-09-21 09:35:00-04:00,46.615,46.615,46.41,46.415,6192
2018-09-21 09:40:00-04:00,46.41,46.49,46.375,46.48,3868
2018-09-21 09:45:00-04:00,46.5,46.53,46.48,46.49,5961
2018-09-21 09:50:00-04:00,46.47,46.49,46.45,46.49,1937
2018-09-21 09:55:00-04:00,46.47,46.5,46.45,46.5,3681
2018-09-21 10:00:00-04:00,46.49,46.52,46.47,46.47,3252
2018-09-21 10:05:00-04:00,46.48,46.53,46.475,46.52,3128
2018-09-21 10:10:00-04:00,46.52,46.54,46.46,46.49,5017
2018-09-21 10:15:00-04:00,46.49,46.5,46.46,46.48,3427
2018-09-21 10:20:00-04:00,46.48,46.56,46.47,46.52,4189
2018-09-21 10:25:00-04:00,46.52,46.55,46.51,46.53,3601
2018-09-21 10:30:00-04:00,46.56,46.59,46.54,46.56,2507
2018-09-21 10:35:00-04:00,46.57,46.57,46.51,46.51,2653
2018-09-21 10:40:00-04:00,46.52,46.53,46.5,46.52,3780
2018-09-21 10:45:00-04:00,46.51,46.575,46.51,46.515,4453
2018-09-21 10:50:00-04:00,46.51,46.53,46.49,46.52,6389
2018-09-21 10:55:00-04:00,46.52,46.55,46.51,46.55,4620
2018-09-21 11:00:00-04:00,46.53,46.55,46.51,46.515,6186
2018-09-21 11:05:00-04:00,46.52,46.55,46.51,46.53,4456
2018-09-21 11:10:00-04:00,46.515,46.53,46.515,46.52,3304
2018-09-21 11:15:00-04:00,46.52,46.53,46.505,46.52,3500
2018-09-21 11:20:00-04:00,46.52,46.53,46.46,46.46,4343
2018-09-21 11:25:00-04:00,46.47,46.49,46.44,46.45,5163
2018-09-21 11:30:00-04:00,46.44,46.46,46.44,46.46,2578
2018-09-21 11:35:00-04:00,46.46,46.49,46.46,46.48,5644
2018-09-21 11:40:00-04:00,46.485,46.5,46.48,46.5,4528
2018-09-21 11:45:00-04:00,46.5,46.525,46.49,46.5,6414
2018-09-21 11:50:00-04:00,46.49,46.51,46.48,46.49,2955
2018-09-21 11:55:00-04:00,46.5,46.5,46.47,46.49,3885
2018-09-21 12:00:00-04:00,46.49,46.51,46.48,46.5,5694
2018-09-21 12:05:00-04:00,46.485,46.51,46.485,46.5,6392
2018-09-21 12:10:00-04:00,46.5,46.505,46.485,46.495,2917
2018-09-21 12:15:00-04:00,46.5,46.505,46.49,46.49,3420
2018-09-21 12:20:00-04:00,46.485,46.5,46.48,46.5,2289
2018-09-21 12:25:00-04:00,46.495,46.54,46.485,46.52,6778
2018-09-21 12:30:00-04:00,46.52,46.55,46.51,46.545,2489
2018-09-21 12:35:00-04:00,46.55,46.55,46.52,46.54,4025
2018-09-21 12:40:00-04:00,46.54,46.545,46.5,46.505,4829
2018-09-21 12:45:00-04:00,46.51,46.52,46.49,46.495,2733
2018-09-21 12:50:00-04:00,46.49,46.515,46.485,46.505,3508
2018-09-21 12:55:00-04:00,46.51,46.525,46.51,46.515,2400
2018-09-21 13:00:00-04:00,46.515,46.515,46.48,46.49,3591
2018-09-21 13:05:00-04:00,46.49,46.5,46.47,46.47,3617
2018-09-21 13:10:00-04:00,46.465,46.48,46.46,46.48,5331
2018-09-21 13:15:00-04:00,46.475,46.495,46.475,46.48,2300
2018-09-21 13:20:00-04:00,46.49,46.505,46.49,46.49,4086
2018-09-21 13:25:00-04:00,46.49,46.525,46.49,46.5,3770
2018-09-21 13:30:00-04:00,46.5,46.505,46.49,46.49,13770
2018-09-21 13:35:00-04:00,46.495,46.52,46.49,46.495,6512
2018-09-21 13:40:00-04:00,46.495,46.5,46.47,46.475,3732
2018-09-21 13:45:00-04:00,46.475,46.5,46.47,46.495,5646
2018-09-21 13:50:00-04:00,46.5,46.505,46.45,46.45,6749
2018-09-21 13:55:00-04:00,46.455,46.485,46.455,46.48,5623
2018-09-21 14:00:00-04:00,46.49,46.495,46.48,46.485,4801
2018-09-21 14:05:00-04:00,46.48,46.49,46.47,46.47,4402
2018-09-21 14:10:00-04:00,46.475,46.475,46.45,46.45,4205
2018-09-21 14:15:00-04:00,46.46,46.48,46.46,46.48,3165
2018-09-21 14:20:00-04:00,46.49,46.495,46.48,46.485,4987
2018-09-21 14:25:00-04:00,46.48,46.48,46.45,46.465,6767
2018-09-21 14:30:00-04:00,46.46,46.495,46.46,46.495,4193
2018-09-21 14:35:00-04:00,46.49,46.51,46.48,46.49,4775
2018-09-21 14:40:00-04:00,46.49,46.515,46.48,46.5,4731
2018-09-21 14:45:00-04:00,46.5,46.51,46.49,46.51,2904
2018-09-21 14:50:00-04:00,46.505,46.505,46.49,46.5,4730
2018-09-21 14:55:00-04:00,46.505,46.51,46.48,46.48,6314
2018-09-21 15:00:00-04:00,46.48,46.52,46.48,46.515,7965
2018-09-21 15:05:00-04:00,46.51,46.53,46.5,46.53,7638
2018-09-21 15:10:00-04:00,46.535,46.535,46.5,46.525,7263
2018-09-21 15:15:00-04:00,46.51,46.52,46.49,46.5,8801
2018-09-21 15:20:00-04:00,46.495,46.52,46.495,46.5,7608
2018-09-21 15:25:00-04:00,46.51,46.52,46.5,46.52,8027
2018-09-21 15:30:00-04:00,46.515,46.55,46.51,46.525,18491
2018-09-21 15:35:00-04:00,46.52,46.57,46.52,46.54,35041
2018-09-21 15:40:00-04:00,46.54,46.56,46.535,46.54,20919
2018-09-21 15:45:00-04:00,46.55,46.56,46.54,46.54,16433
2018-09-21 15:50:00-04:00,46.54,46.55,46.52,46.53,28453
2018-09-21 15:55:00-04:00,46.53,46.6,46.52,46.58,91033
2018-09-24 09:30:00-04:00,46.5,46.53,46.395,46.395,5419
2018-09-24 09:35:00-04:00,46.39,46.39,46.27,46.27,18120
2018-09-24 09:40:00-04:00,46.26,46.28,46.225,46.27,26877
2018-09-24 09:45:00-04:00,46.29,46.29,46.215,46.25,8185
2018-09-24 09:50:00-04:00,46.27,46.27,46.215,46.22,10506
2018-09-24 09:55:00-04:00,46.22,46.23,46.205,46.205,6534
2018-09-24 10:00:00-04:00,46.2,46.22,46.135,46.14,11925
2018-09-24 10:05:00-04:00,46.125,46.16,46.125,46.16,5957
2018-09-24 10:10:00-04:00,46.15,46.17,46.115,46.12,5200
2018-09-24 10:15:00-04:00,46.12,46.12,46.09,46.095,3948
2018-09-24 10:20:00-04:00,46.1,46.11,46.09,46.1,8185
2018-09-24 10:25:00-04:00,46.1,46.1,46.0,46.02,9034
2018-09-24 10:30:00-04:00,46.02,46.05,46.02,46.025,5723
2018-09-24 10:35:00-04:00,46.02,46.05,46.01,46.01,4168
2018-09-24 10:40:00-04:00,46.01,46.01,45.94,45.96,5403
2018-09-24 10:45:00-04:00,45.98,46.0,45.96,46.0,8980
2018-09-24 10:50:00-04:00,46.0,46.04,45.995,46.015,4414
2018-09-24 10:55:00-04:00,46.025,46.05,46.015,46.04,3106
2018-09-24 11:00:00-04:00,46.06,46.095,46.045,46.09,3476
2018-09-24 11:05:00-04:00,46.08,46.09,46.07,46.08,3612
2018-09-24 11:10:00-04:00,46.08,46.09,46.04,46.04,4733
2018-09-24 11:15:00-04:00,46.03,46.03,46.0,46.0,4973
2018-09-24 11:20:00-04:00,45.99,45.99,45.97,45.99,3802
2018-09-24 11:25:00-04:00,46.01,46.03,45.995,46.02,3332
2018-09-24 11:30:00-04:00,46.01,46.01,45.96,45.96,2417
2018-09-24 11:35:00-04:00,45.95,45.95,45.92,45.93,1800
2018-09-24 11:40:00-04:00,45.93,45.94,45.91,45.94,3755
2018-09-24 11:45:00-04:00,45.92,45.94,45.91,45.94,2722
2018-09-24 11:50:00-04:00,45.95,45.96,45.92,45.93,3567
2018-09-24 11:55:00-04:00,45.925,45.95,45.92,45.93,6077
2018-09-24 12:00:00-04:00,45.935,45.94,45.925,45.94,2923
2018-09-24 12:05:00-04:00,45.93,45.98,45.93,45.94,4530
2018-09-24 12:10:00-04:00,45.945,45.945,45.91,45.91,1118
2018-09-24 12:15:00-04:00,45.895,45.93,45.89,45.925,1116
2018-09-24 12:20:00-04:00,45.92,45.92,45.915,45.92,963
2018-09-24 12:25:00-04:00,45.935,45.95,45.93,45.94,2020
2018-09-24 12:30:00-04:00,45.93,45.94,45.92,45.94,605
2018-09-24 12:35:00-04:00,45.93,45.94,45.915,45.92,1800
2018-09-24 12:40:00-04:00,45.92,45.92,45.9,45.905,777
2018-09-24 12:45:00-04:00,45.89,45.9,45.88,45.9,3200
2018-09-24 12:50:00-04:00,45.89,45.9,45.87,45.9,3528
2018-09-24 12:55:00-04:00,45.89,45.91,45.89,45.9,8273
2018-09-24 13:00:00-04:00,45.91,45.92,45.89,45.89,2688
2018-09-24 13:05:00-04:00,45.89,45.9,45.87,45.87,2648
2018-09-24 13:10:00-04:00,45.88,45.895,45.88,45.89,2761
2018-09-24 13:15:00-04:00,45.9,45.9,45.84,45.84,4139
2018-09-24 13:20:00-04:00,45.85,45.91,45.85,45.91,1800
2018-09-24 13:25:00-04:00,45.905,45.915,45.905,45.91,2015
2018-09-24 13:30:00-04:00,45.92,45.96,45.91,45.96,10258
2018-09-24 13:35:00-04:00,45.96,45.97,45.94,45.95,5923
2018-09-24 13:40:00-04:00,45.96,45.97,45.95,45.97,3079
2018-09-24 13:45:00-04:00,45.97,45.98,45.96,45.98,2020
2018-09-24 13:50:00-04:00,45.98,46.02,45.98,46.02,4945
2018-09-24 13:55:00-04:00,46.01,46.025,46.0,46.025,4391
2018-09-24 14:00:00-04:00,46.025,46.08,46.02,46.055,5878
2018-09-24 14:05:00-04:00,46.045,46.06,46.04,46.05,6036
2018-09-24 14:10:00-04:00,46.05,46.06,46.045,46.045,2548
2018-09-24 14:15:00-04:00,46.04,46.06,46.04,46.04,8051
2018-09-24 14:20:00-04:00,46.045,46.05,46.015,46.02,20888
2018-09-24 14:25:00-04:00,46.02,46.02,46.01,46.015,6594
2018-09-24 14:30:00-04:00,46.01,46.06,46.01,46.03,5288
2018-09-24 14:35:00-04:00,46.04,46.045,46.025,46.04,3599
2018-09-24 14:40:00-04:00,46.04,46.07,46.04,46.07,4543
2018-09-24 14:45:00-04:00,46.07,46.095,46.06,46.08,5463
2018-09-24 14:50:00-04:00,46.08,46.105,46.08,46.1,3542
2018-09-24 14:55:00-04:00,46.1,46.1,46.07,46.075,5901
2018-09-24 15:00:00-04:00,46.07,46.08,46.06,46.075,8566
2018-09-24 15:05:00-04:00,46.07,46.09,46.06,46.075,7919
2018-09-24 15:10:00-04:00,46.07,46.08,46.04,46.05,9593
2018-09-24 15:15:00-04:00,46.05,46.06,46.04,46.06,10704
2018-09-24 15:20:00-04:00,46.05,46.06,46.04,46.05,11776
2018-09-24 15:25:00-04:00,46.06,46.07,46.05,46.07,9545
2018-09-24 15:30:00-04:00,46.07,46.07,46.02,46.02,15401
2018-09-24 15:35:00-04:00,46.015,46.02,46.0,46.005,11295
2018-09-24 15:40:00-04:00,46.0,46.05,45.99,46.05,25920
2018-09-24 15:45:00-04:00,46.05,46.07,46.03,46.04,20166
2018-09-24 15:50:00-04:00,46.05,46.05,46.04,46.05,16303
2018-09-24 15:55:00-04:00,46.05,46.08,46.05,46.07,59925
2018-09-25 09:30:00-04:00,46.11,46.16,45.995,46.08,6826
2018-09-25 09:35:00-04:00,46.05,46.05,45.905,45.94,5118
2018-09-25 09:40:00-04:00,45.925,45.94,45.84,45.85,6582
2018-09-25 09:45:00-04:00,45.855,45.96,45.855,45.945,9279
2018-09-25 09:50:00-04:00,45.96,45.96,45.92,45.945,6964
2018-09-25 09:55:00-04:00,45.925,45.925,45.87,45.91,4768
2018-09-25 10:00:00-04:00,45.92,45.96,45.9,45.96,4195
2018-09-25 10:05:00-04:00,45.96,45.98,45.94,45.98,4281
2018-09-25 10:10:00-04:00,45.97,46.0,45.96,46.0,2716
2018-09-25 10:15:00-04:00,46.0,46.045,46.0,46.04,4656
2018-09-25 10:20:00-04:00,46.045,46.055,46.04,46.05,2707
2018-09-25 10:25:00-04:00,46.055,46.06,46.03,46.045,8762
2018-09-25 10:30:00-04:00,46.03,46.03,45.97,45.97,5454
2018-09-25 10:35:00-04:00,45.97,45.98,45.94,45.95,4270
2018-09-25 10:40:00-04:00,45.955,45.99,45.935,45.97,4919
2018-09-25 10:45:00-04:00,45.97,46.0,45.935,46.0,3824
2018-09-25 10:50:00-04:00,45.995,46.0,45.955,45.955,10864
2018-09-25 10:55:00-04:00,45.97,45.995,45.96,45.97,6773
2018-09-25 11:00:00-04:00,45.965,45.965,45.92,45.925,5912
2018-09-25 11:05:00-04:00,45.925,45.96,45.92,45.94,3566
2018-09-25 11:10:00-04:00,45.93,45.93,45.875,45.89,3197
2018-09-25 11:15:00-04:00,45.895,45.895,45.855,45.885,7283
2018-09-25 11:20:00-04:00,45.89,45.89,45.85,45.875,8722
2018-09-25 11:25:00-04:00,45.875,45.89,45.86,45.885,15047
2018-09-25 11:30:00-04:00,45.885,45.885,45.83,45.83,3504
2018-09-25 11:35:00-04:00,45.83,45.845,45.83,45.845,3579
2018-09-25 11:40:00-04:00,45.84,45.845,45.81,45.815,3262
2018-09-25 11:45:00-04:00,45.815,45.85,45.815,45.825,6013
2018-09-25 11:50:00-04:00,45.825,45.84,45.82,45.83,7509
2018-09-25 11:55:00-04:00,45.83,45.83,45.79,45.8,7246
2018-09-25 12:00:00-04:00,45.8,45.81,45.77,45.78,3764
2018-09-25 12:05:00-04:00,45.785,45.795,45.77,45.785,2615
2018-09-25 12:10:00-04:00,45.775,45.78,45.76,45.78,2266
2018-09-25 12:15:00-04:00,45.775,45.775,45.76,45.76,5772
2018-09-25 12:20:00-04:00,45.765,45.765,45.735,45.735,4140
2018-09-25 12:25:00-04:00,45.73,45.77,45.72,45.77,4685
2018-09-25 12:30:00-04:00,45.77,45.8,45.755,45.78,16194
2018-09-25 12:35:00-04:00,45.775,45.785,45.75,45.785,4681
2018-09-25 12:40:00-04:00,45.78,45.785,45.75,45.765,1982
2018-09-25 12:45:00-04:00,45.765,45.765,45.73,45.735,2954
2018-09-25 12:50:00-04:00,45.74,45.745,45.71,45.715,4552
2018-09-25 12:55:00-04:00,45.72,45.72,45.69,45.69,2900
2018-09-25 13:00:00-04:00,45.69,45.69,45.64,45.645,5457
2018-09-25 13:05:00-04:00,45.645,45.67,45.645,45.665,13015
2018-09-25 13:10:00-04:00,45.66,45.675,45.65,45.65,13257
2018-09-25 13:15:00-04:00,45.65,45.65,45.63,45.645,2771
2018-09-25 13:20:00-04:00,45.645,45.645,45.61,45.63,7907
2018-09-25 13:25:00-04:00,45.64,45.655,45.635,45.645,2300
2018-09-25 13:30:00-04:00,45.65,45.67,45.645,45.645,16411
2018-09-25 13:35:00-04:00,45.645,45.65,45.635,45.64,3329
2018-09-25 13:40:00-04:00,45.64,45.665,45.63,45.64,3938
2018-09-25 13:45:00-04:00,45.64,45.685,45.64,45.685,2768
2018-09-25 13:50:00-04:00,45.68,45.695,45.665,45.675,3940
2018-09-25 13:55:00-04:00,45.675,45.685,45.665,45.68,1584
2018-09-25 14:00:00-04:00,45.68,45.685,45.665,45.68,2980
2018-09-25 14:05:00-04:00,45.68,45.72,45.68,45.705,2924
2018-09-25 14:10:00-04:00,45.7,45.71,45.69,45.705,2566
2018-09-25 14:15:00-04:00,45.715,45.715,45.685,45.685,1845
2018-09-25 14:20:00-04:00,45.715,45.72,45.705,45.705,5728
2018-09-25 14:25:00-04:00,45.71,45.71,45.675,45.675,4073
2018-09-25 14:30:00-04:00,45.68,45.68,45.65,45.65,3769
2018-09-25 14:35:00-04:00,45.65,45.67,45.645,45.67,8746
2018-09-25 14:40:00-04:00,45.675,45.68,45.645,45.655,4113
2018-09-25 14:45:00-04:00,45.65,45.66,45.645,45.66,3863
2018-09-25 14:50:00-04:00,45.655,45.66,45.65,45.66,2929
2018-09-25 14:55:00-04:00,45.66,45.69,45.655,45.665,6805
2018-09-25 15:00:00-04:00,45.67,45.675,45.655,45.66,2883
2018-09-25 15:05:00-04:00,45.67,45.67,45.66,45.665,4636
2018-09-25 15:10:00-04:00,45.67,45.67,45.64,45.645,6561
2018-09-25 15:15:00-04:00,45.65,45.65,45.62,45.64,8212
2018-09-25 15:20:00-04:00,45.635,45.65,45.62,45.64,9448
2018-09-25 15:25:00-04:00,45.65,45.68,45.645,45.67,8294
2018-09-25 15:30:00-04:00,45.675,45.675,45.66,45.66,6768
2018-09-25 15:35:00-04:00,45.66,45.72,45.66,45.685,15606
2018-09-25 15:40:00-04:00,45.685,45.7,45.67,45.68,12082
2018-09-25 15:45:00-04:00,45.675,45.69,45.67,45.675,11166
2018-09-25 15:50:00-04:00,45.67,45.69,45.64,45.69,52094
2018-09-25 15:55:00-04:00,45.69,45.7,45.62,45.685,159855
2018-09-26 09:30:00-04:00,45.79,45.79,45.57,45.6,4781
2018-09-26 09:35:00-04:00,45.66,45.82,45.66,45.81,4352
2018-09-26 09:40:00-04:00,45.81,45.81,45.69,45.77,7765
2018-09-26 09:45:00-04:00,45.76,45.795,45.76,45.765,5095
2018-09-26 09:50:00-04:00,45.775,45.845,45.775,45.84,6917
2018-09-26 09:55:00-04:00,45.82,45.86,45.81,45.82,9553
2018-09-26 10:00:00-04:00,45.82,45.85,45.76,45.76,6054
2018-09-26 10:05:00-04:00,45.77,45.805,45.77,45.8,3727
2018-09-26 10:10:00-04:00,45.8,45.83,45.8,45.81,5502
2018-09-26 10:15:00-04:00,45.815,45.82,45.77,45.77,2678
2018-09-26 10:20:00-04:00,45.775,45.78,45.69,45.69,4549
2018-09-26 10:25:00-04:00,45.69,45.73,45.69,45.71,1741
2018-09-26 10:30:00-04:00,45.71,45.72,45.7,45.71,3083
2018-09-26 10:35:00-04:00,45.71,45.75,45.71,45.735,4624
2018-09-26 10:40:00-04:00,45.75,45.8,45.73,45.79,15123
2018-09-26 10:45:00-04:00,45.785,45.84,45.78,45.84,6439
2018-09-26 10:50:00-04:00,45.84,45.855,45.82,45.85,5448
2018-09-26 10:55:00-04:00,45.85,45.86,45.845,45.86,5243
2018-09-26 11:00:00-04:00,45.86,45.87,45.84,45.87,3450
2018-09-26 11:05:00-04:00,45.89,45.92,45.87,45.87,4256
2018-09-26 11:10:00-04:00,45.88,45.89,45.86,45.87,3244
2018-09-26 11:15:00-04:00,45.86,45.88,45.83,45.87,3222
2018-09-26 11:20:00-04:00,45.87,45.885,45.86,45.86,2137
2018-09-26 11:25:00-04:00,45.86,45.86,45.84,45.86,6862
2018-09-26 11:30:00-04:00,45.86,45.885,45.845,45.885,10296
2018-09-26 11:35:00-04:00,45.885,45.885,45.86,45.87,14850
2018-09-26 11:40:00-04:00,45.865,45.87,45.845,45.865,4242
2018-09-26 11:45:00-04:00,45.87,45.87,45.83,45.835,5138
2018-09-26 11:50:00-04:00,45.835,45.845,45.82,45.84,4472
2018-09-26 11:55:00-04:00,45.83,45.84,45.82,45.825,6315
2018-09-26 12:00:00-04:00,45.82,45.835,45.81,45.835,4006
2018-09-26 12:05:00-04:00,45.83,45.84,45.81,45.83,7630
2018-09-26 12:10:00-04:00,45.835,45.84,45.815,45.83,6243
2018-09-26 12:15:00-04:00,45.825,45.86,45.825,45.86,1905
2018-09-26 12:20:00-04:00,45.85,45.87,45.85,45.865,8587
2018-09-26 12:25:00-04:00,45.88,45.895,45.87,45.875,7277
2018-09-26 12:30:00-04:00,45.88,45.9,45.88,45.89,6845
2018-09-26 12:35:00-04:00,45.89,45.91,45.89,45.91,5412
2018-09-26 12:40:00-04:00,45.91,45.91,45.89,45.905,3203
2018-09-26 12:45:00-04:00,45.9,45.92,45.9,45.91,3014
2018-09-26 12:50:00-04:00,45.91,45.92,45.9,45.92,1920
2018-09-26 12:55:00-04:00,45.92,45.97,45.92,45.97,4854
2018-09-26 13:00:00-04:00,45.965,45.98,45.96,45.975,10942
2018-09-26 13:05:00-04:00,45.98,45.995,45.94,45.94,3613
2018-09-26 13:10:00-04:00,45.95,45.95,45.91,45.925,4300
2018-09-26 13:15:00-04:00,45.91,45.92,45.91,45.91,1528
2018-09-26 13:20:00-04:00,45.93,45.95,45.93,45.95,1698
2018-09-26 13:25:00-04:00,45.95,45.97,45.95,45.96,3928
2018-09-26 13:30:00-04:00,45.96,45.97,45.95,45.97,9254
2018-09-26 13:35:00-04:00,45.98,46.0,45.97,46.0,3838
2018-09-26 13:40:00-04:00,45.99,45.99,45.96,45.99,5275
2018-09-26 13:45:00-04:00,45.98,45.99,45.97,45.99,2509
2018-09-26 13:50:00-04:00,45.99,45.99,45.97,45.98,3482
2018-09-26 13:55:00-04:00,45.98,46.05,45.98,45.99,8200
2018-09-26 14:00:00-04:00,46.01,46.06,45.98,46.04,9028
2018-09-26 14:05:00-04:00,46.02,46.03,45.97,45.97,4536
2018-09-26 14:10:00-04:00,45.98,45.99,45.96,45.96,5561
2018-09-26 14:15:00-04:00,45.97,45.98,45.95,45.96,11968
2018-09-26 14:20:00-04:00,45.97,46.005,45.95,45.95,6767
2018-09-26 14:25:00-04:00,45.95,45.96,45.935,45.955,10637
2018-09-26 14:30:00-04:00,45.95,45.97,45.95,45.95,4702
2018-09-26 14:35:00-04:00,45.96,45.98,45.95,45.98,12655
2018-09-26 14:40:00-04:00,45.98,45.995,45.97,45.98,11556
2018-09-26 14:45:00-04:00,45.975,45.99,45.96,45.98,9941
2018-09-26 14:50:00-04:00,45.98,45.99,45.97,45.99,5220
2018-09-26 14:55:00-04:00,45.98,46.0,45.98,46.0,6854
2018-09-26 15:00:00-04:00,45.99,46.0,45.98,46.0,14595
2018-09-26 15:05:00-04:00,45.99,46.02,45.98,46.02,6045
2018-09-26 15:10:00-04:00,46.02,46.02,45.99,46.015,5647
2018-09-26 15:15:00-04:00,46.015,46.04,46.005,46.03,6427
2018-09-26 15:20:00-04:00,46.03,46.03,46.02,46.025,4686
2018-09-26 15:25:00-04:00,46.02,46.025,46.01,46.02,8348
2018-09-26 15:30:00-04:00,46.01,46.01,45.98,45.99,18284
2018-09-26 15:35:00-04:00,45.98,45.99,45.96,45.99,20399
2018-09-26 15:40:00-04:00,45.98,45.98,45.9,45.9,15114
2018-09-26 15:45:00-04:00,45.89,45.935,45.875,45.91,60895
2018-09-26 15:50:00-04:00,45.9,45.94,45.87,45.9,62301
2018-09-26 15:55:00-04:00,45.9,45.93,45.81,45.85,155978
2018-09-27 09:30:00-04:00,45.75,45.78,45.69,45.78,7218
2018-09-27 09:35:00-04:00,45.795,45.845,45.79,45.835,5137
2018-09-27 09:40:00-04:00,45.83,45.86,45.82,45.84,8917
2018-09-27 09:45:00-04:00,45.85,45.96,45.85,45.96,6013
2018-09-27 09:50:00-04:00,45.965,46.04,45.94,46.04,14336
2018-09-27 09:55:00-04:00,46.04,46.055,46.01,46.05,6117
2018-09-27 10:00:00-04:00,46.07,46.18,46.07,46.135,6165
2018-09-27 10:05:00-04:00,46.115,46.14,46.04,46.04,3038
2018-09-27 10:10:00-04:00,46.035,46.08,46.02,46.07,7508
2018-09-27 10:15:00-04:00,46.07,46.085,46.02,46.02,3655
2018-09-27 10:20:00-04:00,46.015,46.045,46.01,46.03,3367
2018-09-27 10:25:00-04:00,46.03,46.06,46.01,46.045,5348
2018-09-27 10:30:00-04:00,46.045,46.055,46.005,46.02,2817
2018-09-27 10:35:00-04:00,46.035,46.12,46.03,46.11,8157
2018-09-27 10:40:00-04:00,46.12,46.145,46.08,46.095,6399
2018-09-27 10:45:00-04:00,46.08,46.135,46.08,46.125,5204
2018-09-27 10:50:00-04:00,46.12,46.13,46.09,46.1,3717
2018-09-27 10:55:00-04:00,46.115,46.115,46.06,46.075,4859
2018-09-27 11:00:00-04:00,46.075,46.115,46.055,46.115,3306
2018-09-27 11:05:00-04:00,46.11,46.11,46.09,46.105,4102
2018-09-27 11:10:00-04:00,46.11,46.135,46.09,46.135,4297
2018-09-27 11:15:00-04:00,46.13,46.145,46.12,46.135,3258
2018-09-27 11:20:00-04:00,46.14,46.155,46.135,46.135,5121
2018-09-27 11:25:00-04:00,46.135,46.145,46.11,46.145,11166
2018-09-27 11:30:00-04:00,46.145,46.16,46.11,46.115,14659
2018-09-27 11:35:00-04:00,46.115,46.13,46.095,46.105,5170
2018-09-27 11:40:00-04:00,46.09,46.095,46.07,46.085,7240
2018-09-27 11:45:00-04:00,46.085,46.105,46.085,46.095,2407
2018-09-27 11:50:00-04:00,46.1,46.115,46.1,46.105,3577
2018-09-27 11:55:00-04:00,46.1,46.1,46.08,46.1,3747
2018-09-27 12:00:00-04:00,46.105,46.11,46.075,46.09,7798
2018-09-27 12:05:00-04:00,46.1,46.12,46.095,46.095,4490
2018-09-27 12:10:00-04:00,46.095,46.11,46.095,46.1,2200
2018-09-27 12:15:00-04:00,46.1,46.105,46.08,46.105,2387
2018-09-27 12:20:00-04:00,46.08,46.09,46.08,46.085,2818
2018-09-27 12:25:00-04:00,46.08,46.08,46.055,46.07,2830
2018-09-27 12:30:00-04:00,46.07,46.085,46.07,46.07,3864
2018-09-27 12:35:00-04:00,46.08,46.08,46.07,46.07,334
2018-09-27 12:40:00-04:00,46.065,46.075,46.05,46.075,5192
2018-09-27 12:45:00-04:00,46.08,46.08,46.06,46.075,3924
2018-09-27 12:50:00-04:00,46.08,46.08,46.065,46.08,3541
2018-09-27 12:55:00-04:00,46.07,46.08,46.07,46.08,2513
2018-09-27 13:00:00-04:00,46.065,46.065,46.05,46.055,3970
2018-09-27 13:05:00-04:00,46.06,46.065,46.05,46.055,7518
2018-09-27 13:10:00-04:00,46.055,46.07,46.045,46.065,9709
2018-09-27 13:15:00-04:00,46.065,46.07,46.045,46.065,7146
2018-09-27 13:20:00-04:00,46.065,46.08,46.055,46.075,17840
2018-09-27 13:25:00-04:00,46.075,46.08,46.06,46.065,3955
2018-09-27 13:30:00-04:00,46.06,46.06,46.055,46.06,2591
2018-09-27 13:35:00-04:00,46.05,46.06,46.05,46.06,3857
2018-09-27 13:40:00-04:00,46.06,46.07,46.04,46.065,13727
2018-09-27 13:45:00-04:00,46.065,46.065,46.045,46.06,7435
2018-09-27 13:50:00-04:00,46.055,46.06,46.03,46.035,12659
2018-09-27 13:55:00-04:00,46.035,46.04,46.02,46.03,7411
2018-09-27 14:00:00-04:00,46.04,46.045,46.03,46.035,7586
2018-09-27 14:05:00-04:00,46.04,46.04,46.025,46.035,7895
2018-09-27 14:10:00-04:00,46.03,46.04,46.025,46.04,5408
2018-09-27 14:15:00-04:00,46.035,46.04,46.03,46.035,4578
2018-09-27 14:20:00-04:00,46.035,46.04,46.01,46.02,3188
2018-09-27 14:25:00-04:00,46.025,46.03,46.01,46.03,4368
2018-09-27 14:30:00-04:00,46.03,46.04,46.015,46.03,4277
2018-09-27 14:35:00-04:00,46.025,46.025,46.0,46.005,3870
2018-09-27 14:40:00-04:00,46.005,46.01,45.99,45.995,6139
2018-09-27 14:45:00-04:00,46.0,46.02,46.0,46.015,4539
2018-09-27 14:50:00-04:00,46.02,46.03,46.015,46.025,6243
2018-09-27 14:55:00-04:00,46.025,46.04,46.02,46.02,10329
2018-09-27 15:00:00-04:00,46.03,46.035,45.975,45.975,10688
2018-09-27 15:05:00-04:00,45.985,46.015,45.985,45.995,7327
2018-09-27 15:10:00-04:00,45.995,46.015,45.98,46.005,12428
2018-09-27 15:15:00-04:00,46.005,46.03,46.005,46.025,6792
2018-09-27 15:20:00-04:00,46.025,46.03,46.0,46.02,15136
2018-09-27 15:25:00-04:00,46.015,46.02,46.01,46.015,13320
2018-09-27 15:30:00-04:00,46.02,46.025,45.98,45.985,39812
2018-09-27 15:35:00-04:00,45.985,45.995,45.95,45.99,33107
2018-09-27 15:40:00-04:00,45.99,46.01,45.99,46.0,27190
2018-09-27 15:45:00-04:00,46.0,46.025,45.995,46.025,25349
2018-09-27 15:50:00-04:00,46.02,46.04,46.02,46.04,31576
2018-09-27 15:55:00-04:00,46.04,46.07,46.01,46.02,55128
2018-09-28 09:30:00-04:00,45.99,46.12,45.99,46.0,3007
2018-09-28 09:35:00-04:00,46.035,46.08,46.03,46.05,3768
2018-09-28 09:40:00-04:00,46.065,46.11,46.065,46.105,925
2018-09-28 09:45:00-04:00,46.11,46.145,46.11,46.145,3923
2018-09-28 09:50:00-04:00,46.14,46.16,46.12,46.125,2864
2018-09-28 09:55:00-04:00,46.125,46.18,46.115,46.115,3282
2018-09-28 10:00:00-04:00,46.12,46.12,46.085,46.1,5378
2018-09-28 10:05:00-04:00,46.09,46.1,46.08,46.085,4413
2018-09-28 10:10:00-04:00,46.08,46.1,46.08,46.1,3963
2018-09-28 10:15:00-04:00,46.1,46.1,46.02,46.04,4474
2018-09-28 10:20:00-04:00,46.045,46.055,46.04,46.055,3961
2018-09-28 10:25:00-04:00,46.05,46.09,46.05,46.08,4796
2018-09-28 10:30:00-04:00,46.07,46.1,46.07,46.1,1650
2018-09-28 10:35:00-04:00,46.1,46.14,46.1,46.11,4522
2018-09-28 10:40:00-04:00,46.1,46.12,46.09,46.1,2969
2018-09-28 10:45:00-04:00,46.1,46.11,46.1,46.1,2799
2018-09-28 10:50:00-04:00,46.1,46.13,46.1,46.13,1851
2018-09-28 10:55:00-04:00,46.14,46.15,46.13,46.135,1945
2018-09-28 11:00:00-04:00,46.14,46.155,46.12,46.13,4409
2018-09-28 11:05:00-04:00,46.145,46.15,46.105,46.11,3306
2018-09-28 11:10:00-04:00,46.105,46.11,46.08,46.085,3230
2018-09-28 11:15:00-04:00,46.09,46.12,46.085,46.085,6969
2018-09-28 11:20:00-04:00,46.085,46.12,46.08,46.12,4082
2018-09-28 11:25:00-04:00,46.12,46.14,46.12,46.14,2031
2018-09-28 11:30:00-04:00,46.14,46.14,46.12,46.14,2835
2018-09-28 11:35:00-04:00,46.13,46.15,46.13,46.14,9356
2018-09-28 11:40:00-04:00,46.14,46.16,46.14,46.155,4353
2018-09-28 11:45:00-04:00,46.16,46.16,46.095,46.1,3895
2018-09-28 11:50:00-04:00,46.1,46.105,46.09,46.09,3054
2018-09-28 11:55:00-04:00,46.11,46.14,46.11,46.14,934
2018-09-28 12:00:00-04:00,46.14,46.16,46.13,46.15,2808
2018-09-28 12:05:00-04:00,46.15,46.15,46.09,46.095,3974
2018-09-28 12:10:00-04:00,46.1,46.1,46.09,46.1,2234
2018-09-28 12:15:00-04:00,46.095,46.11,46.09,46.09,10613
2018-09-28 12:20:00-04:00,46.095,46.11,46.09,46.105,2664
2018-09-28 12:25:00-04:00,46.11,46.11,46.075,46.075,7989
2018-09-28 12:30:00-04:00,46.075,46.095,46.07,46.085,14966
2018-09-28 12:35:00-04:00,46.09,46.09,46.07,46.07,7091
2018-09-28 12:40:00-04:00,46.075,46.095,46.075,46.09,6527
2018-09-28 12:45:00-04:00,46.1,46.1,46.08,46.08,4382
2018-09-28 12:50:00-04:00,46.07,46.09,46.06,46.06,2065
2018-09-28 12:55:00-04:00,46.06,46.08,46.06,46.08,1763
2018-09-28 13:00:00-04:00,46.06,46.06,46.05,46.05,1125
2018-09-28 13:05:00-04:00,46.06,46.07,46.06,46.07,2027
2018-09-28 13:10:00-04:00,46.05,46.055,46.05,46.05,318
2018-09-28 13:15:00-04:00,46.05,46.06,46.05,46.05,815
2018-09-28 13:20:00-04:00,46.05,46.06,46.05,46.055,2502
2018-09-28 13:25:00-04:00,46.07,46.08,46.055,46.08,2004
2018-09-28 13:30:00-04:00,46.07,46.09,46.07,46.09,2307
2018-09-28 13:35:00-04:00,46.11,46.135,46.08,46.08,3720
2018-09-28 13:40:00-04:00,46.09,46.1,46.085,46.095,2647
2018-09-28 13:45:00-04:00,46.09,46.1,46.085,46.085,2314
2018-09-28 13:50:00-04:00,46.085,46.1,46.08,46.09,3722
2018-09-28 13:55:00-04:00,46.1,46.115,46.09,46.1,7017
2018-09-28 14:00:00-04:00,46.1,46.11,46.095,46.1,19884
2018-09-28 14:05:00-04:00,46.06,46.08,46.05,46.06,6647
2018-09-28 14:10:00-04:00,46.05,46.095,46.045,46.095,4954
2018-09-28 14:15:00-04:00,46.095,46.115,46.08,46.105,6897
2018-09-28 14:20:00-04:00,46.105,46.12,46.1,46.11,3870
2018-09-28 14:25:00-04:00,46.115,46.12,46.1,46.12,974
2018-09-28 14:30:00-04:00,46.125,46.145,46.105,46.11,2636
2018-09-28 14:35:00-04:00,46.11,46.12,46.1,46.12,2616
2018-09-28 14:40:00-04:00,46.12,46.12,46.09,46.1,1952
2018-09-28 14:45:00-04:00,46.1,46.15,46.09,46.13,7872
2018-09-28 14:50:00-04:00,46.12,46.13,46.12,46.125,3330
2018-09-28 14:55:00-04:00,46.12,46.12,46.1,46.105,1109
2018-09-28 15:00:00-04:00,46.11,46.11,46.08,46.095,7086
2018-09-28 15:05:00-04:00,46.095,46.125,46.09,46.105,6499
2018-09-28 15:10:00-04:00,46.11,46.125,46.11,46.12,1631
2018-09-28 15:15:00-04:00,46.12,46.12,46.105,46.115,2520
2018-09-28 15:20:00-04:00,46.12,46.16,46.11,46.13,5399
2018-09-28 15:25:00-04:00,46.14,46.15,46.135,46.14,3973
2018-09-28 15:30:00-04:00,46.135,46.15,46.115,46.15,5025
2018-09-28 15:35:00-04:00,46.16,46.16,46.15,46.15,4110
2018-09-28 15:40:00-04:00,46.15,46.18,46.15,46.165,12572
2018-09-28 15:45:00-04:00,46.17,46.18,46.14,46.14,9967
2018-09-28 15:50:00-04:00,46.145,46.16,46.13,46.16,19757
2018-09-28 15:55:00-04:00,46.155,46.19,46.14,46.18,56983
2018-10-01 09:30:00-04:00,46.19,46.34,46.19,46.34,8076
2018-10-01 09:35:00-04:00,46.33,46.335,46.125,46.14,29008
2018-10-01 09:40:00-04:00,46.13,46.18,46.1,46.13,9313
2018-10-01 09:45:00-04:00,46.12,46.12,46.06,46.1,3045
2018-10-01 09:50:00-04:00,46.13,46.14,46.09,46.11,5793
2018-10-01 09:55:00-04:00,46.115,46.12,46.09,46.09,4061
2018-10-01 10:00:00-04:00,46.09,46.21,46.09,46.19,2275
2018-10-01 10:05:00-04:00,46.21,46.25,46.2,46.24,3443
2018-10-01 10:10:00-04:00,46.24,46.25,46.23,46.23,1711
2018-10-01 10:15:00-04:00,46.21,46.225,46.2,46.225,1745
2018-10-01 10:20:00-04:00,46.24,46.28,46.21,46.28,3566
2018-10-01 10:25:00-04:00,46.29,46.3,46.26,46.275,3443
2018-10-01 10:30:00-04:00,46.28,46.29,46.27,46.285,5553
2018-10-01 10:35:00-04:00,46.29,46.31,46.29,46.3,11063
2018-10-01 10:40:00-04:00,46.29,46.29,46.25,46.285,307590
2018-10-01 10:45:00-04:00,46.29,46.29,46.23,46.255,5436
2018-10-01 10:50:00-04:00,46.25,46.25,46.22,46.23,3108
2018-10-01 10:55:00-04:00,46.23,46.255,46.23,46.25,5971
2018-10-01 11:00:00-04:00,46.25,46.27,46.23,46.23,7710
2018-10-01 11:05:00-04:00,46.22,46.24,46.2,46.22,3455
2018-10-01 11:10:00-04:00,46.23,46.24,46.22,46.23,5310
2018-10-01 11:15:00-04:00,46.23,46.27,46.225,46.265,5712
2018-10-01 11:20:00-04:00,46.27,46.27,46.22,46.23,8732
2018-10-01 11:25:00-04:00,46.24,46.25,46.215,46.215,3496
2018-10-01 11:30:00-04:00,46.21,46.24,46.21,46.21,3927
2018-10-01 11:35:00-04:00,46.23,46.24,46.22,46.235,1420
2018-10-01 11:40:00-04:00,46.255,46.29,46.245,46.26,24064
2018-10-01 11:45:00-04:00,46.255,46.265,46.24,46.245,5529
2018-10-01 11:50:00-04:00,46.25,46.27,46.24,46.26,2747
2018-10-01 11:55:00-04:00,46.25,46.27,46.23,46.27,2398
2018-10-01 12:00:00-04:00,46.26,46.27,46.245,46.27,2638
2018-10-01 12:05:00-04:00,46.27,46.28,46.26,46.275,6978
2018-10-01 12:10:00-04:00,46.27,46.27,46.25,46.25,2631
2018-10-01 12:15:00-04:00,46.25,46.265,46.24,46.26,3603
2018-10-01 12:20:00-04:00,46.26,46.265,46.22,46.235,9515
2018-10-01 12:25:00-04:00,46.24,46.24,46.235,46.235,1039
2018-10-01 12:30:00-04:00,46.24,46.24,46.21,46.21,4804
2018-10-01 12:35:00-04:00,46.21,46.21,46.195,46.2,1089
2018-10-01 12:40:00-04:00,46.2,46.22,46.19,46.21,6438
2018-10-01 12:45:00-04:00,46.205,46.22,46.195,46.2,4118
2018-10-01 12:50:00-04:00,46.21,46.21,46.2,46.21,2446
2018-10-01 12:55:00-04:00,46.21,46.235,46.2,46.21,5176
2018-10-01 13:00:00-04:00,46.215,46.23,46.21,46.22,2144
2018-10-01 13:05:00-04:00,46.22,46.24,46.22,46.24,2622
2018-10-01 13:10:00-04:00,46.24,46.24,46.23,46.24,2836
2018-10-01 13:15:00-04:00,46.24,46.275,46.24,46.25,4724
2018-10-01 13:20:00-04:00,46.25,46.26,46.245,46.245,2805
2018-10-01 13:25:00-04:00,46.25,46.27,46.24,46.27,3533
2018-10-01 13:30:00-04:00,46.27,46.28,46.26,46.27,18637
2018-10-01 13:35:00-04:00,46.27,46.3,46.27,46.3,4066
2018-10-01 13:40:00-04:00,46.3,46.3,46.29,46.295,2717
2018-10-01 13:45:00-04:00,46.295,46.3,46.27,46.27,3034
2018-10-01 13:50:00-04:00,46.27,46.3,46.27,46.285,4871
2018-10-01 13:55:00-04:00,46.28,46.28,46.24,46.25,5859
2018-10-01 14:00:00-04:00,46.24,46.25,46.22,46.25,4524
2018-10-01 14:05:00-04:00,46.25,46.26,46.25,46.26,3339
2018-10-01 14:10:00-04:00,46.255,46.28,46.24,46.28,2429
2018-10-01 14:15:00-04:00,46.27,46.29,46.265,46.29,8702
2018-10-01 14:20:00-04:00,46.285,46.3,46.275,46.29,5860
2018-10-01 14:25:00-04:00,46.3,46.325,46.295,46.3,4485
2018-10-01 14:30:00-04:00,46.31,46.31,46.275,46.285,3850
2018-10-01 14:35:00-04:00,46.3,46.3,46.27,46.28,4153
2018-10-01 14:40:00-04:00,46.275,46.28,46.245,46.245,1500
2018-10-01 14:45:00-04:00,46.255,46.29,46.255,46.275,1606
2018-10-01 14:50:00-04:00,46.275,46.285,46.26,46.275,2186
2018-10-01 14:55:00-04:00,46.28,46.29,46.275,46.29,1729
2018-10-01 15:00:00-04:00,46.29,46.31,46.285,46.3,3544
2018-10-01 15:05:00-04:00,46.3,46.31,46.295,46.3,5783
2018-10-01 15:10:00-04:00,46.3,46.3,46.285,46.3,5199
2018-10-01 15:15:00-04:00,46.305,46.32,46.295,46.305,4057
2018-10-01 15:20:00-04:00,46.3,46.3,46.27,46.27,3614
2018-10-01 15:25:00-04:00,46.265,46.27,46.23,46.245,7746
2018-10-01 15:30:00-04:00,46.25,46.25,46.205,46.22,10631
2018-10-01 15:35:00-04:00,46.215,46.215,46.19,46.205,12360
2018-10-01 15:40:00-04:00,46.205,46.21,46.16,46.17,7725
2018-10-01 15:45:00-04:00,46.17,46.21,46.17,46.19,17863
2018-10-01 15:50:00-04:00,46.18,46.24,46.175,46.24,20832
2018-10-01 15:55:00-04:00,46.24,46.26,46.2,46.24,57696
2018-10-02 09:30:00-04:00,46.26,46.36,46.25,46.29,8022
2018-10-02 09:35:00-04:00,46.295,46.32,46.22,46.26,7092
2018-10-02 09:40:00-04:00,46.26,46.3,46.21,46.28,7721
2018-10-02 09:45:00-04:00,46.27,46.285,46.17,46.17,3996
2018-10-02 09:50:00-04:00,46.16,46.16,46.09,46.105,3661
2018-10-02 09:55:00-04:00,46.09,46.1,46.07,46.09,4962
2018-10-02 10:00:00-04:00,46.11,46.135,46.09,46.125,5813
2018-10-02 10:05:00-04:00,46.125,46.18,46.125,46.14,7256
2018-10-02 10:10:00-04:00,46.145,46.28,46.14,46.265,21939
2018-10-02 10:15:00-04:00,46.26,46.31,46.25,46.29,17783
2018-10-02 10:20:00-04:00,46.295,46.32,46.21,46.21,8463
2018-10-02 10:25:00-04:00,46.23,46.245,46.2,46.2,4813
2018-10-02 10:30:00-04:00,46.21,46.23,46.18,46.185,5277
2018-10-02 10:35:00-04:00,46.19,46.23,46.17,46.22,4919
2018-10-02 10:40:00-04:00,46.21,46.24,46.2,46.21,4311
2018-10-02 10:45:00-04:00,46.22,46.31,46.22,46.29,4732
2018-10-02 10:50:00-04:00,46.295,46.33,46.295,46.3,5122
2018-10-02 10:55:00-04:00,46.31,46.32,46.27,46.27,4322
2018-10-02 11:00:00-04:00,46.29,46.29,46.24,46.24,3226
2018-10-02 11:05:00-04:00,46.25,46.26,46.23,46.25,4007
2018-10-02 11:10:00-04:00,46.24,46.26,46.22,46.25,4004
2018-10-02 11:15:00-04:00,46.24,46.26,46.24,46.25,4433
2018-10-02 11:20:00-04:00,46.25,46.25,46.22,46.23,3210
2018-10-02 11:25:00-04:00,46.22,46.25,46.2,46.24,3848
2018-10-02 11:30:00-04:00,46.24,46.26,46.22,46.245,3930
2018-10-02 11:35:00-04:00,46.24,46.3,46.24,46.3,3730
2018-10-02 11:40:00-04:00,46.31,46.32,46.29,46.29,2397
2018-10-02 11:45:00-04:00,46.3,46.355,46.29,46.35,3194
2018-10-02 11:50:00-04:00,46.36,46.36,46.33,46.36,2784
2018-10-02 11:55:00-04:00,46.35,46.37,46.33,46.33,2185
2018-10-02 12:00:00-04:00,46.34,46.41,46.33,46.39,4711
2018-10-02 12:05:00-04:00,46.38,46.42,46.38,46.42,2625
2018-10-02 12:10:00-04:00,46.42,46.445,46.41,46.445,2571
2018-10-02 12:15:00-04:00,46.43,46.435,46.4,46.41,2814
2018-10-02 12:20:00-04:00,46.41,46.44,46.39,46.44,3978
2018-10-02 12:25:00-04:00,46.45,46.47,46.45,46.46,2582
2018-10-02 12:30:00-04:00,46.46,46.47,46.45,46.455,2659
2018-10-02 12:35:00-04:00,46.45,46.47,46.44,46.46,3199
2018-10-02 12:40:00-04:00,46.455,46.47,46.44,46.44,3910
2018-10-02 12:45:00-04:00,46.44,46.47,46.43,46.47,2505
2018-10-02 12:50:00-04:00,46.47,46.49,46.46,46.46,5151
2018-10-02 12:55:00-04:00,46.45,46.48,46.45,46.48,1908
2018-10-02 13:00:00-04:00,46.47,46.47,46.44,46.45,2359
2018-10-02 13:05:00-04:00,46.44,46.47,46.44,46.47,4205
2018-10-02 13:10:00-04:00,46.47,46.47,46.44,46.44,2405
2018-10-02 13:15:00-04:00,46.45,46.48,46.44,46.46,2231
2018-10-02 13:20:00-04:00,46.46,46.47,46.45,46.45,2687
2018-10-02 13:25:00-04:00,46.44,46.46,46.44,46.45,2114
2018-10-02 13:30:00-04:00,46.45,46.45,46.43,46.45,2310
2018-10-02 13:35:00-04:00,46.46,46.47,46.45,46.47,1654
2018-10-02 13:40:00-04:00,46.465,46.48,46.46,46.465,2202
2018-10-02 13:45:00-04:00,46.47,46.49,46.465,46.49,2081
2018-10-02 13:50:00-04:00,46.5,46.52,46.48,46.51,4488
2018-10-02 13:55:00-04:00,46.505,46.53,46.5,46.52,4459
2018-10-02 14:00:00-04:00,46.51,46.52,46.5,46.51,3644
2018-10-02 14:05:00-04:00,46.51,46.515,46.49,46.5,5709
2018-10-02 14:10:00-04:00,46.5,46.53,46.5,46.53,2929
2018-10-02 14:15:00-04:00,46.525,46.54,46.51,46.53,4818
2018-10-02 14:20:00-04:00,46.53,46.54,46.52,46.525,4385
2018-10-02 14:25:00-04:00,46.52,46.555,46.52,46.54,3028
2018-10-02 14:30:00-04:00,46.54,46.54,46.49,46.49,3210
2018-10-02 14:35:00-04:00,46.49,46.51,46.49,46.5,3518
2018-10-02 14:40:00-04:00,46.5,46.5,46.47,46.48,2464
2018-10-02 14:45:00-04:00,46.48,46.49,46.47,46.49,2557
2018-10-02 14:50:00-04:00,46.49,46.5,46.48,46.49,2312
2018-10-02 14:55:00-04:00,46.49,46.49,46.46,46.47,2188
2018-10-02 15:00:00-04:00,46.465,46.47,46.44,46.44,6574
2018-10-02 15:05:00-04:00,46.46,46.47,46.45,46.47,2343
2018-10-02 15:10:00-04:00,46.47,46.48,46.46,46.46,2912
2018-10-02 15:15:00-04:00,46.46,46.48,46.44,46.44,4802
2018-10-02 15:20:00-04:00,46.46,46.47,46.445,46.445,2571
2018-10-02 15:25:00-04:00,46.44,46.475,46.44,46.47,5774
2018-10-02 15:30:00-04:00,46.48,46.505,46.46,46.46,9796
2018-10-02 15:35:00-04:00,46.46,46.49,46.46,46.48,8273
2018-10-02 15:40:00-04:00,46.49,46.53,46.48,46.48,9710
2018-10-02 15:45:00-04:00,46.48,46.515,46.48,46.51,19491
2018-10-02 15:50:00-04:00,46.51,46.51,46.48,46.49,8663
2018-10-02 15:55:00-04:00,46.49,46.545,46.49,46.52,39048
2018-10-03 09:30:00-04:00,46.46,46.52,46.41,46.45,6600
2018-10-03 09:35:00-04:00,46.44,46.45,46.39,46.44,4959
2018-10-03 09:40:00-04:00,46.44,46.46,46.42,46.45,8977
2018-10-03 09:45:00-04:00,46.44,46.44,46.36,46.36,8876
2018-10-03 09:50:00-04:00,46.35,46.37,46.3,46.36,5875
2018-10-03 09:55:00-04:00,46.38,46.55,46.37,46.535,10439
2018-10-03 10:00:00-04:00,46.52,46.52,46.43,46.45,5728
2018-10-03 10:05:00-04:00,46.44,46.51,46.43,46.475,5624
2018-10-03 10:10:00-04:00,46.48,46.54,46.48,46.53,7962
2018-10-03 10:15:00-04:00,46.53,46.54,46.49,46.5,5090
2018-10-03 10:20:00-04:00,46.5,46.5,46.47,46.47,3506
2018-10-03 10:25:00-04:00,46.47,46.48,46.44,46.46,3253
2018-10-03 10:30:00-04:00,46.46,46.47,46.42,46.44,3157
2018-10-03 10:35:00-04:00,46.435,46.45,46.43,46.44,2948
2018-10-03 10:40:00-04:00,46.44,46.44,46.41,46.42,3017
2018-10-03 10:45:00-04:00,46.43,46.45,46.42,46.45,3539
2018-10-03 10:50:00-04:00,46.44,46.46,46.44,46.45,1766
2018-10-03 10:55:00-04:00,46.46,46.46,46.435,46.44,4001
2018-10-03 11:00:00-04:00,46.45,46.455,46.4,46.4,3831
2018-10-03 11:05:00-04:00,46.39,46.39,46.37,46.37,3789
2018-10-03 11:10:00-04:00,46.38,46.38,46.355,46.355,3025
2018-10-03 11:15:00-04:00,46.35,46.36,46.325,46.325,4727
2018-10-03 11:20:00-04:00,46.31,46.32,46.3,46.305,3888
2018-10-03 11:25:00-04:00,46.3,46.33,46.3,46.31,1609
2018-10-03 11:30:00-04:00,46.315,46.325,46.25,46.26,4446
2018-10-03 11:35:00-04:00,46.25,46.25,46.14,46.16,7066
2018-10-03 11:40:00-04:00,46.16,46.18,46.16,46.175,3345
2018-10-03 11:45:00-04:00,46.17,46.17,46.15,46.16,3263
2018-10-03 11:50:00-04:00,46.17,46.17,46.135,46.14,4647
2018-10-03 11:55:00-04:00,46.14,46.19,46.14,46.17,7252
2018-10-03 12:00:00-04:00,46.18,46.18,46.14,46.145,1972
2018-10-03 12:05:00-04:00,46.145,46.15,46.12,46.125,2532
2018-10-03 12:10:00-04:00,46.125,46.155,46.115,46.155,2701
2018-10-03 12:15:00-04:00,46.15,46.15,46.14,46.14,1976
2018-10-03 12:20:00-04:00,46.13,46.155,46.13,46.14,2280
2018-10-03 12:25:00-04:00,46.14,46.145,46.13,46.14,1668
2018-10-03 12:30:00-04:00,46.14,46.145,46.1,46.11,2955
2018-10-03 12:35:00-04:00,46.11,46.11,46.1,46.1,2883
2018-10-03 12:40:00-04:00,46.105,46.105,46.04,46.08,11296
2018-10-03 12:45:00-04:00,46.07,46.07,46.04,46.055,4088
2018-10-03 12:50:00-04:00,46.06,46.06,46.03,46.04,3887
2018-10-03 12:55:00-04:00,46.04,46.07,46.04,46.05,3566
2018-10-03 13:00:00-04:00,46.055,46.055,46.01,46.01,4092
2018-10-03 13:05:00-04:00,46.01,46.05,46.01,46.04,4611
2018-10-03 13:10:00-04:00,46.04,46.06,46.03,46.03,3069
2018-10-03 13:15:00-04:00,46.03,46.035,46.02,46.03,3262
2018-10-03 13:20:00-04:00,46.025,46.035,46.02,46.02,2386
2018-10-03 13:25:00-04:00,46.025,46.03,46.01,46.02,2964
2018-10-03 13:30:00-04:00,46.005,46.015,46.0,46.005,14230
2018-10-03 13:35:00-04:00,46.005,46.01,45.99,45.99,3924
2018-10-03 13:40:00-04:00,45.98,45.985,45.96,45.97,2428
2018-10-03 13:45:00-04:00,45.97,45.98,45.94,45.96,6055
2018-10-03 13:50:00-04:00,45.965,45.97,45.95,45.96,2796
2018-10-03 13:55:00-04:00,45.96,45.96,45.93,45.93,2449
2018-10-03 14:00:00-04:00,45.93,45.98,45.93,45.97,3994
2018-10-03 14:05:00-04:00,45.96,45.965,45.925,45.93,2410
2018-10-03 14:10:00-04:00,45.93,45.93,45.9,45.915,3830
2018-10-03 14:15:00-04:00,45.91,45.92,45.89,45.91,7131
2018-10-03 14:20:00-04:00,45.92,45.92,45.905,45.92,4269
2018-10-03 14:25:00-04:00,45.92,45.92,45.89,45.89,6824
2018-10-03 14:30:00-04:00,45.89,45.89,45.855,45.86,6777
2018-10-03 14:35:00-04:00,45.86,45.86,45.82,45.85,6166
2018-10-03 14:40:00-04:00,45.855,45.86,45.83,45.84,10706
2018-10-03 14:45:00-04:00,45.84,45.845,45.81,45.84,5458
2018-10-03 14:50:00-04:00,45.835,45.84,45.82,45.83,9709
2018-10-03 14:55:00-04:00,45.82,45.84,45.805,45.84,5206
2018-10-03 15:00:00-04:00,45.85,45.875,45.85,45.87,6973
2018-10-03 15:05:00-04:00,45.865,45.895,45.86,45.88,3060
2018-10-03 15:10:00-04:00,45.885,45.89,45.84,45.89,9254
2018-10-03 15:15:00-04:00,45.88,45.9,45.87,45.89,7513
2018-10-03 15:20:00-04:00,45.89,45.89,45.86,45.865,9346
2018-10-03 15:25:00-04:00,45.87,45.87,45.84,45.85,12504
2018-10-03 15:30:00-04:00,45.85,45.87,45.83,45.86,10307
2018-10-03 15:35:00-04:00,45.85,45.865,45.82,45.84,14772
2018-10-03 15:40:00-04:00,45.83,45.855,45.83,45.845,14288
2018-10-03 15:45:00-04:00,45.85,45.875,45.84,45.85,16677
2018-10-03 15:50:00-04:00,45.85,45.89,45.845,45.88,26519
2018-10-03 15:55:00-04:00,45.88,45.89,45.83,45.855,70598
2018-10-03 16:00:00-04:00,45.9,45.9,45.9,45.9,857
2018-10-04 09:30:00-04:00,45.62,45.68,45.58,45.58,11034
2018-10-04 09:35:00-04:00,45.56,45.69,45.56,45.66,7359
2018-10-04 09:40:00-04:00,45.65,45.65,45.575,45.61,5706
2018-10-04 09:45:00-04:00,45.62,45.67,45.62,45.625,4719
2018-10-04 09:50:00-04:00,45.62,45.63,45.58,45.59,4014
2018-10-04 09:55:00-04:00,45.61,45.61,45.56,45.57,5836
2018-10-04 10:00:00-04:00,45.57,45.63,45.56,45.6,3989
2018-10-04 10:05:00-04:00,45.6,45.67,45.58,45.67,5080
2018-10-04 10:10:00-04:00,45.67,45.68,45.61,45.63,3055
2018-10-04 10:15:00-04:00,45.64,45.68,45.62,45.63,3173
2018-10-04 10:20:00-04:00,45.64,45.65,45.53,45.535,8366
2018-10-04 10:25:00-04:00,45.53,45.585,45.48,45.57,9164
2018-10-04 10:30:00-04:00,45.57,45.6,45.545,45.57,9505
2018-10-04 10:35:00-04:00,45.57,45.57,45.51,45.52,3780
2018-10-04 10:40:00-04:00,45.53,45.56,45.5,45.51,4054
2018-10-04 10:45:00-04:00,45.5,45.525,45.485,45.49,10527
2018-10-04 10:50:00-04:00,45.48,45.48,45.46,45.47,4150
2018-10-04 10:55:00-04:00,45.475,45.52,45.475,45.51,3401
2018-10-04 11:00:00-04:00,45.51,45.52,45.5,45.51,3028
2018-10-04 11:05:00-04:00,45.52,45.52,45.5,45.51,3116
2018-10-04 11:10:00-04:00,45.51,45.53,45.49,45.52,7545
2018-10-04 11:15:00-04:00,45.51,45.51,45.46,45.46,12135
2018-10-04 11:20:00-04:00,45.46,45.5,45.43,45.5,4963
2018-10-04 11:25:00-04:00,45.5,45.55,45.49,45.52,3756
2018-10-04 11:30:00-04:00,45.54,45.58,45.52,45.55,5631
2018-10-04 11:35:00-04:00,45.54,45.55,45.51,45.51,3573
2018-10-04 11:40:00-04:00,45.51,45.55,45.51,45.515,9479
2018-10-04 11:45:00-04:00,45.51,45.6,45.51,45.6,12729
2018-10-04 11:50:00-04:00,45.59,45.635,45.58,45.635,4406
2018-10-04 11:55:00-04:00,45.63,45.65,45.62,45.62,1980
2018-10-04 12:00:00-04:00,45.625,45.695,45.615,45.69,4371
2018-10-04 12:05:00-04:00,45.68,45.74,45.66,45.72,4353
2018-10-04 12:10:00-04:00,45.72,45.74,45.71,45.72,1100
2018-10-04 12:15:00-04:00,45.76,45.76,45.73,45.74,3858
2018-10-04 12:20:00-04:00,45.73,45.74,45.7,45.73,2300
2018-10-04 12:25:00-04:00,45.71,45.76,45.7,45.74,4619
2018-10-04 12:30:00-04:00,45.735,45.76,45.735,45.76,7011
2018-10-04 12:35:00-04:00,45.75,45.78,45.75,45.77,3724
2018-10-04 12:40:00-04:00,45.76,45.78,45.75,45.77,2205
2018-10-04 12:45:00-04:00,45.79,45.8,45.79,45.795,850
2018-10-04 12:50:00-04:00,45.815,45.815,45.785,45.8,1694
2018-10-04 12:55:00-04:00,45.79,45.81,45.78,45.785,2917
2018-10-04 13:00:00-04:00,45.78,45.78,45.73,45.75,3976
2018-10-04 13:05:00-04:00,45.75,45.75,45.71,45.71,2352
2018-10-04 13:10:00-04:00,45.7,45.71,45.69,45.7,4211
2018-10-04 13:15:00-04:00,45.7,45.71,45.69,45.7,3555
2018-10-04 13:20:00-04:00,45.71,45.71,45.67,45.68,3304
2018-10-04 13:25:00-04:00,45.68,45.69,45.67,45.69,2622
2018-10-04 13:30:00-04:00,45.69,45.69,45.65,45.65,6334
2018-10-04 13:35:00-04:00,45.66,45.68,45.65,45.67,3533
2018-10-04 13:40:00-04:00,45.69,45.7,45.685,45.7,2500
2018-10-04 13:45:00-04:00,45.7,45.705,45.67,45.67,2764
2018-10-04 13:50:00-04:00,45.66,45.68,45.64,45.64,3071
2018-10-04 13:55:00-04:00,45.64,45.65,45.63,45.635,2344
2018-10-04 14:00:00-04:00,45.66,45.67,45.64,45.67,3786
2018-10-04 14:05:00-04:00,45.66,45.665,45.63,45.64,3031
2018-10-04 14:10:00-04:00,45.63,45.66,45.63,45.66,700
2018-10-04 14:15:00-04:00,45.69,45.69,45.65,45.655,4740
2018-10-04 14:20:00-04:00,45.65,45.65,45.63,45.64,2892
2018-10-04 14:25:00-04:00,45.63,45.645,45.605,45.62,7010
2018-10-04 14:30:00-04:00,45.62,45.65,45.61,45.645,6622
2018-10-04 14:35:00-04:00,45.65,45.725,45.64,45.725,4182
2018-10-04 14:40:00-04:00,45.72,45.73,45.7,45.7,3127
2018-10-04 14:45:00-04:00,45.7,45.735,45.7,45.72,4923
2018-10-04 14:50:00-04:00,45.755,45.76,45.75,45.76,2827
2018-10-04 14:55:00-04:00,45.79,45.825,45.77,45.81,5018
2018-10-04 15:00:00-04:00,45.82,45.82,45.8,45.82,5221
2018-10-04 15:05:00-04:00,45.82,45.86,45.82,45.86,5826
2018-10-04 15:10:00-04:00,45.85,45.855,45.795,45.8,7160
2018-10-04 15:15:00-04:00,45.8,45.805,45.745,45.745,7459
2018-10-04 15:20:00-04:00,45.74,45.78,45.74,45.74,9603
2018-10-04 15:25:00-04:00,45.755,45.76,45.745,45.75,5476
2018-10-04 15:30:00-04:00,45.75,45.765,45.735,45.745,10149
2018-10-04 15:35:00-04:00,45.74,45.75,45.71,45.72,8795
2018-10-04 15:40:00-04:00,45.73,45.78,45.7,45.78,15587
2018-10-04 15:45:00-04:00,45.77,45.87,45.77,45.835,17919
2018-10-04 15:50:00-04:00,45.84,45.89,45.84,45.89,18887
2018-10-04 15:55:00-04:00,45.89,45.895,45.83,45.85,31948
2018-10-05 09:30:00-04:00,45.95,46.16,45.91,46.14,5880
2018-10-05 09:35:00-04:00,46.12,46.12,45.99,45.99,3911
2018-10-05 09:40:00-04:00,45.99,46.075,45.955,46.075,6061
2018-10-05 09:45:00-04:00,46.075,46.075,46.01,46.01,8871
2018-10-05 09:50:00-04:00,46.0,46.03,46.0,46.0,19132
2018-10-05 09:55:00-04:00,46.0,46.01,45.975,45.975,12299
2018-10-05 10:00:00-04:00,45.96,46.07,45.96,46.05,18342
2018-10-05 10:05:00-04:00,46.03,46.09,46.03,46.05,5326
2018-10-05 10:10:00-04:00,46.04,46.05,45.99,45.99,4385
2018-10-05 10:15:00-04:00,45.99,46.07,45.98,46.07,4712
2018-10-05 10:20:00-04:00,46.07,46.11,46.06,46.1,5025
2018-10-05 10:25:00-04:00,46.1,46.11,46.08,46.09,6247
2018-10-05 10:30:00-04:00,46.09,46.09,46.02,46.04,3042
2018-10-05 10:35:00-04:00,46.03,46.04,45.99,46.01,4240
2018-10-05 10:40:00-04:00,46.01,46.04,45.99,46.04,4074
2018-10-05 10:45:00-04:00,46.03,46.04,46.01,46.015,3874
2018-10-05 10:50:00-04:00,45.96,46.0,45.96,45.97,3333
2018-10-05 10:55:00-04:00,45.97,45.98,45.92,45.92,3350
2018-10-05 11:00:00-04:00,45.92,45.92,45.855,45.855,3123
2018-10-05 11:05:00-04:00,45.86,45.92,45.86,45.91,4181
2018-10-05 11:10:00-04:00,45.91,45.95,45.91,45.945,6634
2018-10-05 11:15:00-04:00,45.945,45.95,45.91,45.94,27017
2018-10-05 11:20:00-04:00,45.93,45.96,45.87,45.9,13179
2018-10-05 11:25:00-04:00,45.895,45.93,45.89,45.895,2995
2018-10-05 11:30:00-04:00,45.88,45.9,45.83,45.84,5494
2018-10-05 11:35:00-04:00,45.86,45.91,45.86,45.87,6543
2018-10-05 11:40:00-04:00,45.88,45.88,45.82,45.83,5606
2018-10-05 11:45:00-04:00,45.855,45.87,45.81,45.81,5647
2018-10-05 11:50:00-04:00,45.81,45.86,45.805,45.81,11590
2018-10-05 11:55:00-04:00,45.79,45.84,45.785,45.79,6351
2018-10-05 12:00:00-04:00,45.79,45.85,45.79,45.84,4850
2018-10-05 12:05:00-04:00,45.845,45.88,45.795,45.795,11280
2018-10-05 12:10:00-04:00,45.79,45.8,45.74,45.74,11153
2018-10-05 12:15:00-04:00,45.75,45.75,45.7,45.74,4789
2018-10-05 12:20:00-04:00,45.735,45.78,45.735,45.77,2323
2018-10-05 12:25:00-04:00,45.76,45.78,45.74,45.78,4812
2018-10-05 12:30:00-04:00,45.75,45.77,45.74,45.77,2938
2018-10-05 12:35:00-04:00,45.77,45.85,45.77,45.83,6868
2018-10-05 12:40:00-04:00,45.83,45.84,45.8,45.84,6630
2018-10-05 12:45:00-04:00,45.84,45.88,45.83,45.87,3824
2018-10-05 12:50:00-04:00,45.87,45.9,45.87,45.88,5037
2018-10-05 12:55:00-04:00,45.87,45.88,45.85,45.85,2233
2018-10-05 13:00:00-04:00,45.86,45.86,45.82,45.84,3052
2018-10-05 13:05:00-04:00,45.83,45.87,45.83,45.85,4669
2018-10-05 13:10:00-04:00,45.86,45.9,45.85,45.89,3413
2018-10-05 13:15:00-04:00,45.89,45.91,45.89,45.9,1824
2018-10-05 13:20:00-04:00,45.89,45.92,45.89,45.92,2622
2018-10-05 13:25:00-04:00,45.91,45.94,45.91,45.93,1965
2018-10-05 13:30:00-04:00,45.94,45.94,45.905,45.905,1437
2018-10-05 13:35:00-04:00,45.91,45.94,45.895,45.94,5038
2018-10-05 13:40:00-04:00,45.94,45.96,45.925,45.96,2941
2018-10-05 13:45:00-04:00,45.95,45.96,45.92,45.955,6432
2018-10-05 13:50:00-04:00,45.96,45.97,45.95,45.97,1585
2018-10-05 13:55:00-04:00,45.97,45.975,45.94,45.95,4519
2018-10-05 14:00:00-04:00,45.94,45.95,45.925,45.93,4903
2018-10-05 14:05:00-04:00,45.93,45.93,45.89,45.91,11889
2018-10-05 14:10:00-04:00,45.91,45.91,45.89,45.89,3338
2018-10-05 14:15:00-04:00,45.89,45.92,45.88,45.915,3150
2018-10-05 14:20:00-04:00,45.915,45.92,45.895,45.9,8850
2018-10-05 14:25:00-04:00,45.9,45.9,45.835,45.85,9877
2018-10-05 14:30:00-04:00,45.85,45.88,45.83,45.84,12816
2018-10-05 14:35:00-04:00,45.84,45.87,45.83,45.84,12249
2018-10-05 14:40:00-04:00,45.83,45.84,45.79,45.83,16241
2018-10-05 14:45:00-04:00,45.83,45.83,45.77,45.805,10385
2018-10-05 14:50:00-04:00,45.805,45.825,45.785,45.8,8374
2018-10-05 14:55:00-04:00,45.83,45.85,45.82,45.85,6441
2018-10-05 15:00:00-04:00,45.86,45.86,45.815,45.84,10988
2018-10-05 15:05:00-04:00,45.845,45.87,45.83,45.84,6430
2018-10-05 15:10:00-04:00,45.83,45.83,45.815,45.82,4597
2018-10-05 15:15:00-04:00,45.82,45.83,45.8,45.82,7197
2018-10-05 15:20:00-04:00,45.82,45.85,45.81,45.83,10953
2018-10-05 15:25:00-04:00,45.84,45.87,45.835,45.86,9463
2018-10-05 15:30:00-04:00,45.86,45.885,45.845,45.85,10268
2018-10-05 15:35:00-04:00,45.85,45.86,45.83,45.845,13300
2018-10-05 15:40:00-04:00,45.84,45.9,45.84,45.88,13508
2018-10-05 15:45:00-04:00,45.88,45.92,45.88,45.895,25306
2018-10-05 15:50:00-04:00,45.89,45.91,45.875,45.91,33403
2018-10-05 15:55:00-04:00,45.91,45.91,45.86,45.88,41965
2018-10-08 09:30:00-04:00,45.99,46.21,45.99,46.21,4544
2018-10-08 09:35:00-04:00,46.18,46.28,46.18,46.27,2737
2018-10-08 09:40:00-04:00,46.305,46.33,46.28,46.32,4923
2018-10-08 09:45:00-04:00,46.32,46.36,46.29,46.29,5826
2018-10-08 09:50:00-04:00,46.3,46.34,46.27,46.28,4476
2018-10-08 09:55:00-04:00,46.31,46.36,46.305,46.345,3751
2018-10-08 10:00:00-04:00,46.36,46.37,46.32,46.325,10348
2018-10-08 10:05:00-04:00,46.31,46.32,46.285,46.3,3809
2018-10-08 10:10:00-04:00,46.29,46.33,46.28,46.33,5451
2018-10-08 10:15:00-04:00,46.325,46.35,46.28,46.28,5441
2018-10-08 10:20:00-04:00,46.28,46.28,46.23,46.245,1771
2018-10-08 10:25:00-04:00,46.23,46.275,46.23,46.23,2943
2018-10-08 10:30:00-04:00,46.24,46.31,46.24,46.3,5156
2018-10-08 10:35:00-04:00,46.305,46.31,46.28,46.28,2236
2018-10-08 10:40:00-04:00,46.26,46.27,46.23,46.26,2093
2018-10-08 10:45:00-04:00,46.29,46.29,46.25,46.25,4062
2018-10-08 10:50:00-04:00,46.25,46.29,46.25,46.28,2747
2018-10-08 10:55:00-04:00,46.27,46.27,46.23,46.235,3662
2018-10-08 11:00:00-04:00,46.23,46.24,46.22,46.22,3540
2018-10-08 11:05:00-04:00,46.23,46.23,46.2,46.2,3356
2018-10-08 11:10:00-04:00,46.2,46.22,46.195,46.21,2065
2018-10-08 11:15:00-04:00,46.21,46.28,46.2,46.27,2177
2018-10-08 11:20:00-04:00,46.29,46.3,46.26,46.28,3313
2018-10-08 11:25:00-04:00,46.28,46.29,46.25,46.25,12209
2018-10-08 11:30:00-04:00,46.25,46.32,46.23,46.32,6594
2018-10-08 11:35:00-04:00,46.32,46.36,46.29,46.36,9209
2018-10-08 11:40:00-04:00,46.34,46.41,46.34,46.365,4838
2018-10-08 11:45:00-04:00,46.37,46.37,46.32,46.32,2530
2018-10-08 11:50:00-04:00,46.31,46.32,46.29,46.32,3608
2018-10-08 11:55:00-04:00,46.33,46.35,46.3,46.35,3118
2018-10-08 12:00:00-04:00,46.35,46.41,46.35,46.4,4467
2018-10-08 12:05:00-04:00,46.38,46.43,46.375,46.41,10331
2018-10-08 12:10:00-04:00,46.4,46.46,46.4,46.46,4031
2018-10-08 12:15:00-04:00,46.46,46.475,46.43,46.44,3310
2018-10-08 12:20:00-04:00,46.44,46.48,46.44,46.45,4640
2018-10-08 12:25:00-04:00,46.45,46.45,46.4,46.43,1934
2018-10-08 12:30:00-04:00,46.43,46.43,46.39,46.4,4154
2018-10-08 12:35:00-04:00,46.4,46.4,46.38,46.38,4288
2018-10-08 12:40:00-04:00,46.38,46.395,46.38,46.38,1751
2018-10-08 12:45:00-04:00,46.39,46.46,46.385,46.46,3511
2018-10-08 12:50:00-04:00,46.46,46.48,46.44,46.48,2840
2018-10-08 12:55:00-04:00,46.48,46.48,46.46,46.47,4542
2018-10-08 13:00:00-04:00,46.46,46.49,46.45,46.48,5299
2018-10-08 13:05:00-04:00,46.48,46.51,46.455,46.49,5226
2018-10-08 13:10:00-04:00,46.48,46.5,46.47,46.49,2373
2018-10-08 13:15:00-04:00,46.48,46.49,46.44,46.45,4874
2018-10-08 13:20:00-04:00,46.45,46.46,46.43,46.45,1933
2018-10-08 13:25:00-04:00,46.45,46.47,46.44,46.44,1600
2018-10-08 13:30:00-04:00,46.44,46.46,46.425,46.46,16328
2018-10-08 13:35:00-04:00,46.46,46.48,46.46,46.47,1842
2018-10-08 13:40:00-04:00,46.46,46.47,46.44,46.45,3344
2018-10-08 13:45:00-04:00,46.45,46.47,46.44,46.44,2825
2018-10-08 13:50:00-04:00,46.45,46.455,46.44,46.445,2675
2018-10-08 13:55:00-04:00,46.44,46.44,46.43,46.44,3512
2018-10-08 14:00:00-04:00,46.44,46.495,46.43,46.49,5189
2018-10-08 14:05:00-04:00,46.49,46.5,46.46,46.48,7805
2018-10-08 14:10:00-04:00,46.48,46.49,46.45,46.49,2361
2018-10-08 14:15:00-04:00,46.48,46.48,46.47,46.475,4456
2018-10-08 14:20:00-04:00,46.475,46.5,46.465,46.465,4044
2018-10-08 14:25:00-04:00,46.47,46.48,46.455,46.48,4881
2018-10-08 14:30:00-04:00,46.48,46.49,46.455,46.46,6059
2018-10-08 14:35:00-04:00,46.48,46.49,46.47,46.48,4832
2018-10-08 14:40:00-04:00,46.47,46.47,46.445,46.455,4980
2018-10-08 14:45:00-04:00,46.45,46.45,46.44,46.44,4132
2018-10-08 14:50:00-04:00,46.445,46.45,46.44,46.44,7136
2018-10-08 14:55:00-04:00,46.43,46.48,46.43,46.475,6338
2018-10-08 15:00:00-04:00,46.47,46.47,46.45,46.46,10344
2018-10-08 15:05:00-04:00,46.46,46.46,46.445,46.455,5573
2018-10-08 15:10:00-04:00,46.455,46.485,46.455,46.48,4886
2018-10-08 15:15:00-04:00,46.47,46.48,46.47,46.475,6138
2018-10-08 15:20:00-04:00,46.475,46.525,46.475,46.51,7510
2018-10-08 15:25:00-04:00,46.51,46.53,46.505,46.52,6090
2018-10-08 15:30:00-04:00,46.53,46.545,46.495,46.54,15850
2018-10-08 15:35:00-04:00,46.545,46.55,46.505,46.52,15371
2018-10-08 15:40:00-04:00,46.525,46.57,46.525,46.565,18197
2018-10-08 15:45:00-04:00,46.57,46.58,46.53,46.555,22810
2018-10-08 15:50:00-04:00,46.56,46.56,46.52,46.535,27649
2018-10-08 15:55:00-04:00,46.53,46.55,46.49,46.49,107617
2018-10-09 09:30:00-04:00,46.49,46.49,46.37,46.37,4965
2018-10-09 09:35:00-04:00,46.37,46.37,46.24,46.27,7439
2018-10-09 09:40:00-04:00,46.27,46.36,46.27,46.33,6994
2018-10-09 09:45:00-04:00,46.32,46.42,46.32,46.41,10876
2018-10-09 09:50:00-04:00,46.4,46.4,46.34,46.39,4440
2018-10-09 09:55:00-04:00,46.37,46.4,46.32,46.32,3175
2018-10-09 10:00:00-04:00,46.305,46.33,46.29,46.3,3642
2018-10-09 10:05:00-04:00,46.3,46.35,46.3,46.335,5731
2018-10-09 10:10:00-04:00,46.33,46.38,46.32,46.38,3762
2018-10-09 10:15:00-04:00,46.4,46.435,46.39,46.43,3331
2018-10-09 10:20:00-04:00,46.43,46.46,46.41,46.45,3972
2018-10-09 10:25:00-04:00,46.43,46.43,46.38,46.38,1216
2018-10-09 10:30:00-04:00,46.37,46.395,46.35,46.38,1938
2018-10-09 10:35:00-04:00,46.39,46.4,46.36,46.37,3432
2018-10-09 10:40:00-04:00,46.37,46.385,46.35,46.38,3912
2018-10-09 10:45:00-04:00,46.36,46.38,46.33,46.37,6942
2018-10-09 10:50:00-04:00,46.37,46.46,46.37,46.44,7345
2018-10-09 10:55:00-04:00,46.43,46.43,46.36,46.36,3058
2018-10-09 11:00:00-04:00,46.37,46.39,46.36,46.37,4715
2018-10-09 11:05:00-04:00,46.37,46.41,46.35,46.41,3507
2018-10-09 11:10:00-04:00,46.41,46.45,46.41,46.41,23501
2018-10-09 11:15:00-04:00,46.41,46.41,46.37,46.38,4724
2018-10-09 11:20:00-04:00,46.39,46.39,46.35,46.37,2912
2018-10-09 11:25:00-04:00,46.37,46.39,46.37,46.38,3766
2018-10-09 11:30:00-04:00,46.38,46.39,46.345,46.35,14964
2018-10-09 11:35:00-04:00,46.36,46.375,46.31,46.335,31645
2018-10-09 11:40:00-04:00,46.335,46.36,46.335,46.36,14184
2018-10-09 11:45:00-04:00,46.36,46.39,46.35,46.38,4944
2018-10-09 11:50:00-04:00,46.38,46.42,46.37,46.41,3094
2018-10-09 11:55:00-04:00,46.41,46.42,46.395,46.42,4607
2018-10-09 12:00:00-04:00,46.42,46.47,46.42,46.46,7335
2018-10-09 12:05:00-04:00,46.44,46.47,46.435,46.46,3438
2018-10-09 12:10:00-04:00,46.45,46.47,46.425,46.46,5069
2018-10-09 12:15:00-04:00,46.44,46.47,46.44,46.455,2752
2018-10-09 12:20:00-04:00,46.46,46.46,46.41,46.41,5944
2018-10-09 12:25:00-04:00,46.42,46.43,46.41,46.43,4745
2018-10-09 12:30:00-04:00,46.44,46.44,46.43,46.44,6391
2018-10-09 12:35:00-04:00,46.45,46.47,46.45,46.47,1595
2018-10-09 12:40:00-04:00,46.47,46.48,46.45,46.47,4642
2018-10-09 12:45:00-04:00,46.46,46.48,46.44,46.46,11625
2018-10-09 12:50:00-04:00,46.48,46.49,46.47,46.48,3626
2018-10-09 12:55:00-04:00,46.485,46.5,46.44,46.44,7319
2018-10-09 13:00:00-04:00,46.46,46.49,46.45,46.49,8330
2018-10-09 13:05:00-04:00,46.5,46.54,46.5,46.52,7483
2018-10-09 13:10:00-04:00,46.51,46.51,46.485,46.495,4665
2018-10-09 13:15:00-04:00,46.5,46.5,46.47,46.47,24876
2018-10-09 13:20:00-04:00,46.47,46.48,46.42,46.43,4685
2018-10-09 13:25:00-04:00,46.42,46.48,46.41,46.47,12145
2018-10-09 13:30:00-04:00,46.47,46.5,46.46,46.46,38517
2018-10-09 13:35:00-04:00,46.445,46.45,46.4,46.4,3165
2018-10-09 13:40:00-04:00,46.38,46.38,46.36,46.36,2721
2018-10-09 13:45:00-04:00,46.36,46.385,46.35,46.385,3144
2018-10-09 13:50:00-04:00,46.385,46.39,46.36,46.37,7235
2018-10-09 13:55:00-04:00,46.38,46.39,46.36,46.375,3657
2018-10-09 14:00:00-04:00,46.38,46.39,46.35,46.35,3264
2018-10-09 14:05:00-04:00,46.34,46.365,46.33,46.335,6812
2018-10-09 14:10:00-04:00,46.335,46.4,46.335,46.395,15100
2018-10-09 14:15:00-04:00,46.41,46.48,46.405,46.45,11996
2018-10-09 14:20:00-04:00,46.45,46.475,46.45,46.45,15134
2018-10-09 14:25:00-04:00,46.44,46.44,46.41,46.42,5205
2018-10-09 14:30:00-04:00,46.42,46.43,46.41,46.42,4410
2018-10-09 14:35:00-04:00,46.415,46.45,46.41,46.45,8448
2018-10-09 14:40:00-04:00,46.45,46.45,46.44,46.445,3872
2018-10-09 14:45:00-04:00,46.45,46.465,46.44,46.46,5919
2018-10-09 14:50:00-04:00,46.46,46.49,46.45,46.47,9699
2018-10-09 14:55:00-04:00,46.47,46.49,46.455,46.48,3612
2018-10-09 15:00:00-04:00,46.49,46.49,46.445,46.45,5019
2018-10-09 15:05:00-04:00,46.445,46.46,46.445,46.455,4413
2018-10-09 15:10:00-04:00,46.455,46.46,46.4,46.4,7481
2018-10-09 15:15:00-04:00,46.4,46.42,46.4,46.42,5280
2018-10-09 15:20:00-04:00,46.42,46.42,46.41,46.415,7755
2018-10-09 15:25:00-04:00,46.415,46.42,46.41,46.415,9113
2018-10-09 15:30:00-04:00,46.42,46.42,46.41,46.41,15016
2018-10-09 15:35:00-04:00,46.42,46.42,46.34,46.395,26101
2018-10-09 15:40:00-04:00,46.395,46.41,46.39,46.4,22923
2018-10-09 15:45:00-04:00,46.4,46.45,46.4,46.41,20878
2018-10-09 15:50:00-04:00,46.405,46.41,46.39,46.405,86498
2018-10-09 15:55:00-04:00,46.41,46.43,46.395,46.4,92184
2018-10-10 09:30:00-04:00,46.34,46.36,46.21,46.36,9628
2018-10-10 09:35:00-04:00,46.38,46.46,46.365,46.44,16562
2018-10-10 09:40:00-04:00,46.44,46.47,46.345,46.44,13236
2018-10-10 09:45:00-04:00,46.43,46.46,46.39,46.45,11452
2018-10-10 09:50:00-04:00,46.44,46.555,46.44,46.55,8626
2018-10-10 09:55:00-04:00,46.56,46.64,46.555,46.61,8524
2018-10-10 10:00:00-04:00,46.61,46.7,46.58,46.64,13623
2018-10-10 10:05:00-04:00,46.65,46.69,46.6,46.61,8517
2018-10-10 10:10:00-04:00,46.62,46.62,46.54,46.54,7174
2018-10-10 10:15:00-04:00,46.56,46.575,46.5,46.505,5080
2018-10-10 10:20:00-04:00,46.5,46.54,46.45,46.46,6362
2018-10-10 10:25:00-04:00,46.46,46.48,46.38,46.4,7126
2018-10-10 10:30:00-04:00,46.39,46.47,46.39,46.45,7744
2018-10-10 10:35:00-04:00,46.45,46.49,46.45,46.47,6611
2018-10-10 10:40:00-04:00,46.48,46.505,46.44,46.48,7329
2018-10-10 10:45:00-04:00,46.49,46.52,46.46,46.51,5932
2018-10-10 10:50:00-04:00,46.51,46.54,46.48,46.48,6380
2018-10-10 10:55:00-04:00,46.47,46.53,46.47,46.52,6295
2018-10-10 11:00:00-04:00,46.5,46.52,46.46,46.48,8295
2018-10-10 11:05:00-04:00,46.48,46.55,46.45,46.54,9024
2018-10-10 11:10:00-04:00,46.52,46.53,46.47,46.51,7811
2018-10-10 11:15:00-04:00,46.505,46.545,46.495,46.525,14802
2018-10-10 11:20:00-04:00,46.53,46.55,46.5,46.505,22976
2018-10-10 11:25:00-04:00,46.505,46.58,46.47,46.495,16783
2018-10-10 11:30:00-04:00,46.495,46.51,46.47,46.485,43214
2018-10-10 11:35:00-04:00,46.485,46.495,46.43,46.44,10431
2018-10-10 11:40:00-04:00,46.45,46.475,46.42,46.43,5655
2018-10-10 11:45:00-04:00,46.42,46.46,46.4,46.415,5681
2018-10-10 11:50:00-04:00,46.41,46.44,46.395,46.44,4088
2018-10-10 11:55:00-04:00,46.43,46.44,46.42,46.43,3798
2018-10-10 12:00:00-04:00,46.43,46.53,46.43,46.53,7821
2018-10-10 12:05:00-04:00,46.53,46.56,46.505,46.53,8029
2018-10-10 12:10:00-04:00,46.53,46.58,46.53,46.58,4865
2018-10-10 12:15:00-04:00,46.58,46.585,46.55,46.57,4152
2018-10-10 12:20:00-04:00,46.56,46.56,46.5,46.5,3355
2018-10-10 12:25:00-04:00,46.49,46.5,46.465,46.49,4400
2018-10-10 12:30:00-04:00,46.49,46.51,46.485,46.5,4010
2018-10-10 12:35:00-04:00,46.5,46.51,46.48,46.5,3292
2018-10-10 12:40:00-04:00,46.5,46.5,46.48,46.485,2750
2018-10-10 12:45:00-04:00,46.48,46.5,46.46,46.495,5549
2018-10-10 12:50:00-04:00,46.49,46.52,46.47,46.48,3240
2018-10-10 12:55:00-04:00,46.48,46.5,46.47,46.5,2800
2018-10-10 13:00:00-04:00,46.48,46.49,46.39,46.39,5512
2018-10-10 13:05:00-04:00,46.39,46.41,46.35,46.35,2754
2018-10-10 13:10:00-04:00,46.35,46.39,46.34,46.37,4925
2018-10-10 13:15:00-04:00,46.37,46.38,46.34,46.37,14963
2018-10-10 13:20:00-04:00,46.365,46.37,46.34,46.355,21716
2018-10-10 13:25:00-04:00,46.36,46.36,46.29,46.305,69187
2018-10-10 13:30:00-04:00,46.31,46.33,46.3,46.32,11126
2018-10-10 13:35:00-04:00,46.32,46.32,46.3,46.315,5875
2018-10-10 13:40:00-04:00,46.32,46.32,46.26,46.28,4500
2018-10-10 13:45:00-04:00,46.28,46.31,46.26,46.31,3430
2018-10-10 13:50:00-04:00,46.32,46.32,46.27,46.27,3564
2018-10-10 13:55:00-04:00,46.28,46.28,46.23,46.23,5532
2018-10-10 14:00:00-04:00,46.23,46.24,46.18,46.19,5703
2018-10-10 14:05:00-04:00,46.17,46.18,46.12,46.12,4582
2018-10-10 14:10:00-04:00,46.12,46.16,46.11,46.14,6904
2018-10-10 14:15:00-04:00,46.135,46.17,46.135,46.16,6882
2018-10-10 14:20:00-04:00,46.15,46.15,46.1,46.14,7206
2018-10-10 14:25:00-04:00,46.13,46.13,46.08,46.12,5307
2018-10-10 14:30:00-04:00,46.125,46.15,46.1,46.11,5409
2018-10-10 14:35:00-04:00,46.12,46.15,46.09,46.12,6469
2018-10-10 14:40:00-04:00,46.11,46.14,46.07,46.07,7355
2018-10-10 14:45:00-04:00,46.09,46.13,46.08,46.1,8670
2018-10-10 14:50:00-04:00,46.1,46.155,46.1,46.14,6801
2018-10-10 14:55:00-04:00,46.135,46.14,46.09,46.09,6807
2018-10-10 15:00:00-04:00,46.07,46.07,46.02,46.02,7699
2018-10-10 15:05:00-04:00,46.02,46.055,46.0,46.01,6962
2018-10-10 15:10:00-04:00,46.01,46.01,45.92,45.94,7507
2018-10-10 15:15:00-04:00,45.91,45.95,45.91,45.95,11221
2018-10-10 15:20:00-04:00,45.96,46.01,45.95,46.01,8709
2018-10-10 15:25:00-04:00,45.99,46.03,45.97,46.02,9474
2018-10-10 15:30:00-04:00,46.02,46.02,45.94,45.94,7920
2018-10-10 15:35:00-04:00,45.93,45.935,45.84,45.84,14136
2018-10-10 15:40:00-04:00,45.845,45.85,45.77,45.825,17231
2018-10-10 15:45:00-04:00,45.83,45.92,45.75,45.905,28292
2018-10-10 15:50:00-04:00,45.91,45.92,45.8,45.82,32599
2018-10-10 15:55:00-04:00,45.81,45.815,45.675,45.7,87092
2018-10-11 08:40:00-04:00,45.51,45.51,45.51,45.51,300
2018-10-11 09:25:00-04:00,45.48,45.48,45.48,45.48,564
2018-10-11 09:30:00-04:00,45.97,45.97,45.58,45.65,10590
2018-10-11 09:35:00-04:00,45.63,45.82,45.6,45.78,29053
2018-10-11 09:40:00-04:00,45.77,45.88,45.75,45.78,10724
2018-10-11 09:45:00-04:00,45.81,45.85,45.56,45.56,21492
2018-10-11 09:50:00-04:00,45.55,45.55,45.34,45.38,15670
2018-10-11 09:55:00-04:00,45.37,45.43,45.285,45.37,11213
2018-10-11 10:00:00-04:00,45.365,45.44,45.34,45.42,16403
2018-10-11 10:05:00-04:00,45.41,45.59,45.41,45.51,7870
2018-10-11 10:10:00-04:00,45.51,45.59,45.5,45.54,4460
2018-10-11 10:15:00-04:00,45.55,45.59,45.5,45.515,16554
2018-10-11 10:20:00-04:00,45.51,45.51,45.39,45.41,11714
2018-10-11 10:25:00-04:00,45.4,45.425,45.34,45.34,10255
2018-10-11 10:30:00-04:00,45.33,45.38,45.31,45.35,7289
2018-10-11 10:35:00-04:00,45.34,45.35,45.29,45.33,8530
2018-10-11 10:40:00-04:00,45.33,45.45,45.33,45.425,6107
2018-10-11 10:45:00-04:00,45.42,45.44,45.36,45.365,8566
2018-10-11 10:50:00-04:00,45.35,45.42,45.34,45.37,7872
2018-10-11 10:55:00-04:00,45.37,45.39,45.33,45.34,5556
2018-10-11 11:00:00-04:00,45.35,45.36,45.215,45.24,10623
2018-10-11 11:05:00-04:00,45.24,45.3,45.24,45.26,8588
2018-10-11 11:10:00-04:00,45.26,45.28,45.22,45.255,18344
2018-10-11 11:15:00-04:00,45.24,45.295,45.22,45.285,9905
2018-10-11 11:20:00-04:00,45.305,45.36,45.27,45.31,4809
2018-10-11 11:25:00-04:00,45.31,45.31,45.25,45.27,8592
2018-10-11 11:30:00-04:00,45.28,45.29,45.23,45.28,8930
2018-10-11 11:35:00-04:00,45.25,45.25,45.16,45.19,8388
2018-10-11 11:40:00-04:00,45.21,45.23,45.16,45.17,5676
2018-10-11 11:45:00-04:00,45.175,45.215,45.11,45.21,7941
2018-10-11 11:50:00-04:00,45.21,45.285,45.17,45.27,6632
2018-10-11 11:55:00-04:00,45.27,45.29,45.26,45.275,4212
2018-10-11 12:00:00-04:00,45.275,45.275,45.21,45.23,6909
2018-10-11 12:05:00-04:00,45.22,45.25,45.18,45.19,5132
2018-10-11 12:10:00-04:00,45.2,45.22,45.18,45.19,5112
2018-10-11 12:15:00-04:00,45.18,45.2,45.16,45.19,4749
2018-10-11 12:20:00-04:00,45.2,45.305,45.2,45.305,5622
2018-10-11 12:25:00-04:00,45.315,45.32,45.3,45.32,6903
2018-10-11 12:30:00-04:00,45.305,45.31,45.28,45.295,4289
2018-10-11 12:35:00-04:00,45.295,45.295,45.245,45.265,6146
2018-10-11 12:40:00-04:00,45.275,45.3,45.26,45.26,7352
2018-10-11 12:45:00-04:00,45.27,45.285,45.205,45.205,3323
2018-10-11 12:50:00-04:00,45.2,45.21,45.16,45.175,5685
2018-10-11 12:55:00-04:00,45.17,45.195,45.15,45.18,8204
2018-10-11 13:00:00-04:00,45.2,45.21,45.16,45.16,5583
2018-10-11 13:05:00-04:00,45.16,45.18,45.14,45.145,4883
2018-10-11 13:10:00-04:00,45.14,45.15,45.12,45.14,5763
2018-10-11 13:15:00-04:00,45.15,45.185,45.14,45.17,4420
2018-10-11 13:20:00-04:00,45.16,45.19,45.155,45.17,6680
2018-10-11 13:25:00-04:00,45.17,45.17,45.13,45.13,3791
2018-10-11 13:30:00-04:00,45.165,45.175,45.13,45.135,6066
2018-10-11 13:35:00-04:00,45.14,45.16,45.12,45.16,5551
2018-10-11 13:40:00-04:00,45.14,45.14,45.1,45.1,5575
2018-10-11 13:45:00-04:00,45.1,45.125,45.08,45.08,5270
2018-10-11 13:50:00-04:00,45.07,45.095,45.05,45.095,11272
2018-10-11 13:55:00-04:00,45.11,45.17,45.1,45.16,2482
2018-10-11 14:00:00-04:00,45.17,45.21,45.16,45.185,4316
2018-10-11 14:05:00-04:00,45.2,45.21,45.15,45.16,3804
2018-10-11 14:10:00-04:00,45.16,45.16,45.055,45.085,7743
2018-10-11 14:15:00-04:00,45.09,45.115,45.05,45.07,5791
2018-10-11 14:20:00-04:00,45.065,45.1,45.01,45.01,9713
2018-10-11 14:25:00-04:00,45.01,45.035,44.99,45.03,6861
2018-10-11 14:30:00-04:00,45.0,45.03,44.97,44.97,6531
2018-10-11 14:35:00-04:00,44.95,44.95,44.82,44.89,9892
2018-10-11 14:40:00-04:00,44.87,44.89,44.66,44.66,9319
2018-10-11 14:45:00-04:00,44.63,44.72,44.505,44.67,15476
2018-10-11 14:50:00-04:00,44.66,44.77,44.64,44.73,13927
2018-10-11 14:55:00-04:00,44.73,44.8,44.675,44.73,15104
2018-10-11 15:00:00-04:00,44.72,44.86,44.7,44.83,17730
2018-10-11 15:05:00-04:00,44.81,44.81,44.7,44.73,13136
2018-10-11 15:10:00-04:00,44.72,44.81,44.66,44.78,12159
2018-10-11 15:15:00-04:00,44.76,45.0,44.75,45.0,23295
2018-10-11 15:20:00-04:00,45.01,45.05,44.92,45.03,16496
2018-10-11 15:25:00-04:00,45.04,45.04,44.93,44.93,16086
2018-10-11 15:30:00-04:00,44.92,44.95,44.87,44.91,22455
2018-10-11 15:35:00-04:00,44.9,44.9,44.77,44.84,32942
2018-10-11 15:40:00-04:00,44.84,44.86,44.76,44.77,28821
2018-10-11 15:45:00-04:00,44.77,44.835,44.655,44.67,30215
2018-10-11 15:50:00-04:00,44.67,44.81,44.66,44.72,43294
2018-10-11 15:55:00-04:00,44.72,44.75,44.63,44.63,91025
2018-10-12 09:20:00-04:00,44.73,44.73,44.73,44.73,209
2018-10-12 09:25:00-04:00,44.51,44.51,44.38,44.38,458
2018-10-12 09:30:00-04:00,44.36,44.57,44.25,44.53,9480
2018-10-12 09:35:00-04:00,44.57,44.62,44.5,44.62,6500
2018-10-12 09:40:00-04:00,44.64,44.67,44.51,44.55,9167
2018-10-12 09:45:00-04:00,44.57,44.67,44.57,44.64,4943
2018-10-12 09:50:00-04:00,44.62,44.69,44.59,44.61,11223
2018-10-12 09:55:00-04:00,44.62,44.67,44.585,44.66,10912
2018-10-12 10:00:00-04:00,44.66,44.74,44.66,44.73,13777
2018-10-12 10:05:00-04:00,44.72,44.775,44.72,44.73,7879
2018-10-12 10:10:00-04:00,44.71,44.72,44.63,44.64,7359
2018-10-12 10:15:00-04:00,44.64,44.655,44.595,44.605,5066
2018-10-12 10:20:00-04:00,44.6,44.615,44.55,44.58,5931
2018-10-12 10:25:00-04:00,44.575,44.66,44.57,44.58,5648
2018-10-12 10:30:00-04:00,44.595,44.62,44.57,44.59,5185
2018-10-12 10:35:00-04:00,44.57,44.645,44.57,44.645,4061
2018-10-12 10:40:00-04:00,44.64,44.685,44.63,44.66,5546
2018-10-12 10:45:00-04:00,44.66,44.72,44.65,44.72,3119
2018-10-12 10:50:00-04:00,44.73,44.79,44.71,44.79,11741
2018-10-12 10:55:00-04:00,44.79,44.8,44.76,44.77,7494
2018-10-12 11:00:00-04:00,44.76,44.795,44.75,44.76,6277
2018-10-12 11:05:00-04:00,44.765,44.8,44.74,44.79,7526
2018-10-12 11:10:00-04:00,44.795,44.875,44.795,44.86,6981
2018-10-12 11:15:00-04:00,44.86,44.865,44.805,44.82,6473
2018-10-12 11:20:00-04:00,44.82,44.85,44.8,44.8,8316
2018-10-12 11:25:00-04:00,44.79,44.8,44.73,44.735,6902
2018-10-12 11:30:00-04:00,44.735,44.76,44.73,44.74,12346
2018-10-12 11:35:00-04:00,44.74,44.775,44.73,44.765,7512
2018-10-12 11:40:00-04:00,44.77,44.77,44.71,44.71,6847
2018-10-12 11:45:00-04:00,44.7,44.71,44.62,44.66,5965
2018-10-12 11:50:00-04:00,44.67,44.67,44.6,44.605,6573
2018-10-12 11:55:00-04:00,44.605,44.65,44.595,44.63,4942
2018-10-12 12:00:00-04:00,44.63,44.63,44.595,44.6,5688
2018-10-12 12:05:00-04:00,44.6,44.605,44.56,44.59,5330
2018-10-12 12:10:00-04:00,44.58,44.6,44.565,44.585,6325
2018-10-12 12:15:00-04:00,44.58,44.58,44.52,44.525,3681
2018-10-12 12:20:00-04:00,44.52,44.53,44.495,44.515,5309
2018-10-12 12:25:00-04:00,44.52,44.52,44.455,44.47,5277
2018-10-12 12:30:00-04:00,44.49,44.54,44.46,44.5,4201
2018-10-12 12:35:00-04:00,44.49,44.49,44.43,44.44,6468
2018-10-12 12:40:00-04:00,44.45,44.48,44.42,44.465,5401
2018-10-12 12:45:00-04:00,44.46,44.505,44.45,44.46,5518
2018-10-12 12:50:00-04:00,44.45,44.47,44.425,44.44,4393
2018-10-12 12:55:00-04:00,44.45,44.47,44.43,44.46,5243
2018-10-12 13:00:00-04:00,44.46,44.49,44.435,44.49,7260
2018-10-12 13:05:00-04:00,44.51,44.57,44.5,44.565,5049
2018-10-12 13:10:00-04:00,44.545,44.65,44.545,44.64,4566
2018-10-12 13:15:00-04:00,44.645,44.67,44.59,44.595,3396
2018-10-12 13:20:00-04:00,44.59,44.62,44.585,44.6,3900
2018-10-12 13:25:00-04:00,44.61,44.615,44.525,44.53,3891
2018-10-12 13:30:00-04:00,44.52,44.52,44.43,44.44,7356
2018-10-12 13:35:00-04:00,44.42,44.42,44.39,44.395,4354
2018-10-12 13:40:00-04:00,44.4,44.42,44.35,44.42,10203
2018-10-12 13:45:00-04:00,44.46,44.51,44.46,44.51,5689
2018-10-12 13:50:00-04:00,44.505,44.52,44.455,44.495,4200
2018-10-12 13:55:00-04:00,44.5,44.51,44.45,44.47,4533
2018-10-12 14:00:00-04:00,44.48,44.48,44.42,44.44,6018
2018-10-12 14:05:00-04:00,44.44,44.48,44.42,44.445,5280
2018-10-12 14:10:00-04:00,44.44,44.44,44.37,44.395,9946
2018-10-12 14:15:00-04:00,44.39,44.5,44.39,44.48,7822
2018-10-12 14:20:00-04:00,44.5,44.51,44.425,44.425,4492
2018-10-12 14:25:00-04:00,44.42,44.47,44.4,44.47,5004
2018-10-12 14:30:00-04:00,44.48,44.48,44.43,44.43,4031
2018-10-12 14:35:00-04:00,44.435,44.45,44.4,44.43,4135
2018-10-12 14:40:00-04:00,44.41,44.42,44.35,44.35,4355
2018-10-12 14:45:00-04:00,44.35,44.38,44.35,44.375,5477
2018-10-12 14:50:00-04:00,44.41,44.49,44.41,44.48,5912
2018-10-12 14:55:00-04:00,44.48,44.56,44.48,44.54,5742
2018-10-12 15:00:00-04:00,44.54,44.56,44.48,44.52,5833
2018-10-12 15:05:00-04:00,44.55,44.6,44.52,44.58,8135
2018-10-12 15:10:00-04:00,44.59,44.63,44.57,44.57,7312
2018-10-12 15:15:00-04:00,44.58,44.6,44.57,44.6,12760
2018-10-12 15:20:00-04:00,44.63,44.64,44.61,44.64,15079
2018-10-12 15:25:00-04:00,44.65,44.75,44.65,44.74,8938
2018-10-12 15:30:00-04:00,44.73,44.73,44.68,44.71,11881
2018-10-12 15:35:00-04:00,44.7,44.7,44.64,44.66,14432
2018-10-12 15:40:00-04:00,44.68,44.72,44.66,44.71,15665
2018-10-12 15:45:00-04:00,44.72,44.755,44.67,44.72,14483
2018-10-12 15:50:00-04:00,44.72,44.78,44.715,44.74,18426
2018-10-12 15:55:00-04:00,44.74,44.81,44.65,44.66,64569
2018-10-15 09:30:00-04:00,44.67,44.83,44.59,44.74,5962
2018-10-15 09:35:00-04:00,44.77,44.92,44.77,44.92,7142
2018-10-15 09:40:00-04:00,44.88,44.88,44.77,44.77,5568
2018-10-15 09:45:00-04:00,44.78,44.88,44.77,44.88,4044
2018-10-15 09:50:00-04:00,44.87,44.88,44.83,44.84,5031
2018-10-15 09:55:00-04:00,44.86,44.885,44.85,44.87,6678
2018-10-15 10:00:00-04:00,44.88,44.91,44.83,44.83,6177
2018-10-15 10:05:00-04:00,44.81,44.86,44.81,44.835,5223
2018-10-15 10:10:00-04:00,44.845,44.855,44.8,44.83,4595
2018-10-15 10:15:00-04:00,44.87,44.93,44.86,44.93,6005
2018-10-15 10:20:00-04:00,44.925,44.93,44.9,44.91,3945
2018-10-15 10:25:00-04:00,44.9,44.915,44.88,44.895,5448
2018-10-15 10:30:00-04:00,44.89,44.97,44.89,44.97,4908
2018-10-15 10:35:00-04:00,44.975,45.05,44.97,45.04,7624
2018-10-15 10:40:00-04:00,45.045,45.08,45.04,45.06,8578
2018-10-15 10:45:00-04:00,45.05,45.08,44.995,44.995,3339
2018-10-15 10:50:00-04:00,44.995,45.06,44.99,45.04,5413
2018-10-15 10:55:00-04:00,45.03,45.05,45.015,45.02,3586
2018-10-15 11:00:00-04:00,45.03,45.03,44.99,45.005,6542
2018-10-15 11:05:00-04:00,45.01,45.01,44.93,44.93,10331
2018-10-15 11:10:00-04:00,44.935,44.935,44.89,44.89,2531
2018-10-15 11:15:00-04:00,44.885,44.95,44.88,44.88,4878
2018-10-15 11:20:00-04:00,44.91,44.91,44.865,44.905,4968
2018-10-15 11:25:00-04:00,44.9,44.97,44.89,44.97,5612
2018-10-15 11:30:00-04:00,44.99,45.05,44.99,45.03,4084
2018-10-15 11:35:00-04:00,45.02,45.045,45.02,45.02,1954
2018-10-15 11:40:00-04:00,45.02,45.02,44.97,44.97,2655
2018-10-15 11:45:00-04:00,44.97,44.995,44.955,44.995,1811
2018-10-15 11:50:00-04:00,44.99,44.995,44.925,44.93,3118
2018-10-15 11:55:00-04:00,44.95,44.95,44.9,44.9,2394
2018-10-15 12:00:00-04:00,44.88,44.885,44.825,44.855,2932
2018-10-15 12:05:00-04:00,44.84,44.87,44.82,44.84,4368
2018-10-15 12:10:00-04:00,44.84,44.845,44.82,44.84,3141
2018-10-15 12:15:00-04:00,44.845,44.915,44.845,44.91,5907
2018-10-15 12:20:00-04:00,44.92,44.955,44.92,44.95,4127
2018-10-15 12:25:00-04:00,44.94,44.96,44.925,44.945,2003
2018-10-15 12:30:00-04:00,44.95,44.985,44.94,44.96,3954
2018-10-15 12:35:00-04:00,44.965,45.025,44.965,45.02,2740
2018-10-15 12:40:00-04:00,45.02,45.065,45.01,45.065,7363
2018-10-15 12:45:00-04:00,45.07,45.12,45.05,45.105,5816
2018-10-15 12:50:00-04:00,45.105,45.18,45.105,45.18,5339
2018-10-15 12:55:00-04:00,45.175,45.18,45.15,45.165,6035
2018-10-15 13:00:00-04:00,45.145,45.18,45.14,45.18,2991
2018-10-15 13:05:00-04:00,45.175,45.22,45.155,45.22,7937
2018-10-15 13:10:00-04:00,45.22,45.23,45.19,45.205,8616
2018-10-15 13:15:00-04:00,45.2,45.26,45.2,45.26,4785
2018-10-15 13:20:00-04:00,45.25,45.25,45.205,45.22,7013
2018-10-15 13:25:00-04:00,45.23,45.235,45.19,45.19,6016
2018-10-15 13:30:00-04:00,45.185,45.245,45.165,45.245,27395
2018-10-15 13:35:00-04:00,45.24,45.255,45.215,45.22,3161
2018-10-15 13:40:00-04:00,45.22,45.245,45.2,45.24,9864
2018-10-15 13:45:00-04:00,45.25,45.26,45.19,45.2,7321
2018-10-15 13:50:00-04:00,45.195,45.195,45.145,45.16,5296
2018-10-15 13:55:00-04:00,45.175,45.235,45.175,45.195,4293
2018-10-15 14:00:00-04:00,45.19,45.19,45.15,45.17,4206
2018-10-15 14:05:00-04:00,45.16,45.16,45.11,45.11,5905
2018-10-15 14:10:00-04:00,45.13,45.13,45.06,45.07,5416
2018-10-15 14:15:00-04:00,45.07,45.08,45.04,45.05,4070
2018-10-15 14:20:00-04:00,45.045,45.09,45.045,45.07,4636
2018-10-15 14:25:00-04:00,45.08,45.08,45.035,45.05,7083
2018-10-15 14:30:00-04:00,45.05,45.06,45.04,45.06,4610
2018-10-15 14:35:00-04:00,45.05,45.105,45.05,45.1,10581
2018-10-15 14:40:00-04:00,45.105,45.145,45.105,45.14,3905
2018-10-15 14:45:00-04:00,45.14,45.17,45.115,45.17,4585
2018-10-15 14:50:00-04:00,45.19,45.215,45.17,45.2,5700
2018-10-15 14:55:00-04:00,45.19,45.19,45.16,45.17,3866
2018-10-15 15:00:00-04:00,45.17,45.17,45.11,45.11,6982
2018-10-15 15:05:00-04:00,45.11,45.12,45.04,45.06,5083
2018-10-15 15:10:00-04:00,45.06,45.08,45.04,45.04,6342
2018-10-15 15:15:00-04:00,45.05,45.07,45.02,45.04,8560
2018-10-15 15:20:00-04:00,45.04,45.08,45.03,45.05,6341
2018-10-15 15:25:00-04:00,45.055,45.08,45.045,45.06,6795
2018-10-15 15:30:00-04:00,45.05,45.085,45.0,45.02,8556
2018-10-15 15:35:00-04:00,45.02,45.03,44.99,45.02,10647
2018-10-15 15:40:00-04:00,45.015,45.05,45.01,45.035,12364
2018-10-15 15:45:00-04:00,45.03,45.07,45.0,45.045,22533
2018-10-15 15:50:00-04:00,45.025,45.04,44.985,45.005,28191
2018-10-15 15:55:00-04:00,45.0,45.02,44.92,44.93,124279
2018-10-16 09:30:00-04:00,45.035,45.135,44.88,45.135,13794
2018-10-16 09:35:00-04:00,45.13,45.17,45.08,45.155,15323
2018-10-16 09:40:00-04:00,45.17,45.25,45.12,45.25,7058
2018-10-16 09:45:00-04:00,45.25,45.27,45.24,45.25,8374
2018-10-16 09:50:00-04:00,45.25,45.27,45.21,45.27,8827
2018-10-16 09:55:00-04:00,45.27,45.305,45.26,45.275,8546
2018-10-16 10:00:00-04:00,45.31,45.4,45.3,45.39,12520
2018-10-16 10:05:00-04:00,45.4,45.42,45.39,45.4,9053
2018-10-16 10:10:00-04:00,45.4,45.43,45.39,45.395,13068
2018-10-16 10:15:00-04:00,45.395,45.48,45.39,45.45,16585
2018-10-16 10:20:00-04:00,45.42,45.43,45.39,45.41,7232
2018-10-16 10:25:00-04:00,45.42,45.445,45.37,45.38,6937
2018-10-16 10:30:00-04:00,45.38,45.38,45.305,45.38,6968
2018-10-16 10:35:00-04:00,45.37,45.38,45.35,45.36,3598
2018-10-16 10:40:00-04:00,45.36,45.37,45.3,45.37,5480
2018-10-16 10:45:00-04:00,45.37,45.385,45.345,45.345,7116
2018-10-16 10:50:00-04:00,45.33,45.35,45.32,45.33,6937
2018-10-16 10:55:00-04:00,45.32,45.36,45.31,45.35,3235
2018-10-16 11:00:00-04:00,45.34,45.365,45.315,45.325,4277
2018-10-16 11:05:00-04:00,45.31,45.315,45.275,45.305,4579
2018-10-16 11:10:00-04:00,45.31,45.35,45.31,45.32,6966
2018-10-16 11:15:00-04:00,45.32,45.32,45.285,45.305,5088
2018-10-16 11:20:00-04:00,45.31,45.32,45.295,45.295,5092
2018-10-16 11:25:00-04:00,45.295,45.33,45.295,45.31,4092
2018-10-16 11:30:00-04:00,45.32,45.33,45.275,45.275,3871
2018-10-16 11:35:00-04:00,45.29,45.32,45.29,45.315,6195
2018-10-16 11:40:00-04:00,45.33,45.355,45.3,45.32,3550
2018-10-16 11:45:00-04:00,45.32,45.32,45.26,45.26,4018
2018-10-16 11:50:00-04:00,45.27,45.275,45.22,45.25,4696
2018-10-16 11:55:00-04:00,45.255,45.28,45.255,45.28,4219
2018-10-16 12:00:00-04:00,45.285,45.32,45.27,45.305,5708
2018-10-16 12:05:00-04:00,45.32,45.34,45.31,45.32,4110
2018-10-16 12:10:00-04:00,45.33,45.355,45.33,45.34,9770
2018-10-16 12:15:00-04:00,45.35,45.35,45.295,45.31,4613
2018-10-16 12:20:00-04:00,45.295,45.31,45.26,45.265,14495
2018-10-16 12:25:00-04:00,45.265,45.275,45.26,45.265,9003
2018-10-16 12:30:00-04:00,45.26,45.28,45.26,45.28,6260
2018-10-16 12:35:00-04:00,45.31,45.325,45.31,45.32,4739
2018-10-16 12:40:00-04:00,45.3,45.315,45.3,45.3,13030
2018-10-16 12:45:00-04:00,45.3,45.31,45.29,45.31,5173
2018-10-16 12:50:00-04:00,45.3,45.305,45.285,45.29,25703
2018-10-16 12:55:00-04:00,45.295,45.295,45.27,45.27,6252
2018-10-16 13:00:00-04:00,45.27,45.27,45.24,45.25,4166
2018-10-16 13:05:00-04:00,45.25,45.275,45.24,45.255,4671
2018-10-16 13:10:00-04:00,45.265,45.275,45.26,45.27,3239
2018-10-16 13:15:00-04:00,45.27,45.28,45.27,45.28,2328
2018-10-16 13:20:00-04:00,45.27,45.285,45.26,45.28,7257
2018-10-16 13:25:00-04:00,45.28,45.285,45.265,45.285,8400
2018-10-16 13:30:00-04:00,45.285,45.295,45.19,45.22,24825
2018-10-16 13:35:00-04:00,45.23,45.26,45.205,45.24,6920
2018-10-16 13:40:00-04:00,45.25,45.285,45.24,45.27,7552
2018-10-16 13:45:00-04:00,45.27,45.285,45.27,45.28,11611
2018-10-16 13:50:00-04:00,45.28,45.305,45.28,45.295,13685
2018-10-16 13:55:00-04:00,45.31,45.315,45.25,45.27,10968
2018-10-16 14:00:00-04:00,45.275,45.3,45.27,45.3,4762
2018-10-16 14:05:00-04:00,45.305,45.365,45.305,45.36,10917
2018-10-16 14:10:00-04:00,45.37,45.4,45.37,45.38,9414
2018-10-16 14:15:00-04:00,45.39,45.41,45.365,45.395,12809
2018-10-16 14:20:00-04:00,45.395,45.4,45.37,45.38,15069
2018-10-16 14:25:00-04:00,45.385,45.415,45.385,45.415,6519
2018-10-16 14:30:00-04:00,45.415,45.44,45.4,45.43,20509
2018-10-16 14:35:00-04:00,45.425,45.44,45.415,45.415,12536
2018-10-16 14:40:00-04:00,45.415,45.415,45.385,45.41,12928
2018-10-16 14:45:00-04:00,45.415,45.46,45.4,45.435,10145
2018-10-16 14:50:00-04:00,45.435,45.435,45.38,45.4,13324
2018-10-16 14:55:00-04:00,45.4,45.42,45.365,45.37,12693
2018-10-16 15:00:00-04:00,45.375,45.375,45.35,45.35,12644
2018-10-16 15:05:00-04:00,45.35,45.37,45.335,45.36,5601
2018-10-16 15:10:00-04:00,45.36,45.4,45.35,45.4,12414
2018-10-16 15:15:00-04:00,45.405,45.44,45.4,45.44,22379
2018-10-16 15:20:00-04:00,45.43,45.44,45.4,45.405,24206
2018-10-16 15:25:00-04:00,45.405,45.405,45.37,45.375,14725
2018-10-16 15:30:00-04:00,45.37,45.39,45.335,45.365,35465
2018-10-16 15:35:00-04:00,45.37,45.39,45.37,45.39,85112
2018-10-16 15:40:00-04:00,45.39,45.54,45.385,45.53,27070
2018-10-16 15:45:00-04:00,45.54,45.595,45.54,45.58,39165
2018-10-16 15:50:00-04:00,45.58,45.585,45.52,45.52,44654
2018-10-16 15:55:00-04:00,45.525,45.54,45.42,45.47,83489
2018-10-17 09:30:00-04:00,45.36,45.54,45.36,45.54,29303
2018-10-17 09:35:00-04:00,45.53,45.66,45.525,45.655,6523
2018-10-17 09:40:00-04:00,45.7,45.73,45.625,45.64,7115
2018-10-17 09:45:00-04:00,45.65,45.72,45.65,45.69,3259
2018-10-17 09:50:00-04:00,45.69,45.7,45.62,45.62,4404
2018-10-17 09:55:00-04:00,45.61,45.62,45.58,45.59,6281
2018-10-17 10:00:00-04:00,45.58,45.615,45.555,45.6,3276
2018-10-17 10:05:00-04:00,45.59,45.615,45.52,45.52,6707
2018-10-17 10:10:00-04:00,45.535,45.555,45.51,45.51,4430
2018-10-17 10:15:00-04:00,45.51,45.53,45.48,45.5,5739
2018-10-17 10:20:00-04:00,45.49,45.55,45.48,45.51,4207
2018-10-17 10:25:00-04:00,45.52,45.54,45.5,45.5,4684
2018-10-17 10:30:00-04:00,45.49,45.56,45.49,45.56,4163
2018-10-17 10:35:00-04:00,45.53,45.55,45.52,45.54,5119
2018-10-17 10:40:00-04:00,45.54,45.54,45.49,45.5,6569
2018-10-17 10:45:00-04:00,45.5,45.515,45.455,45.47,3762
2018-10-17 10:50:00-04:00,45.46,45.46,45.4,45.42,8475
2018-10-17 10:55:00-04:00,45.43,45.44,45.39,45.44,5871
2018-10-17 11:00:00-04:00,45.44,45.44,45.395,45.425,8183
2018-10-17 11:05:00-04:00,45.425,45.49,45.42,45.49,11538
2018-10-17 11:10:00-04:00,45.5,45.505,45.485,45.495,9297
2018-10-17 11:15:00-04:00,45.495,45.495,45.435,45.44,6454
2018-10-17 11:20:00-04:00,45.44,45.465,45.43,45.45,4234
2018-10-17 11:25:00-04:00,45.45,45.515,45.45,45.51,4733
2018-10-17 11:30:00-04:00,45.52,45.53,45.495,45.5,5350
2018-10-17 11:35:00-04:00,45.51,45.51,45.49,45.5,4953
2018-10-17 11:40:00-04:00,45.5,45.6,45.5,45.6,12402
2018-10-17 11:45:00-04:00,45.61,45.67,45.59,45.66,3021
2018-10-17 11:50:00-04:00,45.67,45.69,45.62,45.63,4526
2018-10-17 11:55:00-04:00,45.62,45.71,45.615,45.7,10067
2018-10-17 12:00:00-04:00,45.72,45.74,45.695,45.7,6341
2018-10-17 12:05:00-04:00,45.695,45.71,45.68,45.69,6959
2018-10-17 12:10:00-04:00,45.69,45.73,45.68,45.73,8681
2018-10-17 12:15:00-04:00,45.74,45.75,45.725,45.735,5215
2018-10-17 12:20:00-04:00,45.73,45.73,45.71,45.73,9058
2018-10-17 12:25:00-04:00,45.74,45.795,45.74,45.795,4354
2018-10-17 12:30:00-04:00,45.79,45.825,45.79,45.8,6451
2018-10-17 12:35:00-04:00,45.805,45.82,45.8,45.81,2655
2018-10-17 12:40:00-04:00,45.815,45.85,45.815,45.815,5241
2018-10-17 12:45:00-04:00,45.815,45.83,45.79,45.79,5683
2018-10-17 12:50:00-04:00,45.78,45.81,45.71,45.8,10548
2018-10-17 12:55:00-04:00,45.805,45.82,45.79,45.79,2123
2018-10-17 13:00:00-04:00,45.795,45.865,45.79,45.86,3406
2018-10-17 13:05:00-04:00,45.86,45.93,45.86,45.9,4726
2018-10-17 13:10:00-04:00,45.9,45.915,45.835,45.84,5431
2018-10-17 13:15:00-04:00,45.84,45.86,45.825,45.86,7239
2018-10-17 13:20:00-04:00,45.86,45.925,45.86,45.91,5912
2018-10-17 13:25:00-04:00,45.91,45.92,45.875,45.9,3498
2018-10-17 13:30:00-04:00,45.91,45.925,45.885,45.91,11272
2018-10-17 13:35:00-04:00,45.91,45.925,45.89,45.92,5426
2018-10-17 13:40:00-04:00,45.925,45.94,45.915,45.93,4541
2018-10-17 13:45:00-04:00,45.925,45.94,45.9,45.9,6246
2018-10-17 13:50:00-04:00,45.9,45.93,45.89,45.9,4182
2018-10-17 13:55:00-04:00,45.88,45.885,45.84,45.86,3062
2018-10-17 14:00:00-04:00,45.87,45.87,45.81,45.85,5628
2018-10-17 14:05:00-04:00,45.85,45.94,45.85,45.93,7199
2018-10-17 14:10:00-04:00,45.925,45.925,45.85,45.87,6939
2018-10-17 14:15:00-04:00,45.86,45.885,45.845,45.885,5335
2018-10-17 14:20:00-04:00,45.88,45.88,45.785,45.83,6900
2018-10-17 14:25:00-04:00,45.825,45.855,45.82,45.825,6245
2018-10-17 14:30:00-04:00,45.82,45.85,45.8,45.8,6311
2018-10-17 14:35:00-04:00,45.805,45.825,45.78,45.81,3199
2018-10-17 14:40:00-04:00,45.81,45.87,45.81,45.86,4808
2018-10-17 14:45:00-04:00,45.85,45.875,45.845,45.87,4367
2018-10-17 14:50:00-04:00,45.875,45.96,45.86,45.95,7842
2018-10-17 14:55:00-04:00,45.96,45.99,45.945,45.95,8805
2018-10-17 15:00:00-04:00,45.93,45.94,45.87,45.89,9036
2018-10-17 15:05:00-04:00,45.89,45.9,45.845,45.875,13630
2018-10-17 15:10:00-04:00,45.87,45.89,45.855,45.86,9191
2018-10-17 15:15:00-04:00,45.855,45.87,45.8,45.805,8896
2018-10-17 15:20:00-04:00,45.805,45.84,45.79,45.84,7310
2018-10-17 15:25:00-04:00,45.85,45.875,45.85,45.87,9659
2018-10-17 15:30:00-04:00,45.87,45.875,45.76,45.8,39178
2018-10-17 15:35:00-04:00,45.8,45.83,45.78,45.79,15564
2018-10-17 15:40:00-04:00,45.78,45.795,45.74,45.76,16102
2018-10-17 15:45:00-04:00,45.75,45.815,45.74,45.815,19714
2018-10-17 15:50:00-04:00,45.81,45.86,45.795,45.85,15735
2018-10-17 15:55:00-04:00,45.845,45.88,45.83,45.86,70040
2018-10-18 09:30:00-04:00,45.87,45.89,45.725,45.79,8278
2018-10-18 09:35:00-04:00,45.76,45.81,45.72,45.72,11290
2018-10-18 09:40:00-04:00,45.73,45.87,45.73,45.87,8476
2018-10-18 09:45:00-04:00,45.85,45.88,45.79,45.82,7053
2018-10-18 09:50:00-04:00,45.82,45.89,45.82,45.855,8576
2018-10-18 09:55:00-04:00,45.85,45.875,45.83,45.845,10728
2018-10-18 10:00:00-04:00,45.84,45.855,45.8,45.83,6949
2018-10-18 10:05:00-04:00,45.82,45.85,45.79,45.79,8966
2018-10-18 10:10:00-04:00,45.785,45.82,45.78,45.79,12370
2018-10-18 10:15:00-04:00,45.79,45.88,45.79,45.86,5599
2018-10-18 10:20:00-04:00,45.87,45.92,45.87,45.91,5432
2018-10-18 10:25:00-04:00,45.92,45.94,45.9,45.93,1952
2018-10-18 10:30:00-04:00,45.93,45.99,45.91,45.98,5406
2018-10-18 10:35:00-04:00,45.99,46.025,45.98,46.025,5249
2018-10-18 10:40:00-04:00,46.02,46.03,46.0,46.02,6526
2018-10-18 10:45:00-04:00,46.02,46.02,46.0,46.01,3690
2018-10-18 10:50:00-04:00,46.02,46.03,46.0,46.01,7536
2018-10-18 10:55:00-04:00,46.0,46.07,46.0,46.07,5224
2018-10-18 11:00:00-04:00,46.07,46.075,45.98,45.98,7100
2018-10-18 11:05:00-04:00,45.96,45.97,45.89,45.9,4793
2018-10-18 11:10:00-04:00,45.91,45.91,45.87,45.88,10372
2018-10-18 11:15:00-04:00,45.89,45.89,45.85,45.875,2829
2018-10-18 11:20:00-04:00,45.88,45.94,45.88,45.91,4479
2018-10-18 11:25:00-04:00,45.9,45.95,45.88,45.9,1637
2018-10-18 11:30:00-04:00,45.88,45.9,45.77,45.77,2795
2018-10-18 11:35:00-04:00,45.77,45.77,45.72,45.74,1646
2018-10-18 11:40:00-04:00,45.74,45.75,45.7,45.71,4067
2018-10-18 11:45:00-04:00,45.69,45.69,45.62,45.69,5354
2018-10-18 11:50:00-04:00,45.7,45.71,45.63,45.71,3707
2018-10-18 11:55:00-04:00,45.71,45.76,45.68,45.7,8917
2018-10-18 12:00:00-04:00,45.695,45.71,45.66,45.67,2957
2018-10-18 12:05:00-04:00,45.66,45.71,45.66,45.66,2811
2018-10-18 12:10:00-04:00,45.69,45.7,45.675,45.68,1421
2018-10-18 12:15:00-04:00,45.66,45.67,45.6,45.6,3255
2018-10-18 12:20:00-04:00,45.63,45.71,45.63,45.7,3420
2018-10-18 12:25:00-04:00,45.71,45.71,45.69,45.695,2573
2018-10-18 12:30:00-04:00,45.695,45.695,45.65,45.68,3504
2018-10-18 12:35:00-04:00,45.68,45.72,45.67,45.72,3394
2018-10-18 12:40:00-04:00,45.715,45.81,45.71,45.81,3238
2018-10-18 12:45:00-04:00,45.81,45.81,45.8,45.8,1800
2018-10-18 12:50:00-04:00,45.8,45.8,45.76,45.76,2035
2018-10-18 12:55:00-04:00,45.78,45.78,45.77,45.77,1466
2018-10-18 13:00:00-04:00,45.75,45.77,45.73,45.73,2091
2018-10-18 13:05:00-04:00,45.72,45.72,45.68,45.69,3400
2018-10-18 13:10:00-04:00,45.69,45.72,45.69,45.7,3094
2018-10-18 13:15:00-04:00,45.68,45.69,45.62,45.63,7160
2018-10-18 13:20:00-04:00,45.65,45.68,45.635,45.64,4097
2018-10-18 13:25:00-04:00,45.63,45.65,45.61,45.645,4184
2018-10-18 13:30:00-04:00,45.64,45.68,45.6,45.66,17033
2018-10-18 13:35:00-04:00,45.64,45.65,45.61,45.64,3701
2018-10-18 13:40:00-04:00,45.63,45.63,45.555,45.57,6949
2018-10-18 13:45:00-04:00,45.57,45.64,45.57,45.62,5112
2018-10-18 13:50:00-04:00,45.64,45.65,45.53,45.55,2900
2018-10-18 13:55:00-04:00,45.56,45.58,45.48,45.48,7095
2018-10-18 14:00:00-04:00,45.46,45.54,45.46,45.49,5821
2018-10-18 14:05:00-04:00,45.5,45.6,45.5,45.56,1803
2018-10-18 14:10:00-04:00,45.54,45.57,45.52,45.54,2596
2018-10-18 14:15:00-04:00,45.53,45.55,45.52,45.53,3084
2018-10-18 14:20:00-04:00,45.52,45.63,45.5,45.63,4540
2018-10-18 14:25:00-04:00,45.61,45.63,45.57,45.59,3716
2018-10-18 14:30:00-04:00,45.56,45.59,45.54,45.59,3320
2018-10-18 14:35:00-04:00,45.57,45.63,45.53,45.55,4054
2018-10-18 14:40:00-04:00,45.54,45.61,45.54,45.59,4156
2018-10-18 14:45:00-04:00,45.61,45.655,45.61,45.64,4944
2018-10-18 14:50:00-04:00,45.645,45.7,45.64,45.68,7458
2018-10-18 14:55:00-04:00,45.66,45.665,45.63,45.65,5301
2018-10-18 15:00:00-04:00,45.66,45.67,45.625,45.63,12170
2018-10-18 15:05:00-04:00,45.62,45.625,45.55,45.56,6978
2018-10-18 15:10:00-04:00,45.555,45.555,45.49,45.5,5412
2018-10-18 15:15:00-04:00,45.51,45.58,45.51,45.55,7810
2018-10-18 15:20:00-04:00,45.54,45.615,45.54,45.615,5408
2018-10-18 15:25:00-04:00,45.61,45.62,45.58,45.6,4856
2018-10-18 15:30:00-04:00,45.59,45.66,45.58,45.61,15010
2018-10-18 15:35:00-04:00,45.61,45.71,45.6,45.7,9773
2018-10-18 15:40:00-04:00,45.71,45.755,45.61,45.61,12110
2018-10-18 15:45:00-04:00,45.61,45.68,45.61,45.66,10189
2018-10-18 15:50:00-04:00,45.65,45.65,45.59,45.615,12848
2018-10-18 15:55:00-04:00,45.62,45.64,45.55,45.64,51350
2018-10-19 09:30:00-04:00,45.88,46.09,45.88,45.915,5751
2018-10-19 09:35:00-04:00,45.93,46.07,45.92,45.96,17609
2018-10-19 09:40:00-04:00,45.95,45.99,45.94,45.94,8971
2018-10-19 09:45:00-04:00,45.95,46.11,45.95,46.04,13022
2018-10-19 09:50:00-04:00,46.05,46.1,46.04,46.055,17172
2018-10-19 09:55:00-04:00,46.04,46.04,45.96,45.985,12272
2018-10-19 10:00:00-04:00,45.98,46.05,45.98,46.045,14725
2018-10-19 10:05:00-04:00,46.085,46.16,46.085,46.16,4765
2018-10-19 10:10:00-04:00,46.17,46.18,46.07,46.08,11724
2018-10-19 10:15:00-04:00,46.09,46.15,46.09,46.15,9183
2018-10-19 10:20:00-04:00,46.15,46.19,46.14,46.14,6485
2018-10-19 10:25:00-04:00,46.135,46.18,46.135,46.16,3948
2018-10-19 10:30:00-04:00,46.145,46.2,46.11,46.2,6753
2018-10-19 10:35:00-04:00,46.195,46.21,46.1,46.1,5621
2018-10-19 10:40:00-04:00,46.095,46.16,46.095,46.155,7125
2018-10-19 10:45:00-04:00,46.15,46.16,46.11,46.13,6326
2018-10-19 10:50:00-04:00,46.13,46.13,46.085,46.11,4946
2018-10-19 10:55:00-04:00,46.12,46.13,46.09,46.13,6845
2018-10-19 11:00:00-04:00,46.15,46.17,46.13,46.13,7437
2018-10-19 11:05:00-04:00,46.12,46.12,46.07,46.1,3673
2018-10-19 11:10:00-04:00,46.11,46.13,46.09,46.11,3262
2018-10-19 11:15:00-04:00,46.11,46.145,46.11,46.14,4131
2018-10-19 11:20:00-04:00,46.14,46.14,46.08,46.1,3314
2018-10-19 11:25:00-04:00,46.09,46.09,46.06,46.07,2265
2018-10-19 11:30:00-04:00,46.06,46.06,46.03,46.06,6380
2018-10-19 11:35:00-04:00,46.07,46.09,46.06,46.09,3822
2018-10-19 11:40:00-04:00,46.09,46.13,46.08,46.13,3667
2018-10-19 11:45:00-04:00,46.13,46.14,46.09,46.1,3353
2018-10-19 11:50:00-04:00,46.09,46.1,46.07,46.09,5754
2018-10-19 11:55:00-04:00,46.09,46.17,46.09,46.17,6909
2018-10-19 12:00:00-04:00,46.18,46.18,46.15,46.16,2359
2018-10-19 12:05:00-04:00,46.16,46.21,46.16,46.2,5399
2018-10-19 12:10:00-04:00,46.19,46.2,46.18,46.2,1900
2018-10-19 12:15:00-04:00,46.2,46.2,46.17,46.19,4324
2018-10-19 12:20:00-04:00,46.2,46.21,46.175,46.2,2801
2018-10-19 12:25:00-04:00,46.19,46.22,46.17,46.19,3602
2018-10-19 12:30:00-04:00,46.19,46.21,46.14,46.14,3264
2018-10-19 12:35:00-04:00,46.16,46.22,46.16,46.22,6587
2018-10-19 12:40:00-04:00,46.2,46.24,46.19,46.24,3428
2018-10-19 12:45:00-04:00,46.24,46.25,46.215,46.24,4555
2018-10-19 12:50:00-04:00,46.23,46.23,46.2,46.2,3299
2018-10-19 12:55:00-04:00,46.22,46.23,46.2,46.21,3475
2018-10-19 13:00:00-04:00,46.2,46.2,46.18,46.2,83300
2018-10-19 13:05:00-04:00,46.21,46.22,46.18,46.2,3718
2018-10-19 13:10:00-04:00,46.21,46.28,46.21,46.28,4780
2018-10-19 13:15:00-04:00,46.28,46.32,46.28,46.29,2489
2018-10-19 13:20:00-04:00,46.29,46.3,46.28,46.3,3206
2018-10-19 13:25:00-04:00,46.3,46.34,46.295,46.34,3982
2018-10-19 13:30:00-04:00,46.34,46.35,46.32,46.325,4427
2018-10-19 13:35:00-04:00,46.32,46.32,46.3,46.3,3486
2018-10-19 13:40:00-04:00,46.3,46.32,46.24,46.25,7158
2018-10-19 13:45:00-04:00,46.26,46.29,46.26,46.29,3294
2018-10-19 13:50:00-04:00,46.29,46.31,46.27,46.28,131376
2018-10-19 13:55:00-04:00,46.28,46.28,46.26,46.27,1974
2018-10-19 14:00:00-04:00,46.27,46.315,46.255,46.28,13707
2018-10-19 14:05:00-04:00,46.275,46.305,46.24,46.29,40120
2018-10-19 14:10:00-04:00,46.28,46.31,46.28,46.31,3563
2018-10-19 14:15:00-04:00,46.3,46.33,46.29,46.3,4945
2018-10-19 14:20:00-04:00,46.305,46.39,46.3,46.385,5278
2018-10-19 14:25:00-04:00,46.39,46.42,46.37,46.4,2779
2018-10-19 14:30:00-04:00,46.39,46.42,46.39,46.39,5996
2018-10-19 14:35:00-04:00,46.395,46.435,46.39,46.39,4192
2018-10-19 14:40:00-04:00,46.38,46.38,46.335,46.335,3215
2018-10-19 14:45:00-04:00,46.345,46.42,46.345,46.42,4907
2018-10-19 14:50:00-04:00,46.43,46.43,46.385,46.41,9089
2018-10-19 14:55:00-04:00,46.42,46.46,46.42,46.425,4600
2018-10-19 15:00:00-04:00,46.42,46.42,46.35,46.35,3718
2018-10-19 15:05:00-04:00,46.355,46.365,46.32,46.33,4426
2018-10-19 15:10:00-04:00,46.34,46.36,46.33,46.35,6760
2018-10-19 15:15:00-04:00,46.35,46.37,46.31,46.37,9651
2018-10-19 15:20:00-04:00,46.36,46.37,46.345,46.36,5887
2018-10-19 15:25:00-04:00,46.36,46.46,46.36,46.46,13428
2018-10-19 15:30:00-04:00,46.45,46.48,46.44,46.47,8904
2018-10-19 15:35:00-04:00,46.48,46.49,46.4,46.4,15333
2018-10-19 15:40:00-04:00,46.39,46.44,46.36,46.44,18646
2018-10-19 15:45:00-04:00,46.45,46.475,46.38,46.39,22912
2018-10-19 15:50:00-04:00,46.39,46.43,46.38,46.39,31985
2018-10-19 15:55:00-04:00,46.385,46.385,46.31,46.335,90238
2018-10-22 09:30:00-04:00,46.35,46.44,46.27,46.36,7835
2018-10-22 09:35:00-04:00,46.365,46.41,46.28,46.37,12335
2018-10-22 09:40:00-04:00,46.365,46.43,46.345,46.35,15029
2018-10-22 09:45:00-04:00,46.37,46.37,46.27,46.295,6715
2018-10-22 09:50:00-04:00,46.295,46.295,46.16,46.16,9019
2018-10-22 09:55:00-04:00,46.16,46.21,46.09,46.12,10243
2018-10-22 10:00:00-04:00,46.12,46.13,46.08,46.09,11141
2018-10-22 10:05:00-04:00,46.09,46.1,46.07,46.08,9775
2018-10-22 10:10:00-04:00,46.07,46.13,46.05,46.055,11642
2018-10-22 10:15:00-04:00,46.05,46.05,45.95,45.95,8234
2018-10-22 10:20:00-04:00,45.945,46.0,45.925,45.99,10577
2018-10-22 10:25:00-04:00,46.0,46.0,45.915,45.95,20102
2018-10-22 10:30:00-04:00,45.93,45.93,45.835,45.9,12375
2018-10-22 10:35:00-04:00,45.89,45.91,45.845,45.845,6951
2018-10-22 10:40:00-04:00,45.84,45.88,45.81,45.82,9688
2018-10-22 10:45:00-04:00,45.82,45.91,45.82,45.91,13486
2018-10-22 10:50:00-04:00,45.93,46.02,45.93,45.96,7393
2018-10-22 10:55:00-04:00,45.95,46.01,45.935,46.01,6308
2018-10-22 11:00:00-04:00,46.01,46.02,45.985,45.99,5837
2018-10-22 11:05:00-04:00,45.995,46.02,45.995,46.015,3630
2018-10-22 11:10:00-04:00,46.0,46.005,45.955,46.0,11685
2018-10-22 11:15:00-04:00,46.0,46.03,45.965,45.97,5619
2018-10-22 11:20:00-04:00,45.97,45.97,45.945,45.96,6993
2018-10-22 11:25:00-04:00,45.99,46.04,45.98,45.995,10682
2018-10-22 11:30:00-04:00,45.99,46.04,45.99,46.04,64156
2018-10-22 11:35:00-04:00,46.03,46.04,45.96,45.99,7850
2018-10-22 11:40:00-04:00,46.0,46.04,45.99,46.005,6150
2018-10-22 11:45:00-04:00,46.0,46.02,46.0,46.01,6900
2018-10-22 11:50:00-04:00,46.015,46.02,45.99,46.0,6587
2018-10-22 11:55:00-04:00,46.0,46.03,45.99,46.03,3929
2018-10-22 12:00:00-04:00,46.03,46.05,46.025,46.03,4296
2018-10-22 12:05:00-04:00,46.03,46.04,46.02,46.02,4809
2018-10-22 12:10:00-04:00,46.015,46.015,45.97,45.97,8879
2018-10-22 12:15:00-04:00,45.975,45.98,45.95,45.97,6853
2018-10-22 12:20:00-04:00,45.965,45.98,45.95,45.98,6265
2018-10-22 12:25:00-04:00,45.975,46.0,45.96,45.99,8579
2018-10-22 12:30:00-04:00,46.0,46.0,45.96,45.98,3511
2018-10-22 12:35:00-04:00,45.98,45.985,45.96,45.975,4684
2018-10-22 12:40:00-04:00,45.96,46.01,45.96,45.99,4872
2018-10-22 12:45:00-04:00,46.01,46.015,45.975,45.98,3318
2018-10-22 12:50:00-04:00,45.985,46.04,45.98,46.03,4818
2018-10-22 12:55:00-04:00,46.03,46.03,46.005,46.01,2039
2018-10-22 13:00:00-04:00,45.985,46.01,45.98,46.0,2461
2018-10-22 13:05:00-04:00,46.02,46.06,46.02,46.05,1717
2018-10-22 13:10:00-04:00,46.06,46.09,46.06,46.085,4634
2018-10-22 13:15:00-04:00,46.085,46.115,46.07,46.08,4068
2018-10-22 13:20:00-04:00,46.075,46.075,46.05,46.05,2895
2018-10-22 13:25:00-04:00,46.03,46.04,45.99,46.01,4717
2018-10-22 13:30:00-04:00,46.005,46.01,45.97,45.99,10649
2018-10-22 13:35:00-04:00,45.99,46.03,45.985,46.03,4346
2018-10-22 13:40:00-04:00,46.03,46.04,46.01,46.04,4388
2018-10-22 13:45:00-04:00,46.04,46.08,46.04,46.045,4860
2018-10-22 13:50:00-04:00,46.03,46.03,45.975,45.975,5748
2018-10-22 13:55:00-04:00,45.98,45.99,45.975,45.975,3602
2018-10-22 14:00:00-04:00,45.98,46.01,45.94,45.95,5780
2018-10-22 14:05:00-04:00,45.95,45.96,45.9,45.92,5098
2018-10-22 14:10:00-04:00,45.93,45.94,45.905,45.94,4312
2018-10-22 14:15:00-04:00,45.93,45.94,45.92,45.935,4723
2018-10-22 14:20:00-04:00,45.93,45.98,45.93,45.965,7650
2018-10-22 14:25:00-04:00,45.965,45.98,45.96,45.98,5954
2018-10-22 14:30:00-04:00,45.97,45.99,45.96,45.98,10417
2018-10-22 14:35:00-04:00,45.99,46.0,45.98,46.0,9673
2018-10-22 14:40:00-04:00,45.995,46.0,45.95,45.95,6938
2018-10-22 14:45:00-04:00,45.96,46.02,45.955,46.0,6432
2018-10-22 14:50:00-04:00,46.0,46.0,45.95,45.97,3791
2018-10-22 14:55:00-04:00,45.96,45.96,45.94,45.94,4432
2018-10-22 15:00:00-04:00,45.93,46.0,45.93,46.0,4610
2018-10-22 15:05:00-04:00,46.0,46.0,45.965,45.99,2955
2018-10-22 15:10:00-04:00,45.99,46.0,45.98,45.99,4699
2018-10-22 15:15:00-04:00,45.99,45.99,45.94,45.94,3650
2018-10-22 15:20:00-04:00,45.95,45.985,45.95,45.96,3945
2018-10-22 15:25:00-04:00,45.965,45.97,45.94,45.96,3862
2018-10-22 15:30:00-04:00,45.96,46.01,45.96,45.99,7715
2018-10-22 15:35:00-04:00,45.99,46.01,45.96,45.96,11729
2018-10-22 15:40:00-04:00,45.96,45.97,45.935,45.97,17053
2018-10-22 15:45:00-04:00,45.97,45.98,45.95,45.955,21903
2018-10-22 15:50:00-04:00,45.96,45.99,45.95,45.98,20803
2018-10-22 15:55:00-04:00,45.97,46.0,45.93,45.96,62130
2018-10-23 09:15:00-04:00,45.55,45.58,45.55,45.57,311
2018-10-23 09:20:00-04:00,45.47,45.47,45.47,45.47,189
2018-10-23 09:30:00-04:00,45.7,45.92,45.65,45.77,7145
2018-10-23 09:35:00-04:00,45.79,45.8,45.59,45.61,7339
2018-10-23 09:40:00-04:00,45.6,45.83,45.6,45.79,12417
2018-10-23 09:45:00-04:00,45.785,45.84,45.72,45.83,10799
2018-10-23 09:50:00-04:00,45.83,45.83,45.7,45.76,10861
2018-10-23 09:55:00-04:00,45.75,45.77,45.53,45.555,8645
2018-10-23 10:00:00-04:00,45.57,45.67,45.57,45.625,14547
2018-10-23 10:05:00-04:00,45.63,45.67,45.6,45.665,18394
2018-10-23 10:10:00-04:00,45.675,45.745,45.64,45.67,11818
2018-10-23 10:15:00-04:00,45.65,45.69,45.62,45.64,8838
2018-10-23 10:20:00-04:00,45.65,45.67,45.55,45.615,8295
2018-10-23 10:25:00-04:00,45.62,45.71,45.62,45.7,7984
2018-10-23 10:30:00-04:00,45.71,45.71,45.64,45.64,13232
2018-10-23 10:35:00-04:00,45.65,45.71,45.64,45.71,11280
2018-10-23 10:40:00-04:00,45.71,45.72,45.65,45.7,7710
2018-10-23 10:45:00-04:00,45.7,45.75,45.66,45.67,9261
2018-10-23 10:50:00-04:00,45.69,45.71,45.655,45.66,4878
2018-10-23 10:55:00-04:00,45.66,45.68,45.63,45.64,8666
2018-10-23 11:00:00-04:00,45.63,45.64,45.55,45.55,6458
2018-10-23 11:05:00-04:00,45.54,45.6,45.52,45.6,5677
2018-10-23 11:10:00-04:00,45.58,45.62,45.54,45.54,9309
2018-10-23 11:15:00-04:00,45.55,45.59,45.55,45.59,6174
2018-10-23 11:20:00-04:00,45.58,45.6,45.53,45.53,8566
2018-10-23 11:25:00-04:00,45.53,45.53,45.46,45.505,12435
2018-10-23 11:30:00-04:00,45.51,45.525,45.455,45.465,9319
2018-10-23 11:35:00-04:00,45.47,45.535,45.47,45.51,6147
2018-10-23 11:40:00-04:00,45.515,45.53,45.5,45.515,6979
2018-10-23 11:45:00-04:00,45.515,45.545,45.51,45.52,4684
2018-10-23 11:50:00-04:00,45.53,45.53,45.48,45.495,7508
2018-10-23 11:55:00-04:00,45.49,45.54,45.48,45.48,9604
2018-10-23 12:00:00-04:00,45.47,45.545,45.465,45.545,8002
2018-10-23 12:05:00-04:00,45.55,45.63,45.55,45.63,4284
2018-10-23 12:10:00-04:00,45.63,45.685,45.625,45.67,5991
2018-10-23 12:15:00-04:00,45.67,45.69,45.66,45.69,2688
2018-10-23 12:20:00-04:00,45.69,45.735,45.69,45.69,8556
2018-10-23 12:25:00-04:00,45.68,45.77,45.68,45.77,9510
2018-10-23 12:30:00-04:00,45.79,45.81,45.71,45.74,5487
2018-10-23 12:35:00-04:00,45.74,45.74,45.71,45.73,5318
2018-10-23 12:40:00-04:00,45.73,45.75,45.68,45.695,11890
2018-10-23 12:45:00-04:00,45.695,45.75,45.69,45.75,9549
2018-10-23 12:50:00-04:00,45.75,45.85,45.72,45.84,14709
2018-10-23 12:55:00-04:00,45.84,45.905,45.84,45.905,6881
2018-10-23 13:00:00-04:00,45.89,45.99,45.89,45.975,3105
2018-10-23 13:05:00-04:00,45.98,46.12,45.98,46.11,5724
2018-10-23 13:10:00-04:00,46.105,46.115,46.09,46.11,6355
2018-10-23 13:15:00-04:00,46.11,46.13,46.1,46.12,6415
2018-10-23 13:20:00-04:00,46.1,46.16,46.1,46.16,7174
2018-10-23 13:25:00-04:00,46.16,46.22,46.15,46.21,5782
2018-10-23 13:30:00-04:00,46.195,46.24,46.195,46.22,11535
2018-10-23 13:35:00-04:00,46.22,46.22,46.16,46.2,11709
2018-10-23 13:40:00-04:00,46.2,46.22,46.17,46.22,6473
2018-10-23 13:45:00-04:00,46.225,46.26,46.225,46.25,7145
2018-10-23 13:50:00-04:00,46.23,46.27,46.16,46.16,4585
2018-10-23 13:55:00-04:00,46.17,46.225,46.16,46.215,12733
2018-10-23 14:00:00-04:00,46.22,46.25,46.175,46.185,7624
2018-10-23 14:05:00-04:00,46.215,46.27,46.21,46.235,12437
2018-10-23 14:10:00-04:00,46.25,46.28,46.245,46.27,6264
2018-10-23 14:15:00-04:00,46.26,46.31,46.26,46.3,12488
2018-10-23 14:20:00-04:00,46.29,46.33,46.28,46.33,7963
2018-10-23 14:25:00-04:00,46.32,46.325,46.255,46.265,7932
2018-10-23 14:30:00-04:00,46.27,46.32,46.25,46.29,13346
2018-10-23 14:35:00-04:00,46.285,46.34,46.28,46.32,8138
2018-10-23 14:40:00-04:00,46.32,46.36,46.31,46.36,6757
2018-10-23 14:45:00-04:00,46.36,46.37,46.325,46.37,6527
2018-10-23 14:50:00-04:00,46.36,46.425,46.35,46.365,9708
2018-10-23 14:55:00-04:00,46.365,46.39,46.35,46.37,12308
2018-10-23 15:00:00-04:00,46.37,46.41,46.345,46.4,10519
2018-10-23 15:05:00-04:00,46.405,46.45,46.39,46.41,7873
2018-10-23 15:10:00-04:00,46.385,46.41,46.35,46.4,7988
2018-10-23 15:15:00-04:00,46.4,46.455,46.37,46.38,12084
2018-10-23 15:20:00-04:00,46.38,46.43,46.38,46.41,7779
2018-10-23 15:25:00-04:00,46.41,46.43,46.37,46.38,9051
2018-10-23 15:30:00-04:00,46.38,46.41,46.36,46.4,11355
2018-10-23 15:35:00-04:00,46.4,46.405,46.3,46.32,12755
2018-10-23 15:40:00-04:00,46.33,46.35,46.285,46.32,16456
2018-10-23 15:45:00-04:00,46.32,46.355,46.31,46.33,17420
2018-10-23 15:50:00-04:00,46.33,46.34,46.295,46.31,20293
2018-10-23 15:55:00-04:00,46.305,46.375,46.28,46.36,85022
2018-10-24 09:30:00-04:00,46.375,46.61,46.24,46.61,15589
2018-10-24 09:35:00-04:00,46.63,46.645,46.52,46.6,25261
2018-10-24 09:40:00-04:00,46.57,46.675,46.56,46.66,9932
2018-10-24 09:45:00-04:00,46.66,46.735,46.66,46.7,7921
2018-10-24 09:50:00-04:00,46.7,46.86,46.7,46.83,11342
2018-10-24 09:55:00-04:00,46.83,46.83,46.73,46.75,7675
2018-10-24 10:00:00-04:00,46.75,46.88,46.75,46.865,13256
2018-10-24 10:05:00-04:00,46.85,46.88,46.82,46.84,9019
2018-10-24 10:10:00-04:00,46.84,46.85,46.82,46.83,4750
2018-10-24 10:15:00-04:00,46.83,46.83,46.79,46.8,7513
2018-10-24 10:20:00-04:00,46.8,46.93,46.8,46.93,8261
2018-10-24 10:25:00-04:00,46.93,46.99,46.92,46.93,13511
2018-10-24 10:30:00-04:00,46.95,46.995,46.9,46.96,7674
2018-10-24 10:35:00-04:00,46.96,47.09,46.95,46.97,16171
2018-10-24 10:40:00-04:00,46.96,47.03,46.93,46.93,8231
2018-10-24 10:45:00-04:00,46.925,46.93,46.83,46.89,10525
2018-10-24 10:50:00-04:00,46.89,46.95,46.87,46.95,13263
2018-10-24 10:55:00-04:00,46.92,46.94,46.86,46.94,8937
2018-10-24 11:00:00-04:00,46.94,46.945,46.79,46.79,11242
2018-10-24 11:05:00-04:00,46.78,46.79,46.58,46.61,11520
2018-10-24 11:10:00-04:00,46.63,46.77,46.63,46.77,8469
2018-10-24 11:15:00-04:00,46.745,46.75,46.7,46.71,7572
2018-10-24 11:20:00-04:00,46.72,46.86,46.72,46.85,13731
2018-10-24 11:25:00-04:00,46.85,46.935,46.84,46.92,27366
2018-10-24 11:30:00-04:00,46.92,47.0,46.92,46.99,12877
2018-10-24 11:35:00-04:00,46.99,46.99,46.96,46.975,7282
2018-10-24 11:40:00-04:00,46.98,47.02,46.98,46.99,5768
2018-10-24 11:45:00-04:00,46.98,47.08,46.98,47.05,13225
2018-10-24 11:50:00-04:00,47.05,47.205,47.035,47.205,15535
2018-10-24 11:55:00-04:00,47.225,47.29,47.21,47.26,16595
2018-10-24 12:00:00-04:00,47.22,47.22,47.14,47.21,6528
2018-10-24 12:05:00-04:00,47.21,47.24,47.2,47.23,4599
2018-10-24 12:10:00-04:00,47.225,47.33,47.225,47.33,8719
2018-10-24 12:15:00-04:00,47.33,47.39,47.22,47.23,9631
2018-10-24 12:20:00-04:00,47.22,47.25,47.215,47.24,5355
2018-10-24 12:25:00-04:00,47.24,47.3,47.23,47.3,6617
2018-10-24 12:30:00-04:00,47.29,47.32,47.215,47.22,3852
2018-10-24 12:35:00-04:00,47.21,47.22,47.13,47.13,4590
2018-10-24 12:40:00-04:00,47.12,47.145,47.095,47.11,9420
2018-10-24 12:45:00-04:00,47.105,47.12,47.09,47.09,6305
2018-10-24 12:50:00-04:00,47.09,47.18,47.06,47.17,7850
2018-10-24 12:55:00-04:00,47.165,47.23,47.15,47.2,6074
2018-10-24 13:00:00-04:00,47.185,47.185,47.04,47.06,8938
2018-10-24 13:05:00-04:00,47.06,47.095,47.02,47.02,6152
2018-10-24 13:10:00-04:00,47.02,47.06,47.02,47.04,3111
2018-10-24 13:15:00-04:00,47.045,47.08,47.0,47.04,9988
2018-10-24 13:20:00-04:00,47.04,47.04,46.99,46.995,4883
2018-10-24 13:25:00-04:00,47.01,47.03,46.98,47.0,7822
2018-10-24 13:30:00-04:00,46.99,47.09,46.98,47.05,16570
2018-10-24 13:35:00-04:00,47.05,47.06,47.0,47.0,6098
2018-10-24 13:40:00-04:00,47.0,47.17,46.98,47.17,9534
2018-10-24 13:45:00-04:00,47.17,47.17,47.09,47.13,8632
2018-10-24 13:50:00-04:00,47.12,47.19,47.05,47.17,6419
2018-10-24 13:55:00-04:00,47.18,47.18,47.04,47.075,8870
2018-10-24 14:00:00-04:00,47.065,47.09,47.0,47.07,10526
2018-10-24 14:05:00-04:00,47.06,47.08,47.0,47.01,11035
2018-10-24 14:10:00-04:00,47.02,47.08,47.0,47.03,13384
2018-10-24 14:15:00-04:00,47.02,47.09,46.99,47.09,8610
2018-10-24 14:20:00-04:00,47.05,47.21,47.05,47.19,15068
2018-10-24 14:25:00-04:00,47.17,47.2,47.14,47.14,21416
2018-10-24 14:30:00-04:00,47.19,47.35,47.19,47.33,12310
2018-10-24 14:35:00-04:00,47.34,47.355,47.31,47.335,9939
2018-10-24 14:40:00-04:00,47.34,47.34,47.28,47.29,17931
2018-10-24 14:45:00-04:00,47.27,47.28,47.17,47.195,30745
2018-10-24 14:50:00-04:00,47.195,47.22,47.175,47.19,12347
2018-10-24 14:55:00-04:00,47.2,47.23,47.19,47.21,13918
2018-10-24 15:00:00-04:00,47.205,47.21,47.04,47.05,15895
2018-10-24 15:05:00-04:00,47.04,47.115,47.04,47.08,9947
2018-10-24 15:10:00-04:00,47.085,47.18,47.07,47.16,16507
2018-10-24 15:15:00-04:00,47.15,47.205,47.135,47.17,10913
2018-10-24 15:20:00-04:00,47.12,47.125,47.045,47.06,6892
2018-10-24 15:25:00-04:00,47.05,47.14,46.99,47.03,8647
2018-10-24 15:30:00-04:00,47.01,47.045,46.94,46.96,10790
2018-10-24 15:35:00-04:00,46.96,47.06,46.96,47.06,15830
2018-10-24 15:40:00-04:00,47.06,47.11,47.01,47.03,24124
2018-10-24 15:45:00-04:00,46.99,46.99,46.89,46.91,27285
2018-10-24 15:50:00-04:00,46.9,46.93,46.79,46.835,24539
2018-10-24 15:55:00-04:00,46.82,46.83,46.67,46.725,66041
2018-10-25 09:25:00-04:00,46.37,46.5,46.37,46.5,352
2018-10-25 09:30:00-04:00,46.56,46.56,46.22,46.27,12338
2018-10-25 09:35:00-04:00,46.29,46.41,46.18,46.26,11308
2018-10-25 09:40:00-04:00,46.28,46.36,46.22,46.29,11255
2018-10-25 09:45:00-04:00,46.3,46.455,46.29,46.38,14444
2018-10-25 09:50:00-04:00,46.34,46.36,46.25,46.32,20327
2018-10-25 09:55:00-04:00,46.33,46.35,46.19,46.21,12860
2018-10-25 10:00:00-04:00,46.22,46.23,46.12,46.21,13734
2018-10-25 10:05:00-04:00,46.2,46.21,46.13,46.13,7022
2018-10-25 10:10:00-04:00,46.13,46.23,46.13,46.17,11712
2018-10-25 10:15:00-04:00,46.17,46.33,46.17,46.29,10144
2018-10-25 10:20:00-04:00,46.29,46.31,46.23,46.3,15820
2018-10-25 10:25:00-04:00,46.29,46.36,46.27,46.325,21458
2018-10-25 10:30:00-04:00,46.34,46.45,46.28,46.435,17078
2018-10-25 10:35:00-04:00,46.44,46.52,46.36,46.375,17354
2018-10-25 10:40:00-04:00,46.37,46.39,46.29,46.38,22444
2018-10-25 10:45:00-04:00,46.38,46.435,46.33,46.345,14049
2018-10-25 10:50:00-04:00,46.37,46.39,46.32,46.37,14554
2018-10-25 10:55:00-04:00,46.34,46.38,46.275,46.31,13117
2018-10-25 11:00:00-04:00,46.31,46.405,46.26,46.28,12728
2018-10-25 11:05:00-04:00,46.28,46.3,46.26,46.29,3942
2018-10-25 11:10:00-04:00,46.31,46.31,46.26,46.27,12166
2018-10-25 11:15:00-04:00,46.26,46.34,46.25,46.34,7324
2018-10-25 11:20:00-04:00,46.36,46.55,46.36,46.49,10874
2018-10-25 11:25:00-04:00,46.49,46.54,46.48,46.495,8429
2018-10-25 11:30:00-04:00,46.5,46.51,46.47,46.485,7439
2018-10-25 11:35:00-04:00,46.48,46.48,46.42,46.42,7473
2018-10-25 11:40:00-04:00,46.425,46.44,46.38,46.38,5918
2018-10-25 11:45:00-04:00,46.38,46.45,46.38,46.45,5708
2018-10-25 11:50:00-04:00,46.45,46.46,46.39,46.435,6558
2018-10-25 11:55:00-04:00,46.43,46.43,46.365,46.365,5185
2018-10-25 12:00:00-04:00,46.37,46.37,46.32,46.33,6731
2018-10-25 12:05:00-04:00,46.33,46.37,46.33,46.36,7745
2018-10-25 12:10:00-04:00,46.36,46.38,46.34,46.37,8440
2018-10-25 12:15:00-04:00,46.37,46.38,46.29,46.32,7596
2018-10-25 12:20:00-04:00,46.32,46.36,46.31,46.35,5015
2018-10-25 12:25:00-04:00,46.35,46.405,46.35,46.4,3004
2018-10-25 12:30:00-04:00,46.41,46.49,46.4,46.47,7453
2018-10-25 12:35:00-04:00,46.49,46.5,46.47,46.48,2004
2018-10-25 12:40:00-04:00,46.49,46.51,46.45,46.47,4582
2018-10-25 12:45:00-04:00,46.46,46.48,46.45,46.47,3674
2018-10-25 12:50:00-04:00,46.49,46.51,46.48,46.5,5530
2018-10-25 12:55:00-04:00,46.51,46.56,46.505,46.56,4789
2018-10-25 13:00:00-04:00,46.56,46.59,46.52,46.53,5491
2018-10-25 13:05:00-04:00,46.53,46.53,46.475,46.48,4799
2018-10-25 13:10:00-04:00,46.48,46.48,46.42,46.44,5572
2018-10-25 13:15:00-04:00,46.45,46.46,46.43,46.44,4688
2018-10-25 13:20:00-04:00,46.44,46.44,46.415,46.42,4609
2018-10-25 13:25:00-04:00,46.42,46.49,46.42,46.48,5713
2018-10-25 13:30:00-04:00,46.48,46.51,46.48,46.51,30148
2018-10-25 13:35:00-04:00,46.52,46.57,46.52,46.55,7399
2018-10-25 13:40:00-04:00,46.55,46.55,46.51,46.53,4454
2018-10-25 13:45:00-04:00,46.54,46.55,46.51,46.52,7867
2018-10-25 13:50:00-04:00,46.52,46.53,46.4,46.41,13710
2018-10-25 13:55:00-04:00,46.4,46.41,46.36,46.39,5032
2018-10-25 14:00:00-04:00,46.4,46.44,46.4,46.42,4774
2018-10-25 14:05:00-04:00,46.43,46.48,46.43,46.47,5126
2018-10-25 14:10:00-04:00,46.475,46.51,46.46,46.48,7077
2018-10-25 14:15:00-04:00,46.49,46.51,46.45,46.45,5048
2018-10-25 14:20:00-04:00,46.44,46.47,46.42,46.45,5914
2018-10-25 14:25:00-04:00,46.47,46.54,46.451,46.53,15279
2018-10-25 14:30:00-04:00,46.525,46.625,46.515,46.625,26773
2018-10-25 14:35:00-04:00,46.62,46.67,46.62,46.66,22833
2018-10-25 14:40:00-04:00,46.65,46.69,46.65,46.665,13658
2018-10-25 14:45:00-04:00,46.67,46.7,46.65,46.695,11721
2018-10-25 14:50:00-04:00,46.68,46.68,46.63,46.645,24236
2018-10-25 14:55:00-04:00,46.64,46.68,46.64,46.66,15575
2018-10-25 15:00:00-04:00,46.66,46.67,46.62,46.64,15708
2018-10-25 15:05:00-04:00,46.63,46.665,46.615,46.645,16499
2018-10-25 15:10:00-04:00,46.645,46.695,46.645,46.69,19019
2018-10-25 15:15:00-04:00,46.69,46.735,46.685,46.705,25625
2018-10-25 15:20:00-04:00,46.7,46.705,46.64,46.65,31612
2018-10-25 15:25:00-04:00,46.65,46.65,46.585,46.6,10642
2018-10-25 15:30:00-04:00,46.595,46.63,46.485,46.52,16811
2018-10-25 15:35:00-04:00,46.52,46.54,46.5,46.53,13493
2018-10-25 15:40:00-04:00,46.55,46.56,46.5,46.52,21434
2018-10-25 15:45:00-04:00,46.53,46.55,46.49,46.51,57668
2018-10-25 15:50:00-04:00,46.5,46.51,46.395,46.44,37028
2018-10-25 15:55:00-04:00,46.44,46.52,46.41,46.5,75989
2018-10-26 09:30:00-04:00,46.35,46.45,46.19,46.26,6534
2018-10-26 09:35:00-04:00,46.25,46.34,46.08,46.12,5788
2018-10-26 09:40:00-04:00,46.12,46.15,46.02,46.07,4976
2018-10-26 09:45:00-04:00,46.09,46.1,45.95,46.01,5216
2018-10-26 09:50:00-04:00,45.995,46.01,45.86,45.86,7954
2018-10-26 09:55:00-04:00,45.87,45.875,45.78,45.8,8956
2018-10-26 10:00:00-04:00,45.835,45.835,45.71,45.725,9913
2018-10-26 10:05:00-04:00,45.735,45.76,45.62,45.75,15195
2018-10-26 10:10:00-04:00,45.77,45.79,45.71,45.79,21167
2018-10-26 10:15:00-04:00,45.76,45.8,45.71,45.795,12597
2018-10-26 10:20:00-04:00,45.815,45.89,45.77,45.86,21471
2018-10-26 10:25:00-04:00,45.9,45.94,45.81,45.82,9707
2018-10-26 10:30:00-04:00,45.8,45.8,45.61,45.665,9098
2018-10-26 10:35:00-04:00,45.67,45.72,45.6,45.63,10008
2018-10-26 10:40:00-04:00,45.64,45.69,45.58,45.6,13717
2018-10-26 10:45:00-04:00,45.6,45.6,45.53,45.55,15895
2018-10-26 10:50:00-04:00,45.54,45.59,45.47,45.53,17496
2018-10-26 10:55:00-04:00,45.53,45.54,45.43,45.45,8270
2018-10-26 11:00:00-04:00,45.43,45.57,45.43,45.54,14359
2018-10-26 11:05:00-04:00,45.52,45.64,45.515,45.57,6347
2018-10-26 11:10:00-04:00,45.58,45.66,45.56,45.64,6145
2018-10-26 11:15:00-04:00,45.63,45.68,45.59,45.62,6635
2018-10-26 11:20:00-04:00,45.57,45.66,45.57,45.645,6526
2018-10-26 11:25:00-04:00,45.65,45.73,45.59,45.71,9791
2018-10-26 11:30:00-04:00,45.735,45.82,45.72,45.8,7864
2018-10-26 11:35:00-04:00,45.8,45.835,45.74,45.765,8488
2018-10-26 11:40:00-04:00,45.78,45.8,45.66,45.66,7893
2018-10-26 11:45:00-04:00,45.65,45.68,45.62,45.63,5698
2018-10-26 11:50:00-04:00,45.64,45.74,45.64,45.72,6442
2018-10-26 11:55:00-04:00,45.69,45.7,45.61,45.61,5977
2018-10-26 12:00:00-04:00,45.61,45.66,45.545,45.61,7917
2018-10-26 12:05:00-04:00,45.62,45.68,45.62,45.67,8387
2018-10-26 12:10:00-04:00,45.67,45.67,45.55,45.57,7313
2018-10-26 12:15:00-04:00,45.56,45.61,45.53,45.6,7874
2018-10-26 12:20:00-04:00,45.63,45.69,45.63,45.64,9601
2018-10-26 12:25:00-04:00,45.65,45.77,45.65,45.76,7550
2018-10-26 12:30:00-04:00,45.75,45.83,45.74,45.77,19676
2018-10-26 12:35:00-04:00,45.8,45.855,45.78,45.8,6034
2018-10-26 12:40:00-04:00,45.81,45.91,45.81,45.905,8788
2018-10-26 12:45:00-04:00,45.89,45.92,45.875,45.9,8138
2018-10-26 12:50:00-04:00,45.9,45.9,45.83,45.87,11631
2018-10-26 12:55:00-04:00,45.87,45.87,45.82,45.855,8169
2018-10-26 13:00:00-04:00,45.86,45.92,45.86,45.88,14322
2018-10-26 13:05:00-04:00,45.89,45.91,45.81,45.81,13115
2018-10-26 13:10:00-04:00,45.8,45.81,45.69,45.7,14592
2018-10-26 13:15:00-04:00,45.71,45.72,45.66,45.68,8755
2018-10-26 13:20:00-04:00,45.69,45.725,45.66,45.71,11065
2018-10-26 13:25:00-04:00,45.71,45.73,45.68,45.71,24298
2018-10-26 13:30:00-04:00,45.69,45.69,45.63,45.65,8764
2018-10-26 13:35:00-04:00,45.66,45.69,45.635,45.66,20829
2018-10-26 13:40:00-04:00,45.67,45.78,45.67,45.775,18758
2018-10-26 13:45:00-04:00,45.78,45.845,45.75,45.83,12789
2018-10-26 13:50:00-04:00,45.82,45.845,45.75,45.845,14744
2018-10-26 13:55:00-04:00,45.84,45.895,45.835,45.895,9650
2018-10-26 14:00:00-04:00,45.895,45.92,45.77,45.79,13355
2018-10-26 14:05:00-04:00,45.78,45.84,45.755,45.82,11589
2018-10-26 14:10:00-04:00,45.82,45.845,45.74,45.79,12609
2018-10-26 14:15:00-04:00,45.8,45.865,45.79,45.805,29451
2018-10-26 14:20:00-04:00,45.81,45.825,45.73,45.79,22078
2018-10-26 14:25:00-04:00,45.8,45.88,45.79,45.84,14894
2018-10-26 14:30:00-04:00,45.83,45.89,45.825,45.85,14114
2018-10-26 14:35:00-04:00,45.835,45.93,45.825,45.93,17543
2018-10-26 14:40:00-04:00,45.945,45.96,45.9,45.93,25353
2018-10-26 14:45:00-04:00,45.925,45.925,45.81,45.82,17616
2018-10-26 14:50:00-04:00,45.82,45.855,45.775,45.78,22995
2018-10-26 14:55:00-04:00,45.78,45.805,45.71,45.755,30216
2018-10-26 15:00:00-04:00,45.765,45.765,45.59,45.705,24874
2018-10-26 15:05:00-04:00,45.705,45.75,45.665,45.73,26169
2018-10-26 15:10:00-04:00,45.73,45.79,45.7,45.75,27078
2018-10-26 15:15:00-04:00,45.75,45.84,45.745,45.83,13846
2018-10-26 15:20:00-04:00,45.82,45.93,45.81,45.87,14738
2018-10-26 15:25:00-04:00,45.87,45.92,45.83,45.87,14487
2018-10-26 15:30:00-04:00,45.86,45.86,45.78,45.79,33570
2018-10-26 15:35:00-04:00,45.795,45.92,45.79,45.84,31957
2018-10-26 15:40:00-04:00,45.84,45.88,45.77,45.79,46719
2018-10-26 15:45:00-04:00,45.8,46.02,45.8,45.94,38877
2018-10-26 15:50:00-04:00,45.95,46.16,45.95,46.07,48220
2018-10-26 15:55:00-04:00,46.05,46.06,45.84,45.89,90672
2018-10-29 09:20:00-04:00,46.25,46.25,46.25,46.25,180
2018-10-29 09:30:00-04:00,46.19,46.33,46.17,46.33,9053
2018-10-29 09:35:00-04:00,46.315,46.38,46.24,46.27,9014
2018-10-29 09:40:00-04:00,46.27,46.35,46.27,46.325,12236
2018-10-29 09:45:00-04:00,46.34,46.42,46.33,46.37,131236
2018-10-29 09:50:00-04:00,46.38,46.39,46.27,46.28,12191
2018-10-29 09:55:00-04:00,46.29,46.355,46.29,46.32,10698
2018-10-29 10:00:00-04:00,46.32,46.39,46.31,46.35,15121
2018-10-29 10:05:00-04:00,46.34,46.48,46.34,46.455,14948
2018-10-29 10:10:00-04:00,46.45,46.45,46.4,46.4,8676
2018-10-29 10:15:00-04:00,46.405,46.42,46.36,46.39,17126
2018-10-29 10:20:00-04:00,46.4,46.415,46.35,46.4,10768
2018-10-29 10:25:00-04:00,46.38,46.385,46.35,46.36,7261
2018-10-29 10:30:00-04:00,46.365,46.38,46.32,46.35,11323
2018-10-29 10:35:00-04:00,46.32,46.36,46.3,46.3,12788
2018-10-29 10:40:00-04:00,46.29,46.29,46.25,46.27,10908
2018-10-29 10:45:00-04:00,46.27,46.28,46.19,46.21,24739
2018-10-29 10:50:00-04:00,46.22,46.27,46.19,46.27,10265
2018-10-29 10:55:00-04:00,46.26,46.31,46.25,46.3,7019
2018-10-29 11:00:00-04:00,46.31,46.33,46.28,46.28,160592
2018-10-29 11:05:00-04:00,46.275,46.32,46.275,46.3,13500
2018-10-29 11:10:00-04:00,46.295,46.325,46.27,46.28,18691
2018-10-29 11:15:00-04:00,46.28,46.31,46.25,46.31,11290
2018-10-29 11:20:00-04:00,46.3,46.35,46.295,46.32,8834
2018-10-29 11:25:00-04:00,46.33,46.36,46.31,46.34,17122
2018-10-29 11:30:00-04:00,46.34,46.38,46.32,46.36,49061
2018-10-29 11:35:00-04:00,46.365,46.365,46.26,46.34,37076
2018-10-29 11:40:00-04:00,46.345,46.43,46.34,46.4,35399
2018-10-29 11:45:00-04:00,46.405,46.415,46.33,46.34,15533
2018-10-29 11:50:00-04:00,46.335,46.35,46.29,46.29,53850
2018-10-29 11:55:00-04:00,46.3,46.31,46.26,46.26,32227
2018-10-29 12:00:00-04:00,46.25,46.285,46.24,46.28,21055
2018-10-29 12:05:00-04:00,46.28,46.295,46.23,46.28,26505
2018-10-29 12:10:00-04:00,46.27,46.27,46.185,46.25,31159
2018-10-29 12:15:00-04:00,46.25,46.33,46.245,46.315,21939
2018-10-29 12:20:00-04:00,46.31,46.32,46.24,46.29,16006
2018-10-29 12:25:00-04:00,46.29,46.35,46.27,46.35,12026
2018-10-29 12:30:00-04:00,46.32,46.33,46.22,46.22,19950
2018-10-29 12:35:00-04:00,46.23,46.32,46.225,46.3,15230
2018-10-29 12:40:00-04:00,46.3,46.34,46.29,46.34,17568
2018-10-29 12:45:00-04:00,46.345,46.35,46.29,46.29,12419
2018-10-29 12:50:00-04:00,46.28,46.36,46.28,46.32,13229
2018-10-29 12:55:00-04:00,46.3,46.32,46.27,46.28,20398
2018-10-29 13:00:00-04:00,46.27,46.36,46.25,46.33,20703
2018-10-29 13:05:00-04:00,46.32,46.35,46.3,46.345,13531
2018-10-29 13:10:00-04:00,46.345,46.36,46.28,46.36,10214
2018-10-29 13:15:00-04:00,46.36,46.38,46.34,46.37,3611
2018-10-29 13:20:00-04:00,46.37,46.38,46.345,46.37,7015
2018-10-29 13:25:00-04:00,46.38,46.38,46.295,46.3,7098
2018-10-29 13:30:00-04:00,46.31,46.42,46.305,46.42,8525
2018-10-29 13:35:00-04:00,46.42,46.45,46.4,46.425,9025
2018-10-29 13:40:00-04:00,46.43,46.455,46.38,46.45,6474
2018-10-29 13:45:00-04:00,46.46,46.49,46.41,46.42,9340
2018-10-29 13:50:00-04:00,46.42,46.495,46.41,46.45,9195
2018-10-29 13:55:00-04:00,46.45,46.47,46.44,46.44,12724
2018-10-29 14:00:00-04:00,46.44,46.445,46.345,46.39,13799
2018-10-29 14:05:00-04:00,46.38,46.38,46.33,46.37,48646
2018-10-29 14:10:00-04:00,46.36,46.36,46.22,46.3,41726
2018-10-29 14:15:00-04:00,46.3,46.35,46.24,46.34,22750
2018-10-29 14:20:00-04:00,46.35,46.37,46.3,46.35,77775
2018-10-29 14:25:00-04:00,46.35,46.49,46.34,46.48,16254
2018-10-29 14:30:00-04:00,46.47,46.49,46.45,46.45,14861
2018-10-29 14:35:00-04:00,46.44,46.53,46.44,46.505,10576
2018-10-29 14:40:00-04:00,46.505,46.55,46.5,46.53,15478
2018-10-29 14:45:00-04:00,46.52,46.54,46.5,46.505,16736
2018-10-29 14:50:00-04:00,46.5,46.505,46.4,46.42,24535
2018-10-29 14:55:00-04:00,46.42,46.47,46.4,46.47,42460
2018-10-29 15:00:00-04:00,46.47,46.48,46.415,46.44,19476
2018-10-29 15:05:00-04:00,46.44,46.45,46.36,46.4,19360
2018-10-29 15:10:00-04:00,46.4,46.43,46.3,46.32,18686
2018-10-29 15:15:00-04:00,46.32,46.46,46.315,46.405,30035
2018-10-29 15:20:00-04:00,46.4,46.4,46.26,46.35,21782
2018-10-29 15:25:00-04:00,46.34,46.39,46.31,46.34,29169
2018-10-29 15:30:00-04:00,46.32,46.4,46.27,46.38,46010
2018-10-29 15:35:00-04:00,46.37,46.38,46.25,46.33,63553
2018-10-29 15:40:00-04:00,46.33,46.33,46.06,46.1,40885
2018-10-29 15:45:00-04:00,46.07,46.44,46.05,46.36,73741
2018-10-29 15:50:00-04:00,46.35,46.47,46.34,46.45,49651
2018-10-29 15:55:00-04:00,46.44,46.46,46.34,46.44,97866
2018-10-30 09:30:00-04:00,46.63,46.73,46.05,46.09,17666
2018-10-30 09:35:00-04:00,46.09,46.74,46.04,46.7,17432
2018-10-30 09:40:00-04:00,46.665,46.86,46.665,46.83,33806
2018-10-30 09:45:00-04:00,46.82,46.82,46.62,46.69,12293
2018-10-30 09:50:00-04:00,46.71,46.86,46.69,46.86,12245
2018-10-30 09:55:00-04:00,46.94,47.15,46.88,47.04,13057
2018-10-30 10:00:00-04:00,47.11,47.14,47.03,47.07,5395
2018-10-30 10:05:00-04:00,47.05,47.17,47.02,47.16,5334
2018-10-30 10:10:00-04:00,47.2,47.22,47.09,47.2,9434
2018-10-30 10:15:00-04:00,47.2,47.355,47.16,47.24,13826
2018-10-30 10:20:00-04:00,47.225,47.26,47.135,47.18,6581
2018-10-30 10:25:00-04:00,47.17,47.2,47.1,47.12,8085
2018-10-30 10:30:00-04:00,47.13,47.28,47.13,47.28,6879
2018-10-30 10:35:00-04:00,47.28,47.35,47.2,47.34,13966
2018-10-30 10:40:00-04:00,47.34,47.45,47.29,47.31,15519
2018-10-30 10:45:00-04:00,47.32,47.345,47.19,47.24,9993
2018-10-30 10:50:00-04:00,47.21,47.21,47.11,47.11,5060
2018-10-30 10:55:00-04:00,47.15,47.19,47.13,47.18,6501
2018-10-30 11:00:00-04:00,47.16,47.19,47.13,47.15,7194
2018-10-30 11:05:00-04:00,47.14,47.19,47.09,47.115,6215
2018-10-30 11:10:00-04:00,47.11,47.17,47.06,47.17,4423
2018-10-30 11:15:00-04:00,47.14,47.2,47.12,47.2,9667
2018-10-30 11:20:00-04:00,47.195,47.24,47.17,47.195,19120
2018-10-30 11:25:00-04:00,47.195,47.35,47.19,47.325,11315
2018-10-30 11:30:00-04:00,47.33,47.36,47.275,47.275,5146
2018-10-30 11:35:00-04:00,47.275,47.35,47.22,47.24,17675
2018-10-30 11:40:00-04:00,47.24,47.26,47.15,47.15,17110
2018-10-30 11:45:00-04:00,47.14,47.14,47.03,47.06,14284
2018-10-30 11:50:00-04:00,47.01,47.02,46.93,46.93,8368
2018-10-30 11:55:00-04:00,46.92,47.04,46.915,47.03,8076
2018-10-30 12:00:00-04:00,47.04,47.16,47.025,47.14,18757
2018-10-30 12:05:00-04:00,47.145,47.18,47.07,47.08,10175
2018-10-30 12:10:00-04:00,47.095,47.14,47.08,47.1,5569
2018-10-30 12:15:00-04:00,47.13,47.16,47.09,47.13,5538
2018-10-30 12:20:00-04:00,47.12,47.14,47.08,47.12,6557
2018-10-30 12:25:00-04:00,47.14,47.2,47.11,47.2,4247
2018-10-30 12:30:00-04:00,47.185,47.185,47.12,47.145,6907
2018-10-30 12:35:00-04:00,47.15,47.23,47.14,47.17,19889
2018-10-30 12:40:00-04:00,47.18,47.25,47.18,47.2,10183
2018-10-30 12:45:00-04:00,47.205,47.27,47.2,47.26,12387
2018-10-30 12:50:00-04:00,47.27,47.34,47.27,47.31,13669
2018-10-30 12:55:00-04:00,47.31,47.31,47.23,47.23,5495
2018-10-30 13:00:00-04:00,47.23,47.35,47.23,47.31,7776
2018-10-30 13:05:00-04:00,47.31,47.35,47.3,47.33,10557
2018-10-30 13:10:00-04:00,47.33,47.33,47.24,47.24,8652
2018-10-30 13:15:00-04:00,47.26,47.27,47.21,47.21,8020
2018-10-30 13:20:00-04:00,47.19,47.25,47.16,47.185,5735
2018-10-30 13:25:00-04:00,47.16,47.17,47.13,47.17,7521
2018-10-30 13:30:00-04:00,47.14,47.15,47.1,47.14,19616
2018-10-30 13:35:00-04:00,47.14,47.24,47.13,47.18,4739
2018-10-30 13:40:00-04:00,47.19,47.21,47.13,47.15,11361
2018-10-30 13:45:00-04:00,47.135,47.22,47.13,47.22,9900
2018-10-30 13:50:00-04:00,47.22,47.26,47.2,47.205,7407
2018-10-30 13:55:00-04:00,47.205,47.27,47.2,47.27,8361
2018-10-30 14:00:00-04:00,47.285,47.29,47.18,47.195,8738
2018-10-30 14:05:00-04:00,47.2,47.235,47.2,47.22,10242
2018-10-30 14:10:00-04:00,47.2,47.24,47.19,47.2,9448
2018-10-30 14:15:00-04:00,47.19,47.205,47.15,47.15,6778
2018-10-30 14:20:00-04:00,47.16,47.2,47.145,47.16,6753
2018-10-30 14:25:00-04:00,47.16,47.19,47.12,47.16,8855
2018-10-30 14:30:00-04:00,47.14,47.21,47.11,47.21,9710
2018-10-30 14:35:00-04:00,47.22,47.22,47.16,47.17,7905
2018-10-30 14:40:00-04:00,47.18,47.2,47.15,47.18,8322
2018-10-30 14:45:00-04:00,47.2,47.2,47.16,47.18,18535
2018-10-30 14:50:00-04:00,47.19,47.36,47.19,47.35,13548
2018-10-30 14:55:00-04:00,47.36,47.44,47.34,47.43,12108
2018-10-30 15:00:00-04:00,47.41,47.41,47.29,47.33,10463
2018-10-30 15:05:00-04:00,47.35,47.42,47.34,47.39,9323
2018-10-30 15:10:00-04:00,47.39,47.46,47.39,47.41,18731
2018-10-30 15:15:00-04:00,47.41,47.47,47.41,47.44,16588
2018-10-30 15:20:00-04:00,47.43,47.47,47.39,47.455,26319
2018-10-30 15:25:00-04:00,47.46,47.5,47.46,47.49,31866
2018-10-30 15:30:00-04:00,47.49,47.5,47.41,47.485,33123
2018-10-30 15:35:00-04:00,47.47,47.48,47.42,47.48,21658
2018-10-30 15:40:00-04:00,47.49,47.5,47.405,47.44,30884
2018-10-30 15:45:00-04:00,47.435,47.59,47.425,47.555,39283
2018-10-30 15:50:00-04:00,47.56,47.74,47.56,47.73,59790
2018-10-30 15:55:00-04:00,47.72,47.72,47.62,47.62,128175
2018-10-31 09:30:00-04:00,47.49,47.56,47.44,47.45,9595
2018-10-31 09:35:00-04:00,47.47,47.54,47.42,47.46,15713
2018-10-31 09:40:00-04:00,47.47,47.53,47.45,47.455,9244
2018-10-31 09:45:00-04:00,47.43,47.505,47.405,47.505,20333
2018-10-31 09:50:00-04:00,47.505,47.51,47.465,47.48,9015
2018-10-31 09:55:00-04:00,47.48,47.5,47.37,47.45,11142
2018-10-31 10:00:00-04:00,47.47,47.47,47.41,47.43,21904
2018-10-31 10:05:00-04:00,47.43,47.47,47.35,47.37,5576
2018-10-31 10:10:00-04:00,47.38,47.4,47.23,47.25,19729
2018-10-31 10:15:00-04:00,47.255,47.355,47.255,47.35,10643
2018-10-31 10:20:00-04:00,47.35,47.45,47.32,47.45,12369
2018-10-31 10:25:00-04:00,47.45,47.45,47.35,47.38,10371
2018-10-31 10:30:00-04:00,47.38,47.43,47.37,47.38,8847
2018-10-31 10:35:00-04:00,47.39,47.395,47.355,47.38,8710
2018-10-31 10:40:00-04:00,47.38,47.5,47.38,47.48,9544
2018-10-31 10:45:00-04:00,47.49,47.5,47.45,47.49,16423
2018-10-31 10:50:00-04:00,47.49,47.56,47.47,47.52,11377
2018-10-31 10:55:00-04:00,47.53,47.59,47.515,47.575,7675
2018-10-31 11:00:00-04:00,47.57,47.58,47.52,47.57,10663
2018-10-31 11:05:00-04:00,47.59,47.65,47.56,47.565,12358
2018-10-31 11:10:00-04:00,47.555,47.61,47.525,47.56,11985
2018-10-31 11:15:00-04:00,47.56,47.58,47.545,47.56,6146
2018-10-31 11:20:00-04:00,47.56,47.56,47.47,47.49,8619
2018-10-31 11:25:00-04:00,47.5,47.55,47.48,47.48,7520
2018-10-31 11:30:00-04:00,47.47,47.48,47.45,47.47,8145
2018-10-31 11:35:00-04:00,47.45,47.53,47.45,47.53,9139
2018-10-31 11:40:00-04:00,47.55,47.62,47.55,47.58,9617
2018-10-31 11:45:00-04:00,47.56,47.57,47.525,47.57,9099
2018-10-31 11:50:00-04:00,47.57,47.59,47.55,47.58,8666
2018-10-31 11:55:00-04:00,47.6,47.63,47.57,47.6,10426
2018-10-31 12:00:00-04:00,47.6,47.62,47.52,47.54,9865
2018-10-31 12:05:00-04:00,47.53,47.56,47.51,47.54,4920
2018-10-31 12:10:00-04:00,47.54,47.555,47.515,47.525,8275
2018-10-31 12:15:00-04:00,47.53,47.53,47.45,47.48,5588
2018-10-31 12:20:00-04:00,47.46,47.5,47.46,47.49,3756
2018-10-31 12:25:00-04:00,47.49,47.54,47.49,47.53,4992
2018-10-31 12:30:00-04:00,47.51,47.52,47.47,47.51,6185
2018-10-31 12:35:00-04:00,47.51,47.55,47.5,47.54,5516
2018-10-31 12:40:00-04:00,47.55,47.6,47.55,47.59,5467
2018-10-31 12:45:00-04:00,47.6,47.7,47.6,47.67,10828
2018-10-31 12:50:00-04:00,47.67,47.72,47.64,47.72,6338
2018-10-31 12:55:00-04:00,47.71,47.71,47.66,47.67,6048
2018-10-31 13:00:00-04:00,47.67,47.69,47.665,47.68,3742
2018-10-31 13:05:00-04:00,47.69,47.705,47.66,47.705,8773
2018-10-31 13:10:00-04:00,47.705,47.75,47.7,47.71,9743
2018-10-31 13:15:00-04:00,47.71,47.72,47.67,47.7,10104
2018-10-31 13:20:00-04:00,47.7,47.715,47.66,47.71,7431
2018-10-31 13:25:00-04:00,47.72,47.74,47.7,47.73,7894
2018-10-31 13:30:00-04:00,47.73,47.75,47.71,47.735,9633
2018-10-31 13:35:00-04:00,47.73,47.75,47.685,47.705,9111
2018-10-31 13:40:00-04:00,47.69,47.745,47.69,47.73,5862
2018-10-31 13:45:00-04:00,47.72,47.79,47.72,47.79,8289
2018-10-31 13:50:00-04:00,47.79,47.835,47.78,47.82,12752
2018-10-31 13:55:00-04:00,47.835,47.89,47.83,47.87,9347
2018-10-31 14:00:00-04:00,47.87,47.92,47.84,47.88,85096
2018-10-31 14:05:00-04:00,47.88,47.92,47.86,47.92,10435
2018-10-31 14:10:00-04:00,47.92,48.0,47.92,47.99,21267
2018-10-31 14:15:00-04:00,48.0,48.0,47.98,47.99,15028
2018-10-31 14:20:00-04:00,47.99,48.0,47.94,47.96,11037
2018-10-31 14:25:00-04:00,47.95,48.0,47.93,48.0,16604
2018-10-31 14:30:00-04:00,48.0,48.0,47.96,47.96,12959
2018-10-31 14:35:00-04:00,47.96,48.04,47.95,48.01,17035
2018-10-31 14:40:00-04:00,48.01,48.03,48.0,48.03,9346
2018-10-31 14:45:00-04:00,48.03,48.03,47.93,47.94,12088
2018-10-31 14:50:00-04:00,47.94,48.02,47.925,48.02,10432
2018-10-31 14:55:00-04:00,48.01,48.05,48.0,48.04,10028
2018-10-31 15:00:00-04:00,48.04,48.08,48.02,48.02,19378
2018-10-31 15:05:00-04:00,48.02,48.05,47.99,48.01,15482
2018-10-31 15:10:00-04:00,48.0,48.01,47.96,47.975,19673
2018-10-31 15:15:00-04:00,47.975,48.0,47.94,47.98,12785
2018-10-31 15:20:00-04:00,47.99,48.02,47.885,47.94,20498
2018-10-31 15:25:00-04:00,47.94,47.95,47.87,47.93,22443
2018-10-31 15:30:00-04:00,47.93,47.95,47.86,47.865,19710
2018-10-31 15:35:00-04:00,47.87,47.94,47.81,47.81,29940
2018-10-31 15:40:00-04:00,47.82,47.85,47.8,47.8,29037
2018-10-31 15:45:00-04:00,47.8,47.86,47.72,47.76,40667
2018-10-31 15:50:00-04:00,47.76,47.82,47.76,47.82,48444
2018-10-31 15:55:00-04:00,47.81,47.93,47.81,47.88,98170
2018-11-01 09:30:00-04:00,47.81,47.91,47.69,47.91,7133
2018-11-01 09:35:00-04:00,47.9,47.9,47.77,47.87,3373
2018-11-01 09:40:00-04:00,47.87,47.88,47.81,47.87,3706
2018-11-01 09:45:00-04:00,47.875,47.99,47.875,47.97,8541
2018-11-01 09:50:00-04:00,47.97,48.02,47.9,48.02,10405
2018-11-01 09:55:00-04:00,48.03,48.08,47.91,47.91,5856
2018-11-01 10:00:00-04:00,47.89,47.89,47.85,47.86,9130
2018-11-01 10:05:00-04:00,47.87,47.99,47.87,47.95,10556
2018-11-01 10:10:00-04:00,47.96,48.02,47.94,47.95,4925
2018-11-01 10:15:00-04:00,47.92,47.935,47.87,47.88,8048
2018-11-01 10:20:00-04:00,47.91,47.95,47.89,47.95,4620
2018-11-01 10:25:00-04:00,47.93,47.98,47.93,47.96,4100
2018-11-01 10:30:00-04:00,47.97,48.08,47.97,48.05,10560
2018-11-01 10:35:00-04:00,48.05,48.05,48.0,48.0,6247
2018-11-01 10:40:00-04:00,47.98,47.99,47.93,47.95,4614
2018-11-01 10:45:00-04:00,47.96,47.975,47.91,47.935,7627
2018-11-01 10:50:00-04:00,47.93,47.995,47.93,47.975,8084
2018-11-01 10:55:00-04:00,47.98,47.985,47.935,47.96,4502
2018-11-01 11:00:00-04:00,47.99,48.03,47.99,48.01,17418
2018-11-01 11:05:00-04:00,48.02,48.04,48.0,48.02,8157
2018-11-01 11:10:00-04:00,48.02,48.08,48.015,48.06,6245
2018-11-01 11:15:00-04:00,48.07,48.1,48.05,48.09,8552
2018-11-01 11:20:00-04:00,48.09,48.15,48.065,48.075,11854
2018-11-01 11:25:00-04:00,48.04,48.07,48.04,48.07,10320
2018-11-01 11:30:00-04:00,48.065,48.07,48.02,48.02,17404
2018-11-01 11:35:00-04:00,48.01,48.01,47.975,47.975,10452
2018-11-01 11:40:00-04:00,47.975,47.99,47.94,47.95,15791
2018-11-01 11:45:00-04:00,47.96,47.96,47.9,47.91,5685
2018-11-01 11:50:00-04:00,47.92,47.94,47.91,47.94,5116
2018-11-01 11:55:00-04:00,47.96,48.01,47.955,48.005,10508
2018-11-01 12:00:00-04:00,48.01,48.03,47.985,48.03,6301
2018-11-01 12:05:00-04:00,48.02,48.04,48.015,48.02,3512
2018-11-01 12:10:00-04:00,48.03,48.05,48.025,48.05,3252
2018-11-01 12:15:00-04:00,48.05,48.06,47.97,47.98,7071
2018-11-01 12:20:00-04:00,47.97,47.97,47.9,47.9,5141
2018-11-01 12:25:00-04:00,47.91,47.94,47.9,47.91,5383
2018-11-01 12:30:00-04:00,47.9,47.96,47.89,47.96,4985
2018-11-01 12:35:00-04:00,47.96,47.96,47.93,47.94,4830
2018-11-01 12:40:00-04:00,47.93,47.95,47.885,47.885,6022
2018-11-01 12:45:00-04:00,47.88,47.915,47.88,47.915,6435
2018-11-01 12:50:00-04:00,47.91,47.91,47.87,47.89,6064
2018-11-01 12:55:00-04:00,47.89,47.94,47.89,47.94,9212
2018-11-01 13:00:00-04:00,47.94,47.95,47.895,47.895,5735
2018-11-01 13:05:00-04:00,47.89,47.91,47.82,47.82,6783
2018-11-01 13:10:00-04:00,47.82,47.82,47.79,47.79,13875
2018-11-01 13:15:00-04:00,47.795,47.82,47.79,47.79,8381
2018-11-01 13:20:00-04:00,47.79,47.79,47.72,47.73,6573
2018-11-01 13:25:00-04:00,47.725,47.73,47.695,47.725,9044
2018-11-01 13:30:00-04:00,47.72,47.73,47.7,47.7,18483
2018-11-01 13:35:00-04:00,47.69,47.69,47.64,47.67,5633
2018-11-01 13:40:00-04:00,47.665,47.72,47.65,47.695,8770
2018-11-01 13:45:00-04:00,47.705,47.715,47.63,47.665,9225
2018-11-01 13:50:00-04:00,47.665,47.68,47.655,47.67,6051
2018-11-01 13:55:00-04:00,47.675,47.675,47.64,47.64,7969
2018-11-01 14:00:00-04:00,47.64,47.64,47.59,47.6,9689
2018-11-01 14:05:00-04:00,47.59,47.59,47.505,47.52,9509
2018-11-01 14:10:00-04:00,47.53,47.585,47.515,47.52,3826
2018-11-01 14:15:00-04:00,47.51,47.53,47.48,47.49,7529
2018-11-01 14:20:00-04:00,47.485,47.485,47.445,47.465,6463
2018-11-01 14:25:00-04:00,47.47,47.47,47.405,47.425,5961
2018-11-01 14:30:00-04:00,47.43,47.46,47.39,47.39,5326
2018-11-01 14:35:00-04:00,47.39,47.4,47.325,47.34,5162
2018-11-01 14:40:00-04:00,47.33,47.33,47.295,47.305,3934
2018-11-01 14:45:00-04:00,47.32,47.37,47.31,47.36,5108
2018-11-01 14:50:00-04:00,47.35,47.37,47.34,47.36,7978
2018-11-01 14:55:00-04:00,47.37,47.395,47.36,47.36,5452
2018-11-01 15:00:00-04:00,47.365,47.37,47.34,47.36,11199
2018-11-01 15:05:00-04:00,47.38,47.38,47.34,47.37,4619
2018-11-01 15:10:00-04:00,47.375,47.39,47.35,47.385,10167
2018-11-01 15:15:00-04:00,47.38,47.39,47.34,47.37,11123
2018-11-01 15:20:00-04:00,47.36,47.42,47.34,47.41,24334
2018-11-01 15:25:00-04:00,47.42,47.46,47.415,47.44,8132
2018-11-01 15:30:00-04:00,47.44,47.44,47.395,47.425,19331
2018-11-01 15:35:00-04:00,47.425,47.49,47.425,47.49,15464
2018-11-01 15:40:00-04:00,47.485,47.64,47.48,47.63,22983
2018-11-01 15:45:00-04:00,47.64,47.645,47.58,47.62,27851
2018-11-01 15:50:00-04:00,47.6,47.64,47.55,47.55,23094
2018-11-01 15:55:00-04:00,47.55,47.77,47.55,47.76,121656
2018-11-01 16:00:00-04:00,47.71,47.71,47.71,47.71,900
2018-11-02 09:30:00-04:00,47.81,47.97,47.81,47.93,6604
2018-11-02 09:35:00-04:00,47.95,47.975,47.89,47.93,5276
2018-11-02 09:40:00-04:00,47.91,47.91,47.71,47.73,6474
2018-11-02 09:45:00-04:00,47.705,47.705,47.61,47.66,8923
2018-11-02 09:50:00-04:00,47.71,47.76,47.7,47.73,13076
2018-11-02 09:55:00-04:00,47.73,47.87,47.715,47.81,8199
2018-11-02 10:00:00-04:00,47.825,47.86,47.76,47.76,5643
2018-11-02 10:05:00-04:00,47.77,47.82,47.75,47.75,9398
2018-11-02 10:10:00-04:00,47.75,47.88,47.75,47.805,14588
2018-11-02 10:15:00-04:00,47.8,47.87,47.79,47.82,13022
2018-11-02 10:20:00-04:00,47.82,47.82,47.705,47.75,8570
2018-11-02 10:25:00-04:00,47.76,47.77,47.61,47.62,17105
2018-11-02 10:30:00-04:00,47.62,47.665,47.58,47.59,15217
2018-11-02 10:35:00-04:00,47.6,47.64,47.595,47.6,10800
2018-11-02 10:40:00-04:00,47.59,47.59,47.51,47.51,6252
2018-11-02 10:45:00-04:00,47.53,47.53,47.45,47.5,26139
2018-11-02 10:50:00-04:00,47.51,47.56,47.505,47.56,21040
2018-11-02 10:55:00-04:00,47.55,47.66,47.54,47.64,9362
2018-11-02 11:00:00-04:00,47.635,47.71,47.62,47.66,8086
2018-11-02 11:05:00-04:00,47.65,47.75,47.65,47.685,5004
2018-11-02 11:10:00-04:00,47.69,47.71,47.64,47.65,13656
2018-11-02 11:15:00-04:00,47.66,47.69,47.61,47.64,9115
2018-11-02 11:20:00-04:00,47.64,47.72,47.64,47.7,12994
2018-11-02 11:25:00-04:00,47.69,47.7,47.61,47.65,10236
2018-11-02 11:30:00-04:00,47.65,47.65,47.57,47.57,6433
2018-11-02 11:35:00-04:00,47.58,47.58,47.51,47.529,3733
2018-11-02 11:40:00-04:00,47.53,47.57,47.51,47.57,9099
2018-11-02 11:45:00-04:00,47.57,47.57,47.51,47.54,6752
2018-11-02 11:50:00-04:00,47.535,47.61,47.52,47.61,8589
2018-11-02 11:55:00-04:00,47.61,47.63,47.56,47.58,5860
2018-11-02 12:00:00-04:00,47.58,47.6,47.545,47.55,5166
2018-11-02 12:05:00-04:00,47.55,47.655,47.55,47.63,3992
2018-11-02 12:10:00-04:00,47.62,47.62,47.535,47.59,7776
2018-11-02 12:15:00-04:00,47.58,47.63,47.58,47.63,3996
2018-11-02 12:20:00-04:00,47.625,47.63,47.56,47.57,3662
2018-11-02 12:25:00-04:00,47.56,47.58,47.54,47.58,2447
2018-11-02 12:30:00-04:00,47.58,47.58,47.48,47.48,5368
2018-11-02 12:35:00-04:00,47.54,47.54,47.44,47.49,6045
2018-11-02 12:40:00-04:00,47.5,47.52,47.485,47.5,4123
2018-11-02 12:45:00-04:00,47.49,47.53,47.49,47.51,4299
2018-11-02 12:50:00-04:00,47.51,47.51,47.49,47.49,17509
2018-11-02 12:55:00-04:00,47.48,47.52,47.47,47.52,5563
2018-11-02 13:00:00-04:00,47.52,47.53,47.49,47.49,6518
2018-11-02 13:05:00-04:00,47.49,47.55,47.48,47.55,5205
2018-11-02 13:10:00-04:00,47.54,47.59,47.54,47.59,5392
2018-11-02 13:15:00-04:00,47.6,47.61,47.58,47.61,4329
2018-11-02 13:20:00-04:00,47.62,47.63,47.575,47.6,4648
2018-11-02 13:25:00-04:00,47.6,47.63,47.6,47.63,3711
2018-11-02 13:30:00-04:00,47.61,47.65,47.61,47.65,13663
2018-11-02 13:35:00-04:00,47.65,47.65,47.575,47.59,4300
2018-11-02 13:40:00-04:00,47.585,47.695,47.555,47.695,10775
2018-11-02 13:45:00-04:00,47.68,47.685,47.63,47.64,6250
2018-11-02 13:50:00-04:00,47.635,47.7,47.635,47.68,11058
2018-11-02 13:55:00-04:00,47.68,47.735,47.67,47.735,5367
2018-11-02 14:00:00-04:00,47.735,47.74,47.695,47.695,6311
2018-11-02 14:05:00-04:00,47.675,47.7,47.65,47.68,10239
2018-11-02 14:10:00-04:00,47.68,47.7,47.67,47.695,4752
2018-11-02 14:15:00-04:00,47.695,47.7,47.62,47.65,9481
2018-11-02 14:20:00-04:00,47.64,47.73,47.64,47.73,4058
2018-11-02 14:25:00-04:00,47.725,47.98,47.725,47.98,11097
2018-11-02 14:30:00-04:00,47.98,47.98,47.855,47.91,8991
2018-11-02 14:35:00-04:00,47.92,47.94,47.87,47.905,10258
2018-11-02 14:40:00-04:00,47.91,47.95,47.87,47.89,7840
2018-11-02 14:45:00-04:00,47.86,47.91,47.86,47.87,6529
2018-11-02 14:50:00-04:00,47.86,47.9,47.84,47.84,4010
2018-11-02 14:55:00-04:00,47.85,47.85,47.8,47.81,6427
2018-11-02 15:00:00-04:00,47.83,47.86,47.74,47.78,10145
2018-11-02 15:05:00-04:00,47.79,47.79,47.76,47.78,7692
2018-11-02 15:10:00-04:00,47.78,47.86,47.77,47.83,13414
2018-11-02 15:15:00-04:00,47.84,47.845,47.75,47.77,8852
2018-11-02 15:20:00-04:00,47.77,47.83,47.76,47.82,6376
2018-11-02 15:25:00-04:00,47.83,47.83,47.74,47.75,8226
2018-11-02 15:30:00-04:00,47.75,47.78,47.715,47.73,11460
2018-11-02 15:35:00-04:00,47.725,47.81,47.71,47.81,13073
2018-11-02 15:40:00-04:00,47.8,47.845,47.78,47.82,22432
2018-11-02 15:45:00-04:00,47.82,47.825,47.79,47.82,24107
2018-11-02 15:50:00-04:00,47.83,47.89,47.82,47.87,33132
2018-11-02 15:55:00-04:00,47.86,48.0,47.86,48.0,141153
2018-11-05 09:30:00-05:00,48.005,48.42,47.95,48.41,14965
2018-11-05 09:35:00-05:00,48.405,48.46,48.32,48.36,15583
2018-11-05 09:40:00-05:00,48.365,48.45,48.35,48.38,13642
2018-11-05 09:45:00-05:00,48.375,48.49,48.37,48.39,21974
2018-11-05 09:50:00-05:00,48.38,48.41,48.29,48.29,8418
2018-11-05 09:55:00-05:00,48.31,48.32,48.25,48.25,9478
2018-11-05 10:00:00-05:00,48.215,48.31,48.21,48.275,6882
2018-11-05 10:05:00-05:00,48.27,48.32,48.24,48.32,7759
2018-11-05 10:10:00-05:00,48.33,48.415,48.3,48.415,10436
2018-11-05 10:15:00-05:00,48.41,48.425,48.32,48.32,6940
2018-11-05 10:20:00-05:00,48.33,48.42,48.33,48.37,11506
2018-11-05 10:25:00-05:00,48.36,48.43,48.36,48.43,8254
2018-11-05 10:30:00-05:00,48.44,48.55,48.43,48.51,15330
2018-11-05 10:35:00-05:00,48.51,48.57,48.495,48.55,10942
2018-11-05 10:40:00-05:00,48.54,48.565,48.45,48.45,14829
2018-11-05 10:45:00-05:00,48.46,48.47,48.4,48.42,8745
2018-11-05 10:50:00-05:00,48.4,48.485,48.4,48.485,7445
2018-11-05 10:55:00-05:00,48.48,48.5,48.445,48.49,8743
2018-11-05 11:00:00-05:00,48.48,48.49,48.425,48.46,12775
2018-11-05 11:05:00-05:00,48.44,48.5,48.425,48.5,11018
2018-11-05 11:10:00-05:00,48.53,48.59,48.52,48.575,10418
2018-11-05 11:15:00-05:00,48.58,48.62,48.57,48.61,9227
2018-11-05 11:20:00-05:00,48.62,48.66,48.615,48.65,6009
2018-11-05 11:25:00-05:00,48.66,48.67,48.58,48.59,9888
2018-11-05 11:30:00-05:00,48.585,48.645,48.56,48.6,6265
2018-11-05 11:35:00-05:00,48.595,48.61,48.545,48.58,7870
2018-11-05 11:40:00-05:00,48.59,48.6,48.54,48.58,6834
2018-11-05 11:45:00-05:00,48.57,48.625,48.57,48.59,4541
2018-11-05 11:50:00-05:00,48.6,48.63,48.56,48.56,6439
2018-11-05 11:55:00-05:00,48.57,48.65,48.57,48.65,5590
2018-11-05 12:00:00-05:00,48.66,48.68,48.63,48.68,10110
2018-11-05 12:05:00-05:00,48.68,48.69,48.66,48.67,7230
2018-11-05 12:10:00-05:00,48.68,48.73,48.67,48.71,5428
2018-11-05 12:15:00-05:00,48.7,48.73,48.69,48.715,4024
2018-11-05 12:20:00-05:00,48.7,48.71,48.68,48.7,4162
2018-11-05 12:25:00-05:00,48.69,48.71,48.67,48.71,4075
2018-11-05 12:30:00-05:00,48.71,48.72,48.7,48.71,5408
2018-11-05 12:35:00-05:00,48.71,48.71,48.64,48.64,6507
2018-11-05 12:40:00-05:00,48.63,48.65,48.62,48.635,3410
2018-11-05 12:45:00-05:00,48.63,48.67,48.63,48.635,7082
2018-11-05 12:50:00-05:00,48.63,48.65,48.62,48.64,3914
2018-11-05 12:55:00-05:00,48.64,48.69,48.63,48.66,3271
2018-11-05 13:00:00-05:00,48.65,48.685,48.65,48.655,4237
2018-11-05 13:05:00-05:00,48.65,48.67,48.635,48.66,3648
2018-11-05 13:10:00-05:00,48.66,48.66,48.6,48.6,8602
2018-11-05 13:15:00-05:00,48.6,48.62,48.56,48.575,4404
2018-11-05 13:20:00-05:00,48.58,48.625,48.58,48.615,5525
2018-11-05 13:25:00-05:00,48.62,48.635,48.62,48.63,4610
2018-11-05 13:30:00-05:00,48.63,48.68,48.63,48.68,12503
2018-11-05 13:35:00-05:00,48.68,48.68,48.655,48.66,4297
2018-11-05 13:40:00-05:00,48.67,48.68,48.63,48.635,6338
2018-11-05 13:45:00-05:00,48.64,48.67,48.62,48.67,11101
2018-11-05 13:50:00-05:00,48.67,48.68,48.655,48.67,5257
2018-11-05 13:55:00-05:00,48.67,48.675,48.65,48.66,7841
2018-11-05 14:00:00-05:00,48.665,48.675,48.64,48.64,8539
2018-11-05 14:05:00-05:00,48.65,48.67,48.645,48.665,5028
2018-11-05 14:10:00-05:00,48.66,48.7,48.66,48.68,4815
2018-11-05 14:15:00-05:00,48.68,48.74,48.67,48.735,9445
2018-11-05 14:20:00-05:00,48.735,48.775,48.71,48.77,12904
2018-11-05 14:25:00-05:00,48.765,48.77,48.71,48.74,11030
2018-11-05 14:30:00-05:00,48.745,48.75,48.69,48.695,12222
2018-11-05 14:35:00-05:00,48.7,48.71,48.67,48.675,20161
2018-11-05 14:40:00-05:00,48.68,48.68,48.6,48.63,13776
2018-11-05 14:45:00-05:00,48.64,48.66,48.62,48.645,12027
2018-11-05 14:50:00-05:00,48.65,48.66,48.62,48.63,8239
2018-11-05 14:55:00-05:00,48.625,48.64,48.61,48.64,11899
2018-11-05 15:00:00-05:00,48.64,48.655,48.6,48.635,10490
2018-11-05 15:05:00-05:00,48.63,48.68,48.63,48.655,12107
2018-11-05 15:10:00-05:00,48.66,48.66,48.64,48.645,8892
2018-11-05 15:15:00-05:00,48.645,48.645,48.61,48.62,7388
2018-11-05 15:20:00-05:00,48.62,48.63,48.58,48.59,24314
2018-11-05 15:25:00-05:00,48.59,48.625,48.56,48.625,19768
2018-11-05 15:30:00-05:00,48.625,48.66,48.59,48.66,18133
2018-11-05 15:35:00-05:00,48.655,48.675,48.635,48.67,23438
2018-11-05 15:40:00-05:00,48.68,48.68,48.615,48.64,18016
2018-11-05 15:45:00-05:00,48.63,48.645,48.57,48.59,31847
2018-11-05 15:50:00-05:00,48.6,48.61,48.58,48.595,34280
2018-11-05 15:55:00-05:00,48.6,48.7,48.6,48.69,113357
2018-11-06 09:30:00-05:00,48.65,48.87,48.65,48.805,10400
2018-11-06 09:35:00-05:00,48.83,48.87,48.77,48.86,9580
2018-11-06 09:40:00-05:00,48.86,48.97,48.79,48.97,10282
2018-11-06 09:45:00-05:00,48.97,48.97,48.9,48.93,7521
2018-11-06 09:50:00-05:00,48.95,48.97,48.94,48.96,4760
2018-11-06 09:55:00-05:00,48.96,48.97,48.9,48.96,5528
2018-11-06 10:00:00-05:00,48.97,48.99,48.96,48.98,7554
2018-11-06 10:05:00-05:00,48.99,49.12,48.975,49.11,13880
2018-11-06 10:10:00-05:00,49.11,49.12,49.03,49.07,6915
2018-11-06 10:15:00-05:00,49.075,49.115,49.035,49.04,8663
2018-11-06 10:20:00-05:00,49.03,49.08,49.005,49.005,6136
2018-11-06 10:25:00-05:00,49.005,49.02,48.93,48.95,6629
2018-11-06 10:30:00-05:00,48.95,49.0,48.94,48.94,4413
2018-11-06 10:35:00-05:00,48.94,48.96,48.9,48.93,5678
2018-11-06 10:40:00-05:00,48.93,48.94,48.84,48.87,11009
2018-11-06 10:45:00-05:00,48.875,48.96,48.87,48.91,4372
2018-11-06 10:50:00-05:00,48.91,48.96,48.9,48.92,5580
2018-11-06 10:55:00-05:00,48.93,48.96,48.89,48.9,5362
2018-11-06 11:00:00-05:00,48.9,48.965,48.9,48.96,14967
2018-11-06 11:05:00-05:00,48.955,48.97,48.89,48.89,5846
2018-11-06 11:10:00-05:00,48.895,48.91,48.835,48.875,13304
2018-11-06 11:15:00-05:00,48.875,48.885,48.835,48.86,9523
2018-11-06 11:20:00-05:00,48.865,48.89,48.85,48.86,8918
2018-11-06 11:25:00-05:00,48.865,48.945,48.86,48.945,8309
2018-11-06 11:30:00-05:00,48.95,48.985,48.94,48.98,2831
2018-11-06 11:35:00-05:00,48.985,48.985,48.94,48.94,6744
2018-11-06 11:40:00-05:00,48.95,48.97,48.93,48.93,4574
2018-11-06 11:45:00-05:00,48.91,48.93,48.9,48.9,3039
2018-11-06 11:50:00-05:00,48.9,48.91,48.87,48.875,7721
2018-11-06 11:55:00-05:00,48.88,48.93,48.88,48.91,10011
2018-11-06 12:00:00-05:00,48.9,48.93,48.89,48.91,4348
2018-11-06 12:05:00-05:00,48.9,48.92,48.89,48.9,4728
2018-11-06 12:10:00-05:00,48.91,48.93,48.895,48.9,5041
2018-11-06 12:15:00-05:00,48.91,48.915,48.89,48.91,2553
2018-11-06 12:20:00-05:00,48.91,48.945,48.91,48.94,4112
2018-11-06 12:25:00-05:00,48.95,48.97,48.92,48.96,3532
2018-11-06 12:30:00-05:00,48.96,48.96,48.94,48.94,3864
2018-11-06 12:35:00-05:00,48.94,48.97,48.93,48.97,4692
2018-11-06 12:40:00-05:00,48.98,49.0,48.975,48.975,5825
2018-11-06 12:45:00-05:00,48.97,48.99,48.97,48.97,4457
2018-11-06 12:50:00-05:00,48.98,48.99,48.935,48.935,5272
2018-11-06 12:55:00-05:00,48.95,48.98,48.95,48.96,2808
2018-11-06 13:00:00-05:00,48.97,48.99,48.97,48.97,3711
2018-11-06 13:05:00-05:00,48.965,48.995,48.96,48.99,5107
2018-11-06 13:10:00-05:00,48.99,49.01,48.96,48.96,5958
2018-11-06 13:15:00-05:00,48.96,48.98,48.89,48.89,4807
2018-11-06 13:20:00-05:00,48.895,48.905,48.86,48.88,3182
2018-11-06 13:25:00-05:00,48.88,48.88,48.85,48.875,4565
2018-11-06 13:30:00-05:00,48.86,48.86,48.81,48.835,14475
2018-11-06 13:35:00-05:00,48.835,48.89,48.835,48.88,8268
2018-11-06 13:40:00-05:00,48.86,48.86,48.815,48.84,3976
2018-11-06 13:45:00-05:00,48.83,48.84,48.8,48.8,4023
2018-11-06 13:50:00-05:00,48.81,48.845,48.8,48.845,4409
2018-11-06 13:55:00-05:00,48.85,48.94,48.85,48.93,8366
2018-11-06 14:00:00-05:00,48.925,48.93,48.83,48.83,6250
2018-11-06 14:05:00-05:00,48.84,48.89,48.835,48.89,8722
2018-11-06 14:10:00-05:00,48.885,48.91,48.86,48.905,10562
2018-11-06 14:15:00-05:00,48.9,48.91,48.89,48.905,5794
2018-11-06 14:20:00-05:00,48.91,48.94,48.9,48.925,6608
2018-11-06 14:25:00-05:00,48.93,48.93,48.87,48.885,7117
2018-11-06 14:30:00-05:00,48.87,48.88,48.84,48.88,9635
2018-11-06 14:35:00-05:00,48.87,48.93,48.87,48.88,7436
2018-11-06 14:40:00-05:00,48.89,48.925,48.89,48.9,4598
2018-11-06 14:45:00-05:00,48.9,48.905,48.89,48.89,5617
2018-11-06 14:50:00-05:00,48.88,48.88,48.85,48.865,5682
2018-11-06 14:55:00-05:00,48.865,48.885,48.865,48.885,3430
2018-11-06 15:00:00-05:00,48.89,48.915,48.875,48.9,13439
2018-11-06 15:05:00-05:00,48.9,48.92,48.895,48.91,12062
2018-11-06 15:10:00-05:00,48.905,48.95,48.905,48.95,8464
2018-11-06 15:15:00-05:00,48.96,48.96,48.92,48.92,4979
2018-11-06 15:20:00-05:00,48.91,48.96,48.9,48.945,10851
2018-11-06 15:25:00-05:00,48.945,48.945,48.89,48.895,9603
2018-11-06 15:30:00-05:00,48.9,48.91,48.88,48.885,9397
2018-11-06 15:35:00-05:00,48.89,48.91,48.88,48.89,12820
2018-11-06 15:40:00-05:00,48.89,48.9,48.86,48.865,17082
2018-11-06 15:45:00-05:00,48.86,48.89,48.83,48.89,44665
2018-11-06 15:50:00-05:00,48.89,49.0,48.88,48.98,30081
2018-11-06 15:55:00-05:00,48.98,49.13,48.98,49.11,78964
2018-11-07 09:30:00-05:00,49.39,49.55,49.35,49.39,20535
2018-11-07 09:35:00-05:00,49.4,49.44,49.28,49.29,13998
2018-11-07 09:40:00-05:00,49.3,49.37,49.27,49.34,9862
2018-11-07 09:45:00-05:00,49.36,49.42,49.36,49.37,15502
2018-11-07 09:50:00-05:00,49.38,49.425,49.3,49.3,8751
2018-11-07 09:55:00-05:00,49.36,49.38,49.27,49.28,9417
2018-11-07 10:00:00-05:00,49.28,49.3,49.14,49.16,5815
2018-11-07 10:05:00-05:00,49.17,49.17,49.04,49.08,3643
2018-11-07 10:10:00-05:00,49.085,49.13,49.07,49.125,7072
2018-11-07 10:15:00-05:00,49.11,49.175,49.11,49.175,2601
2018-11-07 10:20:00-05:00,49.18,49.26,49.16,49.26,7412
2018-11-07 10:25:00-05:00,49.26,49.27,49.21,49.22,4879
2018-11-07 10:30:00-05:00,49.22,49.24,49.19,49.22,4205
2018-11-07 10:35:00-05:00,49.21,49.27,49.21,49.23,4524
2018-11-07 10:40:00-05:00,49.25,49.31,49.24,49.31,3118
2018-11-07 10:45:00-05:00,49.33,49.33,49.25,49.26,9855
2018-11-07 10:50:00-05:00,49.275,49.3,49.25,49.26,4455
2018-11-07 10:55:00-05:00,49.27,49.275,49.24,49.275,5771
2018-11-07 11:00:00-05:00,49.275,49.35,49.275,49.335,9964
2018-11-07 11:05:00-05:00,49.34,49.4,49.34,49.36,10728
2018-11-07 11:10:00-05:00,49.36,49.4,49.33,49.38,8503
2018-11-07 11:15:00-05:00,49.38,49.38,49.32,49.35,5442
2018-11-07 11:20:00-05:00,49.32,49.32,49.23,49.235,13681
2018-11-07 11:25:00-05:00,49.23,49.235,49.16,49.18,6866
2018-11-07 11:30:00-05:00,49.18,49.25,49.17,49.24,15286
2018-11-07 11:35:00-05:00,49.23,49.29,49.19,49.285,5768
2018-11-07 11:40:00-05:00,49.28,49.285,49.24,49.24,6776
2018-11-07 11:45:00-05:00,49.245,49.3,49.245,49.28,4542
2018-11-07 11:50:00-05:00,49.285,49.36,49.28,49.36,4117
2018-11-07 11:55:00-05:00,49.355,49.365,49.33,49.365,7745
2018-11-07 12:00:00-05:00,49.365,49.39,49.34,49.385,4336
2018-11-07 12:05:00-05:00,49.395,49.405,49.385,49.39,5270
2018-11-07 12:10:00-05:00,49.4,49.405,49.38,49.4,3346
2018-11-07 12:15:00-05:00,49.4,49.41,49.37,49.38,7788
2018-11-07 12:20:00-05:00,49.38,49.39,49.36,49.38,3539
2018-11-07 12:25:00-05:00,49.385,49.39,49.35,49.35,4699
2018-11-07 12:30:00-05:00,49.35,49.36,49.32,49.32,4245
2018-11-07 12:35:00-05:00,49.32,49.355,49.315,49.35,7926
2018-11-07 12:40:00-05:00,49.35,49.36,49.35,49.36,5024
2018-11-07 12:45:00-05:00,49.36,49.37,49.34,49.34,9968
2018-11-07 12:50:00-05:00,49.33,49.375,49.33,49.365,7342
2018-11-07 12:55:00-05:00,49.365,49.37,49.34,49.37,3887
2018-11-07 13:00:00-05:00,49.375,49.385,49.35,49.365,5825
2018-11-07 13:05:00-05:00,49.365,49.385,49.355,49.375,3682
2018-11-07 13:10:00-05:00,49.38,49.39,49.37,49.38,4034
2018-11-07 13:15:00-05:00,49.37,49.37,49.35,49.36,2273
2018-11-07 13:20:00-05:00,49.355,49.405,49.355,49.39,5888
2018-11-07 13:25:00-05:00,49.39,49.4,49.37,49.395,3448
2018-11-07 13:30:00-05:00,49.4,49.425,49.39,49.405,4706
2018-11-07 13:35:00-05:00,49.405,49.415,49.405,49.415,4695
2018-11-07 13:40:00-05:00,49.405,49.405,49.38,49.39,7623
2018-11-07 13:45:00-05:00,49.4,49.4,49.36,49.36,2119
2018-11-07 13:50:00-05:00,49.35,49.355,49.34,49.34,4122
2018-11-07 13:55:00-05:00,49.33,49.34,49.325,49.335,4194
2018-11-07 14:00:00-05:00,49.34,49.36,49.33,49.35,7454
2018-11-07 14:05:00-05:00,49.345,49.38,49.34,49.37,6887
2018-11-07 14:10:00-05:00,49.375,49.38,49.36,49.36,9209
2018-11-07 14:15:00-05:00,49.37,49.39,49.36,49.385,7972
2018-11-07 14:20:00-05:00,49.385,49.43,49.38,49.42,5801
2018-11-07 14:25:00-05:00,49.41,49.44,49.38,49.38,4518
2018-11-07 14:30:00-05:00,49.39,49.42,49.38,49.39,3758
2018-11-07 14:35:00-05:00,49.4,49.45,49.39,49.43,5587
2018-11-07 14:40:00-05:00,49.43,49.435,49.38,49.38,4032
2018-11-07 14:45:00-05:00,49.4,49.4,49.34,49.36,3747
2018-11-07 14:50:00-05:00,49.37,49.39,49.33,49.335,5193
2018-11-07 14:55:00-05:00,49.335,49.37,49.33,49.36,11655
2018-11-07 15:00:00-05:00,49.355,49.36,49.3,49.3,6549
2018-11-07 15:05:00-05:00,49.31,49.33,49.31,49.325,7413
2018-11-07 15:10:00-05:00,49.33,49.4,49.32,49.38,9260
2018-11-07 15:15:00-05:00,49.38,49.39,49.35,49.36,4896
2018-11-07 15:20:00-05:00,49.36,49.36,49.325,49.34,5850
2018-11-07 15:25:00-05:00,49.34,49.385,49.34,49.38,4322
2018-11-07 15:30:00-05:00,49.37,49.39,49.355,49.38,7887
2018-11-07 15:35:00-05:00,49.39,49.39,49.35,49.365,9386
2018-11-07 15:40:00-05:00,49.37,49.4,49.35,49.365,32858
2018-11-07 15:45:00-05:00,49.36,49.42,49.36,49.41,31793
2018-11-07 15:50:00-05:00,49.41,49.42,49.385,49.41,31990
2018-11-07 15:55:00-05:00,49.42,49.43,49.37,49.37,51813
2018-11-08 09:30:00-05:00,49.14,49.22,49.1,49.19,9252
2018-11-08 09:35:00-05:00,49.195,49.33,49.195,49.21,8613
2018-11-08 09:40:00-05:00,49.215,49.36,49.215,49.34,17133
2018-11-08 09:45:00-05:00,49.32,49.34,49.3,49.31,8924
2018-11-08 09:50:00-05:00,49.315,49.36,49.23,49.23,8200
2018-11-08 09:55:00-05:00,49.21,49.23,49.15,49.21,7491
2018-11-08 10:00:00-05:00,49.18,49.2,49.15,49.18,5903
2018-11-08 10:05:00-05:00,49.18,49.26,49.18,49.26,3090
2018-11-08 10:10:00-05:00,49.25,49.25,49.15,49.15,5195
2018-11-08 10:15:00-05:00,49.16,49.19,49.145,49.16,5223
2018-11-08 10:20:00-05:00,49.16,49.17,49.14,49.15,6194
2018-11-08 10:25:00-05:00,49.14,49.165,49.12,49.15,10172
2018-11-08 10:30:00-05:00,49.16,49.17,49.12,49.14,6816
2018-11-08 10:35:00-05:00,49.15,49.165,49.12,49.15,5508
2018-11-08 10:40:00-05:00,49.145,49.19,49.135,49.18,3093
2018-11-08 10:45:00-05:00,49.19,49.2,49.17,49.19,7207
2018-11-08 10:50:00-05:00,49.18,49.18,49.145,49.175,5623
2018-11-08 10:55:00-05:00,49.175,49.23,49.175,49.22,7234
2018-11-08 11:00:00-05:00,49.21,49.22,49.18,49.195,2390
2018-11-08 11:05:00-05:00,49.2,49.27,49.195,49.265,6220
2018-11-08 11:10:00-05:00,49.265,49.32,49.26,49.32,21605
2018-11-08 11:15:00-05:00,49.32,49.32,49.275,49.29,4228
2018-11-08 11:20:00-05:00,49.295,49.36,49.295,49.35,6051
2018-11-08 11:25:00-05:00,49.335,49.335,49.23,49.25,4209
2018-11-08 11:30:00-05:00,49.27,49.335,49.27,49.32,4134
2018-11-08 11:35:00-05:00,49.32,49.325,49.29,49.29,4153
2018-11-08 11:40:00-05:00,49.295,49.3,49.275,49.29,3662
2018-11-08 11:45:00-05:00,49.305,49.31,49.29,49.29,3333
2018-11-08 11:50:00-05:00,49.29,49.3,49.25,49.255,5366
2018-11-08 11:55:00-05:00,49.255,49.265,49.23,49.26,4116
2018-11-08 12:00:00-05:00,49.265,49.29,49.26,49.29,5735
2018-11-08 12:05:00-05:00,49.305,49.315,49.275,49.29,4178
2018-11-08 12:10:00-05:00,49.29,49.295,49.255,49.285,3068
2018-11-08 12:15:00-05:00,49.27,49.28,49.27,49.27,4765
2018-11-08 12:20:00-05:00,49.275,49.285,49.26,49.28,4850
2018-11-08 12:25:00-05:00,49.275,49.31,49.27,49.295,6196
2018-11-08 12:30:00-05:00,49.3,49.32,49.295,49.31,34637
2018-11-08 12:35:00-05:00,49.31,49.34,49.31,49.32,3003
2018-11-08 12:40:00-05:00,49.32,49.33,49.31,49.31,1200
2018-11-08 12:45:00-05:00,49.31,49.32,49.3,49.315,5800
2018-11-08 12:50:00-05:00,49.31,49.32,49.29,49.3,7241
2018-11-08 12:55:00-05:00,49.31,49.31,49.29,49.295,4206
2018-11-08 13:00:00-05:00,49.295,49.305,49.275,49.275,8227
2018-11-08 13:05:00-05:00,49.275,49.3,49.25,49.3,8356
2018-11-08 13:10:00-05:00,49.29,49.31,49.29,49.3,7672
2018-11-08 13:15:00-05:00,49.3,49.3,49.265,49.27,14783
2018-11-08 13:20:00-05:00,49.275,49.275,49.25,49.265,4859
2018-11-08 13:25:00-05:00,49.27,49.305,49.26,49.295,8923
2018-11-08 13:30:00-05:00,49.29,49.31,49.29,49.29,6622
2018-11-08 13:35:00-05:00,49.29,49.305,49.29,49.3,4207
2018-11-08 13:40:00-05:00,49.3,49.305,49.29,49.3,4471
2018-11-08 13:45:00-05:00,49.31,49.31,49.27,49.27,5358
2018-11-08 13:50:00-05:00,49.27,49.28,49.26,49.26,5060
2018-11-08 13:55:00-05:00,49.245,49.27,49.24,49.27,7660
2018-11-08 14:00:00-05:00,49.25,49.28,49.21,49.25,4748
2018-11-08 14:05:00-05:00,49.26,49.31,49.26,49.3,6357
2018-11-08 14:10:00-05:00,49.3,49.305,49.28,49.28,4418
2018-11-08 14:15:00-05:00,49.285,49.285,49.25,49.25,6628
2018-11-08 14:20:00-05:00,49.25,49.255,49.225,49.25,3531
2018-11-08 14:25:00-05:00,49.23,49.23,49.175,49.18,4044
2018-11-08 14:30:00-05:00,49.16,49.195,49.15,49.17,7035
2018-11-08 14:35:00-05:00,49.18,49.21,49.17,49.17,4656
2018-11-08 14:40:00-05:00,49.17,49.18,49.15,49.17,8053
2018-11-08 14:45:00-05:00,49.16,49.22,49.16,49.22,5962
2018-11-08 14:50:00-05:00,49.22,49.22,49.18,49.185,8784
2018-11-08 14:55:00-05:00,49.18,49.26,49.18,49.23,5831
2018-11-08 15:00:00-05:00,49.23,49.23,49.185,49.185,9384
2018-11-08 15:05:00-05:00,49.185,49.23,49.185,49.2,11992
2018-11-08 15:10:00-05:00,49.205,49.235,49.18,49.22,8929
2018-11-08 15:15:00-05:00,49.23,49.24,49.21,49.23,9344
2018-11-08 15:20:00-05:00,49.23,49.265,49.23,49.26,5309
2018-11-08 15:25:00-05:00,49.26,49.26,49.2,49.2,11465
2018-11-08 15:30:00-05:00,49.2,49.24,49.185,49.24,10737
2018-11-08 15:35:00-05:00,49.24,49.245,49.195,49.21,15065
2018-11-08 15:40:00-05:00,49.22,49.25,49.22,49.24,12961
2018-11-08 15:45:00-05:00,49.24,49.29,49.23,49.26,25090
2018-11-08 15:50:00-05:00,49.27,49.32,49.25,49.27,25422
2018-11-08 15:55:00-05:00,49.28,49.345,49.27,49.33,56989
2018-11-12 09:30:00-05:00,49.595,49.73,49.54,49.7,8396
2018-11-12 09:35:00-05:00,49.7,49.86,49.68,49.86,7228
2018-11-12 09:40:00-05:00,49.87,49.93,49.85,49.91,10297
2018-11-12 09:45:00-05:00,49.92,49.995,49.9,49.97,16416
2018-11-12 09:50:00-05:00,49.97,50.0,49.96,49.98,11904
2018-11-12 09:55:00-05:00,49.97,49.98,49.89,49.9,9267
2018-11-12 10:00:00-05:00,49.92,49.99,49.87,49.99,10958
2018-11-12 10:05:00-05:00,49.99,50.0,49.93,49.93,10911
2018-11-12 10:10:00-05:00,49.945,49.96,49.92,49.93,8864
2018-11-12 10:15:00-05:00,49.94,49.94,49.88,49.93,9264
2018-11-12 10:20:00-05:00,49.94,49.97,49.91,49.91,5093
2018-11-12 10:25:00-05:00,49.91,49.91,49.87,49.9,10315
2018-11-12 10:30:00-05:00,49.89,49.94,49.89,49.92,8777
2018-11-12 10:35:00-05:00,49.925,49.95,49.885,49.94,11775
2018-11-12 10:40:00-05:00,49.95,50.0,49.94,49.995,5810
2018-11-12 10:45:00-05:00,49.995,50.1,49.995,50.03,10032
2018-11-12 10:50:00-05:00,50.035,50.06,49.98,50.0,67039
2018-11-12 10:55:00-05:00,50.03,50.06,50.03,50.06,3624
2018-11-12 11:00:00-05:00,50.06,50.1,50.05,50.08,3976
2018-11-12 11:05:00-05:00,50.1,50.125,50.08,50.12,6382
2018-11-12 11:10:00-05:00,50.115,50.14,50.09,50.12,4960
2018-11-12 11:15:00-05:00,50.12,50.12,50.02,50.05,3393
2018-11-12 11:20:00-05:00,50.04,50.04,49.99,50.01,2802
2018-11-12 11:25:00-05:00,50.02,50.03,49.99,49.99,3399
2018-11-12 11:30:00-05:00,49.98,49.98,49.9,49.9,7694
2018-11-12 11:35:00-05:00,49.91,49.91,49.8,49.8,2880
2018-11-12 11:40:00-05:00,49.79,49.88,49.79,49.87,1976
2018-11-12 11:45:00-05:00,49.84,49.9,49.84,49.875,3146
2018-11-12 11:50:00-05:00,49.89,49.94,49.88,49.94,3084
2018-11-12 11:55:00-05:00,49.93,49.99,49.93,49.96,3432
2018-11-12 12:00:00-05:00,49.95,49.95,49.88,49.91,8867
2018-11-12 12:05:00-05:00,49.9,49.95,49.9,49.95,10036
2018-11-12 12:10:00-05:00,49.96,50.0,49.96,50.0,3944
2018-11-12 12:15:00-05:00,50.0,50.02,49.99,50.02,6479
2018-11-12 12:20:00-05:00,50.01,50.04,49.99,50.04,11972
2018-11-12 12:25:00-05:00,50.04,50.05,50.01,50.02,11269
2018-11-12 12:30:00-05:00,50.02,50.03,49.99,49.99,5518
2018-11-12 12:35:00-05:00,49.99,50.02,49.97,50.02,9682
2018-11-12 12:40:00-05:00,50.04,50.08,50.04,50.06,9129
2018-11-12 12:45:00-05:00,50.085,50.09,50.05,50.07,5734
2018-11-12 12:50:00-05:00,50.07,50.09,50.045,50.08,4139
2018-11-12 12:55:00-05:00,50.07,50.1,50.045,50.045,10865
2018-11-12 13:00:00-05:00,50.05,50.06,50.05,50.06,1400
2018-11-12 13:05:00-05:00,50.06,50.07,50.04,50.05,8413
2018-11-12 13:10:00-05:00,50.05,50.06,50.04,50.04,4927
2018-11-12 13:15:00-05:00,50.04,50.09,50.04,50.08,5988
2018-11-12 13:20:00-05:00,50.08,50.09,50.07,50.09,5629
2018-11-12 13:25:00-05:00,50.09,50.15,50.09,50.13,5934
2018-11-12 13:30:00-05:00,50.12,50.16,50.12,50.15,15001
2018-11-12 13:35:00-05:00,50.15,50.15,50.12,50.13,5788
2018-11-12 13:40:00-05:00,50.13,50.145,50.12,50.13,7088
2018-11-12 13:45:00-05:00,50.12,50.18,50.1,50.17,8014
2018-11-12 13:50:00-05:00,50.17,50.23,50.17,50.23,7555
2018-11-12 13:55:00-05:00,50.225,50.24,50.225,50.23,2900
2018-11-12 14:00:00-05:00,50.22,50.22,50.17,50.21,9451
2018-11-12 14:05:00-05:00,50.21,50.21,50.13,50.16,4555
2018-11-12 14:10:00-05:00,50.17,50.19,50.13,50.13,3800
2018-11-12 14:15:00-05:00,50.13,50.2,50.13,50.18,6855
2018-11-12 14:20:00-05:00,50.17,50.18,50.14,50.15,4095
2018-11-12 14:25:00-05:00,50.15,50.16,50.13,50.16,5311
2018-11-12 14:30:00-05:00,50.16,50.16,50.135,50.14,6398
2018-11-12 14:35:00-05:00,50.16,50.16,50.08,50.1,8142
2018-11-12 14:40:00-05:00,50.11,50.15,50.08,50.14,9561
2018-11-12 14:45:00-05:00,50.15,50.18,50.15,50.17,7844
2018-11-12 14:50:00-05:00,50.175,50.175,50.11,50.12,4765
2018-11-12 14:55:00-05:00,50.11,50.11,50.07,50.07,6630
2018-11-12 15:00:00-05:00,50.09,50.09,50.02,50.02,9556
2018-11-12 15:05:00-05:00,50.03,50.03,50.0,50.01,12767
2018-11-12 15:10:00-05:00,50.0,50.02,49.94,49.98,12739
2018-11-12 15:15:00-05:00,49.98,50.0,49.945,50.0,15864
2018-11-12 15:20:00-05:00,50.0,50.08,49.99,50.05,6186
2018-11-12 15:25:00-05:00,50.05,50.09,50.025,50.03,6377
2018-11-12 15:30:00-05:00,50.02,50.025,49.92,49.93,15859
2018-11-12 15:35:00-05:00,49.92,49.95,49.91,49.94,15433
2018-11-12 15:40:00-05:00,49.92,49.97,49.9,49.93,24189
2018-11-12 15:45:00-05:00,49.925,49.98,49.89,49.89,23726
2018-11-12 15:50:00-05:00,49.9,49.9,49.7,49.71,24042
2018-11-12 15:55:00-05:00,49.72,49.88,49.72,49.88,63069
2018-11-13 09:25:00-05:00,49.85,49.85,49.79,49.79,375
2018-11-13 09:30:00-05:00,49.79,49.91,49.685,49.76,23555
2018-11-13 09:35:00-05:00,49.74,49.745,49.615,49.65,8257
2018-11-13 09:40:00-05:00,49.66,49.89,49.64,49.86,10553
2018-11-13 09:45:00-05:00,49.85,49.96,49.84,49.94,13585
2018-11-13 09:50:00-05:00,49.95,50.0,49.95,49.985,33923
2018-11-13 09:55:00-05:00,49.99,49.99,49.94,49.98,13882
2018-11-13 10:00:00-05:00,49.99,50.0,49.89,49.97,9832
2018-11-13 10:05:00-05:00,49.97,50.0,49.94,49.95,7982
2018-11-13 10:10:00-05:00,49.94,49.96,49.89,49.92,6708
2018-11-13 10:15:00-05:00,49.93,49.96,49.895,49.92,8291
2018-11-13 10:20:00-05:00,49.91,49.91,49.8,49.82,19369
2018-11-13 10:25:00-05:00,49.84,49.84,49.78,49.78,12347
2018-11-13 10:30:00-05:00,49.78,49.8,49.69,49.69,8598
2018-11-13 10:35:00-05:00,49.7,49.75,49.7,49.7,10649
2018-11-13 10:40:00-05:00,49.7,49.71,49.66,49.685,10029
2018-11-13 10:45:00-05:00,49.68,49.8,49.68,49.77,5551
2018-11-13 10:50:00-05:00,49.75,49.75,49.63,49.635,3569
2018-11-13 10:55:00-05:00,49.64,49.69,49.64,49.65,5672
2018-11-13 11:00:00-05:00,49.64,49.78,49.62,49.75,14259
2018-11-13 11:05:00-05:00,49.76,49.76,49.6,49.63,8165
2018-11-13 11:10:00-05:00,49.64,49.66,49.62,49.63,5387
2018-11-13 11:15:00-05:00,49.64,49.75,49.635,49.74,8063
2018-11-13 11:20:00-05:00,49.74,49.79,49.72,49.74,7092
2018-11-13 11:25:00-05:00,49.76,49.76,49.72,49.74,8901
2018-11-13 11:30:00-05:00,49.75,49.75,49.72,49.735,4607
2018-11-13 11:35:00-05:00,49.73,49.73,49.68,49.7,4823
2018-11-13 11:40:00-05:00,49.7,49.7,49.64,49.7,5559
2018-11-13 11:45:00-05:00,49.69,49.745,49.69,49.73,3969
2018-11-13 11:50:00-05:00,49.72,49.75,49.68,49.695,6923
2018-11-13 11:55:00-05:00,49.71,49.76,49.69,49.75,8024
2018-11-13 12:00:00-05:00,49.76,49.8,49.74,49.75,7509
2018-11-13 12:05:00-05:00,49.75,49.81,49.69,49.78,10498
2018-11-13 12:10:00-05:00,49.77,49.78,49.705,49.74,9353
2018-11-13 12:15:00-05:00,49.72,49.74,49.69,49.72,8973
2018-11-13 12:20:00-05:00,49.73,49.73,49.7,49.725,3689
2018-11-13 12:25:00-05:00,49.74,49.76,49.74,49.75,1894
2018-11-13 12:30:00-05:00,49.74,49.75,49.73,49.735,3955
2018-11-13 12:35:00-05:00,49.73,49.74,49.72,49.74,4246
2018-11-13 12:40:00-05:00,49.725,49.725,49.65,49.665,10468
2018-11-13 12:45:00-05:00,49.67,49.68,49.65,49.65,5970
2018-11-13 12:50:00-05:00,49.64,49.645,49.61,49.63,14838
2018-11-13 12:55:00-05:00,49.62,49.63,49.6,49.63,11702
2018-11-13 13:00:00-05:00,49.625,49.675,49.625,49.675,7006
2018-11-13 13:05:00-05:00,49.675,49.68,49.65,49.66,25142
2018-11-13 13:10:00-05:00,49.665,49.665,49.61,49.61,15891
2018-11-13 13:15:00-05:00,49.615,49.615,49.58,49.6,8976
2018-11-13 13:20:00-05:00,49.61,49.64,49.6,49.63,5794
2018-11-13 13:25:00-05:00,49.62,49.635,49.59,49.625,30603
2018-11-13 13:30:00-05:00,49.63,49.71,49.62,49.71,26877
2018-11-13 13:35:00-05:00,49.7,49.75,49.68,49.75,3731
2018-11-13 13:40:00-05:00,49.76,49.76,49.73,49.73,2534
2018-11-13 13:45:00-05:00,49.72,49.72,49.67,49.71,3833
2018-11-13 13:50:00-05:00,49.71,49.82,49.71,49.805,6852
2018-11-13 13:55:00-05:00,49.81,49.81,49.765,49.77,3182
2018-11-13 14:00:00-05:00,49.77,49.81,49.75,49.75,4118
2018-11-13 14:05:00-05:00,49.75,49.775,49.75,49.76,3605
2018-11-13 14:10:00-05:00,49.78,49.79,49.71,49.71,3825
2018-11-13 14:15:00-05:00,49.685,49.685,49.65,49.67,6235
2018-11-13 14:20:00-05:00,49.68,49.69,49.62,49.69,12439
2018-11-13 14:25:00-05:00,49.69,49.75,49.68,49.75,6209
2018-11-13 14:30:00-05:00,49.76,49.825,49.76,49.825,4125
2018-11-13 14:35:00-05:00,49.82,49.88,49.82,49.87,4659
2018-11-13 14:40:00-05:00,49.86,49.86,49.78,49.8,3834
2018-11-13 14:45:00-05:00,49.8,49.85,49.77,49.84,4670
2018-11-13 14:50:00-05:00,49.83,49.86,49.81,49.85,4762
2018-11-13 14:55:00-05:00,49.86,49.88,49.82,49.83,3796
2018-11-13 15:00:00-05:00,49.82,49.92,49.81,49.88,7117
2018-11-13 15:05:00-05:00,49.87,49.87,49.805,49.85,4407
2018-11-13 15:10:00-05:00,49.85,49.85,49.77,49.775,12726
2018-11-13 15:15:00-05:00,49.77,49.8,49.745,49.78,8073
2018-11-13 15:20:00-05:00,49.78,49.78,49.73,49.73,7966
2018-11-13 15:25:00-05:00,49.76,49.83,49.76,49.79,7910
2018-11-13 15:30:00-05:00,49.79,49.82,49.7,49.7,9106
2018-11-13 15:35:00-05:00,49.72,49.85,49.715,49.82,17368
2018-11-13 15:40:00-05:00,49.82,49.82,49.76,49.765,15000
2018-11-13 15:45:00-05:00,49.765,49.85,49.75,49.835,19843
2018-11-13 15:50:00-05:00,49.85,49.86,49.83,49.85,15790
2018-11-13 15:55:00-05:00,49.84,49.875,49.79,49.85,54546
2018-11-14 09:30:00-05:00,49.85,49.9,49.68,49.7,6431
2018-11-14 09:35:00-05:00,49.74,49.78,49.6,49.76,8111
2018-11-14 09:40:00-05:00,49.72,49.77,49.71,49.72,6260
2018-11-14 09:45:00-05:00,49.71,49.77,49.67,49.705,8733
2018-11-14 09:50:00-05:00,49.69,49.88,49.67,49.83,8303
2018-11-14 09:55:00-05:00,49.84,49.86,49.81,49.85,4370
2018-11-14 10:00:00-05:00,49.835,49.87,49.8,49.85,4482
2018-11-14 10:05:00-05:00,49.855,49.86,49.77,49.83,6150
2018-11-14 10:10:00-05:00,49.82,49.86,49.8,49.83,9178
2018-11-14 10:15:00-05:00,49.83,49.89,49.79,49.8,10298
2018-11-14 10:20:00-05:00,49.78,49.82,49.77,49.8,3675
2018-11-14 10:25:00-05:00,49.78,49.82,49.75,49.75,4695
2018-11-14 10:30:00-05:00,49.76,49.77,49.7,49.72,6033
2018-11-14 10:35:00-05:00,49.72,49.78,49.71,49.78,2695
2018-11-14 10:40:00-05:00,49.77,49.77,49.73,49.76,7532
2018-11-14 10:45:00-05:00,49.745,49.79,49.73,49.78,8117
2018-11-14 10:50:00-05:00,49.77,49.82,49.75,49.79,6652
2018-11-14 10:55:00-05:00,49.8,49.8,49.685,49.685,4304
2018-11-14 11:00:00-05:00,49.685,49.69,49.6,49.61,10297
2018-11-14 11:05:00-05:00,49.61,49.65,49.61,49.65,4634
2018-11-14 11:10:00-05:00,49.64,49.65,49.59,49.62,4427
2018-11-14 11:15:00-05:00,49.62,49.67,49.62,49.63,3050
2018-11-14 11:20:00-05:00,49.63,49.67,49.615,49.67,3449
2018-11-14 11:25:00-05:00,49.69,49.75,49.69,49.735,7197
2018-11-14 11:30:00-05:00,49.72,49.73,49.695,49.72,5745
2018-11-14 11:35:00-05:00,49.71,49.73,49.63,49.64,7696
2018-11-14 11:40:00-05:00,49.63,49.66,49.62,49.62,3521
2018-11-14 11:45:00-05:00,49.62,49.625,49.59,49.61,4255
2018-11-14 11:50:00-05:00,49.61,49.7,49.6,49.69,8007
2018-11-14 11:55:00-05:00,49.695,49.705,49.685,49.7,3059
2018-11-14 12:00:00-05:00,49.695,49.74,49.695,49.74,2401
2018-11-14 12:05:00-05:00,49.74,49.765,49.72,49.73,3282
2018-11-14 12:10:00-05:00,49.73,49.74,49.68,49.71,4417
2018-11-14 12:15:00-05:00,49.71,49.76,49.7,49.75,4915
2018-11-14 12:20:00-05:00,49.75,49.825,49.75,49.82,8537
2018-11-14 12:25:00-05:00,49.83,49.87,49.82,49.87,7289
2018-11-14 12:30:00-05:00,49.84,49.84,49.78,49.79,2130
2018-11-14 12:35:00-05:00,49.795,49.82,49.76,49.81,4404
2018-11-14 12:40:00-05:00,49.81,49.82,49.74,49.76,5859
2018-11-14 12:45:00-05:00,49.76,49.8,49.76,49.79,6132
2018-11-14 12:50:00-05:00,49.79,49.84,49.77,49.78,7009
2018-11-14 12:55:00-05:00,49.8,49.83,49.72,49.74,10099
2018-11-14 13:00:00-05:00,49.72,49.78,49.69,49.7,7370
2018-11-14 13:05:00-05:00,49.71,49.74,49.7,49.71,6282
2018-11-14 13:10:00-05:00,49.71,49.765,49.69,49.765,5175
2018-11-14 13:15:00-05:00,49.75,49.825,49.75,49.82,5733
2018-11-14 13:20:00-05:00,49.81,49.82,49.77,49.78,2158
2018-11-14 13:25:00-05:00,49.78,49.78,49.73,49.74,3430
2018-11-14 13:30:00-05:00,49.73,49.73,49.68,49.72,9290
2018-11-14 13:35:00-05:00,49.72,49.73,49.68,49.7,2942
2018-11-14 13:40:00-05:00,49.71,49.71,49.625,49.63,5041
2018-11-14 13:45:00-05:00,49.63,49.65,49.6,49.62,6210
2018-11-14 13:50:00-05:00,49.61,49.67,49.6,49.66,7456
2018-11-14 13:55:00-05:00,49.675,49.7,49.665,49.695,5690
2018-11-14 14:00:00-05:00,49.69,49.69,49.625,49.65,6475
2018-11-14 14:05:00-05:00,49.64,49.64,49.59,49.64,5092
2018-11-14 14:10:00-05:00,49.635,49.7,49.635,49.7,6053
2018-11-14 14:15:00-05:00,49.7,49.78,49.7,49.755,10388
2018-11-14 14:20:00-05:00,49.77,49.83,49.76,49.79,8646
2018-11-14 14:25:00-05:00,49.76,49.775,49.7,49.73,5416
2018-11-14 14:30:00-05:00,49.71,49.75,49.69,49.73,9594
2018-11-14 14:35:00-05:00,49.72,49.8,49.72,49.76,3819
2018-11-14 14:40:00-05:00,49.76,49.78,49.7,49.7,7114
2018-11-14 14:45:00-05:00,49.71,49.76,49.7,49.73,21843
2018-11-14 14:50:00-05:00,49.72,49.83,49.71,49.82,11334
2018-11-14 14:55:00-05:00,49.815,49.9,49.815,49.88,8630
2018-11-14 15:00:00-05:00,49.88,49.9,49.84,49.85,8714
2018-11-14 15:05:00-05:00,49.86,49.94,49.855,49.91,10148
2018-11-14 15:10:00-05:00,49.885,49.9,49.87,49.88,10115
2018-11-14 15:15:00-05:00,49.885,49.9,49.835,49.87,7482
2018-11-14 15:20:00-05:00,49.845,49.875,49.83,49.84,11429
2018-11-14 15:25:00-05:00,49.83,49.835,49.79,49.81,9735
2018-11-14 15:30:00-05:00,49.81,49.83,49.78,49.8,10958
2018-11-14 15:35:00-05:00,49.79,49.81,49.75,49.77,8706
2018-11-14 15:40:00-05:00,49.75,49.77,49.735,49.75,12605
2018-11-14 15:45:00-05:00,49.75,49.78,49.72,49.725,32527
2018-11-14 15:50:00-05:00,49.73,49.76,49.66,49.665,41775
2018-11-14 15:55:00-05:00,49.66,49.77,49.63,49.77,70760
2018-11-15 09:30:00-05:00,49.59,49.65,49.42,49.52,3003
2018-11-15 09:35:00-05:00,49.53,49.54,49.44,49.45,6271
2018-11-15 09:40:00-05:00,49.435,49.53,49.435,49.47,9307
2018-11-15 09:45:00-05:00,49.46,49.57,49.45,49.55,14721
2018-11-15 09:50:00-05:00,49.53,49.58,49.44,49.45,11064
2018-11-15 09:55:00-05:00,49.45,49.505,49.445,49.505,8803
2018-11-15 10:00:00-05:00,49.525,49.67,49.515,49.64,14428
2018-11-15 10:05:00-05:00,49.635,49.71,49.61,49.675,18488
2018-11-15 10:10:00-05:00,49.67,49.695,49.58,49.58,19005
2018-11-15 10:15:00-05:00,49.58,49.58,49.49,49.545,5049
2018-11-15 10:20:00-05:00,49.55,49.6,49.49,49.49,5624
2018-11-15 10:25:00-05:00,49.5,49.51,49.46,49.47,8885
2018-11-15 10:30:00-05:00,49.47,49.48,49.42,49.42,8713
2018-11-15 10:35:00-05:00,49.425,49.45,49.31,49.33,10042
2018-11-15 10:40:00-05:00,49.34,49.45,49.33,49.4,5791
2018-11-15 10:45:00-05:00,49.38,49.44,49.38,49.39,7447
2018-11-15 10:50:00-05:00,49.39,49.45,49.32,49.32,14794
2018-11-15 10:55:00-05:00,49.31,49.37,49.27,49.365,18967
2018-11-15 11:00:00-05:00,49.36,49.45,49.355,49.42,11939
2018-11-15 11:05:00-05:00,49.42,49.55,49.41,49.53,10942
2018-11-15 11:10:00-05:00,49.54,49.58,49.53,49.58,16743
2018-11-15 11:15:00-05:00,49.57,49.59,49.54,49.57,6911
2018-11-15 11:20:00-05:00,49.585,49.615,49.55,49.585,13875
2018-11-15 11:25:00-05:00,49.58,49.59,49.5,49.53,9715
2018-11-15 11:30:00-05:00,49.54,49.58,49.49,49.565,9648
2018-11-15 11:35:00-05:00,49.57,49.575,49.515,49.56,8422
2018-11-15 11:40:00-05:00,49.59,49.605,49.49,49.5,16748
2018-11-15 11:45:00-05:00,49.5,49.545,49.495,49.52,5633
2018-11-15 11:50:00-05:00,49.52,49.54,49.44,49.54,5186
2018-11-15 11:55:00-05:00,49.535,49.56,49.51,49.54,6633
2018-11-15 12:00:00-05:00,49.55,49.58,49.475,49.535,6222
2018-11-15 12:05:00-05:00,49.535,49.555,49.47,49.47,12676
2018-11-15 12:10:00-05:00,49.485,49.49,49.43,49.45,4287
2018-11-15 12:15:00-05:00,49.42,49.45,49.42,49.425,2815
2018-11-15 12:20:00-05:00,49.41,49.46,49.41,49.46,2543
2018-11-15 12:25:00-05:00,49.47,49.48,49.39,49.47,7239
2018-11-15 12:30:00-05:00,49.47,49.475,49.41,49.42,4426
2018-11-15 12:35:00-05:00,49.44,49.505,49.43,49.495,5898
2018-11-15 12:40:00-05:00,49.49,49.53,49.465,49.5,6115
2018-11-15 12:45:00-05:00,49.5,49.5,49.465,49.49,3660
2018-11-15 12:50:00-05:00,49.49,49.525,49.44,49.44,4908
2018-11-15 12:55:00-05:00,49.445,49.45,49.43,49.45,4824
2018-11-15 13:00:00-05:00,49.46,49.46,49.41,49.435,7926
2018-11-15 13:05:00-05:00,49.435,49.435,49.37,49.4,12739
2018-11-15 13:10:00-05:00,49.39,49.41,49.375,49.41,5167
2018-11-15 13:15:00-05:00,49.405,49.53,49.4,49.48,10147
2018-11-15 13:20:00-05:00,49.48,49.66,49.48,49.64,8243
2018-11-15 13:25:00-05:00,49.65,49.67,49.6,49.62,4062
2018-11-15 13:30:00-05:00,49.64,49.7,49.62,49.67,5215
2018-11-15 13:35:00-05:00,49.65,49.67,49.59,49.59,3756
2018-11-15 13:40:00-05:00,49.59,49.67,49.58,49.66,4698
2018-11-15 13:45:00-05:00,49.67,49.7,49.63,49.64,5621
2018-11-15 13:50:00-05:00,49.62,49.7,49.62,49.66,7019
2018-11-15 13:55:00-05:00,49.67,49.73,49.67,49.71,6317
2018-11-15 14:00:00-05:00,49.71,49.72,49.655,49.66,5077
2018-11-15 14:05:00-05:00,49.66,49.68,49.64,49.65,4498
2018-11-15 14:10:00-05:00,49.625,49.65,49.62,49.64,4224
2018-11-15 14:15:00-05:00,49.64,49.65,49.58,49.59,5350
2018-11-15 14:20:00-05:00,49.6,49.625,49.59,49.61,3679
2018-11-15 14:25:00-05:00,49.62,49.68,49.61,49.68,4186
2018-11-15 14:30:00-05:00,49.67,49.75,49.67,49.715,5764
2018-11-15 14:35:00-05:00,49.72,49.73,49.64,49.65,5508
2018-11-15 14:40:00-05:00,49.65,49.69,49.645,49.69,4769
2018-11-15 14:45:00-05:00,49.69,49.7,49.65,49.66,4589
2018-11-15 14:50:00-05:00,49.66,49.66,49.615,49.63,8891
2018-11-15 14:55:00-05:00,49.62,49.65,49.6,49.62,13873
2018-11-15 15:00:00-05:00,49.62,49.62,49.47,49.52,23865
2018-11-15 15:05:00-05:00,49.52,49.585,49.51,49.57,15971
2018-11-15 15:10:00-05:00,49.55,49.64,49.52,49.63,20030
2018-11-15 15:15:00-05:00,49.64,49.65,49.59,49.59,8948
2018-11-15 15:20:00-05:00,49.57,49.6,49.49,49.55,12687
2018-11-15 15:25:00-05:00,49.54,49.57,49.51,49.52,7458
2018-11-15 15:30:00-05:00,49.51,49.61,49.51,49.55,9339
2018-11-15 15:35:00-05:00,49.55,49.65,49.55,49.625,10990
2018-11-15 15:40:00-05:00,49.63,49.66,49.6,49.63,8869
2018-11-15 15:45:00-05:00,49.65,49.65,49.56,49.585,21206
2018-11-15 15:50:00-05:00,49.58,49.66,49.58,49.64,15055
2018-11-15 15:55:00-05:00,49.65,49.75,49.62,49.75,52493
2018-11-15 16:00:00-05:00,49.555683,49.555683,49.555683,49.555683,4500
2018-11-16 09:25:00-05:00,49.59,49.59,49.59,49.59,100
2018-11-16 09:30:00-05:00,49.69,49.88,49.68,49.73,5522
2018-11-16 09:35:00-05:00,49.725,49.77,49.69,49.73,7595
2018-11-16 09:40:00-05:00,49.735,49.76,49.685,49.705,14437
2018-11-16 09:45:00-05:00,49.715,49.73,49.645,49.715,6018
2018-11-16 09:50:00-05:00,49.72,49.74,49.65,49.65,7878
2018-11-16 09:55:00-05:00,49.65,49.72,49.65,49.7,9499
2018-11-16 10:00:00-05:00,49.69,49.8,49.69,49.8,4475
2018-11-16 10:05:00-05:00,49.805,49.87,49.79,49.85,5664
2018-11-16 10:10:00-05:00,49.88,49.88,49.8,49.8,2696
2018-11-16 10:15:00-05:00,49.805,49.845,49.79,49.83,4207
2018-11-16 10:20:00-05:00,49.82,49.88,49.82,49.83,3565
2018-11-16 10:25:00-05:00,49.84,49.84,49.81,49.81,2556
2018-11-16 10:30:00-05:00,49.81,49.84,49.79,49.84,5558
2018-11-16 10:35:00-05:00,49.84,49.9,49.84,49.89,2715
2018-11-16 10:40:00-05:00,49.9,49.95,49.89,49.95,5909
2018-11-16 10:45:00-05:00,49.95,49.99,49.94,49.975,3649
2018-11-16 10:50:00-05:00,49.98,50.01,49.98,50.0,3608
2018-11-16 10:55:00-05:00,49.995,50.0,49.96,50.0,5201
2018-11-16 11:00:00-05:00,50.0,50.0,49.96,49.97,2935
2018-11-16 11:05:00-05:00,49.985,49.99,49.965,49.965,3317
2018-11-16 11:10:00-05:00,49.98,49.98,49.95,49.96,6122
2018-11-16 11:15:00-05:00,49.96,50.0,49.95,49.975,4031
2018-11-16 11:20:00-05:00,49.975,49.99,49.905,49.905,3331
2018-11-16 11:25:00-05:00,49.9,49.905,49.85,49.87,6097
2018-11-16 11:30:00-05:00,49.875,49.9,49.83,49.84,5743
2018-11-16 11:35:00-05:00,49.85,49.905,49.85,49.905,5159
2018-11-16 11:40:00-05:00,49.91,49.94,49.885,49.885,3524
2018-11-16 11:45:00-05:00,49.89,49.95,49.89,49.93,4727
2018-11-16 11:50:00-05:00,49.94,49.97,49.935,49.95,6645
2018-11-16 11:55:00-05:00,49.96,49.98,49.93,49.95,1910
2018-11-16 12:00:00-05:00,49.95,50.0,49.95,49.985,4689
2018-11-16 12:05:00-05:00,50.0,50.02,49.98,49.995,5304
2018-11-16 12:10:00-05:00,49.99,49.99,49.935,49.94,5827
2018-11-16 12:15:00-05:00,49.94,49.94,49.9,49.94,4281
2018-11-16 12:20:00-05:00,49.93,49.95,49.925,49.935,2740
2018-11-16 12:25:00-05:00,49.92,49.93,49.89,49.89,1805
2018-11-16 12:30:00-05:00,49.89,49.97,49.845,49.97,7102
2018-11-16 12:35:00-05:00,49.96,50.16,49.96,50.11,11348
2018-11-16 12:40:00-05:00,50.11,50.16,50.085,50.11,7302
2018-11-16 12:45:00-05:00,50.12,50.23,50.12,50.19,5782
2018-11-16 12:50:00-05:00,50.2,50.21,50.15,50.19,11324
2018-11-16 12:55:00-05:00,50.21,50.245,50.185,50.22,4112
2018-11-16 13:00:00-05:00,50.22,50.22,50.145,50.15,6480
2018-11-16 13:05:00-05:00,50.15,50.16,50.08,50.1,3866
2018-11-16 13:10:00-05:00,50.11,50.13,50.105,50.12,4652
2018-11-16 13:15:00-05:00,50.115,50.13,50.1,50.1,2508
2018-11-16 13:20:00-05:00,50.08,50.085,50.03,50.05,2777
2018-11-16 13:25:00-05:00,50.045,50.07,50.025,50.05,2748
2018-11-16 13:30:00-05:00,50.05,50.06,50.035,50.045,3868
2018-11-16 13:35:00-05:00,50.03,50.05,50.02,50.05,4372
2018-11-16 13:40:00-05:00,50.06,50.075,50.01,50.04,6718
2018-11-16 13:45:00-05:00,50.05,50.07,50.03,50.065,5051
2018-11-16 13:50:00-05:00,50.07,50.1,50.06,50.08,6981
2018-11-16 13:55:00-05:00,50.09,50.115,50.085,50.1,4667
2018-11-16 14:00:00-05:00,50.1,50.14,50.08,50.095,14126
2018-11-16 14:05:00-05:00,50.095,50.12,50.09,50.105,7587
2018-11-16 14:10:00-05:00,50.11,50.11,50.08,50.08,6251
2018-11-16 14:15:00-05:00,50.07,50.1,50.06,50.1,4241
2018-11-16 14:20:00-05:00,50.095,50.095,50.06,50.07,5865
2018-11-16 14:25:00-05:00,50.04,50.1,50.0,50.085,7943
2018-11-16 14:30:00-05:00,50.085,50.09,50.05,50.05,4196
2018-11-16 14:35:00-05:00,50.04,50.065,50.03,50.055,2576
2018-11-16 14:40:00-05:00,50.05,50.07,50.05,50.065,2856
2018-11-16 14:45:00-05:00,50.06,50.12,50.06,50.12,5645
2018-11-16 14:50:00-05:00,50.12,50.12,50.08,50.09,6718
2018-11-16 14:55:00-05:00,50.1,50.115,50.08,50.115,6197
2018-11-16 15:00:00-05:00,50.115,50.16,50.105,50.16,8997
2018-11-16 15:05:00-05:00,50.15,50.16,50.125,50.15,4600
2018-11-16 15:10:00-05:00,50.145,50.15,50.13,50.135,3662
2018-11-16 15:15:00-05:00,50.13,50.17,50.13,50.16,8530
2018-11-16 15:20:00-05:00,50.16,50.19,50.16,50.19,8218
2018-11-16 15:25:00-05:00,50.19,50.2,50.17,50.17,5802
2018-11-16 15:30:00-05:00,50.175,50.175,50.11,50.11,14941
2018-11-16 15:35:00-05:00,50.11,50.175,50.1,50.175,31844
2018-11-16 15:40:00-05:00,50.18,50.18,50.16,50.175,19688
2018-11-16 15:45:00-05:00,50.175,50.205,50.14,50.14,19823
2018-11-16 15:50:00-05:00,50.14,50.155,50.09,50.115,41139
2018-11-16 15:55:00-05:00,50.11,50.2,50.04,50.2,77979
2018-11-16 16:00:00-05:00,50.19,50.19,50.19,50.19,1000
2018-11-20 09:30:00-05:00,50.73,50.83,50.6,50.755,16742
2018-11-20 09:35:00-05:00,50.73,50.74,50.465,50.48,20619
2018-11-20 09:40:00-05:00,50.48,50.49,50.07,50.27,19276
2018-11-20 09:45:00-05:00,50.28,50.33,50.22,50.245,11043
2018-11-20 09:50:00-05:00,50.25,50.38,50.24,50.25,10049
2018-11-20 09:55:00-05:00,50.26,50.305,50.175,50.22,21942
2018-11-20 10:00:00-05:00,50.195,50.205,49.94,49.95,24079
2018-11-20 10:05:00-05:00,49.945,50.13,49.935,50.13,17675
2018-11-20 10:10:00-05:00,50.13,50.21,50.12,50.16,14810
2018-11-20 10:15:00-05:00,50.17,50.19,50.09,50.13,9352
2018-11-20 10:20:00-05:00,50.125,50.14,49.98,49.99,9725
2018-11-20 10:25:00-05:00,49.99,50.05,49.95,50.0,6167
2018-11-20 10:30:00-05:00,50.015,50.05,49.88,49.88,8684
2018-11-20 10:35:00-05:00,49.88,49.905,49.82,49.85,12129
2018-11-20 10:40:00-05:00,49.85,49.9,49.79,49.805,11778
2018-11-20 10:45:00-05:00,49.795,49.81,49.72,49.8,12009
2018-11-20 10:50:00-05:00,49.79,49.81,49.69,49.73,9066
2018-11-20 10:55:00-05:00,49.71,49.73,49.63,49.63,15052
2018-11-20 11:00:00-05:00,49.63,49.7,49.6,49.66,14266
2018-11-20 11:05:00-05:00,49.66,49.675,49.51,49.55,9603
2018-11-20 11:10:00-05:00,49.52,49.68,49.48,49.68,8711
2018-11-20 11:15:00-05:00,49.67,49.71,49.65,49.68,10000
2018-11-20 11:20:00-05:00,49.64,49.71,49.64,49.695,10051
2018-11-20 11:25:00-05:00,49.695,49.725,49.63,49.66,12342
2018-11-20 11:30:00-05:00,49.65,49.66,49.535,49.54,10843
2018-11-20 11:35:00-05:00,49.51,49.53,49.46,49.53,18691
2018-11-20 11:40:00-05:00,49.52,49.62,49.52,49.6,10124
2018-11-20 11:45:00-05:00,49.61,49.67,49.61,49.66,4961
2018-11-20 11:50:00-05:00,49.65,49.65,49.56,49.56,7311
2018-11-20 11:55:00-05:00,49.56,49.64,49.56,49.61,7401
2018-11-20 12:00:00-05:00,49.61,49.65,49.575,49.64,8977
2018-11-20 12:05:00-05:00,49.62,49.62,49.59,49.61,3536
2018-11-20 12:10:00-05:00,49.6,49.6,49.55,49.55,5219
2018-11-20 12:15:00-05:00,49.53,49.55,49.51,49.52,3415
2018-11-20 12:20:00-05:00,49.54,49.54,49.48,49.52,3641
2018-11-20 12:25:00-05:00,49.51,49.63,49.51,49.6,5910
2018-11-20 12:30:00-05:00,49.61,49.65,49.6,49.6,7547
2018-11-20 12:35:00-05:00,49.6,49.68,49.6,49.67,7325
2018-11-20 12:40:00-05:00,49.67,49.69,49.665,49.685,4112
2018-11-20 12:45:00-05:00,49.69,49.7,49.64,49.7,5711
2018-11-20 12:50:00-05:00,49.7,49.71,49.67,49.71,6403
2018-11-20 12:55:00-05:00,49.71,49.71,49.67,49.685,4993
2018-11-20 13:00:00-05:00,49.68,49.7,49.61,49.61,11161
2018-11-20 13:05:00-05:00,49.62,49.66,49.62,49.64,3740
2018-11-20 13:10:00-05:00,49.62,49.65,49.59,49.61,5040
2018-11-20 13:15:00-05:00,49.61,49.65,49.56,49.56,6003
2018-11-20 13:20:00-05:00,49.575,49.575,49.53,49.56,3958
2018-11-20 13:25:00-05:00,49.54,49.54,49.49,49.54,8594
2018-11-20 13:30:00-05:00,49.535,49.54,49.51,49.51,20800
2018-11-20 13:35:00-05:00,49.5,49.54,49.49,49.53,10785
2018-11-20 13:40:00-05:00,49.53,49.56,49.51,49.54,11019
2018-11-20 13:45:00-05:00,49.55,49.56,49.53,49.54,8164
2018-11-20 13:50:00-05:00,49.54,49.57,49.53,49.57,8941
2018-11-20 13:55:00-05:00,49.58,49.58,49.555,49.56,5085
2018-11-20 14:00:00-05:00,49.55,49.55,49.505,49.52,6502
2018-11-20 14:05:00-05:00,49.53,49.53,49.47,49.48,10792
2018-11-20 14:10:00-05:00,49.48,49.53,49.45,49.53,10748
2018-11-20 14:15:00-05:00,49.53,49.6,49.53,49.57,10213
2018-11-20 14:20:00-05:00,49.56,49.56,49.49,49.52,6456
2018-11-20 14:25:00-05:00,49.52,49.53,49.44,49.45,7778
2018-11-20 14:30:00-05:00,49.45,49.48,49.41,49.47,15391
2018-11-20 14:35:00-05:00,49.47,49.48,49.44,49.44,11965
2018-11-20 14:40:00-05:00,49.45,49.45,49.38,49.39,9699
2018-11-20 14:45:00-05:00,49.39,49.41,49.36,49.37,7531
2018-11-20 14:50:00-05:00,49.38,49.41,49.37,49.37,6521
2018-11-20 14:55:00-05:00,49.36,49.38,49.3,49.32,10153
2018-11-20 15:00:00-05:00,49.33,49.38,49.27,49.27,10184
2018-11-20 15:05:00-05:00,49.27,49.29,49.22,49.29,13765
2018-11-20 15:10:00-05:00,49.29,49.37,49.27,49.31,25115
2018-11-20 15:15:00-05:00,49.3,49.41,49.28,49.4,11036
2018-11-20 15:20:00-05:00,49.4,49.42,49.375,49.42,12088
2018-11-20 15:25:00-05:00,49.4,49.5,49.38,49.45,11480
2018-11-20 15:30:00-05:00,49.44,49.49,49.43,49.48,111116
2018-11-20 15:35:00-05:00,49.47,49.53,49.47,49.53,21443
2018-11-20 15:40:00-05:00,49.53,49.53,49.41,49.43,14908
2018-11-20 15:45:00-05:00,49.42,49.44,49.38,49.4,21335
2018-11-20 15:50:00-05:00,49.4,49.42,49.32,49.35,36075
2018-11-20 15:55:00-05:00,49.35,49.41,49.34,49.37,66880
2018-11-21 09:30:00-05:00,49.14,49.2,48.84,49.17,11047
2018-11-21 09:35:00-05:00,49.23,49.38,49.175,49.31,33059
2018-11-21 09:40:00-05:00,49.32,49.43,49.15,49.15,9566
2018-11-21 09:45:00-05:00,49.15,49.25,49.15,49.24,9835
2018-11-21 09:50:00-05:00,49.235,49.24,49.125,49.18,17542
2018-11-21 09:55:00-05:00,49.19,49.24,49.16,49.22,23515
2018-11-21 10:00:00-05:00,49.225,49.225,49.12,49.19,16704
2018-11-21 10:05:00-05:00,49.195,49.195,49.095,49.13,12016
2018-11-21 10:10:00-05:00,49.135,49.135,49.01,49.09,6473
2018-11-21 10:15:00-05:00,49.07,49.1,49.02,49.1,5705
2018-11-21 10:20:00-05:00,49.09,49.09,49.0,49.045,11482
2018-11-21 10:25:00-05:00,49.05,49.07,49.02,49.05,8060
2018-11-21 10:30:00-05:00,49.05,49.08,48.98,49.0,9013
2018-11-21 10:35:00-05:00,49.0,49.015,48.97,48.99,5764
2018-11-21 10:40:00-05:00,48.99,49.05,48.99,49.035,13534
2018-11-21 10:45:00-05:00,49.03,49.03,48.91,48.96,7894
2018-11-21 10:50:00-05:00,48.97,48.97,48.89,48.93,10620
2018-11-21 10:55:00-05:00,48.94,49.0,48.93,48.995,8047
2018-11-21 11:00:00-05:00,48.99,49.03,48.93,48.955,4701
2018-11-21 11:05:00-05:00,48.97,49.0,48.96,48.96,3516
2018-11-21 11:10:00-05:00,48.96,48.985,48.93,48.96,13679
2018-11-21 11:15:00-05:00,48.95,49.0,48.94,48.985,8222
2018-11-21 11:20:00-05:00,48.97,48.98,48.92,48.92,4524
2018-11-21 11:25:00-05:00,48.92,48.93,48.84,48.845,3893
2018-11-21 11:30:00-05:00,48.85,48.88,48.83,48.88,6712
2018-11-21 11:35:00-05:00,48.87,48.87,48.85,48.85,2535
2018-11-21 11:40:00-05:00,48.84,48.855,48.82,48.82,2631
2018-11-21 11:45:00-05:00,48.83,48.85,48.82,48.83,3971
2018-11-21 11:50:00-05:00,48.84,48.9,48.83,48.89,7404
2018-11-21 11:55:00-05:00,48.895,48.895,48.83,48.85,5365
2018-11-21 12:00:00-05:00,48.84,48.87,48.84,48.86,3517
2018-11-21 12:05:00-05:00,48.86,48.86,48.77,48.79,4668
2018-11-21 12:10:00-05:00,48.78,48.78,48.755,48.755,3516
2018-11-21 12:15:00-05:00,48.75,48.78,48.75,48.76,2908
2018-11-21 12:20:00-05:00,48.77,48.8,48.76,48.79,2643
2018-11-21 12:25:00-05:00,48.785,48.8,48.785,48.8,3390
2018-11-21 12:30:00-05:00,48.795,48.81,48.76,48.78,85329
2018-11-21 12:35:00-05:00,48.79,48.81,48.78,48.8,1903
2018-11-21 12:40:00-05:00,48.81,48.85,48.81,48.825,3868
2018-11-21 12:45:00-05:00,48.83,48.86,48.83,48.86,5954
2018-11-21 12:50:00-05:00,48.86,48.89,48.85,48.88,3292
2018-11-21 12:55:00-05:00,48.88,48.89,48.87,48.89,2594
2018-11-21 13:00:00-05:00,48.89,48.89,48.865,48.865,3505
2018-11-21 13:05:00-05:00,48.86,48.87,48.82,48.82,3790
2018-11-21 13:10:00-05:00,48.83,48.83,48.815,48.82,3507
2018-11-21 13:15:00-05:00,48.82,48.85,48.82,48.82,4404
2018-11-21 13:20:00-05:00,48.82,48.82,48.78,48.78,6260
2018-11-21 13:25:00-05:00,48.77,48.78,48.76,48.78,4899
2018-11-21 13:30:00-05:00,48.79,48.83,48.79,48.83,15416
2018-11-21 13:35:00-05:00,48.83,48.84,48.815,48.84,3764
2018-11-21 13:40:00-05:00,48.83,48.84,48.785,48.785,3044
2018-11-21 13:45:00-05:00,48.79,48.795,48.76,48.77,6322
2018-11-21 13:50:00-05:00,48.77,48.8,48.75,48.78,4765
2018-11-21 13:55:00-05:00,48.78,48.79,48.775,48.78,6881
2018-11-21 14:00:00-05:00,48.76,48.76,48.67,48.67,12070
2018-11-21 14:05:00-05:00,48.67,48.68,48.65,48.66,10133
2018-11-21 14:10:00-05:00,48.66,48.67,48.65,48.65,13785
2018-11-21 14:15:00-05:00,48.65,48.765,48.64,48.76,26938
2018-11-21 14:20:00-05:00,48.77,48.775,48.75,48.77,5235
2018-11-21 14:25:00-05:00,48.765,48.82,48.76,48.82,8002
2018-11-21 14:30:00-05:00,48.83,48.83,48.785,48.82,8642
2018-11-21 14:35:00-05:00,48.83,48.835,48.79,48.8,4964
2018-11-21 14:40:00-05:00,48.8,48.87,48.8,48.84,9893
2018-11-21 14:45:00-05:00,48.845,48.85,48.83,48.835,6775
2018-11-21 14:50:00-05:00,48.84,48.85,48.81,48.82,7094
2018-11-21 14:55:00-05:00,48.81,48.83,48.81,48.82,2795
2018-11-21 15:00:00-05:00,48.83,48.865,48.82,48.85,5521
2018-11-21 15:05:00-05:00,48.85,48.86,48.845,48.86,5061
2018-11-21 15:10:00-05:00,48.85,48.85,48.79,48.79,2152
2018-11-21 15:15:00-05:00,48.79,48.81,48.79,48.79,2878
2018-11-21 15:20:00-05:00,48.76,48.765,48.73,48.765,8462
2018-11-21 15:25:00-05:00,48.77,48.77,48.73,48.73,6555
2018-11-21 15:30:00-05:00,48.72,48.72,48.66,48.705,16084
2018-11-21 15:35:00-05:00,48.705,48.71,48.65,48.66,8702
2018-11-21 15:40:00-05:00,48.64,48.64,48.595,48.6,13340
2018-11-21 15:45:00-05:00,48.6,48.67,48.6,48.655,24628
2018-11-21 15:50:00-05:00,48.66,48.73,48.66,48.72,22517
2018-11-21 15:55:00-05:00,48.72,48.765,48.7,48.725,63374
2018-11-23 09:30:00-05:00,48.79,48.86,48.685,48.685,6679
2018-11-23 09:35:00-05:00,48.66,48.67,48.55,48.615,5388
2018-11-23 09:40:00-05:00,48.63,48.73,48.63,48.725,2292
2018-11-23 09:45:00-05:00,48.735,48.76,48.7,48.73,3285
2018-11-23 09:50:00-05:00,48.75,48.84,48.75,48.8,4626
2018-11-23 09:55:00-05:00,48.79,48.88,48.76,48.87,8284
2018-11-23 10:00:00-05:00,48.87,48.875,48.74,48.745,2816
2018-11-23 10:05:00-05:00,48.74,48.84,48.74,48.83,4932
2018-11-23 10:10:00-05:00,48.82,48.87,48.81,48.86,3775
2018-11-23 10:15:00-05:00,48.85,48.93,48.85,48.93,4316
2018-11-23 10:20:00-05:00,48.93,48.93,48.86,48.865,6473
2018-11-23 10:25:00-05:00,48.86,48.86,48.79,48.825,4594
2018-11-23 10:30:00-05:00,48.82,48.89,48.81,48.89,3421
2018-11-23 10:35:00-05:00,48.88,48.93,48.87,48.91,6815
2018-11-23 10:40:00-05:00,48.92,48.99,48.92,48.96,5770
2018-11-23 10:45:00-05:00,48.99,49.015,48.96,49.01,5978
2018-11-23 10:50:00-05:00,49.01,49.025,48.95,48.95,3802
2018-11-23 10:55:00-05:00,48.94,49.035,48.93,49.03,9852
2018-11-23 11:00:00-05:00,49.045,49.055,49.0,49.0,10374
2018-11-23 11:05:00-05:00,48.99,49.015,48.95,48.99,7746
2018-11-23 11:10:00-05:00,48.99,49.08,48.99,49.08,6415
2018-11-23 11:15:00-05:00,49.085,49.145,49.07,49.1,11748
2018-11-23 11:20:00-05:00,49.115,49.115,49.08,49.085,9059
2018-11-23 11:25:00-05:00,49.085,49.095,49.01,49.045,11268
2018-11-23 11:30:00-05:00,49.05,49.09,49.05,49.075,6303
2018-11-23 11:35:00-05:00,49.075,49.1,49.05,49.05,7321
2018-11-23 11:40:00-05:00,49.05,49.09,49.045,49.045,8238
2018-11-23 11:45:00-05:00,49.06,49.155,49.06,49.14,6198
2018-11-23 11:50:00-05:00,49.135,49.145,49.06,49.06,13482
2018-11-23 11:55:00-05:00,49.06,49.065,49.02,49.025,11750
2018-11-23 12:00:00-05:00,49.02,49.04,49.0,49.01,13364
2018-11-23 12:05:00-05:00,49.015,49.075,49.0,49.065,11769
2018-11-23 12:10:00-05:00,49.06,49.105,49.055,49.095,5905
2018-11-23 12:15:00-05:00,49.07,49.1,49.05,49.1,4960
2018-11-23 12:20:00-05:00,49.11,49.185,49.11,49.18,8899
2018-11-23 12:25:00-05:00,49.17,49.21,49.165,49.2,8536
2018-11-23 12:30:00-05:00,49.19,49.195,49.14,49.18,56753
2018-11-23 12:35:00-05:00,49.18,49.23,49.17,49.19,10855
2018-11-23 12:40:00-05:00,49.19,49.22,49.16,49.195,9113
2018-11-23 12:45:00-05:00,49.195,49.21,49.18,49.2,14459
2018-11-23 12:50:00-05:00,49.2,49.2,49.08,49.08,8438
2018-11-23 12:55:00-05:00,49.07,49.075,49.01,49.03,21160
2018-11-27 09:30:00-05:00,48.78,49.0,48.76,48.99,13171
2018-11-27 09:35:00-05:00,48.99,49.01,48.855,48.94,9854
2018-11-27 09:40:00-05:00,48.945,48.955,48.82,48.835,14999
2018-11-27 09:45:00-05:00,48.82,49.02,48.82,48.96,8738
2018-11-27 09:50:00-05:00,48.97,48.97,48.855,48.855,5394
2018-11-27 09:55:00-05:00,48.86,48.86,48.73,48.8,6629
2018-11-27 10:00:00-05:00,48.8,48.82,48.74,48.77,8417
2018-11-27 10:05:00-05:00,48.76,48.87,48.76,48.86,7646
2018-11-27 10:10:00-05:00,48.88,49.0,48.87,48.97,5795
2018-11-27 10:15:00-05:00,48.97,49.01,48.93,48.995,11589
2018-11-27 10:20:00-05:00,48.97,49.03,48.945,49.02,6747
2018-11-27 10:25:00-05:00,49.015,49.08,49.0,49.07,8762
2018-11-27 10:30:00-05:00,49.04,49.04,48.99,48.99,7932
2018-11-27 10:35:00-05:00,49.0,49.0,48.94,48.97,6509
2018-11-27 10:40:00-05:00,48.965,48.99,48.94,48.955,6045
2018-11-27 10:45:00-05:00,48.945,48.96,48.915,48.94,6302
2018-11-27 10:50:00-05:00,48.93,48.95,48.9,48.93,10961
2018-11-27 10:55:00-05:00,48.94,48.96,48.9,48.905,7929
2018-11-27 11:00:00-05:00,48.9,48.905,48.84,48.85,14174
2018-11-27 11:05:00-05:00,48.84,48.875,48.82,48.875,2767
2018-11-27 11:10:00-05:00,48.87,48.875,48.82,48.845,7055
2018-11-27 11:15:00-05:00,48.85,48.87,48.81,48.82,9625
2018-11-27 11:20:00-05:00,48.84,48.84,48.79,48.83,3354
2018-11-27 11:25:00-05:00,48.82,48.83,48.8,48.825,3540
2018-11-27 11:30:00-05:00,48.825,48.86,48.82,48.85,3841
2018-11-27 11:35:00-05:00,48.84,48.875,48.83,48.87,1953
2018-11-27 11:40:00-05:00,48.85,48.855,48.835,48.835,4844
2018-11-27 11:45:00-05:00,48.85,48.89,48.85,48.89,5081
2018-11-27 11:50:00-05:00,48.89,48.945,48.89,48.925,2586
2018-11-27 11:55:00-05:00,48.93,48.97,48.93,48.96,5077
2018-11-27 12:00:00-05:00,48.96,48.975,48.95,48.97,2705
2018-11-27 12:05:00-05:00,48.97,49.01,48.97,48.98,3424
2018-11-27 12:10:00-05:00,48.99,49.055,48.99,49.04,2316
2018-11-27 12:15:00-05:00,49.04,49.04,48.99,49.02,2711
2018-11-27 12:20:00-05:00,49.02,49.06,49.015,49.02,4299
2018-11-27 12:25:00-05:00,49.02,49.02,48.98,49.0,9437
2018-11-27 12:30:00-05:00,49.01,49.01,48.98,48.99,7251
2018-11-27 12:35:00-05:00,48.98,49.09,48.98,49.09,4220
2018-11-27 12:40:00-05:00,49.1,49.11,49.06,49.08,3894
2018-11-27 12:45:00-05:00,49.085,49.085,49.05,49.06,2940
2018-11-27 12:50:00-05:00,49.065,49.075,49.05,49.075,3034
2018-11-27 12:55:00-05:00,49.09,49.125,49.09,49.1,5073
2018-11-27 13:00:00-05:00,49.1,49.135,49.09,49.135,4700
2018-11-27 13:05:00-05:00,49.14,49.145,49.1,49.13,4133
2018-11-27 13:10:00-05:00,49.13,49.18,49.12,49.14,4039
2018-11-27 13:15:00-05:00,49.16,49.25,49.08,49.16,17996
2018-11-27 13:20:00-05:00,49.16,49.17,49.135,49.16,6097
2018-11-27 13:25:00-05:00,49.16,49.185,49.15,49.18,3279
2018-11-27 13:30:00-05:00,49.21,49.25,49.2,49.25,14161
2018-11-27 13:35:00-05:00,49.25,49.3,49.24,49.25,5568
2018-11-27 13:40:00-05:00,49.245,49.27,49.22,49.22,5295
2018-11-27 13:45:00-05:00,49.23,49.24,49.21,49.21,3364
2018-11-27 13:50:00-05:00,49.21,49.22,49.19,49.2,1975
2018-11-27 13:55:00-05:00,49.19,49.25,49.18,49.25,2817
2018-11-27 14:00:00-05:00,49.25,49.25,49.22,49.24,2674
2018-11-27 14:05:00-05:00,49.23,49.27,49.22,49.24,3653
2018-11-27 14:10:00-05:00,49.235,49.235,49.21,49.21,4959
2018-11-27 14:15:00-05:00,49.2,49.215,49.18,49.215,3148
2018-11-27 14:20:00-05:00,49.21,49.22,49.2,49.22,1537
2018-11-27 14:25:00-05:00,49.22,49.23,49.19,49.21,3912
2018-11-27 14:30:00-05:00,49.23,49.275,49.22,49.26,8295
2018-11-27 14:35:00-05:00,49.26,49.28,49.24,49.25,6344
2018-11-27 14:40:00-05:00,49.25,49.27,49.24,49.25,5912
2018-11-27 14:45:00-05:00,49.265,49.295,49.26,49.27,4504
2018-11-27 14:50:00-05:00,49.27,49.29,49.24,49.245,5636
2018-11-27 14:55:00-05:00,49.245,49.255,49.235,49.245,2101
2018-11-27 15:00:00-05:00,49.25,49.3,49.235,49.3,3750
2018-11-27 15:05:00-05:00,49.29,49.295,49.24,49.27,7181
2018-11-27 15:10:00-05:00,49.27,49.3,49.26,49.29,4442
2018-11-27 15:15:00-05:00,49.29,49.32,49.285,49.3,4891
2018-11-27 15:20:00-05:00,49.32,49.35,49.315,49.35,3357
2018-11-27 15:25:00-05:00,49.345,49.36,49.31,49.315,10078
2018-11-27 15:30:00-05:00,49.32,49.33,49.285,49.33,7317
2018-11-27 15:35:00-05:00,49.33,49.35,49.3,49.3,9389
2018-11-27 15:40:00-05:00,49.31,49.325,49.305,49.32,11854
2018-11-27 15:45:00-05:00,49.315,49.4,49.31,49.38,27114
2018-11-27 15:50:00-05:00,49.39,49.4,49.345,49.35,28253
2018-11-27 15:55:00-05:00,49.35,49.38,49.33,49.38,69250
2018-11-28 09:30:00-05:00,49.27,49.46,49.21,49.44,9092
2018-11-28 09:35:00-05:00,49.37,49.46,49.37,49.38,2542
2018-11-28 09:40:00-05:00,49.38,49.38,49.23,49.24,8870
2018-11-28 09:45:00-05:00,49.25,49.35,49.25,49.32,4164
2018-11-28 09:50:00-05:00,49.32,49.33,49.24,49.25,4012
2018-11-28 09:55:00-05:00,49.26,49.28,49.225,49.23,8909
2018-11-28 10:00:00-05:00,49.25,49.31,49.24,49.285,7163
2018-11-28 10:05:00-05:00,49.3,49.475,49.3,49.465,4663
2018-11-28 10:10:00-05:00,49.47,49.495,49.45,49.49,4868
2018-11-28 10:15:00-05:00,49.485,49.485,49.425,49.44,6017
2018-11-28 10:20:00-05:00,49.45,49.46,49.405,49.41,7130
2018-11-28 10:25:00-05:00,49.405,49.445,49.39,49.43,5233
2018-11-28 10:30:00-05:00,49.43,49.46,49.38,49.43,6185
2018-11-28 10:35:00-05:00,49.44,49.47,49.43,49.465,6431
2018-11-28 10:40:00-05:00,49.465,49.465,49.425,49.46,4687
2018-11-28 10:45:00-05:00,49.48,49.49,49.44,49.48,5350
2018-11-28 10:50:00-05:00,49.49,49.49,49.46,49.47,2743
2018-11-28 10:55:00-05:00,49.47,49.47,49.42,49.45,2314
2018-11-28 11:00:00-05:00,49.44,49.45,49.415,49.43,4970
2018-11-28 11:05:00-05:00,49.44,49.45,49.41,49.41,4408
2018-11-28 11:10:00-05:00,49.4,49.41,49.33,49.34,10491
2018-11-28 11:15:00-05:00,49.34,49.35,49.28,49.28,7776
2018-11-28 11:20:00-05:00,49.28,49.33,49.28,49.33,6297
2018-11-28 11:25:00-05:00,49.33,49.35,49.31,49.345,7080
2018-11-28 11:30:00-05:00,49.34,49.36,49.32,49.33,5545
2018-11-28 11:35:00-05:00,49.34,49.38,49.28,49.28,7228
2018-11-28 11:40:00-05:00,49.285,49.295,49.245,49.245,2145
2018-11-28 11:45:00-05:00,49.26,49.29,49.25,49.29,3868
2018-11-28 11:50:00-05:00,49.29,49.35,49.29,49.31,5941
2018-11-28 11:55:00-05:00,49.31,49.33,49.31,49.32,18482
2018-11-28 12:00:00-05:00,49.33,49.5,49.32,49.44,53491
2018-11-28 12:05:00-05:00,49.45,49.585,49.45,49.565,44059
2018-11-28 12:10:00-05:00,49.57,49.58,49.525,49.57,21826
2018-11-28 12:15:00-05:00,49.58,49.59,49.53,49.59,10762
2018-11-28 12:20:00-05:00,49.585,49.6,49.55,49.56,6899
2018-11-28 12:25:00-05:00,49.57,49.6,49.54,49.56,9577
2018-11-28 12:30:00-05:00,49.57,49.57,49.475,49.49,7332
2018-11-28 12:35:00-05:00,49.51,49.51,49.41,49.44,2713
2018-11-28 12:40:00-05:00,49.41,49.445,49.4,49.44,2713
2018-11-28 12:45:00-05:00,49.445,49.46,49.4,49.41,3256
2018-11-28 12:50:00-05:00,49.41,49.48,49.41,49.445,3102
2018-11-28 12:55:00-05:00,49.455,49.455,49.38,49.38,4221
2018-11-28 13:00:00-05:00,49.4,49.42,49.38,49.38,4303
2018-11-28 13:05:00-05:00,49.39,49.42,49.39,49.41,7455
2018-11-28 13:10:00-05:00,49.42,49.42,49.375,49.395,13070
2018-11-28 13:15:00-05:00,49.39,49.43,49.39,49.41,1400
2018-11-28 13:20:00-05:00,49.41,49.435,49.4,49.405,4015
2018-11-28 13:25:00-05:00,49.41,49.42,49.38,49.415,6250
2018-11-28 13:30:00-05:00,49.42,49.42,49.38,49.4,6866
2018-11-28 13:35:00-05:00,49.4,49.44,49.4,49.42,2384
2018-11-28 13:40:00-05:00,49.465,49.49,49.46,49.47,2377
2018-11-28 13:45:00-05:00,49.46,49.565,49.46,49.55,6534
2018-11-28 13:50:00-05:00,49.55,49.57,49.52,49.56,18673
2018-11-28 13:55:00-05:00,49.555,49.58,49.545,49.58,4085
2018-11-28 14:00:00-05:00,49.57,49.595,49.55,49.58,4375
2018-11-28 14:05:00-05:00,49.58,49.63,49.58,49.61,7571
2018-11-28 14:10:00-05:00,49.62,49.65,49.62,49.65,2582
2018-11-28 14:15:00-05:00,49.625,49.64,49.58,49.58,24380
2018-11-28 14:20:00-05:00,49.57,49.605,49.555,49.6,4822
2018-11-28 14:25:00-05:00,49.6,49.66,49.59,49.66,3033
2018-11-28 14:30:00-05:00,49.67,49.67,49.625,49.65,6712
2018-11-28 14:35:00-05:00,49.65,49.655,49.615,49.63,6040
2018-11-28 14:40:00-05:00,49.64,49.68,49.63,49.67,14355
2018-11-28 14:45:00-05:00,49.68,49.68,49.635,49.635,15750
2018-11-28 14:50:00-05:00,49.635,49.64,49.605,49.62,4104
2018-11-28 14:55:00-05:00,49.61,49.615,49.58,49.595,5924
2018-11-28 15:00:00-05:00,49.58,49.61,49.55,49.6,3753
2018-11-28 15:05:00-05:00,49.6,49.63,49.6,49.605,3320
2018-11-28 15:10:00-05:00,49.605,49.605,49.535,49.585,5100
2018-11-28 15:15:00-05:00,49.595,49.61,49.59,49.595,4481
2018-11-28 15:20:00-05:00,49.595,49.62,49.59,49.62,4851
2018-11-28 15:25:00-05:00,49.62,49.625,49.575,49.575,9714
2018-11-28 15:30:00-05:00,49.57,49.575,49.49,49.5,31683
2018-11-28 15:35:00-05:00,49.5,49.53,49.48,49.525,42891
2018-11-28 15:40:00-05:00,49.53,49.59,49.52,49.59,39431
2018-11-28 15:45:00-05:00,49.595,49.67,49.595,49.67,13801
2018-11-28 15:50:00-05:00,49.68,49.68,49.64,49.66,14310
2018-11-28 15:55:00-05:00,49.66,49.72,49.645,49.7,53958
2018-11-29 09:25:00-05:00,49.28,49.28,49.28,49.28,328
2018-11-29 09:30:00-05:00,49.265,49.28,49.0,49.12,8503
2018-11-29 09:35:00-05:00,49.18,49.225,49.11,49.225,4499
2018-11-29 09:40:00-05:00,49.22,49.23,49.08,49.09,6553
2018-11-29 09:45:00-05:00,49.1,49.16,49.08,49.145,10831
2018-11-29 09:50:00-05:00,49.16,49.175,49.1,49.16,4693
2018-11-29 09:55:00-05:00,49.165,49.17,49.08,49.11,7669
2018-11-29 10:00:00-05:00,49.11,49.21,49.09,49.21,5520
2018-11-29 10:05:00-05:00,49.2,49.38,49.2,49.38,6132
2018-11-29 10:10:00-05:00,49.37,49.38,49.33,49.35,5071
2018-11-29 10:15:00-05:00,49.36,49.43,49.36,49.39,6895
2018-11-29 10:20:00-05:00,49.38,49.38,49.29,49.3,8010
2018-11-29 10:25:00-05:00,49.29,49.3,49.22,49.22,3362
2018-11-29 10:30:00-05:00,49.24,49.32,49.17,49.17,11150
2018-11-29 10:35:00-05:00,49.18,49.24,49.17,49.17,4118
2018-11-29 10:40:00-05:00,49.145,49.2,49.125,49.195,5653
2018-11-29 10:45:00-05:00,49.205,49.26,49.205,49.25,5519
2018-11-29 10:50:00-05:00,49.265,49.28,49.22,49.245,8809
2018-11-29 10:55:00-05:00,49.245,49.265,49.225,49.26,4925
2018-11-29 11:00:00-05:00,49.25,49.265,49.22,49.225,12849
2018-11-29 11:05:00-05:00,49.23,49.27,49.2,49.245,9262
2018-11-29 11:10:00-05:00,49.245,49.255,49.085,49.11,8162
2018-11-29 11:15:00-05:00,49.115,49.12,49.07,49.12,5275
2018-11-29 11:20:00-05:00,49.11,49.18,49.07,49.08,19836
2018-11-29 11:25:00-05:00,49.1,49.19,49.095,49.19,6050
2018-11-29 11:30:00-05:00,49.18,49.2,49.08,49.08,7693
2018-11-29 11:35:00-05:00,49.08,49.08,49.03,49.055,5304
2018-11-29 11:40:00-05:00,49.055,49.085,49.05,49.08,3840
2018-11-29 11:45:00-05:00,49.08,49.1,49.06,49.06,7261
2018-11-29 11:50:00-05:00,49.05,49.16,49.05,49.16,6901
2018-11-29 11:55:00-05:00,49.18,49.24,49.145,49.24,4877
2018-11-29 12:00:00-05:00,49.24,49.28,49.235,49.25,5190
2018-11-29 12:05:00-05:00,49.25,49.28,49.25,49.28,3300
2018-11-29 12:10:00-05:00,49.27,49.3,49.27,49.29,2766
2018-11-29 12:15:00-05:00,49.29,49.315,49.275,49.31,2832
2018-11-29 12:20:00-05:00,49.29,49.3,49.27,49.295,2862
2018-11-29 12:25:00-05:00,49.29,49.32,49.29,49.31,4437
2018-11-29 12:30:00-05:00,49.31,49.35,49.31,49.32,3300
2018-11-29 12:35:00-05:00,49.315,49.32,49.28,49.28,3952
2018-11-29 12:40:00-05:00,49.28,49.31,49.28,49.29,3719
2018-11-29 12:45:00-05:00,49.29,49.32,49.28,49.31,2953
2018-11-29 12:50:00-05:00,49.3,49.34,49.3,49.33,1805
2018-11-29 12:55:00-05:00,49.33,49.335,49.295,49.295,3624
2018-11-29 13:00:00-05:00,49.3,49.315,49.3,49.3,2734
2018-11-29 13:05:00-05:00,49.31,49.325,49.285,49.285,3177
2018-11-29 13:10:00-05:00,49.295,49.3,49.26,49.27,3281
2018-11-29 13:15:00-05:00,49.28,49.29,49.27,49.28,3802
2018-11-29 13:20:00-05:00,49.28,49.285,49.25,49.255,5667
2018-11-29 13:25:00-05:00,49.25,49.29,49.25,49.28,5306
2018-11-29 13:30:00-05:00,49.28,49.29,49.25,49.25,11808
2018-11-29 13:35:00-05:00,49.26,49.27,49.235,49.235,2719
2018-11-29 13:40:00-05:00,49.23,49.26,49.23,49.255,3519
2018-11-29 13:45:00-05:00,49.25,49.28,49.23,49.26,9239
2018-11-29 13:50:00-05:00,49.27,49.27,49.2,49.2,5429
2018-11-29 13:55:00-05:00,49.21,49.21,49.17,49.175,4101
2018-11-29 14:00:00-05:00,49.18,49.2,49.14,49.16,9901
2018-11-29 14:05:00-05:00,49.15,49.17,49.13,49.17,5921
2018-11-29 14:10:00-05:00,49.175,49.21,49.16,49.195,8599
2018-11-29 14:15:00-05:00,49.195,49.2,49.15,49.15,10158
2018-11-29 14:20:00-05:00,49.155,49.26,49.15,49.26,7006
2018-11-29 14:25:00-05:00,49.26,49.3,49.255,49.255,7811
2018-11-29 14:30:00-05:00,49.25,49.29,49.245,49.275,5706
2018-11-29 14:35:00-05:00,49.28,49.28,49.25,49.25,6185
2018-11-29 14:40:00-05:00,49.255,49.27,49.24,49.27,6825
2018-11-29 14:45:00-05:00,49.26,49.27,49.21,49.21,6031
2018-11-29 14:50:00-05:00,49.2,49.24,49.2,49.225,7368
2018-11-29 14:55:00-05:00,49.22,49.265,49.22,49.255,3537
2018-11-29 15:00:00-05:00,49.25,49.29,49.24,49.29,6301
2018-11-29 15:05:00-05:00,49.29,49.29,49.23,49.23,4452
2018-11-29 15:10:00-05:00,49.235,49.26,49.235,49.24,4041
2018-11-29 15:15:00-05:00,49.245,49.25,49.24,49.245,3892
2018-11-29 15:20:00-05:00,49.245,49.25,49.18,49.18,153919
2018-11-29 15:25:00-05:00,49.18,49.2,49.17,49.17,11755
2018-11-29 15:30:00-05:00,49.17,49.17,49.13,49.14,18193
2018-11-29 15:35:00-05:00,49.15,49.18,49.135,49.15,25351
2018-11-29 15:40:00-05:00,49.15,49.15,49.08,49.1,22263
2018-11-29 15:45:00-05:00,49.1,49.15,49.08,49.11,84265
2018-11-29 15:50:00-05:00,49.11,49.11,49.065,49.1,17521
2018-11-29 15:55:00-05:00,49.09,49.09,48.98,48.98,76186
2018-11-30 09:30:00-05:00,49.05,49.14,49.035,49.055,6258
2018-11-30 09:35:00-05:00,49.055,49.19,49.055,49.155,12681
2018-11-30 09:40:00-05:00,49.155,49.18,49.09,49.115,6731
2018-11-30 09:45:00-05:00,49.12,49.135,49.06,49.13,4830
2018-11-30 09:50:00-05:00,49.13,49.14,49.09,49.11,4484
2018-11-30 09:55:00-05:00,49.11,49.14,49.07,49.11,5136
2018-11-30 10:00:00-05:00,49.1,49.14,49.1,49.12,2811
2018-11-30 10:05:00-05:00,49.11,49.19,49.11,49.175,5076
2018-11-30 10:10:00-05:00,49.18,49.185,49.15,49.15,4576
2018-11-30 10:15:00-05:00,49.15,49.165,49.13,49.15,1814
2018-11-30 10:20:00-05:00,49.16,49.18,49.14,49.15,3874
2018-11-30 10:25:00-05:00,49.17,49.23,49.17,49.18,4369
2018-11-30 10:30:00-05:00,49.185,49.21,49.175,49.18,2936
2018-11-30 10:35:00-05:00,49.17,49.2,49.17,49.2,3885
2018-11-30 10:40:00-05:00,49.19,49.205,49.18,49.2,3742
2018-11-30 10:45:00-05:00,49.21,49.255,49.21,49.23,2934
2018-11-30 10:50:00-05:00,49.225,49.25,49.2,49.24,5291
2018-11-30 10:55:00-05:00,49.215,49.23,49.195,49.22,3001
2018-11-30 11:00:00-05:00,49.25,49.365,49.24,49.365,10770
2018-11-30 11:05:00-05:00,49.36,49.375,49.31,49.335,4830
2018-11-30 11:10:00-05:00,49.34,49.345,49.27,49.27,5734
2018-11-30 11:15:00-05:00,49.26,49.26,49.18,49.19,58325
2018-11-30 11:20:00-05:00,49.19,49.235,49.185,49.235,6686
2018-11-30 11:25:00-05:00,49.24,49.25,49.2,49.215,6375
2018-11-30 11:30:00-05:00,49.19,49.24,49.19,49.22,4521
2018-11-30 11:35:00-05:00,49.22,49.24,49.19,49.235,3345
2018-11-30 11:40:00-05:00,49.245,49.25,49.21,49.25,3005
2018-11-30 11:45:00-05:00,49.24,49.3,49.24,49.3,6799
2018-11-30 11:50:00-05:00,49.31,49.36,49.31,49.36,3290
2018-11-30 11:55:00-05:00,49.34,49.365,49.34,49.35,3374
2018-11-30 12:00:00-05:00,49.355,49.36,49.32,49.32,7931
2018-11-30 12:05:00-05:00,49.33,49.35,49.32,49.35,5737
2018-11-30 12:10:00-05:00,49.355,49.37,49.355,49.36,3283
2018-11-30 12:15:00-05:00,49.35,49.45,49.34,49.44,9627
2018-11-30 12:20:00-05:00,49.43,49.465,49.43,49.45,7907
2018-11-30 12:25:00-05:00,49.45,49.55,49.45,49.55,11617
2018-11-30 12:30:00-05:00,49.56,49.62,49.555,49.615,16073
2018-11-30 12:35:00-05:00,49.615,49.615,49.6,49.61,6870
2018-11-30 12:40:00-05:00,49.6,49.62,49.6,49.61,9913
2018-11-30 12:45:00-05:00,49.6,49.64,49.6,49.64,6867
2018-11-30 12:50:00-05:00,49.66,49.67,49.64,49.66,15411
2018-11-30 12:55:00-05:00,49.66,49.66,49.62,49.62,6478
2018-11-30 13:00:00-05:00,49.615,49.665,49.61,49.665,9438
2018-11-30 13:05:00-05:00,49.67,49.68,49.64,49.64,9368
2018-11-30 13:10:00-05:00,49.64,49.665,49.64,49.66,4738
2018-11-30 13:15:00-05:00,49.665,49.75,49.66,49.75,13432
2018-11-30 13:20:00-05:00,49.75,49.775,49.74,49.77,10452
2018-11-30 13:25:00-05:00,49.77,49.78,49.72,49.72,10082
2018-11-30 13:30:00-05:00,49.72,49.835,49.71,49.76,17385
2018-11-30 13:35:00-05:00,49.77,49.8,49.74,49.765,10996
2018-11-30 13:40:00-05:00,49.765,49.765,49.7,49.7,10399
2018-11-30 13:45:00-05:00,49.7,49.745,49.69,49.745,15403
2018-11-30 13:50:00-05:00,49.75,49.8,49.74,49.79,14513
2018-11-30 13:55:00-05:00,49.8,49.82,49.79,49.82,11092
2018-11-30 14:00:00-05:00,49.82,49.835,49.82,49.83,13677
2018-11-30 14:05:00-05:00,49.83,49.84,49.81,49.835,11475
2018-11-30 14:10:00-05:00,49.84,49.84,49.82,49.83,13046
2018-11-30 14:15:00-05:00,49.83,49.85,49.82,49.84,14010
2018-11-30 14:20:00-05:00,49.85,49.87,49.8,49.83,10088
2018-11-30 14:25:00-05:00,49.83,49.87,49.805,49.87,10939
2018-11-30 14:30:00-05:00,49.87,49.91,49.855,49.9,23349
2018-11-30 14:35:00-05:00,49.9,49.91,49.855,49.855,16868
2018-11-30 14:40:00-05:00,49.84,49.92,49.83,49.92,17872
2018-11-30 14:45:00-05:00,49.92,49.92,49.91,49.92,13568
2018-11-30 14:50:00-05:00,49.92,49.95,49.885,49.935,8525
2018-11-30 14:55:00-05:00,49.94,49.955,49.91,49.92,9569
2018-11-30 15:00:00-05:00,49.92,49.93,49.895,49.92,7251
2018-11-30 15:05:00-05:00,49.93,49.97,49.905,49.96,8853
2018-11-30 15:10:00-05:00,49.96,49.97,49.94,49.97,18399
2018-11-30 15:15:00-05:00,49.97,50.0,49.955,50.0,41161
2018-11-30 15:20:00-05:00,50.0,50.08,49.99,50.05,25415
2018-11-30 15:25:00-05:00,50.06,50.075,50.0,50.045,20846
2018-11-30 15:30:00-05:00,50.05,50.07,50.02,50.05,15108
2018-11-30 15:35:00-05:00,50.04,50.1,50.03,50.06,26317
2018-11-30 15:40:00-05:00,50.06,50.08,50.03,50.03,32223
2018-11-30 15:45:00-05:00,50.04,50.12,50.03,50.1,51814
2018-11-30 15:50:00-05:00,50.09,50.12,50.04,50.12,44481
2018-11-30 15:55:00-05:00,50.12,50.485,50.12,50.44,244917
2018-11-30 16:00:00-05:00,50.42,50.42,50.42,50.42,228
2018-12-03 11:25:00-05:00,49.18,49.18,49.11,49.13,5314
2018-12-03 11:30:00-05:00,49.13,49.14,49.1,49.1,6051
2018-12-03 11:35:00-05:00,49.1,49.11,49.02,49.04,6236
2018-12-03 11:40:00-05:00,49.02,49.04,49.0,49.02,7237
2018-12-03 11:45:00-05:00,49.02,49.02,48.99,49.01,4573
2018-12-03 11:50:00-05:00,49.02,49.14,49.02,49.13,7357
2018-12-03 11:55:00-05:00,49.12,49.19,49.1,49.19,4974
2018-12-03 12:00:00-05:00,49.2,49.23,49.2,49.23,6638
2018-12-03 12:05:00-05:00,49.235,49.295,49.22,49.295,7771
2018-12-03 12:10:00-05:00,49.29,49.29,49.24,49.25,7877
2018-12-03 12:15:00-05:00,49.255,49.27,49.23,49.26,5187
2018-12-03 12:20:00-05:00,49.25,49.27,49.22,49.26,3385
2018-12-03 12:25:00-05:00,49.27,49.31,49.27,49.31,4921
2018-12-03 12:30:00-05:00,49.3,49.39,49.3,49.39,6209
2018-12-03 12:35:00-05:00,49.38,49.425,49.36,49.39,10579
2018-12-03 12:40:00-05:00,49.395,49.395,49.37,49.38,8014
2018-12-03 12:45:00-05:00,49.375,49.38,49.32,49.32,7497
2018-12-03 12:50:00-05:00,49.32,49.355,49.31,49.35,11614
2018-12-03 12:55:00-05:00,49.36,49.375,49.275,49.29,6034
2018-12-03 13:00:00-05:00,49.29,49.4,49.29,49.4,8972
2018-12-03 13:05:00-05:00,49.41,49.49,49.405,49.46,9459
2018-12-03 13:10:00-05:00,49.45,49.535,49.45,49.5,14996
2018-12-03 13:15:00-05:00,49.51,49.52,49.5,49.51,4312
2018-12-03 13:20:00-05:00,49.52,49.53,49.49,49.5,3980
2018-12-03 13:25:00-05:00,49.5,49.5,49.47,49.49,5041
2018-12-03 13:30:00-05:00,49.48,49.48,49.44,49.445,26215
2018-12-03 13:35:00-05:00,49.44,49.45,49.41,49.42,6872
2018-12-03 13:40:00-05:00,49.42,49.445,49.39,49.425,8075
2018-12-03 13:45:00-05:00,49.43,49.45,49.41,49.42,7968
2018-12-03 13:50:00-05:00,49.42,49.43,49.38,49.4,4614
2018-12-03 13:55:00-05:00,49.395,49.405,49.37,49.38,5664
2018-12-03 14:00:00-05:00,49.38,49.4,49.37,49.38,6975
2018-12-03 14:05:00-05:00,49.38,49.395,49.3,49.35,9920
2018-12-03 14:10:00-05:00,49.35,49.385,49.325,49.325,7096
2018-12-03 14:15:00-05:00,49.325,49.4,49.325,49.37,8329
2018-12-03 14:20:00-05:00,49.37,49.41,49.36,49.41,6827
2018-12-03 14:25:00-05:00,49.41,49.495,49.41,49.44,14433
2018-12-03 14:30:00-05:00,49.45,49.5,49.44,49.5,6563
2018-12-03 14:35:00-05:00,49.5,49.52,49.47,49.52,8731
2018-12-03 14:40:00-05:00,49.525,49.54,49.48,49.52,9475
2018-12-03 14:45:00-05:00,49.52,49.525,49.51,49.52,4174
2018-12-03 14:50:00-05:00,49.52,49.54,49.5,49.54,9698
2018-12-03 14:55:00-05:00,49.54,49.54,49.51,49.52,10763
2018-12-03 15:00:00-05:00,49.51,49.52,49.48,49.495,12391
2018-12-03 15:05:00-05:00,49.49,49.54,49.48,49.5,7486
2018-12-03 15:10:00-05:00,49.51,49.59,49.51,49.59,11911
2018-12-03 15:15:00-05:00,49.59,49.665,49.59,49.64,10213
2018-12-03 15:20:00-05:00,49.64,49.66,49.605,49.625,12860
2018-12-03 15:25:00-05:00,49.62,49.68,49.6,49.67,15675
2018-12-03 15:30:00-05:00,49.67,49.74,49.645,49.7,19768
2018-12-03 15:35:00-05:00,49.7,49.73,49.65,49.65,25876
2018-12-03 15:40:00-05:00,49.66,49.66,49.61,49.62,19363
2018-12-03 15:45:00-05:00,49.63,49.68,49.63,49.655,27258
2018-12-03 15:50:00-05:00,49.66,49.66,49.56,49.58,35985
2018-12-03 15:55:00-05:00,49.58,49.72,49.58,49.69,58191
2018-12-04 09:30:00-05:00,50.0,50.25,49.97,50.02,36669
2018-12-04 09:35:00-05:00,50.04,50.125,50.0,50.04,27422
2018-12-04 09:40:00-05:00,50.05,50.09,50.0,50.075,22727
2018-12-04 09:45:00-05:00,50.07,50.17,50.07,50.1,12623
2018-12-04 09:50:00-05:00,50.1,50.18,50.1,50.11,13242
2018-12-04 09:55:00-05:00,50.095,50.095,50.01,50.04,18333
2018-12-04 10:00:00-05:00,50.05,50.18,50.05,50.18,17420
2018-12-04 10:05:00-05:00,50.18,50.19,50.13,50.14,10829
2018-12-04 10:10:00-05:00,50.145,50.18,50.13,50.135,12502
2018-12-04 10:15:00-05:00,50.14,50.18,50.03,50.05,15534
2018-12-04 10:20:00-05:00,50.05,50.09,50.05,50.07,9681
2018-12-04 10:25:00-05:00,50.07,50.135,50.04,50.135,7903
2018-12-04 10:30:00-05:00,50.13,50.16,50.095,50.14,9979
2018-12-04 10:35:00-05:00,50.14,50.21,50.14,50.2,17206
2018-12-04 10:40:00-05:00,50.2,50.21,50.17,50.18,9848
2018-12-04 10:45:00-05:00,50.19,50.19,50.15,50.18,7391
2018-12-04 10:50:00-05:00,50.18,50.195,50.155,50.195,10626
2018-12-04 10:55:00-05:00,50.195,50.2,50.175,50.18,9358
2018-12-04 11:00:00-05:00,50.17,50.325,50.13,50.32,9313
2018-12-04 11:05:00-05:00,50.31,50.39,50.3,50.36,7691
2018-12-04 11:10:00-05:00,50.365,50.43,50.365,50.43,8529
2018-12-04 11:15:00-05:00,50.42,50.42,50.37,50.42,8757
2018-12-04 11:20:00-05:00,50.41,50.48,50.39,50.45,9426
2018-12-04 11:25:00-05:00,50.45,50.5,50.44,50.5,7452
2018-12-04 11:30:00-05:00,50.49,50.51,50.46,50.5,6948
2018-12-04 11:35:00-05:00,50.505,50.51,50.42,50.44,15798
2018-12-04 11:40:00-05:00,50.44,50.51,50.44,50.5,7687
2018-12-04 11:45:00-05:00,50.51,50.51,50.49,50.505,6214
2018-12-04 11:50:00-05:00,50.505,50.505,50.415,50.455,6710
2018-12-04 11:55:00-05:00,50.46,50.47,50.375,50.39,7503
2018-12-04 12:00:00-05:00,50.38,50.39,50.27,50.28,5585
2018-12-04 12:05:00-05:00,50.28,50.28,50.13,50.19,11097
2018-12-04 12:10:00-05:00,50.19,50.215,50.1,50.1,13828
2018-12-04 12:15:00-05:00,50.09,50.13,50.06,50.11,9800
2018-12-04 12:20:00-05:00,50.12,50.16,50.05,50.07,5025
2018-12-04 12:25:00-05:00,50.07,50.185,50.07,50.125,4875
2018-12-04 12:30:00-05:00,50.11,50.12,49.97,50.04,13447
2018-12-04 12:35:00-05:00,50.045,50.06,49.98,49.98,12687
2018-12-04 12:40:00-05:00,49.98,50.02,49.95,49.98,12479
2018-12-04 12:45:00-05:00,49.97,49.99,49.945,49.96,7678
2018-12-04 12:50:00-05:00,49.95,49.95,49.89,49.915,9342
2018-12-04 12:55:00-05:00,49.93,50.04,49.93,50.025,13205
2018-12-04 13:00:00-05:00,50.025,50.065,49.995,50.05,15510
2018-12-04 13:05:00-05:00,50.04,50.04,49.99,50.01,5052
2018-12-04 13:10:00-05:00,50.01,50.01,49.95,49.95,11404
2018-12-04 13:15:00-05:00,49.96,50.01,49.95,49.97,4709
2018-12-04 13:20:00-05:00,49.98,49.99,49.94,49.94,3963
2018-12-04 13:25:00-05:00,49.94,49.94,49.8,49.82,10245
2018-12-04 13:30:00-05:00,49.83,49.94,49.78,49.92,16325
2018-12-04 13:35:00-05:00,49.92,49.93,49.81,49.82,10992
2018-12-04 13:40:00-05:00,49.81,49.86,49.79,49.83,9096
2018-12-04 13:45:00-05:00,49.82,49.88,49.79,49.85,9480
2018-12-04 13:50:00-05:00,49.84,49.92,49.805,49.91,9249
2018-12-04 13:55:00-05:00,49.91,49.935,49.89,49.935,12042
2018-12-04 14:00:00-05:00,49.92,49.97,49.83,49.83,9959
2018-12-04 14:05:00-05:00,49.83,49.9,49.83,49.88,10597
2018-12-04 14:10:00-05:00,49.87,49.91,49.85,49.85,7408
2018-12-04 14:15:00-05:00,49.83,49.87,49.82,49.845,5519
2018-12-04 14:20:00-05:00,49.87,49.87,49.81,49.81,3463
2018-12-04 14:25:00-05:00,49.81,49.815,49.76,49.76,4670
2018-12-04 14:30:00-05:00,49.77,49.905,49.77,49.9,4747
2018-12-04 14:35:00-05:00,49.89,49.89,49.84,49.86,10166
2018-12-04 14:40:00-05:00,49.84,49.86,49.815,49.84,7291
2018-12-04 14:45:00-05:00,49.85,49.91,49.85,49.875,6513
2018-12-04 14:50:00-05:00,49.875,49.9,49.85,49.875,7018
2018-12-04 14:55:00-05:00,49.86,49.895,49.8,49.8,5206
2018-12-04 15:00:00-05:00,49.8,49.8,49.75,49.755,7717
2018-12-04 15:05:00-05:00,49.75,49.78,49.7,49.7,7058
2018-12-04 15:10:00-05:00,49.68,49.73,49.62,49.65,7738
2018-12-04 15:15:00-05:00,49.65,49.68,49.575,49.58,11608
2018-12-04 15:20:00-05:00,49.57,49.62,49.53,49.54,10964
2018-12-04 15:25:00-05:00,49.53,49.61,49.5,49.56,16656
2018-12-04 15:30:00-05:00,49.56,49.66,49.545,49.66,17305
2018-12-04 15:35:00-05:00,49.65,49.73,49.62,49.63,20212
2018-12-04 15:40:00-05:00,49.64,49.645,49.58,49.595,22961
2018-12-04 15:45:00-05:00,49.6,49.72,49.565,49.72,32952
2018-12-04 15:50:00-05:00,49.725,49.725,49.61,49.64,66423
2018-12-04 15:55:00-05:00,49.62,49.62,49.54,49.6,108138
2018-12-06 09:30:00-05:00,49.55,49.63,49.47,49.49,13343
2018-12-06 09:35:00-05:00,49.49,49.515,49.35,49.38,9758
2018-12-06 09:40:00-05:00,49.395,49.48,49.36,49.43,15124
2018-12-06 09:45:00-05:00,49.41,49.46,49.36,49.36,12816
2018-12-06 09:50:00-05:00,49.365,49.38,49.26,49.27,17196
2018-12-06 09:55:00-05:00,49.27,49.33,49.23,49.235,19060
2018-12-06 10:00:00-05:00,49.23,49.28,49.13,49.15,16000
2018-12-06 10:05:00-05:00,49.14,49.14,49.05,49.09,13564
2018-12-06 10:10:00-05:00,49.1,49.18,49.04,49.06,14444
2018-12-06 10:15:00-05:00,49.07,49.13,49.02,49.02,14925
2018-12-06 10:20:00-05:00,49.01,49.07,48.97,49.04,11320
2018-12-06 10:25:00-05:00,49.03,49.03,48.95,49.0,9962
2018-12-06 10:30:00-05:00,49.01,49.06,49.005,49.01,9043
2018-12-06 10:35:00-05:00,48.985,49.04,48.98,48.99,9033
2018-12-06 10:40:00-05:00,48.98,49.01,48.885,48.9,9373
2018-12-06 10:45:00-05:00,48.865,48.89,48.78,48.78,9671
2018-12-06 10:50:00-05:00,48.79,48.91,48.77,48.89,13947
2018-12-06 10:55:00-05:00,48.89,48.935,48.84,48.89,8207
2018-12-06 11:00:00-05:00,48.88,48.925,48.83,48.925,7369
2018-12-06 11:05:00-05:00,48.91,48.935,48.875,48.88,12024
2018-12-06 11:10:00-05:00,48.825,48.84,48.77,48.83,9208
2018-12-06 11:15:00-05:00,48.82,48.91,48.795,48.9,6815
2018-12-06 11:20:00-05:00,48.89,48.92,48.85,48.85,7248
2018-12-06 11:25:00-05:00,48.85,48.85,48.68,48.74,10029
2018-12-06 11:30:00-05:00,48.72,48.74,48.665,48.73,11452
2018-12-06 11:35:00-05:00,48.76,48.78,48.665,48.71,12336
2018-12-06 11:40:00-05:00,48.715,48.725,48.67,48.685,8519
2018-12-06 11:45:00-05:00,48.685,48.83,48.68,48.82,16015
2018-12-06 11:50:00-05:00,48.82,48.88,48.8,48.81,13546
2018-12-06 11:55:00-05:00,48.81,48.86,48.77,48.77,13025
2018-12-06 12:00:00-05:00,48.76,48.79,48.72,48.76,10486
2018-12-06 12:05:00-05:00,48.76,48.78,48.73,48.75,8487
2018-12-06 12:10:00-05:00,48.735,48.74,48.67,48.74,9806
2018-12-06 12:15:00-05:00,48.74,48.8,48.7,48.7,13975
2018-12-06 12:20:00-05:00,48.695,48.75,48.68,48.745,7784
2018-12-06 12:25:00-05:00,48.75,48.795,48.74,48.79,7735
2018-12-06 12:30:00-05:00,48.77,48.84,48.765,48.8,10872
2018-12-06 12:35:00-05:00,48.81,48.83,48.735,48.74,11453
2018-12-06 12:40:00-05:00,48.74,48.78,48.73,48.78,9002
2018-12-06 12:45:00-05:00,48.795,48.875,48.78,48.87,9327
2018-12-06 12:50:00-05:00,48.86,48.94,48.84,48.93,7410
2018-12-06 12:55:00-05:00,48.935,48.97,48.925,48.925,8661
2018-12-06 13:00:00-05:00,48.92,48.93,48.85,48.85,9437
2018-12-06 13:05:00-05:00,48.855,48.86,48.8,48.85,8132
2018-12-06 13:10:00-05:00,48.865,48.93,48.855,48.93,6262
2018-12-06 13:15:00-05:00,48.905,48.92,48.85,48.855,3127
2018-12-06 13:20:00-05:00,48.84,48.86,48.81,48.86,7704
2018-12-06 13:25:00-05:00,48.84,48.86,48.77,48.77,4832
2018-12-06 13:30:00-05:00,48.77,48.77,48.72,48.77,25679
2018-12-06 13:35:00-05:00,48.76,48.795,48.73,48.75,4732
2018-12-06 13:40:00-05:00,48.76,48.81,48.76,48.785,5439
2018-12-06 13:45:00-05:00,48.78,48.89,48.78,48.88,5800
2018-12-06 13:50:00-05:00,48.9,48.965,48.88,48.965,5999
2018-12-06 13:55:00-05:00,48.97,49.025,48.95,49.01,7350
2018-12-06 14:00:00-05:00,49.01,49.105,49.01,49.06,7813
2018-12-06 14:05:00-05:00,49.065,49.1,49.04,49.05,8490
2018-12-06 14:10:00-05:00,49.055,49.055,48.91,48.98,9065
2018-12-06 14:15:00-05:00,48.98,49.01,48.92,48.93,6347
2018-12-06 14:20:00-05:00,48.95,48.95,48.855,48.89,3684
2018-12-06 14:25:00-05:00,48.9,48.93,48.88,48.91,7047
2018-12-06 14:30:00-05:00,48.9,48.94,48.89,48.93,9637
2018-12-06 14:35:00-05:00,48.93,48.96,48.85,48.86,10930
2018-12-06 14:40:00-05:00,48.87,48.89,48.86,48.87,10611
2018-12-06 14:45:00-05:00,48.87,48.88,48.76,48.82,9197
2018-12-06 14:50:00-05:00,48.83,49.01,48.83,48.97,22146
2018-12-06 14:55:00-05:00,48.98,49.05,48.98,49.03,12274
2018-12-06 15:00:00-05:00,49.05,49.14,49.04,49.1,17861
2018-12-06 15:05:00-05:00,49.1,49.105,49.04,49.09,11510
2018-12-06 15:10:00-05:00,49.08,49.13,49.06,49.1,11028
2018-12-06 15:15:00-05:00,49.09,49.09,49.03,49.07,19929
2018-12-06 15:20:00-05:00,49.06,49.09,49.03,49.07,20671
2018-12-06 15:25:00-05:00,49.07,49.12,49.05,49.11,23028
2018-12-06 15:30:00-05:00,49.09,49.29,49.085,49.26,22674
2018-12-06 15:35:00-05:00,49.27,49.27,49.215,49.24,28410
2018-12-06 15:40:00-05:00,49.23,49.27,49.22,49.27,27948
2018-12-06 15:45:00-05:00,49.275,49.38,49.27,49.37,26765
2018-12-06 15:50:00-05:00,49.36,49.42,49.35,49.36,33775
2018-12-06 15:55:00-05:00,49.37,49.43,49.34,49.38,94718
2018-12-07 09:25:00-05:00,49.39,49.5,49.39,49.5,748
2018-12-07 09:30:00-05:00,49.515,49.56,49.26,49.26,10644
2018-12-07 09:35:00-05:00,49.23,49.39,49.22,49.39,5749
2018-12-07 09:40:00-05:00,49.385,49.455,49.31,49.455,17553
2018-12-07 09:45:00-05:00,49.45,49.59,49.44,49.56,19724
2018-12-07 09:50:00-05:00,49.58,49.645,49.58,49.61,12236
2018-12-07 09:55:00-05:00,49.625,49.68,49.61,49.63,9435
2018-12-07 10:00:00-05:00,49.62,49.64,49.56,49.61,8446
2018-12-07 10:05:00-05:00,49.64,49.66,49.58,49.63,17365
2018-12-07 10:10:00-05:00,49.64,49.67,49.62,49.67,17138
2018-12-07 10:15:00-05:00,49.67,49.67,49.47,49.47,13892
2018-12-07 10:20:00-05:00,49.46,49.5,49.38,49.41,9038
2018-12-07 10:25:00-05:00,49.4,49.4,49.29,49.325,7472
2018-12-07 10:30:00-05:00,49.34,49.37,49.28,49.28,5055
2018-12-07 10:35:00-05:00,49.27,49.28,49.13,49.26,7924
2018-12-07 10:40:00-05:00,49.23,49.31,49.22,49.285,7609
2018-12-07 10:45:00-05:00,49.27,49.34,49.26,49.275,7666
2018-12-07 10:50:00-05:00,49.28,49.36,49.23,49.345,7519
2018-12-07 10:55:00-05:00,49.345,49.4,49.32,49.32,6992
2018-12-07 11:00:00-05:00,49.32,49.34,49.25,49.33,8671
2018-12-07 11:05:00-05:00,49.34,49.36,49.28,49.29,14721
2018-12-07 11:10:00-05:00,49.28,49.34,49.26,49.27,8141
2018-12-07 11:15:00-05:00,49.27,49.29,49.24,49.25,9513
2018-12-07 11:20:00-05:00,49.24,49.26,49.19,49.21,5766
2018-12-07 11:25:00-05:00,49.205,49.23,49.16,49.18,9469
2018-12-07 11:30:00-05:00,49.19,49.28,49.18,49.25,9773
2018-12-07 11:35:00-05:00,49.25,49.27,49.215,49.25,8962
2018-12-07 11:40:00-05:00,49.26,49.26,49.16,49.16,11871
2018-12-07 11:45:00-05:00,49.16,49.2,49.16,49.175,8880
2018-12-07 11:50:00-05:00,49.15,49.15,49.06,49.06,4017
2018-12-07 11:55:00-05:00,49.07,49.07,48.98,49.0,5124
2018-12-07 12:00:00-05:00,48.98,49.0,48.945,48.945,8276
2018-12-07 12:05:00-05:00,48.95,49.01,48.89,49.005,10604
2018-12-07 12:10:00-05:00,49.0,49.15,49.0,49.09,7570
2018-12-07 12:15:00-05:00,49.09,49.1,49.01,49.06,6738
2018-12-07 12:20:00-05:00,49.06,49.24,49.06,49.18,10719
2018-12-07 12:25:00-05:00,49.18,49.19,49.15,49.16,2331
2018-12-07 12:30:00-05:00,49.16,49.17,49.09,49.12,4143
2018-12-07 12:35:00-05:00,49.08,49.1,49.03,49.03,4761
2018-12-07 12:40:00-05:00,49.03,49.04,48.99,49.02,5147
2018-12-07 12:45:00-05:00,49.05,49.08,49.0,49.02,6723
2018-12-07 12:50:00-05:00,49.015,49.16,49.015,49.16,6823
2018-12-07 12:55:00-05:00,49.16,49.27,49.14,49.23,10148
2018-12-07 13:00:00-05:00,49.23,49.34,49.23,49.32,9422
2018-12-07 13:05:00-05:00,49.29,49.3,49.26,49.28,6441
2018-12-07 13:10:00-05:00,49.29,49.29,49.25,49.25,8224
2018-12-07 13:15:00-05:00,49.27,49.28,49.2,49.2,6397
2018-12-07 13:20:00-05:00,49.19,49.24,49.18,49.23,7904
2018-12-07 13:25:00-05:00,49.19,49.21,49.15,49.21,3759
2018-12-07 13:30:00-05:00,49.2,49.215,49.14,49.14,16172
2018-12-07 13:35:00-05:00,49.13,49.17,49.1,49.17,6416
2018-12-07 13:40:00-05:00,49.18,49.23,49.165,49.22,15570
2018-12-07 13:45:00-05:00,49.21,49.23,49.14,49.145,6846
2018-12-07 13:50:00-05:00,49.12,49.17,49.1,49.12,4434
2018-12-07 13:55:00-05:00,49.13,49.13,49.045,49.045,7213
2018-12-07 14:00:00-05:00,49.04,49.07,49.03,49.04,9912
2018-12-07 14:05:00-05:00,49.03,49.07,49.02,49.03,10993
2018-12-07 14:10:00-05:00,49.035,49.07,49.0,49.035,8157
2018-12-07 14:15:00-05:00,49.035,49.14,49.035,49.14,10916
2018-12-07 14:20:00-05:00,49.15,49.19,49.12,49.12,3636
2018-12-07 14:25:00-05:00,49.13,49.15,49.07,49.11,6154
2018-12-07 14:30:00-05:00,49.12,49.135,49.045,49.07,12824
2018-12-07 14:35:00-05:00,49.04,49.075,49.03,49.06,8661
2018-12-07 14:40:00-05:00,49.05,49.115,49.04,49.08,17076
2018-12-07 14:45:00-05:00,49.08,49.17,49.05,49.13,13959
2018-12-07 14:50:00-05:00,49.15,49.2,49.08,49.08,7992
2018-12-07 14:55:00-05:00,49.09,49.1,49.015,49.03,13632
2018-12-07 15:00:00-05:00,49.04,49.07,48.96,48.975,20416
2018-12-07 15:05:00-05:00,48.98,49.09,48.97,49.08,13866
2018-12-07 15:10:00-05:00,49.07,49.105,49.04,49.04,15982
2018-12-07 15:15:00-05:00,49.04,49.09,49.0,49.085,12692
2018-12-07 15:20:00-05:00,49.09,49.1,49.04,49.06,9210
2018-12-07 15:25:00-05:00,49.05,49.11,49.005,49.08,12474
2018-12-07 15:30:00-05:00,49.07,49.21,49.05,49.19,23026
2018-12-07 15:35:00-05:00,49.18,49.3,49.17,49.21,29860
2018-12-07 15:40:00-05:00,49.19,49.22,49.145,49.19,19516
2018-12-07 15:45:00-05:00,49.2,49.2,49.1,49.1,33422
2018-12-07 15:50:00-05:00,49.105,49.21,49.105,49.18,33777
2018-12-07 15:55:00-05:00,49.18,49.22,49.08,49.09,107935
2018-12-10 09:25:00-05:00,49.5,49.5,49.46,49.46,336
2018-12-10 09:30:00-05:00,49.38,49.38,49.11,49.11,4872
2018-12-10 09:35:00-05:00,49.08,49.12,48.97,49.03,3228
2018-12-10 09:40:00-05:00,49.01,49.01,48.92,48.99,4800
2018-12-10 09:45:00-05:00,49.005,49.04,48.87,48.885,5243
2018-12-10 09:50:00-05:00,48.885,48.94,48.85,48.93,12762
2018-12-10 09:55:00-05:00,48.93,48.94,48.845,48.87,12939
2018-12-10 10:00:00-05:00,48.86,48.9,48.85,48.88,5910
2018-12-10 10:05:00-05:00,48.9,48.96,48.89,48.93,6587
2018-12-10 10:10:00-05:00,48.93,48.95,48.87,48.87,5800
2018-12-10 10:15:00-05:00,48.9,48.96,48.89,48.955,6009
2018-12-10 10:20:00-05:00,48.94,48.98,48.92,48.94,7932
2018-12-10 10:25:00-05:00,48.94,49.04,48.94,49.01,6727
2018-12-10 10:30:00-05:00,49.025,49.04,48.94,48.97,5091
2018-12-10 10:35:00-05:00,48.99,49.0,48.875,48.875,16641
2018-12-10 10:40:00-05:00,48.875,48.875,48.78,48.795,6826
2018-12-10 10:45:00-05:00,48.82,48.87,48.82,48.825,8437
2018-12-10 10:50:00-05:00,48.825,48.825,48.66,48.66,5997
2018-12-10 10:55:00-05:00,48.68,48.77,48.65,48.71,8461
2018-12-10 11:00:00-05:00,48.73,48.73,48.48,48.53,9048
2018-12-10 11:05:00-05:00,48.54,48.67,48.54,48.61,8414
2018-12-10 11:10:00-05:00,48.605,48.67,48.6,48.67,7627
2018-12-10 11:15:00-05:00,48.65,48.73,48.65,48.7,8280
2018-12-10 11:20:00-05:00,48.69,48.73,48.68,48.71,6327
2018-12-10 11:25:00-05:00,48.7,48.74,48.62,48.69,8056
2018-12-10 11:30:00-05:00,48.67,48.73,48.58,48.58,7281
2018-12-10 11:35:00-05:00,48.6,48.74,48.53,48.74,3619
2018-12-10 11:40:00-05:00,48.74,48.78,48.74,48.77,5697
2018-12-10 11:45:00-05:00,48.77,48.84,48.77,48.805,7106
2018-12-10 11:50:00-05:00,48.85,48.88,48.805,48.81,5889
2018-12-10 11:55:00-05:00,48.82,48.84,48.75,48.8,9709
2018-12-10 12:00:00-05:00,48.84,48.84,48.77,48.81,4441
2018-12-10 12:05:00-05:00,48.79,48.85,48.77,48.835,2306
2018-12-10 12:10:00-05:00,48.83,48.86,48.78,48.82,4666
2018-12-10 12:15:00-05:00,48.87,48.87,48.71,48.71,4784
2018-12-10 12:20:00-05:00,48.69,48.72,48.68,48.72,4518
2018-12-10 12:25:00-05:00,48.745,48.81,48.745,48.77,5400
2018-12-10 12:30:00-05:00,48.79,48.85,48.78,48.835,3588
2018-12-10 12:35:00-05:00,48.84,48.97,48.84,48.935,5283
2018-12-10 12:40:00-05:00,48.95,48.97,48.91,48.91,3025
2018-12-10 12:45:00-05:00,48.92,48.98,48.89,48.98,7162
2018-12-10 12:50:00-05:00,48.99,49.06,48.98,49.06,6091
2018-12-10 12:55:00-05:00,49.04,49.04,48.97,48.97,3887
2018-12-10 13:00:00-05:00,48.97,48.97,48.92,48.92,3355
2018-12-10 13:05:00-05:00,48.92,49.0,48.91,48.95,3195
2018-12-10 13:10:00-05:00,48.95,49.08,48.93,49.07,5142
2018-12-10 13:15:00-05:00,49.08,49.09,49.02,49.08,2851
2018-12-10 13:20:00-05:00,49.08,49.095,48.99,48.99,4252
2018-12-10 13:25:00-05:00,48.99,48.995,48.96,48.98,2161
2018-12-10 13:30:00-05:00,48.97,49.11,48.97,49.11,13852
2018-12-10 13:35:00-05:00,49.135,49.18,49.12,49.16,3842
2018-12-10 13:40:00-05:00,49.145,49.18,49.08,49.1,2811
2018-12-10 13:45:00-05:00,49.11,49.23,49.11,49.22,4249
2018-12-10 13:50:00-05:00,49.23,49.27,49.2,49.2,3692
2018-12-10 13:55:00-05:00,49.19,49.19,49.12,49.14,2935
2018-12-10 14:00:00-05:00,49.14,49.18,49.135,49.14,3032
2018-12-10 14:05:00-05:00,49.115,49.2,49.115,49.18,3059
2018-12-10 14:10:00-05:00,49.19,49.19,49.15,49.15,2508
2018-12-10 14:15:00-05:00,49.145,49.15,49.1,49.1,2742
2018-12-10 14:20:00-05:00,49.12,49.19,49.08,49.13,5504
2018-12-10 14:25:00-05:00,49.14,49.23,49.14,49.2,9486
2018-12-10 14:30:00-05:00,49.21,49.34,49.2,49.34,15226
2018-12-10 14:35:00-05:00,49.34,49.35,49.31,49.32,15543
2018-12-10 14:40:00-05:00,49.32,49.36,49.295,49.3,6337
2018-12-10 14:45:00-05:00,49.3,49.34,49.28,49.3,5595
2018-12-10 14:50:00-05:00,49.29,49.37,49.285,49.32,4897
2018-12-10 14:55:00-05:00,49.32,49.34,49.19,49.205,6444
2018-12-10 15:00:00-05:00,49.2,49.21,49.16,49.17,7168
2018-12-10 15:05:00-05:00,49.16,49.22,49.16,49.22,5732
2018-12-10 15:10:00-05:00,49.22,49.22,49.15,49.155,5383
2018-12-10 15:15:00-05:00,49.15,49.15,49.1,49.12,5898
2018-12-10 15:20:00-05:00,49.13,49.165,49.13,49.15,4826
2018-12-10 15:25:00-05:00,49.15,49.215,49.15,49.2,6793
2018-12-10 15:30:00-05:00,49.21,49.3,49.21,49.29,17101
2018-12-10 15:35:00-05:00,49.3,49.39,49.285,49.35,13413
2018-12-10 15:40:00-05:00,49.345,49.38,49.34,49.36,14755
2018-12-10 15:45:00-05:00,49.35,49.35,49.28,49.3,17031
2018-12-10 15:50:00-05:00,49.3,49.355,49.29,49.35,34224
2018-12-10 15:55:00-05:00,49.345,49.355,49.24,49.24,73927
2018-12-11 09:30:00-05:00,49.64,49.85,49.6,49.78,6265
2018-12-11 09:35:00-05:00,49.79,49.8,49.72,49.74,4808
2018-12-11 09:40:00-05:00,49.73,49.86,49.69,49.84,5812
2018-12-11 09:45:00-05:00,49.91,49.93,49.84,49.84,10099
2018-12-11 09:50:00-05:00,49.83,49.89,49.78,49.82,8145
2018-12-11 09:55:00-05:00,49.81,49.83,49.78,49.83,5300
2018-12-11 10:00:00-05:00,49.83,49.94,49.79,49.9,7598
2018-12-11 10:05:00-05:00,49.89,49.915,49.85,49.87,14852
2018-12-11 10:10:00-05:00,49.885,50.01,49.83,49.84,15441
2018-12-11 10:15:00-05:00,49.835,49.88,49.61,49.72,51388
2018-12-11 10:20:00-05:00,49.7,49.7,49.45,49.54,28675
2018-12-11 10:25:00-05:00,49.54,49.56,49.345,49.37,11813
2018-12-11 10:30:00-05:00,49.38,49.47,49.235,49.45,21354
2018-12-11 10:35:00-05:00,49.46,49.6,49.45,49.595,25092
2018-12-11 10:40:00-05:00,49.57,49.62,49.53,49.57,24027
2018-12-11 10:45:00-05:00,49.58,49.61,49.46,49.51,15374
2018-12-11 10:50:00-05:00,49.5,49.5,49.35,49.36,13847
2018-12-11 10:55:00-05:00,49.36,49.465,49.32,49.45,8698
2018-12-11 11:00:00-05:00,49.44,49.44,49.33,49.41,10210
2018-12-11 11:05:00-05:00,49.405,49.43,49.36,49.4,7256
2018-12-11 11:10:00-05:00,49.4,49.49,49.38,49.39,15772
2018-12-11 11:15:00-05:00,49.395,49.42,49.33,49.37,7763
2018-12-11 11:20:00-05:00,49.365,49.53,49.355,49.52,13784
2018-12-11 11:25:00-05:00,49.52,49.535,49.46,49.485,11499
2018-12-11 11:30:00-05:00,49.48,49.5,49.36,49.36,7783
2018-12-11 11:35:00-05:00,49.36,49.42,49.36,49.41,5458
2018-12-11 11:40:00-05:00,49.41,49.41,49.325,49.39,5307
2018-12-11 11:45:00-05:00,49.38,49.405,49.345,49.38,6461
2018-12-11 11:50:00-05:00,49.38,49.45,49.38,49.4,4814
2018-12-11 11:55:00-05:00,49.42,49.48,49.385,49.435,7729
2018-12-11 12:00:00-05:00,49.42,49.43,49.29,49.29,5787
2018-12-11 12:05:00-05:00,49.29,49.345,49.24,49.31,9534
2018-12-11 12:10:00-05:00,49.3,49.3,49.25,49.265,5132
2018-12-11 12:15:00-05:00,49.24,49.28,49.215,49.265,5615
2018-12-11 12:20:00-05:00,49.26,49.38,49.255,49.34,5246
2018-12-11 12:25:00-05:00,49.32,49.35,49.305,49.32,3972
2018-12-11 12:30:00-05:00,49.33,49.37,49.25,49.3,7875
2018-12-11 12:35:00-05:00,49.31,49.32,49.265,49.265,5774
2018-12-11 12:40:00-05:00,49.27,49.38,49.27,49.36,6877
2018-12-11 12:45:00-05:00,49.35,49.38,49.335,49.38,5536
2018-12-11 12:50:00-05:00,49.38,49.38,49.305,49.34,5113
2018-12-11 12:55:00-05:00,49.33,49.33,49.27,49.315,5036
2018-12-11 13:00:00-05:00,49.31,49.31,49.255,49.28,3563
2018-12-11 13:05:00-05:00,49.28,49.3,49.24,49.29,3390
2018-12-11 13:10:00-05:00,49.29,49.29,49.21,49.22,4842
2018-12-11 13:15:00-05:00,49.21,49.3,49.18,49.295,8046
2018-12-11 13:20:00-05:00,49.29,49.33,49.26,49.3,6510
2018-12-11 13:25:00-05:00,49.3,49.3,49.26,49.295,3862
2018-12-11 13:30:00-05:00,49.305,49.35,49.295,49.33,20202
2018-12-11 13:35:00-05:00,49.34,49.39,49.33,49.37,4320
2018-12-11 13:40:00-05:00,49.33,49.34,49.26,49.29,5807
2018-12-11 13:45:00-05:00,49.27,49.31,49.23,49.26,7737
2018-12-11 13:50:00-05:00,49.25,49.28,49.22,49.26,6763
2018-12-11 13:55:00-05:00,49.27,49.31,49.27,49.27,2939
2018-12-11 14:00:00-05:00,49.27,49.34,49.25,49.3,4015
2018-12-11 14:05:00-05:00,49.3,49.31,49.24,49.25,7158
2018-12-11 14:10:00-05:00,49.27,49.34,49.27,49.34,4692
2018-12-11 14:15:00-05:00,49.33,49.42,49.31,49.4,5804
2018-12-11 14:20:00-05:00,49.395,49.45,49.38,49.43,4860
2018-12-11 14:25:00-05:00,49.435,49.54,49.435,49.54,7592
2018-12-11 14:30:00-05:00,49.55,49.6,49.53,49.55,7285
2018-12-11 14:35:00-05:00,49.55,49.57,49.525,49.56,5983
2018-12-11 14:40:00-05:00,49.56,49.61,49.52,49.59,9658
2018-12-11 14:45:00-05:00,49.58,49.66,49.57,49.61,9785
2018-12-11 14:50:00-05:00,49.63,49.685,49.59,49.65,8201
2018-12-11 14:55:00-05:00,49.65,49.665,49.625,49.66,6438
2018-12-11 15:00:00-05:00,49.67,49.68,49.59,49.65,7900
2018-12-11 15:05:00-05:00,49.63,49.7,49.61,49.7,10169
2018-12-11 15:10:00-05:00,49.69,49.85,49.685,49.8,12745
2018-12-11 15:15:00-05:00,49.79,49.79,49.73,49.74,6680
2018-12-11 15:20:00-05:00,49.73,49.74,49.705,49.71,8049
2018-12-11 15:25:00-05:00,49.71,49.74,49.695,49.71,9980
2018-12-11 15:30:00-05:00,49.7,49.76,49.695,49.7,17395
2018-12-11 15:35:00-05:00,49.7,49.73,49.665,49.73,31291
2018-12-11 15:40:00-05:00,49.72,49.72,49.66,49.66,25964
2018-12-11 15:45:00-05:00,49.66,49.7,49.61,49.625,24835
2018-12-11 15:50:00-05:00,49.63,49.65,49.6,49.62,55442
2018-12-11 15:55:00-05:00,49.61,49.64,49.54,49.55,109477
2018-12-12 09:30:00-05:00,49.94,50.02,49.85,49.93,4958
2018-12-12 09:35:00-05:00,49.96,49.96,49.77,49.78,3080
2018-12-12 09:40:00-05:00,49.81,49.81,49.71,49.71,4884
2018-12-12 09:45:00-05:00,49.67,49.71,49.62,49.64,7237
2018-12-12 09:50:00-05:00,49.645,49.655,49.55,49.58,5233
2018-12-12 09:55:00-05:00,49.59,49.62,49.53,49.575,6652
2018-12-12 10:00:00-05:00,49.57,49.57,49.49,49.49,11848
2018-12-12 10:05:00-05:00,49.48,49.54,49.48,49.52,7347
2018-12-12 10:10:00-05:00,49.5,49.62,49.48,49.62,8254
2018-12-12 10:15:00-05:00,49.59,49.62,49.56,49.6,10897
2018-12-12 10:20:00-05:00,49.6,49.62,49.54,49.565,6734
2018-12-12 10:25:00-05:00,49.55,49.59,49.53,49.58,6161
2018-12-12 10:30:00-05:00,49.6,49.6,49.515,49.52,8214
2018-12-12 10:35:00-05:00,49.52,49.555,49.415,49.43,6525
2018-12-12 10:40:00-05:00,49.425,49.455,49.39,49.4,9696
2018-12-12 10:45:00-05:00,49.405,49.445,49.395,49.4,7889
2018-12-12 10:50:00-05:00,49.39,49.455,49.39,49.425,16210
2018-12-12 10:55:00-05:00,49.41,49.49,49.38,49.48,9722
2018-12-12 11:00:00-05:00,49.485,49.5,49.43,49.48,10927
2018-12-12 11:05:00-05:00,49.47,49.505,49.43,49.49,3918
2018-12-12 11:10:00-05:00,49.46,49.465,49.415,49.45,4403
2018-12-12 11:15:00-05:00,49.46,49.47,49.39,49.39,9269
2018-12-12 11:20:00-05:00,49.4,49.4,49.27,49.28,7716
2018-12-12 11:25:00-05:00,49.28,49.295,49.23,49.25,6092
2018-12-12 11:30:00-05:00,49.26,49.35,49.24,49.345,5814
2018-12-12 11:35:00-05:00,49.33,49.38,49.315,49.345,2628
2018-12-12 11:40:00-05:00,49.35,49.375,49.34,49.375,3056
2018-12-12 11:45:00-05:00,49.385,49.41,49.37,49.41,3269
2018-12-12 11:50:00-05:00,49.42,49.43,49.39,49.42,1614
2018-12-12 11:55:00-05:00,49.41,49.47,49.38,49.47,4678
2018-12-12 12:00:00-05:00,49.48,49.55,49.475,49.54,6040
2018-12-12 12:05:00-05:00,49.54,49.595,49.52,49.57,3973
2018-12-12 12:10:00-05:00,49.58,49.67,49.58,49.67,4783
2018-12-12 12:15:00-05:00,49.675,49.675,49.61,49.62,3382
2018-12-12 12:20:00-05:00,49.64,49.651,49.565,49.565,9724
2018-12-12 12:25:00-05:00,49.56,49.56,49.54,49.555,6324
2018-12-12 12:30:00-05:00,49.56,49.57,49.545,49.56,3194
2018-12-12 12:35:00-05:00,49.56,49.56,49.52,49.53,5302
2018-12-12 12:40:00-05:00,49.53,49.58,49.53,49.575,28139
2018-12-12 12:45:00-05:00,49.575,49.58,49.545,49.555,4879
2018-12-12 12:50:00-05:00,49.555,49.615,49.555,49.59,6552
2018-12-12 12:55:00-05:00,49.595,49.68,49.595,49.68,9112
2018-12-12 13:00:00-05:00,49.68,49.68,49.63,49.64,3322
2018-12-12 13:05:00-05:00,49.64,49.66,49.605,49.62,3549
2018-12-12 13:10:00-05:00,49.62,49.64,49.615,49.63,5104
2018-12-12 13:15:00-05:00,49.635,49.635,49.61,49.61,4309
2018-12-12 13:20:00-05:00,49.61,49.62,49.57,49.57,4783
2018-12-12 13:25:00-05:00,49.58,49.585,49.55,49.57,2677
2018-12-12 13:30:00-05:00,49.565,49.605,49.54,49.605,14487
2018-12-12 13:35:00-05:00,49.605,49.615,49.57,49.58,4828
2018-12-12 13:40:00-05:00,49.565,49.585,49.56,49.58,2739
2018-12-12 13:45:00-05:00,49.585,49.595,49.56,49.56,6830
2018-12-12 13:50:00-05:00,49.56,49.565,49.54,49.54,3999
2018-12-12 13:55:00-05:00,49.545,49.56,49.51,49.555,4768
2018-12-12 14:00:00-05:00,49.555,49.56,49.51,49.51,4309
2018-12-12 14:05:00-05:00,49.51,49.52,49.45,49.455,4215
2018-12-12 14:10:00-05:00,49.455,49.47,49.415,49.45,5269
2018-12-12 14:15:00-05:00,49.445,49.475,49.435,49.465,4713
2018-12-12 14:20:00-05:00,49.48,49.485,49.435,49.48,3983
2018-12-12 14:25:00-05:00,49.49,49.52,49.44,49.455,7159
2018-12-12 14:30:00-05:00,49.46,49.49,49.42,49.49,6089
2018-12-12 14:35:00-05:00,49.49,49.495,49.455,49.455,3366
2018-12-12 14:40:00-05:00,49.46,49.46,49.37,49.41,6521
2018-12-12 14:45:00-05:00,49.405,49.41,49.305,49.33,10339
2018-12-12 14:50:00-05:00,49.335,49.38,49.31,49.35,5114
2018-12-12 14:55:00-05:00,49.35,49.425,49.35,49.395,3472
2018-12-12 15:00:00-05:00,49.39,49.43,49.37,49.41,6513
2018-12-12 15:05:00-05:00,49.42,49.48,49.41,49.48,4799
2018-12-12 15:10:00-05:00,49.49,49.52,49.465,49.465,4457
2018-12-12 15:15:00-05:00,49.47,49.48,49.39,49.39,5253
2018-12-12 15:20:00-05:00,49.41,49.44,49.4,49.43,3816
2018-12-12 15:25:00-05:00,49.44,49.5,49.41,49.43,8550
2018-12-12 15:30:00-05:00,49.43,49.47,49.41,49.41,12678
2018-12-12 15:35:00-05:00,49.42,49.47,49.41,49.46,9835
2018-12-12 15:40:00-05:00,49.46,49.49,49.41,49.42,16250
2018-12-12 15:45:00-05:00,49.42,49.42,49.36,49.36,10507
2018-12-12 15:50:00-05:00,49.36,49.365,49.295,49.295,23385
2018-12-12 15:55:00-05:00,49.29,49.29,49.19,49.22,111108
2018-12-13 09:25:00-05:00,48.76,48.76,48.75,48.75,727
2018-12-13 09:30:00-05:00,48.64,48.985,48.57,48.975,11565
2018-12-13 09:35:00-05:00,48.97,48.99,48.86,48.96,7228
2018-12-13 09:40:00-05:00,48.955,49.04,48.895,48.92,16206
2018-12-13 09:45:00-05:00,48.92,49.03,48.92,49.01,12032
2018-12-13 09:50:00-05:00,49.01,49.1,49.01,49.02,8384
2018-12-13 09:55:00-05:00,49.015,49.07,48.945,48.955,13670
2018-12-13 10:00:00-05:00,48.98,49.22,48.97,49.21,11585
2018-12-13 10:05:00-05:00,49.24,49.4,49.23,49.335,16340
2018-12-13 10:10:00-05:00,49.33,49.42,49.32,49.4,10557
2018-12-13 10:15:00-05:00,49.42,49.475,49.365,49.39,11675
2018-12-13 10:20:00-05:00,49.43,49.47,49.31,49.31,14145
2018-12-13 10:25:00-05:00,49.31,49.31,49.21,49.21,7429
2018-12-13 10:30:00-05:00,49.21,49.33,49.18,49.29,6464
2018-12-13 10:35:00-05:00,49.28,49.395,49.27,49.315,9097
2018-12-13 10:40:00-05:00,49.31,49.43,49.29,49.42,6295
2018-12-13 10:45:00-05:00,49.42,49.45,49.37,49.44,4557
2018-12-13 10:50:00-05:00,49.47,49.48,49.35,49.42,9026
2018-12-13 10:55:00-05:00,49.44,49.465,49.32,49.33,11257
2018-12-13 11:00:00-05:00,49.33,49.415,49.3,49.41,7348
2018-12-13 11:05:00-05:00,49.41,49.47,49.37,49.395,8285
2018-12-13 11:10:00-05:00,49.385,49.39,49.35,49.38,4843
2018-12-13 11:15:00-05:00,49.36,49.44,49.325,49.33,16222
2018-12-13 11:20:00-05:00,49.33,49.34,49.26,49.265,10487
2018-12-13 11:25:00-05:00,49.26,49.35,49.25,49.35,9246
2018-12-13 11:30:00-05:00,49.34,49.39,49.32,49.38,11608
2018-12-13 11:35:00-05:00,49.39,49.4,49.38,49.4,6201
2018-12-13 11:40:00-05:00,49.39,49.52,49.38,49.51,13186
2018-12-13 11:45:00-05:00,49.51,49.51,49.48,49.51,8216
2018-12-13 11:50:00-05:00,49.51,49.51,49.46,49.46,9623
2018-12-13 11:55:00-05:00,49.45,49.5,49.45,49.45,10799
2018-12-13 12:00:00-05:00,49.43,49.44,49.38,49.42,10428
2018-12-13 12:05:00-05:00,49.42,49.53,49.41,49.5,6620
2018-12-13 12:10:00-05:00,49.495,49.5,49.44,49.47,7853
2018-12-13 12:15:00-05:00,49.46,49.54,49.415,49.5,9603
2018-12-13 12:20:00-05:00,49.51,49.53,49.49,49.49,4156
2018-12-13 12:25:00-05:00,49.49,49.52,49.48,49.52,3705
2018-12-13 12:30:00-05:00,49.51,49.57,49.51,49.52,7952
2018-12-13 12:35:00-05:00,49.52,49.59,49.51,49.59,7037
2018-12-13 12:40:00-05:00,49.59,49.595,49.56,49.56,3520
2018-12-13 12:45:00-05:00,49.57,49.58,49.54,49.55,3625
2018-12-13 12:50:00-05:00,49.54,49.6,49.53,49.55,5661
2018-12-13 12:55:00-05:00,49.55,49.59,49.54,49.59,3302
2018-12-13 13:00:00-05:00,49.57,49.57,49.45,49.45,10303
2018-12-13 13:05:00-05:00,49.44,49.45,49.41,49.45,2632
2018-12-13 13:10:00-05:00,49.44,49.45,49.4,49.45,2072
2018-12-13 13:15:00-05:00,49.45,49.49,49.45,49.46,2374
2018-12-13 13:20:00-05:00,49.46,49.475,49.445,49.47,4620
2018-12-13 13:25:00-05:00,49.435,49.435,49.36,49.39,17764
2018-12-13 13:30:00-05:00,49.42,49.47,49.42,49.435,6084
2018-12-13 13:35:00-05:00,49.42,49.505,49.41,49.485,7466
2018-12-13 13:40:00-05:00,49.485,49.53,49.485,49.53,5202
2018-12-13 13:45:00-05:00,49.54,49.54,49.51,49.51,5653
2018-12-13 13:50:00-05:00,49.51,49.51,49.405,49.43,3848
2018-12-13 13:55:00-05:00,49.42,49.43,49.38,49.4,2440
2018-12-13 14:00:00-05:00,49.38,49.4,49.33,49.335,4550
2018-12-13 14:05:00-05:00,49.34,49.355,49.29,49.33,5347
2018-12-13 14:10:00-05:00,49.33,49.35,49.31,49.33,3909
2018-12-13 14:15:00-05:00,49.33,49.405,49.325,49.4,4852
2018-12-13 14:20:00-05:00,49.4,49.4,49.34,49.37,4130
2018-12-13 14:25:00-05:00,49.39,49.415,49.35,49.39,6214
2018-12-13 14:30:00-05:00,49.39,49.42,49.36,49.4,5029
2018-12-13 14:35:00-05:00,49.39,49.43,49.37,49.42,9081
2018-12-13 14:40:00-05:00,49.42,49.49,49.42,49.485,6097
2018-12-13 14:45:00-05:00,49.48,49.49,49.46,49.49,4816
2018-12-13 14:50:00-05:00,49.49,49.565,49.49,49.53,9799
2018-12-13 14:55:00-05:00,49.53,49.57,49.5,49.5,2832
2018-12-13 15:00:00-05:00,49.52,49.53,49.46,49.47,6656
2018-12-13 15:05:00-05:00,49.465,49.5,49.43,49.45,10014
2018-12-13 15:10:00-05:00,49.44,49.5,49.425,49.46,11301
2018-12-13 15:15:00-05:00,49.47,49.5,49.46,49.495,9493
2018-12-13 15:20:00-05:00,49.495,49.5,49.44,49.45,10512
2018-12-13 15:25:00-05:00,49.44,49.48,49.415,49.44,7604
2018-12-13 15:30:00-05:00,49.42,49.46,49.39,49.4,11442
2018-12-13 15:35:00-05:00,49.405,49.415,49.35,49.4,13610
2018-12-13 15:40:00-05:00,49.405,49.52,49.4,49.5,16819
2018-12-13 15:45:00-05:00,49.505,49.535,49.42,49.425,17209
2018-12-13 15:50:00-05:00,49.43,49.43,49.39,49.395,16019
2018-12-13 15:55:00-05:00,49.4,49.5,49.4,49.45,81203
2018-12-14 09:25:00-05:00,49.39,49.39,49.39,49.39,600
2018-12-14 09:30:00-05:00,49.24,49.3,49.16,49.23,7558
2018-12-14 09:35:00-05:00,49.27,49.27,49.08,49.12,10508
2018-12-14 09:40:00-05:00,49.11,49.12,49.02,49.11,8625
2018-12-14 09:45:00-05:00,49.12,49.18,49.08,49.15,7486
2018-12-14 09:50:00-05:00,49.14,49.28,49.13,49.25,7495
2018-12-14 09:55:00-05:00,49.23,49.24,49.16,49.17,14202
2018-12-14 10:00:00-05:00,49.17,49.21,49.1,49.2,5684
2018-12-14 10:05:00-05:00,49.22,49.29,49.21,49.27,7996
2018-12-14 10:10:00-05:00,49.27,49.375,49.22,49.375,8192
2018-12-14 10:15:00-05:00,49.35,49.41,49.33,49.35,9120
2018-12-14 10:20:00-05:00,49.355,49.42,49.33,49.42,7401
2018-12-14 10:25:00-05:00,49.43,49.45,49.38,49.385,6195
2018-12-14 10:30:00-05:00,49.39,49.41,49.335,49.41,12753
2018-12-14 10:35:00-05:00,49.41,49.49,49.41,49.485,6316
2018-12-14 10:40:00-05:00,49.47,49.49,49.45,49.47,2968
2018-12-14 10:45:00-05:00,49.46,49.51,49.435,49.505,6016
2018-12-14 10:50:00-05:00,49.51,49.515,49.44,49.47,8093
2018-12-14 10:55:00-05:00,49.48,49.495,49.41,49.43,7775
2018-12-14 11:00:00-05:00,49.42,49.465,49.41,49.455,4978
2018-12-14 11:05:00-05:00,49.46,49.515,49.46,49.46,7086
2018-12-14 11:10:00-05:00,49.46,49.48,49.445,49.45,13414
2018-12-14 11:15:00-05:00,49.43,49.46,49.41,49.455,6987
2018-12-14 11:20:00-05:00,49.455,49.46,49.29,49.29,8512
2018-12-14 11:25:00-05:00,49.3,49.39,49.29,49.345,10988
2018-12-14 11:30:00-05:00,49.34,49.44,49.34,49.41,8420
2018-12-14 11:35:00-05:00,49.405,49.44,49.37,49.37,7408
2018-12-14 11:40:00-05:00,49.365,49.445,49.365,49.43,5946
2018-12-14 11:45:00-05:00,49.41,49.41,49.34,49.34,7674
2018-12-14 11:50:00-05:00,49.33,49.33,49.27,49.315,7336
2018-12-14 11:55:00-05:00,49.31,49.35,49.24,49.26,8247
2018-12-14 12:00:00-05:00,49.26,49.36,49.26,49.35,12921
2018-12-14 12:05:00-05:00,49.35,49.36,49.28,49.28,5187
2018-12-14 12:10:00-05:00,49.27,49.28,49.23,49.23,6226
2018-12-14 12:15:00-05:00,49.23,49.33,49.23,49.33,4477
2018-12-14 12:20:00-05:00,49.33,49.4,49.32,49.37,4649
2018-12-14 12:25:00-05:00,49.35,49.4,49.34,49.4,4948
2018-12-14 12:30:00-05:00,49.4,49.445,49.4,49.41,4215
2018-12-14 12:35:00-05:00,49.41,49.42,49.37,49.38,5437
2018-12-14 12:40:00-05:00,49.36,49.36,49.33,49.36,3706
2018-12-14 12:45:00-05:00,49.355,49.38,49.345,49.38,5104
2018-12-14 12:50:00-05:00,49.38,49.42,49.38,49.42,7171
2018-12-14 12:55:00-05:00,49.43,49.43,49.395,49.395,2888
2018-12-14 13:00:00-05:00,49.38,49.38,49.33,49.36,19492
2018-12-14 13:05:00-05:00,49.355,49.425,49.35,49.42,12650
2018-12-14 13:10:00-05:00,49.4,49.44,49.4,49.43,3862
2018-12-14 13:15:00-05:00,49.435,49.435,49.395,49.395,6728
2018-12-14 13:20:00-05:00,49.395,49.41,49.385,49.4,27847
2018-12-14 13:25:00-05:00,49.395,49.405,49.38,49.39,6402
2018-12-14 13:30:00-05:00,49.39,49.395,49.34,49.35,10845
2018-12-14 13:35:00-05:00,49.33,49.35,49.31,49.345,5686
2018-12-14 13:40:00-05:00,49.34,49.37,49.33,49.37,3618
2018-12-14 13:45:00-05:00,49.37,49.4,49.345,49.36,4465
2018-12-14 13:50:00-05:00,49.36,49.41,49.35,49.35,4171
2018-12-14 13:55:00-05:00,49.35,49.37,49.34,49.34,2954
2018-12-14 14:00:00-05:00,49.35,49.36,49.31,49.36,4937
2018-12-14 14:05:00-05:00,49.34,49.4,49.34,49.37,3513
2018-12-14 14:10:00-05:00,49.375,49.38,49.34,49.365,39460
2018-12-14 14:15:00-05:00,49.36,49.37,49.33,49.34,5368
2018-12-14 14:20:00-05:00,49.34,49.39,49.34,49.38,7894
2018-12-14 14:25:00-05:00,49.39,49.39,49.33,49.34,3742
2018-12-14 14:30:00-05:00,49.33,49.335,49.255,49.265,7882
2018-12-14 14:35:00-05:00,49.265,49.27,49.21,49.21,13769
2018-12-14 14:40:00-05:00,49.22,49.275,49.215,49.265,9356
2018-12-14 14:45:00-05:00,49.26,49.305,49.25,49.26,5498
2018-12-14 14:50:00-05:00,49.26,49.28,49.2,49.235,8782
2018-12-14 14:55:00-05:00,49.235,49.32,49.23,49.29,16962
2018-12-14 15:00:00-05:00,49.29,49.335,49.27,49.28,5336
2018-12-14 15:05:00-05:00,49.28,49.32,49.26,49.27,4339
2018-12-14 15:10:00-05:00,49.27,49.36,49.27,49.335,12103
2018-12-14 15:15:00-05:00,49.35,49.36,49.3,49.36,8125
2018-12-14 15:20:00-05:00,49.35,49.35,49.27,49.27,12658
2018-12-14 15:25:00-05:00,49.26,49.29,49.235,49.235,5797
2018-12-14 15:30:00-05:00,49.23,49.26,49.2,49.21,11335
2018-12-14 15:35:00-05:00,49.21,49.235,49.18,49.225,9240
2018-12-14 15:40:00-05:00,49.22,49.24,49.2,49.215,21546
2018-12-14 15:45:00-05:00,49.21,49.26,49.19,49.24,37335
2018-12-14 15:50:00-05:00,49.24,49.3,49.23,49.29,27608
2018-12-14 15:55:00-05:00,49.3,49.38,49.285,49.34,98322
2018-12-17 09:30:00-05:00,49.4,49.48,49.36,49.455,11323
2018-12-17 09:35:00-05:00,49.37,49.38,49.15,49.21,4929
2018-12-17 09:40:00-05:00,49.2,49.2,49.05,49.07,5686
2018-12-17 09:45:00-05:00,49.075,49.12,49.02,49.105,7303
2018-12-17 09:50:00-05:00,49.105,49.17,49.1,49.14,6602
2018-12-17 09:55:00-05:00,49.135,49.165,49.07,49.165,6402
2018-12-17 10:00:00-05:00,49.165,49.195,49.1,49.11,16888
2018-12-17 10:05:00-05:00,49.12,49.22,49.12,49.2,7987
2018-12-17 10:10:00-05:00,49.205,49.25,49.18,49.24,14403
2018-12-17 10:15:00-05:00,49.24,49.255,49.17,49.175,18011
2018-12-17 10:20:00-05:00,49.17,49.2,49.17,49.19,6496
2018-12-17 10:25:00-05:00,49.19,49.19,49.02,49.03,5858
2018-12-17 10:30:00-05:00,49.04,49.08,49.015,49.03,5913
2018-12-17 10:35:00-05:00,49.03,49.03,48.95,48.98,7548
2018-12-17 10:40:00-05:00,48.97,49.17,48.96,49.16,12666
2018-12-17 10:45:00-05:00,49.15,49.16,49.06,49.06,5037
2018-12-17 10:50:00-05:00,49.06,49.06,49.01,49.02,6830
2018-12-17 10:55:00-05:00,49.02,49.16,49.01,49.16,5093
2018-12-17 11:00:00-05:00,49.185,49.225,49.15,49.18,7796
2018-12-17 11:05:00-05:00,49.18,49.2,49.135,49.19,6956
2018-12-17 11:10:00-05:00,49.18,49.22,49.15,49.17,9333
2018-12-17 11:15:00-05:00,49.18,49.19,49.135,49.18,7389
2018-12-17 11:20:00-05:00,49.18,49.19,49.11,49.11,6618
2018-12-17 11:25:00-05:00,49.09,49.14,49.01,49.02,24157
2018-12-17 11:30:00-05:00,49.03,49.05,49.01,49.025,7157
2018-12-17 11:35:00-05:00,49.03,49.14,49.025,49.135,8509
2018-12-17 11:40:00-05:00,49.145,49.18,49.13,49.13,9026
2018-12-17 11:45:00-05:00,49.13,49.21,49.12,49.18,13101
2018-12-17 11:50:00-05:00,49.195,49.2,49.18,49.2,3653
2018-12-17 11:55:00-05:00,49.2,49.22,49.18,49.22,4691
2018-12-17 12:00:00-05:00,49.215,49.25,49.215,49.235,5885
2018-12-17 12:05:00-05:00,49.24,49.24,49.2,49.21,4931
2018-12-17 12:10:00-05:00,49.2,49.2,49.14,49.155,4327
2018-12-17 12:15:00-05:00,49.14,49.145,49.11,49.11,3732
2018-12-17 12:20:00-05:00,49.09,49.1,49.045,49.045,7613
2018-12-17 12:25:00-05:00,49.055,49.1,49.055,49.09,10037
2018-12-17 12:30:00-05:00,49.1,49.1,49.025,49.07,12335
2018-12-17 12:35:00-05:00,49.06,49.08,48.96,48.96,10955
2018-12-17 12:40:00-05:00,48.97,48.985,48.855,48.86,13412
2018-12-17 12:45:00-05:00,48.855,48.92,48.855,48.92,3063
2018-12-17 12:50:00-05:00,48.92,48.94,48.87,48.9,7827
2018-12-17 12:55:00-05:00,48.9,48.925,48.84,48.85,15336
2018-12-17 13:00:00-05:00,48.84,48.87,48.8,48.85,14448
2018-12-17 13:05:00-05:00,48.85,48.88,48.835,48.87,9645
2018-12-17 13:10:00-05:00,48.85,48.86,48.75,48.79,35805
2018-12-17 13:15:00-05:00,48.78,48.78,48.7,48.73,24296
2018-12-17 13:20:00-05:00,48.73,48.82,48.67,48.82,19809
2018-12-17 13:25:00-05:00,48.82,48.82,48.785,48.8,8029
2018-12-17 13:30:00-05:00,48.77,48.81,48.7,48.71,10719
2018-12-17 13:35:00-05:00,48.7,48.71,48.6,48.65,16799
2018-12-17 13:40:00-05:00,48.66,48.7,48.65,48.67,13094
2018-12-17 13:45:00-05:00,48.675,48.68,48.6,48.62,7718
2018-12-17 13:50:00-05:00,48.615,48.69,48.595,48.675,13275
2018-12-17 13:55:00-05:00,48.64,48.7,48.61,48.61,10715
2018-12-17 14:00:00-05:00,48.61,48.62,48.495,48.495,16071
2018-12-17 14:05:00-05:00,48.495,48.54,48.48,48.51,11221
2018-12-17 14:10:00-05:00,48.49,48.5,48.41,48.43,14306
2018-12-17 14:15:00-05:00,48.45,48.55,48.43,48.55,12340
2018-12-17 14:20:00-05:00,48.54,48.61,48.48,48.485,12261
2018-12-17 14:25:00-05:00,48.49,48.5,48.45,48.48,9774
2018-12-17 14:30:00-05:00,48.49,48.58,48.475,48.57,10864
2018-12-17 14:35:00-05:00,48.57,48.59,48.55,48.57,9139
2018-12-17 14:40:00-05:00,48.57,48.66,48.57,48.6,9370
2018-12-17 14:45:00-05:00,48.61,48.62,48.58,48.61,14151
2018-12-17 14:50:00-05:00,48.61,48.61,48.47,48.47,10154
2018-12-17 14:55:00-05:00,48.46,48.495,48.435,48.475,16587
2018-12-17 15:00:00-05:00,48.465,48.485,48.43,48.44,12337
2018-12-17 15:05:00-05:00,48.45,48.49,48.41,48.41,11156
2018-12-17 15:10:00-05:00,48.41,48.51,48.4,48.46,24345
2018-12-17 15:15:00-05:00,48.45,48.46,48.39,48.39,13736
2018-12-17 15:20:00-05:00,48.385,48.425,48.275,48.285,23011
2018-12-17 15:25:00-05:00,48.28,48.29,48.21,48.24,27812
2018-12-17 15:30:00-05:00,48.24,48.24,48.14,48.155,49613
2018-12-17 15:35:00-05:00,48.14,48.15,48.065,48.08,28900
2018-12-17 15:40:00-05:00,48.07,48.13,48.06,48.12,41512
2018-12-17 15:45:00-05:00,48.09,48.22,48.025,48.08,71456
2018-12-17 15:50:00-05:00,48.08,48.24,48.08,48.23,76235
2018-12-17 15:55:00-05:00,48.23,48.365,48.22,48.33,121370
2018-12-18 09:20:00-05:00,48.51,48.55,48.51,48.55,730
2018-12-18 09:25:00-05:00,48.67,48.67,48.67,48.67,100
2018-12-18 09:30:00-05:00,48.65,48.83,48.57,48.71,19990
2018-12-18 09:35:00-05:00,48.71,48.72,48.58,48.67,24967
2018-12-18 09:40:00-05:00,48.63,48.63,48.46,48.48,19215
2018-12-18 09:45:00-05:00,48.48,48.59,48.48,48.565,6741
2018-12-18 09:50:00-05:00,48.54,48.54,48.45,48.46,2627
2018-12-18 09:55:00-05:00,48.47,48.49,48.4,48.42,14660
2018-12-18 10:00:00-05:00,48.41,48.54,48.39,48.465,12754
2018-12-18 10:05:00-05:00,48.465,48.47,48.36,48.435,11158
2018-12-18 10:10:00-05:00,48.465,48.465,48.4,48.405,6439
2018-12-18 10:15:00-05:00,48.41,48.445,48.4,48.435,23814
2018-12-18 10:20:00-05:00,48.44,48.45,48.4,48.45,17586
2018-12-18 10:25:00-05:00,48.46,48.55,48.45,48.525,10652
2018-12-18 10:30:00-05:00,48.52,48.52,48.45,48.48,9416
2018-12-18 10:35:00-05:00,48.475,48.48,48.42,48.465,9040
2018-12-18 10:40:00-05:00,48.465,48.5,48.36,48.37,10890
2018-12-18 10:45:00-05:00,48.36,48.385,48.32,48.38,10464
2018-12-18 10:50:00-05:00,48.38,48.425,48.35,48.39,10326
2018-12-18 10:55:00-05:00,48.4,48.4,48.27,48.27,7312
2018-12-18 11:00:00-05:00,48.28,48.28,48.18,48.21,18362
2018-12-18 11:05:00-05:00,48.23,48.315,48.23,48.315,11838
2018-12-18 11:10:00-05:00,48.315,48.42,48.315,48.34,12640
2018-12-18 11:15:00-05:00,48.33,48.35,48.29,48.335,11016
2018-12-18 11:20:00-05:00,48.335,48.345,48.26,48.26,8747
2018-12-18 11:25:00-05:00,48.26,48.29,48.23,48.285,18061
2018-12-18 11:30:00-05:00,48.29,48.36,48.29,48.35,23366
2018-12-18 11:35:00-05:00,48.39,48.45,48.37,48.44,17297
2018-12-18 11:40:00-05:00,48.44,48.46,48.4,48.445,9668
2018-12-18 11:45:00-05:00,48.45,48.485,48.43,48.45,14608
2018-12-18 11:50:00-05:00,48.48,48.48,48.41,48.42,9815
2018-12-18 11:55:00-05:00,48.42,48.47,48.41,48.43,11035
2018-12-18 12:00:00-05:00,48.44,48.465,48.41,48.41,6918
2018-12-18 12:05:00-05:00,48.41,48.55,48.41,48.5,14662
2018-12-18 12:10:00-05:00,48.5,48.54,48.45,48.495,9184
2018-12-18 12:15:00-05:00,48.49,48.515,48.45,48.515,7450
2018-12-18 12:20:00-05:00,48.53,48.54,48.48,48.48,7906
2018-12-18 12:25:00-05:00,48.47,48.47,48.39,48.4,6895
2018-12-18 12:30:00-05:00,48.4,48.425,48.37,48.37,3607
2018-12-18 12:35:00-05:00,48.38,48.405,48.36,48.37,3181
2018-12-18 12:40:00-05:00,48.36,48.38,48.325,48.335,4067
2018-12-18 12:45:00-05:00,48.34,48.385,48.335,48.34,6034
2018-12-18 12:50:00-05:00,48.34,48.34,48.28,48.305,5412
2018-12-18 12:55:00-05:00,48.325,48.37,48.315,48.32,5016
2018-12-18 13:00:00-05:00,48.32,48.32,48.27,48.29,5605
2018-12-18 13:05:00-05:00,48.31,48.32,48.27,48.28,5633
2018-12-18 13:10:00-05:00,48.29,48.29,48.24,48.24,3641
2018-12-18 13:15:00-05:00,48.22,48.265,48.21,48.26,7063
2018-12-18 13:20:00-05:00,48.27,48.3,48.25,48.27,5609
2018-12-18 13:25:00-05:00,48.27,48.27,48.23,48.27,5692
2018-12-18 13:30:00-05:00,48.25,48.27,48.24,48.27,11070
2018-12-18 13:35:00-05:00,48.27,48.31,48.26,48.275,5768
2018-12-18 13:40:00-05:00,48.265,48.28,48.25,48.27,4535
2018-12-18 13:45:00-05:00,48.26,48.34,48.26,48.34,8570
2018-12-18 13:50:00-05:00,48.33,48.355,48.25,48.255,6413
2018-12-18 13:55:00-05:00,48.25,48.26,48.205,48.245,7306
2018-12-18 14:00:00-05:00,48.245,48.28,48.235,48.28,8037
2018-12-18 14:05:00-05:00,48.28,48.33,48.25,48.33,7321
2018-12-18 14:10:00-05:00,48.32,48.34,48.29,48.29,4397
2018-12-18 14:15:00-05:00,48.285,48.29,48.22,48.28,7930
2018-12-18 14:20:00-05:00,48.275,48.3,48.24,48.265,8590
2018-12-18 14:25:00-05:00,48.26,48.3,48.255,48.275,4898
2018-12-18 14:30:00-05:00,48.28,48.29,48.2,48.21,7313
2018-12-18 14:35:00-05:00,48.19,48.235,48.15,48.205,7312
2018-12-18 14:40:00-05:00,48.22,48.24,48.03,48.05,15124
2018-12-18 14:45:00-05:00,48.03,48.08,48.01,48.08,9615
2018-12-18 14:50:00-05:00,48.07,48.09,48.05,48.08,7075
2018-12-18 14:55:00-05:00,48.08,48.08,47.91,47.91,11840
2018-12-18 15:00:00-05:00,47.92,48.02,47.86,47.965,16982
2018-12-18 15:05:00-05:00,47.985,48.015,47.87,47.93,10228
2018-12-18 15:10:00-05:00,47.925,48.06,47.91,48.01,11265
2018-12-18 15:15:00-05:00,48.02,48.08,47.975,48.01,12514
2018-12-18 15:20:00-05:00,48.015,48.015,47.93,47.98,12301
2018-12-18 15:25:00-05:00,47.995,47.995,47.91,47.965,14514
2018-12-18 15:30:00-05:00,47.965,48.08,47.965,48.04,23009
2018-12-18 15:35:00-05:00,48.05,48.075,48.005,48.005,19462
2018-12-18 15:40:00-05:00,48.0,48.125,48.0,48.1,21662
2018-12-18 15:45:00-05:00,48.11,48.365,48.105,48.34,31347
2018-12-18 15:50:00-05:00,48.34,48.37,48.29,48.37,36467
2018-12-18 15:55:00-05:00,48.38,48.4,48.3,48.31,127664
2018-12-19 09:30:00-05:00,48.23,48.335,48.14,48.15,29131
2018-12-19 09:35:00-05:00,48.12,48.22,48.02,48.175,30050
2018-12-19 09:40:00-05:00,48.15,48.16,47.9,47.92,17529
2018-12-19 09:45:00-05:00,47.915,47.92,47.72,47.755,19982
2018-12-19 09:50:00-05:00,47.76,47.95,47.76,47.92,7593
2018-12-19 09:55:00-05:00,47.94,48.08,47.94,48.02,8990
2018-12-19 10:00:00-05:00,48.03,48.065,47.9,47.95,13867
2018-12-19 10:05:00-05:00,47.95,48.06,47.94,48.005,8682
2018-12-19 10:10:00-05:00,48.01,48.05,47.98,47.995,10057
2018-12-19 10:15:00-05:00,48.0,48.125,47.97,48.125,13528
2018-12-19 10:20:00-05:00,48.13,48.16,48.1,48.14,11200
2018-12-19 10:25:00-05:00,48.135,48.225,48.1,48.225,13891
2018-12-19 10:30:00-05:00,48.225,48.24,48.18,48.19,7809
2018-12-19 10:35:00-05:00,48.2,48.2,48.09,48.095,8706
2018-12-19 10:40:00-05:00,48.095,48.105,48.02,48.075,7622
2018-12-19 10:45:00-05:00,48.06,48.09,48.025,48.06,5774
2018-12-19 10:50:00-05:00,48.06,48.145,48.05,48.12,4056
2018-12-19 10:55:00-05:00,48.12,48.15,48.1,48.15,5079
2018-12-19 11:00:00-05:00,48.155,48.2,48.1,48.115,8218
2018-12-19 11:05:00-05:00,48.115,48.14,48.09,48.09,6431
2018-12-19 11:10:00-05:00,48.09,48.09,48.025,48.05,8956
2018-12-19 11:15:00-05:00,48.04,48.04,47.97,47.98,5670
2018-12-19 11:20:00-05:00,47.98,48.0,47.98,47.985,5220
2018-12-19 11:25:00-05:00,47.985,48.1,47.98,48.1,11081
2018-12-19 11:30:00-05:00,48.095,48.11,48.09,48.095,13086
2018-12-19 11:35:00-05:00,48.12,48.14,48.09,48.105,6000
2018-12-19 11:40:00-05:00,48.11,48.115,48.085,48.09,6205
2018-12-19 11:45:00-05:00,48.1,48.14,48.07,48.1,5025
2018-12-19 11:50:00-05:00,48.15,48.26,48.15,48.26,4805
2018-12-19 11:55:00-05:00,48.26,48.3,48.24,48.28,4161
2018-12-19 12:00:00-05:00,48.28,48.34,48.28,48.335,7319
2018-12-19 12:05:00-05:00,48.32,48.39,48.315,48.39,13085
2018-12-19 12:10:00-05:00,48.39,48.41,48.36,48.385,5050
2018-12-19 12:15:00-05:00,48.39,48.395,48.35,48.365,6504
2018-12-19 12:20:00-05:00,48.37,48.43,48.365,48.43,5877
2018-12-19 12:25:00-05:00,48.43,48.475,48.42,48.42,5615
2018-12-19 12:30:00-05:00,48.43,48.46,48.43,48.435,7653
2018-12-19 12:35:00-05:00,48.435,48.44,48.415,48.425,3390
2018-12-19 12:40:00-05:00,48.42,48.45,48.415,48.42,4649
2018-12-19 12:45:00-05:00,48.42,48.44,48.415,48.44,3912
2018-12-19 12:50:00-05:00,48.44,48.49,48.43,48.44,3478
2018-12-19 12:55:00-05:00,48.42,48.45,48.38,48.38,3894
2018-12-19 13:00:00-05:00,48.38,48.39,48.355,48.38,6693
2018-12-19 13:05:00-05:00,48.39,48.39,48.32,48.32,7026
2018-12-19 13:10:00-05:00,48.315,48.335,48.29,48.31,7242
2018-12-19 13:15:00-05:00,48.31,48.31,48.27,48.3,4290
2018-12-19 13:20:00-05:00,48.31,48.33,48.23,48.29,8673
2018-12-19 13:25:00-05:00,48.29,48.35,48.29,48.345,3527
2018-12-19 13:30:00-05:00,48.36,48.38,48.32,48.36,19955
2018-12-19 13:35:00-05:00,48.365,48.365,48.335,48.335,3300
2018-12-19 13:40:00-05:00,48.34,48.41,48.34,48.41,3620
2018-12-19 13:45:00-05:00,48.415,48.43,48.4,48.43,5608
2018-12-19 13:50:00-05:00,48.44,48.44,48.4,48.405,5543
2018-12-19 13:55:00-05:00,48.39,48.62,48.39,48.62,13756
2018-12-19 14:00:00-05:00,48.66,48.7,48.12,48.21,10648
2018-12-19 14:05:00-05:00,48.26,48.42,48.2,48.3,7844
2018-12-19 14:10:00-05:00,48.29,48.39,48.25,48.39,19725
2018-12-19 14:15:00-05:00,48.38,48.57,48.36,48.55,17184
2018-12-19 14:20:00-05:00,48.51,48.52,48.4,48.46,11310
2018-12-19 14:25:00-05:00,48.42,48.49,48.36,48.43,15494
2018-12-19 14:30:00-05:00,48.42,48.5,48.35,48.42,20696
2018-12-19 14:35:00-05:00,48.39,48.47,48.32,48.39,17602
2018-12-19 14:40:00-05:00,48.385,48.385,48.08,48.09,18748
2018-12-19 14:45:00-05:00,48.09,48.18,48.03,48.17,22607
2018-12-19 14:50:00-05:00,48.17,48.19,47.99,48.06,18014
2018-12-19 14:55:00-05:00,48.06,48.06,47.825,47.98,14996
2018-12-19 15:00:00-05:00,47.93,47.93,47.77,47.79,28811
2018-12-19 15:05:00-05:00,47.78,47.85,47.62,47.85,42442
2018-12-19 15:10:00-05:00,47.85,47.94,47.72,47.92,27780
2018-12-19 15:15:00-05:00,47.93,47.955,47.74,47.82,26802
2018-12-19 15:20:00-05:00,47.82,48.01,47.69,47.96,25655
2018-12-19 15:25:00-05:00,47.985,47.985,47.82,47.82,23069
2018-12-19 15:30:00-05:00,47.81,47.94,47.79,47.915,20771
2018-12-19 15:35:00-05:00,47.91,47.93,47.84,47.87,18448
2018-12-19 15:40:00-05:00,47.87,47.87,47.75,47.86,27468
2018-12-19 15:45:00-05:00,47.865,47.99,47.845,47.965,26361
2018-12-19 15:50:00-05:00,47.965,48.01,47.925,47.96,30121
2018-12-19 15:55:00-05:00,47.95,48.01,47.885,47.89,74191
2018-12-20 09:30:00-05:00,47.78,47.85,47.51,47.51,10031
2018-12-20 09:35:00-05:00,47.5,47.53,47.29,47.53,16620
2018-12-20 09:40:00-05:00,47.5,47.56,47.35,47.35,12843
2018-12-20 09:45:00-05:00,47.35,47.39,47.17,47.17,7737
2018-12-20 09:50:00-05:00,47.15,47.41,47.13,47.39,8904
2018-12-20 09:55:00-05:00,47.38,47.48,47.36,47.47,8427
2018-12-20 10:00:00-05:00,47.48,47.51,47.42,47.44,6804
2018-12-20 10:05:00-05:00,47.445,47.645,47.435,47.61,12759
2018-12-20 10:10:00-05:00,47.6,47.605,47.51,47.58,9900
2018-12-20 10:15:00-05:00,47.59,47.63,47.48,47.495,12181
2018-12-20 10:20:00-05:00,47.49,47.585,47.475,47.56,13940
2018-12-20 10:25:00-05:00,47.6,47.7,47.6,47.69,11197
2018-12-20 10:30:00-05:00,47.67,47.755,47.65,47.72,13449
2018-12-20 10:35:00-05:00,47.76,47.785,47.7,47.71,8908
2018-12-20 10:40:00-05:00,47.695,47.83,47.69,47.79,6998
2018-12-20 10:45:00-05:00,47.79,47.8,47.73,47.74,8034
2018-12-20 10:50:00-05:00,47.74,47.835,47.74,47.795,9492
2018-12-20 10:55:00-05:00,47.8,47.91,47.79,47.87,6659
2018-12-20 11:00:00-05:00,47.88,47.93,47.84,47.91,6758
2018-12-20 11:05:00-05:00,47.925,47.96,47.89,47.93,15185
2018-12-20 11:10:00-05:00,47.93,48.04,47.88,47.97,7098
2018-12-20 11:15:00-05:00,47.96,47.995,47.91,47.99,6093
2018-12-20 11:20:00-05:00,47.99,48.09,47.98,48.03,7686
2018-12-20 11:25:00-05:00,48.035,48.04,47.915,47.97,7883
2018-12-20 11:30:00-05:00,47.98,48.01,47.945,47.95,6857
2018-12-20 11:35:00-05:00,47.965,47.975,47.89,47.96,6371
2018-12-20 11:40:00-05:00,47.98,48.05,47.98,48.03,10851
2018-12-20 11:45:00-05:00,48.06,48.08,48.0,48.01,5603
2018-12-20 11:50:00-05:00,48.02,48.04,47.86,47.96,14309
2018-12-20 11:55:00-05:00,47.96,48.13,47.87,47.89,11582
2018-12-20 12:00:00-05:00,47.91,47.95,47.835,47.89,8833
2018-12-20 12:05:00-05:00,47.89,47.92,47.84,47.86,6403
2018-12-20 12:10:00-05:00,47.87,47.91,47.77,47.79,6081
2018-12-20 12:15:00-05:00,47.83,47.87,47.76,47.87,6706
2018-12-20 12:20:00-05:00,47.87,47.93,47.85,47.93,7448
2018-12-20 12:25:00-05:00,47.92,48.0,47.92,47.97,5837
2018-12-20 12:30:00-05:00,47.995,48.09,47.975,48.03,8844
2018-12-20 12:35:00-05:00,48.05,48.07,47.96,48.0,15477
2018-12-20 12:40:00-05:00,47.98,48.0,47.92,47.92,7294
2018-12-20 12:45:00-05:00,47.92,47.975,47.905,47.945,3425
2018-12-20 12:50:00-05:00,47.97,47.97,47.86,47.86,4649
2018-12-20 12:55:00-05:00,47.86,47.93,47.81,47.9,7349
2018-12-20 13:00:00-05:00,47.9,47.9,47.8,47.81,4479
2018-12-20 13:05:00-05:00,47.83,47.85,47.75,47.75,6071
2018-12-20 13:10:00-05:00,47.74,47.82,47.74,47.8,2498
2018-12-20 13:15:00-05:00,47.8,47.86,47.79,47.82,3767
2018-12-20 13:20:00-05:00,47.83,47.85,47.735,47.795,11909
2018-12-20 13:25:00-05:00,47.815,47.83,47.73,47.73,6836
2018-12-20 13:30:00-05:00,47.72,47.73,47.69,47.7,38328
2018-12-20 13:35:00-05:00,47.69,47.73,47.65,47.71,6608
2018-12-20 13:40:00-05:00,47.685,47.69,47.55,47.61,6736
2018-12-20 13:45:00-05:00,47.61,47.65,47.56,47.61,4512
2018-12-20 13:50:00-05:00,47.6,47.6,47.47,47.48,7090
2018-12-20 13:55:00-05:00,47.47,47.49,47.405,47.465,12130
2018-12-20 14:00:00-05:00,47.455,47.47,47.19,47.27,19730
2018-12-20 14:05:00-05:00,47.26,47.32,47.21,47.26,13733
2018-12-20 14:10:00-05:00,47.25,47.25,47.1,47.19,10722
2018-12-20 14:15:00-05:00,47.175,47.21,47.13,47.13,9156
2018-12-20 14:20:00-05:00,47.17,47.3,47.16,47.23,6873
2018-12-20 14:25:00-05:00,47.26,47.42,47.26,47.4,14118
2018-12-20 14:30:00-05:00,47.41,47.46,47.39,47.43,4715
2018-12-20 14:35:00-05:00,47.46,47.58,47.44,47.47,5906
2018-12-20 14:40:00-05:00,47.46,47.75,47.46,47.73,15255
2018-12-20 14:45:00-05:00,47.73,47.835,47.69,47.835,10557
2018-12-20 14:50:00-05:00,47.8,47.8,47.64,47.64,13703
2018-12-20 14:55:00-05:00,47.62,47.62,47.52,47.55,9642
2018-12-20 15:00:00-05:00,47.55,47.565,47.45,47.46,11957
2018-12-20 15:05:00-05:00,47.46,47.55,47.34,47.52,11563
2018-12-20 15:10:00-05:00,47.53,47.61,47.5,47.55,7135
2018-12-20 15:15:00-05:00,47.62,47.62,47.51,47.51,7429
2018-12-20 15:20:00-05:00,47.5,47.7,47.48,47.67,5749
2018-12-20 15:25:00-05:00,47.66,47.69,47.55,47.55,15840
2018-12-20 15:30:00-05:00,47.57,47.73,47.57,47.64,23111
2018-12-20 15:35:00-05:00,47.655,47.7,47.625,47.65,15919
2018-12-20 15:40:00-05:00,47.64,47.69,47.39,47.41,20988
2018-12-20 15:45:00-05:00,47.39,47.45,47.33,47.405,33068
2018-12-20 15:50:00-05:00,47.405,47.42,47.24,47.26,29731
2018-12-20 15:55:00-05:00,47.25,47.55,47.24,47.54,120567
2018-12-21 09:25:00-05:00,47.21,47.21,47.2,47.2,1499
2018-12-21 09:30:00-05:00,47.44,47.88,47.36,47.715,22016
2018-12-21 09:35:00-05:00,47.71,48.01,47.69,48.01,7278
2018-12-21 09:40:00-05:00,48.05,48.35,48.05,48.275,10148
2018-12-21 09:45:00-05:00,48.275,48.305,48.19,48.2,13706
2018-12-21 09:50:00-05:00,48.195,48.21,48.1,48.18,10773
2018-12-21 09:55:00-05:00,48.215,48.22,48.13,48.17,8160
2018-12-21 10:00:00-05:00,48.195,48.33,48.195,48.3,9620
2018-12-21 10:05:00-05:00,48.31,48.33,48.265,48.325,16478
2018-12-21 10:10:00-05:00,48.33,48.61,48.315,48.54,22572
2018-12-21 10:15:00-05:00,48.58,48.7,48.535,48.69,15671
2018-12-21 10:20:00-05:00,48.69,48.75,48.57,48.58,12325
2018-12-21 10:25:00-05:00,48.56,48.56,48.38,48.42,7739
2018-12-21 10:30:00-05:00,48.45,48.505,48.39,48.505,12352
2018-12-21 10:35:00-05:00,48.5,48.5,48.425,48.43,4794
2018-12-21 10:40:00-05:00,48.45,48.51,48.38,48.47,7589
2018-12-21 10:45:00-05:00,48.47,48.47,48.365,48.41,8148
2018-12-21 10:50:00-05:00,48.42,48.46,48.37,48.415,10696
2018-12-21 10:55:00-05:00,48.415,48.47,48.395,48.46,49640
2018-12-21 11:00:00-05:00,48.465,48.48,48.32,48.32,9591
2018-12-21 11:05:00-05:00,48.32,48.39,48.17,48.17,17281
2018-12-21 11:10:00-05:00,48.17,48.28,48.17,48.24,7434
2018-12-21 11:15:00-05:00,48.26,48.27,48.18,48.19,9653
2018-12-21 11:20:00-05:00,48.19,48.255,48.17,48.23,18315
2018-12-21 11:25:00-05:00,48.22,48.43,48.22,48.43,12810
2018-12-21 11:30:00-05:00,48.44,48.455,48.36,48.38,11420
2018-12-21 11:35:00-05:00,48.38,48.41,48.25,48.26,6986
2018-12-21 11:40:00-05:00,48.26,48.295,48.22,48.25,7442
2018-12-21 11:45:00-05:00,48.255,48.28,48.19,48.19,6041
2018-12-21 11:50:00-05:00,48.2,48.34,48.2,48.26,6888
2018-12-21 11:55:00-05:00,48.265,48.27,48.13,48.16,5576
2018-12-21 12:00:00-05:00,48.17,48.32,48.13,48.3,8086
2018-12-21 12:05:00-05:00,48.27,48.27,48.17,48.22,10744
2018-12-21 12:10:00-05:00,48.18,48.21,48.11,48.17,7939
2018-12-21 12:15:00-05:00,48.16,48.2,48.08,48.08,7375
2018-12-21 12:20:00-05:00,48.07,48.16,48.04,48.16,4322
2018-12-21 12:25:00-05:00,48.12,48.19,48.07,48.08,6651
2018-12-21 12:30:00-05:00,48.06,48.12,47.91,48.12,18471
2018-12-21 12:35:00-05:00,48.08,48.19,48.08,48.18,4340
2018-12-21 12:40:00-05:00,48.15,48.17,48.055,48.055,7923
2018-12-21 12:45:00-05:00,48.08,48.23,48.08,48.15,9344
2018-12-21 12:50:00-05:00,48.15,48.155,47.97,47.98,10536
2018-12-21 12:55:00-05:00,47.96,48.02,47.91,47.98,8001
2018-12-21 13:00:00-05:00,47.99,48.02,47.96,47.99,6270
2018-12-21 13:05:00-05:00,47.97,47.97,47.86,47.94,8052
2018-12-21 13:10:00-05:00,47.93,47.96,47.87,47.92,5996
2018-12-21 13:15:00-05:00,47.93,48.0,47.89,47.89,4885
2018-12-21 13:20:00-05:00,47.9,48.0,47.86,47.97,7153
2018-12-21 13:25:00-05:00,47.95,47.99,47.89,47.9,5197
2018-12-21 13:30:00-05:00,47.91,48.07,47.9,48.07,6498
2018-12-21 13:35:00-05:00,48.07,48.08,47.98,47.98,6842
2018-12-21 13:40:00-05:00,47.99,48.07,47.94,48.07,10441
2018-12-21 13:45:00-05:00,48.055,48.08,47.96,47.96,7504
2018-12-21 13:50:00-05:00,47.97,47.98,47.84,47.86,5239
2018-12-21 13:55:00-05:00,47.86,47.89,47.84,47.87,7418
2018-12-21 14:00:00-05:00,47.84,47.88,47.79,47.83,8244
2018-12-21 14:05:00-05:00,47.79,47.85,47.78,47.78,5545
2018-12-21 14:10:00-05:00,47.8,47.81,47.68,47.71,9553
2018-12-21 14:15:00-05:00,47.72,47.85,47.69,47.85,10707
2018-12-21 14:20:00-05:00,47.86,47.92,47.83,47.87,8244
2018-12-21 14:25:00-05:00,47.85,47.89,47.77,47.81,12106
2018-12-21 14:30:00-05:00,47.81,47.83,47.74,47.77,13507
2018-12-21 14:35:00-05:00,47.77,47.86,47.77,47.83,8903
2018-12-21 14:40:00-05:00,47.85,47.86,47.77,47.79,10147
2018-12-21 14:45:00-05:00,47.8,47.83,47.755,47.78,12090
2018-12-21 14:50:00-05:00,47.81,47.94,47.77,47.8,14269
2018-12-21 14:55:00-05:00,47.82,47.86,47.74,47.845,13106
2018-12-21 15:00:00-05:00,47.85,47.97,47.85,47.93,42597
2018-12-21 15:05:00-05:00,47.93,47.95,47.87,47.885,15691
2018-12-21 15:10:00-05:00,47.87,47.875,47.71,47.72,29127
2018-12-21 15:15:00-05:00,47.715,47.76,47.58,47.61,16165
2018-12-21 15:20:00-05:00,47.6,47.65,47.56,47.58,13185
2018-12-21 15:25:00-05:00,47.575,47.575,47.45,47.45,20698
2018-12-21 15:30:00-05:00,47.46,47.61,47.46,47.55,32625
2018-12-21 15:35:00-05:00,47.55,47.555,47.37,47.38,34618
2018-12-21 15:40:00-05:00,47.385,47.55,47.37,47.525,40300
2018-12-21 15:45:00-05:00,47.52,47.73,47.52,47.65,48705
2018-12-21 15:50:00-05:00,47.65,47.7,47.565,47.66,50006
2018-12-21 15:55:00-05:00,47.66,47.66,47.545,47.55,108662
2018-12-21 16:00:00-05:00,47.55,47.55,47.55,47.55,552
2018-12-24 09:30:00-05:00,47.63,47.84,47.33,47.36,9794
2018-12-24 09:35:00-05:00,47.35,47.39,47.15,47.37,16628
2018-12-24 09:40:00-05:00,47.3,47.3,47.17,47.25,3783
2018-12-24 09:45:00-05:00,47.24,47.28,47.15,47.19,12595
2018-12-24 09:50:00-05:00,47.18,47.18,46.95,46.97,8625
2018-12-24 09:55:00-05:00,46.975,47.03,46.91,46.98,6857
2018-12-24 10:00:00-05:00,46.94,46.94,46.7,46.75,8353
2018-12-24 10:05:00-05:00,46.79,46.79,46.53,46.58,10022
2018-12-24 10:10:00-05:00,46.59,46.77,46.59,46.745,3562
2018-12-24 10:15:00-05:00,46.735,46.735,46.52,46.57,5685
2018-12-24 10:20:00-05:00,46.55,46.69,46.47,46.62,6257
2018-12-24 10:25:00-05:00,46.62,46.71,46.59,46.6,5648
2018-12-24 10:30:00-05:00,46.61,46.68,46.61,46.645,10019
2018-12-24 10:35:00-05:00,46.645,46.81,46.64,46.78,12117
2018-12-24 10:40:00-05:00,46.79,46.92,46.76,46.77,4404
2018-12-24 10:45:00-05:00,46.77,46.77,46.61,46.65,9003
2018-12-24 10:50:00-05:00,46.64,46.64,46.57,46.595,8549
2018-12-24 10:55:00-05:00,46.6,46.61,46.435,46.435,10212
2018-12-24 11:00:00-05:00,46.415,46.5,46.225,46.225,21806
2018-12-24 11:05:00-05:00,46.255,46.37,46.22,46.315,15715
2018-12-24 11:10:00-05:00,46.325,46.35,46.28,46.345,6225
2018-12-24 11:15:00-05:00,46.315,46.355,46.25,46.29,11605
2018-12-24 11:20:00-05:00,46.275,46.34,46.235,46.235,8526
2018-12-24 11:25:00-05:00,46.23,46.28,46.145,46.23,8674
2018-12-24 11:30:00-05:00,46.205,46.29,46.205,46.23,8764
2018-12-24 11:35:00-05:00,46.21,46.21,46.14,46.205,10267
2018-12-24 11:40:00-05:00,46.23,46.34,46.23,46.245,11589
2018-12-24 11:45:00-05:00,46.235,46.245,46.09,46.09,9568
2018-12-24 11:50:00-05:00,46.085,46.15,46.01,46.15,12477
2018-12-24 11:55:00-05:00,46.12,46.17,46.06,46.075,11385
2018-12-24 12:00:00-05:00,46.1,46.245,46.1,46.18,12681
2018-12-24 12:05:00-05:00,46.17,46.2,46.085,46.085,14136
2018-12-24 12:10:00-05:00,46.08,46.18,46.07,46.095,19791
2018-12-24 12:15:00-05:00,46.095,46.12,46.01,46.01,29392
2018-12-24 12:20:00-05:00,46.01,46.02,45.835,45.87,23216
2018-12-24 12:25:00-05:00,45.87,46.1,45.87,45.98,20634
2018-12-24 12:30:00-05:00,45.99,46.1,45.945,46.02,22604
2018-12-24 12:35:00-05:00,46.02,46.05,45.955,45.995,25215
2018-12-24 12:40:00-05:00,45.995,46.08,45.98,46.06,25570
2018-12-24 12:45:00-05:00,46.075,46.16,45.945,46.16,31565
2018-12-24 12:50:00-05:00,46.155,46.16,46.08,46.16,33155
2018-12-24 12:55:00-05:00,46.16,46.16,46.0,46.02,69103
2018-12-26 09:25:00-05:00,45.84,45.84,45.84,45.84,100
2018-12-26 09:30:00-05:00,45.96,46.21,45.96,46.19,6825
2018-12-26 09:35:00-05:00,46.13,46.33,46.11,46.31,8726
2018-12-26 09:40:00-05:00,46.325,46.44,46.22,46.3,10946
2018-12-26 09:45:00-05:00,46.31,46.31,46.18,46.27,7711
2018-12-26 09:50:00-05:00,46.27,46.27,46.13,46.165,7002
2018-12-26 09:55:00-05:00,46.17,46.17,45.83,45.83,23404
2018-12-26 10:00:00-05:00,45.78,45.86,45.74,45.76,6022
2018-12-26 10:05:00-05:00,45.76,45.93,45.69,45.905,9473
2018-12-26 10:10:00-05:00,45.93,45.96,45.75,45.78,18750
2018-12-26 10:15:00-05:00,45.79,45.85,45.7,45.795,8090
2018-12-26 10:20:00-05:00,45.755,46.04,45.75,45.96,10546
2018-12-26 10:25:00-05:00,45.96,46.03,45.93,45.94,6605
2018-12-26 10:30:00-05:00,45.95,46.1,45.95,46.07,8718
2018-12-26 10:35:00-05:00,46.03,46.04,45.95,45.95,4825
2018-12-26 10:40:00-05:00,45.95,45.99,45.87,45.87,7903
2018-12-26 10:45:00-05:00,45.89,45.94,45.85,45.9,5554
2018-12-26 10:50:00-05:00,45.94,45.94,45.66,45.69,11398
2018-12-26 10:55:00-05:00,45.69,45.77,45.69,45.74,9114
2018-12-26 11:00:00-05:00,45.75,45.9,45.74,45.89,11355
2018-12-26 11:05:00-05:00,45.89,45.91,45.82,45.86,10540
2018-12-26 11:10:00-05:00,45.85,45.95,45.85,45.94,7692
2018-12-26 11:15:00-05:00,45.95,46.07,45.95,46.03,14357
2018-12-26 11:20:00-05:00,46.05,46.05,45.93,45.96,6698
2018-12-26 11:25:00-05:00,45.96,46.1,45.94,46.071,9187
2018-12-26 11:30:00-05:00,46.05,46.08,45.95,45.95,8749
2018-12-26 11:35:00-05:00,45.96,46.09,45.9,46.09,6433
2018-12-26 11:40:00-05:00,46.09,46.165,46.08,46.155,7866
2018-12-26 11:45:00-05:00,46.14,46.16,46.1,46.14,7765
2018-12-26 11:50:00-05:00,46.14,46.14,46.07,46.09,3990
2018-12-26 11:55:00-05:00,46.08,46.23,46.08,46.21,15123
2018-12-26 12:00:00-05:00,46.21,46.24,46.17,46.19,22194
2018-12-26 12:05:00-05:00,46.22,46.27,46.2,46.25,6848
2018-12-26 12:10:00-05:00,46.27,46.41,46.25,46.41,7666
2018-12-26 12:15:00-05:00,46.39,46.4,46.2,46.24,6686
2018-12-26 12:20:00-05:00,46.23,46.31,46.22,46.28,3829
2018-12-26 12:25:00-05:00,46.28,46.31,46.21,46.21,6763
2018-12-26 12:30:00-05:00,46.22,46.23,46.17,46.18,7378
2018-12-26 12:35:00-05:00,46.18,46.28,46.16,46.24,5204
2018-12-26 12:40:00-05:00,46.25,46.29,46.19,46.29,6236
2018-12-26 12:45:00-05:00,46.32,46.37,46.24,46.26,5158
2018-12-26 12:50:00-05:00,46.27,46.3,46.23,46.29,3075
2018-12-26 12:55:00-05:00,46.31,46.35,46.29,46.29,4205
2018-12-26 13:00:00-05:00,46.3,46.31,46.17,46.17,9710
2018-12-26 13:05:00-05:00,46.17,46.21,46.16,46.21,3790
2018-12-26 13:10:00-05:00,46.21,46.22,46.11,46.14,7362
2018-12-26 13:15:00-05:00,46.12,46.12,46.04,46.04,3235
2018-12-26 13:20:00-05:00,46.03,46.14,46.03,46.11,3113
2018-12-26 13:25:00-05:00,46.07,46.11,46.06,46.1,9572
2018-12-26 13:30:00-05:00,46.12,46.22,46.11,46.19,12867
2018-12-26 13:35:00-05:00,46.17,46.19,46.125,46.18,3437
2018-12-26 13:40:00-05:00,46.21,46.23,46.16,46.17,4407
2018-12-26 13:45:00-05:00,46.19,46.26,46.19,46.24,3426
2018-12-26 13:50:00-05:00,46.23,46.38,46.23,46.37,6640
2018-12-26 13:55:00-05:00,46.39,46.42,46.38,46.42,4149
2018-12-26 14:00:00-05:00,46.43,46.43,46.36,46.38,4009
2018-12-26 14:05:00-05:00,46.37,46.38,46.34,46.36,5479
2018-12-26 14:10:00-05:00,46.36,46.4,46.32,46.33,4112
2018-12-26 14:15:00-05:00,46.35,46.37,46.18,46.23,19176
2018-12-26 14:20:00-05:00,46.24,46.25,46.16,46.23,7954
2018-12-26 14:25:00-05:00,46.22,46.22,46.14,46.16,9477
2018-12-26 14:30:00-05:00,46.18,46.28,46.18,46.26,7047
2018-12-26 14:35:00-05:00,46.265,46.27,46.21,46.21,6289
2018-12-26 14:40:00-05:00,46.21,46.23,46.145,46.21,7756
2018-12-26 14:45:00-05:00,46.22,46.23,46.125,46.14,8716
2018-12-26 14:50:00-05:00,46.12,46.21,46.12,46.17,11861
2018-12-26 14:55:00-05:00,46.17,46.26,46.11,46.25,11304
2018-12-26 15:00:00-05:00,46.23,46.26,46.2,46.25,8061
2018-12-26 15:05:00-05:00,46.28,46.34,46.27,46.3,5648
2018-12-26 15:10:00-05:00,46.29,46.33,46.27,46.28,10865
2018-12-26 15:15:00-05:00,46.29,46.32,46.26,46.27,12235
2018-12-26 15:20:00-05:00,46.28,46.4,46.28,46.4,9306
2018-12-26 15:25:00-05:00,46.39,46.45,46.37,46.42,6487
2018-12-26 15:30:00-05:00,46.41,46.51,46.4,46.49,11746
2018-12-26 15:35:00-05:00,46.48,46.675,46.47,46.66,17382
2018-12-26 15:40:00-05:00,46.64,46.77,46.6,46.75,18564
2018-12-26 15:45:00-05:00,46.78,46.84,46.65,46.675,75528
2018-12-26 15:50:00-05:00,46.67,46.86,46.65,46.845,25860
2018-12-26 15:55:00-05:00,46.88,46.96,46.825,46.93,79892
2018-12-27 09:30:00-05:00,46.65,46.7,46.41,46.51,6150
2018-12-27 09:35:00-05:00,46.52,46.54,46.23,46.3,19447
2018-12-27 09:40:00-05:00,46.3,46.325,46.17,46.18,13313
2018-12-27 09:45:00-05:00,46.175,46.25,46.14,46.19,19023
2018-12-27 09:50:00-05:00,46.18,46.18,46.03,46.06,10693
2018-12-27 09:55:00-05:00,46.065,46.21,46.05,46.18,12696
2018-12-27 10:00:00-05:00,46.17,46.33,46.135,46.31,6907
2018-12-27 10:05:00-05:00,46.34,46.35,46.14,46.14,6216
2018-12-27 10:10:00-05:00,46.15,46.16,46.06,46.11,4714
2018-12-27 10:15:00-05:00,46.1,46.24,46.1,46.19,8189
2018-12-27 10:20:00-05:00,46.14,46.22,46.085,46.17,7892
2018-12-27 10:25:00-05:00,46.2,46.29,46.19,46.27,20107
2018-12-27 10:30:00-05:00,46.27,46.41,46.2,46.41,14090
2018-12-27 10:35:00-05:00,46.38,46.46,46.34,46.41,10948
2018-12-27 10:40:00-05:00,46.41,46.65,46.41,46.6,6126
2018-12-27 10:45:00-05:00,46.58,46.69,46.55,46.625,8294
2018-12-27 10:50:00-05:00,46.62,46.62,46.49,46.49,6153
2018-12-27 10:55:00-05:00,46.48,46.57,46.48,46.57,5050
2018-12-27 11:00:00-05:00,46.56,46.63,46.56,46.62,4722
2018-12-27 11:05:00-05:00,46.56,46.67,46.555,46.62,4764
2018-12-27 11:10:00-05:00,46.63,46.63,46.57,46.61,2706
2018-12-27 11:15:00-05:00,46.615,46.78,46.615,46.76,6170
2018-12-27 11:20:00-05:00,46.75,46.83,46.74,46.78,3887
2018-12-27 11:25:00-05:00,46.79,46.94,46.77,46.93,11789
2018-12-27 11:30:00-05:00,46.92,47.05,46.91,46.96,10885
2018-12-27 11:35:00-05:00,46.96,46.99,46.865,46.865,7928
2018-12-27 11:40:00-05:00,46.855,46.855,46.8,46.81,5768
2018-12-27 11:45:00-05:00,46.79,46.86,46.78,46.84,6665
2018-12-27 11:50:00-05:00,46.83,46.91,46.83,46.9,4490
2018-12-27 11:55:00-05:00,46.9,46.97,46.89,46.92,7530
2018-12-27 12:00:00-05:00,46.9,46.9,46.79,46.79,5240
2018-12-27 12:05:00-05:00,46.79,46.83,46.76,46.81,4152
2018-12-27 12:10:00-05:00,46.82,46.84,46.785,46.785,3895
2018-12-27 12:15:00-05:00,46.78,46.85,46.78,46.81,4585
2018-12-27 12:20:00-05:00,46.8,46.8,46.73,46.79,7007
2018-12-27 12:25:00-05:00,46.79,46.81,46.55,46.6,9157
2018-12-27 12:30:00-05:00,46.58,46.62,46.56,46.6,4571
2018-12-27 12:35:00-05:00,46.61,46.65,46.535,46.62,5451
2018-12-27 12:40:00-05:00,46.61,46.63,46.54,46.63,5735
2018-12-27 12:45:00-05:00,46.65,46.74,46.64,46.7,5838
2018-12-27 12:50:00-05:00,46.65,46.74,46.65,46.74,2740
2018-12-27 12:55:00-05:00,46.74,46.75,46.7,46.74,1997
2018-12-27 13:00:00-05:00,46.74,46.76,46.65,46.68,3920
2018-12-27 13:05:00-05:00,46.69,46.75,46.67,46.705,4601
2018-12-27 13:10:00-05:00,46.71,46.71,46.66,46.705,4131
2018-12-27 13:15:00-05:00,46.7,46.72,46.645,46.65,5960
2018-12-27 13:20:00-05:00,46.63,46.63,46.6,46.61,1678
2018-12-27 13:25:00-05:00,46.635,46.675,46.58,46.6,10522
2018-12-27 13:30:00-05:00,46.59,46.62,46.58,46.62,25785
2018-12-27 13:35:00-05:00,46.61,46.62,46.59,46.6,3450
2018-12-27 13:40:00-05:00,46.58,46.63,46.58,46.63,1132
2018-12-27 13:45:00-05:00,46.63,46.63,46.5,46.5,7012
2018-12-27 13:50:00-05:00,46.55,46.55,46.44,46.44,7888
2018-12-27 13:55:00-05:00,46.44,46.47,46.38,46.4,14184
2018-12-27 14:00:00-05:00,46.39,46.42,46.32,46.42,11661
2018-12-27 14:05:00-05:00,46.4,46.44,46.3,46.3,13871
2018-12-27 14:10:00-05:00,46.28,46.32,46.245,46.255,4381
2018-12-27 14:15:00-05:00,46.25,46.25,46.14,46.22,8630
2018-12-27 14:20:00-05:00,46.19,46.25,46.19,46.23,4704
2018-12-27 14:25:00-05:00,46.23,46.28,46.17,46.26,4958
2018-12-27 14:30:00-05:00,46.27,46.29,46.22,46.23,4076
2018-12-27 14:35:00-05:00,46.23,46.33,46.22,46.32,6003
2018-12-27 14:40:00-05:00,46.305,46.52,46.305,46.5,8288
2018-12-27 14:45:00-05:00,46.51,46.51,46.41,46.47,3154
2018-12-27 14:50:00-05:00,46.46,46.67,46.46,46.62,5334
2018-12-27 14:55:00-05:00,46.61,46.67,46.565,46.67,6684
2018-12-27 15:00:00-05:00,46.68,46.68,46.54,46.66,8662
2018-12-27 15:05:00-05:00,46.65,46.71,46.61,46.64,10349
2018-12-27 15:10:00-05:00,46.63,46.85,46.61,46.85,9857
2018-12-27 15:15:00-05:00,46.83,46.83,46.785,46.82,5674
2018-12-27 15:20:00-05:00,46.81,46.99,46.81,46.99,10576
2018-12-27 15:25:00-05:00,46.96,47.13,46.94,47.09,17847
2018-12-27 15:30:00-05:00,47.1,47.17,47.0,47.14,18314
2018-12-27 15:35:00-05:00,47.15,47.25,47.13,47.22,14813
2018-12-27 15:40:00-05:00,47.23,47.435,47.21,47.4,29068
2018-12-27 15:45:00-05:00,47.41,47.41,47.28,47.36,33194
2018-12-27 15:50:00-05:00,47.33,47.36,47.18,47.22,32972
2018-12-27 15:55:00-05:00,47.22,47.55,47.22,47.55,117852
2018-12-28 09:30:00-05:00,47.97,47.97,47.74,47.835,6359
2018-12-28 09:35:00-05:00,47.8,47.93,47.8,47.835,7179
2018-12-28 09:40:00-05:00,47.83,47.835,47.685,47.77,6401
2018-12-28 09:45:00-05:00,47.755,47.78,47.66,47.76,6760
2018-12-28 09:50:00-05:00,47.77,47.81,47.73,47.81,9426
2018-12-28 09:55:00-05:00,47.83,47.85,47.73,47.79,9837
2018-12-28 10:00:00-05:00,47.78,47.845,47.73,47.74,7839
2018-12-28 10:05:00-05:00,47.8,47.86,47.74,47.74,7320
2018-12-28 10:10:00-05:00,47.75,47.78,47.66,47.75,9227
2018-12-28 10:15:00-05:00,47.75,47.81,47.71,47.8,8792
2018-12-28 10:20:00-05:00,47.81,47.9,47.79,47.84,8385
2018-12-28 10:25:00-05:00,47.81,47.88,47.73,47.74,10504
2018-12-28 10:30:00-05:00,47.73,47.75,47.59,47.6,6877
2018-12-28 10:35:00-05:00,47.59,47.59,47.4,47.485,8247
2018-12-28 10:40:00-05:00,47.49,47.58,47.465,47.53,8006
2018-12-28 10:45:00-05:00,47.535,47.59,47.43,47.5,9557
2018-12-28 10:50:00-05:00,47.52,47.66,47.48,47.591,9730
2018-12-28 10:55:00-05:00,47.62,47.62,47.55,47.56,5019
2018-12-28 11:00:00-05:00,47.54,47.56,47.47,47.47,5823
2018-12-28 11:05:00-05:00,47.47,47.59,47.45,47.56,7353
2018-12-28 11:10:00-05:00,47.56,47.58,47.41,47.42,7549
2018-12-28 11:15:00-05:00,47.39,47.55,47.38,47.44,7879
2018-12-28 11:20:00-05:00,47.45,47.46,47.35,47.41,6229
2018-12-28 11:25:00-05:00,47.39,47.46,47.375,47.4,5054
2018-12-28 11:30:00-05:00,47.43,47.48,47.4,47.47,6247
2018-12-28 11:35:00-05:00,47.49,47.525,47.44,47.51,7414
2018-12-28 11:40:00-05:00,47.5,47.51,47.43,47.43,2867
2018-12-28 11:45:00-05:00,47.43,47.46,47.35,47.39,4933
2018-12-28 11:50:00-05:00,47.39,47.52,47.35,47.47,8632
2018-12-28 11:55:00-05:00,47.47,47.52,47.46,47.49,5158
2018-12-28 12:00:00-05:00,47.48,47.51,47.445,47.5,7825
2018-12-28 12:05:00-05:00,47.49,47.53,47.47,47.5,8775
2018-12-28 12:10:00-05:00,47.51,47.51,47.42,47.435,6229
2018-12-28 12:15:00-05:00,47.43,47.44,47.315,47.35,2978
2018-12-28 12:20:00-05:00,47.35,47.41,47.33,47.4,4937
2018-12-28 12:25:00-05:00,47.4,47.42,47.345,47.41,7180
2018-12-28 12:30:00-05:00,47.43,47.49,47.43,47.47,8607
2018-12-28 12:35:00-05:00,47.48,47.48,47.42,47.475,5466
2018-12-28 12:40:00-05:00,47.49,47.52,47.44,47.45,6549
2018-12-28 12:45:00-05:00,47.43,47.46,47.38,47.38,4037
2018-12-28 12:50:00-05:00,47.4,47.425,47.33,47.425,4226
2018-12-28 12:55:00-05:00,47.41,47.435,47.335,47.35,4306
2018-12-28 13:00:00-05:00,47.36,47.425,47.355,47.37,5888
2018-12-28 13:05:00-05:00,47.365,47.44,47.32,47.44,9164
2018-12-28 13:10:00-05:00,47.44,47.47,47.4,47.44,3969
2018-12-28 13:15:00-05:00,47.43,47.45,47.36,47.36,5109
2018-12-28 13:20:00-05:00,47.355,47.36,47.28,47.28,3736
2018-12-28 13:25:00-05:00,47.28,47.3,47.26,47.27,4312
2018-12-28 13:30:00-05:00,47.275,47.275,47.195,47.26,7634
2018-12-28 13:35:00-05:00,47.25,47.32,47.25,47.3,4021
2018-12-28 13:40:00-05:00,47.3,47.315,47.26,47.26,5525
2018-12-28 13:45:00-05:00,47.27,47.395,47.27,47.39,5774
2018-12-28 13:50:00-05:00,47.41,47.465,47.36,47.37,5569
2018-12-28 13:55:00-05:00,47.39,47.43,47.37,47.37,4167
2018-12-28 14:00:00-05:00,47.38,47.5,47.38,47.46,7186
2018-12-28 14:05:00-05:00,47.505,47.57,47.505,47.54,6522
2018-12-28 14:10:00-05:00,47.54,47.6,47.52,47.595,3979
2018-12-28 14:15:00-05:00,47.6,47.64,47.51,47.52,8627
2018-12-28 14:20:00-05:00,47.53,47.57,47.45,47.5,10924
2018-12-28 14:25:00-05:00,47.48,47.5,47.43,47.44,12681
2018-12-28 14:30:00-05:00,47.46,47.51,47.43,47.51,8226
2018-12-28 14:35:00-05:00,47.5,47.645,47.49,47.64,8702
2018-12-28 14:40:00-05:00,47.65,47.665,47.58,47.6,23931
2018-12-28 14:45:00-05:00,47.595,47.625,47.53,47.62,9191
2018-12-28 14:50:00-05:00,47.59,47.7,47.59,47.67,9396
2018-12-28 14:55:00-05:00,47.67,47.67,47.56,47.62,13557
2018-12-28 15:00:00-05:00,47.63,47.66,47.52,47.53,10555
2018-12-28 15:05:00-05:00,47.52,47.55,47.42,47.47,14286
2018-12-28 15:10:00-05:00,47.455,47.53,47.38,47.51,21009
2018-12-28 15:15:00-05:00,47.51,47.555,47.43,47.43,13527
2018-12-28 15:20:00-05:00,47.41,47.42,47.33,47.37,13647
2018-12-28 15:25:00-05:00,47.38,47.39,47.14,47.2,16821
2018-12-28 15:30:00-05:00,47.19,47.24,47.12,47.215,22227
2018-12-28 15:35:00-05:00,47.215,47.25,47.12,47.12,17973
2018-12-28 15:40:00-05:00,47.12,47.21,47.09,47.09,22252
2018-12-28 15:45:00-05:00,47.09,47.15,47.03,47.12,31408
2018-12-28 15:50:00-05:00,47.12,47.15,47.03,47.05,28274
2018-12-28 15:55:00-05:00,47.05,47.28,47.05,47.21,118125
2018-12-31 09:30:00-05:00,47.49,47.54,47.16,47.16,1756
2018-12-31 09:35:00-05:00,47.12,47.18,47.05,47.15,3779
2018-12-31 09:40:00-05:00,47.16,47.2,47.14,47.16,3399
2018-12-31 09:45:00-05:00,47.19,47.26,47.18,47.24,3239
2018-12-31 09:50:00-05:00,47.22,47.29,47.22,47.25,2974
2018-12-31 09:55:00-05:00,47.26,47.3,47.26,47.28,2518
2018-12-31 10:00:00-05:00,47.275,47.3,47.24,47.28,1645
2018-12-31 10:05:00-05:00,47.28,47.35,47.28,47.33,1902
2018-12-31 10:10:00-05:00,47.34,47.37,47.33,47.33,3853
2018-12-31 10:15:00-05:00,47.32,47.33,47.26,47.31,3770
2018-12-31 10:20:00-05:00,47.3,47.36,47.3,47.33,3354
2018-12-31 10:25:00-05:00,47.32,47.33,47.28,47.31,4112
2018-12-31 10:30:00-05:00,47.32,47.33,47.26,47.29,3002
2018-12-31 10:35:00-05:00,47.3,47.37,47.29,47.3,9736
2018-12-31 10:40:00-05:00,47.31,47.32,47.21,47.21,5242
2018-12-31 10:45:00-05:00,47.21,47.25,47.2,47.25,1963
2018-12-31 10:50:00-05:00,47.21,47.21,47.14,47.17,2035
2018-12-31 10:55:00-05:00,47.19,47.24,47.16,47.231,4482
2018-12-31 11:00:00-05:00,47.25,47.305,47.23,47.305,4600
2018-12-31 11:05:00-05:00,47.31,47.31,47.21,47.21,4288
2018-12-31 11:10:00-05:00,47.21,47.21,47.15,47.18,1891
2018-12-31 11:15:00-05:00,47.16,47.19,47.16,47.17,2390
2018-12-31 11:20:00-05:00,47.17,47.17,47.11,47.13,3756
2018-12-31 11:25:00-05:00,47.12,47.155,47.07,47.15,7507
2018-12-31 11:30:00-05:00,47.135,47.135,46.965,47.0,10627
2018-12-31 11:35:00-05:00,47.01,47.13,46.98,47.13,4951
2018-12-31 11:40:00-05:00,47.11,47.11,47.01,47.04,2859
2018-12-31 11:45:00-05:00,47.06,47.16,47.04,47.16,2316
2018-12-31 11:50:00-05:00,47.17,47.17,47.12,47.12,3870
2018-12-31 11:55:00-05:00,47.13,47.13,47.055,47.12,27668
2018-12-31 12:00:00-05:00,47.095,47.1,47.06,47.06,1381
2018-12-31 12:05:00-05:00,47.06,47.11,47.055,47.1,2756
2018-12-31 12:10:00-05:00,47.07,47.07,46.99,47.015,6837
2018-12-31 12:15:00-05:00,47.01,47.03,46.98,47.01,3700
2018-12-31 12:20:00-05:00,47.01,47.13,47.01,47.13,8084
2018-12-31 12:25:00-05:00,47.12,47.18,47.11,47.18,5061
2018-12-31 12:30:00-05:00,47.18,47.19,47.11,47.14,7405
2018-12-31 12:35:00-05:00,47.15,47.2,47.1,47.18,4052
2018-12-31 12:40:00-05:00,47.17,47.19,47.15,47.18,4540
2018-12-31 12:45:00-05:00,47.175,47.245,47.175,47.245,9274
2018-12-31 12:50:00-05:00,47.245,47.3,47.23,47.29,9049
2018-12-31 12:55:00-05:00,47.29,47.32,47.29,47.32,8769
2018-12-31 13:00:00-05:00,47.335,47.36,47.31,47.34,5077
2018-12-31 13:05:00-05:00,47.345,47.36,47.33,47.34,7149
2018-12-31 13:10:00-05:00,47.34,47.37,47.3,47.31,11055
2018-12-31 13:15:00-05:00,47.305,47.36,47.305,47.34,6885
2018-12-31 13:20:00-05:00,47.35,47.41,47.35,47.4,3575
2018-12-31 13:25:00-05:00,47.405,47.415,47.395,47.4,6002
2018-12-31 13:30:00-05:00,47.405,47.415,47.375,47.375,15762
2018-12-31 13:35:00-05:00,47.38,47.405,47.375,47.385,6258
2018-12-31 13:40:00-05:00,47.38,47.41,47.37,47.37,9916
2018-12-31 13:45:00-05:00,47.355,47.37,47.325,47.35,6830
2018-12-31 13:50:00-05:00,47.36,47.38,47.315,47.34,8648
2018-12-31 13:55:00-05:00,47.35,47.36,47.31,47.31,4045
2018-12-31 14:00:00-05:00,47.3,47.31,47.23,47.29,6810
2018-12-31 14:05:00-05:00,47.3,47.315,47.28,47.3,3793
2018-12-31 14:10:00-05:00,47.3,47.305,47.23,47.25,2453
2018-12-31 14:15:00-05:00,47.255,47.31,47.22,47.29,5367
2018-12-31 14:20:00-05:00,47.28,47.28,47.12,47.16,7007
2018-12-31 14:25:00-05:00,47.14,47.185,47.1,47.12,3997
2018-12-31 14:30:00-05:00,47.12,47.17,47.11,47.15,5115
2018-12-31 14:35:00-05:00,47.14,47.16,47.09,47.15,5321
2018-12-31 14:40:00-05:00,47.12,47.16,47.11,47.15,3061
2018-12-31 14:45:00-05:00,47.14,47.215,47.14,47.19,3091
2018-12-31 14:50:00-05:00,47.21,47.27,47.21,47.24,2123
2018-12-31 14:55:00-05:00,47.24,47.25,47.16,47.16,3915
2018-12-31 15:00:00-05:00,47.15,47.25,47.15,47.18,3279
2018-12-31 15:05:00-05:00,47.19,47.215,47.15,47.155,4658
2018-12-31 15:10:00-05:00,47.15,47.21,47.14,47.17,5146
2018-12-31 15:15:00-05:00,47.15,47.15,47.09,47.12,3656
2018-12-31 15:20:00-05:00,47.13,47.145,47.03,47.04,7881
2018-12-31 15:25:00-05:00,47.045,47.155,47.02,47.12,10117
2018-12-31 15:30:00-05:00,47.12,47.205,47.12,47.18,7172
2018-12-31 15:35:00-05:00,47.185,47.195,47.145,47.175,10005
2018-12-31 15:40:00-05:00,47.175,47.245,47.165,47.245,13096
2018-12-31 15:45:00-05:00,47.24,47.28,47.12,47.14,12905
2018-12-31 15:50:00-05:00,47.14,47.18,47.07,47.08,15960
2018-12-31 15:55:00-05:00,47.09,47.35,47.015,47.35,132546
2019-01-02 09:30:00-05:00,46.98,47.12,46.76,46.865,16986
2019-01-02 09:35:00-05:00,46.895,46.93,46.65,46.9,12159
2019-01-02 09:40:00-05:00,46.96,47.11,46.96,47.05,15703
2019-01-02 09:45:00-05:00,47.02,47.16,47.0,47.11,14942
2019-01-02 09:50:00-05:00,47.11,47.2,47.09,47.09,14450
2019-01-02 09:55:00-05:00,47.09,47.13,47.0,47.05,5763
2019-01-02 10:00:00-05:00,47.055,47.055,46.91,46.93,3951
2019-01-02 10:05:00-05:00,46.935,47.13,46.935,47.12,14709
2019-01-02 10:10:00-05:00,47.12,47.14,47.02,47.08,6248
2019-01-02 10:15:00-05:00,47.05,47.05,46.955,46.97,7248
2019-01-02 10:20:00-05:00,46.97,47.01,46.89,46.89,9216
2019-01-02 10:25:00-05:00,46.89,46.92,46.715,46.73,7790
2019-01-02 10:30:00-05:00,46.74,46.77,46.65,46.67,4986
2019-01-02 10:35:00-05:00,46.67,46.7,46.65,46.66,6770
2019-01-02 10:40:00-05:00,46.67,46.82,46.67,46.81,6835
2019-01-02 10:45:00-05:00,46.83,46.85,46.76,46.76,4477
2019-01-02 10:50:00-05:00,46.76,46.84,46.74,46.82,14941
2019-01-02 10:55:00-05:00,46.83,46.86,46.78,46.78,6461
2019-01-02 11:00:00-05:00,46.8,46.81,46.76,46.8,5490
2019-01-02 11:05:00-05:00,46.79,46.84,46.77,46.77,4321
2019-01-02 11:10:00-05:00,46.78,46.9,46.77,46.89,6075
2019-01-02 11:15:00-05:00,46.88,46.89,46.81,46.85,71777
2019-01-02 11:20:00-05:00,46.86,46.88,46.8,46.8,8592
2019-01-02 11:25:00-05:00,46.81,46.81,46.77,46.775,6424
2019-01-02 11:30:00-05:00,46.77,46.77,46.7,46.765,7198
2019-01-02 11:35:00-05:00,46.77,46.8,46.695,46.72,7666
2019-01-02 11:40:00-05:00,46.735,46.84,46.735,46.84,7156
2019-01-02 11:45:00-05:00,46.845,46.875,46.815,46.83,6870
2019-01-02 11:50:00-05:00,46.81,46.81,46.695,46.7,8728
2019-01-02 11:55:00-05:00,46.69,46.75,46.68,46.745,3871
2019-01-02 12:00:00-05:00,46.74,46.79,46.72,46.725,6462
2019-01-02 12:05:00-05:00,46.725,46.785,46.68,46.75,9647
2019-01-02 12:10:00-05:00,46.75,46.76,46.73,46.76,3557
2019-01-02 12:15:00-05:00,46.75,46.765,46.7,46.72,8173
2019-01-02 12:20:00-05:00,46.72,46.75,46.68,46.69,8010
2019-01-02 12:25:00-05:00,46.7,46.705,46.68,46.68,4471
2019-01-02 12:30:00-05:00,46.675,46.69,46.66,46.665,3875
2019-01-02 12:35:00-05:00,46.67,46.805,46.67,46.805,6737
2019-01-02 12:40:00-05:00,46.8,46.82,46.79,46.815,4347
2019-01-02 12:45:00-05:00,46.81,46.84,46.81,46.82,4199
2019-01-02 12:50:00-05:00,46.84,46.84,46.8,46.82,3032
2019-01-02 12:55:00-05:00,46.81,46.905,46.81,46.89,4161
2019-01-02 13:00:00-05:00,46.875,46.89,46.86,46.865,7095
2019-01-02 13:05:00-05:00,46.88,46.95,46.88,46.94,4084
2019-01-02 13:10:00-05:00,46.945,46.945,46.895,46.9,6638
2019-01-02 13:15:00-05:00,46.91,46.93,46.89,46.9,5348
2019-01-02 13:20:00-05:00,46.895,46.925,46.895,46.925,6023
2019-01-02 13:25:00-05:00,46.93,46.99,46.92,46.97,8168
2019-01-02 13:30:00-05:00,46.97,46.98,46.94,46.94,5426
2019-01-02 13:35:00-05:00,46.93,46.93,46.87,46.88,3228
2019-01-02 13:40:00-05:00,46.89,46.93,46.87,46.92,4174
2019-01-02 13:45:00-05:00,46.92,46.92,46.9,46.915,5692
2019-01-02 13:50:00-05:00,46.9,46.905,46.87,46.87,5626
2019-01-02 13:55:00-05:00,46.875,46.9,46.86,46.89,7817
2019-01-02 14:00:00-05:00,46.89,46.89,46.81,46.85,5805
2019-01-02 14:05:00-05:00,46.85,46.85,46.74,46.75,4631
2019-01-02 14:10:00-05:00,46.75,46.75,46.68,46.71,3638
2019-01-02 14:15:00-05:00,46.71,46.76,46.7,46.75,5103
2019-01-02 14:20:00-05:00,46.75,46.8,46.74,46.79,4918
2019-01-02 14:25:00-05:00,46.79,46.8,46.76,46.76,4005
2019-01-02 14:30:00-05:00,46.77,46.82,46.77,46.805,6329
2019-01-02 14:35:00-05:00,46.79,46.81,46.785,46.79,3354
2019-01-02 14:40:00-05:00,46.77,46.79,46.73,46.75,3323
2019-01-02 14:45:00-05:00,46.73,46.77,46.705,46.77,6407
2019-01-02 14:50:00-05:00,46.75,46.77,46.745,46.75,7551
2019-01-02 14:55:00-05:00,46.745,46.76,46.7,46.71,7561
2019-01-02 15:00:00-05:00,46.7,46.75,46.66,46.665,14120
2019-01-02 15:05:00-05:00,46.665,46.71,46.64,46.67,15301
2019-01-02 15:10:00-05:00,46.67,46.7,46.61,46.695,10981
2019-01-02 15:15:00-05:00,46.69,46.7,46.56,46.58,8598
2019-01-02 15:20:00-05:00,46.58,46.71,46.56,46.71,16235
2019-01-02 15:25:00-05:00,46.705,46.74,46.66,46.715,22748
2019-01-02 15:30:00-05:00,46.71,46.715,46.635,46.64,14701
2019-01-02 15:35:00-05:00,46.64,46.68,46.57,46.57,14384
2019-01-02 15:40:00-05:00,46.56,46.66,46.555,46.59,21070
2019-01-02 15:45:00-05:00,46.6,46.68,46.59,46.64,18588
2019-01-02 15:50:00-05:00,46.65,46.76,46.65,46.74,24560
2019-01-02 15:55:00-05:00,46.74,46.97,46.74,46.92,99180
2019-01-03 09:30:00-05:00,46.82,46.915,46.7,46.75,6331
2019-01-03 09:35:00-05:00,46.75,47.12,46.74,47.1,4870
2019-01-03 09:40:00-05:00,47.1,47.15,46.98,47.075,9172
2019-01-03 09:45:00-05:00,47.075,47.32,47.07,47.27,13704
2019-01-03 09:50:00-05:00,47.27,47.36,47.27,47.28,17467
2019-01-03 09:55:00-05:00,47.27,47.28,47.19,47.225,8573
2019-01-03 10:00:00-05:00,47.16,47.24,47.13,47.15,5328
2019-01-03 10:05:00-05:00,47.19,47.19,47.06,47.16,9370
2019-01-03 10:10:00-05:00,47.16,47.21,47.05,47.05,11564
2019-01-03 10:15:00-05:00,47.03,47.03,46.93,47.005,12236
2019-01-03 10:20:00-05:00,47.0,47.07,47.0,47.045,12835
2019-01-03 10:25:00-05:00,47.04,47.07,47.01,47.03,6507
2019-01-03 10:30:00-05:00,47.01,47.14,47.005,47.11,5028
2019-01-03 10:35:00-05:00,47.1,47.1,46.97,47.02,12163
2019-01-03 10:40:00-05:00,47.0,47.045,46.91,46.94,3755
2019-01-03 10:45:00-05:00,46.93,47.0,46.91,46.91,2285
2019-01-03 10:50:00-05:00,46.91,46.945,46.87,46.9,5036
2019-01-03 10:55:00-05:00,46.94,47.01,46.92,46.96,4525
2019-01-03 11:00:00-05:00,46.96,46.96,46.82,46.87,4173
2019-01-03 11:05:00-05:00,46.88,46.88,46.8,46.84,6480
2019-01-03 11:10:00-05:00,46.84,46.94,46.84,46.87,5848
2019-01-03 11:15:00-05:00,46.87,46.88,46.79,46.79,2967
2019-01-03 11:20:00-05:00,46.78,46.81,46.74,46.74,5263
2019-01-03 11:25:00-05:00,46.75,46.75,46.69,46.7,4471
2019-01-03 11:30:00-05:00,46.71,46.73,46.65,46.71,2929
2019-01-03 11:35:00-05:00,46.71,46.99,46.71,46.98,3863
2019-01-03 11:40:00-05:00,47.03,47.16,47.02,47.11,3802
2019-01-03 11:45:00-05:00,47.11,47.16,47.09,47.16,5654
2019-01-03 11:50:00-05:00,47.17,47.21,47.04,47.09,6009
2019-01-03 11:55:00-05:00,47.08,47.08,46.955,46.96,8892
2019-01-03 12:00:00-05:00,46.95,47.02,46.9,46.93,9285
2019-01-03 12:05:00-05:00,46.92,46.93,46.86,46.92,2821
2019-01-03 12:10:00-05:00,46.91,47.02,46.91,46.98,2456
2019-01-03 12:15:00-05:00,47.02,47.02,46.92,46.95,1744
2019-01-03 12:20:00-05:00,46.98,47.07,46.97,47.06,3152
2019-01-03 12:25:00-05:00,47.065,47.065,46.95,46.98,2850
2019-01-03 12:30:00-05:00,46.96,47.02,46.94,46.96,4105
2019-01-03 12:35:00-05:00,46.98,46.98,46.78,46.795,6037
2019-01-03 12:40:00-05:00,46.81,46.86,46.81,46.84,2466
2019-01-03 12:45:00-05:00,46.84,46.93,46.84,46.89,2825
2019-01-03 12:50:00-05:00,46.87,46.92,46.87,46.91,1900
2019-01-03 12:55:00-05:00,46.92,46.93,46.86,46.92,2521
2019-01-03 13:00:00-05:00,46.93,46.94,46.83,46.84,5218
2019-01-03 13:05:00-05:00,46.85,46.86,46.77,46.81,5235
2019-01-03 13:10:00-05:00,46.81,46.845,46.8,46.83,2384
2019-01-03 13:15:00-05:00,46.81,46.81,46.54,46.64,8617
2019-01-03 13:20:00-05:00,46.63,46.75,46.63,46.73,2749
2019-01-03 13:25:00-05:00,46.74,46.81,46.73,46.81,2915
2019-01-03 13:30:00-05:00,46.81,46.81,46.77,46.795,940
2019-01-03 13:35:00-05:00,46.8,46.86,46.75,46.85,2747
2019-01-03 13:40:00-05:00,46.86,46.89,46.84,46.86,3229
2019-01-03 13:45:00-05:00,46.85,46.87,46.83,46.84,3094
2019-01-03 13:50:00-05:00,46.83,46.84,46.74,46.76,4327
2019-01-03 13:55:00-05:00,46.72,46.78,46.72,46.74,1420
2019-01-03 14:00:00-05:00,46.77,46.83,46.765,46.77,3732
2019-01-03 14:05:00-05:00,46.76,46.83,46.735,46.83,4607
2019-01-03 14:10:00-05:00,46.82,46.92,46.81,46.89,7594
2019-01-03 14:15:00-05:00,46.87,46.95,46.84,46.915,3200
2019-01-03 14:20:00-05:00,46.91,46.91,46.87,46.91,2447
2019-01-03 14:25:00-05:00,46.87,46.96,46.87,46.94,4323
2019-01-03 14:30:00-05:00,46.95,46.99,46.91,46.93,5744
2019-01-03 14:35:00-05:00,46.93,46.93,46.84,46.9,4235
2019-01-03 14:40:00-05:00,46.92,46.92,46.84,46.87,3643
2019-01-03 14:45:00-05:00,46.85,46.86,46.77,46.785,5340
2019-01-03 14:50:00-05:00,46.79,46.8,46.765,46.78,2652
2019-01-03 14:55:00-05:00,46.8,46.8,46.7,46.75,4090
2019-01-03 15:00:00-05:00,46.75,46.79,46.72,46.725,3254
2019-01-03 15:05:00-05:00,46.73,46.76,46.71,46.73,5448
2019-01-03 15:10:00-05:00,46.73,46.75,46.705,46.705,6355
2019-01-03 15:15:00-05:00,46.69,46.79,46.685,46.77,24284
2019-01-03 15:20:00-05:00,46.77,46.81,46.73,46.75,3948
2019-01-03 15:25:00-05:00,46.74,46.8,46.72,46.76,5996
2019-01-03 15:30:00-05:00,46.765,46.84,46.73,46.795,8597
2019-01-03 15:35:00-05:00,46.8,46.82,46.73,46.73,8971
2019-01-03 15:40:00-05:00,46.73,46.76,46.68,46.74,9940
2019-01-03 15:45:00-05:00,46.745,46.8,46.73,46.735,14387
2019-01-03 15:50:00-05:00,46.735,46.775,46.67,46.71,23430
2019-01-03 15:55:00-05:00,46.71,46.74,46.56,46.65,103079
2019-01-04 09:25:00-05:00,47.0,47.0,46.86,46.86,979
2019-01-04 09:30:00-05:00,46.79,46.89,46.76,46.79,14838
2019-01-04 09:35:00-05:00,46.78,46.82,46.75,46.79,8810
2019-01-04 09:40:00-05:00,46.76,46.82,46.75,46.76,9419
2019-01-04 09:45:00-05:00,46.76,46.78,46.66,46.78,7901
2019-01-04 09:50:00-05:00,46.8,46.87,46.78,46.78,15482
2019-01-04 09:55:00-05:00,46.8,46.93,46.76,46.93,10653
2019-01-04 10:00:00-05:00,46.97,47.1,46.97,47.1,5267
2019-01-04 10:05:00-05:00,47.085,47.12,47.04,47.065,5736
2019-01-04 10:10:00-05:00,47.065,47.085,46.97,46.98,7941
2019-01-04 10:15:00-05:00,46.99,46.995,46.92,46.96,5782
2019-01-04 10:20:00-05:00,46.88,47.15,46.86,47.07,18486
2019-01-04 10:25:00-05:00,47.08,47.205,47.08,47.205,6200
2019-01-04 10:30:00-05:00,47.24,47.25,47.08,47.08,5781
2019-01-04 10:35:00-05:00,47.07,47.08,47.01,47.01,12276
2019-01-04 10:40:00-05:00,47.03,47.04,46.965,46.965,5010
2019-01-04 10:45:00-05:00,46.98,47.03,46.94,46.94,6022
2019-01-04 10:50:00-05:00,46.95,47.01,46.95,46.98,3101
2019-01-04 10:55:00-05:00,46.98,47.015,46.95,47.015,4589
2019-01-04 11:00:00-05:00,47.03,47.16,47.03,47.14,5602
2019-01-04 11:05:00-05:00,47.15,47.2,47.1,47.16,7482
2019-01-04 11:10:00-05:00,47.16,47.27,47.13,47.14,8458
2019-01-04 11:15:00-05:00,47.14,47.14,47.06,47.105,8144
2019-01-04 11:20:00-05:00,47.07,47.08,46.98,47.01,10573
2019-01-04 11:25:00-05:00,47.02,47.02,46.94,46.99,5792
2019-01-04 11:30:00-05:00,46.98,47.11,46.96,47.09,4406
2019-01-04 11:35:00-05:00,47.1,47.12,47.025,47.06,7338
2019-01-04 11:40:00-05:00,47.05,47.125,47.05,47.11,4872
2019-01-04 11:45:00-05:00,47.12,47.22,47.12,47.2,6587
2019-01-04 11:50:00-05:00,47.22,47.23,47.145,47.15,5223
2019-01-04 11:55:00-05:00,47.16,47.175,47.1,47.12,5492
2019-01-04 12:00:00-05:00,47.14,47.14,47.035,47.06,7638
2019-01-04 12:05:00-05:00,47.07,47.16,47.05,47.15,5369
2019-01-04 12:10:00-05:00,47.15,47.25,47.13,47.225,4326
2019-01-04 12:15:00-05:00,47.21,47.28,47.18,47.28,6876
2019-01-04 12:20:00-05:00,47.29,47.34,47.29,47.3,6740
2019-01-04 12:25:00-05:00,47.3,47.31,47.22,47.22,4282
2019-01-04 12:30:00-05:00,47.27,47.28,47.2,47.24,2417
2019-01-04 12:35:00-05:00,47.24,47.24,47.2,47.23,2317
2019-01-04 12:40:00-05:00,47.24,47.31,47.24,47.3,2747
2019-01-04 12:45:00-05:00,47.26,47.27,47.205,47.23,4146
2019-01-04 12:50:00-05:00,47.24,47.26,47.21,47.22,4405
2019-01-04 12:55:00-05:00,47.22,47.28,47.22,47.28,3167
2019-01-04 13:00:00-05:00,47.3,47.32,47.27,47.31,6075
2019-01-04 13:05:00-05:00,47.32,47.39,47.32,47.37,4043
2019-01-04 13:10:00-05:00,47.36,47.37,47.28,47.28,5486
2019-01-04 13:15:00-05:00,47.29,47.32,47.27,47.31,2260
2019-01-04 13:20:00-05:00,47.32,47.33,47.27,47.27,1819
2019-01-04 13:25:00-05:00,47.27,47.28,47.26,47.26,1567
2019-01-04 13:30:00-05:00,47.28,47.3,47.23,47.235,2797
2019-01-04 13:35:00-05:00,47.235,47.25,47.2,47.21,2634
2019-01-04 13:40:00-05:00,47.215,47.23,47.175,47.23,2367
2019-01-04 13:45:00-05:00,47.23,47.285,47.2,47.285,3376
2019-01-04 13:50:00-05:00,47.285,47.32,47.265,47.29,2445
2019-01-04 13:55:00-05:00,47.28,47.285,47.21,47.245,4438
2019-01-04 14:00:00-05:00,47.26,47.26,47.19,47.235,4799
2019-01-04 14:05:00-05:00,47.23,47.23,47.14,47.155,5531
2019-01-04 14:10:00-05:00,47.16,47.22,47.16,47.19,3227
2019-01-04 14:15:00-05:00,47.19,47.245,47.16,47.165,5066
2019-01-04 14:20:00-05:00,47.18,47.18,47.14,47.17,3322
2019-01-04 14:25:00-05:00,47.14,47.16,47.11,47.13,6103
2019-01-04 14:30:00-05:00,47.12,47.135,47.095,47.135,3701
2019-01-04 14:35:00-05:00,47.17,47.18,47.155,47.175,3108
2019-01-04 14:40:00-05:00,47.175,47.24,47.175,47.23,4840
2019-01-04 14:45:00-05:00,47.22,47.225,47.11,47.19,2320
2019-01-04 14:50:00-05:00,47.19,47.21,47.15,47.18,3347
2019-01-04 14:55:00-05:00,47.16,47.2,47.14,47.165,8254
2019-01-04 15:00:00-05:00,47.195,47.32,47.195,47.295,12414
2019-01-04 15:05:00-05:00,47.295,47.31,47.225,47.225,7950
2019-01-04 15:10:00-05:00,47.21,47.3,47.21,47.295,5832
2019-01-04 15:15:00-05:00,47.29,47.345,47.27,47.335,8217
2019-01-04 15:20:00-05:00,47.33,47.33,47.22,47.235,6120
2019-01-04 15:25:00-05:00,47.25,47.25,47.2,47.25,4432
2019-01-04 15:30:00-05:00,47.255,47.29,47.23,47.29,7624
2019-01-04 15:35:00-05:00,47.31,47.35,47.28,47.34,19761
2019-01-04 15:40:00-05:00,47.35,47.44,47.34,47.39,30352
2019-01-04 15:45:00-05:00,47.4,47.5,47.38,47.42,33335
2019-01-04 15:50:00-05:00,47.43,47.455,47.35,47.35,24420
2019-01-04 15:55:00-05:00,47.36,47.57,47.36,47.56,113336
2019-01-07 09:00:00-05:00,47.73,47.73,47.63,47.63,751
2019-01-07 09:30:00-05:00,47.58,47.74,47.425,47.56,5275
2019-01-07 09:35:00-05:00,47.595,47.61,47.33,47.45,11019
2019-01-07 09:40:00-05:00,47.41,47.46,47.385,47.425,9094
2019-01-07 09:45:00-05:00,47.42,47.43,47.215,47.23,5325
2019-01-07 09:50:00-05:00,47.22,47.26,47.15,47.165,6243
2019-01-07 09:55:00-05:00,47.165,47.195,47.105,47.16,9043
2019-01-07 10:00:00-05:00,47.12,47.3,47.12,47.29,9427
2019-01-07 10:05:00-05:00,47.3,47.3,47.19,47.22,10176
2019-01-07 10:10:00-05:00,47.24,47.3,47.205,47.295,19702
2019-01-07 10:15:00-05:00,47.29,47.29,47.16,47.16,12546
2019-01-07 10:20:00-05:00,47.17,47.17,47.04,47.06,9611
2019-01-07 10:25:00-05:00,47.025,47.09,47.025,47.05,10450
2019-01-07 10:30:00-05:00,47.045,47.14,47.045,47.14,8241
2019-01-07 10:35:00-05:00,47.16,47.23,47.14,47.215,12606
2019-01-07 10:40:00-05:00,47.21,47.29,47.195,47.26,14350
2019-01-07 10:45:00-05:00,47.24,47.27,47.185,47.21,10668
2019-01-07 10:50:00-05:00,47.215,47.235,47.195,47.195,11998
2019-01-07 10:55:00-05:00,47.19,47.23,47.18,47.21,25499
2019-01-07 11:00:00-05:00,47.195,47.28,47.19,47.25,18904
2019-01-07 11:05:00-05:00,47.25,47.25,47.17,47.175,18928
2019-01-07 11:10:00-05:00,47.19,47.24,47.19,47.195,10305
2019-01-07 11:15:00-05:00,47.195,47.235,47.19,47.205,11639
2019-01-07 11:20:00-05:00,47.2,47.24,47.18,47.19,10738
2019-01-07 11:25:00-05:00,47.19,47.19,47.13,47.165,11988
2019-01-07 11:30:00-05:00,47.16,47.185,47.105,47.145,8935
2019-01-07 11:35:00-05:00,47.145,47.235,47.125,47.2,9789
2019-01-07 11:40:00-05:00,47.18,47.24,47.175,47.2,9001
2019-01-07 11:45:00-05:00,47.195,47.2,47.115,47.115,8213
2019-01-07 11:50:00-05:00,47.115,47.15,47.11,47.12,10681
2019-01-07 11:55:00-05:00,47.12,47.19,47.12,47.18,5935
2019-01-07 12:00:00-05:00,47.17,47.185,47.13,47.13,4163
2019-01-07 12:05:00-05:00,47.135,47.17,47.135,47.16,7739
2019-01-07 12:10:00-05:00,47.155,47.215,47.145,47.19,12546
2019-01-07 12:15:00-05:00,47.18,47.185,47.16,47.18,10275
2019-01-07 12:20:00-05:00,47.195,47.27,47.195,47.24,15521
2019-01-07 12:25:00-05:00,47.25,47.25,47.18,47.18,8091
2019-01-07 12:30:00-05:00,47.19,47.22,47.17,47.21,13046
2019-01-07 12:35:00-05:00,47.21,47.22,47.19,47.22,10799
2019-01-07 12:40:00-05:00,47.215,47.235,47.19,47.23,15298
2019-01-07 12:45:00-05:00,47.225,47.26,47.2,47.205,11564
2019-01-07 12:50:00-05:00,47.205,47.21,47.16,47.19,8483
2019-01-07 12:55:00-05:00,47.2,47.26,47.19,47.245,8440
2019-01-07 13:00:00-05:00,47.25,47.28,47.245,47.28,5052
2019-01-07 13:05:00-05:00,47.28,47.28,47.22,47.24,6873
2019-01-07 13:10:00-05:00,47.25,47.31,47.245,47.29,8210
2019-01-07 13:15:00-05:00,47.28,47.28,47.22,47.23,10055
2019-01-07 13:20:00-05:00,47.235,47.25,47.235,47.245,4283
2019-01-07 13:25:00-05:00,47.25,47.29,47.245,47.28,6544
2019-01-07 13:30:00-05:00,47.28,47.28,47.2,47.26,11907
2019-01-07 13:35:00-05:00,47.265,47.265,47.18,47.19,6554
2019-01-07 13:40:00-05:00,47.18,47.2,47.15,47.2,5702
2019-01-07 13:45:00-05:00,47.18,47.19,47.145,47.145,6531
2019-01-07 13:50:00-05:00,47.14,47.16,47.13,47.145,6499
2019-01-07 13:55:00-05:00,47.155,47.155,47.1,47.1,6470
2019-01-07 14:00:00-05:00,47.09,47.13,47.09,47.12,6042
2019-01-07 14:05:00-05:00,47.12,47.13,47.08,47.105,9071
2019-01-07 14:10:00-05:00,47.1,47.11,47.04,47.04,10863
2019-01-07 14:15:00-05:00,47.05,47.1,47.02,47.1,12899
2019-01-07 14:20:00-05:00,47.11,47.12,47.075,47.085,8880
2019-01-07 14:25:00-05:00,47.08,47.11,47.07,47.1,7432
2019-01-07 14:30:00-05:00,47.1,47.105,47.07,47.07,15964
2019-01-07 14:35:00-05:00,47.07,47.08,47.04,47.05,13135
2019-01-07 14:40:00-05:00,47.05,47.05,47.0,47.0,11215
2019-01-07 14:45:00-05:00,47.0,47.03,46.97,47.02,10221
2019-01-07 14:50:00-05:00,47.01,47.01,46.915,46.915,16325
2019-01-07 14:55:00-05:00,46.915,46.93,46.895,46.915,15805
2019-01-07 15:00:00-05:00,46.92,46.99,46.91,46.95,19130
2019-01-07 15:05:00-05:00,46.955,46.97,46.93,46.94,11282
2019-01-07 15:10:00-05:00,46.94,46.97,46.93,46.935,25134
2019-01-07 15:15:00-05:00,46.95,46.98,46.925,46.93,23383
2019-01-07 15:20:00-05:00,46.93,47.0,46.93,46.99,7569
2019-01-07 15:25:00-05:00,46.99,47.0,46.98,46.99,9402
2019-01-07 15:30:00-05:00,46.98,47.005,46.94,47.005,15457
2019-01-07 15:35:00-05:00,47.01,47.02,46.99,47.01,24818
2019-01-07 15:40:00-05:00,47.005,47.035,47.0,47.005,14165
2019-01-07 15:45:00-05:00,47.01,47.05,47.0,47.04,36091
2019-01-07 15:50:00-05:00,47.03,47.04,46.98,47.01,29418
2019-01-07 15:55:00-05:00,47.0,47.045,46.91,46.95,81835
2019-01-08 09:30:00-05:00,47.27,47.29,47.15,47.29,34728
2019-01-08 09:35:00-05:00,47.295,47.32,47.22,47.27,36828
2019-01-08 09:40:00-05:00,47.28,47.31,47.225,47.255,47153
2019-01-08 09:45:00-05:00,47.28,47.29,47.17,47.2,33609
2019-01-08 09:50:00-05:00,47.21,47.29,47.21,47.245,31372
2019-01-08 09:55:00-05:00,47.25,47.37,47.25,47.295,35395
2019-01-08 10:00:00-05:00,47.295,47.42,47.295,47.355,39563
2019-01-08 10:05:00-05:00,47.35,47.405,47.3,47.345,19788
2019-01-08 10:10:00-05:00,47.345,47.35,47.22,47.225,26699
2019-01-08 10:15:00-05:00,47.22,47.24,47.13,47.135,41592
2019-01-08 10:20:00-05:00,47.135,47.165,47.1,47.14,34347
2019-01-08 10:25:00-05:00,47.135,47.185,47.13,47.155,27965
2019-01-08 10:30:00-05:00,47.155,47.23,47.1,47.225,30325
2019-01-08 10:35:00-05:00,47.225,47.25,47.11,47.155,27054
2019-01-08 10:40:00-05:00,47.15,47.155,47.09,47.115,33209
2019-01-08 10:45:00-05:00,47.12,47.145,47.06,47.07,24373
2019-01-08 10:50:00-05:00,47.085,47.19,47.04,47.18,12337
2019-01-08 10:55:00-05:00,47.2,47.3,47.15,47.275,53783
2019-01-08 11:00:00-05:00,47.28,47.31,47.23,47.27,32422
2019-01-08 11:05:00-05:00,47.27,47.325,47.25,47.31,31487
2019-01-08 11:10:00-05:00,47.3,47.325,47.26,47.295,25326
2019-01-08 11:15:00-05:00,47.295,47.39,47.24,47.24,29069
2019-01-08 11:20:00-05:00,47.24,47.32,47.24,47.32,32963
2019-01-08 11:25:00-05:00,47.32,47.36,47.3,47.325,28205
2019-01-08 11:30:00-05:00,47.32,47.34,47.23,47.3,32366
2019-01-08 11:35:00-05:00,47.305,47.32,47.26,47.285,31372
2019-01-08 11:40:00-05:00,47.295,47.35,47.28,47.35,26667
2019-01-08 11:45:00-05:00,47.36,47.45,47.32,47.41,38799
2019-01-08 11:50:00-05:00,47.415,47.415,47.3,47.32,25073
2019-01-08 11:55:00-05:00,47.33,47.36,47.31,47.33,20875
2019-01-08 12:00:00-05:00,47.33,47.36,47.32,47.32,22545
2019-01-08 12:05:00-05:00,47.33,47.345,47.28,47.3,25898
2019-01-08 12:10:00-05:00,47.305,47.31,47.26,47.29,11986
2019-01-08 12:15:00-05:00,47.28,47.38,47.28,47.35,13855
2019-01-08 12:20:00-05:00,47.355,47.375,47.325,47.365,10642
2019-01-08 12:25:00-05:00,47.365,47.395,47.36,47.365,18751
2019-01-08 12:30:00-05:00,47.365,47.375,47.285,47.3,15863
2019-01-08 12:35:00-05:00,47.29,47.295,47.22,47.255,29582
2019-01-08 12:40:00-05:00,47.245,47.33,47.235,47.315,21232
2019-01-08 12:45:00-05:00,47.32,47.32,47.145,47.145,24472
2019-01-08 12:50:00-05:00,47.135,47.295,47.13,47.29,14192
2019-01-08 12:55:00-05:00,47.3,47.305,47.25,47.265,11406
2019-01-08 13:00:00-05:00,47.255,47.315,47.185,47.305,14943
2019-01-08 13:05:00-05:00,47.305,47.325,47.285,47.29,15354
2019-01-08 13:10:00-05:00,47.29,47.315,47.27,47.305,15838
2019-01-08 13:15:00-05:00,47.3,47.31,47.26,47.265,12824
2019-01-08 13:20:00-05:00,47.265,47.315,47.265,47.295,9986
2019-01-08 13:25:00-05:00,47.295,47.33,47.29,47.32,10614
2019-01-08 13:30:00-05:00,47.31,47.365,47.31,47.35,29651
2019-01-08 13:35:00-05:00,47.34,47.37,47.34,47.365,7266
2019-01-08 13:40:00-05:00,47.36,47.385,47.33,47.34,16687
2019-01-08 13:45:00-05:00,47.35,47.38,47.32,47.375,11338
2019-01-08 13:50:00-05:00,47.375,47.425,47.375,47.415,21826
2019-01-08 13:55:00-05:00,47.42,47.435,47.39,47.395,12412
2019-01-08 14:00:00-05:00,47.39,47.41,47.36,47.36,10535
2019-01-08 14:05:00-05:00,47.36,47.395,47.345,47.36,9513
2019-01-08 14:10:00-05:00,47.375,47.385,47.36,47.375,10388
2019-01-08 14:15:00-05:00,47.375,47.39,47.34,47.355,20629
2019-01-08 14:20:00-05:00,47.355,47.355,47.29,47.295,11713
2019-01-08 14:25:00-05:00,47.3,47.335,47.3,47.33,13477
2019-01-08 14:30:00-05:00,47.335,47.36,47.32,47.355,13492
2019-01-08 14:35:00-05:00,47.35,47.415,47.35,47.415,18430
2019-01-08 14:40:00-05:00,47.42,47.43,47.395,47.425,18866
2019-01-08 14:45:00-05:00,47.425,47.445,47.395,47.445,20096
2019-01-08 14:50:00-05:00,47.45,47.45,47.415,47.445,24209
2019-01-08 14:55:00-05:00,47.44,47.445,47.405,47.445,19450
2019-01-08 15:00:00-05:00,47.445,47.46,47.415,47.445,19523
2019-01-08 15:05:00-05:00,47.45,47.45,47.385,47.425,20016
2019-01-08 15:10:00-05:00,47.43,47.495,47.43,47.495,17430
2019-01-08 15:15:00-05:00,47.495,47.51,47.49,47.495,19896
2019-01-08 15:20:00-05:00,47.5,47.51,47.475,47.48,16768
2019-01-08 15:25:00-05:00,47.485,47.555,47.48,47.555,65898
2019-01-08 15:30:00-05:00,47.555,47.56,47.52,47.535,24268
2019-01-08 15:35:00-05:00,47.535,47.54,47.485,47.49,28090
2019-01-08 15:40:00-05:00,47.485,47.5,47.455,47.495,30763
2019-01-08 15:45:00-05:00,47.5,47.57,47.5,47.515,49883
2019-01-08 15:50:00-05:00,47.515,47.535,47.475,47.495,50847
2019-01-08 15:55:00-05:00,47.5,47.51,47.42,47.455,134025
2019-01-09 09:25:00-05:00,47.27,47.27,46.93,46.93,1858
2019-01-09 09:30:00-05:00,47.19,47.25,47.1,47.185,27152
2019-01-09 09:35:00-05:00,47.195,47.2,46.955,47.04,19511
2019-01-09 09:40:00-05:00,47.03,47.1,47.0,47.05,14299
2019-01-09 09:45:00-05:00,47.06,47.06,46.82,46.825,34498
2019-01-09 09:50:00-05:00,46.825,46.9,46.725,46.89,23816
2019-01-09 09:55:00-05:00,46.895,46.97,46.87,46.945,14658
2019-01-09 10:00:00-05:00,46.94,47.035,46.91,47.025,16922
2019-01-09 10:05:00-05:00,47.02,47.08,46.92,46.93,15292
2019-01-09 10:10:00-05:00,46.96,46.995,46.91,46.91,10043
2019-01-09 10:15:00-05:00,46.885,46.94,46.84,46.86,11225
2019-01-09 10:20:00-05:00,46.87,46.88,46.805,46.825,18433
2019-01-09 10:25:00-05:00,46.84,46.845,46.775,46.795,15696
2019-01-09 10:30:00-05:00,46.805,46.835,46.755,46.8,18234
2019-01-09 10:35:00-05:00,46.805,46.855,46.76,46.76,41252
2019-01-09 10:40:00-05:00,46.75,46.76,46.6,46.61,18743
2019-01-09 10:45:00-05:00,46.62,46.66,46.6,46.66,5898
2019-01-09 10:50:00-05:00,46.66,46.7,46.66,46.69,11982
2019-01-09 10:55:00-05:00,46.71,46.74,46.65,46.65,11766
2019-01-09 11:00:00-05:00,46.64,46.805,46.63,46.79,20719
2019-01-09 11:05:00-05:00,46.8,46.805,46.7,46.72,20517
2019-01-09 11:10:00-05:00,46.71,46.73,46.7,46.705,18283
2019-01-09 11:15:00-05:00,46.705,46.71,46.67,46.67,19455
2019-01-09 11:20:00-05:00,46.665,46.695,46.64,46.685,21812
2019-01-09 11:25:00-05:00,46.685,46.69,46.61,46.61,26124
2019-01-09 11:30:00-05:00,46.62,46.665,46.575,46.595,18785
2019-01-09 11:35:00-05:00,46.62,46.64,46.58,46.585,12015
2019-01-09 11:40:00-05:00,46.585,46.59,46.55,46.575,15243
2019-01-09 11:45:00-05:00,46.57,46.63,46.5,46.53,15517
2019-01-09 11:50:00-05:00,46.53,46.6,46.525,46.56,10718
2019-01-09 11:55:00-05:00,46.56,46.58,46.535,46.55,7104
2019-01-09 12:00:00-05:00,46.54,46.55,46.5,46.55,10180
2019-01-09 12:05:00-05:00,46.55,46.56,46.51,46.52,7127
2019-01-09 12:10:00-05:00,46.54,46.56,46.515,46.56,4881
2019-01-09 12:15:00-05:00,46.55,46.57,46.51,46.52,6914
2019-01-09 12:20:00-05:00,46.52,46.53,46.5,46.52,6826
2019-01-09 12:25:00-05:00,46.51,46.58,46.505,46.54,7482
2019-01-09 12:30:00-05:00,46.53,46.585,46.51,46.575,9870
2019-01-09 12:35:00-05:00,46.58,46.63,46.55,46.55,14386
2019-01-09 12:40:00-05:00,46.56,46.57,46.52,46.52,5823
2019-01-09 12:45:00-05:00,46.52,46.55,46.51,46.52,10665
2019-01-09 12:50:00-05:00,46.52,46.58,46.52,46.57,4205
2019-01-09 12:55:00-05:00,46.57,46.61,46.54,46.6,6224
2019-01-09 13:00:00-05:00,46.595,46.595,46.525,46.54,5089
2019-01-09 13:05:00-05:00,46.53,46.545,46.51,46.54,5518
2019-01-09 13:10:00-05:00,46.545,46.57,46.54,46.55,7252
2019-01-09 13:15:00-05:00,46.555,46.58,46.53,46.57,7428
2019-01-09 13:20:00-05:00,46.56,46.6,46.56,46.6,3930
2019-01-09 13:25:00-05:00,46.6,46.62,46.56,46.565,11009
2019-01-09 13:30:00-05:00,46.57,46.6,46.57,46.58,18356
2019-01-09 13:35:00-05:00,46.575,46.59,46.56,46.57,7426
2019-01-09 13:40:00-05:00,46.565,46.58,46.56,46.57,5877
2019-01-09 13:45:00-05:00,46.57,46.63,46.57,46.6,9123
2019-01-09 13:50:00-05:00,46.6,46.6,46.555,46.57,13942
2019-01-09 13:55:00-05:00,46.58,46.615,46.57,46.595,179356
2019-01-09 14:00:00-05:00,46.595,46.67,46.595,46.62,13354
2019-01-09 14:05:00-05:00,46.63,46.675,46.585,46.675,20921
2019-01-09 14:10:00-05:00,46.67,46.675,46.64,46.665,22725
2019-01-09 14:15:00-05:00,46.66,46.665,46.58,46.59,19553
2019-01-09 14:20:00-05:00,46.58,46.61,46.52,46.56,16750
2019-01-09 14:25:00-05:00,46.55,46.62,46.55,46.585,19277
2019-01-09 14:30:00-05:00,46.59,46.64,46.56,46.62,13786
2019-01-09 14:35:00-05:00,46.625,46.625,46.575,46.58,7632
2019-01-09 14:40:00-05:00,46.58,46.58,46.54,46.55,8498
2019-01-09 14:45:00-05:00,46.56,46.565,46.55,46.56,9648
2019-01-09 14:50:00-05:00,46.565,46.565,46.505,46.515,9572
2019-01-09 14:55:00-05:00,46.52,46.54,46.51,46.51,8268
2019-01-09 15:00:00-05:00,46.51,46.55,46.505,46.55,13779
2019-01-09 15:05:00-05:00,46.55,46.56,46.52,46.555,14283
2019-01-09 15:10:00-05:00,46.555,46.59,46.54,46.54,9371
2019-01-09 15:15:00-05:00,46.55,46.66,46.545,46.66,12126
2019-01-09 15:20:00-05:00,46.66,46.665,46.61,46.61,16106
2019-01-09 15:25:00-05:00,46.62,46.63,46.59,46.605,6753
2019-01-09 15:30:00-05:00,46.605,46.63,46.575,46.625,15167
2019-01-09 15:35:00-05:00,46.625,46.63,46.58,46.62,15833
2019-01-09 15:40:00-05:00,46.63,46.64,46.59,46.63,22361
2019-01-09 15:45:00-05:00,46.63,46.635,46.48,46.51,43981
2019-01-09 15:50:00-05:00,46.51,46.51,46.48,46.485,47603
2019-01-09 15:55:00-05:00,46.48,46.6,46.43,46.56,118471
2019-01-10 09:30:00-05:00,46.57,46.63,46.36,46.42,5397
2019-01-10 09:35:00-05:00,46.43,46.49,46.4,46.49,4883
2019-01-10 09:40:00-05:00,46.5,46.59,46.49,46.56,5051
2019-01-10 09:45:00-05:00,46.55,46.565,46.52,46.535,5611
2019-01-10 09:50:00-05:00,46.525,46.6,46.5,46.6,10602
2019-01-10 09:55:00-05:00,46.59,46.65,46.57,46.605,8899
2019-01-10 10:00:00-05:00,46.63,46.655,46.6,46.615,14226
2019-01-10 10:05:00-05:00,46.62,46.67,46.59,46.62,7214
2019-01-10 10:10:00-05:00,46.63,46.64,46.6,46.61,6819
2019-01-10 10:15:00-05:00,46.6,46.66,46.59,46.63,12707
2019-01-10 10:20:00-05:00,46.655,46.655,46.6,46.63,9985
2019-01-10 10:25:00-05:00,46.64,46.69,46.64,46.66,25788
2019-01-10 10:30:00-05:00,46.665,46.74,46.63,46.74,20070
2019-01-10 10:35:00-05:00,46.74,46.74,46.7,46.715,14915
2019-01-10 10:40:00-05:00,46.72,46.8,46.72,46.78,11479
2019-01-10 10:45:00-05:00,46.79,46.8,46.76,46.77,12831
2019-01-10 10:50:00-05:00,46.77,46.78,46.72,46.72,6781
2019-01-10 10:55:00-05:00,46.77,46.78,46.74,46.775,10100
2019-01-10 11:00:00-05:00,46.76,46.77,46.75,46.76,8951
2019-01-10 11:05:00-05:00,46.77,46.78,46.75,46.76,8552
2019-01-10 11:10:00-05:00,46.77,46.85,46.77,46.85,7389
2019-01-10 11:15:00-05:00,46.85,46.89,46.85,46.89,14993
2019-01-10 11:20:00-05:00,46.89,46.89,46.82,46.845,10415
2019-01-10 11:25:00-05:00,46.84,46.85,46.78,46.8,9219
2019-01-10 11:30:00-05:00,46.8,46.845,46.79,46.825,8917
2019-01-10 11:35:00-05:00,46.815,46.84,46.8,46.82,9040
2019-01-10 11:40:00-05:00,46.805,46.845,46.8,46.82,18848
2019-01-10 11:45:00-05:00,46.82,46.82,46.8,46.81,4052
2019-01-10 11:50:00-05:00,46.8,46.81,46.77,46.81,4466
2019-01-10 11:55:00-05:00,46.82,46.825,46.775,46.79,7976
2019-01-10 12:00:00-05:00,46.78,46.825,46.74,46.78,4627
2019-01-10 12:05:00-05:00,46.79,46.81,46.765,46.795,4600
2019-01-10 12:10:00-05:00,46.81,46.83,46.8,46.82,5617
2019-01-10 12:15:00-05:00,46.82,46.84,46.81,46.83,6822
2019-01-10 12:20:00-05:00,46.82,46.82,46.81,46.82,4945
2019-01-10 12:25:00-05:00,46.83,46.85,46.82,46.84,4604
2019-01-10 12:30:00-05:00,46.83,46.84,46.81,46.82,4227
2019-01-10 12:35:00-05:00,46.81,46.82,46.785,46.81,3700
2019-01-10 12:40:00-05:00,46.8,46.825,46.79,46.795,3772
2019-01-10 12:45:00-05:00,46.795,46.92,46.78,46.91,8466
2019-01-10 12:50:00-05:00,46.92,46.975,46.895,46.895,5301
2019-01-10 12:55:00-05:00,46.91,46.915,46.89,46.91,2013
2019-01-10 13:00:00-05:00,46.92,46.93,46.87,46.89,5586
2019-01-10 13:05:00-05:00,46.9,46.91,46.78,46.79,8104
2019-01-10 13:10:00-05:00,46.79,46.825,46.775,46.775,3450
2019-01-10 13:15:00-05:00,46.77,46.8,46.73,46.795,4225
2019-01-10 13:20:00-05:00,46.785,46.81,46.77,46.81,6659
2019-01-10 13:25:00-05:00,46.81,46.86,46.81,46.835,8000
2019-01-10 13:30:00-05:00,46.83,46.835,46.78,46.805,13058
2019-01-10 13:35:00-05:00,46.79,46.79,46.76,46.76,2484
2019-01-10 13:40:00-05:00,46.74,46.75,46.72,46.75,5118
2019-01-10 13:45:00-05:00,46.75,46.8,46.74,46.79,5214
2019-01-10 13:50:00-05:00,46.8,46.82,46.78,46.82,4344
2019-01-10 13:55:00-05:00,46.81,46.85,46.81,46.84,5441
2019-01-10 14:00:00-05:00,46.84,46.895,46.84,46.88,7254
2019-01-10 14:05:00-05:00,46.89,46.93,46.88,46.89,13988
2019-01-10 14:10:00-05:00,46.9,46.92,46.85,46.85,16577
2019-01-10 14:15:00-05:00,46.855,46.9,46.85,46.895,12013
2019-01-10 14:20:00-05:00,46.9,46.945,46.88,46.945,6438
2019-01-10 14:25:00-05:00,46.94,46.965,46.92,46.96,6357
2019-01-10 14:30:00-05:00,46.955,46.96,46.93,46.95,7663
2019-01-10 14:35:00-05:00,46.95,46.955,46.91,46.91,8532
2019-01-10 14:40:00-05:00,46.92,46.96,46.91,46.94,8325
2019-01-10 14:45:00-05:00,46.94,46.95,46.89,46.9,8162
2019-01-10 14:50:00-05:00,46.895,46.91,46.86,46.87,5617
2019-01-10 14:55:00-05:00,46.85,46.92,46.85,46.92,6659
2019-01-10 15:00:00-05:00,46.91,46.93,46.905,46.92,7988
2019-01-10 15:05:00-05:00,46.91,46.92,46.89,46.89,5722
2019-01-10 15:10:00-05:00,46.89,46.91,46.86,46.89,19879
2019-01-10 15:15:00-05:00,46.89,46.9,46.84,46.84,14024
2019-01-10 15:20:00-05:00,46.84,46.86,46.83,46.85,6797
2019-01-10 15:25:00-05:00,46.85,46.89,46.85,46.88,19302
2019-01-10 15:30:00-05:00,46.88,46.91,46.875,46.9,23939
2019-01-10 15:35:00-05:00,46.9,46.95,46.885,46.885,19664
2019-01-10 15:40:00-05:00,46.89,46.96,46.89,46.95,23930
2019-01-10 15:45:00-05:00,46.95,46.96,46.89,46.92,17504
2019-01-10 15:50:00-05:00,46.92,46.99,46.92,46.99,21910
2019-01-10 15:55:00-05:00,46.99,47.08,46.965,47.05,114127
2019-01-11 09:30:00-05:00,47.25,47.32,47.0,47.12,3850
2019-01-11 09:35:00-05:00,47.11,47.18,47.0,47.18,6854
2019-01-11 09:40:00-05:00,47.185,47.185,47.07,47.07,4557
2019-01-11 09:45:00-05:00,47.11,47.14,47.03,47.07,4640
2019-01-11 09:50:00-05:00,47.07,47.115,47.055,47.095,5732
2019-01-11 09:55:00-05:00,47.1,47.17,47.09,47.14,6014
2019-01-11 10:00:00-05:00,47.13,47.13,47.06,47.12,2350
2019-01-11 10:05:00-05:00,47.13,47.16,47.12,47.15,3251
2019-01-11 10:10:00-05:00,47.16,47.16,47.13,47.16,2482
2019-01-11 10:15:00-05:00,47.16,47.18,47.115,47.14,4080
2019-01-11 10:20:00-05:00,47.15,47.185,47.11,47.18,2663
2019-01-11 10:25:00-05:00,47.21,47.27,47.21,47.22,9128
2019-01-11 10:30:00-05:00,47.22,47.225,47.12,47.145,6539
2019-01-11 10:35:00-05:00,47.15,47.22,47.15,47.19,2957
2019-01-11 10:40:00-05:00,47.2,47.21,47.16,47.175,3903
2019-01-11 10:45:00-05:00,47.19,47.195,47.17,47.195,1617
2019-01-11 10:50:00-05:00,47.21,47.21,47.095,47.115,4797
2019-01-11 10:55:00-05:00,47.13,47.235,47.13,47.22,3227
2019-01-11 11:00:00-05:00,47.21,47.215,47.16,47.205,4307
2019-01-11 11:05:00-05:00,47.2,47.22,47.175,47.21,4059
2019-01-11 11:10:00-05:00,47.21,47.21,47.125,47.13,2109
2019-01-11 11:15:00-05:00,47.16,47.195,47.14,47.17,4319
2019-01-11 11:20:00-05:00,47.155,47.17,47.13,47.16,6260
2019-01-11 11:25:00-05:00,47.165,47.19,47.15,47.19,4864
2019-01-11 11:30:00-05:00,47.195,47.21,47.165,47.165,7306
2019-01-11 11:35:00-05:00,47.17,47.18,47.12,47.13,6825
2019-01-11 11:40:00-05:00,47.145,47.18,47.12,47.12,8891
2019-01-11 11:45:00-05:00,47.11,47.135,47.1,47.115,3426
2019-01-11 11:50:00-05:00,47.13,47.18,47.12,47.175,7759
2019-01-11 11:55:00-05:00,47.18,47.18,47.14,47.18,4431
2019-01-11 12:00:00-05:00,47.175,47.215,47.16,47.165,8033
2019-01-11 12:05:00-05:00,47.16,47.185,47.145,47.15,6235
2019-01-11 12:10:00-05:00,47.155,47.155,47.115,47.13,4596
2019-01-11 12:15:00-05:00,47.12,47.17,47.105,47.125,8993
2019-01-11 12:20:00-05:00,47.14,47.175,47.12,47.135,5332
2019-01-11 12:25:00-05:00,47.13,47.195,47.13,47.135,4500
2019-01-11 12:30:00-05:00,47.15,47.195,47.14,47.17,3846
2019-01-11 12:35:00-05:00,47.17,47.185,47.145,47.155,5295
2019-01-11 12:40:00-05:00,47.155,47.17,47.13,47.155,6561
2019-01-11 12:45:00-05:00,47.15,47.15,47.1,47.1,5500
2019-01-11 12:50:00-05:00,47.105,47.12,47.08,47.1,4201
2019-01-11 12:55:00-05:00,47.1,47.135,47.1,47.13,2000
2019-01-11 13:00:00-05:00,47.13,47.13,47.06,47.06,3935
2019-01-11 13:05:00-05:00,47.085,47.1,47.07,47.08,2796
2019-01-11 13:10:00-05:00,47.08,47.09,47.065,47.09,4310
2019-01-11 13:15:00-05:00,47.08,47.08,47.045,47.055,3796
2019-01-11 13:20:00-05:00,47.06,47.06,47.03,47.04,2520
2019-01-11 13:25:00-05:00,47.03,47.05,47.03,47.045,2802
2019-01-11 13:30:00-05:00,47.045,47.085,47.04,47.06,6742
2019-01-11 13:35:00-05:00,47.07,47.115,47.055,47.115,3150
2019-01-11 13:40:00-05:00,47.11,47.135,47.11,47.115,4454
2019-01-11 13:45:00-05:00,47.125,47.15,47.125,47.13,6006
2019-01-11 13:50:00-05:00,47.11,47.135,47.1,47.135,9476
2019-01-11 13:55:00-05:00,47.13,47.155,47.12,47.125,6014
2019-01-11 14:00:00-05:00,47.115,47.135,47.08,47.135,6355
2019-01-11 14:05:00-05:00,47.13,47.16,47.125,47.14,7038
2019-01-11 14:10:00-05:00,47.14,47.155,47.14,47.14,2818
2019-01-11 14:15:00-05:00,47.16,47.16,47.12,47.13,5907
2019-01-11 14:20:00-05:00,47.13,47.135,47.105,47.105,3425
2019-01-11 14:25:00-05:00,47.11,47.165,47.1,47.165,3810
2019-01-11 14:30:00-05:00,47.16,47.18,47.15,47.18,5860
2019-01-11 14:35:00-05:00,47.18,47.18,47.15,47.17,4133
2019-01-11 14:40:00-05:00,47.16,47.2,47.16,47.2,3055
2019-01-11 14:45:00-05:00,47.2,47.205,47.155,47.17,6153
2019-01-11 14:50:00-05:00,47.17,47.185,47.135,47.14,3405
2019-01-11 14:55:00-05:00,47.14,47.17,47.13,47.145,4113
2019-01-11 15:00:00-05:00,47.14,47.16,47.12,47.14,3876
2019-01-11 15:05:00-05:00,47.135,47.195,47.135,47.16,5724
2019-01-11 15:10:00-05:00,47.16,47.16,47.13,47.14,3781
2019-01-11 15:15:00-05:00,47.155,47.17,47.12,47.16,4459
2019-01-11 15:20:00-05:00,47.18,47.2,47.17,47.18,5802
2019-01-11 15:25:00-05:00,47.16,47.19,47.16,47.17,5237
2019-01-11 15:30:00-05:00,47.16,47.215,47.16,47.21,10062
2019-01-11 15:35:00-05:00,47.21,47.265,47.2,47.25,11181
2019-01-11 15:40:00-05:00,47.25,47.3,47.25,47.27,6670
2019-01-11 15:45:00-05:00,47.27,47.33,47.27,47.305,11666
2019-01-11 15:50:00-05:00,47.31,47.355,47.295,47.31,19670
2019-01-11 15:55:00-05:00,47.32,47.34,47.275,47.34,64198
2019-01-14 09:30:00-05:00,47.29,47.34,47.215,47.215,3813
2019-01-14 09:35:00-05:00,47.22,47.255,47.16,47.22,9126
2019-01-14 09:40:00-05:00,47.24,47.395,47.225,47.345,6748
2019-01-14 09:45:00-05:00,47.33,47.355,47.22,47.25,5954
2019-01-14 09:50:00-05:00,47.25,47.29,47.23,47.28,8341
2019-01-14 09:55:00-05:00,47.26,47.32,47.23,47.3,5774
2019-01-14 10:00:00-05:00,47.3,47.35,47.29,47.305,7466
2019-01-14 10:05:00-05:00,47.305,47.35,47.3,47.32,6707
2019-01-14 10:10:00-05:00,47.315,47.325,47.265,47.305,67864
2019-01-14 10:15:00-05:00,47.31,47.34,47.255,47.28,70064
2019-01-14 10:20:00-05:00,47.29,47.34,47.28,47.28,12199
2019-01-14 10:25:00-05:00,47.26,47.285,47.25,47.255,5098
2019-01-14 10:30:00-05:00,47.26,47.33,47.24,47.315,9075
2019-01-14 10:35:00-05:00,47.315,47.33,47.25,47.265,6285
2019-01-14 10:40:00-05:00,47.265,47.305,47.265,47.28,4601
2019-01-14 10:45:00-05:00,47.275,47.29,47.25,47.27,5261
2019-01-14 10:50:00-05:00,47.265,47.28,47.255,47.28,2932
2019-01-14 10:55:00-05:00,47.285,47.355,47.285,47.34,62570
2019-01-14 11:00:00-05:00,47.32,47.34,47.29,47.33,6866
2019-01-14 11:05:00-05:00,47.31,47.315,47.28,47.31,6312
2019-01-14 11:10:00-05:00,47.315,47.315,47.28,47.31,4502
2019-01-14 11:15:00-05:00,47.33,47.335,47.27,47.29,7490
2019-01-14 11:20:00-05:00,47.28,47.285,47.24,47.24,9803
2019-01-14 11:25:00-05:00,47.235,47.235,47.165,47.17,10390
2019-01-14 11:30:00-05:00,47.16,47.18,47.12,47.155,5813
2019-01-14 11:35:00-05:00,47.15,47.15,47.115,47.115,5131
2019-01-14 11:40:00-05:00,47.11,47.115,47.07,47.08,5365
2019-01-14 11:45:00-05:00,47.08,47.08,47.035,47.07,7761
2019-01-14 11:50:00-05:00,47.07,47.11,47.07,47.085,5697
2019-01-14 11:55:00-05:00,47.09,47.115,47.09,47.095,8144
2019-01-14 12:00:00-05:00,47.1,47.14,47.09,47.13,8316
2019-01-14 12:05:00-05:00,47.12,47.16,47.1,47.1,15294
2019-01-14 12:10:00-05:00,47.12,47.15,47.11,47.115,3921
2019-01-14 12:15:00-05:00,47.13,47.19,47.13,47.19,6973
2019-01-14 12:20:00-05:00,47.18,47.21,47.16,47.2,2823
2019-01-14 12:25:00-05:00,47.18,47.18,47.17,47.17,1256
2019-01-14 12:30:00-05:00,47.15,47.18,47.13,47.17,2627
2019-01-14 12:35:00-05:00,47.16,47.175,47.16,47.17,1795
2019-01-14 12:40:00-05:00,47.17,47.175,47.1,47.11,3222
2019-01-14 12:45:00-05:00,47.11,47.11,47.07,47.07,3401
2019-01-14 12:50:00-05:00,47.075,47.11,47.06,47.105,4137
2019-01-14 12:55:00-05:00,47.12,47.12,47.075,47.075,3571
2019-01-14 13:00:00-05:00,47.08,47.08,47.065,47.08,3335
2019-01-14 13:05:00-05:00,47.08,47.085,47.05,47.055,3698
2019-01-14 13:10:00-05:00,47.05,47.06,47.025,47.06,7154
2019-01-14 13:15:00-05:00,47.07,47.07,47.015,47.045,4335
2019-01-14 13:20:00-05:00,47.05,47.075,47.035,47.04,8445
2019-01-14 13:25:00-05:00,47.05,47.07,47.035,47.05,5699
2019-01-14 13:30:00-05:00,47.045,47.06,47.04,47.04,6012
2019-01-14 13:35:00-05:00,47.04,47.07,47.035,47.055,4282
2019-01-14 13:40:00-05:00,47.06,47.06,47.045,47.055,3876
2019-01-14 13:45:00-05:00,47.05,47.06,47.02,47.03,4092
2019-01-14 13:50:00-05:00,47.04,47.06,47.04,47.045,2720
2019-01-14 13:55:00-05:00,47.045,47.05,47.025,47.025,3622
2019-01-14 14:00:00-05:00,47.035,47.05,47.015,47.04,3811
2019-01-14 14:05:00-05:00,47.045,47.045,47.01,47.01,7226
2019-01-14 14:10:00-05:00,47.0,47.02,46.99,47.01,4786
2019-01-14 14:15:00-05:00,47.01,47.015,46.995,46.995,4712
2019-01-14 14:20:00-05:00,47.01,47.015,47.0,47.0,4023
2019-01-14 14:25:00-05:00,46.995,47.005,46.99,47.0,4171
2019-01-14 14:30:00-05:00,47.0,47.035,46.995,47.03,5019
2019-01-14 14:35:00-05:00,47.03,47.065,47.01,47.03,3720
2019-01-14 14:40:00-05:00,47.035,47.085,47.035,47.085,3387
2019-01-14 14:45:00-05:00,47.08,47.115,47.075,47.11,4719
2019-01-14 14:50:00-05:00,47.11,47.11,47.09,47.105,4249
2019-01-14 14:55:00-05:00,47.11,47.135,47.105,47.12,2946
2019-01-14 15:00:00-05:00,47.11,47.13,47.11,47.12,6867
2019-01-14 15:05:00-05:00,47.13,47.13,47.1,47.11,7706
2019-01-14 15:10:00-05:00,47.11,47.11,47.08,47.08,4015
2019-01-14 15:15:00-05:00,47.08,47.115,47.08,47.1,4733
2019-01-14 15:20:00-05:00,47.115,47.13,47.1,47.12,3470
2019-01-14 15:25:00-05:00,47.11,47.14,47.11,47.14,5735
2019-01-14 15:30:00-05:00,47.15,47.18,47.12,47.12,9634
2019-01-14 15:35:00-05:00,47.13,47.145,47.12,47.14,6525
2019-01-14 15:40:00-05:00,47.13,47.13,47.09,47.115,11069
2019-01-14 15:45:00-05:00,47.11,47.11,47.06,47.07,14030
2019-01-14 15:50:00-05:00,47.085,47.09,47.04,47.045,15801
2019-01-14 15:55:00-05:00,47.05,47.23,47.05,47.13,113266
2019-01-14 16:00:00-05:00,46.98,46.98,46.98,46.98,400
2019-01-15 09:15:00-05:00,46.93,46.93,46.93,46.93,115
2019-01-15 09:25:00-05:00,46.76,46.76,46.76,46.76,206
2019-01-15 09:30:00-05:00,46.89,46.92,46.84,46.84,1772
2019-01-15 09:35:00-05:00,46.89,47.06,46.82,47.03,8940
2019-01-15 09:40:00-05:00,47.06,47.18,47.03,47.18,5003
2019-01-15 09:45:00-05:00,47.18,47.235,47.17,47.17,4241
2019-01-15 09:50:00-05:00,47.17,47.26,47.17,47.23,4556
2019-01-15 09:55:00-05:00,47.21,47.25,47.2,47.25,2679
2019-01-15 10:00:00-05:00,47.24,47.345,47.24,47.29,6790
2019-01-15 10:05:00-05:00,47.28,47.3,47.23,47.24,5280
2019-01-15 10:10:00-05:00,47.23,47.25,47.14,47.16,9950
2019-01-15 10:15:00-05:00,47.16,47.21,47.1,47.21,9047
2019-01-15 10:20:00-05:00,47.21,47.28,47.21,47.28,8028
2019-01-15 10:25:00-05:00,47.28,47.315,47.255,47.29,3423
2019-01-15 10:30:00-05:00,47.295,47.295,47.25,47.27,5025
2019-01-15 10:35:00-05:00,47.265,47.36,47.26,47.345,12400
2019-01-15 10:40:00-05:00,47.35,47.395,47.34,47.34,4694
2019-01-15 10:45:00-05:00,47.345,47.415,47.33,47.415,8535
2019-01-15 10:50:00-05:00,47.405,47.46,47.395,47.43,3584
2019-01-15 10:55:00-05:00,47.44,47.46,47.39,47.435,8112
2019-01-15 11:00:00-05:00,47.44,47.45,47.4,47.43,7780
2019-01-15 11:05:00-05:00,47.44,47.5,47.44,47.49,7890
2019-01-15 11:10:00-05:00,47.49,47.495,47.425,47.435,6915
2019-01-15 11:15:00-05:00,47.43,47.49,47.42,47.49,3343
2019-01-15 11:20:00-05:00,47.485,47.52,47.44,47.44,6806
2019-01-15 11:25:00-05:00,47.43,47.46,47.43,47.44,4941
2019-01-15 11:30:00-05:00,47.45,47.45,47.41,47.41,2910
2019-01-15 11:35:00-05:00,47.425,47.44,47.4,47.42,2983
2019-01-15 11:40:00-05:00,47.42,47.48,47.42,47.45,4098
2019-01-15 11:45:00-05:00,47.45,47.47,47.445,47.46,1731
2019-01-15 11:50:00-05:00,47.46,47.47,47.425,47.44,3463
2019-01-15 11:55:00-05:00,47.44,47.5,47.435,47.48,5291
2019-01-15 12:00:00-05:00,47.48,47.51,47.47,47.49,4012
2019-01-15 12:05:00-05:00,47.51,47.535,47.5,47.53,1859
2019-01-15 12:10:00-05:00,47.53,47.55,47.505,47.53,3052
2019-01-15 12:15:00-05:00,47.535,47.57,47.535,47.565,10137
2019-01-15 12:20:00-05:00,47.57,47.59,47.545,47.57,4863
2019-01-15 12:25:00-05:00,47.555,47.57,47.55,47.57,6116
2019-01-15 12:30:00-05:00,47.57,47.57,47.49,47.49,6737
2019-01-15 12:35:00-05:00,47.5,47.53,47.5,47.52,4412
2019-01-15 12:40:00-05:00,47.52,47.53,47.465,47.475,4104
2019-01-15 12:45:00-05:00,47.465,47.49,47.455,47.455,5106
2019-01-15 12:50:00-05:00,47.44,47.45,47.425,47.45,3760
2019-01-15 12:55:00-05:00,47.455,47.455,47.435,47.435,4659
2019-01-15 13:00:00-05:00,47.45,47.45,47.405,47.41,3145
2019-01-15 13:05:00-05:00,47.41,47.435,47.405,47.43,4662
2019-01-15 13:10:00-05:00,47.44,47.445,47.405,47.41,5103
2019-01-15 13:15:00-05:00,47.41,47.44,47.4,47.44,4551
2019-01-15 13:20:00-05:00,47.45,47.46,47.435,47.455,6875
2019-01-15 13:25:00-05:00,47.45,47.49,47.445,47.485,4304
2019-01-15 13:30:00-05:00,47.49,47.49,47.46,47.46,4800
2019-01-15 13:35:00-05:00,47.465,47.47,47.45,47.455,5303
2019-01-15 13:40:00-05:00,47.45,47.49,47.45,47.49,4024
2019-01-15 13:45:00-05:00,47.485,47.51,47.48,47.495,3522
2019-01-15 13:50:00-05:00,47.5,47.52,47.495,47.515,4404
2019-01-15 13:55:00-05:00,47.51,47.52,47.48,47.485,6450
2019-01-15 14:00:00-05:00,47.49,47.5,47.43,47.435,11453
2019-01-15 14:05:00-05:00,47.43,47.465,47.415,47.455,8025
2019-01-15 14:10:00-05:00,47.45,47.48,47.45,47.465,8910
2019-01-15 14:15:00-05:00,47.46,47.46,47.42,47.43,10341
2019-01-15 14:20:00-05:00,47.435,47.435,47.4,47.43,12641
2019-01-15 14:25:00-05:00,47.43,47.465,47.415,47.415,8966
2019-01-15 14:30:00-05:00,47.42,47.42,47.365,47.405,8486
2019-01-15 14:35:00-05:00,47.41,47.41,47.36,47.4,11086
2019-01-15 14:40:00-05:00,47.39,47.47,47.39,47.43,4853
2019-01-15 14:45:00-05:00,47.425,47.46,47.425,47.425,6306
2019-01-15 14:50:00-05:00,47.45,47.48,47.45,47.465,6426
2019-01-15 14:55:00-05:00,47.465,47.48,47.44,47.445,7304
2019-01-15 15:00:00-05:00,47.45,47.47,47.44,47.46,8593
2019-01-15 15:05:00-05:00,47.465,47.52,47.445,47.495,9160
2019-01-15 15:10:00-05:00,47.5,47.52,47.485,47.495,9878
2019-01-15 15:15:00-05:00,47.49,47.51,47.485,47.5,9375
2019-01-15 15:20:00-05:00,47.495,47.495,47.46,47.475,8091
2019-01-15 15:25:00-05:00,47.475,47.495,47.45,47.475,12444
2019-01-15 15:30:00-05:00,47.475,47.485,47.445,47.455,16855
2019-01-15 15:35:00-05:00,47.455,47.455,47.4,47.415,7855
2019-01-15 15:40:00-05:00,47.415,47.5,47.415,47.495,19105
2019-01-15 15:45:00-05:00,47.49,47.6,47.49,47.56,22465
2019-01-15 15:50:00-05:00,47.55,47.55,47.53,47.53,11562
2019-01-15 15:55:00-05:00,47.54,47.58,47.54,47.57,51511
2019-01-16 09:25:00-05:00,47.48,47.48,47.41,47.41,481
2019-01-16 09:30:00-05:00,47.415,47.47,47.35,47.4,13756
2019-01-16 09:35:00-05:00,47.35,47.37,47.26,47.31,3560
2019-01-16 09:40:00-05:00,47.31,47.31,47.21,47.21,4830
2019-01-16 09:45:00-05:00,47.2,47.2,47.11,47.19,5971
2019-01-16 09:50:00-05:00,47.215,47.22,47.15,47.22,4797
2019-01-16 09:55:00-05:00,47.215,47.27,47.21,47.26,8019
2019-01-16 10:00:00-05:00,47.26,47.32,47.24,47.245,7634
2019-01-16 10:05:00-05:00,47.225,47.24,47.15,47.19,6452
2019-01-16 10:10:00-05:00,47.195,47.205,47.135,47.15,3800
2019-01-16 10:15:00-05:00,47.145,47.16,47.13,47.135,4053
2019-01-16 10:20:00-05:00,47.13,47.22,47.12,47.22,4475
2019-01-16 10:25:00-05:00,47.23,47.23,47.19,47.2,3783
2019-01-16 10:30:00-05:00,47.19,47.28,47.18,47.28,7132
2019-01-16 10:35:00-05:00,47.27,47.28,47.25,47.26,4863
2019-01-16 10:40:00-05:00,47.26,47.28,47.185,47.19,10793
2019-01-16 10:45:00-05:00,47.175,47.23,47.16,47.17,6651
2019-01-16 10:50:00-05:00,47.15,47.18,47.14,47.14,4888
2019-01-16 10:55:00-05:00,47.15,47.17,47.13,47.16,5504
2019-01-16 11:00:00-05:00,47.16,47.16,47.13,47.15,6294
2019-01-16 11:05:00-05:00,47.15,47.15,47.085,47.09,8310
2019-01-16 11:10:00-05:00,47.09,47.1,47.055,47.08,6731
2019-01-16 11:15:00-05:00,47.089,47.135,47.089,47.13,4557
2019-01-16 11:20:00-05:00,47.15,47.2,47.14,47.2,6989
2019-01-16 11:25:00-05:00,47.21,47.22,47.16,47.18,5122
2019-01-16 11:30:00-05:00,47.185,47.195,47.14,47.15,8060
2019-01-16 11:35:00-05:00,47.16,47.23,47.16,47.215,5519
2019-01-16 11:40:00-05:00,47.22,47.22,47.19,47.21,5252
2019-01-16 11:45:00-05:00,47.21,47.24,47.16,47.16,5188
2019-01-16 11:50:00-05:00,47.16,47.17,47.12,47.13,8557
2019-01-16 11:55:00-05:00,47.13,47.15,47.095,47.095,26998
2019-01-16 12:00:00-05:00,47.095,47.095,46.99,46.99,10709
2019-01-16 12:05:00-05:00,47.005,47.01,46.95,46.95,12398
2019-01-16 12:10:00-05:00,46.96,46.98,46.935,46.935,7401
2019-01-16 12:15:00-05:00,46.94,46.94,46.87,46.88,16452
2019-01-16 12:20:00-05:00,46.88,46.9,46.86,46.895,8994
2019-01-16 12:25:00-05:00,46.895,46.91,46.89,46.9,13288
2019-01-16 12:30:00-05:00,46.91,46.94,46.88,46.89,19608
2019-01-16 12:35:00-05:00,46.9,46.925,46.89,46.91,14166
2019-01-16 12:40:00-05:00,46.91,46.92,46.87,46.895,12419
2019-01-16 12:45:00-05:00,46.9,46.91,46.89,46.89,8483
2019-01-16 12:50:00-05:00,46.9,46.945,46.89,46.945,8000
2019-01-16 12:55:00-05:00,46.945,46.95,46.92,46.92,10505
2019-01-16 13:00:00-05:00,46.92,46.93,46.9,46.9,12815
2019-01-16 13:05:00-05:00,46.895,46.905,46.89,46.9,14126
2019-01-16 13:10:00-05:00,46.9,46.91,46.9,46.905,17286
2019-01-16 13:15:00-05:00,46.905,46.92,46.9,46.915,2630
2019-01-16 13:20:00-05:00,46.915,46.93,46.91,46.925,3477
2019-01-16 13:25:00-05:00,46.925,46.94,46.915,46.92,14424
2019-01-16 13:30:00-05:00,46.92,46.95,46.92,46.95,7583
2019-01-16 13:35:00-05:00,46.945,46.95,46.93,46.94,10535
2019-01-16 13:40:00-05:00,46.94,46.95,46.94,46.945,5798
2019-01-16 13:45:00-05:00,46.94,46.95,46.94,46.945,4515
2019-01-16 13:50:00-05:00,46.945,46.96,46.93,46.96,10952
2019-01-16 13:55:00-05:00,46.95,46.97,46.94,46.965,7599
2019-01-16 14:00:00-05:00,46.985,46.985,46.965,46.98,9051
2019-01-16 14:05:00-05:00,46.99,47.02,46.985,47.02,4142
2019-01-16 14:10:00-05:00,47.03,47.07,47.03,47.06,58065
2019-01-16 14:15:00-05:00,47.05,47.05,46.995,47.04,16684
2019-01-16 14:20:00-05:00,47.04,47.065,47.04,47.055,14665
2019-01-16 14:25:00-05:00,47.055,47.06,47.0,47.005,23749
2019-01-16 14:30:00-05:00,47.005,47.03,47.0,47.01,24207
2019-01-16 14:35:00-05:00,47.01,47.01,46.97,46.97,14450
2019-01-16 14:40:00-05:00,46.97,46.97,46.9,46.9,13508
2019-01-16 14:45:00-05:00,46.9,46.92,46.9,46.915,12389
2019-01-16 14:50:00-05:00,46.92,46.945,46.9,46.92,30850
2019-01-16 14:55:00-05:00,46.92,46.95,46.91,46.945,10751
2019-01-16 15:00:00-05:00,46.95,47.0,46.94,47.0,12778
2019-01-16 15:05:00-05:00,47.0,47.04,46.995,47.025,16740
2019-01-16 15:10:00-05:00,47.03,47.06,47.025,47.03,21467
2019-01-16 15:15:00-05:00,47.04,47.08,47.035,47.07,14354
2019-01-16 15:20:00-05:00,47.08,47.08,47.05,47.065,14054
2019-01-16 15:25:00-05:00,47.065,47.07,47.05,47.06,10763
2019-01-16 15:30:00-05:00,47.06,47.06,46.92,46.92,37762
2019-01-16 15:35:00-05:00,46.93,46.945,46.9,46.94,39398
2019-01-16 15:40:00-05:00,46.945,46.97,46.925,46.96,28707
2019-01-16 15:45:00-05:00,46.965,46.99,46.945,46.96,37597
2019-01-16 15:50:00-05:00,46.965,46.99,46.965,46.99,28496
2019-01-16 15:55:00-05:00,46.99,46.995,46.89,46.9,94458
2019-01-17 09:30:00-05:00,46.95,47.0,46.9,46.98,16645
2019-01-17 09:35:00-05:00,47.02,47.06,46.94,46.99,25695
2019-01-17 09:40:00-05:00,47.0,47.045,46.97,47.04,10315
2019-01-17 09:45:00-05:00,47.03,47.04,46.96,47.01,12443
2019-01-17 09:50:00-05:00,47.005,47.03,46.96,46.97,10152
2019-01-17 09:55:00-05:00,46.99,47.0,46.97,46.99,10842
2019-01-17 10:00:00-05:00,46.99,47.12,46.99,47.06,8657
2019-01-17 10:05:00-05:00,47.075,47.105,47.05,47.05,6235
2019-01-17 10:10:00-05:00,47.05,47.08,47.04,47.05,6575
2019-01-17 10:15:00-05:00,47.03,47.055,46.96,46.96,8229
2019-01-17 10:20:00-05:00,46.97,47.025,46.96,46.985,7910
2019-01-17 10:25:00-05:00,46.98,47.04,46.96,47.04,11420
2019-01-17 10:30:00-05:00,47.04,47.085,47.02,47.08,7742
2019-01-17 10:35:00-05:00,47.08,47.08,47.0,47.0,7722
2019-01-17 10:40:00-05:00,47.0,47.005,46.945,46.95,10315
2019-01-17 10:45:00-05:00,46.955,46.955,46.93,46.93,5081
2019-01-17 10:50:00-05:00,46.93,46.97,46.93,46.955,8856
2019-01-17 10:55:00-05:00,46.96,46.96,46.94,46.94,4066
2019-01-17 11:00:00-05:00,46.94,47.025,46.94,47.02,8755
2019-01-17 11:05:00-05:00,47.025,47.08,47.02,47.055,7533
2019-01-17 11:10:00-05:00,47.06,47.09,47.05,47.055,12993
2019-01-17 11:15:00-05:00,47.06,47.06,47.025,47.045,8486
2019-01-17 11:20:00-05:00,47.045,47.06,47.0,47.06,10143
2019-01-17 11:25:00-05:00,47.06,47.06,47.01,47.015,3760
2019-01-17 11:30:00-05:00,47.01,47.02,46.98,46.985,3577
2019-01-17 11:35:00-05:00,46.99,47.005,46.96,46.97,9876
2019-01-17 11:40:00-05:00,46.98,46.985,46.93,46.93,6041
2019-01-17 11:45:00-05:00,46.94,46.94,46.9,46.925,4123
2019-01-17 11:50:00-05:00,46.925,46.94,46.92,46.93,5450
2019-01-17 11:55:00-05:00,46.94,46.94,46.92,46.935,4542
2019-01-17 12:00:00-05:00,46.935,46.935,46.91,46.92,4651
2019-01-17 12:05:00-05:00,46.93,46.94,46.91,46.93,4553
2019-01-17 12:10:00-05:00,46.94,46.97,46.94,46.96,7659
2019-01-17 12:15:00-05:00,46.96,46.97,46.93,46.935,5983
2019-01-17 12:20:00-05:00,46.93,46.95,46.92,46.94,5729
2019-01-17 12:25:00-05:00,46.94,46.96,46.93,46.96,3358
2019-01-17 12:30:00-05:00,46.96,46.99,46.96,46.97,6201
2019-01-17 12:35:00-05:00,46.975,46.98,46.965,46.97,5183
2019-01-17 12:40:00-05:00,46.97,47.02,46.97,47.01,5774
2019-01-17 12:45:00-05:00,47.02,47.02,46.99,46.995,7016
2019-01-17 12:50:00-05:00,46.995,47.0,46.96,46.97,5240
2019-01-17 12:55:00-05:00,46.975,46.975,46.94,46.94,4786
2019-01-17 13:00:00-05:00,46.95,46.98,46.945,46.98,4778
2019-01-17 13:05:00-05:00,46.98,46.98,46.96,46.96,4121
2019-01-17 13:10:00-05:00,46.96,46.96,46.94,46.94,3581
2019-01-17 13:15:00-05:00,46.94,46.94,46.93,46.94,5753
2019-01-17 13:20:00-05:00,46.94,46.955,46.93,46.945,4059
2019-01-17 13:25:00-05:00,46.95,47.005,46.935,46.99,11397
2019-01-17 13:30:00-05:00,46.99,47.005,46.975,46.98,19104
2019-01-17 13:35:00-05:00,46.97,46.98,46.96,46.97,9841
2019-01-17 13:40:00-05:00,46.97,46.98,46.95,46.955,5998
2019-01-17 13:45:00-05:00,46.96,46.98,46.945,46.97,7420
2019-01-17 13:50:00-05:00,46.97,46.985,46.94,46.95,7034
2019-01-17 13:55:00-05:00,46.96,47.0,46.96,46.995,3276
2019-01-17 14:00:00-05:00,46.995,47.0,46.96,46.975,4097
2019-01-17 14:05:00-05:00,46.97,46.97,46.93,46.93,6214
2019-01-17 14:10:00-05:00,46.93,46.94,46.91,46.935,6536
2019-01-17 14:15:00-05:00,46.935,46.965,46.93,46.96,9068
2019-01-17 14:20:00-05:00,46.96,46.965,46.95,46.95,5002
2019-01-17 14:25:00-05:00,46.96,46.96,46.925,46.95,8888
2019-01-17 14:30:00-05:00,46.955,46.955,46.91,46.92,7217
2019-01-17 14:35:00-05:00,46.91,47.01,46.9,46.985,21566
2019-01-17 14:40:00-05:00,47.0,47.09,46.98,47.05,25445
2019-01-17 14:45:00-05:00,47.05,47.13,47.05,47.095,20424
2019-01-17 14:50:00-05:00,47.1,47.13,47.055,47.07,6069
2019-01-17 14:55:00-05:00,47.09,47.095,46.975,47.005,15245
2019-01-17 15:00:00-05:00,47.03,47.05,46.98,46.98,11040
2019-01-17 15:05:00-05:00,47.0,47.08,47.0,47.05,11438
2019-01-17 15:10:00-05:00,47.05,47.06,47.01,47.02,5743
2019-01-17 15:15:00-05:00,47.02,47.02,46.99,47.01,6773
2019-01-17 15:20:00-05:00,47.01,47.01,46.99,46.99,6318
2019-01-17 15:25:00-05:00,46.99,47.0,46.935,47.0,11025
2019-01-17 15:30:00-05:00,47.0,47.06,47.0,47.04,11591
2019-01-17 15:35:00-05:00,47.05,47.08,47.04,47.04,7971
2019-01-17 15:40:00-05:00,47.05,47.055,47.02,47.03,15316
2019-01-17 15:45:00-05:00,47.025,47.06,47.01,47.01,13534
2019-01-17 15:50:00-05:00,47.02,47.03,46.98,47.01,18649
2019-01-17 15:55:00-05:00,47.01,47.08,47.01,47.07,66752
2019-01-18 09:30:00-05:00,47.205,47.275,47.15,47.17,7313
2019-01-18 09:35:00-05:00,47.235,47.43,47.235,47.37,13003
2019-01-18 09:40:00-05:00,47.395,47.5,47.39,47.39,9499
2019-01-18 09:45:00-05:00,47.42,47.49,47.4,47.47,7345
2019-01-18 09:50:00-05:00,47.46,47.48,47.365,47.365,10498
2019-01-18 09:55:00-05:00,47.37,47.41,47.35,47.37,11307
2019-01-18 10:00:00-05:00,47.34,47.41,47.33,47.41,11883
2019-01-18 10:05:00-05:00,47.41,47.49,47.41,47.47,16755
2019-01-18 10:10:00-05:00,47.48,47.48,47.43,47.45,7495
2019-01-18 10:15:00-05:00,47.45,47.56,47.435,47.48,23616
2019-01-18 10:20:00-05:00,47.48,47.485,47.42,47.43,9167
2019-01-18 10:25:00-05:00,47.43,47.445,47.38,47.405,8214
2019-01-18 10:30:00-05:00,47.41,47.43,47.37,47.37,7560
2019-01-18 10:35:00-05:00,47.365,47.37,47.29,47.29,12384
2019-01-18 10:40:00-05:00,47.29,47.375,47.27,47.355,8318
2019-01-18 10:45:00-05:00,47.35,47.415,47.35,47.38,6605
2019-01-18 10:50:00-05:00,47.37,47.39,47.35,47.39,4878
2019-01-18 10:55:00-05:00,47.38,47.38,47.35,47.355,2772
2019-01-18 11:00:00-05:00,47.355,47.37,47.32,47.37,5089
2019-01-18 11:05:00-05:00,47.36,47.385,47.31,47.31,6710
2019-01-18 11:10:00-05:00,47.31,47.345,47.31,47.34,4357
2019-01-18 11:15:00-05:00,47.34,47.4,47.34,47.4,6850
2019-01-18 11:20:00-05:00,47.4,47.405,47.365,47.39,7561
2019-01-18 11:25:00-05:00,47.39,47.45,47.38,47.45,12749
2019-01-18 11:30:00-05:00,47.45,47.48,47.45,47.46,3873
2019-01-18 11:35:00-05:00,47.48,47.5,47.48,47.5,3232
2019-01-18 11:40:00-05:00,47.485,47.49,47.47,47.47,3504
2019-01-18 11:45:00-05:00,47.47,47.48,47.45,47.45,10688
2019-01-18 11:50:00-05:00,47.445,47.48,47.445,47.47,2336
2019-01-18 11:55:00-05:00,47.48,47.55,47.48,47.55,4277
2019-01-18 12:00:00-05:00,47.57,47.6,47.53,47.535,9432
2019-01-18 12:05:00-05:00,47.53,47.53,47.48,47.505,5158
2019-01-18 12:10:00-05:00,47.5,47.62,47.5,47.62,5466
2019-01-18 12:15:00-05:00,47.61,47.655,47.6,47.6,6584
2019-01-18 12:20:00-05:00,47.6,47.65,47.58,47.64,3862
2019-01-18 12:25:00-05:00,47.65,47.67,47.635,47.66,5072
2019-01-18 12:30:00-05:00,47.66,47.67,47.63,47.65,4787
2019-01-18 12:35:00-05:00,47.65,47.67,47.64,47.67,4494
2019-01-18 12:40:00-05:00,47.665,47.69,47.62,47.635,10500
2019-01-18 12:45:00-05:00,47.62,47.65,47.58,47.59,5452
2019-01-18 12:50:00-05:00,47.59,47.595,47.5,47.55,13540
2019-01-18 12:55:00-05:00,47.54,47.59,47.54,47.58,2930
2019-01-18 13:00:00-05:00,47.57,47.58,47.445,47.46,14301
2019-01-18 13:05:00-05:00,47.45,47.45,47.43,47.43,5915
2019-01-18 13:10:00-05:00,47.415,47.45,47.41,47.445,4578
2019-01-18 13:15:00-05:00,47.43,47.46,47.42,47.46,4604
2019-01-18 13:20:00-05:00,47.46,47.5,47.46,47.49,6209
2019-01-18 13:25:00-05:00,47.49,47.49,47.41,47.42,6416
2019-01-18 13:30:00-05:00,47.43,47.43,47.365,47.38,3718
2019-01-18 13:35:00-05:00,47.38,47.455,47.38,47.455,4476
2019-01-18 13:40:00-05:00,47.45,47.46,47.42,47.44,4206
2019-01-18 13:45:00-05:00,47.42,47.43,47.39,47.43,3315
2019-01-18 13:50:00-05:00,47.43,47.455,47.425,47.44,2473
2019-01-18 13:55:00-05:00,47.43,47.43,47.41,47.42,3509
2019-01-18 14:00:00-05:00,47.43,47.43,47.41,47.43,3508
2019-01-18 14:05:00-05:00,47.425,47.425,47.36,47.405,5267
2019-01-18 14:10:00-05:00,47.405,47.41,47.35,47.36,18926
2019-01-18 14:15:00-05:00,47.36,47.39,47.33,47.36,7106
2019-01-18 14:20:00-05:00,47.37,47.42,47.36,47.42,7554
2019-01-18 14:25:00-05:00,47.41,47.435,47.37,47.41,5471
2019-01-18 14:30:00-05:00,47.41,47.43,47.41,47.425,5879
2019-01-18 14:35:00-05:00,47.42,47.44,47.41,47.44,4126
2019-01-18 14:40:00-05:00,47.43,47.48,47.43,47.445,2409
2019-01-18 14:45:00-05:00,47.45,47.52,47.445,47.52,5318
2019-01-18 14:50:00-05:00,47.525,47.54,47.505,47.535,4636
2019-01-18 14:55:00-05:00,47.55,47.56,47.53,47.53,5388
2019-01-18 15:00:00-05:00,47.54,47.55,47.52,47.535,4363
2019-01-18 15:05:00-05:00,47.54,47.55,47.54,47.54,2565
2019-01-18 15:10:00-05:00,47.54,47.56,47.535,47.555,12740
2019-01-18 15:15:00-05:00,47.555,47.58,47.54,47.56,12855
2019-01-18 15:20:00-05:00,47.56,47.57,47.545,47.55,5655
2019-01-18 15:25:00-05:00,47.54,47.555,47.525,47.55,5183
2019-01-18 15:30:00-05:00,47.55,47.56,47.54,47.55,14606
2019-01-18 15:35:00-05:00,47.56,47.6,47.55,47.58,11168
2019-01-18 15:40:00-05:00,47.58,47.6,47.58,47.59,11105
2019-01-18 15:45:00-05:00,47.6,47.61,47.53,47.545,22918
2019-01-18 15:50:00-05:00,47.54,47.54,47.49,47.51,24819
2019-01-18 15:55:00-05:00,47.51,47.65,47.51,47.62,66394
2019-01-18 16:00:00-05:00,47.53,47.53,47.53,47.53,497
2019-01-22 09:30:00-05:00,47.67,47.69,47.57,47.58,10190
2019-01-22 09:35:00-05:00,47.565,47.61,47.53,47.58,8014
2019-01-22 09:40:00-05:00,47.57,47.66,47.52,47.64,8632
2019-01-22 09:45:00-05:00,47.69,47.74,47.68,47.74,7875
2019-01-22 09:50:00-05:00,47.745,47.775,47.675,47.7,8563
2019-01-22 09:55:00-05:00,47.69,47.76,47.59,47.59,5937
2019-01-22 10:00:00-05:00,47.59,47.59,47.45,47.49,10268
2019-01-22 10:05:00-05:00,47.475,47.475,47.41,47.42,9066
2019-01-22 10:10:00-05:00,47.41,47.5,47.41,47.47,7203
2019-01-22 10:15:00-05:00,47.49,47.59,47.475,47.54,11138
2019-01-22 10:20:00-05:00,47.55,47.58,47.51,47.52,7937
2019-01-22 10:25:00-05:00,47.52,47.53,47.455,47.46,4290
2019-01-22 10:30:00-05:00,47.46,47.55,47.45,47.55,9468
2019-01-22 10:35:00-05:00,47.54,47.545,47.445,47.47,7866
2019-01-22 10:40:00-05:00,47.46,47.49,47.415,47.45,8670
2019-01-22 10:45:00-05:00,47.45,47.45,47.415,47.43,5964
2019-01-22 10:50:00-05:00,47.44,47.49,47.44,47.48,7132
2019-01-22 10:55:00-05:00,47.49,47.52,47.47,47.47,5812
2019-01-22 11:00:00-05:00,47.465,47.525,47.45,47.51,6255
2019-01-22 11:05:00-05:00,47.51,47.55,47.49,47.54,3993
2019-01-22 11:10:00-05:00,47.52,47.52,47.49,47.5,3318
2019-01-22 11:15:00-05:00,47.49,47.51,47.485,47.495,6278
2019-01-22 11:20:00-05:00,47.505,47.53,47.48,47.48,5749
2019-01-22 11:25:00-05:00,47.5,47.51,47.49,47.51,4317
2019-01-22 11:30:00-05:00,47.51,47.54,47.5,47.54,2090
2019-01-22 11:35:00-05:00,47.54,47.54,47.52,47.53,4368
2019-01-22 11:40:00-05:00,47.52,47.525,47.43,47.475,11119
2019-01-22 11:45:00-05:00,47.48,47.51,47.45,47.45,6716
2019-01-22 11:50:00-05:00,47.46,47.495,47.45,47.495,7794
2019-01-22 11:55:00-05:00,47.495,47.495,47.37,47.38,5924
2019-01-22 12:00:00-05:00,47.38,47.46,47.375,47.45,7406
2019-01-22 12:05:00-05:00,47.445,47.5,47.44,47.495,10622
2019-01-22 12:10:00-05:00,47.48,47.52,47.47,47.5,4343
2019-01-22 12:15:00-05:00,47.5,47.5,47.44,47.47,3534
2019-01-22 12:20:00-05:00,47.47,47.47,47.44,47.46,5213
2019-01-22 12:25:00-05:00,47.46,47.47,47.42,47.435,5284
2019-01-22 12:30:00-05:00,47.44,47.44,47.405,47.41,2093
2019-01-22 12:35:00-05:00,47.4,47.42,47.38,47.38,3413
2019-01-22 12:40:00-05:00,47.39,47.415,47.38,47.415,3791
2019-01-22 12:45:00-05:00,47.4,47.425,47.38,47.41,2353
2019-01-22 12:50:00-05:00,47.41,47.41,47.365,47.365,5763
2019-01-22 12:55:00-05:00,47.36,47.36,47.33,47.335,5510
2019-01-22 13:00:00-05:00,47.34,47.34,47.28,47.31,4699
2019-01-22 13:05:00-05:00,47.32,47.32,47.29,47.29,3187
2019-01-22 13:10:00-05:00,47.29,47.32,47.24,47.32,8133
2019-01-22 13:15:00-05:00,47.31,47.31,47.28,47.29,2330
2019-01-22 13:20:00-05:00,47.31,47.38,47.31,47.35,8895
2019-01-22 13:25:00-05:00,47.35,47.39,47.35,47.37,10478
2019-01-22 13:30:00-05:00,47.37,47.4,47.36,47.4,15333
2019-01-22 13:35:00-05:00,47.38,47.38,47.36,47.36,114336
2019-01-22 13:40:00-05:00,47.36,47.38,47.35,47.35,2735
2019-01-22 13:45:00-05:00,47.355,47.36,47.34,47.355,1956
2019-01-22 13:50:00-05:00,47.36,47.39,47.35,47.36,3001
2019-01-22 13:55:00-05:00,47.37,47.375,47.34,47.35,3128
2019-01-22 14:00:00-05:00,47.34,47.34,47.27,47.275,4010
2019-01-22 14:05:00-05:00,47.27,47.31,47.27,47.285,2451
2019-01-22 14:10:00-05:00,47.28,47.29,47.24,47.24,2693
2019-01-22 14:15:00-05:00,47.25,47.275,47.24,47.24,4665
2019-01-22 14:20:00-05:00,47.24,47.255,47.21,47.225,2063
2019-01-22 14:25:00-05:00,47.24,47.25,47.22,47.22,2219
2019-01-22 14:30:00-05:00,47.23,47.27,47.23,47.26,2972
2019-01-22 14:35:00-05:00,47.28,47.28,47.23,47.265,6293
2019-01-22 14:40:00-05:00,47.27,47.31,47.24,47.25,7117
2019-01-22 14:45:00-05:00,47.27,47.29,47.27,47.28,3954
2019-01-22 14:50:00-05:00,47.29,47.33,47.28,47.31,4758
2019-01-22 14:55:00-05:00,47.305,47.385,47.305,47.37,4603
2019-01-22 15:00:00-05:00,47.39,47.39,47.32,47.33,7039
2019-01-22 15:05:00-05:00,47.34,47.35,47.31,47.31,10220
2019-01-22 15:10:00-05:00,47.32,47.325,47.29,47.3,9437
2019-01-22 15:15:00-05:00,47.31,47.365,47.31,47.35,8375
2019-01-22 15:20:00-05:00,47.35,47.43,47.35,47.42,9888
2019-01-22 15:25:00-05:00,47.395,47.45,47.395,47.45,5554
2019-01-22 15:30:00-05:00,47.45,47.46,47.39,47.39,8898
2019-01-22 15:35:00-05:00,47.39,47.5,47.34,47.5,13160
2019-01-22 15:40:00-05:00,47.5,47.55,47.44,47.44,11221
2019-01-22 15:45:00-05:00,47.43,47.47,47.4,47.435,18502
2019-01-22 15:50:00-05:00,47.445,47.5,47.435,47.49,17038
2019-01-22 15:55:00-05:00,47.5,47.73,47.465,47.73,59238
2019-01-23 09:30:00-05:00,47.74,47.78,47.66,47.69,4269
2019-01-23 09:35:00-05:00,47.71,47.73,47.66,47.665,15187
2019-01-23 09:40:00-05:00,47.73,47.74,47.675,47.72,17561
2019-01-23 09:45:00-05:00,47.72,47.78,47.7,47.73,9416
2019-01-23 09:50:00-05:00,47.73,47.92,47.73,47.9,6476
2019-01-23 09:55:00-05:00,47.89,47.905,47.88,47.9,7025
2019-01-23 10:00:00-05:00,47.905,47.905,47.86,47.9,5476
2019-01-23 10:05:00-05:00,47.89,47.9,47.83,47.88,5482
2019-01-23 10:10:00-05:00,47.85,47.905,47.85,47.88,6513
2019-01-23 10:15:00-05:00,47.89,47.91,47.825,47.84,9126
2019-01-23 10:20:00-05:00,47.86,47.86,47.785,47.79,6856
2019-01-23 10:25:00-05:00,47.795,47.83,47.77,47.79,6791
2019-01-23 10:30:00-05:00,47.79,47.81,47.77,47.79,6663
2019-01-23 10:35:00-05:00,47.79,47.86,47.79,47.82,6749
2019-01-23 10:40:00-05:00,47.82,47.83,47.79,47.81,4724
2019-01-23 10:45:00-05:00,47.8,47.85,47.8,47.81,5062
2019-01-23 10:50:00-05:00,47.8,47.83,47.785,47.82,8236
2019-01-23 10:55:00-05:00,47.82,47.84,47.805,47.83,5902
2019-01-23 11:00:00-05:00,47.84,47.845,47.82,47.845,8243
2019-01-23 11:05:00-05:00,47.835,47.87,47.83,47.86,5551
2019-01-23 11:10:00-05:00,47.855,47.86,47.83,47.84,6726
2019-01-23 11:15:00-05:00,47.845,47.87,47.79,47.84,4560
2019-01-23 11:20:00-05:00,47.84,47.85,47.81,47.85,6302
2019-01-23 11:25:00-05:00,47.855,47.9,47.83,47.89,7162
2019-01-23 11:30:00-05:00,47.9,47.96,47.89,47.945,7588
2019-01-23 11:35:00-05:00,47.94,47.98,47.93,47.98,8304
2019-01-23 11:40:00-05:00,47.975,48.0,47.97,47.98,20482
2019-01-23 11:45:00-05:00,47.98,47.985,47.92,47.92,18650
2019-01-23 11:50:00-05:00,47.94,47.94,47.89,47.91,5480
2019-01-23 11:55:00-05:00,47.91,47.91,47.88,47.91,6339
2019-01-23 12:00:00-05:00,47.92,47.94,47.9,47.92,8247
2019-01-23 12:05:00-05:00,47.93,47.94,47.81,47.845,17609
2019-01-23 12:10:00-05:00,47.84,47.85,47.8,47.81,8599
2019-01-23 12:15:00-05:00,47.82,47.87,47.785,47.87,8298
2019-01-23 12:20:00-05:00,47.88,47.925,47.88,47.92,6835
2019-01-23 12:25:00-05:00,47.92,47.94,47.9,47.93,6603
2019-01-23 12:30:00-05:00,47.92,47.95,47.91,47.91,7983
2019-01-23 12:35:00-05:00,47.9,47.945,47.9,47.94,9382
2019-01-23 12:40:00-05:00,47.93,47.96,47.93,47.96,6747
2019-01-23 12:45:00-05:00,47.98,47.98,47.95,47.95,4297
2019-01-23 12:50:00-05:00,47.95,47.97,47.95,47.97,2100
2019-01-23 12:55:00-05:00,47.95,47.985,47.95,47.985,4025
2019-01-23 13:00:00-05:00,47.98,48.0,47.97,47.98,5473
2019-01-23 13:05:00-05:00,47.97,47.98,47.9,47.97,5646
2019-01-23 13:10:00-05:00,47.965,47.975,47.95,47.95,3539
2019-01-23 13:15:00-05:00,47.96,48.0,47.95,47.965,24917
2019-01-23 13:20:00-05:00,47.97,47.99,47.97,47.99,7094
2019-01-23 13:25:00-05:00,47.98,48.05,47.98,48.03,16674
2019-01-23 13:30:00-05:00,48.03,48.05,47.99,48.05,25850
2019-01-23 13:35:00-05:00,48.05,48.06,48.03,48.045,17575
2019-01-23 13:40:00-05:00,48.04,48.07,48.03,48.06,6663
2019-01-23 13:45:00-05:00,48.08,48.085,48.03,48.03,19741
2019-01-23 13:50:00-05:00,48.04,48.08,48.025,48.08,3853
2019-01-23 13:55:00-05:00,48.07,48.08,48.05,48.06,5363
2019-01-23 14:00:00-05:00,48.08,48.12,48.08,48.09,11691
2019-01-23 14:05:00-05:00,48.1,48.14,48.095,48.14,6965
2019-01-23 14:10:00-05:00,48.135,48.15,48.11,48.11,9565
2019-01-23 14:15:00-05:00,48.11,48.11,48.075,48.08,12257
2019-01-23 14:20:00-05:00,48.08,48.12,48.07,48.11,5021
2019-01-23 14:25:00-05:00,48.11,48.13,48.09,48.1,5100
2019-01-23 14:30:00-05:00,48.08,48.08,48.04,48.08,9063
2019-01-23 14:35:00-05:00,48.08,48.09,48.02,48.045,7371
2019-01-23 14:40:00-05:00,48.04,48.04,48.01,48.02,8473
2019-01-23 14:45:00-05:00,48.01,48.03,47.99,48.02,19131
2019-01-23 14:50:00-05:00,48.03,48.06,48.02,48.04,8799
2019-01-23 14:55:00-05:00,48.03,48.03,48.0,48.02,8897
2019-01-23 15:00:00-05:00,48.02,48.07,48.02,48.07,7220
2019-01-23 15:05:00-05:00,48.07,48.11,48.07,48.1,14337
2019-01-23 15:10:00-05:00,48.1,48.155,48.1,48.145,21768
2019-01-23 15:15:00-05:00,48.15,48.185,48.15,48.17,18832
2019-01-23 15:20:00-05:00,48.18,48.2,48.16,48.18,20353
2019-01-23 15:25:00-05:00,48.18,48.2,48.17,48.2,7522
2019-01-23 15:30:00-05:00,48.205,48.205,48.145,48.155,23488
2019-01-23 15:35:00-05:00,48.155,48.16,48.12,48.14,25335
2019-01-23 15:40:00-05:00,48.14,48.205,48.14,48.195,15120
2019-01-23 15:45:00-05:00,48.2,48.24,48.18,48.23,23631
2019-01-23 15:50:00-05:00,48.23,48.23,48.14,48.16,28327
2019-01-23 15:55:00-05:00,48.165,48.29,48.16,48.26,93758
2019-01-24 09:20:00-05:00,48.26,48.26,48.26,48.26,101
2019-01-24 09:30:00-05:00,48.1,48.11,47.84,47.865,9372
2019-01-24 09:35:00-05:00,47.82,47.84,47.555,47.58,4545
2019-01-24 09:40:00-05:00,47.57,47.615,47.49,47.61,6355
2019-01-24 09:45:00-05:00,47.6,47.64,47.535,47.535,13174
2019-01-24 09:50:00-05:00,47.545,47.64,47.545,47.63,7333
2019-01-24 09:55:00-05:00,47.62,47.64,47.59,47.61,16829
2019-01-24 10:00:00-05:00,47.6,47.65,47.5,47.52,7161
2019-01-24 10:05:00-05:00,47.52,47.55,47.48,47.52,6611
2019-01-24 10:10:00-05:00,47.51,47.635,47.51,47.635,6434
2019-01-24 10:15:00-05:00,47.63,47.675,47.62,47.675,5105
2019-01-24 10:20:00-05:00,47.685,47.685,47.63,47.65,6952
2019-01-24 10:25:00-05:00,47.64,47.64,47.58,47.625,3857
2019-01-24 10:30:00-05:00,47.64,47.695,47.63,47.67,4484
2019-01-24 10:35:00-05:00,47.68,47.71,47.66,47.69,2625
2019-01-24 10:40:00-05:00,47.71,47.72,47.69,47.72,2331
2019-01-24 10:45:00-05:00,47.72,47.72,47.68,47.7,6076
2019-01-24 10:50:00-05:00,47.69,47.71,47.67,47.71,4567
2019-01-24 10:55:00-05:00,47.69,47.72,47.68,47.71,3200
2019-01-24 11:00:00-05:00,47.7,47.77,47.7,47.76,3247
2019-01-24 11:05:00-05:00,47.75,47.78,47.74,47.75,3546
2019-01-24 11:10:00-05:00,47.76,47.765,47.67,47.675,7297
2019-01-24 11:15:00-05:00,47.69,47.72,47.67,47.68,7947
2019-01-24 11:20:00-05:00,47.67,47.67,47.635,47.635,6655
2019-01-24 11:25:00-05:00,47.63,47.65,47.625,47.63,5161
2019-01-24 11:30:00-05:00,47.62,47.62,47.565,47.61,4840
2019-01-24 11:35:00-05:00,47.61,47.64,47.6,47.625,3100
2019-01-24 11:40:00-05:00,47.625,47.655,47.605,47.62,2588
2019-01-24 11:45:00-05:00,47.62,47.64,47.59,47.61,4031
2019-01-24 11:50:00-05:00,47.6,47.605,47.57,47.6,4558
2019-01-24 11:55:00-05:00,47.64,47.67,47.605,47.665,9270
2019-01-24 12:00:00-05:00,47.66,47.66,47.63,47.64,3486
2019-01-24 12:05:00-05:00,47.635,47.64,47.59,47.59,3743
2019-01-24 12:10:00-05:00,47.59,47.59,47.56,47.58,3422
2019-01-24 12:15:00-05:00,47.575,47.58,47.57,47.575,2520
2019-01-24 12:20:00-05:00,47.58,47.58,47.57,47.58,3080
2019-01-24 12:25:00-05:00,47.58,47.605,47.56,47.56,2969
2019-01-24 12:30:00-05:00,47.55,47.585,47.55,47.58,5846
2019-01-24 12:35:00-05:00,47.57,47.57,47.53,47.54,6443
2019-01-24 12:40:00-05:00,47.545,47.545,47.52,47.52,3229
2019-01-24 12:45:00-05:00,47.53,47.53,47.51,47.51,3895
2019-01-24 12:50:00-05:00,47.51,47.53,47.505,47.53,6701
2019-01-24 12:55:00-05:00,47.54,47.54,47.5,47.505,8036
2019-01-24 13:00:00-05:00,47.505,47.53,47.5,47.505,5211
2019-01-24 13:05:00-05:00,47.515,47.535,47.51,47.51,8168
2019-01-24 13:10:00-05:00,47.505,47.51,47.4,47.44,7928
2019-01-24 13:15:00-05:00,47.44,47.44,47.4,47.41,6716
2019-01-24 13:20:00-05:00,47.4,47.41,47.38,47.39,4975
2019-01-24 13:25:00-05:00,47.38,47.44,47.375,47.405,4731
2019-01-24 13:30:00-05:00,47.43,47.48,47.425,47.48,3971
2019-01-24 13:35:00-05:00,47.49,47.495,47.45,47.45,50092
2019-01-24 13:40:00-05:00,47.445,47.45,47.39,47.39,3072
2019-01-24 13:45:00-05:00,47.4,47.44,47.4,47.43,3252
2019-01-24 13:50:00-05:00,47.43,47.475,47.42,47.475,6764
2019-01-24 13:55:00-05:00,47.475,47.54,47.47,47.54,23173
2019-01-24 14:00:00-05:00,47.52,47.55,47.51,47.545,5131
2019-01-24 14:05:00-05:00,47.56,47.585,47.545,47.57,10330
2019-01-24 14:10:00-05:00,47.56,47.57,47.54,47.565,3504
2019-01-24 14:15:00-05:00,47.57,47.58,47.52,47.53,9072
2019-01-24 14:20:00-05:00,47.525,47.53,47.48,47.5,12640
2019-01-24 14:25:00-05:00,47.515,47.52,47.51,47.51,1847
2019-01-24 14:30:00-05:00,47.515,47.545,47.5,47.535,7503
2019-01-24 14:35:00-05:00,47.535,47.585,47.52,47.575,6846
2019-01-24 14:40:00-05:00,47.575,47.575,47.52,47.53,7387
2019-01-24 14:45:00-05:00,47.555,47.56,47.525,47.555,5100
2019-01-24 14:50:00-05:00,47.555,47.61,47.555,47.61,12202
2019-01-24 14:55:00-05:00,47.615,47.62,47.59,47.62,7381
2019-01-24 15:00:00-05:00,47.61,47.615,47.59,47.605,9013
2019-01-24 15:05:00-05:00,47.61,47.625,47.6,47.625,9382
2019-01-24 15:10:00-05:00,47.62,47.635,47.61,47.615,9614
2019-01-24 15:15:00-05:00,47.62,47.67,47.62,47.625,13910
2019-01-24 15:20:00-05:00,47.63,47.65,47.625,47.645,9901
2019-01-24 15:25:00-05:00,47.64,47.66,47.615,47.615,11295
2019-01-24 15:30:00-05:00,47.61,47.635,47.59,47.63,19101
2019-01-24 15:35:00-05:00,47.63,47.635,47.6,47.6,13043
2019-01-24 15:40:00-05:00,47.59,47.605,47.59,47.6,17954
2019-01-24 15:45:00-05:00,47.6,47.625,47.585,47.62,28663
2019-01-24 15:50:00-05:00,47.62,47.64,47.605,47.62,21374
2019-01-24 15:55:00-05:00,47.63,47.7,47.62,47.69,54971
2019-01-25 09:30:00-05:00,47.94,47.99,47.89,47.97,1385
2019-01-25 09:35:00-05:00,47.97,48.01,47.91,47.92,3662
2019-01-25 09:40:00-05:00,47.92,47.92,47.8,47.81,1767
2019-01-25 09:45:00-05:00,47.84,47.87,47.71,47.72,4712
2019-01-25 09:50:00-05:00,47.74,47.81,47.74,47.77,4376
2019-01-25 09:55:00-05:00,47.78,47.8,47.72,47.72,4700
2019-01-25 10:00:00-05:00,47.73,47.79,47.72,47.79,2974
2019-01-25 10:05:00-05:00,47.81,47.835,47.79,47.805,4213
2019-01-25 10:10:00-05:00,47.79,47.84,47.79,47.84,2741
2019-01-25 10:15:00-05:00,47.83,47.88,47.82,47.85,2981
2019-01-25 10:20:00-05:00,47.845,47.86,47.795,47.81,5770
2019-01-25 10:25:00-05:00,47.82,47.86,47.81,47.835,2848
2019-01-25 10:30:00-05:00,47.83,47.865,47.75,47.76,19038
2019-01-25 10:35:00-05:00,47.77,47.83,47.77,47.805,4615
2019-01-25 10:40:00-05:00,47.83,47.845,47.81,47.83,5237
2019-01-25 10:45:00-05:00,47.84,47.85,47.78,47.785,3732
2019-01-25 10:50:00-05:00,47.805,47.805,47.72,47.72,4743
2019-01-25 10:55:00-05:00,47.725,47.725,47.69,47.705,5127
2019-01-25 11:00:00-05:00,47.7,47.705,47.575,47.58,7563
2019-01-25 11:05:00-05:00,47.585,47.59,47.53,47.56,5831
2019-01-25 11:10:00-05:00,47.56,47.58,47.545,47.55,5442
2019-01-25 11:15:00-05:00,47.56,47.61,47.56,47.61,3532
2019-01-25 11:20:00-05:00,47.56,47.565,47.5,47.5,5503
2019-01-25 11:25:00-05:00,47.51,47.57,47.49,47.525,4656
2019-01-25 11:30:00-05:00,47.53,47.57,47.505,47.54,4639
2019-01-25 11:35:00-05:00,47.54,47.545,47.41,47.43,6259
2019-01-25 11:40:00-05:00,47.44,47.44,47.4,47.42,4301
2019-01-25 11:45:00-05:00,47.41,47.44,47.4,47.43,5296
2019-01-25 11:50:00-05:00,47.43,47.475,47.43,47.47,3363
2019-01-25 11:55:00-05:00,47.465,47.505,47.455,47.5,5918
2019-01-25 12:00:00-05:00,47.5,47.51,47.49,47.5,3450
2019-01-25 12:05:00-05:00,47.5,47.52,47.485,47.485,3697
2019-01-25 12:10:00-05:00,47.49,47.525,47.49,47.515,4747
2019-01-25 12:15:00-05:00,47.51,47.53,47.5,47.5,3295
2019-01-25 12:20:00-05:00,47.51,47.51,47.43,47.47,5075
2019-01-25 12:25:00-05:00,47.465,47.53,47.465,47.51,7900
2019-01-25 12:30:00-05:00,47.52,47.52,47.46,47.46,5849
2019-01-25 12:35:00-05:00,47.47,47.47,47.445,47.46,6162
2019-01-25 12:40:00-05:00,47.465,47.465,47.4,47.415,11490
2019-01-25 12:45:00-05:00,47.41,47.415,47.32,47.325,12369
2019-01-25 12:50:00-05:00,47.335,47.365,47.29,47.29,4051
2019-01-25 12:55:00-05:00,47.29,47.305,47.28,47.3,10350
2019-01-25 13:00:00-05:00,47.3,47.33,47.295,47.33,9048
2019-01-25 13:05:00-05:00,47.32,47.325,47.295,47.31,4825
2019-01-25 13:10:00-05:00,47.32,47.33,47.3,47.315,5325
2019-01-25 13:15:00-05:00,47.31,47.34,47.31,47.32,6432
2019-01-25 13:20:00-05:00,47.33,47.355,47.33,47.335,5663
2019-01-25 13:25:00-05:00,47.325,47.33,47.295,47.33,5391
2019-01-25 13:30:00-05:00,47.32,47.335,47.305,47.335,5017
2019-01-25 13:35:00-05:00,47.335,47.34,47.31,47.335,7501
2019-01-25 13:40:00-05:00,47.33,47.365,47.33,47.355,3306
2019-01-25 13:45:00-05:00,47.35,47.365,47.33,47.335,4620
2019-01-25 13:50:00-05:00,47.33,47.34,47.32,47.325,3880
2019-01-25 13:55:00-05:00,47.325,47.335,47.315,47.315,6900
2019-01-25 14:00:00-05:00,47.32,47.34,47.3,47.32,5553
2019-01-25 14:05:00-05:00,47.33,47.335,47.325,47.325,3539
2019-01-25 14:10:00-05:00,47.32,47.33,47.3,47.33,4250
2019-01-25 14:15:00-05:00,47.32,47.32,47.28,47.295,6258
2019-01-25 14:20:00-05:00,47.3,47.3,47.25,47.29,11793
2019-01-25 14:25:00-05:00,47.3,47.31,47.27,47.3,5936
2019-01-25 14:30:00-05:00,47.3,47.33,47.3,47.31,4200
2019-01-25 14:35:00-05:00,47.32,47.335,47.3,47.32,4026
2019-01-25 14:40:00-05:00,47.32,47.325,47.295,47.315,5184
2019-01-25 14:45:00-05:00,47.31,47.32,47.29,47.31,7049
2019-01-25 14:50:00-05:00,47.3,47.335,47.295,47.33,9332
2019-01-25 14:55:00-05:00,47.325,47.37,47.325,47.35,8754
2019-01-25 15:00:00-05:00,47.34,47.355,47.32,47.345,10435
2019-01-25 15:05:00-05:00,47.35,47.36,47.33,47.34,11711
2019-01-25 15:10:00-05:00,47.345,47.36,47.335,47.35,10860
2019-01-25 15:15:00-05:00,47.355,47.375,47.35,47.37,8530
2019-01-25 15:20:00-05:00,47.365,47.365,47.33,47.335,10917
2019-01-25 15:25:00-05:00,47.34,47.345,47.295,47.305,10123
2019-01-25 15:30:00-05:00,47.31,47.325,47.245,47.28,26429
2019-01-25 15:35:00-05:00,47.28,47.325,47.27,47.32,12382
2019-01-25 15:40:00-05:00,47.33,47.37,47.32,47.37,16613
2019-01-25 15:45:00-05:00,47.38,47.41,47.36,47.39,26631
2019-01-25 15:50:00-05:00,47.385,47.385,47.32,47.34,40989
2019-01-25 15:55:00-05:00,47.35,47.4,47.325,47.36,111789
2019-01-28 09:30:00-05:00,47.22,47.29,47.13,47.2,4962
2019-01-28 09:35:00-05:00,47.21,47.29,47.12,47.12,2230
2019-01-28 09:40:00-05:00,47.15,47.22,47.12,47.16,3533
2019-01-28 09:45:00-05:00,47.15,47.24,47.15,47.21,3529
2019-01-28 09:50:00-05:00,47.15,47.16,47.1,47.105,21723
2019-01-28 09:55:00-05:00,47.1,47.105,46.98,46.99,8590
2019-01-28 10:00:00-05:00,46.99,47.03,46.96,46.985,8718
2019-01-28 10:05:00-05:00,47.01,47.095,47.01,47.03,4970
2019-01-28 10:10:00-05:00,47.02,47.06,46.99,47.0,6944
2019-01-28 10:15:00-05:00,46.985,47.05,46.985,47.04,4260
2019-01-28 10:20:00-05:00,47.04,47.105,47.02,47.08,4743
2019-01-28 10:25:00-05:00,47.09,47.11,47.07,47.07,4246
2019-01-28 10:30:00-05:00,47.07,47.07,47.015,47.02,5336
2019-01-28 10:35:00-05:00,47.015,47.02,46.98,46.98,9188
2019-01-28 10:40:00-05:00,46.98,47.08,46.98,47.03,9271
2019-01-28 10:45:00-05:00,47.05,47.065,46.99,46.99,7232
2019-01-28 10:50:00-05:00,46.99,47.025,46.98,46.98,7976
2019-01-28 10:55:00-05:00,46.98,46.99,46.94,46.97,9172
2019-01-28 11:00:00-05:00,46.96,46.98,46.955,46.955,10538
2019-01-28 11:05:00-05:00,46.95,47.0,46.95,46.99,6283
2019-01-28 11:10:00-05:00,47.0,47.07,47.0,47.06,3200
2019-01-28 11:15:00-05:00,47.06,47.09,47.06,47.06,5108
2019-01-28 11:20:00-05:00,47.06,47.135,47.06,47.135,8322
2019-01-28 11:25:00-05:00,47.13,47.17,47.11,47.145,13719
2019-01-28 11:30:00-05:00,47.14,47.19,47.14,47.15,8576
2019-01-28 11:35:00-05:00,47.145,47.2,47.145,47.195,15412
2019-01-28 11:40:00-05:00,47.2,47.2,47.145,47.145,33213
2019-01-28 11:45:00-05:00,47.14,47.18,47.065,47.095,45990
2019-01-28 11:50:00-05:00,47.09,47.12,47.05,47.05,10981
2019-01-28 11:55:00-05:00,47.04,47.07,47.03,47.04,17758
2019-01-28 12:00:00-05:00,47.04,47.06,47.01,47.03,5948
2019-01-28 12:05:00-05:00,47.035,47.05,47.01,47.05,3528
2019-01-28 12:10:00-05:00,47.05,47.05,47.03,47.04,3274
2019-01-28 12:15:00-05:00,47.045,47.125,47.045,47.12,6683
2019-01-28 12:20:00-05:00,47.12,47.17,47.12,47.12,4562
2019-01-28 12:25:00-05:00,47.12,47.13,47.1,47.13,2390
2019-01-28 12:30:00-05:00,47.14,47.14,47.085,47.085,2418
2019-01-28 12:35:00-05:00,47.085,47.09,47.07,47.09,5033
2019-01-28 12:40:00-05:00,47.09,47.1,47.07,47.09,3839
2019-01-28 12:45:00-05:00,47.06,47.09,47.055,47.09,4606
2019-01-28 12:50:00-05:00,47.085,47.1,47.075,47.075,4666
2019-01-28 12:55:00-05:00,47.07,47.08,47.045,47.06,3481
2019-01-28 13:00:00-05:00,47.06,47.09,47.06,47.07,3580
2019-01-28 13:05:00-05:00,47.07,47.08,47.01,47.045,3085
2019-01-28 13:10:00-05:00,47.045,47.08,47.045,47.065,4513
2019-01-28 13:15:00-05:00,47.065,47.07,47.045,47.05,6119
2019-01-28 13:20:00-05:00,47.045,47.07,47.03,47.03,3815
2019-01-28 13:25:00-05:00,47.05,47.05,47.02,47.02,2815
2019-01-28 13:30:00-05:00,47.02,47.04,47.02,47.03,3904
2019-01-28 13:35:00-05:00,47.03,47.105,47.02,47.1,6522
2019-01-28 13:40:00-05:00,47.1,47.13,47.09,47.1,2815
2019-01-28 13:45:00-05:00,47.11,47.12,47.09,47.12,3905
2019-01-28 13:50:00-05:00,47.13,47.14,47.1,47.14,2827
2019-01-28 13:55:00-05:00,47.15,47.16,47.13,47.16,6803
2019-01-28 14:00:00-05:00,47.165,47.195,47.11,47.11,4993
2019-01-28 14:05:00-05:00,47.11,47.135,47.1,47.135,4532
2019-01-28 14:10:00-05:00,47.13,47.13,47.1,47.13,5610
2019-01-28 14:15:00-05:00,47.12,47.12,47.09,47.095,4251
2019-01-28 14:20:00-05:00,47.1,47.13,47.075,47.08,3859
2019-01-28 14:25:00-05:00,47.08,47.09,47.055,47.07,7625
2019-01-28 14:30:00-05:00,47.065,47.125,47.065,47.11,8153
2019-01-28 14:35:00-05:00,47.11,47.13,47.05,47.075,8664
2019-01-28 14:40:00-05:00,47.07,47.08,47.04,47.065,21332
2019-01-28 14:45:00-05:00,47.07,47.095,47.07,47.095,14990
2019-01-28 14:50:00-05:00,47.1,47.15,47.1,47.12,17360
2019-01-28 14:55:00-05:00,47.125,47.14,47.125,47.125,11848
2019-01-28 15:00:00-05:00,47.125,47.13,47.09,47.095,9857
2019-01-28 15:05:00-05:00,47.1,47.1,47.065,47.08,40797
2019-01-28 15:10:00-05:00,47.09,47.12,47.08,47.115,26036
2019-01-28 15:15:00-05:00,47.115,47.13,47.1,47.13,12190
2019-01-28 15:20:00-05:00,47.14,47.17,47.13,47.13,9212
2019-01-28 15:25:00-05:00,47.13,47.135,47.11,47.12,11956
2019-01-28 15:30:00-05:00,47.12,47.12,47.085,47.1,22097
2019-01-28 15:35:00-05:00,47.1,47.1,47.065,47.065,18371
2019-01-28 15:40:00-05:00,47.07,47.085,47.055,47.07,30122
2019-01-28 15:45:00-05:00,47.07,47.12,47.06,47.09,27014
2019-01-28 15:50:00-05:00,47.095,47.145,47.085,47.115,30771
2019-01-28 15:55:00-05:00,47.11,47.16,47.085,47.16,102355
2019-01-29 09:30:00-05:00,47.23,47.49,47.23,47.48,4343
2019-01-29 09:35:00-05:00,47.49,47.62,47.49,47.56,5775
2019-01-29 09:40:00-05:00,47.58,47.6,47.53,47.55,6416
2019-01-29 09:45:00-05:00,47.55,47.56,47.53,47.55,4705
2019-01-29 09:50:00-05:00,47.54,47.56,47.53,47.54,5247
2019-01-29 09:55:00-05:00,47.53,47.55,47.5,47.54,6788
2019-01-29 10:00:00-05:00,47.55,47.57,47.53,47.555,11428
2019-01-29 10:05:00-05:00,47.56,47.565,47.395,47.405,8948
2019-01-29 10:10:00-05:00,47.41,47.42,47.37,47.37,31595
2019-01-29 10:15:00-05:00,47.365,47.365,47.32,47.34,11805
2019-01-29 10:20:00-05:00,47.345,47.38,47.32,47.365,13424
2019-01-29 10:25:00-05:00,47.36,47.45,47.36,47.43,8253
2019-01-29 10:30:00-05:00,47.46,47.46,47.38,47.38,8536
2019-01-29 10:35:00-05:00,47.39,47.4,47.36,47.385,9663
2019-01-29 10:40:00-05:00,47.38,47.4,47.335,47.36,7803
2019-01-29 10:45:00-05:00,47.36,47.41,47.34,47.365,6153
2019-01-29 10:50:00-05:00,47.36,47.36,47.3,47.3,7600
2019-01-29 10:55:00-05:00,47.29,47.3,47.22,47.26,5722
2019-01-29 11:00:00-05:00,47.25,47.27,47.24,47.26,4258
2019-01-29 11:05:00-05:00,47.265,47.3,47.26,47.275,3334
2019-01-29 11:10:00-05:00,47.27,47.27,47.22,47.255,3338
2019-01-29 11:15:00-05:00,47.255,47.33,47.25,47.28,12725
2019-01-29 11:20:00-05:00,47.26,47.305,47.26,47.305,4779
2019-01-29 11:25:00-05:00,47.32,47.34,47.265,47.3,6598
2019-01-29 11:30:00-05:00,47.31,47.32,47.29,47.295,5524
2019-01-29 11:35:00-05:00,47.295,47.3,47.28,47.3,5449
2019-01-29 11:40:00-05:00,47.29,47.295,47.26,47.27,3608
2019-01-29 11:45:00-05:00,47.28,47.305,47.25,47.305,4129
2019-01-29 11:50:00-05:00,47.3,47.36,47.3,47.33,2563
2019-01-29 11:55:00-05:00,47.32,47.35,47.32,47.35,2804
2019-01-29 12:00:00-05:00,47.36,47.36,47.33,47.34,6795
2019-01-29 12:05:00-05:00,47.34,47.34,47.32,47.34,4646
2019-01-29 12:10:00-05:00,47.35,47.37,47.34,47.355,7002
2019-01-29 12:15:00-05:00,47.35,47.38,47.325,47.37,5050
2019-01-29 12:20:00-05:00,47.365,47.39,47.36,47.36,4595
2019-01-29 12:25:00-05:00,47.36,47.365,47.325,47.35,5022
2019-01-29 12:30:00-05:00,47.34,47.34,47.295,47.315,5712
2019-01-29 12:35:00-05:00,47.31,47.335,47.3,47.33,9272
2019-01-29 12:40:00-05:00,47.33,47.36,47.325,47.36,4605
2019-01-29 12:45:00-05:00,47.35,47.37,47.33,47.33,30357
2019-01-29 12:50:00-05:00,47.33,47.36,47.315,47.35,43566
2019-01-29 12:55:00-05:00,47.35,47.35,47.26,47.285,12170
2019-01-29 13:00:00-05:00,47.31,47.35,47.27,47.335,9699
2019-01-29 13:05:00-05:00,47.33,47.355,47.325,47.33,6845
2019-01-29 13:10:00-05:00,47.325,47.33,47.26,47.26,11440
2019-01-29 13:15:00-05:00,47.265,47.32,47.26,47.32,7446
2019-01-29 13:20:00-05:00,47.32,47.32,47.28,47.28,7598
2019-01-29 13:25:00-05:00,47.28,47.28,47.25,47.26,15202
2019-01-29 13:30:00-05:00,47.26,47.265,47.245,47.255,32388
2019-01-29 13:35:00-05:00,47.26,47.27,47.245,47.245,7698
2019-01-29 13:40:00-05:00,47.24,47.245,47.21,47.235,18252
2019-01-29 13:45:00-05:00,47.24,47.28,47.235,47.265,10044
2019-01-29 13:50:00-05:00,47.295,47.3,47.265,47.28,6037
2019-01-29 13:55:00-05:00,47.28,47.33,47.28,47.33,7344
2019-01-29 14:00:00-05:00,47.32,47.36,47.31,47.345,11327
2019-01-29 14:05:00-05:00,47.345,47.37,47.34,47.35,6732
2019-01-29 14:10:00-05:00,47.345,47.36,47.34,47.34,8310
2019-01-29 14:15:00-05:00,47.32,47.32,47.26,47.26,7844
2019-01-29 14:20:00-05:00,47.265,47.265,47.23,47.255,7219
2019-01-29 14:25:00-05:00,47.25,47.255,47.21,47.21,16261
2019-01-29 14:30:00-05:00,47.215,47.215,47.19,47.21,24183
2019-01-29 14:35:00-05:00,47.205,47.235,47.19,47.21,10696
2019-01-29 14:40:00-05:00,47.22,47.225,47.19,47.22,6540
2019-01-29 14:45:00-05:00,47.225,47.225,47.17,47.185,5597
2019-01-29 14:50:00-05:00,47.185,47.19,47.17,47.175,6800
2019-01-29 14:55:00-05:00,47.18,47.18,47.13,47.155,10538
2019-01-29 15:00:00-05:00,47.16,47.16,47.14,47.155,7930
2019-01-29 15:05:00-05:00,47.155,47.19,47.155,47.175,7788
2019-01-29 15:10:00-05:00,47.175,47.245,47.175,47.24,13138
2019-01-29 15:15:00-05:00,47.255,47.285,47.24,47.28,9184
2019-01-29 15:20:00-05:00,47.28,47.3,47.26,47.265,9637
2019-01-29 15:25:00-05:00,47.265,47.27,47.24,47.255,10134
2019-01-29 15:30:00-05:00,47.26,47.295,47.26,47.29,19597
2019-01-29 15:35:00-05:00,47.285,47.31,47.265,47.31,14264
2019-01-29 15:40:00-05:00,47.325,47.36,47.325,47.36,19767
2019-01-29 15:45:00-05:00,47.37,47.37,47.31,47.32,17453
2019-01-29 15:50:00-05:00,47.315,47.32,47.26,47.265,48537
2019-01-29 15:55:00-05:00,47.27,47.41,47.265,47.4,64190
2019-01-30 09:30:00-05:00,47.245,47.41,47.2,47.41,4901
2019-01-30 09:35:00-05:00,47.395,47.45,47.36,47.37,9486
2019-01-30 09:40:00-05:00,47.38,47.54,47.37,47.51,12440
2019-01-30 09:45:00-05:00,47.51,47.56,47.47,47.53,8454
2019-01-30 09:50:00-05:00,47.53,47.56,47.48,47.53,10251
2019-01-30 09:55:00-05:00,47.51,47.54,47.5,47.52,13051
2019-01-30 10:00:00-05:00,47.515,47.59,47.49,47.59,15651
2019-01-30 10:05:00-05:00,47.585,47.62,47.555,47.61,9832
2019-01-30 10:10:00-05:00,47.61,47.63,47.58,47.6,7945
2019-01-30 10:15:00-05:00,47.59,47.6,47.55,47.57,8579
2019-01-30 10:20:00-05:00,47.56,47.57,47.52,47.54,12300
2019-01-30 10:25:00-05:00,47.53,47.53,47.475,47.515,5795
2019-01-30 10:30:00-05:00,47.51,47.55,47.49,47.49,10007
2019-01-30 10:35:00-05:00,47.5,47.51,47.47,47.485,6500
2019-01-30 10:40:00-05:00,47.49,47.54,47.47,47.54,7467
2019-01-30 10:45:00-05:00,47.55,47.55,47.52,47.52,2842
2019-01-30 10:50:00-05:00,47.51,47.53,47.48,47.5,3486
2019-01-30 10:55:00-05:00,47.5,47.52,47.485,47.49,4088
2019-01-30 11:00:00-05:00,47.505,47.57,47.5,47.525,7072
2019-01-30 11:05:00-05:00,47.53,47.56,47.515,47.56,3031
2019-01-30 11:10:00-05:00,47.56,47.58,47.555,47.58,3429
2019-01-30 11:15:00-05:00,47.6,47.65,47.59,47.64,8707
2019-01-30 11:20:00-05:00,47.64,47.64,47.59,47.59,4839
2019-01-30 11:25:00-05:00,47.6,47.62,47.57,47.61,4839
2019-01-30 11:30:00-05:00,47.62,47.62,47.59,47.61,2433
2019-01-30 11:35:00-05:00,47.62,47.62,47.56,47.58,5628
2019-01-30 11:40:00-05:00,47.58,47.59,47.565,47.575,6140
2019-01-30 11:45:00-05:00,47.58,47.6,47.56,47.6,5691
2019-01-30 11:50:00-05:00,47.6,47.64,47.6,47.63,4935
2019-01-30 11:55:00-05:00,47.64,47.66,47.625,47.65,3998
2019-01-30 12:00:00-05:00,47.65,47.695,47.65,47.67,4249
2019-01-30 12:05:00-05:00,47.68,47.69,47.65,47.66,5481
2019-01-30 12:10:00-05:00,47.65,47.66,47.65,47.66,3401
2019-01-30 12:15:00-05:00,47.63,47.64,47.61,47.61,7713
2019-01-30 12:20:00-05:00,47.62,47.63,47.55,47.55,7175
2019-01-30 12:25:00-05:00,47.56,47.56,47.53,47.545,5238
2019-01-30 12:30:00-05:00,47.55,47.57,47.53,47.54,8909
2019-01-30 12:35:00-05:00,47.54,47.55,47.52,47.55,7885
2019-01-30 12:40:00-05:00,47.56,47.56,47.505,47.53,7479
2019-01-30 12:45:00-05:00,47.54,47.57,47.54,47.57,4854
2019-01-30 12:50:00-05:00,47.57,47.57,47.545,47.55,4699
2019-01-30 12:55:00-05:00,47.555,47.56,47.49,47.49,7958
2019-01-30 13:00:00-05:00,47.49,47.51,47.48,47.51,6739
2019-01-30 13:05:00-05:00,47.51,47.53,47.5,47.5,4992
2019-01-30 13:10:00-05:00,47.5,47.51,47.49,47.49,6871
2019-01-30 13:15:00-05:00,47.495,47.495,47.455,47.475,4585
2019-01-30 13:20:00-05:00,47.47,47.47,47.45,47.45,4970
2019-01-30 13:25:00-05:00,47.445,47.485,47.44,47.45,8751
2019-01-30 13:30:00-05:00,47.46,47.46,47.42,47.43,3830
2019-01-30 13:35:00-05:00,47.425,47.45,47.42,47.45,2809
2019-01-30 13:40:00-05:00,47.45,47.48,47.43,47.46,9231
2019-01-30 13:45:00-05:00,47.46,47.47,47.4,47.4,9192
2019-01-30 13:50:00-05:00,47.41,47.46,47.4,47.46,14621
2019-01-30 13:55:00-05:00,47.45,47.47,47.44,47.44,4447
2019-01-30 14:00:00-05:00,47.45,47.66,47.44,47.66,14985
2019-01-30 14:05:00-05:00,47.66,47.67,47.57,47.61,4351
2019-01-30 14:10:00-05:00,47.61,47.74,47.61,47.74,10535
2019-01-30 14:15:00-05:00,47.74,47.74,47.68,47.71,13007
2019-01-30 14:20:00-05:00,47.71,47.76,47.675,47.725,18105
2019-01-30 14:25:00-05:00,47.72,47.735,47.67,47.68,22349
2019-01-30 14:30:00-05:00,47.69,47.705,47.64,47.7,23952
2019-01-30 14:35:00-05:00,47.7,47.725,47.65,47.715,34648
2019-01-30 14:40:00-05:00,47.7,47.755,47.68,47.74,32483
2019-01-30 14:45:00-05:00,47.74,47.815,47.735,47.8,27654
2019-01-30 14:50:00-05:00,47.795,47.875,47.75,47.865,44726
2019-01-30 14:55:00-05:00,47.865,47.89,47.825,47.865,36729
2019-01-30 15:00:00-05:00,47.86,47.865,47.79,47.815,95478
2019-01-30 15:05:00-05:00,47.815,47.815,47.735,47.735,59849
2019-01-30 15:10:00-05:00,47.73,47.74,47.675,47.71,28918
2019-01-30 15:15:00-05:00,47.71,47.72,47.68,47.69,24329
2019-01-30 15:20:00-05:00,47.695,47.71,47.66,47.66,24319
2019-01-30 15:25:00-05:00,47.665,47.76,47.665,47.75,26571
2019-01-30 15:30:00-05:00,47.75,47.76,47.69,47.705,32873
2019-01-30 15:35:00-05:00,47.705,47.78,47.7,47.74,23020
2019-01-30 15:40:00-05:00,47.74,47.78,47.7,47.78,30199
2019-01-30 15:45:00-05:00,47.77,47.83,47.76,47.8,42430
2019-01-30 15:50:00-05:00,47.8,47.805,47.73,47.735,46043
2019-01-30 15:55:00-05:00,47.74,47.87,47.74,47.855,122202
2019-01-31 09:25:00-05:00,47.72,47.72,47.72,47.72,317
2019-01-31 09:30:00-05:00,47.9,47.94,47.68,47.7,9568
2019-01-31 09:35:00-05:00,47.64,47.665,47.47,47.57,12589
2019-01-31 09:40:00-05:00,47.59,47.62,47.55,47.61,5796
2019-01-31 09:45:00-05:00,47.61,47.62,47.56,47.56,10070
2019-01-31 09:50:00-05:00,47.56,47.74,47.55,47.74,13007
2019-01-31 09:55:00-05:00,47.74,47.75,47.625,47.68,20520
2019-01-31 10:00:00-05:00,47.67,47.79,47.67,47.79,21880
2019-01-31 10:05:00-05:00,47.81,47.87,47.78,47.855,19269
2019-01-31 10:10:00-05:00,47.85,47.95,47.84,47.94,21314
2019-01-31 10:15:00-05:00,47.94,47.955,47.865,47.89,25375
2019-01-31 10:20:00-05:00,47.89,47.89,47.835,47.835,20667
2019-01-31 10:25:00-05:00,47.85,47.935,47.84,47.92,21101
2019-01-31 10:30:00-05:00,47.925,47.975,47.925,47.96,18745
2019-01-31 10:35:00-05:00,47.96,47.98,47.94,47.965,48817
2019-01-31 10:40:00-05:00,47.965,47.99,47.94,47.96,49959
2019-01-31 10:45:00-05:00,47.965,47.98,47.93,47.935,38119
2019-01-31 10:50:00-05:00,47.94,47.96,47.92,47.955,21265
2019-01-31 10:55:00-05:00,47.95,48.0,47.95,47.975,39385
2019-01-31 11:00:00-05:00,47.98,48.03,47.98,48.0,23839
2019-01-31 11:05:00-05:00,48.0,48.05,47.99,48.03,34932
2019-01-31 11:10:00-05:00,48.03,48.06,48.0,48.025,13349
2019-01-31 11:15:00-05:00,48.03,48.07,48.02,48.065,14805
2019-01-31 11:20:00-05:00,48.07,48.17,48.06,48.17,24464
2019-01-31 11:25:00-05:00,48.16,48.225,48.14,48.175,51507
2019-01-31 11:30:00-05:00,48.175,48.26,48.175,48.26,20366
2019-01-31 11:35:00-05:00,48.25,48.26,48.19,48.195,23153
2019-01-31 11:40:00-05:00,48.2,48.26,48.195,48.26,47220
2019-01-31 11:45:00-05:00,48.255,48.285,48.245,48.27,23447
2019-01-31 11:50:00-05:00,48.265,48.345,48.265,48.33,26750
2019-01-31 11:55:00-05:00,48.34,48.37,48.33,48.37,19904
2019-01-31 12:00:00-05:00,48.37,48.37,48.31,48.32,32401
2019-01-31 12:05:00-05:00,48.325,48.42,48.325,48.415,40526
2019-01-31 12:10:00-05:00,48.415,48.43,48.36,48.43,24725
2019-01-31 12:15:00-05:00,48.43,48.435,48.4,48.41,19869
2019-01-31 12:20:00-05:00,48.41,48.415,48.38,48.4,28036
2019-01-31 12:25:00-05:00,48.4,48.43,48.37,48.375,41405
2019-01-31 12:30:00-05:00,48.37,48.4,48.335,48.4,30190
2019-01-31 12:35:00-05:00,48.405,48.44,48.37,48.44,27150
2019-01-31 12:40:00-05:00,48.435,48.445,48.34,48.34,32204
2019-01-31 12:45:00-05:00,48.34,48.36,48.29,48.29,25772
2019-01-31 12:50:00-05:00,48.3,48.325,48.28,48.315,31847
2019-01-31 12:55:00-05:00,48.32,48.325,48.28,48.32,13056
2019-01-31 13:00:00-05:00,48.32,48.33,48.3,48.305,19382
2019-01-31 13:05:00-05:00,48.31,48.32,48.28,48.3,24946
2019-01-31 13:10:00-05:00,48.31,48.31,48.27,48.28,11688
2019-01-31 13:15:00-05:00,48.28,48.29,48.26,48.27,16928
2019-01-31 13:20:00-05:00,48.27,48.34,48.265,48.34,13319
2019-01-31 13:25:00-05:00,48.34,48.34,48.28,48.305,23795
2019-01-31 13:30:00-05:00,48.31,48.315,48.27,48.295,23256
2019-01-31 13:35:00-05:00,48.295,48.34,48.295,48.335,11415
2019-01-31 13:40:00-05:00,48.33,48.33,48.29,48.305,30941
2019-01-31 13:45:00-05:00,48.3,48.345,48.26,48.345,28425
2019-01-31 13:50:00-05:00,48.345,48.37,48.34,48.37,30414
2019-01-31 13:55:00-05:00,48.38,48.38,48.35,48.365,31847
2019-01-31 14:00:00-05:00,48.365,48.38,48.34,48.365,33362
2019-01-31 14:05:00-05:00,48.365,48.38,48.34,48.345,65488
2019-01-31 14:10:00-05:00,48.34,48.345,48.315,48.315,16692
2019-01-31 14:15:00-05:00,48.315,48.33,48.31,48.315,27389
2019-01-31 14:20:00-05:00,48.32,48.35,48.31,48.35,42348
2019-01-31 14:25:00-05:00,48.345,48.355,48.32,48.35,29811
2019-01-31 14:30:00-05:00,48.35,48.38,48.34,48.365,55438
2019-01-31 14:35:00-05:00,48.365,48.4,48.365,48.395,14936
2019-01-31 14:40:00-05:00,48.395,48.41,48.375,48.385,26915
2019-01-31 14:45:00-05:00,48.385,48.445,48.385,48.445,45437
2019-01-31 14:50:00-05:00,48.445,48.46,48.44,48.455,34396
2019-01-31 14:55:00-05:00,48.455,48.49,48.445,48.48,31461
2019-01-31 15:00:00-05:00,48.47,48.48,48.45,48.455,43598
2019-01-31 15:05:00-05:00,48.455,48.47,48.45,48.455,45535
2019-01-31 15:10:00-05:00,48.45,48.47,48.405,48.445,54343
2019-01-31 15:15:00-05:00,48.44,48.48,48.44,48.475,41991
2019-01-31 15:20:00-05:00,48.48,48.51,48.475,48.49,67102
2019-01-31 15:25:00-05:00,48.49,48.52,48.485,48.5,61592
2019-01-31 15:30:00-05:00,48.5,48.51,48.44,48.48,89453
2019-01-31 15:35:00-05:00,48.48,48.62,48.48,48.575,83538
2019-01-31 15:40:00-05:00,48.575,48.68,48.56,48.625,116695
2019-01-31 15:45:00-05:00,48.62,48.67,48.605,48.645,108978
2019-01-31 15:50:00-05:00,48.645,48.74,48.625,48.735,86075
2019-01-31 15:55:00-05:00,48.73,48.78,48.26,48.29,627333
2019-01-31 16:10:00-05:00,48.39,48.53,48.39,48.53,365
2019-02-01 09:30:00-05:00,48.43,48.7,48.4,48.56,8429
2019-02-01 09:35:00-05:00,48.535,48.54,48.4,48.42,20717
2019-02-01 09:40:00-05:00,48.42,48.52,48.41,48.485,8532
2019-02-01 09:45:00-05:00,48.49,48.53,48.44,48.45,11093
2019-02-01 09:50:00-05:00,48.44,48.515,48.44,48.515,9558
2019-02-01 09:55:00-05:00,48.51,48.62,48.51,48.55,16592
2019-02-01 10:00:00-05:00,48.56,48.69,48.54,48.66,16137
2019-02-01 10:05:00-05:00,48.65,48.71,48.65,48.69,22713
2019-02-01 10:10:00-05:00,48.685,48.75,48.68,48.71,9690
2019-02-01 10:15:00-05:00,48.7,48.7,48.65,48.69,9380
2019-02-01 10:20:00-05:00,48.68,48.73,48.66,48.73,6930
2019-02-01 10:25:00-05:00,48.74,48.775,48.73,48.765,15006
2019-02-01 10:30:00-05:00,48.765,48.775,48.7,48.75,22453
2019-02-01 10:35:00-05:00,48.75,48.77,48.69,48.705,11746
2019-02-01 10:40:00-05:00,48.68,48.74,48.64,48.65,7804
2019-02-01 10:45:00-05:00,48.66,48.67,48.62,48.62,8473
2019-02-01 10:50:00-05:00,48.625,48.63,48.58,48.58,9703
2019-02-01 10:55:00-05:00,48.575,48.575,48.52,48.545,13854
2019-02-01 11:00:00-05:00,48.54,48.66,48.48,48.63,26448
2019-02-01 11:05:00-05:00,48.62,48.62,48.57,48.6,15600
2019-02-01 11:10:00-05:00,48.59,48.595,48.5,48.52,9102
2019-02-01 11:15:00-05:00,48.51,48.52,48.48,48.5,16620
2019-02-01 11:20:00-05:00,48.49,48.535,48.49,48.52,10014
2019-02-01 11:25:00-05:00,48.52,48.55,48.52,48.54,18575
2019-02-01 11:30:00-05:00,48.545,48.565,48.54,48.54,13029
2019-02-01 11:35:00-05:00,48.55,48.55,48.46,48.46,13628
2019-02-01 11:40:00-05:00,48.46,48.48,48.45,48.475,6798
2019-02-01 11:45:00-05:00,48.48,48.57,48.48,48.57,9787
2019-02-01 11:50:00-05:00,48.56,48.62,48.56,48.62,9683
2019-02-01 11:55:00-05:00,48.61,48.69,48.61,48.68,11648
2019-02-01 12:00:00-05:00,48.68,48.68,48.63,48.65,22893
2019-02-01 12:05:00-05:00,48.655,48.655,48.63,48.65,17134
2019-02-01 12:10:00-05:00,48.65,48.66,48.57,48.57,13228
2019-02-01 12:15:00-05:00,48.58,48.58,48.51,48.51,18645
2019-02-01 12:20:00-05:00,48.515,48.545,48.5,48.5,20573
2019-02-01 12:25:00-05:00,48.48,48.49,48.45,48.46,5813
2019-02-01 12:30:00-05:00,48.46,48.53,48.45,48.52,9907
2019-02-01 12:35:00-05:00,48.53,48.58,48.52,48.53,15015
2019-02-01 12:40:00-05:00,48.52,48.58,48.52,48.58,4185
2019-02-01 12:45:00-05:00,48.58,48.61,48.56,48.6,10384
2019-02-01 12:50:00-05:00,48.595,48.63,48.595,48.63,10018
2019-02-01 12:55:00-05:00,48.62,48.665,48.62,48.64,17372
2019-02-01 13:00:00-05:00,48.65,48.66,48.63,48.65,16754
2019-02-01 13:05:00-05:00,48.64,48.68,48.63,48.66,12549
2019-02-01 13:10:00-05:00,48.665,48.67,48.64,48.645,11243
2019-02-01 13:15:00-05:00,48.64,48.645,48.61,48.62,16772
2019-02-01 13:20:00-05:00,48.615,48.65,48.615,48.64,12407
2019-02-01 13:25:00-05:00,48.65,48.7,48.65,48.69,8608
2019-02-01 13:30:00-05:00,48.69,48.7,48.675,48.685,15038
2019-02-01 13:35:00-05:00,48.685,48.735,48.67,48.68,24486
2019-02-01 13:40:00-05:00,48.69,48.71,48.66,48.665,17046
2019-02-01 13:45:00-05:00,48.65,48.66,48.63,48.64,9521
2019-02-01 13:50:00-05:00,48.645,48.74,48.645,48.73,13771
2019-02-01 13:55:00-05:00,48.74,48.74,48.715,48.735,13705
2019-02-01 14:00:00-05:00,48.74,48.74,48.685,48.69,21317
2019-02-01 14:05:00-05:00,48.7,48.75,48.7,48.745,27574
2019-02-01 14:10:00-05:00,48.74,48.745,48.7,48.7,18878
2019-02-01 14:15:00-05:00,48.7,48.71,48.645,48.66,15719
2019-02-01 14:20:00-05:00,48.66,48.685,48.6,48.6,10009
2019-02-01 14:25:00-05:00,48.6,48.66,48.6,48.64,15437
2019-02-01 14:30:00-05:00,48.66,48.72,48.65,48.72,5224
2019-02-01 14:35:00-05:00,48.71,48.71,48.66,48.68,6154
2019-02-01 14:40:00-05:00,48.685,48.685,48.67,48.68,35484
2019-02-01 14:45:00-05:00,48.68,48.695,48.655,48.66,7868
2019-02-01 14:50:00-05:00,48.66,48.67,48.63,48.65,15923
2019-02-01 14:55:00-05:00,48.65,48.66,48.64,48.65,4894
2019-02-01 15:00:00-05:00,48.65,48.67,48.63,48.66,27987
2019-02-01 15:05:00-05:00,48.65,48.655,48.58,48.59,6596
2019-02-01 15:10:00-05:00,48.59,48.62,48.575,48.58,6255
2019-02-01 15:15:00-05:00,48.57,48.62,48.56,48.575,12721
2019-02-01 15:20:00-05:00,48.58,48.59,48.545,48.545,8213
2019-02-01 15:25:00-05:00,48.55,48.58,48.545,48.57,29931
2019-02-01 15:30:00-05:00,48.57,48.6,48.57,48.6,12236
2019-02-01 15:35:00-05:00,48.605,48.69,48.6,48.69,20063
2019-02-01 15:40:00-05:00,48.69,48.69,48.655,48.68,18041
2019-02-01 15:45:00-05:00,48.67,48.68,48.635,48.66,16594
2019-02-01 15:50:00-05:00,48.66,48.69,48.65,48.68,26432
2019-02-01 15:55:00-05:00,48.67,48.725,48.66,48.68,108506
2019-02-04 09:30:00-05:00,48.7,48.72,48.57,48.62,3087
2019-02-04 09:35:00-05:00,48.61,48.65,48.54,48.62,18208
2019-02-04 09:40:00-05:00,48.67,48.765,48.67,48.76,12299
2019-02-04 09:45:00-05:00,48.74,48.88,48.73,48.88,7089
2019-02-04 09:50:00-05:00,48.88,48.91,48.86,48.885,13461
2019-02-04 09:55:00-05:00,48.88,48.9,48.82,48.84,9585
2019-02-04 10:00:00-05:00,48.83,48.84,48.67,48.67,23312
2019-02-04 10:05:00-05:00,48.68,48.68,48.6,48.67,9909
2019-02-04 10:10:00-05:00,48.67,48.7,48.65,48.7,9627
2019-02-04 10:15:00-05:00,48.705,48.74,48.69,48.71,10097
2019-02-04 10:20:00-05:00,48.715,48.715,48.675,48.685,10058
2019-02-04 10:25:00-05:00,48.68,48.7,48.66,48.67,9988
2019-02-04 10:30:00-05:00,48.67,48.705,48.66,48.68,8165
2019-02-04 10:35:00-05:00,48.67,48.67,48.63,48.635,20510
2019-02-04 10:40:00-05:00,48.63,48.67,48.62,48.65,7674
2019-02-04 10:45:00-05:00,48.645,48.7,48.645,48.7,10168
2019-02-04 10:50:00-05:00,48.71,48.72,48.69,48.7,17911
2019-02-04 10:55:00-05:00,48.705,48.765,48.68,48.76,18917
2019-02-04 11:00:00-05:00,48.76,48.87,48.75,48.865,10049
2019-02-04 11:05:00-05:00,48.87,48.89,48.82,48.825,11381
2019-02-04 11:10:00-05:00,48.83,48.9,48.82,48.89,10639
2019-02-04 11:15:00-05:00,48.91,48.98,48.91,48.975,30607
2019-02-04 11:20:00-05:00,48.99,49.0,48.93,48.93,14737
2019-02-04 11:25:00-05:00,48.935,49.095,48.93,49.075,18534
2019-02-04 11:30:00-05:00,49.06,49.09,49.04,49.09,11122
2019-02-04 11:35:00-05:00,49.09,49.13,49.09,49.095,8554
2019-02-04 11:40:00-05:00,49.09,49.09,49.06,49.09,8039
2019-02-04 11:45:00-05:00,49.1,49.145,49.09,49.13,7443
2019-02-04 11:50:00-05:00,49.14,49.18,49.13,49.17,8625
2019-02-04 11:55:00-05:00,49.17,49.17,49.115,49.14,3298
2019-02-04 12:00:00-05:00,49.14,49.155,49.125,49.14,3409
2019-02-04 12:05:00-05:00,49.14,49.17,49.13,49.17,4485
2019-02-04 12:10:00-05:00,49.16,49.19,49.16,49.18,4300
2019-02-04 12:15:00-05:00,49.17,49.17,49.13,49.135,4227
2019-02-04 12:20:00-05:00,49.14,49.19,49.14,49.17,12076
2019-02-04 12:25:00-05:00,49.17,49.24,49.16,49.235,10485
2019-02-04 12:30:00-05:00,49.235,49.25,49.18,49.18,11766
2019-02-04 12:35:00-05:00,49.17,49.18,49.125,49.15,9876
2019-02-04 12:40:00-05:00,49.155,49.215,49.15,49.205,18328
2019-02-04 12:45:00-05:00,49.205,49.33,49.2,49.31,28586
2019-02-04 12:50:00-05:00,49.315,49.355,49.29,49.32,19016
2019-02-04 12:55:00-05:00,49.33,49.39,49.33,49.385,30768
2019-02-04 13:00:00-05:00,49.39,49.425,49.34,49.4,15684
2019-02-04 13:05:00-05:00,49.405,49.44,49.4,49.43,13680
2019-02-04 13:10:00-05:00,49.42,49.425,49.37,49.38,15315
2019-02-04 13:15:00-05:00,49.38,49.41,49.38,49.405,11024
2019-02-04 13:20:00-05:00,49.405,49.415,49.4,49.405,8408
2019-02-04 13:25:00-05:00,49.405,49.45,49.375,49.445,24128
2019-02-04 13:30:00-05:00,49.44,49.44,49.3,49.315,37829
2019-02-04 13:35:00-05:00,49.315,49.34,49.26,49.28,12094
2019-02-04 13:40:00-05:00,49.27,49.275,49.245,49.27,7863
2019-02-04 13:45:00-05:00,49.28,49.305,49.28,49.28,4064
2019-02-04 13:50:00-05:00,49.275,49.29,49.25,49.25,6554
2019-02-04 13:55:00-05:00,49.25,49.285,49.25,49.28,3845
2019-02-04 14:00:00-05:00,49.285,49.29,49.26,49.27,11287
2019-02-04 14:05:00-05:00,49.27,49.29,49.26,49.27,5843
2019-02-04 14:10:00-05:00,49.26,49.27,49.25,49.25,6216
2019-02-04 14:15:00-05:00,49.25,49.25,49.21,49.25,4665
2019-02-04 14:20:00-05:00,49.26,49.26,49.21,49.25,3788
2019-02-04 14:25:00-05:00,49.24,49.25,49.21,49.25,7440
2019-02-04 14:30:00-05:00,49.25,49.265,49.25,49.255,4020
2019-02-04 14:35:00-05:00,49.255,49.265,49.195,49.195,5292
2019-02-04 14:40:00-05:00,49.185,49.21,49.16,49.18,4922
2019-02-04 14:45:00-05:00,49.175,49.175,49.14,49.15,5165
2019-02-04 14:50:00-05:00,49.15,49.17,49.13,49.17,6485
2019-02-04 14:55:00-05:00,49.175,49.18,49.15,49.155,5372
2019-02-04 15:00:00-05:00,49.15,49.155,49.12,49.12,8940
2019-02-04 15:05:00-05:00,49.115,49.165,49.11,49.155,8951
2019-02-04 15:10:00-05:00,49.15,49.165,49.13,49.14,8210
2019-02-04 15:15:00-05:00,49.14,49.18,49.14,49.165,10577
2019-02-04 15:20:00-05:00,49.16,49.18,49.16,49.18,6729
2019-02-04 15:25:00-05:00,49.175,49.21,49.17,49.19,34121
2019-02-04 15:30:00-05:00,49.19,49.205,49.15,49.165,28603
2019-02-04 15:35:00-05:00,49.165,49.195,49.155,49.185,30169
2019-02-04 15:40:00-05:00,49.19,49.21,49.18,49.21,19484
2019-02-04 15:45:00-05:00,49.21,49.23,49.16,49.19,43341
2019-02-04 15:50:00-05:00,49.185,49.23,49.18,49.215,34594
2019-02-04 15:55:00-05:00,49.22,49.275,49.22,49.25,113550
2019-02-05 09:30:00-05:00,49.34,49.38,49.145,49.16,13078
2019-02-05 09:35:00-05:00,49.17,49.25,49.16,49.23,10326
2019-02-05 09:40:00-05:00,49.23,49.29,49.2,49.255,11398
2019-02-05 09:45:00-05:00,49.26,49.26,49.18,49.205,13529
2019-02-05 09:50:00-05:00,49.21,49.33,49.21,49.3,10192
2019-02-05 09:55:00-05:00,49.3,49.39,49.3,49.37,8985
2019-02-05 10:00:00-05:00,49.38,49.44,49.37,49.39,14598
2019-02-05 10:05:00-05:00,49.39,49.455,49.38,49.39,12536
2019-02-05 10:10:00-05:00,49.4,49.455,49.4,49.4,12869
2019-02-05 10:15:00-05:00,49.39,49.44,49.39,49.435,24272
2019-02-05 10:20:00-05:00,49.44,49.46,49.38,49.38,13553
2019-02-05 10:25:00-05:00,49.39,49.42,49.39,49.42,6512
2019-02-05 10:30:00-05:00,49.42,49.45,49.39,49.4,15592
2019-02-05 10:35:00-05:00,49.41,49.435,49.4,49.41,9744
2019-02-05 10:40:00-05:00,49.405,49.415,49.38,49.38,9204
2019-02-05 10:45:00-05:00,49.38,49.41,49.38,49.38,12431
2019-02-05 10:50:00-05:00,49.38,49.41,49.365,49.39,9242
2019-02-05 10:55:00-05:00,49.395,49.445,49.37,49.38,25263
2019-02-05 11:00:00-05:00,49.38,49.41,49.37,49.395,10331
2019-02-05 11:05:00-05:00,49.395,49.4,49.37,49.37,10434
2019-02-05 11:10:00-05:00,49.37,49.37,49.32,49.32,9909
2019-02-05 11:15:00-05:00,49.32,49.32,49.28,49.29,11360
2019-02-05 11:20:00-05:00,49.29,49.38,49.29,49.38,9876
2019-02-05 11:25:00-05:00,49.395,49.405,49.38,49.405,14123
2019-02-05 11:30:00-05:00,49.41,49.415,49.39,49.405,7668
2019-02-05 11:35:00-05:00,49.4,49.43,49.4,49.42,4872
2019-02-05 11:40:00-05:00,49.42,49.46,49.42,49.44,9965
2019-02-05 11:45:00-05:00,49.445,49.45,49.385,49.405,4256
2019-02-05 11:50:00-05:00,49.41,49.415,49.38,49.39,5991
2019-02-05 11:55:00-05:00,49.39,49.425,49.39,49.41,6123
2019-02-05 12:00:00-05:00,49.41,49.42,49.375,49.4,18274
2019-02-05 12:05:00-05:00,49.39,49.395,49.37,49.38,19646
2019-02-05 12:10:00-05:00,49.37,49.405,49.36,49.4,7281
2019-02-05 12:15:00-05:00,49.395,49.395,49.345,49.35,10301
2019-02-05 12:20:00-05:00,49.355,49.355,49.3,49.3,12715
2019-02-05 12:25:00-05:00,49.305,49.32,49.3,49.3,7373
2019-02-05 12:30:00-05:00,49.29,49.305,49.27,49.27,6139
2019-02-05 12:35:00-05:00,49.28,49.31,49.28,49.3,5077
2019-02-05 12:40:00-05:00,49.295,49.295,49.27,49.29,4679
2019-02-05 12:45:00-05:00,49.28,49.34,49.275,49.31,7611
2019-02-05 12:50:00-05:00,49.31,49.365,49.31,49.33,6557
2019-02-05 12:55:00-05:00,49.33,49.34,49.3,49.34,7851
2019-02-05 13:00:00-05:00,49.33,49.335,49.275,49.275,6251
2019-02-05 13:05:00-05:00,49.275,49.28,49.23,49.23,11104
2019-02-05 13:10:00-05:00,49.24,49.265,49.22,49.23,6529
2019-02-05 13:15:00-05:00,49.22,49.25,49.22,49.245,9001
2019-02-05 13:20:00-05:00,49.25,49.27,49.21,49.215,24409
2019-02-05 13:25:00-05:00,49.215,49.24,49.16,49.17,11995
2019-02-05 13:30:00-05:00,49.175,49.175,49.13,49.16,18483
2019-02-05 13:35:00-05:00,49.17,49.17,49.13,49.15,7986
2019-02-05 13:40:00-05:00,49.15,49.16,49.145,49.15,8508
2019-02-05 13:45:00-05:00,49.14,49.15,49.135,49.14,7304
2019-02-05 13:50:00-05:00,49.14,49.14,49.11,49.11,9754
2019-02-05 13:55:00-05:00,49.115,49.13,49.1,49.11,11490
2019-02-05 14:00:00-05:00,49.1,49.185,49.1,49.18,17612
2019-02-05 14:05:00-05:00,49.2,49.25,49.195,49.23,8236
2019-02-05 14:10:00-05:00,49.23,49.235,49.21,49.215,5449
2019-02-05 14:15:00-05:00,49.215,49.25,49.18,49.245,10830
2019-02-05 14:20:00-05:00,49.245,49.27,49.23,49.25,12408
2019-02-05 14:25:00-05:00,49.25,49.26,49.23,49.235,9509
2019-02-05 14:30:00-05:00,49.23,49.255,49.22,49.25,9901
2019-02-05 14:35:00-05:00,49.25,49.265,49.24,49.25,13439
2019-02-05 14:40:00-05:00,49.24,49.26,49.22,49.26,11224
2019-02-05 14:45:00-05:00,49.26,49.285,49.25,49.285,6438
2019-02-05 14:50:00-05:00,49.285,49.29,49.27,49.275,20406
2019-02-05 14:55:00-05:00,49.28,49.3,49.28,49.29,12423
2019-02-05 15:00:00-05:00,49.295,49.34,49.295,49.3,16232
2019-02-05 15:05:00-05:00,49.3,49.335,49.29,49.32,13049
2019-02-05 15:10:00-05:00,49.32,49.33,49.29,49.31,10159
2019-02-05 15:15:00-05:00,49.315,49.33,49.31,49.31,13653
2019-02-05 15:20:00-05:00,49.31,49.33,49.28,49.28,16700
2019-02-05 15:25:00-05:00,49.28,49.31,49.27,49.31,13792
2019-02-05 15:30:00-05:00,49.31,49.35,49.295,49.34,17061
2019-02-05 15:35:00-05:00,49.33,49.345,49.32,49.345,25747
2019-02-05 15:40:00-05:00,49.34,49.345,49.29,49.31,20747
2019-02-05 15:45:00-05:00,49.3,49.3,49.21,49.21,23004
2019-02-05 15:50:00-05:00,49.21,49.22,49.17,49.17,50905
2019-02-05 15:55:00-05:00,49.17,49.31,49.17,49.25,95810
2019-02-06 09:30:00-05:00,49.2,49.29,49.15,49.18,5038
2019-02-06 09:35:00-05:00,49.19,49.2,49.1,49.1,8609
2019-02-06 09:40:00-05:00,49.02,49.12,49.02,49.08,5440
2019-02-06 09:45:00-05:00,49.07,49.1,49.07,49.09,3280
2019-02-06 09:50:00-05:00,49.085,49.145,49.08,49.13,3759
2019-02-06 09:55:00-05:00,49.135,49.185,49.12,49.13,3704
2019-02-06 10:00:00-05:00,49.125,49.16,49.1,49.1,5352
2019-02-06 10:05:00-05:00,49.1,49.16,49.1,49.15,7657
2019-02-06 10:10:00-05:00,49.15,49.2,49.13,49.13,9518
2019-02-06 10:15:00-05:00,49.14,49.17,49.11,49.17,4584
2019-02-06 10:20:00-05:00,49.2,49.22,49.18,49.195,9824
2019-02-06 10:25:00-05:00,49.19,49.2,49.14,49.14,8718
2019-02-06 10:30:00-05:00,49.14,49.17,49.13,49.16,5766
2019-02-06 10:35:00-05:00,49.16,49.17,49.095,49.16,12156
2019-02-06 10:40:00-05:00,49.16,49.205,49.16,49.17,6414
2019-02-06 10:45:00-05:00,49.18,49.19,49.15,49.155,6420
2019-02-06 10:50:00-05:00,49.165,49.195,49.145,49.15,7505
2019-02-06 10:55:00-05:00,49.16,49.16,49.12,49.14,3954
2019-02-06 11:00:00-05:00,49.15,49.15,49.12,49.13,3379
2019-02-06 11:05:00-05:00,49.13,49.13,49.1,49.11,5877
2019-02-06 11:10:00-05:00,49.115,49.16,49.115,49.13,3199
2019-02-06 11:15:00-05:00,49.13,49.16,49.125,49.16,1139
2019-02-06 11:20:00-05:00,49.18,49.2,49.13,49.14,6935
2019-02-06 11:25:00-05:00,49.14,49.19,49.125,49.19,2386
2019-02-06 11:30:00-05:00,49.2,49.21,49.185,49.205,9279
2019-02-06 11:35:00-05:00,49.2,49.24,49.18,49.2,4867
2019-02-06 11:40:00-05:00,49.195,49.205,49.18,49.18,2354
2019-02-06 11:45:00-05:00,49.17,49.22,49.16,49.215,5180
2019-02-06 11:50:00-05:00,49.22,49.275,49.21,49.255,10139
2019-02-06 11:55:00-05:00,49.25,49.295,49.25,49.295,5600
2019-02-06 12:00:00-05:00,49.29,49.345,49.29,49.3,15972
2019-02-06 12:05:00-05:00,49.31,49.32,49.275,49.275,8169
2019-02-06 12:10:00-05:00,49.27,49.3,49.27,49.29,1493
2019-02-06 12:15:00-05:00,49.3,49.3,49.27,49.295,3575
2019-02-06 12:20:00-05:00,49.29,49.295,49.27,49.27,2000
2019-02-06 12:25:00-05:00,49.27,49.28,49.26,49.28,3455
2019-02-06 12:30:00-05:00,49.27,49.27,49.24,49.26,2819
2019-02-06 12:35:00-05:00,49.275,49.275,49.25,49.26,1931
2019-02-06 12:40:00-05:00,49.27,49.27,49.25,49.27,2765
2019-02-06 12:45:00-05:00,49.265,49.27,49.24,49.25,1971
2019-02-06 12:50:00-05:00,49.25,49.265,49.24,49.24,3566
2019-02-06 12:55:00-05:00,49.24,49.265,49.24,49.26,1471
2019-02-06 13:00:00-05:00,49.26,49.29,49.26,49.29,3332
2019-02-06 13:05:00-05:00,49.29,49.29,49.28,49.29,2919
2019-02-06 13:10:00-05:00,49.305,49.32,49.29,49.3,5403
2019-02-06 13:15:00-05:00,49.31,49.315,49.29,49.295,8109
2019-02-06 13:20:00-05:00,49.29,49.305,49.24,49.255,7391
2019-02-06 13:25:00-05:00,49.26,49.27,49.245,49.25,8104
2019-02-06 13:30:00-05:00,49.25,49.275,49.24,49.275,13489
2019-02-06 13:35:00-05:00,49.27,49.28,49.265,49.28,2100
2019-02-06 13:40:00-05:00,49.27,49.27,49.24,49.24,2639
2019-02-06 13:45:00-05:00,49.24,49.25,49.225,49.23,2545
2019-02-06 13:50:00-05:00,49.24,49.26,49.225,49.23,4131
2019-02-06 13:55:00-05:00,49.235,49.25,49.22,49.23,3479
2019-02-06 14:00:00-05:00,49.21,49.24,49.195,49.2,6100
2019-02-06 14:05:00-05:00,49.195,49.22,49.175,49.175,6012
2019-02-06 14:10:00-05:00,49.185,49.205,49.185,49.19,6846
2019-02-06 14:15:00-05:00,49.19,49.195,49.17,49.18,6339
2019-02-06 14:20:00-05:00,49.185,49.2,49.185,49.19,3418
2019-02-06 14:25:00-05:00,49.19,49.2,49.17,49.17,4586
2019-02-06 14:30:00-05:00,49.16,49.19,49.16,49.18,6343
2019-02-06 14:35:00-05:00,49.18,49.19,49.15,49.15,5267
2019-02-06 14:40:00-05:00,49.15,49.19,49.15,49.17,5504
2019-02-06 14:45:00-05:00,49.16,49.19,49.16,49.185,2749
2019-02-06 14:50:00-05:00,49.185,49.2,49.165,49.185,7677
2019-02-06 14:55:00-05:00,49.19,49.2,49.17,49.2,3929
2019-02-06 15:00:00-05:00,49.2,49.22,49.185,49.21,5580
2019-02-06 15:05:00-05:00,49.21,49.23,49.175,49.185,47466
2019-02-06 15:10:00-05:00,49.19,49.195,49.16,49.175,6103
2019-02-06 15:15:00-05:00,49.18,49.21,49.17,49.21,7959
2019-02-06 15:20:00-05:00,49.21,49.23,49.21,49.215,8691
2019-02-06 15:25:00-05:00,49.22,49.225,49.205,49.205,4716
2019-02-06 15:30:00-05:00,49.21,49.215,49.19,49.205,13407
2019-02-06 15:35:00-05:00,49.21,49.22,49.19,49.22,13345
2019-02-06 15:40:00-05:00,49.21,49.25,49.21,49.245,14917
2019-02-06 15:45:00-05:00,49.24,49.31,49.22,49.31,21150
2019-02-06 15:50:00-05:00,49.305,49.36,49.295,49.355,21468
2019-02-06 15:55:00-05:00,49.35,49.36,49.25,49.27,76429
2019-02-07 09:30:00-05:00,49.16,49.24,49.03,49.08,12318
2019-02-07 09:35:00-05:00,49.085,49.15,49.03,49.065,14772
2019-02-07 09:40:00-05:00,49.07,49.13,49.06,49.06,13561
2019-02-07 09:45:00-05:00,49.05,49.06,49.01,49.02,12880
2019-02-07 09:50:00-05:00,49.02,49.12,49.02,49.07,8362
2019-02-07 09:55:00-05:00,49.06,49.135,49.04,49.11,10965
2019-02-07 10:00:00-05:00,49.12,49.18,49.12,49.16,10960
2019-02-07 10:05:00-05:00,49.185,49.21,49.17,49.185,8394
2019-02-07 10:10:00-05:00,49.18,49.275,49.18,49.26,8726
2019-02-07 10:15:00-05:00,49.27,49.29,49.25,49.29,8854
2019-02-07 10:20:00-05:00,49.3,49.43,49.29,49.415,5977
2019-02-07 10:25:00-05:00,49.41,49.45,49.41,49.43,12062
2019-02-07 10:30:00-05:00,49.435,49.44,49.335,49.335,11426
2019-02-07 10:35:00-05:00,49.345,49.37,49.26,49.265,12133
2019-02-07 10:40:00-05:00,49.27,49.32,49.27,49.295,5479
2019-02-07 10:45:00-05:00,49.32,49.35,49.25,49.25,5815
2019-02-07 10:50:00-05:00,49.24,49.255,49.15,49.205,7196
2019-02-07 10:55:00-05:00,49.22,49.28,49.21,49.27,10063
2019-02-07 11:00:00-05:00,49.275,49.35,49.275,49.32,15056
2019-02-07 11:05:00-05:00,49.34,49.34,49.26,49.27,5842
2019-02-07 11:10:00-05:00,49.26,49.28,49.24,49.24,4527
2019-02-07 11:15:00-05:00,49.25,49.295,49.25,49.28,8199
2019-02-07 11:20:00-05:00,49.27,49.27,49.23,49.24,6544
2019-02-07 11:25:00-05:00,49.24,49.295,49.24,49.27,4403
2019-02-07 11:30:00-05:00,49.27,49.27,49.2,49.22,7297
2019-02-07 11:35:00-05:00,49.23,49.28,49.205,49.27,5663
2019-02-07 11:40:00-05:00,49.28,49.295,49.27,49.28,4998
2019-02-07 11:45:00-05:00,49.29,49.295,49.23,49.24,6306
2019-02-07 11:50:00-05:00,49.235,49.26,49.17,49.215,15989
2019-02-07 11:55:00-05:00,49.22,49.225,49.175,49.175,3035
2019-02-07 12:00:00-05:00,49.18,49.25,49.18,49.24,5023
2019-02-07 12:05:00-05:00,49.25,49.29,49.22,49.29,2486
2019-02-07 12:10:00-05:00,49.285,49.285,49.23,49.23,2715
2019-02-07 12:15:00-05:00,49.22,49.29,49.22,49.29,7488
2019-02-07 12:20:00-05:00,49.29,49.31,49.28,49.28,2086
2019-02-07 12:25:00-05:00,49.25,49.25,49.18,49.19,3557
2019-02-07 12:30:00-05:00,49.2,49.215,49.175,49.19,5625
2019-02-07 12:35:00-05:00,49.19,49.2,49.155,49.17,4923
2019-02-07 12:40:00-05:00,49.165,49.17,49.11,49.11,4371
2019-02-07 12:45:00-05:00,49.09,49.13,49.09,49.12,23932
2019-02-07 12:50:00-05:00,49.11,49.12,49.08,49.1,2631
2019-02-07 12:55:00-05:00,49.095,49.12,49.07,49.11,3110
2019-02-07 13:00:00-05:00,49.13,49.18,49.13,49.17,2621
2019-02-07 13:05:00-05:00,49.17,49.2,49.17,49.19,5251
2019-02-07 13:10:00-05:00,49.2,49.23,49.195,49.2,8979
2019-02-07 13:15:00-05:00,49.19,49.2,49.17,49.19,14620
2019-02-07 13:20:00-05:00,49.2,49.22,49.175,49.22,9003
2019-02-07 13:25:00-05:00,49.215,49.255,49.215,49.23,4885
2019-02-07 13:30:00-05:00,49.24,49.26,49.23,49.25,5416
2019-02-07 13:35:00-05:00,49.25,49.26,49.23,49.25,2566
2019-02-07 13:40:00-05:00,49.245,49.245,49.22,49.225,1832
2019-02-07 13:45:00-05:00,49.225,49.23,49.185,49.22,5171
2019-02-07 13:50:00-05:00,49.22,49.24,49.205,49.23,4077
2019-02-07 13:55:00-05:00,49.23,49.25,49.21,49.21,5886
2019-02-07 14:00:00-05:00,49.21,49.23,49.19,49.2,9153
2019-02-07 14:05:00-05:00,49.205,49.235,49.2,49.235,4632
2019-02-07 14:10:00-05:00,49.235,49.235,49.17,49.195,8719
2019-02-07 14:15:00-05:00,49.19,49.22,49.18,49.22,16314
2019-02-07 14:20:00-05:00,49.21,49.25,49.2,49.25,5700
2019-02-07 14:25:00-05:00,49.25,49.32,49.24,49.32,6412
2019-02-07 14:30:00-05:00,49.32,49.335,49.29,49.3,7172
2019-02-07 14:35:00-05:00,49.31,49.33,49.295,49.3,5063
2019-02-07 14:40:00-05:00,49.29,49.29,49.23,49.23,11979
2019-02-07 14:45:00-05:00,49.24,49.265,49.22,49.265,6937
2019-02-07 14:50:00-05:00,49.24,49.29,49.24,49.285,5100
2019-02-07 14:55:00-05:00,49.27,49.305,49.27,49.3,8131
2019-02-07 15:00:00-05:00,49.3,49.32,49.25,49.25,8418
2019-02-07 15:05:00-05:00,49.26,49.285,49.25,49.28,8078
2019-02-07 15:10:00-05:00,49.28,49.29,49.265,49.28,6992
2019-02-07 15:15:00-05:00,49.275,49.3,49.245,49.27,5816
2019-02-07 15:20:00-05:00,49.29,49.3,49.28,49.285,4086
2019-02-07 15:25:00-05:00,49.31,49.315,49.28,49.31,6665
2019-02-07 15:30:00-05:00,49.3,49.305,49.21,49.23,15912
2019-02-07 15:35:00-05:00,49.235,49.32,49.225,49.3,13071
2019-02-07 15:40:00-05:00,49.295,49.36,49.275,49.35,23077
2019-02-07 15:45:00-05:00,49.35,49.4,49.35,49.39,14986
2019-02-07 15:50:00-05:00,49.39,49.42,49.37,49.39,25030
2019-02-07 15:55:00-05:00,49.38,49.42,49.31,49.42,88125
2019-02-08 09:30:00-05:00,49.35,49.35,49.18,49.21,1794
2019-02-08 09:35:00-05:00,49.21,49.21,49.12,49.21,7184
2019-02-08 09:40:00-05:00,49.23,49.25,49.19,49.22,6018
2019-02-08 09:45:00-05:00,49.22,49.23,49.18,49.21,6111
2019-02-08 09:50:00-05:00,49.21,49.225,49.18,49.19,4502
2019-02-08 09:55:00-05:00,49.2,49.25,49.14,49.25,14128
2019-02-08 10:00:00-05:00,49.23,49.24,49.2,49.21,14229
2019-02-08 10:05:00-05:00,49.22,49.25,49.21,49.215,11600
2019-02-08 10:10:00-05:00,49.21,49.23,49.18,49.18,10381
2019-02-08 10:15:00-05:00,49.19,49.23,49.17,49.18,13727
2019-02-08 10:20:00-05:00,49.185,49.21,49.17,49.21,6579
2019-02-08 10:25:00-05:00,49.21,49.215,49.18,49.18,11773
2019-02-08 10:30:00-05:00,49.18,49.21,49.15,49.16,12214
2019-02-08 10:35:00-05:00,49.15,49.21,49.11,49.19,18578
2019-02-08 10:40:00-05:00,49.195,49.25,49.19,49.2,9205
2019-02-08 10:45:00-05:00,49.19,49.25,49.19,49.25,6520
2019-02-08 10:50:00-05:00,49.245,49.25,49.23,49.24,7335
2019-02-08 10:55:00-05:00,49.235,49.27,49.23,49.26,8631
2019-02-08 11:00:00-05:00,49.25,49.26,49.22,49.235,9331
2019-02-08 11:05:00-05:00,49.225,49.23,49.15,49.2,10013
2019-02-08 11:10:00-05:00,49.195,49.24,49.185,49.24,3009
2019-02-08 11:15:00-05:00,49.24,49.27,49.215,49.22,9603
2019-02-08 11:20:00-05:00,49.215,49.24,49.205,49.225,5465
2019-02-08 11:25:00-05:00,49.225,49.355,49.225,49.355,17301
2019-02-08 11:30:00-05:00,49.36,49.37,49.34,49.36,18714
2019-02-08 11:35:00-05:00,49.36,49.375,49.335,49.37,5040
2019-02-08 11:40:00-05:00,49.36,49.41,49.36,49.4,4416
2019-02-08 11:45:00-05:00,49.4,49.41,49.37,49.39,7337
2019-02-08 11:50:00-05:00,49.38,49.41,49.37,49.385,6959
2019-02-08 11:55:00-05:00,49.38,49.4,49.375,49.375,9002
2019-02-08 12:00:00-05:00,49.39,49.39,49.325,49.325,4898
2019-02-08 12:05:00-05:00,49.33,49.34,49.32,49.325,3528
2019-02-08 12:10:00-05:00,49.33,49.335,49.32,49.33,7033
2019-02-08 12:15:00-05:00,49.32,49.32,49.31,49.32,4048
2019-02-08 12:20:00-05:00,49.315,49.36,49.315,49.34,2650
2019-02-08 12:25:00-05:00,49.335,49.34,49.31,49.34,2830
2019-02-08 12:30:00-05:00,49.34,49.35,49.31,49.31,2832
2019-02-08 12:35:00-05:00,49.32,49.325,49.3,49.325,5242
2019-02-08 12:40:00-05:00,49.325,49.325,49.295,49.3,8662
2019-02-08 12:45:00-05:00,49.3,49.3,49.27,49.27,6210
2019-02-08 12:50:00-05:00,49.275,49.29,49.27,49.27,7077
2019-02-08 12:55:00-05:00,49.27,49.27,49.25,49.265,3744
2019-02-08 13:00:00-05:00,49.27,49.27,49.24,49.27,10642
2019-02-08 13:05:00-05:00,49.26,49.27,49.24,49.25,5629
2019-02-08 13:10:00-05:00,49.25,49.25,49.225,49.23,6126
2019-02-08 13:15:00-05:00,49.23,49.23,49.2,49.22,11072
2019-02-08 13:20:00-05:00,49.21,49.21,49.19,49.19,9649
2019-02-08 13:25:00-05:00,49.18,49.21,49.18,49.2,10502
2019-02-08 13:30:00-05:00,49.205,49.22,49.19,49.21,19434
2019-02-08 13:35:00-05:00,49.21,49.23,49.19,49.195,7952
2019-02-08 13:40:00-05:00,49.19,49.21,49.18,49.18,7276
2019-02-08 13:45:00-05:00,49.185,49.2,49.18,49.19,5344
2019-02-08 13:50:00-05:00,49.18,49.19,49.17,49.175,5664
2019-02-08 13:55:00-05:00,49.175,49.21,49.16,49.21,6447
2019-02-08 14:00:00-05:00,49.21,49.24,49.21,49.23,6423
2019-02-08 14:05:00-05:00,49.23,49.28,49.23,49.28,2810
2019-02-08 14:10:00-05:00,49.27,49.275,49.25,49.255,4001
2019-02-08 14:15:00-05:00,49.26,49.27,49.24,49.26,3934
2019-02-08 14:20:00-05:00,49.26,49.28,49.25,49.265,3884
2019-02-08 14:25:00-05:00,49.265,49.27,49.23,49.24,5070
2019-02-08 14:30:00-05:00,49.24,49.31,49.24,49.3,9144
2019-02-08 14:35:00-05:00,49.3,49.32,49.295,49.305,7688
2019-02-08 14:40:00-05:00,49.305,49.31,49.29,49.3,6519
2019-02-08 14:45:00-05:00,49.3,49.33,49.285,49.33,6825
2019-02-08 14:50:00-05:00,49.335,49.34,49.33,49.33,5458
2019-02-08 14:55:00-05:00,49.34,49.34,49.32,49.32,5011
2019-02-08 15:00:00-05:00,49.31,49.32,49.295,49.295,5853
2019-02-08 15:05:00-05:00,49.3,49.31,49.29,49.295,4074
2019-02-08 15:10:00-05:00,49.295,49.295,49.26,49.295,6124
2019-02-08 15:15:00-05:00,49.3,49.31,49.29,49.31,6578
2019-02-08 15:20:00-05:00,49.33,49.37,49.32,49.34,7053
2019-02-08 15:25:00-05:00,49.34,49.35,49.32,49.35,8458
2019-02-08 15:30:00-05:00,49.355,49.36,49.3,49.34,13524
2019-02-08 15:35:00-05:00,49.33,49.36,49.295,49.36,10374
2019-02-08 15:40:00-05:00,49.36,49.36,49.325,49.34,8317
2019-02-08 15:45:00-05:00,49.35,49.395,49.35,49.38,13758
2019-02-08 15:50:00-05:00,49.39,49.39,49.37,49.38,19152
2019-02-08 15:55:00-05:00,49.37,49.49,49.37,49.49,69754
2019-02-11 09:30:00-05:00,49.55,49.72,49.55,49.695,9789
2019-02-11 09:35:00-05:00,49.725,49.84,49.69,49.82,17284
2019-02-11 09:40:00-05:00,49.83,49.88,49.79,49.88,15516
2019-02-11 09:45:00-05:00,49.875,49.88,49.76,49.78,17089
2019-02-11 09:50:00-05:00,49.805,49.82,49.74,49.75,9255
2019-02-11 09:55:00-05:00,49.74,49.8,49.73,49.77,7945
2019-02-11 10:00:00-05:00,49.77,49.78,49.7,49.72,12289
2019-02-11 10:05:00-05:00,49.71,49.745,49.685,49.73,7779
2019-02-11 10:10:00-05:00,49.72,49.73,49.67,49.72,5855
2019-02-11 10:15:00-05:00,49.72,49.75,49.71,49.72,8293
2019-02-11 10:20:00-05:00,49.725,49.74,49.63,49.63,16773
2019-02-11 10:25:00-05:00,49.62,49.655,49.6,49.655,11111
2019-02-11 10:30:00-05:00,49.67,49.695,49.65,49.67,16513
2019-02-11 10:35:00-05:00,49.67,49.67,49.63,49.65,14673
2019-02-11 10:40:00-05:00,49.65,49.67,49.65,49.65,12695
2019-02-11 10:45:00-05:00,49.64,49.65,49.6,49.605,5796
2019-02-11 10:50:00-05:00,49.6,49.605,49.55,49.56,5300
2019-02-11 10:55:00-05:00,49.56,49.56,49.53,49.535,7781
2019-02-11 11:00:00-05:00,49.54,49.57,49.52,49.54,7857
2019-02-11 11:05:00-05:00,49.56,49.605,49.55,49.58,3654
2019-02-11 11:10:00-05:00,49.57,49.58,49.55,49.57,4980
2019-02-11 11:15:00-05:00,49.58,49.58,49.57,49.57,2135
2019-02-11 11:20:00-05:00,49.6,49.63,49.57,49.57,4045
2019-02-11 11:25:00-05:00,49.59,49.62,49.58,49.62,1757
2019-02-11 11:30:00-05:00,49.61,49.61,49.56,49.57,3614
2019-02-11 11:35:00-05:00,49.565,49.59,49.56,49.56,5952
2019-02-11 11:40:00-05:00,49.56,49.605,49.56,49.605,5939
2019-02-11 11:45:00-05:00,49.605,49.61,49.59,49.59,5815
2019-02-11 11:50:00-05:00,49.59,49.6,49.58,49.59,4511
2019-02-11 11:55:00-05:00,49.58,49.58,49.52,49.52,5205
2019-02-11 12:00:00-05:00,49.52,49.56,49.52,49.54,4578
2019-02-11 12:05:00-05:00,49.54,49.54,49.5,49.525,7167
2019-02-11 12:10:00-05:00,49.525,49.54,49.49,49.52,9047
2019-02-11 12:15:00-05:00,49.51,49.52,49.49,49.495,3206
2019-02-11 12:20:00-05:00,49.49,49.525,49.48,49.52,7303
2019-02-11 12:25:00-05:00,49.53,49.545,49.51,49.51,3091
2019-02-11 12:30:00-05:00,49.52,49.53,49.51,49.51,3037
2019-02-11 12:35:00-05:00,49.515,49.54,49.51,49.54,1812
2019-02-11 12:40:00-05:00,49.54,49.555,49.53,49.53,5596
2019-02-11 12:45:00-05:00,49.53,49.565,49.53,49.555,3772
2019-02-11 12:50:00-05:00,49.55,49.56,49.54,49.55,3072
2019-02-11 12:55:00-05:00,49.545,49.55,49.52,49.55,2920
2019-02-11 13:00:00-05:00,49.56,49.57,49.54,49.56,3053
2019-02-11 13:05:00-05:00,49.555,49.56,49.53,49.56,3950
2019-02-11 13:10:00-05:00,49.56,49.56,49.525,49.55,4583
2019-02-11 13:15:00-05:00,49.55,49.55,49.53,49.54,3646
2019-02-11 13:20:00-05:00,49.55,49.56,49.54,49.55,4163
2019-02-11 13:25:00-05:00,49.55,49.55,49.53,49.53,5401
2019-02-11 13:30:00-05:00,49.53,49.54,49.52,49.53,15658
2019-02-11 13:35:00-05:00,49.525,49.53,49.495,49.5,9290
2019-02-11 13:40:00-05:00,49.51,49.51,49.49,49.49,1606
2019-02-11 13:45:00-05:00,49.49,49.5,49.48,49.49,4898
2019-02-11 13:50:00-05:00,49.5,49.52,49.5,49.5,2588
2019-02-11 13:55:00-05:00,49.51,49.51,49.48,49.5,4074
2019-02-11 14:00:00-05:00,49.51,49.52,49.5,49.5,1821
2019-02-11 14:05:00-05:00,49.5,49.53,49.485,49.53,3116
2019-02-11 14:10:00-05:00,49.53,49.55,49.53,49.55,4762
2019-02-11 14:15:00-05:00,49.55,49.555,49.54,49.545,5315
2019-02-11 14:20:00-05:00,49.54,49.55,49.52,49.53,8065
2019-02-11 14:25:00-05:00,49.52,49.54,49.52,49.53,3985
2019-02-11 14:30:00-05:00,49.53,49.57,49.53,49.555,6447
2019-02-11 14:35:00-05:00,49.56,49.56,49.52,49.52,6706
2019-02-11 14:40:00-05:00,49.53,49.575,49.53,49.57,1564
2019-02-11 14:45:00-05:00,49.56,49.57,49.51,49.51,2256
2019-02-11 14:50:00-05:00,49.51,49.535,49.51,49.53,4784
2019-02-11 14:55:00-05:00,49.545,49.575,49.545,49.575,3359
2019-02-11 15:00:00-05:00,49.58,49.59,49.56,49.59,6890
2019-02-11 15:05:00-05:00,49.6,49.61,49.6,49.61,3013
2019-02-11 15:10:00-05:00,49.605,49.635,49.6,49.63,4787
2019-02-11 15:15:00-05:00,49.63,49.64,49.6,49.61,11175
2019-02-11 15:20:00-05:00,49.615,49.65,49.615,49.65,8599
2019-02-11 15:25:00-05:00,49.66,49.68,49.64,49.68,5017
2019-02-11 15:30:00-05:00,49.69,49.69,49.61,49.62,17026
2019-02-11 15:35:00-05:00,49.63,49.63,49.565,49.565,10546
2019-02-11 15:40:00-05:00,49.56,49.56,49.53,49.53,12352
2019-02-11 15:45:00-05:00,49.53,49.57,49.53,49.545,30825
2019-02-11 15:50:00-05:00,49.55,49.61,49.535,49.605,44792
2019-02-11 15:55:00-05:00,49.6,49.645,49.56,49.62,89341
2019-02-12 09:05:00-05:00,49.67,49.67,49.67,49.67,295
2019-02-12 09:15:00-05:00,49.69,49.69,49.69,49.69,100
2019-02-12 09:30:00-05:00,49.66,49.75,49.49,49.63,8673
2019-02-12 09:35:00-05:00,49.65,49.66,49.58,49.61,3369
2019-02-12 09:40:00-05:00,49.6,49.6,49.465,49.54,5303
2019-02-12 09:45:00-05:00,49.57,49.6,49.55,49.58,6333
2019-02-12 09:50:00-05:00,49.59,49.7,49.56,49.67,21724
2019-02-12 09:55:00-05:00,49.67,49.67,49.56,49.57,8473
2019-02-12 10:00:00-05:00,49.575,49.58,49.51,49.54,12784
2019-02-12 10:05:00-05:00,49.535,49.58,49.52,49.535,21881
2019-02-12 10:10:00-05:00,49.53,49.59,49.53,49.59,13997
2019-02-12 10:15:00-05:00,49.595,49.6,49.56,49.575,12949
2019-02-12 10:20:00-05:00,49.575,49.6,49.565,49.585,10573
2019-02-12 10:25:00-05:00,49.6,49.61,49.55,49.56,8148
2019-02-12 10:30:00-05:00,49.56,49.56,49.47,49.47,5176
2019-02-12 10:35:00-05:00,49.47,49.5,49.47,49.47,5758
2019-02-12 10:40:00-05:00,49.48,49.52,49.47,49.515,6505
2019-02-12 10:45:00-05:00,49.51,49.565,49.51,49.56,5614
2019-02-12 10:50:00-05:00,49.56,49.58,49.55,49.55,6123
2019-02-12 10:55:00-05:00,49.56,49.63,49.56,49.63,10766
2019-02-12 11:00:00-05:00,49.63,49.65,49.61,49.62,5835
2019-02-12 11:05:00-05:00,49.63,49.685,49.63,49.67,7952
2019-02-12 11:10:00-05:00,49.67,49.73,49.665,49.71,7806
2019-02-12 11:15:00-05:00,49.71,49.75,49.71,49.75,9376
2019-02-12 11:20:00-05:00,49.74,49.765,49.73,49.73,12868
2019-02-12 11:25:00-05:00,49.73,49.795,49.73,49.79,9764
2019-02-12 11:30:00-05:00,49.8,49.8,49.72,49.72,9652
2019-02-12 11:35:00-05:00,49.73,49.735,49.685,49.7,13965
2019-02-12 11:40:00-05:00,49.7,49.71,49.675,49.705,14526
2019-02-12 11:45:00-05:00,49.705,49.71,49.685,49.69,7462
2019-02-12 11:50:00-05:00,49.68,49.69,49.66,49.66,7628
2019-02-12 11:55:00-05:00,49.665,49.665,49.64,49.66,19255
2019-02-12 12:00:00-05:00,49.655,49.68,49.645,49.68,20367
2019-02-12 12:05:00-05:00,49.675,49.74,49.675,49.68,10675
2019-02-12 12:10:00-05:00,49.68,49.68,49.63,49.63,16085
2019-02-12 12:15:00-05:00,49.64,49.655,49.63,49.63,8401
2019-02-12 12:20:00-05:00,49.63,49.65,49.62,49.62,8447
2019-02-12 12:25:00-05:00,49.615,49.63,49.605,49.62,5863
2019-02-12 12:30:00-05:00,49.63,49.68,49.63,49.67,5857
2019-02-12 12:35:00-05:00,49.68,49.69,49.675,49.68,4415
2019-02-12 12:40:00-05:00,49.68,49.68,49.65,49.65,11433
2019-02-12 12:45:00-05:00,49.66,49.66,49.635,49.64,11871
2019-02-12 12:50:00-05:00,49.64,49.68,49.63,49.66,22021
2019-02-12 12:55:00-05:00,49.66,49.69,49.66,49.67,5789
2019-02-12 13:00:00-05:00,49.68,49.705,49.67,49.7,7967
2019-02-12 13:05:00-05:00,49.705,49.705,49.68,49.685,4506
2019-02-12 13:10:00-05:00,49.69,49.695,49.68,49.69,5837
2019-02-12 13:15:00-05:00,49.7,49.71,49.69,49.69,5159
2019-02-12 13:20:00-05:00,49.69,49.71,49.69,49.71,5389
2019-02-12 13:25:00-05:00,49.7,49.745,49.695,49.74,7183
2019-02-12 13:30:00-05:00,49.74,49.77,49.715,49.765,21445
2019-02-12 13:35:00-05:00,49.765,49.775,49.76,49.765,6093
2019-02-12 13:40:00-05:00,49.765,49.785,49.765,49.78,4901
2019-02-12 13:45:00-05:00,49.785,49.785,49.765,49.78,7293
2019-02-12 13:50:00-05:00,49.78,49.8,49.78,49.795,7265
2019-02-12 13:55:00-05:00,49.79,49.8,49.78,49.78,6181
2019-02-12 14:00:00-05:00,49.77,49.77,49.75,49.76,4583
2019-02-12 14:05:00-05:00,49.75,49.755,49.73,49.75,8816
2019-02-12 14:10:00-05:00,49.75,49.75,49.69,49.7,10276
2019-02-12 14:15:00-05:00,49.7,49.7,49.675,49.68,7140
2019-02-12 14:20:00-05:00,49.67,49.69,49.65,49.69,12595
2019-02-12 14:25:00-05:00,49.7,49.72,49.68,49.685,13138
2019-02-12 14:30:00-05:00,49.68,49.72,49.67,49.695,16538
2019-02-12 14:35:00-05:00,49.7,49.715,49.69,49.7,6889
2019-02-12 14:40:00-05:00,49.705,49.72,49.66,49.72,13092
2019-02-12 14:45:00-05:00,49.72,49.735,49.71,49.725,16267
2019-02-12 14:50:00-05:00,49.725,49.74,49.69,49.69,16880
2019-02-12 14:55:00-05:00,49.685,49.735,49.665,49.725,12556
2019-02-12 15:00:00-05:00,49.72,49.73,49.7,49.73,13364
2019-02-12 15:05:00-05:00,49.72,49.73,49.695,49.71,13097
2019-02-12 15:10:00-05:00,49.7,49.705,49.7,49.7,6755
2019-02-12 15:15:00-05:00,49.7,49.71,49.7,49.7,8315
2019-02-12 15:20:00-05:00,49.695,49.71,49.675,49.675,15405
2019-02-12 15:25:00-05:00,49.67,49.7,49.66,49.7,16076
2019-02-12 15:30:00-05:00,49.7,49.7,49.64,49.64,12920
2019-02-12 15:35:00-05:00,49.64,49.65,49.605,49.61,16721
2019-02-12 15:40:00-05:00,49.61,49.635,49.61,49.62,17093
2019-02-12 15:45:00-05:00,49.625,49.66,49.61,49.66,31147
2019-02-12 15:50:00-05:00,49.66,49.715,49.65,49.715,39246
2019-02-12 15:55:00-05:00,49.72,49.75,49.64,49.65,99462
2019-02-13 09:30:00-05:00,49.65,49.75,49.58,49.73,5243
2019-02-13 09:35:00-05:00,49.73,49.89,49.73,49.86,11056
2019-02-13 09:40:00-05:00,49.855,49.935,49.82,49.885,13906
2019-02-13 09:45:00-05:00,49.885,49.92,49.84,49.865,7322
2019-02-13 09:50:00-05:00,49.81,49.82,49.725,49.73,4627
2019-02-13 09:55:00-05:00,49.72,49.78,49.72,49.74,5334
2019-02-13 10:00:00-05:00,49.75,49.75,49.715,49.74,4850
2019-02-13 10:05:00-05:00,49.74,49.745,49.71,49.735,5543
2019-02-13 10:10:00-05:00,49.73,49.765,49.73,49.75,8129
2019-02-13 10:15:00-05:00,49.75,49.77,49.685,49.7,9858
2019-02-13 10:20:00-05:00,49.7,49.71,49.65,49.655,11482
2019-02-13 10:25:00-05:00,49.65,49.76,49.63,49.68,8027
2019-02-13 10:30:00-05:00,49.69,49.73,49.65,49.67,4486
2019-02-13 10:35:00-05:00,49.67,49.69,49.63,49.635,5020
2019-02-13 10:40:00-05:00,49.63,49.64,49.61,49.62,4826
2019-02-13 10:45:00-05:00,49.63,49.67,49.62,49.645,7194
2019-02-13 10:50:00-05:00,49.65,49.73,49.62,49.73,15578
2019-02-13 10:55:00-05:00,49.73,49.75,49.705,49.735,12571
2019-02-13 11:00:00-05:00,49.73,49.79,49.73,49.78,13380
2019-02-13 11:05:00-05:00,49.77,49.81,49.76,49.78,7855
2019-02-13 11:10:00-05:00,49.775,49.79,49.75,49.755,11689
2019-02-13 11:15:00-05:00,49.75,49.75,49.71,49.735,16268
2019-02-13 11:20:00-05:00,49.73,49.735,49.71,49.72,6968
2019-02-13 11:25:00-05:00,49.72,49.73,49.71,49.72,8128
2019-02-13 11:30:00-05:00,49.72,49.72,49.66,49.66,8161
2019-02-13 11:35:00-05:00,49.665,49.67,49.64,49.665,10056
2019-02-13 11:40:00-05:00,49.665,49.665,49.65,49.655,5639
2019-02-13 11:45:00-05:00,49.645,49.645,49.59,49.59,11158
2019-02-13 11:50:00-05:00,49.6,49.64,49.59,49.63,9191
2019-02-13 11:55:00-05:00,49.63,49.64,49.61,49.63,5361
2019-02-13 12:00:00-05:00,49.625,49.635,49.615,49.625,7174
2019-02-13 12:05:00-05:00,49.62,49.635,49.605,49.62,5647
2019-02-13 12:10:00-05:00,49.62,49.63,49.605,49.63,10090
2019-02-13 12:15:00-05:00,49.635,49.64,49.62,49.625,10730
2019-02-13 12:20:00-05:00,49.62,49.635,49.62,49.625,7147
2019-02-13 12:25:00-05:00,49.615,49.635,49.605,49.625,8758
2019-02-13 12:30:00-05:00,49.63,49.67,49.615,49.66,11630
2019-02-13 12:35:00-05:00,49.665,49.71,49.66,49.695,10342
2019-02-13 12:40:00-05:00,49.7,49.7,49.66,49.67,8945
2019-02-13 12:45:00-05:00,49.67,49.685,49.66,49.675,9150
2019-02-13 12:50:00-05:00,49.675,49.69,49.66,49.675,14638
2019-02-13 12:55:00-05:00,49.68,49.685,49.67,49.68,12169
2019-02-13 13:00:00-05:00,49.68,49.685,49.675,49.685,8329
2019-02-13 13:05:00-05:00,49.685,49.75,49.68,49.75,14541
2019-02-13 13:10:00-05:00,49.74,49.75,49.72,49.745,8586
2019-02-13 13:15:00-05:00,49.74,49.745,49.72,49.73,9421
2019-02-13 13:20:00-05:00,49.73,49.74,49.72,49.74,9489
2019-02-13 13:25:00-05:00,49.73,49.745,49.705,49.705,12414
2019-02-13 13:30:00-05:00,49.7,49.71,49.69,49.695,7954
2019-02-13 13:35:00-05:00,49.7,49.705,49.69,49.705,5790
2019-02-13 13:40:00-05:00,49.705,49.71,49.7,49.705,6360
2019-02-13 13:45:00-05:00,49.705,49.71,49.7,49.705,4812
2019-02-13 13:50:00-05:00,49.7,49.72,49.7,49.715,11203
2019-02-13 13:55:00-05:00,49.715,49.715,49.69,49.71,12980
2019-02-13 14:00:00-05:00,49.705,49.71,49.69,49.705,14755
2019-02-13 14:05:00-05:00,49.705,49.705,49.69,49.695,10508
2019-02-13 14:10:00-05:00,49.695,49.7,49.69,49.69,4747
2019-02-13 14:15:00-05:00,49.695,49.7,49.68,49.695,16500
2019-02-13 14:20:00-05:00,49.695,49.7,49.695,49.7,4964
2019-02-13 14:25:00-05:00,49.695,49.715,49.695,49.71,10521
2019-02-13 14:30:00-05:00,49.71,49.75,49.705,49.75,8367
2019-02-13 14:35:00-05:00,49.745,49.75,49.715,49.715,16036
2019-02-13 14:40:00-05:00,49.715,49.735,49.715,49.73,5316
2019-02-13 14:45:00-05:00,49.73,49.74,49.725,49.725,10183
2019-02-13 14:50:00-05:00,49.725,49.73,49.71,49.715,17827
2019-02-13 14:55:00-05:00,49.715,49.725,49.7,49.72,15697
2019-02-13 15:00:00-05:00,49.71,49.72,49.69,49.695,15812
2019-02-13 15:05:00-05:00,49.695,49.72,49.695,49.715,9077
2019-02-13 15:10:00-05:00,49.72,49.725,49.69,49.7,19301
2019-02-13 15:15:00-05:00,49.695,49.72,49.695,49.7,19621
2019-02-13 15:20:00-05:00,49.7,49.71,49.695,49.705,6228
2019-02-13 15:25:00-05:00,49.71,49.715,49.69,49.705,20697
2019-02-13 15:30:00-05:00,49.71,49.77,49.705,49.765,30628
2019-02-13 15:35:00-05:00,49.77,49.79,49.76,49.79,15514
2019-02-13 15:40:00-05:00,49.81,49.825,49.775,49.775,33597
2019-02-13 15:45:00-05:00,49.775,49.78,49.68,49.685,55390
2019-02-13 15:50:00-05:00,49.685,49.69,49.65,49.69,48819
2019-02-13 15:55:00-05:00,49.7,49.8,49.7,49.78,103484
2019-02-14 08:55:00-05:00,48.0,48.0,48.0,48.0,100
2019-02-14 09:00:00-05:00,47.95,47.95,47.95,47.95,100
2019-02-14 09:10:00-05:00,47.52,47.52,47.45,47.5,600
2019-02-14 09:20:00-05:00,47.32,47.5,47.16,47.36,2604
2019-02-14 09:25:00-05:00,47.36,47.36,46.64,46.75,10736
2019-02-14 09:30:00-05:00,46.82,46.88,45.89,46.23,152046
2019-02-14 09:35:00-05:00,46.23,46.44,46.11,46.42,144717
2019-02-14 09:40:00-05:00,46.415,46.42,46.1,46.309,70242
2019-02-14 09:45:00-05:00,46.31,46.41,46.2,46.27,162796
2019-02-14 09:50:00-05:00,46.27,46.35,46.13,46.25,97340
2019-02-14 09:55:00-05:00,46.25,46.62,46.23,46.52,111942
2019-02-14 10:00:00-05:00,46.52,46.545,46.42,46.42,91127
2019-02-14 10:05:00-05:00,46.41,46.475,46.35,46.43,75841
2019-02-14 10:10:00-05:00,46.43,46.48,46.33,46.345,78893
2019-02-14 10:15:00-05:00,46.345,46.41,46.34,46.39,43437
2019-02-14 10:20:00-05:00,46.38,46.38,46.16,46.24,43561
2019-02-14 10:25:00-05:00,46.25,46.37,46.25,46.28,24858
2019-02-14 10:30:00-05:00,46.28,46.43,46.23,46.36,95013
2019-02-14 10:35:00-05:00,46.365,46.37,46.19,46.31,80605
2019-02-14 10:40:00-05:00,46.29,46.37,46.29,46.305,20778
2019-02-14 10:45:00-05:00,46.31,46.34,46.22,46.23,30177
2019-02-14 10:50:00-05:00,46.22,46.27,46.2,46.2,30828
2019-02-14 10:55:00-05:00,46.21,46.21,46.08,46.1,55682
2019-02-14 11:00:00-05:00,46.09,46.105,46.005,46.04,54304
2019-02-14 11:05:00-05:00,46.03,46.07,46.0,46.03,35853
2019-02-14 11:10:00-05:00,46.025,46.09,46.0,46.01,64188
2019-02-14 11:15:00-05:00,46.015,46.05,45.95,45.98,34845
2019-02-14 11:20:00-05:00,45.97,45.99,45.95,45.95,29717
2019-02-14 11:25:00-05:00,45.96,46.11,45.95,46.04,44786
2019-02-14 11:30:00-05:00,46.035,46.1,46.02,46.08,28662
2019-02-14 11:35:00-05:00,46.095,46.15,46.08,46.11,31754
2019-02-14 11:40:00-05:00,46.125,46.16,46.1,46.16,14168
2019-02-14 11:45:00-05:00,46.16,46.255,46.14,46.255,43134
2019-02-14 11:50:00-05:00,46.25,46.27,46.17,46.19,29966
2019-02-14 11:55:00-05:00,46.18,46.18,46.11,46.14,10297
2019-02-14 12:00:00-05:00,46.14,46.15,46.1,46.135,22887
2019-02-14 12:05:00-05:00,46.14,46.18,46.135,46.15,21179
2019-02-14 12:10:00-05:00,46.15,46.17,46.04,46.04,32177
2019-02-14 12:15:00-05:00,46.04,46.07,46.02,46.06,23420
2019-02-14 12:20:00-05:00,46.06,46.09,46.025,46.04,23374
2019-02-14 12:25:00-05:00,46.04,46.05,46.03,46.03,6972
2019-02-14 12:30:00-05:00,46.05,46.06,46.03,46.035,12305
2019-02-14 12:35:00-05:00,46.03,46.03,45.98,45.99,22800
2019-02-14 12:40:00-05:00,45.985,46.09,45.985,46.06,21882
2019-02-14 12:45:00-05:00,46.06,46.13,46.055,46.12,26548
2019-02-14 12:50:00-05:00,46.115,46.115,46.05,46.06,24868
2019-02-14 12:55:00-05:00,46.06,46.07,46.0,46.01,34101
2019-02-14 13:00:00-05:00,46.01,46.07,46.01,46.06,12811
2019-02-14 13:05:00-05:00,46.05,46.06,46.01,46.01,17714
2019-02-14 13:10:00-05:00,46.01,46.02,46.01,46.015,12244
2019-02-14 13:15:00-05:00,46.015,46.07,46.01,46.02,13944
2019-02-14 13:20:00-05:00,46.02,46.03,46.01,46.025,14643
2019-02-14 13:25:00-05:00,46.03,46.06,46.015,46.06,32449
2019-02-14 13:30:00-05:00,46.07,46.12,46.03,46.115,52186
2019-02-14 13:35:00-05:00,46.115,46.115,46.02,46.02,38993
2019-02-14 13:40:00-05:00,46.02,46.03,45.98,46.015,93552
2019-02-14 13:45:00-05:00,46.015,46.015,45.985,46.01,69061
2019-02-14 13:50:00-05:00,46.01,46.01,45.98,45.99,33920
2019-02-14 13:55:00-05:00,45.99,46.02,45.99,45.995,13893
2019-02-14 14:00:00-05:00,45.995,46.075,45.99,46.075,15146
2019-02-14 14:05:00-05:00,46.07,46.08,46.01,46.015,43135
2019-02-14 14:10:00-05:00,46.02,46.02,46.0,46.0,24356
2019-02-14 14:15:00-05:00,46.01,46.01,45.96,45.97,37361
2019-02-14 14:20:00-05:00,45.97,46.01,45.965,45.995,24389
2019-02-14 14:25:00-05:00,46.0,46.01,45.995,46.005,18377
2019-02-14 14:30:00-05:00,46.01,46.02,45.98,45.99,27507
2019-02-14 14:35:00-05:00,45.98,45.99,45.95,45.98,29652
2019-02-14 14:40:00-05:00,45.975,46.03,45.975,46.02,30621
2019-02-14 14:45:00-05:00,46.02,46.03,46.0,46.01,27815
2019-02-14 14:50:00-05:00,46.005,46.02,45.97,45.97,23508
2019-02-14 14:55:00-05:00,45.97,45.99,45.94,45.99,63454
2019-02-14 15:00:00-05:00,46.0,46.0,45.96,45.97,24860
2019-02-14 15:05:00-05:00,45.965,45.97,45.87,45.88,76051
2019-02-14 15:10:00-05:00,45.88,45.91,45.88,45.89,39372
2019-02-14 15:15:00-05:00,45.895,45.91,45.81,45.81,56456
2019-02-14 15:20:00-05:00,45.81,45.85,45.8,45.84,94780
2019-02-14 15:25:00-05:00,45.835,45.89,45.835,45.84,51870
2019-02-14 15:30:00-05:00,45.84,45.87,45.8,45.815,66426
2019-02-14 15:35:00-05:00,45.81,45.89,45.8,45.89,79232
2019-02-14 15:40:00-05:00,45.89,45.91,45.8,45.8,69603
2019-02-14 15:45:00-05:00,45.8,45.81,45.71,45.73,93512
2019-02-14 15:50:00-05:00,45.735,45.74,45.6,45.66,121281
2019-02-14 15:55:00-05:00,45.66,45.66,45.5,45.58,448613
2019-02-15 09:00:00-05:00,45.77,45.77,45.77,45.77,100
2019-02-15 09:20:00-05:00,45.91,45.91,45.91,45.91,100
2019-02-15 09:30:00-05:00,45.885,45.975,45.63,45.71,50412
2019-02-15 09:35:00-05:00,45.72,45.75,45.55,45.6,63641
2019-02-15 09:40:00-05:00,45.605,45.71,45.6,45.6,51930
2019-02-15 09:45:00-05:00,45.605,45.72,45.605,45.69,47354
2019-02-15 09:50:00-05:00,45.69,45.93,45.69,45.89,38794
2019-02-15 09:55:00-05:00,45.88,45.93,45.85,45.905,30987
2019-02-15 10:00:00-05:00,45.91,45.99,45.91,45.965,37147
2019-02-15 10:05:00-05:00,45.98,46.25,45.975,46.21,55480
2019-02-15 10:10:00-05:00,46.22,46.23,46.08,46.09,22666
2019-02-15 10:15:00-05:00,46.09,46.15,46.09,46.11,26153
2019-02-15 10:20:00-05:00,46.11,46.115,45.98,46.03,44570
2019-02-15 10:25:00-05:00,46.025,46.025,45.87,45.88,25466
2019-02-15 10:30:00-05:00,45.88,46.005,45.88,45.98,30432
2019-02-15 10:35:00-05:00,45.97,46.0,45.92,45.99,22504
2019-02-15 10:40:00-05:00,45.99,46.01,45.9,45.91,18008
2019-02-15 10:45:00-05:00,45.91,45.91,45.82,45.82,23131
2019-02-15 10:50:00-05:00,45.83,45.83,45.68,45.7,67647
2019-02-15 10:55:00-05:00,45.71,45.79,45.705,45.73,17217
2019-02-15 11:00:00-05:00,45.73,45.76,45.73,45.75,25372
2019-02-15 11:05:00-05:00,45.75,45.78,45.73,45.75,15747
2019-02-15 11:10:00-05:00,45.75,45.75,45.69,45.69,19668
2019-02-15 11:15:00-05:00,45.69,45.72,45.68,45.72,21713
2019-02-15 11:20:00-05:00,45.72,45.755,45.71,45.745,25485
2019-02-15 11:25:00-05:00,45.75,45.75,45.71,45.745,23579
2019-02-15 11:30:00-05:00,45.74,45.745,45.7,45.73,20400
2019-02-15 11:35:00-05:00,45.735,45.755,45.705,45.72,35617
2019-02-15 11:40:00-05:00,45.715,45.73,45.68,45.72,14919
2019-02-15 11:45:00-05:00,45.72,45.74,45.71,45.71,14533
2019-02-15 11:50:00-05:00,45.71,45.735,45.71,45.72,10862
2019-02-15 11:55:00-05:00,45.73,45.735,45.7,45.7,8783
2019-02-15 12:00:00-05:00,45.7,45.71,45.65,45.65,12649
2019-02-15 12:05:00-05:00,45.66,45.66,45.6,45.605,19235
2019-02-15 12:10:00-05:00,45.605,45.61,45.55,45.55,29954
2019-02-15 12:15:00-05:00,45.56,45.585,45.55,45.57,18084
2019-02-15 12:20:00-05:00,45.57,45.6,45.56,45.565,16547
2019-02-15 12:25:00-05:00,45.57,45.61,45.565,45.565,28548
2019-02-15 12:30:00-05:00,45.56,45.59,45.56,45.575,21692
2019-02-15 12:35:00-05:00,45.575,45.62,45.57,45.62,89307
2019-02-15 12:40:00-05:00,45.63,45.66,45.62,45.65,8735
2019-02-15 12:45:00-05:00,45.66,45.67,45.6,45.62,13825
2019-02-15 12:50:00-05:00,45.61,45.62,45.57,45.59,10787
2019-02-15 12:55:00-05:00,45.6,45.6,45.585,45.59,7193
2019-02-15 13:00:00-05:00,45.6,45.62,45.59,45.62,10775
2019-02-15 13:05:00-05:00,45.61,45.63,45.57,45.59,65379
2019-02-15 13:10:00-05:00,45.59,45.59,45.56,45.57,54783
2019-02-15 13:15:00-05:00,45.58,45.605,45.575,45.58,11499
2019-02-15 13:20:00-05:00,45.59,45.6,45.58,45.585,6320
2019-02-15 13:25:00-05:00,45.58,45.58,45.56,45.56,8990
2019-02-15 13:30:00-05:00,45.56,45.57,45.51,45.52,21386
2019-02-15 13:35:00-05:00,45.53,45.54,45.51,45.51,8557
2019-02-15 13:40:00-05:00,45.51,45.515,45.32,45.36,49095
2019-02-15 13:45:00-05:00,45.36,45.41,45.36,45.38,22832
2019-02-15 13:50:00-05:00,45.37,45.42,45.37,45.41,15950
2019-02-15 13:55:00-05:00,45.41,45.42,45.35,45.35,14835
2019-02-15 14:00:00-05:00,45.355,45.425,45.355,45.41,13789
2019-02-15 14:05:00-05:00,45.41,45.46,45.405,45.435,5835
2019-02-15 14:10:00-05:00,45.44,45.455,45.39,45.42,14668
2019-02-15 14:15:00-05:00,45.43,45.45,45.42,45.43,14006
2019-02-15 14:20:00-05:00,45.42,45.45,45.41,45.42,56783
2019-02-15 14:25:00-05:00,45.42,45.43,45.345,45.37,16482
2019-02-15 14:30:00-05:00,45.38,45.385,45.33,45.36,18717
2019-02-15 14:35:00-05:00,45.35,45.375,45.34,45.375,10282
2019-02-15 14:40:00-05:00,45.37,45.385,45.37,45.37,7567
2019-02-15 14:45:00-05:00,45.38,45.41,45.37,45.41,10255
2019-02-15 14:50:00-05:00,45.405,45.41,45.355,45.36,11268
2019-02-15 14:55:00-05:00,45.36,45.41,45.36,45.41,14560
2019-02-15 15:00:00-05:00,45.4,45.44,45.4,45.43,18308
2019-02-15 15:05:00-05:00,45.43,45.43,45.4,45.41,11583
2019-02-15 15:10:00-05:00,45.405,45.41,45.36,45.37,19582
2019-02-15 15:15:00-05:00,45.38,45.38,45.36,45.37,16295
2019-02-15 15:20:00-05:00,45.37,45.37,45.33,45.345,21808
2019-02-15 15:25:00-05:00,45.345,45.365,45.33,45.35,23101
2019-02-15 15:30:00-05:00,45.35,45.37,45.345,45.37,39156
2019-02-15 15:35:00-05:00,45.37,45.38,45.365,45.37,37700
2019-02-15 15:40:00-05:00,45.37,45.375,45.3,45.31,69786
2019-02-15 15:45:00-05:00,45.305,45.31,45.29,45.29,85177
2019-02-15 15:50:00-05:00,45.29,45.29,45.25,45.26,76975
2019-02-15 15:55:00-05:00,45.27,45.3,45.2,45.25,262307
2019-02-19 09:20:00-05:00,45.41,45.41,45.41,45.41,100
2019-02-19 09:30:00-05:00,45.32,45.37,45.18,45.27,17411
2019-02-19 09:35:00-05:00,45.275,45.585,45.27,45.575,32827
2019-02-19 09:40:00-05:00,45.57,45.575,45.44,45.45,27229
2019-02-19 09:45:00-05:00,45.44,45.44,45.31,45.33,17732
2019-02-19 09:50:00-05:00,45.33,45.35,45.25,45.33,16940
2019-02-19 09:55:00-05:00,45.34,45.36,45.23,45.23,22038
2019-02-19 10:00:00-05:00,45.23,45.26,45.2,45.23,30970
2019-02-19 10:05:00-05:00,45.23,45.3,45.23,45.29,13794
2019-02-19 10:10:00-05:00,45.29,45.29,45.22,45.22,15114
2019-02-19 10:15:00-05:00,45.22,45.23,45.2,45.215,45943
2019-02-19 10:20:00-05:00,45.215,45.255,45.21,45.25,19057
2019-02-19 10:25:00-05:00,45.25,45.25,45.21,45.22,18566
2019-02-19 10:30:00-05:00,45.22,45.23,45.21,45.215,42997
2019-02-19 10:35:00-05:00,45.215,45.22,45.2,45.2,26201
2019-02-19 10:40:00-05:00,45.21,45.24,45.2,45.22,32423
2019-02-19 10:45:00-05:00,45.22,45.29,45.21,45.28,33032
2019-02-19 10:50:00-05:00,45.29,45.29,45.21,45.21,19399
2019-02-19 10:55:00-05:00,45.21,45.22,45.2,45.205,11400
2019-02-19 11:00:00-05:00,45.21,45.23,45.205,45.21,16046
2019-02-19 11:05:00-05:00,45.21,45.215,45.21,45.21,8662
2019-02-19 11:10:00-05:00,45.21,45.22,45.21,45.21,13942
2019-02-19 11:15:00-05:00,45.21,45.24,45.21,45.23,21265
2019-02-19 11:20:00-05:00,45.23,45.235,45.2,45.205,12833
2019-02-19 11:25:00-05:00,45.205,45.24,45.2,45.235,16693
2019-02-19 11:30:00-05:00,45.235,45.25,45.23,45.25,10650
2019-02-19 11:35:00-05:00,45.25,45.31,45.25,45.27,25176
2019-02-19 11:40:00-05:00,45.28,45.295,45.26,45.295,15692
2019-02-19 11:45:00-05:00,45.3,45.38,45.3,45.33,22731
2019-02-19 11:50:00-05:00,45.33,45.345,45.27,45.29,26839
2019-02-19 11:55:00-05:00,45.29,45.32,45.29,45.315,14632
2019-02-19 12:00:00-05:00,45.31,45.31,45.26,45.26,9706
2019-02-19 12:05:00-05:00,45.26,45.265,45.25,45.255,13312
2019-02-19 12:10:00-05:00,45.26,45.26,45.245,45.25,15485
2019-02-19 12:15:00-05:00,45.25,45.255,45.23,45.23,43376
2019-02-19 12:20:00-05:00,45.22,45.25,45.22,45.24,25079
2019-02-19 12:25:00-05:00,45.245,45.25,45.215,45.24,51602
2019-02-19 12:30:00-05:00,45.245,45.25,45.23,45.23,15712
2019-02-19 12:35:00-05:00,45.22,45.25,45.22,45.23,21861
2019-02-19 12:40:00-05:00,45.23,45.235,45.22,45.22,5331
2019-02-19 12:45:00-05:00,45.22,45.235,45.22,45.225,8337
2019-02-19 12:50:00-05:00,45.23,45.24,45.22,45.235,12740
2019-02-19 12:55:00-05:00,45.235,45.24,45.22,45.225,15623
2019-02-19 13:00:00-05:00,45.225,45.225,45.21,45.21,33350
2019-02-19 13:05:00-05:00,45.215,45.215,45.2,45.21,13139
2019-02-19 13:10:00-05:00,45.21,45.21,45.2,45.205,5566
2019-02-19 13:15:00-05:00,45.205,45.205,45.175,45.175,47849
2019-02-19 13:20:00-05:00,45.175,45.175,45.13,45.17,23931
2019-02-19 13:25:00-05:00,45.17,45.2,45.165,45.2,10080
2019-02-19 13:30:00-05:00,45.2,45.2,45.165,45.17,30359
2019-02-19 13:35:00-05:00,45.17,45.19,45.16,45.165,11512
2019-02-19 13:40:00-05:00,45.17,45.2,45.16,45.195,15639
2019-02-19 13:45:00-05:00,45.195,45.2,45.18,45.18,6602
2019-02-19 13:50:00-05:00,45.18,45.195,45.17,45.17,8472
2019-02-19 13:55:00-05:00,45.18,45.18,45.16,45.16,15629
2019-02-19 14:00:00-05:00,45.165,45.2,45.165,45.2,20197
2019-02-19 14:05:00-05:00,45.195,45.2,45.16,45.16,18344
2019-02-19 14:10:00-05:00,45.16,45.165,45.14,45.14,13598
2019-02-19 14:15:00-05:00,45.145,45.15,45.13,45.145,24890
2019-02-19 14:20:00-05:00,45.145,45.15,45.12,45.12,19852
2019-02-19 14:25:00-05:00,45.12,45.13,45.11,45.11,24423
2019-02-19 14:30:00-05:00,45.11,45.125,45.11,45.115,20012
2019-02-19 14:35:00-05:00,45.11,45.135,45.11,45.12,26811
2019-02-19 14:40:00-05:00,45.12,45.15,45.11,45.12,22808
2019-02-19 14:45:00-05:00,45.13,45.16,45.13,45.155,43316
2019-02-19 14:50:00-05:00,45.155,45.16,45.14,45.15,32493
2019-02-19 14:55:00-05:00,45.14,45.16,45.14,45.15,19207
2019-02-19 15:00:00-05:00,45.15,45.16,45.13,45.14,11160
2019-02-19 15:05:00-05:00,45.135,45.16,45.135,45.14,20021
2019-02-19 15:10:00-05:00,45.15,45.16,45.13,45.13,23206
2019-02-19 15:15:00-05:00,45.13,45.13,45.11,45.12,10679
2019-02-19 15:20:00-05:00,45.115,45.12,45.055,45.085,25100
2019-02-19 15:25:00-05:00,45.085,45.09,45.07,45.07,20731
2019-02-19 15:30:00-05:00,45.075,45.095,45.07,45.07,27540
2019-02-19 15:35:00-05:00,45.07,45.09,45.05,45.05,47846
2019-02-19 15:40:00-05:00,45.05,45.05,45.0,45.01,67180
2019-02-19 15:45:00-05:00,45.02,45.03,44.955,44.96,42495
2019-02-19 15:50:00-05:00,44.965,44.975,44.885,44.9,112342
2019-02-19 15:55:00-05:00,44.9,44.91,44.775,44.825,281993
2019-02-20 09:30:00-05:00,44.94,44.96,44.82,44.88,16554
2019-02-20 09:35:00-05:00,44.86,44.99,44.86,44.95,24756
2019-02-20 09:40:00-05:00,44.94,44.94,44.83,44.83,21041
2019-02-20 09:45:00-05:00,44.82,44.84,44.8,44.835,17484
2019-02-20 09:50:00-05:00,44.835,45.08,44.835,45.04,30654
2019-02-20 09:55:00-05:00,45.04,45.055,45.01,45.02,25160
2019-02-20 10:00:00-05:00,45.02,45.025,44.92,44.94,26985
2019-02-20 10:05:00-05:00,44.94,44.98,44.9,44.95,94878
2019-02-20 10:10:00-05:00,44.96,45.01,44.94,44.99,28706
2019-02-20 10:15:00-05:00,45.0,45.02,44.98,45.0,30944
2019-02-20 10:20:00-05:00,45.0,45.0,44.98,45.0,33580
2019-02-20 10:25:00-05:00,44.99,45.0,44.93,44.95,25038
2019-02-20 10:30:00-05:00,44.95,44.96,44.91,44.92,21737
2019-02-20 10:35:00-05:00,44.93,44.97,44.925,44.96,25467
2019-02-20 10:40:00-05:00,44.97,44.97,44.955,44.97,15040
2019-02-20 10:45:00-05:00,44.975,44.98,44.93,44.93,34333
2019-02-20 10:50:00-05:00,44.93,44.97,44.93,44.95,13724
2019-02-20 10:55:00-05:00,44.94,44.94,44.91,44.94,12681
2019-02-20 11:00:00-05:00,44.935,45.0,44.935,44.97,40697
2019-02-20 11:05:00-05:00,44.97,44.99,44.97,44.985,21785
2019-02-20 11:10:00-05:00,44.985,44.99,44.94,44.94,29049
2019-02-20 11:15:00-05:00,44.945,44.95,44.925,44.935,25365
2019-02-20 11:20:00-05:00,44.935,44.96,44.92,44.955,17393
2019-02-20 11:25:00-05:00,44.95,44.99,44.945,44.96,21207
2019-02-20 11:30:00-05:00,44.97,44.985,44.945,44.945,24737
2019-02-20 11:35:00-05:00,44.95,44.975,44.94,44.96,24926
2019-02-20 11:40:00-05:00,44.96,44.98,44.95,44.975,14644
2019-02-20 11:45:00-05:00,44.975,44.975,44.945,44.95,17530
2019-02-20 11:50:00-05:00,44.95,44.965,44.945,44.95,13773
2019-02-20 11:55:00-05:00,44.96,44.97,44.95,44.97,12406
2019-02-20 12:00:00-05:00,44.97,44.985,44.96,44.98,23274
2019-02-20 12:05:00-05:00,44.98,44.98,44.95,44.955,12469
2019-02-20 12:10:00-05:00,44.955,44.96,44.945,44.96,12471
2019-02-20 12:15:00-05:00,44.97,45.01,44.97,45.0,35871
2019-02-20 12:20:00-05:00,45.0,45.04,45.0,45.04,19377
2019-02-20 12:25:00-05:00,45.045,45.05,45.01,45.01,21668
2019-02-20 12:30:00-05:00,45.015,45.02,45.0,45.0,14305
2019-02-20 12:35:00-05:00,45.0,45.04,45.0,45.035,22112
2019-02-20 12:40:00-05:00,45.035,45.04,45.0,45.01,16449
2019-02-20 12:45:00-05:00,45.01,45.01,44.99,45.01,11511
2019-02-20 12:50:00-05:00,45.01,45.01,44.995,45.0,15399
2019-02-20 12:55:00-05:00,45.0,45.01,44.99,45.005,9971
2019-02-20 13:00:00-05:00,45.0,45.05,45.0,45.04,11003
2019-02-20 13:05:00-05:00,45.04,45.05,45.02,45.02,18673
2019-02-20 13:10:00-05:00,45.025,45.03,45.01,45.025,18214
2019-02-20 13:15:00-05:00,45.03,45.03,45.01,45.015,8503
2019-02-20 13:20:00-05:00,45.015,45.03,45.0,45.02,17295
2019-02-20 13:25:00-05:00,45.03,45.06,45.01,45.045,28456
2019-02-20 13:30:00-05:00,45.045,45.115,45.04,45.09,27844
2019-02-20 13:35:00-05:00,45.095,45.1,45.08,45.085,18685
2019-02-20 13:40:00-05:00,45.08,45.09,45.06,45.09,19431
2019-02-20 13:45:00-05:00,45.095,45.15,45.07,45.13,29356
2019-02-20 13:50:00-05:00,45.13,45.17,45.12,45.165,37005
2019-02-20 13:55:00-05:00,45.165,45.19,45.15,45.17,43025
2019-02-20 14:00:00-05:00,45.17,45.18,45.13,45.16,17521
2019-02-20 14:05:00-05:00,45.155,45.235,45.14,45.14,24158
2019-02-20 14:10:00-05:00,45.15,45.19,45.13,45.145,32864
2019-02-20 14:15:00-05:00,45.14,45.15,45.075,45.08,19078
2019-02-20 14:20:00-05:00,45.08,45.09,45.06,45.07,21054
2019-02-20 14:25:00-05:00,45.07,45.135,45.07,45.13,10919
2019-02-20 14:30:00-05:00,45.13,45.215,45.13,45.19,20741
2019-02-20 14:35:00-05:00,45.19,45.205,45.18,45.185,9892
2019-02-20 14:40:00-05:00,45.19,45.19,45.165,45.18,18421
2019-02-20 14:45:00-05:00,45.18,45.19,45.16,45.185,21856
2019-02-20 14:50:00-05:00,45.185,45.19,45.17,45.175,21047
2019-02-20 14:55:00-05:00,45.17,45.19,45.16,45.19,16418
2019-02-20 15:00:00-05:00,45.19,45.21,45.18,45.195,21294
2019-02-20 15:05:00-05:00,45.195,45.205,45.18,45.19,24124
2019-02-20 15:10:00-05:00,45.185,45.22,45.18,45.18,28473
2019-02-20 15:15:00-05:00,45.18,45.21,45.17,45.2,27738
2019-02-20 15:20:00-05:00,45.195,45.2,45.18,45.185,20828
2019-02-20 15:25:00-05:00,45.18,45.19,45.14,45.145,26231
2019-02-20 15:30:00-05:00,45.14,45.16,45.13,45.145,37555
2019-02-20 15:35:00-05:00,45.145,45.15,45.11,45.14,38999
2019-02-20 15:40:00-05:00,45.14,45.17,45.11,45.165,42071
2019-02-20 15:45:00-05:00,45.17,45.175,45.12,45.14,36511
2019-02-20 15:50:00-05:00,45.145,45.16,45.13,45.13,96926
2019-02-20 15:55:00-05:00,45.135,45.15,45.03,45.12,240073
2019-02-21 09:25:00-05:00,44.97,44.97,44.97,44.97,302
2019-02-21 09:30:00-05:00,45.08,45.11,44.96,45.11,37020
2019-02-21 09:35:00-05:00,45.1,45.17,45.075,45.14,39774
2019-02-21 09:40:00-05:00,45.14,45.18,45.12,45.18,47867
2019-02-21 09:45:00-05:00,45.18,45.22,45.12,45.14,59573
2019-02-21 09:50:00-05:00,45.15,45.21,45.13,45.16,41663
2019-02-21 09:55:00-05:00,45.16,45.285,45.155,45.255,55759
2019-02-21 10:00:00-05:00,45.25,45.35,45.23,45.35,33798
2019-02-21 10:05:00-05:00,45.34,45.37,45.26,45.28,40102
2019-02-21 10:10:00-05:00,45.28,45.305,45.25,45.3,25684
2019-02-21 10:15:00-05:00,45.3,45.325,45.28,45.315,25226
2019-02-21 10:20:00-05:00,45.32,45.35,45.3,45.35,17714
2019-02-21 10:25:00-05:00,45.35,45.43,45.35,45.405,24807
2019-02-21 10:30:00-05:00,45.41,45.445,45.41,45.42,20334
2019-02-21 10:35:00-05:00,45.415,45.45,45.415,45.42,47584
2019-02-21 10:40:00-05:00,45.43,45.485,45.42,45.475,30855
2019-02-21 10:45:00-05:00,45.48,45.51,45.44,45.47,23740
2019-02-21 10:50:00-05:00,45.46,45.51,45.45,45.505,19792
2019-02-21 10:55:00-05:00,45.5,45.51,45.465,45.475,21403
2019-02-21 11:00:00-05:00,45.48,45.55,45.475,45.54,49428
2019-02-21 11:05:00-05:00,45.54,45.55,45.48,45.51,33526
2019-02-21 11:10:00-05:00,45.51,45.55,45.505,45.545,23187
2019-02-21 11:15:00-05:00,45.545,45.555,45.505,45.52,28652
2019-02-21 11:20:00-05:00,45.52,45.52,45.46,45.5,20083
2019-02-21 11:25:00-05:00,45.51,45.53,45.485,45.52,23346
2019-02-21 11:30:00-05:00,45.51,45.62,45.51,45.62,38255
2019-02-21 11:35:00-05:00,45.62,45.65,45.6,45.645,43921
2019-02-21 11:40:00-05:00,45.64,45.65,45.59,45.615,25847
2019-02-21 11:45:00-05:00,45.619,45.62,45.55,45.6,25359
2019-02-21 11:50:00-05:00,45.6,45.655,45.56,45.65,34399
2019-02-21 11:55:00-05:00,45.655,45.73,45.65,45.71,82944
2019-02-21 12:00:00-05:00,45.71,45.71,45.63,45.64,27265
2019-02-21 12:05:00-05:00,45.64,45.69,45.64,45.69,14504
2019-02-21 12:10:00-05:00,45.68,45.72,45.68,45.72,20328
2019-02-21 12:15:00-05:00,45.72,45.74,45.72,45.735,13117
2019-02-21 12:20:00-05:00,45.73,45.79,45.72,45.75,23276
2019-02-21 12:25:00-05:00,45.76,45.8,45.76,45.795,18075
2019-02-21 12:30:00-05:00,45.79,45.8,45.78,45.78,24012
2019-02-21 12:35:00-05:00,45.78,45.8,45.78,45.79,46528
2019-02-21 12:40:00-05:00,45.8,45.82,45.8,45.805,10969
2019-02-21 12:45:00-05:00,45.805,45.81,45.78,45.79,26971
2019-02-21 12:50:00-05:00,45.785,45.84,45.78,45.84,42786
2019-02-21 12:55:00-05:00,45.83,45.835,45.78,45.8,19501
2019-02-21 13:00:00-05:00,45.81,45.81,45.8,45.805,12209
2019-02-21 13:05:00-05:00,45.805,45.81,45.78,45.805,24516
2019-02-21 13:10:00-05:00,45.8,45.81,45.8,45.8,12711
2019-02-21 13:15:00-05:00,45.8,45.81,45.76,45.78,19017
2019-02-21 13:20:00-05:00,45.78,45.79,45.74,45.74,10090
2019-02-21 13:25:00-05:00,45.74,45.74,45.67,45.69,18637
2019-02-21 13:30:00-05:00,45.69,45.695,45.68,45.69,10775
2019-02-21 13:35:00-05:00,45.69,45.71,45.69,45.7,11112
2019-02-21 13:40:00-05:00,45.7,45.705,45.7,45.705,7175
2019-02-21 13:45:00-05:00,45.71,45.71,45.69,45.69,13352
2019-02-21 13:50:00-05:00,45.69,45.7,45.68,45.7,11297
2019-02-21 13:55:00-05:00,45.7,45.71,45.7,45.705,10340
2019-02-21 14:00:00-05:00,45.705,45.75,45.705,45.72,15351
2019-02-21 14:05:00-05:00,45.72,45.725,45.71,45.715,11738
2019-02-21 14:10:00-05:00,45.71,45.715,45.69,45.7,28466
2019-02-21 14:15:00-05:00,45.7,45.7,45.66,45.685,14090
2019-02-21 14:20:00-05:00,45.68,45.71,45.67,45.68,18780
2019-02-21 14:25:00-05:00,45.69,45.7,45.64,45.64,23314
2019-02-21 14:30:00-05:00,45.64,45.65,45.595,45.6,18107
2019-02-21 14:35:00-05:00,45.6,45.6,45.565,45.565,13079
2019-02-21 14:40:00-05:00,45.57,45.585,45.55,45.585,16916
2019-02-21 14:45:00-05:00,45.585,45.61,45.58,45.59,22309
2019-02-21 14:50:00-05:00,45.58,45.58,45.54,45.565,21861
2019-02-21 14:55:00-05:00,45.57,45.6,45.56,45.6,16360
2019-02-21 15:00:00-05:00,45.6,45.63,45.59,45.62,18099
2019-02-21 15:05:00-05:00,45.62,45.68,45.62,45.675,15482
2019-02-21 15:10:00-05:00,45.68,45.68,45.65,45.65,16841
2019-02-21 15:15:00-05:00,45.66,45.67,45.65,45.66,26542
2019-02-21 15:20:00-05:00,45.66,45.68,45.65,45.675,16451
2019-02-21 15:25:00-05:00,45.68,45.685,45.67,45.675,23234
2019-02-21 15:30:00-05:00,45.68,45.715,45.65,45.71,46001
2019-02-21 15:35:00-05:00,45.71,45.72,45.695,45.695,75701
2019-02-21 15:40:00-05:00,45.7,45.735,45.69,45.73,34301
2019-02-21 15:45:00-05:00,45.74,45.84,45.74,45.84,62388
2019-02-21 15:50:00-05:00,45.835,45.86,45.81,45.86,53585
2019-02-21 15:55:00-05:00,45.86,45.91,45.85,45.88,135728
2019-02-22 09:30:00-05:00,45.765,45.765,45.6,45.71,12524
2019-02-22 09:35:00-05:00,45.74,45.78,45.7,45.73,28539
2019-02-22 09:40:00-05:00,45.73,45.76,45.65,45.75,29450
2019-02-22 09:45:00-05:00,45.74,45.82,45.74,45.75,25980
2019-02-22 09:50:00-05:00,45.755,45.805,45.7,45.795,24524
2019-02-22 09:55:00-05:00,45.8,45.89,45.79,45.885,22566
2019-02-22 10:00:00-05:00,45.89,45.95,45.87,45.88,22609
2019-02-22 10:05:00-05:00,45.88,45.95,45.86,45.91,28268
2019-02-22 10:10:00-05:00,45.9,45.915,45.72,45.73,22021
2019-02-22 10:15:00-05:00,45.73,45.79,45.62,45.74,48256
2019-02-22 10:20:00-05:00,45.78,45.87,45.75,45.79,15053
2019-02-22 10:25:00-05:00,45.795,45.935,45.79,45.91,17989
2019-02-22 10:30:00-05:00,45.92,45.945,45.9,45.93,14981
2019-02-22 10:35:00-05:00,45.94,45.94,45.67,45.67,36470
2019-02-22 10:40:00-05:00,45.665,45.73,45.46,45.64,40806
2019-02-22 10:45:00-05:00,45.63,45.72,45.61,45.66,46622
2019-02-22 10:50:00-05:00,45.66,45.72,45.615,45.66,21475
2019-02-22 10:55:00-05:00,45.67,45.705,45.64,45.645,14828
2019-02-22 11:00:00-05:00,45.64,45.65,45.55,45.55,21544
2019-02-22 11:05:00-05:00,45.555,45.6,45.535,45.59,14776
2019-02-22 11:10:00-05:00,45.59,45.61,45.575,45.6,11525
2019-02-22 11:15:00-05:00,45.6,45.65,45.575,45.63,19478
2019-02-22 11:20:00-05:00,45.63,45.64,45.59,45.615,94804
2019-02-22 11:25:00-05:00,45.62,45.62,45.585,45.615,15660
2019-02-22 11:30:00-05:00,45.615,45.67,45.615,45.63,12642
2019-02-22 11:35:00-05:00,45.625,45.63,45.58,45.59,43253
2019-02-22 11:40:00-05:00,45.59,45.59,45.555,45.585,12516
2019-02-22 11:45:00-05:00,45.59,45.605,45.58,45.59,9392
2019-02-22 11:50:00-05:00,45.59,45.59,45.54,45.54,11523
2019-02-22 11:55:00-05:00,45.545,45.55,45.5,45.51,26155
2019-02-22 12:00:00-05:00,45.5,45.53,45.5,45.515,24461
2019-02-22 12:05:00-05:00,45.515,45.52,45.5,45.52,12751
2019-02-22 12:10:00-05:00,45.51,45.51,45.42,45.42,9000
2019-02-22 12:15:00-05:00,45.42,45.42,45.41,45.415,14396
2019-02-22 12:20:00-05:00,45.41,45.41,45.345,45.35,12146
2019-02-22 12:25:00-05:00,45.35,45.38,45.31,45.32,18990
2019-02-22 12:30:00-05:00,45.33,45.33,45.3,45.3,18087
2019-02-22 12:35:00-05:00,45.305,45.31,45.25,45.31,26210
2019-02-22 12:40:00-05:00,45.3,45.31,45.28,45.28,12345
2019-02-22 12:45:00-05:00,45.29,45.29,45.25,45.28,14338
2019-02-22 12:50:00-05:00,45.27,45.33,45.255,45.325,12430
2019-02-22 12:55:00-05:00,45.325,45.34,45.3,45.305,8842
2019-02-22 13:00:00-05:00,45.3,45.35,45.29,45.34,18668
2019-02-22 13:05:00-05:00,45.35,45.36,45.34,45.35,10920
2019-02-22 13:10:00-05:00,45.355,45.37,45.35,45.36,10142
2019-02-22 13:15:00-05:00,45.36,45.39,45.345,45.39,23488
2019-02-22 13:20:00-05:00,45.395,45.395,45.35,45.35,9314
2019-02-22 13:25:00-05:00,45.36,45.36,45.325,45.33,8481
2019-02-22 13:30:00-05:00,45.33,45.36,45.33,45.355,11874
2019-02-22 13:35:00-05:00,45.355,45.36,45.33,45.33,11623
2019-02-22 13:40:00-05:00,45.335,45.34,45.29,45.29,11689
2019-02-22 13:45:00-05:00,45.29,45.3,45.275,45.3,15320
2019-02-22 13:50:00-05:00,45.29,45.305,45.29,45.29,10096
2019-02-22 13:55:00-05:00,45.29,45.32,45.285,45.3,7502
2019-02-22 14:00:00-05:00,45.305,45.31,45.285,45.29,14476
2019-02-22 14:05:00-05:00,45.295,45.35,45.295,45.35,19017
2019-02-22 14:10:00-05:00,45.35,45.36,45.33,45.33,15344
2019-02-22 14:15:00-05:00,45.32,45.32,45.3,45.3,9090
2019-02-22 14:20:00-05:00,45.3,45.31,45.3,45.31,8477
2019-02-22 14:25:00-05:00,45.3,45.31,45.3,45.31,13737
2019-02-22 14:30:00-05:00,45.32,45.32,45.29,45.29,9841
2019-02-22 14:35:00-05:00,45.28,45.28,45.23,45.24,20146
2019-02-22 14:40:00-05:00,45.24,45.25,45.2,45.23,13889
2019-02-22 14:45:00-05:00,45.22,45.25,45.215,45.23,8982
2019-02-22 14:50:00-05:00,45.23,45.245,45.22,45.23,14515
2019-02-22 14:55:00-05:00,45.24,45.25,45.22,45.22,13335
2019-02-22 15:00:00-05:00,45.22,45.23,45.205,45.22,15126
2019-02-22 15:05:00-05:00,45.22,45.23,45.2,45.21,13932
2019-02-22 15:10:00-05:00,45.21,45.27,45.205,45.265,76115
2019-02-22 15:15:00-05:00,45.26,45.26,45.22,45.22,17390
2019-02-22 15:20:00-05:00,45.22,45.24,45.22,45.235,31870
2019-02-22 15:25:00-05:00,45.24,45.32,45.235,45.32,27391
2019-02-22 15:30:00-05:00,45.31,45.31,45.27,45.27,31462
2019-02-22 15:35:00-05:00,45.28,45.29,45.265,45.29,27036
2019-02-22 15:40:00-05:00,45.29,45.33,45.26,45.32,54614
2019-02-22 15:45:00-05:00,45.33,45.34,45.28,45.29,43655
2019-02-22 15:50:00-05:00,45.29,45.29,45.22,45.235,81668
2019-02-22 15:55:00-05:00,45.24,45.29,45.23,45.27,197215
2019-02-25 09:30:00-05:00,45.5,45.56,45.31,45.34,12708
2019-02-25 09:35:00-05:00,45.32,45.32,44.98,45.11,23603
2019-02-25 09:40:00-05:00,45.1,45.26,45.1,45.24,13200
2019-02-25 09:45:00-05:00,45.24,45.32,45.225,45.31,18041
2019-02-25 09:50:00-05:00,45.31,45.36,45.29,45.3,8714
2019-02-25 09:55:00-05:00,45.31,45.32,45.22,45.27,11231
2019-02-25 10:00:00-05:00,45.26,45.26,45.195,45.25,6867
2019-02-25 10:05:00-05:00,45.245,45.26,45.22,45.235,14084
2019-02-25 10:10:00-05:00,45.24,45.25,45.18,45.23,8461
2019-02-25 10:15:00-05:00,45.23,45.28,45.22,45.23,10750
2019-02-25 10:20:00-05:00,45.26,45.31,45.25,45.29,7043
2019-02-25 10:25:00-05:00,45.29,45.29,45.19,45.22,13133
2019-02-25 10:30:00-05:00,45.22,45.22,45.19,45.21,10898
2019-02-25 10:35:00-05:00,45.22,45.22,45.17,45.17,15878
2019-02-25 10:40:00-05:00,45.17,45.19,45.13,45.13,10650
2019-02-25 10:45:00-05:00,45.13,45.15,45.12,45.13,11068
2019-02-25 10:50:00-05:00,45.12,45.15,45.11,45.14,16170
2019-02-25 10:55:00-05:00,45.15,45.165,45.13,45.16,8474
2019-02-25 11:00:00-05:00,45.15,45.15,45.11,45.115,11308
2019-02-25 11:05:00-05:00,45.13,45.14,45.11,45.12,12543
2019-02-25 11:10:00-05:00,45.13,45.13,45.07,45.07,20533
2019-02-25 11:15:00-05:00,45.07,45.11,45.07,45.105,9581
2019-02-25 11:20:00-05:00,45.11,45.12,45.1,45.11,35451
2019-02-25 11:25:00-05:00,45.11,45.13,45.11,45.13,16003
2019-02-25 11:30:00-05:00,45.13,45.14,45.11,45.13,9643
2019-02-25 11:35:00-05:00,45.135,45.15,45.13,45.14,9273
2019-02-25 11:40:00-05:00,45.13,45.14,45.06,45.06,14659
2019-02-25 11:45:00-05:00,45.07,45.09,45.05,45.09,7885
2019-02-25 11:50:00-05:00,45.09,45.11,45.07,45.07,18919
2019-02-25 11:55:00-05:00,45.07,45.08,45.055,45.065,18715
2019-02-25 12:00:00-05:00,45.06,45.07,44.99,45.01,27898
2019-02-25 12:05:00-05:00,45.0,45.05,45.0,45.05,12991
2019-02-25 12:10:00-05:00,45.05,45.05,45.025,45.05,13564
2019-02-25 12:15:00-05:00,45.05,45.05,45.0,45.04,24358
2019-02-25 12:20:00-05:00,45.03,45.04,44.975,44.975,17003
2019-02-25 12:25:00-05:00,44.98,45.03,44.98,45.015,9982
2019-02-25 12:30:00-05:00,45.01,45.02,45.01,45.02,28713
2019-02-25 12:35:00-05:00,45.01,45.015,44.99,45.0,10466
2019-02-25 12:40:00-05:00,45.0,45.0,44.98,44.99,11920
2019-02-25 12:45:00-05:00,44.99,45.0,44.99,44.995,7182
2019-02-25 12:50:00-05:00,45.0,45.0,44.985,44.99,12275
2019-02-25 12:55:00-05:00,44.99,45.0,44.985,44.995,9267
2019-02-25 13:00:00-05:00,44.995,45.01,44.99,45.0,19191
2019-02-25 13:05:00-05:00,45.0,45.0,44.99,44.995,4959
2019-02-25 13:10:00-05:00,44.995,45.0,44.985,44.985,7161
2019-02-25 13:15:00-05:00,44.99,44.99,44.97,44.97,8240
2019-02-25 13:20:00-05:00,44.975,44.975,44.95,44.955,7826
2019-02-25 13:25:00-05:00,44.95,44.96,44.93,44.95,15877
2019-02-25 13:30:00-05:00,44.95,44.95,44.92,44.925,21833
2019-02-25 13:35:00-05:00,44.93,44.93,44.925,44.93,7001
2019-02-25 13:40:00-05:00,44.925,44.95,44.925,44.94,15635
2019-02-25 13:45:00-05:00,44.94,44.97,44.94,44.965,30116
2019-02-25 13:50:00-05:00,44.965,44.975,44.96,44.965,14529
2019-02-25 13:55:00-05:00,44.97,44.975,44.965,44.965,13806
2019-02-25 14:00:00-05:00,44.97,44.98,44.95,44.96,25880
2019-02-25 14:05:00-05:00,44.96,44.96,44.95,44.96,15680
2019-02-25 14:10:00-05:00,44.96,44.96,44.955,44.955,33735
2019-02-25 14:15:00-05:00,44.96,44.96,44.945,44.945,18987
2019-02-25 14:20:00-05:00,44.945,44.95,44.92,44.935,17795
2019-02-25 14:25:00-05:00,44.94,44.95,44.93,44.95,12993
2019-02-25 14:30:00-05:00,44.95,44.95,44.94,44.945,15858
2019-02-25 14:35:00-05:00,44.95,44.95,44.945,44.95,15180
2019-02-25 14:40:00-05:00,44.95,44.96,44.94,44.945,24584
2019-02-25 14:45:00-05:00,44.945,44.95,44.94,44.95,14754
2019-02-25 14:50:00-05:00,44.95,44.95,44.92,44.925,15602
2019-02-25 14:55:00-05:00,44.925,44.93,44.91,44.92,14142
2019-02-25 15:00:00-05:00,44.92,44.93,44.91,44.91,39378
2019-02-25 15:05:00-05:00,44.915,44.92,44.9,44.9,21905
2019-02-25 15:10:00-05:00,44.9,44.91,44.9,44.9,18268
2019-02-25 15:15:00-05:00,44.9,44.91,44.9,44.9,17639
2019-02-25 15:20:00-05:00,44.9,44.91,44.85,44.855,33967
2019-02-25 15:25:00-05:00,44.855,44.875,44.85,44.87,15354
2019-02-25 15:30:00-05:00,44.87,44.88,44.86,44.87,43818
2019-02-25 15:35:00-05:00,44.86,44.87,44.86,44.865,54424
2019-02-25 15:40:00-05:00,44.87,44.87,44.855,44.865,64392
2019-02-25 15:45:00-05:00,44.865,44.865,44.845,44.86,67293
2019-02-25 15:50:00-05:00,44.855,44.86,44.84,44.85,71614
2019-02-25 15:55:00-05:00,44.85,44.97,44.84,44.92,180387
2019-02-26 09:30:00-05:00,45.12,45.12,44.91,44.92,18449
2019-02-26 09:35:00-05:00,44.92,44.97,44.92,44.93,11393
2019-02-26 09:40:00-05:00,44.94,44.94,44.9,44.905,51608
2019-02-26 09:45:00-05:00,44.9,44.9,44.87,44.87,14156
2019-02-26 09:50:00-05:00,44.87,44.88,44.83,44.86,21975
2019-02-26 09:55:00-05:00,44.865,44.89,44.85,44.88,27503
2019-02-26 10:00:00-05:00,44.89,44.89,44.88,44.89,24762
2019-02-26 10:05:00-05:00,44.89,44.89,44.87,44.875,26377
2019-02-26 10:10:00-05:00,44.87,44.87,44.85,44.865,16514
2019-02-26 10:15:00-05:00,44.87,44.87,44.83,44.83,24164
2019-02-26 10:20:00-05:00,44.84,44.84,44.825,44.835,17878
2019-02-26 10:25:00-05:00,44.835,44.84,44.8,44.8,20396
2019-02-26 10:30:00-05:00,44.81,44.83,44.805,44.83,8130
2019-02-26 10:35:00-05:00,44.83,44.83,44.8,44.8,11475
2019-02-26 10:40:00-05:00,44.8,44.8,44.75,44.79,15236
2019-02-26 10:45:00-05:00,44.79,44.81,44.78,44.8,19231
2019-02-26 10:50:00-05:00,44.8,44.8,44.79,44.79,11508
2019-02-26 10:55:00-05:00,44.8,44.8,44.71,44.71,25907
2019-02-26 11:00:00-05:00,44.71,44.75,44.7,44.735,12673
2019-02-26 11:05:00-05:00,44.73,44.745,44.69,44.745,42078
2019-02-26 11:10:00-05:00,44.75,44.78,44.75,44.77,31576
2019-02-26 11:15:00-05:00,44.77,44.8,44.76,44.77,15993
2019-02-26 11:20:00-05:00,44.78,44.78,44.75,44.75,10410
2019-02-26 11:25:00-05:00,44.75,44.76,44.7,44.73,15782
2019-02-26 11:30:00-05:00,44.74,44.76,44.705,44.72,20756
2019-02-26 11:35:00-05:00,44.73,44.73,44.66,44.69,29128
2019-02-26 11:40:00-05:00,44.7,44.76,44.7,44.75,12116
2019-02-26 11:45:00-05:00,44.75,44.79,44.74,44.79,14676
2019-02-26 11:50:00-05:00,44.79,44.81,44.78,44.78,13429
2019-02-26 11:55:00-05:00,44.78,44.79,44.76,44.775,10084
2019-02-26 12:00:00-05:00,44.78,44.79,44.75,44.75,15492
2019-02-26 12:05:00-05:00,44.76,44.8,44.76,44.79,21497
2019-02-26 12:10:00-05:00,44.79,44.81,44.78,44.795,21506
2019-02-26 12:15:00-05:00,44.8,44.86,44.795,44.84,19474
2019-02-26 12:20:00-05:00,44.85,44.855,44.84,44.85,11541
2019-02-26 12:25:00-05:00,44.85,44.85,44.81,44.83,9818
2019-02-26 12:30:00-05:00,44.83,44.84,44.815,44.815,16284
2019-02-26 12:35:00-05:00,44.82,44.83,44.82,44.83,9953
2019-02-26 12:40:00-05:00,44.83,44.87,44.82,44.865,12804
2019-02-26 12:45:00-05:00,44.87,44.87,44.86,44.87,3519
2019-02-26 12:50:00-05:00,44.89,44.91,44.885,44.91,8995
2019-02-26 12:55:00-05:00,44.9,44.925,44.9,44.915,3691
2019-02-26 13:00:00-05:00,44.915,44.96,44.915,44.95,8022
2019-02-26 13:05:00-05:00,44.96,44.96,44.925,44.935,14954
2019-02-26 13:10:00-05:00,44.935,44.975,44.93,44.965,4655
2019-02-26 13:15:00-05:00,44.97,44.99,44.94,44.945,17185
2019-02-26 13:20:00-05:00,44.95,44.96,44.94,44.945,9447
2019-02-26 13:25:00-05:00,44.94,44.95,44.935,44.945,7871
2019-02-26 13:30:00-05:00,44.94,44.95,44.93,44.95,18049
2019-02-26 13:35:00-05:00,44.94,44.97,44.93,44.955,11972
2019-02-26 13:40:00-05:00,44.96,44.96,44.93,44.94,18429
2019-02-26 13:45:00-05:00,44.935,44.94,44.93,44.94,17166
2019-02-26 13:50:00-05:00,44.935,44.95,44.92,44.95,13228
2019-02-26 13:55:00-05:00,44.95,44.95,44.94,44.945,8533
2019-02-26 14:00:00-05:00,44.945,44.98,44.945,44.95,18351
2019-02-26 14:05:00-05:00,44.945,44.96,44.915,44.92,49170
2019-02-26 14:10:00-05:00,44.93,44.95,44.92,44.945,11747
2019-02-26 14:15:00-05:00,44.945,44.95,44.93,44.935,5005
2019-02-26 14:20:00-05:00,44.94,44.94,44.915,44.915,11103
2019-02-26 14:25:00-05:00,44.92,44.92,44.9,44.9,16334
2019-02-26 14:30:00-05:00,44.9,44.92,44.9,44.92,11233
2019-02-26 14:35:00-05:00,44.915,44.93,44.9,44.9,21504
2019-02-26 14:40:00-05:00,44.9,44.93,44.9,44.93,9545
2019-02-26 14:45:00-05:00,44.93,44.94,44.925,44.94,18713
2019-02-26 14:50:00-05:00,44.94,44.965,44.92,44.95,28521
2019-02-26 14:55:00-05:00,44.945,44.95,44.94,44.95,7464
2019-02-26 15:00:00-05:00,44.95,44.96,44.93,44.95,18786
2019-02-26 15:05:00-05:00,44.945,44.95,44.93,44.935,14178
2019-02-26 15:10:00-05:00,44.94,44.95,44.93,44.94,9139
2019-02-26 15:15:00-05:00,44.945,44.95,44.92,44.92,26342
2019-02-26 15:20:00-05:00,44.93,44.93,44.91,44.91,17713
2019-02-26 15:25:00-05:00,44.915,44.92,44.9,44.9,23602
2019-02-26 15:30:00-05:00,44.9,44.91,44.88,44.885,47735
2019-02-26 15:35:00-05:00,44.88,44.885,44.86,44.875,17170
2019-02-26 15:40:00-05:00,44.875,44.88,44.81,44.81,38206
2019-02-26 15:45:00-05:00,44.81,44.85,44.79,44.805,40604
2019-02-26 15:50:00-05:00,44.81,44.81,44.73,44.74,70604
2019-02-26 15:55:00-05:00,44.74,44.75,44.68,44.69,158857
2019-02-27 09:30:00-05:00,44.585,44.67,44.54,44.61,14513
2019-02-27 09:35:00-05:00,44.62,44.63,44.43,44.57,23006
2019-02-27 09:40:00-05:00,44.57,44.59,44.48,44.5,9317
2019-02-27 09:45:00-05:00,44.525,44.59,44.525,44.54,16790
2019-02-27 09:50:00-05:00,44.55,44.615,44.53,44.57,18777
2019-02-27 09:55:00-05:00,44.57,44.62,44.565,44.605,13739
2019-02-27 10:00:00-05:00,44.61,44.61,44.53,44.575,25676
2019-02-27 10:05:00-05:00,44.57,44.63,44.56,44.595,16085
2019-02-27 10:10:00-05:00,44.59,44.59,44.5,44.55,20277
2019-02-27 10:15:00-05:00,44.55,44.57,44.535,44.555,8717
2019-02-27 10:20:00-05:00,44.565,44.595,44.55,44.59,13740
2019-02-27 10:25:00-05:00,44.595,44.605,44.565,44.58,12398
2019-02-27 10:30:00-05:00,44.58,44.58,44.55,44.56,15732
2019-02-27 10:35:00-05:00,44.57,44.59,44.56,44.57,17414
2019-02-27 10:40:00-05:00,44.575,44.595,44.55,44.575,15064
2019-02-27 10:45:00-05:00,44.56,44.655,44.56,44.62,32413
2019-02-27 10:50:00-05:00,44.62,44.63,44.59,44.6,39125
2019-02-27 10:55:00-05:00,44.61,44.655,44.6,44.645,52217
2019-02-27 11:00:00-05:00,44.645,44.67,44.61,44.635,57395
2019-02-27 11:05:00-05:00,44.635,44.68,44.62,44.68,19865
2019-02-27 11:10:00-05:00,44.68,44.68,44.625,44.635,18057
2019-02-27 11:15:00-05:00,44.63,44.655,44.605,44.65,12092
2019-02-27 11:20:00-05:00,44.65,44.745,44.65,44.745,15300
2019-02-27 11:25:00-05:00,44.75,44.775,44.73,44.75,19208
2019-02-27 11:30:00-05:00,44.75,44.75,44.67,44.7,11696
2019-02-27 11:35:00-05:00,44.7,44.71,44.66,44.69,6895
2019-02-27 11:40:00-05:00,44.7,44.7,44.66,44.67,5430
2019-02-27 11:45:00-05:00,44.67,44.67,44.64,44.665,7029
2019-02-27 11:50:00-05:00,44.66,44.7,44.66,44.69,6461
2019-02-27 11:55:00-05:00,44.695,44.73,44.69,44.71,11758
2019-02-27 12:00:00-05:00,44.7,44.72,44.68,44.72,8174
2019-02-27 12:05:00-05:00,44.725,44.76,44.72,44.755,11042
2019-02-27 12:10:00-05:00,44.755,44.785,44.74,44.785,19812
2019-02-27 12:15:00-05:00,44.785,44.79,44.75,44.775,32556
2019-02-27 12:20:00-05:00,44.78,44.795,44.74,44.755,28165
2019-02-27 12:25:00-05:00,44.76,44.765,44.75,44.765,6186
2019-02-27 12:30:00-05:00,44.77,44.785,44.735,44.735,8884
2019-02-27 12:35:00-05:00,44.735,44.765,44.735,44.75,7644
2019-02-27 12:40:00-05:00,44.75,44.76,44.7,44.71,7340
2019-02-27 12:45:00-05:00,44.72,44.75,44.715,44.74,7879
2019-02-27 12:50:00-05:00,44.73,44.75,44.725,44.725,5682
2019-02-27 12:55:00-05:00,44.73,44.765,44.72,44.74,9835
2019-02-27 13:00:00-05:00,44.74,44.785,44.74,44.78,15222
2019-02-27 13:05:00-05:00,44.79,44.82,44.785,44.81,8970
2019-02-27 13:10:00-05:00,44.81,44.815,44.76,44.795,7768
2019-02-27 13:15:00-05:00,44.79,44.805,44.77,44.77,6238
2019-02-27 13:20:00-05:00,44.76,44.78,44.76,44.76,7047
2019-02-27 13:25:00-05:00,44.76,44.765,44.745,44.745,8541
2019-02-27 13:30:00-05:00,44.745,44.77,44.74,44.765,33476
2019-02-27 13:35:00-05:00,44.77,44.79,44.77,44.79,3596
2019-02-27 13:40:00-05:00,44.79,44.84,44.785,44.84,7947
2019-02-27 13:45:00-05:00,44.835,44.875,44.82,44.825,49634
2019-02-27 13:50:00-05:00,44.825,44.85,44.825,44.83,19198
2019-02-27 13:55:00-05:00,44.84,44.84,44.81,44.82,11407
2019-02-27 14:00:00-05:00,44.82,44.825,44.805,44.82,9363
2019-02-27 14:05:00-05:00,44.82,44.82,44.78,44.78,20660
2019-02-27 14:10:00-05:00,44.76,44.79,44.76,44.78,23344
2019-02-27 14:15:00-05:00,44.79,44.8,44.78,44.795,12485
2019-02-27 14:20:00-05:00,44.795,44.83,44.795,44.81,25192
2019-02-27 14:25:00-05:00,44.815,44.855,44.81,44.85,15640
2019-02-27 14:30:00-05:00,44.845,44.865,44.835,44.84,22964
2019-02-27 14:35:00-05:00,44.84,44.85,44.84,44.845,10337
2019-02-27 14:40:00-05:00,44.85,44.85,44.81,44.845,22084
2019-02-27 14:45:00-05:00,44.85,44.86,44.82,44.85,17301
2019-02-27 14:50:00-05:00,44.85,44.87,44.84,44.87,20683
2019-02-27 14:55:00-05:00,44.87,44.93,44.87,44.925,17363
2019-02-27 15:00:00-05:00,44.92,44.92,44.86,44.86,23991
2019-02-27 15:05:00-05:00,44.86,44.88,44.85,44.88,12022
2019-02-27 15:10:00-05:00,44.88,44.9,44.87,44.885,21680
2019-02-27 15:15:00-05:00,44.885,44.905,44.86,44.86,18697
2019-02-27 15:20:00-05:00,44.86,44.88,44.86,44.875,21540
2019-02-27 15:25:00-05:00,44.875,44.9,44.875,44.895,21630
2019-02-27 15:30:00-05:00,44.9,44.915,44.885,44.91,57218
2019-02-27 15:35:00-05:00,44.905,44.94,44.9,44.94,55070
2019-02-27 15:40:00-05:00,44.94,44.96,44.93,44.94,62995
2019-02-27 15:45:00-05:00,44.94,44.95,44.92,44.95,58909
2019-02-27 15:50:00-05:00,44.95,45.0,44.945,44.995,62034
2019-02-27 15:55:00-05:00,45.0,45.02,44.94,44.95,133536
2019-02-28 09:25:00-05:00,45.1,45.1,45.1,45.1,1500
2019-02-28 09:30:00-05:00,45.13,45.39,45.13,45.34,43141
2019-02-28 09:35:00-05:00,45.37,45.45,45.27,45.32,46421
2019-02-28 09:40:00-05:00,45.32,45.32,45.2,45.225,25562
2019-02-28 09:45:00-05:00,45.225,45.27,45.17,45.19,28664
2019-02-28 09:50:00-05:00,45.185,45.215,45.15,45.18,31397
2019-02-28 09:55:00-05:00,45.175,45.28,45.17,45.26,30461
2019-02-28 10:00:00-05:00,45.25,45.26,45.205,45.26,25114
2019-02-28 10:05:00-05:00,45.26,45.33,45.25,45.29,28316
2019-02-28 10:10:00-05:00,45.295,45.3,45.215,45.27,32173
2019-02-28 10:15:00-05:00,45.275,45.33,45.27,45.3,24825
2019-02-28 10:20:00-05:00,45.31,45.32,45.24,45.24,32855
2019-02-28 10:25:00-05:00,45.245,45.31,45.24,45.3,27603
2019-02-28 10:30:00-05:00,45.305,45.34,45.3,45.31,20952
2019-02-28 10:35:00-05:00,45.31,45.325,45.3,45.305,20397
2019-02-28 10:40:00-05:00,45.305,45.305,45.24,45.295,14423
2019-02-28 10:45:00-05:00,45.295,45.295,45.22,45.245,17724
2019-02-28 10:50:00-05:00,45.25,45.32,45.24,45.31,13777
2019-02-28 10:55:00-05:00,45.31,45.32,45.31,45.31,12659
2019-02-28 11:00:00-05:00,45.31,45.31,45.26,45.26,19015
2019-02-28 11:05:00-05:00,45.265,45.305,45.26,45.28,15597
2019-02-28 11:10:00-05:00,45.27,45.3,45.27,45.28,14387
2019-02-28 11:15:00-05:00,45.285,45.3,45.27,45.295,15384
2019-02-28 11:20:00-05:00,45.29,45.315,45.28,45.3,19601
2019-02-28 11:25:00-05:00,45.29,45.33,45.29,45.33,94859
2019-02-28 11:30:00-05:00,45.335,45.36,45.31,45.31,25257
2019-02-28 11:35:00-05:00,45.31,45.35,45.31,45.345,17801
2019-02-28 11:40:00-05:00,45.345,45.36,45.34,45.345,22945
2019-02-28 11:45:00-05:00,45.35,45.35,45.26,45.295,24982
2019-02-28 11:50:00-05:00,45.295,45.34,45.285,45.34,10565
2019-02-28 11:55:00-05:00,45.35,45.37,45.33,45.34,10072
2019-02-28 12:00:00-05:00,45.335,45.36,45.325,45.35,14468
2019-02-28 12:05:00-05:00,45.355,45.4,45.34,45.39,13670
2019-02-28 12:10:00-05:00,45.385,45.39,45.34,45.37,14764
2019-02-28 12:15:00-05:00,45.37,45.405,45.36,45.405,15410
2019-02-28 12:20:00-05:00,45.405,45.43,45.395,45.42,17408
2019-02-28 12:25:00-05:00,45.43,45.435,45.41,45.42,15324
2019-02-28 12:30:00-05:00,45.415,45.425,45.41,45.42,10884
2019-02-28 12:35:00-05:00,45.425,45.425,45.4,45.4,16353
2019-02-28 12:40:00-05:00,45.405,45.41,45.4,45.405,18915
2019-02-28 12:45:00-05:00,45.405,45.45,45.4,45.45,25200
2019-02-28 12:50:00-05:00,45.445,45.5,45.44,45.495,16188
2019-02-28 12:55:00-05:00,45.495,45.54,45.485,45.515,23965
2019-02-28 13:00:00-05:00,45.515,45.52,45.49,45.5,18591
2019-02-28 13:05:00-05:00,45.5,45.54,45.485,45.49,14532
2019-02-28 13:10:00-05:00,45.49,45.51,45.475,45.485,14125
2019-02-28 13:15:00-05:00,45.485,45.5,45.48,45.495,9368
2019-02-28 13:20:00-05:00,45.5,45.51,45.48,45.48,13817
2019-02-28 13:25:00-05:00,45.485,45.51,45.48,45.5,15265
2019-02-28 13:30:00-05:00,45.505,45.52,45.5,45.515,10588
2019-02-28 13:35:00-05:00,45.515,45.52,45.51,45.515,15455
2019-02-28 13:40:00-05:00,45.515,45.53,45.48,45.52,25390
2019-02-28 13:45:00-05:00,45.525,45.54,45.52,45.54,11699
2019-02-28 13:50:00-05:00,45.535,45.545,45.53,45.54,8920
2019-02-28 13:55:00-05:00,45.54,45.54,45.51,45.53,16743
2019-02-28 14:00:00-05:00,45.535,45.555,45.51,45.53,14427
2019-02-28 14:05:00-05:00,45.53,45.54,45.52,45.53,17237
2019-02-28 14:10:00-05:00,45.53,45.54,45.52,45.53,18295
2019-02-28 14:15:00-05:00,45.525,45.53,45.495,45.505,19845
2019-02-28 14:20:00-05:00,45.505,45.53,45.485,45.53,13761
2019-02-28 14:25:00-05:00,45.525,45.53,45.495,45.52,14702
2019-02-28 14:30:00-05:00,45.515,45.52,45.49,45.495,16546
2019-02-28 14:35:00-05:00,45.49,45.515,45.475,45.49,14712
2019-02-28 14:40:00-05:00,45.49,45.5,45.47,45.5,14353
2019-02-28 14:45:00-05:00,45.5,45.58,45.48,45.58,33612
2019-02-28 14:50:00-05:00,45.585,45.6,45.54,45.54,22693
2019-02-28 14:55:00-05:00,45.54,45.54,45.51,45.52,20535
2019-02-28 15:00:00-05:00,45.53,45.55,45.5,45.545,25042
2019-02-28 15:05:00-05:00,45.54,45.58,45.54,45.57,19299
2019-02-28 15:10:00-05:00,45.575,45.58,45.555,45.555,23849
2019-02-28 15:15:00-05:00,45.55,45.555,45.515,45.52,24143
2019-02-28 15:20:00-05:00,45.53,45.56,45.5,45.5,31338
2019-02-28 15:25:00-05:00,45.51,45.51,45.475,45.49,39618
2019-02-28 15:30:00-05:00,45.495,45.51,45.48,45.51,26013
2019-02-28 15:35:00-05:00,45.51,45.52,45.48,45.495,41339
2019-02-28 15:40:00-05:00,45.495,45.5,45.45,45.46,40045
2019-02-28 15:45:00-05:00,45.46,45.48,45.43,45.455,60483
2019-02-28 15:50:00-05:00,45.455,45.5,45.42,45.43,87631
2019-02-28 15:55:00-05:00,45.43,45.44,45.31,45.34,254826
2019-03-01 09:30:00-05:00,45.5,45.64,45.37,45.435,17535
2019-03-01 09:35:00-05:00,45.455,45.465,45.36,45.36,10412
2019-03-01 09:40:00-05:00,45.36,45.405,45.33,45.34,8975
2019-03-01 09:45:00-05:00,45.345,45.37,45.29,45.35,14148
2019-03-01 09:50:00-05:00,45.34,45.44,45.34,45.39,5370
2019-03-01 09:55:00-05:00,45.38,45.41,45.38,45.395,7118
2019-03-01 10:00:00-05:00,45.39,45.39,45.35,45.365,15465
2019-03-01 10:05:00-05:00,45.37,45.37,45.34,45.35,12357
2019-03-01 10:10:00-05:00,45.35,45.365,45.33,45.34,7970
2019-03-01 10:15:00-05:00,45.34,45.36,45.33,45.345,15235
2019-03-01 10:20:00-05:00,45.34,45.35,45.33,45.33,10826
2019-03-01 10:25:00-05:00,45.335,45.34,45.28,45.3,7667
2019-03-01 10:30:00-05:00,45.3,45.33,45.28,45.29,16335
2019-03-01 10:35:00-05:00,45.29,45.3,45.275,45.29,8840
2019-03-01 10:40:00-05:00,45.29,45.3,45.29,45.295,10739
2019-03-01 10:45:00-05:00,45.295,45.3,45.29,45.3,12452
2019-03-01 10:50:00-05:00,45.295,45.305,45.28,45.29,11995
2019-03-01 10:55:00-05:00,45.285,45.3,45.285,45.285,7980
2019-03-01 11:00:00-05:00,45.285,45.285,45.26,45.27,9118
2019-03-01 11:05:00-05:00,45.26,45.27,45.22,45.255,19096
2019-03-01 11:10:00-05:00,45.25,45.255,45.24,45.25,5407
2019-03-01 11:15:00-05:00,45.255,45.26,45.235,45.24,19752
2019-03-01 11:20:00-05:00,45.24,45.25,45.23,45.25,15813
2019-03-01 11:25:00-05:00,45.24,45.25,45.235,45.245,6570
2019-03-01 11:30:00-05:00,45.245,45.25,45.24,45.24,15641
2019-03-01 11:35:00-05:00,45.245,45.255,45.24,45.245,11274
2019-03-01 11:40:00-05:00,45.24,45.25,45.24,45.25,3929
2019-03-01 11:45:00-05:00,45.25,45.26,45.25,45.255,6505
2019-03-01 11:50:00-05:00,45.255,45.27,45.25,45.26,14219
2019-03-01 11:55:00-05:00,45.25,45.27,45.25,45.265,13365
2019-03-01 12:00:00-05:00,45.26,45.26,45.23,45.235,39194
2019-03-01 12:05:00-05:00,45.23,45.24,45.21,45.23,15266
2019-03-01 12:10:00-05:00,45.235,45.24,45.23,45.235,7274
2019-03-01 12:15:00-05:00,45.24,45.24,45.23,45.23,5449
2019-03-01 12:20:00-05:00,45.24,45.24,45.23,45.24,9043
2019-03-01 12:25:00-05:00,45.24,45.25,45.24,45.25,22912
2019-03-01 12:30:00-05:00,45.245,45.25,45.24,45.245,4418
2019-03-01 12:35:00-05:00,45.245,45.25,45.22,45.22,17373
2019-03-01 12:40:00-05:00,45.22,45.23,45.2,45.22,15830
2019-03-01 12:45:00-05:00,45.23,45.23,45.21,45.23,13416
2019-03-01 12:50:00-05:00,45.23,45.24,45.22,45.24,17390
2019-03-01 12:55:00-05:00,45.23,45.23,45.21,45.225,7837
2019-03-01 13:00:00-05:00,45.23,45.28,45.22,45.27,10131
2019-03-01 13:05:00-05:00,45.275,45.3,45.27,45.3,5728
2019-03-01 13:10:00-05:00,45.3,45.3,45.29,45.3,15950
2019-03-01 13:15:00-05:00,45.29,45.3,45.265,45.28,15293
2019-03-01 13:20:00-05:00,45.27,45.275,45.25,45.255,12015
2019-03-01 13:25:00-05:00,45.255,45.28,45.25,45.275,10669
2019-03-01 13:30:00-05:00,45.27,45.28,45.25,45.275,18216
2019-03-01 13:35:00-05:00,45.275,45.28,45.265,45.27,4823
2019-03-01 13:40:00-05:00,45.28,45.32,45.28,45.32,11626
2019-03-01 13:45:00-05:00,45.31,45.325,45.3,45.3,17719
2019-03-01 13:50:00-05:00,45.3,45.32,45.28,45.285,19032
2019-03-01 13:55:00-05:00,45.29,45.29,45.27,45.28,9290
2019-03-01 14:00:00-05:00,45.28,45.29,45.27,45.275,10003
2019-03-01 14:05:00-05:00,45.275,45.29,45.27,45.28,6402
2019-03-01 14:10:00-05:00,45.29,45.29,45.27,45.275,11947
2019-03-01 14:15:00-05:00,45.28,45.29,45.27,45.28,10065
2019-03-01 14:20:00-05:00,45.28,45.305,45.28,45.295,18141
2019-03-01 14:25:00-05:00,45.3,45.31,45.29,45.305,21401
2019-03-01 14:30:00-05:00,45.31,45.31,45.28,45.3,25265
2019-03-01 14:35:00-05:00,45.31,45.34,45.29,45.33,17165
2019-03-01 14:40:00-05:00,45.34,45.355,45.33,45.35,13338
2019-03-01 14:45:00-05:00,45.345,45.35,45.34,45.35,8321
2019-03-01 14:50:00-05:00,45.35,45.36,45.34,45.35,12407
2019-03-01 14:55:00-05:00,45.34,45.36,45.33,45.36,10608
2019-03-01 15:00:00-05:00,45.36,45.37,45.355,45.37,7520
2019-03-01 15:05:00-05:00,45.375,45.38,45.35,45.35,13972
2019-03-01 15:10:00-05:00,45.355,45.375,45.35,45.37,17080
2019-03-01 15:15:00-05:00,45.38,45.38,45.33,45.33,11065
2019-03-01 15:20:00-05:00,45.335,45.35,45.33,45.335,10526
2019-03-01 15:25:00-05:00,45.34,45.36,45.33,45.34,21790
2019-03-01 15:30:00-05:00,45.35,45.35,45.33,45.335,22406
2019-03-01 15:35:00-05:00,45.34,45.36,45.32,45.325,33292
2019-03-01 15:40:00-05:00,45.32,45.36,45.32,45.36,37589
2019-03-01 15:45:00-05:00,45.375,45.375,45.29,45.31,47473
2019-03-01 15:50:00-05:00,45.305,45.365,45.3,45.36,62988
2019-03-01 15:55:00-05:00,45.35,45.39,45.31,45.38,158861
2019-03-04 09:30:00-05:00,45.5,45.54,45.31,45.34,10534
2019-03-04 09:35:00-05:00,45.34,45.4,45.31,45.39,8406
2019-03-04 09:40:00-05:00,45.395,45.44,45.37,45.415,10035
2019-03-04 09:45:00-05:00,45.425,45.44,45.41,45.42,15070
2019-03-04 09:50:00-05:00,45.42,45.45,45.42,45.445,12021
2019-03-04 09:55:00-05:00,45.45,45.5,45.45,45.46,13178
2019-03-04 10:00:00-05:00,45.465,45.49,45.465,45.48,10499
2019-03-04 10:05:00-05:00,45.475,45.49,45.445,45.49,8597
2019-03-04 10:10:00-05:00,45.49,45.5,45.44,45.45,12704
2019-03-04 10:15:00-05:00,45.45,45.495,45.45,45.48,9583
2019-03-04 10:20:00-05:00,45.475,45.49,45.47,45.49,7130
2019-03-04 10:25:00-05:00,45.49,45.53,45.49,45.52,7494
2019-03-04 10:30:00-05:00,45.52,45.54,45.51,45.525,11648
2019-03-04 10:35:00-05:00,45.52,45.55,45.51,45.51,9756
2019-03-04 10:40:00-05:00,45.515,45.55,45.5,45.545,9202
2019-03-04 10:45:00-05:00,45.54,45.575,45.54,45.55,10822
2019-03-04 10:50:00-05:00,45.54,45.56,45.52,45.555,15193
2019-03-04 10:55:00-05:00,45.555,45.56,45.53,45.56,13940
2019-03-04 11:00:00-05:00,45.56,45.57,45.55,45.56,12565
2019-03-04 11:05:00-05:00,45.56,45.6,45.555,45.58,21087
2019-03-04 11:10:00-05:00,45.59,45.595,45.56,45.59,11508
2019-03-04 11:15:00-05:00,45.59,45.62,45.585,45.6,12795
2019-03-04 11:20:00-05:00,45.6,45.625,45.565,45.59,11709
2019-03-04 11:25:00-05:00,45.59,45.59,45.515,45.515,14441
2019-03-04 11:30:00-05:00,45.515,45.52,45.46,45.475,9760
2019-03-04 11:35:00-05:00,45.47,45.5,45.46,45.46,7710
2019-03-04 11:40:00-05:00,45.46,45.48,45.43,45.43,9130
2019-03-04 11:45:00-05:00,45.44,45.465,45.42,45.44,11356
2019-03-04 11:50:00-05:00,45.45,45.455,45.4,45.41,5329
2019-03-04 11:55:00-05:00,45.42,45.42,45.335,45.34,10644
2019-03-04 12:00:00-05:00,45.34,45.41,45.32,45.41,9605
2019-03-04 12:05:00-05:00,45.405,45.44,45.385,45.415,12415
2019-03-04 12:10:00-05:00,45.415,45.42,45.4,45.41,21679
2019-03-04 12:15:00-05:00,45.405,45.405,45.35,45.37,18384
2019-03-04 12:20:00-05:00,45.375,45.41,45.37,45.4,7742
2019-03-04 12:25:00-05:00,45.41,45.415,45.38,45.415,14085
2019-03-04 12:30:00-05:00,45.415,45.43,45.395,45.43,10828
2019-03-04 12:35:00-05:00,45.43,45.445,45.42,45.425,16293
2019-03-04 12:40:00-05:00,45.42,45.425,45.4,45.41,7376
2019-03-04 12:45:00-05:00,45.4,45.41,45.38,45.4,9134
2019-03-04 12:50:00-05:00,45.4,45.44,45.395,45.43,11768
2019-03-04 12:55:00-05:00,45.44,45.475,45.4,45.475,9661
2019-03-04 13:00:00-05:00,45.47,45.47,45.41,45.41,9271
2019-03-04 13:05:00-05:00,45.41,45.425,45.38,45.4,14526
2019-03-04 13:10:00-05:00,45.4,45.425,45.395,45.4,13856
2019-03-04 13:15:00-05:00,45.4,45.445,45.39,45.43,13106
2019-03-04 13:20:00-05:00,45.44,45.48,45.42,45.47,5919
2019-03-04 13:25:00-05:00,45.47,45.5,45.45,45.495,16387
2019-03-04 13:30:00-05:00,45.495,45.52,45.495,45.52,13208
2019-03-04 13:35:00-05:00,45.52,45.52,45.49,45.51,12887
2019-03-04 13:40:00-05:00,45.505,45.555,45.505,45.555,5729
2019-03-04 13:45:00-05:00,45.555,45.565,45.535,45.565,13723
2019-03-04 13:50:00-05:00,45.57,45.59,45.56,45.59,14724
2019-03-04 13:55:00-05:00,45.59,45.595,45.56,45.58,12694
2019-03-04 14:00:00-05:00,45.59,45.6,45.59,45.6,14876
2019-03-04 14:05:00-05:00,45.62,45.63,45.6,45.625,15682
2019-03-04 14:10:00-05:00,45.625,45.625,45.595,45.605,13995
2019-03-04 14:15:00-05:00,45.61,45.63,45.6,45.63,12134
2019-03-04 14:20:00-05:00,45.63,45.63,45.62,45.625,13643
2019-03-04 14:25:00-05:00,45.625,45.65,45.62,45.65,17352
2019-03-04 14:30:00-05:00,45.65,45.65,45.63,45.63,18689
2019-03-04 14:35:00-05:00,45.63,45.63,45.59,45.61,8897
2019-03-04 14:40:00-05:00,45.6,45.625,45.6,45.62,25735
2019-03-04 14:45:00-05:00,45.625,45.635,45.61,45.615,7906
2019-03-04 14:50:00-05:00,45.62,45.65,45.62,45.64,10282
2019-03-04 14:55:00-05:00,45.65,45.65,45.63,45.63,6991
2019-03-04 15:00:00-05:00,45.63,45.63,45.555,45.56,6448
2019-03-04 15:05:00-05:00,45.56,45.575,45.555,45.565,6685
2019-03-04 15:10:00-05:00,45.57,45.58,45.535,45.55,7814
2019-03-04 15:15:00-05:00,45.55,45.57,45.535,45.56,5449
2019-03-04 15:20:00-05:00,45.56,45.59,45.555,45.575,6680
2019-03-04 15:25:00-05:00,45.58,45.62,45.58,45.6,14938
2019-03-04 15:30:00-05:00,45.6,45.65,45.595,45.64,19785
2019-03-04 15:35:00-05:00,45.64,45.65,45.6,45.65,15065
2019-03-04 15:40:00-05:00,45.645,45.65,45.605,45.635,16157
2019-03-04 15:45:00-05:00,45.64,45.65,45.625,45.63,14414
2019-03-04 15:50:00-05:00,45.63,45.66,45.6,45.65,31162
2019-03-04 15:55:00-05:00,45.64,45.67,45.62,45.66,119255
2019-03-04 16:00:00-05:00,45.56,45.56,45.56,45.56,254
2019-03-04 16:40:00-05:00,45.66,45.66,45.66,45.66,159
2019-03-05 09:30:00-05:00,45.65,45.68,45.5,45.63,14986
2019-03-05 09:35:00-05:00,45.63,45.64,45.47,45.48,14660
2019-03-05 09:40:00-05:00,45.47,45.57,45.465,45.57,22798
2019-03-05 09:45:00-05:00,45.57,45.6,45.48,45.53,19956
2019-03-05 09:50:00-05:00,45.52,45.55,45.51,45.51,15036
2019-03-05 09:55:00-05:00,45.51,45.55,45.5,45.5,9170
2019-03-05 10:00:00-05:00,45.51,45.58,45.51,45.57,19806
2019-03-05 10:05:00-05:00,45.57,45.595,45.55,45.56,14738
2019-03-05 10:10:00-05:00,45.565,45.59,45.505,45.52,11351
2019-03-05 10:15:00-05:00,45.53,45.54,45.505,45.505,10454
2019-03-05 10:20:00-05:00,45.5,45.56,45.5,45.55,15271
2019-03-05 10:25:00-05:00,45.545,45.58,45.515,45.53,17633
2019-03-05 10:30:00-05:00,45.54,45.57,45.54,45.56,7195
2019-03-05 10:35:00-05:00,45.55,45.56,45.535,45.56,9031
2019-03-05 10:40:00-05:00,45.565,45.57,45.52,45.53,10082
2019-03-05 10:45:00-05:00,45.53,45.55,45.51,45.54,96667
2019-03-05 10:50:00-05:00,45.55,45.56,45.54,45.56,10808
2019-03-05 10:55:00-05:00,45.55,45.55,45.49,45.505,95972
2019-03-05 11:00:00-05:00,45.51,45.515,45.48,45.5,12338
2019-03-05 11:05:00-05:00,45.49,45.49,45.455,45.49,15213
2019-03-05 11:10:00-05:00,45.485,45.495,45.47,45.49,10852
2019-03-05 11:15:00-05:00,45.49,45.49,45.47,45.475,9066
2019-03-05 11:20:00-05:00,45.48,45.5,45.47,45.48,12205
2019-03-05 11:25:00-05:00,45.47,45.49,45.47,45.48,11346
2019-03-05 11:30:00-05:00,45.485,45.5,45.48,45.5,11216
2019-03-05 11:35:00-05:00,45.5,45.53,45.5,45.525,13319
2019-03-05 11:40:00-05:00,45.53,45.53,45.51,45.51,8092
2019-03-05 11:45:00-05:00,45.51,45.51,45.47,45.47,8345
2019-03-05 11:50:00-05:00,45.47,45.47,45.45,45.45,9720
2019-03-05 11:55:00-05:00,45.455,45.46,45.45,45.455,20939
2019-03-05 12:00:00-05:00,45.46,45.46,45.455,45.46,6086
2019-03-05 12:05:00-05:00,45.46,45.465,45.45,45.45,9428
2019-03-05 12:10:00-05:00,45.45,45.455,45.45,45.45,8829
2019-03-05 12:15:00-05:00,45.45,45.45,45.45,45.45,3973
2019-03-05 12:20:00-05:00,45.45,45.455,45.45,45.45,3993
2019-03-05 12:25:00-05:00,45.45,45.46,45.45,45.455,12038
2019-03-05 12:30:00-05:00,45.455,45.455,45.45,45.45,13629
2019-03-05 12:35:00-05:00,45.45,45.455,45.43,45.43,11154
2019-03-05 12:40:00-05:00,45.43,45.435,45.4,45.4,8615
2019-03-05 12:45:00-05:00,45.4,45.41,45.4,45.4,4443
2019-03-05 12:50:00-05:00,45.4,45.42,45.4,45.42,7892
2019-03-05 12:55:00-05:00,45.42,45.43,45.41,45.43,9785
2019-03-05 13:00:00-05:00,45.43,45.44,45.42,45.435,6369
2019-03-05 13:05:00-05:00,45.44,45.46,45.44,45.46,5115
2019-03-05 13:10:00-05:00,45.46,45.485,45.46,45.47,9344
2019-03-05 13:15:00-05:00,45.47,45.47,45.44,45.44,2574
2019-03-05 13:20:00-05:00,45.435,45.45,45.43,45.44,7807
2019-03-05 13:25:00-05:00,45.445,45.45,45.44,45.44,4225
2019-03-05 13:30:00-05:00,45.45,45.45,45.44,45.45,4114
2019-03-05 13:35:00-05:00,45.45,45.47,45.445,45.465,5019
2019-03-05 13:40:00-05:00,45.465,45.47,45.45,45.455,8291
2019-03-05 13:45:00-05:00,45.46,45.47,45.45,45.465,6714
2019-03-05 13:50:00-05:00,45.47,45.54,45.47,45.535,9421
2019-03-05 13:55:00-05:00,45.53,45.55,45.525,45.545,14868
2019-03-05 14:00:00-05:00,45.545,45.56,45.54,45.545,17402
2019-03-05 14:05:00-05:00,45.54,45.55,45.52,45.55,9690
2019-03-05 14:10:00-05:00,45.545,45.56,45.54,45.56,12975
2019-03-05 14:15:00-05:00,45.56,45.59,45.56,45.59,6723
2019-03-05 14:20:00-05:00,45.59,45.625,45.59,45.62,11830
2019-03-05 14:25:00-05:00,45.62,45.62,45.61,45.62,5803
2019-03-05 14:30:00-05:00,45.61,45.625,45.61,45.61,11639
2019-03-05 14:35:00-05:00,45.61,45.62,45.6,45.615,10898
2019-03-05 14:40:00-05:00,45.615,45.615,45.61,45.615,4803
2019-03-05 14:45:00-05:00,45.615,45.64,45.61,45.64,12151
2019-03-05 14:50:00-05:00,45.645,45.68,45.64,45.68,27365
2019-03-05 14:55:00-05:00,45.675,45.69,45.66,45.68,11705
2019-03-05 15:00:00-05:00,45.68,45.69,45.66,45.68,9910
2019-03-05 15:05:00-05:00,45.68,45.68,45.62,45.63,6337
2019-03-05 15:10:00-05:00,45.635,45.66,45.615,45.62,12446
2019-03-05 15:15:00-05:00,45.62,45.64,45.615,45.635,9680
2019-03-05 15:20:00-05:00,45.63,45.63,45.605,45.61,11666
2019-03-05 15:25:00-05:00,45.61,45.615,45.59,45.6,8961
2019-03-05 15:30:00-05:00,45.6,45.6,45.58,45.595,10665
2019-03-05 15:35:00-05:00,45.6,45.61,45.585,45.585,27775
2019-03-05 15:40:00-05:00,45.59,45.64,45.59,45.64,23829
2019-03-05 15:45:00-05:00,45.64,45.645,45.62,45.63,24099
2019-03-05 15:50:00-05:00,45.63,45.635,45.62,45.63,43483
2019-03-05 15:55:00-05:00,45.63,45.65,45.57,45.61,103339
2019-03-06 09:30:00-05:00,45.67,45.78,45.65,45.71,29468
2019-03-06 09:35:00-05:00,45.7,45.78,45.7,45.77,18725
2019-03-06 09:40:00-05:00,45.77,45.77,45.73,45.745,18500
2019-03-06 09:45:00-05:00,45.745,45.76,45.72,45.73,12355
2019-03-06 09:50:00-05:00,45.72,45.73,45.68,45.68,21904
2019-03-06 09:55:00-05:00,45.685,45.685,45.62,45.625,14696
2019-03-06 10:00:00-05:00,45.61,45.61,45.57,45.585,10349
2019-03-06 10:05:00-05:00,45.585,45.62,45.58,45.62,7076
2019-03-06 10:10:00-05:00,45.61,45.61,45.56,45.575,17484
2019-03-06 10:15:00-05:00,45.57,45.58,45.55,45.56,12516
2019-03-06 10:20:00-05:00,45.56,45.56,45.535,45.56,14900
2019-03-06 10:25:00-05:00,45.555,45.59,45.555,45.565,9826
2019-03-06 10:30:00-05:00,45.565,45.585,45.555,45.555,10612
2019-03-06 10:35:00-05:00,45.55,45.56,45.54,45.55,9606
2019-03-06 10:40:00-05:00,45.55,45.55,45.53,45.54,7202
2019-03-06 10:45:00-05:00,45.54,45.59,45.54,45.58,16400
2019-03-06 10:50:00-05:00,45.59,45.59,45.535,45.55,18220
2019-03-06 10:55:00-05:00,45.56,45.59,45.56,45.56,12089
2019-03-06 11:00:00-05:00,45.56,45.6,45.55,45.595,7492
2019-03-06 11:05:00-05:00,45.6,45.6,45.575,45.58,12094
2019-03-06 11:10:00-05:00,45.575,45.575,45.53,45.535,12876
2019-03-06 11:15:00-05:00,45.535,45.54,45.525,45.53,4958
2019-03-06 11:20:00-05:00,45.54,45.54,45.48,45.49,15491
2019-03-06 11:25:00-05:00,45.5,45.51,45.49,45.51,12709
2019-03-06 11:30:00-05:00,45.51,45.565,45.505,45.565,12446
2019-03-06 11:35:00-05:00,45.57,45.62,45.565,45.6,21485
2019-03-06 11:40:00-05:00,45.6,45.62,45.58,45.58,11524
2019-03-06 11:45:00-05:00,45.585,45.59,45.56,45.56,5768
2019-03-06 11:50:00-05:00,45.56,45.565,45.54,45.555,9045
2019-03-06 11:55:00-05:00,45.55,45.57,45.55,45.57,8301
2019-03-06 12:00:00-05:00,45.57,45.61,45.57,45.61,6301
2019-03-06 12:05:00-05:00,45.61,45.61,45.59,45.61,8980
2019-03-06 12:10:00-05:00,45.6,45.6,45.55,45.57,8397
2019-03-06 12:15:00-05:00,45.57,45.59,45.57,45.57,5039
2019-03-06 12:20:00-05:00,45.565,45.565,45.52,45.53,5796
2019-03-06 12:25:00-05:00,45.535,45.545,45.5,45.53,12510
2019-03-06 12:30:00-05:00,45.53,45.575,45.53,45.55,6961
2019-03-06 12:35:00-05:00,45.555,45.57,45.55,45.55,3673
2019-03-06 12:40:00-05:00,45.55,45.55,45.53,45.53,4727
2019-03-06 12:45:00-05:00,45.53,45.545,45.525,45.545,6949
2019-03-06 12:50:00-05:00,45.54,45.55,45.5,45.505,10784
2019-03-06 12:55:00-05:00,45.505,45.51,45.48,45.48,6164
2019-03-06 13:00:00-05:00,45.49,45.5,45.48,45.48,6437
2019-03-06 13:05:00-05:00,45.48,45.5,45.47,45.5,4574
2019-03-06 13:10:00-05:00,45.5,45.5,45.485,45.495,4543
2019-03-06 13:15:00-05:00,45.495,45.51,45.485,45.5,5655
2019-03-06 13:20:00-05:00,45.5,45.505,45.49,45.495,3160
2019-03-06 13:25:00-05:00,45.495,45.52,45.485,45.515,11987
2019-03-06 13:30:00-05:00,45.525,45.535,45.5,45.51,10106
2019-03-06 13:35:00-05:00,45.525,45.54,45.51,45.54,7475
2019-03-06 13:40:00-05:00,45.54,45.55,45.535,45.55,3842
2019-03-06 13:45:00-05:00,45.55,45.55,45.515,45.52,7154
2019-03-06 13:50:00-05:00,45.51,45.535,45.505,45.51,10901
2019-03-06 13:55:00-05:00,45.52,45.555,45.52,45.555,8234
2019-03-06 14:00:00-05:00,45.56,45.57,45.55,45.57,5762
2019-03-06 14:05:00-05:00,45.57,45.57,45.535,45.545,15793
2019-03-06 14:10:00-05:00,45.555,45.565,45.545,45.555,11853
2019-03-06 14:15:00-05:00,45.56,45.57,45.51,45.52,11800
2019-03-06 14:20:00-05:00,45.52,45.545,45.52,45.535,4934
2019-03-06 14:25:00-05:00,45.54,45.54,45.495,45.495,5703
2019-03-06 14:30:00-05:00,45.5,45.5,45.465,45.47,8144
2019-03-06 14:35:00-05:00,45.48,45.49,45.48,45.48,7789
2019-03-06 14:40:00-05:00,45.49,45.515,45.485,45.51,13686
2019-03-06 14:45:00-05:00,45.51,45.55,45.51,45.53,13287
2019-03-06 14:50:00-05:00,45.54,45.57,45.52,45.56,12294
2019-03-06 14:55:00-05:00,45.57,45.575,45.505,45.515,21953
2019-03-06 15:00:00-05:00,45.51,45.55,45.51,45.53,9928
2019-03-06 15:05:00-05:00,45.52,45.54,45.51,45.52,5968
2019-03-06 15:10:00-05:00,45.51,45.51,45.48,45.48,9390
2019-03-06 15:15:00-05:00,45.475,45.49,45.46,45.49,10671
2019-03-06 15:20:00-05:00,45.49,45.51,45.49,45.49,18171
2019-03-06 15:25:00-05:00,45.5,45.53,45.47,45.53,16080
2019-03-06 15:30:00-05:00,45.53,45.545,45.52,45.54,17928
2019-03-06 15:35:00-05:00,45.53,45.58,45.52,45.56,13884
2019-03-06 15:40:00-05:00,45.57,45.59,45.55,45.555,25094
2019-03-06 15:45:00-05:00,45.56,45.56,45.5,45.53,33478
2019-03-06 15:50:00-05:00,45.53,45.55,45.51,45.51,38499
2019-03-06 15:55:00-05:00,45.52,45.54,45.44,45.46,145783
2019-03-07 09:30:00-05:00,45.49,45.53,45.35,45.41,15769
2019-03-07 09:35:00-05:00,45.42,45.48,45.4,45.42,19508
2019-03-07 09:40:00-05:00,45.415,45.51,45.415,45.43,10433
2019-03-07 09:45:00-05:00,45.44,45.45,45.34,45.34,16356
2019-03-07 09:50:00-05:00,45.34,45.37,45.305,45.33,17269
2019-03-07 09:55:00-05:00,45.32,45.36,45.31,45.345,7941
2019-03-07 10:00:00-05:00,45.35,45.355,45.3,45.33,10141
2019-03-07 10:05:00-05:00,45.33,45.39,45.32,45.38,13728
2019-03-07 10:10:00-05:00,45.38,45.39,45.335,45.355,14084
2019-03-07 10:15:00-05:00,45.35,45.39,45.31,45.31,9244
2019-03-07 10:20:00-05:00,45.31,45.37,45.3,45.35,13676
2019-03-07 10:25:00-05:00,45.34,45.36,45.33,45.34,5539
2019-03-07 10:30:00-05:00,45.33,45.335,45.31,45.32,12397
2019-03-07 10:35:00-05:00,45.33,45.345,45.31,45.325,11120
2019-03-07 10:40:00-05:00,45.32,45.33,45.28,45.295,8897
2019-03-07 10:45:00-05:00,45.29,45.31,45.28,45.29,8556
2019-03-07 10:50:00-05:00,45.29,45.3,45.26,45.28,10186
2019-03-07 10:55:00-05:00,45.28,45.34,45.28,45.34,10188
2019-03-07 11:00:00-05:00,45.34,45.37,45.3,45.33,21049
2019-03-07 11:05:00-05:00,45.34,45.35,45.3,45.35,4335
2019-03-07 11:10:00-05:00,45.35,45.365,45.34,45.34,18700
2019-03-07 11:15:00-05:00,45.33,45.34,45.29,45.29,10136
2019-03-07 11:20:00-05:00,45.3,45.3,45.26,45.27,6655
2019-03-07 11:25:00-05:00,45.27,45.305,45.26,45.3,13223
2019-03-07 11:30:00-05:00,45.31,45.34,45.305,45.305,40647
2019-03-07 11:35:00-05:00,45.305,45.31,45.28,45.28,8004
2019-03-07 11:40:00-05:00,45.275,45.31,45.27,45.305,6438
2019-03-07 11:45:00-05:00,45.305,45.31,45.275,45.285,8085
2019-03-07 11:50:00-05:00,45.29,45.315,45.28,45.29,6734
2019-03-07 11:55:00-05:00,45.29,45.3,45.28,45.29,8558
2019-03-07 12:00:00-05:00,45.29,45.3,45.26,45.26,6668
2019-03-07 12:05:00-05:00,45.265,45.28,45.255,45.275,11590
2019-03-07 12:10:00-05:00,45.275,45.275,45.26,45.275,26477
2019-03-07 12:15:00-05:00,45.28,45.295,45.265,45.275,17405
2019-03-07 12:20:00-05:00,45.28,45.29,45.25,45.26,23135
2019-03-07 12:25:00-05:00,45.26,45.26,45.225,45.225,10512
2019-03-07 12:30:00-05:00,45.22,45.255,45.17,45.24,12104
2019-03-07 12:35:00-05:00,45.24,45.24,45.235,45.24,1638
2019-03-07 12:40:00-05:00,45.235,45.27,45.235,45.265,11447
2019-03-07 12:45:00-05:00,45.28,45.31,45.27,45.305,18439
2019-03-07 12:50:00-05:00,45.305,45.35,45.3,45.35,15454
2019-03-07 12:55:00-05:00,45.35,45.35,45.31,45.32,6316
2019-03-07 13:00:00-05:00,45.32,45.33,45.305,45.315,3123
2019-03-07 13:05:00-05:00,45.31,45.33,45.31,45.33,3580
2019-03-07 13:10:00-05:00,45.33,45.34,45.33,45.34,2393
2019-03-07 13:15:00-05:00,45.34,45.35,45.33,45.33,5679
2019-03-07 13:20:00-05:00,45.33,45.33,45.3,45.3,3148
2019-03-07 13:25:00-05:00,45.3,45.3,45.275,45.29,8131
2019-03-07 13:30:00-05:00,45.29,45.29,45.26,45.26,4405
2019-03-07 13:35:00-05:00,45.26,45.27,45.25,45.265,2627
2019-03-07 13:40:00-05:00,45.27,45.3,45.26,45.295,4024
2019-03-07 13:45:00-05:00,45.3,45.305,45.29,45.305,9565
2019-03-07 13:50:00-05:00,45.305,45.315,45.285,45.29,4508
2019-03-07 13:55:00-05:00,45.295,45.295,45.26,45.26,28971
2019-03-07 14:00:00-05:00,45.26,45.28,45.26,45.26,10035
2019-03-07 14:05:00-05:00,45.26,45.265,45.23,45.23,6791
2019-03-07 14:10:00-05:00,45.23,45.26,45.23,45.25,13789
2019-03-07 14:15:00-05:00,45.24,45.265,45.24,45.24,25646
2019-03-07 14:20:00-05:00,45.245,45.255,45.24,45.25,11239
2019-03-07 14:25:00-05:00,45.25,45.255,45.235,45.25,6660
2019-03-07 14:30:00-05:00,45.26,45.265,45.225,45.225,11710
2019-03-07 14:35:00-05:00,45.23,45.245,45.22,45.23,5630
2019-03-07 14:40:00-05:00,45.23,45.24,45.21,45.23,10194
2019-03-07 14:45:00-05:00,45.23,45.235,45.21,45.22,13767
2019-03-07 14:50:00-05:00,45.22,45.235,45.19,45.21,9713
2019-03-07 14:55:00-05:00,45.21,45.255,45.205,45.23,9098
2019-03-07 15:00:00-05:00,45.23,45.23,45.18,45.205,10945
2019-03-07 15:05:00-05:00,45.205,45.215,45.19,45.195,9185
2019-03-07 15:10:00-05:00,45.19,45.22,45.18,45.2,6953
2019-03-07 15:15:00-05:00,45.2,45.235,45.18,45.23,9099
2019-03-07 15:20:00-05:00,45.23,45.24,45.2,45.205,16170
2019-03-07 15:25:00-05:00,45.21,45.23,45.15,45.15,19866
2019-03-07 15:30:00-05:00,45.16,45.175,45.14,45.14,23394
2019-03-07 15:35:00-05:00,45.14,45.2,45.14,45.2,20542
2019-03-07 15:40:00-05:00,45.2,45.205,45.14,45.14,32839
2019-03-07 15:45:00-05:00,45.14,45.2,45.13,45.19,34847
2019-03-07 15:50:00-05:00,45.19,45.195,45.14,45.16,35160
2019-03-07 15:55:00-05:00,45.17,45.3,45.17,45.29,74285
2019-03-08 08:55:00-05:00,45.29,45.29,45.29,45.29,100
2019-03-08 09:25:00-05:00,45.19,45.19,45.17,45.17,200
2019-03-08 09:30:00-05:00,45.16,45.25,44.915,44.97,20973
2019-03-08 09:35:00-05:00,45.01,45.07,44.99,45.0,8739
2019-03-08 09:40:00-05:00,45.01,45.05,44.99,44.99,14863
2019-03-08 09:45:00-05:00,44.97,45.0,44.94,44.98,13112
2019-03-08 09:50:00-05:00,44.97,45.0,44.9,44.92,12807
2019-03-08 09:55:00-05:00,44.92,44.92,44.88,44.9,11650
2019-03-08 10:00:00-05:00,44.9,44.9,44.83,44.845,10236
2019-03-08 10:05:00-05:00,44.84,44.85,44.78,44.79,16534
2019-03-08 10:10:00-05:00,44.79,44.855,44.78,44.825,17653
2019-03-08 10:15:00-05:00,44.83,44.85,44.79,44.825,29705
2019-03-08 10:20:00-05:00,44.83,44.89,44.82,44.84,132320
2019-03-08 10:25:00-05:00,44.84,44.845,44.805,44.82,10056
2019-03-08 10:30:00-05:00,44.81,44.815,44.79,44.8,14729
2019-03-08 10:35:00-05:00,44.79,44.79,44.76,44.76,21849
2019-03-08 10:40:00-05:00,44.76,44.86,44.73,44.83,21937
2019-03-08 10:45:00-05:00,44.83,44.84,44.815,44.83,6873
2019-03-08 10:50:00-05:00,44.83,44.84,44.81,44.82,9691
2019-03-08 10:55:00-05:00,44.82,44.82,44.78,44.78,15384
2019-03-08 11:00:00-05:00,44.77,44.77,44.74,44.755,15819
2019-03-08 11:05:00-05:00,44.75,44.765,44.74,44.75,25017
2019-03-08 11:10:00-05:00,44.74,44.77,44.74,44.76,10102
2019-03-08 11:15:00-05:00,44.76,44.78,44.75,44.76,19470
2019-03-08 11:20:00-05:00,44.76,44.77,44.745,44.75,9833
2019-03-08 11:25:00-05:00,44.75,44.8,44.75,44.795,31980
2019-03-08 11:30:00-05:00,44.8,44.81,44.79,44.79,24233
2019-03-08 11:35:00-05:00,44.8,44.8,44.77,44.79,18770
2019-03-08 11:40:00-05:00,44.79,44.81,44.78,44.8,13474
2019-03-08 11:45:00-05:00,44.8,44.83,44.8,44.83,19881
2019-03-08 11:50:00-05:00,44.83,44.88,44.81,44.81,20218
2019-03-08 11:55:00-05:00,44.81,44.815,44.79,44.79,12215
2019-03-08 12:00:00-05:00,44.795,44.8,44.76,44.76,11208
2019-03-08 12:05:00-05:00,44.765,44.77,44.74,44.75,15234
2019-03-08 12:10:00-05:00,44.745,44.755,44.72,44.725,10819
2019-03-08 12:15:00-05:00,44.72,44.725,44.69,44.69,14455
2019-03-08 12:20:00-05:00,44.7,44.7,44.67,44.67,10125
2019-03-08 12:25:00-05:00,44.675,44.69,44.66,44.665,12749
2019-03-08 12:30:00-05:00,44.665,44.695,44.665,44.67,9769
2019-03-08 12:35:00-05:00,44.67,44.68,44.66,44.665,12993
2019-03-08 12:40:00-05:00,44.66,44.68,44.66,44.67,4715
2019-03-08 12:45:00-05:00,44.67,44.67,44.66,44.66,7716
2019-03-08 12:50:00-05:00,44.67,44.67,44.64,44.65,10662
2019-03-08 12:55:00-05:00,44.65,44.65,44.63,44.65,5363
2019-03-08 13:00:00-05:00,44.65,44.655,44.64,44.64,7155
2019-03-08 13:05:00-05:00,44.64,44.66,44.64,44.64,7127
2019-03-08 13:10:00-05:00,44.65,44.68,44.64,44.68,9021
2019-03-08 13:15:00-05:00,44.685,44.685,44.66,44.66,8598
2019-03-08 13:20:00-05:00,44.665,44.67,44.655,44.66,7538
2019-03-08 13:25:00-05:00,44.66,44.665,44.64,44.64,15960
2019-03-08 13:30:00-05:00,44.64,44.645,44.63,44.64,11890
2019-03-08 13:35:00-05:00,44.645,44.66,44.635,44.65,10309
2019-03-08 13:40:00-05:00,44.65,44.66,44.64,44.64,8568
2019-03-08 13:45:00-05:00,44.65,44.66,44.645,44.66,6400
2019-03-08 13:50:00-05:00,44.66,44.675,44.65,44.66,9870
2019-03-08 13:55:00-05:00,44.66,44.665,44.65,44.655,9405
2019-03-08 14:00:00-05:00,44.65,44.65,44.63,44.635,8820
2019-03-08 14:05:00-05:00,44.63,44.66,44.62,44.63,19715
2019-03-08 14:10:00-05:00,44.63,44.645,44.62,44.63,8341
2019-03-08 14:15:00-05:00,44.63,44.64,44.63,44.64,5794
2019-03-08 14:20:00-05:00,44.635,44.65,44.635,44.65,7050
2019-03-08 14:25:00-05:00,44.65,44.66,44.64,44.64,13353
2019-03-08 14:30:00-05:00,44.645,44.655,44.64,44.645,10648
2019-03-08 14:35:00-05:00,44.65,44.68,44.65,44.67,9136
2019-03-08 14:40:00-05:00,44.66,44.665,44.64,44.665,11002
2019-03-08 14:45:00-05:00,44.66,44.69,44.66,44.69,5740
2019-03-08 14:50:00-05:00,44.69,44.715,44.68,44.68,21517
2019-03-08 14:55:00-05:00,44.685,44.685,44.67,44.67,11483
2019-03-08 15:00:00-05:00,44.67,44.69,44.665,44.68,8831
2019-03-08 15:05:00-05:00,44.68,44.69,44.64,44.64,13942
2019-03-08 15:10:00-05:00,44.64,44.655,44.63,44.655,6169
2019-03-08 15:15:00-05:00,44.655,44.655,44.64,44.65,13499
2019-03-08 15:20:00-05:00,44.66,44.66,44.645,44.65,14396
2019-03-08 15:25:00-05:00,44.645,44.655,44.64,44.645,24083
2019-03-08 15:30:00-05:00,44.645,44.67,44.645,44.66,26454
2019-03-08 15:35:00-05:00,44.67,44.67,44.61,44.63,30419
2019-03-08 15:40:00-05:00,44.63,44.66,44.63,44.64,39657
2019-03-08 15:45:00-05:00,44.65,44.73,44.64,44.71,49408
2019-03-08 15:50:00-05:00,44.715,44.76,44.705,44.75,58156
2019-03-08 15:55:00-05:00,44.75,44.85,44.75,44.83,140357
2019-03-11 09:30:00-04:00,45.14,45.355,45.1,45.32,47755
2019-03-11 09:35:00-04:00,45.33,45.385,45.31,45.37,19927
2019-03-11 09:40:00-04:00,45.35,45.45,45.34,45.45,14127
2019-03-11 09:45:00-04:00,45.45,45.52,45.445,45.505,16332
2019-03-11 09:50:00-04:00,45.52,45.53,45.49,45.49,19614
2019-03-11 09:55:00-04:00,45.48,45.49,45.45,45.48,15208
2019-03-11 10:00:00-04:00,45.48,45.49,45.44,45.44,20144
2019-03-11 10:05:00-04:00,45.445,45.49,45.44,45.475,17201
2019-03-11 10:10:00-04:00,45.48,45.495,45.47,45.48,12269
2019-03-11 10:15:00-04:00,45.49,45.56,45.49,45.51,23175
2019-03-11 10:20:00-04:00,45.51,45.54,45.49,45.54,15262
2019-03-11 10:25:00-04:00,45.54,45.56,45.53,45.54,12885
2019-03-11 10:30:00-04:00,45.55,45.58,45.52,45.58,11379
2019-03-11 10:35:00-04:00,45.58,45.64,45.57,45.63,35422
2019-03-11 10:40:00-04:00,45.63,45.66,45.63,45.66,28807
2019-03-11 10:45:00-04:00,45.66,45.685,45.66,45.68,30273
2019-03-11 10:50:00-04:00,45.675,45.72,45.675,45.72,25882
2019-03-11 10:55:00-04:00,45.72,45.74,45.71,45.725,34668
2019-03-11 11:00:00-04:00,45.72,45.73,45.72,45.73,12350
2019-03-11 11:05:00-04:00,45.73,45.74,45.71,45.74,42088
2019-03-11 11:10:00-04:00,45.74,45.74,45.725,45.735,24956
2019-03-11 11:15:00-04:00,45.735,45.75,45.735,45.745,44831
2019-03-11 11:20:00-04:00,45.745,45.77,45.745,45.77,46775
2019-03-11 11:25:00-04:00,45.77,45.8,45.77,45.8,29978
2019-03-11 11:30:00-04:00,45.795,45.85,45.795,45.85,33357
2019-03-11 11:35:00-04:00,45.85,45.86,45.825,45.835,31084
2019-03-11 11:40:00-04:00,45.835,45.85,45.835,45.85,31133
2019-03-11 11:45:00-04:00,45.85,45.85,45.83,45.85,22119
2019-03-11 11:50:00-04:00,45.85,45.85,45.8,45.8,44076
2019-03-11 11:55:00-04:00,45.8,45.81,45.79,45.81,25417
2019-03-11 12:00:00-04:00,45.81,45.85,45.81,45.85,24326
2019-03-11 12:05:00-04:00,45.85,45.865,45.845,45.865,21048
2019-03-11 12:10:00-04:00,45.865,45.87,45.85,45.855,29319
2019-03-11 12:15:00-04:00,45.855,45.87,45.85,45.855,13867
2019-03-11 12:20:00-04:00,45.855,45.87,45.83,45.855,39529
2019-03-11 12:25:00-04:00,45.85,45.86,45.795,45.8,42108
2019-03-11 12:30:00-04:00,45.8,45.83,45.795,45.83,24248
2019-03-11 12:35:00-04:00,45.825,45.84,45.825,45.84,17873
2019-03-11 12:40:00-04:00,45.84,45.85,45.83,45.84,22108
2019-03-11 12:45:00-04:00,45.85,45.86,45.84,45.84,30747
2019-03-11 12:50:00-04:00,45.85,45.85,45.84,45.85,16748
2019-03-11 12:55:00-04:00,45.85,45.87,45.84,45.87,17798
2019-03-11 13:00:00-04:00,45.87,45.87,45.86,45.87,13046
2019-03-11 13:05:00-04:00,45.87,45.9,45.865,45.9,18374
2019-03-11 13:10:00-04:00,45.9,45.905,45.89,45.89,18081
2019-03-11 13:15:00-04:00,45.9,45.93,45.895,45.93,10793
2019-03-11 13:20:00-04:00,45.93,45.94,45.925,45.94,9240
2019-03-11 13:25:00-04:00,45.94,45.98,45.94,45.98,13582
2019-03-11 13:30:00-04:00,45.98,45.99,45.975,45.99,12061
2019-03-11 13:35:00-04:00,45.99,46.0,45.99,46.0,17443
2019-03-11 13:40:00-04:00,46.0,46.0,45.99,46.0,21873
2019-03-11 13:45:00-04:00,46.0,46.0,45.99,46.0,12117
2019-03-11 13:50:00-04:00,46.0,46.06,46.0,46.06,18849
2019-03-11 13:55:00-04:00,46.065,46.085,46.065,46.08,31554
2019-03-11 14:00:00-04:00,46.075,46.08,46.06,46.08,39280
2019-03-11 14:05:00-04:00,46.08,46.1,46.075,46.08,44010
2019-03-11 14:10:00-04:00,46.085,46.13,46.085,46.13,10657
2019-03-11 14:15:00-04:00,46.13,46.13,46.12,46.13,25755
2019-03-11 14:20:00-04:00,46.125,46.13,46.08,46.09,54131
2019-03-11 14:25:00-04:00,46.095,46.095,46.08,46.085,14681
2019-03-11 14:30:00-04:00,46.085,46.11,46.08,46.11,21381
2019-03-11 14:35:00-04:00,46.11,46.13,46.09,46.12,42567
2019-03-11 14:40:00-04:00,46.115,46.12,46.1,46.1,17430
2019-03-11 14:45:00-04:00,46.11,46.11,46.1,46.105,11714
2019-03-11 14:50:00-04:00,46.11,46.13,46.095,46.13,22736
2019-03-11 14:55:00-04:00,46.13,46.14,46.12,46.14,25728
2019-03-11 15:00:00-04:00,46.14,46.15,46.11,46.15,39791
2019-03-11 15:05:00-04:00,46.15,46.155,46.12,46.14,45029
2019-03-11 15:10:00-04:00,46.15,46.15,46.125,46.145,25077
2019-03-11 15:15:00-04:00,46.15,46.15,46.13,46.15,32753
2019-03-11 15:20:00-04:00,46.15,46.16,46.13,46.14,75287
2019-03-11 15:25:00-04:00,46.14,46.15,46.13,46.14,39890
2019-03-11 15:30:00-04:00,46.14,46.17,46.13,46.165,105699
2019-03-11 15:35:00-04:00,46.17,46.18,46.16,46.17,85215
2019-03-11 15:40:00-04:00,46.165,46.19,46.145,46.185,74372
2019-03-11 15:45:00-04:00,46.19,46.22,46.175,46.215,89615
2019-03-11 15:50:00-04:00,46.21,46.21,46.16,46.17,126301
2019-03-11 15:55:00-04:00,46.18,46.235,46.16,46.19,239871
2019-03-12 09:30:00-04:00,45.95,46.18,45.95,46.18,11204
2019-03-12 09:35:00-04:00,46.22,46.235,46.13,46.15,28122
2019-03-12 09:40:00-04:00,46.2,46.23,46.15,46.21,18072
2019-03-12 09:45:00-04:00,46.21,46.22,46.13,46.22,24528
2019-03-12 09:50:00-04:00,46.23,46.24,46.15,46.22,16306
2019-03-12 09:55:00-04:00,46.22,46.25,46.19,46.195,16293
2019-03-12 10:00:00-04:00,46.195,46.195,46.095,46.1,18234
2019-03-12 10:05:00-04:00,46.1,46.12,46.08,46.09,12524
2019-03-12 10:10:00-04:00,46.1,46.15,46.1,46.15,15640
2019-03-12 10:15:00-04:00,46.15,46.19,46.15,46.15,10281
2019-03-12 10:20:00-04:00,46.15,46.165,46.05,46.07,26342
2019-03-12 10:25:00-04:00,46.075,46.095,45.99,46.015,20101
2019-03-12 10:30:00-04:00,46.02,46.11,46.02,46.1,13473
2019-03-12 10:35:00-04:00,46.11,46.11,46.005,46.03,14269
2019-03-12 10:40:00-04:00,46.02,46.02,45.93,45.93,17269
2019-03-12 10:45:00-04:00,45.93,45.975,45.93,45.975,9371
2019-03-12 10:50:00-04:00,45.98,45.995,45.97,45.97,13049
2019-03-12 10:55:00-04:00,45.97,45.995,45.97,45.975,18799
2019-03-12 11:00:00-04:00,45.97,45.98,45.945,45.965,30957
2019-03-12 11:05:00-04:00,45.97,46.02,45.965,46.0,23532
2019-03-12 11:10:00-04:00,46.01,46.02,46.0,46.02,20671
2019-03-12 11:15:00-04:00,46.01,46.02,45.98,45.985,15242
2019-03-12 11:20:00-04:00,45.98,46.0,45.95,45.95,23074
2019-03-12 11:25:00-04:00,45.95,45.965,45.93,45.95,20858
2019-03-12 11:30:00-04:00,45.945,45.965,45.94,45.955,12867
2019-03-12 11:35:00-04:00,45.96,46.03,45.96,46.03,10812
2019-03-12 11:40:00-04:00,46.03,46.035,46.0,46.01,13834
2019-03-12 11:45:00-04:00,46.01,46.02,45.99,45.995,7858
2019-03-12 11:50:00-04:00,45.99,46.02,45.975,46.0,18374
2019-03-12 11:55:00-04:00,46.0,46.02,45.995,46.015,15414
2019-03-12 12:00:00-04:00,46.01,46.01,45.95,45.955,21268
2019-03-12 12:05:00-04:00,45.96,45.96,45.93,45.93,10595
2019-03-12 12:10:00-04:00,45.94,45.98,45.94,45.965,11509
2019-03-12 12:15:00-04:00,45.97,46.0,45.97,46.0,14595
2019-03-12 12:20:00-04:00,46.0,46.02,45.99,46.0,15014
2019-03-12 12:25:00-04:00,46.0,46.03,46.0,46.03,17999
2019-03-12 12:30:00-04:00,46.025,46.04,46.02,46.02,34839
2019-03-12 12:35:00-04:00,46.02,46.03,46.01,46.025,11532
2019-03-12 12:40:00-04:00,46.03,46.07,46.025,46.05,10941
2019-03-12 12:45:00-04:00,46.045,46.075,46.045,46.065,10879
2019-03-12 12:50:00-04:00,46.065,46.065,45.985,45.995,18045
2019-03-12 12:55:00-04:00,45.99,45.995,45.97,45.97,7996
2019-03-12 13:00:00-04:00,45.98,46.0,45.98,46.0,15432
2019-03-12 13:05:00-04:00,46.0,46.05,46.0,46.05,25897
2019-03-12 13:10:00-04:00,46.05,46.06,45.99,45.99,31315
2019-03-12 13:15:00-04:00,45.995,45.995,45.98,45.995,7565
2019-03-12 13:20:00-04:00,45.985,46.02,45.985,46.005,12606
2019-03-12 13:25:00-04:00,46.01,46.02,46.01,46.01,9164
2019-03-12 13:30:00-04:00,46.01,46.02,46.0,46.015,13227
2019-03-12 13:35:00-04:00,46.02,46.03,46.01,46.02,28196
2019-03-12 13:40:00-04:00,46.03,46.03,46.02,46.03,27765
2019-03-12 13:45:00-04:00,46.03,46.03,46.02,46.03,25491
2019-03-12 13:50:00-04:00,46.025,46.03,46.02,46.03,27031
2019-03-12 13:55:00-04:00,46.025,46.04,46.025,46.04,17361
2019-03-12 14:00:00-04:00,46.035,46.05,46.025,46.04,26503
2019-03-12 14:05:00-04:00,46.04,46.05,46.02,46.035,17163
2019-03-12 14:10:00-04:00,46.03,46.045,45.965,45.965,35710
2019-03-12 14:15:00-04:00,45.96,46.015,45.96,46.01,22148
2019-03-12 14:20:00-04:00,46.015,46.015,46.0,46.015,13200
2019-03-12 14:25:00-04:00,46.01,46.02,46.0,46.0,12328
2019-03-12 14:30:00-04:00,46.0,46.0,45.975,45.98,10074
2019-03-12 14:35:00-04:00,45.98,45.985,45.97,45.985,7859
2019-03-12 14:40:00-04:00,45.99,45.995,45.94,45.94,13677
2019-03-12 14:45:00-04:00,45.945,45.97,45.94,45.97,12044
2019-03-12 14:50:00-04:00,45.96,45.97,45.94,45.97,12395
2019-03-12 14:55:00-04:00,45.97,45.99,45.955,45.985,46625
2019-03-12 15:00:00-04:00,45.985,46.0,45.97,46.0,16250
2019-03-12 15:05:00-04:00,46.0,46.0,45.99,46.0,9115
2019-03-12 15:10:00-04:00,46.0,46.0,45.98,45.99,19007
2019-03-12 15:15:00-04:00,45.98,45.99,45.97,45.97,22992
2019-03-12 15:20:00-04:00,45.965,45.975,45.92,45.975,18750
2019-03-12 15:25:00-04:00,45.98,46.01,45.97,46.01,23113
2019-03-12 15:30:00-04:00,46.015,46.06,46.005,46.05,41292
2019-03-12 15:35:00-04:00,46.045,46.055,45.995,46.01,34423
2019-03-12 15:40:00-04:00,46.01,46.06,45.99,46.06,47794
2019-03-12 15:45:00-04:00,46.065,46.07,46.04,46.045,35247
2019-03-12 15:50:00-04:00,46.04,46.07,46.03,46.055,44409
2019-03-12 15:55:00-04:00,46.05,46.07,46.02,46.07,155514
2019-03-13 09:30:00-04:00,46.14,46.14,45.92,46.0,14707
2019-03-13 09:35:00-04:00,45.995,46.005,45.95,45.95,16259
2019-03-13 09:40:00-04:00,45.96,45.985,45.95,45.97,26268
2019-03-13 09:45:00-04:00,45.98,45.98,45.935,45.96,27640
2019-03-13 09:50:00-04:00,45.96,45.975,45.92,45.965,22729
2019-03-13 09:55:00-04:00,45.96,45.99,45.95,45.99,15369
2019-03-13 10:00:00-04:00,46.0,46.08,45.99,46.07,35019
2019-03-13 10:05:00-04:00,46.07,46.08,46.04,46.04,25555
2019-03-13 10:10:00-04:00,46.045,46.08,46.04,46.06,43539
2019-03-13 10:15:00-04:00,46.06,46.07,46.03,46.03,52212
2019-03-13 10:20:00-04:00,46.03,46.05,45.98,45.99,71617
2019-03-13 10:25:00-04:00,45.995,46.01,45.99,45.99,15137
2019-03-13 10:30:00-04:00,46.0,46.005,45.965,46.0,12375
2019-03-13 10:35:00-04:00,46.0,46.0,45.98,45.99,11152
2019-03-13 10:40:00-04:00,45.98,45.99,45.95,45.96,9276
2019-03-13 10:45:00-04:00,45.95,45.98,45.94,45.965,14148
2019-03-13 10:50:00-04:00,45.965,46.01,45.965,46.01,21908
2019-03-13 10:55:00-04:00,46.01,46.05,46.01,46.045,26106
2019-03-13 11:00:00-04:00,46.05,46.085,46.045,46.08,30279
2019-03-13 11:05:00-04:00,46.07,46.11,46.07,46.11,6644
2019-03-13 11:10:00-04:00,46.11,46.12,46.11,46.12,17570
2019-03-13 11:15:00-04:00,46.12,46.14,46.12,46.14,12135
2019-03-13 11:20:00-04:00,46.13,46.15,46.13,46.15,18183
2019-03-13 11:25:00-04:00,46.15,46.16,46.15,46.16,9216
2019-03-13 11:30:00-04:00,46.16,46.17,46.14,46.155,25904
2019-03-13 11:35:00-04:00,46.155,46.17,46.14,46.15,27687
2019-03-13 11:40:00-04:00,46.15,46.165,46.15,46.15,17804
2019-03-13 11:45:00-04:00,46.16,46.175,46.16,46.17,13996
2019-03-13 11:50:00-04:00,46.17,46.18,46.165,46.18,16347
2019-03-13 11:55:00-04:00,46.18,46.2,46.18,46.195,10454
2019-03-13 12:00:00-04:00,46.2,46.21,46.18,46.21,32852
2019-03-13 12:05:00-04:00,46.21,46.21,46.19,46.2,17139
2019-03-13 12:10:00-04:00,46.195,46.21,46.195,46.21,12674
2019-03-13 12:15:00-04:00,46.21,46.22,46.205,46.205,13871
2019-03-13 12:20:00-04:00,46.21,46.215,46.2,46.21,18375
2019-03-13 12:25:00-04:00,46.21,46.22,46.2,46.22,27684
2019-03-13 12:30:00-04:00,46.22,46.22,46.18,46.2,16164
2019-03-13 12:35:00-04:00,46.19,46.215,46.19,46.205,8683
2019-03-13 12:40:00-04:00,46.205,46.22,46.2,46.22,42463
2019-03-13 12:45:00-04:00,46.22,46.22,46.2,46.22,18222
2019-03-13 12:50:00-04:00,46.21,46.23,46.2,46.23,16439
2019-03-13 12:55:00-04:00,46.23,46.23,46.18,46.18,46026
2019-03-13 13:00:00-04:00,46.185,46.19,46.12,46.125,23279
2019-03-13 13:05:00-04:00,46.12,46.18,46.12,46.18,13238
2019-03-13 13:10:00-04:00,46.18,46.2,46.18,46.185,13014
2019-03-13 13:15:00-04:00,46.185,46.2,46.18,46.195,5362
2019-03-13 13:20:00-04:00,46.195,46.21,46.18,46.21,8924
2019-03-13 13:25:00-04:00,46.21,46.215,46.2,46.21,7734
2019-03-13 13:30:00-04:00,46.205,46.22,46.205,46.22,16739
2019-03-13 13:35:00-04:00,46.22,46.235,46.22,46.23,17309
2019-03-13 13:40:00-04:00,46.23,46.245,46.225,46.23,14028
2019-03-13 13:45:00-04:00,46.225,46.24,46.215,46.235,27242
2019-03-13 13:50:00-04:00,46.24,46.26,46.235,46.26,8533
2019-03-13 13:55:00-04:00,46.255,46.29,46.255,46.29,13799
2019-03-13 14:00:00-04:00,46.29,46.31,46.29,46.3,20383
2019-03-13 14:05:00-04:00,46.3,46.32,46.28,46.31,16092
2019-03-13 14:10:00-04:00,46.305,46.305,46.285,46.3,12272
2019-03-13 14:15:00-04:00,46.3,46.315,46.295,46.31,14850
2019-03-13 14:20:00-04:00,46.31,46.315,46.28,46.29,23606
2019-03-13 14:25:00-04:00,46.29,46.325,46.29,46.325,15577
2019-03-13 14:30:00-04:00,46.31,46.315,46.28,46.31,27116
2019-03-13 14:35:00-04:00,46.31,46.34,46.31,46.33,21817
2019-03-13 14:40:00-04:00,46.33,46.335,46.3,46.305,30357
2019-03-13 14:45:00-04:00,46.31,46.315,46.25,46.29,43045
2019-03-13 14:50:00-04:00,46.285,46.3,46.26,46.28,37339
2019-03-13 14:55:00-04:00,46.28,46.325,46.27,46.305,11667
2019-03-13 15:00:00-04:00,46.3,46.315,46.27,46.29,10789
2019-03-13 15:05:00-04:00,46.29,46.305,46.26,46.28,22975
2019-03-13 15:10:00-04:00,46.28,46.285,46.26,46.265,25971
2019-03-13 15:15:00-04:00,46.25,46.275,46.24,46.26,23219
2019-03-13 15:20:00-04:00,46.255,46.265,46.23,46.24,99684
2019-03-13 15:25:00-04:00,46.25,46.27,46.25,46.255,29762
2019-03-13 15:30:00-04:00,46.255,46.27,46.24,46.27,54912
2019-03-13 15:35:00-04:00,46.27,46.29,46.26,46.275,66411
2019-03-13 15:40:00-04:00,46.275,46.29,46.26,46.29,36132
2019-03-13 15:45:00-04:00,46.3,46.32,46.27,46.275,75743
2019-03-13 15:50:00-04:00,46.27,46.32,46.27,46.285,92705
2019-03-13 15:55:00-04:00,46.29,46.31,46.185,46.23,248448
2019-03-14 09:30:00-04:00,45.87,45.91,45.64,45.65,27182
2019-03-14 09:35:00-04:00,45.64,45.715,45.64,45.715,15106
2019-03-14 09:40:00-04:00,45.715,45.91,45.715,45.845,46620
2019-03-14 09:45:00-04:00,45.85,45.88,45.82,45.83,57965
2019-03-14 09:50:00-04:00,45.83,45.87,45.82,45.82,34253
2019-03-14 09:55:00-04:00,45.83,45.835,45.79,45.835,37763
2019-03-14 10:00:00-04:00,45.835,45.835,45.76,45.785,43246
2019-03-14 10:05:00-04:00,45.785,45.79,45.755,45.755,39065
2019-03-14 10:10:00-04:00,45.755,45.79,45.75,45.785,46036
2019-03-14 10:15:00-04:00,45.79,45.8,45.78,45.785,17734
2019-03-14 10:20:00-04:00,45.79,45.83,45.79,45.795,35050
2019-03-14 10:25:00-04:00,45.8,45.86,45.79,45.82,37765
2019-03-14 10:30:00-04:00,45.82,45.965,45.81,45.905,57704
2019-03-14 10:35:00-04:00,45.9,45.925,45.89,45.895,40493
2019-03-14 10:40:00-04:00,45.89,45.91,45.89,45.9,33489
2019-03-14 10:45:00-04:00,45.89,45.925,45.89,45.9,73940
2019-03-14 10:50:00-04:00,45.9,46.01,45.9,46.0,53832
2019-03-14 10:55:00-04:00,45.995,46.05,45.995,46.04,31414
2019-03-14 11:00:00-04:00,46.05,46.06,46.02,46.02,41398
2019-03-14 11:05:00-04:00,46.02,46.07,46.02,46.065,28445
2019-03-14 11:10:00-04:00,46.07,46.095,46.06,46.095,36085
2019-03-14 11:15:00-04:00,46.09,46.11,46.08,46.08,30974
2019-03-14 11:20:00-04:00,46.08,46.08,46.06,46.06,13999
2019-03-14 11:25:00-04:00,46.065,46.07,45.99,46.01,35835
2019-03-14 11:30:00-04:00,46.005,46.04,45.99,45.995,24077
2019-03-14 11:35:00-04:00,45.99,46.03,45.96,46.03,14588
2019-03-14 11:40:00-04:00,46.03,46.06,46.03,46.05,19672
2019-03-14 11:45:00-04:00,46.045,46.07,46.04,46.065,9939
2019-03-14 11:50:00-04:00,46.07,46.07,46.04,46.045,12306
2019-03-14 11:55:00-04:00,46.04,46.045,45.98,45.98,12392
2019-03-14 12:00:00-04:00,45.98,45.995,45.955,45.965,20285
2019-03-14 12:05:00-04:00,45.96,45.965,45.92,45.94,14432
2019-03-14 12:10:00-04:00,45.95,45.975,45.94,45.975,13781
2019-03-14 12:15:00-04:00,45.98,45.98,45.95,45.95,14360
2019-03-14 12:20:00-04:00,45.96,45.975,45.9,45.9,18752
2019-03-14 12:25:00-04:00,45.9,45.905,45.86,45.86,8545
2019-03-14 12:30:00-04:00,45.86,45.86,45.84,45.85,7332
2019-03-14 12:35:00-04:00,45.85,45.88,45.85,45.88,9507
2019-03-14 12:40:00-04:00,45.89,45.92,45.89,45.905,14583
2019-03-14 12:45:00-04:00,45.905,45.92,45.9,45.92,13073
2019-03-14 12:50:00-04:00,45.93,45.95,45.92,45.92,25224
2019-03-14 12:55:00-04:00,45.92,45.93,45.89,45.915,11307
2019-03-14 13:00:00-04:00,45.915,45.915,45.87,45.87,8246
2019-03-14 13:05:00-04:00,45.87,45.885,45.87,45.88,8998
2019-03-14 13:10:00-04:00,45.89,45.89,45.88,45.885,5624
2019-03-14 13:15:00-04:00,45.885,45.89,45.88,45.885,10592
2019-03-14 13:20:00-04:00,45.885,45.905,45.88,45.885,10304
2019-03-14 13:25:00-04:00,45.89,45.89,45.83,45.845,12286
2019-03-14 13:30:00-04:00,45.84,45.86,45.84,45.86,18250
2019-03-14 13:35:00-04:00,45.86,45.865,45.85,45.855,17091
2019-03-14 13:40:00-04:00,45.855,45.87,45.84,45.87,12017
2019-03-14 13:45:00-04:00,45.87,45.895,45.86,45.89,10900
2019-03-14 13:50:00-04:00,45.89,45.92,45.89,45.92,16402
2019-03-14 13:55:00-04:00,45.92,45.95,45.915,45.935,20174
2019-03-14 14:00:00-04:00,45.94,45.94,45.89,45.9,17141
2019-03-14 14:05:00-04:00,45.905,45.925,45.9,45.905,19980
2019-03-14 14:10:00-04:00,45.905,45.925,45.89,45.89,18779
2019-03-14 14:15:00-04:00,45.89,45.9,45.88,45.895,12877
2019-03-14 14:20:00-04:00,45.895,45.9,45.89,45.895,19302
2019-03-14 14:25:00-04:00,45.895,45.9,45.89,45.9,14286
2019-03-14 14:30:00-04:00,45.9,45.9,45.86,45.86,12417
2019-03-14 14:35:00-04:00,45.85,45.86,45.845,45.845,10062
2019-03-14 14:40:00-04:00,45.845,45.85,45.84,45.85,13677
2019-03-14 14:45:00-04:00,45.85,45.89,45.845,45.87,23142
2019-03-14 14:50:00-04:00,45.86,45.88,45.84,45.88,15433
2019-03-14 14:55:00-04:00,45.885,45.9,45.88,45.9,33165
2019-03-14 15:00:00-04:00,45.895,45.9,45.82,45.84,26975
2019-03-14 15:05:00-04:00,45.84,45.84,45.83,45.84,20078
2019-03-14 15:10:00-04:00,45.84,45.855,45.81,45.815,19975
2019-03-14 15:15:00-04:00,45.81,45.815,45.78,45.78,58004
2019-03-14 15:20:00-04:00,45.78,45.79,45.75,45.75,26570
2019-03-14 15:25:00-04:00,45.75,45.78,45.75,45.78,38071
2019-03-14 15:30:00-04:00,45.78,45.78,45.735,45.74,38967
2019-03-14 15:35:00-04:00,45.74,45.77,45.73,45.77,46622
2019-03-14 15:40:00-04:00,45.77,45.79,45.76,45.785,42195
2019-03-14 15:45:00-04:00,45.78,45.8,45.76,45.79,59211
2019-03-14 15:50:00-04:00,45.795,45.81,45.76,45.76,53970
2019-03-14 15:55:00-04:00,45.74,45.745,45.68,45.68,186698
2019-03-15 09:30:00-04:00,45.71,45.86,45.7,45.76,4823
2019-03-15 09:35:00-04:00,45.76,45.88,45.76,45.78,34893
2019-03-15 09:40:00-04:00,45.78,45.8,45.71,45.72,11991
2019-03-15 09:45:00-04:00,45.72,45.74,45.67,45.725,14792
2019-03-15 09:50:00-04:00,45.74,45.75,45.72,45.74,24472
2019-03-15 09:55:00-04:00,45.73,45.805,45.72,45.795,30754
2019-03-15 10:00:00-04:00,45.795,45.855,45.77,45.82,37294
2019-03-15 10:05:00-04:00,45.83,45.88,45.83,45.85,17404
2019-03-15 10:10:00-04:00,45.85,45.86,45.835,45.85,14813
2019-03-15 10:15:00-04:00,45.855,45.855,45.8,45.8,23106
2019-03-15 10:20:00-04:00,45.81,45.815,45.78,45.805,18968
2019-03-15 10:25:00-04:00,45.81,45.83,45.77,45.78,19937
2019-03-15 10:30:00-04:00,45.775,45.785,45.76,45.765,14882
2019-03-15 10:35:00-04:00,45.765,45.78,45.71,45.71,18531
2019-03-15 10:40:00-04:00,45.71,45.74,45.71,45.74,14332
2019-03-15 10:45:00-04:00,45.75,45.75,45.72,45.72,11923
2019-03-15 10:50:00-04:00,45.73,45.75,45.73,45.74,191930
2019-03-15 10:55:00-04:00,45.73,45.75,45.71,45.73,9524
2019-03-15 11:00:00-04:00,45.71,45.71,45.685,45.7,6486
2019-03-15 11:05:00-04:00,45.69,45.71,45.665,45.69,9979
2019-03-15 11:10:00-04:00,45.69,45.7,45.66,45.66,11976
2019-03-15 11:15:00-04:00,45.67,45.71,45.665,45.695,14325
2019-03-15 11:20:00-04:00,45.705,45.765,45.695,45.75,12950
2019-03-15 11:25:00-04:00,45.755,45.77,45.74,45.765,7016
2019-03-15 11:30:00-04:00,45.77,45.785,45.75,45.765,11660
2019-03-15 11:35:00-04:00,45.77,45.78,45.755,45.765,15792
2019-03-15 11:40:00-04:00,45.76,45.79,45.76,45.78,14435
2019-03-15 11:45:00-04:00,45.79,45.87,45.78,45.87,41463
2019-03-15 11:50:00-04:00,45.88,45.88,45.815,45.845,19425
2019-03-15 11:55:00-04:00,45.845,45.865,45.82,45.825,14388
2019-03-15 12:00:00-04:00,45.83,45.84,45.82,45.84,19947
2019-03-15 12:05:00-04:00,45.84,45.84,45.82,45.84,17453
2019-03-15 12:10:00-04:00,45.84,45.865,45.82,45.84,13574
2019-03-15 12:15:00-04:00,45.84,45.85,45.83,45.835,14915
2019-03-15 12:20:00-04:00,45.83,45.85,45.825,45.845,31906
2019-03-15 12:25:00-04:00,45.85,45.85,45.82,45.83,19246
2019-03-15 12:30:00-04:00,45.825,45.84,45.82,45.825,11626
2019-03-15 12:35:00-04:00,45.825,45.84,45.82,45.835,12896
2019-03-15 12:40:00-04:00,45.84,45.84,45.8,45.805,8691
2019-03-15 12:45:00-04:00,45.8,45.82,45.795,45.815,13393
2019-03-15 12:50:00-04:00,45.825,45.87,45.815,45.84,13301
2019-03-15 12:55:00-04:00,45.84,45.84,45.81,45.815,9240
2019-03-15 13:00:00-04:00,45.82,45.84,45.815,45.84,10408
2019-03-15 13:05:00-04:00,45.835,45.875,45.83,45.855,18148
2019-03-15 13:10:00-04:00,45.86,45.88,45.85,45.875,6994
2019-03-15 13:15:00-04:00,45.87,45.88,45.855,45.87,8212
2019-03-15 13:20:00-04:00,45.875,45.88,45.845,45.865,6607
2019-03-15 13:25:00-04:00,45.865,45.875,45.86,45.875,8416
2019-03-15 13:30:00-04:00,45.88,45.895,45.88,45.885,8241
2019-03-15 13:35:00-04:00,45.88,45.88,45.845,45.855,8661
2019-03-15 13:40:00-04:00,45.855,45.865,45.84,45.84,8127
2019-03-15 13:45:00-04:00,45.84,45.855,45.835,45.845,10593
2019-03-15 13:50:00-04:00,45.85,45.85,45.84,45.845,6031
2019-03-15 13:55:00-04:00,45.84,45.845,45.79,45.81,23801
2019-03-15 14:00:00-04:00,45.82,45.84,45.805,45.825,18345
2019-03-15 14:05:00-04:00,45.82,45.825,45.785,45.795,17965
2019-03-15 14:10:00-04:00,45.79,45.8,45.76,45.765,14522
2019-03-15 14:15:00-04:00,45.765,45.79,45.76,45.79,65104
2019-03-15 14:20:00-04:00,45.785,45.79,45.76,45.765,15854
2019-03-15 14:25:00-04:00,45.765,45.77,45.76,45.765,14167
2019-03-15 14:30:00-04:00,45.765,45.8,45.76,45.775,32519
2019-03-15 14:35:00-04:00,45.775,45.78,45.74,45.765,34408
2019-03-15 14:40:00-04:00,45.765,45.77,45.73,45.735,15101
2019-03-15 14:45:00-04:00,45.74,45.74,45.705,45.715,30443
2019-03-15 14:50:00-04:00,45.715,45.715,45.675,45.695,16477
2019-03-15 14:55:00-04:00,45.7,45.7,45.62,45.625,18585
2019-03-15 15:00:00-04:00,45.625,45.65,45.62,45.645,17068
2019-03-15 15:05:00-04:00,45.65,45.65,45.575,45.6,25005
2019-03-15 15:10:00-04:00,45.6,45.61,45.585,45.59,31884
2019-03-15 15:15:00-04:00,45.59,45.67,45.58,45.67,21938
2019-03-15 15:20:00-04:00,45.66,45.76,45.655,45.735,26515
2019-03-15 15:25:00-04:00,45.73,45.77,45.725,45.77,19171
2019-03-15 15:30:00-04:00,45.765,45.79,45.76,45.76,35635
2019-03-15 15:35:00-04:00,45.755,45.76,45.71,45.755,45446
2019-03-15 15:40:00-04:00,45.755,45.77,45.74,45.755,53202
2019-03-15 15:45:00-04:00,45.75,45.75,45.64,45.64,83895
2019-03-15 15:50:00-04:00,45.645,45.66,45.54,45.57,101740
2019-03-15 15:55:00-04:00,45.58,45.59,45.14,45.31,294765
2019-03-15 16:00:00-04:00,45.38,45.38,45.38,45.38,1000
2019-03-18 09:30:00-04:00,45.445,45.54,45.42,45.53,13131
2019-03-18 09:35:00-04:00,45.54,45.605,45.54,45.6,31580
2019-03-18 09:40:00-04:00,45.61,45.66,45.61,45.645,18684
2019-03-18 09:45:00-04:00,45.645,45.66,45.62,45.645,172887
2019-03-18 09:50:00-04:00,45.65,45.65,45.58,45.59,29962
2019-03-18 09:55:00-04:00,45.59,45.61,45.57,45.61,16555
2019-03-18 10:00:00-04:00,45.61,45.62,45.58,45.59,23516
2019-03-18 10:05:00-04:00,45.59,45.61,45.55,45.595,11397
2019-03-18 10:10:00-04:00,45.6,45.61,45.57,45.59,9601
2019-03-18 10:15:00-04:00,45.6,45.61,45.58,45.59,9246
2019-03-18 10:20:00-04:00,45.6,45.61,45.59,45.59,9692
2019-03-18 10:25:00-04:00,45.59,45.61,45.59,45.59,13400
2019-03-18 10:30:00-04:00,45.6,45.66,45.6,45.66,19157
2019-03-18 10:35:00-04:00,45.65,45.67,45.645,45.665,34027
2019-03-18 10:40:00-04:00,45.66,45.67,45.645,45.65,12889
2019-03-18 10:45:00-04:00,45.65,45.66,45.62,45.66,19298
2019-03-18 10:50:00-04:00,45.66,45.66,45.64,45.64,18298
2019-03-18 10:55:00-04:00,45.64,45.65,45.6,45.605,11461
2019-03-18 11:00:00-04:00,45.61,45.61,45.58,45.605,18602
2019-03-18 11:05:00-04:00,45.61,45.63,45.58,45.62,31847
2019-03-18 11:10:00-04:00,45.62,45.66,45.6,45.64,24931
2019-03-18 11:15:00-04:00,45.64,45.64,45.605,45.61,15217
2019-03-18 11:20:00-04:00,45.62,45.63,45.57,45.59,9346
2019-03-18 11:25:00-04:00,45.605,45.62,45.6,45.61,3810
2019-03-18 11:30:00-04:00,45.61,45.61,45.565,45.6,9519
2019-03-18 11:35:00-04:00,45.6,45.61,45.59,45.61,8400
2019-03-18 11:40:00-04:00,45.6,45.63,45.6,45.62,9062
2019-03-18 11:45:00-04:00,45.62,45.65,45.62,45.64,9900
2019-03-18 11:50:00-04:00,45.65,45.65,45.61,45.61,13305
2019-03-18 11:55:00-04:00,45.615,45.65,45.59,45.64,10313
2019-03-18 12:00:00-04:00,45.63,45.635,45.62,45.63,12224
2019-03-18 12:05:00-04:00,45.625,45.635,45.62,45.63,8718
2019-03-18 12:10:00-04:00,45.63,45.64,45.615,45.625,11050
2019-03-18 12:15:00-04:00,45.625,45.625,45.6,45.605,26296
2019-03-18 12:20:00-04:00,45.6,45.61,45.59,45.6,20489
2019-03-18 12:25:00-04:00,45.605,45.63,45.6,45.625,18809
2019-03-18 12:30:00-04:00,45.625,45.625,45.6,45.605,10035
2019-03-18 12:35:00-04:00,45.6,45.61,45.59,45.59,11487
2019-03-18 12:40:00-04:00,45.59,45.61,45.57,45.57,13852
2019-03-18 12:45:00-04:00,45.58,45.605,45.58,45.59,40507
2019-03-18 12:50:00-04:00,45.59,45.6,45.58,45.585,11388
2019-03-18 12:55:00-04:00,45.57,45.58,45.54,45.56,17129
2019-03-18 13:00:00-04:00,45.55,45.565,45.53,45.55,9009
2019-03-18 13:05:00-04:00,45.545,45.555,45.53,45.53,9405
2019-03-18 13:10:00-04:00,45.535,45.545,45.52,45.52,5801
2019-03-18 13:15:00-04:00,45.52,45.52,45.51,45.515,4789
2019-03-18 13:20:00-04:00,45.51,45.52,45.495,45.495,9417
2019-03-18 13:25:00-04:00,45.5,45.51,45.5,45.5,6947
2019-03-18 13:30:00-04:00,45.5,45.53,45.49,45.53,15965
2019-03-18 13:35:00-04:00,45.53,45.53,45.5,45.51,18028
2019-03-18 13:40:00-04:00,45.51,45.53,45.5,45.53,6801
2019-03-18 13:45:00-04:00,45.53,45.54,45.52,45.525,9415
2019-03-18 13:50:00-04:00,45.52,45.52,45.49,45.5,11064
2019-03-18 13:55:00-04:00,45.495,45.51,45.495,45.505,6176
2019-03-18 14:00:00-04:00,45.505,45.52,45.49,45.5,13874
2019-03-18 14:05:00-04:00,45.5,45.53,45.495,45.515,13558
2019-03-18 14:10:00-04:00,45.51,45.52,45.46,45.46,10186
2019-03-18 14:15:00-04:00,45.47,45.47,45.45,45.46,9442
2019-03-18 14:20:00-04:00,45.465,45.49,45.455,45.49,5063
2019-03-18 14:25:00-04:00,45.5,45.5,45.47,45.47,13861
2019-03-18 14:30:00-04:00,45.46,45.46,45.45,45.46,11164
2019-03-18 14:35:00-04:00,45.47,45.49,45.47,45.48,5919
2019-03-18 14:40:00-04:00,45.49,45.52,45.465,45.51,12914
2019-03-18 14:45:00-04:00,45.51,45.515,45.5,45.5,10597
2019-03-18 14:50:00-04:00,45.505,45.51,45.5,45.5,8452
2019-03-18 14:55:00-04:00,45.5,45.52,45.5,45.515,5212
2019-03-18 15:00:00-04:00,45.515,45.515,45.47,45.48,10787
2019-03-18 15:05:00-04:00,45.48,45.5,45.47,45.495,7083
2019-03-18 15:10:00-04:00,45.5,45.5,45.46,45.48,9433
2019-03-18 15:15:00-04:00,45.48,45.5,45.475,45.48,14807
2019-03-18 15:20:00-04:00,45.49,45.5,45.46,45.46,15716
2019-03-18 15:25:00-04:00,45.46,45.46,45.425,45.45,19189
2019-03-18 15:30:00-04:00,45.45,45.455,45.445,45.455,17228
2019-03-18 15:35:00-04:00,45.45,45.46,45.385,45.4,43285
2019-03-18 15:40:00-04:00,45.395,45.43,45.38,45.425,49869
2019-03-18 15:45:00-04:00,45.42,45.46,45.42,45.42,86982
2019-03-18 15:50:00-04:00,45.42,45.43,45.39,45.395,71962
2019-03-18 15:55:00-04:00,45.4,45.43,45.37,45.43,165857
2019-03-20 09:30:00-04:00,45.4,45.55,45.23,45.26,9042
2019-03-20 09:35:00-04:00,45.26,45.32,45.2,45.31,8425
2019-03-20 09:40:00-04:00,45.305,45.35,45.27,45.33,8941
2019-03-20 09:45:00-04:00,45.325,45.4,45.325,45.37,10810
2019-03-20 09:50:00-04:00,45.37,45.39,45.36,45.37,5844
2019-03-20 09:55:00-04:00,45.38,45.38,45.32,45.33,21215
2019-03-20 10:00:00-04:00,45.33,45.475,45.33,45.445,17720
2019-03-20 10:05:00-04:00,45.44,45.45,45.41,45.43,11650
2019-03-20 10:10:00-04:00,45.44,45.5,45.43,45.5,10989
2019-03-20 10:15:00-04:00,45.49,45.5,45.41,45.41,17435
2019-03-20 10:20:00-04:00,45.4,45.405,45.33,45.365,13960
2019-03-20 10:25:00-04:00,45.36,45.41,45.325,45.41,11485
2019-03-20 10:30:00-04:00,45.4,45.41,45.375,45.375,5245
2019-03-20 10:35:00-04:00,45.385,45.47,45.385,45.44,12877
2019-03-20 10:40:00-04:00,45.445,45.47,45.43,45.47,6274
2019-03-20 10:45:00-04:00,45.46,45.48,45.45,45.47,8553
2019-03-20 10:50:00-04:00,45.46,45.49,45.46,45.47,6361
2019-03-20 10:55:00-04:00,45.46,45.475,45.45,45.46,7169
2019-03-20 11:00:00-04:00,45.47,45.495,45.455,45.465,6434
2019-03-20 11:05:00-04:00,45.46,45.47,45.45,45.47,4187
2019-03-20 11:10:00-04:00,45.47,45.47,45.45,45.45,4548
2019-03-20 11:15:00-04:00,45.45,45.45,45.415,45.43,25416
2019-03-20 11:20:00-04:00,45.445,45.45,45.435,45.44,6829
2019-03-20 11:25:00-04:00,45.45,45.5,45.445,45.5,11935
2019-03-20 11:30:00-04:00,45.51,45.56,45.505,45.55,13303
2019-03-20 11:35:00-04:00,45.54,45.545,45.52,45.54,5537
2019-03-20 11:40:00-04:00,45.53,45.53,45.51,45.53,3218
2019-03-20 11:45:00-04:00,45.53,45.535,45.52,45.525,6656
2019-03-20 11:50:00-04:00,45.53,45.53,45.495,45.51,4576
2019-03-20 11:55:00-04:00,45.5,45.51,45.48,45.48,4692
2019-03-20 12:00:00-04:00,45.49,45.49,45.48,45.485,3939
2019-03-20 12:05:00-04:00,45.485,45.53,45.48,45.53,5851
2019-03-20 12:10:00-04:00,45.53,45.565,45.525,45.555,4563
2019-03-20 12:15:00-04:00,45.555,45.585,45.555,45.58,4458
2019-03-20 12:20:00-04:00,45.57,45.58,45.55,45.55,2433
2019-03-20 12:25:00-04:00,45.56,45.625,45.555,45.615,6878
2019-03-20 12:30:00-04:00,45.61,45.61,45.51,45.57,9766
2019-03-20 12:35:00-04:00,45.57,45.62,45.565,45.61,4260
2019-03-20 12:40:00-04:00,45.62,45.63,45.6,45.61,2812
2019-03-20 12:45:00-04:00,45.62,45.62,45.6,45.61,5392
2019-03-20 12:50:00-04:00,45.61,45.635,45.605,45.605,5181
2019-03-20 12:55:00-04:00,45.61,45.63,45.605,45.61,5910
2019-03-20 13:00:00-04:00,45.61,45.61,45.6,45.6,1015
2019-03-20 13:05:00-04:00,45.595,45.61,45.57,45.57,4441
2019-03-20 13:10:00-04:00,45.58,45.59,45.57,45.58,5268
2019-03-20 13:15:00-04:00,45.58,45.59,45.57,45.59,2645
2019-03-20 13:20:00-04:00,45.58,45.59,45.57,45.59,2495
2019-03-20 13:25:00-04:00,45.59,45.605,45.585,45.6,2283
2019-03-20 13:30:00-04:00,45.6,45.605,45.58,45.59,9859
2019-03-20 13:35:00-04:00,45.58,45.605,45.57,45.59,7860
2019-03-20 13:40:00-04:00,45.59,45.59,45.56,45.565,2831
2019-03-20 13:45:00-04:00,45.57,45.575,45.55,45.55,18263
2019-03-20 13:50:00-04:00,45.545,45.545,45.515,45.53,11070
2019-03-20 13:55:00-04:00,45.54,45.57,45.53,45.56,5745
2019-03-20 14:00:00-04:00,45.6,45.77,45.6,45.77,10363
2019-03-20 14:05:00-04:00,45.775,45.795,45.72,45.74,7719
2019-03-20 14:10:00-04:00,45.75,45.79,45.75,45.79,12038
2019-03-20 14:15:00-04:00,45.79,45.79,45.74,45.75,9700
2019-03-21 09:25:00-04:00,45.5,45.5,45.5,45.5,289
2019-03-21 09:30:00-04:00,45.54,45.74,45.54,45.725,6324
2019-03-21 09:35:00-04:00,45.75,45.76,45.61,45.68,4558
2019-03-21 09:40:00-04:00,45.68,45.715,45.66,45.68,14663
2019-03-21 09:45:00-04:00,45.67,45.7,45.58,45.59,8778
2019-03-21 09:50:00-04:00,45.58,45.59,45.5,45.54,10922
2019-03-21 09:55:00-04:00,45.53,45.56,45.52,45.54,9475
2019-03-21 10:00:00-04:00,45.52,45.545,45.51,45.52,11903
2019-03-21 10:05:00-04:00,45.52,45.57,45.49,45.54,19698
2019-03-21 10:10:00-04:00,45.535,45.535,45.47,45.47,13913
2019-03-21 10:15:00-04:00,45.47,45.5,45.47,45.49,11932
2019-03-21 10:20:00-04:00,45.5,45.5,45.46,45.47,15073
2019-03-21 10:25:00-04:00,45.47,45.555,45.465,45.54,19920
2019-03-21 10:30:00-04:00,45.535,45.54,45.495,45.53,17056
2019-03-21 10:35:00-04:00,45.54,45.58,45.54,45.56,12375
2019-03-21 10:40:00-04:00,45.555,45.58,45.53,45.58,12098
2019-03-21 10:45:00-04:00,45.575,45.59,45.54,45.545,7040
2019-03-21 10:50:00-04:00,45.54,45.57,45.54,45.56,6315
2019-03-21 10:55:00-04:00,45.55,45.57,45.55,45.55,7432
2019-03-21 11:00:00-04:00,45.545,45.61,45.545,45.585,31791
2019-03-21 11:05:00-04:00,45.59,45.59,45.57,45.57,13071
2019-03-21 11:10:00-04:00,45.58,45.59,45.54,45.58,9368
2019-03-21 11:15:00-04:00,45.58,45.6,45.56,45.57,15302
2019-03-21 11:20:00-04:00,45.57,45.58,45.525,45.53,8831
2019-03-21 11:25:00-04:00,45.53,45.57,45.525,45.55,15543
2019-03-21 11:30:00-04:00,45.56,45.57,45.54,45.55,18706
2019-03-21 11:35:00-04:00,45.55,45.57,45.54,45.555,13584
2019-03-21 11:40:00-04:00,45.55,45.565,45.53,45.55,20726
2019-03-21 11:45:00-04:00,45.55,45.58,45.55,45.555,7186
2019-03-21 11:50:00-04:00,45.55,45.585,45.55,45.58,17892
2019-03-21 11:55:00-04:00,45.58,45.64,45.57,45.64,18062
2019-03-21 12:00:00-04:00,45.645,45.65,45.635,45.64,5092
2019-03-21 12:05:00-04:00,45.62,45.625,45.61,45.61,3554
2019-03-21 12:10:00-04:00,45.61,45.64,45.55,45.55,12170
2019-03-21 12:15:00-04:00,45.56,45.57,45.53,45.54,4379
2019-03-21 12:20:00-04:00,45.54,45.56,45.51,45.54,8759
2019-03-21 12:25:00-04:00,45.52,45.53,45.5,45.51,3224
2019-03-21 12:30:00-04:00,45.51,45.54,45.51,45.52,10946
2019-03-21 12:35:00-04:00,45.52,45.54,45.51,45.54,7296
2019-03-21 12:40:00-04:00,45.54,45.55,45.53,45.53,2654
2019-03-21 12:45:00-04:00,45.535,45.55,45.525,45.55,6532
2019-03-21 12:50:00-04:00,45.55,45.55,45.53,45.54,25477
2019-03-21 12:55:00-04:00,45.54,45.54,45.49,45.51,11417
2019-03-21 13:00:00-04:00,45.51,45.53,45.48,45.53,14095
2019-03-21 13:05:00-04:00,45.53,45.53,45.505,45.51,3250
2019-03-21 13:10:00-04:00,45.505,45.52,45.505,45.51,4700
2019-03-21 13:15:00-04:00,45.5,45.51,45.5,45.51,3690
2019-03-21 13:20:00-04:00,45.51,45.515,45.48,45.51,6420
2019-03-21 13:25:00-04:00,45.505,45.52,45.505,45.52,4255
2019-03-21 13:30:00-04:00,45.52,45.52,45.51,45.515,10322
2019-03-21 13:35:00-04:00,45.515,45.515,45.475,45.475,2912
2019-03-21 13:40:00-04:00,45.475,45.51,45.44,45.51,16551
2019-03-21 13:45:00-04:00,45.5,45.51,45.49,45.51,11802
2019-03-21 13:50:00-04:00,45.52,45.53,45.51,45.53,12523
2019-03-21 13:55:00-04:00,45.52,45.54,45.51,45.54,7211
2019-03-21 14:00:00-04:00,45.55,45.565,45.5,45.505,20740
2019-03-21 14:05:00-04:00,45.51,45.53,45.49,45.53,8227
2019-03-21 14:10:00-04:00,45.525,45.57,45.525,45.55,9961
2019-03-21 14:15:00-04:00,45.555,45.58,45.54,45.55,22230
2019-03-21 14:20:00-04:00,45.545,45.57,45.525,45.55,14953
2019-03-21 14:25:00-04:00,45.56,45.605,45.56,45.605,7464
2019-03-21 14:30:00-04:00,45.605,45.62,45.6,45.6,3581
2019-03-21 14:35:00-04:00,45.6,45.62,45.59,45.6,24766
2019-03-21 14:40:00-04:00,45.595,45.6,45.59,45.59,10600
2019-03-21 14:45:00-04:00,45.59,45.6,45.59,45.595,7823
2019-03-21 14:50:00-04:00,45.595,45.605,45.58,45.58,18836
2019-03-21 14:55:00-04:00,45.58,45.59,45.56,45.56,11089
2019-03-21 15:00:00-04:00,45.56,45.595,45.56,45.595,6809
2019-03-21 15:05:00-04:00,45.6,45.6,45.58,45.585,28943
2019-03-21 15:10:00-04:00,45.59,45.59,45.51,45.52,14413
2019-03-21 15:15:00-04:00,45.53,45.56,45.525,45.56,14897
2019-03-21 15:20:00-04:00,45.56,45.57,45.54,45.57,18642
2019-03-21 15:25:00-04:00,45.57,45.58,45.555,45.555,17903
2019-03-21 15:30:00-04:00,45.56,45.58,45.545,45.565,36313
2019-03-21 15:35:00-04:00,45.57,45.57,45.55,45.57,43612
2019-03-21 15:40:00-04:00,45.56,45.575,45.56,45.565,64511
2019-03-21 15:45:00-04:00,45.56,45.56,45.49,45.49,35978
2019-03-21 15:50:00-04:00,45.5,45.51,45.46,45.475,84980
2019-03-21 15:55:00-04:00,45.47,45.5,45.45,45.47,258401
2019-03-22 09:30:00-04:00,45.58,45.735,45.53,45.735,12255
2019-03-22 09:35:00-04:00,45.73,45.745,45.655,45.68,10693
2019-03-22 09:40:00-04:00,45.66,45.77,45.65,45.7,7096
2019-03-22 09:45:00-04:00,45.7,45.7,45.64,45.67,7735
2019-03-22 09:50:00-04:00,45.68,45.75,45.67,45.71,7676
2019-03-22 09:55:00-04:00,45.71,45.73,45.66,45.69,6140
2019-03-22 10:00:00-04:00,45.7,45.73,45.68,45.71,18975
2019-03-22 10:05:00-04:00,45.7,45.78,45.68,45.76,17751
2019-03-22 10:10:00-04:00,45.75,45.79,45.75,45.77,11730
2019-03-22 10:15:00-04:00,45.78,45.83,45.77,45.83,6364
2019-03-22 10:20:00-04:00,45.83,45.87,45.825,45.86,16855
2019-03-22 10:25:00-04:00,45.85,45.87,45.82,45.87,20791
2019-03-22 10:30:00-04:00,45.87,45.885,45.86,45.88,12986
2019-03-22 10:35:00-04:00,45.87,45.95,45.865,45.94,11866
2019-03-22 10:40:00-04:00,45.935,45.98,45.91,45.97,20231
2019-03-22 10:45:00-04:00,45.975,45.98,45.91,45.915,27798
2019-03-22 10:50:00-04:00,45.91,45.925,45.88,45.9,21230
2019-03-22 10:55:00-04:00,45.92,45.95,45.9,45.9,24631
2019-03-22 11:00:00-04:00,45.9,45.95,45.89,45.94,13909
2019-03-22 11:05:00-04:00,45.94,45.98,45.94,45.98,14855
2019-03-22 11:10:00-04:00,45.98,45.99,45.96,45.98,15897
2019-03-22 11:15:00-04:00,45.99,46.03,45.96,46.02,17125
2019-03-22 11:20:00-04:00,46.02,46.03,45.98,46.02,12211
2019-03-22 11:25:00-04:00,46.025,46.07,46.01,46.05,39076
2019-03-22 11:30:00-04:00,46.04,46.1,46.04,46.05,34574
2019-03-22 11:35:00-04:00,46.05,46.07,46.04,46.04,32819
2019-03-22 11:40:00-04:00,46.03,46.03,45.94,45.96,16649
2019-03-22 11:45:00-04:00,45.96,46.01,45.94,45.99,10264
2019-03-22 11:50:00-04:00,45.97,45.97,45.91,45.94,17799
2019-03-22 11:55:00-04:00,45.94,45.98,45.94,45.96,9740
2019-03-22 12:00:00-04:00,45.965,46.03,45.965,46.03,8207
2019-03-22 12:05:00-04:00,46.02,46.025,45.96,45.965,20126
2019-03-22 12:10:00-04:00,45.96,45.97,45.94,45.97,8163
2019-03-22 12:15:00-04:00,45.965,46.0,45.965,45.97,16986
2019-03-22 12:20:00-04:00,45.97,46.0,45.94,46.0,30462
2019-03-22 12:25:00-04:00,46.0,46.0,45.98,45.99,13610
2019-03-22 12:30:00-04:00,45.98,45.99,45.95,45.955,13341
2019-03-22 12:35:00-04:00,45.95,45.955,45.92,45.92,13007
2019-03-22 12:40:00-04:00,45.91,45.91,45.815,45.82,28106
2019-03-22 12:45:00-04:00,45.81,45.845,45.795,45.83,15789
2019-03-22 12:50:00-04:00,45.82,45.875,45.795,45.86,14932
2019-03-22 12:55:00-04:00,45.85,45.88,45.83,45.88,19304
2019-03-22 13:00:00-04:00,45.87,45.94,45.87,45.89,14458
2019-03-22 13:05:00-04:00,45.885,45.92,45.88,45.905,8143
2019-03-22 13:10:00-04:00,45.905,45.905,45.88,45.895,13019
2019-03-22 13:15:00-04:00,45.895,45.94,45.895,45.92,13164
2019-03-22 13:20:00-04:00,45.92,45.925,45.9,45.925,11464
2019-03-22 13:25:00-04:00,45.92,45.96,45.92,45.96,10940
2019-03-22 13:30:00-04:00,45.96,45.995,45.95,45.96,45448
2019-03-22 13:35:00-04:00,45.97,45.99,45.96,45.985,14398
2019-03-22 13:40:00-04:00,45.99,46.02,45.99,46.02,10841
2019-03-22 13:45:00-04:00,46.02,46.02,45.99,45.995,12611
2019-03-22 13:50:00-04:00,45.995,46.01,45.99,46.0,14085
2019-03-22 13:55:00-04:00,45.99,45.995,45.94,45.94,18037
2019-03-22 14:00:00-04:00,45.94,46.05,45.94,46.02,36332
2019-03-22 14:05:00-04:00,46.02,46.02,45.965,45.995,13248
2019-03-22 14:10:00-04:00,45.99,46.01,45.97,46.0,13356
2019-03-22 14:15:00-04:00,46.01,46.05,46.01,46.03,13094
2019-03-22 14:20:00-04:00,46.03,46.045,46.01,46.02,11521
2019-03-22 14:25:00-04:00,46.02,46.03,45.99,46.005,20999
2019-03-22 14:30:00-04:00,46.01,46.02,45.965,45.965,32401
2019-03-22 14:35:00-04:00,45.96,45.995,45.955,45.99,7757
2019-03-22 14:40:00-04:00,46.0,46.025,45.99,46.01,17626
2019-03-22 14:45:00-04:00,46.01,46.08,46.01,46.05,22931
2019-03-22 14:50:00-04:00,46.05,46.085,46.05,46.06,6642
2019-03-22 14:55:00-04:00,46.06,46.06,46.0,46.02,17249
2019-03-22 15:00:00-04:00,46.01,46.04,45.965,45.965,12294
2019-03-22 15:05:00-04:00,45.965,45.99,45.965,45.98,12239
2019-03-22 15:10:00-04:00,45.99,45.99,45.935,45.95,16961
2019-03-22 15:15:00-04:00,45.945,45.965,45.92,45.93,30253
2019-03-22 15:20:00-04:00,45.935,46.005,45.93,46.0,11924
2019-03-22 15:25:00-04:00,46.0,46.01,45.94,45.94,21836
2019-03-22 15:30:00-04:00,45.94,45.94,45.88,45.9,38606
2019-03-22 15:35:00-04:00,45.895,45.93,45.88,45.92,24297
2019-03-22 15:40:00-04:00,45.91,45.92,45.88,45.885,25369
2019-03-22 15:45:00-04:00,45.88,45.96,45.88,45.915,36188
2019-03-22 15:50:00-04:00,45.92,45.955,45.9,45.93,44975
2019-03-22 15:55:00-04:00,45.94,45.95,45.87,45.92,165090
2019-03-22 16:00:00-04:00,45.91,45.91,45.91,45.91,441
2019-03-25 09:30:00-04:00,45.84,46.05,45.84,46.01,11127
2019-03-25 09:35:00-04:00,46.05,46.05,45.92,45.93,16656
2019-03-25 09:40:00-04:00,45.93,46.0,45.91,45.92,15959
2019-03-25 09:45:00-04:00,45.93,45.93,45.86,45.86,19312
2019-03-25 09:50:00-04:00,45.88,45.9,45.85,45.9,12418
2019-03-25 09:55:00-04:00,45.89,45.895,45.81,45.84,9428
2019-03-25 10:00:00-04:00,45.855,45.96,45.855,45.96,14269
2019-03-25 10:05:00-04:00,45.96,46.01,45.96,46.005,15592
2019-03-25 10:10:00-04:00,46.0,46.06,46.0,46.04,13143
2019-03-25 10:15:00-04:00,46.04,46.06,46.03,46.03,10541
2019-03-25 10:20:00-04:00,46.03,46.03,45.97,46.0,9999
2019-03-25 10:25:00-04:00,46.0,46.0,45.92,45.92,8496
2019-03-25 10:30:00-04:00,45.92,45.98,45.92,45.95,4575
2019-03-25 10:35:00-04:00,45.95,46.0,45.95,45.95,8392
2019-03-25 10:40:00-04:00,45.94,45.985,45.94,45.98,8195
2019-03-25 10:45:00-04:00,45.97,45.99,45.945,45.97,10259
2019-03-25 10:50:00-04:00,45.99,46.06,45.99,46.03,12826
2019-03-25 10:55:00-04:00,46.03,46.07,46.02,46.065,20343
2019-03-25 11:00:00-04:00,46.07,46.07,46.02,46.02,12925
2019-03-25 11:05:00-04:00,46.03,46.07,46.0,46.02,17328
2019-03-25 11:10:00-04:00,46.03,46.05,45.99,46.05,10264
2019-03-25 11:15:00-04:00,46.04,46.07,46.04,46.065,6961
2019-03-25 11:20:00-04:00,46.07,46.08,46.03,46.04,17897
2019-03-25 11:25:00-04:00,46.04,46.11,46.04,46.11,9443
2019-03-25 11:30:00-04:00,46.1,46.17,46.1,46.145,13643
2019-03-25 11:35:00-04:00,46.16,46.195,46.15,46.175,9827
2019-03-25 11:40:00-04:00,46.17,46.175,46.12,46.13,12339
2019-03-25 11:45:00-04:00,46.135,46.145,46.07,46.08,5826
2019-03-25 11:50:00-04:00,46.08,46.11,46.08,46.09,4970
2019-03-25 11:55:00-04:00,46.09,46.11,46.07,46.07,5067
2019-03-25 12:00:00-04:00,46.07,46.08,46.04,46.07,6881
2019-03-25 12:05:00-04:00,46.07,46.1,46.07,46.09,11507
2019-03-25 12:10:00-04:00,46.09,46.12,46.07,46.085,6327
2019-03-25 12:15:00-04:00,46.08,46.09,46.05,46.055,3441
2019-03-25 12:20:00-04:00,46.06,46.125,46.06,46.12,6959
2019-03-25 12:25:00-04:00,46.11,46.11,46.08,46.11,6583
2019-03-25 12:30:00-04:00,46.11,46.135,46.08,46.1,8978
2019-03-25 12:35:00-04:00,46.11,46.13,46.1,46.12,11418
2019-03-25 12:40:00-04:00,46.12,46.13,46.095,46.1,11888
2019-03-25 12:45:00-04:00,46.095,46.11,46.09,46.1,7891
2019-03-25 12:50:00-04:00,46.09,46.1,46.09,46.095,5390
2019-03-25 12:55:00-04:00,46.11,46.13,46.095,46.11,7530
2019-03-25 13:00:00-04:00,46.11,46.11,46.09,46.11,5458
2019-03-25 13:05:00-04:00,46.11,46.115,46.1,46.1,6479
2019-03-25 13:10:00-04:00,46.1,46.11,46.06,46.1,11245
2019-03-25 13:15:00-04:00,46.09,46.09,46.04,46.04,4539
2019-03-25 13:20:00-04:00,46.045,46.045,46.0,46.04,2961
2019-03-25 13:25:00-04:00,46.03,46.055,46.02,46.035,3602
2019-03-25 13:30:00-04:00,46.05,46.075,46.03,46.07,8990
2019-03-25 13:35:00-04:00,46.07,46.095,46.07,46.07,5132
2019-03-25 13:40:00-04:00,46.07,46.075,46.04,46.04,5249
2019-03-25 13:45:00-04:00,46.04,46.04,45.98,46.005,4100
2019-03-25 13:50:00-04:00,46.0,46.015,45.98,45.99,4119
2019-03-25 13:55:00-04:00,45.99,45.99,45.96,45.975,6867
2019-03-25 14:00:00-04:00,45.98,46.0,45.98,45.98,3224
2019-03-25 14:05:00-04:00,45.985,45.985,45.95,45.97,4398
2019-03-25 14:10:00-04:00,45.975,46.01,45.965,45.985,15921
2019-03-25 14:15:00-04:00,45.99,46.005,45.98,45.985,10924
2019-03-25 14:20:00-04:00,46.0,46.015,45.99,46.0,9620
2019-03-25 14:25:00-04:00,46.0,46.015,45.99,46.015,6468
2019-03-25 14:30:00-04:00,46.03,46.06,46.03,46.05,7481
2019-03-25 14:35:00-04:00,46.055,46.08,46.05,46.08,4118
2019-03-25 14:40:00-04:00,46.08,46.1,46.07,46.09,9793
2019-03-25 14:45:00-04:00,46.1,46.11,46.09,46.09,11719
2019-03-25 14:50:00-04:00,46.1,46.14,46.095,46.13,11535
2019-03-25 14:55:00-04:00,46.14,46.145,46.1,46.1,9504
2019-03-25 15:00:00-04:00,46.11,46.125,46.07,46.08,13324
2019-03-25 15:05:00-04:00,46.08,46.095,46.08,46.09,6162
2019-03-25 15:10:00-04:00,46.1,46.18,46.1,46.18,15532
2019-03-25 15:15:00-04:00,46.18,46.18,46.14,46.15,11004
2019-03-25 15:20:00-04:00,46.15,46.18,46.14,46.18,13580
2019-03-25 15:25:00-04:00,46.17,46.19,46.17,46.17,10337
2019-03-25 15:30:00-04:00,46.17,46.175,46.12,46.12,17484
2019-03-25 15:35:00-04:00,46.12,46.145,46.1,46.11,15152
2019-03-25 15:40:00-04:00,46.11,46.115,46.075,46.105,18621
2019-03-25 15:45:00-04:00,46.1,46.13,46.06,46.07,32872
2019-03-25 15:50:00-04:00,46.07,46.105,46.065,46.09,23107
2019-03-25 15:55:00-04:00,46.1,46.105,46.03,46.04,107255
2019-03-25 16:35:00-04:00,45.98,45.98,45.98,45.98,265
2019-03-26 09:30:00-04:00,46.17,46.42,46.17,46.415,12948
2019-03-26 09:35:00-04:00,46.41,46.47,46.41,46.45,6196
2019-03-26 09:40:00-04:00,46.47,46.49,46.47,46.47,8692
2019-03-26 09:45:00-04:00,46.47,46.49,46.47,46.48,23072
2019-03-26 09:50:00-04:00,46.48,46.59,46.48,46.59,29267
2019-03-26 09:55:00-04:00,46.595,46.595,46.48,46.48,10959
2019-03-26 10:00:00-04:00,46.49,46.61,46.47,46.58,10402
2019-03-26 10:05:00-04:00,46.57,46.64,46.56,46.63,12514
2019-03-26 10:10:00-04:00,46.64,46.67,46.62,46.67,11921
2019-03-26 10:15:00-04:00,46.67,46.67,46.62,46.63,9025
2019-03-26 10:20:00-04:00,46.63,46.65,46.61,46.63,7032
2019-03-26 10:25:00-04:00,46.62,46.64,46.59,46.59,5528
2019-03-26 10:30:00-04:00,46.6,46.645,46.6,46.64,9889
2019-03-26 10:35:00-04:00,46.645,46.675,46.645,46.67,18423
2019-03-26 10:40:00-04:00,46.67,46.68,46.63,46.635,9718
2019-03-26 10:45:00-04:00,46.63,46.655,46.63,46.64,6975
2019-03-26 10:50:00-04:00,46.65,46.68,46.65,46.67,8889
2019-03-26 10:55:00-04:00,46.67,46.73,46.67,46.73,9395
2019-03-26 11:00:00-04:00,46.72,46.75,46.71,46.75,5399
2019-03-26 11:05:00-04:00,46.75,46.75,46.71,46.73,9387
2019-03-26 11:10:00-04:00,46.72,46.74,46.72,46.73,7167
2019-03-26 11:15:00-04:00,46.73,46.79,46.73,46.79,10783
2019-03-26 11:20:00-04:00,46.78,46.78,46.72,46.72,6561
2019-03-26 11:25:00-04:00,46.72,46.735,46.68,46.705,10237
2019-03-26 11:30:00-04:00,46.7,46.71,46.67,46.69,10042
2019-03-26 11:35:00-04:00,46.69,46.7,46.67,46.69,8137
2019-03-26 11:40:00-04:00,46.69,46.7,46.68,46.7,4988
2019-03-26 11:45:00-04:00,46.69,46.72,46.68,46.71,21772
2019-03-26 11:50:00-04:00,46.71,46.71,46.63,46.63,14519
2019-03-26 11:55:00-04:00,46.64,46.64,46.62,46.63,5623
2019-03-26 12:00:00-04:00,46.64,46.65,46.63,46.65,3773
2019-03-26 12:05:00-04:00,46.64,46.66,46.64,46.655,4826
2019-03-26 12:10:00-04:00,46.655,46.67,46.605,46.605,20143
2019-03-26 12:15:00-04:00,46.6,46.61,46.6,46.61,7837
2019-03-26 12:20:00-04:00,46.62,46.665,46.62,46.63,10315
2019-03-26 12:25:00-04:00,46.63,46.64,46.58,46.58,8307
2019-03-26 12:30:00-04:00,46.58,46.59,46.58,46.58,1726
2019-03-26 12:35:00-04:00,46.59,46.59,46.58,46.58,4396
2019-03-26 12:40:00-04:00,46.58,46.585,46.56,46.56,4210
2019-03-26 12:45:00-04:00,46.56,46.56,46.51,46.51,4723
2019-03-26 12:50:00-04:00,46.52,46.55,46.52,46.545,10750
2019-03-26 12:55:00-04:00,46.54,46.545,46.53,46.54,8095
2019-03-26 13:00:00-04:00,46.54,46.545,46.51,46.52,8036
2019-03-26 13:05:00-04:00,46.52,46.53,46.51,46.51,7110
2019-03-26 13:10:00-04:00,46.505,46.54,46.505,46.54,4799
2019-03-26 13:15:00-04:00,46.54,46.54,46.51,46.53,5611
2019-03-26 13:20:00-04:00,46.53,46.53,46.51,46.52,4040
2019-03-26 13:25:00-04:00,46.525,46.525,46.47,46.47,3299
2019-03-26 13:30:00-04:00,46.47,46.49,46.47,46.49,10921
2019-03-26 13:35:00-04:00,46.5,46.5,46.47,46.48,4008
2019-03-26 13:40:00-04:00,46.49,46.505,46.47,46.47,7066
2019-03-26 13:45:00-04:00,46.48,46.49,46.47,46.485,4810
2019-03-26 13:50:00-04:00,46.48,46.49,46.46,46.48,9935
2019-03-26 13:55:00-04:00,46.48,46.485,46.455,46.475,13019
2019-03-26 14:00:00-04:00,46.475,46.5,46.47,46.5,5679
2019-03-26 14:05:00-04:00,46.495,46.5,46.47,46.47,5688
2019-03-26 14:10:00-04:00,46.47,46.49,46.435,46.47,9730
2019-03-26 14:15:00-04:00,46.47,46.48,46.45,46.47,4696
2019-03-26 14:20:00-04:00,46.46,46.47,46.44,46.46,3788
2019-03-26 14:25:00-04:00,46.46,46.49,46.46,46.49,8954
2019-03-26 14:30:00-04:00,46.49,46.5,46.48,46.5,4041
2019-03-26 14:35:00-04:00,46.5,46.51,46.49,46.5,4648
2019-03-26 14:40:00-04:00,46.505,46.55,46.5,46.54,9934
2019-03-26 14:45:00-04:00,46.54,46.55,46.53,46.54,7806
2019-03-26 14:50:00-04:00,46.53,46.53,46.5,46.5,4067
2019-03-26 14:55:00-04:00,46.48,46.535,46.475,46.52,8617
2019-03-26 15:00:00-04:00,46.52,46.56,46.51,46.555,11752
2019-03-26 15:05:00-04:00,46.55,46.555,46.52,46.52,7161
2019-03-26 15:10:00-04:00,46.52,46.55,46.515,46.52,9574
2019-03-26 15:15:00-04:00,46.525,46.53,46.47,46.49,13056
2019-03-26 15:20:00-04:00,46.49,46.54,46.49,46.52,9600
2019-03-26 15:25:00-04:00,46.51,46.54,46.5,46.54,7280
2019-03-26 15:30:00-04:00,46.53,46.55,46.515,46.53,14338
2019-03-26 15:35:00-04:00,46.53,46.56,46.53,46.55,12170
2019-03-26 15:40:00-04:00,46.55,46.57,46.525,46.53,17185
2019-03-26 15:45:00-04:00,46.53,46.57,46.51,46.56,16266
2019-03-26 15:50:00-04:00,46.56,46.58,46.54,46.575,28439
2019-03-26 15:55:00-04:00,46.58,46.64,46.575,46.64,66046
2019-03-27 09:30:00-04:00,46.73,46.9,46.615,46.83,12222
2019-03-27 09:35:00-04:00,46.835,46.86,46.73,46.73,29156
2019-03-27 09:40:00-04:00,46.73,46.75,46.67,46.715,20529
2019-03-27 09:45:00-04:00,46.715,46.73,46.66,46.69,21507
2019-03-27 09:50:00-04:00,46.7,46.73,46.63,46.63,16646
2019-03-27 09:55:00-04:00,46.64,46.64,46.59,46.6,11531
2019-03-27 10:00:00-04:00,46.6,46.69,46.59,46.67,9654
2019-03-27 10:05:00-04:00,46.66,46.68,46.655,46.655,8169
2019-03-27 10:10:00-04:00,46.65,46.67,46.63,46.66,9057
2019-03-27 10:15:00-04:00,46.65,46.65,46.59,46.59,8394
2019-03-27 10:20:00-04:00,46.6,46.62,46.58,46.62,6988
2019-03-27 10:25:00-04:00,46.62,46.63,46.57,46.58,10302
2019-03-27 10:30:00-04:00,46.58,46.64,46.58,46.64,7030
2019-03-27 10:35:00-04:00,46.64,46.64,46.56,46.565,10272
2019-03-27 10:40:00-04:00,46.56,46.57,46.5,46.52,7862
2019-03-27 10:45:00-04:00,46.51,46.51,46.47,46.5,9014
2019-03-27 10:50:00-04:00,46.49,46.49,46.435,46.44,13057
2019-03-27 10:55:00-04:00,46.44,46.46,46.42,46.45,8457
2019-03-27 11:00:00-04:00,46.45,46.51,46.45,46.5,9125
2019-03-27 11:05:00-04:00,46.51,46.53,46.49,46.5,10446
2019-03-27 11:10:00-04:00,46.5,46.5,46.45,46.46,10951
2019-03-27 11:15:00-04:00,46.45,46.46,46.4,46.41,6826
2019-03-27 11:20:00-04:00,46.41,46.42,46.38,46.395,7581
2019-03-27 11:25:00-04:00,46.405,46.415,46.36,46.37,13082
2019-03-27 11:30:00-04:00,46.36,46.43,46.36,46.37,14366
2019-03-27 11:35:00-04:00,46.36,46.42,46.33,46.42,9018
2019-03-27 11:40:00-04:00,46.41,46.41,46.375,46.38,13485
2019-03-27 11:45:00-04:00,46.39,46.42,46.39,46.4,8142
2019-03-27 11:50:00-04:00,46.4,46.415,46.35,46.375,9377
2019-03-27 11:55:00-04:00,46.39,46.415,46.365,46.39,10137
2019-03-27 12:00:00-04:00,46.39,46.46,46.37,46.46,19143
2019-03-27 12:05:00-04:00,46.45,46.45,46.4,46.4,6268
2019-03-27 12:10:00-04:00,46.4,46.42,46.385,46.415,8678
2019-03-27 12:15:00-04:00,46.41,46.41,46.38,46.4,9632
2019-03-27 12:20:00-04:00,46.41,46.465,46.41,46.445,10236
2019-03-27 12:25:00-04:00,46.45,46.455,46.405,46.43,7796
2019-03-27 12:30:00-04:00,46.43,46.46,46.42,46.46,4716
2019-03-27 12:35:00-04:00,46.46,46.46,46.42,46.42,12755
2019-03-27 12:40:00-04:00,46.41,46.45,46.41,46.45,7614
2019-03-27 12:45:00-04:00,46.45,46.45,46.42,46.43,7897
2019-03-27 12:50:00-04:00,46.425,46.425,46.4,46.425,4846
2019-03-27 12:55:00-04:00,46.42,46.45,46.415,46.43,10878
2019-03-27 13:00:00-04:00,46.43,46.45,46.42,46.43,6130
2019-03-27 13:05:00-04:00,46.43,46.47,46.43,46.45,7260
2019-03-27 13:10:00-04:00,46.44,46.53,46.44,46.53,6065
2019-03-27 13:15:00-04:00,46.54,46.55,46.52,46.53,8416
2019-03-27 13:20:00-04:00,46.53,46.55,46.525,46.55,6701
2019-03-27 13:25:00-04:00,46.56,46.565,46.54,46.54,3777
2019-03-27 13:30:00-04:00,46.54,46.55,46.51,46.52,4916
2019-03-27 13:35:00-04:00,46.525,46.53,46.51,46.53,5372
2019-03-27 13:40:00-04:00,46.53,46.55,46.52,46.525,8806
2019-03-27 13:45:00-04:00,46.535,46.54,46.53,46.54,4921
2019-03-27 13:50:00-04:00,46.545,46.57,46.54,46.57,3749
2019-03-27 13:55:00-04:00,46.59,46.59,46.55,46.56,11273
2019-03-27 14:00:00-04:00,46.555,46.56,46.51,46.525,12843
2019-03-27 14:05:00-04:00,46.52,46.525,46.5,46.525,6771
2019-03-27 14:10:00-04:00,46.53,46.575,46.52,46.57,10795
2019-03-27 14:15:00-04:00,46.57,46.57,46.55,46.565,7463
2019-03-27 14:20:00-04:00,46.56,46.565,46.55,46.55,8069
2019-03-27 14:25:00-04:00,46.555,46.565,46.55,46.565,6434
2019-03-27 14:30:00-04:00,46.57,46.595,46.565,46.565,12411
2019-03-27 14:35:00-04:00,46.56,46.58,46.505,46.51,15326
2019-03-27 14:40:00-04:00,46.52,46.535,46.51,46.53,9563
2019-03-27 14:45:00-04:00,46.53,46.55,46.53,46.545,8426
2019-03-27 14:50:00-04:00,46.55,46.59,46.55,46.57,13428
2019-03-27 14:55:00-04:00,46.58,46.585,46.51,46.52,10901
2019-03-27 15:00:00-04:00,46.53,46.54,46.49,46.5,10504
2019-03-27 15:05:00-04:00,46.5,46.525,46.49,46.5,12453
2019-03-27 15:10:00-04:00,46.51,46.54,46.51,46.53,10835
2019-03-27 15:15:00-04:00,46.525,46.56,46.52,46.56,8488
2019-03-27 15:20:00-04:00,46.555,46.58,46.545,46.56,15345
2019-03-27 15:25:00-04:00,46.565,46.59,46.55,46.575,10635
2019-03-27 15:30:00-04:00,46.58,46.615,46.58,46.61,23128
2019-03-27 15:35:00-04:00,46.61,46.625,46.565,46.575,21730
2019-03-27 15:40:00-04:00,46.575,46.59,46.56,46.59,17509
2019-03-27 15:45:00-04:00,46.59,46.61,46.56,46.57,33381
2019-03-27 15:50:00-04:00,46.57,46.575,46.48,46.48,36825
2019-03-27 15:55:00-04:00,46.47,46.61,46.47,46.6,142295
2019-03-28 09:30:00-04:00,46.69,46.81,46.69,46.71,6466
2019-03-28 09:35:00-04:00,46.71,46.79,46.71,46.78,9547
2019-03-28 09:40:00-04:00,46.79,46.84,46.73,46.765,13553
2019-03-28 09:45:00-04:00,46.75,46.8,46.75,46.755,12085
2019-03-28 09:50:00-04:00,46.76,46.765,46.72,46.73,11674
2019-03-28 09:55:00-04:00,46.73,46.82,46.725,46.8,13096
2019-03-28 10:00:00-04:00,46.81,46.81,46.74,46.785,15865
2019-03-28 10:05:00-04:00,46.78,46.82,46.775,46.815,11820
2019-03-28 10:10:00-04:00,46.81,46.83,46.8,46.825,14519
2019-03-28 10:15:00-04:00,46.83,46.83,46.8,46.805,17557
2019-03-28 10:20:00-04:00,46.805,46.86,46.795,46.855,11403
2019-03-28 10:25:00-04:00,46.86,46.86,46.83,46.86,14878
2019-03-28 10:30:00-04:00,46.86,46.9,46.84,46.89,15052
2019-03-28 10:35:00-04:00,46.89,46.92,46.83,46.83,16845
2019-03-28 10:40:00-04:00,46.83,46.835,46.805,46.82,13763
2019-03-28 10:45:00-04:00,46.83,46.85,46.8,46.815,13400
2019-03-28 10:50:00-04:00,46.81,46.81,46.74,46.76,10546
2019-03-28 10:55:00-04:00,46.76,46.765,46.73,46.735,20477
2019-03-28 11:00:00-04:00,46.735,46.76,46.72,46.725,16505
2019-03-28 11:05:00-04:00,46.72,46.73,46.69,46.715,16004
2019-03-28 11:10:00-04:00,46.71,46.73,46.64,46.675,18642
2019-03-28 11:15:00-04:00,46.68,46.68,46.59,46.61,11468
2019-03-28 11:20:00-04:00,46.6,46.615,46.58,46.6,10949
2019-03-28 11:25:00-04:00,46.6,46.62,46.58,46.595,11851
2019-03-28 11:30:00-04:00,46.59,46.595,46.55,46.55,10246
2019-03-28 11:35:00-04:00,46.55,46.55,46.52,46.53,5907
2019-03-28 11:40:00-04:00,46.53,46.54,46.5,46.52,5071
2019-03-28 11:45:00-04:00,46.51,46.57,46.49,46.57,7970
2019-03-28 11:50:00-04:00,46.58,46.58,46.54,46.54,9194
2019-03-28 11:55:00-04:00,46.54,46.585,46.54,46.585,1736
2019-03-28 12:00:00-04:00,46.58,46.595,46.565,46.595,7284
2019-03-28 12:05:00-04:00,46.6,46.62,46.59,46.6,9983
2019-03-28 12:10:00-04:00,46.595,46.595,46.555,46.555,7503
2019-03-28 12:15:00-04:00,46.56,46.61,46.56,46.61,6351
2019-03-28 12:20:00-04:00,46.615,46.66,46.615,46.655,6077
2019-03-28 12:25:00-04:00,46.66,46.665,46.63,46.665,6671
2019-03-28 12:30:00-04:00,46.66,46.69,46.65,46.655,8415
2019-03-28 12:35:00-04:00,46.66,46.69,46.66,46.69,4286
2019-03-28 12:40:00-04:00,46.69,46.7,46.67,46.68,12663
2019-03-28 12:45:00-04:00,46.68,46.68,46.64,46.65,8427
2019-03-28 12:50:00-04:00,46.65,46.685,46.65,46.685,6515
2019-03-28 12:55:00-04:00,46.685,46.7,46.66,46.66,14543
2019-03-28 13:00:00-04:00,46.67,46.68,46.64,46.64,12499
2019-03-28 13:05:00-04:00,46.64,46.66,46.64,46.65,4482
2019-03-28 13:10:00-04:00,46.65,46.67,46.65,46.66,3594
2019-03-28 13:15:00-04:00,46.66,46.66,46.62,46.62,5645
2019-03-28 13:20:00-04:00,46.63,46.68,46.63,46.65,5941
2019-03-28 13:25:00-04:00,46.66,46.66,46.65,46.65,3046
2019-03-28 13:30:00-04:00,46.66,46.67,46.64,46.665,10718
2019-03-28 13:35:00-04:00,46.66,46.66,46.65,46.655,9787
2019-03-28 13:40:00-04:00,46.655,46.67,46.65,46.65,4326
2019-03-28 13:45:00-04:00,46.65,46.66,46.65,46.655,6086
2019-03-28 13:50:00-04:00,46.66,46.66,46.65,46.65,6172
2019-03-28 13:55:00-04:00,46.65,46.655,46.645,46.65,4482
2019-03-28 14:00:00-04:00,46.65,46.66,46.645,46.655,4449
2019-03-28 14:05:00-04:00,46.65,46.66,46.65,46.65,5545
2019-03-28 14:10:00-04:00,46.65,46.67,46.65,46.67,4641
2019-03-28 14:15:00-04:00,46.675,46.675,46.65,46.65,7629
2019-03-28 14:20:00-04:00,46.645,46.66,46.63,46.66,16006
2019-03-28 14:25:00-04:00,46.665,46.685,46.66,46.68,7104
2019-03-28 14:30:00-04:00,46.67,46.675,46.64,46.64,10252
2019-03-28 14:35:00-04:00,46.645,46.66,46.64,46.66,4600
2019-03-28 14:40:00-04:00,46.66,46.675,46.655,46.665,5278
2019-03-28 14:45:00-04:00,46.67,46.69,46.66,46.69,12745
2019-03-28 14:50:00-04:00,46.68,46.69,46.66,46.66,7174
2019-03-28 14:55:00-04:00,46.66,46.67,46.66,46.665,4653
2019-03-28 15:00:00-04:00,46.66,46.68,46.645,46.66,13821
2019-03-28 15:05:00-04:00,46.66,46.68,46.65,46.67,8685
2019-03-28 15:10:00-04:00,46.68,46.69,46.665,46.69,8117
2019-03-28 15:15:00-04:00,46.7,46.72,46.69,46.7,13837
2019-03-28 15:20:00-04:00,46.7,46.7,46.68,46.68,18504
2019-03-28 15:25:00-04:00,46.69,46.7,46.66,46.66,11715
2019-03-28 15:30:00-04:00,46.67,46.68,46.65,46.65,9932
2019-03-28 15:35:00-04:00,46.65,46.66,46.63,46.64,15577
2019-03-28 15:40:00-04:00,46.63,46.66,46.63,46.65,21333
2019-03-28 15:45:00-04:00,46.66,46.66,46.6,46.6,22103
2019-03-28 15:50:00-04:00,46.6,46.61,46.575,46.6,37308
2019-03-28 15:55:00-04:00,46.61,46.63,46.585,46.6,95368
2019-03-29 09:25:00-04:00,46.65,46.65,46.65,46.65,180
2019-03-29 09:30:00-04:00,46.68,46.695,46.59,46.595,11915
2019-03-29 09:35:00-04:00,46.59,46.605,46.55,46.575,23407
2019-03-29 09:40:00-04:00,46.57,46.58,46.55,46.56,29645
2019-03-29 09:45:00-04:00,46.57,46.58,46.525,46.54,27560
2019-03-29 09:50:00-04:00,46.54,46.58,46.535,46.57,16141
2019-03-29 09:55:00-04:00,46.575,46.58,46.545,46.57,16078
2019-03-29 10:00:00-04:00,46.58,46.58,46.54,46.57,18284
2019-03-29 10:05:00-04:00,46.57,46.575,46.51,46.53,14157
2019-03-29 10:10:00-04:00,46.54,46.58,46.51,46.56,10067
2019-03-29 10:15:00-04:00,46.555,46.56,46.525,46.54,19163
2019-03-29 10:20:00-04:00,46.535,46.55,46.52,46.55,13788
2019-03-29 10:25:00-04:00,46.56,46.56,46.53,46.54,24702
2019-03-29 10:30:00-04:00,46.54,46.55,46.515,46.54,36609
2019-03-29 10:35:00-04:00,46.535,46.56,46.53,46.545,36080
2019-03-29 10:40:00-04:00,46.545,46.56,46.5,46.5,19039
2019-03-29 10:45:00-04:00,46.49,46.595,46.485,46.58,16158
2019-03-29 10:50:00-04:00,46.58,46.6,46.55,46.55,10039
2019-03-29 10:55:00-04:00,46.56,46.63,46.56,46.63,6244
2019-03-29 11:00:00-04:00,46.64,46.65,46.6,46.63,17480
2019-03-29 11:05:00-04:00,46.62,46.65,46.595,46.6,8525
2019-03-29 11:10:00-04:00,46.6,46.62,46.59,46.62,7306
2019-03-29 11:15:00-04:00,46.62,46.64,46.615,46.62,7414
2019-03-29 11:20:00-04:00,46.63,46.66,46.625,46.66,13813
2019-03-29 11:25:00-04:00,46.66,46.665,46.63,46.635,10456
2019-03-29 11:30:00-04:00,46.65,46.67,46.63,46.65,24682
2019-03-29 11:35:00-04:00,46.65,46.67,46.62,46.62,19235
2019-03-29 11:40:00-04:00,46.62,46.63,46.6,46.605,14567
2019-03-29 11:45:00-04:00,46.61,46.615,46.59,46.6,13709
2019-03-29 11:50:00-04:00,46.6,46.63,46.59,46.62,8930
2019-03-29 11:55:00-04:00,46.625,46.66,46.62,46.645,8943
2019-03-29 12:00:00-04:00,46.64,46.64,46.61,46.61,11224
2019-03-29 12:05:00-04:00,46.61,46.62,46.58,46.6,27173
2019-03-29 12:10:00-04:00,46.6,46.64,46.6,46.61,35913
2019-03-29 12:15:00-04:00,46.62,46.7,46.62,46.7,96433
2019-03-29 12:20:00-04:00,46.7,46.71,46.63,46.63,30990
2019-03-29 12:25:00-04:00,46.63,46.66,46.605,46.65,10244
2019-03-29 12:30:00-04:00,46.645,46.705,46.645,46.7,9944
2019-03-29 12:35:00-04:00,46.7,46.72,46.685,46.685,11905
2019-03-29 12:40:00-04:00,46.68,46.72,46.68,46.69,5666
2019-03-29 12:45:00-04:00,46.69,46.735,46.67,46.735,6376
2019-03-29 12:50:00-04:00,46.74,46.74,46.7,46.71,6917
2019-03-29 12:55:00-04:00,46.71,46.71,46.68,46.69,9251
2019-03-29 13:00:00-04:00,46.69,46.69,46.68,46.685,12705
2019-03-29 13:05:00-04:00,46.68,46.69,46.66,46.685,11497
2019-03-29 13:10:00-04:00,46.685,46.685,46.675,46.68,9110
2019-03-29 13:15:00-04:00,46.68,46.69,46.67,46.69,12225
2019-03-29 13:20:00-04:00,46.685,46.73,46.68,46.7,19193
2019-03-29 13:25:00-04:00,46.7,46.72,46.7,46.72,18155
2019-03-29 13:30:00-04:00,46.71,46.74,46.705,46.74,23126
2019-03-29 13:35:00-04:00,46.75,46.75,46.72,46.75,5122
2019-03-29 13:40:00-04:00,46.74,46.79,46.74,46.79,5831
2019-03-29 13:45:00-04:00,46.78,46.795,46.765,46.78,12584
2019-03-29 13:50:00-04:00,46.775,46.79,46.76,46.77,8138
2019-03-29 13:55:00-04:00,46.76,46.77,46.75,46.77,7309
2019-03-29 14:00:00-04:00,46.77,46.795,46.77,46.78,16829
2019-03-29 14:05:00-04:00,46.78,46.83,46.77,46.83,8819
2019-03-29 14:10:00-04:00,46.83,46.84,46.815,46.84,8292
2019-03-29 14:15:00-04:00,46.83,46.835,46.75,46.75,9024
2019-03-29 14:20:00-04:00,46.75,46.81,46.75,46.81,7688
2019-03-29 14:25:00-04:00,46.805,46.815,46.79,46.79,9012
2019-03-29 14:30:00-04:00,46.78,46.79,46.77,46.78,9609
2019-03-29 14:35:00-04:00,46.78,46.78,46.76,46.76,4073
2019-03-29 14:40:00-04:00,46.76,46.76,46.72,46.74,12672
2019-03-29 14:45:00-04:00,46.74,46.77,46.72,46.765,7539
2019-03-29 14:50:00-04:00,46.77,46.8,46.76,46.8,8563
2019-03-29 14:55:00-04:00,46.8,46.805,46.74,46.74,10544
2019-03-29 15:00:00-04:00,46.75,46.815,46.75,46.8,11196
2019-03-29 15:05:00-04:00,46.8,46.805,46.75,46.75,10023
2019-03-29 15:10:00-04:00,46.755,46.76,46.72,46.72,10829
2019-03-29 15:15:00-04:00,46.725,46.725,46.68,46.69,18438
2019-03-29 15:20:00-04:00,46.695,46.7,46.68,46.69,13338
2019-03-29 15:25:00-04:00,46.685,46.72,46.685,46.7,32557
2019-03-29 15:30:00-04:00,46.7,46.785,46.69,46.78,21097
2019-03-29 15:35:00-04:00,46.78,46.81,46.77,46.795,20701
2019-03-29 15:40:00-04:00,46.79,46.81,46.765,46.77,29850
2019-03-29 15:45:00-04:00,46.78,46.83,46.77,46.78,39369
2019-03-29 15:50:00-04:00,46.77,46.82,46.74,46.75,64730
2019-03-29 15:55:00-04:00,46.76,46.905,46.76,46.87,153840
2019-04-01 09:30:00-04:00,47.02,47.15,46.99,47.05,17886
2019-04-01 09:35:00-04:00,47.0,47.03,46.855,46.855,3960
2019-04-01 09:40:00-04:00,46.855,46.91,46.79,46.91,6930
2019-04-01 09:45:00-04:00,46.955,47.0,46.93,47.0,13263
2019-04-01 09:50:00-04:00,47.01,47.075,47.0,47.07,11143
2019-04-01 09:55:00-04:00,47.06,47.07,47.02,47.03,14243
2019-04-01 10:00:00-04:00,47.05,47.09,46.99,46.99,17040
2019-04-01 10:05:00-04:00,46.99,47.0,46.96,46.97,31583
2019-04-01 10:10:00-04:00,46.97,47.02,46.95,46.95,28035
2019-04-01 10:15:00-04:00,46.95,46.95,46.87,46.87,13381
2019-04-01 10:20:00-04:00,46.87,46.88,46.82,46.82,8877
2019-04-01 10:25:00-04:00,46.82,46.84,46.75,46.76,11370
2019-04-01 10:30:00-04:00,46.76,46.825,46.76,46.81,9969
2019-04-01 10:35:00-04:00,46.82,46.85,46.815,46.84,8285
2019-04-01 10:40:00-04:00,46.835,46.855,46.81,46.84,10401
2019-04-01 10:45:00-04:00,46.84,46.85,46.81,46.83,8843
2019-04-01 10:50:00-04:00,46.83,46.88,46.825,46.88,3880
2019-04-01 10:55:00-04:00,46.88,46.88,46.865,46.88,8288
2019-04-01 11:00:00-04:00,46.88,46.9,46.87,46.87,12488
2019-04-01 11:05:00-04:00,46.87,46.89,46.86,46.88,9165
2019-04-01 11:10:00-04:00,46.875,46.88,46.87,46.88,6237
2019-04-01 11:15:00-04:00,46.875,46.93,46.87,46.87,14845
2019-04-01 11:20:00-04:00,46.88,46.88,46.85,46.865,7509
2019-04-01 11:25:00-04:00,46.87,46.87,46.83,46.835,10190
2019-04-01 11:30:00-04:00,46.835,46.89,46.835,46.885,12086
2019-04-01 11:35:00-04:00,46.885,46.91,46.88,46.885,13648
2019-04-01 11:40:00-04:00,46.89,46.89,46.845,46.86,10232
2019-04-01 11:45:00-04:00,46.86,46.88,46.845,46.87,7730
2019-04-01 11:50:00-04:00,46.86,46.87,46.82,46.83,12385
2019-04-01 11:55:00-04:00,46.83,46.84,46.82,46.83,7109
2019-04-01 12:00:00-04:00,46.82,46.83,46.78,46.79,8121
2019-04-01 12:05:00-04:00,46.8,46.8,46.755,46.78,9313
2019-04-01 12:10:00-04:00,46.78,46.785,46.755,46.77,8504
2019-04-01 12:15:00-04:00,46.78,46.795,46.77,46.78,7535
2019-04-01 12:20:00-04:00,46.78,46.81,46.78,46.81,7035
2019-04-01 12:25:00-04:00,46.805,46.805,46.775,46.795,9920
2019-04-01 12:30:00-04:00,46.8,46.81,46.77,46.78,7201
2019-04-01 12:35:00-04:00,46.775,46.775,46.74,46.75,6425
2019-04-01 12:40:00-04:00,46.75,46.75,46.72,46.735,9807
2019-04-01 12:45:00-04:00,46.73,46.75,46.73,46.73,5435
2019-04-01 12:50:00-04:00,46.735,46.745,46.7,46.73,11163
2019-04-01 12:55:00-04:00,46.74,46.75,46.73,46.75,8031
2019-04-01 13:00:00-04:00,46.75,46.75,46.72,46.72,5683
2019-04-01 13:05:00-04:00,46.72,46.75,46.71,46.745,7919
2019-04-01 13:10:00-04:00,46.74,46.74,46.715,46.725,5316
2019-04-01 13:15:00-04:00,46.74,46.75,46.725,46.735,5958
2019-04-01 13:20:00-04:00,46.74,46.75,46.72,46.745,8920
2019-04-01 13:25:00-04:00,46.745,46.745,46.71,46.71,8223
2019-04-01 13:30:00-04:00,46.715,46.72,46.685,46.7,10732
2019-04-01 13:35:00-04:00,46.69,46.715,46.69,46.7,2039
2019-04-01 13:40:00-04:00,46.7,46.7,46.65,46.65,12186
2019-04-01 13:45:00-04:00,46.65,46.66,46.625,46.64,11470
2019-04-01 13:50:00-04:00,46.64,46.65,46.6,46.6,8037
2019-04-01 13:55:00-04:00,46.605,46.625,46.59,46.625,10616
2019-04-01 14:00:00-04:00,46.64,46.66,46.625,46.66,13943
2019-04-01 14:05:00-04:00,46.67,46.68,46.66,46.665,6146
2019-04-01 14:10:00-04:00,46.665,46.69,46.66,46.67,12035
2019-04-01 14:15:00-04:00,46.66,46.69,46.64,46.64,4993
2019-04-01 14:20:00-04:00,46.65,46.655,46.625,46.65,4505
2019-04-01 14:25:00-04:00,46.645,46.67,46.62,46.625,5533
2019-04-01 14:30:00-04:00,46.64,46.675,46.62,46.67,2820
2019-04-01 14:35:00-04:00,46.67,46.675,46.65,46.65,5619
2019-04-01 14:40:00-04:00,46.65,46.69,46.65,46.69,5102
2019-04-01 14:45:00-04:00,46.69,46.7,46.68,46.695,3183
2019-04-01 14:50:00-04:00,46.7,46.72,46.69,46.7,6632
2019-04-01 14:55:00-04:00,46.71,46.71,46.65,46.66,5994
2019-04-01 15:00:00-04:00,46.65,46.65,46.635,46.64,3882
2019-04-01 15:05:00-04:00,46.64,46.65,46.615,46.63,7613
2019-04-01 15:10:00-04:00,46.63,46.655,46.625,46.64,10536
2019-04-01 15:15:00-04:00,46.64,46.66,46.63,46.655,11874
2019-04-01 15:20:00-04:00,46.65,46.67,46.635,46.67,8618
2019-04-01 15:25:00-04:00,46.67,46.71,46.65,46.71,10057
2019-04-01 15:30:00-04:00,46.7,46.71,46.65,46.65,14385
2019-04-01 15:35:00-04:00,46.65,46.68,46.65,46.67,27429
2019-04-01 15:40:00-04:00,46.67,46.67,46.63,46.66,24632
2019-04-01 15:45:00-04:00,46.67,46.68,46.64,46.66,25013
2019-04-01 15:50:00-04:00,46.66,46.7,46.64,46.695,36668
2019-04-01 15:55:00-04:00,46.695,46.72,46.645,46.705,152291
2019-04-01 16:45:00-04:00,46.79,46.79,46.79,46.79,312
2019-04-02 09:30:00-04:00,46.73,46.73,46.6,46.69,16391
2019-04-02 09:35:00-04:00,46.76,46.78,46.67,46.78,11852
2019-04-02 09:40:00-04:00,46.77,46.79,46.68,46.68,9362
2019-04-02 09:45:00-04:00,46.68,46.8,46.68,46.78,18560
2019-04-02 09:50:00-04:00,46.775,46.82,46.76,46.8,10479
2019-04-02 09:55:00-04:00,46.8,46.895,46.78,46.85,24993
2019-04-02 10:00:00-04:00,46.85,46.86,46.73,46.735,10524
2019-04-02 10:05:00-04:00,46.73,46.73,46.67,46.69,9671
2019-04-02 10:10:00-04:00,46.7,46.73,46.68,46.73,10290
2019-04-02 10:15:00-04:00,46.73,46.78,46.72,46.76,16765
2019-04-02 10:20:00-04:00,46.77,46.835,46.77,46.835,10629
2019-04-02 10:25:00-04:00,46.835,46.925,46.835,46.91,10689
2019-04-02 10:30:00-04:00,46.88,46.895,46.82,46.83,4035
2019-04-02 10:35:00-04:00,46.83,46.835,46.79,46.815,4464
2019-04-02 10:40:00-04:00,46.81,46.81,46.75,46.76,5877
2019-04-02 10:45:00-04:00,46.76,46.76,46.72,46.725,6075
2019-04-02 10:50:00-04:00,46.73,46.73,46.7,46.71,5562
2019-04-02 10:55:00-04:00,46.71,46.72,46.67,46.67,4631
2019-04-02 11:00:00-04:00,46.67,46.7,46.67,46.69,6447
2019-04-02 11:05:00-04:00,46.69,46.7,46.665,46.67,4790
2019-04-02 11:10:00-04:00,46.665,46.69,46.665,46.68,4488
2019-04-02 11:15:00-04:00,46.69,46.69,46.655,46.67,9175
2019-04-02 11:20:00-04:00,46.67,46.68,46.64,46.67,4286
2019-04-02 11:25:00-04:00,46.675,46.7,46.67,46.67,9405
2019-04-02 11:30:00-04:00,46.67,46.71,46.67,46.71,4518
2019-04-02 11:35:00-04:00,46.71,46.71,46.68,46.7,3719
2019-04-02 11:40:00-04:00,46.71,46.74,46.7,46.74,7180
2019-04-02 11:45:00-04:00,46.73,46.76,46.72,46.72,7166
2019-04-02 11:50:00-04:00,46.72,46.73,46.7,46.71,5976
2019-04-02 11:55:00-04:00,46.7,46.73,46.7,46.73,3060
2019-04-02 12:00:00-04:00,46.74,46.74,46.71,46.73,4378
2019-04-02 12:05:00-04:00,46.72,46.72,46.71,46.71,7339
2019-04-02 12:10:00-04:00,46.72,46.72,46.69,46.705,6653
2019-04-02 12:15:00-04:00,46.71,46.72,46.69,46.7,9682
2019-04-02 12:20:00-04:00,46.7,46.72,46.68,46.69,3298
2019-04-02 12:25:00-04:00,46.69,46.7,46.685,46.695,5031
2019-04-02 12:30:00-04:00,46.7,46.71,46.69,46.69,7711
2019-04-02 12:35:00-04:00,46.68,46.68,46.66,46.66,6728
2019-04-02 12:40:00-04:00,46.67,46.68,46.67,46.68,6339
2019-04-02 12:45:00-04:00,46.69,46.71,46.69,46.69,3121
2019-04-02 12:50:00-04:00,46.69,46.7,46.69,46.695,3206
2019-04-02 12:55:00-04:00,46.69,46.71,46.69,46.71,6072
2019-04-02 13:00:00-04:00,46.71,46.72,46.71,46.72,5145
2019-04-02 13:05:00-04:00,46.715,46.73,46.71,46.725,6864
2019-04-02 13:10:00-04:00,46.715,46.72,46.69,46.695,5704
2019-04-02 13:15:00-04:00,46.695,46.72,46.69,46.715,6647
2019-04-02 13:20:00-04:00,46.71,46.72,46.7,46.71,3188
2019-04-02 13:25:00-04:00,46.7,46.71,46.7,46.705,5843
2019-04-02 13:30:00-04:00,46.7,46.71,46.67,46.685,7583
2019-04-02 13:35:00-04:00,46.69,46.73,46.69,46.715,6983
2019-04-02 13:40:00-04:00,46.71,46.72,46.69,46.7,4538
2019-04-02 13:45:00-04:00,46.7,46.7,46.68,46.68,3805
2019-04-02 13:50:00-04:00,46.69,46.71,46.69,46.705,6919
2019-04-02 13:55:00-04:00,46.715,46.725,46.7,46.705,4611
2019-04-02 14:00:00-04:00,46.7,46.705,46.69,46.69,3130
2019-04-02 14:05:00-04:00,46.685,46.69,46.68,46.68,5858
2019-04-02 14:10:00-04:00,46.685,46.685,46.67,46.67,3006
2019-04-02 14:15:00-04:00,46.67,46.68,46.66,46.67,10421
2019-04-02 14:20:00-04:00,46.66,46.67,46.63,46.665,8304
2019-04-02 14:25:00-04:00,46.67,46.7,46.67,46.7,3847
2019-04-02 14:30:00-04:00,46.705,46.715,46.695,46.715,9325
2019-04-02 14:35:00-04:00,46.71,46.72,46.69,46.69,4986
2019-04-02 14:40:00-04:00,46.69,46.7,46.67,46.68,4938
2019-04-02 14:45:00-04:00,46.68,46.69,46.65,46.665,3461
2019-04-02 14:50:00-04:00,46.66,46.67,46.65,46.67,7891
2019-04-02 14:55:00-04:00,46.67,46.68,46.65,46.67,8909
2019-04-02 15:00:00-04:00,46.68,46.71,46.67,46.705,7068
2019-04-02 15:05:00-04:00,46.705,46.72,46.695,46.715,6802
2019-04-02 15:10:00-04:00,46.715,46.72,46.69,46.7,6626
2019-04-02 15:15:00-04:00,46.7,46.71,46.68,46.68,6366
2019-04-02 15:20:00-04:00,46.69,46.69,46.625,46.63,7109
2019-04-02 15:25:00-04:00,46.63,46.63,46.62,46.625,10140
2019-04-02 15:30:00-04:00,46.625,46.67,46.61,46.65,13541
2019-04-02 15:35:00-04:00,46.65,46.66,46.63,46.65,13115
2019-04-02 15:40:00-04:00,46.65,46.66,46.62,46.62,9976
2019-04-02 15:45:00-04:00,46.625,46.66,46.62,46.66,32815
2019-04-02 15:50:00-04:00,46.66,46.7,46.65,46.65,35444
2019-04-02 15:55:00-04:00,46.64,46.655,46.58,46.58,74500
2019-04-03 09:25:00-04:00,46.48,46.48,46.48,46.48,203
2019-04-03 09:30:00-04:00,46.46,46.48,46.24,46.26,6783
2019-04-03 09:35:00-04:00,46.275,46.29,46.14,46.155,9141
2019-04-03 09:40:00-04:00,46.15,46.2,46.145,46.19,8648
2019-04-03 09:45:00-04:00,46.19,46.47,46.19,46.47,10797
2019-04-03 09:50:00-04:00,46.46,46.47,46.4,46.41,16663
2019-04-03 09:55:00-04:00,46.41,46.425,46.325,46.325,3089
2019-04-03 10:00:00-04:00,46.3,46.405,46.27,46.35,13105
2019-04-03 10:05:00-04:00,46.34,46.38,46.32,46.37,9244
2019-04-03 10:10:00-04:00,46.37,46.38,46.32,46.32,9394
2019-04-03 10:15:00-04:00,46.31,46.31,46.25,46.305,4217
2019-04-03 10:20:00-04:00,46.305,46.33,46.295,46.32,6690
2019-04-03 10:25:00-04:00,46.325,46.35,46.295,46.31,8053
2019-04-03 10:30:00-04:00,46.31,46.37,46.28,46.36,6428
2019-04-03 10:35:00-04:00,46.36,46.39,46.35,46.37,9776
2019-04-03 10:40:00-04:00,46.37,46.415,46.365,46.39,11584
2019-04-03 10:45:00-04:00,46.4,46.4,46.36,46.375,18157
2019-04-03 10:50:00-04:00,46.39,46.47,46.39,46.45,12125
2019-04-03 10:55:00-04:00,46.44,46.45,46.41,46.43,3862
2019-04-03 11:00:00-04:00,46.425,46.49,46.415,46.48,11852
2019-04-03 11:05:00-04:00,46.48,46.49,46.46,46.475,4612
2019-04-03 11:10:00-04:00,46.47,46.5,46.455,46.49,8772
2019-04-03 11:15:00-04:00,46.49,46.53,46.49,46.52,4766
2019-04-03 11:20:00-04:00,46.52,46.52,46.47,46.5,5405
2019-04-03 11:25:00-04:00,46.495,46.5,46.45,46.48,6994
2019-04-03 11:30:00-04:00,46.475,46.49,46.465,46.49,4719
2019-04-03 11:35:00-04:00,46.49,46.51,46.485,46.505,5720
2019-04-03 11:40:00-04:00,46.52,46.58,46.52,46.58,5061
2019-04-03 11:45:00-04:00,46.58,46.58,46.56,46.565,8112
2019-04-03 11:50:00-04:00,46.56,46.56,46.515,46.55,8679
2019-04-03 11:55:00-04:00,46.535,46.57,46.535,46.535,5532
2019-04-03 12:00:00-04:00,46.53,46.53,46.43,46.47,7241
2019-04-03 12:05:00-04:00,46.47,46.5,46.47,46.48,7373
2019-04-03 12:10:00-04:00,46.48,46.48,46.425,46.43,5494
2019-04-03 12:15:00-04:00,46.43,46.43,46.415,46.415,6011
2019-04-03 12:20:00-04:00,46.41,46.42,46.4,46.4,7701
2019-04-03 12:25:00-04:00,46.41,46.425,46.395,46.425,16772
2019-04-03 12:30:00-04:00,46.42,46.45,46.415,46.43,12230
2019-04-03 12:35:00-04:00,46.43,46.44,46.39,46.39,6129
2019-04-03 12:40:00-04:00,46.39,46.4,46.38,46.38,6918
2019-04-03 12:45:00-04:00,46.38,46.38,46.37,46.38,4072
2019-04-03 12:50:00-04:00,46.38,46.38,46.36,46.36,5080
2019-04-03 12:55:00-04:00,46.36,46.37,46.36,46.36,9589
2019-04-03 13:00:00-04:00,46.36,46.4,46.36,46.39,9093
2019-04-03 13:05:00-04:00,46.39,46.39,46.35,46.35,5706
2019-04-03 13:10:00-04:00,46.335,46.345,46.31,46.32,8428
2019-04-03 13:15:00-04:00,46.32,46.33,46.305,46.33,8877
2019-04-03 13:20:00-04:00,46.33,46.34,46.31,46.32,9275
2019-04-03 13:25:00-04:00,46.315,46.32,46.29,46.29,5507
2019-04-03 13:30:00-04:00,46.29,46.29,46.28,46.29,6818
2019-04-03 13:35:00-04:00,46.28,46.29,46.28,46.28,1590
2019-04-03 13:40:00-04:00,46.28,46.28,46.21,46.21,24101
2019-04-03 13:45:00-04:00,46.215,46.25,46.215,46.23,17282
2019-04-03 13:50:00-04:00,46.22,46.23,46.205,46.23,16401
2019-04-03 13:55:00-04:00,46.22,46.22,46.205,46.21,11119
2019-04-03 14:00:00-04:00,46.21,46.215,46.175,46.195,18266
2019-04-03 14:05:00-04:00,46.2,46.24,46.195,46.24,7228
2019-04-03 14:10:00-04:00,46.235,46.24,46.21,46.22,10958
2019-04-03 14:15:00-04:00,46.215,46.235,46.205,46.205,15198
2019-04-03 14:20:00-04:00,46.21,46.24,46.2,46.205,10554
2019-04-03 14:25:00-04:00,46.21,46.22,46.205,46.21,8129
2019-04-03 14:30:00-04:00,46.2,46.21,46.19,46.19,5930
2019-04-03 14:35:00-04:00,46.19,46.235,46.185,46.23,17677
2019-04-03 14:40:00-04:00,46.23,46.23,46.195,46.195,12892
2019-04-03 14:45:00-04:00,46.2,46.215,46.185,46.2,10518
2019-04-03 14:50:00-04:00,46.195,46.2,46.16,46.175,19895
2019-04-03 14:55:00-04:00,46.18,46.18,46.15,46.15,5664
2019-04-03 15:00:00-04:00,46.14,46.14,46.105,46.125,29022
2019-04-03 15:05:00-04:00,46.13,46.14,46.1,46.105,9560
2019-04-03 15:10:00-04:00,46.09,46.1,46.055,46.06,16076
2019-04-03 15:15:00-04:00,46.06,46.09,46.035,46.09,16307
2019-04-03 15:20:00-04:00,46.1,46.155,46.09,46.15,20392
2019-04-03 15:25:00-04:00,46.14,46.2,46.14,46.2,16552
2019-04-03 15:30:00-04:00,46.19,46.19,46.135,46.14,19610
2019-04-03 15:35:00-04:00,46.14,46.18,46.11,46.13,29507
2019-04-03 15:40:00-04:00,46.13,46.15,46.11,46.13,25126
2019-04-03 15:45:00-04:00,46.14,46.16,46.105,46.115,33532
2019-04-03 15:50:00-04:00,46.11,46.14,46.09,46.105,46651
2019-04-03 15:55:00-04:00,46.11,46.18,46.09,46.16,140703
2019-04-04 09:30:00-04:00,46.325,46.325,46.115,46.17,6713
2019-04-04 09:35:00-04:00,46.195,46.29,46.19,46.29,3061
2019-04-04 09:40:00-04:00,46.26,46.34,46.26,46.3,7887
2019-04-04 09:45:00-04:00,46.31,46.36,46.31,46.34,11132
2019-04-04 09:50:00-04:00,46.33,46.33,46.22,46.24,7369
2019-04-04 09:55:00-04:00,46.23,46.25,46.22,46.25,4871
2019-04-04 10:00:00-04:00,46.245,46.29,46.24,46.28,9466
2019-04-04 10:05:00-04:00,46.3,46.3,46.25,46.26,7099
2019-04-04 10:10:00-04:00,46.26,46.29,46.26,46.26,8110
2019-04-04 10:15:00-04:00,46.25,46.27,46.23,46.27,3852
2019-04-04 10:20:00-04:00,46.26,46.34,46.25,46.34,10103
2019-04-04 10:25:00-04:00,46.35,46.36,46.29,46.32,8102
2019-04-04 10:30:00-04:00,46.33,46.34,46.3,46.32,12060
2019-04-04 10:35:00-04:00,46.33,46.34,46.29,46.325,8934
2019-04-04 10:40:00-04:00,46.335,46.345,46.305,46.33,9033
2019-04-04 10:45:00-04:00,46.34,46.37,46.32,46.34,10594
2019-04-04 10:50:00-04:00,46.36,46.395,46.36,46.395,9969
2019-04-04 10:55:00-04:00,46.39,46.42,46.385,46.39,9360
2019-04-04 11:00:00-04:00,46.38,46.39,46.37,46.38,9075
2019-04-04 11:05:00-04:00,46.35,46.36,46.325,46.325,4147
2019-04-04 11:10:00-04:00,46.335,46.36,46.335,46.34,2084
2019-04-04 11:15:00-04:00,46.34,46.36,46.33,46.33,3783
2019-04-04 11:20:00-04:00,46.33,46.36,46.33,46.345,15795
2019-04-04 11:25:00-04:00,46.35,46.37,46.335,46.37,8203
2019-04-04 11:30:00-04:00,46.37,46.39,46.33,46.33,6011
2019-04-04 11:35:00-04:00,46.33,46.331,46.32,46.33,5916
2019-04-04 11:40:00-04:00,46.33,46.36,46.33,46.35,4690
2019-04-04 11:45:00-04:00,46.34,46.38,46.34,46.34,5586
2019-04-04 11:50:00-04:00,46.355,46.355,46.305,46.305,2953
2019-04-04 11:55:00-04:00,46.31,46.32,46.3,46.3,1927
2019-04-04 12:00:00-04:00,46.31,46.39,46.305,46.38,4753
2019-04-04 12:05:00-04:00,46.37,46.381,46.37,46.37,1707
2019-04-04 12:10:00-04:00,46.37,46.37,46.35,46.36,2032
2019-04-04 12:15:00-04:00,46.36,46.36,46.335,46.35,2293
2019-04-04 12:20:00-04:00,46.35,46.41,46.35,46.4,3511
2019-04-04 12:25:00-04:00,46.39,46.42,46.39,46.42,2774
2019-04-04 12:30:00-04:00,46.41,46.44,46.41,46.44,2618
2019-04-04 12:35:00-04:00,46.45,46.46,46.425,46.44,4223
2019-04-04 12:40:00-04:00,46.44,46.46,46.42,46.425,3228
2019-04-04 12:45:00-04:00,46.425,46.45,46.42,46.45,3097
2019-04-04 12:50:00-04:00,46.46,46.46,46.445,46.45,1542
2019-04-04 12:55:00-04:00,46.455,46.455,46.44,46.44,1728
2019-04-04 13:00:00-04:00,46.445,46.445,46.435,46.44,2947
2019-04-04 13:05:00-04:00,46.45,46.45,46.425,46.44,3586
2019-04-04 13:10:00-04:00,46.45,46.455,46.43,46.43,1939
2019-04-04 13:15:00-04:00,46.425,46.44,46.41,46.44,3962
2019-04-04 13:20:00-04:00,46.44,46.44,46.415,46.425,2356
2019-04-04 13:25:00-04:00,46.42,46.44,46.42,46.44,1919
2019-04-04 13:30:00-04:00,46.44,46.45,46.435,46.445,8541
2019-04-04 13:35:00-04:00,46.44,46.45,46.43,46.445,1151
2019-04-04 13:40:00-04:00,46.44,46.46,46.44,46.46,2724
2019-04-04 13:45:00-04:00,46.46,46.47,46.46,46.465,7902
2019-04-04 13:50:00-04:00,46.465,46.47,46.45,46.45,3931
2019-04-04 13:55:00-04:00,46.435,46.44,46.41,46.43,3569
2019-04-04 14:00:00-04:00,46.43,46.43,46.385,46.415,2720
2019-04-04 14:05:00-04:00,46.41,46.41,46.4,46.405,3878
2019-04-04 14:10:00-04:00,46.4,46.41,46.39,46.41,8386
2019-04-04 14:15:00-04:00,46.405,46.405,46.38,46.4,3738
2019-04-04 14:20:00-04:00,46.4,46.43,46.4,46.4,6635
2019-04-04 14:25:00-04:00,46.405,46.405,46.385,46.4,4018
2019-04-04 14:30:00-04:00,46.405,46.405,46.38,46.38,3580
2019-04-04 14:35:00-04:00,46.38,46.39,46.37,46.39,3425
2019-04-04 14:40:00-04:00,46.391,46.435,46.391,46.415,8008
2019-04-04 14:45:00-04:00,46.415,46.43,46.405,46.42,6772
2019-04-04 14:50:00-04:00,46.43,46.45,46.4,46.4,7478
2019-04-04 14:55:00-04:00,46.39,46.41,46.365,46.38,8570
2019-04-04 15:00:00-04:00,46.38,46.42,46.38,46.41,7421
2019-04-04 15:05:00-04:00,46.41,46.42,46.4,46.42,8933
2019-04-04 15:10:00-04:00,46.415,46.46,46.41,46.46,11566
2019-04-04 15:15:00-04:00,46.46,46.49,46.46,46.47,8327
2019-04-04 15:20:00-04:00,46.47,46.475,46.45,46.455,9101
2019-04-04 15:25:00-04:00,46.455,46.48,46.45,46.48,4052
2019-04-04 15:30:00-04:00,46.49,46.53,46.485,46.525,11203
2019-04-04 15:35:00-04:00,46.525,46.525,46.495,46.51,15255
2019-04-04 15:40:00-04:00,46.51,46.52,46.46,46.47,10347
2019-04-04 15:45:00-04:00,46.47,46.47,46.445,46.47,19601
2019-04-04 15:50:00-04:00,46.48,46.54,46.47,46.53,18196
2019-04-04 15:55:00-04:00,46.53,46.54,46.47,46.47,49369
2019-04-05 09:30:00-04:00,46.495,46.58,46.445,46.455,10364
2019-04-05 09:35:00-04:00,46.45,46.465,46.39,46.42,11911
2019-04-05 09:40:00-04:00,46.41,46.49,46.4,46.47,14031
2019-04-05 09:45:00-04:00,46.48,46.48,46.43,46.45,8369
2019-04-05 09:50:00-04:00,46.445,46.49,46.425,46.445,12296
2019-04-05 09:55:00-04:00,46.435,46.44,46.41,46.42,10451
2019-04-05 10:00:00-04:00,46.425,46.45,46.4,46.44,10295
2019-04-05 10:05:00-04:00,46.44,46.44,46.41,46.43,7155
2019-04-05 10:10:00-04:00,46.425,46.445,46.42,46.44,8565
2019-04-05 10:15:00-04:00,46.43,46.5,46.43,46.5,9800
2019-04-05 10:20:00-04:00,46.495,46.55,46.495,46.54,8965
2019-04-05 10:25:00-04:00,46.545,46.55,46.505,46.54,9224
2019-04-05 10:30:00-04:00,46.55,46.565,46.535,46.54,9718
2019-04-05 10:35:00-04:00,46.54,46.54,46.5,46.51,5542
2019-04-05 10:40:00-04:00,46.51,46.51,46.49,46.5,7015
2019-04-05 10:45:00-04:00,46.495,46.515,46.48,46.505,11089
2019-04-05 10:50:00-04:00,46.51,46.52,46.49,46.505,5122
2019-04-05 10:55:00-04:00,46.49,46.5,46.455,46.46,6286
2019-04-05 11:00:00-04:00,46.46,46.485,46.435,46.48,7789
2019-04-05 11:05:00-04:00,46.485,46.49,46.46,46.47,3376
2019-04-05 11:10:00-04:00,46.47,46.47,46.45,46.47,3678
2019-04-05 11:15:00-04:00,46.475,46.49,46.47,46.475,3806
2019-04-05 11:20:00-04:00,46.47,46.47,46.43,46.44,6412
2019-04-05 11:25:00-04:00,46.44,46.44,46.395,46.41,7748
2019-04-05 11:30:00-04:00,46.41,46.41,46.375,46.39,6989
2019-04-05 11:35:00-04:00,46.39,46.4,46.375,46.385,6590
2019-04-05 11:40:00-04:00,46.39,46.4,46.35,46.36,7625
2019-04-05 11:45:00-04:00,46.365,46.365,46.355,46.36,3570
2019-04-05 11:50:00-04:00,46.36,46.4,46.355,46.39,5783
2019-04-05 11:55:00-04:00,46.39,46.4,46.39,46.39,2173
2019-04-05 12:00:00-04:00,46.38,46.4,46.37,46.4,4630
2019-04-05 12:05:00-04:00,46.39,46.395,46.385,46.385,3232
2019-04-05 12:10:00-04:00,46.38,46.38,46.36,46.36,1887
2019-04-05 12:15:00-04:00,46.34,46.34,46.33,46.33,303
2019-04-05 12:20:00-04:00,46.34,46.34,46.31,46.32,7240
2019-04-05 12:25:00-04:00,46.31,46.31,46.2,46.27,21767
2019-04-05 12:30:00-04:00,46.26,46.29,46.26,46.28,3965
2019-04-05 12:35:00-04:00,46.285,46.3,46.27,46.28,6425
2019-04-05 12:40:00-04:00,46.29,46.3,46.28,46.29,6071
2019-04-05 12:45:00-04:00,46.29,46.32,46.29,46.31,4325
2019-04-05 12:50:00-04:00,46.315,46.32,46.3,46.3,2055
2019-04-05 12:55:00-04:00,46.29,46.305,46.29,46.3,5032
2019-04-05 13:00:00-04:00,46.3,46.33,46.3,46.31,6211
2019-04-05 13:05:00-04:00,46.31,46.33,46.31,46.33,3822
2019-04-05 13:10:00-04:00,46.34,46.35,46.32,46.34,6279
2019-04-05 13:15:00-04:00,46.35,46.35,46.33,46.33,4111
2019-04-05 13:20:00-04:00,46.33,46.34,46.33,46.33,2080
2019-04-05 13:25:00-04:00,46.34,46.34,46.33,46.34,5500
2019-04-05 13:30:00-04:00,46.345,46.36,46.345,46.35,8531
2019-04-05 13:35:00-04:00,46.36,46.37,46.355,46.37,6385
2019-04-05 13:40:00-04:00,46.37,46.39,46.365,46.39,3913
2019-04-05 13:45:00-04:00,46.39,46.4,46.375,46.39,4507
2019-04-05 13:50:00-04:00,46.39,46.39,46.38,46.38,2215
2019-04-05 13:55:00-04:00,46.38,46.4,46.37,46.4,5963
2019-04-05 14:00:00-04:00,46.4,46.42,46.385,46.415,4430
2019-04-05 14:05:00-04:00,46.41,46.42,46.405,46.42,3857
2019-04-05 14:10:00-04:00,46.39,46.41,46.39,46.41,2156
2019-04-05 14:15:00-04:00,46.4,46.4,46.355,46.36,3607
2019-04-05 14:20:00-04:00,46.36,46.36,46.335,46.345,5074
2019-04-05 14:25:00-04:00,46.335,46.35,46.335,46.345,2316
2019-04-05 14:30:00-04:00,46.345,46.355,46.33,46.335,5003
2019-04-05 14:35:00-04:00,46.33,46.34,46.325,46.34,4569
2019-04-05 14:40:00-04:00,46.335,46.35,46.33,46.335,3322
2019-04-05 14:45:00-04:00,46.33,46.34,46.33,46.34,1706
2019-04-05 14:50:00-04:00,46.325,46.355,46.325,46.34,4604
2019-04-05 14:55:00-04:00,46.345,46.355,46.34,46.345,5860
2019-04-05 15:00:00-04:00,46.34,46.35,46.33,46.35,3863
2019-04-05 15:05:00-04:00,46.35,46.35,46.32,46.325,4618
2019-04-05 15:10:00-04:00,46.32,46.34,46.32,46.33,3053
2019-04-05 15:15:00-04:00,46.33,46.35,46.315,46.345,7701
2019-04-05 15:20:00-04:00,46.35,46.4,46.35,46.39,10498
2019-04-05 15:25:00-04:00,46.38,46.42,46.38,46.4,13403
2019-04-05 15:30:00-04:00,46.4,46.41,46.385,46.4,15123
2019-04-05 15:35:00-04:00,46.405,46.43,46.4,46.41,11490
2019-04-05 15:40:00-04:00,46.41,46.41,46.385,46.4,12505
2019-04-05 15:45:00-04:00,46.39,46.4,46.375,46.39,27528
2019-04-05 15:50:00-04:00,46.4,46.4,46.36,46.365,35053
2019-04-05 15:55:00-04:00,46.37,46.46,46.37,46.46,58479
2019-04-08 09:30:00-04:00,46.545,46.545,46.4,46.42,7897
2019-04-08 09:35:00-04:00,46.42,46.42,46.37,46.38,8594
2019-04-08 09:40:00-04:00,46.36,46.385,46.305,46.305,9136
2019-04-08 09:45:00-04:00,46.3,46.39,46.265,46.39,10089
2019-04-08 09:50:00-04:00,46.39,46.42,46.355,46.37,13970
2019-04-08 09:55:00-04:00,46.39,46.39,46.295,46.305,7420
2019-04-08 10:00:00-04:00,46.315,46.39,46.31,46.36,7267
2019-04-08 10:05:00-04:00,46.36,46.43,46.36,46.43,9887
2019-04-08 10:10:00-04:00,46.42,46.42,46.4,46.4,2105
2019-04-08 10:15:00-04:00,46.38,46.4,46.36,46.4,5876
2019-04-08 10:20:00-04:00,46.41,46.43,46.4,46.43,2601
2019-04-08 10:25:00-04:00,46.425,46.43,46.39,46.4,13314
2019-04-08 10:30:00-04:00,46.4,46.415,46.38,46.38,7840
2019-04-08 10:35:00-04:00,46.385,46.39,46.33,46.33,4336
2019-04-08 10:40:00-04:00,46.335,46.35,46.325,46.35,5083
2019-04-08 10:45:00-04:00,46.35,46.35,46.31,46.32,5361
2019-04-08 10:50:00-04:00,46.32,46.34,46.3,46.3,5908
2019-04-08 10:55:00-04:00,46.31,46.31,46.3,46.3,2531
2019-04-08 11:00:00-04:00,46.295,46.33,46.28,46.31,7960
2019-04-08 11:05:00-04:00,46.31,46.335,46.31,46.32,7213
2019-04-08 11:10:00-04:00,46.33,46.33,46.28,46.305,32897
2019-04-08 11:15:00-04:00,46.305,46.36,46.305,46.355,10225
2019-04-08 11:20:00-04:00,46.36,46.4,46.36,46.385,6588
2019-04-08 11:25:00-04:00,46.385,46.39,46.38,46.39,6042
2019-04-08 11:30:00-04:00,46.38,46.4,46.37,46.38,7098
2019-04-08 11:35:00-04:00,46.38,46.39,46.365,46.38,6421
2019-04-08 11:40:00-04:00,46.38,46.39,46.335,46.335,7671
2019-04-08 11:45:00-04:00,46.34,46.34,46.29,46.305,7790
2019-04-08 11:50:00-04:00,46.31,46.33,46.31,46.315,7002
2019-04-08 11:55:00-04:00,46.32,46.34,46.32,46.33,4699
2019-04-08 12:00:00-04:00,46.34,46.365,46.33,46.34,7920
2019-04-08 12:05:00-04:00,46.33,46.33,46.32,46.32,2002
2019-04-08 12:10:00-04:00,46.32,46.32,46.31,46.31,1180
2019-04-08 12:15:00-04:00,46.31,46.315,46.3,46.3,3991
2019-04-08 12:20:00-04:00,46.305,46.35,46.3,46.35,7664
2019-04-08 12:25:00-04:00,46.35,46.36,46.345,46.345,3512
2019-04-08 12:30:00-04:00,46.35,46.355,46.345,46.35,8134
2019-04-08 12:35:00-04:00,46.35,46.355,46.35,46.35,2819
2019-04-08 12:40:00-04:00,46.35,46.35,46.33,46.33,4865
2019-04-08 12:45:00-04:00,46.335,46.36,46.33,46.34,2998
2019-04-08 12:50:00-04:00,46.345,46.4,46.345,46.39,3884
2019-04-08 12:55:00-04:00,46.4,46.41,46.385,46.385,4523
2019-04-08 13:00:00-04:00,46.39,46.39,46.37,46.37,3680
2019-04-08 13:05:00-04:00,46.37,46.38,46.37,46.375,2226
2019-04-08 13:10:00-04:00,46.38,46.38,46.355,46.37,3177
2019-04-08 13:15:00-04:00,46.37,46.39,46.37,46.385,2810
2019-04-08 13:20:00-04:00,46.39,46.41,46.385,46.41,5164
2019-04-08 13:25:00-04:00,46.41,46.445,46.41,46.43,5593
2019-04-08 13:30:00-04:00,46.435,46.47,46.435,46.47,30637
2019-04-08 13:35:00-04:00,46.46,46.46,46.43,46.44,5731
2019-04-08 13:40:00-04:00,46.43,46.44,46.43,46.43,2809
2019-04-08 13:45:00-04:00,46.43,46.47,46.425,46.44,5656
2019-04-08 13:50:00-04:00,46.44,46.46,46.44,46.455,22176
2019-04-08 13:55:00-04:00,46.45,46.45,46.42,46.43,4029
2019-04-08 14:00:00-04:00,46.43,46.43,46.405,46.42,7442
2019-04-08 14:05:00-04:00,46.425,46.44,46.42,46.43,5439
2019-04-08 14:10:00-04:00,46.42,46.45,46.42,46.43,17322
2019-04-08 14:15:00-04:00,46.41,46.41,46.4,46.41,2977
2019-04-08 14:20:00-04:00,46.42,46.42,46.41,46.415,1838
2019-04-08 14:25:00-04:00,46.41,46.44,46.41,46.43,4572
2019-04-08 14:30:00-04:00,46.43,46.43,46.4,46.42,15659
2019-04-08 14:35:00-04:00,46.42,46.44,46.415,46.42,5228
2019-04-08 14:40:00-04:00,46.42,46.42,46.38,46.385,12261
2019-04-08 14:45:00-04:00,46.38,46.42,46.38,46.42,9350
2019-04-08 14:50:00-04:00,46.43,46.43,46.41,46.41,5474
2019-04-08 14:55:00-04:00,46.41,46.41,46.385,46.41,7373
2019-04-08 15:00:00-04:00,46.42,46.43,46.41,46.41,5917
2019-04-08 15:05:00-04:00,46.42,46.435,46.415,46.415,12622
2019-04-08 15:10:00-04:00,46.42,46.42,46.41,46.42,4708
2019-04-08 15:15:00-04:00,46.42,46.46,46.415,46.445,12558
2019-04-08 15:20:00-04:00,46.45,46.455,46.44,46.44,4963
2019-04-08 15:25:00-04:00,46.44,46.45,46.435,46.45,7783
2019-04-08 15:30:00-04:00,46.45,46.48,46.44,46.48,18654
2019-04-08 15:35:00-04:00,46.48,46.48,46.44,46.46,11885
2019-04-08 15:40:00-04:00,46.46,46.49,46.46,46.48,9966
2019-04-08 15:45:00-04:00,46.48,46.48,46.45,46.45,17456
2019-04-08 15:50:00-04:00,46.45,46.465,46.43,46.45,30156
2019-04-08 15:55:00-04:00,46.46,46.57,46.44,46.54,149993
2019-04-09 09:30:00-04:00,46.455,46.51,46.43,46.45,7199
2019-04-09 09:35:00-04:00,46.45,46.47,46.39,46.44,10035
2019-04-09 09:40:00-04:00,46.43,46.455,46.34,46.35,12914
2019-04-09 09:45:00-04:00,46.33,46.4,46.33,46.4,5773
2019-04-09 09:50:00-04:00,46.4,46.41,46.32,46.35,11446
2019-04-09 09:55:00-04:00,46.35,46.37,46.315,46.35,13060
2019-04-09 10:00:00-04:00,46.35,46.35,46.285,46.31,11224
2019-04-09 10:05:00-04:00,46.305,46.32,46.27,46.3,13806
2019-04-09 10:10:00-04:00,46.29,46.32,46.27,46.32,13344
2019-04-09 10:15:00-04:00,46.325,46.41,46.305,46.395,9956
2019-04-09 10:20:00-04:00,46.41,46.425,46.39,46.405,7377
2019-04-09 10:25:00-04:00,46.41,46.42,46.375,46.395,6937
2019-04-09 10:30:00-04:00,46.4,46.52,46.4,46.52,16826
2019-04-09 10:35:00-04:00,46.52,46.53,46.495,46.52,13991
2019-04-09 10:40:00-04:00,46.52,46.52,46.465,46.48,10216
2019-04-09 10:45:00-04:00,46.48,46.51,46.46,46.46,9183
2019-04-09 10:50:00-04:00,46.46,46.48,46.445,46.475,6849
2019-04-09 10:55:00-04:00,46.47,46.53,46.47,46.53,9335
2019-04-09 11:00:00-04:00,46.53,46.545,46.51,46.54,10226
2019-04-09 11:05:00-04:00,46.54,46.54,46.49,46.495,14467
2019-04-09 11:10:00-04:00,46.49,46.55,46.49,46.55,8882
2019-04-09 11:15:00-04:00,46.545,46.55,46.52,46.53,7525
2019-04-09 11:20:00-04:00,46.54,46.54,46.52,46.525,14997
2019-04-09 11:25:00-04:00,46.51,46.565,46.51,46.565,8220
2019-04-09 11:30:00-04:00,46.57,46.59,46.5,46.5,9667
2019-04-09 11:35:00-04:00,46.5,46.515,46.48,46.48,5300
2019-04-09 11:40:00-04:00,46.47,46.51,46.46,46.48,5168
2019-04-09 11:45:00-04:00,46.48,46.49,46.455,46.48,11733
2019-04-09 11:50:00-04:00,46.49,46.525,46.485,46.49,5840
2019-04-09 11:55:00-04:00,46.49,46.52,46.48,46.48,10509
2019-04-09 12:00:00-04:00,46.48,46.51,46.47,46.49,11250
2019-04-09 12:05:00-04:00,46.5,46.52,46.495,46.51,5106
2019-04-09 12:10:00-04:00,46.515,46.55,46.515,46.535,5354
2019-04-09 12:15:00-04:00,46.53,46.54,46.52,46.54,7285
2019-04-09 12:20:00-04:00,46.55,46.56,46.53,46.535,6661
2019-04-09 12:25:00-04:00,46.54,46.54,46.52,46.53,3374
2019-04-09 12:30:00-04:00,46.53,46.54,46.52,46.52,4409
2019-04-09 12:35:00-04:00,46.515,46.53,46.51,46.52,4438
2019-04-09 12:40:00-04:00,46.52,46.525,46.505,46.52,6106
2019-04-09 12:45:00-04:00,46.52,46.525,46.5,46.51,5074
2019-04-09 12:50:00-04:00,46.51,46.52,46.51,46.52,4052
2019-04-09 12:55:00-04:00,46.52,46.52,46.48,46.48,5564
2019-04-09 13:00:00-04:00,46.47,46.5,46.46,46.485,46742
2019-04-09 13:05:00-04:00,46.48,46.48,46.455,46.48,6501
2019-04-09 13:10:00-04:00,46.48,46.5,46.475,46.49,8106
2019-04-09 13:15:00-04:00,46.49,46.5,46.49,46.495,3554
2019-04-09 13:20:00-04:00,46.49,46.52,46.49,46.495,4130
2019-04-09 13:25:00-04:00,46.49,46.5,46.48,46.49,5720
2019-04-09 13:30:00-04:00,46.5,46.51,46.49,46.51,11485
2019-04-09 13:35:00-04:00,46.51,46.52,46.495,46.5,3934
2019-04-09 13:40:00-04:00,46.5,46.52,46.5,46.5,4215
2019-04-09 13:45:00-04:00,46.5,46.505,46.49,46.505,5604
2019-04-09 13:50:00-04:00,46.495,46.52,46.495,46.52,5182
2019-04-09 13:55:00-04:00,46.51,46.52,46.505,46.515,5121
2019-04-09 14:00:00-04:00,46.52,46.52,46.48,46.505,7855
2019-04-09 14:05:00-04:00,46.505,46.53,46.5,46.525,8799
2019-04-09 14:10:00-04:00,46.53,46.565,46.53,46.565,3887
2019-04-09 14:15:00-04:00,46.56,46.57,46.555,46.57,7034
2019-04-09 14:20:00-04:00,46.575,46.595,46.57,46.57,7595
2019-04-09 14:25:00-04:00,46.58,46.58,46.555,46.57,7469
2019-04-09 14:30:00-04:00,46.58,46.585,46.57,46.58,6847
2019-04-09 14:35:00-04:00,46.58,46.635,46.58,46.635,7053
2019-04-09 14:40:00-04:00,46.63,46.63,46.58,46.595,6535
2019-04-09 14:45:00-04:00,46.595,46.6,46.59,46.595,8151
2019-04-09 14:50:00-04:00,46.59,46.62,46.59,46.62,10351
2019-04-09 14:55:00-04:00,46.62,46.62,46.575,46.59,13380
2019-04-09 15:00:00-04:00,46.585,46.605,46.585,46.6,9334
2019-04-09 15:05:00-04:00,46.6,46.62,46.59,46.59,10406
2019-04-09 15:10:00-04:00,46.59,46.615,46.59,46.605,11638
2019-04-09 15:15:00-04:00,46.605,46.625,46.6,46.61,9345
2019-04-09 15:20:00-04:00,46.6,46.605,46.58,46.585,16216
2019-04-09 15:25:00-04:00,46.58,46.59,46.56,46.575,20211
2019-04-09 15:30:00-04:00,46.58,46.63,46.57,46.63,21657
2019-04-09 15:35:00-04:00,46.62,46.67,46.595,46.655,20263
2019-04-09 15:40:00-04:00,46.655,46.655,46.63,46.635,16643
2019-04-09 15:45:00-04:00,46.63,46.68,46.62,46.68,33682
2019-04-09 15:50:00-04:00,46.67,46.695,46.64,46.67,42834
2019-04-09 15:55:00-04:00,46.66,46.71,46.625,46.7,107389
2019-04-10 09:25:00-04:00,46.83,46.83,46.83,46.83,300
2019-04-10 09:30:00-04:00,46.84,46.93,46.73,46.77,10808
2019-04-10 09:35:00-04:00,46.805,46.89,46.79,46.89,6912
2019-04-10 09:40:00-04:00,46.91,46.96,46.9,46.955,14228
2019-04-10 09:45:00-04:00,46.96,47.0,46.94,46.99,10623
2019-04-10 09:50:00-04:00,46.98,46.985,46.87,46.89,14920
2019-04-10 09:55:00-04:00,46.89,46.9,46.82,46.83,5434
2019-04-10 10:00:00-04:00,46.82,46.83,46.76,46.78,13741
2019-04-10 10:05:00-04:00,46.78,46.79,46.71,46.72,15030
2019-04-10 10:10:00-04:00,46.72,46.72,46.685,46.71,6401
2019-04-10 10:15:00-04:00,46.72,46.74,46.71,46.725,4381
2019-04-10 10:20:00-04:00,46.73,46.75,46.73,46.75,1658
2019-04-10 10:25:00-04:00,46.74,46.77,46.735,46.74,5965
2019-04-10 10:30:00-04:00,46.72,46.73,46.69,46.7,8645
2019-04-10 10:35:00-04:00,46.71,46.72,46.67,46.685,10387
2019-04-10 10:40:00-04:00,46.68,46.68,46.65,46.665,16622
2019-04-10 10:45:00-04:00,46.67,46.73,46.67,46.715,18005
2019-04-10 10:50:00-04:00,46.73,46.75,46.72,46.75,6507
2019-04-10 10:55:00-04:00,46.76,46.79,46.755,46.76,6076
2019-04-10 11:00:00-04:00,46.76,46.78,46.73,46.73,4464
2019-04-10 11:05:00-04:00,46.73,46.73,46.68,46.68,7773
2019-04-10 11:10:00-04:00,46.67,46.69,46.655,46.67,7801
2019-04-10 11:15:00-04:00,46.67,46.68,46.655,46.67,5534
2019-04-10 11:20:00-04:00,46.66,46.67,46.65,46.65,4157
2019-04-10 11:25:00-04:00,46.65,46.66,46.635,46.65,4685
2019-04-10 11:30:00-04:00,46.645,46.69,46.645,46.685,15177
2019-04-10 11:35:00-04:00,46.685,46.69,46.65,46.655,9038
2019-04-10 11:40:00-04:00,46.66,46.66,46.64,46.65,6282
2019-04-10 11:45:00-04:00,46.64,46.665,46.64,46.65,5286
2019-04-10 11:50:00-04:00,46.65,46.66,46.64,46.655,3752
2019-04-10 11:55:00-04:00,46.66,46.675,46.645,46.67,7393
2019-04-10 12:00:00-04:00,46.675,46.68,46.645,46.65,4930
2019-04-10 12:05:00-04:00,46.65,46.66,46.65,46.66,3094
2019-04-10 12:10:00-04:00,46.65,46.675,46.64,46.675,4407
2019-04-10 12:15:00-04:00,46.68,46.7,46.67,46.69,3504
2019-04-10 12:20:00-04:00,46.69,46.7,46.665,46.69,6834
2019-04-10 12:25:00-04:00,46.68,46.71,46.68,46.71,4206
2019-04-10 12:30:00-04:00,46.705,46.71,46.68,46.68,6266
2019-04-10 12:35:00-04:00,46.66,46.66,46.62,46.63,7164
2019-04-10 12:40:00-04:00,46.62,46.62,46.595,46.605,4002
2019-04-10 12:45:00-04:00,46.61,46.62,46.595,46.6,5716
2019-04-10 12:50:00-04:00,46.6,46.62,46.6,46.61,3166
2019-04-10 12:55:00-04:00,46.61,46.61,46.59,46.59,1438
2019-04-10 13:00:00-04:00,46.6,46.61,46.595,46.605,6051
2019-04-10 13:05:00-04:00,46.61,46.63,46.61,46.615,4222
2019-04-10 13:10:00-04:00,46.62,46.63,46.62,46.63,4505
2019-04-10 13:15:00-04:00,46.63,46.64,46.615,46.64,4993
2019-04-10 13:20:00-04:00,46.63,46.63,46.625,46.63,3566
2019-04-10 13:25:00-04:00,46.63,46.64,46.61,46.61,4894
2019-04-10 13:30:00-04:00,46.61,46.63,46.61,46.61,15160
2019-04-10 13:35:00-04:00,46.61,46.62,46.59,46.59,13805
2019-04-10 13:40:00-04:00,46.59,46.6,46.575,46.575,7273
2019-04-10 13:45:00-04:00,46.58,46.6,46.575,46.6,6673
2019-04-10 13:50:00-04:00,46.6,46.61,46.6,46.61,2570
2019-04-10 13:55:00-04:00,46.62,46.63,46.6,46.61,13627
2019-04-10 14:00:00-04:00,46.62,46.63,46.6,46.6,6132
2019-04-10 14:05:00-04:00,46.61,46.61,46.58,46.59,3958
2019-04-10 14:10:00-04:00,46.59,46.6,46.575,46.59,7658
2019-04-10 14:15:00-04:00,46.59,46.62,46.59,46.62,4137
2019-04-10 14:20:00-04:00,46.62,46.62,46.58,46.58,3643
2019-04-10 14:25:00-04:00,46.58,46.59,46.57,46.58,4047
2019-04-10 14:30:00-04:00,46.58,46.6,46.57,46.6,7312
2019-04-10 14:35:00-04:00,46.59,46.61,46.585,46.605,12153
2019-04-10 14:40:00-04:00,46.61,46.61,46.605,46.605,5783
2019-04-10 14:45:00-04:00,46.605,46.62,46.595,46.615,9602
2019-04-10 14:50:00-04:00,46.62,46.64,46.61,46.61,20610
2019-04-10 14:55:00-04:00,46.615,46.66,46.615,46.66,6564
2019-04-10 15:00:00-04:00,46.66,46.7,46.66,46.68,5465
2019-04-10 15:05:00-04:00,46.67,46.68,46.67,46.68,5600
2019-04-10 15:10:00-04:00,46.7,46.7,46.68,46.68,5677
2019-04-10 15:15:00-04:00,46.69,46.69,46.66,46.69,5438
2019-04-10 15:20:00-04:00,46.68,46.685,46.68,46.68,2494
2019-04-10 15:25:00-04:00,46.68,46.68,46.64,46.65,15031
2019-04-10 15:30:00-04:00,46.66,46.66,46.625,46.64,21084
2019-04-10 15:35:00-04:00,46.64,46.66,46.64,46.64,28065
2019-04-10 15:40:00-04:00,46.645,46.65,46.63,46.63,9608
2019-04-10 15:45:00-04:00,46.63,46.63,46.62,46.62,43617
2019-04-10 15:50:00-04:00,46.63,46.63,46.62,46.63,36897
2019-04-10 15:55:00-04:00,46.62,46.65,46.575,46.65,115068
2019-04-11 09:30:00-04:00,46.71,46.74,46.61,46.66,9381
2019-04-11 09:35:00-04:00,46.655,46.66,46.565,46.62,8497
2019-04-11 09:40:00-04:00,46.63,46.66,46.6,46.62,6272
2019-04-11 09:45:00-04:00,46.615,46.64,46.57,46.61,8270
2019-04-11 09:50:00-04:00,46.61,46.64,46.61,46.63,5033
2019-04-11 09:55:00-04:00,46.62,46.63,46.6,46.61,4386
2019-04-11 10:00:00-04:00,46.62,46.62,46.585,46.62,8756
2019-04-11 10:05:00-04:00,46.63,46.645,46.59,46.61,5173
2019-04-11 10:10:00-04:00,46.6,46.61,46.57,46.58,8273
2019-04-11 10:15:00-04:00,46.59,46.595,46.555,46.59,9960
2019-04-11 10:20:00-04:00,46.59,46.6,46.57,46.58,6584
2019-04-11 10:25:00-04:00,46.57,46.58,46.54,46.57,6397
2019-04-11 10:30:00-04:00,46.57,46.59,46.56,46.57,4990
2019-04-11 10:35:00-04:00,46.57,46.58,46.565,46.57,4214
2019-04-11 10:40:00-04:00,46.56,46.595,46.55,46.58,5956
2019-04-11 10:45:00-04:00,46.575,46.59,46.575,46.585,3383
2019-04-11 10:50:00-04:00,46.58,46.6,46.58,46.59,3645
2019-04-11 10:55:00-04:00,46.57,46.6,46.57,46.6,5016
2019-04-11 11:00:00-04:00,46.6,46.63,46.595,46.63,13975
2019-04-11 11:05:00-04:00,46.64,46.65,46.61,46.62,13275
2019-04-11 11:10:00-04:00,46.65,46.67,46.64,46.64,5869
2019-04-11 11:15:00-04:00,46.64,46.65,46.63,46.64,5253
2019-04-11 11:20:00-04:00,46.64,46.66,46.64,46.66,3256
2019-04-11 11:25:00-04:00,46.655,46.7,46.65,46.69,6005
2019-04-11 11:30:00-04:00,46.69,46.71,46.685,46.7,4734
2019-04-11 11:35:00-04:00,46.71,46.71,46.68,46.68,3584
2019-04-11 11:40:00-04:00,46.675,46.675,46.6,46.63,8037
2019-04-11 11:45:00-04:00,46.62,46.65,46.62,46.65,4831
2019-04-11 11:50:00-04:00,46.64,46.65,46.61,46.65,5199
2019-04-11 11:55:00-04:00,46.65,46.66,46.63,46.64,5917
2019-04-11 12:00:00-04:00,46.64,46.67,46.635,46.67,6026
2019-04-11 12:05:00-04:00,46.665,46.685,46.66,46.66,3405
2019-04-11 12:10:00-04:00,46.67,46.67,46.63,46.63,2163
2019-04-11 12:15:00-04:00,46.64,46.66,46.635,46.66,4455
2019-04-11 12:20:00-04:00,46.66,46.67,46.65,46.65,4936
2019-04-11 12:25:00-04:00,46.655,46.665,46.64,46.665,6897
2019-04-11 12:30:00-04:00,46.67,46.68,46.67,46.68,2774
2019-04-11 12:35:00-04:00,46.675,46.69,46.66,46.68,9099
2019-04-11 12:40:00-04:00,46.68,46.68,46.66,46.67,2682
2019-04-11 12:45:00-04:00,46.68,46.68,46.64,46.65,3321
2019-04-11 12:50:00-04:00,46.66,46.67,46.655,46.665,3892
2019-04-11 12:55:00-04:00,46.66,46.67,46.66,46.67,3154
2019-04-11 13:00:00-04:00,46.67,46.68,46.66,46.66,4021
2019-04-11 13:05:00-04:00,46.66,46.67,46.63,46.63,3339
2019-04-11 13:10:00-04:00,46.63,46.65,46.63,46.65,3290
2019-04-11 13:15:00-04:00,46.65,46.67,46.64,46.67,3531
2019-04-11 13:20:00-04:00,46.67,46.67,46.645,46.66,4665
2019-04-11 13:25:00-04:00,46.65,46.67,46.65,46.655,4608
2019-04-11 13:30:00-04:00,46.66,46.66,46.65,46.66,7099
2019-04-11 13:35:00-04:00,46.655,46.67,46.65,46.65,5344
2019-04-11 13:40:00-04:00,46.65,46.65,46.635,46.645,4645
2019-04-11 13:45:00-04:00,46.64,46.68,46.64,46.68,5426
2019-04-11 13:50:00-04:00,46.68,46.68,46.655,46.66,5032
2019-04-11 13:55:00-04:00,46.66,46.67,46.655,46.66,3786
2019-04-11 14:00:00-04:00,46.665,46.67,46.65,46.655,3986
2019-04-11 14:05:00-04:00,46.66,46.665,46.64,46.645,4196
2019-04-11 14:10:00-04:00,46.65,46.655,46.64,46.65,4070
2019-04-11 14:15:00-04:00,46.64,46.64,46.61,46.61,3844
2019-04-11 14:20:00-04:00,46.61,46.61,46.6,46.6,2699
2019-04-11 14:25:00-04:00,46.6,46.62,46.595,46.61,4101
2019-04-11 14:30:00-04:00,46.61,46.61,46.59,46.59,5338
2019-04-11 14:35:00-04:00,46.58,46.59,46.58,46.585,7217
2019-04-11 14:40:00-04:00,46.58,46.585,46.56,46.585,22971
2019-04-11 14:45:00-04:00,46.59,46.62,46.59,46.62,5704
2019-04-11 14:50:00-04:00,46.61,46.64,46.61,46.625,3675
2019-04-11 14:55:00-04:00,46.61,46.62,46.6,46.62,3368
2019-04-11 15:00:00-04:00,46.62,46.64,46.62,46.63,5644
2019-04-11 15:05:00-04:00,46.64,46.65,46.635,46.645,9843
2019-04-11 15:10:00-04:00,46.64,46.645,46.59,46.59,9124
2019-04-11 15:15:00-04:00,46.59,46.62,46.585,46.6,13967
2019-04-11 15:20:00-04:00,46.6,46.6,46.575,46.58,6821
2019-04-11 15:25:00-04:00,46.58,46.59,46.58,46.585,3205
2019-04-11 15:30:00-04:00,46.59,46.63,46.59,46.61,24505
2019-04-11 15:35:00-04:00,46.61,46.625,46.6,46.625,13262
2019-04-11 15:40:00-04:00,46.62,46.64,46.61,46.64,9495
2019-04-11 15:45:00-04:00,46.65,46.65,46.63,46.64,17295
2019-04-11 15:50:00-04:00,46.64,46.7,46.635,46.68,26982
2019-04-11 15:55:00-04:00,46.68,46.73,46.675,46.71,62817
2019-04-12 09:00:00-04:00,46.8,46.8,46.8,46.8,100
2019-04-12 09:20:00-04:00,46.79,46.79,46.79,46.79,100
2019-04-12 09:25:00-04:00,46.78,46.78,46.77,46.77,200
2019-04-12 09:30:00-04:00,46.68,46.71,46.59,46.65,6936
2019-04-12 09:35:00-04:00,46.66,46.66,46.58,46.645,6571
2019-04-12 09:40:00-04:00,46.64,46.73,46.6,46.73,9435
2019-04-12 09:45:00-04:00,46.74,46.76,46.69,46.71,9999
2019-04-12 09:50:00-04:00,46.71,46.77,46.705,46.75,7404
2019-04-12 09:55:00-04:00,46.74,46.74,46.64,46.68,5757
2019-04-12 10:00:00-04:00,46.68,46.69,46.65,46.675,5608
2019-04-12 10:05:00-04:00,46.68,46.7,46.665,46.68,4480
2019-04-12 10:10:00-04:00,46.69,46.71,46.67,46.67,5267
2019-04-12 10:15:00-04:00,46.67,46.755,46.66,46.74,7778
2019-04-12 10:20:00-04:00,46.74,46.79,46.73,46.77,5867
2019-04-12 10:25:00-04:00,46.77,46.85,46.765,46.83,9076
2019-04-12 10:30:00-04:00,46.83,46.875,46.83,46.86,10494
2019-04-12 10:35:00-04:00,46.86,46.89,46.85,46.875,10862
2019-04-12 10:40:00-04:00,46.87,46.87,46.83,46.845,9888
2019-04-12 10:45:00-04:00,46.845,46.925,46.845,46.895,9581
2019-04-12 10:50:00-04:00,46.89,46.905,46.86,46.87,6227
2019-04-12 10:55:00-04:00,46.855,46.885,46.83,46.885,6649
2019-04-12 11:00:00-04:00,46.87,46.885,46.86,46.865,6334
2019-04-12 11:05:00-04:00,46.87,46.91,46.87,46.89,13447
2019-04-12 11:10:00-04:00,46.885,46.89,46.85,46.86,9375
2019-04-12 11:15:00-04:00,46.87,46.895,46.865,46.885,9363
2019-04-12 11:20:00-04:00,46.875,46.88,46.85,46.87,5755
2019-04-12 11:25:00-04:00,46.865,46.865,46.84,46.85,12909
2019-04-12 11:30:00-04:00,46.85,46.855,46.83,46.85,9827
2019-04-12 11:35:00-04:00,46.845,46.86,46.81,46.81,5301
2019-04-12 11:40:00-04:00,46.82,46.83,46.795,46.81,4284
2019-04-12 11:45:00-04:00,46.81,46.83,46.79,46.815,5570
2019-04-12 11:50:00-04:00,46.81,46.83,46.81,46.825,3431
2019-04-12 11:55:00-04:00,46.83,46.85,46.8,46.8,6019
2019-04-12 12:00:00-04:00,46.8,46.8,46.75,46.75,2581
2019-04-12 12:05:00-04:00,46.75,46.815,46.75,46.81,4199
2019-04-12 12:10:00-04:00,46.815,46.83,46.81,46.81,4356
2019-04-12 12:15:00-04:00,46.82,46.835,46.81,46.825,5906
2019-04-12 12:20:00-04:00,46.825,46.825,46.78,46.79,5896
2019-04-12 12:25:00-04:00,46.785,46.79,46.75,46.75,3739
2019-04-12 12:30:00-04:00,46.75,46.77,46.725,46.725,5157
2019-04-12 12:35:00-04:00,46.715,46.74,46.705,46.73,14320
2019-04-12 12:40:00-04:00,46.73,46.73,46.69,46.7,15193
2019-04-12 12:45:00-04:00,46.705,46.71,46.685,46.71,4869
2019-04-12 12:50:00-04:00,46.7,46.72,46.69,46.69,22284
2019-04-12 12:55:00-04:00,46.685,46.7,46.67,46.7,4592
2019-04-12 13:00:00-04:00,46.7,46.725,46.7,46.725,3312
2019-04-12 13:05:00-04:00,46.735,46.735,46.705,46.72,1966
2019-04-12 13:10:00-04:00,46.715,46.715,46.69,46.69,5224
2019-04-12 13:15:00-04:00,46.7,46.71,46.7,46.71,1356
2019-04-12 13:20:00-04:00,46.705,46.71,46.685,46.685,4303
2019-04-12 13:25:00-04:00,46.68,46.68,46.65,46.66,2616
2019-04-12 13:30:00-04:00,46.66,46.66,46.65,46.65,12179
2019-04-12 13:35:00-04:00,46.65,46.66,46.645,46.655,2889
2019-04-12 13:40:00-04:00,46.655,46.67,46.655,46.655,19938
2019-04-12 13:45:00-04:00,46.65,46.655,46.64,46.645,3747
2019-04-12 13:50:00-04:00,46.64,46.64,46.615,46.62,3211
2019-04-12 13:55:00-04:00,46.63,46.64,46.61,46.61,4428
2019-04-12 14:00:00-04:00,46.61,46.63,46.58,46.59,8636
2019-04-12 14:05:00-04:00,46.6,46.605,46.59,46.595,5646
2019-04-12 14:10:00-04:00,46.59,46.62,46.59,46.62,4935
2019-04-12 14:15:00-04:00,46.61,46.615,46.6,46.6,9481
2019-04-12 14:20:00-04:00,46.61,46.61,46.6,46.61,8651
2019-04-12 14:25:00-04:00,46.6,46.605,46.58,46.59,7290
2019-04-12 14:30:00-04:00,46.585,46.61,46.58,46.605,9826
2019-04-12 14:35:00-04:00,46.61,46.645,46.605,46.645,2866
2019-04-12 14:40:00-04:00,46.64,46.65,46.64,46.64,2385
2019-04-12 14:45:00-04:00,46.64,46.64,46.6,46.62,8813
2019-04-12 14:50:00-04:00,46.62,46.64,46.62,46.64,9916
2019-04-12 14:55:00-04:00,46.645,46.65,46.625,46.625,6135
2019-04-12 15:00:00-04:00,46.63,46.635,46.62,46.63,8970
2019-04-12 15:05:00-04:00,46.63,46.655,46.63,46.65,8913
2019-04-12 15:10:00-04:00,46.645,46.66,46.645,46.655,6752
2019-04-12 15:15:00-04:00,46.655,46.67,46.65,46.67,12293
2019-04-12 15:20:00-04:00,46.66,46.695,46.66,46.695,9475
2019-04-12 15:25:00-04:00,46.7,46.705,46.69,46.7,7070
2019-04-12 15:30:00-04:00,46.7,46.71,46.69,46.71,26465
2019-04-12 15:35:00-04:00,46.715,46.715,46.68,46.685,24214
2019-04-12 15:40:00-04:00,46.69,46.7,46.675,46.68,16947
2019-04-12 15:45:00-04:00,46.685,46.685,46.65,46.665,19511
2019-04-12 15:50:00-04:00,46.66,46.67,46.64,46.67,35011
2019-04-12 15:55:00-04:00,46.67,46.75,46.655,46.74,84498
2019-04-15 09:30:00-04:00,46.88,46.91,46.7,46.76,20317
2019-04-15 09:35:00-04:00,46.785,46.89,46.785,46.88,10236
2019-04-15 09:40:00-04:00,46.87,46.91,46.84,46.875,8445
2019-04-15 09:45:00-04:00,46.88,46.91,46.84,46.86,9419
2019-04-15 09:50:00-04:00,46.87,46.945,46.87,46.935,6409
2019-04-15 09:55:00-04:00,46.93,46.94,46.82,46.87,12822
2019-04-15 10:00:00-04:00,46.865,46.87,46.81,46.83,5191
2019-04-15 10:05:00-04:00,46.83,46.84,46.8,46.8,4535
2019-04-15 10:10:00-04:00,46.79,46.83,46.78,46.83,3718
2019-04-15 10:15:00-04:00,46.835,46.86,46.815,46.84,7026
2019-04-15 10:20:00-04:00,46.845,46.88,46.84,46.84,18003
2019-04-15 10:25:00-04:00,46.84,46.85,46.83,46.85,5589
2019-04-15 10:30:00-04:00,46.85,46.89,46.845,46.88,11019
2019-04-15 10:35:00-04:00,46.88,46.95,46.88,46.94,7918
2019-04-15 10:40:00-04:00,46.95,46.95,46.89,46.9,11762
2019-04-15 10:45:00-04:00,46.9,46.93,46.9,46.91,6524
2019-04-15 10:50:00-04:00,46.91,46.92,46.865,46.865,6165
2019-04-15 10:55:00-04:00,46.87,46.88,46.86,46.86,6076
2019-04-15 11:00:00-04:00,46.87,46.88,46.865,46.87,7595
2019-04-15 11:05:00-04:00,46.88,46.88,46.845,46.87,16427
2019-04-15 11:10:00-04:00,46.865,46.87,46.86,46.865,4752
2019-04-15 11:15:00-04:00,46.87,46.87,46.82,46.83,12334
2019-04-15 11:20:00-04:00,46.83,46.88,46.825,46.87,9005
2019-04-15 11:25:00-04:00,46.865,46.88,46.86,46.86,8108
2019-04-15 11:30:00-04:00,46.865,46.865,46.84,46.84,6502
2019-04-15 11:35:00-04:00,46.84,46.86,46.84,46.855,8751
2019-04-15 11:40:00-04:00,46.86,46.87,46.835,46.85,10387
2019-04-15 11:45:00-04:00,46.85,46.875,46.835,46.875,6270
2019-04-15 11:50:00-04:00,46.89,46.895,46.86,46.87,4152
2019-04-15 11:55:00-04:00,46.865,46.885,46.865,46.88,4932
2019-04-15 12:00:00-04:00,46.88,46.915,46.86,46.905,9274
2019-04-15 12:05:00-04:00,46.91,46.94,46.905,46.935,6158
2019-04-15 12:10:00-04:00,46.935,46.96,46.935,46.955,8614
2019-04-15 12:15:00-04:00,46.96,46.98,46.96,46.97,3096
2019-04-15 12:20:00-04:00,46.97,46.97,46.94,46.945,4006
2019-04-15 12:25:00-04:00,46.95,46.96,46.945,46.96,4055
2019-04-15 12:30:00-04:00,46.96,46.99,46.96,46.98,5074
2019-04-15 12:35:00-04:00,46.98,46.98,46.97,46.97,2827
2019-04-15 12:40:00-04:00,46.97,46.97,46.95,46.955,6361
2019-04-15 12:45:00-04:00,46.95,46.95,46.935,46.945,5801
2019-04-15 12:50:00-04:00,46.95,46.96,46.945,46.95,7655
2019-04-15 12:55:00-04:00,46.95,46.955,46.945,46.95,8191
2019-04-15 13:00:00-04:00,46.945,46.945,46.91,46.92,5072
2019-04-15 13:05:00-04:00,46.92,46.92,46.91,46.915,3990
2019-04-15 13:10:00-04:00,46.92,46.93,46.915,46.93,11583
2019-04-15 13:15:00-04:00,46.92,46.925,46.91,46.91,2326
2019-04-15 13:20:00-04:00,46.91,46.93,46.91,46.92,5455
2019-04-15 13:25:00-04:00,46.92,46.93,46.91,46.91,3423
2019-04-15 13:30:00-04:00,46.9,46.93,46.895,46.93,20838
2019-04-15 13:35:00-04:00,46.92,46.94,46.915,46.935,7110
2019-04-15 13:40:00-04:00,46.93,46.95,46.93,46.95,5356
2019-04-15 13:45:00-04:00,46.955,46.985,46.955,46.975,6523
2019-04-15 13:50:00-04:00,46.98,46.99,46.975,46.98,5119
2019-04-15 13:55:00-04:00,46.98,46.985,46.97,46.98,3719
2019-04-15 14:00:00-04:00,46.99,47.0,46.985,47.0,8206
2019-04-15 14:05:00-04:00,46.99,46.995,46.985,46.99,4693
2019-04-15 14:10:00-04:00,46.99,46.99,46.98,46.99,5560
2019-04-15 14:15:00-04:00,46.99,46.995,46.98,46.985,5779
2019-04-15 14:20:00-04:00,46.985,46.99,46.985,46.985,4522
2019-04-15 14:25:00-04:00,46.985,46.995,46.98,46.985,3798
2019-04-15 14:30:00-04:00,46.99,46.99,46.975,46.99,8723
2019-04-15 14:35:00-04:00,46.985,46.985,46.97,46.97,3940
2019-04-15 14:40:00-04:00,46.97,46.975,46.965,46.97,4795
2019-04-15 14:45:00-04:00,46.975,46.985,46.975,46.985,5711
2019-04-15 14:50:00-04:00,46.98,47.0,46.98,46.99,12631
2019-04-15 14:55:00-04:00,46.99,47.0,46.99,46.99,5956
2019-04-15 15:00:00-04:00,46.99,47.04,46.985,47.035,15971
2019-04-15 15:05:00-04:00,47.02,47.04,47.015,47.025,11286
2019-04-15 15:10:00-04:00,47.02,47.04,47.005,47.01,12335
2019-04-15 15:15:00-04:00,47.005,47.015,46.99,46.995,11723
2019-04-15 15:20:00-04:00,46.995,47.0,46.99,46.99,12107
2019-04-15 15:25:00-04:00,46.99,47.0,46.99,46.995,7619
2019-04-15 15:30:00-04:00,46.995,47.0,46.96,46.965,19028
2019-04-15 15:35:00-04:00,46.96,46.985,46.945,46.97,27775
2019-04-15 15:40:00-04:00,46.97,46.975,46.95,46.95,21496
2019-04-15 15:45:00-04:00,46.96,47.0,46.955,46.955,34189
2019-04-15 15:50:00-04:00,46.95,46.99,46.945,46.98,63191
2019-04-15 15:55:00-04:00,46.98,47.01,46.93,46.995,127301
2019-04-16 09:25:00-04:00,47.05,47.05,47.05,47.05,200
2019-04-16 09:30:00-04:00,47.09,47.09,47.01,47.08,11062
2019-04-16 09:35:00-04:00,47.085,47.1,46.98,47.08,11237
2019-04-16 09:40:00-04:00,47.05,47.09,47.03,47.03,3972
2019-04-16 09:45:00-04:00,47.04,47.06,47.005,47.04,5814
2019-04-16 09:50:00-04:00,47.03,47.1,47.03,47.08,6009
2019-04-16 09:55:00-04:00,47.05,47.08,47.01,47.01,3742
2019-04-16 10:00:00-04:00,47.015,47.015,46.98,47.0,8680
2019-04-16 10:05:00-04:00,47.0,47.01,46.96,46.96,3229
2019-04-16 10:10:00-04:00,46.97,46.97,46.91,46.915,6877
2019-04-16 10:15:00-04:00,46.93,46.93,46.855,46.855,5328
2019-04-16 10:20:00-04:00,46.86,46.88,46.85,46.875,5813
2019-04-16 10:25:00-04:00,46.86,46.87,46.84,46.855,5374
2019-04-16 10:30:00-04:00,46.84,46.85,46.8,46.8,6668
2019-04-16 10:35:00-04:00,46.81,46.81,46.765,46.775,5798
2019-04-16 10:40:00-04:00,46.78,46.785,46.73,46.74,18480
2019-04-16 10:45:00-04:00,46.745,46.77,46.745,46.755,6218
2019-04-16 10:50:00-04:00,46.76,46.78,46.745,46.76,5703
2019-04-16 10:55:00-04:00,46.77,46.78,46.71,46.725,4501
2019-04-16 11:00:00-04:00,46.74,46.74,46.7,46.715,3019
2019-04-16 11:05:00-04:00,46.72,46.765,46.72,46.75,5682
2019-04-16 11:10:00-04:00,46.74,46.78,46.74,46.78,4409
2019-04-16 11:15:00-04:00,46.78,46.82,46.78,46.81,6151
2019-04-16 11:20:00-04:00,46.81,46.9,46.81,46.89,10645
2019-04-16 11:25:00-04:00,46.885,46.885,46.84,46.885,7478
2019-04-16 11:30:00-04:00,46.88,46.89,46.87,46.89,15031
2019-04-16 11:35:00-04:00,46.885,46.91,46.885,46.9,14129
2019-04-16 11:40:00-04:00,46.9,46.91,46.9,46.91,18648
2019-04-16 11:45:00-04:00,46.9,46.92,46.895,46.9,28626
2019-04-16 11:50:00-04:00,46.9,46.91,46.85,46.87,17131
2019-04-16 11:55:00-04:00,46.865,46.88,46.82,46.88,9734
2019-04-16 12:00:00-04:00,46.89,46.91,46.89,46.9,5461
2019-04-16 12:05:00-04:00,46.91,46.915,46.9,46.915,5528
2019-04-16 12:10:00-04:00,46.91,46.935,46.91,46.93,2866
2019-04-16 12:15:00-04:00,46.93,46.93,46.895,46.9,8808
2019-04-16 12:20:00-04:00,46.9,46.92,46.9,46.92,3284
2019-04-16 12:25:00-04:00,46.925,46.94,46.915,46.93,8324
2019-04-16 12:30:00-04:00,46.935,46.965,46.93,46.95,5817
2019-04-16 12:35:00-04:00,46.94,46.97,46.93,46.94,7071
2019-04-16 12:40:00-04:00,46.94,46.95,46.92,46.925,24964
2019-04-16 12:45:00-04:00,46.925,46.93,46.92,46.92,26215
2019-04-16 12:50:00-04:00,46.925,46.925,46.865,46.88,18035
2019-04-16 12:55:00-04:00,46.89,46.905,46.88,46.9,5297
2019-04-16 13:00:00-04:00,46.9,46.915,46.885,46.895,10330
2019-04-16 13:05:00-04:00,46.895,46.9,46.885,46.89,19096
2019-04-16 13:10:00-04:00,46.89,46.895,46.87,46.875,10480
2019-04-16 13:15:00-04:00,46.88,46.895,46.875,46.895,19128
2019-04-16 13:20:00-04:00,46.89,46.9,46.875,46.89,15668
2019-04-16 13:25:00-04:00,46.89,46.9,46.89,46.89,5792
2019-04-16 13:30:00-04:00,46.89,46.91,46.89,46.9,43575
2019-04-16 13:35:00-04:00,46.9,46.915,46.89,46.915,20139
2019-04-16 13:40:00-04:00,46.91,46.91,46.895,46.905,20213
2019-04-16 13:45:00-04:00,46.91,46.925,46.91,46.915,9806
2019-04-16 13:50:00-04:00,46.915,46.915,46.885,46.9,15549
2019-04-16 13:55:00-04:00,46.89,46.91,46.885,46.91,10821
2019-04-16 14:00:00-04:00,46.91,46.91,46.88,46.89,5394
2019-04-16 14:05:00-04:00,46.89,46.92,46.88,46.91,8108
2019-04-16 14:10:00-04:00,46.91,46.91,46.895,46.895,4167
2019-04-16 14:15:00-04:00,46.91,46.91,46.885,46.9,6245
2019-04-16 14:20:00-04:00,46.9,46.91,46.885,46.885,2610
2019-04-16 14:25:00-04:00,46.89,46.93,46.89,46.93,9005
2019-04-16 14:30:00-04:00,46.935,46.94,46.91,46.92,10258
2019-04-16 14:35:00-04:00,46.93,46.945,46.905,46.945,5976
2019-04-16 14:40:00-04:00,46.945,46.955,46.94,46.955,5897
2019-04-16 14:45:00-04:00,46.96,46.97,46.95,46.95,3286
2019-04-16 14:50:00-04:00,46.95,46.96,46.94,46.95,7335
2019-04-16 14:55:00-04:00,46.96,46.97,46.955,46.96,3537
2019-04-16 15:00:00-04:00,46.96,46.97,46.96,46.97,12474
2019-04-16 15:05:00-04:00,46.97,46.99,46.97,46.98,12375
2019-04-16 15:10:00-04:00,46.985,47.01,46.985,47.0,7654
2019-04-16 15:15:00-04:00,47.0,47.01,46.99,47.0,7034
2019-04-16 15:20:00-04:00,47.0,47.04,47.0,47.03,25944
2019-04-16 15:25:00-04:00,47.03,47.04,46.99,47.01,21710
2019-04-16 15:30:00-04:00,47.0,47.02,46.93,46.93,13891
2019-04-16 15:35:00-04:00,46.91,46.99,46.9,46.99,21345
2019-04-16 15:40:00-04:00,46.985,47.0,46.95,46.96,12198
2019-04-16 15:45:00-04:00,46.96,47.01,46.96,46.995,15523
2019-04-16 15:50:00-04:00,46.99,47.005,46.975,46.98,19718
2019-04-16 15:55:00-04:00,46.98,46.99,46.94,46.96,63175
2019-04-17 09:10:00-04:00,47.0,47.0,47.0,47.0,100
2019-04-17 09:30:00-04:00,47.18,47.34,47.15,47.23,13736
2019-04-17 09:35:00-04:00,47.23,47.3,47.21,47.29,27400
2019-04-17 09:40:00-04:00,47.28,47.48,47.275,47.4,25928
2019-04-17 09:45:00-04:00,47.41,47.47,47.38,47.435,14787
2019-04-17 09:50:00-04:00,47.43,47.495,47.415,47.475,32035
2019-04-17 09:55:00-04:00,47.46,47.48,47.43,47.48,8613
2019-04-17 10:00:00-04:00,47.47,47.47,47.37,47.37,10093
2019-04-17 10:05:00-04:00,47.37,47.41,47.35,47.39,5726
2019-04-17 10:10:00-04:00,47.39,47.425,47.35,47.42,9147
2019-04-17 10:15:00-04:00,47.42,47.54,47.42,47.535,15106
2019-04-17 10:20:00-04:00,47.53,47.54,47.425,47.43,12493
2019-04-17 10:25:00-04:00,47.43,47.46,47.35,47.36,16211
2019-04-17 10:30:00-04:00,47.36,47.395,47.35,47.36,12347
2019-04-17 10:35:00-04:00,47.365,47.38,47.33,47.365,10936
2019-04-17 10:40:00-04:00,47.36,47.41,47.35,47.37,50339
2019-04-17 10:45:00-04:00,47.36,47.37,47.3,47.335,10997
2019-04-17 10:50:00-04:00,47.34,47.37,47.33,47.36,9480
2019-04-17 10:55:00-04:00,47.35,47.37,47.315,47.32,9058
2019-04-17 11:00:00-04:00,47.32,47.385,47.28,47.38,13152
2019-04-17 11:05:00-04:00,47.38,47.43,47.375,47.42,8756
2019-04-17 11:10:00-04:00,47.41,47.41,47.385,47.385,5344
2019-04-17 11:15:00-04:00,47.39,47.44,47.375,47.44,10534
2019-04-17 11:20:00-04:00,47.44,47.44,47.4,47.4,10101
2019-04-17 11:25:00-04:00,47.41,47.42,47.36,47.37,7670
2019-04-17 11:30:00-04:00,47.37,47.385,47.345,47.375,16817
2019-04-17 11:35:00-04:00,47.37,47.42,47.36,47.415,16371
2019-04-17 11:40:00-04:00,47.4,47.42,47.38,47.42,5737
2019-04-17 11:45:00-04:00,47.41,47.42,47.36,47.39,14117
2019-04-17 11:50:00-04:00,47.4,47.41,47.38,47.41,7229
2019-04-17 11:55:00-04:00,47.41,47.44,47.41,47.43,13287
2019-04-17 12:00:00-04:00,47.45,47.53,47.445,47.51,14633
2019-04-17 12:05:00-04:00,47.5,47.515,47.49,47.5,7673
2019-04-17 12:10:00-04:00,47.48,47.51,47.48,47.49,5712
2019-04-17 12:15:00-04:00,47.48,47.48,47.44,47.44,4434
2019-04-17 12:20:00-04:00,47.43,47.44,47.41,47.44,10952
2019-04-17 12:25:00-04:00,47.455,47.48,47.45,47.45,5338
2019-04-17 12:30:00-04:00,47.445,47.48,47.43,47.43,5492
2019-04-17 12:35:00-04:00,47.44,47.455,47.43,47.455,5837
2019-04-17 12:40:00-04:00,47.46,47.475,47.44,47.44,7334
2019-04-17 12:45:00-04:00,47.445,47.45,47.42,47.42,4505
2019-04-17 12:50:00-04:00,47.41,47.415,47.39,47.4,4205
2019-04-17 12:55:00-04:00,47.405,47.405,47.35,47.355,5806
2019-04-17 13:00:00-04:00,47.36,47.395,47.36,47.38,8894
2019-04-17 13:05:00-04:00,47.39,47.425,47.37,47.42,5417
2019-04-17 13:10:00-04:00,47.41,47.45,47.41,47.45,3180
2019-04-17 13:15:00-04:00,47.45,47.46,47.45,47.46,2962
2019-04-17 13:20:00-04:00,47.46,47.48,47.44,47.44,5969
2019-04-17 13:25:00-04:00,47.43,47.435,47.385,47.4,5854
2019-04-17 13:30:00-04:00,47.405,47.43,47.385,47.43,3700
2019-04-17 13:35:00-04:00,47.43,47.44,47.41,47.44,6154
2019-04-17 13:40:00-04:00,47.43,47.43,47.4,47.405,10235
2019-04-17 13:45:00-04:00,47.4,47.41,47.34,47.35,4845
2019-04-17 13:50:00-04:00,47.34,47.34,47.28,47.3,7392
2019-04-17 13:55:00-04:00,47.29,47.3,47.285,47.285,5269
2019-04-17 14:00:00-04:00,47.29,47.3,47.26,47.28,5460
2019-04-17 14:05:00-04:00,47.27,47.27,47.26,47.265,2220
2019-04-17 14:10:00-04:00,47.26,47.27,47.23,47.23,2892
2019-04-17 14:15:00-04:00,47.245,47.27,47.24,47.24,4578
2019-04-17 14:20:00-04:00,47.23,47.23,47.18,47.18,3023
2019-04-17 14:25:00-04:00,47.18,47.205,47.15,47.18,8509
2019-04-17 14:30:00-04:00,47.18,47.22,47.18,47.21,3623
2019-04-17 14:35:00-04:00,47.22,47.26,47.21,47.24,4322
2019-04-17 14:40:00-04:00,47.23,47.24,47.215,47.22,8087
2019-04-17 14:45:00-04:00,47.23,47.23,47.2,47.2,5213
2019-04-17 14:50:00-04:00,47.2,47.2,47.18,47.19,5485
2019-04-17 14:55:00-04:00,47.18,47.195,47.17,47.19,3622
2019-04-17 15:00:00-04:00,47.2,47.26,47.195,47.23,9963
2019-04-17 15:05:00-04:00,47.22,47.25,47.22,47.24,11309
2019-04-17 15:10:00-04:00,47.23,47.26,47.23,47.25,7314
2019-04-17 15:15:00-04:00,47.255,47.31,47.255,47.29,34187
2019-04-17 15:20:00-04:00,47.28,47.285,47.26,47.275,4811
2019-04-17 15:25:00-04:00,47.27,47.3,47.27,47.28,7094
2019-04-17 15:30:00-04:00,47.28,47.3,47.27,47.29,10529
2019-04-17 15:35:00-04:00,47.29,47.315,47.29,47.31,9493
2019-04-17 15:40:00-04:00,47.305,47.31,47.28,47.31,12655
2019-04-17 15:45:00-04:00,47.32,47.33,47.28,47.29,18721
2019-04-17 15:50:00-04:00,47.29,47.29,47.25,47.28,21339
2019-04-17 15:55:00-04:00,47.27,47.29,47.25,47.27,42152
2019-04-18 09:30:00-04:00,47.33,47.58,47.32,47.44,9912
2019-04-18 09:35:00-04:00,47.44,47.46,47.36,47.41,6483
2019-04-18 09:40:00-04:00,47.405,47.405,47.27,47.29,5025
2019-04-18 09:45:00-04:00,47.305,47.38,47.3,47.38,4655
2019-04-18 09:50:00-04:00,47.39,47.49,47.39,47.465,6701
2019-04-18 09:55:00-04:00,47.47,47.48,47.43,47.44,7164
2019-04-18 10:00:00-04:00,47.45,47.47,47.4,47.445,12511
2019-04-18 10:05:00-04:00,47.44,47.47,47.395,47.4,4043
2019-04-18 10:10:00-04:00,47.385,47.39,47.34,47.34,7923
2019-04-18 10:15:00-04:00,47.34,47.35,47.31,47.345,6608
2019-04-18 10:20:00-04:00,47.345,47.36,47.28,47.29,9212
2019-04-18 10:25:00-04:00,47.29,47.32,47.29,47.31,4509
2019-04-18 10:30:00-04:00,47.3,47.37,47.3,47.37,8572
2019-04-18 10:35:00-04:00,47.38,47.39,47.35,47.36,7311
2019-04-18 10:40:00-04:00,47.36,47.405,47.345,47.4,9380
2019-04-18 10:45:00-04:00,47.39,47.435,47.39,47.43,6249
2019-04-18 10:50:00-04:00,47.43,47.43,47.39,47.39,7396
2019-04-18 10:55:00-04:00,47.395,47.4,47.37,47.39,5225
2019-04-18 11:00:00-04:00,47.395,47.425,47.37,47.42,8322
2019-04-18 11:05:00-04:00,47.43,47.445,47.4,47.43,11526
2019-04-18 11:10:00-04:00,47.43,47.45,47.43,47.43,4724
2019-04-18 11:15:00-04:00,47.44,47.48,47.43,47.48,5274
2019-04-18 11:20:00-04:00,47.47,47.475,47.41,47.43,10276
2019-04-18 11:25:00-04:00,47.43,47.44,47.4,47.425,5734
2019-04-18 11:30:00-04:00,47.43,47.48,47.43,47.46,7810
2019-04-18 11:35:00-04:00,47.46,47.48,47.44,47.455,14490
2019-04-18 11:40:00-04:00,47.45,47.52,47.45,47.5,8588
2019-04-18 11:45:00-04:00,47.5,47.53,47.5,47.53,5105
2019-04-18 11:50:00-04:00,47.53,47.535,47.49,47.51,5929
2019-04-18 11:55:00-04:00,47.5,47.505,47.47,47.49,7902
2019-04-18 12:00:00-04:00,47.49,47.52,47.47,47.485,17704
2019-04-18 12:05:00-04:00,47.485,47.49,47.46,47.47,14291
2019-04-18 12:10:00-04:00,47.475,47.48,47.47,47.475,3321
2019-04-18 12:15:00-04:00,47.48,47.5,47.47,47.47,8356
2019-04-18 12:20:00-04:00,47.48,47.48,47.44,47.465,7436
2019-04-18 12:25:00-04:00,47.475,47.505,47.46,47.505,8308
2019-04-18 12:30:00-04:00,47.5,47.51,47.49,47.51,7443
2019-04-18 12:35:00-04:00,47.5,47.505,47.49,47.5,5982
2019-04-18 12:40:00-04:00,47.51,47.52,47.49,47.5,5316
2019-04-18 12:45:00-04:00,47.5,47.53,47.49,47.53,7568
2019-04-18 12:50:00-04:00,47.52,47.53,47.51,47.52,4772
2019-04-18 12:55:00-04:00,47.52,47.54,47.51,47.525,4649
2019-04-18 13:00:00-04:00,47.52,47.53,47.52,47.52,3582
2019-04-18 13:05:00-04:00,47.52,47.52,47.47,47.48,3740
2019-04-18 13:10:00-04:00,47.49,47.51,47.49,47.505,7453
2019-04-18 13:15:00-04:00,47.51,47.51,47.48,47.485,4292
2019-04-18 13:20:00-04:00,47.485,47.51,47.48,47.49,9340
2019-04-18 13:25:00-04:00,47.49,47.5,47.49,47.5,2999
2019-04-18 13:30:00-04:00,47.5,47.505,47.455,47.48,9613
2019-04-18 13:35:00-04:00,47.49,47.495,47.44,47.45,9551
2019-04-18 13:40:00-04:00,47.445,47.47,47.445,47.47,10701
2019-04-18 13:45:00-04:00,47.48,47.485,47.46,47.48,7017
2019-04-18 13:50:00-04:00,47.49,47.51,47.48,47.49,9438
2019-04-18 13:55:00-04:00,47.49,47.495,47.49,47.495,3711
2019-04-18 14:00:00-04:00,47.49,47.495,47.485,47.49,9265
2019-04-18 14:05:00-04:00,47.49,47.505,47.48,47.495,8660
2019-04-18 14:10:00-04:00,47.5,47.515,47.49,47.51,4694
2019-04-18 14:15:00-04:00,47.5,47.52,47.495,47.495,10249
2019-04-18 14:20:00-04:00,47.5,47.535,47.49,47.52,9417
2019-04-18 14:25:00-04:00,47.525,47.535,47.51,47.52,4174
2019-04-18 14:30:00-04:00,47.52,47.54,47.48,47.485,10126
2019-04-18 14:35:00-04:00,47.48,47.495,47.47,47.495,9996
2019-04-18 14:40:00-04:00,47.5,47.515,47.495,47.51,8194
2019-04-18 14:45:00-04:00,47.52,47.53,47.515,47.52,4772
2019-04-18 14:50:00-04:00,47.52,47.525,47.515,47.52,5126
2019-04-18 14:55:00-04:00,47.52,47.525,47.495,47.505,8888
2019-04-18 15:00:00-04:00,47.5,47.5,47.47,47.47,9713
2019-04-18 15:05:00-04:00,47.475,47.48,47.455,47.47,8585
2019-04-18 15:10:00-04:00,47.47,47.51,47.465,47.51,9360
2019-04-18 15:15:00-04:00,47.51,47.55,47.51,47.545,6208
2019-04-18 15:20:00-04:00,47.55,47.57,47.54,47.55,9647
2019-04-18 15:25:00-04:00,47.55,47.56,47.52,47.52,9470
2019-04-18 15:30:00-04:00,47.52,47.55,47.51,47.55,118934
2019-04-18 15:35:00-04:00,47.545,47.55,47.48,47.51,22454
2019-04-18 15:40:00-04:00,47.51,47.51,47.47,47.51,25367
2019-04-18 15:45:00-04:00,47.51,47.51,47.47,47.475,32158
2019-04-18 15:50:00-04:00,47.47,47.48,47.39,47.425,43189
2019-04-18 15:55:00-04:00,47.42,47.49,47.4,47.49,120855
2019-04-22 09:30:00-04:00,47.42,47.43,47.04,47.05,10918
2019-04-22 09:35:00-04:00,47.05,47.27,47.05,47.27,7839
2019-04-22 09:40:00-04:00,47.24,47.39,47.24,47.385,12949
2019-04-22 09:45:00-04:00,47.385,47.47,47.36,47.465,8717
2019-04-22 09:50:00-04:00,47.47,47.48,47.41,47.445,8685
2019-04-22 09:55:00-04:00,47.43,47.48,47.39,47.48,2159
2019-04-22 10:00:00-04:00,47.475,47.535,47.47,47.505,12255
2019-04-22 10:05:00-04:00,47.51,47.6,47.51,47.6,7775
2019-04-22 10:10:00-04:00,47.6,47.6,47.54,47.6,6434
2019-04-22 10:15:00-04:00,47.6,47.605,47.54,47.54,5403
2019-04-22 10:20:00-04:00,47.545,47.545,47.47,47.485,6655
2019-04-22 10:25:00-04:00,47.48,47.49,47.455,47.485,4804
2019-04-22 10:30:00-04:00,47.485,47.485,47.43,47.455,7277
2019-04-22 10:35:00-04:00,47.47,47.47,47.43,47.445,8975
2019-04-22 10:40:00-04:00,47.44,47.465,47.43,47.465,12149
2019-04-22 10:45:00-04:00,47.465,47.515,47.465,47.51,16726
2019-04-22 10:50:00-04:00,47.51,47.54,47.51,47.54,13506
2019-04-22 10:55:00-04:00,47.54,47.545,47.5,47.525,11973
2019-04-22 11:00:00-04:00,47.525,47.53,47.5,47.5,10384
2019-04-22 11:05:00-04:00,47.495,47.495,47.445,47.45,6186
2019-04-22 11:10:00-04:00,47.455,47.5,47.445,47.5,7292
2019-04-22 11:15:00-04:00,47.5,47.52,47.5,47.515,3715
2019-04-22 11:20:00-04:00,47.52,47.52,47.5,47.5,2941
2019-04-22 11:25:00-04:00,47.505,47.51,47.48,47.505,7130
2019-04-22 11:30:00-04:00,47.505,47.52,47.5,47.515,7792
2019-04-22 11:35:00-04:00,47.52,47.52,47.505,47.51,5024
2019-04-22 11:40:00-04:00,47.505,47.545,47.5,47.545,22031
2019-04-22 11:45:00-04:00,47.545,47.545,47.525,47.545,10727
2019-04-22 11:50:00-04:00,47.54,47.545,47.52,47.545,12446
2019-04-22 11:55:00-04:00,47.545,47.56,47.49,47.49,27847
2019-04-22 12:00:00-04:00,47.49,47.515,47.48,47.49,6982
2019-04-22 12:05:00-04:00,47.5,47.5,47.45,47.46,6801
2019-04-22 12:10:00-04:00,47.455,47.465,47.44,47.44,4720
2019-04-22 12:15:00-04:00,47.44,47.46,47.43,47.46,4121
2019-04-22 12:20:00-04:00,47.46,47.46,47.42,47.42,7058
2019-04-22 12:25:00-04:00,47.435,47.465,47.435,47.46,3742
2019-04-22 12:30:00-04:00,47.455,47.47,47.44,47.45,6085
2019-04-22 12:35:00-04:00,47.455,47.455,47.435,47.445,5553
2019-04-22 12:40:00-04:00,47.45,47.48,47.45,47.46,9344
2019-04-22 12:45:00-04:00,47.46,47.465,47.44,47.45,11478
2019-04-22 12:50:00-04:00,47.45,47.49,47.45,47.47,11052
2019-04-22 12:55:00-04:00,47.47,47.48,47.45,47.455,6209
2019-04-22 13:00:00-04:00,47.46,47.48,47.43,47.435,13845
2019-04-22 13:05:00-04:00,47.43,47.43,47.405,47.415,2587
2019-04-22 13:10:00-04:00,47.42,47.44,47.415,47.42,4607
2019-04-22 13:15:00-04:00,47.43,47.44,47.405,47.41,4842
2019-04-22 13:20:00-04:00,47.415,47.42,47.405,47.405,2817
2019-04-22 13:25:00-04:00,47.4,47.425,47.4,47.42,6201
2019-04-22 13:30:00-04:00,47.41,47.43,47.405,47.43,20268
2019-04-22 13:35:00-04:00,47.43,47.43,47.41,47.415,6740
2019-04-22 13:40:00-04:00,47.415,47.425,47.39,47.39,5136
2019-04-22 13:45:00-04:00,47.395,47.41,47.39,47.41,5186
2019-04-22 13:50:00-04:00,47.4,47.425,47.4,47.405,5456
2019-04-22 13:55:00-04:00,47.405,47.41,47.395,47.405,6128
2019-04-22 14:00:00-04:00,47.4,47.405,47.38,47.4,4623
2019-04-22 14:05:00-04:00,47.4,47.4,47.39,47.39,6834
2019-04-22 14:10:00-04:00,47.39,47.41,47.38,47.395,4806
2019-04-22 14:15:00-04:00,47.39,47.42,47.39,47.41,8140
2019-04-22 14:20:00-04:00,47.41,47.41,47.38,47.38,11490
2019-04-22 14:25:00-04:00,47.37,47.38,47.35,47.355,6688
2019-04-22 14:30:00-04:00,47.35,47.355,47.32,47.33,4537
2019-04-22 14:35:00-04:00,47.33,47.39,47.33,47.385,6350
2019-04-22 14:40:00-04:00,47.38,47.39,47.37,47.38,5534
2019-04-22 14:45:00-04:00,47.39,47.4,47.385,47.4,8682
2019-04-22 14:50:00-04:00,47.4,47.4,47.39,47.4,8507
2019-04-22 14:55:00-04:00,47.395,47.41,47.395,47.41,5184
2019-04-22 15:00:00-04:00,47.405,47.405,47.385,47.385,5400
2019-04-22 15:05:00-04:00,47.38,47.4,47.38,47.39,12914
2019-04-22 15:10:00-04:00,47.39,47.4,47.365,47.38,11692
2019-04-22 15:15:00-04:00,47.38,47.42,47.38,47.42,6251
2019-04-22 15:20:00-04:00,47.42,47.42,47.4,47.42,11192
2019-04-22 15:25:00-04:00,47.42,47.44,47.41,47.44,17463
2019-04-22 15:30:00-04:00,47.44,47.45,47.41,47.41,17494
2019-04-22 15:35:00-04:00,47.41,47.42,47.4,47.42,9986
2019-04-22 15:40:00-04:00,47.41,47.44,47.41,47.44,11573
2019-04-22 15:45:00-04:00,47.435,47.435,47.41,47.41,20653
2019-04-22 15:50:00-04:00,47.42,47.44,47.41,47.43,38548
2019-04-22 15:55:00-04:00,47.43,47.44,47.365,47.39,54971
2019-04-23 07:15:00-04:00,49.1,49.1,49.1,49.1,500
2019-04-23 07:45:00-04:00,49.2,49.2,49.2,49.2,100
2019-04-23 09:00:00-04:00,48.43,48.52,48.43,48.52,200
2019-04-23 09:15:00-04:00,48.5,48.5,48.35,48.37,300
2019-04-23 09:25:00-04:00,48.25,48.25,48.25,48.25,103
2019-04-23 09:30:00-04:00,47.98,48.25,47.55,48.05,43591
2019-04-23 09:35:00-04:00,48.06,48.18,47.93,48.04,32046
2019-04-23 09:40:00-04:00,48.04,48.36,48.03,48.33,16155
2019-04-23 09:45:00-04:00,48.4,48.53,48.36,48.46,54900
2019-04-23 09:50:00-04:00,48.45,48.72,48.45,48.71,48738
2019-04-23 09:55:00-04:00,48.72,48.72,48.58,48.635,57809
2019-04-23 10:00:00-04:00,48.57,48.65,48.54,48.595,17172
2019-04-23 10:05:00-04:00,48.59,48.63,48.455,48.46,24469
2019-04-23 10:10:00-04:00,48.46,48.57,48.4,48.54,14736
2019-04-23 10:15:00-04:00,48.54,48.54,48.42,48.425,13961
2019-04-23 10:20:00-04:00,48.42,48.43,48.28,48.315,16292
2019-04-23 10:25:00-04:00,48.315,48.34,48.17,48.205,21719
2019-04-23 10:30:00-04:00,48.21,48.23,48.065,48.07,19321
2019-04-23 10:35:00-04:00,48.07,48.235,48.07,48.22,26002
2019-04-23 10:40:00-04:00,48.22,48.44,48.22,48.43,28398
2019-04-23 10:45:00-04:00,48.42,48.46,48.33,48.33,22988
2019-04-23 10:50:00-04:00,48.32,48.325,48.215,48.25,13255
2019-04-23 10:55:00-04:00,48.26,48.26,48.17,48.2,11744
2019-04-23 11:00:00-04:00,48.19,48.19,48.09,48.12,11985
2019-04-23 11:05:00-04:00,48.13,48.17,48.09,48.105,20253
2019-04-23 11:10:00-04:00,48.11,48.22,48.11,48.21,9204
2019-04-23 11:15:00-04:00,48.23,48.275,48.17,48.23,10260
2019-04-23 11:20:00-04:00,48.21,48.305,48.2,48.285,14445
2019-04-23 11:25:00-04:00,48.28,48.395,48.28,48.36,10862
2019-04-23 11:30:00-04:00,48.34,48.34,48.28,48.29,11426
2019-04-23 11:35:00-04:00,48.3,48.33,48.26,48.26,8567
2019-04-23 11:40:00-04:00,48.25,48.26,48.16,48.18,8902
2019-04-23 11:45:00-04:00,48.18,48.21,48.15,48.15,10352
2019-04-23 11:50:00-04:00,48.15,48.15,48.095,48.11,13268
2019-04-23 11:55:00-04:00,48.11,48.175,48.1,48.16,19982
2019-04-23 12:00:00-04:00,48.16,48.22,48.145,48.15,16711
2019-04-23 12:05:00-04:00,48.16,48.185,48.16,48.17,6942
2019-04-23 12:10:00-04:00,48.17,48.185,48.13,48.18,5749
2019-04-23 12:15:00-04:00,48.17,48.245,48.17,48.2,45540
2019-04-23 12:20:00-04:00,48.2,48.255,48.2,48.21,4630
2019-04-23 12:25:00-04:00,48.21,48.24,48.19,48.23,8254
2019-04-23 12:30:00-04:00,48.23,48.28,48.23,48.28,4647
2019-04-23 12:35:00-04:00,48.28,48.285,48.23,48.24,5347
2019-04-23 12:40:00-04:00,48.25,48.31,48.245,48.3,4290
2019-04-23 12:45:00-04:00,48.305,48.315,48.295,48.305,7480
2019-04-23 12:50:00-04:00,48.3,48.3,48.24,48.26,32447
2019-04-23 12:55:00-04:00,48.26,48.27,48.24,48.245,7265
2019-04-23 13:00:00-04:00,48.26,48.28,48.25,48.27,7508
2019-04-23 13:05:00-04:00,48.27,48.31,48.27,48.3,6121
2019-04-23 13:10:00-04:00,48.305,48.32,48.3,48.305,4821
2019-04-23 13:15:00-04:00,48.315,48.315,48.24,48.24,5868
2019-04-23 13:20:00-04:00,48.24,48.275,48.23,48.27,5695
2019-04-23 13:25:00-04:00,48.27,48.27,48.14,48.15,11401
2019-04-23 13:30:00-04:00,48.15,48.18,48.13,48.13,24413
2019-04-23 13:35:00-04:00,48.13,48.155,48.1,48.12,7590
2019-04-23 13:40:00-04:00,48.13,48.17,48.115,48.12,12847
2019-04-23 13:45:00-04:00,48.12,48.155,48.1,48.14,8967
2019-04-23 13:50:00-04:00,48.13,48.155,48.09,48.105,17596
2019-04-23 13:55:00-04:00,48.105,48.105,48.025,48.06,22173
2019-04-23 14:00:00-04:00,48.07,48.09,48.03,48.03,14740
2019-04-23 14:05:00-04:00,48.03,48.03,47.98,48.015,25307
2019-04-23 14:10:00-04:00,48.015,48.02,47.9,47.92,15453
2019-04-23 14:15:00-04:00,47.92,47.975,47.86,47.975,17008
2019-04-23 14:20:00-04:00,47.97,48.0,47.95,48.0,14987
2019-04-23 14:25:00-04:00,47.99,47.995,47.98,47.995,4166
2019-04-23 14:30:00-04:00,47.98,47.99,47.96,47.99,8095
2019-04-23 14:35:00-04:00,47.985,48.03,47.975,48.01,17312
2019-04-23 14:40:00-04:00,48.005,48.005,47.95,47.96,20118
2019-04-23 14:45:00-04:00,47.955,47.96,47.92,47.955,36725
2019-04-23 14:50:00-04:00,47.945,47.99,47.93,47.985,39366
2019-04-23 14:55:00-04:00,47.985,48.09,47.985,48.09,17486
2019-04-23 15:00:00-04:00,48.08,48.085,48.035,48.05,11382
2019-04-23 15:05:00-04:00,48.055,48.07,48.04,48.07,15312
2019-04-23 15:10:00-04:00,48.075,48.13,48.07,48.12,14227
2019-04-23 15:15:00-04:00,48.12,48.165,48.11,48.165,16429
2019-04-23 15:20:00-04:00,48.165,48.165,48.13,48.145,43205
2019-04-23 15:25:00-04:00,48.145,48.15,48.07,48.13,55239
2019-04-23 15:30:00-04:00,48.13,48.165,48.11,48.115,24840
2019-04-23 15:35:00-04:00,48.115,48.165,48.1,48.11,38784
2019-04-23 15:40:00-04:00,48.11,48.215,48.1,48.205,36037
2019-04-23 15:45:00-04:00,48.2,48.22,48.17,48.22,51862
2019-04-23 15:50:00-04:00,48.21,48.31,48.19,48.31,68716
2019-04-23 15:55:00-04:00,48.32,48.32,48.11,48.2,214291
2019-04-24 09:30:00-04:00,48.105,48.21,48.1,48.11,14673
2019-04-24 09:35:00-04:00,48.15,48.225,48.07,48.07,8067
2019-04-24 09:40:00-04:00,48.08,48.1,48.04,48.08,9442
2019-04-24 09:45:00-04:00,48.1,48.11,48.025,48.08,12989
2019-04-24 09:50:00-04:00,48.09,48.21,48.09,48.17,10976
2019-04-24 09:55:00-04:00,48.17,48.18,48.07,48.11,9268
2019-04-24 10:00:00-04:00,48.1,48.11,48.04,48.07,11834
2019-04-24 10:05:00-04:00,48.06,48.075,48.02,48.06,15680
2019-04-24 10:10:00-04:00,48.07,48.11,48.045,48.08,14201
2019-04-24 10:15:00-04:00,48.1,48.12,48.07,48.07,25867
2019-04-24 10:20:00-04:00,48.07,48.12,48.065,48.08,13661
2019-04-24 10:25:00-04:00,48.08,48.15,48.06,48.125,15392
2019-04-24 10:30:00-04:00,48.125,48.13,48.08,48.09,8273
2019-04-24 10:35:00-04:00,48.1,48.1,48.035,48.035,29387
2019-04-24 10:40:00-04:00,48.03,48.07,48.02,48.06,18788
2019-04-24 10:45:00-04:00,48.06,48.06,48.0,48.01,17720
2019-04-24 10:50:00-04:00,48.01,48.01,47.93,47.95,23143
2019-04-24 10:55:00-04:00,47.955,48.01,47.955,48.005,11464
2019-04-24 11:00:00-04:00,48.01,48.015,47.99,48.0,14824
2019-04-24 11:05:00-04:00,47.995,47.995,47.935,47.985,16948
2019-04-24 11:10:00-04:00,48.0,48.015,47.97,47.975,18839
2019-04-24 11:15:00-04:00,47.98,48.0,47.955,47.97,18795
2019-04-24 11:20:00-04:00,47.98,47.98,47.955,47.975,10550
2019-04-24 11:25:00-04:00,47.98,47.995,47.95,47.995,12020
2019-04-24 11:30:00-04:00,48.0,48.01,47.99,47.995,9881
2019-04-24 11:35:00-04:00,48.01,48.01,47.95,47.995,8116
2019-04-24 11:40:00-04:00,48.01,48.03,47.995,48.01,13868
2019-04-24 11:45:00-04:00,48.0,48.0,47.97,47.98,7552
2019-04-24 11:50:00-04:00,47.97,47.98,47.94,47.955,9594
2019-04-24 11:55:00-04:00,47.96,47.96,47.925,47.94,4765
2019-04-24 12:00:00-04:00,47.935,47.96,47.935,47.955,6099
2019-04-24 12:05:00-04:00,47.96,47.97,47.95,47.965,3879
2019-04-24 12:10:00-04:00,47.98,47.99,47.975,47.99,5107
2019-04-24 12:15:00-04:00,47.995,48.0,47.975,47.98,12801
2019-04-24 12:20:00-04:00,47.98,47.985,47.96,47.975,8571
2019-04-24 12:25:00-04:00,47.97,47.99,47.97,47.98,6521
2019-04-24 12:30:00-04:00,47.99,48.0,47.98,47.995,8639
2019-04-24 12:35:00-04:00,48.0,48.0,47.96,47.98,10529
2019-04-24 12:40:00-04:00,47.985,48.01,47.975,48.01,10152
2019-04-24 12:45:00-04:00,48.03,48.06,48.03,48.05,6449
2019-04-24 12:50:00-04:00,48.05,48.05,48.0,48.035,8992
2019-04-24 12:55:00-04:00,48.025,48.025,48.0,48.0,6899
2019-04-24 13:00:00-04:00,47.995,47.995,47.95,47.95,16099
2019-04-24 13:05:00-04:00,47.95,47.95,47.93,47.945,10314
2019-04-24 13:10:00-04:00,47.93,47.935,47.915,47.93,8967
2019-04-24 13:15:00-04:00,47.93,47.98,47.93,47.98,6714
2019-04-24 13:20:00-04:00,47.98,48.015,47.98,47.99,15160
2019-04-24 13:25:00-04:00,47.985,48.04,47.98,48.035,12007
2019-04-24 13:30:00-04:00,48.035,48.1,48.035,48.095,22418
2019-04-24 13:35:00-04:00,48.1,48.14,48.1,48.12,21156
2019-04-24 13:40:00-04:00,48.115,48.115,48.08,48.085,5025
2019-04-24 13:45:00-04:00,48.085,48.105,48.085,48.1,11069
2019-04-24 13:50:00-04:00,48.1,48.105,48.095,48.095,10754
2019-04-24 13:55:00-04:00,48.095,48.1,48.035,48.04,13306
2019-04-24 14:00:00-04:00,48.03,48.065,48.03,48.06,7967
2019-04-24 14:05:00-04:00,48.06,48.06,48.005,48.015,7990
2019-04-24 14:10:00-04:00,48.015,48.06,48.015,48.03,9059
2019-04-24 14:15:00-04:00,48.02,48.025,48.0,48.0,10803
2019-04-24 14:20:00-04:00,48.01,48.01,47.995,48.01,2702
2019-04-24 14:25:00-04:00,48.0,48.01,47.985,47.995,13912
2019-04-24 14:30:00-04:00,47.99,48.04,47.99,48.03,7875
2019-04-24 14:35:00-04:00,48.035,48.035,48.02,48.02,7049
2019-04-24 14:40:00-04:00,48.02,48.02,48.01,48.01,10381
2019-04-24 14:45:00-04:00,48.01,48.025,48.01,48.02,7689
2019-04-24 14:50:00-04:00,48.015,48.025,47.96,47.965,13643
2019-04-24 14:55:00-04:00,47.96,47.99,47.96,47.99,10784
2019-04-24 15:00:00-04:00,47.99,48.01,47.985,47.995,14642
2019-04-24 15:05:00-04:00,47.995,47.995,47.94,47.94,14213
2019-04-24 15:10:00-04:00,47.945,47.97,47.945,47.965,14015
2019-04-24 15:15:00-04:00,47.96,47.97,47.95,47.97,9525
2019-04-24 15:20:00-04:00,47.965,48.0,47.965,47.995,7721
2019-04-24 15:25:00-04:00,48.0,48.0,47.99,48.0,16606
2019-04-24 15:30:00-04:00,47.995,48.01,47.985,47.99,25587
2019-04-24 15:35:00-04:00,47.99,48.01,47.985,48.01,18232
2019-04-24 15:40:00-04:00,48.01,48.02,47.98,48.0,22042
2019-04-24 15:45:00-04:00,48.0,48.0,47.935,47.975,40376
2019-04-24 15:50:00-04:00,47.97,48.02,47.945,48.02,66776
2019-04-24 15:55:00-04:00,48.01,48.025,47.97,47.98,106726
2019-04-25 09:30:00-04:00,47.72,47.73,47.525,47.53,20867
2019-04-25 09:35:00-04:00,47.53,47.655,47.52,47.645,44936
2019-04-25 09:40:00-04:00,47.64,47.66,47.61,47.625,18353
2019-04-25 09:45:00-04:00,47.62,47.7,47.6,47.6,17227
2019-04-25 09:50:00-04:00,47.6,47.64,47.57,47.57,12207
2019-04-25 09:55:00-04:00,47.57,47.63,47.55,47.605,16772
2019-04-25 10:00:00-04:00,47.59,47.63,47.59,47.63,12955
2019-04-25 10:05:00-04:00,47.63,47.69,47.62,47.68,17184
2019-04-25 10:10:00-04:00,47.68,47.705,47.66,47.665,5678
2019-04-25 10:15:00-04:00,47.67,47.695,47.645,47.675,4185
2019-04-25 10:20:00-04:00,47.66,47.68,47.63,47.68,6292
2019-04-25 10:25:00-04:00,47.68,47.69,47.67,47.67,3574
2019-04-25 10:30:00-04:00,47.665,47.67,47.575,47.595,5539
2019-04-25 10:35:00-04:00,47.595,47.64,47.595,47.64,4250
2019-04-25 10:40:00-04:00,47.64,47.705,47.63,47.67,11287
2019-04-25 10:45:00-04:00,47.68,47.72,47.68,47.7,6053
2019-04-25 10:50:00-04:00,47.695,47.695,47.575,47.575,11932
2019-04-25 10:55:00-04:00,47.58,47.62,47.56,47.62,6996
2019-04-25 11:00:00-04:00,47.61,47.655,47.61,47.625,5073
2019-04-25 11:05:00-04:00,47.63,47.635,47.59,47.615,7505
2019-04-25 11:10:00-04:00,47.615,47.63,47.59,47.61,7386
2019-04-25 11:15:00-04:00,47.61,47.61,47.55,47.55,7797
2019-04-25 11:20:00-04:00,47.55,47.58,47.55,47.56,4344
2019-04-25 11:25:00-04:00,47.58,47.59,47.54,47.59,5500
2019-04-25 11:30:00-04:00,47.625,47.675,47.625,47.655,5902
2019-04-25 11:35:00-04:00,47.64,47.65,47.6,47.6,6795
2019-04-25 11:40:00-04:00,47.59,47.6,47.58,47.58,6525
2019-04-25 11:45:00-04:00,47.57,47.62,47.56,47.61,10521
2019-04-25 11:50:00-04:00,47.61,47.65,47.61,47.63,6166
2019-04-25 11:55:00-04:00,47.63,47.63,47.59,47.595,3033
2019-04-25 12:00:00-04:00,47.6,47.63,47.6,47.61,5533
2019-04-25 12:05:00-04:00,47.605,47.63,47.6,47.605,7342
2019-04-25 12:10:00-04:00,47.605,47.615,47.575,47.585,9350
2019-04-25 12:15:00-04:00,47.58,47.585,47.56,47.575,13785
2019-04-25 12:20:00-04:00,47.57,47.595,47.565,47.595,17759
2019-04-25 12:25:00-04:00,47.595,47.61,47.56,47.565,11008
2019-04-25 12:30:00-04:00,47.565,47.585,47.555,47.57,9791
2019-04-25 12:35:00-04:00,47.575,47.59,47.575,47.585,4482
2019-04-25 12:40:00-04:00,47.58,47.585,47.55,47.55,8659
2019-04-25 12:45:00-04:00,47.55,47.575,47.54,47.56,8161
2019-04-25 12:50:00-04:00,47.565,47.57,47.55,47.56,8758
2019-04-25 12:55:00-04:00,47.565,47.565,47.505,47.515,8544
2019-04-25 13:00:00-04:00,47.515,47.52,47.47,47.475,5467
2019-04-25 13:05:00-04:00,47.48,47.52,47.47,47.5,9424
2019-04-25 13:10:00-04:00,47.51,47.515,47.5,47.515,3215
2019-04-25 13:15:00-04:00,47.52,47.53,47.51,47.52,8646
2019-04-25 13:20:00-04:00,47.52,47.53,47.515,47.52,6501
2019-04-25 13:25:00-04:00,47.525,47.55,47.515,47.545,7491
2019-04-25 13:30:00-04:00,47.55,47.57,47.535,47.54,13648
2019-04-25 13:35:00-04:00,47.54,47.55,47.53,47.53,3856
2019-04-25 13:40:00-04:00,47.53,47.54,47.51,47.535,6389
2019-04-25 13:45:00-04:00,47.53,47.53,47.505,47.51,3954
2019-04-25 13:50:00-04:00,47.51,47.52,47.5,47.515,2650
2019-04-25 13:55:00-04:00,47.51,47.52,47.51,47.515,4095
2019-04-25 14:00:00-04:00,47.515,47.58,47.515,47.55,11298
2019-04-25 14:05:00-04:00,47.55,47.58,47.55,47.56,8725
2019-04-25 14:10:00-04:00,47.56,47.56,47.53,47.545,6142
2019-04-25 14:15:00-04:00,47.54,47.565,47.53,47.555,8815
2019-04-25 14:20:00-04:00,47.555,47.6,47.555,47.595,33385
2019-04-25 14:25:00-04:00,47.59,47.595,47.57,47.585,13004
2019-04-25 14:30:00-04:00,47.58,47.595,47.575,47.58,11717
2019-04-25 14:35:00-04:00,47.59,47.615,47.58,47.61,6175
2019-04-25 14:40:00-04:00,47.61,47.645,47.61,47.635,6044
2019-04-25 14:45:00-04:00,47.65,47.665,47.65,47.66,5090
2019-04-25 14:50:00-04:00,47.66,47.69,47.66,47.685,6172
2019-04-25 14:55:00-04:00,47.685,47.71,47.68,47.71,10353
2019-04-25 15:00:00-04:00,47.7,47.73,47.695,47.72,12215
2019-04-25 15:05:00-04:00,47.715,47.73,47.715,47.72,5262
2019-04-25 15:10:00-04:00,47.73,47.73,47.715,47.72,8400
2019-04-25 15:15:00-04:00,47.725,47.735,47.71,47.725,7217
2019-04-25 15:20:00-04:00,47.73,47.76,47.73,47.755,10222
2019-04-25 15:25:00-04:00,47.75,47.78,47.74,47.78,16720
2019-04-25 15:30:00-04:00,47.79,47.805,47.765,47.765,14638
2019-04-25 15:35:00-04:00,47.77,47.775,47.75,47.77,12379
2019-04-25 15:40:00-04:00,47.77,47.8,47.76,47.795,9358
2019-04-25 15:45:00-04:00,47.8,47.83,47.795,47.83,17217
2019-04-25 15:50:00-04:00,47.83,47.85,47.83,47.84,31746
2019-04-25 15:55:00-04:00,47.85,47.89,47.83,47.83,110028
2019-04-26 09:30:00-04:00,48.0,48.14,48.0,48.1,11755
2019-04-26 09:35:00-04:00,48.14,48.19,48.125,48.19,11899
2019-04-26 09:40:00-04:00,48.18,48.34,48.18,48.3,15901
2019-04-26 09:45:00-04:00,48.31,48.32,48.25,48.26,18672
2019-04-26 09:50:00-04:00,48.255,48.26,48.18,48.235,11159
2019-04-26 09:55:00-04:00,48.235,48.3,48.235,48.29,15523
2019-04-26 10:00:00-04:00,48.3,48.33,48.28,48.29,11119
2019-04-26 10:05:00-04:00,48.3,48.3,48.235,48.25,10893
2019-04-26 10:10:00-04:00,48.26,48.31,48.26,48.3,6097
2019-04-26 10:15:00-04:00,48.3,48.34,48.3,48.305,8609
2019-04-26 10:20:00-04:00,48.305,48.32,48.29,48.305,7110
2019-04-26 10:25:00-04:00,48.3,48.34,48.29,48.32,12067
2019-04-26 10:30:00-04:00,48.32,48.32,48.29,48.29,7728
2019-04-26 10:35:00-04:00,48.29,48.29,48.26,48.275,13337
2019-04-26 10:40:00-04:00,48.27,48.27,48.2,48.22,22348
2019-04-26 10:45:00-04:00,48.215,48.26,48.2,48.255,5808
2019-04-26 10:50:00-04:00,48.26,48.34,48.26,48.34,9648
2019-04-26 10:55:00-04:00,48.345,48.345,48.315,48.325,7819
2019-04-26 11:00:00-04:00,48.32,48.325,48.295,48.295,8229
2019-04-26 11:05:00-04:00,48.29,48.35,48.29,48.35,5928
2019-04-26 11:10:00-04:00,48.345,48.45,48.345,48.43,14462
2019-04-26 11:15:00-04:00,48.435,48.445,48.39,48.4,6820
2019-04-26 11:20:00-04:00,48.395,48.42,48.38,48.4,5248
2019-04-26 11:25:00-04:00,48.4,48.41,48.39,48.41,4699
2019-04-26 11:30:00-04:00,48.41,48.42,48.385,48.385,6437
2019-04-26 11:35:00-04:00,48.385,48.39,48.33,48.35,4481
2019-04-26 11:40:00-04:00,48.345,48.375,48.34,48.36,6540
2019-04-26 11:45:00-04:00,48.355,48.355,48.27,48.29,5014
2019-04-26 11:50:00-04:00,48.295,48.3,48.28,48.3,2567
2019-04-26 11:55:00-04:00,48.31,48.32,48.295,48.32,3843
2019-04-26 12:00:00-04:00,48.3,48.31,48.25,48.265,5535
2019-04-26 12:05:00-04:00,48.27,48.275,48.25,48.26,5136
2019-04-26 12:10:00-04:00,48.255,48.26,48.24,48.24,2591
2019-04-26 12:15:00-04:00,48.23,48.23,48.185,48.225,2985
2019-04-26 12:20:00-04:00,48.23,48.23,48.215,48.22,3060
2019-04-26 12:25:00-04:00,48.22,48.225,48.21,48.215,35473
2019-04-26 12:30:00-04:00,48.21,48.22,48.2,48.205,1246
2019-04-26 12:35:00-04:00,48.21,48.22,48.2,48.21,3742
2019-04-26 12:40:00-04:00,48.21,48.22,48.205,48.21,2207
2019-04-26 12:45:00-04:00,48.205,48.205,48.16,48.17,2345
2019-04-26 12:50:00-04:00,48.17,48.22,48.17,48.21,5126
2019-04-26 12:55:00-04:00,48.205,48.22,48.2,48.22,4074
2019-04-26 13:00:00-04:00,48.21,48.25,48.2,48.24,9835
2019-04-26 13:05:00-04:00,48.25,48.25,48.23,48.24,1854
2019-04-26 13:10:00-04:00,48.23,48.235,48.22,48.22,2170
2019-04-26 13:15:00-04:00,48.23,48.23,48.205,48.23,3508
2019-04-26 13:20:00-04:00,48.225,48.23,48.22,48.23,4798
2019-04-26 13:25:00-04:00,48.225,48.26,48.22,48.255,6626
2019-04-26 13:30:00-04:00,48.255,48.295,48.255,48.295,36411
2019-04-26 13:35:00-04:00,48.3,48.305,48.29,48.295,9122
2019-04-26 13:40:00-04:00,48.3,48.33,48.29,48.33,9349
2019-04-26 13:45:00-04:00,48.345,48.35,48.335,48.345,5923
2019-04-26 13:50:00-04:00,48.35,48.35,48.315,48.325,10470
2019-04-26 13:55:00-04:00,48.315,48.315,48.305,48.31,1956
2019-04-26 14:00:00-04:00,48.305,48.31,48.285,48.3,21342
2019-04-26 14:05:00-04:00,48.3,48.355,48.3,48.35,9116
2019-04-26 14:10:00-04:00,48.355,48.355,48.31,48.33,6209
2019-04-26 14:15:00-04:00,48.34,48.34,48.315,48.325,4198
2019-04-26 14:20:00-04:00,48.325,48.325,48.32,48.32,3120
2019-04-26 14:25:00-04:00,48.32,48.33,48.32,48.325,5711
2019-04-26 14:30:00-04:00,48.325,48.325,48.305,48.305,4786
2019-04-26 14:35:00-04:00,48.3,48.305,48.29,48.29,5738
2019-04-26 14:40:00-04:00,48.29,48.37,48.285,48.36,8262
2019-04-26 14:45:00-04:00,48.36,48.39,48.35,48.38,7204
2019-04-26 14:50:00-04:00,48.375,48.375,48.34,48.34,3847
2019-04-26 14:55:00-04:00,48.34,48.36,48.335,48.355,5411
2019-04-26 15:00:00-04:00,48.34,48.39,48.34,48.39,6783
2019-04-26 15:05:00-04:00,48.395,48.41,48.39,48.395,8680
2019-04-26 15:10:00-04:00,48.4,48.4,48.36,48.36,5185
2019-04-26 15:15:00-04:00,48.36,48.39,48.35,48.39,5535
2019-04-26 15:20:00-04:00,48.39,48.395,48.36,48.37,4661
2019-04-26 15:25:00-04:00,48.365,48.39,48.345,48.37,13020
2019-04-26 15:30:00-04:00,48.36,48.39,48.34,48.34,29411
2019-04-26 15:35:00-04:00,48.345,48.36,48.285,48.31,16124
2019-04-26 15:40:00-04:00,48.31,48.33,48.295,48.325,9230
2019-04-26 15:45:00-04:00,48.34,48.34,48.25,48.26,16141
2019-04-26 15:50:00-04:00,48.27,48.28,48.19,48.2,36548
2019-04-26 15:55:00-04:00,48.2,48.265,48.2,48.26,53219
2019-04-29 09:30:00-04:00,48.18,48.24,48.12,48.16,11321
2019-04-29 09:35:00-04:00,48.16,48.23,48.12,48.21,6021
2019-04-29 09:40:00-04:00,48.22,48.24,48.19,48.23,8701
2019-04-29 09:45:00-04:00,48.23,48.28,48.215,48.22,4971
2019-04-29 09:50:00-04:00,48.21,48.28,48.21,48.235,4593
2019-04-29 09:55:00-04:00,48.24,48.28,48.215,48.27,4111
2019-04-29 10:00:00-04:00,48.285,48.285,48.25,48.25,5066
2019-04-29 10:05:00-04:00,48.25,48.315,48.25,48.27,5273
2019-04-29 10:10:00-04:00,48.26,48.26,48.21,48.21,5913
2019-04-29 10:15:00-04:00,48.2,48.25,48.19,48.25,4687
2019-04-29 10:20:00-04:00,48.25,48.26,48.245,48.25,3457
2019-04-29 10:25:00-04:00,48.27,48.29,48.25,48.285,6352
2019-04-29 10:30:00-04:00,48.295,48.355,48.295,48.355,6622
2019-04-29 10:35:00-04:00,48.35,48.37,48.33,48.36,15692
2019-04-29 10:40:00-04:00,48.36,48.365,48.345,48.36,7721
2019-04-29 10:45:00-04:00,48.355,48.355,48.3,48.31,9777
2019-04-29 10:50:00-04:00,48.3,48.34,48.3,48.32,7874
2019-04-29 10:55:00-04:00,48.32,48.35,48.3,48.345,10952
2019-04-29 11:00:00-04:00,48.34,48.39,48.33,48.36,6991
2019-04-29 11:05:00-04:00,48.36,48.37,48.35,48.355,6384
2019-04-29 11:10:00-04:00,48.355,48.36,48.32,48.32,6382
2019-04-29 11:15:00-04:00,48.32,48.32,48.29,48.29,5526
2019-04-29 11:20:00-04:00,48.29,48.33,48.28,48.31,8146
2019-04-29 11:25:00-04:00,48.3,48.31,48.28,48.31,4948
2019-04-29 11:30:00-04:00,48.32,48.35,48.32,48.325,6010
2019-04-29 11:35:00-04:00,48.32,48.33,48.315,48.32,4958
2019-04-29 11:40:00-04:00,48.32,48.33,48.315,48.32,4348
2019-04-29 11:45:00-04:00,48.33,48.33,48.315,48.32,5504
2019-04-29 11:50:00-04:00,48.32,48.335,48.31,48.31,6729
2019-04-29 11:55:00-04:00,48.3,48.32,48.3,48.315,9306
2019-04-29 12:00:00-04:00,48.31,48.36,48.31,48.35,13678
2019-04-29 12:05:00-04:00,48.35,48.365,48.34,48.36,8317
2019-04-29 12:10:00-04:00,48.36,48.405,48.36,48.4,8121
2019-04-29 12:15:00-04:00,48.4,48.415,48.385,48.41,5569
2019-04-29 12:20:00-04:00,48.4,48.41,48.39,48.4,5800
2019-04-29 12:25:00-04:00,48.4,48.4,48.395,48.4,6179
2019-04-29 12:30:00-04:00,48.4,48.445,48.4,48.435,5020
2019-04-29 12:35:00-04:00,48.435,48.445,48.42,48.43,4864
2019-04-29 12:40:00-04:00,48.43,48.43,48.405,48.41,6258
2019-04-29 12:45:00-04:00,48.41,48.415,48.4,48.4,2056
2019-04-29 12:50:00-04:00,48.4,48.4,48.37,48.38,5215
2019-04-29 12:55:00-04:00,48.37,48.37,48.35,48.35,3839
2019-04-29 13:00:00-04:00,48.34,48.345,48.325,48.33,5009
2019-04-29 13:05:00-04:00,48.335,48.35,48.32,48.32,5729
2019-04-29 13:10:00-04:00,48.32,48.335,48.32,48.325,3281
2019-04-29 13:15:00-04:00,48.33,48.33,48.3,48.3,6575
2019-04-29 13:20:00-04:00,48.305,48.32,48.3,48.32,4981
2019-04-29 13:25:00-04:00,48.31,48.34,48.31,48.33,4906
2019-04-29 13:30:00-04:00,48.32,48.33,48.32,48.325,6018
2019-04-29 13:35:00-04:00,48.325,48.325,48.25,48.25,10864
2019-04-29 13:40:00-04:00,48.24,48.265,48.24,48.265,6631
2019-04-29 13:45:00-04:00,48.265,48.3,48.265,48.3,9263
2019-04-29 13:50:00-04:00,48.295,48.31,48.29,48.29,9597
2019-04-29 13:55:00-04:00,48.3,48.31,48.29,48.29,9450
2019-04-29 14:00:00-04:00,48.285,48.285,48.235,48.26,11631
2019-04-29 14:05:00-04:00,48.265,48.265,48.25,48.26,3992
2019-04-29 14:10:00-04:00,48.26,48.285,48.255,48.26,8263
2019-04-29 14:15:00-04:00,48.25,48.275,48.25,48.26,5967
2019-04-29 14:20:00-04:00,48.26,48.28,48.255,48.26,8493
2019-04-29 14:25:00-04:00,48.27,48.27,48.24,48.25,5432
2019-04-29 14:30:00-04:00,48.25,48.255,48.225,48.24,8751
2019-04-29 14:35:00-04:00,48.24,48.24,48.23,48.235,5470
2019-04-29 14:40:00-04:00,48.23,48.245,48.22,48.24,9884
2019-04-29 14:45:00-04:00,48.24,48.25,48.235,48.245,4895
2019-04-29 14:50:00-04:00,48.245,48.27,48.245,48.265,6471
2019-04-29 14:55:00-04:00,48.26,48.265,48.235,48.24,10874
2019-04-29 15:00:00-04:00,48.25,48.29,48.25,48.28,4866
2019-04-29 15:05:00-04:00,48.28,48.29,48.28,48.28,6543
2019-04-29 15:10:00-04:00,48.27,48.32,48.27,48.31,9744
2019-04-29 15:15:00-04:00,48.31,48.325,48.3,48.325,7067
2019-04-29 15:20:00-04:00,48.325,48.33,48.31,48.33,10714
2019-04-29 15:25:00-04:00,48.33,48.34,48.33,48.34,4830
2019-04-29 15:30:00-04:00,48.34,48.35,48.32,48.33,10277
2019-04-29 15:35:00-04:00,48.34,48.36,48.34,48.355,7222
2019-04-29 15:40:00-04:00,48.355,48.375,48.355,48.36,10055
2019-04-29 15:45:00-04:00,48.36,48.37,48.33,48.36,21961
2019-04-29 15:50:00-04:00,48.355,48.38,48.34,48.365,29337
2019-04-29 15:55:00-04:00,48.37,48.43,48.365,48.42,71064
2019-04-30 09:25:00-04:00,48.51,48.51,48.51,48.51,400
2019-04-30 09:30:00-04:00,48.55,48.55,48.44,48.5,14962
2019-04-30 09:35:00-04:00,48.53,48.54,48.39,48.45,8016
2019-04-30 09:40:00-04:00,48.46,48.535,48.46,48.51,7937
2019-04-30 09:45:00-04:00,48.5,48.53,48.5,48.51,7248
2019-04-30 09:50:00-04:00,48.52,48.58,48.51,48.58,9944
2019-04-30 09:55:00-04:00,48.57,48.64,48.57,48.64,8803
2019-04-30 10:00:00-04:00,48.64,48.69,48.63,48.69,16405
2019-04-30 10:05:00-04:00,48.695,48.81,48.68,48.81,14115
2019-04-30 10:10:00-04:00,48.8,48.9,48.8,48.88,24432
2019-04-30 10:15:00-04:00,48.87,48.87,48.8,48.855,17469
2019-04-30 10:20:00-04:00,48.855,48.86,48.82,48.86,7468
2019-04-30 10:25:00-04:00,48.875,48.88,48.85,48.88,7065
2019-04-30 10:30:00-04:00,48.895,48.9,48.88,48.895,14388
2019-04-30 10:35:00-04:00,48.89,48.93,48.88,48.92,16700
2019-04-30 10:40:00-04:00,48.92,48.95,48.91,48.93,5094
2019-04-30 10:45:00-04:00,48.94,48.97,48.94,48.96,7261
2019-04-30 10:50:00-04:00,48.97,48.98,48.96,48.98,2565
2019-04-30 10:55:00-04:00,48.98,48.985,48.97,48.985,7344
2019-04-30 11:00:00-04:00,48.98,49.02,48.97,49.0,14554
2019-04-30 11:05:00-04:00,49.0,49.0,48.91,48.95,11783
2019-04-30 11:10:00-04:00,48.955,48.98,48.95,48.98,6377
2019-04-30 11:15:00-04:00,48.97,48.98,48.95,48.955,4811
2019-04-30 11:20:00-04:00,48.965,48.975,48.92,48.93,7260
2019-04-30 11:25:00-04:00,48.93,48.975,48.93,48.97,4643
2019-04-30 11:30:00-04:00,48.98,49.045,48.98,49.01,10791
2019-04-30 11:35:00-04:00,49.04,49.12,49.04,49.1,8714
2019-04-30 11:40:00-04:00,49.11,49.13,49.11,49.125,5701
2019-04-30 11:45:00-04:00,49.125,49.15,49.12,49.14,10414
2019-04-30 11:50:00-04:00,49.14,49.18,49.135,49.15,17905
2019-04-30 11:55:00-04:00,49.16,49.16,49.05,49.05,7785
2019-04-30 12:00:00-04:00,49.06,49.08,49.04,49.05,15027
2019-04-30 12:05:00-04:00,49.04,49.04,49.02,49.02,4269
2019-04-30 12:10:00-04:00,49.01,49.02,48.99,48.995,20512
2019-04-30 12:15:00-04:00,49.0,49.02,48.96,48.97,13240
2019-04-30 12:20:00-04:00,48.96,48.985,48.96,48.97,5395
2019-04-30 12:25:00-04:00,48.98,48.98,48.97,48.98,13683
2019-04-30 12:30:00-04:00,48.98,48.99,48.98,48.99,8953
2019-04-30 12:35:00-04:00,48.99,48.99,48.98,48.99,11843
2019-04-30 12:40:00-04:00,48.99,48.995,48.99,48.99,7854
2019-04-30 12:45:00-04:00,48.99,48.99,48.92,48.96,9444
2019-04-30 12:50:00-04:00,48.95,48.97,48.93,48.96,5977
2019-04-30 12:55:00-04:00,48.97,48.97,48.92,48.94,7966
2019-04-30 13:00:00-04:00,48.93,48.96,48.93,48.94,3570
2019-04-30 13:05:00-04:00,48.93,48.935,48.92,48.92,129534
2019-04-30 13:10:00-04:00,48.935,48.995,48.93,48.99,5561
2019-04-30 13:15:00-04:00,48.99,49.05,48.99,49.05,6387
2019-04-30 13:20:00-04:00,49.07,49.07,49.06,49.07,2499
2019-04-30 13:25:00-04:00,49.06,49.065,49.02,49.04,17150
2019-04-30 13:30:00-04:00,49.04,49.07,49.025,49.07,19786
2019-04-30 13:35:00-04:00,49.065,49.09,49.04,49.09,17048
2019-04-30 13:40:00-04:00,49.1,49.135,49.09,49.13,10822
2019-04-30 13:45:00-04:00,49.14,49.14,49.11,49.11,19430
2019-04-30 13:50:00-04:00,49.11,49.135,49.05,49.05,20736
2019-04-30 13:55:00-04:00,49.06,49.1,49.04,49.07,14181
2019-04-30 14:00:00-04:00,49.09,49.15,49.09,49.11,10458
2019-04-30 14:05:00-04:00,49.12,49.14,49.09,49.11,15619
2019-04-30 14:10:00-04:00,49.1,49.11,49.06,49.1,11625
2019-04-30 14:15:00-04:00,49.11,49.14,49.1,49.13,3952
2019-04-30 14:20:00-04:00,49.125,49.13,49.09,49.1,5271
2019-04-30 14:25:00-04:00,49.1,49.12,49.095,49.115,5613
2019-04-30 14:30:00-04:00,49.12,49.12,49.065,49.07,10168
2019-04-30 14:35:00-04:00,49.075,49.12,49.065,49.11,23177
2019-04-30 14:40:00-04:00,49.12,49.14,49.11,49.135,8718
2019-04-30 14:45:00-04:00,49.135,49.135,49.05,49.075,19629
2019-04-30 14:50:00-04:00,49.07,49.08,49.06,49.07,17736
2019-04-30 14:55:00-04:00,49.07,49.08,49.04,49.08,11845
2019-04-30 15:00:00-04:00,49.09,49.1,49.07,49.1,8033
2019-04-30 15:05:00-04:00,49.105,49.11,49.09,49.105,7935
2019-04-30 15:10:00-04:00,49.11,49.115,49.07,49.095,28775
2019-04-30 15:15:00-04:00,49.1,49.11,49.09,49.1,8531
2019-04-30 15:20:00-04:00,49.1,49.11,49.085,49.1,51134
2019-04-30 15:25:00-04:00,49.1,49.1,49.06,49.075,25413
2019-04-30 15:30:00-04:00,49.075,49.08,49.02,49.05,34015
2019-04-30 15:35:00-04:00,49.05,49.06,49.01,49.045,27206
2019-04-30 15:40:00-04:00,49.045,49.06,49.03,49.05,25135
2019-04-30 15:45:00-04:00,49.05,49.055,49.015,49.05,70809
2019-04-30 15:50:00-04:00,49.045,49.06,49.03,49.06,59956
2019-04-30 15:55:00-04:00,49.06,49.08,49.04,49.04,199730
2019-05-01 09:30:00-04:00,48.9,49.0,48.9,48.99,8408
2019-05-01 09:35:00-04:00,48.99,49.01,48.91,48.92,9176
2019-05-01 09:40:00-04:00,48.91,48.91,48.83,48.85,3639
2019-05-01 09:45:00-04:00,48.84,48.92,48.83,48.92,6166
2019-05-01 09:50:00-04:00,48.91,48.93,48.9,48.92,10634
2019-05-01 09:55:00-04:00,48.91,48.92,48.88,48.88,7789
2019-05-01 10:00:00-04:00,48.87,48.94,48.84,48.94,17341
2019-05-01 10:05:00-04:00,48.94,48.975,48.91,48.975,9178
2019-05-01 10:10:00-04:00,48.97,49.01,48.93,48.94,8775
2019-05-01 10:15:00-04:00,48.94,49.02,48.94,49.0,12625
2019-05-01 10:20:00-04:00,49.015,49.05,49.01,49.05,14461
2019-05-01 10:25:00-04:00,49.07,49.07,49.03,49.04,11348
2019-05-01 10:30:00-04:00,49.04,49.075,49.035,49.035,9288
2019-05-01 10:35:00-04:00,49.04,49.05,49.03,49.03,9183
2019-05-01 10:40:00-04:00,49.03,49.03,48.95,48.96,10309
2019-05-01 10:45:00-04:00,48.97,48.97,48.945,48.95,7356
2019-05-01 10:50:00-04:00,48.95,48.97,48.95,48.965,7291
2019-05-01 10:55:00-04:00,48.96,48.96,48.94,48.96,5363
2019-05-01 11:00:00-04:00,48.97,48.97,48.95,48.955,7556
2019-05-01 11:05:00-04:00,48.95,48.965,48.95,48.96,7152
2019-05-01 11:10:00-04:00,48.97,48.97,48.955,48.97,5497
2019-05-01 11:15:00-04:00,48.97,49.01,48.965,49.0,7229
2019-05-01 11:20:00-04:00,49.005,49.04,49.005,49.02,6167
2019-05-01 11:25:00-04:00,49.03,49.05,49.02,49.02,4867
2019-05-01 11:30:00-04:00,49.02,49.03,49.02,49.02,2748
2019-05-01 11:35:00-04:00,49.025,49.03,49.0,49.03,6783
2019-05-01 11:40:00-04:00,49.02,49.04,49.01,49.02,8327
2019-05-01 11:45:00-04:00,49.03,49.03,49.01,49.02,8668
2019-05-01 11:50:00-04:00,49.02,49.04,49.02,49.03,4130
2019-05-01 11:55:00-04:00,49.02,49.03,49.015,49.03,10217
2019-05-01 12:00:00-04:00,49.02,49.03,49.01,49.02,7514
2019-05-01 12:05:00-04:00,49.02,49.03,48.97,48.97,9926
2019-05-01 12:10:00-04:00,48.98,48.98,48.95,48.97,5496
2019-05-01 12:15:00-04:00,48.97,49.0,48.95,48.95,3775
2019-05-01 12:20:00-04:00,48.95,48.97,48.94,48.95,4256
2019-05-01 12:25:00-04:00,48.95,48.985,48.95,48.98,5439
2019-05-01 12:30:00-04:00,48.97,48.975,48.96,48.97,5589
2019-05-01 12:35:00-04:00,48.97,48.97,48.95,48.96,6774
2019-05-01 12:40:00-04:00,48.96,48.97,48.95,48.97,7006
2019-05-01 12:45:00-04:00,48.97,48.98,48.95,48.97,4424
2019-05-01 12:50:00-04:00,48.98,48.98,48.93,48.94,9327
2019-05-01 12:55:00-04:00,48.93,48.975,48.93,48.97,2420
2019-05-01 13:00:00-04:00,48.97,49.03,48.97,48.97,4599
2019-05-01 13:05:00-04:00,48.98,48.99,48.96,48.96,2594
2019-05-01 13:10:00-04:00,48.96,48.965,48.94,48.95,5332
2019-05-01 13:15:00-04:00,48.955,48.955,48.95,48.955,3523
2019-05-01 13:20:00-04:00,48.94,48.94,48.91,48.91,3194
2019-05-01 13:25:00-04:00,48.91,48.91,48.89,48.91,2354
2019-05-01 13:30:00-04:00,48.91,48.92,48.885,48.885,40922
2019-05-01 13:35:00-04:00,48.89,48.92,48.89,48.9,4861
2019-05-01 13:40:00-04:00,48.905,48.905,48.89,48.89,2857
2019-05-01 13:45:00-04:00,48.9,48.9,48.89,48.895,2586
2019-05-01 13:50:00-04:00,48.895,48.895,48.88,48.89,2744
2019-05-01 13:55:00-04:00,48.89,48.89,48.88,48.89,6431
2019-05-01 14:00:00-04:00,48.89,48.985,48.89,48.98,9448
2019-05-01 14:05:00-04:00,48.97,48.99,48.96,48.96,4228
2019-05-01 14:10:00-04:00,48.96,48.965,48.9,48.915,5472
2019-05-01 14:15:00-04:00,48.915,48.95,48.91,48.94,8160
2019-05-01 14:20:00-04:00,48.945,48.945,48.89,48.9,8883
2019-05-01 14:25:00-04:00,48.9,48.905,48.88,48.88,4731
2019-05-01 14:30:00-04:00,48.88,48.9,48.85,48.86,10999
2019-05-01 14:35:00-04:00,48.84,48.84,48.63,48.63,14873
2019-05-01 14:40:00-04:00,48.63,48.655,48.61,48.63,9247
2019-05-01 14:45:00-04:00,48.63,48.69,48.62,48.69,9282
2019-05-01 14:50:00-04:00,48.7,48.765,48.68,48.75,18417
2019-05-01 14:55:00-04:00,48.76,48.765,48.73,48.74,15845
2019-05-01 15:00:00-04:00,48.73,48.73,48.66,48.7,10979
2019-05-01 15:05:00-04:00,48.705,48.73,48.67,48.72,5452
2019-05-01 15:10:00-04:00,48.725,48.755,48.71,48.755,9721
2019-05-01 15:15:00-04:00,48.74,48.78,48.74,48.78,22503
2019-05-01 15:20:00-04:00,48.77,48.77,48.71,48.71,9128
2019-05-01 15:25:00-04:00,48.715,48.75,48.69,48.72,9462
2019-05-01 15:30:00-04:00,48.71,48.72,48.68,48.68,12576
2019-05-01 15:35:00-04:00,48.68,48.71,48.68,48.69,15833
2019-05-01 15:40:00-04:00,48.68,48.69,48.66,48.67,11858
2019-05-01 15:45:00-04:00,48.66,48.665,48.61,48.65,26602
2019-05-01 15:50:00-04:00,48.65,48.65,48.57,48.57,34799
2019-05-01 15:55:00-04:00,48.58,48.655,48.55,48.58,111023
2019-05-02 09:30:00-04:00,48.58,48.755,48.43,48.62,8881
2019-05-02 09:35:00-04:00,48.66,48.68,48.55,48.58,6476
2019-05-02 09:40:00-04:00,48.55,48.6,48.52,48.535,4809
2019-05-02 09:45:00-04:00,48.53,48.53,48.48,48.485,7573
2019-05-02 09:50:00-04:00,48.45,48.5,48.45,48.485,9011
2019-05-02 09:55:00-04:00,48.47,48.47,48.43,48.445,4808
2019-05-02 10:00:00-04:00,48.45,48.47,48.415,48.425,4674
2019-05-02 10:05:00-04:00,48.44,48.485,48.44,48.46,5143
2019-05-02 10:10:00-04:00,48.45,48.565,48.44,48.55,5904
2019-05-02 10:15:00-04:00,48.55,48.64,48.55,48.63,8996
2019-05-02 10:20:00-04:00,48.63,48.635,48.555,48.56,6114
2019-05-02 10:25:00-04:00,48.565,48.59,48.515,48.535,5572
2019-05-02 10:30:00-04:00,48.53,48.53,48.49,48.505,4312
2019-05-02 10:35:00-04:00,48.495,48.535,48.495,48.53,3601
2019-05-02 10:40:00-04:00,48.52,48.555,48.52,48.54,6825
2019-05-02 10:45:00-04:00,48.54,48.56,48.52,48.555,5101
2019-05-02 10:50:00-04:00,48.55,48.56,48.53,48.55,5245
2019-05-02 10:55:00-04:00,48.555,48.62,48.555,48.615,24451
2019-05-02 11:00:00-04:00,48.61,48.71,48.61,48.66,10261
2019-05-02 11:05:00-04:00,48.65,48.655,48.57,48.59,6697
2019-05-02 11:10:00-04:00,48.59,48.59,48.57,48.57,4914
2019-05-02 11:15:00-04:00,48.57,48.6,48.57,48.59,4326
2019-05-02 11:20:00-04:00,48.59,48.59,48.52,48.53,4456
2019-05-02 11:25:00-04:00,48.54,48.56,48.52,48.54,6539
2019-05-02 11:30:00-04:00,48.55,48.55,48.49,48.49,3177
2019-05-02 11:35:00-04:00,48.5,48.53,48.46,48.475,7993
2019-05-02 11:40:00-04:00,48.47,48.51,48.46,48.46,9978
2019-05-02 11:45:00-04:00,48.46,48.46,48.38,48.4,13890
2019-05-02 11:50:00-04:00,48.39,48.41,48.34,48.35,10166
2019-05-02 11:55:00-04:00,48.345,48.4,48.335,48.4,11170
2019-05-02 12:00:00-04:00,48.4,48.4,48.33,48.35,7517
2019-05-02 12:05:00-04:00,48.35,48.355,48.31,48.32,4729
2019-05-02 12:10:00-04:00,48.33,48.385,48.31,48.37,6615
2019-05-02 12:15:00-04:00,48.37,48.38,48.35,48.36,4095
2019-05-02 12:20:00-04:00,48.37,48.39,48.36,48.36,3305
2019-05-02 12:25:00-04:00,48.365,48.37,48.34,48.35,5307
2019-05-02 12:30:00-04:00,48.36,48.36,48.33,48.34,3204
2019-05-02 12:35:00-04:00,48.33,48.35,48.33,48.33,2938
2019-05-02 12:40:00-04:00,48.31,48.32,48.27,48.27,3514
2019-05-02 12:45:00-04:00,48.27,48.32,48.27,48.32,2920
2019-05-02 12:50:00-04:00,48.32,48.325,48.28,48.32,5565
2019-05-02 12:55:00-04:00,48.32,48.33,48.3,48.32,4415
2019-05-02 13:00:00-04:00,48.33,48.33,48.28,48.28,4017
2019-05-02 13:05:00-04:00,48.3,48.36,48.29,48.36,2938
2019-05-02 13:10:00-04:00,48.36,48.395,48.34,48.37,6042
2019-05-02 13:15:00-04:00,48.38,48.44,48.38,48.42,5196
2019-05-02 13:20:00-04:00,48.43,48.44,48.42,48.42,1066
2019-05-02 13:25:00-04:00,48.41,48.43,48.395,48.4,1838
2019-05-02 13:30:00-04:00,48.4,48.415,48.38,48.4,13487
2019-05-02 13:35:00-04:00,48.4,48.42,48.38,48.4,2152
2019-05-02 13:40:00-04:00,48.41,48.42,48.4,48.41,5643
2019-05-02 13:45:00-04:00,48.41,48.43,48.4,48.41,7438
2019-05-02 13:50:00-04:00,48.41,48.43,48.395,48.395,3958
2019-05-02 13:55:00-04:00,48.39,48.42,48.38,48.4,4905
2019-05-02 14:00:00-04:00,48.4,48.43,48.38,48.43,3900
2019-05-02 14:05:00-04:00,48.42,48.42,48.4,48.4,3635
2019-05-02 14:10:00-04:00,48.41,48.43,48.38,48.43,2473
2019-05-02 14:15:00-04:00,48.43,48.43,48.39,48.39,4054
2019-05-02 14:20:00-04:00,48.39,48.425,48.39,48.42,3283
2019-05-02 14:25:00-04:00,48.41,48.45,48.4,48.43,3398
2019-05-02 14:30:00-04:00,48.44,48.485,48.44,48.48,5620
2019-05-02 14:35:00-04:00,48.47,48.52,48.47,48.51,6732
2019-05-02 14:40:00-04:00,48.515,48.52,48.49,48.5,7057
2019-05-02 14:45:00-04:00,48.505,48.51,48.44,48.46,6506
2019-05-02 14:50:00-04:00,48.45,48.46,48.42,48.46,5364
2019-05-02 14:55:00-04:00,48.45,48.49,48.45,48.47,3668
2019-05-02 15:00:00-04:00,48.465,48.49,48.455,48.46,3576
2019-05-02 15:05:00-04:00,48.465,48.465,48.44,48.44,4700
2019-05-02 15:10:00-04:00,48.44,48.47,48.44,48.45,5919
2019-05-02 15:15:00-04:00,48.45,48.47,48.44,48.47,4777
2019-05-02 15:20:00-04:00,48.46,48.49,48.46,48.475,4930
2019-05-02 15:25:00-04:00,48.47,48.48,48.47,48.475,3723
2019-05-02 15:30:00-04:00,48.47,48.52,48.47,48.49,8623
2019-05-02 15:35:00-04:00,48.48,48.49,48.455,48.46,4699
2019-05-02 15:40:00-04:00,48.46,48.46,48.435,48.46,23443
2019-05-02 15:45:00-04:00,48.45,48.47,48.42,48.45,16494
2019-05-02 15:50:00-04:00,48.45,48.5,48.45,48.49,23320
2019-05-02 15:55:00-04:00,48.5,48.51,48.39,48.4,72632
2019-05-03 09:30:00-04:00,48.55,48.64,48.54,48.62,2383
2019-05-03 09:35:00-04:00,48.63,48.76,48.62,48.715,10945
2019-05-03 09:40:00-04:00,48.72,48.755,48.68,48.68,5521
2019-05-03 09:45:00-04:00,48.685,48.74,48.62,48.74,4965
2019-05-03 09:50:00-04:00,48.73,48.76,48.72,48.76,3275
2019-05-03 09:55:00-04:00,48.745,48.755,48.7,48.725,6704
2019-05-03 10:00:00-04:00,48.73,48.855,48.73,48.845,5067
2019-05-03 10:05:00-04:00,48.84,48.84,48.79,48.795,6346
2019-05-03 10:10:00-04:00,48.81,48.81,48.73,48.75,5273
2019-05-03 10:15:00-04:00,48.74,48.8,48.7,48.7,4496
2019-05-03 10:20:00-04:00,48.725,48.725,48.68,48.69,5473
2019-05-03 10:25:00-04:00,48.68,48.69,48.64,48.685,5669
2019-05-03 10:30:00-04:00,48.7,48.74,48.69,48.725,3713
2019-05-03 10:35:00-04:00,48.72,48.755,48.71,48.745,2876
2019-05-03 10:40:00-04:00,48.745,48.79,48.73,48.79,3585
2019-05-03 10:45:00-04:00,48.81,48.84,48.795,48.82,3589
2019-05-03 10:50:00-04:00,48.825,48.83,48.79,48.79,3884
2019-05-03 10:55:00-04:00,48.785,48.83,48.78,48.83,5766
2019-05-03 11:00:00-04:00,48.85,48.9,48.85,48.895,5119
2019-05-03 11:05:00-04:00,48.88,48.91,48.85,48.855,10643
2019-05-03 11:10:00-04:00,48.865,48.89,48.86,48.87,3302
2019-05-03 11:15:00-04:00,48.87,48.87,48.83,48.83,9719
2019-05-03 11:20:00-04:00,48.835,48.835,48.79,48.79,7251
2019-05-03 11:25:00-04:00,48.79,48.83,48.77,48.8,7277
2019-05-03 11:30:00-04:00,48.83,48.85,48.765,48.795,7618
2019-05-03 11:35:00-04:00,48.79,48.815,48.78,48.79,2680
2019-05-03 11:40:00-04:00,48.795,48.83,48.795,48.83,2308
2019-05-03 11:45:00-04:00,48.84,48.84,48.81,48.815,2248
2019-05-03 11:50:00-04:00,48.815,48.875,48.815,48.875,4059
2019-05-03 11:55:00-04:00,48.87,48.92,48.86,48.915,7012
2019-05-03 12:00:00-04:00,48.91,48.93,48.91,48.925,1825
2019-05-03 12:05:00-04:00,48.94,48.96,48.925,48.95,3526
2019-05-03 12:10:00-04:00,48.945,48.945,48.92,48.93,2040
2019-05-03 12:15:00-04:00,48.94,48.94,48.92,48.92,1453
2019-05-03 12:20:00-04:00,48.93,48.93,48.92,48.92,1112
2019-05-03 12:25:00-04:00,48.925,48.94,48.92,48.92,1779
2019-05-03 12:30:00-04:00,48.94,48.94,48.9,48.92,3769
2019-05-03 12:35:00-04:00,48.93,48.93,48.88,48.88,2458
2019-05-03 12:40:00-04:00,48.885,48.89,48.88,48.88,1101
2019-05-03 12:45:00-04:00,48.88,48.89,48.85,48.85,2400
2019-05-03 12:50:00-04:00,48.85,48.85,48.815,48.83,2681
2019-05-03 12:55:00-04:00,48.83,48.85,48.82,48.83,2336
2019-05-03 13:00:00-04:00,48.835,48.835,48.79,48.79,54961
2019-05-03 13:05:00-04:00,48.79,48.81,48.78,48.79,3245
2019-05-03 13:10:00-04:00,48.8,48.845,48.8,48.835,2078
2019-05-03 13:15:00-04:00,48.845,48.85,48.83,48.85,1960
2019-05-03 13:20:00-04:00,48.845,48.85,48.82,48.83,2304
2019-05-03 13:25:00-04:00,48.83,48.84,48.83,48.83,1516
2019-05-03 13:30:00-04:00,48.82,48.835,48.805,48.835,24549
2019-05-03 13:35:00-04:00,48.825,48.83,48.81,48.82,2402
2019-05-03 13:40:00-04:00,48.825,48.83,48.8,48.8,3660
2019-05-03 13:45:00-04:00,48.79,48.795,48.775,48.775,4141
2019-05-03 13:50:00-04:00,48.775,48.775,48.745,48.75,4923
2019-05-03 13:55:00-04:00,48.75,48.77,48.745,48.745,4837
2019-05-03 14:00:00-04:00,48.74,48.745,48.705,48.705,8281
2019-05-03 14:05:00-04:00,48.705,48.72,48.695,48.71,5656
2019-05-03 14:10:00-04:00,48.705,48.705,48.68,48.7,5202
2019-05-03 14:15:00-04:00,48.7,48.715,48.69,48.71,4747
2019-05-03 14:20:00-04:00,48.71,48.735,48.71,48.735,3108
2019-05-03 14:25:00-04:00,48.74,48.78,48.73,48.77,5442
2019-05-03 14:30:00-04:00,48.77,48.795,48.77,48.79,4291
2019-05-03 14:35:00-04:00,48.8,48.805,48.78,48.8,2631
2019-05-03 14:40:00-04:00,48.81,48.84,48.81,48.84,2655
2019-05-03 14:45:00-04:00,48.85,48.86,48.84,48.86,3983
2019-05-03 14:50:00-04:00,48.86,48.86,48.8,48.8,2583
2019-05-03 14:55:00-04:00,48.805,48.81,48.79,48.805,3590
2019-05-03 15:00:00-04:00,48.8,48.8,48.77,48.79,3254
2019-05-03 15:05:00-04:00,48.79,48.815,48.78,48.805,3388
2019-05-03 15:10:00-04:00,48.81,48.815,48.79,48.81,6194
2019-05-03 15:15:00-04:00,48.8,48.82,48.8,48.81,5519
2019-05-03 15:20:00-04:00,48.815,48.84,48.785,48.84,6754
2019-05-03 15:25:00-04:00,48.835,48.84,48.8,48.805,3839
2019-05-03 15:30:00-04:00,48.79,48.81,48.775,48.79,7843
2019-05-03 15:35:00-04:00,48.78,48.795,48.765,48.795,7027
2019-05-03 15:40:00-04:00,48.79,48.82,48.77,48.82,20036
2019-05-03 15:45:00-04:00,48.82,48.85,48.82,48.835,17564
2019-05-03 15:50:00-04:00,48.84,48.85,48.79,48.8,18490
2019-05-03 15:55:00-04:00,48.81,48.835,48.72,48.73,73087
2019-05-06 09:25:00-04:00,48.25,48.25,48.17,48.17,985
2019-05-06 09:30:00-04:00,48.301,48.61,48.26,48.59,13951
2019-05-06 09:35:00-04:00,48.6,48.6,48.44,48.48,4555
2019-05-06 09:40:00-04:00,48.49,48.52,48.38,48.38,15537
2019-05-06 09:45:00-04:00,48.38,48.52,48.33,48.505,12597
2019-05-06 09:50:00-04:00,48.51,48.6,48.51,48.56,8064
2019-05-06 09:55:00-04:00,48.565,48.565,48.52,48.55,8156
2019-05-06 10:00:00-04:00,48.55,48.565,48.52,48.52,5566
2019-05-06 10:05:00-04:00,48.52,48.55,48.52,48.53,3157
2019-05-06 10:10:00-04:00,48.52,48.525,48.48,48.48,21214
2019-05-06 10:15:00-04:00,48.49,48.505,48.46,48.5,7268
2019-05-06 10:20:00-04:00,48.49,48.525,48.46,48.47,7547
2019-05-06 10:25:00-04:00,48.47,48.49,48.46,48.48,8167
2019-05-06 10:30:00-04:00,48.48,48.495,48.47,48.48,3941
2019-05-06 10:35:00-04:00,48.49,48.495,48.48,48.485,4871
2019-05-06 10:40:00-04:00,48.485,48.505,48.48,48.5,3624
2019-05-06 10:45:00-04:00,48.49,48.555,48.49,48.54,5001
2019-05-06 10:50:00-04:00,48.54,48.54,48.47,48.47,12891
2019-05-06 10:55:00-04:00,48.47,48.48,48.42,48.43,13779
2019-05-06 11:00:00-04:00,48.43,48.49,48.43,48.49,4008
2019-05-06 11:05:00-04:00,48.49,48.51,48.49,48.51,3775
2019-05-06 11:10:00-04:00,48.5,48.52,48.46,48.47,5331
2019-05-06 11:15:00-04:00,48.475,48.48,48.45,48.47,5005
2019-05-06 11:20:00-04:00,48.46,48.47,48.43,48.445,5657
2019-05-06 11:25:00-04:00,48.45,48.47,48.42,48.42,6669
2019-05-06 11:30:00-04:00,48.43,48.43,48.34,48.345,6841
2019-05-06 11:35:00-04:00,48.36,48.425,48.355,48.41,2233
2019-05-06 11:40:00-04:00,48.41,48.43,48.4,48.41,3260
2019-05-06 11:45:00-04:00,48.41,48.44,48.41,48.415,4310
2019-05-06 11:50:00-04:00,48.42,48.42,48.4,48.4,4136
2019-05-06 11:55:00-04:00,48.41,48.41,48.35,48.35,4025
2019-05-06 12:00:00-04:00,48.36,48.36,48.33,48.35,4259
2019-05-06 12:05:00-04:00,48.35,48.365,48.35,48.36,2209
2019-05-06 12:10:00-04:00,48.37,48.38,48.35,48.38,1061
2019-05-06 12:15:00-04:00,48.38,48.39,48.36,48.39,3458
2019-05-06 12:20:00-04:00,48.4,48.41,48.37,48.4,2122
2019-05-06 12:25:00-04:00,48.39,48.415,48.39,48.41,2235
2019-05-06 12:30:00-04:00,48.4,48.4,48.38,48.39,2286
2019-05-06 12:35:00-04:00,48.385,48.39,48.36,48.365,2881
2019-05-06 12:40:00-04:00,48.37,48.39,48.36,48.38,6250
2019-05-06 12:45:00-04:00,48.38,48.42,48.37,48.41,5700
2019-05-06 12:50:00-04:00,48.41,48.47,48.41,48.47,12636
2019-05-06 12:55:00-04:00,48.46,48.475,48.44,48.44,3769
2019-05-06 13:00:00-04:00,48.43,48.445,48.425,48.435,1405
2019-05-06 13:05:00-04:00,48.44,48.49,48.44,48.49,998
2019-05-06 13:10:00-04:00,48.48,48.48,48.46,48.475,2895
2019-05-06 13:15:00-04:00,48.46,48.46,48.44,48.44,3309
2019-05-06 13:20:00-04:00,48.45,48.45,48.42,48.42,5489
2019-05-06 13:25:00-04:00,48.43,48.44,48.43,48.43,12503
2019-05-06 13:30:00-04:00,48.43,48.43,48.405,48.41,16613
2019-05-06 13:35:00-04:00,48.405,48.41,48.39,48.4,8234
2019-05-06 13:40:00-04:00,48.4,48.4,48.37,48.37,4664
2019-05-06 13:45:00-04:00,48.38,48.405,48.37,48.405,12571
2019-05-06 13:50:00-04:00,48.4,48.415,48.37,48.41,7025
2019-05-06 13:55:00-04:00,48.415,48.42,48.41,48.42,4757
2019-05-06 14:00:00-04:00,48.44,48.45,48.43,48.43,2076
2019-05-06 14:05:00-04:00,48.41,48.445,48.41,48.44,1312
2019-05-06 14:10:00-04:00,48.445,48.45,48.43,48.44,900
2019-05-06 14:15:00-04:00,48.43,48.445,48.43,48.44,1165
2019-05-06 14:20:00-04:00,48.45,48.46,48.44,48.44,1495
2019-05-06 14:25:00-04:00,48.45,48.45,48.43,48.435,1794
2019-05-06 14:30:00-04:00,48.43,48.455,48.43,48.45,4829
2019-05-06 14:35:00-04:00,48.45,48.46,48.44,48.44,2220
2019-05-06 14:40:00-04:00,48.45,48.48,48.45,48.48,1592
2019-05-06 14:45:00-04:00,48.5,48.51,48.495,48.495,5055
2019-05-06 14:50:00-04:00,48.495,48.51,48.48,48.49,10934
2019-05-06 14:55:00-04:00,48.51,48.51,48.47,48.485,9485
2019-05-06 15:00:00-04:00,48.49,48.5,48.49,48.495,12610
2019-05-06 15:05:00-04:00,48.495,48.505,48.47,48.48,11739
2019-05-06 15:10:00-04:00,48.49,48.5,48.47,48.495,10177
2019-05-06 15:15:00-04:00,48.5,48.52,48.5,48.52,8856
2019-05-06 15:20:00-04:00,48.53,48.54,48.52,48.535,13102
2019-05-06 15:25:00-04:00,48.53,48.565,48.53,48.555,12525
2019-05-06 15:30:00-04:00,48.54,48.56,48.53,48.54,18301
2019-05-06 15:35:00-04:00,48.55,48.585,48.545,48.565,21515
2019-05-06 15:40:00-04:00,48.565,48.57,48.525,48.53,24008
2019-05-06 15:45:00-04:00,48.52,48.535,48.505,48.525,38051
2019-05-06 15:50:00-04:00,48.53,48.58,48.525,48.57,43605
2019-05-06 15:55:00-04:00,48.56,48.56,48.43,48.47,126621
2019-05-07 09:30:00-04:00,48.21,48.26,48.12,48.215,11927
2019-05-07 09:35:00-04:00,48.185,48.24,48.16,48.22,7070
2019-05-07 09:40:00-04:00,48.21,48.27,48.19,48.22,5664
2019-05-07 09:45:00-04:00,48.23,48.26,48.11,48.11,8828
2019-05-07 09:50:00-04:00,48.09,48.12,48.03,48.04,9240
2019-05-07 09:55:00-04:00,48.04,48.1,48.03,48.1,7505
2019-05-07 10:00:00-04:00,48.075,48.08,47.97,47.99,7050
2019-05-07 10:05:00-04:00,47.98,48.075,47.98,48.045,3712
2019-05-07 10:10:00-04:00,48.05,48.08,48.045,48.07,4873
2019-05-07 10:15:00-04:00,48.06,48.095,48.02,48.08,4662
2019-05-07 10:20:00-04:00,48.07,48.135,48.07,48.09,5184
2019-05-07 10:25:00-04:00,48.1,48.205,48.08,48.205,3914
2019-05-07 10:30:00-04:00,48.21,48.22,48.18,48.18,7056
2019-05-07 10:35:00-04:00,48.2,48.215,48.13,48.16,9282
2019-05-07 10:40:00-04:00,48.15,48.16,48.11,48.12,7523
2019-05-07 10:45:00-04:00,48.11,48.165,48.11,48.16,6004
2019-05-07 10:50:00-04:00,48.16,48.2,48.15,48.2,5675
2019-05-07 10:55:00-04:00,48.2,48.21,48.17,48.18,8019
2019-05-07 11:00:00-04:00,48.17,48.21,48.14,48.205,4199
2019-05-07 11:05:00-04:00,48.2,48.21,48.19,48.19,2507
2019-05-07 11:10:00-04:00,48.2,48.215,48.185,48.2,2346
2019-05-07 11:15:00-04:00,48.19,48.2,48.16,48.18,2002
2019-05-07 11:20:00-04:00,48.18,48.19,48.14,48.15,5047
2019-05-07 11:25:00-04:00,48.13,48.16,48.11,48.135,8660
2019-05-07 11:30:00-04:00,48.145,48.17,48.14,48.14,2441
2019-05-07 11:35:00-04:00,48.14,48.14,48.07,48.1,9179
2019-05-07 11:40:00-04:00,48.1,48.1,48.01,48.015,3832
2019-05-07 11:45:00-04:00,48.0,48.07,48.0,48.05,7977
2019-05-07 11:50:00-04:00,48.05,48.05,48.0,48.03,7449
2019-05-07 11:55:00-04:00,48.05,48.05,48.01,48.03,3663
2019-05-07 12:00:00-04:00,48.05,48.05,47.995,48.025,3548
2019-05-07 12:05:00-04:00,48.04,48.06,47.99,47.995,3635
2019-05-07 12:10:00-04:00,48.01,48.03,48.005,48.005,2151
2019-05-07 12:15:00-04:00,48.01,48.06,48.01,48.04,2496
2019-05-07 12:20:00-04:00,48.04,48.09,48.04,48.07,2628
2019-05-07 12:25:00-04:00,48.08,48.09,48.08,48.08,2241
2019-05-07 12:30:00-04:00,48.09,48.11,48.085,48.085,2762
2019-05-07 12:35:00-04:00,48.11,48.13,48.09,48.11,5196
2019-05-07 12:40:00-04:00,48.105,48.105,48.08,48.09,2254
2019-05-07 12:45:00-04:00,48.09,48.125,48.085,48.125,1802
2019-05-07 12:50:00-04:00,48.14,48.155,48.14,48.14,1888
2019-05-07 12:55:00-04:00,48.145,48.145,48.105,48.105,2707
2019-05-07 13:00:00-04:00,48.095,48.105,48.055,48.07,2042
2019-05-07 13:05:00-04:00,48.08,48.08,48.02,48.02,3298
2019-05-07 13:10:00-04:00,48.015,48.045,48.005,48.01,2566
2019-05-07 13:15:00-04:00,48.0,48.01,47.97,47.98,2174
2019-05-07 13:20:00-04:00,47.95,47.975,47.94,47.96,2105
2019-05-07 13:25:00-04:00,47.94,47.96,47.94,47.96,2566
2019-05-07 13:30:00-04:00,47.95,47.965,47.92,47.96,20724
2019-05-07 13:35:00-04:00,47.96,47.99,47.95,47.98,5383
2019-05-07 13:40:00-04:00,47.97,47.975,47.95,47.97,2559
2019-05-07 13:45:00-04:00,47.97,48.035,47.97,48.035,3713
2019-05-07 13:50:00-04:00,48.04,48.05,48.03,48.045,1891
2019-05-07 13:55:00-04:00,48.04,48.06,48.03,48.04,3552
2019-05-07 14:00:00-04:00,48.02,48.02,47.98,47.99,4279
2019-05-07 14:05:00-04:00,47.99,48.04,47.98,48.025,5140
2019-05-07 14:10:00-04:00,48.03,48.03,47.98,47.99,4479
2019-05-07 14:15:00-04:00,48.03,48.05,48.01,48.05,5867
2019-05-07 14:20:00-04:00,48.05,48.075,47.98,47.98,6316
2019-05-07 14:25:00-04:00,47.99,48.0,47.96,47.97,7779
2019-05-07 14:30:00-04:00,47.98,48.01,47.91,47.91,8730
2019-05-07 14:35:00-04:00,47.905,47.91,47.87,47.89,12422
2019-05-07 14:40:00-04:00,47.895,47.92,47.855,47.87,21999
2019-05-07 14:45:00-04:00,47.87,47.87,47.81,47.81,14967
2019-05-07 14:50:00-04:00,47.815,47.86,47.815,47.86,15697
2019-05-07 14:55:00-04:00,47.88,47.9,47.865,47.87,13873
2019-05-07 15:00:00-04:00,47.87,47.89,47.845,47.855,10337
2019-05-07 15:05:00-04:00,47.87,47.885,47.825,47.87,18313
2019-05-07 15:10:00-04:00,47.87,47.875,47.825,47.84,22511
2019-05-07 15:15:00-04:00,47.845,47.885,47.815,47.885,13718
2019-05-07 15:20:00-04:00,47.9,47.915,47.85,47.86,7977
2019-05-07 15:25:00-04:00,47.855,47.88,47.84,47.86,13002
2019-05-07 15:30:00-04:00,47.85,47.865,47.8,47.83,19279
2019-05-07 15:35:00-04:00,47.835,47.835,47.77,47.79,21209
2019-05-07 15:40:00-04:00,47.79,47.88,47.79,47.875,30075
2019-05-07 15:45:00-04:00,47.885,47.9,47.85,47.895,31192
2019-05-07 15:50:00-04:00,47.9,48.01,47.89,48.0,41970
2019-05-07 15:55:00-04:00,48.0,48.05,47.98,48.0,121247
2019-05-08 09:30:00-04:00,48.02,48.21,47.92,47.97,14154
2019-05-08 09:35:00-04:00,47.96,48.005,47.92,47.95,7580
2019-05-08 09:40:00-04:00,47.95,48.015,47.93,48.0,6440
2019-05-08 09:45:00-04:00,47.99,48.035,47.96,47.99,6998
2019-05-08 09:50:00-04:00,47.98,47.99,47.92,47.99,7703
2019-05-08 09:55:00-04:00,48.0,48.01,47.97,48.0,13683
2019-05-08 10:00:00-04:00,47.995,48.01,47.97,47.975,11126
2019-05-08 10:05:00-04:00,47.965,47.98,47.94,47.94,7849
2019-05-08 10:10:00-04:00,47.93,47.96,47.91,47.96,6922
2019-05-08 10:15:00-04:00,47.95,48.005,47.95,47.98,8866
2019-05-08 10:20:00-04:00,47.98,47.99,47.87,47.88,13131
2019-05-08 10:25:00-04:00,47.87,47.87,47.82,47.84,8062
2019-05-08 10:30:00-04:00,47.83,47.865,47.83,47.865,5775
2019-05-08 10:35:00-04:00,47.9,47.9,47.835,47.855,6516
2019-05-08 10:40:00-04:00,47.88,47.9,47.86,47.9,6118
2019-05-08 10:45:00-04:00,47.895,47.94,47.89,47.925,10335
2019-05-08 10:50:00-04:00,47.95,47.96,47.89,47.95,7621
2019-05-08 10:55:00-04:00,47.94,48.04,47.915,48.02,11209
2019-05-08 11:00:00-04:00,48.04,48.085,47.96,48.0,12791
2019-05-08 11:05:00-04:00,47.995,48.04,47.98,47.98,10510
2019-05-08 11:10:00-04:00,48.01,48.01,47.965,47.98,8999
2019-05-08 11:15:00-04:00,48.02,48.02,47.965,47.99,5849
2019-05-08 11:20:00-04:00,47.99,48.005,47.97,47.97,6950
2019-05-08 11:25:00-04:00,47.97,47.99,47.955,47.99,4242
2019-05-08 11:30:00-04:00,47.97,47.99,47.88,47.96,9975
2019-05-08 11:35:00-04:00,47.95,47.97,47.895,47.91,4194
2019-05-08 11:40:00-04:00,47.91,47.935,47.9,47.93,4703
2019-05-08 11:45:00-04:00,47.92,47.94,47.91,47.94,4906
2019-05-08 11:50:00-04:00,47.93,47.95,47.92,47.95,6585
2019-05-08 11:55:00-04:00,47.945,47.98,47.94,47.96,5144
2019-05-08 12:00:00-04:00,47.96,47.965,47.88,47.88,3786
2019-05-08 12:05:00-04:00,47.9,47.93,47.895,47.92,1616
2019-05-08 12:10:00-04:00,47.93,47.93,47.9,47.9,2767
2019-05-08 12:15:00-04:00,47.91,47.94,47.91,47.92,3617
2019-05-08 12:20:00-04:00,47.92,47.92,47.91,47.91,3695
2019-05-08 12:25:00-04:00,47.91,47.94,47.905,47.93,2788
2019-05-08 12:30:00-04:00,47.925,47.94,47.91,47.94,4228
2019-05-08 12:35:00-04:00,47.94,47.96,47.94,47.955,5284
2019-05-08 12:40:00-04:00,47.95,47.985,47.95,47.985,3220
2019-05-08 12:45:00-04:00,47.99,48.005,47.98,47.98,5459
2019-05-08 12:50:00-04:00,47.99,48.03,47.99,48.02,2668
2019-05-08 12:55:00-04:00,48.03,48.07,48.03,48.07,3468
2019-05-08 13:00:00-04:00,48.07,48.075,48.045,48.045,2658
2019-05-08 13:05:00-04:00,48.04,48.06,48.035,48.035,1683
2019-05-08 13:10:00-04:00,48.02,48.035,48.01,48.015,2456
2019-05-08 13:15:00-04:00,48.015,48.02,47.98,47.99,3249
2019-05-08 13:20:00-04:00,47.98,48.01,47.98,47.99,2960
2019-05-08 13:25:00-04:00,47.985,48.0,47.98,48.0,1619
2019-05-08 13:30:00-04:00,48.0,48.02,47.99,48.0,3768
2019-05-08 13:35:00-04:00,48.0,48.0,47.97,47.98,3522
2019-05-08 13:40:00-04:00,47.97,48.0,47.965,48.0,2798
2019-05-08 13:45:00-04:00,48.0,48.0,47.96,47.98,3658
2019-05-08 13:50:00-04:00,47.975,47.98,47.96,47.965,2762
2019-05-08 13:55:00-04:00,47.97,47.98,47.955,47.98,2957
2019-05-08 14:00:00-04:00,47.975,47.985,47.94,47.95,3906
2019-05-08 14:05:00-04:00,47.96,47.96,47.94,47.95,4830
2019-05-08 14:10:00-04:00,47.95,47.96,47.94,47.955,2189
2019-05-08 14:15:00-04:00,47.96,47.97,47.945,47.96,3815
2019-05-08 14:20:00-04:00,47.97,47.97,47.945,47.96,3376
2019-05-08 14:25:00-04:00,47.96,47.97,47.95,47.97,4616
2019-05-08 14:30:00-04:00,47.97,48.0,47.97,47.995,4109
2019-05-08 14:35:00-04:00,47.99,48.01,47.98,48.01,3527
2019-05-08 14:40:00-04:00,48.025,48.025,47.995,48.01,6309
2019-05-08 14:45:00-04:00,48.01,48.01,47.98,48.01,8450
2019-05-08 14:50:00-04:00,48.005,48.01,47.975,47.975,9745
2019-05-08 14:55:00-04:00,47.98,48.01,47.975,48.005,4054
2019-05-08 15:00:00-04:00,48.02,48.03,48.0,48.01,5785
2019-05-08 15:05:00-04:00,48.01,48.05,48.0,48.04,6865
2019-05-08 15:10:00-04:00,48.04,48.04,48.02,48.04,6525
2019-05-08 15:15:00-04:00,48.04,48.06,48.025,48.05,10649
2019-05-08 15:20:00-04:00,48.06,48.09,48.06,48.06,7393
2019-05-08 15:25:00-04:00,48.06,48.07,48.05,48.07,7353
2019-05-08 15:30:00-04:00,48.08,48.09,48.04,48.05,10986
2019-05-08 15:35:00-04:00,48.055,48.085,48.055,48.075,11455
2019-05-08 15:40:00-04:00,48.08,48.095,48.05,48.06,16407
2019-05-08 15:45:00-04:00,48.05,48.05,47.985,48.01,18881
2019-05-08 15:50:00-04:00,48.005,48.005,47.92,47.925,38010
2019-05-08 15:55:00-04:00,47.93,47.93,47.85,47.85,121627
2019-05-09 09:30:00-04:00,47.78,47.95,47.75,47.945,7439
2019-05-09 09:35:00-04:00,47.91,47.98,47.89,47.89,4953
2019-05-09 09:40:00-04:00,47.89,47.9,47.76,47.76,2906
2019-05-09 09:45:00-04:00,47.77,47.77,47.645,47.645,5156
2019-05-09 09:50:00-04:00,47.63,47.66,47.6,47.66,7653
2019-05-09 09:55:00-04:00,47.67,47.68,47.57,47.6,6640
2019-05-09 10:00:00-04:00,47.58,47.62,47.57,47.59,5406
2019-05-09 10:05:00-04:00,47.59,47.61,47.57,47.605,5111
2019-05-09 10:10:00-04:00,47.62,47.66,47.62,47.65,3526
2019-05-09 10:15:00-04:00,47.66,47.7,47.63,47.63,7597
2019-05-09 10:20:00-04:00,47.63,47.63,47.58,47.59,5860
2019-05-09 10:25:00-04:00,47.58,47.6,47.55,47.595,6114
2019-05-09 10:30:00-04:00,47.57,47.575,47.505,47.52,5029
2019-05-09 10:35:00-04:00,47.53,47.54,47.5,47.51,5871
2019-05-09 10:40:00-04:00,47.52,47.58,47.51,47.55,7516
2019-05-09 10:45:00-04:00,47.54,47.54,47.47,47.47,6134
2019-05-09 10:50:00-04:00,47.48,47.48,47.38,47.385,6115
2019-05-09 10:55:00-04:00,47.38,47.38,47.295,47.295,11826
2019-05-09 11:00:00-04:00,47.29,47.36,47.27,47.31,13242
2019-05-09 11:05:00-04:00,47.27,47.28,47.24,47.24,4411
2019-05-09 11:10:00-04:00,47.235,47.305,47.225,47.28,7743
2019-05-09 11:15:00-04:00,47.28,47.29,47.25,47.25,4124
2019-05-09 11:20:00-04:00,47.26,47.27,47.17,47.17,5054
2019-05-09 11:25:00-04:00,47.17,47.255,47.16,47.255,8313
2019-05-09 11:30:00-04:00,47.26,47.27,47.215,47.215,8028
2019-05-09 11:35:00-04:00,47.22,47.22,47.11,47.125,11540
2019-05-09 11:40:00-04:00,47.145,47.155,47.12,47.145,3610
2019-05-09 11:45:00-04:00,47.145,47.15,47.12,47.15,6029
2019-05-09 11:50:00-04:00,47.16,47.225,47.155,47.225,6680
2019-05-09 11:55:00-04:00,47.22,47.22,47.165,47.175,5078
2019-05-09 12:00:00-04:00,47.17,47.17,47.11,47.12,5580
2019-05-09 12:05:00-04:00,47.115,47.12,47.07,47.105,5040
2019-05-09 12:10:00-04:00,47.11,47.165,47.11,47.165,6593
2019-05-09 12:15:00-04:00,47.16,47.175,47.145,47.145,5715
2019-05-09 12:20:00-04:00,47.155,47.155,47.13,47.14,3568
2019-05-09 12:25:00-04:00,47.14,47.22,47.13,47.2,20391
2019-05-09 12:30:00-04:00,47.23,47.3,47.22,47.275,6625
2019-05-09 12:35:00-04:00,47.285,47.35,47.285,47.33,4737
2019-05-09 12:40:00-04:00,47.34,47.39,47.33,47.35,8567
2019-05-09 12:45:00-04:00,47.36,47.36,47.31,47.34,5729
2019-05-09 12:50:00-04:00,47.34,47.4,47.34,47.39,2955
2019-05-09 12:55:00-04:00,47.39,47.42,47.39,47.395,4296
2019-05-09 13:00:00-04:00,47.41,47.45,47.41,47.42,3113
2019-05-09 13:05:00-04:00,47.43,47.455,47.42,47.44,6999
2019-05-09 13:10:00-04:00,47.43,47.43,47.38,47.395,12069
2019-05-09 13:15:00-04:00,47.41,47.41,47.37,47.39,5838
2019-05-09 13:20:00-04:00,47.39,47.39,47.34,47.375,6172
2019-05-09 13:25:00-04:00,47.38,47.39,47.345,47.35,3893
2019-05-09 13:30:00-04:00,47.35,47.35,47.305,47.305,18552
2019-05-09 13:35:00-04:00,47.31,47.33,47.3,47.33,1504
2019-05-09 13:40:00-04:00,47.33,47.35,47.32,47.35,2029
2019-05-09 13:45:00-04:00,47.355,47.41,47.355,47.41,5694
2019-05-09 13:50:00-04:00,47.4,47.41,47.37,47.375,4629
2019-05-09 13:55:00-04:00,47.365,47.37,47.345,47.355,2266
2019-05-09 14:00:00-04:00,47.38,47.41,47.36,47.36,2842
2019-05-09 14:05:00-04:00,47.355,47.38,47.33,47.35,4426
2019-05-09 14:10:00-04:00,47.35,47.39,47.33,47.39,2821
2019-05-09 14:15:00-04:00,47.39,47.42,47.39,47.41,1336
2019-05-09 14:20:00-04:00,47.41,47.45,47.41,47.42,4749
2019-05-09 14:25:00-04:00,47.42,47.46,47.4,47.46,4163
2019-05-09 14:30:00-04:00,47.46,47.5,47.46,47.49,2879
2019-05-09 14:35:00-04:00,47.505,47.53,47.5,47.51,2510
2019-05-09 14:40:00-04:00,47.51,47.55,47.51,47.55,3093
2019-05-09 14:45:00-04:00,47.54,47.54,47.52,47.52,4328
2019-05-09 14:50:00-04:00,47.51,47.52,47.51,47.51,3034
2019-05-09 14:55:00-04:00,47.5,47.5,47.47,47.48,6027
2019-05-09 15:00:00-04:00,47.48,47.48,47.4,47.425,6517
2019-05-09 15:05:00-04:00,47.435,47.435,47.37,47.38,8610
2019-05-09 15:10:00-04:00,47.37,47.37,47.34,47.35,4624
2019-05-09 15:15:00-04:00,47.35,47.36,47.34,47.36,4050
2019-05-09 15:20:00-04:00,47.36,47.39,47.36,47.37,6954
2019-05-09 15:25:00-04:00,47.375,47.42,47.37,47.42,9707
2019-05-09 15:30:00-04:00,47.42,47.46,47.42,47.435,12443
2019-05-09 15:35:00-04:00,47.44,47.445,47.4,47.435,13518
2019-05-09 15:40:00-04:00,47.435,47.44,47.385,47.395,12660
2019-05-09 15:45:00-04:00,47.4,47.43,47.37,47.37,21647
2019-05-09 15:50:00-04:00,47.38,47.45,47.38,47.45,30864
2019-05-09 15:55:00-04:00,47.445,47.47,47.38,47.4,49301
2019-05-10 09:30:00-04:00,47.455,47.53,47.41,47.5,8450
2019-05-10 09:35:00-04:00,47.51,47.56,47.51,47.54,5631
2019-05-10 09:40:00-04:00,47.59,47.61,47.57,47.595,6392
2019-05-10 09:45:00-04:00,47.59,47.59,47.555,47.575,3651
2019-05-10 09:50:00-04:00,47.57,47.595,47.54,47.565,5311
2019-05-10 09:55:00-04:00,47.575,47.65,47.57,47.63,6702
2019-05-10 10:00:00-04:00,47.645,47.645,47.57,47.61,6768
2019-05-10 10:05:00-04:00,47.61,47.645,47.6,47.64,12587
2019-05-10 10:10:00-04:00,47.64,47.65,47.58,47.6,9097
2019-05-10 10:15:00-04:00,47.585,47.65,47.56,47.65,3628
2019-05-10 10:20:00-04:00,47.66,47.67,47.64,47.64,4307
2019-05-10 10:25:00-04:00,47.64,47.645,47.62,47.64,5703
2019-05-10 10:30:00-04:00,47.63,47.66,47.63,47.66,4994
2019-05-10 10:35:00-04:00,47.67,47.69,47.65,47.69,7170
2019-05-10 10:40:00-04:00,47.68,47.68,47.59,47.62,9467
2019-05-10 10:45:00-04:00,47.62,47.63,47.58,47.58,4349
2019-05-10 10:50:00-04:00,47.57,47.595,47.54,47.56,2581
2019-05-10 10:55:00-04:00,47.55,47.56,47.525,47.55,5674
2019-05-10 11:00:00-04:00,47.55,47.565,47.475,47.535,10302
2019-05-10 11:05:00-04:00,47.54,47.57,47.54,47.56,6801
2019-05-10 11:10:00-04:00,47.57,47.615,47.57,47.57,5972
2019-05-10 11:15:00-04:00,47.565,47.57,47.56,47.57,4542
2019-05-10 11:20:00-04:00,47.57,47.57,47.55,47.55,3012
2019-05-10 11:25:00-04:00,47.56,47.58,47.52,47.52,3570
2019-05-10 11:30:00-04:00,47.53,47.54,47.48,47.49,1985
2019-05-10 11:35:00-04:00,47.48,47.55,47.47,47.54,3831
2019-05-10 11:40:00-04:00,47.53,47.56,47.5,47.56,6128
2019-05-10 11:45:00-04:00,47.555,47.56,47.53,47.53,6267
2019-05-10 11:50:00-04:00,47.52,47.58,47.51,47.58,8758
2019-05-10 11:55:00-04:00,47.56,47.6,47.51,47.59,7017
2019-05-10 12:00:00-04:00,47.6,47.625,47.58,47.59,3293
2019-05-10 12:05:00-04:00,47.6,47.605,47.58,47.58,5444
2019-05-10 12:10:00-04:00,47.58,47.64,47.58,47.63,5425
2019-05-10 12:15:00-04:00,47.63,47.7,47.62,47.69,4145
2019-05-10 12:20:00-04:00,47.69,47.69,47.66,47.66,4173
2019-05-10 12:25:00-04:00,47.67,47.75,47.665,47.73,6204
2019-05-10 12:30:00-04:00,47.73,47.78,47.71,47.74,5062
2019-05-10 12:35:00-04:00,47.74,47.74,47.71,47.71,1834
2019-05-10 12:40:00-04:00,47.7,47.73,47.69,47.73,4624
2019-05-10 12:45:00-04:00,47.72,47.72,47.69,47.69,3564
2019-05-10 12:50:00-04:00,47.68,47.76,47.68,47.74,3206
2019-05-10 12:55:00-04:00,47.74,47.75,47.71,47.72,2354
2019-05-10 13:00:00-04:00,47.69,47.72,47.69,47.71,3937
2019-05-10 13:05:00-04:00,47.71,47.71,47.675,47.69,2079
2019-05-10 13:10:00-04:00,47.68,47.735,47.68,47.735,2422
2019-05-10 13:15:00-04:00,47.72,47.81,47.72,47.795,4650
2019-05-10 13:20:00-04:00,47.81,47.87,47.81,47.82,5246
2019-05-10 13:25:00-04:00,47.81,47.82,47.785,47.8,10185
2019-05-10 13:30:00-04:00,47.81,47.82,47.78,47.8,15278
2019-05-10 13:35:00-04:00,47.8,47.8,47.76,47.78,6453
2019-05-10 13:40:00-04:00,47.785,47.82,47.78,47.79,6825
2019-05-10 13:45:00-04:00,47.79,47.88,47.79,47.855,6631
2019-05-10 13:50:00-04:00,47.86,47.885,47.86,47.865,4619
2019-05-10 13:55:00-04:00,47.83,47.85,47.82,47.84,2877
2019-05-10 14:00:00-04:00,47.86,47.88,47.84,47.88,3505
2019-05-10 14:05:00-04:00,47.88,47.9,47.86,47.9,2485
2019-05-10 14:10:00-04:00,47.91,47.92,47.9,47.9,2770
2019-05-10 14:15:00-04:00,47.89,47.89,47.83,47.84,7382
2019-05-10 14:20:00-04:00,47.85,47.915,47.85,47.89,2100
2019-05-10 14:25:00-04:00,47.91,47.92,47.9,47.91,2426
2019-05-10 14:30:00-04:00,47.93,47.94,47.93,47.94,3529
2019-05-10 14:35:00-04:00,47.94,47.955,47.935,47.955,3364
2019-05-10 14:40:00-04:00,47.98,47.99,47.98,47.98,3786
2019-05-10 14:45:00-04:00,47.99,48.02,47.99,48.0,5564
2019-05-10 14:50:00-04:00,48.01,48.05,48.01,48.025,9395
2019-05-10 14:55:00-04:00,48.03,48.035,47.97,47.99,5292
2019-05-10 15:00:00-04:00,47.99,48.06,47.99,48.05,12536
2019-05-10 15:05:00-04:00,48.04,48.08,48.035,48.08,6984
2019-05-10 15:10:00-04:00,48.07,48.1,48.05,48.1,6640
2019-05-10 15:15:00-04:00,48.11,48.2,48.1,48.18,13537
2019-05-10 15:20:00-04:00,48.17,48.21,48.16,48.2,5893
2019-05-10 15:25:00-04:00,48.2,48.29,48.2,48.25,11332
2019-05-10 15:30:00-04:00,48.25,48.26,48.14,48.15,27598
2019-05-10 15:35:00-04:00,48.15,48.165,48.12,48.135,14315
2019-05-10 15:40:00-04:00,48.14,48.14,48.105,48.13,18115
2019-05-10 15:45:00-04:00,48.13,48.17,48.12,48.13,24206
2019-05-10 15:50:00-04:00,48.135,48.15,48.1,48.14,34547
2019-05-10 15:55:00-04:00,48.14,48.23,48.1,48.2,102817
2019-05-13 09:30:00-04:00,47.915,48.07,47.9,48.06,6902
2019-05-13 09:35:00-04:00,48.055,48.07,47.91,47.93,6884
2019-05-13 09:40:00-04:00,47.98,48.0,47.88,47.9,1622
2019-05-13 09:45:00-04:00,47.88,47.885,47.82,47.875,7507
2019-05-13 09:50:00-04:00,47.885,47.92,47.87,47.92,9090
2019-05-13 09:55:00-04:00,47.91,47.915,47.83,47.85,7056
2019-05-13 10:00:00-04:00,47.86,47.88,47.81,47.82,6126
2019-05-13 10:05:00-04:00,47.81,47.91,47.78,47.9,10435
2019-05-13 10:10:00-04:00,47.92,47.92,47.86,47.92,4237
2019-05-13 10:15:00-04:00,47.91,47.915,47.88,47.9,5653
2019-05-13 10:20:00-04:00,47.86,47.88,47.84,47.865,4164
2019-05-13 10:25:00-04:00,47.86,47.87,47.84,47.87,4646
2019-05-13 10:30:00-04:00,47.87,47.91,47.86,47.9,5893
2019-05-13 10:35:00-04:00,47.9,47.93,47.9,47.92,5992
2019-05-13 10:40:00-04:00,47.92,47.92,47.89,47.89,5142
2019-05-13 10:45:00-04:00,47.9,47.91,47.82,47.83,5767
2019-05-13 10:50:00-04:00,47.81,47.815,47.77,47.78,5139
2019-05-13 10:55:00-04:00,47.77,47.785,47.76,47.77,5116
2019-05-13 11:00:00-04:00,47.77,47.8,47.73,47.75,6556
2019-05-13 11:05:00-04:00,47.75,47.835,47.745,47.815,10040
2019-05-13 11:10:00-04:00,47.82,47.89,47.81,47.87,5603
2019-05-13 11:15:00-04:00,47.87,47.87,47.77,47.805,6127
2019-05-13 11:20:00-04:00,47.81,47.86,47.81,47.83,5573
2019-05-13 11:25:00-04:00,47.825,47.88,47.825,47.88,10276
2019-05-13 11:30:00-04:00,47.88,47.9,47.87,47.9,20787
2019-05-13 11:35:00-04:00,47.9,47.92,47.9,47.91,11942
2019-05-13 11:40:00-04:00,47.905,47.93,47.895,47.91,10346
2019-05-13 11:45:00-04:00,47.94,47.96,47.92,47.95,10908
2019-05-13 11:50:00-04:00,47.96,47.96,47.93,47.96,15560
2019-05-13 11:55:00-04:00,47.95,48.005,47.95,47.98,7009
2019-05-13 12:00:00-04:00,47.98,47.98,47.94,47.95,4450
2019-05-13 12:05:00-04:00,47.95,47.97,47.89,47.9,3451
2019-05-13 12:10:00-04:00,47.91,47.92,47.89,47.895,5519
2019-05-13 12:15:00-04:00,47.89,47.895,47.86,47.895,3579
2019-05-13 12:20:00-04:00,47.905,47.91,47.89,47.9,2333
2019-05-13 12:25:00-04:00,47.88,47.88,47.86,47.86,2701
2019-05-13 12:30:00-04:00,47.87,47.88,47.85,47.85,2063
2019-05-13 12:35:00-04:00,47.85,47.91,47.85,47.895,6400
2019-05-13 12:40:00-04:00,47.89,47.9,47.89,47.89,4145
2019-05-13 12:45:00-04:00,47.9,47.98,47.9,47.98,6194
2019-05-13 12:50:00-04:00,47.97,47.975,47.91,47.91,4786
2019-05-13 12:55:00-04:00,47.9,47.9,47.835,47.835,11030
2019-05-13 13:00:00-04:00,47.835,47.85,47.82,47.85,5053
2019-05-13 13:05:00-04:00,47.87,47.88,47.86,47.87,1930
2019-05-13 13:10:00-04:00,47.88,47.88,47.865,47.88,1997
2019-05-13 13:15:00-04:00,47.89,47.925,47.87,47.87,4395
2019-05-13 13:20:00-04:00,47.87,47.885,47.85,47.88,2985
2019-05-13 13:25:00-04:00,47.89,47.905,47.86,47.865,4297
2019-05-13 13:30:00-04:00,47.86,47.89,47.86,47.87,25991
2019-05-13 13:35:00-04:00,47.86,47.945,47.855,47.93,9282
2019-05-13 13:40:00-04:00,47.91,47.935,47.885,47.895,4301
2019-05-13 13:45:00-04:00,47.88,47.91,47.88,47.91,2019
2019-05-13 13:50:00-04:00,47.92,47.92,47.885,47.92,2707
2019-05-13 13:55:00-04:00,47.93,47.93,47.9,47.91,3220
2019-05-13 14:00:00-04:00,47.915,47.945,47.91,47.925,5374
2019-05-13 14:05:00-04:00,47.935,47.97,47.92,47.935,6075
2019-05-13 14:10:00-04:00,47.935,47.96,47.89,47.89,12008
2019-05-13 14:15:00-04:00,47.895,47.92,47.88,47.89,9941
2019-05-13 14:20:00-04:00,47.895,47.975,47.89,47.96,20576
2019-05-13 14:25:00-04:00,47.965,48.065,47.95,47.955,38379
2019-05-13 14:30:00-04:00,47.96,47.985,47.95,47.96,16698
2019-05-13 14:35:00-04:00,47.965,47.975,47.91,47.92,5843
2019-05-13 14:40:00-04:00,47.9,47.925,47.83,47.86,5415
2019-05-13 14:45:00-04:00,47.88,47.94,47.88,47.94,4092
2019-05-13 14:50:00-04:00,47.95,48.0,47.95,47.975,8364
2019-05-13 14:55:00-04:00,47.975,47.98,47.94,47.94,4625
2019-05-13 15:00:00-04:00,47.955,47.98,47.925,47.935,4703
2019-05-13 15:05:00-04:00,47.935,48.0,47.935,47.95,6106
2019-05-13 15:10:00-04:00,47.95,47.965,47.92,47.93,7261
2019-05-13 15:15:00-04:00,47.92,47.965,47.915,47.92,18416
2019-05-13 15:20:00-04:00,47.93,47.965,47.92,47.93,11130
2019-05-13 15:25:00-04:00,47.92,47.935,47.885,47.92,10893
2019-05-13 15:30:00-04:00,47.915,47.92,47.865,47.91,11549
2019-05-13 15:35:00-04:00,47.905,47.93,47.89,47.9,20077
2019-05-13 15:40:00-04:00,47.92,47.94,47.91,47.92,8364
2019-05-13 15:45:00-04:00,47.93,48.01,47.93,48.01,21580
2019-05-13 15:50:00-04:00,48.0,48.08,47.99,48.07,38149
2019-05-13 15:55:00-04:00,48.07,48.13,48.03,48.05,84222
2019-05-13 16:35:00-04:00,48.04,48.04,48.04,48.04,465
2019-05-14 09:30:00-04:00,48.48,48.83,48.35,48.81,19187
2019-05-14 09:35:00-04:00,48.85,48.89,48.79,48.89,12864
2019-05-14 09:40:00-04:00,48.86,48.95,48.855,48.905,10816
2019-05-14 09:45:00-04:00,48.91,48.995,48.91,48.98,15907
2019-05-14 09:50:00-04:00,48.985,49.08,48.98,49.05,24111
2019-05-14 09:55:00-04:00,49.065,49.07,49.01,49.07,13303
2019-05-14 10:00:00-04:00,49.075,49.13,49.03,49.105,16073
2019-05-14 10:05:00-04:00,49.105,49.13,49.045,49.11,18113
2019-05-14 10:10:00-04:00,49.115,49.205,49.09,49.15,14655
2019-05-14 10:15:00-04:00,49.155,49.24,49.155,49.23,11886
2019-05-14 10:20:00-04:00,49.22,49.31,49.22,49.3,5852
2019-05-14 10:25:00-04:00,49.305,49.31,49.18,49.19,15400
2019-05-14 10:30:00-04:00,49.185,49.245,49.185,49.21,11725
2019-05-14 10:35:00-04:00,49.245,49.265,49.15,49.155,24092
2019-05-14 10:40:00-04:00,49.155,49.17,49.11,49.16,7398
2019-05-14 10:45:00-04:00,49.18,49.18,49.08,49.09,5507
2019-05-14 10:50:00-04:00,49.09,49.125,49.07,49.1,7453
2019-05-14 10:55:00-04:00,49.1,49.19,49.1,49.17,5474
2019-05-14 11:00:00-04:00,49.165,49.185,49.09,49.115,7547
2019-05-14 11:05:00-04:00,49.115,49.125,48.97,48.99,17507
2019-05-14 11:10:00-04:00,48.98,49.055,48.98,49.045,6078
2019-05-14 11:15:00-04:00,49.04,49.05,48.99,49.01,5237
2019-05-14 11:20:00-04:00,49.0,49.09,49.0,49.05,8029
2019-05-14 11:25:00-04:00,49.04,49.075,49.01,49.01,3251
2019-05-14 11:30:00-04:00,49.02,49.055,49.02,49.05,3031
2019-05-14 11:35:00-04:00,49.05,49.1,49.05,49.06,7740
2019-05-14 11:40:00-04:00,49.05,49.09,49.04,49.07,5943
2019-05-14 11:45:00-04:00,49.07,49.09,49.055,49.075,3441
2019-05-14 11:50:00-04:00,49.08,49.11,49.025,49.03,6025
2019-05-14 11:55:00-04:00,49.04,49.08,49.02,49.06,18097
2019-05-14 12:00:00-04:00,49.07,49.08,49.02,49.02,11847
2019-05-14 12:05:00-04:00,49.02,49.03,49.005,49.01,8871
2019-05-14 12:10:00-04:00,49.02,49.07,49.02,49.05,8596
2019-05-14 12:15:00-04:00,49.04,49.04,49.0,49.01,8576
2019-05-14 12:20:00-04:00,49.02,49.03,49.0,49.0,6247
2019-05-14 12:25:00-04:00,49.01,49.015,48.99,48.995,4160
2019-05-14 12:30:00-04:00,49.0,49.0,48.96,48.96,9195
2019-05-14 12:35:00-04:00,48.96,48.98,48.95,48.97,4188
2019-05-14 12:40:00-04:00,48.975,48.975,48.965,48.965,1669
2019-05-14 12:45:00-04:00,48.965,48.99,48.945,48.99,5225
2019-05-14 12:50:00-04:00,48.97,48.97,48.9,48.9,3713
2019-05-14 12:55:00-04:00,48.92,48.925,48.905,48.91,3401
2019-05-14 13:00:00-04:00,48.92,48.93,48.86,48.88,6010
2019-05-14 13:05:00-04:00,48.88,48.88,48.875,48.875,3785
2019-05-14 13:10:00-04:00,48.875,48.935,48.875,48.92,4343
2019-05-14 13:15:00-04:00,48.925,48.925,48.91,48.915,3704
2019-05-14 13:20:00-04:00,48.915,48.95,48.91,48.945,6554
2019-05-14 13:25:00-04:00,48.94,48.95,48.925,48.925,4358
2019-05-14 13:30:00-04:00,48.93,48.965,48.93,48.95,4757
2019-05-14 13:35:00-04:00,48.96,48.99,48.96,48.98,4424
2019-05-14 13:40:00-04:00,48.99,49.0,48.97,48.975,5535
2019-05-14 13:45:00-04:00,48.97,48.99,48.97,48.99,3854
2019-05-14 13:50:00-04:00,48.985,49.01,48.97,48.98,4603
2019-05-14 13:55:00-04:00,48.98,48.98,48.95,48.97,7825
2019-05-14 14:00:00-04:00,48.96,48.96,48.91,48.91,5082
2019-05-14 14:05:00-04:00,48.91,48.93,48.905,48.92,3375
2019-05-14 14:10:00-04:00,48.92,48.92,48.87,48.87,3771
2019-05-14 14:15:00-04:00,48.86,48.9,48.855,48.9,3374
2019-05-14 14:20:00-04:00,48.93,49.0,48.93,49.0,4006
2019-05-14 14:25:00-04:00,48.995,48.995,48.95,48.95,8966
2019-05-14 14:30:00-04:00,48.95,48.95,48.905,48.92,4165
2019-05-14 14:35:00-04:00,48.92,48.95,48.92,48.94,4578
2019-05-14 14:40:00-04:00,48.95,48.95,48.91,48.915,4356
2019-05-14 14:45:00-04:00,48.91,48.92,48.86,48.86,6701
2019-05-14 14:50:00-04:00,48.86,48.86,48.805,48.81,6032
2019-05-14 14:55:00-04:00,48.81,48.84,48.81,48.835,2028
2019-05-14 15:00:00-04:00,48.83,48.83,48.79,48.805,6123
2019-05-14 15:05:00-04:00,48.81,48.85,48.795,48.85,9181
2019-05-14 15:10:00-04:00,48.85,48.85,48.81,48.81,4942
2019-05-14 15:15:00-04:00,48.82,48.825,48.78,48.8,5356
2019-05-14 15:20:00-04:00,48.8,48.805,48.74,48.78,10149
2019-05-14 15:25:00-04:00,48.78,48.81,48.78,48.795,7081
2019-05-14 15:30:00-04:00,48.8,48.8,48.72,48.74,13570
2019-05-14 15:35:00-04:00,48.73,48.76,48.73,48.75,8530
2019-05-14 15:40:00-04:00,48.74,48.8,48.74,48.775,10775
2019-05-14 15:45:00-04:00,48.77,48.77,48.7,48.71,29229
2019-05-14 15:50:00-04:00,48.72,48.74,48.66,48.74,35945
2019-05-14 15:55:00-04:00,48.75,48.75,48.62,48.67,152216
2019-05-15 09:30:00-04:00,48.61,48.96,48.6,48.92,8368
2019-05-15 09:35:00-04:00,48.925,49.11,48.925,49.05,11529
2019-05-15 09:40:00-04:00,49.06,49.16,49.045,49.13,32501
2019-05-15 09:45:00-04:00,49.15,49.18,49.1,49.12,13757
2019-05-15 09:50:00-04:00,49.145,49.21,49.145,49.17,4882
2019-05-15 09:55:00-04:00,49.18,49.2,49.02,49.03,4526
2019-05-15 10:00:00-04:00,49.035,49.035,48.94,48.96,25867
2019-05-15 10:05:00-04:00,48.995,49.0,48.91,48.92,6310
2019-05-15 10:10:00-04:00,48.95,49.13,48.95,49.13,31265
2019-05-15 10:15:00-04:00,49.13,49.16,49.06,49.14,13107
2019-05-15 10:20:00-04:00,49.14,49.21,49.14,49.19,10870
2019-05-15 10:25:00-04:00,49.2,49.21,49.17,49.175,7765
2019-05-15 10:30:00-04:00,49.165,49.2,49.1,49.13,8463
2019-05-15 10:35:00-04:00,49.13,49.15,49.1,49.1,4576
2019-05-15 10:40:00-04:00,49.11,49.11,49.07,49.08,4591
2019-05-15 10:45:00-04:00,49.08,49.1,49.08,49.08,3369
2019-05-15 10:50:00-04:00,49.07,49.13,49.07,49.1,5281
2019-05-15 10:55:00-04:00,49.115,49.14,49.09,49.13,7222
2019-05-15 11:00:00-04:00,49.125,49.17,49.1,49.17,4133
2019-05-15 11:05:00-04:00,49.16,49.16,49.11,49.12,1829
2019-05-15 11:10:00-04:00,49.13,49.16,49.11,49.14,2806
2019-05-15 11:15:00-04:00,49.14,49.15,49.13,49.14,2463
2019-05-15 11:20:00-04:00,49.14,49.21,49.14,49.21,9914
2019-05-15 11:25:00-04:00,49.21,49.27,49.21,49.26,8623
2019-05-15 11:30:00-04:00,49.28,49.3,49.27,49.29,5645
2019-05-15 11:35:00-04:00,49.29,49.32,49.27,49.27,10542
2019-05-15 11:40:00-04:00,49.26,49.275,49.24,49.275,2699
2019-05-15 11:45:00-04:00,49.26,49.265,49.22,49.22,2297
2019-05-15 11:50:00-04:00,49.22,49.27,49.22,49.26,2367
2019-05-15 11:55:00-04:00,49.25,49.25,49.23,49.23,2030
2019-05-15 12:00:00-04:00,49.23,49.235,49.21,49.21,1540
2019-05-15 12:05:00-04:00,49.22,49.24,49.21,49.24,4254
2019-05-15 12:10:00-04:00,49.23,49.23,49.19,49.21,2282
2019-05-15 12:15:00-04:00,49.205,49.22,49.19,49.2,2381
2019-05-15 12:20:00-04:00,49.205,49.23,49.195,49.195,3268
2019-05-15 12:25:00-04:00,49.21,49.24,49.21,49.24,1462
2019-05-15 12:30:00-04:00,49.25,49.25,49.21,49.24,4921
2019-05-15 12:35:00-04:00,49.24,49.245,49.22,49.245,1813
2019-05-15 12:40:00-04:00,49.25,49.27,49.24,49.24,2401
2019-05-15 12:45:00-04:00,49.27,49.29,49.26,49.27,1390
2019-05-15 12:50:00-04:00,49.265,49.265,49.22,49.225,29003
2019-05-15 12:55:00-04:00,49.225,49.225,49.195,49.22,2800
2019-05-15 13:00:00-04:00,49.22,49.22,49.18,49.19,12894
2019-05-15 13:05:00-04:00,49.19,49.19,49.17,49.17,10390
2019-05-15 13:10:00-04:00,49.18,49.195,49.18,49.18,1609
2019-05-15 13:15:00-04:00,49.195,49.195,49.175,49.18,1609
2019-05-15 13:20:00-04:00,49.19,49.28,49.18,49.27,7598
2019-05-15 13:25:00-04:00,49.275,49.285,49.265,49.27,4685
2019-05-15 13:30:00-04:00,49.27,49.28,49.27,49.275,9145
2019-05-15 13:35:00-04:00,49.29,49.29,49.27,49.28,1938
2019-05-15 13:40:00-04:00,49.28,49.29,49.27,49.27,1918
2019-05-15 13:45:00-04:00,49.27,49.32,49.27,49.32,2083
2019-05-15 13:50:00-04:00,49.32,49.32,49.28,49.28,3128
2019-05-15 13:55:00-04:00,49.29,49.3,49.27,49.29,3014
2019-05-15 14:00:00-04:00,49.29,49.295,49.27,49.27,2602
2019-05-15 14:05:00-04:00,49.275,49.295,49.27,49.275,2197
2019-05-15 14:10:00-04:00,49.28,49.3,49.28,49.3,12171
2019-05-15 14:15:00-04:00,49.3,49.33,49.3,49.33,4286
2019-05-15 14:20:00-04:00,49.33,49.34,49.31,49.325,4158
2019-05-15 14:25:00-04:00,49.32,49.33,49.29,49.3,3729
2019-05-15 14:30:00-04:00,49.31,49.32,49.295,49.315,3301
2019-05-15 14:35:00-04:00,49.31,49.34,49.31,49.34,4552
2019-05-15 14:40:00-04:00,49.33,49.33,49.315,49.315,2733
2019-05-15 14:45:00-04:00,49.315,49.34,49.315,49.33,2800
2019-05-15 14:50:00-04:00,49.34,49.34,49.29,49.305,7832
2019-05-15 14:55:00-04:00,49.3,49.31,49.29,49.3,5475
2019-05-15 15:00:00-04:00,49.29,49.295,49.27,49.285,9086
2019-05-15 15:05:00-04:00,49.27,49.3,49.27,49.27,7731
2019-05-15 15:10:00-04:00,49.28,49.28,49.25,49.28,6682
2019-05-15 15:15:00-04:00,49.29,49.305,49.28,49.305,4094
2019-05-15 15:20:00-04:00,49.305,49.345,49.3,49.345,3430
2019-05-15 15:25:00-04:00,49.35,49.38,49.35,49.365,70666
2019-05-15 15:30:00-04:00,49.36,49.365,49.32,49.34,24208
2019-05-15 15:35:00-04:00,49.34,49.34,49.28,49.3,11065
2019-05-15 15:40:00-04:00,49.295,49.305,49.29,49.29,9245
2019-05-15 15:45:00-04:00,49.29,49.29,49.24,49.245,10494
2019-05-15 15:50:00-04:00,49.24,49.27,49.22,49.24,13659
2019-05-15 15:55:00-04:00,49.25,49.25,49.18,49.2,69865
2019-05-16 09:30:00-04:00,49.3,49.36,49.21,49.36,10067
2019-05-16 09:35:00-04:00,49.36,49.36,49.28,49.28,7835
2019-05-16 09:40:00-04:00,49.29,49.32,49.27,49.3,2416
2019-05-16 09:45:00-04:00,49.3,49.39,49.3,49.355,4596
2019-05-16 09:50:00-04:00,49.33,49.38,49.29,49.3,8413
2019-05-16 09:55:00-04:00,49.3,49.36,49.29,49.31,7771
2019-05-16 10:00:00-04:00,49.32,49.44,49.32,49.42,12964
2019-05-16 10:05:00-04:00,49.42,49.47,49.39,49.39,13559
2019-05-16 10:10:00-04:00,49.37,49.41,49.35,49.4,5733
2019-05-16 10:15:00-04:00,49.4,49.435,49.39,49.43,4660
2019-05-16 10:20:00-04:00,49.41,49.41,49.37,49.39,9729
2019-05-16 10:25:00-04:00,49.4,49.48,49.4,49.47,7425
2019-05-16 10:30:00-04:00,49.46,49.48,49.43,49.475,6917
2019-05-16 10:35:00-04:00,49.47,49.48,49.46,49.48,6981
2019-05-16 10:40:00-04:00,49.48,49.48,49.46,49.47,8247
2019-05-16 10:45:00-04:00,49.465,49.47,49.45,49.45,6982
2019-05-16 10:50:00-04:00,49.455,49.46,49.4,49.42,6143
2019-05-16 10:55:00-04:00,49.425,49.425,49.4,49.4,3758
2019-05-16 11:00:00-04:00,49.39,49.42,49.39,49.41,4258
2019-05-16 11:05:00-04:00,49.4,49.41,49.385,49.385,13001
2019-05-16 11:10:00-04:00,49.38,49.39,49.38,49.39,3913
2019-05-16 11:15:00-04:00,49.4,49.405,49.385,49.4,17783
2019-05-16 11:20:00-04:00,49.395,49.46,49.39,49.445,16116
2019-05-16 11:25:00-04:00,49.45,49.49,49.45,49.465,10521
2019-05-16 11:30:00-04:00,49.465,49.48,49.455,49.48,23678
2019-05-16 11:35:00-04:00,49.485,49.5,49.47,49.47,7849
2019-05-16 11:40:00-04:00,49.47,49.48,49.46,49.46,11316
2019-05-16 11:45:00-04:00,49.46,49.46,49.42,49.445,77444
2019-05-16 11:50:00-04:00,49.45,49.45,49.42,49.43,11751
2019-05-16 11:55:00-04:00,49.425,49.43,49.395,49.395,5400
2019-05-16 12:00:00-04:00,49.405,49.45,49.405,49.45,7636
2019-05-16 12:05:00-04:00,49.45,49.47,49.45,49.47,7698
2019-05-16 12:10:00-04:00,49.46,49.465,49.42,49.435,6019
2019-05-16 12:15:00-04:00,49.445,49.475,49.44,49.475,6915
2019-05-16 12:20:00-04:00,49.475,49.475,49.45,49.45,4835
2019-05-16 12:25:00-04:00,49.455,49.475,49.455,49.46,4064
2019-05-16 12:30:00-04:00,49.435,49.455,49.435,49.445,1219
2019-05-16 12:35:00-04:00,49.445,49.455,49.44,49.44,4138
2019-05-16 12:40:00-04:00,49.45,49.45,49.43,49.435,4182
2019-05-16 12:45:00-04:00,49.44,49.45,49.4,49.4,11608
2019-05-16 12:50:00-04:00,49.41,49.435,49.41,49.43,3484
2019-05-16 12:55:00-04:00,49.43,49.44,49.42,49.425,3893
2019-05-16 13:00:00-04:00,49.43,49.445,49.42,49.44,7961
2019-05-16 13:05:00-04:00,49.45,49.47,49.42,49.465,7141
2019-05-16 13:10:00-04:00,49.465,49.475,49.46,49.46,2083
2019-05-16 13:15:00-04:00,49.47,49.49,49.465,49.48,4481
2019-05-16 13:20:00-04:00,49.475,49.48,49.46,49.47,4115
2019-05-16 13:25:00-04:00,49.465,49.495,49.465,49.475,4221
2019-05-16 13:30:00-04:00,49.475,49.495,49.465,49.485,5141
2019-05-16 13:35:00-04:00,49.48,49.485,49.45,49.45,2723
2019-05-16 13:40:00-04:00,49.445,49.45,49.42,49.435,2404
2019-05-16 13:45:00-04:00,49.43,49.445,49.43,49.435,7171
2019-05-16 13:50:00-04:00,49.43,49.45,49.42,49.45,4770
2019-05-16 13:55:00-04:00,49.455,49.475,49.455,49.46,3689
2019-05-16 14:00:00-04:00,49.45,49.47,49.45,49.46,3986
2019-05-16 14:05:00-04:00,49.46,49.465,49.45,49.46,4477
2019-05-16 14:10:00-04:00,49.45,49.47,49.45,49.47,4453
2019-05-16 14:15:00-04:00,49.465,49.475,49.46,49.465,2570
2019-05-16 14:20:00-04:00,49.465,49.48,49.455,49.48,2448
2019-05-16 14:25:00-04:00,49.47,49.5,49.465,49.49,8313
2019-05-16 14:30:00-04:00,49.495,49.5,49.45,49.46,7481
2019-05-16 14:35:00-04:00,49.45,49.47,49.45,49.47,8179
2019-05-16 14:40:00-04:00,49.47,49.475,49.45,49.46,6485
2019-05-16 14:45:00-04:00,49.46,49.46,49.43,49.435,10172
2019-05-16 14:50:00-04:00,49.43,49.44,49.42,49.42,3363
2019-05-16 14:55:00-04:00,49.42,49.47,49.41,49.47,5976
2019-05-16 15:00:00-04:00,49.465,49.465,49.415,49.415,17850
2019-05-16 15:05:00-04:00,49.425,49.445,49.41,49.43,25730
2019-05-16 15:10:00-04:00,49.43,49.445,49.42,49.445,7423
2019-05-16 15:15:00-04:00,49.445,49.445,49.425,49.435,16608
2019-05-16 15:20:00-04:00,49.45,49.46,49.43,49.455,8935
2019-05-16 15:25:00-04:00,49.455,49.48,49.45,49.48,8299
2019-05-16 15:30:00-04:00,49.47,49.475,49.44,49.46,14511
2019-05-16 15:35:00-04:00,49.465,49.48,49.44,49.45,26087
2019-05-16 15:40:00-04:00,49.46,49.47,49.41,49.42,37499
2019-05-16 15:45:00-04:00,49.43,49.48,49.43,49.48,39956
2019-05-16 15:50:00-04:00,49.48,49.5,49.435,49.49,48255
2019-05-16 15:55:00-04:00,49.48,49.64,49.475,49.61,128004
2019-05-17 09:25:00-04:00,49.25,49.25,49.25,49.25,1500
2019-05-17 09:30:00-04:00,49.27,49.415,49.195,49.225,15705
2019-05-17 09:35:00-04:00,49.23,49.32,49.21,49.32,13586
2019-05-17 09:40:00-04:00,49.31,49.355,49.295,49.355,19972
2019-05-17 09:45:00-04:00,49.355,49.37,49.3,49.32,15375
2019-05-17 09:50:00-04:00,49.33,49.395,49.27,49.275,6923
2019-05-17 09:55:00-04:00,49.255,49.255,49.175,49.185,16044
2019-05-17 10:00:00-04:00,49.195,49.27,49.195,49.255,17316
2019-05-17 10:05:00-04:00,49.25,49.29,49.225,49.265,5007
2019-05-17 10:10:00-04:00,49.265,49.315,49.255,49.26,4938
2019-05-17 10:15:00-04:00,49.25,49.315,49.24,49.265,9586
2019-05-17 10:20:00-04:00,49.28,49.33,49.27,49.315,12766
2019-05-17 10:25:00-04:00,49.32,49.36,49.305,49.315,13971
2019-05-17 10:30:00-04:00,49.32,49.35,49.295,49.35,9243
2019-05-17 10:35:00-04:00,49.335,49.34,49.305,49.305,8639
2019-05-17 10:40:00-04:00,49.31,49.335,49.27,49.29,12594
2019-05-17 10:45:00-04:00,49.295,49.31,49.285,49.3,4411
2019-05-17 10:50:00-04:00,49.31,49.34,49.305,49.33,7578
2019-05-17 10:55:00-04:00,49.33,49.405,49.33,49.37,21443
2019-05-17 11:00:00-04:00,49.37,49.395,49.34,49.365,10296
2019-05-17 11:05:00-04:00,49.35,49.405,49.33,49.38,10958
2019-05-17 11:10:00-04:00,49.385,49.42,49.375,49.415,7074
2019-05-17 11:15:00-04:00,49.42,49.425,49.33,49.33,8822
2019-05-17 11:20:00-04:00,49.335,49.395,49.335,49.375,11189
2019-05-17 11:25:00-04:00,49.38,49.385,49.35,49.385,4627
2019-05-17 11:30:00-04:00,49.4,49.44,49.39,49.41,10571
2019-05-17 11:35:00-04:00,49.395,49.42,49.385,49.405,4319
2019-05-17 11:40:00-04:00,49.4,49.4,49.33,49.36,4654
2019-05-17 11:45:00-04:00,49.365,49.4,49.35,49.37,6054
2019-05-17 11:50:00-04:00,49.37,49.385,49.355,49.38,4207
2019-05-17 11:55:00-04:00,49.39,49.4,49.36,49.38,3349
2019-05-17 12:00:00-04:00,49.37,49.38,49.35,49.355,4304
2019-05-17 12:05:00-04:00,49.35,49.35,49.3,49.345,5293
2019-05-17 12:10:00-04:00,49.34,49.35,49.305,49.305,5215
2019-05-17 12:15:00-04:00,49.3,49.34,49.295,49.32,5900
2019-05-17 12:20:00-04:00,49.32,49.33,49.31,49.33,4573
2019-05-17 12:25:00-04:00,49.33,49.34,49.315,49.32,4818
2019-05-17 12:30:00-04:00,49.32,49.325,49.29,49.315,6843
2019-05-17 12:35:00-04:00,49.32,49.34,49.32,49.33,5045
2019-05-17 12:40:00-04:00,49.325,49.39,49.325,49.365,10828
2019-05-17 12:45:00-04:00,49.36,49.37,49.345,49.355,12870
2019-05-17 12:50:00-04:00,49.36,49.39,49.355,49.385,9478
2019-05-17 12:55:00-04:00,49.385,49.385,49.345,49.36,5114
2019-05-17 13:00:00-04:00,49.355,49.395,49.355,49.385,11795
2019-05-17 13:05:00-04:00,49.39,49.43,49.385,49.43,8819
2019-05-17 13:10:00-04:00,49.435,49.435,49.4,49.415,8049
2019-05-17 13:15:00-04:00,49.42,49.43,49.4,49.425,40217
2019-05-17 13:20:00-04:00,49.425,49.46,49.425,49.43,15955
2019-05-17 13:25:00-04:00,49.43,49.47,49.425,49.455,8197
2019-05-17 13:30:00-04:00,49.45,49.45,49.415,49.45,7399
2019-05-17 13:35:00-04:00,49.445,49.49,49.44,49.49,2780
2019-05-17 13:40:00-04:00,49.485,49.495,49.46,49.49,7974
2019-05-17 13:45:00-04:00,49.495,49.5,49.47,49.485,7582
2019-05-17 13:50:00-04:00,49.49,49.495,49.485,49.485,4508
2019-05-17 13:55:00-04:00,49.49,49.54,49.485,49.54,13815
2019-05-17 14:00:00-04:00,49.54,49.55,49.52,49.535,4870
2019-05-17 14:05:00-04:00,49.535,49.545,49.515,49.525,4660
2019-05-17 14:10:00-04:00,49.53,49.535,49.5,49.525,10735
2019-05-17 14:15:00-04:00,49.52,49.53,49.495,49.5,9012
2019-05-17 14:20:00-04:00,49.495,49.505,49.47,49.475,5318
2019-05-17 14:25:00-04:00,49.465,49.465,49.44,49.45,3863
2019-05-17 14:30:00-04:00,49.445,49.455,49.43,49.435,5758
2019-05-17 14:35:00-04:00,49.44,49.455,49.435,49.445,3058
2019-05-17 14:40:00-04:00,49.435,49.47,49.41,49.47,10623
2019-05-17 14:45:00-04:00,49.455,49.48,49.455,49.48,5041
2019-05-17 14:50:00-04:00,49.48,49.48,49.445,49.45,4578
2019-05-17 14:55:00-04:00,49.46,49.465,49.435,49.435,7273
2019-05-17 15:00:00-04:00,49.44,49.445,49.33,49.33,14919
2019-05-17 15:05:00-04:00,49.33,49.35,49.25,49.255,13448
2019-05-17 15:10:00-04:00,49.24,49.28,49.225,49.27,14121
2019-05-17 15:15:00-04:00,49.255,49.29,49.23,49.275,8541
2019-05-17 15:20:00-04:00,49.28,49.32,49.27,49.32,9750
2019-05-17 15:25:00-04:00,49.325,49.36,49.31,49.345,10395
2019-05-17 15:30:00-04:00,49.34,49.34,49.27,49.285,10040
2019-05-17 15:35:00-04:00,49.28,49.3,49.26,49.265,12576
2019-05-17 15:40:00-04:00,49.255,49.32,49.225,49.295,18669
2019-05-17 15:45:00-04:00,49.28,49.3,49.22,49.24,24275
2019-05-17 15:50:00-04:00,49.24,49.27,49.22,49.23,49614
2019-05-17 15:55:00-04:00,49.24,49.3,49.2,49.21,109973
2019-05-20 09:25:00-04:00,49.01,49.01,49.01,49.01,100
2019-05-20 09:30:00-04:00,49.01,49.14,49.01,49.06,11383
2019-05-20 09:35:00-04:00,49.065,49.065,48.89,48.91,20897
2019-05-20 09:40:00-04:00,48.89,48.99,48.86,48.97,9180
2019-05-20 09:45:00-04:00,48.98,49.01,48.96,48.98,16419
2019-05-20 09:50:00-04:00,48.98,48.98,48.905,48.91,6594
2019-05-20 09:55:00-04:00,48.915,48.99,48.89,48.93,12153
2019-05-20 10:00:00-04:00,48.92,49.01,48.915,49.005,15784
2019-05-20 10:05:00-04:00,49.03,49.07,49.015,49.04,16865
2019-05-20 10:10:00-04:00,49.04,49.05,48.965,49.0,10290
2019-05-20 10:15:00-04:00,49.0,49.02,48.98,49.0,12678
2019-05-20 10:20:00-04:00,48.99,49.03,48.985,48.99,5636
2019-05-20 10:25:00-04:00,48.99,49.02,48.99,49.0,12877
2019-05-20 10:30:00-04:00,49.0,49.02,48.99,49.0,7597
2019-05-20 10:35:00-04:00,49.01,49.01,48.98,48.99,6044
2019-05-20 10:40:00-04:00,48.985,49.01,48.97,48.98,16596
2019-05-20 10:45:00-04:00,48.98,48.98,48.95,48.96,8243
2019-05-20 10:50:00-04:00,48.97,48.975,48.95,48.95,5932
2019-05-20 10:55:00-04:00,48.945,48.985,48.945,48.96,8026
2019-05-20 11:00:00-04:00,48.97,49.0,48.94,48.99,9692
2019-05-20 11:05:00-04:00,49.0,49.0,48.97,48.985,4993
2019-05-20 11:10:00-04:00,48.98,48.99,48.96,48.97,9866
2019-05-20 11:15:00-04:00,48.97,48.97,48.92,48.93,8330
2019-05-20 11:20:00-04:00,48.93,48.965,48.92,48.95,16743
2019-05-20 11:25:00-04:00,48.95,48.97,48.94,48.955,13667
2019-05-20 11:30:00-04:00,48.96,48.98,48.94,48.945,13493
2019-05-20 11:35:00-04:00,48.94,48.945,48.9,48.92,9557
2019-05-20 11:40:00-04:00,48.92,48.955,48.92,48.955,8535
2019-05-20 11:45:00-04:00,48.98,49.025,48.98,49.02,7529
2019-05-20 11:50:00-04:00,49.025,49.03,48.97,48.97,12202
2019-05-20 11:55:00-04:00,48.975,48.98,48.92,48.94,9106
2019-05-20 12:00:00-04:00,48.96,48.98,48.94,48.96,5365
2019-05-20 12:05:00-04:00,48.97,48.975,48.93,48.965,6821
2019-05-20 12:10:00-04:00,48.955,48.975,48.95,48.95,5714
2019-05-20 12:15:00-04:00,48.96,48.99,48.955,48.975,9895
2019-05-20 12:20:00-04:00,48.975,48.99,48.955,48.955,9913
2019-05-20 12:25:00-04:00,48.955,48.96,48.91,48.91,6982
2019-05-20 12:30:00-04:00,48.905,48.91,48.81,48.81,12160
2019-05-20 12:35:00-04:00,48.81,48.88,48.81,48.88,9765
2019-05-20 12:40:00-04:00,48.87,48.88,48.85,48.85,6787
2019-05-20 12:45:00-04:00,48.85,48.865,48.85,48.86,3851
2019-05-20 12:50:00-04:00,48.86,48.87,48.83,48.83,6726
2019-05-20 12:55:00-04:00,48.82,48.83,48.81,48.82,7377
2019-05-20 13:00:00-04:00,48.82,48.85,48.815,48.84,8742
2019-05-20 13:05:00-04:00,48.84,48.84,48.81,48.83,3934
2019-05-20 13:10:00-04:00,48.84,48.865,48.82,48.86,6523
2019-05-20 13:15:00-04:00,48.86,48.9,48.86,48.88,6198
2019-05-20 13:20:00-04:00,48.89,48.89,48.86,48.88,9202
2019-05-20 13:25:00-04:00,48.885,48.91,48.87,48.91,6268
2019-05-20 13:30:00-04:00,48.9,48.94,48.895,48.895,19036
2019-05-20 13:35:00-04:00,48.895,48.915,48.89,48.915,8749
2019-05-20 13:40:00-04:00,48.91,48.92,48.895,48.905,9578
2019-05-20 13:45:00-04:00,48.905,48.935,48.9,48.905,23205
2019-05-20 13:50:00-04:00,48.9,48.91,48.89,48.9,18077
2019-05-20 13:55:00-04:00,48.89,48.895,48.875,48.88,7967
2019-05-20 14:00:00-04:00,48.895,48.905,48.865,48.865,5508
2019-05-20 14:05:00-04:00,48.865,48.91,48.865,48.9,5463
2019-05-20 14:10:00-04:00,48.9,48.91,48.88,48.88,11201
2019-05-20 14:15:00-04:00,48.88,48.885,48.87,48.885,5381
2019-05-20 14:20:00-04:00,48.88,48.89,48.855,48.86,7450
2019-05-20 14:25:00-04:00,48.86,48.865,48.84,48.84,10700
2019-05-20 14:30:00-04:00,48.84,48.865,48.83,48.84,6127
2019-05-20 14:35:00-04:00,48.855,48.855,48.81,48.81,10997
2019-05-20 14:40:00-04:00,48.81,48.835,48.8,48.825,19290
2019-05-20 14:45:00-04:00,48.825,48.825,48.79,48.795,25095
2019-05-20 14:50:00-04:00,48.8,48.81,48.78,48.805,20758
2019-05-20 14:55:00-04:00,48.8,48.8,48.78,48.79,8575
2019-05-20 15:00:00-04:00,48.79,48.8,48.76,48.795,7555
2019-05-20 15:05:00-04:00,48.79,48.83,48.79,48.79,12760
2019-05-20 15:10:00-04:00,48.79,48.805,48.775,48.805,8470
2019-05-20 15:15:00-04:00,48.805,48.815,48.78,48.805,23135
2019-05-20 15:20:00-04:00,48.805,48.83,48.79,48.79,20632
2019-05-20 15:25:00-04:00,48.785,48.81,48.77,48.805,19327
2019-05-20 15:30:00-04:00,48.805,48.815,48.785,48.8,17325
2019-05-20 15:35:00-04:00,48.79,48.85,48.775,48.83,26975
2019-05-20 15:40:00-04:00,48.825,48.855,48.825,48.85,12664
2019-05-20 15:45:00-04:00,48.85,48.88,48.85,48.86,59367
2019-05-20 15:50:00-04:00,48.855,48.88,48.84,48.855,91758
2019-05-20 15:55:00-04:00,48.85,48.875,48.825,48.84,129588
2019-05-21 09:30:00-04:00,49.015,49.015,48.72,48.77,5326
2019-05-21 09:35:00-04:00,48.77,48.82,48.73,48.73,7606
2019-05-21 09:40:00-04:00,48.735,48.76,48.69,48.72,6472
2019-05-21 09:45:00-04:00,48.71,48.8,48.69,48.78,7289
2019-05-21 09:50:00-04:00,48.76,48.765,48.65,48.685,12082
2019-05-21 09:55:00-04:00,48.69,48.76,48.69,48.745,13941
2019-05-21 10:00:00-04:00,48.74,48.765,48.69,48.705,10354
2019-05-21 10:05:00-04:00,48.73,48.73,48.63,48.63,7567
2019-05-21 10:10:00-04:00,48.63,48.63,48.545,48.55,10572
2019-05-21 10:15:00-04:00,48.545,48.655,48.545,48.64,8747
2019-05-21 10:20:00-04:00,48.64,48.645,48.61,48.62,8546
2019-05-21 10:25:00-04:00,48.62,48.64,48.58,48.63,7739
2019-05-21 10:30:00-04:00,48.625,48.675,48.61,48.645,6991
2019-05-21 10:35:00-04:00,48.63,48.66,48.62,48.62,3919
2019-05-21 10:40:00-04:00,48.63,48.63,48.61,48.625,18138
2019-05-21 10:45:00-04:00,48.63,48.64,48.595,48.605,20103
2019-05-21 10:50:00-04:00,48.61,48.625,48.585,48.61,17099
2019-05-21 10:55:00-04:00,48.61,48.66,48.605,48.625,12335
2019-05-21 11:00:00-04:00,48.63,48.63,48.6,48.62,12058
2019-05-21 11:05:00-04:00,48.625,48.64,48.61,48.625,4806
2019-05-21 11:10:00-04:00,48.63,48.64,48.62,48.63,3369
2019-05-21 11:15:00-04:00,48.64,48.65,48.63,48.64,3507
2019-05-21 11:20:00-04:00,48.63,48.64,48.62,48.63,9489
2019-05-21 11:25:00-04:00,48.625,48.655,48.625,48.64,6130
2019-05-21 11:30:00-04:00,48.63,48.635,48.615,48.62,5780
2019-05-21 11:35:00-04:00,48.62,48.62,48.555,48.565,15649
2019-05-21 11:40:00-04:00,48.57,48.57,48.495,48.5,21930
2019-05-21 11:45:00-04:00,48.5,48.515,48.475,48.51,26344
2019-05-21 11:50:00-04:00,48.51,48.54,48.475,48.54,16283
2019-05-21 11:55:00-04:00,48.54,48.55,48.525,48.545,15536
2019-05-21 12:00:00-04:00,48.55,48.58,48.515,48.515,17237
2019-05-21 12:05:00-04:00,48.52,48.525,48.465,48.465,15197
2019-05-21 12:10:00-04:00,48.47,48.505,48.47,48.505,7486
2019-05-21 12:15:00-04:00,48.51,48.51,48.445,48.465,10958
2019-05-21 12:20:00-04:00,48.47,48.5,48.465,48.495,3673
2019-05-21 12:25:00-04:00,48.485,48.495,48.465,48.47,4051
2019-05-21 12:30:00-04:00,48.48,48.485,48.46,48.48,12355
2019-05-21 12:35:00-04:00,48.48,48.5,48.46,48.49,8156
2019-05-21 12:40:00-04:00,48.48,48.505,48.475,48.5,3911
2019-05-21 12:45:00-04:00,48.495,48.5,48.48,48.49,3281
2019-05-21 12:50:00-04:00,48.5,48.51,48.485,48.49,4206
2019-05-21 12:55:00-04:00,48.485,48.51,48.485,48.51,3711
2019-05-21 13:00:00-04:00,48.505,48.52,48.505,48.52,10598
2019-05-21 13:05:00-04:00,48.52,48.555,48.51,48.555,8989
2019-05-21 13:10:00-04:00,48.55,48.55,48.53,48.54,5319
2019-05-21 13:15:00-04:00,48.53,48.54,48.515,48.52,7443
2019-05-21 13:20:00-04:00,48.51,48.55,48.505,48.55,5578
2019-05-21 13:25:00-04:00,48.545,48.55,48.52,48.525,3642
2019-05-21 13:30:00-04:00,48.52,48.525,48.49,48.495,12423
2019-05-21 13:35:00-04:00,48.495,48.515,48.495,48.51,2343
2019-05-21 13:40:00-04:00,48.505,48.52,48.495,48.515,1533
2019-05-21 13:45:00-04:00,48.52,48.55,48.52,48.55,2447
2019-05-21 13:50:00-04:00,48.55,48.565,48.54,48.545,4725
2019-05-21 13:55:00-04:00,48.56,48.595,48.56,48.595,5043
2019-05-21 14:00:00-04:00,48.59,48.595,48.525,48.53,13903
2019-05-21 14:05:00-04:00,48.53,48.53,48.52,48.53,5095
2019-05-21 14:10:00-04:00,48.535,48.55,48.52,48.525,9218
2019-05-21 14:15:00-04:00,48.54,48.55,48.535,48.535,5303
2019-05-21 14:20:00-04:00,48.54,48.545,48.52,48.54,7373
2019-05-21 14:25:00-04:00,48.545,48.59,48.545,48.59,9054
2019-05-21 14:30:00-04:00,48.59,48.59,48.565,48.575,6107
2019-05-21 14:35:00-04:00,48.57,48.59,48.57,48.59,8311
2019-05-21 14:40:00-04:00,48.59,48.63,48.575,48.63,9543
2019-05-21 14:45:00-04:00,48.62,48.625,48.6,48.6,6753
2019-05-21 14:50:00-04:00,48.6,48.61,48.585,48.6,48537
2019-05-21 14:55:00-04:00,48.61,48.61,48.59,48.605,8639
2019-05-21 15:00:00-04:00,48.6,48.61,48.59,48.6,6013
2019-05-21 15:05:00-04:00,48.6,48.63,48.6,48.6,4027
2019-05-21 15:10:00-04:00,48.61,48.61,48.585,48.6,6202
2019-05-21 15:15:00-04:00,48.605,48.605,48.57,48.58,5029
2019-05-21 15:20:00-04:00,48.58,48.6,48.565,48.58,8239
2019-05-21 15:25:00-04:00,48.58,48.635,48.575,48.635,19605
2019-05-21 15:30:00-04:00,48.635,48.65,48.585,48.595,24674
2019-05-21 15:35:00-04:00,48.6,48.61,48.585,48.61,16987
2019-05-21 15:40:00-04:00,48.61,48.62,48.585,48.595,23765
2019-05-21 15:45:00-04:00,48.6,48.62,48.59,48.605,21940
2019-05-21 15:50:00-04:00,48.61,48.61,48.565,48.57,19939
2019-05-21 15:55:00-04:00,48.57,48.6,48.55,48.6,94874
2019-05-22 09:25:00-04:00,48.87,48.87,48.87,48.87,100
2019-05-22 09:30:00-04:00,48.77,48.96,48.73,48.87,37974
2019-05-22 09:35:00-04:00,48.88,48.91,48.82,48.88,24056
2019-05-22 09:40:00-04:00,48.89,49.075,48.89,49.04,17441
2019-05-22 09:45:00-04:00,49.04,49.16,49.04,49.06,14926
2019-05-22 09:50:00-04:00,49.03,49.085,49.03,49.05,10815
2019-05-22 09:55:00-04:00,49.055,49.07,49.03,49.035,12505
2019-05-22 10:00:00-04:00,49.02,49.15,49.02,49.125,15523
2019-05-22 10:05:00-04:00,49.12,49.145,49.07,49.145,17169
2019-05-22 10:10:00-04:00,49.155,49.185,49.115,49.135,18624
2019-05-22 10:15:00-04:00,49.14,49.27,49.14,49.16,21534
2019-05-22 10:20:00-04:00,49.15,49.19,49.115,49.185,13790
2019-05-22 10:25:00-04:00,49.19,49.205,49.14,49.19,11305
2019-05-22 10:30:00-04:00,49.19,49.195,49.135,49.15,9132
2019-05-22 10:35:00-04:00,49.14,49.16,49.12,49.15,11150
2019-05-22 10:40:00-04:00,49.145,49.16,49.11,49.115,8793
2019-05-22 10:45:00-04:00,49.11,49.11,49.065,49.075,22927
2019-05-22 10:50:00-04:00,49.075,49.09,49.035,49.035,15654
2019-05-22 10:55:00-04:00,49.035,49.115,49.035,49.09,13629
2019-05-22 11:00:00-04:00,49.095,49.11,49.065,49.11,20462
2019-05-22 11:05:00-04:00,49.12,49.16,49.11,49.13,15810
2019-05-22 11:10:00-04:00,49.135,49.14,49.095,49.125,14377
2019-05-22 11:15:00-04:00,49.12,49.14,49.11,49.125,12266
2019-05-22 11:20:00-04:00,49.14,49.19,49.13,49.19,8618
2019-05-22 11:25:00-04:00,49.19,49.205,49.18,49.18,13761
2019-05-22 11:30:00-04:00,49.18,49.19,49.15,49.155,6121
2019-05-22 11:35:00-04:00,49.17,49.18,49.16,49.17,3930
2019-05-22 11:40:00-04:00,49.16,49.25,49.145,49.25,8319
2019-05-22 11:45:00-04:00,49.24,49.28,49.235,49.255,13673
2019-05-22 11:50:00-04:00,49.265,49.3,49.265,49.29,17672
2019-05-22 11:55:00-04:00,49.29,49.35,49.285,49.35,7086
2019-05-22 12:00:00-04:00,49.345,49.35,49.275,49.32,30038
2019-05-22 12:05:00-04:00,49.32,49.325,49.28,49.3,16356
2019-05-22 12:10:00-04:00,49.29,49.3,49.21,49.23,6004
2019-05-22 12:15:00-04:00,49.24,49.255,49.23,49.235,6713
2019-05-22 12:20:00-04:00,49.24,49.265,49.21,49.265,16898
2019-05-22 12:25:00-04:00,49.255,49.285,49.25,49.28,6220
2019-05-22 12:30:00-04:00,49.29,49.29,49.23,49.255,7914
2019-05-22 12:35:00-04:00,49.255,49.255,49.22,49.245,5902
2019-05-22 12:40:00-04:00,49.24,49.24,49.23,49.235,4465
2019-05-22 12:45:00-04:00,49.23,49.28,49.23,49.28,6635
2019-05-22 12:50:00-04:00,49.285,49.31,49.28,49.31,8022
2019-05-22 12:55:00-04:00,49.32,49.37,49.315,49.37,5198
2019-05-22 13:00:00-04:00,49.35,49.36,49.34,49.345,9408
2019-05-22 13:05:00-04:00,49.34,49.35,49.285,49.29,5055
2019-05-22 13:10:00-04:00,49.285,49.3,49.27,49.28,3643
2019-05-22 13:15:00-04:00,49.285,49.31,49.285,49.295,15542
2019-05-22 13:20:00-04:00,49.295,49.33,49.29,49.31,14417
2019-05-22 13:25:00-04:00,49.32,49.335,49.305,49.33,7924
2019-05-22 13:30:00-04:00,49.33,49.41,49.305,49.4,10978
2019-05-22 13:35:00-04:00,49.4,49.5,49.4,49.5,12695
2019-05-22 13:40:00-04:00,49.51,49.52,49.42,49.42,9911
2019-05-22 13:45:00-04:00,49.41,49.42,49.36,49.36,4848
2019-05-22 13:50:00-04:00,49.36,49.39,49.355,49.39,4605
2019-05-22 13:55:00-04:00,49.39,49.435,49.38,49.42,17453
2019-05-22 14:00:00-04:00,49.395,49.42,49.375,49.38,7147
2019-05-22 14:05:00-04:00,49.385,49.405,49.38,49.4,6149
2019-05-22 14:10:00-04:00,49.395,49.4,49.355,49.36,8881
2019-05-22 14:15:00-04:00,49.355,49.375,49.345,49.375,4586
2019-05-22 14:20:00-04:00,49.365,49.42,49.365,49.42,7539
2019-05-22 14:25:00-04:00,49.415,49.42,49.395,49.4,7180
2019-05-22 14:30:00-04:00,49.41,49.45,49.41,49.435,7995
2019-05-22 14:35:00-04:00,49.445,49.52,49.445,49.5,13196
2019-05-22 14:40:00-04:00,49.5,49.55,49.5,49.515,24993
2019-05-22 14:45:00-04:00,49.525,49.56,49.525,49.555,4874
2019-05-22 14:50:00-04:00,49.56,49.57,49.555,49.555,9403
2019-05-22 14:55:00-04:00,49.56,49.57,49.54,49.555,10078
2019-05-22 15:00:00-04:00,49.555,49.59,49.55,49.575,14816
2019-05-22 15:05:00-04:00,49.57,49.595,49.57,49.585,20086
2019-05-22 15:10:00-04:00,49.585,49.61,49.56,49.58,10067
2019-05-22 15:15:00-04:00,49.58,49.58,49.55,49.58,10930
2019-05-22 15:20:00-04:00,49.58,49.6,49.57,49.59,15453
2019-05-22 15:25:00-04:00,49.59,49.68,49.585,49.67,24639
2019-05-22 15:30:00-04:00,49.66,49.68,49.625,49.68,23161
2019-05-22 15:35:00-04:00,49.68,49.68,49.635,49.635,18680
2019-05-22 15:40:00-04:00,49.635,49.65,49.63,49.65,15837
2019-05-22 15:45:00-04:00,49.645,49.7,49.625,49.63,27172
2019-05-22 15:50:00-04:00,49.63,49.66,49.61,49.645,35329
2019-05-22 15:55:00-04:00,49.63,49.705,49.63,49.65,99815
2019-05-23 09:30:00-04:00,49.52,49.6,49.49,49.57,5050
2019-05-23 09:35:00-04:00,49.575,49.59,49.54,49.59,8643
2019-05-23 09:40:00-04:00,49.575,49.75,49.57,49.74,18668
2019-05-23 09:45:00-04:00,49.74,49.74,49.63,49.64,13757
2019-05-23 09:50:00-04:00,49.64,49.67,49.62,49.66,9072
2019-05-23 09:55:00-04:00,49.65,49.71,49.65,49.7,6291
2019-05-23 10:00:00-04:00,49.7,49.785,49.69,49.765,8215
2019-05-23 10:05:00-04:00,49.76,49.82,49.745,49.775,15407
2019-05-23 10:10:00-04:00,49.775,49.84,49.755,49.81,7577
2019-05-23 10:15:00-04:00,49.83,49.855,49.75,49.76,11833
2019-05-23 10:20:00-04:00,49.76,49.76,49.69,49.75,7658
2019-05-23 10:25:00-04:00,49.74,49.745,49.7,49.72,9505
2019-05-23 10:30:00-04:00,49.72,49.72,49.64,49.65,9570
2019-05-23 10:35:00-04:00,49.66,49.67,49.62,49.635,9293
2019-05-23 10:40:00-04:00,49.64,49.66,49.6,49.61,11230
2019-05-23 10:45:00-04:00,49.6,49.65,49.58,49.58,7481
2019-05-23 10:50:00-04:00,49.6,49.68,49.59,49.665,16534
2019-05-23 10:55:00-04:00,49.665,49.79,49.665,49.775,13811
2019-05-23 11:00:00-04:00,49.78,49.8,49.755,49.765,13890
2019-05-23 11:05:00-04:00,49.77,49.86,49.77,49.845,8482
2019-05-23 11:10:00-04:00,49.855,49.855,49.805,49.82,10961
2019-05-23 11:15:00-04:00,49.82,49.84,49.8,49.84,4997
2019-05-23 11:20:00-04:00,49.835,49.85,49.8,49.83,11113
2019-05-23 11:25:00-04:00,49.83,49.83,49.78,49.78,8307
2019-05-23 11:30:00-04:00,49.78,49.81,49.77,49.77,9371
2019-05-23 11:35:00-04:00,49.78,49.84,49.78,49.835,5919
2019-05-23 11:40:00-04:00,49.83,49.88,49.815,49.86,13913
2019-05-23 11:45:00-04:00,49.86,49.895,49.855,49.89,8874
2019-05-23 11:50:00-04:00,49.89,49.895,49.875,49.88,8718
2019-05-23 11:55:00-04:00,49.885,49.89,49.865,49.87,6499
2019-05-23 12:00:00-04:00,49.875,49.88,49.85,49.86,8271
2019-05-23 12:05:00-04:00,49.86,49.9,49.855,49.88,7678
2019-05-23 12:10:00-04:00,49.87,49.9,49.865,49.89,4807
2019-05-23 12:15:00-04:00,49.88,49.88,49.86,49.87,5718
2019-05-23 12:20:00-04:00,49.865,49.88,49.845,49.88,7072
2019-05-23 12:25:00-04:00,49.875,49.9,49.875,49.89,6071
2019-05-23 12:30:00-04:00,49.885,49.895,49.84,49.84,5994
2019-05-23 12:35:00-04:00,49.83,49.845,49.82,49.82,7721
2019-05-23 12:40:00-04:00,49.83,49.84,49.82,49.83,7202
2019-05-23 12:45:00-04:00,49.83,49.85,49.79,49.79,9941
2019-05-23 12:50:00-04:00,49.79,49.79,49.7,49.71,7580
2019-05-23 12:55:00-04:00,49.71,49.71,49.68,49.69,13222
2019-05-23 13:00:00-04:00,49.68,49.69,49.65,49.68,9361
2019-05-23 13:05:00-04:00,49.68,49.74,49.68,49.73,14191
2019-05-23 13:10:00-04:00,49.74,49.78,49.735,49.765,8546
2019-05-23 13:15:00-04:00,49.77,49.78,49.73,49.745,9803
2019-05-23 13:20:00-04:00,49.74,49.775,49.74,49.77,5985
2019-05-23 13:25:00-04:00,49.77,49.81,49.77,49.79,5759
2019-05-23 13:30:00-04:00,49.77,49.78,49.76,49.77,13096
2019-05-23 13:35:00-04:00,49.775,49.775,49.74,49.75,7733
2019-05-23 13:40:00-04:00,49.76,49.79,49.76,49.78,2043
2019-05-23 13:45:00-04:00,49.785,49.815,49.78,49.79,8493
2019-05-23 13:50:00-04:00,49.79,49.79,49.755,49.765,3081
2019-05-23 13:55:00-04:00,49.76,49.78,49.74,49.76,6390
2019-05-23 14:00:00-04:00,49.75,49.76,49.72,49.72,5242
2019-05-23 14:05:00-04:00,49.72,49.74,49.7,49.7,6830
2019-05-23 14:10:00-04:00,49.71,49.72,49.7,49.71,3925
2019-05-23 14:15:00-04:00,49.705,49.735,49.705,49.73,5959
2019-05-23 14:20:00-04:00,49.735,49.74,49.71,49.71,5378
2019-05-23 14:25:00-04:00,49.7,49.72,49.68,49.695,15349
2019-05-23 14:30:00-04:00,49.695,49.7,49.68,49.7,4593
2019-05-23 14:35:00-04:00,49.7,49.7,49.66,49.67,3795
2019-05-23 14:40:00-04:00,49.67,49.67,49.62,49.63,6732
2019-05-23 14:45:00-04:00,49.64,49.655,49.63,49.64,5525
2019-05-23 14:50:00-04:00,49.64,49.655,49.61,49.64,7996
2019-05-23 14:55:00-04:00,49.635,49.635,49.615,49.63,5538
2019-05-23 15:00:00-04:00,49.62,49.64,49.615,49.64,13170
2019-05-23 15:05:00-04:00,49.63,49.665,49.63,49.65,10205
2019-05-23 15:10:00-04:00,49.66,49.695,49.655,49.685,6175
2019-05-23 15:15:00-04:00,49.695,49.735,49.685,49.73,12029
2019-05-23 15:20:00-04:00,49.73,49.785,49.73,49.76,11635
2019-05-23 15:25:00-04:00,49.755,49.81,49.745,49.8,16811
2019-05-23 15:30:00-04:00,49.8,49.84,49.79,49.81,19110
2019-05-23 15:35:00-04:00,49.81,49.82,49.78,49.78,17823
2019-05-23 15:40:00-04:00,49.78,49.79,49.71,49.71,18183
2019-05-23 15:45:00-04:00,49.72,49.73,49.645,49.66,37824
2019-05-23 15:50:00-04:00,49.67,49.72,49.65,49.72,28422
2019-05-23 15:55:00-04:00,49.73,49.87,49.7,49.86,85648
2019-05-24 09:30:00-04:00,49.8,49.8,49.7,49.7,5187
2019-05-24 09:35:00-04:00,49.75,49.77,49.72,49.75,6899
2019-05-24 09:40:00-04:00,49.75,49.765,49.71,49.74,5296
2019-05-24 09:45:00-04:00,49.73,49.78,49.73,49.77,6844
2019-05-24 09:50:00-04:00,49.77,49.775,49.665,49.67,17853
2019-05-24 09:55:00-04:00,49.66,49.695,49.605,49.695,6999
2019-05-24 10:00:00-04:00,49.695,49.755,49.69,49.755,6626
2019-05-24 10:05:00-04:00,49.755,49.755,49.685,49.69,8098
2019-05-24 10:10:00-04:00,49.685,49.76,49.685,49.71,6981
2019-05-24 10:15:00-04:00,49.71,49.78,49.7,49.775,4448
2019-05-24 10:20:00-04:00,49.77,49.78,49.755,49.765,5485
2019-05-24 10:25:00-04:00,49.765,49.77,49.73,49.77,4611
2019-05-24 10:30:00-04:00,49.76,49.79,49.76,49.79,10691
2019-05-24 10:35:00-04:00,49.78,49.81,49.775,49.8,7009
2019-05-24 10:40:00-04:00,49.79,49.805,49.78,49.79,5020
2019-05-24 10:45:00-04:00,49.78,49.795,49.755,49.76,6182
2019-05-24 10:50:00-04:00,49.75,49.75,49.69,49.7,5491
2019-05-24 10:55:00-04:00,49.69,49.695,49.62,49.62,4527
2019-05-24 11:00:00-04:00,49.62,49.62,49.58,49.58,3315
2019-05-24 11:05:00-04:00,49.58,49.59,49.54,49.55,3373
2019-05-24 11:10:00-04:00,49.565,49.57,49.54,49.54,3190
2019-05-24 11:15:00-04:00,49.54,49.58,49.535,49.58,2462
2019-05-24 11:20:00-04:00,49.57,49.585,49.56,49.58,4365
2019-05-24 11:25:00-04:00,49.585,49.62,49.58,49.62,3624
2019-05-24 11:30:00-04:00,49.64,49.655,49.62,49.655,2258
2019-05-24 11:35:00-04:00,49.65,49.68,49.65,49.68,3340
2019-05-24 11:40:00-04:00,49.675,49.71,49.665,49.69,3848
2019-05-24 11:45:00-04:00,49.69,49.725,49.69,49.72,3859
2019-05-24 11:50:00-04:00,49.73,49.74,49.725,49.73,2872
2019-05-24 11:55:00-04:00,49.73,49.74,49.7,49.7,3079
2019-05-24 12:00:00-04:00,49.7,49.715,49.7,49.71,2317
2019-05-24 12:05:00-04:00,49.71,49.71,49.69,49.7,3381
2019-05-24 12:10:00-04:00,49.71,49.71,49.65,49.65,2704
2019-05-24 12:15:00-04:00,49.66,49.665,49.63,49.64,2661
2019-05-24 12:20:00-04:00,49.65,49.685,49.65,49.68,7021
2019-05-24 12:25:00-04:00,49.68,49.69,49.66,49.67,3668
2019-05-24 12:30:00-04:00,49.67,49.69,49.67,49.68,4310
2019-05-24 12:35:00-04:00,49.69,49.695,49.66,49.675,4218
2019-05-24 12:40:00-04:00,49.67,49.68,49.66,49.66,2245
2019-05-24 12:45:00-04:00,49.67,49.69,49.67,49.68,3390
2019-05-24 12:50:00-04:00,49.67,49.675,49.645,49.655,3032
2019-05-24 12:55:00-04:00,49.66,49.67,49.65,49.67,2214
2019-05-24 13:00:00-04:00,49.68,49.7,49.67,49.675,2427
2019-05-24 13:05:00-04:00,49.69,49.7,49.68,49.69,1202
2019-05-24 13:10:00-04:00,49.69,49.72,49.68,49.715,2898
2019-05-24 13:15:00-04:00,49.72,49.73,49.71,49.73,1555
2019-05-24 13:20:00-04:00,49.73,49.735,49.72,49.72,3064
2019-05-24 13:25:00-04:00,49.72,49.72,49.705,49.71,1749
2019-05-24 13:30:00-04:00,49.72,49.725,49.71,49.72,7756
2019-05-24 13:35:00-04:00,49.725,49.75,49.72,49.75,6426
2019-05-24 13:40:00-04:00,49.74,49.75,49.74,49.745,1334
2019-05-24 13:45:00-04:00,49.745,49.75,49.74,49.745,804
2019-05-24 13:50:00-04:00,49.745,49.76,49.735,49.75,6486
2019-05-24 13:55:00-04:00,49.74,49.745,49.73,49.745,2551
2019-05-24 14:00:00-04:00,49.74,49.74,49.72,49.73,2829
2019-05-24 14:05:00-04:00,49.73,49.73,49.7,49.72,5966
2019-05-24 14:10:00-04:00,49.73,49.735,49.725,49.73,3460
2019-05-24 14:15:00-04:00,49.72,49.73,49.715,49.725,2127
2019-05-24 14:20:00-04:00,49.73,49.73,49.71,49.715,3167
2019-05-24 14:25:00-04:00,49.71,49.72,49.7,49.715,4969
2019-05-24 14:30:00-04:00,49.72,49.73,49.72,49.725,2828
2019-05-24 14:35:00-04:00,49.725,49.76,49.72,49.75,3045
2019-05-24 14:40:00-04:00,49.75,49.76,49.745,49.745,3493
2019-05-24 14:45:00-04:00,49.75,49.765,49.75,49.755,2376
2019-05-24 14:50:00-04:00,49.75,49.76,49.74,49.745,6059
2019-05-24 14:55:00-04:00,49.74,49.75,49.74,49.75,2400
2019-05-24 15:00:00-04:00,49.755,49.76,49.74,49.74,4036
2019-05-24 15:05:00-04:00,49.74,49.74,49.725,49.735,4819
2019-05-24 15:10:00-04:00,49.73,49.74,49.73,49.74,4816
2019-05-24 15:15:00-04:00,49.73,49.73,49.685,49.7,5161
2019-05-24 15:20:00-04:00,49.695,49.7,49.685,49.685,2961
2019-05-24 15:25:00-04:00,49.69,49.69,49.66,49.66,4445
2019-05-24 15:30:00-04:00,49.66,49.66,49.625,49.625,5427
2019-05-24 15:35:00-04:00,49.63,49.65,49.63,49.64,6318
2019-05-24 15:40:00-04:00,49.65,49.67,49.64,49.64,6468
2019-05-24 15:45:00-04:00,49.64,49.655,49.615,49.65,10680
2019-05-24 15:50:00-04:00,49.66,49.665,49.64,49.655,14614
2019-05-24 15:55:00-04:00,49.65,49.69,49.58,49.63,54372
2019-05-24 16:00:00-04:00,49.68,49.68,49.68,49.68,405
2019-05-28 09:30:00-04:00,49.58,49.62,49.369,49.369,6988
2019-05-28 09:35:00-04:00,49.39,49.5,49.39,49.47,2178
2019-05-28 09:40:00-04:00,49.47,49.57,49.45,49.57,2899
2019-05-28 09:45:00-04:00,49.6,49.67,49.55,49.66,2138
2019-05-28 09:50:00-04:00,49.64,49.65,49.585,49.63,9492
2019-05-28 09:55:00-04:00,49.64,49.65,49.585,49.61,3849
2019-05-28 10:00:00-04:00,49.61,49.615,49.56,49.59,2531
2019-05-28 10:05:00-04:00,49.58,49.58,49.51,49.51,3533
2019-05-28 10:10:00-04:00,49.51,49.51,49.46,49.46,4406
2019-05-28 10:15:00-04:00,49.45,49.47,49.415,49.425,10771
2019-05-28 10:20:00-04:00,49.41,49.47,49.4,49.47,5688
2019-05-28 10:25:00-04:00,49.475,49.475,49.44,49.44,3003
2019-05-28 10:30:00-04:00,49.45,49.465,49.42,49.42,3547
2019-05-28 10:35:00-04:00,49.41,49.45,49.395,49.44,4136
2019-05-28 10:40:00-04:00,49.46,49.46,49.37,49.37,4372
2019-05-28 10:45:00-04:00,49.35,49.36,49.34,49.345,4542
2019-05-28 10:50:00-04:00,49.36,49.4,49.35,49.4,3883
2019-05-28 10:55:00-04:00,49.39,49.41,49.38,49.39,3012
2019-05-28 11:00:00-04:00,49.38,49.4,49.37,49.39,2468
2019-05-28 11:05:00-04:00,49.385,49.39,49.34,49.34,2500
2019-05-28 11:10:00-04:00,49.335,49.35,49.32,49.34,3965
2019-05-28 11:15:00-04:00,49.34,49.35,49.315,49.315,3107
2019-05-28 11:20:00-04:00,49.3,49.31,49.27,49.28,4285
2019-05-28 11:25:00-04:00,49.28,49.295,49.23,49.235,7998
2019-05-28 11:30:00-04:00,49.22,49.295,49.21,49.285,10369
2019-05-28 11:35:00-04:00,49.28,49.29,49.27,49.275,5930
2019-05-28 11:40:00-04:00,49.27,49.315,49.27,49.29,3411
2019-05-28 11:45:00-04:00,49.29,49.29,49.24,49.24,2977
2019-05-28 11:50:00-04:00,49.24,49.315,49.23,49.315,8393
2019-05-28 11:55:00-04:00,49.32,49.365,49.32,49.36,6991
2019-05-28 12:00:00-04:00,49.37,49.4,49.36,49.395,9682
2019-05-28 12:05:00-04:00,49.4,49.415,49.39,49.39,5076
2019-05-28 12:10:00-04:00,49.39,49.4,49.36,49.36,5227
2019-05-28 12:15:00-04:00,49.36,49.37,49.35,49.35,2841
2019-05-28 12:20:00-04:00,49.35,49.385,49.35,49.37,5409
2019-05-28 12:25:00-04:00,49.38,49.41,49.36,49.395,8549
2019-05-28 12:30:00-04:00,49.39,49.42,49.385,49.4,6726
2019-05-28 12:35:00-04:00,49.39,49.39,49.34,49.36,4791
2019-05-28 12:40:00-04:00,49.37,49.41,49.37,49.37,9397
2019-05-28 12:45:00-04:00,49.37,49.39,49.36,49.38,6293
2019-05-28 12:50:00-04:00,49.37,49.41,49.37,49.4,6826
2019-05-28 12:55:00-04:00,49.4,49.41,49.39,49.4,10321
2019-05-28 13:00:00-04:00,49.4,49.4,49.345,49.345,66015
2019-05-28 13:05:00-04:00,49.355,49.38,49.355,49.365,2977
2019-05-28 13:10:00-04:00,49.37,49.39,49.37,49.37,2203
2019-05-28 13:15:00-04:00,49.38,49.38,49.32,49.32,7477
2019-05-28 13:20:00-04:00,49.33,49.365,49.33,49.365,5511
2019-05-28 13:25:00-04:00,49.39,49.39,49.37,49.385,2343
2019-05-28 13:30:00-04:00,49.39,49.4,49.38,49.39,10393
2019-05-28 13:35:00-04:00,49.38,49.405,49.38,49.4,5255
2019-05-28 13:40:00-04:00,49.4,49.45,49.4,49.445,6363
2019-05-28 13:45:00-04:00,49.435,49.46,49.435,49.435,4823
2019-05-28 13:50:00-04:00,49.435,49.44,49.43,49.43,2628
2019-05-28 13:55:00-04:00,49.43,49.43,49.39,49.39,4287
2019-05-28 14:00:00-04:00,49.4,49.4,49.37,49.375,13770
2019-05-28 14:05:00-04:00,49.375,49.415,49.37,49.405,10296
2019-05-28 14:10:00-04:00,49.405,49.435,49.4,49.425,7168
2019-05-28 14:15:00-04:00,49.42,49.445,49.42,49.42,5676
2019-05-28 14:20:00-04:00,49.42,49.435,49.41,49.43,3688
2019-05-28 14:25:00-04:00,49.43,49.45,49.43,49.45,9087
2019-05-28 14:30:00-04:00,49.455,49.51,49.45,49.49,14758
2019-05-28 14:35:00-04:00,49.49,49.5,49.47,49.49,5199
2019-05-28 14:40:00-04:00,49.49,49.49,49.44,49.44,15479
2019-05-28 14:45:00-04:00,49.44,49.455,49.41,49.41,9916
2019-05-28 14:50:00-04:00,49.4,49.41,49.37,49.37,11239
2019-05-28 14:55:00-04:00,49.37,49.38,49.345,49.38,4148
2019-05-28 15:00:00-04:00,49.37,49.38,49.33,49.33,10874
2019-05-28 15:05:00-04:00,49.33,49.36,49.32,49.35,6643
2019-05-28 15:10:00-04:00,49.35,49.35,49.31,49.32,12470
2019-05-28 15:15:00-04:00,49.34,49.375,49.34,49.365,8832
2019-05-28 15:20:00-04:00,49.37,49.375,49.33,49.34,12645
2019-05-28 15:25:00-04:00,49.34,49.345,49.27,49.28,15680
2019-05-28 15:30:00-04:00,49.285,49.295,49.18,49.185,27013
2019-05-28 15:35:00-04:00,49.185,49.19,49.07,49.1,26109
2019-05-28 15:40:00-04:00,49.1,49.1,49.03,49.07,20156
2019-05-28 15:45:00-04:00,49.075,49.135,49.055,49.11,35839
2019-05-28 15:50:00-04:00,49.1,49.145,49.09,49.13,62847
2019-05-28 15:55:00-04:00,49.13,49.19,49.09,49.09,97973
2019-05-29 09:30:00-04:00,48.74,49.025,48.64,49.0,15444
2019-05-29 09:35:00-04:00,49.0,49.0,48.81,48.88,5773
2019-05-29 09:40:00-04:00,48.88,48.9,48.8,48.9,6014
2019-05-29 09:45:00-04:00,48.9,48.94,48.81,48.81,3586
2019-05-29 09:50:00-04:00,48.78,48.9,48.75,48.88,7596
2019-05-29 09:55:00-04:00,48.885,48.925,48.88,48.9,3636
2019-05-29 10:00:00-04:00,48.91,48.93,48.825,48.835,5212
2019-05-29 10:05:00-04:00,48.83,48.87,48.745,48.78,10427
2019-05-29 10:10:00-04:00,48.765,48.8,48.755,48.8,6428
2019-05-29 10:15:00-04:00,48.81,48.87,48.795,48.855,8895
2019-05-29 10:20:00-04:00,48.855,48.87,48.825,48.825,6278
2019-05-29 10:25:00-04:00,48.835,48.865,48.79,48.79,10422
2019-05-29 10:30:00-04:00,48.79,48.825,48.77,48.825,7166
2019-05-29 10:35:00-04:00,48.82,48.82,48.78,48.79,5975
2019-05-29 10:40:00-04:00,48.79,48.79,48.73,48.73,6218
2019-05-29 10:45:00-04:00,48.72,48.725,48.67,48.72,6636
2019-05-29 10:50:00-04:00,48.7,48.71,48.665,48.695,10014
2019-05-29 10:55:00-04:00,48.7,48.74,48.695,48.73,10429
2019-05-29 11:00:00-04:00,48.72,48.8,48.71,48.78,7920
2019-05-29 11:05:00-04:00,48.77,48.82,48.76,48.8,7641
2019-05-29 11:10:00-04:00,48.795,48.82,48.75,48.805,5183
2019-05-29 11:15:00-04:00,48.81,48.84,48.79,48.83,4195
2019-05-29 11:20:00-04:00,48.825,48.835,48.79,48.79,5949
2019-05-29 11:25:00-04:00,48.78,48.8,48.74,48.8,11146
2019-05-29 11:30:00-04:00,48.8,48.815,48.75,48.765,5355
2019-05-29 11:35:00-04:00,48.775,48.775,48.7,48.71,7558
2019-05-29 11:40:00-04:00,48.69,48.7,48.65,48.69,6328
2019-05-29 11:45:00-04:00,48.68,48.68,48.59,48.595,8857
2019-05-29 11:50:00-04:00,48.59,48.59,48.515,48.56,7765
2019-05-29 11:55:00-04:00,48.57,48.59,48.545,48.56,11775
2019-05-29 12:00:00-04:00,48.57,48.62,48.55,48.61,4013
2019-05-29 12:05:00-04:00,48.625,48.67,48.62,48.66,3510
2019-05-29 12:10:00-04:00,48.65,48.66,48.63,48.65,2015
2019-05-29 12:15:00-04:00,48.66,48.725,48.65,48.71,3982
2019-05-29 12:20:00-04:00,48.7,48.7,48.66,48.67,7847
2019-05-29 12:25:00-04:00,48.67,48.705,48.665,48.69,5441
2019-05-29 12:30:00-04:00,48.69,48.73,48.685,48.725,4105
2019-05-29 12:35:00-04:00,48.72,48.73,48.7,48.7,5165
2019-05-29 12:40:00-04:00,48.7,48.7,48.635,48.655,8104
2019-05-29 12:45:00-04:00,48.66,48.69,48.66,48.68,3241
2019-05-29 12:50:00-04:00,48.69,48.695,48.665,48.67,3819
2019-05-29 12:55:00-04:00,48.66,48.665,48.63,48.645,7001
2019-05-29 13:00:00-04:00,48.64,48.64,48.57,48.59,5718
2019-05-29 13:05:00-04:00,48.585,48.67,48.58,48.67,6729
2019-05-29 13:10:00-04:00,48.67,48.715,48.65,48.65,5322
2019-05-29 13:15:00-04:00,48.66,48.66,48.64,48.66,3613
2019-05-29 13:20:00-04:00,48.65,48.69,48.64,48.66,4957
2019-05-29 13:25:00-04:00,48.655,48.665,48.63,48.655,4298
2019-05-29 13:30:00-04:00,48.66,48.685,48.65,48.66,14374
2019-05-29 13:35:00-04:00,48.66,48.695,48.63,48.68,6597
2019-05-29 13:40:00-04:00,48.685,48.685,48.61,48.63,6347
2019-05-29 13:45:00-04:00,48.63,48.67,48.63,48.65,4990
2019-05-29 13:50:00-04:00,48.65,48.69,48.625,48.63,9880
2019-05-29 13:55:00-04:00,48.64,48.66,48.625,48.64,7366
2019-05-29 14:00:00-04:00,48.65,48.69,48.65,48.68,9272
2019-05-29 14:05:00-04:00,48.68,48.7,48.645,48.645,4655
2019-05-29 14:10:00-04:00,48.645,48.66,48.61,48.625,8769
2019-05-29 14:15:00-04:00,48.635,48.65,48.62,48.635,4162
2019-05-29 14:20:00-04:00,48.64,48.64,48.61,48.615,4083
2019-05-29 14:25:00-04:00,48.6,48.6,48.585,48.6,3914
2019-05-29 14:30:00-04:00,48.595,48.6,48.53,48.56,8731
2019-05-29 14:35:00-04:00,48.56,48.57,48.52,48.535,11797
2019-05-29 14:40:00-04:00,48.53,48.535,48.49,48.5,12561
2019-05-29 14:45:00-04:00,48.495,48.53,48.49,48.495,6425
2019-05-29 14:50:00-04:00,48.49,48.49,48.43,48.43,11462
2019-05-29 14:55:00-04:00,48.42,48.485,48.42,48.485,12260
2019-05-29 15:00:00-04:00,48.475,48.475,48.415,48.44,7322
2019-05-29 15:05:00-04:00,48.43,48.52,48.415,48.515,13787
2019-05-29 15:10:00-04:00,48.52,48.55,48.505,48.53,12483
2019-05-29 15:15:00-04:00,48.525,48.53,48.49,48.495,20497
2019-05-29 15:20:00-04:00,48.5,48.51,48.47,48.47,13229
2019-05-29 15:25:00-04:00,48.47,48.54,48.465,48.52,14172
2019-05-29 15:30:00-04:00,48.52,48.63,48.52,48.63,22849
2019-05-29 15:35:00-04:00,48.63,48.68,48.63,48.65,12780
2019-05-29 15:40:00-04:00,48.65,48.69,48.65,48.66,15192
2019-05-29 15:45:00-04:00,48.66,48.675,48.64,48.66,31654
2019-05-29 15:50:00-04:00,48.65,48.65,48.56,48.605,38319
2019-05-29 15:55:00-04:00,48.61,48.675,48.61,48.61,83004
2019-05-30 09:30:00-04:00,48.77,48.82,48.67,48.82,7938
2019-05-30 09:35:00-04:00,48.81,48.935,48.81,48.91,7282
2019-05-30 09:40:00-04:00,48.9,48.925,48.86,48.865,4667
2019-05-30 09:45:00-04:00,48.87,48.88,48.83,48.86,7718
2019-05-30 09:50:00-04:00,48.835,48.835,48.785,48.79,7648
2019-05-30 09:55:00-04:00,48.78,48.8,48.725,48.725,4762
2019-05-30 10:00:00-04:00,48.72,48.76,48.72,48.72,4790
2019-05-30 10:05:00-04:00,48.71,48.74,48.705,48.72,9944
2019-05-30 10:10:00-04:00,48.73,48.765,48.72,48.76,5638
2019-05-30 10:15:00-04:00,48.765,48.84,48.755,48.84,5821
2019-05-30 10:20:00-04:00,48.84,48.855,48.78,48.795,3505
2019-05-30 10:25:00-04:00,48.79,48.8,48.745,48.765,5227
2019-05-30 10:30:00-04:00,48.765,48.86,48.765,48.835,19530
2019-05-30 10:35:00-04:00,48.83,48.9,48.825,48.875,18955
2019-05-30 10:40:00-04:00,48.875,48.915,48.865,48.875,11151
2019-05-30 10:45:00-04:00,48.87,48.885,48.81,48.82,11738
2019-05-30 10:50:00-04:00,48.825,48.845,48.795,48.815,23746
2019-05-30 10:55:00-04:00,48.815,48.96,48.815,48.94,20250
2019-05-30 11:00:00-04:00,48.93,48.94,48.86,48.92,11820
2019-05-30 11:05:00-04:00,48.93,49.01,48.93,48.99,16359
2019-05-30 11:10:00-04:00,48.99,49.005,48.975,48.975,7643
2019-05-30 11:15:00-04:00,48.985,49.0,48.95,48.98,12893
2019-05-30 11:20:00-04:00,48.99,49.0,48.97,48.97,2826
2019-05-30 11:25:00-04:00,48.975,49.055,48.975,49.055,9582
2019-05-30 11:30:00-04:00,49.055,49.055,48.94,48.95,11185
2019-05-30 11:35:00-04:00,48.95,48.97,48.94,48.96,3259
2019-05-30 11:40:00-04:00,48.965,48.97,48.92,48.935,19859
2019-05-30 11:45:00-04:00,48.935,48.995,48.925,48.995,12390
2019-05-30 11:50:00-04:00,49.0,49.015,48.975,48.975,6050
2019-05-30 11:55:00-04:00,48.97,48.99,48.945,48.945,2353
2019-05-30 12:00:00-04:00,48.945,48.975,48.93,48.96,9168
2019-05-30 12:05:00-04:00,48.95,48.97,48.945,48.96,1733
2019-05-30 12:10:00-04:00,48.96,48.97,48.94,48.955,5296
2019-05-30 12:15:00-04:00,48.97,48.97,48.94,48.94,5677
2019-05-30 12:20:00-04:00,48.94,48.98,48.93,48.97,10120
2019-05-30 12:25:00-04:00,48.965,48.975,48.945,48.95,2350
2019-05-30 12:30:00-04:00,48.95,48.975,48.95,48.97,4882
2019-05-30 12:35:00-04:00,48.975,48.98,48.96,48.975,9210
2019-05-30 12:40:00-04:00,48.975,49.01,48.975,48.995,10346
2019-05-30 12:45:00-04:00,48.995,49.015,48.975,49.015,3456
2019-05-30 12:50:00-04:00,49.015,49.02,49.0,49.0,3878
2019-05-30 12:55:00-04:00,49.005,49.005,48.985,48.985,3418
2019-05-30 13:00:00-04:00,49.0,49.015,49.0,49.01,2006
2019-05-30 13:05:00-04:00,49.0,49.0,48.975,48.99,4156
2019-05-30 13:10:00-04:00,48.995,49.03,48.995,49.03,2717
2019-05-30 13:15:00-04:00,49.03,49.03,48.995,49.0,4211
2019-05-30 13:20:00-04:00,49.005,49.01,48.975,48.985,2088
2019-05-30 13:25:00-04:00,48.975,48.98,48.95,48.95,1359
2019-05-30 13:30:00-04:00,48.95,48.965,48.94,48.95,39499
2019-05-30 13:35:00-04:00,48.951,48.985,48.95,48.985,3728
2019-05-30 13:40:00-04:00,48.96,48.96,48.94,48.95,3826
2019-05-30 13:45:00-04:00,48.95,48.985,48.95,48.985,2008
2019-05-30 13:50:00-04:00,48.98,49.0,48.98,48.98,4995
2019-05-30 13:55:00-04:00,48.985,49.005,48.985,49.0,6535
2019-05-30 14:00:00-04:00,49.0,49.03,49.0,49.01,6047
2019-05-30 14:05:00-04:00,49.005,49.01,49.0,49.01,2136
2019-05-30 14:10:00-04:00,49.01,49.035,49.01,49.01,2268
2019-05-30 14:15:00-04:00,49.0,49.01,48.99,49.01,3078
2019-05-30 14:20:00-04:00,49.01,49.03,49.0,49.01,2505
2019-05-30 14:25:00-04:00,49.01,49.03,49.01,49.01,1975
2019-05-30 14:30:00-04:00,49.0,49.01,48.995,49.0,1896
2019-05-30 14:35:00-04:00,48.995,49.005,48.99,49.005,7659
2019-05-30 14:40:00-04:00,48.99,49.03,48.99,49.01,2754
2019-05-30 14:45:00-04:00,49.01,49.07,49.01,49.07,6506
2019-05-30 14:50:00-04:00,49.05,49.1,49.05,49.09,3751
2019-05-30 14:55:00-04:00,49.09,49.1,49.08,49.1,7971
2019-05-30 15:00:00-04:00,49.095,49.095,49.06,49.075,4901
2019-05-30 15:05:00-04:00,49.07,49.08,49.04,49.06,7173
2019-05-30 15:10:00-04:00,49.07,49.1,49.06,49.1,6213
2019-05-30 15:15:00-04:00,49.09,49.125,49.065,49.07,8647
2019-05-30 15:20:00-04:00,49.06,49.06,49.035,49.06,5296
2019-05-30 15:25:00-04:00,49.055,49.105,49.04,49.09,9141
2019-05-30 15:30:00-04:00,49.08,49.08,49.05,49.07,11236
2019-05-30 15:35:00-04:00,49.08,49.18,49.08,49.165,14230
2019-05-30 15:40:00-04:00,49.155,49.195,49.155,49.185,14493
2019-05-30 15:45:00-04:00,49.185,49.25,49.16,49.25,21844
2019-05-30 15:50:00-04:00,49.24,49.3,49.23,49.29,23242
2019-05-30 15:55:00-04:00,49.3,49.31,49.23,49.25,47728
2019-05-31 09:25:00-04:00,49.24,49.24,49.24,49.24,100
2019-05-31 09:30:00-04:00,49.06,49.19,48.98,49.0,6869
2019-05-31 09:35:00-04:00,48.98,49.04,48.89,48.89,6160
2019-05-31 09:40:00-04:00,48.88,48.9,48.82,48.83,10520
2019-05-31 09:45:00-04:00,48.82,48.86,48.79,48.81,5396
2019-05-31 09:50:00-04:00,48.805,48.9,48.79,48.9,10339
2019-05-31 09:55:00-04:00,48.92,48.92,48.88,48.92,9104
2019-05-31 10:00:00-04:00,48.92,49.04,48.91,48.97,4120
2019-05-31 10:05:00-04:00,48.97,49.04,48.935,49.04,7956
2019-05-31 10:10:00-04:00,49.04,49.06,49.02,49.055,2921
2019-05-31 10:15:00-04:00,49.06,49.15,49.06,49.135,7699
2019-05-31 10:20:00-04:00,49.12,49.13,49.07,49.08,1717
2019-05-31 10:25:00-04:00,49.08,49.09,49.04,49.04,3821
2019-05-31 10:30:00-04:00,49.02,49.045,49.01,49.015,2983
2019-05-31 10:35:00-04:00,49.01,49.03,48.995,49.02,8429
2019-05-31 10:40:00-04:00,49.015,49.04,49.0,49.01,18433
2019-05-31 10:45:00-04:00,49.01,49.07,49.0,49.07,12546
2019-05-31 10:50:00-04:00,49.07,49.13,49.07,49.09,17427
2019-05-31 10:55:00-04:00,49.08,49.09,49.04,49.09,20219
2019-05-31 11:00:00-04:00,49.08,49.18,49.08,49.15,17269
2019-05-31 11:05:00-04:00,49.155,49.19,49.14,49.19,7389
2019-05-31 11:10:00-04:00,49.19,49.19,49.16,49.17,2687
2019-05-31 11:15:00-04:00,49.17,49.24,49.17,49.24,4294
2019-05-31 11:20:00-04:00,49.245,49.3,49.22,49.24,8472
2019-05-31 11:25:00-04:00,49.22,49.24,49.19,49.225,6529
2019-05-31 11:30:00-04:00,49.23,49.25,49.21,49.21,7035
2019-05-31 11:35:00-04:00,49.21,49.26,49.2,49.24,4747
2019-05-31 11:40:00-04:00,49.24,49.29,49.24,49.24,3820
2019-05-31 11:45:00-04:00,49.225,49.26,49.22,49.26,5819
2019-05-31 11:50:00-04:00,49.255,49.255,49.2,49.2,3710
2019-05-31 11:55:00-04:00,49.2,49.26,49.2,49.25,6526
2019-05-31 12:00:00-04:00,49.24,49.265,49.23,49.235,5908
2019-05-31 12:05:00-04:00,49.23,49.25,49.23,49.23,3925
2019-05-31 12:10:00-04:00,49.22,49.225,49.195,49.205,2896
2019-05-31 12:15:00-04:00,49.215,49.215,49.18,49.19,1691
2019-05-31 12:20:00-04:00,49.17,49.17,49.14,49.15,3702
2019-05-31 12:25:00-04:00,49.15,49.18,49.145,49.145,4306
2019-05-31 12:30:00-04:00,49.14,49.14,49.1,49.115,3691
2019-05-31 12:35:00-04:00,49.12,49.155,49.11,49.11,2600
2019-05-31 12:40:00-04:00,49.11,49.115,49.09,49.1,1073
2019-05-31 12:45:00-04:00,49.09,49.13,49.08,49.12,5956
2019-05-31 12:50:00-04:00,49.13,49.13,49.1,49.1,5753
2019-05-31 12:55:00-04:00,49.1,49.1,49.07,49.08,4172
2019-05-31 13:00:00-04:00,49.08,49.085,49.07,49.08,3178
2019-05-31 13:05:00-04:00,49.09,49.1,49.085,49.1,967
2019-05-31 13:10:00-04:00,49.095,49.12,49.095,49.11,2559
2019-05-31 13:15:00-04:00,49.11,49.11,49.1,49.105,1010
2019-05-31 13:20:00-04:00,49.11,49.15,49.11,49.12,5765
2019-05-31 13:25:00-04:00,49.12,49.125,49.105,49.11,4333
2019-05-31 13:30:00-04:00,49.11,49.12,49.1,49.12,10318
2019-05-31 13:35:00-04:00,49.115,49.145,49.115,49.14,3097
2019-05-31 13:40:00-04:00,49.145,49.145,49.13,49.14,1916
2019-05-31 13:45:00-04:00,49.13,49.16,49.13,49.15,3440
2019-05-31 13:50:00-04:00,49.145,49.145,49.1,49.13,4139
2019-05-31 13:55:00-04:00,49.14,49.145,49.11,49.13,2983
2019-05-31 14:00:00-04:00,49.12,49.12,49.095,49.095,3855
2019-05-31 14:05:00-04:00,49.11,49.12,49.1,49.12,3305
2019-05-31 14:10:00-04:00,49.11,49.12,49.08,49.09,7503
2019-05-31 14:15:00-04:00,49.085,49.09,49.06,49.065,4802
2019-05-31 14:20:00-04:00,49.07,49.08,49.05,49.07,11396
2019-05-31 14:25:00-04:00,49.06,49.065,49.05,49.06,5570
2019-05-31 14:30:00-04:00,49.06,49.08,49.04,49.045,4859
2019-05-31 14:35:00-04:00,49.05,49.105,49.05,49.105,6501
2019-05-31 14:40:00-04:00,49.1,49.16,49.09,49.16,4945
2019-05-31 14:45:00-04:00,49.18,49.215,49.18,49.18,6037
2019-05-31 14:50:00-04:00,49.195,49.22,49.17,49.22,5609
2019-05-31 14:55:00-04:00,49.22,49.22,49.18,49.18,4685
2019-05-31 15:00:00-04:00,49.17,49.195,49.16,49.175,7438
2019-05-31 15:05:00-04:00,49.18,49.205,49.18,49.2,4428
2019-05-31 15:10:00-04:00,49.2,49.24,49.2,49.23,9023
2019-05-31 15:15:00-04:00,49.225,49.245,49.22,49.245,24861
2019-05-31 15:20:00-04:00,49.24,49.24,49.17,49.19,15368
2019-05-31 15:25:00-04:00,49.19,49.2,49.16,49.195,17958
2019-05-31 15:30:00-04:00,49.18,49.21,49.13,49.13,14064
2019-05-31 15:35:00-04:00,49.13,49.13,49.07,49.07,12951
2019-05-31 15:40:00-04:00,49.075,49.095,49.075,49.09,8685
2019-05-31 15:45:00-04:00,49.09,49.15,49.085,49.15,24413
2019-05-31 15:50:00-04:00,49.15,49.19,49.14,49.17,45110
2019-05-31 15:55:00-04:00,49.16,49.16,49.11,49.13,117085
2019-06-03 09:30:00-04:00,49.15,49.245,49.14,49.16,10897
2019-06-03 09:35:00-04:00,49.17,49.25,49.17,49.225,5645
2019-06-03 09:40:00-04:00,49.25,49.295,49.23,49.245,4088
2019-06-03 09:45:00-04:00,49.25,49.25,49.12,49.18,5376
2019-06-03 09:50:00-04:00,49.13,49.14,49.07,49.07,3184
2019-06-03 09:55:00-04:00,49.07,49.07,49.03,49.06,3643
2019-06-03 10:00:00-04:00,49.065,49.11,49.025,49.11,3149
2019-06-03 10:05:00-04:00,49.15,49.22,49.14,49.19,5581
2019-06-03 10:10:00-04:00,49.18,49.2,49.12,49.125,3956
2019-06-03 10:15:00-04:00,49.11,49.17,49.11,49.17,2249
2019-06-03 10:20:00-04:00,49.17,49.27,49.145,49.27,9636
2019-06-03 10:25:00-04:00,49.27,49.3,49.26,49.275,4530
2019-06-03 10:30:00-04:00,49.27,49.3,49.25,49.275,7560
2019-06-03 10:35:00-04:00,49.275,49.29,49.25,49.28,7520
2019-06-03 10:40:00-04:00,49.29,49.29,49.25,49.265,5405
2019-06-03 10:45:00-04:00,49.27,49.275,49.22,49.23,11882
2019-06-03 10:50:00-04:00,49.23,49.245,49.215,49.215,3269
2019-06-03 10:55:00-04:00,49.215,49.26,49.21,49.26,6747
2019-06-03 11:00:00-04:00,49.26,49.29,49.25,49.275,4347
2019-06-03 11:05:00-04:00,49.27,49.275,49.25,49.27,7705
2019-06-03 11:10:00-04:00,49.26,49.27,49.23,49.27,6276
2019-06-03 11:15:00-04:00,49.28,49.32,49.28,49.3,8904
2019-06-03 11:20:00-04:00,49.3,49.32,49.285,49.3,15020
2019-06-03 11:25:00-04:00,49.3,49.3,49.27,49.285,2142
2019-06-03 11:30:00-04:00,49.3,49.3,49.28,49.29,3368
2019-06-03 11:35:00-04:00,49.285,49.285,49.25,49.27,2645
2019-06-03 11:40:00-04:00,49.28,49.29,49.235,49.28,4941
2019-06-03 11:45:00-04:00,49.29,49.32,49.29,49.29,12199
2019-06-03 11:50:00-04:00,49.29,49.31,49.27,49.295,6217
2019-06-03 11:55:00-04:00,49.29,49.3,49.27,49.29,7181
2019-06-03 12:00:00-04:00,49.28,49.33,49.26,49.265,4936
2019-06-03 12:05:00-04:00,49.27,49.325,49.26,49.32,5637
2019-06-03 12:10:00-04:00,49.32,49.34,49.275,49.29,8174
2019-06-03 12:15:00-04:00,49.29,49.32,49.27,49.31,8252
2019-06-03 12:20:00-04:00,49.3,49.32,49.29,49.29,3230
2019-06-03 12:25:00-04:00,49.28,49.3,49.28,49.3,3467
2019-06-03 12:30:00-04:00,49.3,49.31,49.28,49.305,6227
2019-06-03 12:35:00-04:00,49.31,49.365,49.31,49.36,1736
2019-06-03 12:40:00-04:00,49.355,49.355,49.295,49.315,3109
2019-06-03 12:45:00-04:00,49.29,49.335,49.29,49.33,4996
2019-06-03 12:50:00-04:00,49.31,49.31,49.29,49.305,2420
2019-06-03 12:55:00-04:00,49.31,49.325,49.285,49.285,4336
2019-06-03 13:00:00-04:00,49.28,49.33,49.27,49.33,8181
2019-06-03 13:05:00-04:00,49.33,49.35,49.31,49.34,4846
2019-06-03 13:10:00-04:00,49.35,49.395,49.35,49.39,4914
2019-06-03 13:15:00-04:00,49.39,49.41,49.365,49.375,6350
2019-06-03 13:20:00-04:00,49.38,49.46,49.37,49.46,15664
2019-06-03 13:25:00-04:00,49.46,49.65,49.46,49.6,48181
2019-06-03 13:30:00-04:00,49.6,49.61,49.51,49.55,33592
2019-06-03 13:35:00-04:00,49.54,49.56,49.48,49.51,7061
2019-06-03 13:40:00-04:00,49.52,49.61,49.51,49.57,9960
2019-06-03 13:45:00-04:00,49.56,49.61,49.53,49.55,7677
2019-06-03 13:50:00-04:00,49.545,49.57,49.51,49.52,7801
2019-06-03 13:55:00-04:00,49.53,49.65,49.52,49.645,9823
2019-06-03 14:00:00-04:00,49.65,49.7,49.62,49.69,12568
2019-06-03 14:05:00-04:00,49.7,49.74,49.66,49.73,7313
2019-06-03 14:10:00-04:00,49.73,49.735,49.69,49.71,4728
2019-06-03 14:15:00-04:00,49.7,49.72,49.68,49.71,4893
2019-06-03 14:20:00-04:00,49.7,49.74,49.69,49.705,4107
2019-06-03 14:25:00-04:00,49.695,49.72,49.685,49.7,5364
2019-06-03 14:30:00-04:00,49.71,49.755,49.655,49.655,8394
2019-06-03 14:35:00-04:00,49.66,49.665,49.6,49.64,8486
2019-06-03 14:40:00-04:00,49.64,49.67,49.615,49.66,8382
2019-06-03 14:45:00-04:00,49.67,49.685,49.65,49.66,5442
2019-06-03 14:50:00-04:00,49.65,49.66,49.615,49.62,7593
2019-06-03 14:55:00-04:00,49.615,49.68,49.615,49.675,7286
2019-06-03 15:00:00-04:00,49.67,49.7,49.645,49.66,11434
2019-06-03 15:05:00-04:00,49.66,49.71,49.65,49.7,12607
2019-06-03 15:10:00-04:00,49.7,49.735,49.66,49.73,12174
2019-06-03 15:15:00-04:00,49.73,49.76,49.71,49.76,15819
2019-06-03 15:20:00-04:00,49.76,49.85,49.76,49.81,25429
2019-06-03 15:25:00-04:00,49.81,49.81,49.72,49.75,19865
2019-06-03 15:30:00-04:00,49.75,49.77,49.72,49.74,24047
2019-06-03 15:35:00-04:00,49.72,49.78,49.71,49.74,24219
2019-06-03 15:40:00-04:00,49.735,49.79,49.73,49.78,34583
2019-06-03 15:45:00-04:00,49.78,49.81,49.745,49.765,43113
2019-06-03 15:50:00-04:00,49.76,49.87,49.76,49.86,66576
2019-06-03 15:55:00-04:00,49.87,49.98,49.86,49.95,192114
2019-06-04 09:30:00-04:00,50.1,50.19,49.94,50.19,13153
2019-06-04 09:35:00-04:00,50.14,50.25,50.12,50.22,12900
2019-06-04 09:40:00-04:00,50.21,50.22,50.06,50.17,11173
2019-06-04 09:45:00-04:00,50.175,50.25,50.17,50.24,30690
2019-06-04 09:50:00-04:00,50.25,50.275,50.16,50.16,20567
2019-06-04 09:55:00-04:00,50.155,50.25,50.13,50.18,19677
2019-06-04 10:00:00-04:00,50.15,50.15,50.01,50.01,11613
2019-06-04 10:05:00-04:00,50.0,50.03,49.88,49.89,22425
2019-06-04 10:10:00-04:00,49.88,49.9,49.83,49.87,13400
2019-06-04 10:15:00-04:00,49.89,49.98,49.89,49.96,12461
2019-06-04 10:20:00-04:00,49.96,49.99,49.94,49.955,9746
2019-06-04 10:25:00-04:00,49.955,50.0,49.935,49.935,16014
2019-06-04 10:30:00-04:00,49.94,49.94,49.845,49.85,10413
2019-06-04 10:35:00-04:00,49.845,49.845,49.79,49.82,11895
2019-06-04 10:40:00-04:00,49.83,49.86,49.81,49.83,12725
2019-06-04 10:45:00-04:00,49.82,49.86,49.805,49.86,11253
2019-06-04 10:50:00-04:00,49.86,49.91,49.84,49.845,13484
2019-06-04 10:55:00-04:00,49.85,49.85,49.745,49.75,11198
2019-06-04 11:00:00-04:00,49.75,49.76,49.69,49.76,16172
2019-06-04 11:05:00-04:00,49.76,49.77,49.67,49.68,10704
2019-06-04 11:10:00-04:00,49.68,49.69,49.665,49.675,10363
2019-06-04 11:15:00-04:00,49.68,49.74,49.68,49.705,8804
2019-06-04 11:20:00-04:00,49.71,49.76,49.71,49.73,11367
2019-06-04 11:25:00-04:00,49.73,49.75,49.66,49.66,16365
2019-06-04 11:30:00-04:00,49.65,49.67,49.615,49.65,13956
2019-06-04 11:35:00-04:00,49.65,49.67,49.635,49.67,3892
2019-06-04 11:40:00-04:00,49.68,49.735,49.66,49.725,6659
2019-06-04 11:45:00-04:00,49.71,49.71,49.68,49.68,6509
2019-06-04 11:50:00-04:00,49.68,49.73,49.68,49.715,10181
2019-06-04 11:55:00-04:00,49.71,49.74,49.7,49.735,5811
2019-06-04 12:00:00-04:00,49.75,49.75,49.705,49.725,7480
2019-06-04 12:05:00-04:00,49.735,49.76,49.735,49.745,8727
2019-06-04 12:10:00-04:00,49.745,49.8,49.73,49.785,13808
2019-06-04 12:15:00-04:00,49.79,49.81,49.78,49.79,11692
2019-06-04 12:20:00-04:00,49.78,49.78,49.765,49.765,5521
2019-06-04 12:25:00-04:00,49.76,49.78,49.745,49.775,9413
2019-06-04 12:30:00-04:00,49.78,49.78,49.735,49.735,14507
2019-06-04 12:35:00-04:00,49.735,49.79,49.73,49.79,19020
2019-06-04 12:40:00-04:00,49.795,49.84,49.795,49.835,10815
2019-06-04 12:45:00-04:00,49.83,49.855,49.83,49.855,7970
2019-06-04 12:50:00-04:00,49.865,49.92,49.855,49.905,15617
2019-06-04 12:55:00-04:00,49.92,49.925,49.88,49.91,10211
2019-06-04 13:00:00-04:00,49.91,49.93,49.885,49.93,12250
2019-06-04 13:05:00-04:00,49.93,49.95,49.93,49.935,4586
2019-06-04 13:10:00-04:00,49.935,49.94,49.925,49.93,10379
2019-06-04 13:15:00-04:00,49.92,49.92,49.9,49.91,7871
2019-06-04 13:20:00-04:00,49.9,49.9,49.86,49.88,8224
2019-06-04 13:25:00-04:00,49.885,49.915,49.88,49.915,7935
2019-06-04 13:30:00-04:00,49.92,49.98,49.92,49.98,22931
2019-06-04 13:35:00-04:00,49.98,49.985,49.96,49.975,7907
2019-06-04 13:40:00-04:00,49.975,50.0,49.975,49.995,5966
2019-06-04 13:45:00-04:00,49.995,50.0,49.97,49.98,10431
2019-06-04 13:50:00-04:00,49.99,50.0,49.985,50.0,7682
2019-06-04 13:55:00-04:00,50.0,50.03,49.995,50.025,9670
2019-06-04 14:00:00-04:00,50.03,50.03,49.995,50.01,6997
2019-06-04 14:05:00-04:00,50.005,50.02,50.0,50.015,7583
2019-06-04 14:10:00-04:00,50.03,50.03,49.965,49.965,5737
2019-06-04 14:15:00-04:00,49.965,49.97,49.925,49.925,8485
2019-06-04 14:20:00-04:00,49.93,49.93,49.905,49.92,12913
2019-06-04 14:25:00-04:00,49.92,49.92,49.885,49.905,7113
2019-06-04 14:30:00-04:00,49.895,49.9,49.855,49.875,6901
2019-06-04 14:35:00-04:00,49.875,49.88,49.845,49.86,7443
2019-06-04 14:40:00-04:00,49.855,49.855,49.835,49.84,10340
2019-06-04 14:45:00-04:00,49.84,49.86,49.82,49.82,5936
2019-06-04 14:50:00-04:00,49.82,49.86,49.805,49.85,10645
2019-06-04 14:55:00-04:00,49.845,49.86,49.825,49.825,9380
2019-06-04 15:00:00-04:00,49.83,49.87,49.825,49.87,7837
2019-06-04 15:05:00-04:00,49.87,49.905,49.87,49.895,9541
2019-06-04 15:10:00-04:00,49.895,49.91,49.88,49.895,14353
2019-06-04 15:15:00-04:00,49.9,49.915,49.88,49.89,15094
2019-06-04 15:20:00-04:00,49.89,49.89,49.85,49.86,14241
2019-06-04 15:25:00-04:00,49.86,49.9,49.855,49.895,17016
2019-06-04 15:30:00-04:00,49.89,49.89,49.845,49.875,28690
2019-06-04 15:35:00-04:00,49.87,49.89,49.865,49.875,13020
2019-06-04 15:40:00-04:00,49.87,49.87,49.83,49.85,16648
2019-06-04 15:45:00-04:00,49.84,49.865,49.84,49.845,26814
2019-06-04 15:50:00-04:00,49.85,49.92,49.845,49.915,40500
2019-06-04 15:55:00-04:00,49.91,50.0,49.895,49.99,76169
2019-06-05 09:30:00-04:00,50.0,50.05,49.7,49.72,9629
2019-06-05 09:35:00-04:00,49.72,50.05,49.72,50.0,7397
2019-06-05 09:40:00-04:00,50.01,50.15,50.005,50.15,11637
2019-06-05 09:45:00-04:00,50.15,50.28,50.145,50.27,14818
2019-06-05 09:50:00-04:00,50.28,50.31,50.23,50.28,12300
2019-06-05 09:55:00-04:00,50.27,50.34,50.205,50.29,8032
2019-06-05 10:00:00-04:00,50.29,50.35,50.28,50.29,9227
2019-06-05 10:05:00-04:00,50.27,50.36,50.27,50.35,14616
2019-06-05 10:10:00-04:00,50.36,50.43,50.36,50.43,6341
2019-06-05 10:15:00-04:00,50.41,50.47,50.38,50.47,8765
2019-06-05 10:20:00-04:00,50.45,50.49,50.44,50.49,9385
2019-06-05 10:25:00-04:00,50.48,50.51,50.48,50.51,12234
2019-06-05 10:30:00-04:00,50.5,50.67,50.5,50.56,28610
2019-06-05 10:35:00-04:00,50.55,50.61,50.49,50.61,10476
2019-06-05 10:40:00-04:00,50.61,50.665,50.54,50.66,12004
2019-06-05 10:45:00-04:00,50.68,50.75,50.65,50.69,19513
2019-06-05 10:50:00-04:00,50.705,50.75,50.68,50.7,13398
2019-06-05 10:55:00-04:00,50.69,50.74,50.68,50.715,36743
2019-06-05 11:00:00-04:00,50.72,50.72,50.665,50.69,9801
2019-06-05 11:05:00-04:00,50.7,50.7,50.64,50.7,11797
2019-06-05 11:10:00-04:00,50.69,50.69,50.595,50.64,8035
2019-06-05 11:15:00-04:00,50.64,50.69,50.61,50.69,6520
2019-06-05 11:20:00-04:00,50.67,50.705,50.67,50.675,9033
2019-06-05 11:25:00-04:00,50.675,50.72,50.66,50.72,7687
2019-06-05 11:30:00-04:00,50.73,50.78,50.72,50.76,4889
2019-06-05 11:35:00-04:00,50.75,50.755,50.74,50.74,4880
2019-06-05 11:40:00-04:00,50.73,50.795,50.73,50.795,7736
2019-06-05 11:45:00-04:00,50.79,50.86,50.79,50.835,15022
2019-06-05 11:50:00-04:00,50.855,50.89,50.855,50.86,7541
2019-06-05 11:55:00-04:00,50.87,50.935,50.87,50.935,10615
2019-06-05 12:00:00-04:00,50.945,50.975,50.89,50.965,22546
2019-06-05 12:05:00-04:00,50.97,50.995,50.945,50.965,8965
2019-06-05 12:10:00-04:00,50.97,50.975,50.93,50.94,12630
2019-06-05 12:15:00-04:00,50.95,50.98,50.93,50.95,11921
2019-06-05 12:20:00-04:00,50.95,50.975,50.92,50.97,10054
2019-06-05 12:25:00-04:00,50.975,50.99,50.97,50.98,5462
2019-06-05 12:30:00-04:00,50.97,50.99,50.94,50.96,8974
2019-06-05 12:35:00-04:00,50.97,50.99,50.97,50.985,3343
2019-06-05 12:40:00-04:00,50.98,50.995,50.98,50.99,3662
2019-06-05 12:45:00-04:00,50.99,51.07,50.99,51.07,10083
2019-06-05 12:50:00-04:00,51.07,51.08,51.01,51.015,7222
2019-06-05 12:55:00-04:00,51.02,51.03,51.01,51.02,5092
2019-06-05 13:00:00-04:00,51.03,51.07,51.03,51.065,3960
2019-06-05 13:05:00-04:00,51.065,51.1,51.06,51.1,9099
2019-06-05 13:10:00-04:00,51.1,51.115,51.09,51.09,4644
2019-06-05 13:15:00-04:00,51.09,51.13,51.09,51.09,7930
2019-06-05 13:20:00-04:00,51.11,51.12,51.08,51.095,8777
2019-06-05 13:25:00-04:00,51.09,51.115,51.08,51.09,7172
2019-06-05 13:30:00-04:00,51.105,51.13,51.1,51.13,12994
2019-06-05 13:35:00-04:00,51.12,51.125,51.08,51.09,9406
2019-06-05 13:40:00-04:00,51.08,51.085,51.05,51.08,4815
2019-06-05 13:45:00-04:00,51.07,51.1,51.07,51.1,5441
2019-06-05 13:50:00-04:00,51.09,51.095,51.04,51.04,6125
2019-06-05 13:55:00-04:00,51.04,51.08,51.03,51.07,3104
2019-06-05 14:00:00-04:00,51.075,51.08,51.05,51.075,5769
2019-06-05 14:05:00-04:00,51.07,51.08,51.06,51.08,3418
2019-06-05 14:10:00-04:00,51.09,51.11,51.085,51.11,3414
2019-06-05 14:15:00-04:00,51.1,51.1,51.065,51.09,5707
2019-06-05 14:20:00-04:00,51.075,51.095,51.06,51.085,7505
2019-06-05 14:25:00-04:00,51.08,51.08,51.02,51.06,9122
2019-06-05 14:30:00-04:00,51.07,51.08,51.06,51.07,5843
2019-06-05 14:35:00-04:00,51.07,51.085,51.03,51.05,9378
2019-06-05 14:40:00-04:00,51.04,51.04,50.99,51.0,6250
2019-06-05 14:45:00-04:00,50.99,51.0,50.98,50.98,5849
2019-06-05 14:50:00-04:00,50.97,50.98,50.95,50.975,9249
2019-06-05 14:55:00-04:00,50.965,50.965,50.93,50.93,6774
2019-06-05 15:00:00-04:00,50.93,50.945,50.92,50.94,8850
2019-06-05 15:05:00-04:00,50.93,50.945,50.91,50.91,9930
2019-06-05 15:10:00-04:00,50.91,50.94,50.89,50.925,10843
2019-06-05 15:15:00-04:00,50.92,50.92,50.9,50.915,10066
2019-06-05 15:20:00-04:00,50.91,50.915,50.82,50.87,17763
2019-06-05 15:25:00-04:00,50.885,50.9,50.845,50.88,8249
2019-06-05 15:30:00-04:00,50.87,50.885,50.79,50.79,14381
2019-06-05 15:35:00-04:00,50.8,50.805,50.74,50.77,15781
2019-06-05 15:40:00-04:00,50.76,50.81,50.76,50.795,19323
2019-06-05 15:45:00-04:00,50.8,50.8,50.755,50.785,38155
2019-06-05 15:50:00-04:00,50.79,50.865,50.785,50.83,51408
2019-06-05 15:55:00-04:00,50.83,50.84,50.75,50.8,109333
2019-06-06 09:25:00-04:00,50.99,50.99,50.99,50.99,100
2019-06-06 09:30:00-04:00,50.935,50.98,50.65,50.65,10067
2019-06-06 09:35:00-04:00,50.67,50.715,50.59,50.715,10397
2019-06-06 09:40:00-04:00,50.71,50.9,50.7,50.9,19096
2019-06-06 09:45:00-04:00,50.9,50.98,50.9,50.96,11956
2019-06-06 09:50:00-04:00,50.96,51.065,50.92,51.03,6689
2019-06-06 09:55:00-04:00,51.03,51.07,50.995,51.07,3520
2019-06-06 10:00:00-04:00,51.09,51.13,51.05,51.055,6094
2019-06-06 10:05:00-04:00,51.05,51.08,51.04,51.05,11116
2019-06-06 10:10:00-04:00,51.03,51.1,51.01,51.07,16936
2019-06-06 10:15:00-04:00,51.065,51.085,51.04,51.085,4574
2019-06-06 10:20:00-04:00,51.085,51.145,51.08,51.1,6976
2019-06-06 10:25:00-04:00,51.095,51.11,51.06,51.085,11102
2019-06-06 10:30:00-04:00,51.09,51.15,51.09,51.145,9439
2019-06-06 10:35:00-04:00,51.14,51.14,51.06,51.08,5277
2019-06-06 10:40:00-04:00,51.07,51.17,51.07,51.15,6335
2019-06-06 10:45:00-04:00,51.15,51.195,51.15,51.16,6238
2019-06-06 10:50:00-04:00,51.18,51.235,51.175,51.235,5241
2019-06-06 10:55:00-04:00,51.22,51.245,51.2,51.24,8073
2019-06-06 11:00:00-04:00,51.25,51.3,51.23,51.23,14967
2019-06-06 11:05:00-04:00,51.25,51.295,51.245,51.26,12155
2019-06-06 11:10:00-04:00,51.265,51.28,51.215,51.22,7131
2019-06-06 11:15:00-04:00,51.225,51.25,51.21,51.23,16692
2019-06-06 11:20:00-04:00,51.23,51.265,51.23,51.26,11249
2019-06-06 11:25:00-04:00,51.26,51.29,51.25,51.255,10856
2019-06-06 11:30:00-04:00,51.25,51.28,51.22,51.28,6360
2019-06-06 11:35:00-04:00,51.27,51.28,51.235,51.27,10623
2019-06-06 11:40:00-04:00,51.275,51.28,51.19,51.215,11760
2019-06-06 11:45:00-04:00,51.21,51.235,51.14,51.15,10692
2019-06-06 11:50:00-04:00,51.15,51.21,51.14,51.21,15039
2019-06-06 11:55:00-04:00,51.2,51.215,51.185,51.2,6767
2019-06-06 12:00:00-04:00,51.205,51.205,51.17,51.19,6733
2019-06-06 12:05:00-04:00,51.19,51.245,51.19,51.225,6758
2019-06-06 12:10:00-04:00,51.23,51.245,51.21,51.21,4445
2019-06-06 12:15:00-04:00,51.21,51.265,51.21,51.25,8334
2019-06-06 12:20:00-04:00,51.26,51.295,51.26,51.295,7708
2019-06-06 12:25:00-04:00,51.29,51.295,51.265,51.275,6293
2019-06-06 12:30:00-04:00,51.265,51.28,51.26,51.28,7328
2019-06-06 12:35:00-04:00,51.275,51.285,51.25,51.265,6504
2019-06-06 12:40:00-04:00,51.265,51.355,51.265,51.355,9939
2019-06-06 12:45:00-04:00,51.365,51.435,51.36,51.425,9657
2019-06-06 12:50:00-04:00,51.425,51.475,51.425,51.43,10495
2019-06-06 12:55:00-04:00,51.425,51.435,51.4,51.4,5806
2019-06-06 13:00:00-04:00,51.41,51.415,51.39,51.41,6516
2019-06-06 13:05:00-04:00,51.42,51.45,51.41,51.45,6251
2019-06-06 13:10:00-04:00,51.45,51.455,51.415,51.43,6284
2019-06-06 13:15:00-04:00,51.435,51.455,51.42,51.43,10291
2019-06-06 13:20:00-04:00,51.425,51.46,51.405,51.46,8370
2019-06-06 13:25:00-04:00,51.465,51.465,51.42,51.43,30992
2019-06-06 13:30:00-04:00,51.44,51.455,51.425,51.43,23203
2019-06-06 13:35:00-04:00,51.435,51.455,51.42,51.42,8139
2019-06-06 13:40:00-04:00,51.435,51.46,51.435,51.455,12979
2019-06-06 13:45:00-04:00,51.45,51.455,51.415,51.445,15618
2019-06-06 13:50:00-04:00,51.45,51.5,51.44,51.5,19080
2019-06-06 13:55:00-04:00,51.49,51.49,51.42,51.435,13140
2019-06-06 14:00:00-04:00,51.445,51.445,51.4,51.43,10263
2019-06-06 14:05:00-04:00,51.425,51.43,51.35,51.365,41327
2019-06-06 14:10:00-04:00,51.36,51.365,51.325,51.33,15910
2019-06-06 14:15:00-04:00,51.33,51.335,51.315,51.325,6405
2019-06-06 14:20:00-04:00,51.325,51.335,51.31,51.335,16393
2019-06-06 14:25:00-04:00,51.35,51.36,51.33,51.33,12462
2019-06-06 14:30:00-04:00,51.32,51.43,51.32,51.39,29606
2019-06-06 14:35:00-04:00,51.38,51.38,51.3,51.325,46821
2019-06-06 14:40:00-04:00,51.32,51.325,51.29,51.295,9103
2019-06-06 14:45:00-04:00,51.31,51.31,51.24,51.26,8132
2019-06-06 14:50:00-04:00,51.265,51.315,51.255,51.285,8397
2019-06-06 14:55:00-04:00,51.28,51.31,51.275,51.3,10925
2019-06-06 15:00:00-04:00,51.31,51.33,51.295,51.33,14895
2019-06-06 15:05:00-04:00,51.32,51.39,51.32,51.38,14674
2019-06-06 15:10:00-04:00,51.385,51.44,51.385,51.425,15936
2019-06-06 15:15:00-04:00,51.425,51.465,51.425,51.45,11451
2019-06-06 15:20:00-04:00,51.45,51.45,51.41,51.43,10959
2019-06-06 15:25:00-04:00,51.42,51.49,51.41,51.49,14842
2019-06-06 15:30:00-04:00,51.485,51.52,51.46,51.49,29659
2019-06-06 15:35:00-04:00,51.49,51.505,51.44,51.505,21306
2019-06-06 15:40:00-04:00,51.5,51.51,51.41,51.42,31250
2019-06-06 15:45:00-04:00,51.41,51.47,51.41,51.47,74747
2019-06-06 15:50:00-04:00,51.47,51.54,51.445,51.455,98384
2019-06-06 15:55:00-04:00,51.46,51.5,51.38,51.41,144587
2019-06-07 09:30:00-04:00,51.54,51.83,51.54,51.78,9071
2019-06-07 09:35:00-04:00,51.76,52.13,51.73,52.115,15998
2019-06-07 09:40:00-04:00,52.11,52.12,51.93,51.93,11613
2019-06-07 09:45:00-04:00,51.935,52.12,51.935,52.05,21400
2019-06-07 09:50:00-04:00,52.06,52.08,52.02,52.03,11950
2019-06-07 09:55:00-04:00,52.04,52.08,52.02,52.03,18747
2019-06-07 10:00:00-04:00,52.02,52.07,52.0,52.025,9026
2019-06-07 10:05:00-04:00,52.03,52.06,51.98,52.005,23822
2019-06-07 10:10:00-04:00,52.015,52.02,51.93,51.935,17168
2019-06-07 10:15:00-04:00,51.925,51.965,51.9,51.92,26306
2019-06-07 10:20:00-04:00,51.91,51.915,51.84,51.865,12064
2019-06-07 10:25:00-04:00,51.865,51.94,51.845,51.92,15906
2019-06-07 10:30:00-04:00,51.93,51.94,51.915,51.94,12463
2019-06-07 10:35:00-04:00,51.94,51.965,51.88,51.89,9239
2019-06-07 10:40:00-04:00,51.885,51.93,51.86,51.93,9052
2019-06-07 10:45:00-04:00,51.93,51.98,51.93,51.95,19365
2019-06-07 10:50:00-04:00,51.945,51.995,51.94,51.965,18455
2019-06-07 10:55:00-04:00,51.97,51.99,51.95,51.98,9297
2019-06-07 11:00:00-04:00,51.98,51.98,51.91,51.94,7612
2019-06-07 11:05:00-04:00,51.935,51.96,51.91,51.955,15584
2019-06-07 11:10:00-04:00,51.95,52.06,51.95,52.06,21637
2019-06-07 11:15:00-04:00,52.05,52.17,52.05,52.155,20814
2019-06-07 11:20:00-04:00,52.155,52.18,52.06,52.09,20058
2019-06-07 11:25:00-04:00,52.09,52.105,52.06,52.08,12590
2019-06-07 11:30:00-04:00,52.08,52.1,51.98,52.0,14059
2019-06-07 11:35:00-04:00,52.015,52.015,51.93,51.93,10333
2019-06-07 11:40:00-04:00,51.94,51.965,51.9,51.92,6427
2019-06-07 11:45:00-04:00,51.92,51.93,51.9,51.915,12330
2019-06-07 11:50:00-04:00,51.9,51.935,51.895,51.895,8947
2019-06-07 11:55:00-04:00,51.9,51.905,51.85,51.86,11479
2019-06-07 12:00:00-04:00,51.85,51.875,51.84,51.85,19004
2019-06-07 12:05:00-04:00,51.855,51.89,51.85,51.85,30530
2019-06-07 12:10:00-04:00,51.84,51.88,51.84,51.88,8763
2019-06-07 12:15:00-04:00,51.875,51.89,51.87,51.88,9809
2019-06-07 12:20:00-04:00,51.885,51.89,51.83,51.83,9230
2019-06-07 12:25:00-04:00,51.83,51.84,51.825,51.84,4487
2019-06-07 12:30:00-04:00,51.84,51.89,51.83,51.835,9243
2019-06-07 12:35:00-04:00,51.835,51.88,51.79,51.82,11931
2019-06-07 12:40:00-04:00,51.84,51.88,51.83,51.88,4965
2019-06-07 12:45:00-04:00,51.87,51.895,51.86,51.89,2941
2019-06-07 12:50:00-04:00,51.9,51.92,51.885,51.895,5226
2019-06-07 12:55:00-04:00,51.9,51.95,51.88,51.94,6807
2019-06-07 13:00:00-04:00,51.94,51.945,51.9,51.94,4704
2019-06-07 13:05:00-04:00,51.945,51.95,51.89,51.895,5397
2019-06-07 13:10:00-04:00,51.88,51.895,51.85,51.87,3609
2019-06-07 13:15:00-04:00,51.865,51.885,51.86,51.865,3459
2019-06-07 13:20:00-04:00,51.87,51.885,51.76,51.77,7428
2019-06-07 13:25:00-04:00,51.765,51.77,51.74,51.76,5388
2019-06-07 13:30:00-04:00,51.76,51.77,51.74,51.75,22129
2019-06-07 13:35:00-04:00,51.75,51.76,51.705,51.735,3712
2019-06-07 13:40:00-04:00,51.73,51.75,51.72,51.75,4677
2019-06-07 13:45:00-04:00,51.75,51.75,51.72,51.72,2636
2019-06-07 13:50:00-04:00,51.72,51.725,51.67,51.675,4763
2019-06-07 13:55:00-04:00,51.66,51.705,51.66,51.67,4909
2019-06-07 14:00:00-04:00,51.67,51.69,51.64,51.69,4983
2019-06-07 14:05:00-04:00,51.69,51.73,51.68,51.715,10851
2019-06-07 14:10:00-04:00,51.71,51.73,51.7,51.705,8013
2019-06-07 14:15:00-04:00,51.71,51.72,51.68,51.685,10756
2019-06-07 14:20:00-04:00,51.69,51.72,51.69,51.72,7854
2019-06-07 14:25:00-04:00,51.72,51.72,51.62,51.63,19967
2019-06-07 14:30:00-04:00,51.64,51.66,51.585,51.655,10980
2019-06-07 14:35:00-04:00,51.65,51.67,51.64,51.64,14967
2019-06-07 14:40:00-04:00,51.63,51.675,51.605,51.615,10776
2019-06-07 14:45:00-04:00,51.61,51.62,51.59,51.59,7604
2019-06-07 14:50:00-04:00,51.57,51.605,51.55,51.58,9148
2019-06-07 14:55:00-04:00,51.57,51.575,51.485,51.525,13740
2019-06-07 15:00:00-04:00,51.525,51.53,51.49,51.495,23433
2019-06-07 15:05:00-04:00,51.49,51.545,51.46,51.545,16594
2019-06-07 15:10:00-04:00,51.55,51.605,51.535,51.6,9974
2019-06-07 15:15:00-04:00,51.6,51.615,51.585,51.605,5722
2019-06-07 15:20:00-04:00,51.61,51.645,51.6,51.63,8034
2019-06-07 15:25:00-04:00,51.64,51.66,51.64,51.64,12422
2019-06-07 15:30:00-04:00,51.64,51.67,51.595,51.62,11927
2019-06-07 15:35:00-04:00,51.615,51.615,51.58,51.605,10686
2019-06-07 15:40:00-04:00,51.61,51.645,51.59,51.59,21286
2019-06-07 15:45:00-04:00,51.58,51.585,51.49,51.515,40227
2019-06-07 15:50:00-04:00,51.52,51.54,51.45,51.475,42888
2019-06-07 15:55:00-04:00,51.47,51.5,51.46,51.48,145599
2019-06-10 09:30:00-04:00,51.44,51.44,51.19,51.25,6072
2019-06-10 09:35:00-04:00,51.29,51.33,51.22,51.27,4951
2019-06-10 09:40:00-04:00,51.3,51.3,51.2,51.29,3275
2019-06-10 09:45:00-04:00,51.285,51.31,51.205,51.25,6827
2019-06-10 09:50:00-04:00,51.235,51.26,51.135,51.135,7269
2019-06-10 09:55:00-04:00,51.13,51.25,51.13,51.25,9156
2019-06-10 10:00:00-04:00,51.25,51.35,51.24,51.325,14176
2019-06-10 10:05:00-04:00,51.345,51.49,51.34,51.49,16578
2019-06-10 10:10:00-04:00,51.48,51.495,51.43,51.43,16063
2019-06-10 10:15:00-04:00,51.42,51.43,51.365,51.38,5749
2019-06-10 10:20:00-04:00,51.36,51.36,51.28,51.28,5116
2019-06-10 10:25:00-04:00,51.28,51.355,51.275,51.325,7025
2019-06-10 10:30:00-04:00,51.325,51.35,51.295,51.3,3743
2019-06-10 10:35:00-04:00,51.31,51.39,51.31,51.38,2810
2019-06-10 10:40:00-04:00,51.38,51.38,51.34,51.34,4838
2019-06-10 10:45:00-04:00,51.35,51.36,51.25,51.27,8343
2019-06-10 10:50:00-04:00,51.25,51.29,51.205,51.205,10622
2019-06-10 10:55:00-04:00,51.205,51.215,51.18,51.19,9603
2019-06-10 11:00:00-04:00,51.2,51.21,51.105,51.11,14961
2019-06-10 11:05:00-04:00,51.12,51.14,51.095,51.13,13875
2019-06-10 11:10:00-04:00,51.14,51.14,51.095,51.13,18239
2019-06-10 11:15:00-04:00,51.14,51.14,51.105,51.135,3997
2019-06-10 11:20:00-04:00,51.165,51.185,51.145,51.185,2628
2019-06-10 11:25:00-04:00,51.19,51.225,51.19,51.22,4290
2019-06-10 11:30:00-04:00,51.225,51.26,51.215,51.25,6624
2019-06-10 11:35:00-04:00,51.24,51.26,51.22,51.23,3551
2019-06-10 11:40:00-04:00,51.23,51.3,51.23,51.26,5220
2019-06-10 11:45:00-04:00,51.26,51.27,51.235,51.25,3724
2019-06-10 11:50:00-04:00,51.24,51.27,51.24,51.27,2001
2019-06-10 11:55:00-04:00,51.25,51.26,51.23,51.25,3271
2019-06-10 12:00:00-04:00,51.26,51.26,51.235,51.245,3431
2019-06-10 12:05:00-04:00,51.24,51.27,51.21,51.22,3697
2019-06-10 12:10:00-04:00,51.22,51.22,51.165,51.18,1429
2019-06-10 12:15:00-04:00,51.19,51.19,51.175,51.18,3838
2019-06-10 12:20:00-04:00,51.185,51.21,51.185,51.2,3530
2019-06-10 12:25:00-04:00,51.2,51.24,51.2,51.23,4341
2019-06-10 12:30:00-04:00,51.225,51.225,51.185,51.19,2940
2019-06-10 12:35:00-04:00,51.19,51.195,51.165,51.18,2467
2019-06-10 12:40:00-04:00,51.19,51.215,51.19,51.205,1538
2019-06-10 12:45:00-04:00,51.195,51.2,51.165,51.18,2658
2019-06-10 12:50:00-04:00,51.18,51.19,51.16,51.18,2936
2019-06-10 12:55:00-04:00,51.17,51.21,51.17,51.2,3617
2019-06-10 13:00:00-04:00,51.2,51.24,51.195,51.23,4337
2019-06-10 13:05:00-04:00,51.22,51.22,51.165,51.175,7597
2019-06-10 13:10:00-04:00,51.165,51.175,51.15,51.15,4086
2019-06-10 13:15:00-04:00,51.16,51.165,51.13,51.135,8224
2019-06-10 13:20:00-04:00,51.13,51.165,51.13,51.145,7951
2019-06-10 13:25:00-04:00,51.15,51.165,51.135,51.165,1522
2019-06-10 13:30:00-04:00,51.175,51.19,51.165,51.18,60058
2019-06-10 13:35:00-04:00,51.175,51.195,51.175,51.18,7450
2019-06-10 13:40:00-04:00,51.185,51.19,51.16,51.17,13046
2019-06-10 13:45:00-04:00,51.18,51.23,51.16,51.23,203449
2019-06-10 13:50:00-04:00,51.22,51.24,51.205,51.23,6514
2019-06-10 13:55:00-04:00,51.21,51.21,51.19,51.19,2730
2019-06-10 14:00:00-04:00,51.185,51.19,51.15,51.17,8509
2019-06-10 14:05:00-04:00,51.18,51.205,51.17,51.205,4709
2019-06-10 14:10:00-04:00,51.2,51.21,51.18,51.195,3603
2019-06-10 14:15:00-04:00,51.2,51.22,51.19,51.21,2624
2019-06-10 14:20:00-04:00,51.205,51.235,51.2,51.235,7359
2019-06-10 14:25:00-04:00,51.235,51.25,51.22,51.22,7605
2019-06-10 14:30:00-04:00,51.22,51.26,51.215,51.26,6217
2019-06-10 14:35:00-04:00,51.26,51.27,51.245,51.26,3267
2019-06-10 14:40:00-04:00,51.27,51.31,51.27,51.295,8623
2019-06-10 14:45:00-04:00,51.29,51.305,51.275,51.28,26396
2019-06-10 14:50:00-04:00,51.28,51.28,51.23,51.24,4239
2019-06-10 14:55:00-04:00,51.24,51.265,51.235,51.26,2576
2019-06-10 15:00:00-04:00,51.26,51.305,51.25,51.295,6861
2019-06-10 15:05:00-04:00,51.29,51.295,51.275,51.28,6516
2019-06-10 15:10:00-04:00,51.29,51.31,51.28,51.3,4503
2019-06-10 15:15:00-04:00,51.31,51.35,51.305,51.35,7818
2019-06-10 15:20:00-04:00,51.34,51.34,51.3,51.3,7802
2019-06-10 15:25:00-04:00,51.31,51.32,51.25,51.26,11584
2019-06-10 15:30:00-04:00,51.27,51.35,51.265,51.31,17833
2019-06-10 15:35:00-04:00,51.31,51.35,51.29,51.33,12166
2019-06-10 15:40:00-04:00,51.33,51.35,51.305,51.35,8835
2019-06-10 15:45:00-04:00,51.35,51.4,51.33,51.4,19970
2019-06-10 15:50:00-04:00,51.4,51.43,51.38,51.43,46831
2019-06-10 15:55:00-04:00,51.42,51.43,51.36,51.36,63292
2019-06-11 09:30:00-04:00,51.4,51.56,51.4,51.52,7775
2019-06-11 09:35:00-04:00,51.52,51.59,51.44,51.45,11052
2019-06-11 09:40:00-04:00,51.44,51.44,51.31,51.32,3057
2019-06-11 09:45:00-04:00,51.33,51.33,51.21,51.26,6594
2019-06-11 09:50:00-04:00,51.25,51.325,51.24,51.26,15078
2019-06-11 09:55:00-04:00,51.26,51.32,51.26,51.31,6008
2019-06-11 10:00:00-04:00,51.305,51.32,51.21,51.3,11718
2019-06-11 10:05:00-04:00,51.29,51.29,51.215,51.25,5506
2019-06-11 10:10:00-04:00,51.24,51.33,51.23,51.29,5657
2019-06-11 10:15:00-04:00,51.3,51.3,51.26,51.295,8675
2019-06-11 10:20:00-04:00,51.29,51.35,51.26,51.34,8688
2019-06-11 10:25:00-04:00,51.35,51.39,51.34,51.365,5381
2019-06-11 10:30:00-04:00,51.37,51.38,51.33,51.345,6028
2019-06-11 10:35:00-04:00,51.34,51.355,51.31,51.33,8157
2019-06-11 10:40:00-04:00,51.345,51.45,51.345,51.435,8020
2019-06-11 10:45:00-04:00,51.43,51.46,51.41,51.43,5620
2019-06-11 10:50:00-04:00,51.43,51.45,51.39,51.45,4055
2019-06-11 10:55:00-04:00,51.45,51.46,51.435,51.45,4443
2019-06-11 11:00:00-04:00,51.45,51.47,51.4,51.4,5625
2019-06-11 11:05:00-04:00,51.385,51.42,51.37,51.42,5545
2019-06-11 11:10:00-04:00,51.4,51.47,51.4,51.46,6312
2019-06-11 11:15:00-04:00,51.46,51.465,51.43,51.45,5552
2019-06-11 11:20:00-04:00,51.45,51.48,51.435,51.46,7723
2019-06-11 11:25:00-04:00,51.46,51.535,51.46,51.52,12892
2019-06-11 11:30:00-04:00,51.5,51.5,51.46,51.48,3009
2019-06-11 11:35:00-04:00,51.49,51.515,51.465,51.51,6860
2019-06-11 11:40:00-04:00,51.5,51.515,51.48,51.505,5325
2019-06-11 11:45:00-04:00,51.5,51.54,51.49,51.535,17773
2019-06-11 11:50:00-04:00,51.525,51.53,51.505,51.525,6151
2019-06-11 11:55:00-04:00,51.53,51.56,51.52,51.53,7189
2019-06-11 12:00:00-04:00,51.535,51.54,51.495,51.505,6313
2019-06-11 12:05:00-04:00,51.51,51.515,51.475,51.48,8209
2019-06-11 12:10:00-04:00,51.485,51.49,51.45,51.49,7211
2019-06-11 12:15:00-04:00,51.485,51.485,51.44,51.45,6523
2019-06-11 12:20:00-04:00,51.445,51.46,51.415,51.43,7526
2019-06-11 12:25:00-04:00,51.425,51.45,51.41,51.45,3568
2019-06-11 12:30:00-04:00,51.445,51.495,51.445,51.495,2709
2019-06-11 12:35:00-04:00,51.495,51.525,51.47,51.52,6704
2019-06-11 12:40:00-04:00,51.515,51.52,51.48,51.515,6021
2019-06-11 12:45:00-04:00,51.51,51.515,51.49,51.495,4773
2019-06-11 12:50:00-04:00,51.5,51.5,51.47,51.47,5188
2019-06-11 12:55:00-04:00,51.47,51.475,51.42,51.42,5181
2019-06-11 13:00:00-04:00,51.425,51.435,51.39,51.42,4219
2019-06-11 13:05:00-04:00,51.42,51.435,51.415,51.43,1943
2019-06-11 13:10:00-04:00,51.42,51.445,51.41,51.44,7228
2019-06-11 13:15:00-04:00,51.45,51.455,51.43,51.45,2856
2019-06-11 13:20:00-04:00,51.455,51.46,51.425,51.445,4007
2019-06-11 13:25:00-04:00,51.425,51.455,51.425,51.455,2598
2019-06-11 13:30:00-04:00,51.455,51.48,51.44,51.465,13442
2019-06-11 13:35:00-04:00,51.465,51.475,51.455,51.475,2262
2019-06-11 13:40:00-04:00,51.47,51.5,51.47,51.48,3447
2019-06-11 13:45:00-04:00,51.47,51.48,51.465,51.48,2431
2019-06-11 13:50:00-04:00,51.49,51.51,51.49,51.5,2040
2019-06-11 13:55:00-04:00,51.5,51.505,51.485,51.5,2374
2019-06-11 14:00:00-04:00,51.51,51.53,51.505,51.525,4872
2019-06-11 14:05:00-04:00,51.52,51.53,51.47,51.48,7479
2019-06-11 14:10:00-04:00,51.48,51.49,51.455,51.485,4869
2019-06-11 14:15:00-04:00,51.49,51.5,51.465,51.47,4349
2019-06-11 14:20:00-04:00,51.465,51.475,51.43,51.435,6759
2019-06-11 14:25:00-04:00,51.43,51.445,51.41,51.41,5332
2019-06-11 14:30:00-04:00,51.415,51.43,51.37,51.415,6842
2019-06-11 14:35:00-04:00,51.41,51.42,51.38,51.38,3145
2019-06-11 14:40:00-04:00,51.39,51.39,51.355,51.375,3620
2019-06-11 14:45:00-04:00,51.37,51.37,51.295,51.32,13463
2019-06-11 14:50:00-04:00,51.33,51.335,51.29,51.3,10264
2019-06-11 14:55:00-04:00,51.305,51.305,51.275,51.29,24518
2019-06-11 15:00:00-04:00,51.3,51.3,51.23,51.23,13268
2019-06-11 15:05:00-04:00,51.22,51.26,51.22,51.255,11236
2019-06-11 15:10:00-04:00,51.26,51.27,51.205,51.21,8846
2019-06-11 15:15:00-04:00,51.22,51.245,51.215,51.215,9104
2019-06-11 15:20:00-04:00,51.205,51.24,51.185,51.22,7965
2019-06-11 15:25:00-04:00,51.22,51.23,51.185,51.195,13152
2019-06-11 15:30:00-04:00,51.19,51.285,51.185,51.255,26641
2019-06-11 15:35:00-04:00,51.255,51.3,51.255,51.295,15489
2019-06-11 15:40:00-04:00,51.29,51.295,51.255,51.275,22962
2019-06-11 15:45:00-04:00,51.28,51.285,51.25,51.27,26527
2019-06-11 15:50:00-04:00,51.27,51.315,51.25,51.315,71981
2019-06-11 15:55:00-04:00,51.32,51.34,51.235,51.33,109654
2019-06-12 09:30:00-04:00,51.47,51.74,51.47,51.69,8462
2019-06-12 09:35:00-04:00,51.705,51.86,51.7,51.82,10666
2019-06-12 09:40:00-04:00,51.79,51.855,51.755,51.79,5711
2019-06-12 09:45:00-04:00,51.79,51.97,51.78,51.92,9030
2019-06-12 09:50:00-04:00,51.93,51.95,51.85,51.91,7023
2019-06-12 09:55:00-04:00,51.91,52.0,51.89,51.965,9956
2019-06-12 10:00:00-04:00,51.96,52.05,51.95,52.015,8787
2019-06-12 10:05:00-04:00,52.01,52.05,51.985,52.05,5298
2019-06-12 10:10:00-04:00,52.05,52.13,52.04,52.04,9898
2019-06-12 10:15:00-04:00,52.06,52.09,52.03,52.05,2684
2019-06-12 10:20:00-04:00,52.07,52.08,51.985,52.015,8089
2019-06-12 10:25:00-04:00,52.01,52.01,51.87,51.88,15213
2019-06-12 10:30:00-04:00,51.89,51.89,51.8,51.8,9242
2019-06-12 10:35:00-04:00,51.76,51.85,51.76,51.83,6244
2019-06-12 10:40:00-04:00,51.82,51.82,51.76,51.79,4160
2019-06-12 10:45:00-04:00,51.8,51.81,51.735,51.765,7446
2019-06-12 10:50:00-04:00,51.77,51.77,51.68,51.68,7737
2019-06-12 10:55:00-04:00,51.68,51.72,51.675,51.71,6462
2019-06-12 11:00:00-04:00,51.7,51.755,51.7,51.75,7303
2019-06-12 11:05:00-04:00,51.76,51.76,51.725,51.745,3767
2019-06-12 11:10:00-04:00,51.745,51.77,51.725,51.765,2140
2019-06-12 11:15:00-04:00,51.76,51.78,51.71,51.725,3246
2019-06-12 11:20:00-04:00,51.74,51.75,51.655,51.69,5104
2019-06-12 11:25:00-04:00,51.7,51.73,51.69,51.72,4665
2019-06-12 11:30:00-04:00,51.735,51.745,51.72,51.735,4972
2019-06-12 11:35:00-04:00,51.72,51.76,51.72,51.75,5904
2019-06-12 11:40:00-04:00,51.75,51.81,51.74,51.81,10885
2019-06-12 11:45:00-04:00,51.82,51.83,51.79,51.8,50009
2019-06-12 11:50:00-04:00,51.795,51.8,51.72,51.72,7707
2019-06-12 11:55:00-04:00,51.72,51.75,51.72,51.75,4578
2019-06-12 12:00:00-04:00,51.74,51.75,51.705,51.71,5947
2019-06-12 12:05:00-04:00,51.71,51.72,51.685,51.71,4132
2019-06-12 12:10:00-04:00,51.71,51.735,51.71,51.735,3160
2019-06-12 12:15:00-04:00,51.74,51.76,51.74,51.76,3104
2019-06-12 12:20:00-04:00,51.75,51.75,51.72,51.73,5458
2019-06-12 12:25:00-04:00,51.715,51.74,51.715,51.73,4012
2019-06-12 12:30:00-04:00,51.73,51.745,51.725,51.74,2720
2019-06-12 12:35:00-04:00,51.73,51.73,51.7,51.71,2839
2019-06-12 12:40:00-04:00,51.71,51.715,51.675,51.68,5829
2019-06-12 12:45:00-04:00,51.68,51.7,51.65,51.69,8456
2019-06-12 12:50:00-04:00,51.69,51.7,51.68,51.69,2701
2019-06-12 12:55:00-04:00,51.685,51.72,51.675,51.71,7443
2019-06-12 13:00:00-04:00,51.7,51.7,51.66,51.695,6546
2019-06-12 13:05:00-04:00,51.685,51.7,51.675,51.675,5308
2019-06-12 13:10:00-04:00,51.675,51.68,51.655,51.66,7395
2019-06-12 13:15:00-04:00,51.655,51.66,51.62,51.65,5966
2019-06-12 13:20:00-04:00,51.65,51.655,51.61,51.625,4910
2019-06-12 13:25:00-04:00,51.63,51.645,51.615,51.615,6208
2019-06-12 13:30:00-04:00,51.615,51.625,51.6,51.62,9621
2019-06-12 13:35:00-04:00,51.62,51.63,51.605,51.605,10577
2019-06-12 13:40:00-04:00,51.605,51.62,51.6,51.615,4600
2019-06-12 13:45:00-04:00,51.62,51.64,51.615,51.64,7525
2019-06-12 13:50:00-04:00,51.65,51.655,51.62,51.63,2811
2019-06-12 13:55:00-04:00,51.62,51.63,51.58,51.605,6171
2019-06-12 14:00:00-04:00,51.62,51.62,51.595,51.615,4100
2019-06-12 14:05:00-04:00,51.61,51.62,51.595,51.61,4657
2019-06-12 14:10:00-04:00,51.6,51.6,51.56,51.57,5743
2019-06-12 14:15:00-04:00,51.57,51.58,51.545,51.58,7142
2019-06-12 14:20:00-04:00,51.575,51.61,51.57,51.6,3204
2019-06-12 14:25:00-04:00,51.595,51.61,51.585,51.6,5337
2019-06-12 14:30:00-04:00,51.6,51.64,51.59,51.64,4783
2019-06-12 14:35:00-04:00,51.64,51.67,51.63,51.67,4610
2019-06-12 14:40:00-04:00,51.67,51.73,51.65,51.72,8012
2019-06-12 14:45:00-04:00,51.73,51.75,51.72,51.73,5258
2019-06-12 14:50:00-04:00,51.74,51.75,51.72,51.72,5319
2019-06-12 14:55:00-04:00,51.725,51.74,51.72,51.74,7714
2019-06-12 15:00:00-04:00,51.73,51.73,51.63,51.63,14018
2019-06-12 15:05:00-04:00,51.63,51.63,51.59,51.59,19459
2019-06-12 15:10:00-04:00,51.59,51.605,51.58,51.58,13144
2019-06-12 15:15:00-04:00,51.59,51.59,51.53,51.53,22470
2019-06-12 15:20:00-04:00,51.535,51.54,51.5,51.5,12774
2019-06-12 15:25:00-04:00,51.51,51.545,51.505,51.505,18606
2019-06-12 15:30:00-04:00,51.505,51.58,51.505,51.565,17790
2019-06-12 15:35:00-04:00,51.56,51.565,51.53,51.535,17739
2019-06-12 15:40:00-04:00,51.53,51.555,51.53,51.53,16990
2019-06-12 15:45:00-04:00,51.53,51.615,51.53,51.6,30891
2019-06-12 15:50:00-04:00,51.6,51.66,51.59,51.645,42606
2019-06-12 15:55:00-04:00,51.65,51.67,51.6,51.65,103757
2019-06-13 09:30:00-04:00,51.46,51.7,51.445,51.46,12448
2019-06-13 09:35:00-04:00,51.45,51.45,51.29,51.29,4090
2019-06-13 09:40:00-04:00,51.28,51.29,51.13,51.2,11733
2019-06-13 09:45:00-04:00,51.2,51.21,51.12,51.185,8210
2019-06-13 09:50:00-04:00,51.185,51.2,51.1,51.12,7028
2019-06-13 09:55:00-04:00,51.11,51.15,51.06,51.14,4925
2019-06-13 10:00:00-04:00,51.14,51.16,51.07,51.07,19766
2019-06-13 10:05:00-04:00,51.075,51.08,50.98,51.055,25868
2019-06-13 10:10:00-04:00,51.065,51.17,51.065,51.13,13183
2019-06-13 10:15:00-04:00,51.13,51.14,51.04,51.05,10771
2019-06-13 10:20:00-04:00,51.05,51.12,51.05,51.11,9655
2019-06-13 10:25:00-04:00,51.11,51.11,51.03,51.04,13372
2019-06-13 10:30:00-04:00,51.05,51.05,50.95,50.96,13314
2019-06-13 10:35:00-04:00,50.97,51.05,50.96,51.02,14232
2019-06-13 10:40:00-04:00,51.035,51.05,50.93,51.02,16846
2019-06-13 10:45:00-04:00,51.0,51.015,50.97,50.98,7357
2019-06-13 10:50:00-04:00,50.985,50.99,50.96,50.98,9557
2019-06-13 10:55:00-04:00,50.97,50.975,50.9,50.925,7338
2019-06-13 11:00:00-04:00,50.925,50.93,50.82,50.825,13565
2019-06-13 11:05:00-04:00,50.82,50.82,50.79,50.8,14932
2019-06-13 11:10:00-04:00,50.8,50.84,50.78,50.83,8562
2019-06-13 11:15:00-04:00,50.81,50.83,50.79,50.82,6410
2019-06-13 11:20:00-04:00,50.81,50.95,50.81,50.9,7968
2019-06-13 11:25:00-04:00,50.905,50.92,50.875,50.915,14282
2019-06-13 11:30:00-04:00,50.91,50.95,50.905,50.95,12474
2019-06-13 11:35:00-04:00,50.96,50.99,50.955,50.965,13124
2019-06-13 11:40:00-04:00,50.965,50.965,50.91,50.92,13844
2019-06-13 11:45:00-04:00,50.92,50.92,50.875,50.875,8564
2019-06-13 11:50:00-04:00,50.875,50.88,50.86,50.865,10610
2019-06-13 11:55:00-04:00,50.87,50.92,50.865,50.9,7894
2019-06-13 12:00:00-04:00,50.9,50.94,50.895,50.91,4712
2019-06-13 12:05:00-04:00,50.91,50.955,50.9,50.91,16511
2019-06-13 12:10:00-04:00,50.91,50.91,50.88,50.89,6294
2019-06-13 12:15:00-04:00,50.88,50.895,50.87,50.89,3334
2019-06-13 12:20:00-04:00,50.86,50.9,50.86,50.86,8715
2019-06-13 12:25:00-04:00,50.86,50.86,50.805,50.81,4626
2019-06-13 12:30:00-04:00,50.805,50.83,50.785,50.825,14902
2019-06-13 12:35:00-04:00,50.825,50.845,50.82,50.82,5639
2019-06-13 12:40:00-04:00,50.82,50.835,50.8,50.815,11345
2019-06-13 12:45:00-04:00,50.82,50.89,50.815,50.875,15483
2019-06-13 12:50:00-04:00,50.88,50.97,50.87,50.97,5848
2019-06-13 12:55:00-04:00,50.96,50.99,50.96,50.98,2408
2019-06-13 13:00:00-04:00,50.98,51.03,50.97,51.01,4957
2019-06-13 13:05:00-04:00,51.02,51.03,50.995,50.995,3232
2019-06-13 13:10:00-04:00,51.005,51.01,50.99,50.99,3973
2019-06-13 13:15:00-04:00,50.97,50.98,50.96,50.98,3550
2019-06-13 13:20:00-04:00,50.99,50.995,50.99,50.995,500
2019-06-13 13:25:00-04:00,51.02,51.03,51.02,51.03,1010
2019-06-13 13:30:00-04:00,51.04,51.065,51.01,51.01,5269
2019-06-13 13:35:00-04:00,51.005,51.005,50.95,50.95,7987
2019-06-13 13:40:00-04:00,50.96,50.98,50.94,50.94,5545
2019-06-13 13:45:00-04:00,50.94,50.96,50.93,50.96,3624
2019-06-13 13:50:00-04:00,50.965,50.97,50.935,50.94,4380
2019-06-13 13:55:00-04:00,50.935,50.94,50.91,50.93,3498
2019-06-13 14:00:00-04:00,50.94,50.97,50.94,50.97,3018
2019-06-13 14:05:00-04:00,50.96,50.97,50.93,50.93,3113
2019-06-13 14:10:00-04:00,50.94,50.98,50.94,50.98,3343
2019-06-13 14:15:00-04:00,50.97,50.97,50.91,50.915,7818
2019-06-13 14:20:00-04:00,50.92,50.94,50.915,50.94,7452
2019-06-13 14:25:00-04:00,50.93,50.96,50.915,50.96,4547
2019-06-13 14:30:00-04:00,50.96,51.0,50.96,50.99,4566
2019-06-13 14:35:00-04:00,50.98,50.98,50.94,50.96,5313
2019-06-13 14:40:00-04:00,50.965,50.965,50.94,50.95,3797
2019-06-13 14:45:00-04:00,50.97,50.97,50.96,50.96,4555
2019-06-13 14:50:00-04:00,50.965,50.985,50.96,50.985,3552
2019-06-13 14:55:00-04:00,50.99,50.995,50.955,50.955,3783
2019-06-13 15:00:00-04:00,50.95,50.96,50.91,50.925,10572
2019-06-13 15:05:00-04:00,50.925,50.925,50.87,50.875,10389
2019-06-13 15:10:00-04:00,50.88,50.89,50.85,50.86,15538
2019-06-13 15:15:00-04:00,50.86,50.87,50.835,50.865,13080
2019-06-13 15:20:00-04:00,50.86,50.885,50.845,50.865,9284
2019-06-13 15:25:00-04:00,50.88,50.88,50.85,50.865,8942
2019-06-13 15:30:00-04:00,50.87,50.92,50.865,50.92,11149
2019-06-13 15:35:00-04:00,50.92,50.98,50.91,50.97,10342
2019-06-13 15:40:00-04:00,50.965,50.995,50.94,50.945,13960
2019-06-13 15:45:00-04:00,50.94,50.95,50.92,50.92,21900
2019-06-13 15:50:00-04:00,50.92,51.02,50.92,50.99,38056
2019-06-13 15:55:00-04:00,50.99,51.15,50.98,51.13,96157
2019-06-14 09:25:00-04:00,51.07,51.07,51.07,51.07,164
2019-06-14 09:30:00-04:00,51.07,51.36,51.07,51.27,7354
2019-06-14 09:35:00-04:00,51.25,51.31,51.21,51.22,6515
2019-06-14 09:40:00-04:00,51.2,51.24,51.18,51.18,3887
2019-06-14 09:45:00-04:00,51.185,51.195,51.09,51.11,4956
2019-06-14 09:50:00-04:00,51.13,51.26,51.07,51.26,7027
2019-06-14 09:55:00-04:00,51.27,51.43,51.27,51.405,14721
2019-06-14 10:00:00-04:00,51.39,51.39,51.25,51.28,6859
2019-06-14 10:05:00-04:00,51.27,51.36,51.27,51.35,5777
2019-06-14 10:10:00-04:00,51.345,51.38,51.32,51.335,11557
2019-06-14 10:15:00-04:00,51.33,51.375,51.295,51.36,17267
2019-06-14 10:20:00-04:00,51.365,51.37,51.26,51.26,6258
2019-06-14 10:25:00-04:00,51.255,51.295,51.235,51.295,6492
2019-06-14 10:30:00-04:00,51.3,51.335,51.275,51.3,8636
2019-06-14 10:35:00-04:00,51.3,51.3,51.255,51.27,6556
2019-06-14 10:40:00-04:00,51.26,51.31,51.23,51.31,6517
2019-06-14 10:45:00-04:00,51.305,51.365,51.295,51.36,10387
2019-06-14 10:50:00-04:00,51.37,51.39,51.35,51.38,6651
2019-06-14 10:55:00-04:00,51.395,51.46,51.385,51.45,11187
2019-06-14 11:00:00-04:00,51.46,51.475,51.41,51.41,11756
2019-06-14 11:05:00-04:00,51.41,51.47,51.41,51.46,5643
2019-06-14 11:10:00-04:00,51.44,51.46,51.42,51.42,6734
2019-06-14 11:15:00-04:00,51.42,51.45,51.39,51.45,12439
2019-06-14 11:20:00-04:00,51.45,51.475,51.41,51.41,10834
2019-06-14 11:25:00-04:00,51.41,51.47,51.41,51.46,6635
2019-06-14 11:30:00-04:00,51.46,51.525,51.46,51.49,16578
2019-06-14 11:35:00-04:00,51.48,51.51,51.43,51.43,8409
2019-06-14 11:40:00-04:00,51.42,51.42,51.35,51.355,2600
2019-06-14 11:45:00-04:00,51.35,51.37,51.335,51.36,4112
2019-06-14 11:50:00-04:00,51.37,51.37,51.31,51.31,4670
2019-06-14 11:55:00-04:00,51.31,51.33,51.285,51.32,4254
2019-06-14 12:00:00-04:00,51.32,51.33,51.285,51.295,4927
2019-06-14 12:05:00-04:00,51.295,51.32,51.285,51.285,1800
2019-06-14 12:10:00-04:00,51.29,51.31,51.285,51.305,2571
2019-06-14 12:15:00-04:00,51.29,51.3,51.255,51.26,3004
2019-06-14 12:20:00-04:00,51.27,51.28,51.26,51.28,3400
2019-06-14 12:25:00-04:00,51.28,51.3,51.28,51.3,2319
2019-06-14 12:30:00-04:00,51.3,51.31,51.285,51.31,4486
2019-06-14 12:35:00-04:00,51.31,51.36,51.31,51.36,2267
2019-06-14 12:40:00-04:00,51.345,51.36,51.335,51.34,3614
2019-06-14 12:45:00-04:00,51.335,51.34,51.3,51.32,3202
2019-06-14 12:50:00-04:00,51.32,51.34,51.32,51.33,4507
2019-06-14 12:55:00-04:00,51.325,51.34,51.32,51.325,2833
2019-06-14 13:00:00-04:00,51.33,51.34,51.325,51.325,7653
2019-06-14 13:05:00-04:00,51.32,51.32,51.29,51.29,7071
2019-06-14 13:10:00-04:00,51.29,51.3,51.27,51.28,5290
2019-06-14 13:15:00-04:00,51.28,51.3,51.275,51.285,2418
2019-06-14 13:20:00-04:00,51.285,51.31,51.27,51.29,7270
2019-06-14 13:25:00-04:00,51.28,51.285,51.26,51.27,3133
2019-06-14 13:30:00-04:00,51.27,51.28,51.255,51.28,3363
2019-06-14 13:35:00-04:00,51.275,51.28,51.265,51.275,1800
2019-06-14 13:40:00-04:00,51.27,51.29,51.245,51.265,7800
2019-06-14 13:45:00-04:00,51.265,51.31,51.26,51.31,4654
2019-06-14 13:50:00-04:00,51.31,51.32,51.285,51.315,3686
2019-06-14 13:55:00-04:00,51.31,51.315,51.28,51.28,6621
2019-06-14 14:00:00-04:00,51.29,51.29,51.265,51.275,4793
2019-06-14 14:05:00-04:00,51.265,51.265,51.24,51.25,2075
2019-06-14 14:10:00-04:00,51.25,51.25,51.235,51.245,6325
2019-06-14 14:15:00-04:00,51.255,51.36,51.255,51.355,6618
2019-06-14 14:20:00-04:00,51.35,51.375,51.35,51.365,3779
2019-06-14 14:25:00-04:00,51.37,51.38,51.36,51.38,2226
2019-06-14 14:30:00-04:00,51.38,51.385,51.365,51.375,6175
2019-06-14 14:35:00-04:00,51.37,51.38,51.36,51.36,5266
2019-06-14 14:40:00-04:00,51.36,51.365,51.34,51.36,3902
2019-06-14 14:45:00-04:00,51.36,51.38,51.36,51.37,73722
2019-06-14 14:50:00-04:00,51.37,51.38,51.355,51.355,3850
2019-06-14 14:55:00-04:00,51.355,51.37,51.34,51.34,3734
2019-06-14 15:00:00-04:00,51.34,51.38,51.335,51.38,7249
2019-06-14 15:05:00-04:00,51.375,51.39,51.37,51.385,3193
2019-06-14 15:10:00-04:00,51.38,51.395,51.37,51.385,5895
2019-06-14 15:15:00-04:00,51.39,51.4,51.355,51.375,11588
2019-06-14 15:20:00-04:00,51.38,51.44,51.38,51.43,5965
2019-06-14 15:25:00-04:00,51.42,51.43,51.405,51.41,6285
2019-06-14 15:30:00-04:00,51.41,51.43,51.4,51.42,8444
2019-06-14 15:35:00-04:00,51.42,51.47,51.42,51.45,12507
2019-06-14 15:40:00-04:00,51.45,51.45,51.4,51.41,12848
2019-06-14 15:45:00-04:00,51.405,51.44,51.395,51.41,13667
2019-06-14 15:50:00-04:00,51.41,51.45,51.365,51.44,22987
2019-06-14 15:55:00-04:00,51.45,51.45,51.32,51.32,83420
2019-06-17 09:30:00-04:00,51.33,51.48,51.04,51.04,7694
2019-06-17 09:35:00-04:00,51.02,51.07,50.88,50.965,10966
2019-06-17 09:40:00-04:00,50.97,51.03,50.94,50.97,16769
2019-06-17 09:45:00-04:00,50.96,50.975,50.89,50.94,18573
2019-06-17 09:50:00-04:00,50.93,50.98,50.91,50.93,10951
2019-06-17 09:55:00-04:00,50.94,50.94,50.86,50.87,9924
2019-06-17 10:00:00-04:00,50.87,50.875,50.65,50.685,19736
2019-06-17 10:05:00-04:00,50.68,50.77,50.68,50.72,20442
2019-06-17 10:10:00-04:00,50.725,50.78,50.725,50.74,11810
2019-06-17 10:15:00-04:00,50.74,50.82,50.73,50.8,12065
2019-06-17 10:20:00-04:00,50.81,50.86,50.805,50.855,12409
2019-06-17 10:25:00-04:00,50.86,50.865,50.8,50.81,9721
2019-06-17 10:30:00-04:00,50.805,50.85,50.8,50.84,9131
2019-06-17 10:35:00-04:00,50.835,50.87,50.82,50.87,9340
2019-06-17 10:40:00-04:00,50.87,50.89,50.83,50.83,4479
2019-06-17 10:45:00-04:00,50.83,50.83,50.775,50.79,6352
2019-06-17 10:50:00-04:00,50.8,50.84,50.78,50.83,14741
2019-06-17 10:55:00-04:00,50.83,50.86,50.82,50.855,8748
2019-06-17 11:00:00-04:00,50.85,50.88,50.85,50.865,5818
2019-06-17 11:05:00-04:00,50.85,50.85,50.82,50.82,8095
2019-06-17 11:10:00-04:00,50.835,50.84,50.815,50.84,5901
2019-06-17 11:15:00-04:00,50.84,50.88,50.83,50.83,5183
2019-06-17 11:20:00-04:00,50.82,50.82,50.785,50.79,7482
2019-06-17 11:25:00-04:00,50.8,50.8,50.785,50.795,4653
2019-06-17 11:30:00-04:00,50.8,50.82,50.77,50.8,6599
2019-06-17 11:35:00-04:00,50.81,50.815,50.75,50.75,10486
2019-06-17 11:40:00-04:00,50.75,50.77,50.735,50.74,4994
2019-06-17 11:45:00-04:00,50.74,50.755,50.725,50.75,17498
2019-06-17 11:50:00-04:00,50.75,50.755,50.74,50.75,6541
2019-06-17 11:55:00-04:00,50.75,50.75,50.725,50.725,1960
2019-06-17 12:00:00-04:00,50.73,50.73,50.685,50.715,12952
2019-06-17 12:05:00-04:00,50.71,50.71,50.7,50.7,2562
2019-06-17 12:10:00-04:00,50.69,50.71,50.675,50.675,4121
2019-06-17 12:15:00-04:00,50.68,50.725,50.68,50.7,5471
2019-06-17 12:20:00-04:00,50.7,50.715,50.68,50.68,32898
2019-06-17 12:25:00-04:00,50.67,50.68,50.66,50.66,2607
2019-06-17 12:30:00-04:00,50.66,50.66,50.61,50.635,4400
2019-06-17 12:35:00-04:00,50.64,50.665,50.635,50.655,4627
2019-06-17 12:40:00-04:00,50.65,50.67,50.64,50.665,2584
2019-06-17 12:45:00-04:00,50.67,50.69,50.665,50.685,5559
2019-06-17 12:50:00-04:00,50.69,50.7,50.68,50.7,4964
2019-06-17 12:55:00-04:00,50.69,50.69,50.66,50.68,6726
2019-06-17 13:00:00-04:00,50.69,50.71,50.685,50.685,4294
2019-06-17 13:05:00-04:00,50.68,50.7,50.675,50.68,4556
2019-06-17 13:10:00-04:00,50.68,50.72,50.68,50.72,3050
2019-06-17 13:15:00-04:00,50.72,50.77,50.72,50.77,3280
2019-06-17 13:20:00-04:00,50.77,50.78,50.76,50.76,4565
2019-06-17 13:25:00-04:00,50.75,50.765,50.75,50.76,1835
2019-06-17 13:30:00-04:00,50.76,50.79,50.76,50.79,23650
2019-06-17 13:35:00-04:00,50.8,50.855,50.8,50.845,8763
2019-06-17 13:40:00-04:00,50.85,50.88,50.85,50.87,4983
2019-06-17 13:45:00-04:00,50.875,50.9,50.875,50.88,3328
2019-06-17 13:50:00-04:00,50.89,50.92,50.87,50.915,6118
2019-06-17 13:55:00-04:00,50.91,50.91,50.86,50.865,5321
2019-06-17 14:00:00-04:00,50.88,50.89,50.87,50.87,4934
2019-06-17 14:05:00-04:00,50.87,50.875,50.82,50.82,8232
2019-06-17 14:10:00-04:00,50.82,50.85,50.805,50.84,12672
2019-06-17 14:15:00-04:00,50.85,50.915,50.85,50.915,3878
2019-06-17 14:20:00-04:00,50.92,50.95,50.91,50.95,6658
2019-06-17 14:25:00-04:00,50.95,50.97,50.93,50.94,10281
2019-06-17 14:30:00-04:00,50.95,50.95,50.92,50.93,4332
2019-06-17 14:35:00-04:00,50.925,50.965,50.925,50.965,4535
2019-06-17 14:40:00-04:00,50.97,50.98,50.945,50.98,7307
2019-06-17 14:45:00-04:00,50.98,50.98,50.945,50.95,8175
2019-06-17 14:50:00-04:00,50.94,50.94,50.89,50.89,3415
2019-06-17 14:55:00-04:00,50.895,50.905,50.89,50.9,1557
2019-06-17 15:00:00-04:00,50.89,50.93,50.87,50.93,5903
2019-06-17 15:05:00-04:00,50.92,50.94,50.91,50.935,5269
2019-06-17 15:10:00-04:00,50.93,50.93,50.905,50.905,14395
2019-06-17 15:15:00-04:00,50.91,50.92,50.905,50.91,4211
2019-06-17 15:20:00-04:00,50.9,50.92,50.9,50.9,4948
2019-06-17 15:25:00-04:00,50.9,50.91,50.895,50.9,7125
2019-06-17 15:30:00-04:00,50.9,50.9,50.84,50.865,6865
2019-06-17 15:35:00-04:00,50.865,50.9,50.865,50.9,6671
2019-06-17 15:40:00-04:00,50.91,50.91,50.87,50.89,12223
2019-06-17 15:45:00-04:00,50.89,50.94,50.89,50.905,10884
2019-06-17 15:50:00-04:00,50.9,50.92,50.87,50.92,19298
2019-06-17 15:55:00-04:00,50.92,50.96,50.85,50.88,97806
2019-06-18 09:25:00-04:00,51.01,51.01,51.01,51.01,300
2019-06-18 09:30:00-04:00,51.29,51.29,50.95,50.95,10712
2019-06-18 09:35:00-04:00,51.01,51.07,50.91,51.03,4238
2019-06-18 09:40:00-04:00,50.991,51.1,50.88,50.91,5204
2019-06-18 09:45:00-04:00,50.88,50.9,50.78,50.88,4508
2019-06-18 09:50:00-04:00,50.9,50.9,50.82,50.85,5756
2019-06-18 09:55:00-04:00,50.85,50.92,50.82,50.905,8373
2019-06-18 10:00:00-04:00,50.9,50.92,50.85,50.9,6159
2019-06-18 10:05:00-04:00,50.88,50.88,50.81,50.84,8400
2019-06-18 10:10:00-04:00,50.85,50.85,50.76,50.79,7095
2019-06-18 10:15:00-04:00,50.8,50.85,50.8,50.82,2560
2019-06-18 10:20:00-04:00,50.835,50.84,50.73,50.73,2256
2019-06-18 10:25:00-04:00,50.73,50.73,50.66,50.66,7595
2019-06-18 10:30:00-04:00,50.67,50.675,50.635,50.635,9281
2019-06-18 10:35:00-04:00,50.63,50.67,50.61,50.67,5098
2019-06-18 10:40:00-04:00,50.68,50.68,50.63,50.65,5789
2019-06-18 10:45:00-04:00,50.65,50.71,50.64,50.71,7353
2019-06-18 10:50:00-04:00,50.71,50.81,50.705,50.81,4224
2019-06-18 10:55:00-04:00,50.81,50.81,50.765,50.77,4334
2019-06-18 11:00:00-04:00,50.8,50.81,50.76,50.79,6017
2019-06-18 11:05:00-04:00,50.78,50.78,50.66,50.685,10735
2019-06-18 11:10:00-04:00,50.685,50.705,50.67,50.705,16042
2019-06-18 11:15:00-04:00,50.71,50.73,50.67,50.67,6382
2019-06-18 11:20:00-04:00,50.65,50.68,50.58,50.59,15459
2019-06-18 11:25:00-04:00,50.59,50.66,50.56,50.64,10827
2019-06-18 11:30:00-04:00,50.65,50.65,50.6,50.61,10339
2019-06-18 11:35:00-04:00,50.61,50.64,50.6,50.605,10471
2019-06-18 11:40:00-04:00,50.61,50.61,50.56,50.59,12507
2019-06-18 11:45:00-04:00,50.58,50.675,50.58,50.61,24294
2019-06-18 11:50:00-04:00,50.6,50.66,50.59,50.63,9850
2019-06-18 11:55:00-04:00,50.64,50.66,50.6,50.6,8912
2019-06-18 12:00:00-04:00,50.6,50.61,50.565,50.6,5775
2019-06-18 12:05:00-04:00,50.6,50.63,50.58,50.58,7933
2019-06-18 12:10:00-04:00,50.58,50.58,50.55,50.565,10056
2019-06-18 12:15:00-04:00,50.56,50.585,50.535,50.55,15004
2019-06-18 12:20:00-04:00,50.56,50.6,50.55,50.59,9630
2019-06-18 12:25:00-04:00,50.57,50.63,50.56,50.63,7103
2019-06-18 12:30:00-04:00,50.63,50.69,50.63,50.69,1655
2019-06-18 12:35:00-04:00,50.69,50.7,50.65,50.685,6583
2019-06-18 12:40:00-04:00,50.705,50.74,50.7,50.72,5790
2019-06-18 12:45:00-04:00,50.72,50.74,50.71,50.73,3317
2019-06-18 12:50:00-04:00,50.73,50.74,50.72,50.72,6406
2019-06-18 12:55:00-04:00,50.71,50.77,50.71,50.76,2360
2019-06-18 13:00:00-04:00,50.76,50.78,50.74,50.77,2937
2019-06-18 13:05:00-04:00,50.76,50.76,50.73,50.75,3538
2019-06-18 13:10:00-04:00,50.75,50.76,50.74,50.745,4421
2019-06-18 13:15:00-04:00,50.74,50.75,50.74,50.75,2252
2019-06-18 13:20:00-04:00,50.755,50.76,50.75,50.75,2823
2019-06-18 13:25:00-04:00,50.75,50.75,50.715,50.72,2633
2019-06-18 13:30:00-04:00,50.74,50.74,50.72,50.72,27024
2019-06-18 13:35:00-04:00,50.7,50.73,50.7,50.72,4112
2019-06-18 13:40:00-04:00,50.71,50.71,50.65,50.65,4436
2019-06-18 13:45:00-04:00,50.65,50.72,50.645,50.695,6973
2019-06-18 13:50:00-04:00,50.695,50.695,50.665,50.67,3870
2019-06-18 13:55:00-04:00,50.66,50.66,50.63,50.655,4512
2019-06-18 14:00:00-04:00,50.66,50.66,50.64,50.65,6788
2019-06-18 14:05:00-04:00,50.65,50.695,50.65,50.695,5968
2019-06-18 14:10:00-04:00,50.7,50.705,50.67,50.67,8443
2019-06-18 14:15:00-04:00,50.66,50.66,50.625,50.635,7031
2019-06-18 14:20:00-04:00,50.645,50.66,50.635,50.66,6370
2019-06-18 14:25:00-04:00,50.655,50.675,50.65,50.66,7824
2019-06-18 14:30:00-04:00,50.665,50.685,50.66,50.66,6133
2019-06-18 14:35:00-04:00,50.675,50.675,50.645,50.65,3683
2019-06-18 14:40:00-04:00,50.66,50.67,50.64,50.645,4390
2019-06-18 14:45:00-04:00,50.64,50.655,50.63,50.655,3884
2019-06-18 14:50:00-04:00,50.655,50.66,50.61,50.61,4290
2019-06-18 14:55:00-04:00,50.61,50.615,50.57,50.57,3462
2019-06-18 15:00:00-04:00,50.565,50.595,50.56,50.595,2298
2019-06-18 15:05:00-04:00,50.6,50.62,50.595,50.61,5568
2019-06-18 15:10:00-04:00,50.62,50.64,50.62,50.635,8086
2019-06-18 15:15:00-04:00,50.63,50.645,50.615,50.64,4852
2019-06-18 15:20:00-04:00,50.64,50.655,50.63,50.64,4403
2019-06-18 15:25:00-04:00,50.63,50.635,50.61,50.61,3296
2019-06-18 15:30:00-04:00,50.61,50.625,50.56,50.565,6564
2019-06-18 15:35:00-04:00,50.57,50.63,50.57,50.625,6332
2019-06-18 15:40:00-04:00,50.61,50.64,50.595,50.635,8141
2019-06-18 15:45:00-04:00,50.63,50.68,50.61,50.68,11921
2019-06-18 15:50:00-04:00,50.67,50.72,50.64,50.69,25734
2019-06-18 15:55:00-04:00,50.68,50.705,50.63,50.65,90367
2019-06-19 09:30:00-04:00,50.57,50.63,50.47,50.62,11967
2019-06-19 09:35:00-04:00,50.6,50.66,50.555,50.61,6192
2019-06-19 09:40:00-04:00,50.605,50.63,50.53,50.63,5653
2019-06-19 09:45:00-04:00,50.62,50.725,50.61,50.65,10475
2019-06-19 09:50:00-04:00,50.65,50.68,50.59,50.59,6535
2019-06-19 09:55:00-04:00,50.575,50.69,50.57,50.655,6161
2019-06-19 10:00:00-04:00,50.65,50.67,50.625,50.63,5416
2019-06-19 10:05:00-04:00,50.61,50.64,50.59,50.6,10829
2019-06-19 10:10:00-04:00,50.61,50.71,50.61,50.675,12511
2019-06-19 10:15:00-04:00,50.69,50.72,50.675,50.68,4667
2019-06-19 10:20:00-04:00,50.69,50.725,50.69,50.7,7685
2019-06-19 10:25:00-04:00,50.7,50.7,50.665,50.68,4296
2019-06-19 10:30:00-04:00,50.67,50.67,50.6,50.63,10445
2019-06-19 10:35:00-04:00,50.605,50.62,50.58,50.595,5387
2019-06-19 10:40:00-04:00,50.59,50.59,50.525,50.53,4421
2019-06-19 10:45:00-04:00,50.54,50.57,50.53,50.55,12531
2019-06-19 10:50:00-04:00,50.535,50.59,50.535,50.565,5712
2019-06-19 10:55:00-04:00,50.54,50.67,50.535,50.67,6354
2019-06-19 11:00:00-04:00,50.67,50.7,50.655,50.685,5965
2019-06-19 11:05:00-04:00,50.68,50.72,50.68,50.69,6034
2019-06-19 11:10:00-04:00,50.69,50.7,50.65,50.65,7888
2019-06-19 11:15:00-04:00,50.65,50.65,50.615,50.63,6151
2019-06-19 11:20:00-04:00,50.64,50.65,50.625,50.65,4370
2019-06-19 11:25:00-04:00,50.655,50.72,50.65,50.715,5743
2019-06-19 11:30:00-04:00,50.71,50.72,50.665,50.665,6693
2019-06-19 11:35:00-04:00,50.66,50.7,50.66,50.68,6650
2019-06-19 11:40:00-04:00,50.7,50.71,50.675,50.68,4540
2019-06-19 11:45:00-04:00,50.68,50.715,50.66,50.71,6776
2019-06-19 11:50:00-04:00,50.71,50.72,50.695,50.71,5170
2019-06-19 11:55:00-04:00,50.68,50.68,50.65,50.67,4436
2019-06-19 12:00:00-04:00,50.66,50.68,50.645,50.66,4436
2019-06-19 12:05:00-04:00,50.655,50.68,50.63,50.65,3324
2019-06-19 12:10:00-04:00,50.66,50.68,50.655,50.67,4015
2019-06-19 12:15:00-04:00,50.665,50.69,50.665,50.68,6094
2019-06-19 12:20:00-04:00,50.68,50.69,50.675,50.675,3234
2019-06-19 12:25:00-04:00,50.685,50.73,50.685,50.725,3651
2019-06-19 12:30:00-04:00,50.71,50.75,50.685,50.75,2624
2019-06-19 12:35:00-04:00,50.75,50.75,50.725,50.73,2938
2019-06-19 12:40:00-04:00,50.725,50.75,50.725,50.75,1540
2019-06-19 12:45:00-04:00,50.76,50.76,50.725,50.73,1954
2019-06-19 12:50:00-04:00,50.74,50.75,50.7,50.7,4559
2019-06-19 12:55:00-04:00,50.695,50.7,50.68,50.685,3848
2019-06-19 13:00:00-04:00,50.69,50.7,50.665,50.68,3641
2019-06-19 13:05:00-04:00,50.685,50.7,50.675,50.695,4225
2019-06-19 13:10:00-04:00,50.69,50.695,50.67,50.67,3022
2019-06-19 13:15:00-04:00,50.66,50.675,50.66,50.67,2704
2019-06-19 13:20:00-04:00,50.67,50.67,50.645,50.65,5530
2019-06-19 13:25:00-04:00,50.66,50.71,50.655,50.7,5398
2019-06-19 13:30:00-04:00,50.69,50.695,50.68,50.69,1331
2019-06-19 13:35:00-04:00,50.685,50.73,50.685,50.73,1842
2019-06-19 13:40:00-04:00,50.72,50.74,50.715,50.73,1688
2019-06-19 13:45:00-04:00,50.73,50.73,50.7,50.71,2963
2019-06-19 13:50:00-04:00,50.71,50.77,50.705,50.755,3163
2019-06-19 13:55:00-04:00,50.765,50.8,50.75,50.8,2141
2019-06-19 14:00:00-04:00,50.75,50.93,50.74,50.93,16494
2019-06-19 14:05:00-04:00,50.95,50.98,50.92,50.92,6268
2019-06-19 14:10:00-04:00,50.94,51.0,50.94,51.0,6430
2019-06-19 14:15:00-04:00,51.0,51.025,50.945,50.97,5544
2019-06-19 14:20:00-04:00,50.945,50.98,50.94,50.94,3951
2019-06-19 14:25:00-04:00,50.935,50.99,50.925,50.965,16898
2019-06-19 14:30:00-04:00,50.98,51.1,50.975,51.06,6744
2019-06-19 14:35:00-04:00,51.065,51.07,50.985,50.99,5221
2019-06-19 14:40:00-04:00,50.97,51.02,50.95,50.98,4383
2019-06-19 14:45:00-04:00,50.98,50.99,50.935,50.97,4083
2019-06-19 14:50:00-04:00,50.98,51.09,50.98,51.09,5549
2019-06-19 14:55:00-04:00,51.085,51.11,51.065,51.11,3568
2019-06-19 15:00:00-04:00,51.11,51.17,51.105,51.145,7730
2019-06-19 15:05:00-04:00,51.155,51.165,51.125,51.15,5250
2019-06-19 15:10:00-04:00,51.16,51.19,51.135,51.19,21887
2019-06-19 15:15:00-04:00,51.19,51.2,51.155,51.19,6112
2019-06-19 15:20:00-04:00,51.185,51.19,51.105,51.15,8019
2019-06-19 15:25:00-04:00,51.155,51.16,51.12,51.16,28003
2019-06-19 15:30:00-04:00,51.155,51.17,51.13,51.135,12709
2019-06-19 15:35:00-04:00,51.135,51.14,51.09,51.105,15157
2019-06-19 15:40:00-04:00,51.11,51.225,51.105,51.175,17107
2019-06-19 15:45:00-04:00,51.18,51.23,51.175,51.19,23746
2019-06-19 15:50:00-04:00,51.19,51.24,51.19,51.21,59841
2019-06-19 15:55:00-04:00,51.2,51.21,51.12,51.12,77473
2019-06-20 09:25:00-04:00,51.42,51.42,51.42,51.42,100
2019-06-20 09:30:00-04:00,51.505,51.57,51.36,51.47,18401
2019-06-20 09:35:00-04:00,51.46,51.59,51.44,51.5,10402
2019-06-20 09:40:00-04:00,51.5,51.51,51.45,51.51,8302
2019-06-20 09:45:00-04:00,51.49,51.58,51.44,51.48,11379
2019-06-20 09:50:00-04:00,51.45,51.47,51.37,51.47,11403
2019-06-20 09:55:00-04:00,51.485,51.535,51.44,51.48,16498
2019-06-20 10:00:00-04:00,51.48,51.56,51.47,51.56,17533
2019-06-20 10:05:00-04:00,51.56,51.62,51.53,51.62,18175
2019-06-20 10:10:00-04:00,51.635,51.695,51.59,51.6,8609
2019-06-20 10:15:00-04:00,51.6,51.6,51.46,51.465,21372
2019-06-20 10:20:00-04:00,51.465,51.49,51.41,51.46,16025
2019-06-20 10:25:00-04:00,51.455,51.46,51.405,51.41,6671
2019-06-20 10:30:00-04:00,51.42,51.425,51.385,51.41,15288
2019-06-20 10:35:00-04:00,51.41,51.435,51.38,51.43,5346
2019-06-20 10:40:00-04:00,51.43,51.44,51.405,51.43,8008
2019-06-20 10:45:00-04:00,51.42,51.445,51.41,51.43,6197
2019-06-20 10:50:00-04:00,51.45,51.49,51.445,51.455,7483
2019-06-20 10:55:00-04:00,51.455,51.47,51.44,51.45,7943
2019-06-20 11:00:00-04:00,51.45,51.47,51.41,51.41,7406
2019-06-20 11:05:00-04:00,51.43,51.47,51.43,51.47,17469
2019-06-20 11:10:00-04:00,51.47,51.48,51.46,51.47,4591
2019-06-20 11:15:00-04:00,51.47,51.54,51.465,51.48,7155
2019-06-20 11:20:00-04:00,51.47,51.49,51.46,51.47,5559
2019-06-20 11:25:00-04:00,51.48,51.49,51.46,51.48,13502
2019-06-20 11:30:00-04:00,51.48,51.49,51.455,51.47,4106
2019-06-20 11:35:00-04:00,51.48,51.5,51.475,51.495,5246
2019-06-20 11:40:00-04:00,51.49,51.54,51.48,51.54,4334
2019-06-20 11:45:00-04:00,51.53,51.56,51.53,51.56,8144
2019-06-20 11:50:00-04:00,51.57,51.62,51.57,51.61,4105
2019-06-20 11:55:00-04:00,51.61,51.62,51.59,51.59,5919
2019-06-20 12:00:00-04:00,51.57,51.58,51.56,51.56,2989
2019-06-20 12:05:00-04:00,51.57,51.58,51.53,51.54,4306
2019-06-20 12:10:00-04:00,51.54,51.54,51.49,51.5,5161
2019-06-20 12:15:00-04:00,51.49,51.51,51.47,51.51,6156
2019-06-20 12:20:00-04:00,51.51,51.56,51.48,51.55,8651
2019-06-20 12:25:00-04:00,51.55,51.56,51.49,51.49,12062
2019-06-20 12:30:00-04:00,51.49,51.5,51.47,51.485,5050
2019-06-20 12:35:00-04:00,51.5,51.5,51.455,51.47,7125
2019-06-20 12:40:00-04:00,51.46,51.48,51.43,51.48,4364
2019-06-20 12:45:00-04:00,51.49,51.5,51.47,51.49,4856
2019-06-20 12:50:00-04:00,51.49,51.5,51.47,51.47,4465
2019-06-20 12:55:00-04:00,51.47,51.53,51.47,51.5,6921
2019-06-20 13:00:00-04:00,51.51,51.52,51.48,51.51,5170
2019-06-20 13:05:00-04:00,51.505,51.52,51.5,51.515,3593
2019-06-20 13:10:00-04:00,51.52,51.535,51.5,51.5,5037
2019-06-20 13:15:00-04:00,51.5,51.51,51.48,51.51,9574
2019-06-20 13:20:00-04:00,51.5,51.515,51.48,51.51,10500
2019-06-20 13:25:00-04:00,51.52,51.54,51.52,51.53,11160
2019-06-20 13:30:00-04:00,51.53,51.545,51.515,51.54,14820
2019-06-20 13:35:00-04:00,51.54,51.55,51.52,51.53,6618
2019-06-20 13:40:00-04:00,51.54,51.54,51.515,51.52,6213
2019-06-20 13:45:00-04:00,51.525,51.53,51.51,51.52,5451
2019-06-20 13:50:00-04:00,51.52,51.52,51.5,51.51,6484
2019-06-20 13:55:00-04:00,51.515,51.53,51.5,51.52,9948
2019-06-20 14:00:00-04:00,51.525,51.55,51.52,51.55,5658
2019-06-20 14:05:00-04:00,51.55,51.57,51.54,51.54,8116
2019-06-20 14:10:00-04:00,51.54,51.55,51.525,51.53,7372
2019-06-20 14:15:00-04:00,51.52,51.55,51.52,51.53,8715
2019-06-20 14:20:00-04:00,51.53,51.53,51.495,51.5,4188
2019-06-20 14:25:00-04:00,51.495,51.5,51.46,51.47,4311
2019-06-20 14:30:00-04:00,51.47,51.51,51.47,51.5,5665
2019-06-20 14:35:00-04:00,51.5,51.54,51.5,51.535,4687
2019-06-20 14:40:00-04:00,51.54,51.59,51.54,51.57,5726
2019-06-20 14:45:00-04:00,51.58,51.6,51.58,51.59,6007
2019-06-20 14:50:00-04:00,51.59,51.63,51.59,51.61,10958
2019-06-20 14:55:00-04:00,51.61,51.61,51.59,51.61,8730
2019-06-20 15:00:00-04:00,51.61,51.63,51.6,51.61,10850
2019-06-20 15:05:00-04:00,51.605,51.62,51.6,51.6,5942
2019-06-20 15:10:00-04:00,51.61,51.62,51.61,51.61,4227
2019-06-20 15:15:00-04:00,51.615,51.62,51.595,51.62,9038
2019-06-20 15:20:00-04:00,51.62,51.65,51.61,51.615,8157
2019-06-20 15:25:00-04:00,51.615,51.615,51.59,51.61,5346
2019-06-20 15:30:00-04:00,51.61,51.62,51.58,51.59,9356
2019-06-20 15:35:00-04:00,51.59,51.63,51.59,51.62,109580
2019-06-20 15:40:00-04:00,51.61,51.7,51.61,51.7,15008
2019-06-20 15:45:00-04:00,51.695,51.72,51.65,51.72,19139
2019-06-20 15:50:00-04:00,51.72,51.735,51.695,51.725,28073
2019-06-20 15:55:00-04:00,51.74,51.785,51.66,51.66,111582
2019-06-21 09:30:00-04:00,51.53,51.85,51.53,51.69,4722
2019-06-21 09:35:00-04:00,51.61,51.78,51.55,51.76,4895
2019-06-21 09:40:00-04:00,51.77,51.84,51.725,51.84,3424
2019-06-21 09:45:00-04:00,51.84,51.88,51.66,51.8,12261
2019-06-21 09:50:00-04:00,51.805,51.82,51.68,51.68,6364
2019-06-21 09:55:00-04:00,51.68,51.69,51.51,51.51,5147
2019-06-21 10:00:00-04:00,51.51,51.51,51.41,51.5,7538
2019-06-21 10:05:00-04:00,51.49,51.49,51.42,51.455,9329
2019-06-21 10:10:00-04:00,51.45,51.56,51.425,51.56,4671
2019-06-21 10:15:00-04:00,51.57,51.58,51.49,51.49,3521
2019-06-21 10:20:00-04:00,51.52,51.52,51.425,51.47,5914
2019-06-21 10:25:00-04:00,51.435,51.465,51.435,51.455,5889
2019-06-21 10:30:00-04:00,51.455,51.5,51.455,51.5,7134
2019-06-21 10:35:00-04:00,51.505,51.505,51.46,51.46,3038
2019-06-21 10:40:00-04:00,51.47,51.53,51.47,51.51,6032
2019-06-21 10:45:00-04:00,51.52,51.54,51.51,51.53,3800
2019-06-21 10:50:00-04:00,51.53,51.56,51.53,51.56,2579
2019-06-21 10:55:00-04:00,51.56,51.56,51.53,51.53,4822
2019-06-21 11:00:00-04:00,51.54,51.59,51.51,51.575,17405
2019-06-21 11:05:00-04:00,51.59,51.73,51.59,51.7,7209
2019-06-21 11:10:00-04:00,51.7,51.7,51.67,51.7,6998
2019-06-21 11:15:00-04:00,51.695,51.75,51.67,51.73,9003
2019-06-21 11:20:00-04:00,51.73,51.77,51.705,51.705,5663
2019-06-21 11:25:00-04:00,51.71,51.74,51.66,51.66,3841
2019-06-21 11:30:00-04:00,51.655,51.68,51.655,51.665,8640
2019-06-21 11:35:00-04:00,51.665,51.67,51.58,51.61,6469
2019-06-21 11:40:00-04:00,51.605,51.61,51.57,51.595,3437
2019-06-21 11:45:00-04:00,51.605,51.64,51.6,51.64,4681
2019-06-21 11:50:00-04:00,51.64,51.67,51.63,51.66,4305
2019-06-21 11:55:00-04:00,51.67,51.73,51.67,51.7,5869
2019-06-21 12:00:00-04:00,51.72,51.73,51.7,51.72,2751
2019-06-21 12:05:00-04:00,51.72,51.73,51.685,51.7,2620
2019-06-21 12:10:00-04:00,51.69,51.69,51.68,51.69,2058
2019-06-21 12:15:00-04:00,51.68,51.71,51.68,51.71,1310
2019-06-21 12:20:00-04:00,51.72,51.72,51.69,51.69,4422
2019-06-21 12:25:00-04:00,51.7,51.75,51.69,51.75,4499
2019-06-21 12:30:00-04:00,51.74,51.75,51.71,51.71,3982
2019-06-21 12:35:00-04:00,51.71,51.715,51.68,51.68,4092
2019-06-21 12:40:00-04:00,51.67,51.685,51.67,51.685,1252
2019-06-21 12:45:00-04:00,51.69,51.725,51.69,51.72,2920
2019-06-21 12:50:00-04:00,51.73,51.75,51.715,51.75,3037
2019-06-21 12:55:00-04:00,51.74,51.74,51.68,51.68,5262
2019-06-21 13:00:00-04:00,51.685,51.69,51.65,51.65,5362
2019-06-21 13:05:00-04:00,51.67,51.72,51.67,51.71,1711
2019-06-21 13:10:00-04:00,51.725,51.74,51.71,51.71,1754
2019-06-21 13:15:00-04:00,51.7,51.71,51.69,51.71,1355
2019-06-21 13:20:00-04:00,51.71,51.71,51.68,51.68,4956
2019-06-21 13:25:00-04:00,51.68,51.71,51.68,51.71,1936
2019-06-21 13:30:00-04:00,51.735,51.77,51.735,51.77,13708
2019-06-21 13:35:00-04:00,51.77,51.77,51.755,51.76,2840
2019-06-21 13:40:00-04:00,51.76,51.77,51.75,51.75,4679
2019-06-21 13:45:00-04:00,51.75,51.765,51.735,51.74,2654
2019-06-21 13:50:00-04:00,51.74,51.75,51.74,51.745,896
2019-06-21 13:55:00-04:00,51.75,51.77,51.74,51.76,3048
2019-06-21 14:00:00-04:00,51.755,51.785,51.74,51.74,4290
2019-06-21 14:05:00-04:00,51.74,51.75,51.72,51.72,5406
2019-06-21 14:10:00-04:00,51.73,51.74,51.67,51.69,6558
2019-06-21 14:15:00-04:00,51.69,51.7,51.67,51.68,3939
2019-06-21 14:20:00-04:00,51.67,51.69,51.67,51.69,1837
2019-06-21 14:25:00-04:00,51.7,51.73,51.7,51.73,13300
2019-06-21 14:30:00-04:00,51.72,51.77,51.72,51.765,8037
2019-06-21 14:35:00-04:00,51.76,51.76,51.74,51.75,5540
2019-06-21 14:40:00-04:00,51.75,51.75,51.72,51.73,7124
2019-06-21 14:45:00-04:00,51.73,51.74,51.705,51.74,3699
2019-06-21 14:50:00-04:00,51.74,51.74,51.715,51.715,6555
2019-06-21 14:55:00-04:00,51.725,51.735,51.7,51.72,4329
2019-06-21 15:00:00-04:00,51.725,51.735,51.72,51.73,4623
2019-06-21 15:05:00-04:00,51.725,51.76,51.72,51.76,8332
2019-06-21 15:10:00-04:00,51.76,51.78,51.745,51.77,7882
2019-06-21 15:15:00-04:00,51.775,51.79,51.76,51.775,9017
2019-06-21 15:20:00-04:00,51.78,51.79,51.75,51.76,8513
2019-06-21 15:25:00-04:00,51.77,51.77,51.74,51.76,7414
2019-06-21 15:30:00-04:00,51.75,51.76,51.72,51.735,12648
2019-06-21 15:35:00-04:00,51.73,51.75,51.72,51.75,12092
2019-06-21 15:40:00-04:00,51.75,51.75,51.71,51.73,24375
2019-06-21 15:45:00-04:00,51.74,51.75,51.69,51.745,32043
2019-06-21 15:50:00-04:00,51.74,51.76,51.7,51.73,26427
2019-06-21 15:55:00-04:00,51.73,51.73,51.51,51.56,139027
2019-06-24 09:30:00-04:00,51.78,51.9,51.7,51.775,10881
2019-06-24 09:35:00-04:00,51.78,51.89,51.76,51.79,8257
2019-06-24 09:40:00-04:00,51.79,51.89,51.71,51.85,7241
2019-06-24 09:45:00-04:00,51.84,51.91,51.81,51.88,6828
2019-06-24 09:50:00-04:00,51.87,51.89,51.83,51.85,7883
2019-06-24 09:55:00-04:00,51.87,51.87,51.745,51.77,13408
2019-06-24 10:00:00-04:00,51.76,51.78,51.73,51.78,6197
2019-06-24 10:05:00-04:00,51.81,51.87,51.8,51.87,7944
2019-06-24 10:10:00-04:00,51.85,51.86,51.825,51.86,8458
2019-06-24 10:15:00-04:00,51.85,51.93,51.85,51.92,8091
2019-06-24 10:20:00-04:00,51.94,51.945,51.9,51.91,5903
2019-06-24 10:25:00-04:00,51.9,51.93,51.9,51.9,3786
2019-06-24 10:30:00-04:00,51.9,51.91,51.89,51.895,4480
2019-06-24 10:35:00-04:00,51.915,51.935,51.89,51.935,3532
2019-06-24 10:40:00-04:00,51.94,51.955,51.92,51.92,10727
2019-06-24 10:45:00-04:00,51.92,51.92,51.89,51.905,4081
2019-06-24 10:50:00-04:00,51.91,51.94,51.89,51.94,2495
2019-06-24 10:55:00-04:00,51.94,51.96,51.91,51.92,5506
2019-06-24 11:00:00-04:00,51.95,52.0,51.95,51.99,7254
2019-06-24 11:05:00-04:00,51.98,51.98,51.92,51.975,5888
2019-06-24 11:10:00-04:00,51.97,51.99,51.97,51.98,4691
2019-06-24 11:15:00-04:00,51.98,52.04,51.98,52.03,11113
2019-06-24 11:20:00-04:00,52.03,52.08,52.03,52.055,4503
2019-06-24 11:25:00-04:00,52.06,52.1,52.06,52.09,4506
2019-06-24 11:30:00-04:00,52.1,52.105,52.06,52.06,11056
2019-06-24 11:35:00-04:00,52.06,52.12,52.06,52.12,4396
2019-06-24 11:40:00-04:00,52.12,52.13,52.08,52.1,6109
2019-06-24 11:45:00-04:00,52.1,52.1,52.06,52.08,7191
2019-06-24 11:50:00-04:00,52.09,52.11,52.07,52.08,5991
2019-06-24 11:55:00-04:00,52.08,52.1,52.065,52.1,8573
2019-06-24 12:00:00-04:00,52.11,52.125,52.09,52.115,8852
2019-06-24 12:05:00-04:00,52.11,52.145,52.1,52.12,12614
2019-06-24 12:10:00-04:00,52.12,52.15,52.1,52.15,9463
2019-06-24 12:15:00-04:00,52.15,52.165,52.12,52.13,5452
2019-06-24 12:20:00-04:00,52.13,52.145,52.12,52.14,4659
2019-06-24 12:25:00-04:00,52.14,52.145,52.12,52.125,5314
2019-06-24 12:30:00-04:00,52.12,52.2,52.12,52.2,5935
2019-06-24 12:35:00-04:00,52.19,52.195,52.15,52.16,6964
2019-06-24 12:40:00-04:00,52.16,52.18,52.12,52.135,8262
2019-06-24 12:45:00-04:00,52.13,52.14,52.09,52.095,7409
2019-06-24 12:50:00-04:00,52.1,52.13,52.095,52.1,4585
2019-06-24 12:55:00-04:00,52.1,52.11,52.08,52.08,3112
2019-06-24 13:00:00-04:00,52.07,52.11,52.07,52.105,2385
2019-06-24 13:05:00-04:00,52.115,52.13,52.1,52.13,2294
2019-06-24 13:10:00-04:00,52.13,52.13,52.095,52.095,6599
2019-06-24 13:15:00-04:00,52.1,52.12,52.1,52.1,3789
2019-06-24 13:20:00-04:00,52.1,52.105,52.095,52.1,3165
2019-06-24 13:25:00-04:00,52.1,52.1,52.07,52.09,9710
2019-06-24 13:30:00-04:00,52.08,52.115,52.07,52.115,7444
2019-06-24 13:35:00-04:00,52.12,52.13,52.12,52.13,3785
2019-06-24 13:40:00-04:00,52.13,52.13,52.09,52.1,6440
2019-06-24 13:45:00-04:00,52.1,52.1,52.07,52.075,5450
2019-06-24 13:50:00-04:00,52.07,52.07,52.055,52.065,3291
2019-06-24 13:55:00-04:00,52.07,52.07,52.025,52.04,4870
2019-06-24 14:00:00-04:00,52.04,52.055,52.01,52.01,25682
2019-06-24 14:05:00-04:00,52.0,52.0,51.95,51.95,6892
2019-06-24 14:10:00-04:00,51.955,51.97,51.95,51.955,3217
2019-06-24 14:15:00-04:00,51.96,51.96,51.88,51.89,10622
2019-06-24 14:20:00-04:00,51.89,51.93,51.89,51.9,6036
2019-06-24 14:25:00-04:00,51.91,51.92,51.9,51.91,7562
2019-06-24 14:30:00-04:00,51.915,51.97,51.915,51.97,4405
2019-06-24 14:35:00-04:00,51.96,51.97,51.95,51.965,4214
2019-06-24 14:40:00-04:00,51.965,51.97,51.95,51.97,9303
2019-06-24 14:45:00-04:00,51.98,51.98,51.95,51.965,12206
2019-06-24 14:50:00-04:00,51.97,51.98,51.96,51.98,3763
2019-06-24 14:55:00-04:00,51.99,51.99,51.96,51.97,81832
2019-06-24 15:00:00-04:00,51.98,51.98,51.96,51.97,11343
2019-06-24 15:05:00-04:00,51.97,51.995,51.97,51.985,4934
2019-06-24 15:10:00-04:00,51.99,52.01,51.98,51.995,9501
2019-06-24 15:15:00-04:00,52.0,52.0,51.98,51.985,5505
2019-06-24 15:20:00-04:00,51.985,52.05,51.985,52.05,14484
2019-06-24 15:25:00-04:00,52.04,52.045,52.01,52.01,10636
2019-06-24 15:30:00-04:00,52.02,52.02,52.0,52.01,13905
2019-06-24 15:35:00-04:00,52.005,52.025,51.98,51.98,19289
2019-06-24 15:40:00-04:00,51.98,52.0,51.97,52.0,13218
2019-06-24 15:45:00-04:00,52.01,52.01,51.98,51.995,24688
2019-06-24 15:50:00-04:00,51.99,52.0,51.94,51.98,23545
2019-06-24 15:55:00-04:00,51.98,51.98,51.91,51.93,108129
2019-06-25 09:30:00-04:00,52.0,52.09,51.91,51.93,20840
2019-06-25 09:35:00-04:00,51.91,52.09,51.91,51.97,5435
2019-06-25 09:40:00-04:00,51.965,52.03,51.89,51.92,15317
2019-06-25 09:45:00-04:00,51.91,51.99,51.91,51.96,5961
2019-06-25 09:50:00-04:00,51.93,51.945,51.86,51.87,7009
2019-06-25 09:55:00-04:00,51.9,51.96,51.9,51.91,31362
2019-06-25 10:00:00-04:00,51.91,52.025,51.9,52.025,14095
2019-06-25 10:05:00-04:00,52.03,52.04,51.96,51.99,16056
2019-06-25 10:10:00-04:00,51.99,52.005,51.96,51.995,15854
2019-06-25 10:15:00-04:00,52.0,52.0,51.95,51.98,13390
2019-06-25 10:20:00-04:00,51.98,52.01,51.97,52.0,12411
2019-06-25 10:25:00-04:00,51.99,52.0,51.97,51.99,15005
2019-06-25 10:30:00-04:00,51.98,52.0,51.92,51.94,17511
2019-06-25 10:35:00-04:00,51.94,51.94,51.89,51.915,8765
2019-06-25 10:40:00-04:00,51.92,51.96,51.91,51.955,10643
2019-06-25 10:45:00-04:00,51.95,51.965,51.93,51.965,10095
2019-06-25 10:50:00-04:00,51.95,51.99,51.95,51.98,15251
2019-06-25 10:55:00-04:00,51.98,52.0,51.97,52.0,9632
2019-06-25 11:00:00-04:00,52.0,52.0,51.955,51.965,7762
2019-06-25 11:05:00-04:00,51.965,52.0,51.96,52.0,14000
2019-06-25 11:10:00-04:00,52.0,52.0,51.97,52.0,13258
2019-06-25 11:15:00-04:00,51.995,52.0,51.985,51.995,10379
2019-06-25 11:20:00-04:00,51.995,52.0,51.975,51.98,11384
2019-06-25 11:25:00-04:00,51.985,52.0,51.945,51.95,12969
2019-06-25 11:30:00-04:00,51.96,51.96,51.905,51.93,7621
2019-06-25 11:35:00-04:00,51.925,51.965,51.895,51.92,6516
2019-06-25 11:40:00-04:00,51.91,51.965,51.91,51.96,17343
2019-06-25 11:45:00-04:00,51.965,52.0,51.965,51.97,5347
2019-06-25 11:50:00-04:00,51.96,51.965,51.93,51.945,6086
2019-06-25 11:55:00-04:00,51.94,51.96,51.94,51.945,8209
2019-06-25 12:00:00-04:00,51.95,51.96,51.93,51.94,4859
2019-06-25 12:05:00-04:00,51.935,51.96,51.935,51.96,25407
2019-06-25 12:10:00-04:00,51.97,51.97,51.94,51.97,6861
2019-06-25 12:15:00-04:00,51.965,51.975,51.955,51.96,3357
2019-06-25 12:20:00-04:00,51.955,51.965,51.92,51.93,7771
2019-06-25 12:25:00-04:00,51.94,51.94,51.9,51.91,6876
2019-06-25 12:30:00-04:00,51.91,51.92,51.89,51.895,7618
2019-06-25 12:35:00-04:00,51.895,51.9,51.79,51.825,13086
2019-06-25 12:40:00-04:00,51.815,51.815,51.755,51.76,10899
2019-06-25 12:45:00-04:00,51.76,51.77,51.735,51.765,9701
2019-06-25 12:50:00-04:00,51.77,51.83,51.76,51.825,13909
2019-06-25 12:55:00-04:00,51.83,51.84,51.77,51.77,11056
2019-06-25 13:00:00-04:00,51.77,51.77,51.65,51.7,20935
2019-06-25 13:05:00-04:00,51.71,51.745,51.665,51.74,8668
2019-06-25 13:10:00-04:00,51.725,51.76,51.725,51.75,7046
2019-06-25 13:15:00-04:00,51.75,51.78,51.715,51.75,9920
2019-06-25 13:20:00-04:00,51.76,51.79,51.74,51.765,6162
2019-06-25 13:25:00-04:00,51.76,51.8,51.76,51.79,9851
2019-06-25 13:30:00-04:00,51.78,51.87,51.78,51.87,13629
2019-06-25 13:35:00-04:00,51.87,51.905,51.83,51.85,8679
2019-06-25 13:40:00-04:00,51.855,51.88,51.85,51.88,4370
2019-06-25 13:45:00-04:00,51.88,51.915,51.88,51.915,4520
2019-06-25 13:50:00-04:00,51.915,51.925,51.875,51.885,6757
2019-06-25 13:55:00-04:00,51.88,51.9,51.84,51.9,9805
2019-06-25 14:00:00-04:00,51.895,51.905,51.86,51.86,12609
2019-06-25 14:05:00-04:00,51.87,51.885,51.83,51.88,9306
2019-06-25 14:10:00-04:00,51.88,51.905,51.865,51.895,8744
2019-06-25 14:15:00-04:00,51.9,51.92,51.89,51.92,6809
2019-06-25 14:20:00-04:00,51.92,51.93,51.88,51.88,9789
2019-06-25 14:25:00-04:00,51.87,51.88,51.82,51.83,13072
2019-06-25 14:30:00-04:00,51.82,51.85,51.81,51.84,7166
2019-06-25 14:35:00-04:00,51.845,51.845,51.76,51.81,13587
2019-06-25 14:40:00-04:00,51.81,51.835,51.79,51.79,11150
2019-06-25 14:45:00-04:00,51.79,51.8,51.76,51.8,17304
2019-06-25 14:50:00-04:00,51.805,51.84,51.78,51.835,11759
2019-06-25 14:55:00-04:00,51.84,51.875,51.82,51.865,12402
2019-06-25 15:00:00-04:00,51.86,51.89,51.85,51.89,13514
2019-06-25 15:05:00-04:00,51.88,51.905,51.87,51.9,10257
2019-06-25 15:10:00-04:00,51.905,51.905,51.82,51.82,7675
2019-06-25 15:15:00-04:00,51.81,51.87,51.81,51.84,11051
2019-06-25 15:20:00-04:00,51.84,51.915,51.83,51.9,77055
2019-06-25 15:25:00-04:00,51.9,51.96,51.895,51.96,51375
2019-06-25 15:30:00-04:00,51.96,51.96,51.93,51.94,15166
2019-06-25 15:35:00-04:00,51.94,51.97,51.935,51.935,15769
2019-06-25 15:40:00-04:00,51.93,51.93,51.87,51.87,24113
2019-06-25 15:45:00-04:00,51.87,51.91,51.83,51.845,39944
2019-06-25 15:50:00-04:00,51.84,51.865,51.81,51.83,47524
2019-06-25 15:55:00-04:00,51.82,51.855,51.75,51.76,115322
2019-06-26 09:25:00-04:00,51.56,51.56,51.56,51.56,100
2019-06-26 09:30:00-04:00,51.525,51.62,51.37,51.62,9758
2019-06-26 09:35:00-04:00,51.545,51.575,51.465,51.47,6582
2019-06-26 09:40:00-04:00,51.5,51.53,51.41,51.505,6354
2019-06-26 09:45:00-04:00,51.51,51.52,51.48,51.495,6991
2019-06-26 09:50:00-04:00,51.45,51.46,51.395,51.41,3748
2019-06-26 09:55:00-04:00,51.41,51.415,51.34,51.385,4324
2019-06-26 10:00:00-04:00,51.38,51.385,51.34,51.355,4471
2019-06-26 10:05:00-04:00,51.36,51.38,51.28,51.315,3681
2019-06-26 10:10:00-04:00,51.325,51.34,51.28,51.295,3763
2019-06-26 10:15:00-04:00,51.295,51.295,51.2,51.215,8652
2019-06-26 10:20:00-04:00,51.215,51.25,51.19,51.225,9419
2019-06-26 10:25:00-04:00,51.23,51.295,51.22,51.25,7457
2019-06-26 10:30:00-04:00,51.26,51.31,51.21,51.31,5632
2019-06-26 10:35:00-04:00,51.31,51.315,51.27,51.285,6165
2019-06-26 10:40:00-04:00,51.285,51.32,51.285,51.32,7558
2019-06-26 10:45:00-04:00,51.34,51.38,51.33,51.37,5623
2019-06-26 10:50:00-04:00,51.36,51.37,51.31,51.31,4594
2019-06-26 10:55:00-04:00,51.305,51.315,51.28,51.305,7156
2019-06-26 11:00:00-04:00,51.31,51.335,51.27,51.28,5654
2019-06-26 11:05:00-04:00,51.27,51.335,51.27,51.33,3952
2019-06-26 11:10:00-04:00,51.33,51.34,51.3,51.305,4092
2019-06-26 11:15:00-04:00,51.305,51.31,51.24,51.26,6426
2019-06-26 11:20:00-04:00,51.265,51.295,51.26,51.29,5847
2019-06-26 11:25:00-04:00,51.3,51.325,51.28,51.32,4388
2019-06-26 11:30:00-04:00,51.31,51.32,51.3,51.32,2835
2019-06-26 11:35:00-04:00,51.32,51.325,51.29,51.29,3487
2019-06-26 11:40:00-04:00,51.28,51.305,51.27,51.305,3854
2019-06-26 11:45:00-04:00,51.31,51.34,51.29,51.29,4261
2019-06-26 11:50:00-04:00,51.29,51.3,51.26,51.26,5790
2019-06-26 11:55:00-04:00,51.255,51.26,51.23,51.26,3853
2019-06-26 12:00:00-04:00,51.285,51.3,51.28,51.29,2531
2019-06-26 12:05:00-04:00,51.31,51.33,51.31,51.32,1842
2019-06-26 12:10:00-04:00,51.34,51.38,51.34,51.36,4197
2019-06-26 12:15:00-04:00,51.34,51.35,51.32,51.32,2830
2019-06-26 12:20:00-04:00,51.31,51.31,51.28,51.31,2608
2019-06-26 12:25:00-04:00,51.33,51.34,51.31,51.32,2136
2019-06-26 12:30:00-04:00,51.32,51.32,51.3,51.32,1974
2019-06-26 12:35:00-04:00,51.34,51.35,51.33,51.335,3467
2019-06-26 12:40:00-04:00,51.33,51.33,51.3,51.3,2205
2019-06-26 12:45:00-04:00,51.3,51.3,51.265,51.265,1901
2019-06-26 12:50:00-04:00,51.255,51.255,51.22,51.22,2446
2019-06-26 12:55:00-04:00,51.23,51.29,51.23,51.28,4227
2019-06-26 13:00:00-04:00,51.285,51.285,51.25,51.265,2687
2019-06-26 13:05:00-04:00,51.25,51.26,51.24,51.24,4006
2019-06-26 13:10:00-04:00,51.22,51.235,51.22,51.23,2138
2019-06-26 13:15:00-04:00,51.23,51.25,51.21,51.25,2201
2019-06-26 13:20:00-04:00,51.26,51.275,51.26,51.275,16510
2019-06-26 13:25:00-04:00,51.275,51.285,51.265,51.28,15135
2019-06-26 13:30:00-04:00,51.27,51.285,51.25,51.28,15579
2019-06-26 13:35:00-04:00,51.28,51.305,51.27,51.285,17196
2019-06-26 13:40:00-04:00,51.285,51.285,51.26,51.27,7704
2019-06-26 13:45:00-04:00,51.27,51.28,51.26,51.275,10676
2019-06-26 13:50:00-04:00,51.28,51.3,51.28,51.295,20268
2019-06-26 13:55:00-04:00,51.3,51.32,51.28,51.32,4271
2019-06-26 14:00:00-04:00,51.32,51.33,51.31,51.33,5342
2019-06-26 14:05:00-04:00,51.32,51.325,51.3,51.305,18523
2019-06-26 14:10:00-04:00,51.3,51.32,51.3,51.32,17011
2019-06-26 14:15:00-04:00,51.335,51.345,51.29,51.29,21408
2019-06-26 14:20:00-04:00,51.295,51.315,51.29,51.3,19040
2019-06-26 14:25:00-04:00,51.3,51.31,51.27,51.31,16092
2019-06-26 14:30:00-04:00,51.3,51.3,51.205,51.22,6314
2019-06-26 14:35:00-04:00,51.2,51.2,51.155,51.17,5310
2019-06-26 14:40:00-04:00,51.17,51.17,51.1,51.1,4030
2019-06-26 14:45:00-04:00,51.09,51.16,51.09,51.135,5059
2019-06-26 14:50:00-04:00,51.13,51.14,51.105,51.13,3308
2019-06-26 14:55:00-04:00,51.14,51.17,51.13,51.16,2193
2019-06-26 15:00:00-04:00,51.17,51.2,51.17,51.19,2823
2019-06-26 15:05:00-04:00,51.18,51.19,51.17,51.19,2730
2019-06-26 15:10:00-04:00,51.19,51.2,51.175,51.195,2295
2019-06-26 15:15:00-04:00,51.19,51.23,51.19,51.22,8753
2019-06-26 15:20:00-04:00,51.22,51.265,51.22,51.24,16808
2019-06-26 15:25:00-04:00,51.24,51.25,51.22,51.22,25747
2019-06-26 15:30:00-04:00,51.215,51.22,51.16,51.2,24701
2019-06-26 15:35:00-04:00,51.21,51.26,51.21,51.25,11733
2019-06-26 15:40:00-04:00,51.26,51.28,51.25,51.25,28427
2019-06-26 15:45:00-04:00,51.25,51.26,51.24,51.24,18331
2019-06-26 15:50:00-04:00,51.25,51.25,51.21,51.21,29408
2019-06-26 15:55:00-04:00,51.21,51.22,51.13,51.13,91049
2019-06-27 09:30:00-04:00,51.31,51.31,51.13,51.25,5865
2019-06-27 09:35:00-04:00,51.24,51.315,51.19,51.22,11277
2019-06-27 09:40:00-04:00,51.235,51.31,51.2,51.28,4064
2019-06-27 09:45:00-04:00,51.3,51.39,51.3,51.33,11474
2019-06-27 09:50:00-04:00,51.33,51.36,51.3,51.33,24635
2019-06-27 09:55:00-04:00,51.34,51.34,51.23,51.23,12777
2019-06-27 10:00:00-04:00,51.23,51.245,51.17,51.22,9594
2019-06-27 10:05:00-04:00,51.215,51.24,51.135,51.135,9780
2019-06-27 10:10:00-04:00,51.145,51.155,51.08,51.1,9386
2019-06-27 10:15:00-04:00,51.105,51.12,51.065,51.08,5766
2019-06-27 10:20:00-04:00,51.07,51.15,51.07,51.11,3638
2019-06-27 10:25:00-04:00,51.11,51.11,51.08,51.08,5021
2019-06-27 10:30:00-04:00,51.085,51.2,51.085,51.18,6065
2019-06-27 10:35:00-04:00,51.18,51.18,51.09,51.12,4717
2019-06-27 10:40:00-04:00,51.11,51.12,51.05,51.07,6367
2019-06-27 10:45:00-04:00,51.09,51.13,51.07,51.11,6411
2019-06-27 10:50:00-04:00,51.1,51.1,51.06,51.09,4632
2019-06-27 10:55:00-04:00,51.07,51.085,51.05,51.07,6335
2019-06-27 11:00:00-04:00,51.065,51.08,51.05,51.07,9473
2019-06-27 11:05:00-04:00,51.07,51.105,51.07,51.08,5984
2019-06-27 11:10:00-04:00,51.08,51.1,51.06,51.06,3833
2019-06-27 11:15:00-04:00,51.06,51.14,51.04,51.13,10027
2019-06-27 11:20:00-04:00,51.14,51.19,51.12,51.12,8625
2019-06-27 11:25:00-04:00,51.13,51.13,51.08,51.09,7734
2019-06-27 11:30:00-04:00,51.1,51.12,51.075,51.11,4775
2019-06-27 11:35:00-04:00,51.12,51.135,51.1,51.135,3643
2019-06-27 11:40:00-04:00,51.135,51.14,51.11,51.11,5493
2019-06-27 11:45:00-04:00,51.11,51.13,51.11,51.12,5876
2019-06-27 11:50:00-04:00,51.12,51.13,51.09,51.12,6153
2019-06-27 11:55:00-04:00,51.12,51.12,51.1,51.115,3789
2019-06-27 12:00:00-04:00,51.11,51.13,51.08,51.13,4431
2019-06-27 12:05:00-04:00,51.14,51.16,51.14,51.15,10381
2019-06-27 12:10:00-04:00,51.155,51.21,51.155,51.18,3057
2019-06-27 12:15:00-04:00,51.19,51.2,51.18,51.19,4580
2019-06-27 12:20:00-04:00,51.19,51.195,51.17,51.175,2840
2019-06-27 12:25:00-04:00,51.17,51.185,51.16,51.17,4217
2019-06-27 12:30:00-04:00,51.17,51.225,51.17,51.2,7083
2019-06-27 12:35:00-04:00,51.2,51.2,51.18,51.18,2410
2019-06-27 12:40:00-04:00,51.19,51.2,51.19,51.19,4443
2019-06-27 12:45:00-04:00,51.19,51.21,51.19,51.19,4352
2019-06-27 12:50:00-04:00,51.19,51.19,51.13,51.13,4100
2019-06-27 12:55:00-04:00,51.14,51.15,51.13,51.14,3929
2019-06-27 13:00:00-04:00,51.145,51.165,51.145,51.15,3718
2019-06-27 13:05:00-04:00,51.16,51.185,51.155,51.17,2917
2019-06-27 13:10:00-04:00,51.17,51.175,51.155,51.175,2713
2019-06-27 13:15:00-04:00,51.16,51.165,51.15,51.15,3089
2019-06-27 13:20:00-04:00,51.16,51.19,51.16,51.175,2502
2019-06-27 13:25:00-04:00,51.175,51.19,51.17,51.18,4124
2019-06-27 13:30:00-04:00,51.185,51.2,51.17,51.18,5558
2019-06-27 13:35:00-04:00,51.18,51.21,51.18,51.21,3840
2019-06-27 13:40:00-04:00,51.2,51.24,51.19,51.235,6311
2019-06-27 13:45:00-04:00,51.24,51.25,51.22,51.24,12858
2019-06-27 13:50:00-04:00,51.23,51.235,51.19,51.2,11127
2019-06-27 13:55:00-04:00,51.205,51.23,51.205,51.22,5957
2019-06-27 14:00:00-04:00,51.22,51.22,51.19,51.19,5661
2019-06-27 14:05:00-04:00,51.19,51.2,51.13,51.15,7140
2019-06-27 14:10:00-04:00,51.17,51.19,51.165,51.17,8599
2019-06-27 14:15:00-04:00,51.17,51.17,51.12,51.12,10616
2019-06-27 14:20:00-04:00,51.125,51.14,51.12,51.12,4057
2019-06-27 14:25:00-04:00,51.12,51.12,51.07,51.07,4019
2019-06-27 14:30:00-04:00,51.08,51.08,51.045,51.045,9783
2019-06-27 14:35:00-04:00,51.05,51.055,51.02,51.03,9155
2019-06-27 14:40:00-04:00,51.03,51.035,51.01,51.01,10911
2019-06-27 14:45:00-04:00,51.01,51.07,51.01,51.07,4170
2019-06-27 14:50:00-04:00,51.07,51.07,51.02,51.02,11352
2019-06-27 14:55:00-04:00,51.02,51.035,51.02,51.02,8878
2019-06-27 15:00:00-04:00,51.03,51.065,51.025,51.04,9969
2019-06-27 15:05:00-04:00,51.05,51.05,50.985,50.985,10726
2019-06-27 15:10:00-04:00,50.99,51.015,50.985,50.995,11034
2019-06-27 15:15:00-04:00,51.0,51.015,50.98,50.985,11738
2019-06-27 15:20:00-04:00,50.99,51.01,50.97,50.995,8537
2019-06-27 15:25:00-04:00,51.0,51.0,50.98,51.0,8272
2019-06-27 15:30:00-04:00,50.99,51.02,50.98,51.0,22482
2019-06-27 15:35:00-04:00,51.0,51.06,50.98,51.06,11275
2019-06-27 15:40:00-04:00,51.07,51.07,51.05,51.07,19321
2019-06-27 15:45:00-04:00,51.07,51.1,51.06,51.08,28420
2019-06-27 15:50:00-04:00,51.08,51.125,51.07,51.08,61857
2019-06-27 15:55:00-04:00,51.08,51.21,51.08,51.09,144910
2019-06-28 09:30:00-04:00,51.31,51.39,51.14,51.14,8624
2019-06-28 09:35:00-04:00,51.16,51.18,51.115,51.17,4078
2019-06-28 09:40:00-04:00,51.15,51.21,51.15,51.2,2217
2019-06-28 09:45:00-04:00,51.25,51.25,51.165,51.17,2042
2019-06-28 09:50:00-04:00,51.195,51.2,51.18,51.18,1080
2019-06-28 09:55:00-04:00,51.2,51.2,51.13,51.185,5034
2019-06-28 10:00:00-04:00,51.16,51.21,51.1,51.13,5530
2019-06-28 10:05:00-04:00,51.1,51.16,51.09,51.15,2449
2019-06-28 10:10:00-04:00,51.12,51.16,51.04,51.06,4050
2019-06-28 10:15:00-04:00,51.08,51.11,51.08,51.09,4620
2019-06-28 10:20:00-04:00,51.1,51.13,51.085,51.13,3556
2019-06-28 10:25:00-04:00,51.14,51.15,51.11,51.11,5159
2019-06-28 10:30:00-04:00,51.12,51.19,51.12,51.175,10511
2019-06-28 10:35:00-04:00,51.17,51.18,51.14,51.14,8549
2019-06-28 10:40:00-04:00,51.14,51.16,51.12,51.15,5048
2019-06-28 10:45:00-04:00,51.145,51.19,51.14,51.19,9996
2019-06-28 10:50:00-04:00,51.19,51.2,51.15,51.19,16973
2019-06-28 10:55:00-04:00,51.2,51.2,51.14,51.14,11408
2019-06-28 11:00:00-04:00,51.12,51.14,51.08,51.09,2298
2019-06-28 11:05:00-04:00,51.09,51.1,51.06,51.09,3777
2019-06-28 11:10:00-04:00,51.09,51.15,51.09,51.09,8126
2019-06-28 11:15:00-04:00,51.09,51.15,51.07,51.14,9170
2019-06-28 11:20:00-04:00,51.135,51.16,51.13,51.15,6740
2019-06-28 11:25:00-04:00,51.14,51.155,51.09,51.14,5749
2019-06-28 11:30:00-04:00,51.14,51.18,51.14,51.16,7656
2019-06-28 11:35:00-04:00,51.15,51.15,51.11,51.11,1809
2019-06-28 11:40:00-04:00,51.095,51.1,51.075,51.08,2395
2019-06-28 11:45:00-04:00,51.07,51.08,51.06,51.065,1729
2019-06-28 11:50:00-04:00,51.07,51.1,51.05,51.08,4433
2019-06-28 11:55:00-04:00,51.07,51.085,51.07,51.08,1040
2019-06-28 12:00:00-04:00,51.1,51.125,51.1,51.125,19900
2019-06-28 12:05:00-04:00,51.11,51.14,51.11,51.12,1528
2019-06-28 12:10:00-04:00,51.12,51.12,51.09,51.105,2418
2019-06-28 12:15:00-04:00,51.11,51.11,51.09,51.1,1439
2019-06-28 12:20:00-04:00,51.11,51.195,51.11,51.17,8898
2019-06-28 12:25:00-04:00,51.17,51.18,51.12,51.125,3029
2019-06-28 12:30:00-04:00,51.14,51.16,51.13,51.15,3209
2019-06-28 12:35:00-04:00,51.15,51.155,51.135,51.14,3562
2019-06-28 12:40:00-04:00,51.15,51.15,51.14,51.145,4088
2019-06-28 12:45:00-04:00,51.15,51.16,51.14,51.155,6242
2019-06-28 12:50:00-04:00,51.16,51.17,51.13,51.13,2788
2019-06-28 12:55:00-04:00,51.14,51.15,51.13,51.135,3214
2019-06-28 13:00:00-04:00,51.135,51.14,51.135,51.135,2335
2019-06-28 13:05:00-04:00,51.14,51.14,51.12,51.12,3089
2019-06-28 13:10:00-04:00,51.12,51.135,51.12,51.13,4459
2019-06-28 13:15:00-04:00,51.12,51.125,51.11,51.115,1763
2019-06-28 13:20:00-04:00,51.11,51.13,51.1,51.125,5352
2019-06-28 13:25:00-04:00,51.125,51.135,51.115,51.135,5260
2019-06-28 13:30:00-04:00,51.135,51.135,51.1,51.11,14344
2019-06-28 13:35:00-04:00,51.115,51.13,51.1,51.125,2473
2019-06-28 13:40:00-04:00,51.13,51.14,51.11,51.11,5286
2019-06-28 13:45:00-04:00,51.11,51.11,51.085,51.085,3174
2019-06-28 13:50:00-04:00,51.09,51.09,51.05,51.07,6037
2019-06-28 13:55:00-04:00,51.07,51.07,51.04,51.04,6551
2019-06-28 14:00:00-04:00,51.03,51.065,51.025,51.05,5100
2019-06-28 14:05:00-04:00,51.06,51.06,51.03,51.03,5465
2019-06-28 14:10:00-04:00,51.03,51.035,51.01,51.03,3353
2019-06-28 14:15:00-04:00,51.03,51.04,51.03,51.03,4866
2019-06-28 14:20:00-04:00,51.035,51.04,51.02,51.02,3249
2019-06-28 14:25:00-04:00,51.01,51.01,50.98,50.99,4888
2019-06-28 14:30:00-04:00,51.0,51.01,50.985,50.99,2364
2019-06-28 14:35:00-04:00,50.99,51.03,50.99,51.02,2750
2019-06-28 14:40:00-04:00,51.02,51.02,51.01,51.01,3082
2019-06-28 14:45:00-04:00,51.005,51.03,50.99,51.01,5775
2019-06-28 14:50:00-04:00,51.01,51.01,50.95,50.95,6889
2019-06-28 14:55:00-04:00,50.96,50.98,50.945,50.955,3154
2019-06-28 15:00:00-04:00,50.95,50.98,50.95,50.975,5588
2019-06-28 15:05:00-04:00,50.97,50.98,50.965,50.975,3253
2019-06-28 15:10:00-04:00,50.97,50.995,50.97,50.98,5883
2019-06-28 15:15:00-04:00,50.99,51.0,50.96,50.97,7141
2019-06-28 15:20:00-04:00,50.97,51.0,50.54,50.9,120239
2019-06-28 15:25:00-04:00,50.92,50.97,50.89,50.94,13979
2019-06-28 15:30:00-04:00,50.955,51.01,50.91,50.98,8005
2019-06-28 15:35:00-04:00,50.98,50.98,50.88,50.9,13889
2019-06-28 15:40:00-04:00,50.9,50.93,50.895,50.91,8058
2019-06-28 15:45:00-04:00,50.895,50.91,50.875,50.88,20018
2019-06-28 15:50:00-04:00,50.88,50.93,50.85,50.905,36439
2019-06-28 15:55:00-04:00,50.905,51.005,50.89,50.91,91089
2019-07-01 09:30:00-04:00,51.08,51.12,50.8,51.09,8881
2019-07-01 09:35:00-04:00,51.14,51.14,51.07,51.11,2688
2019-07-01 09:40:00-04:00,51.07,51.11,51.04,51.1,7408
2019-07-01 09:45:00-04:00,51.095,51.255,51.06,51.23,13583
2019-07-01 09:50:00-04:00,51.265,51.265,51.17,51.19,5387
2019-07-01 09:55:00-04:00,51.2,51.215,51.19,51.2,6600
2019-07-01 10:00:00-04:00,51.23,51.3,51.205,51.26,4729
2019-07-01 10:05:00-04:00,51.3,51.3,51.25,51.255,7527
2019-07-01 10:10:00-04:00,51.225,51.28,51.225,51.275,11934
2019-07-01 10:15:00-04:00,51.27,51.285,51.23,51.285,6456
2019-07-01 10:20:00-04:00,51.285,51.41,51.275,51.39,21750
2019-07-01 10:25:00-04:00,51.4,51.41,51.37,51.395,8540
2019-07-01 10:30:00-04:00,51.39,51.44,51.37,51.41,7806
2019-07-01 10:35:00-04:00,51.41,51.46,51.41,51.46,5682
2019-07-01 10:40:00-04:00,51.45,51.51,51.45,51.5,6816
2019-07-01 10:45:00-04:00,51.51,51.52,51.46,51.46,4918
2019-07-01 10:50:00-04:00,51.46,51.46,51.405,51.41,5109
2019-07-01 10:55:00-04:00,51.4,51.41,51.375,51.395,4433
2019-07-01 11:00:00-04:00,51.39,51.4,51.37,51.38,5582
2019-07-01 11:05:00-04:00,51.38,51.39,51.37,51.375,6314
2019-07-01 11:10:00-04:00,51.37,51.385,51.37,51.38,6160
2019-07-01 11:15:00-04:00,51.41,51.45,51.41,51.44,12444
2019-07-01 11:20:00-04:00,51.45,51.465,51.42,51.46,16162
2019-07-01 11:25:00-04:00,51.48,51.52,51.48,51.515,12077
2019-07-01 11:30:00-04:00,51.51,51.55,51.51,51.53,36088
2019-07-01 11:35:00-04:00,51.535,51.585,51.535,51.585,10595
2019-07-01 11:40:00-04:00,51.58,51.58,51.52,51.52,10982
2019-07-01 11:45:00-04:00,51.52,51.54,51.48,51.535,12936
2019-07-01 11:50:00-04:00,51.53,51.55,51.525,51.53,7676
2019-07-01 11:55:00-04:00,51.535,51.565,51.51,51.51,8823
2019-07-01 12:00:00-04:00,51.52,51.525,51.465,51.47,9809
2019-07-01 12:05:00-04:00,51.48,51.48,51.45,51.45,6522
2019-07-01 12:10:00-04:00,51.455,51.455,51.42,51.43,11274
2019-07-01 12:15:00-04:00,51.44,51.46,51.43,51.44,7102
2019-07-01 12:20:00-04:00,51.445,51.445,51.4,51.42,9163
2019-07-01 12:25:00-04:00,51.42,51.44,51.42,51.44,4335
2019-07-01 12:30:00-04:00,51.44,51.44,51.375,51.39,7872
2019-07-01 12:35:00-04:00,51.38,51.38,51.34,51.34,8819
2019-07-01 12:40:00-04:00,51.335,51.35,51.31,51.33,6080
2019-07-01 12:45:00-04:00,51.335,51.355,51.325,51.34,5463
2019-07-01 12:50:00-04:00,51.345,51.35,51.325,51.325,6317
2019-07-01 12:55:00-04:00,51.32,51.32,51.26,51.26,5713
2019-07-01 13:00:00-04:00,51.28,51.285,51.27,51.27,4012
2019-07-01 13:05:00-04:00,51.28,51.305,51.28,51.3,5418
2019-07-01 13:10:00-04:00,51.305,51.33,51.26,51.27,7325
2019-07-01 13:15:00-04:00,51.29,51.295,51.27,51.28,5367
2019-07-01 13:20:00-04:00,51.275,51.3,51.275,51.3,4081
2019-07-01 13:25:00-04:00,51.29,51.31,51.285,51.305,4598
2019-07-01 13:30:00-04:00,51.305,51.31,51.28,51.285,8575
2019-07-01 13:35:00-04:00,51.29,51.33,51.29,51.325,8378
2019-07-01 13:40:00-04:00,51.33,51.34,51.3,51.31,6390
2019-07-01 13:45:00-04:00,51.31,51.32,51.29,51.31,5209
2019-07-01 13:50:00-04:00,51.31,51.31,51.28,51.29,4698
2019-07-01 13:55:00-04:00,51.285,51.29,51.28,51.285,3568
2019-07-01 14:00:00-04:00,51.28,51.29,51.26,51.275,22727
2019-07-01 14:05:00-04:00,51.275,51.28,51.25,51.255,8229
2019-07-01 14:10:00-04:00,51.25,51.265,51.23,51.25,8695
2019-07-01 14:15:00-04:00,51.25,51.265,51.25,51.25,8200
2019-07-01 14:20:00-04:00,51.255,51.26,51.245,51.26,6311
2019-07-01 14:25:00-04:00,51.25,51.255,51.23,51.23,8399
2019-07-01 14:30:00-04:00,51.24,51.265,51.235,51.265,8949
2019-07-01 14:35:00-04:00,51.25,51.29,51.25,51.29,5474
2019-07-01 14:40:00-04:00,51.29,51.3,51.28,51.3,8519
2019-07-01 14:45:00-04:00,51.3,51.3,51.26,51.28,6693
2019-07-01 14:50:00-04:00,51.27,51.3,51.26,51.3,6576
2019-07-01 14:55:00-04:00,51.3,51.32,51.29,51.3,7162
2019-07-01 15:00:00-04:00,51.3,51.305,51.27,51.28,15017
2019-07-01 15:05:00-04:00,51.275,51.285,51.24,51.25,12705
2019-07-01 15:10:00-04:00,51.26,51.335,51.26,51.325,11859
2019-07-01 15:15:00-04:00,51.33,51.36,51.33,51.35,6147
2019-07-01 15:20:00-04:00,51.35,51.36,51.34,51.345,14969
2019-07-01 15:25:00-04:00,51.35,51.395,51.345,51.38,16974
2019-07-01 15:30:00-04:00,51.385,51.395,51.37,51.38,19529
2019-07-01 15:35:00-04:00,51.385,51.45,51.385,51.45,9092
2019-07-01 15:40:00-04:00,51.45,51.47,51.43,51.46,35955
2019-07-01 15:45:00-04:00,51.45,51.52,51.45,51.515,21561
2019-07-01 15:50:00-04:00,51.51,51.61,51.51,51.605,30173
2019-07-01 15:55:00-04:00,51.61,51.63,51.53,51.59,121504
2019-07-02 09:30:00-04:00,51.72,51.82,51.69,51.76,5766
2019-07-02 09:35:00-04:00,51.78,51.79,51.67,51.7,5826
2019-07-02 09:40:00-04:00,51.7,51.7,51.56,51.63,3779
2019-07-02 09:45:00-04:00,51.63,51.64,51.58,51.59,13217
2019-07-02 09:50:00-04:00,51.595,51.71,51.595,51.69,6420
2019-07-02 09:55:00-04:00,51.69,51.72,51.66,51.68,5627
2019-07-02 10:00:00-04:00,51.7,51.75,51.69,51.75,5393
2019-07-02 10:05:00-04:00,51.76,51.855,51.73,51.855,10186
2019-07-02 10:10:00-04:00,51.86,51.97,51.84,51.97,24749
2019-07-02 10:15:00-04:00,51.97,52.05,51.97,52.04,21834
2019-07-02 10:20:00-04:00,52.02,52.02,51.91,51.915,10356
2019-07-02 10:25:00-04:00,51.915,51.95,51.89,51.925,10085
2019-07-02 10:30:00-04:00,51.92,51.975,51.91,51.975,4696
2019-07-02 10:35:00-04:00,51.975,51.975,51.95,51.96,3106
2019-07-02 10:40:00-04:00,51.98,52.0,51.97,51.98,4207
2019-07-02 10:45:00-04:00,51.975,52.03,51.975,52.02,3055
2019-07-02 10:50:00-04:00,52.02,52.035,51.985,51.995,7948
2019-07-02 10:55:00-04:00,51.995,51.995,51.95,51.99,4703
2019-07-02 11:00:00-04:00,51.99,52.0,51.94,51.955,4739
2019-07-02 11:05:00-04:00,51.96,51.98,51.95,51.95,2961
2019-07-02 11:10:00-04:00,51.945,51.95,51.865,51.865,3324
2019-07-02 11:15:00-04:00,51.87,51.89,51.85,51.86,5679
2019-07-02 11:20:00-04:00,51.85,51.895,51.845,51.87,7502
2019-07-02 11:25:00-04:00,51.86,51.9,51.85,51.9,3727
2019-07-02 11:30:00-04:00,51.895,51.905,51.86,51.9,5656
2019-07-02 11:35:00-04:00,51.9,51.94,51.9,51.91,6524
2019-07-02 11:40:00-04:00,51.9,51.935,51.885,51.935,4178
2019-07-02 11:45:00-04:00,51.93,51.935,51.91,51.92,2811
2019-07-02 11:50:00-04:00,51.91,51.92,51.84,51.84,6180
2019-07-02 11:55:00-04:00,51.835,51.85,51.785,51.79,6461
2019-07-02 12:00:00-04:00,51.785,51.79,51.71,51.71,11221
2019-07-02 12:05:00-04:00,51.715,51.72,51.705,51.71,6276
2019-07-02 12:10:00-04:00,51.7,51.7,51.645,51.69,12881
2019-07-02 12:15:00-04:00,51.685,51.705,51.67,51.705,16293
2019-07-02 12:20:00-04:00,51.7,51.7,51.675,51.68,5159
2019-07-02 12:25:00-04:00,51.67,51.685,51.63,51.64,9305
2019-07-02 12:30:00-04:00,51.63,51.685,51.63,51.67,28448
2019-07-02 12:35:00-04:00,51.665,51.71,51.665,51.705,16461
2019-07-02 12:40:00-04:00,51.705,51.73,51.67,51.69,13330
2019-07-02 12:45:00-04:00,51.685,51.69,51.66,51.685,10666
2019-07-02 12:50:00-04:00,51.685,51.71,51.685,51.7,7855
2019-07-02 12:55:00-04:00,51.7,51.7,51.65,51.65,5979
2019-07-02 13:00:00-04:00,51.65,51.65,51.58,51.595,14076
2019-07-02 13:05:00-04:00,51.6,51.625,51.59,51.615,6660
2019-07-02 13:10:00-04:00,51.61,51.635,51.61,51.62,6607
2019-07-02 13:15:00-04:00,51.625,51.675,51.62,51.66,13480
2019-07-02 13:20:00-04:00,51.66,51.67,51.63,51.665,10408
2019-07-02 13:25:00-04:00,51.66,51.665,51.64,51.655,5559
2019-07-02 13:30:00-04:00,51.65,51.68,51.635,51.66,14802
2019-07-02 13:35:00-04:00,51.66,51.7,51.65,51.7,7486
2019-07-02 13:40:00-04:00,51.715,51.715,51.68,51.7,8802
2019-07-02 13:45:00-04:00,51.7,51.7,51.665,51.7,8997
2019-07-02 13:50:00-04:00,51.7,51.745,51.695,51.74,13847
2019-07-02 13:55:00-04:00,51.74,51.755,51.72,51.74,5904
2019-07-02 14:00:00-04:00,51.74,51.79,51.74,51.79,2409
2019-07-02 14:05:00-04:00,51.79,51.81,51.79,51.81,1211
2019-07-02 14:10:00-04:00,51.815,51.87,51.815,51.87,3033
2019-07-02 14:15:00-04:00,51.875,51.89,51.86,51.875,6342
2019-07-02 14:20:00-04:00,51.87,51.875,51.85,51.855,4000
2019-07-02 14:25:00-04:00,51.855,51.86,51.83,51.84,5604
2019-07-02 14:30:00-04:00,51.84,51.88,51.84,51.87,2650
2019-07-02 14:35:00-04:00,51.875,51.91,51.875,51.905,3913
2019-07-02 14:40:00-04:00,51.905,51.905,51.885,51.885,2500
2019-07-02 14:45:00-04:00,51.88,51.895,51.87,51.89,3085
2019-07-02 14:50:00-04:00,51.9,51.905,51.86,51.865,2286
2019-07-02 14:55:00-04:00,51.865,51.87,51.83,51.86,4245
2019-07-02 15:00:00-04:00,51.86,51.88,51.86,51.875,9587
2019-07-02 15:05:00-04:00,51.86,51.885,51.855,51.88,7303
2019-07-02 15:10:00-04:00,51.88,51.89,51.8,51.82,9258
2019-07-02 15:15:00-04:00,51.83,51.85,51.825,51.835,9390
2019-07-02 15:20:00-04:00,51.835,51.86,51.83,51.855,6719
2019-07-02 15:25:00-04:00,51.87,51.875,51.85,51.86,8980
2019-07-02 15:30:00-04:00,51.865,51.895,51.85,51.89,7173
2019-07-02 15:35:00-04:00,51.9,51.96,51.9,51.925,8882
2019-07-02 15:40:00-04:00,51.92,51.935,51.885,51.9,12262
2019-07-02 15:45:00-04:00,51.895,51.92,51.84,51.84,24421
2019-07-02 15:50:00-04:00,51.845,51.9,51.84,51.9,34408
2019-07-02 15:55:00-04:00,51.9,51.98,51.875,51.98,81569
2019-07-03 09:25:00-04:00,51.99,51.99,51.99,51.99,499
2019-07-03 09:30:00-04:00,52.0,52.14,52.0,52.11,5406
2019-07-03 09:35:00-04:00,52.135,52.15,52.095,52.105,3234
2019-07-03 09:40:00-04:00,52.1,52.125,52.015,52.03,6591
2019-07-03 09:45:00-04:00,52.05,52.13,52.04,52.13,5066
2019-07-03 09:50:00-04:00,52.09,52.19,52.085,52.17,6569
2019-07-03 09:55:00-04:00,52.15,52.16,52.115,52.155,3093
2019-07-03 10:00:00-04:00,52.16,52.325,52.16,52.26,10647
2019-07-03 10:05:00-04:00,52.255,52.265,52.205,52.265,5279
2019-07-03 10:10:00-04:00,52.26,52.275,52.2,52.24,3418
2019-07-03 10:15:00-04:00,52.215,52.24,52.19,52.225,4384
2019-07-03 10:20:00-04:00,52.22,52.27,52.22,52.255,5337
2019-07-03 10:25:00-04:00,52.25,52.29,52.25,52.255,4846
2019-07-03 10:30:00-04:00,52.26,52.28,52.205,52.23,4342
2019-07-03 10:35:00-04:00,52.24,52.3,52.24,52.3,8069
2019-07-03 10:40:00-04:00,52.29,52.3,52.275,52.275,2517
2019-07-03 10:45:00-04:00,52.275,52.275,52.185,52.19,8259
2019-07-03 10:50:00-04:00,52.175,52.22,52.17,52.22,2341
2019-07-03 10:55:00-04:00,52.21,52.25,52.21,52.25,2895
2019-07-03 11:00:00-04:00,52.26,52.26,52.165,52.17,8047
2019-07-03 11:05:00-04:00,52.17,52.17,52.125,52.13,17575
2019-07-03 11:10:00-04:00,52.135,52.14,52.11,52.13,3822
2019-07-03 11:15:00-04:00,52.125,52.18,52.09,52.09,8779
2019-07-03 11:20:00-04:00,52.1,52.13,52.075,52.115,4462
2019-07-03 11:25:00-04:00,52.12,52.12,52.09,52.095,4772
2019-07-03 11:30:00-04:00,52.1,52.17,52.1,52.17,25621
2019-07-03 11:35:00-04:00,52.175,52.18,52.165,52.17,8652
2019-07-03 11:40:00-04:00,52.17,52.175,52.11,52.115,8882
2019-07-03 11:45:00-04:00,52.15,52.18,52.13,52.13,8439
2019-07-03 11:50:00-04:00,52.12,52.12,52.085,52.11,5155
2019-07-03 11:55:00-04:00,52.1,52.13,52.085,52.105,13692
2019-07-03 12:00:00-04:00,52.1,52.11,52.085,52.085,11394
2019-07-03 12:05:00-04:00,52.08,52.135,52.075,52.13,3740
2019-07-03 12:10:00-04:00,52.125,52.19,52.125,52.155,11730
2019-07-03 12:15:00-04:00,52.16,52.16,52.145,52.15,21691
2019-07-03 12:20:00-04:00,52.15,52.165,52.115,52.165,10035
2019-07-03 12:25:00-04:00,52.17,52.175,52.16,52.16,7795
2019-07-03 12:30:00-04:00,52.17,52.2,52.15,52.155,11061
2019-07-03 12:35:00-04:00,52.16,52.17,52.14,52.16,14024
2019-07-03 12:40:00-04:00,52.18,52.18,52.16,52.175,14456
2019-07-03 12:45:00-04:00,52.17,52.23,52.135,52.225,21947
2019-07-03 12:50:00-04:00,52.23,52.245,52.13,52.135,24627
2019-07-03 12:55:00-04:00,52.135,52.21,52.12,52.12,105836
2019-07-05 09:30:00-04:00,51.9,51.95,51.7,51.7,4391
2019-07-05 09:35:00-04:00,51.65,51.72,51.64,51.69,2233
2019-07-05 09:40:00-04:00,51.66,51.69,51.64,51.69,1714
2019-07-05 09:45:00-04:00,51.66,51.68,51.59,51.635,8642
2019-07-05 09:50:00-04:00,51.65,51.65,51.48,51.48,7009
2019-07-05 09:55:00-04:00,51.5,51.6,51.49,51.57,4939
2019-07-05 10:00:00-04:00,51.56,51.705,51.54,51.705,4906
2019-07-05 10:05:00-04:00,51.69,51.74,51.69,51.73,3368
2019-07-05 10:10:00-04:00,51.73,51.73,51.705,51.71,2350
2019-07-05 10:15:00-04:00,51.71,51.715,51.65,51.66,3756
2019-07-05 10:20:00-04:00,51.66,51.69,51.65,51.69,2455
2019-07-05 10:25:00-04:00,51.69,51.76,51.69,51.695,6502
2019-07-05 10:30:00-04:00,51.71,51.725,51.67,51.67,2279
2019-07-05 10:35:00-04:00,51.665,51.675,51.65,51.655,3283
2019-07-05 10:40:00-04:00,51.68,51.68,51.65,51.66,2806
2019-07-05 10:45:00-04:00,51.64,51.64,51.59,51.61,4414
2019-07-05 10:50:00-04:00,51.62,51.68,51.62,51.665,2507
2019-07-05 10:55:00-04:00,51.66,51.7,51.6,51.7,2636
2019-07-05 11:00:00-04:00,51.69,51.69,51.58,51.585,2231
2019-07-05 11:05:00-04:00,51.6,51.6,51.55,51.59,3527
2019-07-05 11:10:00-04:00,51.61,51.62,51.59,51.62,1018
2019-07-05 11:15:00-04:00,51.63,51.645,51.615,51.635,3866
2019-07-05 11:20:00-04:00,51.635,51.665,51.62,51.62,2181
2019-07-05 11:25:00-04:00,51.61,51.65,51.61,51.65,1953
2019-07-05 11:30:00-04:00,51.65,51.65,51.62,51.64,2385
2019-07-05 11:35:00-04:00,51.65,51.655,51.615,51.615,2041
2019-07-05 11:40:00-04:00,51.65,51.66,51.6,51.6,3299
2019-07-05 11:45:00-04:00,51.61,51.66,51.595,51.66,2610
2019-07-05 11:50:00-04:00,51.68,51.71,51.68,51.7,1728
2019-07-05 11:55:00-04:00,51.695,51.715,51.69,51.7,3702
2019-07-05 12:00:00-04:00,51.7,51.725,51.695,51.71,5001
2019-07-05 12:05:00-04:00,51.715,51.755,51.71,51.755,2508
2019-07-05 12:10:00-04:00,51.755,51.805,51.75,51.79,1930
2019-07-05 12:15:00-04:00,51.8,51.84,51.775,51.84,7314
2019-07-05 12:20:00-04:00,51.85,51.89,51.84,51.89,3157
2019-07-05 12:25:00-04:00,51.9,51.905,51.87,51.875,4042
2019-07-05 12:30:00-04:00,51.87,51.9,51.86,51.895,4387
2019-07-05 12:35:00-04:00,51.91,51.94,51.91,51.935,2820
2019-07-05 12:40:00-04:00,51.93,51.94,51.92,51.92,2654
2019-07-05 12:45:00-04:00,51.93,51.93,51.915,51.92,3166
2019-07-05 12:50:00-04:00,51.93,51.98,51.93,51.97,9854
2019-07-05 12:55:00-04:00,51.97,51.97,51.885,51.885,3376
2019-07-05 13:00:00-04:00,51.88,51.89,51.83,51.835,3717
2019-07-05 13:05:00-04:00,51.855,51.88,51.855,51.86,3113
2019-07-05 13:10:00-04:00,51.855,51.88,51.84,51.85,3405
2019-07-05 13:15:00-04:00,51.85,51.92,51.85,51.92,2011
2019-07-05 13:20:00-04:00,51.93,51.95,51.89,51.89,4754
2019-07-05 13:25:00-04:00,51.92,51.965,51.92,51.96,5489
2019-07-05 13:30:00-04:00,51.955,51.97,51.945,51.96,11260
2019-07-05 13:35:00-04:00,51.95,51.99,51.945,51.98,4470
2019-07-05 13:40:00-04:00,51.98,51.98,51.955,51.96,4164
2019-07-05 13:45:00-04:00,51.96,51.98,51.955,51.98,2709
2019-07-05 13:50:00-04:00,51.98,51.98,51.95,51.95,4696
2019-07-05 13:55:00-04:00,51.95,51.99,51.95,51.99,2690
2019-07-05 14:00:00-04:00,51.99,52.0,51.975,51.975,3285
2019-07-05 14:05:00-04:00,51.975,51.985,51.95,51.95,3778
2019-07-05 14:10:00-04:00,51.96,51.975,51.955,51.965,3485
2019-07-05 14:15:00-04:00,51.97,51.97,51.93,51.96,4519
2019-07-05 14:20:00-04:00,51.94,51.96,51.93,51.96,2107
2019-07-05 14:25:00-04:00,51.965,51.97,51.96,51.97,3308
2019-07-05 14:30:00-04:00,51.965,52.0,51.965,51.995,9331
2019-07-05 14:35:00-04:00,51.99,52.035,51.99,52.03,6848
2019-07-05 14:40:00-04:00,52.02,52.03,52.015,52.02,8031
2019-07-05 14:45:00-04:00,52.02,52.05,52.015,52.05,5303
2019-07-05 14:50:00-04:00,52.04,52.05,52.025,52.05,5603
2019-07-05 14:55:00-04:00,52.055,52.08,52.045,52.055,5907
2019-07-05 15:00:00-04:00,52.06,52.075,52.06,52.07,5622
2019-07-05 15:05:00-04:00,52.06,52.065,52.045,52.06,6444
2019-07-05 15:10:00-04:00,52.055,52.06,51.985,51.99,11029
2019-07-05 15:15:00-04:00,51.99,52.01,51.97,52.01,8275
2019-07-05 15:20:00-04:00,52.02,52.045,52.0,52.045,9151
2019-07-05 15:25:00-04:00,52.06,52.07,52.025,52.07,4923
2019-07-05 15:30:00-04:00,52.07,52.09,52.04,52.07,12659
2019-07-05 15:35:00-04:00,52.095,52.095,52.055,52.06,10944
2019-07-05 15:40:00-04:00,52.055,52.08,52.04,52.065,8498
2019-07-05 15:45:00-04:00,52.065,52.09,52.05,52.05,8058
2019-07-05 15:50:00-04:00,52.05,52.05,51.99,51.99,33562
2019-07-05 15:55:00-04:00,51.99,52.11,51.965,52.11,68961
2019-07-08 09:30:00-04:00,52.25,52.29,52.15,52.18,6517
2019-07-08 09:35:00-04:00,52.13,52.13,52.075,52.075,407
2019-07-08 09:40:00-04:00,52.15,52.155,52.01,52.07,2148
2019-07-08 09:45:00-04:00,52.04,52.09,51.96,51.99,5141
2019-07-08 09:50:00-04:00,51.97,51.99,51.955,51.97,3133
2019-07-08 09:55:00-04:00,51.95,52.0,51.925,51.98,9701
2019-07-08 10:00:00-04:00,51.995,52.0,51.95,51.955,5254
2019-07-08 10:05:00-04:00,51.95,51.97,51.91,51.96,7945
2019-07-08 10:10:00-04:00,51.96,52.01,51.95,51.985,11000
2019-07-08 10:15:00-04:00,51.99,52.01,51.895,51.95,11373
2019-07-08 10:20:00-04:00,51.95,51.97,51.925,51.935,2561
2019-07-08 10:25:00-04:00,51.94,51.965,51.915,51.93,4157
2019-07-08 10:30:00-04:00,51.955,51.97,51.95,51.955,1594
2019-07-08 10:35:00-04:00,51.955,51.98,51.945,51.955,3729
2019-07-08 10:40:00-04:00,51.95,51.96,51.94,51.96,2796
2019-07-08 10:45:00-04:00,51.975,52.01,51.97,52.005,3462
2019-07-08 10:50:00-04:00,52.0,52.0,51.955,51.98,2576
2019-07-08 10:55:00-04:00,51.985,52.02,51.98,52.01,4747
2019-07-08 11:00:00-04:00,51.99,52.0,51.98,51.98,2089
2019-07-08 11:05:00-04:00,51.97,51.995,51.96,51.995,2621
2019-07-08 11:10:00-04:00,51.99,52.05,51.99,52.05,4684
2019-07-08 11:15:00-04:00,52.04,52.05,52.02,52.03,7078
2019-07-08 11:20:00-04:00,52.03,52.05,52.02,52.045,13942
2019-07-08 11:25:00-04:00,52.045,52.05,51.99,52.01,16392
2019-07-08 11:30:00-04:00,52.01,52.01,51.96,51.98,23465
2019-07-08 11:35:00-04:00,51.98,52.03,51.98,52.015,11184
2019-07-08 11:40:00-04:00,52.015,52.02,51.98,51.98,11519
2019-07-08 11:45:00-04:00,51.99,52.0,51.98,52.0,12482
2019-07-08 11:50:00-04:00,52.01,52.02,51.99,51.99,52453
2019-07-08 11:55:00-04:00,51.99,52.0,51.975,51.995,17356
2019-07-08 12:00:00-04:00,52.0,52.0,51.97,51.98,10991
2019-07-08 12:05:00-04:00,51.98,52.0,51.96,51.99,16078
2019-07-08 12:10:00-04:00,51.99,52.015,51.97,51.995,10895
2019-07-08 12:15:00-04:00,52.0,52.0,51.97,51.98,8283
2019-07-08 12:20:00-04:00,51.98,52.0,51.96,51.99,15637
2019-07-08 12:25:00-04:00,51.99,52.0,51.97,51.975,11803
2019-07-08 12:30:00-04:00,51.98,52.0,51.975,52.0,18114
2019-07-08 12:35:00-04:00,52.0,52.01,51.985,51.995,11181
2019-07-08 12:40:00-04:00,52.0,52.0,51.98,51.985,12695
2019-07-08 12:45:00-04:00,51.99,51.99,51.97,51.98,14362
2019-07-08 12:50:00-04:00,51.99,51.99,51.93,51.94,21961
2019-07-08 12:55:00-04:00,51.94,51.95,51.935,51.95,11182
2019-07-08 13:00:00-04:00,51.945,51.98,51.945,51.975,9793
2019-07-08 13:05:00-04:00,51.97,51.99,51.965,51.98,7964
2019-07-08 13:10:00-04:00,51.985,52.0,51.975,51.975,8179
2019-07-08 13:15:00-04:00,51.98,51.99,51.98,51.98,7350
2019-07-08 13:20:00-04:00,51.985,52.04,51.97,52.01,16549
2019-07-08 13:25:00-04:00,52.015,52.02,51.99,51.995,5925
2019-07-08 13:30:00-04:00,52.01,52.02,51.99,52.02,8855
2019-07-08 13:35:00-04:00,52.015,52.04,52.0,52.0,9222
2019-07-08 13:40:00-04:00,52.005,52.01,51.97,51.985,11705
2019-07-08 13:45:00-04:00,52.01,52.01,52.0,52.01,8130
2019-07-08 13:50:00-04:00,52.0,52.03,52.0,52.01,14150
2019-07-08 13:55:00-04:00,52.01,52.035,52.01,52.035,18726
2019-07-08 14:00:00-04:00,52.04,52.04,52.01,52.015,22008
2019-07-08 14:05:00-04:00,52.02,52.06,52.015,52.055,12295
2019-07-08 14:10:00-04:00,52.065,52.08,52.04,52.045,11610
2019-07-08 14:15:00-04:00,52.05,52.05,52.03,52.035,22471
2019-07-08 14:20:00-04:00,52.04,52.04,52.01,52.015,18811
2019-07-08 14:25:00-04:00,52.02,52.04,52.005,52.02,23206
2019-07-08 14:30:00-04:00,52.03,52.05,52.02,52.045,19048
2019-07-08 14:35:00-04:00,52.06,52.08,52.05,52.07,12309
2019-07-08 14:40:00-04:00,52.075,52.08,52.06,52.06,17710
2019-07-08 14:45:00-04:00,52.05,52.07,52.035,52.045,26266
2019-07-08 14:50:00-04:00,52.05,52.06,52.035,52.035,12402
2019-07-08 14:55:00-04:00,52.04,52.05,52.03,52.03,13765
2019-07-08 15:00:00-04:00,52.03,52.04,52.005,52.01,33657
2019-07-08 15:05:00-04:00,52.015,52.03,51.995,52.015,15504
2019-07-08 15:10:00-04:00,52.02,52.04,52.01,52.035,24451
2019-07-08 15:15:00-04:00,52.04,52.055,52.02,52.03,27694
2019-07-08 15:20:00-04:00,52.04,52.04,52.01,52.02,18384
2019-07-08 15:25:00-04:00,52.025,52.05,52.015,52.025,20735
2019-07-08 15:30:00-04:00,52.04,52.06,52.03,52.035,33047
2019-07-08 15:35:00-04:00,52.04,52.11,52.035,52.11,41222
2019-07-08 15:40:00-04:00,52.12,52.13,52.09,52.09,27863
2019-07-08 15:45:00-04:00,52.095,52.1,52.07,52.07,66773
2019-07-08 15:50:00-04:00,52.08,52.08,52.04,52.045,74433
2019-07-08 15:55:00-04:00,52.04,52.06,52.0,52.0,127033
2019-07-09 09:30:00-04:00,51.75,51.95,51.75,51.9,6824
2019-07-09 09:35:00-04:00,51.945,51.95,51.86,51.86,2706
2019-07-09 09:40:00-04:00,51.855,51.855,51.74,51.755,9167
2019-07-09 09:45:00-04:00,51.765,51.79,51.705,51.735,10654
2019-07-09 09:50:00-04:00,51.73,51.82,51.73,51.79,6321
2019-07-09 09:55:00-04:00,51.8,51.82,51.75,51.79,9922
2019-07-09 10:00:00-04:00,51.8,51.81,51.7,51.735,4002
2019-07-09 10:05:00-04:00,51.73,51.85,51.73,51.83,8178
2019-07-09 10:10:00-04:00,51.81,51.82,51.755,51.77,4679
2019-07-09 10:15:00-04:00,51.78,51.79,51.74,51.785,3687
2019-07-09 10:20:00-04:00,51.78,51.79,51.745,51.755,7818
2019-07-09 10:25:00-04:00,51.75,51.78,51.745,51.78,3967
2019-07-09 10:30:00-04:00,51.77,51.79,51.745,51.785,9026
2019-07-09 10:35:00-04:00,51.77,51.77,51.74,51.74,6489
2019-07-09 10:40:00-04:00,51.745,51.76,51.725,51.74,10203
2019-07-09 10:45:00-04:00,51.755,51.785,51.74,51.74,5238
2019-07-09 10:50:00-04:00,51.735,51.74,51.7,51.7,10495
2019-07-09 10:55:00-04:00,51.7,51.71,51.67,51.67,7997
2019-07-09 11:00:00-04:00,51.67,51.73,51.67,51.73,4277
2019-07-09 11:05:00-04:00,51.73,51.78,51.72,51.76,5128
2019-07-09 11:10:00-04:00,51.765,51.81,51.76,51.795,3961
2019-07-09 11:15:00-04:00,51.8,51.81,51.765,51.78,6155
2019-07-09 11:20:00-04:00,51.77,51.77,51.74,51.74,14650
2019-07-09 11:25:00-04:00,51.71,51.76,51.705,51.705,5692
2019-07-09 11:30:00-04:00,51.705,51.77,51.7,51.75,5193
2019-07-09 11:35:00-04:00,51.735,51.745,51.695,51.705,4278
2019-07-09 11:40:00-04:00,51.7,51.7,51.66,51.66,4293
2019-07-09 11:45:00-04:00,51.66,51.66,51.62,51.63,4831
2019-07-09 11:50:00-04:00,51.64,51.65,51.625,51.64,2146
2019-07-09 11:55:00-04:00,51.645,51.67,51.635,51.66,1784
2019-07-09 12:00:00-04:00,51.65,51.68,51.645,51.65,3306
2019-07-09 12:05:00-04:00,51.645,51.65,51.625,51.63,2749
2019-07-09 12:10:00-04:00,51.625,51.67,51.625,51.665,4676
2019-07-09 12:15:00-04:00,51.66,51.66,51.65,51.65,2584
2019-07-09 12:20:00-04:00,51.65,51.655,51.635,51.64,1861
2019-07-09 12:25:00-04:00,51.645,51.655,51.61,51.62,4162
2019-07-09 12:30:00-04:00,51.62,51.625,51.6,51.6,2315
2019-07-09 12:35:00-04:00,51.6,51.6,51.59,51.59,3016
2019-07-09 12:40:00-04:00,51.595,51.6,51.565,51.565,3643
2019-07-09 12:45:00-04:00,51.575,51.59,51.57,51.585,4542
2019-07-09 12:50:00-04:00,51.585,51.63,51.585,51.62,2829
2019-07-09 12:55:00-04:00,51.62,51.635,51.61,51.61,1337
2019-07-09 13:00:00-04:00,51.615,51.625,51.6,51.625,3375
2019-07-09 13:05:00-04:00,51.62,51.66,51.62,51.64,4921
2019-07-09 13:10:00-04:00,51.65,51.65,51.55,51.55,5235
2019-07-09 13:15:00-04:00,51.56,51.59,51.535,51.575,3482
2019-07-09 13:20:00-04:00,51.6,51.62,51.59,51.59,4125
2019-07-09 13:25:00-04:00,51.59,51.605,51.59,51.59,1422
2019-07-09 13:30:00-04:00,51.6,51.61,51.58,51.58,9795
2019-07-09 13:35:00-04:00,51.58,51.605,51.575,51.6,7550
2019-07-09 13:40:00-04:00,51.6,51.6,51.57,51.57,1488
2019-07-09 13:45:00-04:00,51.57,51.585,51.57,51.585,1426
2019-07-09 13:50:00-04:00,51.585,51.59,51.565,51.565,3405
2019-07-09 13:55:00-04:00,51.565,51.57,51.565,51.57,1883
2019-07-09 14:00:00-04:00,51.565,51.565,51.54,51.54,3945
2019-07-09 14:05:00-04:00,51.54,51.55,51.53,51.54,2188
2019-07-09 14:10:00-04:00,51.545,51.55,51.52,51.53,3913
2019-07-09 14:15:00-04:00,51.525,51.53,51.505,51.51,4932
2019-07-09 14:20:00-04:00,51.51,51.52,51.505,51.515,4041
2019-07-09 14:25:00-04:00,51.515,51.52,51.49,51.495,2928
2019-07-09 14:30:00-04:00,51.49,51.49,51.47,51.48,3584
2019-07-09 14:35:00-04:00,51.48,51.52,51.48,51.5,2993
2019-07-09 14:40:00-04:00,51.5,51.53,51.47,51.48,5374
2019-07-09 14:45:00-04:00,51.48,51.5,51.48,51.48,1233
2019-07-09 14:50:00-04:00,51.475,51.535,51.475,51.52,3341
2019-07-09 14:55:00-04:00,51.515,51.53,51.51,51.53,1838
2019-07-09 15:00:00-04:00,51.52,51.53,51.505,51.525,3228
2019-07-09 15:05:00-04:00,51.53,51.53,51.505,51.51,5737
2019-07-09 15:10:00-04:00,51.5,51.5,51.485,51.5,4683
2019-07-09 15:15:00-04:00,51.5,51.505,51.495,51.5,4377
2019-07-09 15:20:00-04:00,51.49,51.49,51.45,51.455,6817
2019-07-09 15:25:00-04:00,51.45,51.465,51.435,51.46,11434
2019-07-09 15:30:00-04:00,51.46,51.5,51.46,51.49,6203
2019-07-09 15:35:00-04:00,51.5,51.54,51.5,51.53,17068
2019-07-09 15:40:00-04:00,51.535,51.54,51.505,51.515,12483
2019-07-09 15:45:00-04:00,51.515,51.6,51.5,51.59,25686
2019-07-09 15:50:00-04:00,51.6,51.75,51.59,51.71,58523
2019-07-09 15:55:00-04:00,51.71,51.72,51.58,51.59,118692
2019-07-10 09:30:00-04:00,51.83,51.89,51.69,51.79,5996
2019-07-10 09:35:00-04:00,51.81,51.81,51.68,51.69,2783
2019-07-10 09:40:00-04:00,51.7,51.74,51.67,51.73,5982
2019-07-10 09:45:00-04:00,51.7,51.74,51.69,51.72,8768
2019-07-10 09:50:00-04:00,51.73,51.75,51.67,51.74,8349
2019-07-10 09:55:00-04:00,51.725,51.725,51.655,51.705,3338
2019-07-10 10:00:00-04:00,51.705,51.725,51.705,51.72,11342
2019-07-10 10:05:00-04:00,51.73,51.75,51.68,51.75,14750
2019-07-10 10:10:00-04:00,51.75,51.795,51.73,51.795,14482
2019-07-10 10:15:00-04:00,51.81,51.83,51.79,51.815,15139
2019-07-10 10:20:00-04:00,51.82,51.935,51.81,51.87,10009
2019-07-10 10:25:00-04:00,51.88,51.89,51.84,51.85,6043
2019-07-10 10:30:00-04:00,51.88,51.91,51.85,51.855,9512
2019-07-10 10:35:00-04:00,51.855,51.91,51.835,51.9,11616
2019-07-10 10:40:00-04:00,51.91,51.91,51.86,51.88,7253
2019-07-10 10:45:00-04:00,51.88,51.955,51.88,51.95,7066
2019-07-10 10:50:00-04:00,51.95,51.97,51.89,51.89,7436
2019-07-10 10:55:00-04:00,51.89,51.89,51.85,51.85,13684
2019-07-10 11:00:00-04:00,51.85,51.85,51.8,51.81,8219
2019-07-10 11:05:00-04:00,51.79,51.81,51.775,51.775,2608
2019-07-10 11:10:00-04:00,51.78,51.81,51.78,51.81,6453
2019-07-10 11:15:00-04:00,51.81,51.81,51.78,51.78,7321
2019-07-10 11:20:00-04:00,51.78,51.79,51.71,51.71,12466
2019-07-10 11:25:00-04:00,51.7,51.72,51.685,51.705,5751
2019-07-10 11:30:00-04:00,51.69,51.73,51.685,51.73,11217
2019-07-10 11:35:00-04:00,51.735,51.735,51.695,51.7,7036
2019-07-10 11:40:00-04:00,51.7,51.71,51.69,51.71,2696
2019-07-10 11:45:00-04:00,51.71,51.76,51.71,51.745,6626
2019-07-10 11:50:00-04:00,51.745,51.85,51.74,51.85,10879
2019-07-10 11:55:00-04:00,51.85,51.875,51.83,51.875,4097
2019-07-10 12:00:00-04:00,51.87,51.87,51.82,51.82,7611
2019-07-10 12:05:00-04:00,51.82,51.82,51.785,51.79,12249
2019-07-10 12:10:00-04:00,51.76,51.805,51.76,51.795,8706
2019-07-10 12:15:00-04:00,51.8,51.8,51.76,51.76,4115
2019-07-10 12:20:00-04:00,51.78,51.78,51.75,51.76,5503
2019-07-10 12:25:00-04:00,51.76,51.795,51.76,51.79,6679
2019-07-10 12:30:00-04:00,51.78,51.845,51.78,51.79,7948
2019-07-10 12:35:00-04:00,51.8,51.83,51.8,51.8,13019
2019-07-10 12:40:00-04:00,51.8,51.81,51.78,51.8,6539
2019-07-10 12:45:00-04:00,51.795,51.82,51.78,51.81,1729
2019-07-10 12:50:00-04:00,51.83,51.83,51.8,51.805,2459
2019-07-10 12:55:00-04:00,51.815,51.84,51.8,51.84,4102
2019-07-10 13:00:00-04:00,51.84,51.855,51.82,51.82,3165
2019-07-10 13:05:00-04:00,51.805,51.855,51.805,51.83,6328
2019-07-10 13:10:00-04:00,51.84,51.84,51.82,51.825,5647
2019-07-10 13:15:00-04:00,51.825,51.835,51.82,51.82,1615
2019-07-10 13:20:00-04:00,51.815,51.84,51.815,51.835,7476
2019-07-10 13:25:00-04:00,51.83,51.83,51.8,51.815,7209
2019-07-10 13:30:00-04:00,51.82,51.875,51.815,51.85,8915
2019-07-10 13:35:00-04:00,51.85,51.87,51.845,51.86,10047
2019-07-10 13:40:00-04:00,51.845,51.88,51.84,51.87,9928
2019-07-10 13:45:00-04:00,51.87,51.87,51.84,51.87,4018
2019-07-10 13:50:00-04:00,51.88,51.91,51.88,51.91,4058
2019-07-10 13:55:00-04:00,51.89,51.9,51.875,51.9,1568
2019-07-10 14:00:00-04:00,51.905,51.94,51.895,51.92,5743
2019-07-10 14:05:00-04:00,51.91,51.91,51.85,51.85,4676
2019-07-10 14:10:00-04:00,51.85,51.86,51.82,51.82,6478
2019-07-10 14:15:00-04:00,51.82,51.825,51.78,51.79,6488
2019-07-10 14:20:00-04:00,51.765,51.785,51.765,51.78,1213
2019-07-10 14:25:00-04:00,51.775,51.775,51.73,51.74,8882
2019-07-10 14:30:00-04:00,51.74,51.78,51.74,51.78,1883
2019-07-10 14:35:00-04:00,51.775,51.775,51.745,51.75,4454
2019-07-10 14:40:00-04:00,51.74,51.76,51.71,51.725,10111
2019-07-10 14:45:00-04:00,51.72,51.74,51.69,51.74,2840
2019-07-10 14:50:00-04:00,51.74,51.76,51.73,51.76,2359
2019-07-10 14:55:00-04:00,51.78,51.825,51.775,51.815,6057
2019-07-10 15:00:00-04:00,51.81,51.82,51.78,51.795,2571
2019-07-10 15:05:00-04:00,51.78,51.81,51.78,51.81,2129
2019-07-10 15:10:00-04:00,51.83,51.84,51.82,51.82,1630
2019-07-10 15:15:00-04:00,51.82,51.82,51.775,51.78,9736
2019-07-10 15:20:00-04:00,51.775,51.785,51.75,51.76,3697
2019-07-10 15:25:00-04:00,51.79,51.82,51.79,51.8,8749
2019-07-10 15:30:00-04:00,51.8,51.82,51.785,51.805,19418
2019-07-10 15:35:00-04:00,51.81,51.81,51.79,51.805,11516
2019-07-10 15:40:00-04:00,51.81,51.825,51.79,51.815,10109
2019-07-10 15:45:00-04:00,51.81,51.81,51.775,51.775,13702
2019-07-10 15:50:00-04:00,51.77,51.82,51.77,51.805,28310
2019-07-10 15:55:00-04:00,51.8,51.82,51.77,51.82,65442
2019-07-11 09:30:00-04:00,51.98,51.99,51.855,51.93,6849
2019-07-11 09:35:00-04:00,51.91,51.945,51.79,51.79,11765
2019-07-11 09:40:00-04:00,51.8,51.81,51.765,51.77,8433
2019-07-11 09:45:00-04:00,51.78,51.8,51.73,51.735,4486
2019-07-11 09:50:00-04:00,51.735,51.81,51.735,51.78,7634
2019-07-11 09:55:00-04:00,51.775,51.785,51.725,51.755,3787
2019-07-11 10:00:00-04:00,51.77,51.8,51.755,51.79,4354
2019-07-11 10:05:00-04:00,51.77,51.805,51.765,51.8,5848
2019-07-11 10:10:00-04:00,51.8,51.9,51.77,51.9,14104
2019-07-11 10:15:00-04:00,51.93,51.94,51.845,51.85,5826
2019-07-11 10:20:00-04:00,51.815,51.83,51.76,51.775,5841
2019-07-11 10:25:00-04:00,51.8,51.82,51.795,51.795,3322
2019-07-11 10:30:00-04:00,51.83,51.83,51.765,51.765,6596
2019-07-11 10:35:00-04:00,51.74,51.76,51.72,51.72,3562
2019-07-11 10:40:00-04:00,51.72,51.73,51.705,51.715,3886
2019-07-11 10:45:00-04:00,51.715,51.725,51.71,51.71,3878
2019-07-11 10:50:00-04:00,51.695,51.745,51.695,51.73,2851
2019-07-11 10:55:00-04:00,51.75,51.755,51.72,51.725,2527
2019-07-11 11:00:00-04:00,51.73,51.74,51.685,51.71,3853
2019-07-11 11:05:00-04:00,51.75,51.785,51.75,51.77,3776
2019-07-11 11:10:00-04:00,51.76,51.82,51.75,51.79,5826
2019-07-11 11:15:00-04:00,51.8,51.83,51.8,51.8,4089
2019-07-11 11:20:00-04:00,51.81,51.815,51.795,51.81,3516
2019-07-11 11:25:00-04:00,51.805,51.84,51.795,51.84,5753
2019-07-11 11:30:00-04:00,51.85,51.85,51.82,51.82,2480
2019-07-11 11:35:00-04:00,51.83,51.83,51.8,51.82,3251
2019-07-11 11:40:00-04:00,51.82,51.82,51.8,51.815,3938
2019-07-11 11:45:00-04:00,51.815,51.83,51.81,51.81,5321
2019-07-11 11:50:00-04:00,51.815,51.83,51.8,51.82,3503
2019-07-11 11:55:00-04:00,51.82,51.82,51.81,51.815,3832
2019-07-11 12:00:00-04:00,51.815,51.82,51.78,51.78,6470
2019-07-11 12:05:00-04:00,51.785,51.82,51.785,51.81,8850
2019-07-11 12:10:00-04:00,51.8,51.81,51.8,51.8,7481
2019-07-11 12:15:00-04:00,51.805,51.83,51.805,51.815,4739
2019-07-11 12:20:00-04:00,51.815,51.82,51.8,51.8,3315
2019-07-11 12:25:00-04:00,51.805,51.84,51.8,51.835,7604
2019-07-11 12:30:00-04:00,51.83,51.83,51.81,51.825,10765
2019-07-11 12:35:00-04:00,51.825,51.83,51.82,51.825,3957
2019-07-11 12:40:00-04:00,51.83,51.85,51.825,51.825,3351
2019-07-11 12:45:00-04:00,51.825,51.84,51.825,51.835,3811
2019-07-11 12:50:00-04:00,51.84,51.85,51.82,51.84,3705
2019-07-11 12:55:00-04:00,51.845,51.87,51.84,51.865,3910
2019-07-11 13:00:00-04:00,51.865,51.865,51.83,51.85,11242
2019-07-11 13:05:00-04:00,51.85,51.855,51.83,51.84,7126
2019-07-11 13:10:00-04:00,51.84,51.855,51.84,51.84,7957
2019-07-11 13:15:00-04:00,51.85,51.85,51.82,51.84,9987
2019-07-11 13:20:00-04:00,51.84,51.85,51.83,51.84,4845
2019-07-11 13:25:00-04:00,51.845,51.845,51.83,51.835,9719
2019-07-11 13:30:00-04:00,51.835,51.845,51.83,51.835,23607
2019-07-11 13:35:00-04:00,51.83,51.855,51.82,51.855,9023
2019-07-11 13:40:00-04:00,51.855,51.86,51.8,51.815,11880
2019-07-11 13:45:00-04:00,51.82,51.83,51.8,51.83,4671
2019-07-11 13:50:00-04:00,51.83,51.84,51.83,51.835,6306
2019-07-11 13:55:00-04:00,51.83,51.84,51.83,51.835,6741
2019-07-11 14:00:00-04:00,51.835,51.84,51.83,51.83,12908
2019-07-11 14:05:00-04:00,51.84,51.84,51.82,51.83,11957
2019-07-11 14:10:00-04:00,51.83,51.85,51.82,51.845,6269
2019-07-11 14:15:00-04:00,51.845,51.87,51.84,51.865,3938
2019-07-11 14:20:00-04:00,51.88,51.9,51.87,51.895,3344
2019-07-11 14:25:00-04:00,51.89,51.895,51.865,51.88,3081
2019-07-11 14:30:00-04:00,51.89,51.89,51.87,51.89,6420
2019-07-11 14:35:00-04:00,51.88,51.91,51.875,51.9,3754
2019-07-11 14:40:00-04:00,51.9,51.915,51.9,51.905,4970
2019-07-11 14:45:00-04:00,51.9,51.95,51.9,51.945,6263
2019-07-11 14:50:00-04:00,51.94,51.94,51.91,51.92,7783
2019-07-11 14:55:00-04:00,51.93,51.96,51.93,51.96,3538
2019-07-11 15:00:00-04:00,51.95,51.955,51.94,51.95,4602
2019-07-11 15:05:00-04:00,51.955,51.96,51.945,51.955,6428
2019-07-11 15:10:00-04:00,51.96,51.98,51.95,51.975,5693
2019-07-11 15:15:00-04:00,51.98,51.98,51.955,51.97,8125
2019-07-11 15:20:00-04:00,51.96,51.97,51.95,51.955,8384
2019-07-11 15:25:00-04:00,51.96,51.96,51.935,51.94,7416
2019-07-11 15:30:00-04:00,51.94,51.96,51.93,51.95,18592
2019-07-11 15:35:00-04:00,51.945,51.945,51.925,51.93,19282
2019-07-11 15:40:00-04:00,51.93,51.96,51.925,51.96,10050
2019-07-11 15:45:00-04:00,51.955,51.98,51.94,51.96,21215
2019-07-11 15:50:00-04:00,51.96,52.02,51.96,52.02,30079
2019-07-11 15:55:00-04:00,52.04,52.05,51.96,52.04,72275
2019-07-12 09:30:00-04:00,52.28,52.28,52.07,52.08,3541
2019-07-12 09:35:00-04:00,52.095,52.125,52.07,52.125,2677
2019-07-12 09:40:00-04:00,52.115,52.13,52.065,52.13,2262
2019-07-12 09:45:00-04:00,52.14,52.17,52.08,52.08,3644
2019-07-12 09:50:00-04:00,52.07,52.07,52.02,52.045,1744
2019-07-12 09:55:00-04:00,52.025,52.045,52.0,52.03,4659
2019-07-12 10:00:00-04:00,52.03,52.04,51.975,51.995,6113
2019-07-12 10:05:00-04:00,52.0,52.0,51.93,51.93,1241
2019-07-12 10:10:00-04:00,51.96,51.975,51.92,51.935,2483
2019-07-12 10:15:00-04:00,51.93,51.97,51.92,51.97,6497
2019-07-12 10:20:00-04:00,51.98,52.0,51.96,51.97,4805
2019-07-12 10:25:00-04:00,51.97,52.0,51.97,51.99,1801
2019-07-12 10:30:00-04:00,52.01,52.05,52.0,52.0,2724
2019-07-12 10:35:00-04:00,51.995,51.995,51.955,51.98,3194
2019-07-12 10:40:00-04:00,51.98,52.0,51.975,52.0,20046
2019-07-12 10:45:00-04:00,52.01,52.025,52.0,52.02,1542
2019-07-12 10:50:00-04:00,52.025,52.05,52.015,52.03,17938
2019-07-12 10:55:00-04:00,52.03,52.07,52.03,52.06,2131
2019-07-12 11:00:00-04:00,52.06,52.12,52.06,52.12,1544
2019-07-12 11:05:00-04:00,52.11,52.17,52.11,52.17,6094
2019-07-12 11:10:00-04:00,52.17,52.17,52.12,52.17,3353
2019-07-12 11:15:00-04:00,52.175,52.19,52.17,52.18,3992
2019-07-12 11:20:00-04:00,52.19,52.22,52.19,52.19,2409
2019-07-12 11:25:00-04:00,52.175,52.19,52.16,52.165,2080
2019-07-12 11:30:00-04:00,52.17,52.19,52.17,52.175,1198
2019-07-12 11:35:00-04:00,52.18,52.18,52.145,52.15,2532
2019-07-12 11:40:00-04:00,52.15,52.155,52.1,52.105,2352
2019-07-12 11:45:00-04:00,52.13,52.14,52.13,52.14,1180
2019-07-12 11:50:00-04:00,52.135,52.135,52.125,52.13,1149
2019-07-12 11:55:00-04:00,52.135,52.14,52.13,52.14,1798
2019-07-12 12:00:00-04:00,52.15,52.18,52.15,52.17,808
2019-07-12 12:05:00-04:00,52.165,52.19,52.16,52.16,3353
2019-07-12 12:10:00-04:00,52.16,52.16,52.105,52.11,3492
2019-07-12 12:15:00-04:00,52.12,52.14,52.105,52.12,3739
2019-07-12 12:20:00-04:00,52.14,52.15,52.14,52.14,2020
2019-07-12 12:25:00-04:00,52.14,52.15,52.13,52.14,2218
2019-07-12 12:30:00-04:00,52.13,52.13,52.1,52.12,3840
2019-07-12 12:35:00-04:00,52.12,52.17,52.12,52.13,2233
2019-07-12 12:40:00-04:00,52.135,52.15,52.1,52.11,1992
2019-07-12 12:45:00-04:00,52.1,52.13,52.095,52.125,2070
2019-07-12 12:50:00-04:00,52.13,52.13,52.09,52.09,1486
2019-07-12 12:55:00-04:00,52.09,52.12,52.09,52.11,2350
2019-07-12 13:00:00-04:00,52.11,52.11,52.1,52.1,1630
2019-07-12 13:05:00-04:00,52.09,52.1,52.065,52.07,1781
2019-07-12 13:10:00-04:00,52.07,52.075,52.05,52.06,2593
2019-07-12 13:15:00-04:00,52.06,52.085,52.06,52.08,2385
2019-07-12 13:20:00-04:00,52.07,52.07,52.06,52.07,1514
2019-07-12 13:25:00-04:00,52.07,52.07,52.06,52.07,1364
2019-07-12 13:30:00-04:00,52.07,52.08,52.06,52.075,1068
2019-07-12 13:35:00-04:00,52.09,52.11,52.085,52.11,1335
2019-07-12 13:40:00-04:00,52.12,52.12,52.11,52.115,951
2019-07-12 13:45:00-04:00,52.12,52.13,52.11,52.12,1512
2019-07-12 13:50:00-04:00,52.12,52.12,52.11,52.12,1829
2019-07-12 13:55:00-04:00,52.12,52.13,52.115,52.13,1358
2019-07-12 14:00:00-04:00,52.13,52.14,52.1,52.11,4386
2019-07-12 14:05:00-04:00,52.09,52.1,52.08,52.09,2124
2019-07-12 14:10:00-04:00,52.1,52.11,52.095,52.105,1402
2019-07-12 14:15:00-04:00,52.1,52.1,52.06,52.07,3841
2019-07-12 14:20:00-04:00,52.06,52.08,52.06,52.07,1701
2019-07-12 14:25:00-04:00,52.06,52.07,52.05,52.06,4322
2019-07-12 14:30:00-04:00,52.06,52.095,52.055,52.095,3109
2019-07-12 14:35:00-04:00,52.09,52.12,52.09,52.11,2664
2019-07-12 14:40:00-04:00,52.11,52.11,52.06,52.065,2738
2019-07-12 14:45:00-04:00,52.05,52.09,52.05,52.09,1371
2019-07-12 14:50:00-04:00,52.095,52.095,52.08,52.09,900
2019-07-12 14:55:00-04:00,52.075,52.085,52.07,52.08,1936
2019-07-12 15:00:00-04:00,52.085,52.085,52.05,52.05,3728
2019-07-12 15:05:00-04:00,52.05,52.05,52.03,52.045,4419
2019-07-12 15:10:00-04:00,52.04,52.04,52.02,52.025,2149
2019-07-12 15:15:00-04:00,52.04,52.05,52.015,52.02,5411
2019-07-12 15:20:00-04:00,52.02,52.06,52.02,52.03,3317
2019-07-12 15:25:00-04:00,52.03,52.03,52.0,52.01,2878
2019-07-12 15:30:00-04:00,52.0,52.005,51.975,51.975,4046
2019-07-12 15:35:00-04:00,51.975,52.06,51.975,52.055,8434
2019-07-12 15:40:00-04:00,52.06,52.09,52.06,52.09,9450
2019-07-12 15:45:00-04:00,52.09,52.09,52.05,52.065,11617
2019-07-12 15:50:00-04:00,52.07,52.12,52.04,52.12,13244
2019-07-12 15:55:00-04:00,52.14,52.18,52.09,52.11,57735
2019-07-15 09:30:00-04:00,52.15,52.19,52.06,52.17,3326
2019-07-15 09:35:00-04:00,52.07,52.2,52.07,52.1,5010
2019-07-15 09:40:00-04:00,52.09,52.12,52.06,52.1,7103
2019-07-15 09:45:00-04:00,52.09,52.16,52.08,52.16,5802
2019-07-15 09:50:00-04:00,52.2,52.22,52.16,52.19,4222
2019-07-15 09:55:00-04:00,52.18,52.19,52.16,52.18,4830
2019-07-15 10:00:00-04:00,52.16,52.16,52.08,52.095,6539
2019-07-15 10:05:00-04:00,52.1,52.17,52.1,52.15,4196
2019-07-15 10:10:00-04:00,52.16,52.28,52.16,52.21,6271
2019-07-15 10:15:00-04:00,52.2,52.2,52.14,52.14,4603
2019-07-15 10:20:00-04:00,52.13,52.185,52.13,52.18,4850
2019-07-15 10:25:00-04:00,52.16,52.205,52.16,52.19,4702
2019-07-15 10:30:00-04:00,52.2,52.21,52.14,52.15,7562
2019-07-15 10:35:00-04:00,52.15,52.15,52.05,52.05,5773
2019-07-15 10:40:00-04:00,52.04,52.05,52.025,52.04,5236
2019-07-15 10:45:00-04:00,52.04,52.07,52.04,52.06,4374
2019-07-15 10:50:00-04:00,52.07,52.1,52.07,52.08,5058
2019-07-15 10:55:00-04:00,52.08,52.12,52.08,52.105,3466
2019-07-15 11:00:00-04:00,52.11,52.135,52.11,52.13,4060
2019-07-15 11:05:00-04:00,52.12,52.12,52.095,52.1,7513
2019-07-15 11:10:00-04:00,52.1,52.12,52.065,52.065,6115
2019-07-15 11:15:00-04:00,52.07,52.09,52.07,52.09,2392
2019-07-15 11:20:00-04:00,52.08,52.08,52.06,52.07,5607
2019-07-15 11:25:00-04:00,52.065,52.07,52.055,52.065,3250
2019-07-15 11:30:00-04:00,52.06,52.06,51.99,52.01,4633
2019-07-15 11:35:00-04:00,52.01,52.015,52.0,52.0,2512
2019-07-15 11:40:00-04:00,51.99,51.99,51.94,51.96,3328
2019-07-15 11:45:00-04:00,51.945,51.96,51.9,51.9,2741
2019-07-15 11:50:00-04:00,51.91,51.91,51.87,51.905,6764
2019-07-15 11:55:00-04:00,51.89,51.935,51.885,51.915,2850
2019-07-15 12:00:00-04:00,51.92,51.95,51.91,51.925,7401
2019-07-15 12:05:00-04:00,51.93,51.97,51.93,51.97,3902
2019-07-15 12:10:00-04:00,51.98,52.01,51.98,52.005,1914
2019-07-15 12:15:00-04:00,52.0,52.03,51.995,51.995,3421
2019-07-15 12:20:00-04:00,51.995,52.02,51.995,52.015,3970
2019-07-15 12:25:00-04:00,52.02,52.03,52.01,52.01,4107
2019-07-15 12:30:00-04:00,52.0,52.02,52.0,52.02,779
2019-07-15 12:35:00-04:00,52.03,52.04,52.025,52.03,1676
2019-07-15 12:40:00-04:00,52.03,52.03,52.01,52.025,3325
2019-07-15 12:45:00-04:00,52.03,52.04,52.02,52.035,2431
2019-07-15 12:50:00-04:00,52.05,52.05,52.03,52.04,2150
2019-07-15 12:55:00-04:00,52.03,52.04,52.03,52.035,927
2019-07-15 13:00:00-04:00,52.04,52.04,52.03,52.03,2240
2019-07-15 13:05:00-04:00,52.05,52.065,52.035,52.06,2248
2019-07-15 13:10:00-04:00,52.055,52.06,52.05,52.05,2791
2019-07-15 13:15:00-04:00,52.055,52.055,52.035,52.045,5044
2019-07-15 13:20:00-04:00,52.045,52.055,52.045,52.045,1972
2019-07-15 13:25:00-04:00,52.045,52.05,52.035,52.035,2311
2019-07-15 13:30:00-04:00,52.04,52.06,52.035,52.06,7391
2019-07-15 13:35:00-04:00,52.04,52.04,52.025,52.04,2007
2019-07-15 13:40:00-04:00,52.03,52.035,52.02,52.025,3908
2019-07-15 13:45:00-04:00,52.03,52.05,52.02,52.04,4941
2019-07-15 13:50:00-04:00,52.04,52.05,52.025,52.05,3152
2019-07-15 13:55:00-04:00,52.04,52.04,52.025,52.03,3365
2019-07-15 14:00:00-04:00,52.035,52.045,52.03,52.035,5937
2019-07-15 14:05:00-04:00,52.035,52.05,52.03,52.05,2892
2019-07-15 14:10:00-04:00,52.04,52.04,52.04,52.04,296
2019-07-15 14:15:00-04:00,52.05,52.06,52.035,52.06,4423
2019-07-15 14:20:00-04:00,52.06,52.07,52.055,52.055,2907
2019-07-15 14:25:00-04:00,52.06,52.06,52.055,52.06,1687
2019-07-15 14:30:00-04:00,52.055,52.06,52.045,52.06,3619
2019-07-15 14:35:00-04:00,52.07,52.07,52.05,52.06,1187
2019-07-15 14:40:00-04:00,52.06,52.07,52.055,52.07,2193
2019-07-15 14:45:00-04:00,52.06,52.06,52.05,52.055,1300
2019-07-15 14:50:00-04:00,52.06,52.06,52.055,52.06,4631
2019-07-15 14:55:00-04:00,52.06,52.07,52.055,52.06,4307
2019-07-15 15:00:00-04:00,52.06,52.08,52.055,52.07,5160
2019-07-15 15:05:00-04:00,52.065,52.1,52.065,52.1,26042
2019-07-15 15:10:00-04:00,52.1,52.1,52.075,52.085,6188
2019-07-15 15:15:00-04:00,52.08,52.08,52.045,52.05,6232
2019-07-15 15:20:00-04:00,52.05,52.085,52.045,52.08,5058
2019-07-15 15:25:00-04:00,52.075,52.08,52.065,52.065,4923
2019-07-15 15:30:00-04:00,52.07,52.095,52.065,52.08,9692
2019-07-15 15:35:00-04:00,52.085,52.1,52.08,52.08,6270
2019-07-15 15:40:00-04:00,52.09,52.11,52.08,52.095,10262
2019-07-15 15:45:00-04:00,52.1,52.12,52.08,52.095,8742
2019-07-15 15:50:00-04:00,52.1,52.11,52.09,52.095,12687
2019-07-15 15:55:00-04:00,52.095,52.16,52.09,52.14,60786
2019-07-16 09:30:00-04:00,52.06,52.47,52.03,52.39,8261
2019-07-16 09:35:00-04:00,52.37,52.38,52.27,52.28,2873
2019-07-16 09:40:00-04:00,52.27,52.27,52.19,52.22,4296
2019-07-16 09:45:00-04:00,52.19,52.21,52.145,52.145,3508
2019-07-16 09:50:00-04:00,52.13,52.16,52.08,52.11,4295
2019-07-16 09:55:00-04:00,52.12,52.15,52.08,52.08,10128
2019-07-16 10:00:00-04:00,52.09,52.11,52.04,52.1,4519
2019-07-16 10:05:00-04:00,52.09,52.09,52.05,52.05,6888
2019-07-16 10:10:00-04:00,52.03,52.1,52.02,52.07,9901
2019-07-16 10:15:00-04:00,52.075,52.11,52.05,52.1,3457
2019-07-16 10:20:00-04:00,52.09,52.1,52.05,52.07,7171
2019-07-16 10:25:00-04:00,52.06,52.06,52.04,52.04,1266
2019-07-16 10:30:00-04:00,52.02,52.02,51.98,51.98,3151
2019-07-16 10:35:00-04:00,51.99,52.05,51.99,52.05,2633
2019-07-16 10:40:00-04:00,52.04,52.05,52.03,52.04,3585
2019-07-16 10:45:00-04:00,52.05,52.05,52.01,52.01,2741
2019-07-16 10:50:00-04:00,52.0,52.01,51.93,51.93,2732
2019-07-16 10:55:00-04:00,51.92,51.98,51.92,51.97,6909
2019-07-16 11:00:00-04:00,51.97,51.975,51.9,51.905,7894
2019-07-16 11:05:00-04:00,51.9,51.93,51.89,51.89,3045
2019-07-16 11:10:00-04:00,51.885,51.885,51.87,51.875,1863
2019-07-16 11:15:00-04:00,51.875,51.88,51.855,51.88,3428
2019-07-16 11:20:00-04:00,51.88,51.94,51.87,51.94,3779
2019-07-16 11:25:00-04:00,51.93,51.93,51.875,51.875,4272
2019-07-16 11:30:00-04:00,51.87,51.88,51.845,51.87,4572
2019-07-16 11:35:00-04:00,51.89,51.94,51.89,51.915,4572
2019-07-16 11:40:00-04:00,51.9,51.91,51.86,51.86,7513
2019-07-16 11:45:00-04:00,51.845,51.845,51.815,51.83,2120
2019-07-16 11:50:00-04:00,51.83,51.855,51.815,51.855,4368
2019-07-16 11:55:00-04:00,51.85,51.86,51.835,51.84,4411
2019-07-16 12:00:00-04:00,51.845,51.89,51.83,51.89,4063
2019-07-16 12:05:00-04:00,51.91,51.96,51.91,51.96,2820
2019-07-16 12:10:00-04:00,51.945,52.025,51.945,51.995,12821
2019-07-16 12:15:00-04:00,52.01,52.07,52.005,52.045,11533
2019-07-16 12:20:00-04:00,52.03,52.075,52.02,52.075,3792
2019-07-16 12:25:00-04:00,52.085,52.155,52.065,52.065,10273
2019-07-16 12:30:00-04:00,52.065,52.075,52.055,52.075,2931
2019-07-16 12:35:00-04:00,52.07,52.1,52.055,52.055,4717
2019-07-16 12:40:00-04:00,52.05,52.085,52.04,52.075,3091
2019-07-16 12:45:00-04:00,52.08,52.09,52.07,52.09,2331
2019-07-16 12:50:00-04:00,52.09,52.095,52.07,52.09,2239
2019-07-16 12:55:00-04:00,52.08,52.12,52.065,52.12,2540
2019-07-16 13:00:00-04:00,52.12,52.16,52.115,52.13,2776
2019-07-16 13:05:00-04:00,52.13,52.14,52.1,52.1,2749
2019-07-16 13:10:00-04:00,52.1,52.13,52.1,52.13,1769
2019-07-16 13:15:00-04:00,52.115,52.115,52.1,52.1,1070
2019-07-16 13:20:00-04:00,52.1,52.11,52.09,52.105,1855
2019-07-16 13:25:00-04:00,52.11,52.11,52.09,52.09,2011
2019-07-16 13:30:00-04:00,52.08,52.08,52.035,52.05,7418
2019-07-16 13:35:00-04:00,52.06,52.06,52.05,52.05,4391
2019-07-16 13:40:00-04:00,52.05,52.06,52.035,52.04,3429
2019-07-16 13:45:00-04:00,52.02,52.04,52.01,52.025,2430
2019-07-16 13:50:00-04:00,52.02,52.02,51.99,52.0,2204
2019-07-16 13:55:00-04:00,52.005,52.01,51.96,51.96,1014
2019-07-16 14:00:00-04:00,51.99,51.99,51.97,51.985,5239
2019-07-16 14:05:00-04:00,51.99,52.0,51.98,52.0,2006
2019-07-16 14:10:00-04:00,52.0,52.01,51.975,51.98,2820
2019-07-16 14:15:00-04:00,51.97,51.97,51.95,51.96,810
2019-07-16 14:20:00-04:00,51.955,51.97,51.94,51.97,1615
2019-07-16 14:25:00-04:00,51.96,51.98,51.95,51.98,2526
2019-07-16 14:30:00-04:00,51.985,51.995,51.96,51.97,7019
2019-07-16 14:35:00-04:00,51.97,51.99,51.96,51.98,3291
2019-07-16 14:40:00-04:00,51.99,51.99,51.975,51.98,1771
2019-07-16 14:45:00-04:00,51.99,51.99,51.96,51.985,3224
2019-07-16 14:50:00-04:00,51.985,52.0,51.985,52.0,4428
2019-07-16 14:55:00-04:00,52.025,52.025,52.0,52.01,3229
2019-07-16 15:00:00-04:00,52.005,52.02,51.995,52.005,1707
2019-07-16 15:05:00-04:00,52.0,52.01,51.97,51.98,6585
2019-07-16 15:10:00-04:00,51.995,52.02,51.995,51.995,8205
2019-07-16 15:15:00-04:00,51.985,52.015,51.985,52.015,6849
2019-07-16 15:20:00-04:00,52.015,52.055,52.015,52.035,8893
2019-07-16 15:25:00-04:00,52.04,52.08,52.04,52.055,5421
2019-07-16 15:30:00-04:00,52.06,52.09,52.05,52.05,5575
2019-07-16 15:35:00-04:00,52.05,52.08,52.035,52.06,10395
2019-07-16 15:40:00-04:00,52.055,52.11,52.045,52.085,6637
2019-07-16 15:45:00-04:00,52.105,52.105,52.075,52.08,12330
2019-07-16 15:50:00-04:00,52.08,52.105,52.08,52.1,15130
2019-07-16 15:55:00-04:00,52.11,52.14,52.11,52.12,43301
2019-07-17 09:30:00-04:00,52.18,52.26,52.15,52.18,1934
2019-07-17 09:35:00-04:00,52.2,52.21,52.08,52.08,4150
2019-07-17 09:40:00-04:00,52.09,52.2,52.09,52.15,4087
2019-07-17 09:45:00-04:00,52.13,52.21,52.11,52.18,7788
2019-07-17 09:50:00-04:00,52.16,52.17,52.11,52.11,3032
2019-07-17 09:55:00-04:00,52.11,52.13,52.095,52.1,1748
2019-07-17 10:00:00-04:00,52.12,52.155,52.11,52.14,3315
2019-07-17 10:05:00-04:00,52.15,52.16,52.115,52.115,3138
2019-07-17 10:10:00-04:00,52.13,52.205,52.115,52.18,3615
2019-07-17 10:15:00-04:00,52.185,52.205,52.11,52.11,4217
2019-07-17 10:20:00-04:00,52.11,52.17,52.105,52.15,5931
2019-07-17 10:25:00-04:00,52.14,52.15,52.11,52.11,4864
2019-07-17 10:30:00-04:00,52.12,52.21,52.12,52.21,4546
2019-07-17 10:35:00-04:00,52.22,52.22,52.18,52.18,3350
2019-07-17 10:40:00-04:00,52.18,52.21,52.15,52.17,4752
2019-07-17 10:45:00-04:00,52.17,52.17,52.12,52.14,11218
2019-07-17 10:50:00-04:00,52.14,52.14,52.09,52.1,8377
2019-07-17 10:55:00-04:00,52.105,52.18,52.105,52.165,10872
2019-07-17 11:00:00-04:00,52.17,52.18,52.14,52.14,4059
2019-07-17 11:05:00-04:00,52.135,52.14,52.12,52.125,4324
2019-07-17 11:10:00-04:00,52.125,52.16,52.105,52.16,6119
2019-07-17 11:15:00-04:00,52.16,52.16,52.13,52.16,3467
2019-07-17 11:20:00-04:00,52.17,52.17,52.11,52.11,5911
2019-07-17 11:25:00-04:00,52.13,52.13,52.06,52.07,3891
2019-07-17 11:30:00-04:00,52.095,52.095,52.06,52.07,4622
2019-07-17 11:35:00-04:00,52.08,52.095,52.045,52.045,6607
2019-07-17 11:40:00-04:00,52.05,52.09,52.04,52.09,2948
2019-07-17 11:45:00-04:00,52.1,52.115,52.07,52.07,9912
2019-07-17 11:50:00-04:00,52.07,52.105,52.05,52.05,4833
2019-07-17 11:55:00-04:00,52.045,52.1,52.045,52.1,2715
2019-07-17 12:00:00-04:00,52.11,52.12,52.09,52.09,2399
2019-07-17 12:05:00-04:00,52.095,52.11,52.09,52.09,1508
2019-07-17 12:10:00-04:00,52.09,52.09,52.04,52.04,1250
2019-07-17 12:15:00-04:00,52.025,52.04,52.015,52.04,2979
2019-07-17 12:20:00-04:00,52.06,52.07,52.06,52.06,789
2019-07-17 12:25:00-04:00,52.06,52.06,52.045,52.05,999
2019-07-17 12:30:00-04:00,52.06,52.08,52.06,52.08,1115
2019-07-17 12:35:00-04:00,52.08,52.11,52.08,52.11,1139
2019-07-17 12:40:00-04:00,52.11,52.115,52.08,52.08,3113
2019-07-17 12:45:00-04:00,52.08,52.08,52.06,52.06,2313
2019-07-17 12:50:00-04:00,52.07,52.1,52.07,52.08,2378
2019-07-17 12:55:00-04:00,52.085,52.095,52.08,52.09,2527
2019-07-17 13:00:00-04:00,52.085,52.1,52.085,52.09,1129
2019-07-17 13:05:00-04:00,52.09,52.09,52.07,52.07,4738
2019-07-17 13:10:00-04:00,52.06,52.06,52.05,52.06,1530
2019-07-17 13:15:00-04:00,52.07,52.085,52.07,52.08,2312
2019-07-17 13:20:00-04:00,52.08,52.095,52.08,52.09,2421
2019-07-17 13:25:00-04:00,52.095,52.13,52.095,52.12,4907
2019-07-17 13:30:00-04:00,52.12,52.135,52.12,52.13,1175
2019-07-17 13:35:00-04:00,52.175,52.205,52.175,52.205,2929
2019-07-17 13:40:00-04:00,52.2,52.23,52.2,52.2,3277
2019-07-17 13:45:00-04:00,52.2,52.2,52.18,52.19,3160
2019-07-17 13:50:00-04:00,52.19,52.19,52.135,52.15,6449
2019-07-17 13:55:00-04:00,52.16,52.16,52.16,52.16,102
2019-07-17 14:00:00-04:00,52.18,52.19,52.14,52.15,6145
2019-07-17 14:05:00-04:00,52.17,52.185,52.16,52.16,5719
2019-07-17 14:10:00-04:00,52.15,52.15,52.12,52.12,2532
2019-07-17 14:15:00-04:00,52.13,52.15,52.11,52.11,2684
2019-07-17 14:20:00-04:00,52.12,52.16,52.12,52.15,4000
2019-07-17 14:25:00-04:00,52.15,52.17,52.15,52.16,3925
2019-07-17 14:30:00-04:00,52.17,52.2,52.17,52.195,4684
2019-07-17 14:35:00-04:00,52.21,52.215,52.18,52.18,5549
2019-07-17 14:40:00-04:00,52.19,52.2,52.16,52.16,2791
2019-07-17 14:45:00-04:00,52.17,52.2,52.17,52.2,4069
2019-07-17 14:50:00-04:00,52.19,52.19,52.155,52.17,2548
2019-07-17 14:55:00-04:00,52.16,52.17,52.15,52.16,3399
2019-07-17 15:00:00-04:00,52.15,52.15,52.11,52.125,5779
2019-07-17 15:05:00-04:00,52.13,52.16,52.12,52.15,16881
2019-07-17 15:10:00-04:00,52.15,52.17,52.13,52.16,14246
2019-07-17 15:15:00-04:00,52.17,52.17,52.13,52.135,12836
2019-07-17 15:20:00-04:00,52.135,52.145,52.11,52.12,4088
2019-07-17 15:25:00-04:00,52.11,52.14,52.11,52.12,6934
2019-07-17 15:30:00-04:00,52.11,52.185,52.11,52.18,5587
2019-07-17 15:35:00-04:00,52.18,52.19,52.16,52.16,10958
2019-07-17 15:40:00-04:00,52.15,52.15,52.1,52.11,9139
2019-07-17 15:45:00-04:00,52.12,52.18,52.12,52.18,16536
2019-07-17 15:50:00-04:00,52.18,52.2,52.15,52.16,24209
2019-07-17 15:55:00-04:00,52.16,52.19,52.1,52.16,69243
2019-07-18 09:30:00-04:00,52.09,52.13,51.73,51.73,4829
2019-07-18 09:35:00-04:00,51.74,51.8,51.67,51.735,21238
2019-07-18 09:40:00-04:00,51.725,51.75,51.68,51.695,6645
2019-07-18 09:45:00-04:00,51.69,51.81,51.69,51.79,5399
2019-07-18 09:50:00-04:00,51.79,51.82,51.74,51.78,7607
2019-07-18 09:55:00-04:00,51.78,51.855,51.745,51.745,7924
2019-07-18 10:00:00-04:00,51.75,51.795,51.71,51.72,11063
2019-07-18 10:05:00-04:00,51.72,51.81,51.72,51.78,16306
2019-07-18 10:10:00-04:00,51.79,51.84,51.75,51.81,13476
2019-07-18 10:15:00-04:00,51.81,51.81,51.74,51.77,11029
2019-07-18 10:20:00-04:00,51.78,51.84,51.77,51.84,7329
2019-07-18 10:25:00-04:00,51.85,51.88,51.83,51.85,6791
2019-07-18 10:30:00-04:00,51.835,51.88,51.835,51.88,7514
2019-07-18 10:35:00-04:00,51.885,51.89,51.83,51.875,10147
2019-07-18 10:40:00-04:00,51.865,51.875,51.85,51.86,8155
2019-07-18 10:45:00-04:00,51.87,51.875,51.805,51.805,10972
2019-07-18 10:50:00-04:00,51.805,51.86,51.795,51.86,8697
2019-07-18 10:55:00-04:00,51.86,51.87,51.85,51.86,7816
2019-07-18 11:00:00-04:00,51.88,51.945,51.88,51.94,8214
2019-07-18 11:05:00-04:00,51.93,51.955,51.925,51.945,7763
2019-07-18 11:10:00-04:00,51.945,51.97,51.93,51.93,7750
2019-07-18 11:15:00-04:00,51.93,51.95,51.92,51.945,8447
2019-07-18 11:20:00-04:00,51.945,51.98,51.94,51.945,9759
2019-07-18 11:25:00-04:00,51.95,51.99,51.935,51.96,7561
2019-07-18 11:30:00-04:00,51.95,51.95,51.875,51.88,5713
2019-07-18 11:35:00-04:00,51.875,51.88,51.835,51.86,5711
2019-07-18 11:40:00-04:00,51.87,51.9,51.865,51.895,4361
2019-07-18 11:45:00-04:00,51.9,51.925,51.9,51.92,7583
2019-07-18 11:50:00-04:00,51.92,51.945,51.92,51.92,6802
2019-07-18 11:55:00-04:00,51.92,51.93,51.89,51.905,7153
2019-07-18 12:00:00-04:00,51.905,51.975,51.905,51.97,5667
2019-07-18 12:05:00-04:00,51.975,51.995,51.975,51.995,4306
2019-07-18 12:10:00-04:00,51.995,52.05,51.995,52.02,6076
2019-07-18 12:15:00-04:00,52.03,52.035,52.01,52.035,4182
2019-07-18 12:20:00-04:00,52.035,52.04,52.005,52.035,7645
2019-07-18 12:25:00-04:00,52.035,52.04,52.01,52.025,6495
2019-07-18 12:30:00-04:00,52.035,52.065,52.03,52.035,11453
2019-07-18 12:35:00-04:00,52.04,52.07,52.04,52.06,4524
2019-07-18 12:40:00-04:00,52.055,52.1,52.055,52.1,5457
2019-07-18 12:45:00-04:00,52.095,52.1,52.06,52.08,11088
2019-07-18 12:50:00-04:00,52.07,52.07,52.04,52.04,2932
2019-07-18 12:55:00-04:00,52.025,52.025,52.01,52.01,5683
2019-07-18 13:00:00-04:00,52.02,52.13,52.02,52.12,5713
2019-07-18 13:05:00-04:00,52.125,52.13,52.11,52.12,4665
2019-07-18 13:10:00-04:00,52.12,52.13,52.11,52.13,4972
2019-07-18 13:15:00-04:00,52.13,52.165,52.125,52.15,9932
2019-07-18 13:20:00-04:00,52.15,52.16,52.1,52.105,4812
2019-07-18 13:25:00-04:00,52.105,52.12,52.075,52.09,4700
2019-07-18 13:30:00-04:00,52.085,52.09,52.04,52.05,10596
2019-07-18 13:35:00-04:00,52.055,52.06,52.045,52.05,3435
2019-07-18 13:40:00-04:00,52.055,52.07,52.04,52.05,3426
2019-07-18 13:45:00-04:00,52.045,52.05,52.02,52.035,6665
2019-07-18 13:50:00-04:00,52.035,52.06,52.025,52.055,5157
2019-07-18 13:55:00-04:00,52.055,52.055,52.01,52.01,1732
2019-07-18 14:00:00-04:00,52.01,52.035,52.005,52.02,7335
2019-07-18 14:05:00-04:00,52.035,52.065,52.035,52.065,5194
2019-07-18 14:10:00-04:00,52.07,52.085,52.06,52.075,4876
2019-07-18 14:15:00-04:00,52.09,52.11,52.09,52.095,12697
2019-07-18 14:20:00-04:00,52.1,52.12,52.09,52.11,28544
2019-07-18 14:25:00-04:00,52.11,52.12,52.09,52.095,21969
2019-07-18 14:30:00-04:00,52.09,52.1,52.06,52.065,17997
2019-07-18 14:35:00-04:00,52.065,52.08,52.06,52.065,19787
2019-07-18 14:40:00-04:00,52.07,52.085,52.04,52.07,20450
2019-07-18 14:45:00-04:00,52.07,52.08,52.065,52.07,14287
2019-07-18 14:50:00-04:00,52.065,52.07,52.04,52.04,8226
2019-07-18 14:55:00-04:00,52.04,52.07,52.04,52.065,13582
2019-07-18 15:00:00-04:00,52.06,52.11,52.06,52.095,53250
2019-07-18 15:05:00-04:00,52.09,52.095,52.055,52.065,15542
2019-07-18 15:10:00-04:00,52.065,52.07,52.05,52.065,11893
2019-07-18 15:15:00-04:00,52.065,52.065,52.03,52.04,15236
2019-07-18 15:20:00-04:00,52.04,52.04,51.99,51.99,5626
2019-07-18 15:25:00-04:00,51.995,52.05,51.995,52.04,21346
2019-07-18 15:30:00-04:00,52.05,52.06,52.025,52.035,17612
2019-07-18 15:35:00-04:00,52.035,52.05,52.02,52.04,23781
2019-07-18 15:40:00-04:00,52.05,52.055,52.0,52.005,37605
2019-07-18 15:45:00-04:00,52.0,52.01,51.985,52.005,28380
2019-07-18 15:50:00-04:00,52.0,52.01,51.98,52.0,63785
2019-07-18 15:55:00-04:00,52.01,52.01,51.985,52.01,137074
2019-07-19 09:30:00-04:00,52.04,52.08,51.9,51.95,4174
2019-07-19 09:35:00-04:00,51.96,52.095,51.95,52.03,4228
2019-07-19 09:40:00-04:00,52.03,52.075,52.0,52.015,5088
2019-07-19 09:45:00-04:00,52.025,52.035,51.975,52.015,6003
2019-07-19 09:50:00-04:00,52.03,52.055,52.01,52.04,6129
2019-07-19 09:55:00-04:00,52.07,52.09,52.005,52.015,11407
2019-07-19 10:00:00-04:00,52.015,52.06,51.99,52.055,20072
2019-07-19 10:05:00-04:00,52.06,52.08,51.97,51.97,14300
2019-07-19 10:10:00-04:00,51.97,51.99,51.91,51.975,5332
2019-07-19 10:15:00-04:00,51.985,52.075,51.985,52.045,4470
2019-07-19 10:20:00-04:00,52.035,52.04,51.97,51.995,9441
2019-07-19 10:25:00-04:00,51.99,52.02,51.945,51.955,5401
2019-07-19 10:30:00-04:00,51.95,51.97,51.92,51.92,2771
2019-07-19 10:35:00-04:00,51.925,51.95,51.9,51.9,2624
2019-07-19 10:40:00-04:00,51.9,51.9,51.855,51.855,2364
2019-07-19 10:45:00-04:00,51.88,51.895,51.87,51.89,2752
2019-07-19 10:50:00-04:00,51.88,51.89,51.865,51.88,4587
2019-07-19 10:55:00-04:00,51.89,51.91,51.88,51.89,4215
2019-07-19 11:00:00-04:00,51.89,51.91,51.885,51.905,6985
2019-07-19 11:05:00-04:00,51.9,51.91,51.89,51.905,5760
2019-07-19 11:10:00-04:00,51.91,51.91,51.89,51.895,4298
2019-07-19 11:15:00-04:00,51.88,51.88,51.86,51.87,3986
2019-07-19 11:20:00-04:00,51.865,51.87,51.83,51.85,2376
2019-07-19 11:25:00-04:00,51.835,51.835,51.8,51.8,1926
2019-07-19 11:30:00-04:00,51.805,51.805,51.78,51.8,5429
2019-07-19 11:35:00-04:00,51.8,51.8,51.77,51.77,7456
2019-07-19 11:40:00-04:00,51.77,51.795,51.76,51.77,3875
2019-07-19 11:45:00-04:00,51.77,51.77,51.74,51.75,7485
2019-07-19 11:50:00-04:00,51.76,51.76,51.735,51.76,11009
2019-07-19 11:55:00-04:00,51.755,51.76,51.735,51.75,4947
2019-07-19 12:00:00-04:00,51.76,51.78,51.755,51.76,12060
2019-07-19 12:05:00-04:00,51.76,51.855,51.76,51.855,5484
2019-07-19 12:10:00-04:00,51.85,51.855,51.83,51.83,5082
2019-07-19 12:15:00-04:00,51.83,51.83,51.795,51.795,3932
2019-07-19 12:20:00-04:00,51.79,51.795,51.77,51.795,1725
2019-07-19 12:25:00-04:00,51.795,51.82,51.795,51.8,4147
2019-07-19 12:30:00-04:00,51.8,51.805,51.76,51.775,3995
2019-07-19 12:35:00-04:00,51.795,51.805,51.78,51.8,2307
2019-07-19 12:40:00-04:00,51.79,51.81,51.79,51.795,7856
2019-07-19 12:45:00-04:00,51.79,51.81,51.79,51.805,2410
2019-07-19 12:50:00-04:00,51.805,51.81,51.8,51.805,3453
2019-07-19 12:55:00-04:00,51.81,51.81,51.8,51.805,3942
2019-07-19 13:00:00-04:00,51.805,51.81,51.795,51.8,7611
2019-07-19 13:05:00-04:00,51.795,51.795,51.78,51.78,2108
2019-07-19 13:10:00-04:00,51.78,51.8,51.775,51.79,3803
2019-07-19 13:15:00-04:00,51.77,51.77,51.75,51.75,1630
2019-07-19 13:20:00-04:00,51.74,51.75,51.725,51.725,2211
2019-07-19 13:25:00-04:00,51.725,51.73,51.715,51.73,2099
2019-07-19 13:30:00-04:00,51.72,51.72,51.705,51.72,16460
2019-07-19 13:35:00-04:00,51.71,51.71,51.7,51.7,1597
2019-07-19 13:40:00-04:00,51.7,51.705,51.68,51.68,2298
2019-07-19 13:45:00-04:00,51.68,51.695,51.665,51.695,3877
2019-07-19 13:50:00-04:00,51.695,51.73,51.69,51.72,3204
2019-07-19 13:55:00-04:00,51.72,51.72,51.675,51.685,3328
2019-07-19 14:00:00-04:00,51.7,51.72,51.69,51.72,2060
2019-07-19 14:05:00-04:00,51.705,51.71,51.62,51.62,2285
2019-07-19 14:10:00-04:00,51.6,51.64,51.59,51.61,1761
2019-07-19 14:15:00-04:00,51.6,51.61,51.59,51.59,1515
2019-07-19 14:20:00-04:00,51.59,51.615,51.59,51.6,1830
2019-07-19 14:25:00-04:00,51.61,51.615,51.58,51.59,1674
2019-07-19 14:30:00-04:00,51.59,51.645,51.58,51.585,2717
2019-07-19 14:35:00-04:00,51.585,51.585,51.555,51.555,8937
2019-07-19 14:40:00-04:00,51.56,51.58,51.54,51.54,14935
2019-07-19 14:45:00-04:00,51.545,51.56,51.54,51.545,4426
2019-07-19 14:50:00-04:00,51.53,51.555,51.53,51.53,2917
2019-07-19 14:55:00-04:00,51.53,51.56,51.505,51.55,5362
2019-07-19 15:00:00-04:00,51.55,51.55,51.5,51.5,6897
2019-07-19 15:05:00-04:00,51.51,51.51,51.48,51.49,5431
2019-07-19 15:10:00-04:00,51.49,51.5,51.455,51.465,4186
2019-07-19 15:15:00-04:00,51.465,51.475,51.42,51.44,6721
2019-07-19 15:20:00-04:00,51.43,51.435,51.39,51.435,7390
2019-07-19 15:25:00-04:00,51.44,51.46,51.405,51.42,7102
2019-07-19 15:30:00-04:00,51.43,51.485,51.43,51.485,11046
2019-07-19 15:35:00-04:00,51.49,51.5,51.48,51.495,9603
2019-07-19 15:40:00-04:00,51.5,51.51,51.48,51.505,14305
2019-07-19 15:45:00-04:00,51.505,51.505,51.47,51.49,16299
2019-07-19 15:50:00-04:00,51.49,51.51,51.48,51.485,26413
2019-07-19 15:55:00-04:00,51.48,51.48,51.38,51.41,100506
2019-07-22 09:30:00-04:00,51.465,51.48,51.325,51.325,24277
2019-07-22 09:35:00-04:00,51.34,51.34,51.245,51.245,3752
2019-07-22 09:40:00-04:00,51.22,51.25,51.17,51.18,3383
2019-07-22 09:45:00-04:00,51.17,51.25,51.17,51.19,8364
2019-07-22 09:50:00-04:00,51.215,51.215,51.13,51.185,15261
2019-07-22 09:55:00-04:00,51.185,51.2,51.15,51.195,42903
2019-07-22 10:00:00-04:00,51.19,51.21,51.165,51.165,21749
2019-07-22 10:05:00-04:00,51.175,51.19,51.145,51.155,20712
2019-07-22 10:10:00-04:00,51.155,51.27,51.15,51.25,18766
2019-07-22 10:15:00-04:00,51.245,51.25,51.23,51.23,13702
2019-07-22 10:20:00-04:00,51.23,51.23,51.18,51.18,6307
2019-07-22 10:25:00-04:00,51.19,51.22,51.185,51.2,12343
2019-07-22 10:30:00-04:00,51.2,51.22,51.2,51.21,25572
2019-07-22 10:35:00-04:00,51.21,51.225,51.2,51.225,20698
2019-07-22 10:40:00-04:00,51.23,51.23,51.2,51.2,14303
2019-07-22 10:45:00-04:00,51.205,51.23,51.19,51.225,10145
2019-07-22 10:50:00-04:00,51.225,51.25,51.22,51.245,19864
2019-07-22 10:55:00-04:00,51.25,51.27,51.21,51.21,16497
2019-07-22 11:00:00-04:00,51.2,51.22,51.195,51.215,8976
2019-07-22 11:05:00-04:00,51.22,51.23,51.17,51.17,23879
2019-07-22 11:10:00-04:00,51.18,51.19,51.135,51.185,8178
2019-07-22 11:15:00-04:00,51.19,51.205,51.165,51.19,6651
2019-07-22 11:20:00-04:00,51.195,51.195,51.155,51.16,4217
2019-07-22 11:25:00-04:00,51.18,51.22,51.18,51.19,4803
2019-07-22 11:30:00-04:00,51.195,51.21,51.185,51.2,7350
2019-07-22 11:35:00-04:00,51.21,51.225,51.205,51.225,10747
2019-07-22 11:40:00-04:00,51.225,51.23,51.2,51.215,7874
2019-07-22 11:45:00-04:00,51.215,51.25,51.2,51.245,55347
2019-07-22 11:50:00-04:00,51.245,51.245,51.21,51.23,7092
2019-07-22 11:55:00-04:00,51.235,51.27,51.22,51.23,3986
2019-07-22 12:00:00-04:00,51.24,51.245,51.2,51.215,3908
2019-07-22 12:05:00-04:00,51.22,51.25,51.22,51.23,3849
2019-07-22 12:10:00-04:00,51.23,51.275,51.21,51.245,5735
2019-07-22 12:15:00-04:00,51.25,51.29,51.22,51.28,35072
2019-07-22 12:20:00-04:00,51.27,51.37,51.26,51.36,8382
2019-07-22 12:25:00-04:00,51.365,51.385,51.35,51.355,9637
2019-07-22 12:30:00-04:00,51.355,51.355,51.33,51.34,4775
2019-07-22 12:35:00-04:00,51.355,51.37,51.345,51.345,10397
2019-07-22 12:40:00-04:00,51.34,51.36,51.33,51.355,3491
2019-07-22 12:45:00-04:00,51.35,51.365,51.335,51.335,4303
2019-07-22 12:50:00-04:00,51.34,51.355,51.33,51.355,8117
2019-07-22 12:55:00-04:00,51.36,51.36,51.31,51.34,11402
2019-07-22 13:00:00-04:00,51.35,51.35,51.33,51.33,24323
2019-07-22 13:05:00-04:00,51.325,51.34,51.31,51.31,4136
2019-07-22 13:10:00-04:00,51.325,51.36,51.325,51.36,2878
2019-07-22 13:15:00-04:00,51.355,51.365,51.35,51.365,2082
2019-07-22 13:20:00-04:00,51.36,51.37,51.33,51.335,5529
2019-07-22 13:25:00-04:00,51.335,51.34,51.31,51.315,5952
2019-07-22 13:30:00-04:00,51.32,51.34,51.315,51.32,4132
2019-07-22 13:35:00-04:00,51.325,51.34,51.325,51.335,2489
2019-07-22 13:40:00-04:00,51.34,51.385,51.33,51.38,4895
2019-07-22 13:45:00-04:00,51.39,51.4,51.365,51.365,5782
2019-07-22 13:50:00-04:00,51.37,51.39,51.36,51.39,6061
2019-07-22 13:55:00-04:00,51.39,51.39,51.36,51.36,4607
2019-07-22 14:00:00-04:00,51.365,51.365,51.355,51.36,3614
2019-07-22 14:05:00-04:00,51.35,51.35,51.335,51.345,4394
2019-07-22 14:10:00-04:00,51.35,51.365,51.34,51.365,3839
2019-07-22 14:15:00-04:00,51.36,51.36,51.34,51.34,5108
2019-07-22 14:20:00-04:00,51.35,51.35,51.32,51.33,5085
2019-07-22 14:25:00-04:00,51.335,51.345,51.33,51.335,3508
2019-07-22 14:30:00-04:00,51.34,51.36,51.335,51.36,6121
2019-07-22 14:35:00-04:00,51.36,51.38,51.36,51.38,7578
2019-07-22 14:40:00-04:00,51.38,51.38,51.325,51.34,8300
2019-07-22 14:45:00-04:00,51.34,51.34,51.32,51.32,39279
2019-07-22 14:50:00-04:00,51.315,51.33,51.315,51.33,4540
2019-07-22 14:55:00-04:00,51.33,51.34,51.315,51.335,6699
2019-07-22 15:00:00-04:00,51.35,51.39,51.34,51.37,16479
2019-07-22 15:05:00-04:00,51.37,51.37,51.345,51.355,8729
2019-07-22 15:10:00-04:00,51.355,51.36,51.325,51.335,5361
2019-07-22 15:15:00-04:00,51.33,51.34,51.315,51.33,9484
2019-07-22 15:20:00-04:00,51.34,51.34,51.285,51.285,7001
2019-07-22 15:25:00-04:00,51.29,51.3,51.25,51.285,7963
2019-07-22 15:30:00-04:00,51.285,51.29,51.235,51.25,14916
2019-07-22 15:35:00-04:00,51.24,51.25,51.21,51.22,12581
2019-07-22 15:40:00-04:00,51.21,51.22,51.2,51.205,24264
2019-07-22 15:45:00-04:00,51.215,51.215,51.16,51.16,25502
2019-07-22 15:50:00-04:00,51.17,51.22,51.14,51.205,39997
2019-07-22 15:55:00-04:00,51.205,51.25,51.15,51.24,115154
2019-07-23 08:05:00-04:00,52.79,52.79,52.79,52.79,100
2019-07-23 08:10:00-04:00,52.81,52.81,52.81,52.81,100
2019-07-23 08:20:00-04:00,52.94,52.94,52.94,52.94,300
2019-07-23 08:35:00-04:00,53.13,53.13,53.13,53.13,100
2019-07-23 08:50:00-04:00,53.05,53.06,53.05,53.06,400
2019-07-23 09:00:00-04:00,53.0,53.0,52.91,52.91,6720
2019-07-23 09:15:00-04:00,53.16,53.16,53.16,53.16,100
2019-07-23 09:20:00-04:00,53.21,53.25,53.14,53.19,2766
2019-07-23 09:30:00-04:00,53.36,53.58,52.76,53.025,66296
2019-07-23 09:35:00-04:00,53.02,53.53,52.97,53.47,42217
2019-07-23 09:40:00-04:00,53.45,53.88,53.43,53.86,62228
2019-07-23 09:45:00-04:00,53.89,53.92,53.58,53.68,36114
2019-07-23 09:50:00-04:00,53.67,53.79,53.48,53.535,51472
2019-07-23 09:55:00-04:00,53.57,53.65,53.42,53.65,75670
2019-07-23 10:00:00-04:00,53.65,53.815,53.58,53.735,63025
2019-07-23 10:05:00-04:00,53.74,53.88,53.74,53.82,77661
2019-07-23 10:10:00-04:00,53.825,53.88,53.815,53.865,51702
2019-07-23 10:15:00-04:00,53.865,53.89,53.76,53.8,214149
2019-07-23 10:20:00-04:00,53.795,53.88,53.77,53.87,24265
2019-07-23 10:25:00-04:00,53.865,53.88,53.81,53.83,13943
2019-07-23 10:30:00-04:00,53.83,53.855,53.78,53.815,23153
2019-07-23 10:35:00-04:00,53.82,53.88,53.78,53.86,20281
2019-07-23 10:40:00-04:00,53.855,54.135,53.82,54.135,22441
2019-07-23 10:45:00-04:00,54.14,54.22,54.035,54.22,22976
2019-07-23 10:50:00-04:00,54.21,54.215,54.09,54.14,19957
2019-07-23 10:55:00-04:00,54.15,54.17,54.13,54.15,24366
2019-07-23 11:00:00-04:00,54.15,54.15,54.01,54.025,19995
2019-07-23 11:05:00-04:00,54.025,54.05,53.95,53.995,19035
2019-07-23 11:10:00-04:00,53.99,54.06,53.96,54.055,17509
2019-07-23 11:15:00-04:00,54.065,54.14,54.065,54.075,8569
2019-07-23 11:20:00-04:00,54.06,54.06,53.83,53.875,13654
2019-07-23 11:25:00-04:00,53.87,53.87,53.74,53.785,15436
2019-07-23 11:30:00-04:00,53.785,53.8,53.69,53.76,17453
2019-07-23 11:35:00-04:00,53.79,53.89,53.78,53.89,10381
2019-07-23 11:40:00-04:00,53.89,54.0,53.88,54.0,11778
2019-07-23 11:45:00-04:00,54.05,54.21,54.035,54.18,11179
2019-07-23 11:50:00-04:00,54.18,54.27,54.165,54.245,13011
2019-07-23 11:55:00-04:00,54.235,54.275,54.14,54.165,10713
2019-07-23 12:00:00-04:00,54.17,54.29,54.17,54.25,17205
2019-07-23 12:05:00-04:00,54.24,54.305,54.23,54.265,12995
2019-07-23 12:10:00-04:00,54.26,54.27,54.21,54.265,18089
2019-07-23 12:15:00-04:00,54.265,54.28,54.22,54.27,15327
2019-07-23 12:20:00-04:00,54.26,54.275,54.22,54.255,12799
2019-07-23 12:25:00-04:00,54.255,54.28,54.17,54.17,44919
2019-07-23 12:30:00-04:00,54.175,54.2,54.155,54.18,14566
2019-07-23 12:35:00-04:00,54.17,54.19,54.16,54.165,14085
2019-07-23 12:40:00-04:00,54.17,54.175,54.12,54.165,9337
2019-07-23 12:45:00-04:00,54.165,54.22,54.145,54.22,19943
2019-07-23 12:50:00-04:00,54.225,54.25,54.19,54.25,13095
2019-07-23 12:55:00-04:00,54.245,54.27,54.22,54.26,14658
2019-07-23 13:00:00-04:00,54.255,54.255,54.21,54.23,8277
2019-07-23 13:05:00-04:00,54.23,54.26,54.18,54.18,13168
2019-07-23 13:10:00-04:00,54.17,54.265,54.15,54.23,8174
2019-07-23 13:15:00-04:00,54.22,54.28,54.22,54.27,7292
2019-07-23 13:20:00-04:00,54.27,54.27,54.18,54.185,8199
2019-07-23 13:25:00-04:00,54.19,54.19,54.1,54.135,11047
2019-07-23 13:30:00-04:00,54.12,54.18,54.11,54.17,15830
2019-07-23 13:35:00-04:00,54.175,54.19,54.15,54.17,13231
2019-07-23 13:40:00-04:00,54.165,54.24,54.14,54.23,11783
2019-07-23 13:45:00-04:00,54.235,54.245,54.19,54.225,12307
2019-07-23 13:50:00-04:00,54.23,54.235,54.185,54.205,11389
2019-07-23 13:55:00-04:00,54.2,54.22,54.2,54.215,12895
2019-07-23 14:00:00-04:00,54.22,54.23,54.13,54.145,13065
2019-07-23 14:05:00-04:00,54.14,54.19,54.12,54.125,13317
2019-07-23 14:10:00-04:00,54.125,54.15,54.06,54.08,14388
2019-07-23 14:15:00-04:00,54.1,54.12,54.075,54.085,8875
2019-07-23 14:20:00-04:00,54.095,54.17,54.095,54.11,15420
2019-07-23 14:25:00-04:00,54.12,54.21,54.11,54.2,22452
2019-07-23 14:30:00-04:00,54.21,54.21,54.175,54.205,11664
2019-07-23 14:35:00-04:00,54.205,54.28,54.2,54.28,12055
2019-07-23 14:40:00-04:00,54.28,54.34,54.27,54.3,19605
2019-07-23 14:45:00-04:00,54.31,54.49,54.305,54.48,25464
2019-07-23 14:50:00-04:00,54.48,54.59,54.41,54.515,26069
2019-07-23 14:55:00-04:00,54.51,54.615,54.48,54.61,20681
2019-07-23 15:00:00-04:00,54.615,54.63,54.41,54.47,31350
2019-07-23 15:05:00-04:00,54.465,54.58,54.445,54.51,20991
2019-07-23 15:10:00-04:00,54.51,54.53,54.48,54.495,23159
2019-07-23 15:15:00-04:00,54.495,54.57,54.475,54.475,41178
2019-07-23 15:20:00-04:00,54.48,54.51,54.45,54.455,33427
2019-07-23 15:25:00-04:00,54.45,54.46,54.4,54.41,20507
2019-07-23 15:30:00-04:00,54.415,54.53,54.38,54.53,35953
2019-07-23 15:35:00-04:00,54.52,54.52,54.335,54.375,37592
2019-07-23 15:40:00-04:00,54.375,54.43,54.33,54.425,39251
2019-07-23 15:45:00-04:00,54.42,54.425,54.36,54.39,64117
2019-07-23 15:50:00-04:00,54.38,54.43,54.35,54.395,98268
2019-07-23 15:55:00-04:00,54.39,54.45,54.335,54.34,196710
2019-07-23 16:00:00-04:00,54.23,54.23,54.23,54.23,100
2019-07-23 16:05:00-04:00,54.7,54.82,54.7,54.82,300
2019-07-24 09:25:00-04:00,54.12,54.12,54.12,54.12,200
2019-07-24 09:30:00-04:00,54.11,54.68,54.11,54.68,21594
2019-07-24 09:35:00-04:00,54.7,54.715,54.29,54.48,23714
2019-07-24 09:40:00-04:00,54.47,54.53,54.33,54.53,14056
2019-07-24 09:45:00-04:00,54.49,54.55,54.37,54.5,11217
2019-07-24 09:50:00-04:00,54.495,54.68,54.495,54.52,18419
2019-07-24 09:55:00-04:00,54.565,54.69,54.56,54.69,31075
2019-07-24 10:00:00-04:00,54.69,54.81,54.62,54.62,21242
2019-07-24 10:05:00-04:00,54.56,54.61,54.41,54.41,8063
2019-07-24 10:10:00-04:00,54.43,54.49,54.35,54.465,30893
2019-07-24 10:15:00-04:00,54.455,54.47,54.29,54.36,20923
2019-07-24 10:20:00-04:00,54.35,54.36,54.17,54.27,12182
2019-07-24 10:25:00-04:00,54.26,54.33,54.23,54.33,3912
2019-07-24 10:30:00-04:00,54.35,54.38,54.3,54.31,6590
2019-07-24 10:35:00-04:00,54.34,54.38,54.33,54.35,3739
2019-07-24 10:40:00-04:00,54.35,54.4,54.34,54.39,5374
2019-07-24 10:45:00-04:00,54.395,54.47,54.39,54.455,10397
2019-07-24 10:50:00-04:00,54.455,54.455,54.4,54.43,8055
2019-07-24 10:55:00-04:00,54.42,54.435,54.36,54.41,10600
2019-07-24 11:00:00-04:00,54.4,54.405,54.34,54.355,6638
2019-07-24 11:05:00-04:00,54.355,54.38,54.33,54.34,5241
2019-07-24 11:10:00-04:00,54.355,54.365,54.33,54.35,7680
2019-07-24 11:15:00-04:00,54.35,54.36,54.29,54.3,11515
2019-07-24 11:20:00-04:00,54.305,54.32,54.29,54.3,15599
2019-07-24 11:25:00-04:00,54.305,54.345,54.27,54.27,11708
2019-07-24 11:30:00-04:00,54.27,54.28,54.225,54.23,13311
2019-07-24 11:35:00-04:00,54.23,54.26,54.205,54.22,11950
2019-07-24 11:40:00-04:00,54.22,54.22,54.15,54.15,11526
2019-07-24 11:45:00-04:00,54.14,54.21,54.13,54.19,9724
2019-07-24 11:50:00-04:00,54.185,54.185,54.13,54.155,5836
2019-07-24 11:55:00-04:00,54.165,54.18,54.12,54.13,11544
2019-07-24 12:00:00-04:00,54.135,54.16,54.11,54.145,12519
2019-07-24 12:05:00-04:00,54.145,54.145,54.1,54.13,7690
2019-07-24 12:10:00-04:00,54.12,54.15,54.09,54.1,4973
2019-07-24 12:15:00-04:00,54.07,54.07,53.97,53.97,8748
2019-07-24 12:20:00-04:00,53.97,54.0,53.92,53.955,7852
2019-07-24 12:25:00-04:00,53.96,54.01,53.95,53.98,6714
2019-07-24 12:30:00-04:00,53.98,53.99,53.96,53.99,6435
2019-07-24 12:35:00-04:00,53.98,54.0,53.97,53.99,4808
2019-07-24 12:40:00-04:00,54.0,54.005,53.98,53.99,3619
2019-07-24 12:45:00-04:00,53.99,53.99,53.95,53.96,4107
2019-07-24 12:50:00-04:00,53.97,54.0,53.96,53.96,3240
2019-07-24 12:55:00-04:00,53.96,53.97,53.94,53.96,2444
2019-07-24 13:00:00-04:00,53.96,53.99,53.95,53.99,7526
2019-07-24 13:05:00-04:00,54.0,54.0,53.96,53.98,8141
2019-07-24 13:10:00-04:00,53.98,53.99,53.97,53.98,4911
2019-07-24 13:15:00-04:00,53.98,53.98,53.91,53.91,6309
2019-07-24 13:20:00-04:00,53.91,53.91,53.87,53.87,2443
2019-07-24 13:25:00-04:00,53.88,53.94,53.875,53.91,5811
2019-07-24 13:30:00-04:00,53.91,53.915,53.89,53.91,19079
2019-07-24 13:35:00-04:00,53.92,53.98,53.92,53.97,3526
2019-07-24 13:40:00-04:00,53.99,53.99,53.96,53.98,8669
2019-07-24 13:45:00-04:00,53.97,53.97,53.92,53.93,3836
2019-07-24 13:50:00-04:00,53.92,53.92,53.89,53.895,4121
2019-07-24 13:55:00-04:00,53.9,53.9,53.88,53.89,2277
2019-07-24 14:00:00-04:00,53.89,53.93,53.89,53.92,104141
2019-07-24 14:05:00-04:00,53.92,53.93,53.89,53.91,4707
2019-07-24 14:10:00-04:00,53.91,53.93,53.905,53.92,2297
2019-07-24 14:15:00-04:00,53.92,53.925,53.91,53.92,2809
2019-07-24 14:20:00-04:00,53.92,53.925,53.9,53.91,4424
2019-07-24 14:25:00-04:00,53.91,53.93,53.9,53.905,3912
2019-07-24 14:30:00-04:00,53.91,53.935,53.8,53.8,9380
2019-07-24 14:35:00-04:00,53.795,53.83,53.76,53.76,2244
2019-07-24 14:40:00-04:00,53.77,53.825,53.77,53.8,3853
2019-07-24 14:45:00-04:00,53.79,53.79,53.75,53.75,2387
2019-07-24 14:50:00-04:00,53.74,53.77,53.73,53.75,5680
2019-07-24 14:55:00-04:00,53.75,53.78,53.74,53.75,705034
2019-07-24 15:00:00-04:00,53.75,53.775,53.75,53.775,3210
2019-07-24 15:05:00-04:00,53.78,53.81,53.78,53.79,707488
2019-07-24 15:10:00-04:00,53.8,53.8,53.76,53.77,9287
2019-07-24 15:15:00-04:00,53.77,53.79,53.73,53.73,7434
2019-07-24 15:20:00-04:00,53.73,53.775,53.73,53.76,6341
2019-07-24 15:25:00-04:00,53.75,53.77,53.74,53.74,1207526
2019-07-24 15:30:00-04:00,53.745,53.745,53.65,53.66,11255
2019-07-24 15:35:00-04:00,53.655,53.66,53.62,53.64,11871
2019-07-24 15:40:00-04:00,53.64,53.705,53.64,53.675,14039
2019-07-24 15:45:00-04:00,53.675,53.7,53.66,53.68,237925
2019-07-24 15:50:00-04:00,53.67,53.79,53.66,53.79,51316
2019-07-24 15:55:00-04:00,53.8,53.8,53.71,53.77,122598
2019-07-24 16:00:00-04:00,53.69,53.69,53.69,53.69,100
2019-07-25 09:30:00-04:00,53.62,53.785,53.525,53.525,8714
2019-07-25 09:35:00-04:00,53.525,53.55,53.45,53.54,12361
2019-07-25 09:40:00-04:00,53.59,53.61,53.52,53.54,5263
2019-07-25 09:45:00-04:00,53.52,53.52,53.42,53.5,10214
2019-07-25 09:50:00-04:00,53.49,53.55,53.435,53.435,10657
2019-07-25 09:55:00-04:00,53.44,53.46,53.36,53.37,18951
2019-07-25 10:00:00-04:00,53.365,53.37,53.32,53.34,12017
2019-07-25 10:05:00-04:00,53.35,53.36,53.19,53.19,12229
2019-07-25 10:10:00-04:00,53.185,53.25,53.16,53.25,14134
2019-07-25 10:15:00-04:00,53.24,53.28,53.2,53.235,12757
2019-07-25 10:20:00-04:00,53.23,53.23,53.13,53.13,7974
2019-07-25 10:25:00-04:00,53.15,53.22,53.12,53.21,11963
2019-07-25 10:30:00-04:00,53.21,53.21,53.1,53.12,10382
2019-07-25 10:35:00-04:00,53.14,53.205,53.1,53.195,13612
2019-07-25 10:40:00-04:00,53.21,53.22,53.17,53.175,15603
2019-07-25 10:45:00-04:00,53.18,53.255,53.15,53.25,21855
2019-07-25 10:50:00-04:00,53.27,53.29,53.215,53.215,17047
2019-07-25 10:55:00-04:00,53.21,53.22,53.16,53.18,17867
2019-07-25 11:00:00-04:00,53.185,53.19,53.165,53.17,41650
2019-07-25 11:05:00-04:00,53.175,53.25,53.17,53.24,25091
2019-07-25 11:10:00-04:00,53.23,53.235,53.18,53.19,9711
2019-07-25 11:15:00-04:00,53.19,53.26,53.175,53.19,21888
2019-07-25 11:20:00-04:00,53.185,53.24,53.18,53.24,27860
2019-07-25 11:25:00-04:00,53.235,53.3,53.215,53.3,20337
2019-07-25 11:30:00-04:00,53.295,53.33,53.28,53.28,21781
2019-07-25 11:35:00-04:00,53.28,53.32,53.25,53.26,24950
2019-07-25 11:40:00-04:00,53.255,53.27,53.24,53.26,12142
2019-07-25 11:45:00-04:00,53.26,53.28,53.23,53.245,16223
2019-07-25 11:50:00-04:00,53.24,53.24,53.165,53.17,11112
2019-07-25 11:55:00-04:00,53.17,53.17,53.14,53.14,13357
2019-07-25 12:00:00-04:00,53.15,53.16,53.115,53.115,7322
2019-07-25 12:05:00-04:00,53.12,53.155,53.11,53.11,6416
2019-07-25 12:10:00-04:00,53.11,53.11,53.065,53.065,7255
2019-07-25 12:15:00-04:00,53.07,53.09,53.045,53.05,11600
2019-07-25 12:20:00-04:00,53.045,53.045,52.99,52.99,6835
2019-07-25 12:25:00-04:00,53.0,53.0,52.96,52.96,6651
2019-07-25 12:30:00-04:00,52.96,52.96,52.925,52.925,4507
2019-07-25 12:35:00-04:00,52.92,52.97,52.89,52.9,9819
2019-07-25 12:40:00-04:00,52.89,52.89,52.855,52.89,7500
2019-07-25 12:45:00-04:00,52.88,52.94,52.87,52.91,13097
2019-07-25 12:50:00-04:00,52.91,52.94,52.89,52.905,15461
2019-07-25 12:55:00-04:00,52.91,52.94,52.91,52.93,7777
2019-07-25 13:00:00-04:00,52.925,52.93,52.87,52.87,9405
2019-07-25 13:05:00-04:00,52.865,52.91,52.86,52.88,8460
2019-07-25 13:10:00-04:00,52.87,52.875,52.79,52.79,7863
2019-07-25 13:15:00-04:00,52.785,52.92,52.785,52.895,14238
2019-07-25 13:20:00-04:00,52.885,52.89,52.83,52.85,6359
2019-07-25 13:25:00-04:00,52.85,52.89,52.845,52.86,8729
2019-07-25 13:30:00-04:00,52.86,52.87,52.72,52.72,25888
2019-07-25 13:35:00-04:00,52.725,52.81,52.725,52.78,10468
2019-07-25 13:40:00-04:00,52.77,52.86,52.77,52.86,11192
2019-07-25 13:45:00-04:00,52.855,52.86,52.8,52.805,13800
2019-07-25 13:50:00-04:00,52.805,52.845,52.805,52.815,10520
2019-07-25 13:55:00-04:00,52.82,52.83,52.775,52.815,9219
2019-07-25 14:00:00-04:00,52.82,52.91,52.8,52.905,7508
2019-07-25 14:05:00-04:00,52.9,52.98,52.88,52.98,7885
2019-07-25 14:10:00-04:00,52.98,53.0,52.955,52.965,8437
2019-07-25 14:15:00-04:00,52.97,52.97,52.935,52.965,9144
2019-07-25 14:20:00-04:00,52.95,53.03,52.94,53.03,10016
2019-07-25 14:25:00-04:00,53.035,53.08,53.03,53.07,10447
2019-07-25 14:30:00-04:00,53.07,53.1,53.06,53.06,10158
2019-07-25 14:35:00-04:00,53.06,53.075,53.02,53.055,9128
2019-07-25 14:40:00-04:00,53.05,53.065,53.03,53.05,7358
2019-07-25 14:45:00-04:00,53.06,53.07,53.01,53.05,9623
2019-07-25 14:50:00-04:00,53.05,53.08,52.99,53.0,9776
2019-07-25 14:55:00-04:00,52.995,53.005,52.94,52.97,11324
2019-07-25 15:00:00-04:00,52.95,52.99,52.915,52.915,9266
2019-07-25 15:05:00-04:00,52.92,52.93,52.9,52.9,12997
2019-07-25 15:10:00-04:00,52.905,52.96,52.905,52.93,14609
2019-07-25 15:15:00-04:00,52.94,52.985,52.92,52.98,14482
2019-07-25 15:20:00-04:00,52.99,53.02,52.965,52.985,14366
2019-07-25 15:25:00-04:00,52.99,53.035,52.99,53.01,13697
2019-07-25 15:30:00-04:00,53.0,53.04,52.99,52.99,16864
2019-07-25 15:35:00-04:00,52.99,53.07,52.97,53.07,16449
2019-07-25 15:40:00-04:00,53.065,53.12,53.04,53.1,24713
2019-07-25 15:45:00-04:00,53.1,53.115,53.07,53.09,33508
2019-07-25 15:50:00-04:00,53.08,53.13,53.07,53.105,80064
2019-07-25 15:55:00-04:00,53.1,53.1,53.01,53.1,124079
2019-07-26 09:30:00-04:00,53.26,53.44,53.24,53.36,20548
2019-07-26 09:35:00-04:00,53.37,53.56,53.37,53.56,4807
2019-07-26 09:40:00-04:00,53.57,53.71,53.57,53.71,5353
2019-07-26 09:45:00-04:00,53.71,53.71,53.63,53.65,5938
2019-07-26 09:50:00-04:00,53.685,53.78,53.685,53.77,4258
2019-07-26 09:55:00-04:00,53.79,53.82,53.74,53.82,6168
2019-07-26 10:00:00-04:00,53.82,53.82,53.745,53.75,9451
2019-07-26 10:05:00-04:00,53.75,53.835,53.75,53.83,6447
2019-07-26 10:10:00-04:00,53.85,53.92,53.815,53.92,11651
2019-07-26 10:15:00-04:00,53.92,53.955,53.91,53.95,5923
2019-07-26 10:20:00-04:00,53.95,54.0,53.93,53.94,11185
2019-07-26 10:25:00-04:00,53.94,53.94,53.87,53.93,7269
2019-07-26 10:30:00-04:00,53.96,54.07,53.96,54.02,15537
2019-07-26 10:35:00-04:00,54.02,54.07,53.985,54.06,7490
2019-07-26 10:40:00-04:00,54.06,54.095,54.04,54.055,12699
2019-07-26 10:45:00-04:00,54.05,54.075,53.99,53.99,9753
2019-07-26 10:50:00-04:00,53.99,54.03,53.99,54.0,8325
2019-07-26 10:55:00-04:00,54.0,54.01,53.97,53.97,8006
2019-07-26 11:00:00-04:00,53.97,53.98,53.91,53.915,10631
2019-07-26 11:05:00-04:00,53.935,54.045,53.915,54.045,15266
2019-07-26 11:10:00-04:00,54.05,54.065,54.03,54.035,13971
2019-07-26 11:15:00-04:00,54.035,54.045,53.985,53.985,8997
2019-07-26 11:20:00-04:00,53.985,54.0,53.95,53.955,16257
2019-07-26 11:25:00-04:00,53.955,53.975,53.95,53.975,13652
2019-07-26 11:30:00-04:00,53.97,54.05,53.96,54.04,7604
2019-07-26 11:35:00-04:00,54.04,54.095,54.025,54.075,6908
2019-07-26 11:40:00-04:00,54.075,54.075,54.015,54.015,9532
2019-07-26 11:45:00-04:00,54.015,54.035,53.995,54.03,8665
2019-07-26 11:50:00-04:00,54.03,54.04,54.01,54.03,5448
2019-07-26 11:55:00-04:00,54.05,54.065,54.04,54.05,9201
2019-07-26 12:00:00-04:00,54.055,54.07,54.02,54.07,8271
2019-07-26 12:05:00-04:00,54.075,54.115,54.07,54.09,7075
2019-07-26 12:10:00-04:00,54.11,54.205,54.11,54.2,8069
2019-07-26 12:15:00-04:00,54.2,54.255,54.19,54.24,4616
2019-07-26 12:20:00-04:00,54.25,54.28,54.245,54.27,8381
2019-07-26 12:25:00-04:00,54.27,54.28,54.22,54.235,8463
2019-07-26 12:30:00-04:00,54.25,54.3,54.25,54.26,8349
2019-07-26 12:35:00-04:00,54.27,54.275,54.25,54.25,9020
2019-07-26 12:40:00-04:00,54.25,54.28,54.25,54.265,2854
2019-07-26 12:45:00-04:00,54.27,54.28,54.265,54.275,8148
2019-07-26 12:50:00-04:00,54.27,54.275,54.12,54.125,9629
2019-07-26 12:55:00-04:00,54.12,54.15,54.11,54.15,5615
2019-07-26 13:00:00-04:00,54.15,54.155,54.135,54.15,4693
2019-07-26 13:05:00-04:00,54.15,54.155,54.05,54.055,7000
2019-07-26 13:10:00-04:00,54.045,54.06,54.035,54.055,3714
2019-07-26 13:15:00-04:00,54.06,54.07,54.04,54.06,4266
2019-07-26 13:20:00-04:00,54.06,54.09,54.055,54.09,3293
2019-07-26 13:25:00-04:00,54.105,54.14,54.08,54.14,8828
2019-07-26 13:30:00-04:00,54.15,54.16,54.12,54.16,22817
2019-07-26 13:35:00-04:00,54.16,54.16,54.12,54.12,5062
2019-07-26 13:40:00-04:00,54.14,54.16,54.13,54.16,4063
2019-07-26 13:45:00-04:00,54.16,54.165,54.11,54.11,3586
2019-07-26 13:50:00-04:00,54.11,54.135,54.095,54.115,4533
2019-07-26 13:55:00-04:00,54.11,54.12,54.065,54.065,4567
2019-07-26 14:00:00-04:00,54.07,54.07,54.005,54.02,5134
2019-07-26 14:05:00-04:00,54.02,54.02,53.995,54.0,3707
2019-07-26 14:10:00-04:00,54.0,54.0,53.98,53.985,2956
2019-07-26 14:15:00-04:00,53.98,53.995,53.96,53.965,3640
2019-07-26 14:20:00-04:00,53.96,53.99,53.96,53.99,3485
2019-07-26 14:25:00-04:00,54.0,54.01,53.99,54.01,3218
2019-07-26 14:30:00-04:00,54.01,54.01,53.98,54.0,5363
2019-07-26 14:35:00-04:00,53.99,54.02,53.99,54.0,6279
2019-07-26 14:40:00-04:00,54.0,54.01,53.995,54.0,3705
2019-07-26 14:45:00-04:00,54.01,54.02,53.98,54.0,9497
2019-07-26 14:50:00-04:00,53.995,54.045,53.995,54.045,6516
2019-07-26 14:55:00-04:00,54.05,54.08,54.05,54.07,3528
2019-07-26 15:00:00-04:00,54.07,54.07,54.045,54.045,7629
2019-07-26 15:05:00-04:00,54.055,54.065,54.05,54.055,12582
2019-07-26 15:10:00-04:00,54.06,54.09,54.055,54.085,4697
2019-07-26 15:15:00-04:00,54.09,54.095,54.075,54.08,7512
2019-07-26 15:20:00-04:00,54.08,54.13,54.08,54.13,4001
2019-07-26 15:25:00-04:00,54.13,54.16,54.13,54.155,8673
2019-07-26 15:30:00-04:00,54.16,54.19,54.16,54.175,14152
2019-07-26 15:35:00-04:00,54.17,54.21,54.17,54.19,11139
2019-07-26 15:40:00-04:00,54.18,54.19,54.15,54.16,14110
2019-07-26 15:45:00-04:00,54.16,54.18,54.14,54.18,23731
2019-07-26 15:50:00-04:00,54.18,54.22,54.17,54.17,32872
2019-07-26 15:55:00-04:00,54.18,54.2,54.145,54.17,79083
2019-07-29 09:30:00-04:00,54.15,54.24,54.11,54.18,9640
2019-07-29 09:35:00-04:00,54.16,54.25,54.14,54.22,4393
2019-07-29 09:40:00-04:00,54.22,54.29,54.22,54.24,3110
2019-07-29 09:45:00-04:00,54.205,54.265,54.2,54.24,5537
2019-07-29 09:50:00-04:00,54.25,54.27,54.16,54.16,6825
2019-07-29 09:55:00-04:00,54.16,54.2,54.1,54.11,7757
2019-07-29 10:00:00-04:00,54.11,54.11,54.0,54.01,8102
2019-07-29 10:05:00-04:00,54.01,54.1,53.995,54.09,11426
2019-07-29 10:10:00-04:00,54.08,54.145,54.07,54.145,4974
2019-07-29 10:15:00-04:00,54.15,54.19,54.07,54.075,5806
2019-07-29 10:20:00-04:00,54.065,54.09,54.05,54.055,5058
2019-07-29 10:25:00-04:00,54.05,54.05,54.02,54.02,4744
2019-07-29 10:30:00-04:00,54.03,54.045,54.02,54.025,5248
2019-07-29 10:35:00-04:00,54.015,54.02,54.0,54.005,3574
2019-07-29 10:40:00-04:00,54.0,54.01,53.985,53.995,4398
2019-07-29 10:45:00-04:00,54.02,54.03,53.985,53.995,4506
2019-07-29 10:50:00-04:00,53.985,53.99,53.945,53.945,2793
2019-07-29 10:55:00-04:00,53.945,53.965,53.925,53.93,5040
2019-07-29 11:00:00-04:00,53.94,53.94,53.915,53.915,5046
2019-07-29 11:05:00-04:00,53.92,53.95,53.905,53.91,7347
2019-07-29 11:10:00-04:00,53.91,53.95,53.91,53.93,4081
2019-07-29 11:15:00-04:00,53.945,53.975,53.93,53.975,1810
2019-07-29 11:20:00-04:00,53.98,53.98,53.95,53.95,2860
2019-07-29 11:25:00-04:00,53.95,53.96,53.94,53.955,4665
2019-07-29 11:30:00-04:00,53.955,53.97,53.93,53.97,4603
2019-07-29 11:35:00-04:00,53.98,54.005,53.975,54.005,2875
2019-07-29 11:40:00-04:00,54.0,54.08,54.0,54.07,2162
2019-07-29 11:45:00-04:00,54.08,54.1,54.06,54.1,5017
2019-07-29 11:50:00-04:00,54.1,54.145,54.1,54.12,2319
2019-07-29 11:55:00-04:00,54.11,54.11,54.11,54.11,400
2019-07-29 12:00:00-04:00,54.1,54.155,54.09,54.155,1965
2019-07-29 12:05:00-04:00,54.175,54.19,54.15,54.16,4173
2019-07-29 12:10:00-04:00,54.16,54.175,54.155,54.16,1372
2019-07-29 12:15:00-04:00,54.15,54.15,54.12,54.13,2190
2019-07-29 12:20:00-04:00,54.14,54.14,54.085,54.085,3001
2019-07-29 12:25:00-04:00,54.08,54.1,54.08,54.1,6799
2019-07-29 12:30:00-04:00,54.09,54.1,54.08,54.08,1993
2019-07-29 12:35:00-04:00,54.08,54.1,54.08,54.08,900
2019-07-29 12:40:00-04:00,54.07,54.08,54.04,54.04,1757
2019-07-29 12:45:00-04:00,54.045,54.065,54.03,54.04,3773
2019-07-29 12:50:00-04:00,54.04,54.06,54.04,54.05,2820
2019-07-29 12:55:00-04:00,54.05,54.055,54.035,54.035,5928
2019-07-29 13:00:00-04:00,54.03,54.05,54.02,54.05,3787
2019-07-29 13:05:00-04:00,54.055,54.055,54.04,54.04,1950
2019-07-29 13:10:00-04:00,54.04,54.04,54.01,54.02,2195
2019-07-29 13:15:00-04:00,54.03,54.055,54.03,54.04,2400
2019-07-29 13:20:00-04:00,54.05,54.05,54.035,54.045,1549
2019-07-29 13:25:00-04:00,54.04,54.04,54.01,54.01,1317
2019-07-29 13:30:00-04:00,54.01,54.02,54.01,54.015,3168
2019-07-29 13:35:00-04:00,54.02,54.035,54.015,54.035,1268
2019-07-29 13:40:00-04:00,54.05,54.05,54.04,54.04,1930
2019-07-29 13:45:00-04:00,54.05,54.065,54.04,54.06,5444
2019-07-29 13:50:00-04:00,54.05,54.055,54.01,54.01,1513
2019-07-29 13:55:00-04:00,54.01,54.02,53.965,53.965,4990
2019-07-29 14:00:00-04:00,53.975,53.98,53.96,53.97,9376
2019-07-29 14:05:00-04:00,53.97,54.0,53.97,53.99,6206
2019-07-29 14:10:00-04:00,53.99,54.01,53.99,53.99,4684
2019-07-29 14:15:00-04:00,54.0,54.005,53.955,53.955,3907
2019-07-29 14:20:00-04:00,53.975,53.995,53.97,53.99,3064
2019-07-29 14:25:00-04:00,53.99,54.01,53.985,54.005,4020
2019-07-29 14:30:00-04:00,54.0,54.01,53.97,53.98,5686
2019-07-29 14:35:00-04:00,53.97,53.99,53.97,53.97,7147
2019-07-29 14:40:00-04:00,53.97,53.98,53.94,53.945,3831
2019-07-29 14:45:00-04:00,53.945,53.98,53.945,53.98,3186
2019-07-29 14:50:00-04:00,53.99,53.995,53.98,53.99,6077
2019-07-29 14:55:00-04:00,53.98,54.0,53.98,54.0,5813
2019-07-29 15:00:00-04:00,54.0,54.025,53.995,54.0,10280
2019-07-29 15:05:00-04:00,54.0,54.015,53.985,54.0,7128
2019-07-29 15:10:00-04:00,54.0,54.0,53.955,53.955,6599
2019-07-29 15:15:00-04:00,53.96,53.99,53.96,53.99,6064
2019-07-29 15:20:00-04:00,53.99,53.99,53.96,53.98,12706
2019-07-29 15:25:00-04:00,53.99,53.99,53.97,53.97,11498
2019-07-29 15:30:00-04:00,53.975,54.0,53.97,53.99,10303
2019-07-29 15:35:00-04:00,53.99,54.04,53.99,54.04,13516
2019-07-29 15:40:00-04:00,54.04,54.055,54.03,54.04,9307
2019-07-29 15:45:00-04:00,54.035,54.04,54.02,54.03,13547
2019-07-29 15:50:00-04:00,54.03,54.05,53.96,53.96,33007
2019-07-29 15:55:00-04:00,53.97,54.0,53.945,53.99,60358
2019-07-30 09:30:00-04:00,53.95,54.09,53.92,54.08,7710
2019-07-30 09:35:00-04:00,54.08,54.1,54.0,54.05,6879
2019-07-30 09:40:00-04:00,54.055,54.09,53.98,54.07,5012
2019-07-30 09:45:00-04:00,54.08,54.14,54.08,54.11,6980
2019-07-30 09:50:00-04:00,54.12,54.18,54.12,54.175,4553
2019-07-30 09:55:00-04:00,54.18,54.27,54.16,54.25,5414
2019-07-30 10:00:00-04:00,54.25,54.3,54.23,54.28,7259
2019-07-30 10:05:00-04:00,54.275,54.3,54.255,54.28,10027
2019-07-30 10:10:00-04:00,54.27,54.29,54.205,54.23,13119
2019-07-30 10:15:00-04:00,54.24,54.29,54.24,54.25,5703
2019-07-30 10:20:00-04:00,54.255,54.27,54.17,54.17,7673
2019-07-30 10:25:00-04:00,54.175,54.24,54.175,54.235,2500
2019-07-30 10:30:00-04:00,54.23,54.23,54.175,54.175,3309
2019-07-30 10:35:00-04:00,54.17,54.17,54.095,54.115,3011
2019-07-30 10:40:00-04:00,54.11,54.12,54.03,54.06,9165
2019-07-30 10:45:00-04:00,54.055,54.09,54.04,54.04,9948
2019-07-30 10:50:00-04:00,54.04,54.175,54.04,54.175,4354
2019-07-30 10:55:00-04:00,54.17,54.19,54.16,54.175,4968
2019-07-30 11:00:00-04:00,54.17,54.21,54.165,54.21,4682
2019-07-30 11:05:00-04:00,54.215,54.215,54.19,54.2,5144
2019-07-30 11:10:00-04:00,54.2,54.225,54.2,54.21,6336
2019-07-30 11:15:00-04:00,54.22,54.22,54.14,54.14,4460
2019-07-30 11:20:00-04:00,54.14,54.14,54.065,54.065,3029
2019-07-30 11:25:00-04:00,54.05,54.075,54.045,54.05,3232
2019-07-30 11:30:00-04:00,54.05,54.085,54.035,54.05,3351
2019-07-30 11:35:00-04:00,54.04,54.05,54.02,54.02,2620
2019-07-30 11:40:00-04:00,54.02,54.03,54.0,54.01,3893
2019-07-30 11:45:00-04:00,54.0,54.04,54.0,54.02,6300
2019-07-30 11:50:00-04:00,54.02,54.02,53.99,53.99,2824
2019-07-30 11:55:00-04:00,53.99,53.99,53.93,53.97,3613
2019-07-30 12:00:00-04:00,53.98,54.005,53.98,54.005,1897
2019-07-30 12:05:00-04:00,54.025,54.04,54.02,54.04,3825
2019-07-30 12:10:00-04:00,54.04,54.09,54.04,54.07,3940
2019-07-30 12:15:00-04:00,54.07,54.08,54.045,54.06,2508
2019-07-30 12:20:00-04:00,54.065,54.065,54.02,54.04,4287
2019-07-30 12:25:00-04:00,54.03,54.06,53.99,54.0,5698
2019-07-30 12:30:00-04:00,54.015,54.03,54.0,54.0,2500
2019-07-30 12:35:00-04:00,54.01,54.025,54.0,54.02,2067
2019-07-30 12:40:00-04:00,54.03,54.05,54.005,54.03,4597
2019-07-30 12:45:00-04:00,54.03,54.03,53.82,53.84,17256
2019-07-30 12:50:00-04:00,53.845,53.895,53.83,53.835,8937
2019-07-30 12:55:00-04:00,53.835,53.835,53.78,53.8,5551
2019-07-30 13:00:00-04:00,53.805,53.83,53.79,53.82,3192
2019-07-30 13:05:00-04:00,53.82,53.84,53.805,53.84,4910
2019-07-30 13:10:00-04:00,53.835,53.835,53.8,53.81,6213
2019-07-30 13:15:00-04:00,53.77,53.785,53.755,53.755,3922
2019-07-30 13:20:00-04:00,53.75,53.75,53.695,53.7,4877
2019-07-30 13:25:00-04:00,53.695,53.7,53.67,53.69,4227
2019-07-30 13:30:00-04:00,53.7,53.73,53.7,53.7,13890
2019-07-30 13:35:00-04:00,53.69,53.69,53.64,53.655,3038
2019-07-30 13:40:00-04:00,53.655,53.655,53.57,53.575,6778
2019-07-30 13:45:00-04:00,53.58,53.625,53.57,53.62,6165
2019-07-30 13:50:00-04:00,53.63,53.67,53.63,53.67,2945
2019-07-30 13:55:00-04:00,53.665,53.685,53.66,53.68,2599
2019-07-30 14:00:00-04:00,53.68,53.78,53.68,53.78,12400
2019-07-30 14:05:00-04:00,53.785,53.8,53.76,53.785,4048
2019-07-30 14:10:00-04:00,53.79,53.81,53.78,53.81,2429
2019-07-30 14:15:00-04:00,53.81,53.81,53.775,53.775,3739
2019-07-30 14:20:00-04:00,53.775,53.8,53.77,53.795,2763
2019-07-30 14:25:00-04:00,53.81,53.81,53.765,53.78,3649
2019-07-30 14:30:00-04:00,53.785,53.8,53.76,53.76,3700
2019-07-30 14:35:00-04:00,53.77,53.77,53.735,53.75,3132
2019-07-30 14:40:00-04:00,53.74,53.75,53.725,53.75,4129
2019-07-30 14:45:00-04:00,53.75,53.75,53.725,53.75,4016
2019-07-30 14:50:00-04:00,53.75,53.755,53.725,53.73,3137
2019-07-30 14:55:00-04:00,53.725,53.74,53.71,53.735,3775
2019-07-30 15:00:00-04:00,53.74,53.77,53.72,53.72,7162
2019-07-30 15:05:00-04:00,53.725,53.725,53.69,53.7,5314
2019-07-30 15:10:00-04:00,53.7,53.715,53.695,53.71,6579
2019-07-30 15:15:00-04:00,53.715,53.715,53.67,53.705,9983
2019-07-30 15:20:00-04:00,53.705,53.71,53.66,53.66,5204
2019-07-30 15:25:00-04:00,53.65,53.66,53.62,53.62,9342
2019-07-30 15:30:00-04:00,53.62,53.66,53.62,53.66,10875
2019-07-30 15:35:00-04:00,53.65,53.66,53.61,53.63,11541
2019-07-30 15:40:00-04:00,53.63,53.65,53.6,53.6,7890
2019-07-30 15:45:00-04:00,53.6,53.685,53.6,53.68,17419
2019-07-30 15:50:00-04:00,53.68,53.7,53.63,53.635,21478
2019-07-30 15:55:00-04:00,53.63,53.715,53.58,53.715,71518
2019-07-30 16:00:00-04:00,53.72,53.72,53.72,53.72,1051
2019-07-31 09:30:00-04:00,53.51,53.51,53.34,53.36,6078
2019-07-31 09:35:00-04:00,53.35,53.4,53.3,53.4,2745
2019-07-31 09:40:00-04:00,53.4,53.4,53.26,53.26,3489
2019-07-31 09:45:00-04:00,53.26,53.385,53.23,53.385,15954
2019-07-31 09:50:00-04:00,53.39,53.41,53.275,53.275,5232
2019-07-31 09:55:00-04:00,53.265,53.305,53.23,53.255,5296
2019-07-31 10:00:00-04:00,53.26,53.34,53.26,53.265,8109
2019-07-31 10:05:00-04:00,53.265,53.275,53.17,53.185,8809
2019-07-31 10:10:00-04:00,53.18,53.26,53.155,53.24,9248
2019-07-31 10:15:00-04:00,53.235,53.27,53.23,53.255,8274
2019-07-31 10:20:00-04:00,53.255,53.31,53.255,53.3,9149
2019-07-31 10:25:00-04:00,53.31,53.34,53.28,53.3,5772
2019-07-31 10:30:00-04:00,53.3,53.3,53.23,53.29,4769
2019-07-31 10:35:00-04:00,53.27,53.33,53.19,53.19,7714
2019-07-31 10:40:00-04:00,53.19,53.195,53.11,53.11,15912
2019-07-31 10:45:00-04:00,53.12,53.17,53.12,53.14,5585
2019-07-31 10:50:00-04:00,53.14,53.145,53.08,53.08,4577
2019-07-31 10:55:00-04:00,53.08,53.08,53.035,53.05,9380
2019-07-31 11:00:00-04:00,53.045,53.08,53.015,53.015,9565
2019-07-31 11:05:00-04:00,53.015,53.05,53.01,53.03,15181
2019-07-31 11:10:00-04:00,53.04,53.06,53.01,53.015,24398
2019-07-31 11:15:00-04:00,53.02,53.02,52.95,53.0,7932
2019-07-31 11:20:00-04:00,52.99,53.04,52.985,53.03,16020
2019-07-31 11:25:00-04:00,53.03,53.03,52.93,52.94,7808
2019-07-31 11:30:00-04:00,52.94,52.945,52.8,52.8,7494
2019-07-31 11:35:00-04:00,52.82,52.85,52.78,52.85,5984
2019-07-31 11:40:00-04:00,52.88,52.92,52.845,52.905,15018
2019-07-31 11:45:00-04:00,52.905,52.91,52.87,52.91,4949
2019-07-31 11:50:00-04:00,52.91,52.97,52.91,52.965,11534
2019-07-31 11:55:00-04:00,52.965,53.01,52.965,52.975,6369
2019-07-31 12:00:00-04:00,52.97,53.0,52.95,52.96,4639
2019-07-31 12:05:00-04:00,52.95,52.98,52.945,52.97,4901
2019-07-31 12:10:00-04:00,52.98,52.98,52.92,52.93,5723
2019-07-31 12:15:00-04:00,52.96,53.01,52.96,53.01,4448
2019-07-31 12:20:00-04:00,53.01,53.01,52.98,52.99,3501
2019-07-31 12:25:00-04:00,52.985,53.005,52.975,52.99,2242
2019-07-31 12:30:00-04:00,52.99,53.0,52.97,52.97,6528
2019-07-31 12:35:00-04:00,52.97,52.99,52.965,52.98,7721
2019-07-31 12:40:00-04:00,52.98,52.99,52.965,52.99,7348
2019-07-31 12:45:00-04:00,52.995,53.025,52.99,52.99,7701
2019-07-31 12:50:00-04:00,52.995,53.0,52.97,52.98,2765
2019-07-31 12:55:00-04:00,52.98,52.98,52.95,52.96,5621
2019-07-31 13:00:00-04:00,52.95,52.98,52.94,52.975,4658
2019-07-31 13:05:00-04:00,52.965,53.0,52.96,52.96,2556
2019-07-31 13:10:00-04:00,52.97,52.99,52.97,52.97,3185
2019-07-31 13:15:00-04:00,52.96,52.97,52.95,52.965,5866
2019-07-31 13:20:00-04:00,52.96,52.99,52.95,52.97,3873
2019-07-31 13:25:00-04:00,52.975,52.98,52.96,52.97,4424
2019-07-31 13:30:00-04:00,52.97,53.04,52.97,53.01,50952
2019-07-31 13:35:00-04:00,53.015,53.015,52.98,52.98,7168
2019-07-31 13:40:00-04:00,52.99,53.01,52.985,53.005,6434
2019-07-31 13:45:00-04:00,52.98,52.985,52.96,52.965,2619
2019-07-31 13:50:00-04:00,52.97,52.975,52.95,52.96,3767
2019-07-31 13:55:00-04:00,52.96,53.07,52.96,53.05,9636
2019-07-31 14:00:00-04:00,53.01,53.01,52.73,52.8,5033
2019-07-31 14:05:00-04:00,52.81,52.86,52.76,52.76,3330
2019-07-31 14:10:00-04:00,52.75,52.85,52.75,52.815,6733
2019-07-31 14:15:00-04:00,52.805,52.82,52.75,52.81,4838
2019-07-31 14:20:00-04:00,52.805,52.82,52.76,52.78,9443
2019-07-31 14:25:00-04:00,52.8,52.91,52.8,52.89,8064
2019-07-31 14:30:00-04:00,52.89,52.94,52.89,52.91,6060
2019-07-31 14:35:00-04:00,52.91,52.915,52.74,52.75,14588
2019-07-31 14:40:00-04:00,52.76,52.76,52.625,52.65,8553
2019-07-31 14:45:00-04:00,52.64,52.64,52.44,52.46,26848
2019-07-31 14:50:00-04:00,52.45,52.46,52.04,52.33,38892
2019-07-31 14:55:00-04:00,52.31,52.54,52.31,52.54,15983
2019-07-31 15:00:00-04:00,52.535,52.84,52.5,52.74,26153
2019-07-31 15:05:00-04:00,52.74,52.81,52.69,52.705,15298
2019-07-31 15:10:00-04:00,52.695,52.7,52.59,52.66,12470
2019-07-31 15:15:00-04:00,52.65,52.73,52.56,52.73,14278
2019-07-31 15:20:00-04:00,52.7,52.75,52.665,52.69,11452
2019-07-31 15:25:00-04:00,52.69,52.755,52.67,52.67,17125
2019-07-31 15:30:00-04:00,52.67,52.675,52.605,52.605,23699
2019-07-31 15:35:00-04:00,52.595,52.7,52.595,52.68,18336
2019-07-31 15:40:00-04:00,52.68,52.71,52.605,52.71,20630
2019-07-31 15:45:00-04:00,52.725,52.725,52.66,52.7,32150
2019-07-31 15:50:00-04:00,52.69,52.69,52.59,52.59,29906
2019-07-31 15:55:00-04:00,52.6,52.72,52.59,52.62,73267
2019-08-01 09:30:00-04:00,52.84,52.84,52.64,52.68,6382
2019-08-01 09:35:00-04:00,52.72,52.795,52.72,52.76,2683
2019-08-01 09:40:00-04:00,52.8,52.85,52.72,52.85,2550
2019-08-01 09:45:00-04:00,52.815,52.825,52.74,52.79,4735
2019-08-01 09:50:00-04:00,52.8,52.85,52.72,52.72,4224
2019-08-01 09:55:00-04:00,52.73,52.73,52.6,52.615,6458
2019-08-01 10:00:00-04:00,52.6,52.62,52.48,52.565,7184
2019-08-01 10:05:00-04:00,52.55,52.83,52.53,52.82,15602
2019-08-01 10:10:00-04:00,52.79,52.79,52.67,52.705,13368
2019-08-01 10:15:00-04:00,52.67,52.79,52.625,52.755,17837
2019-08-01 10:20:00-04:00,52.79,52.81,52.765,52.79,3960
2019-08-01 10:25:00-04:00,52.8,52.95,52.8,52.94,7994
2019-08-01 10:30:00-04:00,52.95,53.02,52.925,52.98,10290
2019-08-01 10:35:00-04:00,52.98,52.99,52.93,52.94,5101
2019-08-01 10:40:00-04:00,52.94,52.96,52.89,52.94,12106
2019-08-01 10:45:00-04:00,52.93,52.98,52.93,52.975,9668
2019-08-01 10:50:00-04:00,52.975,53.06,52.97,53.06,23653
2019-08-01 10:55:00-04:00,53.05,53.1,53.03,53.09,6466
2019-08-01 11:00:00-04:00,53.1,53.14,53.06,53.115,5081
2019-08-01 11:05:00-04:00,53.115,53.12,53.07,53.09,3865
2019-08-01 11:10:00-04:00,53.085,53.09,52.985,53.005,16619
2019-08-01 11:15:00-04:00,53.0,53.08,53.0,53.08,4292
2019-08-01 11:20:00-04:00,53.09,53.11,53.085,53.09,8950
2019-08-01 11:25:00-04:00,53.09,53.12,53.06,53.1,7183
2019-08-01 11:30:00-04:00,53.1,53.18,53.08,53.175,4880
2019-08-01 11:35:00-04:00,53.18,53.2,53.15,53.18,6318
2019-08-01 11:40:00-04:00,53.18,53.19,53.12,53.13,4916
2019-08-01 11:45:00-04:00,53.12,53.12,53.07,53.085,3690
2019-08-01 11:50:00-04:00,53.085,53.09,53.015,53.015,3295
2019-08-01 11:55:00-04:00,53.0,53.01,52.97,52.97,8056
2019-08-01 12:00:00-04:00,52.97,52.98,52.97,52.98,1242
2019-08-01 12:05:00-04:00,52.98,53.02,52.97,53.0,5292
2019-08-01 12:10:00-04:00,53.0,53.01,52.93,52.94,3574
2019-08-01 12:15:00-04:00,52.945,52.95,52.89,52.89,7429
2019-08-01 12:20:00-04:00,52.89,52.9,52.87,52.87,7793
2019-08-01 12:25:00-04:00,52.87,52.88,52.79,52.805,5713
2019-08-01 12:30:00-04:00,52.81,52.81,52.74,52.77,6219
2019-08-01 12:35:00-04:00,52.78,52.805,52.77,52.79,6512
2019-08-01 12:40:00-04:00,52.79,52.815,52.775,52.8,3383
2019-08-01 12:45:00-04:00,52.795,52.83,52.795,52.8,4705
2019-08-01 12:50:00-04:00,52.81,52.825,52.8,52.81,5156
2019-08-01 12:55:00-04:00,52.79,52.83,52.75,52.775,13748
2019-08-01 13:00:00-04:00,52.775,52.78,52.72,52.78,8213
2019-08-01 13:05:00-04:00,52.77,52.77,52.7,52.7,4289
2019-08-01 13:10:00-04:00,52.7,52.71,52.62,52.65,13268
2019-08-01 13:15:00-04:00,52.65,52.66,52.635,52.65,7910
2019-08-01 13:20:00-04:00,52.65,52.65,52.615,52.64,4622
2019-08-01 13:25:00-04:00,52.635,52.64,52.38,52.4,13453
2019-08-01 13:30:00-04:00,52.37,52.58,52.37,52.42,20774
2019-08-01 13:35:00-04:00,52.39,52.56,52.39,52.45,10827
2019-08-01 13:40:00-04:00,52.47,52.56,52.4,52.4,10948
2019-08-01 13:45:00-04:00,52.39,52.45,52.3,52.38,17266
2019-08-01 13:50:00-04:00,52.35,52.35,52.2,52.22,9805
2019-08-01 13:55:00-04:00,52.23,52.41,52.23,52.405,9694
2019-08-01 14:00:00-04:00,52.4,52.46,52.25,52.25,14865
2019-08-01 14:05:00-04:00,52.25,52.3,52.23,52.29,19100
2019-08-01 14:10:00-04:00,52.28,52.485,52.26,52.48,16260
2019-08-01 14:15:00-04:00,52.495,52.6,52.42,52.6,10541
2019-08-01 14:20:00-04:00,52.57,52.59,52.52,52.54,13211
2019-08-01 14:25:00-04:00,52.55,52.65,52.53,52.65,18094
2019-08-01 14:30:00-04:00,52.635,52.66,52.54,52.62,7101
2019-08-01 14:35:00-04:00,52.605,52.605,52.51,52.52,6541
2019-08-01 14:40:00-04:00,52.545,52.55,52.405,52.44,10501
2019-08-01 14:45:00-04:00,52.43,52.55,52.425,52.55,6286
2019-08-01 14:50:00-04:00,52.54,52.57,52.525,52.54,6892
2019-08-01 14:55:00-04:00,52.52,52.52,52.45,52.5,6846
2019-08-01 15:00:00-04:00,52.5,52.51,52.39,52.46,11126
2019-08-01 15:05:00-04:00,52.46,52.475,52.31,52.32,8318
2019-08-01 15:10:00-04:00,52.33,52.365,52.3,52.35,10249
2019-08-01 15:15:00-04:00,52.34,52.46,52.335,52.44,5617
2019-08-01 15:20:00-04:00,52.44,52.5,52.435,52.5,8163
2019-08-01 15:25:00-04:00,52.47,52.53,52.44,52.45,10255
2019-08-01 15:30:00-04:00,52.46,52.48,52.39,52.39,21025
2019-08-01 15:35:00-04:00,52.39,52.45,52.36,52.4,22028
2019-08-01 15:40:00-04:00,52.43,52.43,52.32,52.33,17024
2019-08-01 15:45:00-04:00,52.34,52.4,52.29,52.31,22279
2019-08-01 15:50:00-04:00,52.32,52.32,52.2,52.2,44970
2019-08-01 15:55:00-04:00,52.21,52.27,52.01,52.02,125362
2019-08-02 09:30:00-04:00,51.91,52.23,51.91,52.19,13749
2019-08-02 09:35:00-04:00,52.19,52.21,52.02,52.21,15759
2019-08-02 09:40:00-04:00,52.21,52.25,52.14,52.18,15594
2019-08-02 09:45:00-04:00,52.16,52.165,52.07,52.13,12195
2019-08-02 09:50:00-04:00,52.14,52.15,52.04,52.105,10299
2019-08-02 09:55:00-04:00,52.08,52.175,52.04,52.17,10899
2019-08-02 10:00:00-04:00,52.22,52.35,52.22,52.31,20293
2019-08-02 10:05:00-04:00,52.32,52.43,52.32,52.39,12315
2019-08-02 10:10:00-04:00,52.4,52.42,52.3,52.4,19155
2019-08-02 10:15:00-04:00,52.39,52.455,52.34,52.44,18882
2019-08-02 10:20:00-04:00,52.43,52.62,52.43,52.59,15036
2019-08-02 10:25:00-04:00,52.61,52.67,52.595,52.61,14321
2019-08-02 10:30:00-04:00,52.63,52.63,52.45,52.45,17399
2019-08-02 10:35:00-04:00,52.45,52.45,52.34,52.375,12858
2019-08-02 10:40:00-04:00,52.37,52.445,52.35,52.415,7060
2019-08-02 10:45:00-04:00,52.41,52.415,52.325,52.405,14293
2019-08-02 10:50:00-04:00,52.4,52.44,52.39,52.43,8412
2019-08-02 10:55:00-04:00,52.445,52.45,52.37,52.37,12228
2019-08-02 11:00:00-04:00,52.36,52.365,52.29,52.33,9775
2019-08-02 11:05:00-04:00,52.33,52.375,52.32,52.36,13266
2019-08-02 11:10:00-04:00,52.36,52.36,52.32,52.345,9699
2019-08-02 11:15:00-04:00,52.325,52.43,52.32,52.41,11915
2019-08-02 11:20:00-04:00,52.4,52.4,52.27,52.29,5198
2019-08-02 11:25:00-04:00,52.31,52.315,52.24,52.255,5794
2019-08-02 11:30:00-04:00,52.27,52.335,52.27,52.27,7598
2019-08-02 11:35:00-04:00,52.25,52.255,52.195,52.21,11604
2019-08-02 11:40:00-04:00,52.2,52.245,52.175,52.245,9388
2019-08-02 11:45:00-04:00,52.24,52.29,52.205,52.265,10435
2019-08-02 11:50:00-04:00,52.26,52.3,52.21,52.3,8479
2019-08-02 11:55:00-04:00,52.33,52.36,52.3,52.36,9572
2019-08-02 12:00:00-04:00,52.37,52.45,52.36,52.43,6088
2019-08-02 12:05:00-04:00,52.43,52.43,52.37,52.375,4311
2019-08-02 12:10:00-04:00,52.37,52.375,52.33,52.345,4357
2019-08-02 12:15:00-04:00,52.37,52.42,52.37,52.415,11148
2019-08-02 12:20:00-04:00,52.405,52.415,52.38,52.405,5591
2019-08-02 12:25:00-04:00,52.41,52.43,52.39,52.42,13475
2019-08-02 12:30:00-04:00,52.42,52.43,52.4,52.42,10447
2019-08-02 12:35:00-04:00,52.43,52.46,52.43,52.46,3514
2019-08-02 12:40:00-04:00,52.46,52.515,52.43,52.49,7905
2019-08-02 12:45:00-04:00,52.49,52.49,52.37,52.37,4231
2019-08-02 12:50:00-04:00,52.37,52.445,52.37,52.425,7851
2019-08-02 12:55:00-04:00,52.425,52.435,52.365,52.39,4675
2019-08-02 13:00:00-04:00,52.38,52.385,52.35,52.385,4775
2019-08-02 13:05:00-04:00,52.38,52.39,52.35,52.35,2524
2019-08-02 13:10:00-04:00,52.37,52.37,52.29,52.29,4432
2019-08-02 13:15:00-04:00,52.31,52.315,52.25,52.255,3545
2019-08-02 13:20:00-04:00,52.255,52.295,52.235,52.27,4205
2019-08-02 13:25:00-04:00,52.255,52.27,52.25,52.255,2784
2019-08-02 13:30:00-04:00,52.26,52.27,52.23,52.23,6404
2019-08-02 13:35:00-04:00,52.23,52.245,52.22,52.235,2740
2019-08-02 13:40:00-04:00,52.26,52.345,52.26,52.32,3130
2019-08-02 13:45:00-04:00,52.32,52.345,52.32,52.33,2658
2019-08-02 13:50:00-04:00,52.33,52.36,52.32,52.36,2533
2019-08-02 13:55:00-04:00,52.36,52.38,52.34,52.37,3703
2019-08-02 14:00:00-04:00,52.37,52.45,52.37,52.43,5634
2019-08-02 14:05:00-04:00,52.46,52.48,52.45,52.47,2721
2019-08-02 14:10:00-04:00,52.47,52.48,52.44,52.48,4546
2019-08-02 14:15:00-04:00,52.49,52.495,52.43,52.44,3570
2019-08-02 14:20:00-04:00,52.45,52.535,52.45,52.52,3520
2019-08-02 14:25:00-04:00,52.54,52.55,52.44,52.44,2409
2019-08-02 14:30:00-04:00,52.43,52.43,52.345,52.38,4858
2019-08-02 14:35:00-04:00,52.385,52.435,52.38,52.43,4574
2019-08-02 14:40:00-04:00,52.44,52.44,52.36,52.36,4536
2019-08-02 14:45:00-04:00,52.375,52.375,52.31,52.335,4128
2019-08-02 14:50:00-04:00,52.33,52.37,52.32,52.36,3991
2019-08-02 14:55:00-04:00,52.35,52.4,52.32,52.395,4056
2019-08-02 15:00:00-04:00,52.39,52.43,52.38,52.38,4552
2019-08-02 15:05:00-04:00,52.39,52.395,52.34,52.36,6128
2019-08-02 15:10:00-04:00,52.35,52.35,52.28,52.29,6352
2019-08-02 15:15:00-04:00,52.29,52.36,52.29,52.35,4673
2019-08-02 15:20:00-04:00,52.34,52.415,52.34,52.415,4725
2019-08-02 15:25:00-04:00,52.425,52.48,52.42,52.45,7353
2019-08-02 15:30:00-04:00,52.455,52.495,52.44,52.47,16395
2019-08-02 15:35:00-04:00,52.475,52.73,52.47,52.62,24627
2019-08-02 15:40:00-04:00,52.63,52.64,52.54,52.565,16246
2019-08-02 15:45:00-04:00,52.565,52.565,52.45,52.45,24396
2019-08-02 15:50:00-04:00,52.445,52.46,52.29,52.29,23757
2019-08-02 15:55:00-04:00,52.295,52.36,52.25,52.33,76616
2019-08-05 09:30:00-04:00,52.38,52.66,52.34,52.39,19646
2019-08-05 09:35:00-04:00,52.371,52.38,52.31,52.31,11979
2019-08-05 09:40:00-04:00,52.33,52.33,52.23,52.28,13754
2019-08-05 09:45:00-04:00,52.3,52.37,52.25,52.34,10519
2019-08-05 09:50:00-04:00,52.34,52.43,52.295,52.295,13953
2019-08-05 09:55:00-04:00,52.295,52.32,52.26,52.28,6559
2019-08-05 10:00:00-04:00,52.27,52.31,52.13,52.13,9365
2019-08-05 10:05:00-04:00,52.145,52.2,52.13,52.145,9410
2019-08-05 10:10:00-04:00,52.155,52.225,52.155,52.22,8636
2019-08-05 10:15:00-04:00,52.225,52.23,52.15,52.17,12037
2019-08-05 10:20:00-04:00,52.18,52.2,52.13,52.13,19330
2019-08-05 10:25:00-04:00,52.15,52.25,52.13,52.25,5917
2019-08-05 10:30:00-04:00,52.225,52.225,52.12,52.18,15676
2019-08-05 10:35:00-04:00,52.17,52.215,52.14,52.165,7054
2019-08-05 10:40:00-04:00,52.165,52.185,52.11,52.14,14899
2019-08-05 10:45:00-04:00,52.135,52.15,52.015,52.025,9056
2019-08-05 10:50:00-04:00,52.025,52.13,52.015,52.13,6963
2019-08-05 10:55:00-04:00,52.12,52.145,52.11,52.13,9547
2019-08-05 11:00:00-04:00,52.12,52.155,52.105,52.155,10629
2019-08-05 11:05:00-04:00,52.155,52.23,52.14,52.2,12155
2019-08-05 11:10:00-04:00,52.2,52.255,52.185,52.24,15401
2019-08-05 11:15:00-04:00,52.23,52.28,52.22,52.265,11148
2019-08-05 11:20:00-04:00,52.26,52.34,52.23,52.32,10190
2019-08-05 11:25:00-04:00,52.33,52.33,52.21,52.21,10930
2019-08-05 11:30:00-04:00,52.22,52.23,52.16,52.16,7464
2019-08-05 11:35:00-04:00,52.15,52.2,52.14,52.17,5839
2019-08-05 11:40:00-04:00,52.18,52.2,52.16,52.18,3998
2019-08-05 11:45:00-04:00,52.21,52.27,52.205,52.26,3877
2019-08-05 11:50:00-04:00,52.275,52.4,52.23,52.37,10248
2019-08-05 11:55:00-04:00,52.37,52.37,52.33,52.35,11321
2019-08-05 12:00:00-04:00,52.35,52.39,52.31,52.39,7384
2019-08-05 12:05:00-04:00,52.39,52.45,52.35,52.36,16816
2019-08-05 12:10:00-04:00,52.35,52.35,52.27,52.325,7990
2019-08-05 12:15:00-04:00,52.32,52.37,52.31,52.37,6646
2019-08-05 12:20:00-04:00,52.365,52.53,52.365,52.51,8755
2019-08-05 12:25:00-04:00,52.5,52.5,52.34,52.46,9290
2019-08-05 12:30:00-04:00,52.44,52.49,52.405,52.405,7557
2019-08-05 12:35:00-04:00,52.41,52.41,52.325,52.335,14170
2019-08-05 12:40:00-04:00,52.335,52.335,52.2,52.22,7721
2019-08-05 12:45:00-04:00,52.215,52.245,52.12,52.12,8513
2019-08-05 12:50:00-04:00,52.12,52.16,52.08,52.09,9301
2019-08-05 12:55:00-04:00,52.09,52.1,51.995,52.02,11979
2019-08-05 13:00:00-04:00,52.02,52.08,52.0,52.08,6039
2019-08-05 13:05:00-04:00,52.085,52.125,52.055,52.07,3235
2019-08-05 13:10:00-04:00,52.08,52.115,52.08,52.08,5789
2019-08-05 13:15:00-04:00,52.1,52.12,52.05,52.06,6339
2019-08-05 13:20:00-04:00,52.06,52.135,52.055,52.09,4222
2019-08-05 13:25:00-04:00,52.09,52.09,52.01,52.02,9581
2019-08-05 13:30:00-04:00,52.0,52.015,51.93,51.98,10948
2019-08-05 13:35:00-04:00,51.98,52.04,51.98,52.03,4916
2019-08-05 13:40:00-04:00,52.03,52.07,51.97,51.97,6523
2019-08-05 13:45:00-04:00,51.96,51.96,51.93,51.94,2488
2019-08-05 13:50:00-04:00,51.945,51.945,51.905,51.92,4909
2019-08-05 13:55:00-04:00,51.92,51.965,51.9,51.9,4039
2019-08-05 14:00:00-04:00,51.895,51.95,51.87,51.94,6109
2019-08-05 14:05:00-04:00,51.93,51.965,51.92,51.92,6276
2019-08-05 14:10:00-04:00,51.91,52.0,51.9,52.0,5973
2019-08-05 14:15:00-04:00,51.99,52.06,51.99,52.01,10334
2019-08-05 14:20:00-04:00,52.01,52.015,51.95,51.98,9253
2019-08-05 14:25:00-04:00,51.985,51.985,51.88,51.88,8961
2019-08-05 14:30:00-04:00,51.89,51.89,51.835,51.86,7575
2019-08-05 14:35:00-04:00,51.85,51.865,51.73,51.73,12855
2019-08-05 14:40:00-04:00,51.725,51.75,51.665,51.665,5702
2019-08-05 14:45:00-04:00,51.66,51.72,51.63,51.71,6472
2019-08-05 14:50:00-04:00,51.69,51.72,51.59,51.595,6052
2019-08-05 14:55:00-04:00,51.6,51.6,51.49,51.545,12059
2019-08-05 15:00:00-04:00,51.555,51.595,51.48,51.5,16924
2019-08-05 15:05:00-04:00,51.51,51.515,51.4,51.42,15578
2019-08-05 15:10:00-04:00,51.42,51.69,51.42,51.68,21043
2019-08-05 15:15:00-04:00,51.66,51.735,51.54,51.72,14409
2019-08-05 15:20:00-04:00,51.715,51.83,51.715,51.78,14557
2019-08-05 15:25:00-04:00,51.79,51.85,51.73,51.75,15433
2019-08-05 15:30:00-04:00,51.74,51.83,51.65,51.825,23317
2019-08-05 15:35:00-04:00,51.81,51.86,51.78,51.84,27715
2019-08-05 15:40:00-04:00,51.84,51.915,51.81,51.91,30772
2019-08-05 15:45:00-04:00,51.92,51.935,51.78,51.82,33234
2019-08-05 15:50:00-04:00,51.82,51.92,51.76,51.88,38623
2019-08-05 15:55:00-04:00,51.88,51.88,51.62,51.66,145420
2019-08-06 09:30:00-04:00,51.83,52.049,51.61,51.94,28364
2019-08-06 09:35:00-04:00,51.94,52.19,51.92,52.19,15452
2019-08-06 09:40:00-04:00,52.195,52.28,52.09,52.22,6151
2019-08-06 09:45:00-04:00,52.25,52.265,52.12,52.12,8057
2019-08-06 09:50:00-04:00,52.1,52.165,52.08,52.1,5525
2019-08-06 09:55:00-04:00,52.065,52.11,51.98,52.11,4175
2019-08-06 10:00:00-04:00,52.11,52.175,52.09,52.09,6766
2019-08-06 10:05:00-04:00,52.1,52.115,51.995,52.01,4893
2019-08-06 10:10:00-04:00,52.015,52.015,51.84,51.86,8172
2019-08-06 10:15:00-04:00,51.87,51.87,51.695,51.715,11048
2019-08-06 10:20:00-04:00,51.725,51.83,51.725,51.8,6165
2019-08-06 10:25:00-04:00,51.815,51.83,51.715,51.75,22504
2019-08-06 10:30:00-04:00,51.755,51.84,51.735,51.82,9822
2019-08-06 10:35:00-04:00,51.84,51.86,51.78,51.85,8129
2019-08-06 10:40:00-04:00,51.85,51.95,51.84,51.94,8470
2019-08-06 10:45:00-04:00,51.955,51.985,51.905,51.92,10179
2019-08-06 10:50:00-04:00,51.92,51.92,51.835,51.86,9208
2019-08-06 10:55:00-04:00,51.85,51.905,51.84,51.9,7953
2019-08-06 11:00:00-04:00,51.905,51.93,51.85,51.85,18918
2019-08-06 11:05:00-04:00,51.86,51.94,51.86,51.9,15413
2019-08-06 11:10:00-04:00,51.89,51.89,51.81,51.845,8897
2019-08-06 11:15:00-04:00,51.86,51.9,51.81,51.81,5717
2019-08-06 11:20:00-04:00,51.82,51.925,51.81,51.925,5124
2019-08-06 11:25:00-04:00,51.93,51.95,51.905,51.95,20037
2019-08-06 11:30:00-04:00,51.96,51.96,51.86,51.87,8084
2019-08-06 11:35:00-04:00,51.88,51.89,51.82,51.84,3096
2019-08-06 11:40:00-04:00,51.84,51.905,51.83,51.89,4821
2019-08-06 11:45:00-04:00,51.88,51.91,51.87,51.9,3367
2019-08-06 11:50:00-04:00,51.9,51.91,51.84,51.855,5413
2019-08-06 11:55:00-04:00,51.85,51.92,51.83,51.91,6893
2019-08-06 12:00:00-04:00,51.91,51.96,51.87,51.91,7229
2019-08-06 12:05:00-04:00,51.935,51.935,51.84,51.85,14779
2019-08-06 12:10:00-04:00,51.87,51.97,51.85,51.97,19100
2019-08-06 12:15:00-04:00,51.96,51.995,51.96,51.98,6918
2019-08-06 12:20:00-04:00,51.995,51.995,51.92,51.94,5005
2019-08-06 12:25:00-04:00,51.94,51.95,51.91,51.93,2709
2019-08-06 12:30:00-04:00,51.91,51.94,51.9,51.92,4374
2019-08-06 12:35:00-04:00,51.92,51.97,51.9,51.92,4079
2019-08-06 12:40:00-04:00,51.92,51.97,51.92,51.97,4994
2019-08-06 12:45:00-04:00,51.96,51.96,51.89,51.92,6497
2019-08-06 12:50:00-04:00,51.92,51.925,51.87,51.89,5102
2019-08-06 12:55:00-04:00,51.91,52.0,51.885,51.99,29838
2019-08-06 13:00:00-04:00,51.99,52.045,51.99,52.02,5587
2019-08-06 13:05:00-04:00,52.02,52.09,52.01,52.09,14938
2019-08-06 13:10:00-04:00,52.095,52.125,52.07,52.115,4605
2019-08-06 13:15:00-04:00,52.12,52.16,52.12,52.15,7331
2019-08-06 13:20:00-04:00,52.15,52.26,52.145,52.26,7457
2019-08-06 13:25:00-04:00,52.27,52.275,52.19,52.195,5201
2019-08-06 13:30:00-04:00,52.21,52.22,52.18,52.22,5275
2019-08-06 13:35:00-04:00,52.22,52.3,52.2,52.3,10910
2019-08-06 13:40:00-04:00,52.3,52.345,52.3,52.33,9415
2019-08-06 13:45:00-04:00,52.33,52.34,52.255,52.31,12076
2019-08-06 13:50:00-04:00,52.3,52.325,52.26,52.32,24738
2019-08-06 13:55:00-04:00,52.3,52.32,52.22,52.235,6968
2019-08-06 14:00:00-04:00,52.23,52.305,52.23,52.3,28541
2019-08-06 14:05:00-04:00,52.3,52.32,52.25,52.32,9133
2019-08-06 14:10:00-04:00,52.33,52.395,52.33,52.37,5712
2019-08-06 14:15:00-04:00,52.37,52.45,52.37,52.4,8593
2019-08-06 14:20:00-04:00,52.39,52.51,52.385,52.5,14316
2019-08-06 14:25:00-04:00,52.515,52.63,52.49,52.61,24019
2019-08-06 14:30:00-04:00,52.61,52.715,52.565,52.71,52319
2019-08-06 14:35:00-04:00,52.7,52.755,52.55,52.55,80189
2019-08-06 14:40:00-04:00,52.51,52.575,52.49,52.52,20089
2019-08-06 14:45:00-04:00,52.54,52.54,52.45,52.45,9581
2019-08-06 14:50:00-04:00,52.46,52.475,52.36,52.36,14084
2019-08-06 14:55:00-04:00,52.35,52.39,52.34,52.36,12185
2019-08-06 15:00:00-04:00,52.37,52.38,52.3,52.3,9868
2019-08-06 15:05:00-04:00,52.3,52.38,52.3,52.325,14009
2019-08-06 15:10:00-04:00,52.3,52.35,52.29,52.35,11020
2019-08-06 15:15:00-04:00,52.36,52.385,52.32,52.36,12960
2019-08-06 15:20:00-04:00,52.36,52.395,52.35,52.36,11184
2019-08-06 15:25:00-04:00,52.36,52.365,52.26,52.305,30520
2019-08-06 15:30:00-04:00,52.3,52.305,52.15,52.175,22692
2019-08-06 15:35:00-04:00,52.175,52.34,52.175,52.335,27733
2019-08-06 15:40:00-04:00,52.33,52.43,52.33,52.4,14793
2019-08-06 15:45:00-04:00,52.4,52.53,52.34,52.47,28051
2019-08-06 15:50:00-04:00,52.46,52.5,52.365,52.37,40955
2019-08-06 15:55:00-04:00,52.38,52.38,52.25,52.26,131113
2019-08-07 09:30:00-04:00,52.29,52.33,52.115,52.245,14464
2019-08-07 09:35:00-04:00,52.245,52.25,52.13,52.21,11672
2019-08-07 09:40:00-04:00,52.21,52.21,51.95,51.95,10608
2019-08-07 09:45:00-04:00,51.94,51.94,51.77,51.92,8460
2019-08-07 09:50:00-04:00,51.91,52.13,51.89,52.08,9880
2019-08-07 09:55:00-04:00,52.15,52.19,52.11,52.155,7258
2019-08-07 10:00:00-04:00,52.14,52.145,51.985,52.055,14951
2019-08-07 10:05:00-04:00,52.05,52.3,52.045,52.285,16890
2019-08-07 10:10:00-04:00,52.3,52.34,52.25,52.25,8052
2019-08-07 10:15:00-04:00,52.25,52.39,52.21,52.31,5663
2019-08-07 10:20:00-04:00,52.315,52.315,52.19,52.295,12085
2019-08-07 10:25:00-04:00,52.33,52.46,52.305,52.43,15432
2019-08-07 10:30:00-04:00,52.44,52.495,52.4,52.42,10377
2019-08-07 10:35:00-04:00,52.43,52.49,52.42,52.475,10346
2019-08-07 10:40:00-04:00,52.485,52.635,52.455,52.63,21615
2019-08-07 10:45:00-04:00,52.66,52.66,52.55,52.58,5227
2019-08-07 10:50:00-04:00,52.6,52.785,52.59,52.705,15377
2019-08-07 10:55:00-04:00,52.715,52.745,52.62,52.66,9797
2019-08-07 11:00:00-04:00,52.65,52.66,52.53,52.55,20109
2019-08-07 11:05:00-04:00,52.545,52.665,52.51,52.665,9514
2019-08-07 11:10:00-04:00,52.665,52.805,52.66,52.8,35173
2019-08-07 11:15:00-04:00,52.79,52.82,52.7,52.755,12191
2019-08-07 11:20:00-04:00,52.75,52.8,52.62,52.66,9433
2019-08-07 11:25:00-04:00,52.65,52.76,52.62,52.63,6244
2019-08-07 11:30:00-04:00,52.615,52.83,52.6,52.83,8409
2019-08-07 11:35:00-04:00,52.835,53.065,52.82,53.035,11144
2019-08-07 11:40:00-04:00,53.0,53.03,52.86,52.945,16196
2019-08-07 11:45:00-04:00,52.97,52.97,52.87,52.93,15358
2019-08-07 11:50:00-04:00,52.925,52.94,52.87,52.915,8009
2019-08-07 11:55:00-04:00,52.925,53.03,52.925,52.98,9031
2019-08-07 12:00:00-04:00,52.99,52.99,52.78,52.78,4136
2019-08-07 12:05:00-04:00,52.805,52.815,52.715,52.75,5415
2019-08-07 12:10:00-04:00,52.73,52.795,52.7,52.785,3416
2019-08-07 12:15:00-04:00,52.79,52.85,52.77,52.77,5960
2019-08-07 12:20:00-04:00,52.75,52.755,52.67,52.675,4686
2019-08-07 12:25:00-04:00,52.69,52.76,52.655,52.76,3413
2019-08-07 12:30:00-04:00,52.74,52.81,52.72,52.78,2690
2019-08-07 12:35:00-04:00,52.78,52.82,52.78,52.82,1846
2019-08-07 12:40:00-04:00,52.82,52.92,52.82,52.89,4357
2019-08-07 12:45:00-04:00,52.915,52.93,52.82,52.82,3354
2019-08-07 12:50:00-04:00,52.815,52.915,52.815,52.915,3780
2019-08-07 12:55:00-04:00,52.91,52.93,52.865,52.92,4778
2019-08-07 13:00:00-04:00,52.925,52.965,52.92,52.93,4553
2019-08-07 13:05:00-04:00,52.96,53.03,52.96,53.01,5884
2019-08-07 13:10:00-04:00,53.02,53.035,52.97,52.97,5276
2019-08-07 13:15:00-04:00,52.97,53.045,52.96,53.02,7210
2019-08-07 13:20:00-04:00,53.025,53.065,52.995,53.025,5209
2019-08-07 13:25:00-04:00,53.03,53.06,52.98,53.04,4143
2019-08-07 13:30:00-04:00,53.05,53.17,53.05,53.165,13105
2019-08-07 13:35:00-04:00,53.13,53.2,53.13,53.2,7266
2019-08-07 13:40:00-04:00,53.24,53.27,53.17,53.17,8284
2019-08-07 13:45:00-04:00,53.14,53.23,53.14,53.23,2967
2019-08-07 13:50:00-04:00,53.23,53.26,53.15,53.16,4033
2019-08-07 13:55:00-04:00,53.18,53.19,53.105,53.115,8076
2019-08-07 14:00:00-04:00,53.11,53.13,53.06,53.08,6315
2019-08-07 14:05:00-04:00,53.1,53.195,53.1,53.175,6585
2019-08-07 14:10:00-04:00,53.19,53.19,53.12,53.15,16588
2019-08-07 14:15:00-04:00,53.16,53.23,53.14,53.15,13333
2019-08-07 14:20:00-04:00,53.145,53.16,53.08,53.1,7341
2019-08-07 14:25:00-04:00,53.1,53.23,53.09,53.23,5735
2019-08-07 14:30:00-04:00,53.23,53.27,53.21,53.225,7801
2019-08-07 14:35:00-04:00,53.25,53.265,53.19,53.23,5504
2019-08-07 14:40:00-04:00,53.22,53.35,53.21,53.33,10672
2019-08-07 14:45:00-04:00,53.32,53.355,53.3,53.34,8168
2019-08-07 14:50:00-04:00,53.34,53.37,53.305,53.36,4560
2019-08-07 14:55:00-04:00,53.35,53.355,53.26,53.31,5352
2019-08-07 15:00:00-04:00,53.31,53.315,53.22,53.25,7840
2019-08-07 15:05:00-04:00,53.25,53.28,53.21,53.21,10083
2019-08-07 15:10:00-04:00,53.2,53.26,53.2,53.24,11986
2019-08-07 15:15:00-04:00,53.26,53.32,53.23,53.3,12519
2019-08-07 15:20:00-04:00,53.31,53.355,53.255,53.255,9003
2019-08-07 15:25:00-04:00,53.27,53.32,53.23,53.31,6757
2019-08-07 15:30:00-04:00,53.32,53.39,53.31,53.38,20975
2019-08-07 15:35:00-04:00,53.37,53.37,53.295,53.37,10262
2019-08-07 15:40:00-04:00,53.37,53.37,53.23,53.25,18836
2019-08-07 15:45:00-04:00,53.24,53.28,53.16,53.19,20021
2019-08-07 15:50:00-04:00,53.185,53.2,53.135,53.14,41465
2019-08-07 15:55:00-04:00,53.14,53.27,53.14,53.17,106918
2019-08-08 09:30:00-04:00,53.31,53.31,52.86,52.97,23987
2019-08-08 09:35:00-04:00,52.98,53.07,52.88,52.93,5431
2019-08-08 09:40:00-04:00,52.92,53.07,52.91,53.04,9713
2019-08-08 09:45:00-04:00,53.04,53.05,52.95,53.01,6345
2019-08-08 09:50:00-04:00,53.02,53.04,52.95,53.04,6471
2019-08-08 09:55:00-04:00,53.05,53.09,52.96,53.01,6089
2019-08-08 10:00:00-04:00,53.01,53.04,52.98,52.99,5350
2019-08-08 10:05:00-04:00,52.99,53.16,52.98,53.16,6153
2019-08-08 10:10:00-04:00,53.17,53.2,53.15,53.17,2706
2019-08-08 10:15:00-04:00,53.17,53.19,53.13,53.19,3879
2019-08-08 10:20:00-04:00,53.22,53.32,53.215,53.29,5892
2019-08-08 10:25:00-04:00,53.27,53.27,53.21,53.215,12837
2019-08-08 10:30:00-04:00,53.2,53.305,53.2,53.235,6481
2019-08-08 10:35:00-04:00,53.24,53.24,53.19,53.21,10365
2019-08-08 10:40:00-04:00,53.19,53.2,53.16,53.16,3022
2019-08-08 10:45:00-04:00,53.185,53.215,53.16,53.21,11302
2019-08-08 10:50:00-04:00,53.21,53.28,53.2,53.27,6583
2019-08-08 10:55:00-04:00,53.27,53.29,53.2,53.2,6948
2019-08-08 11:00:00-04:00,53.18,53.25,53.18,53.195,3054
2019-08-08 11:05:00-04:00,53.22,53.23,53.18,53.2,4461
2019-08-08 11:10:00-04:00,53.2,53.225,53.19,53.225,7090
2019-08-08 11:15:00-04:00,53.22,53.31,53.22,53.31,3426
2019-08-08 11:20:00-04:00,53.31,53.36,53.31,53.33,3521
2019-08-08 11:25:00-04:00,53.31,53.44,53.31,53.415,4803
2019-08-08 11:30:00-04:00,53.42,53.575,53.42,53.545,4947
2019-08-08 11:35:00-04:00,53.56,53.56,53.51,53.55,1844
2019-08-08 11:40:00-04:00,53.555,53.62,53.555,53.59,3526
2019-08-08 11:45:00-04:00,53.595,53.595,53.48,53.48,4129
2019-08-08 11:50:00-04:00,53.495,53.5,53.455,53.465,2576
2019-08-08 11:55:00-04:00,53.495,53.515,53.49,53.51,2978
2019-08-08 12:00:00-04:00,53.5,53.565,53.495,53.555,7605
2019-08-08 12:05:00-04:00,53.565,53.57,53.515,53.555,3794
2019-08-08 12:10:00-04:00,53.555,53.57,53.51,53.53,4915
2019-08-08 12:15:00-04:00,53.525,53.59,53.525,53.58,3587
2019-08-08 12:20:00-04:00,53.585,53.62,53.575,53.615,10415
2019-08-08 12:25:00-04:00,53.61,53.645,53.6,53.6,10904
2019-08-08 12:30:00-04:00,53.605,53.635,53.605,53.635,3416
2019-08-08 12:35:00-04:00,53.63,53.645,53.59,53.605,8577
2019-08-08 12:40:00-04:00,53.61,53.635,53.59,53.59,4549
2019-08-08 12:45:00-04:00,53.595,53.635,53.595,53.61,6632
2019-08-08 12:50:00-04:00,53.615,53.67,53.61,53.67,2010
2019-08-08 12:55:00-04:00,53.655,53.67,53.645,53.66,5755
2019-08-08 13:00:00-04:00,53.665,53.68,53.645,53.68,4922
2019-08-08 13:05:00-04:00,53.69,53.69,53.64,53.65,6120
2019-08-08 13:10:00-04:00,53.65,53.655,53.575,53.645,8908
2019-08-08 13:15:00-04:00,53.64,53.66,53.595,53.595,2962
2019-08-08 13:20:00-04:00,53.6,53.635,53.595,53.62,1545
2019-08-08 13:25:00-04:00,53.615,53.615,53.57,53.585,2690
2019-08-08 13:30:00-04:00,53.59,53.625,53.585,53.605,2480
2019-08-08 13:35:00-04:00,53.635,53.635,53.61,53.615,2741
2019-08-08 13:40:00-04:00,53.62,53.675,53.62,53.675,4220
2019-08-08 13:45:00-04:00,53.675,53.685,53.665,53.675,3025
2019-08-08 13:50:00-04:00,53.685,53.7,53.65,53.69,3201
2019-08-08 13:55:00-04:00,53.695,53.705,53.645,53.645,2578
2019-08-08 14:00:00-04:00,53.655,53.66,53.58,53.6,2789
2019-08-08 14:05:00-04:00,53.6,53.625,53.58,53.585,1292
2019-08-08 14:10:00-04:00,53.58,53.585,53.56,53.585,1596
2019-08-08 14:15:00-04:00,53.595,53.6,53.55,53.55,4867
2019-08-08 14:20:00-04:00,53.565,53.565,53.55,53.56,1068
2019-08-08 14:25:00-04:00,53.545,53.55,53.53,53.55,2256
2019-08-08 14:30:00-04:00,53.55,53.635,53.55,53.625,3349
2019-08-08 14:35:00-04:00,53.6,53.61,53.58,53.605,10697
2019-08-08 14:40:00-04:00,53.61,53.635,53.595,53.625,3231
2019-08-08 14:45:00-04:00,53.63,53.63,53.53,53.565,24645
2019-08-08 14:50:00-04:00,53.575,53.655,53.575,53.645,2709
2019-08-08 14:55:00-04:00,53.64,53.66,53.62,53.63,1731
2019-08-08 15:00:00-04:00,53.61,53.7,53.61,53.68,2678
2019-08-08 15:05:00-04:00,53.685,53.735,53.65,53.65,3225
2019-08-08 15:10:00-04:00,53.66,53.66,53.59,53.6,7142
2019-08-08 15:15:00-04:00,53.595,53.615,53.56,53.58,34667
2019-08-08 15:20:00-04:00,53.595,53.64,53.58,53.63,6542
2019-08-08 15:25:00-04:00,53.61,53.63,53.58,53.62,4323
2019-08-08 15:30:00-04:00,53.61,53.695,53.61,53.695,5646
2019-08-08 15:35:00-04:00,53.69,53.69,53.62,53.64,5277
2019-08-08 15:40:00-04:00,53.64,53.76,53.635,53.75,10932
2019-08-08 15:45:00-04:00,53.75,53.78,53.65,53.655,15321
2019-08-08 15:50:00-04:00,53.655,53.705,53.63,53.655,15408
2019-08-08 15:55:00-04:00,53.635,53.69,53.55,53.69,58366
2019-08-09 09:30:00-04:00,53.825,53.865,53.74,53.775,11682
2019-08-09 09:35:00-04:00,53.78,53.9,53.74,53.74,9640
2019-08-09 09:40:00-04:00,53.725,53.73,53.6,53.615,4803
2019-08-09 09:45:00-04:00,53.605,53.605,53.505,53.59,5511
2019-08-09 09:50:00-04:00,53.595,53.595,53.49,53.54,8188
2019-08-09 09:55:00-04:00,53.515,53.515,53.43,53.45,7828
2019-08-09 10:00:00-04:00,53.46,53.54,53.4,53.525,15223
2019-08-09 10:05:00-04:00,53.53,53.53,53.41,53.41,5193
2019-08-09 10:10:00-04:00,53.41,53.48,53.41,53.465,5067
2019-08-09 10:15:00-04:00,53.455,53.455,53.32,53.33,6180
2019-08-09 10:20:00-04:00,53.34,53.35,53.24,53.245,6000
2019-08-09 10:25:00-04:00,53.24,53.35,53.24,53.305,6574
2019-08-09 10:30:00-04:00,53.29,53.32,53.235,53.27,4957
2019-08-09 10:35:00-04:00,53.285,53.305,53.26,53.275,6868
2019-08-09 10:40:00-04:00,53.26,53.26,53.115,53.16,15430
2019-08-09 10:45:00-04:00,53.155,53.22,53.13,53.22,9667
2019-08-09 10:50:00-04:00,53.26,53.335,53.26,53.335,4485
2019-08-09 10:55:00-04:00,53.33,53.41,53.33,53.375,6733
2019-08-09 11:00:00-04:00,53.37,53.43,53.37,53.42,3277
2019-08-09 11:05:00-04:00,53.41,53.41,53.32,53.32,3152
2019-08-09 11:10:00-04:00,53.315,53.345,53.29,53.345,36194
2019-08-09 11:15:00-04:00,53.33,53.365,53.32,53.33,4068
2019-08-09 11:20:00-04:00,53.325,53.345,53.29,53.29,4817
2019-08-09 11:25:00-04:00,53.29,53.315,53.17,53.175,4828
2019-08-09 11:30:00-04:00,53.18,53.265,53.16,53.265,6944
2019-08-09 11:35:00-04:00,53.26,53.26,53.2,53.22,2500
2019-08-09 11:40:00-04:00,53.21,53.25,53.19,53.23,3620
2019-08-09 11:45:00-04:00,53.22,53.27,53.22,53.27,1723
2019-08-09 11:50:00-04:00,53.265,53.265,53.19,53.19,3561
2019-08-09 11:55:00-04:00,53.18,53.2,53.095,53.145,3144
2019-08-09 12:00:00-04:00,53.16,53.205,53.16,53.185,1813
2019-08-09 12:05:00-04:00,53.19,53.2,53.16,53.2,2784
2019-08-09 12:10:00-04:00,53.185,53.225,53.185,53.205,1108
2019-08-09 12:15:00-04:00,53.2,53.205,53.12,53.12,5435
2019-08-09 12:20:00-04:00,53.13,53.155,53.09,53.135,2948
2019-08-09 12:25:00-04:00,53.13,53.15,53.1,53.135,2407
2019-08-09 12:30:00-04:00,53.135,53.17,53.11,53.17,2859
2019-08-09 12:35:00-04:00,53.18,53.2,53.12,53.2,5543
2019-08-09 12:40:00-04:00,53.19,53.34,53.17,53.31,6882
2019-08-09 12:45:00-04:00,53.305,53.325,53.305,53.325,1500
2019-08-09 12:50:00-04:00,53.385,53.51,53.375,53.51,6209
2019-08-09 12:55:00-04:00,53.53,53.59,53.37,53.37,4457
2019-08-09 13:00:00-04:00,53.375,53.425,53.375,53.39,2274
2019-08-09 13:05:00-04:00,53.405,53.41,53.38,53.41,1849
2019-08-09 13:10:00-04:00,53.415,53.48,53.39,53.455,2548
2019-08-09 13:15:00-04:00,53.465,53.51,53.45,53.51,1347
2019-08-09 13:20:00-04:00,53.515,53.58,53.515,53.54,3425
2019-08-09 13:25:00-04:00,53.53,53.585,53.53,53.585,2674
2019-08-09 13:30:00-04:00,53.585,53.67,53.585,53.61,11866
2019-08-09 13:35:00-04:00,53.605,53.62,53.55,53.56,3456
2019-08-09 13:40:00-04:00,53.55,53.575,53.545,53.575,2424
2019-08-09 13:45:00-04:00,53.56,53.57,53.53,53.56,3023
2019-08-09 13:50:00-04:00,53.57,53.585,53.54,53.575,1738
2019-08-09 13:55:00-04:00,53.565,53.57,53.545,53.55,1755
2019-08-09 14:00:00-04:00,53.53,53.54,53.52,53.53,2921
2019-08-09 14:05:00-04:00,53.57,53.59,53.555,53.59,83539
2019-08-09 14:10:00-04:00,53.58,53.605,53.575,53.575,3082
2019-08-09 14:15:00-04:00,53.57,53.57,53.535,53.555,2403
2019-08-09 14:20:00-04:00,53.555,53.58,53.535,53.58,1929
2019-08-09 14:25:00-04:00,53.595,53.64,53.575,53.58,4604
2019-08-09 14:30:00-04:00,53.59,53.61,53.55,53.555,5332
2019-08-09 14:35:00-04:00,53.55,53.55,53.47,53.5,7758
2019-08-09 14:40:00-04:00,53.49,53.535,53.49,53.51,11816
2019-08-09 14:45:00-04:00,53.51,53.52,53.495,53.51,4436
2019-08-09 14:50:00-04:00,53.515,53.6,53.51,53.56,7688
2019-08-09 14:55:00-04:00,53.56,53.615,53.54,53.54,2701
2019-08-09 15:00:00-04:00,53.52,53.62,53.52,53.62,3693
2019-08-09 15:05:00-04:00,53.63,53.73,53.63,53.71,3916
2019-08-09 15:10:00-04:00,53.695,53.71,53.64,53.645,3456
2019-08-09 15:15:00-04:00,53.65,53.65,53.55,53.57,5030
2019-08-09 15:20:00-04:00,53.575,53.61,53.555,53.605,4080
2019-08-09 15:25:00-04:00,53.6,53.6,53.57,53.575,4474
2019-08-09 15:30:00-04:00,53.58,53.65,53.57,53.6,7457
2019-08-09 15:35:00-04:00,53.605,53.61,53.555,53.6,10843
2019-08-09 15:40:00-04:00,53.6,53.6,53.55,53.55,15197
2019-08-09 15:45:00-04:00,53.55,53.58,53.53,53.55,27937
2019-08-09 15:50:00-04:00,53.545,53.555,53.465,53.47,33195
2019-08-09 15:55:00-04:00,53.46,53.46,53.37,53.41,69274
2019-08-12 09:30:00-04:00,53.26,53.3,53.0,53.14,7529
2019-08-12 09:35:00-04:00,53.115,53.29,53.1,53.27,12436
2019-08-12 09:40:00-04:00,53.26,53.275,53.155,53.24,7183
2019-08-12 09:45:00-04:00,53.235,53.31,53.22,53.245,9504
2019-08-12 09:50:00-04:00,53.19,53.23,53.17,53.175,8068
2019-08-12 09:55:00-04:00,53.135,53.18,53.115,53.17,6578
2019-08-12 10:00:00-04:00,53.165,53.24,53.165,53.215,3950
2019-08-12 10:05:00-04:00,53.19,53.2,53.165,53.19,3656
2019-08-12 10:10:00-04:00,53.19,53.27,53.185,53.27,4200
2019-08-12 10:15:00-04:00,53.285,53.31,53.265,53.27,3974
2019-08-12 10:20:00-04:00,53.305,53.39,53.305,53.37,3653
2019-08-12 10:25:00-04:00,53.38,53.42,53.36,53.37,2878
2019-08-12 10:30:00-04:00,53.365,53.4,53.31,53.31,2371
2019-08-12 10:35:00-04:00,53.3,53.3,53.245,53.27,1916
2019-08-12 10:40:00-04:00,53.26,53.27,53.185,53.195,4465
2019-08-12 10:45:00-04:00,53.22,53.22,53.1,53.1,2151
2019-08-12 10:50:00-04:00,53.1,53.17,53.09,53.16,2688
2019-08-12 10:55:00-04:00,53.16,53.22,53.15,53.18,6355
2019-08-12 11:00:00-04:00,53.17,53.185,53.095,53.1,5958
2019-08-12 11:05:00-04:00,53.07,53.11,53.06,53.085,3691
2019-08-12 11:10:00-04:00,53.075,53.075,52.99,53.0,6506
2019-08-12 11:15:00-04:00,53.01,53.055,53.0,53.015,2618
2019-08-12 11:20:00-04:00,53.04,53.095,53.04,53.075,3774
2019-08-12 11:25:00-04:00,53.07,53.125,53.06,53.125,3169
2019-08-12 11:30:00-04:00,53.115,53.17,53.07,53.08,8351
2019-08-12 11:35:00-04:00,53.08,53.13,53.075,53.13,2330
2019-08-12 11:40:00-04:00,53.14,53.15,53.11,53.13,2997
2019-08-12 11:45:00-04:00,53.15,53.16,53.125,53.14,3300
2019-08-12 11:50:00-04:00,53.16,53.21,53.16,53.21,1390
2019-08-12 11:55:00-04:00,53.21,53.23,53.185,53.185,3370
2019-08-12 12:00:00-04:00,53.18,53.185,53.14,53.165,4350
2019-08-12 12:05:00-04:00,53.19,53.21,53.15,53.21,2960
2019-08-12 12:10:00-04:00,53.21,53.265,53.21,53.265,3470
2019-08-12 12:15:00-04:00,53.25,53.3,53.25,53.3,4861
2019-08-12 12:20:00-04:00,53.32,53.33,53.31,53.32,1772
2019-08-12 12:25:00-04:00,53.31,53.345,53.28,53.345,3566
2019-08-12 12:30:00-04:00,53.34,53.38,53.34,53.34,1006
2019-08-12 12:35:00-04:00,53.34,53.34,53.3,53.31,1019
2019-08-12 12:40:00-04:00,53.31,53.31,53.23,53.27,3724
2019-08-12 12:45:00-04:00,53.24,53.26,53.24,53.26,2727
2019-08-12 12:50:00-04:00,53.27,53.27,53.19,53.22,3117
2019-08-12 12:55:00-04:00,53.22,53.275,53.21,53.23,1536
2019-08-12 13:00:00-04:00,53.22,53.225,53.18,53.22,3057
2019-08-12 13:05:00-04:00,53.22,53.28,53.22,53.25,3770
2019-08-12 13:10:00-04:00,53.23,53.27,53.22,53.255,1880
2019-08-12 13:15:00-04:00,53.25,53.26,53.17,53.18,2314
2019-08-12 13:20:00-04:00,53.21,53.225,53.2,53.22,1300
2019-08-12 13:25:00-04:00,53.23,53.255,53.225,53.23,2695
2019-08-12 13:30:00-04:00,53.215,53.26,53.2,53.26,6262
2019-08-12 13:35:00-04:00,53.245,53.25,53.18,53.19,4639
2019-08-12 13:40:00-04:00,53.16,53.19,53.13,53.14,3167
2019-08-12 13:45:00-04:00,53.14,53.175,53.14,53.15,1919
2019-08-12 13:50:00-04:00,53.15,53.15,53.105,53.12,2354
2019-08-12 13:55:00-04:00,53.14,53.165,53.12,53.16,1629
2019-08-12 14:00:00-04:00,53.15,53.2,53.13,53.19,2434
2019-08-12 14:05:00-04:00,53.175,53.22,53.16,53.22,6580
2019-08-12 14:10:00-04:00,53.225,53.24,53.195,53.205,5609
2019-08-12 14:15:00-04:00,53.21,53.21,53.17,53.18,3159
2019-08-12 14:20:00-04:00,53.18,53.185,53.155,53.165,3006
2019-08-12 14:25:00-04:00,53.165,53.18,53.1,53.1,8613
2019-08-12 14:30:00-04:00,53.095,53.145,53.095,53.125,7778
2019-08-12 14:35:00-04:00,53.125,53.14,53.11,53.14,5551
2019-08-12 14:40:00-04:00,53.13,53.13,53.0,53.035,8626
2019-08-12 14:45:00-04:00,53.035,53.07,53.01,53.01,6385
2019-08-12 14:50:00-04:00,53.03,53.06,53.005,53.02,5173
2019-08-12 14:55:00-04:00,53.015,53.04,52.995,53.01,7295
2019-08-12 15:00:00-04:00,53.03,53.12,53.03,53.11,6489
2019-08-12 15:05:00-04:00,53.1,53.11,53.05,53.08,6111
2019-08-12 15:10:00-04:00,53.06,53.11,53.06,53.1,4216
2019-08-12 15:25:00-04:00,53.09,53.13,53.08,53.13,22662
2019-08-12 15:30:00-04:00,53.125,53.16,53.08,53.12,20589
2019-08-12 15:35:00-04:00,53.13,53.16,53.09,53.16,9472
2019-08-12 15:40:00-04:00,53.16,53.17,53.12,53.12,8842
2019-08-12 15:45:00-04:00,53.13,53.14,53.08,53.08,8613
2019-08-12 15:50:00-04:00,53.08,53.16,53.08,53.15,19192
2019-08-12 15:55:00-04:00,53.15,53.22,53.14,53.18,55359
2019-08-12 19:40:00-04:00,53.155,53.22,53.085,53.22,101906
2019-08-13 09:30:00-04:00,52.92,53.09,52.87,53.09,12286
2019-08-13 09:35:00-04:00,53.065,53.24,53.045,53.2,5578
2019-08-13 09:40:00-04:00,53.21,53.25,53.14,53.21,6098
2019-08-13 09:45:00-04:00,53.21,53.6,53.17,53.45,14050
2019-08-13 09:50:00-04:00,53.45,53.45,53.25,53.32,6128
2019-08-13 09:55:00-04:00,53.34,53.42,53.27,53.34,5526
2019-08-13 10:00:00-04:00,53.375,53.375,53.14,53.19,7140
2019-08-13 10:05:00-04:00,53.18,53.18,53.04,53.07,4323
2019-08-13 10:10:00-04:00,53.065,53.13,53.05,53.1,8379
2019-08-13 10:15:00-04:00,53.15,53.27,53.105,53.27,10304
2019-08-13 10:20:00-04:00,53.27,53.28,53.215,53.23,5719
2019-08-13 10:25:00-04:00,53.225,53.305,53.18,53.265,22839
2019-08-13 10:30:00-04:00,53.28,53.305,53.225,53.24,6006
2019-08-13 10:35:00-04:00,53.26,53.275,53.225,53.275,3008
2019-08-13 10:40:00-04:00,53.265,53.28,53.21,53.24,5340
2019-08-13 10:45:00-04:00,53.25,53.285,53.12,53.14,4955
2019-08-13 10:50:00-04:00,53.125,53.135,53.025,53.025,6740
2019-08-13 10:55:00-04:00,53.005,53.05,52.975,52.99,6817
2019-08-13 11:00:00-04:00,52.975,53.04,52.975,53.0,6627
2019-08-13 11:05:00-04:00,53.01,53.09,53.01,53.06,6817
2019-08-13 11:10:00-04:00,53.055,53.08,53.03,53.03,5795
2019-08-13 11:15:00-04:00,53.03,53.055,52.935,52.97,4513
2019-08-13 11:20:00-04:00,52.975,53.07,52.975,53.025,3541
2019-08-13 11:25:00-04:00,53.01,53.085,53.0,53.03,5972
2019-08-13 11:30:00-04:00,53.035,53.08,53.025,53.06,3544
2019-08-13 11:35:00-04:00,53.045,53.175,53.045,53.13,4484
2019-08-13 11:40:00-04:00,53.165,53.2,53.15,53.185,2660
2019-08-13 11:45:00-04:00,53.215,53.22,53.14,53.155,2741
2019-08-13 11:50:00-04:00,53.15,53.24,53.15,53.24,2927
2019-08-13 11:55:00-04:00,53.26,53.275,53.22,53.265,3676
2019-08-13 12:00:00-04:00,53.27,53.3,53.245,53.28,3978
2019-08-13 12:05:00-04:00,53.28,53.305,53.235,53.28,1745
2019-08-13 12:10:00-04:00,53.295,53.35,53.27,53.35,3813
2019-08-13 12:15:00-04:00,53.35,53.415,53.35,53.4,4454
2019-08-13 12:20:00-04:00,53.42,53.445,53.4,53.41,4365
2019-08-13 12:25:00-04:00,53.415,53.415,53.355,53.37,7050
2019-08-13 12:30:00-04:00,53.36,53.385,53.3,53.31,4773
2019-08-13 12:35:00-04:00,53.32,53.355,53.295,53.325,5049
2019-08-13 12:40:00-04:00,53.325,53.33,53.285,53.305,6734
2019-08-13 12:45:00-04:00,53.295,53.35,53.295,53.32,4012
2019-08-13 12:50:00-04:00,53.325,53.375,53.32,53.32,14562
2019-08-13 12:55:00-04:00,53.33,53.345,53.29,53.31,3549
2019-08-13 13:00:00-04:00,53.335,53.365,53.28,53.365,6583
2019-08-13 13:05:00-04:00,53.36,53.4,53.35,53.37,5266
2019-08-13 13:10:00-04:00,53.375,53.4,53.375,53.39,2918
2019-08-13 13:15:00-04:00,53.4,53.41,53.24,53.26,6463
2019-08-13 13:20:00-04:00,53.245,53.29,53.23,53.27,4509
2019-08-13 13:25:00-04:00,53.27,53.31,53.255,53.29,3489
2019-08-13 13:30:00-04:00,53.305,53.305,53.245,53.29,13389
2019-08-13 13:35:00-04:00,53.31,53.315,53.29,53.305,2446
2019-08-13 13:40:00-04:00,53.305,53.305,53.265,53.285,2384
2019-08-13 13:45:00-04:00,53.285,53.305,53.27,53.27,4715
2019-08-13 13:50:00-04:00,53.275,53.33,53.275,53.32,6285
2019-08-13 13:55:00-04:00,53.31,53.34,53.29,53.3,5882
2019-08-13 14:00:00-04:00,53.315,53.32,53.275,53.29,3521
2019-08-13 14:05:00-04:00,53.285,53.31,53.275,53.3,3351
2019-08-13 14:10:00-04:00,53.315,53.315,53.29,53.29,1903
2019-08-13 14:15:00-04:00,53.3,53.32,53.3,53.32,2421
2019-08-13 14:20:00-04:00,53.315,53.36,53.315,53.36,2751
2019-08-13 14:25:00-04:00,53.39,53.44,53.385,53.43,6616
2019-08-13 14:30:00-04:00,53.435,53.49,53.415,53.49,4148
2019-08-13 14:35:00-04:00,53.475,53.5,53.435,53.47,5886
2019-08-13 14:40:00-04:00,53.465,53.5,53.46,53.49,4773
2019-08-13 14:45:00-04:00,53.475,53.475,53.45,53.47,1902
2019-08-13 14:50:00-04:00,53.475,53.54,53.475,53.5,5524
2019-08-13 14:55:00-04:00,53.5,53.5,53.485,53.495,2181
2019-08-13 15:00:00-04:00,53.495,53.53,53.465,53.465,3418
2019-08-13 15:05:00-04:00,53.465,53.48,53.44,53.48,4803
2019-08-13 15:10:00-04:00,53.5,53.515,53.49,53.51,3333
2019-08-13 15:15:00-04:00,53.51,53.54,53.495,53.54,6063
2019-08-13 15:20:00-04:00,53.54,53.545,53.45,53.47,6461
2019-08-13 15:25:00-04:00,53.475,53.49,53.445,53.48,5345
2019-08-13 15:30:00-04:00,53.465,53.465,53.4,53.4,7759
2019-08-13 15:35:00-04:00,53.41,53.44,53.4,53.44,8328
2019-08-13 15:40:00-04:00,53.435,53.45,53.365,53.39,9698
2019-08-13 15:45:00-04:00,53.4,53.4,53.35,53.395,15509
2019-08-13 15:50:00-04:00,53.39,53.55,53.39,53.545,29782
2019-08-13 15:55:00-04:00,53.54,53.545,53.46,53.51,57417
2019-08-14 09:30:00-04:00,53.36,53.595,53.34,53.585,19106
2019-08-14 09:35:00-04:00,53.58,53.84,53.515,53.81,18412
2019-08-14 09:40:00-04:00,53.82,53.825,53.63,53.655,12574
2019-08-14 09:45:00-04:00,53.66,53.82,53.64,53.815,20058
2019-08-14 09:50:00-04:00,53.815,53.965,53.81,53.905,13865
2019-08-14 09:55:00-04:00,53.93,53.94,53.85,53.875,14027
2019-08-14 10:00:00-04:00,53.87,53.89,53.665,53.665,14853
2019-08-14 10:05:00-04:00,53.67,53.67,53.565,53.605,19781
2019-08-14 10:10:00-04:00,53.6,53.65,53.58,53.615,9439
2019-08-14 10:15:00-04:00,53.68,53.765,53.68,53.755,8041
2019-08-14 10:20:00-04:00,53.76,53.855,53.75,53.855,12596
2019-08-14 10:25:00-04:00,53.86,53.955,53.835,53.835,18536
2019-08-14 10:30:00-04:00,53.83,53.83,53.735,53.75,12853
2019-08-14 10:35:00-04:00,53.76,53.76,53.68,53.695,18216
2019-08-14 10:40:00-04:00,53.68,53.735,53.615,53.73,11622
2019-08-14 10:45:00-04:00,53.735,53.735,53.63,53.65,39185
2019-08-14 10:50:00-04:00,53.65,53.81,53.64,53.805,11885
2019-08-14 10:55:00-04:00,53.8,53.88,53.79,53.79,13314
2019-08-14 11:00:00-04:00,53.81,53.855,53.75,53.82,14544
2019-08-14 11:05:00-04:00,53.825,53.845,53.76,53.775,26677
2019-08-14 11:10:00-04:00,53.77,53.805,53.76,53.78,25609
2019-08-14 11:15:00-04:00,53.77,53.78,53.71,53.765,11128
2019-08-14 11:20:00-04:00,53.765,53.805,53.745,53.755,12426
2019-08-14 11:25:00-04:00,53.75,53.79,53.74,53.79,15874
2019-08-14 11:30:00-04:00,53.79,53.84,53.76,53.835,6454
2019-08-14 11:35:00-04:00,53.84,53.87,53.77,53.865,19414
2019-08-14 11:40:00-04:00,53.88,53.885,53.82,53.835,9369
2019-08-14 11:45:00-04:00,53.84,53.84,53.8,53.81,19817
2019-08-14 11:50:00-04:00,53.825,53.85,53.77,53.81,22959
2019-08-14 11:55:00-04:00,53.81,53.825,53.78,53.82,10254
2019-08-14 12:00:00-04:00,53.81,53.81,53.675,53.675,7571
2019-08-14 12:05:00-04:00,53.67,53.685,53.51,53.515,9116
2019-08-14 12:10:00-04:00,53.52,53.55,53.51,53.51,12175
2019-08-14 12:15:00-04:00,53.53,53.535,53.485,53.525,17009
2019-08-14 12:20:00-04:00,53.525,53.56,53.5,53.55,9603
2019-08-14 12:25:00-04:00,53.54,53.63,53.54,53.625,21376
2019-08-14 12:30:00-04:00,53.63,53.66,53.61,53.61,19367
2019-08-14 12:35:00-04:00,53.575,53.6,53.54,53.54,6859
2019-08-14 12:40:00-04:00,53.55,53.55,53.515,53.54,4280
2019-08-14 12:45:00-04:00,53.54,53.585,53.52,53.52,12143
2019-08-14 12:50:00-04:00,53.51,53.51,53.425,53.46,9469
2019-08-14 12:55:00-04:00,53.44,53.44,53.34,53.34,5818
2019-08-14 13:00:00-04:00,53.36,53.41,53.3,53.395,8358
2019-08-14 13:05:00-04:00,53.385,53.39,53.365,53.38,5091
2019-08-14 13:10:00-04:00,53.37,53.43,53.355,53.43,8171
2019-08-14 13:15:00-04:00,53.42,53.42,53.28,53.28,24535
2019-08-14 13:20:00-04:00,53.29,53.4,53.28,53.4,4438
2019-08-14 13:25:00-04:00,53.38,53.51,53.38,53.465,9881
2019-08-14 13:30:00-04:00,53.46,53.52,53.46,53.51,13634
2019-08-14 13:35:00-04:00,53.52,53.565,53.48,53.51,13295
2019-08-14 13:40:00-04:00,53.515,53.56,53.515,53.535,13615
2019-08-14 13:45:00-04:00,53.52,53.525,53.48,53.505,8930
2019-08-14 13:50:00-04:00,53.515,53.53,53.45,53.45,3543
2019-08-14 13:55:00-04:00,53.44,53.475,53.43,53.43,1337
2019-08-14 14:00:00-04:00,53.455,53.485,53.41,53.41,4630
2019-08-14 14:05:00-04:00,53.41,53.425,53.39,53.415,10092
2019-08-14 14:10:00-04:00,53.4,53.47,53.39,53.42,3805
2019-08-14 14:15:00-04:00,53.435,53.46,53.425,53.44,3139
2019-08-14 14:20:00-04:00,53.43,53.43,53.36,53.36,3833
2019-08-14 14:25:00-04:00,53.355,53.38,53.305,53.31,5266
2019-08-14 14:30:00-04:00,53.31,53.34,53.25,53.255,9507
2019-08-14 14:35:00-04:00,53.25,53.265,53.17,53.17,5637
2019-08-14 14:40:00-04:00,53.2,53.2,53.135,53.16,8264
2019-08-14 14:45:00-04:00,53.18,53.24,53.175,53.185,8796
2019-08-14 14:50:00-04:00,53.185,53.275,53.18,53.26,6725
2019-08-14 14:55:00-04:00,53.25,53.32,53.25,53.28,7338
2019-08-14 15:00:00-04:00,53.27,53.41,53.225,53.37,11068
2019-08-14 15:05:00-04:00,53.39,53.41,53.35,53.38,4867
2019-08-14 15:10:00-04:00,53.385,53.41,53.3,53.31,6966
2019-08-14 15:15:00-04:00,53.29,53.3,53.2,53.2,8976
2019-08-14 15:20:00-04:00,53.19,53.19,53.02,53.02,11962
2019-08-14 15:25:00-04:00,53.02,53.25,53.02,53.15,10600
2019-08-14 15:30:00-04:00,53.14,53.14,53.015,53.1,7540
2019-08-14 15:35:00-04:00,53.105,53.12,53.05,53.11,9198
2019-08-14 15:40:00-04:00,53.13,53.18,53.06,53.1,21945
2019-08-14 15:45:00-04:00,53.09,53.18,53.07,53.08,22928
2019-08-14 15:50:00-04:00,53.08,53.185,53.05,53.17,31954
2019-08-14 15:55:00-04:00,53.17,53.175,52.97,52.98,91497
2019-08-15 09:30:00-04:00,53.37,53.405,53.24,53.34,7140
2019-08-15 09:35:00-04:00,53.4,53.43,53.34,53.43,13003
2019-08-15 09:40:00-04:00,53.44,53.48,53.36,53.44,8270
2019-08-15 09:45:00-04:00,53.45,53.59,53.45,53.57,7576
2019-08-15 09:50:00-04:00,53.59,53.69,53.57,53.69,5523
2019-08-15 09:55:00-04:00,53.7,53.84,53.7,53.83,9422
2019-08-15 10:00:00-04:00,53.8,53.845,53.785,53.825,15376
2019-08-15 10:05:00-04:00,53.82,53.96,53.81,53.935,12388
2019-08-15 10:10:00-04:00,53.95,54.0,53.95,53.98,7834
2019-08-15 10:15:00-04:00,53.965,53.97,53.88,53.925,4604
2019-08-15 10:20:00-04:00,53.915,53.935,53.77,53.79,6600
2019-08-15 10:25:00-04:00,53.75,53.75,53.65,53.65,8018
2019-08-15 10:30:00-04:00,53.63,53.65,53.52,53.63,9314
2019-08-15 10:35:00-04:00,53.615,53.73,53.615,53.63,6394
2019-08-15 10:40:00-04:00,53.61,53.74,53.61,53.74,3936
2019-08-15 10:45:00-04:00,53.78,53.79,53.69,53.72,3184
2019-08-15 10:50:00-04:00,53.71,53.785,53.705,53.76,2425
2019-08-15 10:55:00-04:00,53.75,53.75,53.65,53.655,3396
2019-08-15 11:00:00-04:00,53.645,53.66,53.58,53.58,6559
2019-08-15 11:05:00-04:00,53.57,53.59,53.495,53.525,11595
2019-08-15 11:10:00-04:00,53.51,53.6,53.51,53.58,7206
2019-08-15 11:15:00-04:00,53.545,53.585,53.53,53.57,6363
2019-08-15 11:20:00-04:00,53.57,53.64,53.5,53.61,10680
2019-08-15 11:25:00-04:00,53.6,53.69,53.6,53.69,7743
2019-08-15 11:30:00-04:00,53.695,53.705,53.67,53.67,5506
2019-08-15 11:35:00-04:00,53.69,53.75,53.68,53.75,5139
2019-08-15 11:40:00-04:00,53.75,53.77,53.72,53.77,5400
2019-08-15 11:45:00-04:00,53.77,53.795,53.71,53.71,14073
2019-08-15 11:50:00-04:00,53.715,53.75,53.71,53.745,5636
2019-08-15 11:55:00-04:00,53.74,53.87,53.73,53.855,9677
2019-08-15 12:00:00-04:00,53.85,53.88,53.82,53.88,14463
2019-08-15 12:05:00-04:00,53.87,53.945,53.87,53.945,9024
2019-08-15 12:10:00-04:00,53.94,53.965,53.92,53.95,15927
2019-08-15 12:15:00-04:00,53.95,53.985,53.93,53.975,8738
2019-08-15 12:20:00-04:00,53.98,53.985,53.91,53.91,10231
2019-08-15 12:25:00-04:00,53.905,53.91,53.86,53.86,13985
2019-08-15 12:30:00-04:00,53.865,53.92,53.86,53.905,20206
2019-08-15 12:35:00-04:00,53.905,53.93,53.8,53.81,17975
2019-08-15 12:40:00-04:00,53.82,53.83,53.775,53.775,3601
2019-08-15 12:45:00-04:00,53.76,53.785,53.735,53.755,6348
2019-08-15 12:50:00-04:00,53.765,53.81,53.75,53.8,12605
2019-08-15 12:55:00-04:00,53.8,53.85,53.79,53.84,7752
2019-08-15 13:00:00-04:00,53.84,53.89,53.82,53.89,10572
2019-08-15 13:05:00-04:00,53.88,53.93,53.86,53.915,42548
2019-08-15 13:10:00-04:00,53.915,53.95,53.91,53.91,19287
2019-08-15 13:15:00-04:00,53.91,53.94,53.88,53.91,70265
2019-08-15 13:20:00-04:00,53.92,53.94,53.87,53.88,56603
2019-08-15 13:25:00-04:00,53.88,53.88,53.815,53.815,11142
2019-08-15 13:30:00-04:00,53.81,53.865,53.795,53.86,19641
2019-08-15 13:35:00-04:00,53.86,53.86,53.74,53.75,12082
2019-08-15 13:40:00-04:00,53.78,53.78,53.68,53.7,9724
2019-08-15 13:45:00-04:00,53.7,53.7,53.595,53.64,16319
2019-08-15 13:50:00-04:00,53.65,53.65,53.47,53.49,10783
2019-08-15 13:55:00-04:00,53.5,53.55,53.47,53.515,8237
2019-08-15 14:00:00-04:00,53.51,53.615,53.49,53.55,17381
2019-08-15 14:05:00-04:00,53.53,53.645,53.53,53.63,7404
2019-08-15 14:10:00-04:00,53.64,53.755,53.64,53.72,13339
2019-08-15 14:15:00-04:00,53.725,53.725,53.635,53.635,9812
2019-08-15 14:20:00-04:00,53.63,53.795,53.63,53.775,6635
2019-08-15 14:25:00-04:00,53.76,53.815,53.76,53.8,7710
2019-08-15 14:30:00-04:00,53.825,53.825,53.735,53.78,6244
2019-08-15 14:35:00-04:00,53.78,53.79,53.705,53.74,6253
2019-08-15 14:40:00-04:00,53.75,53.805,53.74,53.775,8441
2019-08-15 14:45:00-04:00,53.77,53.83,53.755,53.78,7280
2019-08-15 14:50:00-04:00,53.775,53.815,53.725,53.805,9455
2019-08-15 14:55:00-04:00,53.805,53.845,53.765,53.83,6964
2019-08-15 15:00:00-04:00,53.835,53.94,53.835,53.91,14861
2019-08-15 15:05:00-04:00,53.92,53.945,53.905,53.93,11294
2019-08-15 15:10:00-04:00,53.94,53.945,53.88,53.92,8352
2019-08-15 15:15:00-04:00,53.91,53.91,53.85,53.86,10257
2019-08-15 15:20:00-04:00,53.86,53.89,53.82,53.83,9989
2019-08-15 15:25:00-04:00,53.825,53.865,53.81,53.815,12670
2019-08-15 15:30:00-04:00,53.81,53.85,53.785,53.82,22972
2019-08-15 15:35:00-04:00,53.82,53.84,53.775,53.825,11956
2019-08-15 15:40:00-04:00,53.83,53.91,53.82,53.89,18594
2019-08-15 15:45:00-04:00,53.9,53.96,53.89,53.93,18447
2019-08-15 15:50:00-04:00,53.93,53.96,53.92,53.96,39518
2019-08-15 15:55:00-04:00,53.955,53.97,53.84,53.87,83069
2019-08-16 09:30:00-04:00,53.97,54.29,53.95,54.29,13935
2019-08-16 09:35:00-04:00,54.28,54.3,54.09,54.13,9470
2019-08-16 09:40:00-04:00,54.09,54.1,53.97,54.02,7698
2019-08-16 09:45:00-04:00,54.03,54.09,54.03,54.05,4590
2019-08-16 09:50:00-04:00,54.07,54.16,54.04,54.04,4226
2019-08-16 09:55:00-04:00,54.03,54.14,54.02,54.14,3226
2019-08-16 10:00:00-04:00,54.13,54.26,54.13,54.235,205797
2019-08-16 10:05:00-04:00,54.235,54.25,54.2,54.2,12612
2019-08-16 10:10:00-04:00,54.2,54.28,54.2,54.235,13627
2019-08-16 10:15:00-04:00,54.255,54.3,54.22,54.235,14690
2019-08-16 10:20:00-04:00,54.24,54.4,54.22,54.32,12577
2019-08-16 10:25:00-04:00,54.33,54.37,54.23,54.26,13872
2019-08-16 10:30:00-04:00,54.24,54.26,54.23,54.23,8306
2019-08-16 10:35:00-04:00,54.245,54.3,54.23,54.28,268927
2019-08-16 10:40:00-04:00,54.29,54.4,54.29,54.38,11425
2019-08-16 10:45:00-04:00,54.385,54.385,54.3,54.345,118385
2019-08-16 10:50:00-04:00,54.345,54.38,54.34,54.37,8357
2019-08-16 10:55:00-04:00,54.365,54.415,54.35,54.41,15719
2019-08-16 11:00:00-04:00,54.425,54.475,54.42,54.455,7988
2019-08-16 11:05:00-04:00,54.465,54.49,54.44,54.455,10200
2019-08-16 11:10:00-04:00,54.46,54.48,54.315,54.34,8805
2019-08-16 11:15:00-04:00,54.35,54.38,54.305,54.31,5772
2019-08-16 11:20:00-04:00,54.33,54.33,54.255,54.26,5518
2019-08-16 11:25:00-04:00,54.255,54.275,54.23,54.255,4859
2019-08-16 11:30:00-04:00,54.25,54.305,54.24,54.305,6667
2019-08-16 11:35:00-04:00,54.3,54.33,54.245,54.25,7382
2019-08-16 11:40:00-04:00,54.27,54.29,54.16,54.195,10391
2019-08-16 11:45:00-04:00,54.19,54.295,54.19,54.295,10301
2019-08-16 11:50:00-04:00,54.3,54.31,54.25,54.305,10514
2019-08-16 11:55:00-04:00,54.295,54.34,54.28,54.28,8757
2019-08-16 12:00:00-04:00,54.27,54.295,54.25,54.265,8322
2019-08-16 12:05:00-04:00,54.26,54.26,54.19,54.2,4992
2019-08-16 12:10:00-04:00,54.21,54.215,54.15,54.15,4440
2019-08-16 12:15:00-04:00,54.14,54.14,54.06,54.12,5636
2019-08-16 12:20:00-04:00,54.135,54.145,54.125,54.135,3700
2019-08-16 12:25:00-04:00,54.16,54.19,54.15,54.15,4796
2019-08-16 12:30:00-04:00,54.15,54.15,54.14,54.145,2485
2019-08-16 12:35:00-04:00,54.2,54.22,54.2,54.21,4911
2019-08-16 12:40:00-04:00,54.235,54.235,54.19,54.2,4498
2019-08-16 12:45:00-04:00,54.205,54.265,54.205,54.24,5854
2019-08-16 12:50:00-04:00,54.25,54.265,54.23,54.235,2729
2019-08-16 12:55:00-04:00,54.26,54.28,54.245,54.28,4495
2019-08-16 13:00:00-04:00,54.27,54.3,54.27,54.29,4453
2019-08-16 13:05:00-04:00,54.295,54.31,54.295,54.31,2767
2019-08-16 13:10:00-04:00,54.32,54.375,54.31,54.365,2670
2019-08-16 13:15:00-04:00,54.35,54.4,54.335,54.4,3110
2019-08-16 13:20:00-04:00,54.39,54.39,54.36,54.375,2880
2019-08-16 13:25:00-04:00,54.375,54.375,54.36,54.365,3885
2019-08-16 13:30:00-04:00,54.365,54.375,54.34,54.355,11194
2019-08-16 13:35:00-04:00,54.355,54.355,54.32,54.325,4091
2019-08-16 13:40:00-04:00,54.33,54.35,54.32,54.33,4212
2019-08-16 13:45:00-04:00,54.32,54.34,54.315,54.335,3849
2019-08-16 13:50:00-04:00,54.33,54.4,54.33,54.4,3798
2019-08-16 13:55:00-04:00,54.405,54.41,54.4,54.405,4391
2019-08-16 14:00:00-04:00,54.42,54.42,54.375,54.385,5584
2019-08-16 14:05:00-04:00,54.385,54.385,54.315,54.32,6855
2019-08-16 14:10:00-04:00,54.33,54.35,54.3,54.345,4785
2019-08-16 14:15:00-04:00,54.345,54.36,54.31,54.315,4111
2019-08-16 14:20:00-04:00,54.32,54.365,54.32,54.345,4091
2019-08-16 14:25:00-04:00,54.345,54.345,54.325,54.34,3850
2019-08-16 14:30:00-04:00,54.335,54.35,54.305,54.35,6809
2019-08-16 14:35:00-04:00,54.355,54.37,54.26,54.26,7385
2019-08-16 14:40:00-04:00,54.265,54.275,54.205,54.205,4624
2019-08-16 14:45:00-04:00,54.205,54.26,54.205,54.26,4630
2019-08-16 14:50:00-04:00,54.25,54.25,54.215,54.235,3478
2019-08-16 14:55:00-04:00,54.24,54.25,54.22,54.23,3687
2019-08-16 15:00:00-04:00,54.22,54.26,54.22,54.255,5340
2019-08-16 15:05:00-04:00,54.26,54.3,54.25,54.26,7883
2019-08-16 15:10:00-04:00,54.25,54.295,54.24,54.29,6382
2019-08-16 15:15:00-04:00,54.29,54.3,54.26,54.26,7127
2019-08-16 15:20:00-04:00,54.26,54.28,54.2,54.2,19698
2019-08-16 15:25:00-04:00,54.21,54.25,54.2,54.24,12726
2019-08-16 15:30:00-04:00,54.24,54.255,54.22,54.245,23516
2019-08-16 15:35:00-04:00,54.25,54.27,54.24,54.255,17511
2019-08-16 15:40:00-04:00,54.255,54.39,54.25,54.385,23052
2019-08-16 15:45:00-04:00,54.385,54.385,54.36,54.37,37929
2019-08-16 15:50:00-04:00,54.375,54.49,54.36,54.45,78529
2019-08-16 15:55:00-04:00,54.45,54.47,54.31,54.405,113712
2019-08-19 09:30:00-04:00,54.53,54.53,54.38,54.475,5342
2019-08-19 09:35:00-04:00,54.475,54.57,54.47,54.5,10896
2019-08-19 09:40:00-04:00,54.505,54.505,54.44,54.44,7569
2019-08-19 09:45:00-04:00,54.425,54.45,54.34,54.45,3802
2019-08-19 09:50:00-04:00,54.465,54.48,54.445,54.475,9891
2019-08-19 09:55:00-04:00,54.46,54.565,54.46,54.565,4327
2019-08-19 10:00:00-04:00,54.53,54.545,54.495,54.5,7579
2019-08-19 10:05:00-04:00,54.5,54.6,54.5,54.53,8679
2019-08-19 10:10:00-04:00,54.55,54.6,54.545,54.585,11159
2019-08-19 10:15:00-04:00,54.59,54.59,54.54,54.545,5336
2019-08-19 10:20:00-04:00,54.54,54.54,54.41,54.415,5113
2019-08-19 10:25:00-04:00,54.395,54.415,54.36,54.36,4263
2019-08-19 10:30:00-04:00,54.335,54.365,54.32,54.355,8834
2019-08-19 10:35:00-04:00,54.35,54.44,54.35,54.435,5792
2019-08-19 10:40:00-04:00,54.44,54.48,54.385,54.385,6957
2019-08-19 10:45:00-04:00,54.4,54.46,54.395,54.46,4944
2019-08-19 10:50:00-04:00,54.435,54.46,54.415,54.46,7744
2019-08-19 10:55:00-04:00,54.44,54.48,54.435,54.47,6335
2019-08-19 11:00:00-04:00,54.48,54.5,54.455,54.49,6641
2019-08-19 11:05:00-04:00,54.49,54.51,54.465,54.49,5028
2019-08-19 11:10:00-04:00,54.5,54.54,54.49,54.53,5822
2019-08-19 11:15:00-04:00,54.51,54.56,54.51,54.555,5338
2019-08-19 11:20:00-04:00,54.55,54.57,54.53,54.57,3239
2019-08-19 11:25:00-04:00,54.57,54.58,54.55,54.55,4229
2019-08-19 11:30:00-04:00,54.57,54.6,54.525,54.565,3504
2019-08-19 11:35:00-04:00,54.565,54.58,54.555,54.56,3018
2019-08-19 11:40:00-04:00,54.555,54.555,54.515,54.53,3330
2019-08-19 11:45:00-04:00,54.52,54.53,54.5,54.53,3755
2019-08-19 11:50:00-04:00,54.535,54.55,54.5,54.525,47274
2019-08-19 11:55:00-04:00,54.525,54.55,54.52,54.52,5343
2019-08-19 12:00:00-04:00,54.52,54.52,54.48,54.51,2957
2019-08-19 12:05:00-04:00,54.495,54.52,54.495,54.515,2013
2019-08-19 12:10:00-04:00,54.51,54.52,54.495,54.505,2255
2019-08-19 12:15:00-04:00,54.505,54.545,54.505,54.545,2430
2019-08-19 12:20:00-04:00,54.55,54.555,54.52,54.525,5313
2019-08-19 12:25:00-04:00,54.52,54.53,54.495,54.5,4625
2019-08-19 12:30:00-04:00,54.505,54.51,54.46,54.49,9769
2019-08-19 12:35:00-04:00,54.49,54.51,54.485,54.51,7072
2019-08-19 12:40:00-04:00,54.52,54.52,54.475,54.48,2137
2019-08-19 12:45:00-04:00,54.49,54.555,54.49,54.55,4616
2019-08-19 12:50:00-04:00,54.56,54.565,54.54,54.565,7351
2019-08-19 12:55:00-04:00,54.57,54.58,54.5,54.51,9458
2019-08-19 13:00:00-04:00,54.515,54.53,54.505,54.51,5601
2019-08-19 13:05:00-04:00,54.51,54.53,54.495,54.525,4174
2019-08-19 13:10:00-04:00,54.525,54.535,54.515,54.52,5812
2019-08-19 13:15:00-04:00,54.52,54.565,54.51,54.56,4417
2019-08-19 13:20:00-04:00,54.57,54.59,54.565,54.565,4338
2019-08-19 13:25:00-04:00,54.565,54.565,54.52,54.545,3070
2019-08-19 13:30:00-04:00,54.535,54.55,54.51,54.525,23885
2019-08-19 13:35:00-04:00,54.53,54.56,54.53,54.55,1738
2019-08-19 13:40:00-04:00,54.56,54.59,54.56,54.585,2973
2019-08-19 13:45:00-04:00,54.58,54.625,54.58,54.62,5846
2019-08-19 13:50:00-04:00,54.635,54.645,54.625,54.63,1664
2019-08-19 13:55:00-04:00,54.62,54.63,54.595,54.615,3581
2019-08-19 14:00:00-04:00,54.615,54.645,54.615,54.64,1910
2019-08-19 14:05:00-04:00,54.64,54.645,54.62,54.64,4451
2019-08-19 14:10:00-04:00,54.625,54.635,54.615,54.615,1511
2019-08-19 14:15:00-04:00,54.62,54.635,54.605,54.615,3482
2019-08-19 14:20:00-04:00,54.615,54.625,54.6,54.61,3112
2019-08-19 14:25:00-04:00,54.62,54.665,54.615,54.665,102281
2019-08-19 14:30:00-04:00,54.665,54.67,54.645,54.655,4166
2019-08-19 14:35:00-04:00,54.67,54.69,54.67,54.685,6492
2019-08-19 14:40:00-04:00,54.68,54.7,54.665,54.685,3507
2019-08-19 14:45:00-04:00,54.69,54.7,54.665,54.67,2958
2019-08-19 14:50:00-04:00,54.675,54.745,54.675,54.72,5224
2019-08-19 14:55:00-04:00,54.725,54.725,54.67,54.685,4896
2019-08-19 15:00:00-04:00,54.695,54.695,54.655,54.67,5790
2019-08-19 15:05:00-04:00,54.675,54.68,54.66,54.68,3714
2019-08-19 15:10:00-04:00,54.66,54.68,54.655,54.675,7144
2019-08-19 15:15:00-04:00,54.675,54.685,54.65,54.665,9101
2019-08-19 15:20:00-04:00,54.665,54.69,54.655,54.68,8778
2019-08-19 15:25:00-04:00,54.7,54.71,54.685,54.705,5569
2019-08-19 15:30:00-04:00,54.7,54.755,54.69,54.75,9204
2019-08-19 15:35:00-04:00,54.75,54.76,54.73,54.76,13588
2019-08-19 15:40:00-04:00,54.76,54.775,54.75,54.76,7813
2019-08-19 15:45:00-04:00,54.76,54.77,54.74,54.755,13612
2019-08-19 15:50:00-04:00,54.755,54.77,54.745,54.765,42219
2019-08-19 15:55:00-04:00,54.77,54.78,54.67,54.68,82662
2019-08-20 09:30:00-04:00,54.63,54.66,54.49,54.53,4687
2019-08-20 09:35:00-04:00,54.54,54.54,54.42,54.45,3071
2019-08-20 09:40:00-04:00,54.39,54.39,54.25,54.28,3470
2019-08-20 09:45:00-04:00,54.26,54.32,54.23,54.27,4243
2019-08-20 09:50:00-04:00,54.27,54.37,54.265,54.33,2008
2019-08-20 09:55:00-04:00,54.305,54.34,54.29,54.31,2800
2019-08-20 10:00:00-04:00,54.28,54.285,54.16,54.16,2483
2019-08-20 10:05:00-04:00,54.17,54.22,54.14,54.16,5683
2019-08-20 10:10:00-04:00,54.15,54.28,54.11,54.27,10385
2019-08-20 10:15:00-04:00,54.255,54.26,54.19,54.23,13787
2019-08-20 10:20:00-04:00,54.26,54.3,54.2,54.21,5038
2019-08-20 10:25:00-04:00,54.21,54.23,54.18,54.23,1937
2019-08-20 10:30:00-04:00,54.205,54.23,54.16,54.165,8354
2019-08-20 10:35:00-04:00,54.21,54.225,54.2,54.22,1700
2019-08-20 10:40:00-04:00,54.22,54.27,54.2,54.27,1793
2019-08-20 10:45:00-04:00,54.26,54.26,54.185,54.2,1878
2019-08-20 10:50:00-04:00,54.205,54.24,54.19,54.24,1678
2019-08-20 10:55:00-04:00,54.23,54.31,54.23,54.295,9476
2019-08-20 11:00:00-04:00,54.27,54.35,54.27,54.31,2476
2019-08-20 11:05:00-04:00,54.285,54.3,54.26,54.3,2623
2019-08-20 11:10:00-04:00,54.32,54.365,54.32,54.36,2951
2019-08-20 11:15:00-04:00,54.36,54.41,54.36,54.41,600
2019-08-20 11:20:00-04:00,54.43,54.43,54.37,54.39,2379
2019-08-20 11:25:00-04:00,54.39,54.39,54.345,54.345,2259
2019-08-20 11:30:00-04:00,54.34,54.34,54.23,54.24,6823
2019-08-20 11:35:00-04:00,54.23,54.26,54.23,54.23,1235
2019-08-20 11:40:00-04:00,54.24,54.25,54.22,54.22,1712
2019-08-20 11:45:00-04:00,54.23,54.23,54.205,54.23,1302
2019-08-20 11:50:00-04:00,54.225,54.245,54.22,54.24,1229
2019-08-20 11:55:00-04:00,54.235,54.235,54.195,54.2,3735
2019-08-20 12:00:00-04:00,54.21,54.225,54.2,54.21,1371
2019-08-20 12:05:00-04:00,54.21,54.23,54.195,54.21,2278
2019-08-20 12:10:00-04:00,54.22,54.25,54.215,54.25,2432
2019-08-20 12:15:00-04:00,54.245,54.26,54.24,54.26,1074
2019-08-20 12:20:00-04:00,54.285,54.3,54.28,54.29,1768
2019-08-20 12:25:00-04:00,54.27,54.27,54.255,54.255,3037
2019-08-20 12:30:00-04:00,54.25,54.25,54.205,54.205,8619
2019-08-20 12:35:00-04:00,54.22,54.23,54.21,54.22,2502
2019-08-20 12:40:00-04:00,54.23,54.23,54.215,54.23,1960
2019-08-20 12:45:00-04:00,54.24,54.24,54.235,54.24,837
2019-08-20 12:50:00-04:00,54.24,54.25,54.23,54.24,7832
2019-08-20 12:55:00-04:00,54.24,54.27,54.23,54.27,1844
2019-08-20 13:00:00-04:00,54.27,54.29,54.25,54.29,3364
2019-08-20 13:05:00-04:00,54.29,54.3,54.28,54.28,2851
2019-08-20 13:10:00-04:00,54.28,54.34,54.28,54.33,2818
2019-08-20 13:15:00-04:00,54.33,54.33,54.28,54.29,1417
2019-08-20 13:20:00-04:00,54.29,54.29,54.26,54.26,1185
2019-08-20 13:25:00-04:00,54.26,54.26,54.21,54.21,1740
2019-08-20 13:30:00-04:00,54.22,54.23,54.17,54.17,3077
2019-08-20 13:35:00-04:00,54.16,54.165,54.12,54.165,3606
2019-08-20 13:40:00-04:00,54.175,54.22,54.175,54.2,2484
2019-08-20 13:45:00-04:00,54.18,54.18,54.155,54.155,1853
2019-08-20 13:50:00-04:00,54.17,54.195,54.16,54.195,1562
2019-08-20 13:55:00-04:00,54.19,54.19,54.16,54.17,1537
2019-08-20 14:00:00-04:00,54.16,54.16,54.065,54.07,2174
2019-08-20 14:05:00-04:00,54.065,54.09,54.02,54.02,7767
2019-08-20 14:10:00-04:00,54.03,54.085,54.03,54.085,1788
2019-08-20 14:15:00-04:00,54.09,54.18,54.09,54.18,7242
2019-08-20 14:20:00-04:00,54.185,54.2,54.12,54.135,4421
2019-08-20 14:25:00-04:00,54.12,54.13,54.09,54.1,1809
2019-08-20 14:30:00-04:00,54.1,54.12,54.1,54.11,2201
2019-08-20 14:35:00-04:00,54.11,54.12,54.05,54.07,1701
2019-08-20 14:40:00-04:00,54.07,54.07,54.03,54.03,2265
2019-08-20 14:45:00-04:00,54.02,54.05,54.01,54.03,4794
2019-08-20 14:50:00-04:00,54.025,54.05,54.02,54.045,3652
2019-08-20 14:55:00-04:00,54.065,54.08,54.03,54.04,2602
2019-08-20 15:00:00-04:00,54.03,54.03,53.985,54.0,8707
2019-08-20 15:05:00-04:00,54.01,54.045,54.0,54.025,4667
2019-08-20 15:10:00-04:00,54.02,54.06,54.02,54.04,3726
2019-08-20 15:15:00-04:00,54.04,54.05,54.005,54.01,4147
2019-08-20 15:20:00-04:00,54.02,54.04,54.02,54.03,4762
2019-08-20 15:25:00-04:00,54.03,54.04,53.99,54.04,7865
2019-08-20 15:30:00-04:00,54.04,54.05,54.01,54.05,2893
2019-08-20 15:35:00-04:00,54.045,54.045,54.0,54.03,4893
2019-08-20 15:40:00-04:00,54.01,54.02,53.98,54.0,8968
2019-08-20 15:45:00-04:00,54.0,54.0,53.96,53.96,9748
2019-08-20 15:50:00-04:00,53.96,53.98,53.91,53.94,18077
2019-08-20 15:55:00-04:00,53.94,53.94,53.84,53.89,81102
2019-08-21 09:30:00-04:00,54.3,54.39,54.27,54.29,5607
2019-08-21 09:35:00-04:00,54.265,54.41,54.23,54.26,4656
2019-08-21 09:40:00-04:00,54.2,54.24,54.17,54.19,2624
2019-08-21 09:45:00-04:00,54.195,54.26,54.18,54.18,3482
2019-08-21 09:50:00-04:00,54.17,54.23,54.17,54.18,1607
2019-08-21 09:55:00-04:00,54.2,54.25,54.195,54.225,1410
2019-08-21 10:00:00-04:00,54.205,54.21,54.11,54.12,4661
2019-08-21 10:05:00-04:00,54.1,54.115,54.06,54.065,2738
2019-08-21 10:10:00-04:00,54.06,54.065,54.025,54.045,2186
2019-08-21 10:15:00-04:00,54.035,54.115,54.025,54.095,4065
2019-08-21 10:20:00-04:00,54.095,54.105,54.065,54.08,2395
2019-08-21 10:25:00-04:00,54.085,54.13,54.085,54.125,3712
2019-08-21 10:30:00-04:00,54.12,54.17,54.11,54.115,4252
2019-08-21 10:35:00-04:00,54.11,54.16,54.11,54.145,10619
2019-08-21 10:40:00-04:00,54.16,54.245,54.16,54.24,4549
2019-08-21 10:45:00-04:00,54.205,54.25,54.2,54.245,5784
2019-08-21 10:50:00-04:00,54.25,54.255,54.225,54.24,23470
2019-08-21 10:55:00-04:00,54.24,54.25,54.205,54.205,9892
2019-08-21 11:00:00-04:00,54.2,54.2,54.14,54.14,7448
2019-08-21 11:05:00-04:00,54.14,54.15,54.08,54.105,4641
2019-08-21 11:10:00-04:00,54.105,54.105,54.09,54.1,3607
2019-08-21 11:15:00-04:00,54.1,54.11,54.075,54.09,1339
2019-08-21 11:20:00-04:00,54.11,54.115,54.025,54.03,1193
2019-08-21 11:25:00-04:00,54.035,54.055,54.02,54.02,4976
2019-08-21 11:30:00-04:00,54.015,54.06,54.005,54.06,1797
2019-08-21 11:35:00-04:00,54.065,54.09,54.055,54.055,1611
2019-08-21 11:40:00-04:00,54.05,54.065,54.04,54.04,1520
2019-08-21 11:45:00-04:00,54.03,54.055,54.025,54.055,2083
2019-08-21 11:50:00-04:00,54.05,54.055,53.98,54.01,4724
2019-08-21 11:55:00-04:00,54.02,54.03,54.0,54.03,2448
2019-08-21 12:00:00-04:00,54.02,54.045,54.01,54.04,3551
2019-08-21 12:05:00-04:00,54.04,54.06,54.04,54.05,2248
2019-08-21 12:10:00-04:00,54.06,54.09,54.06,54.08,3837
2019-08-21 12:15:00-04:00,54.09,54.115,54.09,54.095,5721
2019-08-21 12:20:00-04:00,54.09,54.1,54.085,54.09,4221
2019-08-21 12:25:00-04:00,54.09,54.11,54.085,54.105,2267
2019-08-21 12:30:00-04:00,54.1,54.12,54.065,54.065,3296
2019-08-21 12:35:00-04:00,54.065,54.07,54.04,54.04,1115
2019-08-21 12:40:00-04:00,54.03,54.03,54.01,54.015,2780
2019-08-21 12:45:00-04:00,54.01,54.035,54.01,54.03,1494
2019-08-21 12:50:00-04:00,54.02,54.055,54.02,54.055,1403
2019-08-21 12:55:00-04:00,54.06,54.07,54.05,54.07,1568
2019-08-21 13:00:00-04:00,54.045,54.07,54.04,54.05,2159
2019-08-21 13:05:00-04:00,54.05,54.05,54.02,54.03,904
2019-08-21 13:10:00-04:00,54.035,54.04,54.01,54.02,2002
2019-08-21 13:15:00-04:00,54.015,54.03,54.005,54.03,1260
2019-08-21 13:20:00-04:00,54.05,54.05,54.03,54.03,1155
2019-08-21 13:25:00-04:00,54.03,54.035,54.0,54.0,1945
2019-08-21 13:30:00-04:00,54.0,54.01,53.96,53.96,1146
2019-08-21 13:35:00-04:00,53.96,53.985,53.94,53.985,1262
2019-08-21 13:40:00-04:00,53.99,53.995,53.97,53.97,874
2019-08-21 13:45:00-04:00,53.965,54.0,53.965,54.0,1790
2019-08-21 13:50:00-04:00,54.01,54.015,53.99,54.005,7005
2019-08-21 13:55:00-04:00,54.02,54.035,54.02,54.025,1119
2019-08-21 14:00:00-04:00,54.02,54.05,53.92,54.03,4004
2019-08-21 14:05:00-04:00,54.04,54.06,54.005,54.005,1518
2019-08-21 14:10:00-04:00,54.015,54.015,53.97,53.97,1068
2019-08-21 14:15:00-04:00,53.98,54.04,53.98,54.02,1174
2019-08-21 14:20:00-04:00,54.03,54.04,54.015,54.02,972
2019-08-21 14:25:00-04:00,54.02,54.03,54.02,54.03,1058
2019-08-21 14:30:00-04:00,54.04,54.04,53.99,53.99,2065
2019-08-21 14:35:00-04:00,53.99,53.99,53.885,53.885,2477
2019-08-21 14:40:00-04:00,53.885,53.91,53.885,53.89,880
2019-08-21 14:45:00-04:00,53.885,53.89,53.86,53.86,2486
2019-08-21 14:50:00-04:00,53.88,53.91,53.865,53.9,1769
2019-08-21 14:55:00-04:00,53.91,53.95,53.91,53.94,1718
2019-08-21 15:00:00-04:00,53.95,53.98,53.94,53.94,2795
2019-08-21 15:05:00-04:00,53.93,53.98,53.915,53.98,4729
2019-08-21 15:10:00-04:00,53.985,54.01,53.98,53.99,4742
2019-08-21 15:15:00-04:00,53.99,54.01,53.98,54.01,2885
2019-08-21 15:20:00-04:00,54.015,54.02,53.955,53.955,8088
2019-08-21 15:25:00-04:00,53.955,54.0,53.945,53.99,5149
2019-08-21 15:30:00-04:00,53.99,54.05,53.97,54.035,5834
2019-08-21 15:35:00-04:00,54.04,54.11,54.03,54.095,8795
2019-08-21 15:40:00-04:00,54.09,54.115,54.085,54.115,8934
2019-08-21 15:45:00-04:00,54.11,54.125,54.085,54.1,7653
2019-08-21 15:50:00-04:00,54.11,54.15,54.105,54.14,16625
2019-08-21 15:55:00-04:00,54.15,54.225,54.08,54.12,95581
2019-08-22 09:30:00-04:00,54.1,54.46,54.1,54.36,10467
2019-08-22 09:35:00-04:00,54.4,54.51,54.38,54.38,8285
2019-08-22 09:40:00-04:00,54.4,54.45,54.365,54.405,11853
2019-08-22 09:45:00-04:00,54.42,54.49,54.38,54.48,6111
2019-08-22 09:50:00-04:00,54.46,54.49,54.46,54.48,4538
2019-08-22 09:55:00-04:00,54.475,54.52,54.45,54.52,5175
2019-08-22 10:00:00-04:00,54.515,54.555,54.5,54.5,8692
2019-08-22 10:05:00-04:00,54.515,54.575,54.515,54.55,6130
2019-08-22 10:10:00-04:00,54.55,54.57,54.54,54.545,5620
2019-08-22 10:15:00-04:00,54.545,54.605,54.545,54.55,6119
2019-08-22 10:20:00-04:00,54.525,54.56,54.45,54.49,6080
2019-08-22 10:25:00-04:00,54.49,54.515,54.47,54.51,5874
2019-08-22 10:30:00-04:00,54.5,54.5,54.36,54.37,4745
2019-08-22 10:35:00-04:00,54.34,54.35,54.285,54.31,5207
2019-08-22 10:40:00-04:00,54.3,54.335,54.24,54.255,13711
2019-08-22 10:45:00-04:00,54.265,54.285,54.23,54.27,5269
2019-08-22 10:50:00-04:00,54.275,54.295,54.235,54.235,8747
2019-08-22 10:55:00-04:00,54.24,54.28,54.21,54.22,4682
2019-08-22 11:00:00-04:00,54.23,54.245,54.21,54.245,5816
2019-08-22 11:05:00-04:00,54.285,54.385,54.28,54.315,6825
2019-08-22 11:10:00-04:00,54.32,54.405,54.32,54.385,6706
2019-08-22 11:15:00-04:00,54.37,54.39,54.34,54.39,4594
2019-08-22 11:20:00-04:00,54.4,54.46,54.4,54.46,7271
2019-08-22 11:25:00-04:00,54.455,54.455,54.39,54.4,4913
2019-08-22 11:30:00-04:00,54.41,54.43,54.385,54.395,2216
2019-08-22 11:35:00-04:00,54.4,54.435,54.375,54.43,2567
2019-08-22 11:40:00-04:00,54.465,54.465,54.39,54.4,1563
2019-08-22 11:45:00-04:00,54.41,54.435,54.41,54.42,1103
2019-08-22 11:50:00-04:00,54.42,54.42,54.395,54.405,2856
2019-08-22 11:55:00-04:00,54.41,54.41,54.36,54.36,2429
2019-08-22 12:00:00-04:00,54.35,54.43,54.35,54.42,13754
2019-08-22 12:05:00-04:00,54.425,54.46,54.41,54.45,7371
2019-08-22 12:10:00-04:00,54.43,54.45,54.43,54.45,5700
2019-08-22 12:15:00-04:00,54.43,54.45,54.425,54.45,1921
2019-08-22 12:20:00-04:00,54.44,54.44,54.4,54.4,2740
2019-08-22 12:25:00-04:00,54.41,54.41,54.365,54.365,1249
2019-08-22 12:30:00-04:00,54.355,54.355,54.325,54.325,1711
2019-08-22 12:35:00-04:00,54.32,54.32,54.285,54.3,2020
2019-08-22 12:40:00-04:00,54.305,54.395,54.305,54.395,3297
2019-08-22 12:45:00-04:00,54.395,54.395,54.355,54.36,2738
2019-08-22 12:50:00-04:00,54.37,54.41,54.36,54.41,3020
2019-08-22 12:55:00-04:00,54.415,54.415,54.32,54.32,2397
2019-08-22 13:00:00-04:00,54.33,54.345,54.32,54.32,911
2019-08-22 13:05:00-04:00,54.315,54.355,54.315,54.355,706
2019-08-22 13:10:00-04:00,54.355,54.355,54.325,54.335,2280
2019-08-22 13:15:00-04:00,54.335,54.335,54.32,54.32,1810
2019-08-22 13:20:00-04:00,54.325,54.37,54.325,54.33,2340
2019-08-22 13:25:00-04:00,54.35,54.35,54.34,54.34,509
2019-08-22 13:30:00-04:00,54.345,54.35,54.33,54.35,10616
2019-08-22 13:35:00-04:00,54.35,54.395,54.35,54.38,4401
2019-08-22 13:40:00-04:00,54.39,54.39,54.38,54.38,1507
2019-08-22 13:45:00-04:00,54.375,54.38,54.36,54.36,1817
2019-08-22 13:50:00-04:00,54.365,54.385,54.36,54.385,2593
2019-08-22 13:55:00-04:00,54.385,54.39,54.375,54.39,1053
2019-08-22 14:00:00-04:00,54.41,54.41,54.37,54.37,811
2019-08-22 14:05:00-04:00,54.35,54.35,54.35,54.35,724
2019-08-22 14:10:00-04:00,54.335,54.335,54.31,54.33,3419
2019-08-22 14:15:00-04:00,54.35,54.38,54.35,54.38,3614
2019-08-22 14:20:00-04:00,54.36,54.37,54.35,54.35,2016
2019-08-22 14:25:00-04:00,54.36,54.365,54.34,54.35,2055
2019-08-22 14:30:00-04:00,54.35,54.355,54.34,54.35,2127
2019-08-22 14:35:00-04:00,54.35,54.395,54.34,54.39,3030
2019-08-22 14:40:00-04:00,54.4,54.44,54.4,54.44,1570
2019-08-22 14:45:00-04:00,54.47,54.5,54.465,54.465,2885
2019-08-22 14:50:00-04:00,54.465,54.49,54.465,54.485,2906
2019-08-22 14:55:00-04:00,54.485,54.52,54.48,54.515,8193
2019-08-22 15:00:00-04:00,54.52,54.52,54.5,54.505,27294
2019-08-22 15:05:00-04:00,54.51,54.54,54.5,54.515,6470
2019-08-22 15:10:00-04:00,54.52,54.52,54.43,54.45,4359
2019-08-22 15:15:00-04:00,54.46,54.48,54.445,54.47,6576
2019-08-22 15:20:00-04:00,54.47,54.49,54.47,54.48,3907
2019-08-22 15:25:00-04:00,54.5,54.51,54.49,54.5,7055
2019-08-22 15:30:00-04:00,54.51,54.535,54.47,54.49,5956
2019-08-22 15:35:00-04:00,54.49,54.54,54.485,54.52,9199
2019-08-22 15:40:00-04:00,54.515,54.55,54.515,54.525,11916
2019-08-22 15:45:00-04:00,54.53,54.55,54.525,54.54,10187
2019-08-22 15:50:00-04:00,54.545,54.64,54.545,54.63,19749
2019-08-22 15:55:00-04:00,54.63,54.63,54.47,54.5,73953
2019-08-23 09:25:00-04:00,54.6,54.66,54.6,54.66,985
2019-08-23 09:30:00-04:00,54.42,54.68,54.42,54.43,5638
2019-08-23 09:35:00-04:00,54.46,54.48,54.37,54.435,5648
2019-08-23 09:40:00-04:00,54.475,54.635,54.45,54.5,12373
2019-08-23 09:45:00-04:00,54.49,54.49,54.43,54.43,2540
2019-08-23 09:50:00-04:00,54.4,54.53,54.39,54.46,3524
2019-08-23 09:55:00-04:00,54.46,54.46,54.32,54.32,2722
2019-08-23 10:00:00-04:00,54.31,54.47,54.29,54.44,7990
2019-08-23 10:05:00-04:00,54.46,54.49,54.4,54.48,5001
2019-08-23 10:10:00-04:00,54.425,54.53,54.32,54.53,4199
2019-08-23 10:15:00-04:00,54.52,54.605,54.505,54.595,3191
2019-08-23 10:20:00-04:00,54.585,54.6,54.475,54.475,5497
2019-08-23 10:25:00-04:00,54.46,54.485,54.44,54.48,3080
2019-08-23 10:30:00-04:00,54.475,54.5,54.45,54.47,4177
2019-08-23 10:35:00-04:00,54.47,54.53,54.47,54.52,3789
2019-08-23 10:40:00-04:00,54.525,54.58,54.525,54.565,5193
2019-08-23 10:45:00-04:00,54.56,54.585,54.52,54.525,4477
2019-08-23 10:50:00-04:00,54.525,54.625,54.525,54.59,6851
2019-08-23 10:55:00-04:00,54.585,54.6,54.46,54.46,6670
2019-08-23 11:00:00-04:00,54.485,54.49,54.13,54.13,11345
2019-08-23 11:05:00-04:00,54.12,54.17,53.87,53.89,7908
2019-08-23 11:10:00-04:00,53.85,54.09,53.82,54.04,7761
2019-08-23 11:15:00-04:00,54.01,54.12,54.01,54.07,3925
2019-08-23 11:20:00-04:00,54.085,54.085,53.97,54.035,3945
2019-08-23 11:25:00-04:00,54.01,54.09,54.01,54.06,3608
2019-08-23 11:30:00-04:00,54.03,54.045,53.97,53.98,4055
2019-08-23 11:35:00-04:00,54.0,54.01,53.955,54.0,4668
2019-08-23 11:40:00-04:00,53.975,53.975,53.9,53.94,3716
2019-08-23 11:45:00-04:00,53.94,53.94,53.87,53.885,4522
2019-08-23 11:50:00-04:00,53.9,53.97,53.895,53.96,3864
2019-08-23 11:55:00-04:00,53.97,53.97,53.86,53.86,4636
2019-08-23 12:00:00-04:00,53.85,53.93,53.825,53.92,6725
2019-08-23 12:05:00-04:00,53.93,53.93,53.86,53.9,7155
2019-08-23 12:10:00-04:00,53.89,53.905,53.76,53.88,7676
2019-08-23 12:15:00-04:00,53.88,53.965,53.88,53.95,23057
2019-08-23 12:20:00-04:00,53.94,53.955,53.905,53.91,5095
2019-08-23 12:25:00-04:00,53.93,53.975,53.89,53.95,5414
2019-08-23 12:30:00-04:00,53.945,54.02,53.93,54.02,9829
2019-08-23 12:35:00-04:00,54.01,54.02,53.97,53.995,4323
2019-08-23 12:40:00-04:00,53.985,54.015,53.965,53.965,11611
2019-08-23 12:45:00-04:00,53.965,54.005,53.965,53.975,100402
2019-08-23 12:50:00-04:00,54.005,54.005,53.92,53.93,5648
2019-08-23 12:55:00-04:00,53.93,54.0,53.92,54.0,10777
2019-08-23 13:00:00-04:00,54.005,54.005,53.92,53.99,9557
2019-08-23 13:05:00-04:00,53.98,53.98,53.9,53.93,5320
2019-08-23 13:10:00-04:00,53.935,54.07,53.91,54.04,6241
2019-08-23 13:15:00-04:00,54.03,54.04,53.92,53.945,3603
2019-08-23 13:20:00-04:00,53.945,53.975,53.93,53.95,4955
2019-08-23 13:25:00-04:00,53.935,54.0,53.93,53.96,3998
2019-08-23 13:30:00-04:00,53.945,53.965,53.92,53.955,3819
2019-08-23 13:35:00-04:00,53.95,53.99,53.92,53.99,7432
2019-08-23 13:40:00-04:00,53.985,54.03,53.93,54.03,5980
2019-08-23 13:45:00-04:00,54.035,54.09,54.005,54.09,23218
2019-08-23 13:50:00-04:00,54.095,54.18,54.075,54.175,18973
2019-08-23 13:55:00-04:00,54.15,54.155,54.065,54.09,7361
2019-08-23 14:00:00-04:00,54.095,54.095,54.04,54.07,4610
2019-08-23 14:05:00-04:00,54.07,54.085,54.04,54.045,4254
2019-08-23 14:10:00-04:00,54.055,54.095,54.05,54.05,4833
2019-08-23 14:15:00-04:00,54.05,54.08,54.04,54.04,3268
2019-08-23 14:20:00-04:00,54.065,54.07,54.04,54.055,2731
2019-08-23 14:25:00-04:00,54.055,54.075,54.045,54.06,3277
2019-08-23 14:30:00-04:00,54.065,54.13,54.04,54.04,5903
2019-08-23 14:35:00-04:00,54.04,54.05,53.985,53.985,9441
2019-08-23 14:40:00-04:00,54.005,54.06,53.96,53.97,6117
2019-08-23 14:45:00-04:00,53.98,53.985,53.885,53.885,8544
2019-08-23 14:50:00-04:00,53.875,53.915,53.835,53.845,11470
2019-08-23 14:55:00-04:00,53.84,53.94,53.815,53.925,7879
2019-08-23 15:00:00-04:00,53.92,53.925,53.86,53.875,12127
2019-08-23 15:05:00-04:00,53.87,53.91,53.835,53.84,8330
2019-08-23 15:10:00-04:00,53.845,53.85,53.725,53.75,13070
2019-08-23 15:15:00-04:00,53.745,53.83,53.73,53.825,8726
2019-08-23 15:20:00-04:00,53.82,53.84,53.8,53.8,5985
2019-08-23 15:25:00-04:00,53.79,53.79,53.68,53.69,5803
2019-08-23 15:30:00-04:00,53.685,53.69,53.62,53.66,8001
2019-08-23 15:35:00-04:00,53.66,53.67,53.59,53.63,9579
2019-08-23 15:40:00-04:00,53.63,53.68,53.61,53.645,23977
2019-08-23 15:45:00-04:00,53.66,53.72,53.55,53.55,18401
2019-08-23 15:50:00-04:00,53.545,53.58,53.41,53.43,36403
2019-08-23 15:55:00-04:00,53.43,53.75,53.43,53.75,114825
2019-08-26 09:30:00-04:00,53.94,54.02,53.785,54.0,5987
2019-08-26 09:35:00-04:00,54.03,54.07,53.96,54.045,4577
2019-08-26 09:40:00-04:00,54.02,54.045,53.995,54.0,2465
2019-08-26 09:45:00-04:00,54.01,54.065,53.98,54.04,4212
2019-08-26 09:50:00-04:00,54.03,54.07,54.015,54.015,5020
2019-08-26 09:55:00-04:00,54.01,54.01,53.9,53.91,5006
2019-08-26 10:00:00-04:00,53.91,53.91,53.845,53.855,2712
2019-08-26 10:05:00-04:00,53.84,53.865,53.79,53.79,1932
2019-08-26 10:10:00-04:00,53.8,53.82,53.75,53.77,3839
2019-08-26 10:15:00-04:00,53.83,53.83,53.77,53.77,1654
2019-08-26 10:20:00-04:00,53.74,53.79,53.74,53.78,1102
2019-08-26 10:25:00-04:00,53.825,53.845,53.77,53.845,2943
2019-08-26 10:30:00-04:00,53.835,53.85,53.82,53.835,1905
2019-08-26 10:35:00-04:00,53.83,53.83,53.79,53.8,1629
2019-08-26 10:40:00-04:00,53.78,53.84,53.75,53.84,1408
2019-08-26 10:45:00-04:00,53.83,53.88,53.81,53.85,2298
2019-08-26 10:50:00-04:00,53.86,53.89,53.84,53.85,1800
2019-08-26 10:55:00-04:00,53.83,53.89,53.83,53.89,1022
2019-08-26 11:00:00-04:00,53.89,54.0,53.88,54.0,2999
2019-08-26 11:05:00-04:00,54.03,54.07,54.01,54.07,3950
2019-08-26 11:10:00-04:00,54.07,54.14,54.03,54.11,5247
2019-08-26 11:15:00-04:00,54.12,54.12,54.03,54.03,3950
2019-08-26 11:20:00-04:00,54.065,54.12,54.055,54.09,4037
2019-08-26 11:25:00-04:00,54.09,54.09,54.04,54.04,4423
2019-08-26 11:30:00-04:00,54.07,54.07,54.03,54.04,4771
2019-08-26 11:35:00-04:00,54.035,54.08,54.035,54.06,2914
2019-08-26 11:40:00-04:00,54.06,54.065,54.03,54.03,2690
2019-08-26 11:45:00-04:00,54.05,54.1,54.02,54.09,2952
2019-08-26 11:50:00-04:00,54.1,54.1,54.06,54.08,2061
2019-08-26 11:55:00-04:00,54.11,54.12,54.09,54.12,1599
2019-08-26 12:00:00-04:00,54.13,54.18,54.12,54.14,2802
2019-08-26 12:05:00-04:00,54.14,54.21,54.13,54.21,3126
2019-08-26 12:10:00-04:00,54.24,54.265,54.22,54.24,2039
2019-08-26 12:15:00-04:00,54.22,54.22,54.18,54.18,3002
2019-08-26 12:20:00-04:00,54.18,54.33,54.18,54.33,2807
2019-08-26 12:25:00-04:00,54.31,54.34,54.3,54.305,3590
2019-08-26 12:30:00-04:00,54.32,54.32,54.27,54.28,2906
2019-08-26 12:35:00-04:00,54.29,54.29,54.26,54.27,3042
2019-08-26 12:40:00-04:00,54.28,54.3,54.25,54.27,6084
2019-08-26 12:45:00-04:00,54.27,54.27,54.26,54.27,3961
2019-08-26 12:50:00-04:00,54.29,54.3,54.26,54.3,5073
2019-08-26 12:55:00-04:00,54.33,54.34,54.28,54.3,4860
2019-08-26 13:00:00-04:00,54.31,54.32,54.29,54.29,4565
2019-08-26 13:05:00-04:00,54.31,54.32,54.29,54.31,7230
2019-08-26 13:10:00-04:00,54.31,54.31,54.24,54.24,9637
2019-08-26 13:15:00-04:00,54.24,54.265,54.23,54.23,9426
2019-08-26 13:20:00-04:00,54.23,54.26,54.22,54.22,5994
2019-08-26 13:25:00-04:00,54.23,54.25,54.21,54.24,3528
2019-08-26 13:30:00-04:00,54.24,54.24,54.19,54.23,13415
2019-08-26 13:35:00-04:00,54.23,54.27,54.23,54.24,6746
2019-08-26 13:40:00-04:00,54.24,54.27,54.24,54.27,5051
2019-08-26 13:45:00-04:00,54.26,54.31,54.26,54.31,1519
2019-08-26 13:50:00-04:00,54.31,54.31,54.27,54.29,5118
2019-08-26 13:55:00-04:00,54.28,54.3,54.27,54.295,3722
2019-08-26 14:00:00-04:00,54.29,54.29,54.18,54.21,5544
2019-08-26 14:05:00-04:00,54.2,54.23,54.2,54.22,3738
2019-08-26 14:10:00-04:00,54.22,54.23,54.19,54.21,3278
2019-08-26 14:15:00-04:00,54.2,54.275,54.2,54.26,5394
2019-08-26 14:20:00-04:00,54.25,54.255,54.22,54.225,3835
2019-08-26 14:25:00-04:00,54.22,54.25,54.195,54.22,9772
2019-08-26 14:30:00-04:00,54.22,54.31,54.215,54.285,6423
2019-08-26 14:35:00-04:00,54.28,54.33,54.27,54.33,5323
2019-08-26 14:40:00-04:00,54.325,54.345,54.28,54.3,6912
2019-08-26 14:45:00-04:00,54.3,54.335,54.3,54.33,7881
2019-08-26 14:50:00-04:00,54.33,54.34,54.3,54.31,4911
2019-08-26 14:55:00-04:00,54.32,54.34,54.265,54.34,5602
2019-08-26 15:00:00-04:00,54.34,54.39,54.34,54.34,8473
2019-08-26 15:05:00-04:00,54.33,54.335,54.27,54.28,6484
2019-08-26 15:10:00-04:00,54.28,54.3,54.26,54.27,6593
2019-08-26 15:15:00-04:00,54.27,54.35,54.27,54.32,5243
2019-08-26 15:20:00-04:00,54.32,54.355,54.31,54.33,5155
2019-08-26 15:25:00-04:00,54.325,54.34,54.29,54.3,10959
2019-08-26 15:30:00-04:00,54.3,54.345,54.295,54.31,13740
2019-08-26 15:35:00-04:00,54.315,54.325,54.26,54.27,8394
2019-08-26 15:40:00-04:00,54.26,54.27,54.23,54.25,10546
2019-08-26 15:45:00-04:00,54.25,54.31,54.245,54.28,18836
2019-08-26 15:50:00-04:00,54.28,54.42,54.27,54.42,37780
2019-08-26 15:55:00-04:00,54.42,54.54,54.39,54.52,72551
2019-08-27 09:30:00-04:00,54.68,54.725,54.545,54.59,15733
2019-08-27 09:35:00-04:00,54.6,54.695,54.57,54.67,5648
2019-08-27 09:40:00-04:00,54.67,54.75,54.635,54.655,5483
2019-08-27 09:45:00-04:00,54.64,54.76,54.64,54.705,7770
2019-08-27 09:50:00-04:00,54.69,54.73,54.66,54.7,4690
2019-08-27 09:55:00-04:00,54.7,54.7,54.595,54.62,4696
2019-08-27 10:00:00-04:00,54.62,54.67,54.6,54.62,4089
2019-08-27 10:05:00-04:00,54.62,54.645,54.6,54.6,2669
2019-08-27 10:10:00-04:00,54.615,54.63,54.545,54.555,4902
2019-08-27 10:15:00-04:00,54.57,54.585,54.54,54.55,5577
2019-08-27 10:20:00-04:00,54.56,54.57,54.48,54.51,4886
2019-08-27 10:25:00-04:00,54.51,54.51,54.425,54.45,2824
2019-08-27 10:30:00-04:00,54.43,54.51,54.43,54.485,3293
2019-08-27 10:35:00-04:00,54.48,54.535,54.48,54.53,2425
2019-08-27 10:40:00-04:00,54.53,54.58,54.53,54.57,6818
2019-08-27 10:45:00-04:00,54.56,54.59,54.54,54.56,5107
2019-08-27 10:50:00-04:00,54.56,54.58,54.54,54.545,2209
2019-08-27 10:55:00-04:00,54.57,54.6,54.53,54.545,6094
2019-08-27 11:00:00-04:00,54.57,54.57,54.51,54.53,2552
2019-08-27 11:05:00-04:00,54.53,54.58,54.53,54.55,6169
2019-08-27 11:10:00-04:00,54.59,54.59,54.535,54.55,2360
2019-08-27 11:15:00-04:00,54.565,54.57,54.53,54.535,13853
2019-08-27 11:20:00-04:00,54.535,54.6,54.52,54.59,6925
2019-08-27 11:25:00-04:00,54.58,54.625,54.57,54.57,4493
2019-08-27 11:30:00-04:00,54.56,54.635,54.56,54.615,4401
2019-08-27 11:35:00-04:00,54.61,54.64,54.59,54.63,2228
2019-08-27 11:40:00-04:00,54.62,54.64,54.575,54.62,5041
2019-08-27 11:45:00-04:00,54.61,54.62,54.58,54.61,2441
2019-08-27 11:50:00-04:00,54.61,54.61,54.57,54.59,3409
2019-08-27 11:55:00-04:00,54.59,54.59,54.54,54.55,14602
2019-08-27 12:00:00-04:00,54.565,54.6,54.52,54.53,9978
2019-08-27 12:05:00-04:00,54.54,54.58,54.52,54.52,5082
2019-08-27 12:10:00-04:00,54.55,54.555,54.53,54.55,3972
2019-08-27 12:15:00-04:00,54.56,54.57,54.54,54.56,4419
2019-08-27 12:20:00-04:00,54.56,54.62,54.555,54.62,3641
2019-08-27 12:25:00-04:00,54.63,54.655,54.63,54.64,3669
2019-08-27 12:30:00-04:00,54.64,54.685,54.56,54.59,10071
2019-08-27 12:35:00-04:00,54.58,54.615,54.57,54.6,2477
2019-08-27 12:40:00-04:00,54.6,54.61,54.54,54.59,7079
2019-08-27 12:45:00-04:00,54.59,54.62,54.58,54.58,3321
2019-08-27 12:50:00-04:00,54.56,54.56,54.53,54.55,14770
2019-08-27 12:55:00-04:00,54.56,54.59,54.56,54.58,4483
2019-08-27 13:00:00-04:00,54.58,54.6,54.56,54.56,4740
2019-08-27 13:05:00-04:00,54.55,54.59,54.51,54.58,5379
2019-08-27 13:10:00-04:00,54.58,54.585,54.53,54.54,7130
2019-08-27 13:15:00-04:00,54.51,54.555,54.5,54.555,1552
2019-08-27 13:20:00-04:00,54.565,54.6,54.56,54.6,1862
2019-08-27 13:25:00-04:00,54.6,54.67,54.6,54.65,5576
2019-08-27 13:30:00-04:00,54.645,54.66,54.615,54.62,3636
2019-08-27 13:35:00-04:00,54.63,54.765,54.63,54.72,9842
2019-08-27 13:40:00-04:00,54.7,54.78,54.7,54.77,7403
2019-08-27 13:45:00-04:00,54.76,54.76,54.74,54.75,3284
2019-08-27 13:50:00-04:00,54.75,54.77,54.73,54.75,6458
2019-08-27 13:55:00-04:00,54.76,54.795,54.735,54.795,4405
2019-08-27 14:00:00-04:00,54.795,54.84,54.76,54.775,8773
2019-08-27 14:05:00-04:00,54.78,54.83,54.77,54.82,13558
2019-08-27 14:10:00-04:00,54.83,54.83,54.74,54.74,10778
2019-08-27 14:15:00-04:00,54.71,54.79,54.7,54.78,5184
2019-08-27 14:20:00-04:00,54.79,54.81,54.77,54.79,2897
2019-08-27 14:25:00-04:00,54.79,54.79,54.74,54.76,3550
2019-08-27 14:30:00-04:00,54.75,54.75,54.705,54.725,2708
2019-08-27 14:35:00-04:00,54.75,54.755,54.73,54.755,4102
2019-08-27 14:40:00-04:00,54.76,54.79,54.74,54.77,3149
2019-08-27 14:45:00-04:00,54.76,54.77,54.72,54.745,6287
2019-08-27 14:50:00-04:00,54.735,54.84,54.73,54.84,10641
2019-08-27 14:55:00-04:00,54.81,54.85,54.81,54.845,6537
2019-08-27 15:00:00-04:00,54.845,54.94,54.845,54.92,17498
2019-08-27 15:05:00-04:00,54.935,54.935,54.87,54.875,18293
2019-08-27 15:10:00-04:00,54.88,54.88,54.79,54.82,10840
2019-08-27 15:15:00-04:00,54.83,54.84,54.785,54.8,5686
2019-08-27 15:20:00-04:00,54.79,54.79,54.725,54.74,5077
2019-08-27 15:25:00-04:00,54.75,54.755,54.7,54.7,5475
2019-08-27 15:30:00-04:00,54.69,54.705,54.66,54.7,6685
2019-08-27 15:35:00-04:00,54.7,54.81,54.7,54.79,17201
2019-08-27 15:40:00-04:00,54.795,54.81,54.73,54.73,6580
2019-08-27 15:45:00-04:00,54.73,54.8,54.72,54.77,15654
2019-08-27 15:50:00-04:00,54.77,54.77,54.65,54.69,26642
2019-08-27 15:55:00-04:00,54.68,54.8,54.66,54.69,118003
2019-08-28 09:30:00-04:00,54.65,54.75,54.55,54.63,6327
2019-08-28 09:35:00-04:00,54.62,54.71,54.495,54.6,16053
2019-08-28 09:40:00-04:00,54.59,54.63,54.49,54.525,7923
2019-08-28 09:45:00-04:00,54.505,54.57,54.49,54.57,5020
2019-08-28 09:50:00-04:00,54.58,54.58,54.5,54.52,7420
2019-08-28 09:55:00-04:00,54.52,54.63,54.52,54.63,6095
2019-08-28 10:00:00-04:00,54.595,54.605,54.47,54.49,7127
2019-08-28 10:05:00-04:00,54.5,54.585,54.5,54.57,6775
2019-08-28 10:10:00-04:00,54.58,54.58,54.54,54.565,4030
2019-08-28 10:15:00-04:00,54.565,54.625,54.56,54.605,6709
2019-08-28 10:20:00-04:00,54.59,54.615,54.55,54.55,5408
2019-08-28 10:25:00-04:00,54.56,54.56,54.5,54.53,5025
2019-08-28 10:30:00-04:00,54.51,54.57,54.49,54.505,5751
2019-08-28 10:35:00-04:00,54.53,54.55,54.51,54.535,3333
2019-08-28 10:40:00-04:00,54.54,54.61,54.535,54.565,9369
2019-08-28 10:45:00-04:00,54.545,54.56,54.515,54.515,6980
2019-08-28 10:50:00-04:00,54.51,54.52,54.485,54.52,5315
2019-08-28 10:55:00-04:00,54.52,54.57,54.515,54.515,6891
2019-08-28 11:00:00-04:00,54.515,54.52,54.49,54.505,4421
2019-08-28 11:05:00-04:00,54.5,54.5,54.45,54.47,3395
2019-08-28 11:10:00-04:00,54.475,54.475,54.43,54.45,4641
2019-08-28 11:15:00-04:00,54.465,54.47,54.425,54.44,2915
2019-08-28 11:20:00-04:00,54.44,54.58,54.44,54.535,6175
2019-08-28 11:25:00-04:00,54.53,54.53,54.49,54.51,4495
2019-08-28 11:30:00-04:00,54.505,54.52,54.465,54.47,4796
2019-08-28 11:35:00-04:00,54.49,54.49,54.445,54.46,4861
2019-08-28 11:40:00-04:00,54.46,54.51,54.455,54.49,4801
2019-08-28 11:45:00-04:00,54.495,54.54,54.495,54.535,3265
2019-08-28 11:50:00-04:00,54.545,54.61,54.545,54.61,4014
2019-08-28 11:55:00-04:00,54.605,54.675,54.6,54.675,10668
2019-08-28 12:00:00-04:00,54.68,54.7,54.665,54.695,3342
2019-08-28 12:05:00-04:00,54.695,54.71,54.69,54.71,4937
2019-08-28 12:10:00-04:00,54.71,54.71,54.68,54.7,6682
2019-08-28 12:15:00-04:00,54.7,54.765,54.7,54.75,6000
2019-08-28 12:20:00-04:00,54.73,54.775,54.73,54.775,3603
2019-08-28 12:25:00-04:00,54.78,54.78,54.735,54.75,3981
2019-08-28 12:30:00-04:00,54.755,54.76,54.735,54.75,6506
2019-08-28 12:35:00-04:00,54.75,54.75,54.69,54.69,7368
2019-08-28 12:40:00-04:00,54.695,54.725,54.695,54.71,6201
2019-08-28 12:45:00-04:00,54.71,54.755,54.71,54.74,5392
2019-08-28 12:50:00-04:00,54.745,54.785,54.735,54.785,3087
2019-08-28 12:55:00-04:00,54.78,54.815,54.78,54.815,1693
2019-08-28 13:00:00-04:00,54.815,54.815,54.79,54.795,5219
2019-08-28 13:05:00-04:00,54.795,54.795,54.78,54.795,5670
2019-08-28 13:10:00-04:00,54.79,54.795,54.75,54.77,8119
2019-08-28 13:15:00-04:00,54.76,54.795,54.76,54.78,2789
2019-08-28 13:20:00-04:00,54.79,54.825,54.79,54.825,1533
2019-08-28 13:25:00-04:00,54.81,54.855,54.81,54.85,2540
2019-08-28 13:30:00-04:00,54.86,54.915,54.86,54.915,9515
2019-08-28 13:35:00-04:00,54.915,54.935,54.9,54.91,6633
2019-08-28 13:40:00-04:00,54.93,54.935,54.88,54.88,4435
2019-08-28 13:45:00-04:00,54.88,54.895,54.87,54.885,3127
2019-08-28 13:50:00-04:00,54.88,54.885,54.86,54.87,3786
2019-08-28 13:55:00-04:00,54.88,54.895,54.87,54.87,7842
2019-08-28 14:00:00-04:00,54.865,54.895,54.865,54.88,2987
2019-08-28 14:05:00-04:00,54.87,54.915,54.87,54.915,1879
2019-08-28 14:10:00-04:00,54.91,54.93,54.87,54.875,3776
2019-08-28 14:15:00-04:00,54.88,54.905,54.86,54.9,4616
2019-08-28 14:20:00-04:00,54.9,54.92,54.89,54.92,2256
2019-08-28 14:25:00-04:00,54.91,54.93,54.91,54.93,1508
2019-08-28 14:30:00-04:00,54.945,54.95,54.92,54.93,6531
2019-08-28 14:35:00-04:00,54.94,54.97,54.94,54.97,2861
2019-08-28 14:40:00-04:00,54.97,54.975,54.95,54.95,10351
2019-08-28 14:45:00-04:00,54.97,55.0,54.97,54.98,8370
2019-08-28 14:50:00-04:00,54.995,55.0,54.98,54.99,3392
2019-08-28 14:55:00-04:00,54.99,55.0,54.99,54.99,1721
2019-08-28 15:00:00-04:00,54.99,55.0,54.97,54.99,5275
2019-08-28 15:05:00-04:00,54.99,54.99,54.96,54.98,4478
2019-08-28 15:10:00-04:00,54.98,54.99,54.97,54.98,4122
2019-08-28 15:15:00-04:00,54.98,55.0,54.97,54.995,12854
2019-08-28 15:20:00-04:00,54.995,54.995,54.97,54.98,15188
2019-08-28 15:25:00-04:00,54.98,54.995,54.97,54.98,5384
2019-08-28 15:30:00-04:00,54.98,54.98,54.935,54.96,7845
2019-08-28 15:35:00-04:00,54.96,54.995,54.96,54.985,7475
2019-08-28 15:40:00-04:00,54.98,55.0,54.98,54.995,11608
2019-08-28 15:45:00-04:00,54.995,55.0,54.985,55.0,13688
2019-08-28 15:50:00-04:00,55.0,55.125,54.99,55.12,62954
2019-08-28 15:55:00-04:00,55.11,55.15,55.05,55.1,90455
2019-08-29 09:30:00-04:00,55.34,55.34,54.98,55.03,14390
2019-08-29 09:35:00-04:00,55.025,55.17,55.025,55.15,13224
2019-08-29 09:40:00-04:00,55.13,55.17,54.95,55.015,26603
2019-08-29 09:45:00-04:00,55.01,55.08,55.01,55.02,7116
2019-08-29 09:50:00-04:00,54.995,55.1,54.995,55.06,9293
2019-08-29 09:55:00-04:00,55.05,55.07,54.96,54.99,6332
2019-08-29 10:00:00-04:00,55.0,55.03,54.96,55.0,7363
2019-08-29 10:05:00-04:00,55.0,55.0,54.9,54.9,3634
2019-08-29 10:10:00-04:00,54.87,54.88,54.735,54.735,6675
2019-08-29 10:15:00-04:00,54.76,54.79,54.725,54.74,4908
2019-08-29 10:20:00-04:00,54.74,54.76,54.7,54.75,3719
2019-08-29 10:25:00-04:00,54.745,54.77,54.72,54.77,3445
2019-08-29 10:30:00-04:00,54.74,54.805,54.71,54.805,2630
2019-08-29 10:35:00-04:00,54.81,54.81,54.605,54.705,21630
2019-08-29 10:40:00-04:00,54.68,54.75,54.67,54.75,3395
2019-08-29 10:45:00-04:00,54.73,54.785,54.7,54.785,8143
2019-08-29 10:50:00-04:00,54.8,54.865,54.8,54.85,5218
2019-08-29 10:55:00-04:00,54.865,54.91,54.86,54.9,4456
2019-08-29 11:00:00-04:00,54.9,54.93,54.89,54.905,5412
2019-08-29 11:05:00-04:00,54.91,54.935,54.85,54.85,8151
2019-08-29 11:10:00-04:00,54.86,54.915,54.86,54.91,4637
2019-08-29 11:15:00-04:00,54.915,54.92,54.885,54.895,7183
2019-08-29 11:20:00-04:00,54.9,54.95,54.9,54.94,5482
2019-08-29 11:25:00-04:00,54.95,54.955,54.91,54.94,7613
2019-08-29 11:30:00-04:00,54.93,54.995,54.93,54.98,7116
2019-08-29 11:35:00-04:00,54.99,54.995,54.955,54.96,8710
2019-08-29 11:40:00-04:00,54.96,54.995,54.95,54.99,6441
2019-08-29 11:45:00-04:00,54.985,55.03,54.98,55.03,4503
2019-08-29 11:50:00-04:00,55.025,55.025,54.99,55.01,2186
2019-08-29 11:55:00-04:00,55.01,55.03,55.0,55.02,4810
2019-08-29 12:00:00-04:00,55.02,55.02,54.985,55.005,2895
2019-08-29 12:05:00-04:00,55.0,55.0,54.975,54.99,3885
2019-08-29 12:10:00-04:00,55.0,55.01,54.985,55.01,9417
2019-08-29 12:15:00-04:00,55.005,55.005,54.995,55.0,4280
2019-08-29 12:20:00-04:00,54.995,55.04,54.995,55.04,12418
2019-08-29 12:25:00-04:00,55.03,55.035,55.02,55.025,7838
2019-08-29 12:30:00-04:00,55.02,55.035,55.01,55.03,10468
2019-08-29 12:35:00-04:00,55.03,55.07,55.03,55.065,9272
2019-08-29 12:40:00-04:00,55.07,55.09,55.065,55.065,12459
2019-08-29 12:45:00-04:00,55.07,55.08,55.04,55.08,11541
2019-08-29 12:50:00-04:00,55.07,55.075,55.05,55.075,7897
2019-08-29 12:55:00-04:00,55.07,55.11,55.07,55.105,5771
2019-08-29 13:00:00-04:00,55.105,55.12,55.1,55.12,10553
2019-08-29 13:05:00-04:00,55.11,55.12,55.065,55.12,7987
2019-08-29 13:10:00-04:00,55.12,55.16,55.12,55.15,7238
2019-08-29 13:15:00-04:00,55.14,55.165,55.135,55.165,3180
2019-08-29 13:20:00-04:00,55.16,55.17,55.13,55.13,5738
2019-08-29 13:25:00-04:00,55.125,55.13,55.12,55.12,3966
2019-08-29 13:30:00-04:00,55.13,55.15,55.12,55.15,7117
2019-08-29 13:35:00-04:00,55.16,55.2,55.155,55.2,8193
2019-08-29 13:40:00-04:00,55.2,55.23,55.2,55.22,7144
2019-08-29 13:45:00-04:00,55.22,55.24,55.22,55.235,9488
2019-08-29 13:50:00-04:00,55.24,55.24,55.195,55.22,8720
2019-08-29 13:55:00-04:00,55.22,55.22,55.195,55.2,3537
2019-08-29 14:00:00-04:00,55.2,55.21,55.19,55.19,8518
2019-08-29 14:05:00-04:00,55.2,55.21,55.165,55.18,6664
2019-08-29 14:10:00-04:00,55.18,55.21,55.18,55.21,5101
2019-08-29 14:15:00-04:00,55.21,55.21,55.12,55.14,8757
2019-08-29 14:20:00-04:00,55.14,55.14,55.11,55.11,2863
2019-08-29 14:25:00-04:00,55.12,55.12,55.07,55.07,4647
2019-08-29 14:30:00-04:00,55.08,55.09,55.035,55.04,8774
2019-08-29 14:35:00-04:00,55.03,55.04,55.02,55.025,8057
2019-08-29 14:40:00-04:00,55.04,55.05,55.035,55.05,3572
2019-08-29 14:45:00-04:00,55.05,55.07,55.04,55.07,7823
2019-08-29 14:50:00-04:00,55.075,55.075,55.04,55.05,6355
2019-08-29 14:55:00-04:00,55.045,55.06,55.04,55.055,2740
2019-08-29 15:00:00-04:00,55.06,55.08,55.05,55.07,15040
2019-08-29 15:05:00-04:00,55.065,55.095,55.05,55.075,6284
2019-08-29 15:10:00-04:00,55.075,55.085,55.055,55.065,5808
2019-08-29 15:15:00-04:00,55.06,55.08,55.055,55.08,5817
2019-08-29 15:20:00-04:00,55.09,55.095,55.03,55.04,6381
2019-08-29 15:25:00-04:00,55.03,55.04,54.96,54.98,8059
2019-08-29 15:30:00-04:00,54.985,55.025,54.985,55.0,7813
2019-08-29 15:35:00-04:00,55.0,55.035,55.0,55.02,9945
2019-08-29 15:40:00-04:00,55.01,55.015,54.975,54.985,9995
2019-08-29 15:45:00-04:00,54.99,55.05,54.98,55.04,12988
2019-08-29 15:50:00-04:00,55.05,55.075,55.015,55.04,23983
2019-08-29 15:55:00-04:00,55.05,55.07,55.015,55.04,60776
2019-08-30 09:30:00-04:00,55.19,55.2,55.06,55.12,4503
2019-08-30 09:35:00-04:00,55.15,55.15,54.97,54.985,3995
2019-08-30 09:40:00-04:00,54.98,54.99,54.88,54.88,2739
2019-08-30 09:45:00-04:00,54.82,54.94,54.81,54.915,2039
2019-08-30 09:50:00-04:00,54.92,55.045,54.92,55.025,6219
2019-08-30 09:55:00-04:00,55.025,55.055,55.01,55.05,4594
2019-08-30 10:00:00-04:00,55.06,55.11,55.05,55.06,3320
2019-08-30 10:05:00-04:00,55.06,55.07,55.04,55.06,2577
2019-08-30 10:10:00-04:00,55.05,55.05,54.95,54.99,2355
2019-08-30 10:15:00-04:00,55.005,55.09,55.005,55.04,4005
2019-08-30 10:20:00-04:00,55.02,55.06,54.98,55.06,2455
2019-08-30 10:25:00-04:00,55.08,55.135,55.08,55.135,2952
2019-08-30 10:30:00-04:00,55.15,55.15,55.08,55.08,1105
2019-08-30 10:35:00-04:00,55.06,55.09,55.02,55.03,2489
2019-08-30 10:40:00-04:00,55.045,55.05,55.025,55.05,1912
2019-08-30 10:45:00-04:00,55.04,55.08,55.035,55.06,2306
2019-08-30 10:50:00-04:00,55.055,55.055,55.005,55.03,1204
2019-08-30 10:55:00-04:00,55.035,55.05,55.01,55.05,2376
2019-08-30 11:00:00-04:00,55.04,55.04,55.0,55.0,2829
2019-08-30 11:05:00-04:00,55.01,55.02,54.965,54.975,1340
2019-08-30 11:10:00-04:00,54.965,54.995,54.94,54.97,2597
2019-08-30 11:15:00-04:00,54.955,54.97,54.9,54.91,3259
2019-08-30 11:20:00-04:00,54.885,54.9,54.865,54.89,4233
2019-08-30 11:25:00-04:00,54.89,54.89,54.825,54.825,3338
2019-08-30 11:30:00-04:00,54.815,54.96,54.815,54.945,3418
2019-08-30 11:35:00-04:00,54.935,54.975,54.925,54.925,2525
2019-08-30 11:40:00-04:00,54.91,54.97,54.91,54.97,1821
2019-08-30 11:45:00-04:00,54.97,54.99,54.96,54.98,1791
2019-08-30 11:50:00-04:00,54.99,54.99,54.945,54.955,5058
2019-08-30 11:55:00-04:00,54.955,54.99,54.935,54.965,3101
2019-08-30 12:00:00-04:00,54.965,55.0,54.965,54.99,1432
2019-08-30 12:05:00-04:00,54.99,55.03,54.98,54.99,1979
2019-08-30 12:10:00-04:00,54.975,55.04,54.96,55.01,15441
2019-08-30 12:15:00-04:00,55.005,55.025,55.0,55.02,1760
2019-08-30 12:20:00-04:00,55.025,55.045,55.01,55.035,3427
2019-08-30 12:25:00-04:00,55.03,55.07,55.03,55.06,3346
2019-08-30 12:30:00-04:00,55.08,55.08,55.065,55.08,1690
2019-08-30 12:35:00-04:00,55.065,55.08,55.065,55.08,915
2019-08-30 12:40:00-04:00,55.075,55.09,55.07,55.08,2651
2019-08-30 12:45:00-04:00,55.095,55.1,55.08,55.09,3628
2019-08-30 12:50:00-04:00,55.1,55.1,55.06,55.09,5280
2019-08-30 12:55:00-04:00,55.1,55.1,55.07,55.07,1062
2019-08-30 13:00:00-04:00,55.085,55.085,55.025,55.025,11740
2019-08-30 13:05:00-04:00,55.02,55.025,54.975,55.0,2509
2019-08-30 13:10:00-04:00,54.99,54.99,54.97,54.97,804
2019-08-30 13:15:00-04:00,54.95,54.95,54.915,54.92,1108
2019-08-30 13:20:00-04:00,54.93,54.93,54.895,54.915,2090
2019-08-30 13:25:00-04:00,54.915,54.94,54.91,54.93,1832
2019-08-30 13:30:00-04:00,54.94,54.955,54.94,54.955,77821
2019-08-30 13:35:00-04:00,54.955,54.955,54.93,54.935,711
2019-08-30 13:40:00-04:00,54.96,54.96,54.93,54.93,1106
2019-08-30 13:45:00-04:00,54.925,54.96,54.925,54.96,656
2019-08-30 13:50:00-04:00,54.96,54.99,54.96,54.975,1349
2019-08-30 13:55:00-04:00,54.975,54.985,54.955,54.965,1456
2019-08-30 14:00:00-04:00,54.99,55.0,54.98,54.995,2090
2019-08-30 14:05:00-04:00,54.99,54.99,54.98,54.98,1880
2019-08-30 14:10:00-04:00,54.98,54.99,54.97,54.99,1353
2019-08-30 14:15:00-04:00,54.96,54.99,54.96,54.98,1325
2019-08-30 14:20:00-04:00,54.98,54.98,54.96,54.96,1321
2019-08-30 14:25:00-04:00,54.96,54.98,54.955,54.96,4310
2019-08-30 14:30:00-04:00,54.965,54.965,54.895,54.91,10927
2019-08-30 14:35:00-04:00,54.885,54.94,54.88,54.93,3605
2019-08-30 14:40:00-04:00,54.92,54.95,54.91,54.95,2635
2019-08-30 14:45:00-04:00,54.95,54.95,54.915,54.92,4768
2019-08-30 14:50:00-04:00,54.94,54.945,54.91,54.915,1500
2019-08-30 14:55:00-04:00,54.925,54.95,54.91,54.91,2133
2019-08-30 15:00:00-04:00,54.91,54.93,54.89,54.93,3526
2019-08-30 15:05:00-04:00,54.955,54.97,54.945,54.95,3288
2019-08-30 15:10:00-04:00,54.95,54.95,54.895,54.915,4722
2019-08-30 15:15:00-04:00,54.93,54.93,54.89,54.89,3789
2019-08-30 15:20:00-04:00,54.89,54.895,54.87,54.88,3401
2019-08-30 15:25:00-04:00,54.88,54.985,54.88,54.98,4662
2019-08-30 15:30:00-04:00,54.99,55.015,54.98,54.995,5060
2019-08-30 15:35:00-04:00,55.0,55.015,54.98,54.99,6009
2019-08-30 15:40:00-04:00,55.0,55.0,54.955,54.99,4887
2019-08-30 15:45:00-04:00,54.995,55.05,54.985,55.045,8784
2019-08-30 15:50:00-04:00,55.05,55.1,55.03,55.09,32650
2019-08-30 15:55:00-04:00,55.085,55.185,55.03,55.03,128702
2019-09-03 09:25:00-04:00,54.69,54.69,54.69,54.69,200
2019-09-03 09:30:00-04:00,54.96,55.08,54.94,55.0,10513
2019-09-03 09:35:00-04:00,54.97,54.99,54.87,54.87,6201
2019-09-03 09:40:00-04:00,54.89,54.925,54.875,54.875,1947
2019-09-03 09:45:00-04:00,54.89,54.96,54.89,54.9,6702
2019-09-03 09:50:00-04:00,54.93,54.98,54.9,54.95,3774
2019-09-03 09:55:00-04:00,54.99,55.03,54.97,54.99,2463
2019-09-03 10:00:00-04:00,55.02,55.05,54.91,54.99,9445
2019-09-03 10:05:00-04:00,55.01,55.02,54.89,54.92,3232
2019-09-03 10:10:00-04:00,54.965,54.98,54.93,54.955,937
2019-09-03 10:15:00-04:00,54.945,55.13,54.945,55.125,2725
2019-09-03 10:20:00-04:00,55.1,55.11,55.07,55.11,1615
2019-09-03 10:25:00-04:00,55.125,55.17,55.11,55.17,966
2019-09-03 10:30:00-04:00,55.18,55.22,55.16,55.16,4233
2019-09-03 10:35:00-04:00,55.18,55.225,55.17,55.195,2089
2019-09-03 10:40:00-04:00,55.195,55.225,55.18,55.195,6346
2019-09-03 10:45:00-04:00,55.21,55.245,55.21,55.22,3761
2019-09-03 10:50:00-04:00,55.22,55.32,55.21,55.3,3544
2019-09-03 10:55:00-04:00,55.31,55.32,55.23,55.25,4882
2019-09-03 11:00:00-04:00,55.25,55.28,55.24,55.24,1906
2019-09-03 11:05:00-04:00,55.21,55.25,55.2,55.21,3619
2019-09-03 11:10:00-04:00,55.16,55.17,55.13,55.16,5590
2019-09-03 11:15:00-04:00,55.145,55.19,55.14,55.17,4831
2019-09-03 11:20:00-04:00,55.16,55.21,55.16,55.2,4255
2019-09-03 11:25:00-04:00,55.21,55.22,55.14,55.22,3782
2019-09-03 11:30:00-04:00,55.21,55.23,55.18,55.23,2660
2019-09-03 11:35:00-04:00,55.26,55.28,55.24,55.25,1264
2019-09-03 11:40:00-04:00,55.26,55.28,55.25,55.265,3420
2019-09-03 11:45:00-04:00,55.27,55.27,55.22,55.23,1500
2019-09-03 11:50:00-04:00,55.22,55.26,55.22,55.255,512
2019-09-03 11:55:00-04:00,55.235,55.25,55.23,55.24,2049
2019-09-03 12:00:00-04:00,55.25,55.28,55.25,55.27,1588
2019-09-03 12:05:00-04:00,55.25,55.25,55.185,55.2,2512
2019-09-03 12:10:00-04:00,55.21,55.22,55.165,55.165,4048
2019-09-03 12:15:00-04:00,55.175,55.195,55.145,55.17,3446
2019-09-03 12:20:00-04:00,55.17,55.19,55.15,55.17,2230
2019-09-03 12:25:00-04:00,55.17,55.17,55.15,55.16,1067
2019-09-03 12:30:00-04:00,55.13,55.17,55.13,55.17,983
2019-09-03 12:35:00-04:00,55.17,55.23,55.17,55.23,1405
2019-09-03 12:40:00-04:00,55.235,55.235,55.2,55.205,709
2019-09-03 12:45:00-04:00,55.19,55.265,55.19,55.265,1319
2019-09-03 12:50:00-04:00,55.26,55.265,55.2,55.2,917
2019-09-03 12:55:00-04:00,55.2,55.205,55.18,55.205,1287
2019-09-03 13:00:00-04:00,55.21,55.21,55.18,55.19,1021
2019-09-03 13:05:00-04:00,55.17,55.17,55.15,55.15,1183
2019-09-03 13:10:00-04:00,55.16,55.19,55.155,55.19,1018
2019-09-03 13:15:00-04:00,55.19,55.195,55.16,55.195,1521
2019-09-03 13:20:00-04:00,55.155,55.18,55.155,55.18,563
2019-09-03 13:25:00-04:00,55.18,55.21,55.18,55.21,1002
2019-09-03 13:30:00-04:00,55.195,55.2,55.13,55.13,1236
2019-09-03 13:35:00-04:00,55.12,55.13,55.11,55.13,1531
2019-09-03 13:40:00-04:00,55.12,55.14,55.1,55.1,3011
2019-09-03 13:45:00-04:00,55.13,55.135,55.12,55.12,1381
2019-09-03 13:50:00-04:00,55.11,55.11,55.08,55.085,2258
2019-09-03 13:55:00-04:00,55.08,55.08,55.075,55.075,218
2019-09-03 14:00:00-04:00,55.04,55.05,55.04,55.05,1270
2019-09-03 14:05:00-04:00,55.03,55.05,55.03,55.045,1035
2019-09-03 14:10:00-04:00,55.055,55.075,55.04,55.07,3898
2019-09-03 14:15:00-04:00,55.05,55.11,55.04,55.1,6579
2019-09-03 14:20:00-04:00,55.11,55.14,55.095,55.14,11178
2019-09-03 14:25:00-04:00,55.15,55.21,55.15,55.19,11014
2019-09-03 14:30:00-04:00,55.19,55.205,55.11,55.115,4201
2019-09-03 14:35:00-04:00,55.1,55.105,55.07,55.08,2161
2019-09-03 14:40:00-04:00,55.085,55.09,55.075,55.09,1844
2019-09-03 14:45:00-04:00,55.095,55.095,55.07,55.07,1951
2019-09-03 14:50:00-04:00,55.075,55.1,55.06,55.08,1808
2019-09-03 14:55:00-04:00,55.085,55.085,55.07,55.07,1160
2019-09-03 15:00:00-04:00,55.08,55.09,55.04,55.09,6796
2019-09-03 15:05:00-04:00,55.07,55.11,55.07,55.105,3775
2019-09-03 15:10:00-04:00,55.09,55.1,55.08,55.1,2009
2019-09-03 15:15:00-04:00,55.09,55.12,55.09,55.11,9701
2019-09-03 15:20:00-04:00,55.12,55.14,55.105,55.11,15766
2019-09-03 15:25:00-04:00,55.12,55.13,55.085,55.095,4393
2019-09-03 15:30:00-04:00,55.1,55.13,55.07,55.09,4601
2019-09-03 15:35:00-04:00,55.105,55.15,55.1,55.14,14102
2019-09-03 15:40:00-04:00,55.14,55.14,55.11,55.13,9532
2019-09-03 15:45:00-04:00,55.135,55.2,55.12,55.16,15902
2019-09-03 15:50:00-04:00,55.18,55.28,55.18,55.28,12133
2019-09-03 15:55:00-04:00,55.28,55.32,55.235,55.315,46157
2019-09-04 09:30:00-04:00,55.32,55.45,55.31,55.44,3891
2019-09-04 09:35:00-04:00,55.43,55.46,55.305,55.39,8116
2019-09-04 09:40:00-04:00,55.38,55.4,55.34,55.37,11134
2019-09-04 09:45:00-04:00,55.36,55.38,55.33,55.37,10512
2019-09-04 09:50:00-04:00,55.37,55.59,55.36,55.58,14508
2019-09-04 09:55:00-04:00,55.58,55.585,55.54,55.56,7089
2019-09-04 10:00:00-04:00,55.565,55.64,55.56,55.63,7675
2019-09-04 10:05:00-04:00,55.625,55.68,55.62,55.62,5187
2019-09-04 10:10:00-04:00,55.635,55.635,55.49,55.54,17016
2019-09-04 10:15:00-04:00,55.53,55.56,55.5,55.535,2223
2019-09-04 10:20:00-04:00,55.54,55.55,55.53,55.54,4373
2019-09-04 10:25:00-04:00,55.545,55.62,55.545,55.59,5303
2019-09-04 10:30:00-04:00,55.575,55.65,55.575,55.61,2762
2019-09-04 10:35:00-04:00,55.62,55.65,55.615,55.64,4577
2019-09-04 10:40:00-04:00,55.62,55.63,55.6,55.6,3253
2019-09-04 10:45:00-04:00,55.575,55.59,55.54,55.59,3775
2019-09-04 10:50:00-04:00,55.59,55.72,55.59,55.72,9193
2019-09-04 10:55:00-04:00,55.705,55.775,55.7,55.77,5774
2019-09-04 11:00:00-04:00,55.785,55.79,55.73,55.745,4058
2019-09-04 11:05:00-04:00,55.745,55.76,55.66,55.665,5817
2019-09-04 11:10:00-04:00,55.67,55.67,55.605,55.64,6041
2019-09-04 11:15:00-04:00,55.64,55.74,55.64,55.72,5479
2019-09-04 11:20:00-04:00,55.72,55.74,55.7,55.72,2699
2019-09-04 11:25:00-04:00,55.73,55.77,55.685,55.77,1959
2019-09-04 11:30:00-04:00,55.75,55.75,55.73,55.73,3730
2019-09-04 11:35:00-04:00,55.74,55.83,55.74,55.82,5682
2019-09-04 11:40:00-04:00,55.83,55.86,55.815,55.845,6046
2019-09-04 11:45:00-04:00,55.87,55.88,55.85,55.88,1729
2019-09-04 11:50:00-04:00,55.88,55.88,55.835,55.86,4248
2019-09-04 11:55:00-04:00,55.89,55.92,55.86,55.87,5499
2019-09-04 12:00:00-04:00,55.87,55.87,55.82,55.82,1370
2019-09-04 12:05:00-04:00,55.81,55.82,55.81,55.82,723
2019-09-04 12:10:00-04:00,55.83,55.83,55.81,55.82,1475
2019-09-04 12:15:00-04:00,55.83,55.85,55.82,55.83,3778
2019-09-04 12:20:00-04:00,55.84,55.84,55.82,55.84,1956
2019-09-04 12:25:00-04:00,55.835,55.85,55.82,55.82,2744
2019-09-04 12:30:00-04:00,55.82,55.82,55.75,55.76,2258
2019-09-04 12:35:00-04:00,55.765,55.79,55.76,55.785,1131
2019-09-04 12:40:00-04:00,55.79,55.79,55.705,55.705,2872
2019-09-04 12:45:00-04:00,55.71,55.735,55.71,55.72,2931
2019-09-04 12:50:00-04:00,55.71,55.72,55.69,55.69,3350
2019-09-04 12:55:00-04:00,55.68,55.68,55.66,55.665,1796
2019-09-04 13:00:00-04:00,55.67,55.67,55.65,55.67,3045
2019-09-04 13:05:00-04:00,55.675,55.68,55.665,55.675,3334
2019-09-04 13:10:00-04:00,55.67,55.68,55.625,55.63,4603
2019-09-04 13:15:00-04:00,55.63,55.64,55.615,55.64,3916
2019-09-04 13:20:00-04:00,55.64,55.66,55.63,55.65,3142
2019-09-04 13:25:00-04:00,55.65,55.66,55.64,55.655,1657
2019-09-04 13:30:00-04:00,55.65,55.65,55.63,55.64,18166
2019-09-04 13:35:00-04:00,55.645,55.645,55.585,55.585,2214
2019-09-04 13:40:00-04:00,55.585,55.605,55.57,55.6,2353
2019-09-04 13:45:00-04:00,55.6,55.645,55.6,55.64,3042
2019-09-04 13:50:00-04:00,55.635,55.64,55.61,55.615,14771
2019-09-04 13:55:00-04:00,55.615,55.635,55.61,55.61,1647
2019-09-04 14:00:00-04:00,55.605,55.63,55.6,55.6,2397
2019-09-04 14:05:00-04:00,55.59,55.59,55.575,55.58,2160
2019-09-04 14:10:00-04:00,55.59,55.595,55.575,55.58,2132
2019-09-04 14:15:00-04:00,55.59,55.605,55.58,55.59,3217
2019-09-04 14:20:00-04:00,55.585,55.6,55.575,55.58,3250
2019-09-04 14:25:00-04:00,55.58,55.61,55.575,55.595,9800
2019-09-04 14:30:00-04:00,55.585,55.63,55.575,55.63,7398
2019-09-04 14:35:00-04:00,55.63,55.645,55.62,55.645,3148
2019-09-04 14:40:00-04:00,55.65,55.66,55.635,55.655,7131
2019-09-04 14:45:00-04:00,55.65,55.655,55.63,55.65,5351
2019-09-04 14:50:00-04:00,55.65,55.68,55.62,55.675,87101
2019-09-04 14:55:00-04:00,55.675,55.69,55.675,55.68,6260
2019-09-04 15:00:00-04:00,55.685,55.7,55.68,55.7,6917
2019-09-04 15:05:00-04:00,55.695,55.71,55.685,55.71,5382
2019-09-04 15:10:00-04:00,55.715,55.765,55.71,55.765,5076
2019-09-04 15:15:00-04:00,55.78,55.79,55.76,55.775,5116
2019-09-04 15:20:00-04:00,55.77,55.795,55.76,55.775,5895
2019-09-04 15:25:00-04:00,55.78,55.8,55.755,55.76,8034
2019-09-04 15:30:00-04:00,55.78,55.83,55.78,55.81,6780
2019-09-04 15:35:00-04:00,55.815,55.83,55.78,55.78,10192
2019-09-04 15:40:00-04:00,55.79,55.8,55.735,55.76,8301
2019-09-04 15:45:00-04:00,55.75,55.785,55.74,55.77,16145
2019-09-04 15:50:00-04:00,55.77,55.79,55.73,55.755,22323
2019-09-04 15:55:00-04:00,55.75,55.81,55.72,55.77,85947
2019-09-06 09:30:00-04:00,55.33,55.33,54.97,55.075,10391
2019-09-06 09:35:00-04:00,55.11,55.15,55.04,55.08,4951
2019-09-06 09:40:00-04:00,55.12,55.14,55.045,55.08,3418
2019-09-06 09:45:00-04:00,55.07,55.07,54.99,55.01,5585
2019-09-06 09:50:00-04:00,55.02,55.15,54.995,55.09,6111
2019-09-06 09:55:00-04:00,55.095,55.11,55.02,55.02,4529
2019-09-06 10:00:00-04:00,55.025,55.12,55.025,55.12,2241
2019-09-06 10:05:00-04:00,55.13,55.16,55.065,55.095,6483
2019-09-06 10:10:00-04:00,55.105,55.12,55.07,55.1,11547
2019-09-06 10:15:00-04:00,55.11,55.11,55.035,55.045,12851
2019-09-06 10:20:00-04:00,55.05,55.11,55.05,55.1,3744
2019-09-06 10:25:00-04:00,55.105,55.105,55.055,55.055,2593
2019-09-06 10:30:00-04:00,55.07,55.07,55.025,55.045,1119
2019-09-06 10:35:00-04:00,55.08,55.08,55.06,55.06,1401
2019-09-06 10:40:00-04:00,55.06,55.07,54.94,54.94,6471
2019-09-06 10:45:00-04:00,54.93,54.93,54.885,54.89,10659
2019-09-06 10:50:00-04:00,54.9,54.9,54.845,54.885,4732
2019-09-06 10:55:00-04:00,54.885,54.92,54.865,54.915,12235
2019-09-06 11:00:00-04:00,54.91,54.93,54.895,54.93,2185
2019-09-06 11:05:00-04:00,54.915,54.935,54.865,54.87,2879
2019-09-06 11:10:00-04:00,54.87,54.88,54.835,54.835,4438
2019-09-06 11:15:00-04:00,54.825,54.85,54.785,54.815,9663
2019-09-06 11:20:00-04:00,54.81,54.86,54.795,54.855,10112
2019-09-06 11:25:00-04:00,54.865,54.895,54.855,54.89,8877
2019-09-06 11:30:00-04:00,54.895,54.9,54.845,54.87,6035
2019-09-06 11:35:00-04:00,54.87,54.87,54.805,54.815,6960
2019-09-06 11:40:00-04:00,54.815,54.815,54.765,54.795,8088
2019-09-06 11:45:00-04:00,54.8,54.865,54.795,54.865,19459
2019-09-06 11:50:00-04:00,54.86,54.925,54.86,54.895,4076
2019-09-06 11:55:00-04:00,54.87,54.9,54.865,54.89,56440
2019-09-06 12:00:00-04:00,54.905,54.905,54.875,54.885,2444
2019-09-06 12:05:00-04:00,54.875,54.965,54.875,54.945,8311
2019-09-06 12:10:00-04:00,54.955,54.995,54.95,54.975,4208
2019-09-06 12:15:00-04:00,54.98,54.995,54.97,54.995,4019
2019-09-06 12:20:00-04:00,54.99,55.05,54.99,55.035,84696
2019-09-06 12:25:00-04:00,55.04,55.05,55.015,55.04,2588
2019-09-06 12:30:00-04:00,55.045,55.06,55.025,55.035,4142
2019-09-06 12:35:00-04:00,55.035,55.08,55.03,55.075,3724
2019-09-06 12:40:00-04:00,55.06,55.06,55.0,55.0,3499
2019-09-06 12:45:00-04:00,55.0,55.025,54.99,55.015,3320
2019-09-06 12:50:00-04:00,55.01,55.02,54.995,55.02,1839
2019-09-06 12:55:00-04:00,55.015,55.09,55.015,55.09,2434
2019-09-06 13:00:00-04:00,55.065,55.095,55.055,55.095,2230
2019-09-06 13:05:00-04:00,55.085,55.105,55.07,55.08,5812
2019-09-06 13:10:00-04:00,55.085,55.13,55.08,55.09,5827
2019-09-06 13:15:00-04:00,55.09,55.12,55.09,55.1,3994
2019-09-06 13:20:00-04:00,55.11,55.12,55.09,55.11,4304
2019-09-06 13:25:00-04:00,55.11,55.12,55.1,55.115,4602
2019-09-06 13:30:00-04:00,55.12,55.14,55.12,55.12,3199
2019-09-06 13:35:00-04:00,55.12,55.13,55.105,55.115,3000
2019-09-06 13:40:00-04:00,55.115,55.12,55.09,55.09,6252
2019-09-06 13:45:00-04:00,55.08,55.08,55.03,55.05,5733
2019-09-06 13:50:00-04:00,55.04,55.045,55.005,55.01,5332
2019-09-06 13:55:00-04:00,55.01,55.025,55.0,55.01,3664
2019-09-06 14:00:00-04:00,55.01,55.015,54.98,55.01,2372
2019-09-06 14:05:00-04:00,55.01,55.035,55.01,55.01,2884
2019-09-06 14:10:00-04:00,55.01,55.035,55.005,55.005,3565
2019-09-06 14:15:00-04:00,55.005,55.025,54.995,55.025,4831
2019-09-06 14:20:00-04:00,55.04,55.04,54.995,54.995,3841
2019-09-06 14:25:00-04:00,54.995,55.025,54.99,55.025,3121
2019-09-06 14:30:00-04:00,55.02,55.03,55.01,55.02,3550
2019-09-06 14:35:00-04:00,55.005,55.01,55.0,55.005,4323
2019-09-06 14:40:00-04:00,55.005,55.005,54.955,54.955,5113
2019-09-06 14:45:00-04:00,54.96,55.01,54.96,55.0,3711
2019-09-06 14:50:00-04:00,55.0,55.015,54.99,55.015,2664
2019-09-06 14:55:00-04:00,55.01,55.045,55.005,55.04,3581
2019-09-06 15:00:00-04:00,55.045,55.06,55.03,55.055,5160
2019-09-06 15:05:00-04:00,55.05,55.06,55.035,55.05,10261
2019-09-06 15:10:00-04:00,55.05,55.05,55.03,55.05,6683
2019-09-06 15:15:00-04:00,55.045,55.06,55.03,55.055,10680
2019-09-06 15:20:00-04:00,55.055,55.085,55.035,55.08,12008
2019-09-06 15:25:00-04:00,55.085,55.11,55.08,55.1,11971
2019-09-06 15:30:00-04:00,55.1,55.145,55.1,55.14,11722
2019-09-06 15:35:00-04:00,55.14,55.14,55.11,55.135,10239
2019-09-06 15:40:00-04:00,55.135,55.15,55.085,55.09,24734
2019-09-06 15:45:00-04:00,55.1,55.11,55.09,55.11,10102
2019-09-06 15:50:00-04:00,55.105,55.16,55.105,55.135,22416
2019-09-06 15:55:00-04:00,55.14,55.23,55.135,55.21,64825
2019-09-10 09:30:00-04:00,54.27,54.32,54.09,54.15,8864
2019-09-10 09:35:00-04:00,54.16,54.32,54.08,54.32,5381
2019-09-10 09:40:00-04:00,54.32,54.33,54.24,54.27,8499
2019-09-10 09:45:00-04:00,54.3,54.43,54.295,54.415,9423
2019-09-10 09:50:00-04:00,54.39,54.39,54.3,54.325,4382
2019-09-10 09:55:00-04:00,54.35,54.36,54.26,54.26,4028
2019-09-10 10:00:00-04:00,54.27,54.32,54.23,54.245,8051
2019-09-10 10:05:00-04:00,54.245,54.27,54.135,54.19,6274
2019-09-10 10:10:00-04:00,54.19,54.19,54.125,54.19,5055
2019-09-10 10:15:00-04:00,54.2,54.22,54.17,54.205,5512
2019-09-10 10:20:00-04:00,54.185,54.19,54.1,54.1,3921
2019-09-10 10:25:00-04:00,54.085,54.13,54.065,54.065,4227
2019-09-10 10:30:00-04:00,54.06,54.06,53.995,53.995,3394
2019-09-10 10:35:00-04:00,53.98,54.02,53.97,54.0,2301
2019-09-10 10:40:00-04:00,53.995,54.04,53.995,54.01,1872
2019-09-10 10:45:00-04:00,54.02,54.14,54.02,54.14,2848
2019-09-10 10:50:00-04:00,54.14,54.165,54.135,54.165,2715
2019-09-10 10:55:00-04:00,54.17,54.21,54.17,54.21,9976
2019-09-10 11:00:00-04:00,54.215,54.22,54.185,54.19,3631
2019-09-10 11:05:00-04:00,54.17,54.175,54.11,54.11,1377
2019-09-10 11:10:00-04:00,54.125,54.13,54.065,54.075,3170
2019-09-10 11:15:00-04:00,54.075,54.08,54.035,54.075,4175
2019-09-10 11:20:00-04:00,54.04,54.06,54.005,54.06,5972
2019-09-10 11:25:00-04:00,54.06,54.075,54.015,54.05,3895
2019-09-10 11:30:00-04:00,54.075,54.13,54.07,54.12,7528
2019-09-10 11:35:00-04:00,54.115,54.14,54.1,54.14,4783
2019-09-10 11:40:00-04:00,54.155,54.175,54.12,54.12,3484
2019-09-10 11:45:00-04:00,54.115,54.32,54.11,54.31,8022
2019-09-10 11:50:00-04:00,54.31,54.31,54.27,54.295,3138
2019-09-10 11:55:00-04:00,54.295,54.325,54.25,54.25,4918
2019-09-10 12:00:00-04:00,54.255,54.275,54.235,54.255,4160
2019-09-10 12:05:00-04:00,54.255,54.31,54.255,54.31,3023
2019-09-10 12:10:00-04:00,54.28,54.295,54.27,54.28,1395
2019-09-10 12:15:00-04:00,54.27,54.28,54.25,54.25,2989
2019-09-10 12:20:00-04:00,54.25,54.29,54.25,54.265,2791
2019-09-10 12:25:00-04:00,54.27,54.28,54.265,54.265,2393
2019-09-10 12:30:00-04:00,54.265,54.265,54.25,54.25,2627
2019-09-10 12:35:00-04:00,54.24,54.25,54.185,54.185,5342
2019-09-10 12:40:00-04:00,54.185,54.22,54.185,54.22,2376
2019-09-10 12:45:00-04:00,54.23,54.265,54.225,54.225,2369
2019-09-10 12:50:00-04:00,54.225,54.23,54.19,54.195,5249
2019-09-10 12:55:00-04:00,54.195,54.2,54.18,54.2,5513
2019-09-10 13:00:00-04:00,54.21,54.3,54.21,54.25,3990
2019-09-10 13:05:00-04:00,54.245,54.25,54.21,54.21,4953
2019-09-10 13:10:00-04:00,54.21,54.23,54.21,54.215,7149
2019-09-10 13:15:00-04:00,54.215,54.215,54.15,54.18,2711
2019-09-10 13:20:00-04:00,54.165,54.17,54.135,54.15,3304
2019-09-10 13:25:00-04:00,54.15,54.15,54.1,54.115,4502
2019-09-10 13:30:00-04:00,54.115,54.12,54.095,54.12,6796
2019-09-10 13:35:00-04:00,54.125,54.145,54.11,54.11,4150
2019-09-10 13:40:00-04:00,54.11,54.12,54.08,54.085,4776
2019-09-10 13:45:00-04:00,54.065,54.07,54.05,54.07,3340
2019-09-10 13:50:00-04:00,54.07,54.08,54.04,54.05,4055
2019-09-10 13:55:00-04:00,54.05,54.07,54.03,54.05,3092
2019-09-10 14:00:00-04:00,54.045,54.05,54.01,54.015,3357
2019-09-10 14:05:00-04:00,54.015,54.03,53.98,53.99,5766
2019-09-10 14:10:00-04:00,53.99,54.0,53.935,53.94,3536
2019-09-10 14:15:00-04:00,53.91,53.92,53.855,53.86,7750
2019-09-10 14:20:00-04:00,53.86,53.945,53.86,53.94,7532
2019-09-10 14:25:00-04:00,53.95,53.99,53.95,53.955,6378
2019-09-10 14:30:00-04:00,53.945,53.97,53.935,53.97,5995
2019-09-10 14:35:00-04:00,53.98,54.015,53.965,54.0,8855
2019-09-10 14:40:00-04:00,53.99,54.03,53.985,54.025,5483
2019-09-10 14:45:00-04:00,54.005,54.01,53.975,53.99,8779
2019-09-10 14:50:00-04:00,53.99,54.0,53.97,54.0,8472
2019-09-10 14:55:00-04:00,54.0,54.04,53.99,54.02,9380
2019-09-10 15:00:00-04:00,54.03,54.06,54.01,54.015,11502
2019-09-10 15:05:00-04:00,54.01,54.035,54.0,54.02,11920
2019-09-10 15:10:00-04:00,54.02,54.03,53.99,53.99,8335
2019-09-10 15:15:00-04:00,53.995,54.01,53.99,53.995,16239
2019-09-10 15:20:00-04:00,53.995,54.01,53.98,53.98,11551
2019-09-10 15:25:00-04:00,53.975,54.02,53.975,54.02,16005
2019-09-10 15:30:00-04:00,54.02,54.065,54.02,54.04,9253
2019-09-10 15:35:00-04:00,54.045,54.06,54.04,54.055,9500
2019-09-10 15:40:00-04:00,54.06,54.125,54.05,54.125,17020
2019-09-10 15:45:00-04:00,54.13,54.205,54.12,54.185,21210
2019-09-10 15:50:00-04:00,54.19,54.27,54.19,54.27,35448
2019-09-10 15:55:00-04:00,54.27,54.395,54.27,54.395,124787
2019-09-11 09:30:00-04:00,54.345,54.345,53.985,54.1,6714
2019-09-11 09:35:00-04:00,54.07,54.3,54.07,54.2,6687
2019-09-11 09:40:00-04:00,54.195,54.39,54.195,54.36,6826
2019-09-11 09:45:00-04:00,54.36,54.36,54.28,54.32,4228
2019-09-11 09:50:00-04:00,54.33,54.345,54.25,54.27,8164
2019-09-11 09:55:00-04:00,54.29,54.38,54.25,54.375,9990
2019-09-11 10:00:00-04:00,54.355,54.36,54.31,54.31,8945
2019-09-11 10:05:00-04:00,54.33,54.39,54.31,54.39,5117
2019-09-11 10:10:00-04:00,54.39,54.485,54.39,54.46,3342
2019-09-11 10:15:00-04:00,54.475,54.5,54.41,54.47,4844
2019-09-11 10:20:00-04:00,54.475,54.48,54.425,54.46,4948
2019-09-11 10:25:00-04:00,54.47,54.485,54.4,54.45,4197
2019-09-11 10:30:00-04:00,54.49,54.49,54.44,54.45,6883
2019-09-11 10:35:00-04:00,54.44,54.45,54.39,54.41,4064
2019-09-11 10:40:00-04:00,54.45,54.45,54.37,54.4,2781
2019-09-11 10:45:00-04:00,54.37,54.41,54.34,54.36,2713
2019-09-11 10:50:00-04:00,54.36,54.43,54.36,54.41,2593
2019-09-11 10:55:00-04:00,54.4,54.42,54.38,54.39,3776
2019-09-11 11:00:00-04:00,54.39,54.44,54.35,54.36,2987
2019-09-11 11:05:00-04:00,54.36,54.39,54.36,54.39,2464
2019-09-11 11:10:00-04:00,54.37,54.41,54.37,54.385,2479
2019-09-11 11:15:00-04:00,54.38,54.41,54.37,54.39,4496
2019-09-11 11:20:00-04:00,54.4,54.4,54.37,54.375,1907
2019-09-11 11:25:00-04:00,54.42,54.47,54.41,54.45,2537
2019-09-11 11:30:00-04:00,54.44,54.45,54.42,54.42,2730
2019-09-11 11:35:00-04:00,54.43,54.5,54.42,54.49,5990
2019-09-11 11:40:00-04:00,54.51,54.57,54.5,54.54,2058
2019-09-11 11:45:00-04:00,54.54,54.6,54.53,54.55,3191
2019-09-11 11:50:00-04:00,54.57,54.59,54.56,54.58,947
2019-09-11 11:55:00-04:00,54.6,54.62,54.6,54.615,1321
2019-09-11 12:00:00-04:00,54.62,54.63,54.58,54.62,2598
2019-09-11 12:05:00-04:00,54.63,54.64,54.6,54.625,2345
2019-09-11 12:10:00-04:00,54.63,54.67,54.63,54.64,2629
2019-09-11 12:15:00-04:00,54.665,54.67,54.62,54.65,5612
2019-09-11 12:20:00-04:00,54.65,54.65,54.61,54.65,4377
2019-09-11 12:25:00-04:00,54.68,54.71,54.645,54.65,5067
2019-09-11 12:30:00-04:00,54.65,54.7,54.65,54.7,4521
2019-09-11 12:35:00-04:00,54.7,54.71,54.675,54.7,3090
2019-09-11 12:40:00-04:00,54.69,54.71,54.66,54.66,3314
2019-09-11 12:45:00-04:00,54.66,54.69,54.65,54.67,6036
2019-09-11 12:50:00-04:00,54.66,54.67,54.635,54.66,1453
2019-09-11 12:55:00-04:00,54.675,54.715,54.66,54.715,2314
2019-09-11 13:00:00-04:00,54.695,54.715,54.69,54.715,1129
2019-09-11 13:05:00-04:00,54.705,54.78,54.69,54.77,4873
2019-09-11 13:10:00-04:00,54.77,54.77,54.73,54.75,5500
2019-09-11 13:15:00-04:00,54.73,54.735,54.68,54.705,11047
2019-09-11 13:20:00-04:00,54.705,54.72,54.7,54.71,14689
2019-09-11 13:25:00-04:00,54.7,54.75,54.69,54.745,4694
2019-09-11 13:30:00-04:00,54.75,54.79,54.74,54.765,4080
2019-09-11 13:35:00-04:00,54.74,54.75,54.725,54.73,3711
2019-09-11 13:40:00-04:00,54.72,54.775,54.7,54.75,6883
2019-09-11 13:45:00-04:00,54.75,54.78,54.75,54.765,1962
2019-09-11 13:50:00-04:00,54.76,54.76,54.69,54.7,2010
2019-09-11 13:55:00-04:00,54.69,54.69,54.64,54.66,1501
2019-09-11 14:00:00-04:00,54.645,54.65,54.575,54.575,1730
2019-09-11 14:05:00-04:00,54.55,54.58,54.54,54.58,2219
2019-09-11 14:10:00-04:00,54.575,54.575,54.535,54.555,2483
2019-09-11 14:15:00-04:00,54.555,54.56,54.53,54.53,3475
2019-09-11 14:20:00-04:00,54.52,54.52,54.495,54.5,1565
2019-09-11 14:25:00-04:00,54.5,54.53,54.485,54.53,1848
2019-09-11 14:30:00-04:00,54.5,54.545,54.495,54.545,2983
2019-09-11 14:35:00-04:00,54.52,54.56,54.52,54.56,1602
2019-09-11 14:40:00-04:00,54.57,54.6,54.56,54.57,3013
2019-09-11 14:45:00-04:00,54.58,54.625,54.57,54.62,3258
2019-09-11 14:50:00-04:00,54.625,54.63,54.585,54.605,4194
2019-09-11 14:55:00-04:00,54.605,54.615,54.575,54.615,5407
2019-09-11 15:00:00-04:00,54.62,54.62,54.585,54.61,4301
2019-09-11 15:05:00-04:00,54.615,54.62,54.57,54.575,3813
2019-09-11 15:10:00-04:00,54.58,54.61,54.57,54.605,5067
2019-09-11 15:15:00-04:00,54.595,54.6,54.56,54.56,5779
2019-09-11 15:20:00-04:00,54.57,54.61,54.57,54.605,3984
2019-09-11 15:25:00-04:00,54.61,54.63,54.6,54.6,5138
2019-09-11 15:30:00-04:00,54.6,54.605,54.56,54.58,12192
2019-09-11 15:35:00-04:00,54.57,54.6,54.56,54.595,11086
2019-09-11 15:40:00-04:00,54.59,54.59,54.575,54.585,10298
2019-09-11 15:45:00-04:00,54.585,54.61,54.555,54.61,9503
2019-09-11 15:50:00-04:00,54.63,54.67,54.62,54.665,23852
2019-09-11 15:55:00-04:00,54.67,54.78,54.66,54.745,92201
2019-09-12 09:30:00-04:00,55.06,55.26,55.06,55.25,5130
2019-09-12 09:35:00-04:00,55.27,55.29,55.05,55.05,5879
2019-09-12 09:40:00-04:00,55.07,55.11,55.015,55.02,4335
2019-09-12 09:45:00-04:00,55.025,55.17,55.0,55.16,2520
2019-09-12 09:50:00-04:00,55.175,55.22,55.06,55.08,6166
2019-09-12 09:55:00-04:00,55.1,55.21,55.04,55.21,4335
2019-09-12 10:00:00-04:00,55.24,55.26,55.19,55.2,3578
2019-09-12 10:05:00-04:00,55.18,55.19,55.07,55.105,1003
2019-09-12 10:10:00-04:00,55.13,55.28,55.0,55.0,11932
2019-09-12 10:15:00-04:00,55.045,55.085,55.03,55.03,3929
2019-09-12 10:20:00-04:00,55.02,55.1,55.01,55.035,2553
2019-09-12 10:25:00-04:00,55.04,55.12,55.025,55.12,3044
2019-09-12 10:30:00-04:00,55.15,55.16,55.04,55.06,2491
2019-09-12 10:35:00-04:00,55.07,55.1,55.06,55.1,1430
2019-09-12 10:40:00-04:00,55.1,55.115,55.05,55.09,1950
2019-09-12 10:45:00-04:00,55.1,55.225,55.1,55.225,3395
2019-09-12 10:50:00-04:00,55.21,55.21,55.09,55.15,9807
2019-09-12 10:55:00-04:00,55.19,55.23,55.17,55.22,1503
2019-09-12 11:00:00-04:00,55.2,55.3,55.2,55.27,4858
2019-09-12 11:05:00-04:00,55.27,55.28,55.25,55.28,2156
2019-09-12 11:10:00-04:00,55.28,55.3,55.26,55.3,2674
2019-09-12 11:15:00-04:00,55.29,55.29,55.22,55.23,2683
2019-09-12 11:20:00-04:00,55.24,55.25,55.22,55.22,4102
2019-09-12 11:25:00-04:00,55.235,55.29,55.235,55.29,3766
2019-09-12 11:30:00-04:00,55.29,55.29,55.25,55.265,3721
2019-09-12 11:35:00-04:00,55.26,55.27,55.2,55.23,4040
2019-09-12 11:40:00-04:00,55.23,55.23,55.14,55.23,6932
2019-09-12 11:45:00-04:00,55.21,55.22,55.16,55.17,3615
2019-09-12 11:50:00-04:00,55.185,55.25,55.17,55.24,4002
2019-09-12 11:55:00-04:00,55.24,55.265,55.23,55.23,4154
2019-09-12 12:00:00-04:00,55.21,55.215,55.165,55.19,3864
2019-09-12 12:05:00-04:00,55.19,55.19,55.14,55.155,5813
2019-09-12 12:10:00-04:00,55.15,55.205,55.135,55.16,3528
2019-09-12 12:15:00-04:00,55.16,55.16,55.065,55.1,2748
2019-09-12 12:20:00-04:00,55.08,55.105,55.045,55.1,7576
2019-09-12 12:25:00-04:00,55.09,55.16,55.09,55.13,3287
2019-09-12 12:30:00-04:00,55.12,55.13,55.09,55.1,5200
2019-09-12 12:35:00-04:00,55.08,55.09,55.055,55.055,4225
2019-09-12 12:40:00-04:00,55.055,55.135,55.05,55.135,6176
2019-09-12 12:45:00-04:00,55.135,55.18,55.12,55.16,4162
2019-09-12 12:50:00-04:00,55.15,55.195,55.15,55.18,2608
2019-09-12 12:55:00-04:00,55.175,55.185,55.16,55.185,2595
2019-09-12 13:00:00-04:00,55.18,55.21,55.16,55.17,5545
2019-09-12 13:05:00-04:00,55.165,55.245,55.165,55.22,6015
2019-09-12 13:10:00-04:00,55.215,55.225,55.2,55.205,2559
2019-09-12 13:15:00-04:00,55.205,55.215,55.18,55.2,4655
2019-09-12 13:20:00-04:00,55.19,55.22,55.19,55.215,2362
2019-09-12 13:25:00-04:00,55.22,55.235,55.17,55.19,9367
2019-09-12 13:30:00-04:00,55.18,55.22,55.18,55.21,4770
2019-09-12 13:35:00-04:00,55.22,55.23,55.2,55.23,3367
2019-09-12 13:40:00-04:00,55.235,55.25,55.195,55.23,4841
2019-09-12 13:45:00-04:00,55.23,55.255,55.23,55.255,2200
2019-09-12 13:50:00-04:00,55.26,55.26,55.215,55.225,5493
2019-09-12 13:55:00-04:00,55.23,55.245,55.23,55.245,2619
2019-09-12 14:00:00-04:00,55.25,55.25,55.23,55.23,2880
2019-09-12 14:05:00-04:00,55.205,55.23,55.2,55.21,5397
2019-09-12 14:10:00-04:00,55.215,55.225,55.21,55.22,2617
2019-09-12 14:15:00-04:00,55.205,55.24,55.15,55.155,8351
2019-09-12 14:20:00-04:00,55.16,55.165,55.13,55.165,3946
2019-09-12 14:25:00-04:00,55.175,55.2,55.17,55.195,2819
2019-09-12 14:30:00-04:00,55.195,55.22,55.19,55.21,3230
2019-09-12 14:35:00-04:00,55.225,55.23,55.21,55.22,5046
2019-09-12 14:40:00-04:00,55.235,55.25,55.19,55.19,12244
2019-09-12 14:45:00-04:00,55.19,55.205,55.17,55.2,10992
2019-09-12 14:50:00-04:00,55.2,55.22,55.195,55.215,3836
2019-09-12 14:55:00-04:00,55.215,55.215,55.195,55.215,3501
2019-09-12 15:00:00-04:00,55.22,55.235,55.19,55.19,3533
2019-09-12 15:05:00-04:00,55.2,55.2,55.17,55.18,6254
2019-09-12 15:10:00-04:00,55.175,55.22,55.165,55.195,7003
2019-09-12 15:15:00-04:00,55.19,55.195,55.175,55.18,4832
2019-09-12 15:20:00-04:00,55.19,55.25,55.19,55.25,5759
2019-09-12 15:25:00-04:00,55.245,55.245,55.2,55.2,6046
2019-09-12 15:30:00-04:00,55.19,55.21,55.18,55.19,5322
2019-09-12 15:35:00-04:00,55.2,55.2,55.135,55.14,7837
2019-09-12 15:40:00-04:00,55.135,55.17,55.12,55.155,17334
2019-09-12 15:45:00-04:00,55.15,55.155,55.11,55.11,14115
2019-09-12 15:50:00-04:00,55.12,55.19,55.1,55.185,24419
2019-09-12 15:55:00-04:00,55.18,55.23,55.1,55.12,92138
2019-09-13 09:30:00-04:00,54.46,54.53,54.37,54.44,8462
2019-09-13 09:35:00-04:00,54.4,54.58,54.4,54.54,8396
2019-09-13 09:40:00-04:00,54.54,54.735,54.54,54.735,7310
2019-09-13 09:45:00-04:00,54.76,54.76,54.65,54.695,4056
2019-09-13 09:50:00-04:00,54.7,54.74,54.685,54.735,2908
2019-09-13 09:55:00-04:00,54.715,54.735,54.65,54.685,3870
2019-09-13 10:00:00-04:00,54.705,54.755,54.655,54.67,5938
2019-09-13 10:05:00-04:00,54.7,54.745,54.67,54.745,4136
2019-09-13 10:10:00-04:00,54.75,54.75,54.69,54.73,6161
2019-09-13 10:15:00-04:00,54.73,54.76,54.7,54.71,8988
2019-09-13 10:20:00-04:00,54.73,54.78,54.73,54.77,4881
2019-09-13 10:25:00-04:00,54.775,54.775,54.71,54.74,7159
2019-09-13 10:30:00-04:00,54.735,54.735,54.65,54.7,5884
2019-09-13 10:35:00-04:00,54.705,54.705,54.53,54.545,5827
2019-09-13 10:40:00-04:00,54.555,54.575,54.53,54.57,5074
2019-09-13 10:45:00-04:00,54.56,54.585,54.545,54.56,7187
2019-09-13 10:50:00-04:00,54.575,54.585,54.53,54.585,12964
2019-09-13 10:55:00-04:00,54.56,54.565,54.505,54.525,10430
2019-09-13 11:00:00-04:00,54.52,54.56,54.52,54.54,4432
2019-09-13 11:05:00-04:00,54.53,54.58,54.51,54.58,4282
2019-09-13 11:10:00-04:00,54.6,54.65,54.58,54.6,12127
2019-09-13 11:15:00-04:00,54.6,54.635,54.565,54.6,6968
2019-09-13 11:20:00-04:00,54.595,54.595,54.53,54.53,10210
2019-09-13 11:25:00-04:00,54.515,54.55,54.505,54.52,5507
2019-09-13 11:30:00-04:00,54.53,54.54,54.49,54.51,5402
2019-09-13 11:35:00-04:00,54.525,54.56,54.5,54.51,10573
2019-09-13 11:40:00-04:00,54.53,54.535,54.48,54.48,4042
2019-09-13 11:45:00-04:00,54.475,54.535,54.47,54.525,4417
2019-09-13 11:50:00-04:00,54.52,54.55,54.51,54.525,5299
2019-09-13 11:55:00-04:00,54.51,54.51,54.455,54.48,11977
2019-09-13 12:00:00-04:00,54.475,54.49,54.41,54.435,7645
2019-09-13 12:05:00-04:00,54.445,54.45,54.41,54.435,7387
2019-09-13 12:10:00-04:00,54.43,54.47,54.43,54.45,6308
2019-09-13 12:15:00-04:00,54.445,54.46,54.435,54.445,8103
2019-09-13 12:20:00-04:00,54.435,54.435,54.355,54.36,7618
2019-09-13 12:25:00-04:00,54.36,54.37,54.32,54.32,10119
2019-09-13 12:30:00-04:00,54.305,54.32,54.285,54.31,11060
2019-09-13 12:35:00-04:00,54.315,54.355,54.315,54.355,4642
2019-09-13 12:40:00-04:00,54.35,54.35,54.265,54.275,11346
2019-09-13 12:45:00-04:00,54.26,54.29,54.225,54.25,12213
2019-09-13 12:50:00-04:00,54.26,54.3,54.245,54.27,13781
2019-09-13 12:55:00-04:00,54.28,54.28,54.17,54.18,11981
2019-09-13 13:00:00-04:00,54.185,54.21,54.16,54.185,119300
2019-09-13 13:05:00-04:00,54.19,54.22,54.17,54.21,13575
2019-09-13 13:10:00-04:00,54.21,54.235,54.19,54.2,8327
2019-09-13 13:15:00-04:00,54.195,54.24,54.195,54.225,7168
2019-09-13 13:20:00-04:00,54.225,54.23,54.1,54.105,5587
2019-09-13 13:25:00-04:00,54.115,54.125,54.07,54.12,6331
2019-09-13 13:30:00-04:00,54.135,54.135,54.1,54.12,15584
2019-09-13 13:35:00-04:00,54.12,54.13,54.09,54.1,6235
2019-09-13 13:40:00-04:00,54.09,54.125,54.09,54.115,4448
2019-09-13 13:45:00-04:00,54.105,54.155,54.1,54.155,4456
2019-09-13 13:50:00-04:00,54.16,54.21,54.14,54.21,6837
2019-09-13 13:55:00-04:00,54.2,54.23,54.175,54.195,7089
2019-09-13 14:00:00-04:00,54.2,54.26,54.19,54.245,6350
2019-09-13 14:05:00-04:00,54.245,54.255,54.22,54.225,11724
2019-09-13 14:10:00-04:00,54.225,54.235,54.21,54.215,3530
2019-09-13 14:15:00-04:00,54.215,54.22,54.175,54.2,5435
2019-09-13 14:20:00-04:00,54.205,54.21,54.17,54.205,6520
2019-09-13 14:25:00-04:00,54.2,54.2,54.16,54.17,6100
2019-09-13 14:30:00-04:00,54.17,54.225,54.16,54.215,18084
2019-09-13 14:35:00-04:00,54.225,54.255,54.225,54.23,5851
2019-09-13 14:40:00-04:00,54.23,54.265,54.225,54.25,3836
2019-09-13 14:45:00-04:00,54.255,54.255,54.22,54.235,13116
2019-09-13 14:50:00-04:00,54.24,54.28,54.235,54.25,6669
2019-09-13 14:55:00-04:00,54.25,54.28,54.24,54.26,9345
2019-09-13 15:00:00-04:00,54.27,54.275,54.25,54.265,10635
2019-09-13 15:05:00-04:00,54.27,54.28,54.23,54.255,11543
2019-09-13 15:10:00-04:00,54.25,54.27,54.245,54.255,10966
2019-09-13 15:15:00-04:00,54.26,54.28,54.22,54.225,18939
2019-09-13 15:20:00-04:00,54.21,54.245,54.2,54.225,11694
2019-09-13 15:25:00-04:00,54.23,54.28,54.23,54.28,15251
2019-09-13 15:30:00-04:00,54.285,54.295,54.25,54.27,20017
2019-09-13 15:35:00-04:00,54.27,54.28,54.225,54.225,20725
2019-09-13 15:40:00-04:00,54.23,54.29,54.23,54.285,20467
2019-09-13 15:45:00-04:00,54.29,54.32,54.265,54.305,26374
2019-09-13 15:50:00-04:00,54.325,54.38,54.32,54.33,55699
2019-09-13 15:55:00-04:00,54.34,54.36,54.26,54.26,90317
2019-09-16 09:30:00-04:00,54.125,54.24,54.11,54.11,6426
2019-09-16 09:35:00-04:00,54.1,54.21,54.08,54.14,6134
2019-09-16 09:40:00-04:00,54.14,54.19,54.08,54.11,4566
2019-09-16 09:45:00-04:00,54.12,54.145,54.11,54.12,2580
2019-09-16 09:50:00-04:00,54.14,54.155,54.1,54.14,5138
2019-09-16 09:55:00-04:00,54.15,54.265,54.14,54.25,8217
2019-09-16 10:00:00-04:00,54.27,54.28,54.22,54.25,7404
2019-09-16 10:05:00-04:00,54.26,54.33,54.23,54.23,7371
2019-09-16 10:10:00-04:00,54.21,54.24,54.2,54.22,4071
2019-09-16 10:15:00-04:00,54.22,54.22,54.12,54.13,7674
2019-09-16 10:20:00-04:00,54.125,54.13,54.075,54.08,3820
2019-09-16 10:25:00-04:00,54.08,54.14,54.06,54.065,6572
2019-09-16 10:30:00-04:00,54.06,54.08,54.02,54.025,5916
2019-09-16 10:35:00-04:00,54.03,54.05,54.01,54.03,4452
2019-09-16 10:40:00-04:00,54.03,54.075,54.015,54.015,3925
2019-09-16 10:45:00-04:00,54.015,54.03,54.01,54.01,3130
2019-09-16 10:50:00-04:00,54.02,54.045,54.0,54.025,4008
2019-09-16 10:55:00-04:00,54.035,54.06,54.0,54.0,3440
2019-09-16 11:00:00-04:00,53.985,53.985,53.935,53.945,11607
2019-09-16 11:05:00-04:00,53.93,53.935,53.82,53.93,10943
2019-09-16 11:10:00-04:00,53.93,53.96,53.895,53.895,6266
2019-09-16 11:15:00-04:00,53.9,53.905,53.865,53.89,5196
2019-09-16 11:20:00-04:00,53.875,53.905,53.875,53.885,4017
2019-09-16 11:25:00-04:00,53.885,53.91,53.88,53.88,9434
2019-09-16 11:30:00-04:00,53.86,53.885,53.845,53.865,7823
2019-09-16 11:35:00-04:00,53.855,53.875,53.78,53.815,3553
2019-09-16 11:40:00-04:00,53.815,53.815,53.75,53.785,3621
2019-09-16 11:45:00-04:00,53.785,53.785,53.715,53.75,4359
2019-09-16 11:50:00-04:00,53.745,53.775,53.735,53.765,4811
2019-09-16 11:55:00-04:00,53.77,53.775,53.725,53.725,4669
2019-09-16 12:00:00-04:00,53.72,53.775,53.715,53.775,3277
2019-09-16 12:05:00-04:00,53.76,53.765,53.74,53.75,3281
2019-09-16 12:10:00-04:00,53.75,53.76,53.735,53.755,3726
2019-09-16 12:15:00-04:00,53.74,53.795,53.74,53.795,4929
2019-09-16 12:20:00-04:00,53.795,53.795,53.76,53.76,3598
2019-09-16 12:25:00-04:00,53.74,53.745,53.715,53.725,8299
2019-09-16 12:30:00-04:00,53.725,53.75,53.71,53.74,6590
2019-09-16 12:35:00-04:00,53.725,53.73,53.69,53.705,8377
2019-09-16 12:40:00-04:00,53.72,53.72,53.645,53.665,7990
2019-09-16 12:45:00-04:00,53.655,53.67,53.63,53.64,8602
2019-09-16 12:50:00-04:00,53.645,53.705,53.64,53.685,16015
2019-09-16 12:55:00-04:00,53.67,53.7,53.67,53.7,9274
2019-09-16 13:00:00-04:00,53.69,53.73,53.69,53.73,6321
2019-09-16 13:05:00-04:00,53.74,53.775,53.74,53.765,6560
2019-09-16 13:10:00-04:00,53.78,53.8,53.755,53.765,7556
2019-09-16 13:15:00-04:00,53.765,53.825,53.755,53.825,8030
2019-09-16 13:20:00-04:00,53.825,53.835,53.815,53.825,6420
2019-09-16 13:25:00-04:00,53.825,53.855,53.815,53.815,7883
2019-09-16 13:30:00-04:00,53.84,53.86,53.825,53.835,11705
2019-09-16 13:35:00-04:00,53.84,53.87,53.825,53.86,5802
2019-09-16 13:40:00-04:00,53.855,53.9,53.855,53.895,6786
2019-09-16 13:45:00-04:00,53.895,53.925,53.885,53.925,8171
2019-09-16 13:50:00-04:00,53.94,53.97,53.935,53.945,45178
2019-09-16 13:55:00-04:00,53.95,53.95,53.925,53.935,5806
2019-09-16 14:00:00-04:00,53.935,53.97,53.935,53.965,5742
2019-09-16 14:05:00-04:00,53.965,53.995,53.96,53.97,6835
2019-09-16 14:10:00-04:00,53.97,53.97,53.9,53.92,17037
2019-09-16 14:15:00-04:00,53.91,53.92,53.88,53.89,12273
2019-09-16 14:20:00-04:00,53.885,53.9,53.88,53.89,10925
2019-09-16 14:25:00-04:00,53.87,53.895,53.86,53.885,9794
2019-09-16 14:30:00-04:00,53.885,53.89,53.835,53.85,11996
2019-09-16 14:35:00-04:00,53.855,53.855,53.825,53.835,3875
2019-09-16 14:40:00-04:00,53.83,53.88,53.825,53.855,17409
2019-09-16 14:45:00-04:00,53.855,53.87,53.82,53.835,6582
2019-09-16 14:50:00-04:00,53.83,53.83,53.8,53.815,7888
2019-09-16 14:55:00-04:00,53.815,53.845,53.805,53.835,15797
2019-09-16 15:00:00-04:00,53.835,53.84,53.805,53.805,11548
2019-09-16 15:05:00-04:00,53.805,53.82,53.8,53.82,8250
2019-09-16 15:10:00-04:00,53.815,53.87,53.81,53.865,12311
2019-09-16 15:15:00-04:00,53.87,53.87,53.84,53.865,11235
2019-09-16 15:20:00-04:00,53.87,53.88,53.86,53.88,10557
2019-09-16 15:25:00-04:00,53.88,53.9,53.88,53.895,9690
2019-09-16 15:30:00-04:00,53.89,53.92,53.875,53.915,15432
2019-09-16 15:35:00-04:00,53.915,53.98,53.915,53.97,17071
2019-09-16 15:40:00-04:00,53.975,53.99,53.955,53.975,13998
2019-09-16 15:45:00-04:00,53.98,53.98,53.92,53.93,43580
2019-09-16 15:50:00-04:00,53.94,53.99,53.925,53.99,19970
2019-09-16 15:55:00-04:00,54.005,54.07,53.965,53.97,98276
2019-09-17 09:30:00-04:00,54.09,54.35,54.03,54.23,9982
2019-09-17 09:35:00-04:00,54.25,54.56,54.21,54.56,11080
2019-09-17 09:40:00-04:00,54.53,54.55,54.43,54.47,6736
2019-09-17 09:45:00-04:00,54.52,54.58,54.51,54.545,4633
2019-09-17 09:50:00-04:00,54.55,54.615,54.52,54.59,20275
2019-09-17 09:55:00-04:00,54.6,54.61,54.52,54.57,4119
2019-09-17 10:00:00-04:00,54.565,54.61,54.55,54.555,9717
2019-09-17 10:05:00-04:00,54.56,54.6,54.56,54.595,8221
2019-09-17 10:10:00-04:00,54.615,54.64,54.57,54.585,4303
2019-09-17 10:15:00-04:00,54.58,54.58,54.52,54.55,3428
2019-09-17 10:20:00-04:00,54.54,54.57,54.53,54.57,3667
2019-09-17 10:25:00-04:00,54.53,54.66,54.52,54.66,4277
2019-09-17 10:30:00-04:00,54.665,54.665,54.63,54.64,6200
2019-09-17 10:35:00-04:00,54.635,54.695,54.625,54.68,8740
2019-09-17 10:40:00-04:00,54.685,54.69,54.63,54.63,6988
2019-09-17 10:45:00-04:00,54.63,54.63,54.51,54.51,6341
2019-09-17 10:50:00-04:00,54.5,54.555,54.48,54.55,8800
2019-09-17 10:55:00-04:00,54.55,54.565,54.52,54.53,5282
2019-09-17 11:00:00-04:00,54.52,54.525,54.44,54.48,9140
2019-09-17 11:05:00-04:00,54.505,54.51,54.47,54.48,4533
2019-09-17 11:10:00-04:00,54.485,54.5,54.39,54.43,7005
2019-09-17 11:15:00-04:00,54.43,54.465,54.42,54.465,1779
2019-09-17 11:20:00-04:00,54.45,54.47,54.43,54.45,7339
2019-09-17 11:25:00-04:00,54.45,54.45,54.34,54.4,10125
2019-09-17 11:30:00-04:00,54.4,54.41,54.355,54.375,15365
2019-09-17 11:35:00-04:00,54.37,54.39,54.355,54.39,4824
2019-09-17 11:40:00-04:00,54.375,54.405,54.365,54.37,3964
2019-09-17 11:45:00-04:00,54.38,54.45,54.38,54.45,2748
2019-09-17 11:50:00-04:00,54.46,54.46,54.38,54.38,3417
2019-09-17 11:55:00-04:00,54.35,54.35,54.285,54.305,3170
2019-09-17 12:00:00-04:00,54.3,54.33,54.3,54.31,4200
2019-09-17 12:05:00-04:00,54.31,54.33,54.295,54.32,3436
2019-09-17 12:10:00-04:00,54.325,54.345,54.31,54.32,4137
2019-09-17 12:15:00-04:00,54.325,54.33,54.31,54.325,5817
2019-09-17 12:20:00-04:00,54.32,54.34,54.315,54.315,4512
2019-09-17 12:25:00-04:00,54.305,54.33,54.295,54.295,3958
2019-09-17 12:30:00-04:00,54.3,54.3,54.27,54.27,5704
2019-09-17 12:35:00-04:00,54.265,54.28,54.235,54.24,5533
2019-09-17 12:40:00-04:00,54.235,54.245,54.21,54.22,7798
2019-09-17 12:45:00-04:00,54.225,54.23,54.2,54.2,6811
2019-09-17 12:50:00-04:00,54.195,54.2,54.15,54.15,2009
2019-09-17 12:55:00-04:00,54.155,54.155,54.105,54.12,9625
2019-09-17 13:00:00-04:00,54.135,54.14,54.07,54.08,5790
2019-09-17 13:05:00-04:00,54.08,54.1,54.03,54.035,6159
2019-09-17 13:10:00-04:00,54.03,54.03,53.985,54.0,5336
2019-09-17 13:15:00-04:00,54.005,54.015,53.985,53.99,4575
2019-09-17 13:20:00-04:00,54.0,54.0,53.96,53.975,3614
2019-09-17 13:25:00-04:00,53.99,54.0,53.98,53.995,7569
2019-09-17 13:30:00-04:00,53.995,54.035,53.99,54.035,10117
2019-09-17 13:35:00-04:00,54.035,54.08,54.035,54.08,6528
2019-09-17 13:40:00-04:00,54.095,54.11,54.075,54.09,3756
2019-09-17 13:45:00-04:00,54.09,54.135,54.085,54.09,3424
2019-09-17 13:50:00-04:00,54.085,54.1,54.065,54.1,2298
2019-09-17 13:55:00-04:00,54.1,54.14,54.07,54.1,3764
2019-09-17 14:00:00-04:00,54.1,54.15,54.1,54.15,3109
2019-09-17 14:05:00-04:00,54.14,54.15,54.09,54.1,2348
2019-09-17 14:10:00-04:00,54.12,54.13,54.105,54.115,1657
2019-09-17 14:15:00-04:00,54.12,54.14,54.1,54.1,3769
2019-09-17 14:20:00-04:00,54.085,54.14,54.085,54.14,2961
2019-09-17 14:25:00-04:00,54.135,54.15,54.12,54.14,2970
2019-09-17 14:30:00-04:00,54.14,54.17,54.135,54.165,4931
2019-09-17 14:35:00-04:00,54.16,54.2,54.16,54.165,4290
2019-09-17 14:40:00-04:00,54.16,54.215,54.155,54.215,2326
2019-09-17 14:45:00-04:00,54.21,54.22,54.19,54.19,5353
2019-09-17 14:50:00-04:00,54.19,54.195,54.16,54.16,5002
2019-09-17 14:55:00-04:00,54.16,54.17,54.13,54.14,5371
2019-09-17 15:00:00-04:00,54.145,54.15,54.1,54.105,4316
2019-09-17 15:05:00-04:00,54.1,54.1,54.09,54.095,4302
2019-09-17 15:10:00-04:00,54.1,54.105,54.08,54.095,3931
2019-09-17 15:15:00-04:00,54.1,54.11,54.08,54.09,8539
2019-09-17 15:20:00-04:00,54.1,54.14,54.09,54.115,11074
2019-09-17 15:25:00-04:00,54.115,54.145,54.11,54.145,10066
2019-09-17 15:30:00-04:00,54.14,54.16,54.135,54.155,12557
2019-09-17 15:35:00-04:00,54.16,54.185,54.155,54.185,6420
2019-09-17 15:40:00-04:00,54.18,54.215,54.16,54.215,7641
2019-09-17 15:45:00-04:00,54.22,54.23,54.19,54.23,10498
2019-09-17 15:50:00-04:00,54.22,54.22,54.185,54.2,19667
2019-09-17 15:55:00-04:00,54.2,54.26,54.18,54.23,86432
2019-09-18 09:30:00-04:00,54.23,54.285,54.23,54.27,1658
2019-09-18 09:35:00-04:00,54.185,54.19,54.07,54.09,2022
2019-09-18 09:40:00-04:00,54.11,54.21,54.11,54.18,3104
2019-09-18 09:45:00-04:00,54.18,54.245,54.18,54.22,4681
2019-09-18 09:50:00-04:00,54.205,54.235,54.19,54.2,4527
2019-09-18 09:55:00-04:00,54.225,54.28,54.205,54.26,4157
2019-09-18 10:00:00-04:00,54.25,54.28,54.24,54.24,2253
2019-09-18 10:05:00-04:00,54.245,54.26,54.24,54.26,2320
2019-09-18 10:10:00-04:00,54.24,54.26,54.165,54.185,13006
2019-09-18 10:15:00-04:00,54.185,54.205,54.17,54.185,5330
2019-09-18 10:20:00-04:00,54.2,54.2,54.15,54.15,6347
2019-09-18 10:25:00-04:00,54.145,54.15,54.1,54.145,1365
2019-09-18 10:30:00-04:00,54.17,54.18,54.155,54.165,1283
2019-09-18 10:35:00-04:00,54.15,54.17,54.135,54.135,3958
2019-09-18 10:40:00-04:00,54.14,54.155,54.115,54.115,3637
2019-09-18 10:45:00-04:00,54.115,54.135,54.085,54.115,2345
2019-09-18 10:50:00-04:00,54.095,54.12,54.09,54.115,2782
2019-09-18 10:55:00-04:00,54.115,54.135,54.1,54.105,2874
2019-09-18 11:00:00-04:00,54.11,54.12,54.11,54.11,2980
2019-09-18 11:05:00-04:00,54.1,54.13,54.085,54.12,3929
2019-09-18 11:10:00-04:00,54.12,54.145,54.105,54.12,3683
2019-09-18 11:15:00-04:00,54.1,54.13,54.09,54.125,2759
2019-09-18 11:20:00-04:00,54.125,54.14,54.125,54.135,2864
2019-09-18 11:25:00-04:00,54.13,54.155,54.125,54.155,2350
2019-09-18 11:30:00-04:00,54.15,54.17,54.15,54.16,1917
2019-09-18 11:35:00-04:00,54.155,54.195,54.155,54.175,4565
2019-09-18 11:40:00-04:00,54.175,54.185,54.15,54.175,2431
2019-09-18 11:45:00-04:00,54.17,54.18,54.145,54.165,6889
2019-09-18 11:50:00-04:00,54.155,54.16,54.125,54.14,3395
2019-09-18 11:55:00-04:00,54.14,54.15,54.115,54.15,2893
2019-09-18 12:00:00-04:00,54.14,54.14,54.11,54.115,1766
2019-09-18 12:05:00-04:00,54.095,54.095,54.045,54.045,3125
2019-09-18 12:10:00-04:00,54.055,54.065,54.045,54.05,2899
2019-09-18 12:15:00-04:00,54.045,54.045,54.005,54.005,2135
2019-09-18 12:20:00-04:00,54.0,54.0,53.935,53.94,2763
2019-09-18 12:25:00-04:00,53.91,53.93,53.885,53.895,4147
2019-09-18 12:30:00-04:00,53.9,53.945,53.9,53.935,3020
2019-09-18 12:35:00-04:00,53.94,53.97,53.935,53.955,3471
2019-09-18 12:40:00-04:00,53.945,54.015,53.945,54.0,2937
2019-09-18 12:45:00-04:00,54.02,54.03,54.01,54.02,1609
2019-09-18 12:50:00-04:00,54.035,54.04,54.03,54.03,1005
2019-09-18 12:55:00-04:00,54.03,54.05,54.015,54.045,3104
2019-09-18 13:00:00-04:00,54.04,54.115,54.04,54.105,2716
2019-09-18 13:05:00-04:00,54.085,54.095,54.06,54.06,2493
2019-09-18 13:10:00-04:00,54.055,54.08,54.04,54.07,2583
2019-09-18 13:15:00-04:00,54.075,54.115,54.075,54.115,2761
2019-09-18 13:20:00-04:00,54.115,54.15,54.11,54.145,1476
2019-09-18 13:25:00-04:00,54.145,54.16,54.145,54.15,2622
2019-09-18 13:30:00-04:00,54.145,54.165,54.145,54.165,5585
2019-09-18 13:35:00-04:00,54.16,54.19,54.155,54.185,6109
2019-09-18 13:40:00-04:00,54.2,54.21,54.2,54.2,998
2019-09-18 13:45:00-04:00,54.2,54.23,54.175,54.23,704438
2019-09-18 13:50:00-04:00,54.225,54.265,54.215,54.265,2876
2019-09-18 13:55:00-04:00,54.26,54.265,54.225,54.26,3757
2019-09-18 14:00:00-04:00,54.2,54.28,54.08,54.16,3008
2019-09-18 14:05:00-04:00,54.19,54.19,54.07,54.09,1171
2019-09-18 14:10:00-04:00,54.1,54.1,53.98,54.01,3533
2019-09-18 14:15:00-04:00,53.98,53.98,53.935,53.935,412
2019-09-18 14:20:00-04:00,53.895,53.94,53.87,53.94,1335
2019-09-18 14:25:00-04:00,53.925,53.98,53.905,53.98,3307
2019-09-18 14:30:00-04:00,53.94,54.03,53.94,54.02,2795
2019-09-18 14:35:00-04:00,54.02,54.02,53.92,53.92,1714
2019-09-18 14:40:00-04:00,53.95,53.99,53.91,53.925,920
2019-09-18 14:45:00-04:00,53.89,53.9,53.835,53.84,2321
2019-09-18 14:50:00-04:00,53.87,53.99,53.87,53.99,2358
2019-09-18 14:55:00-04:00,54.0,54.02,53.97,54.02,843
2019-09-18 15:00:00-04:00,54.01,54.02,53.945,53.985,3590
2019-09-18 15:05:00-04:00,53.98,54.03,53.975,53.99,2989
2019-09-18 15:10:00-04:00,54.0,54.0,53.96,53.96,1519
2019-09-18 15:15:00-04:00,53.98,54.03,53.955,54.02,3691
2019-09-18 15:20:00-04:00,54.01,54.07,53.98,54.025,4376
2019-09-18 15:25:00-04:00,54.03,54.04,54.005,54.025,3752
2019-09-18 15:30:00-04:00,54.035,54.195,54.03,54.195,8223
2019-09-18 15:35:00-04:00,54.195,54.235,54.185,54.21,5692
2019-09-18 15:40:00-04:00,54.21,54.25,54.19,54.24,11647
2019-09-18 15:45:00-04:00,54.25,54.26,54.205,54.25,10825
2019-09-18 15:50:00-04:00,54.25,54.25,54.175,54.205,17265
2019-09-18 15:55:00-04:00,54.225,54.25,54.175,54.22,48259
2019-09-19 09:30:00-04:00,54.2,54.26,54.15,54.18,3986
2019-09-19 09:35:00-04:00,54.18,54.26,54.16,54.25,5444
2019-09-19 09:40:00-04:00,54.25,54.26,54.22,54.22,1511
2019-09-19 09:45:00-04:00,54.245,54.26,54.225,54.225,2643
2019-09-19 09:50:00-04:00,54.2,54.29,54.19,54.29,3668
2019-09-19 09:55:00-04:00,54.29,54.3,54.22,54.22,5072
2019-09-19 10:00:00-04:00,54.19,54.245,54.19,54.23,2187
2019-09-19 10:05:00-04:00,54.215,54.23,54.2,54.22,1491
2019-09-19 10:10:00-04:00,54.215,54.215,54.16,54.2,2531
2019-09-19 10:15:00-04:00,54.21,54.23,54.2,54.205,1088
2019-09-19 10:20:00-04:00,54.2,54.23,54.16,54.16,1520
2019-09-19 10:25:00-04:00,54.16,54.185,54.15,54.185,1961
2019-09-19 10:30:00-04:00,54.185,54.23,54.185,54.22,3468
2019-09-19 10:35:00-04:00,54.21,54.27,54.21,54.26,1600
2019-09-19 10:40:00-04:00,54.26,54.28,54.24,54.24,2926
2019-09-19 10:45:00-04:00,54.24,54.24,54.22,54.22,978
2019-09-19 10:50:00-04:00,54.215,54.22,54.185,54.21,3368
2019-09-19 10:55:00-04:00,54.18,54.205,54.18,54.19,1323
2019-09-19 11:00:00-04:00,54.205,54.205,54.16,54.19,2083
2019-09-19 11:05:00-04:00,54.2,54.22,54.2,54.22,945
2019-09-19 11:10:00-04:00,54.2,54.2,54.18,54.185,1854
2019-09-19 11:15:00-04:00,54.195,54.195,54.135,54.135,1743
2019-09-19 11:20:00-04:00,54.2,54.26,54.2,54.26,700
2019-09-19 11:25:00-04:00,54.26,54.28,54.24,54.27,4321
2019-09-19 11:30:00-04:00,54.27,54.29,54.27,54.28,4314
2019-09-19 11:35:00-04:00,54.27,54.33,54.27,54.315,1997
2019-09-19 11:40:00-04:00,54.305,54.305,54.3,54.3,755
2019-09-19 11:45:00-04:00,54.285,54.3,54.285,54.29,1819
2019-09-19 11:50:00-04:00,54.34,54.34,54.315,54.315,1261
2019-09-19 11:55:00-04:00,54.32,54.36,54.305,54.36,3396
2019-09-19 12:00:00-04:00,54.335,54.35,54.32,54.32,3905
2019-09-19 12:05:00-04:00,54.33,54.33,54.305,54.325,2453
2019-09-19 12:10:00-04:00,54.335,54.34,54.32,54.335,2152
2019-09-19 12:15:00-04:00,54.34,54.35,54.335,54.34,1307
2019-09-19 12:20:00-04:00,54.36,54.36,54.31,54.31,46037
2019-09-19 12:25:00-04:00,54.31,54.32,54.27,54.27,1619
2019-09-19 12:30:00-04:00,54.26,54.29,54.26,54.28,801
2019-09-19 12:35:00-04:00,54.285,54.35,54.285,54.35,1785
2019-09-19 12:40:00-04:00,54.375,54.42,54.375,54.42,1200
2019-09-19 12:45:00-04:00,54.42,54.44,54.41,54.43,1985
2019-09-19 12:50:00-04:00,54.41,54.42,54.395,54.41,2245
2019-09-19 12:55:00-04:00,54.41,54.435,54.4,54.41,1369
2019-09-19 13:00:00-04:00,54.415,54.48,54.415,54.48,5164
2019-09-19 13:05:00-04:00,54.49,54.49,54.415,54.42,937
2019-09-19 13:10:00-04:00,54.42,54.42,54.415,54.415,202
2019-09-19 13:15:00-04:00,54.45,54.45,54.43,54.44,2042
2019-09-19 13:20:00-04:00,54.425,54.43,54.42,54.43,412
2019-09-19 13:25:00-04:00,54.425,54.44,54.425,54.44,1216
2019-09-19 13:30:00-04:00,54.44,54.44,54.395,54.405,6640
2019-09-19 13:35:00-04:00,54.425,54.425,54.405,54.405,1200
2019-09-19 13:40:00-04:00,54.4,54.41,54.375,54.38,3666
2019-09-19 13:45:00-04:00,54.385,54.42,54.385,54.41,1081
2019-09-19 13:50:00-04:00,54.435,54.44,54.42,54.42,631
2019-09-19 13:55:00-04:00,54.43,54.44,54.425,54.425,936
2019-09-19 14:00:00-04:00,54.44,54.45,54.42,54.42,1018
2019-09-19 14:05:00-04:00,54.41,54.41,54.4,54.405,1018
2019-09-19 14:10:00-04:00,54.405,54.42,54.405,54.415,2337
2019-09-19 14:15:00-04:00,54.415,54.425,54.405,54.425,1134
2019-09-19 14:20:00-04:00,54.42,54.44,54.405,54.405,2160
2019-09-19 14:25:00-04:00,54.4,54.44,54.4,54.44,1218
2019-09-19 14:30:00-04:00,54.435,54.435,54.41,54.415,1468
2019-09-19 14:35:00-04:00,54.43,54.44,54.42,54.435,1075
2019-09-19 14:40:00-04:00,54.43,54.47,54.43,54.465,4293
2019-09-19 14:45:00-04:00,54.45,54.46,54.425,54.46,1240
2019-09-19 14:50:00-04:00,54.47,54.52,54.47,54.515,1953
2019-09-19 14:55:00-04:00,54.52,54.52,54.48,54.49,4192
2019-09-19 15:00:00-04:00,54.49,54.53,54.49,54.51,4444
2019-09-19 15:05:00-04:00,54.51,54.51,54.485,54.49,1248
2019-09-19 15:10:00-04:00,54.49,54.495,54.45,54.46,9596
2019-09-19 15:15:00-04:00,54.47,54.48,54.46,54.47,2530
2019-09-19 15:20:00-04:00,54.475,54.53,54.475,54.51,4698
2019-09-19 15:25:00-04:00,54.505,54.51,54.47,54.47,4798
2019-09-19 15:30:00-04:00,54.465,54.465,54.39,54.41,4271
2019-09-19 15:35:00-04:00,54.405,54.46,54.385,54.46,6392
2019-09-19 15:40:00-04:00,54.46,54.47,54.44,54.44,6249
2019-09-19 15:45:00-04:00,54.44,54.44,54.39,54.41,9043
2019-09-19 15:50:00-04:00,54.4,54.43,54.39,54.42,14838
2019-09-19 15:55:00-04:00,54.455,54.59,54.455,54.52,62752
2019-09-20 09:25:00-04:00,54.78,54.78,54.78,54.78,500
2019-09-20 09:30:00-04:00,54.68,54.68,54.53,54.53,3404
2019-09-20 09:35:00-04:00,54.51,54.555,54.47,54.555,2985
2019-09-20 09:40:00-04:00,54.52,54.56,54.505,54.505,2985
2019-09-20 09:45:00-04:00,54.495,54.575,54.49,54.555,3670
2019-09-20 09:50:00-04:00,54.555,54.59,54.545,54.565,7711
2019-09-20 09:55:00-04:00,54.56,54.685,54.555,54.63,11566
2019-09-20 10:00:00-04:00,54.645,54.645,54.57,54.575,6539
2019-09-20 10:05:00-04:00,54.59,54.645,54.57,54.625,7336
2019-09-20 10:10:00-04:00,54.625,54.635,54.55,54.555,4295
2019-09-20 10:15:00-04:00,54.56,54.605,54.555,54.58,28201
2019-09-20 10:20:00-04:00,54.57,54.595,54.5,54.5,6049
2019-09-20 10:25:00-04:00,54.505,54.505,54.465,54.475,7748
2019-09-20 10:30:00-04:00,54.49,54.505,54.455,54.455,5781
2019-09-20 10:35:00-04:00,54.46,54.495,54.45,54.455,23867
2019-09-20 10:40:00-04:00,54.44,54.455,54.43,54.44,3390
2019-09-20 10:45:00-04:00,54.48,54.505,54.445,54.445,3665
2019-09-20 10:50:00-04:00,54.47,54.505,54.47,54.49,6273
2019-09-20 10:55:00-04:00,54.495,54.495,54.47,54.49,8455
2019-09-20 11:00:00-04:00,54.495,54.495,54.44,54.465,1303
2019-09-20 11:05:00-04:00,54.445,54.465,54.435,54.465,2315
2019-09-20 11:10:00-04:00,54.47,54.48,54.46,54.46,2780
2019-09-20 11:15:00-04:00,54.46,54.48,54.43,54.455,5707
2019-09-20 11:20:00-04:00,54.455,54.485,54.45,54.47,1650
2019-09-20 11:25:00-04:00,54.475,54.475,54.42,54.425,2103
2019-09-20 11:30:00-04:00,54.41,54.455,54.41,54.44,3957
2019-09-20 11:35:00-04:00,54.435,54.45,54.405,54.45,2177
2019-09-20 11:40:00-04:00,54.47,54.47,54.42,54.44,2300
2019-09-20 11:45:00-04:00,54.435,54.465,54.435,54.445,3627
2019-09-20 11:50:00-04:00,54.455,54.5,54.455,54.5,1575
2019-09-20 11:55:00-04:00,54.49,54.52,54.49,54.51,3581
2019-09-20 12:00:00-04:00,54.495,54.495,54.47,54.48,2609
2019-09-20 12:05:00-04:00,54.455,54.465,54.445,54.455,1733
2019-09-20 12:10:00-04:00,54.47,54.47,54.445,54.445,1669
2019-09-20 12:15:00-04:00,54.45,54.45,54.435,54.445,13154
2019-09-20 12:20:00-04:00,54.475,54.475,54.44,54.44,2111
2019-09-20 12:25:00-04:00,54.44,54.44,54.41,54.43,2461
2019-09-20 12:30:00-04:00,54.425,54.45,54.42,54.435,2807
2019-09-20 12:35:00-04:00,54.43,54.435,54.41,54.43,2432
2019-09-20 12:40:00-04:00,54.425,54.45,54.41,54.45,1789
2019-09-20 12:45:00-04:00,54.45,54.48,54.445,54.475,4186
2019-09-20 12:50:00-04:00,54.47,54.495,54.46,54.49,2341
2019-09-20 12:55:00-04:00,54.485,54.515,54.48,54.515,2091
2019-09-20 13:00:00-04:00,54.5,54.5,54.495,54.495,1381
2019-09-20 13:05:00-04:00,54.51,54.51,54.49,54.495,1642
2019-09-20 13:10:00-04:00,54.5,54.52,54.36,54.36,7740
2019-09-20 13:15:00-04:00,54.37,54.42,54.29,54.41,5863
2019-09-20 13:20:00-04:00,54.38,54.5,54.375,54.49,8427
2019-09-20 13:25:00-04:00,54.48,54.485,54.42,54.44,1817
2019-09-20 13:30:00-04:00,54.45,54.455,54.4,54.4,4960
2019-09-20 13:35:00-04:00,54.43,54.43,54.38,54.415,3117
2019-09-20 13:40:00-04:00,54.41,54.44,54.395,54.41,4854
2019-09-20 13:45:00-04:00,54.4,54.415,54.385,54.4,2892
2019-09-20 13:50:00-04:00,54.43,54.445,54.43,54.43,1370
2019-09-20 13:55:00-04:00,54.43,54.45,54.405,54.45,2353
2019-09-20 14:00:00-04:00,54.46,54.52,54.445,54.46,3647
2019-09-20 14:05:00-04:00,54.46,54.47,54.4,54.41,2250
2019-09-20 14:10:00-04:00,54.42,54.42,54.39,54.39,2231
2019-09-20 14:15:00-04:00,54.395,54.4,54.34,54.35,2588
2019-09-20 14:20:00-04:00,54.33,54.38,54.33,54.36,2552
2019-09-20 14:25:00-04:00,54.36,54.36,54.33,54.33,5182
2019-09-20 14:30:00-04:00,54.34,54.36,54.33,54.34,5905
2019-09-20 14:35:00-04:00,54.325,54.35,54.305,54.35,3332
2019-09-20 14:40:00-04:00,54.35,54.39,54.34,54.34,1951
2019-09-20 14:45:00-04:00,54.34,54.35,54.325,54.325,2149
2019-09-20 14:50:00-04:00,54.34,54.35,54.325,54.33,3961
2019-09-20 14:55:00-04:00,54.32,54.37,54.32,54.365,1787
2019-09-20 15:00:00-04:00,54.36,54.4,54.35,54.39,2647
2019-09-20 15:05:00-04:00,54.385,54.4,54.375,54.38,2170
2019-09-20 15:10:00-04:00,54.375,54.39,54.36,54.39,2903
2019-09-20 15:15:00-04:00,54.4,54.41,54.39,54.4,3187
2019-09-20 15:20:00-04:00,54.4,54.435,54.4,54.42,6713
2019-09-20 15:25:00-04:00,54.425,54.46,54.415,54.45,6843
2019-09-20 15:30:00-04:00,54.45,54.465,54.395,54.4,3378
2019-09-20 15:35:00-04:00,54.38,54.38,54.31,54.33,12657
2019-09-20 15:40:00-04:00,54.325,54.33,54.3,54.305,18989
2019-09-20 15:45:00-04:00,54.3,54.335,54.23,54.245,26620
2019-09-20 15:50:00-04:00,54.24,54.245,54.09,54.09,52858
2019-09-20 15:55:00-04:00,54.09,54.105,53.9,53.9,113212
2019-09-23 09:30:00-04:00,54.06,54.1,53.94,53.94,2601
2019-09-23 09:35:00-04:00,53.89,54.05,53.89,54.05,4479
2019-09-23 09:40:00-04:00,54.05,54.05,53.985,54.03,2527
2019-09-23 09:45:00-04:00,54.035,54.105,54.02,54.1,5601
2019-09-23 09:50:00-04:00,54.09,54.09,54.025,54.05,2285
2019-09-23 09:55:00-04:00,54.045,54.085,54.005,54.085,5655
2019-09-23 10:00:00-04:00,54.095,54.165,54.095,54.135,2466
2019-09-23 10:05:00-04:00,54.145,54.155,54.085,54.105,2483
2019-09-23 10:10:00-04:00,54.095,54.135,54.07,54.075,1943
2019-09-23 10:15:00-04:00,54.085,54.19,54.085,54.185,1944
2019-09-23 10:20:00-04:00,54.195,54.195,54.15,54.155,2794
2019-09-23 10:25:00-04:00,54.15,54.185,54.15,54.18,1665
2019-09-23 10:30:00-04:00,54.18,54.18,54.095,54.125,2256
2019-09-23 10:35:00-04:00,54.125,54.13,54.095,54.11,1394
2019-09-23 10:40:00-04:00,54.105,54.145,54.105,54.145,1516
2019-09-23 10:45:00-04:00,54.145,54.145,54.08,54.115,2480
2019-09-23 10:50:00-04:00,54.11,54.17,54.105,54.135,2916
2019-09-23 10:55:00-04:00,54.16,54.16,54.13,54.13,1705
2019-09-23 11:00:00-04:00,54.15,54.18,54.12,54.175,7233
2019-09-23 11:05:00-04:00,54.16,54.21,54.155,54.21,1785
2019-09-23 11:10:00-04:00,54.195,54.24,54.195,54.22,26221
2019-09-23 11:15:00-04:00,54.225,54.225,54.185,54.195,3141
2019-09-23 11:20:00-04:00,54.185,54.185,54.135,54.15,5908
2019-09-23 11:25:00-04:00,54.155,54.16,54.135,54.16,8245
2019-09-23 11:30:00-04:00,54.15,54.205,54.15,54.2,4957
2019-09-23 11:35:00-04:00,54.21,54.21,54.18,54.2,1441
2019-09-23 11:40:00-04:00,54.19,54.19,54.17,54.175,1301
2019-09-23 11:45:00-04:00,54.155,54.175,54.13,54.135,8534
2019-09-23 11:50:00-04:00,54.11,54.115,54.095,54.115,1013
2019-09-23 11:55:00-04:00,54.11,54.11,54.08,54.105,2801
2019-09-23 12:00:00-04:00,54.11,54.14,54.1,54.135,2483
2019-09-23 12:05:00-04:00,54.12,54.13,54.105,54.12,875
2019-09-23 12:10:00-04:00,54.125,54.125,54.11,54.11,763
2019-09-23 12:15:00-04:00,54.125,54.13,54.11,54.13,2612
2019-09-23 12:20:00-04:00,54.135,54.15,54.11,54.13,10233
2019-09-23 12:25:00-04:00,54.13,54.13,54.09,54.1,1854
2019-09-23 12:30:00-04:00,54.095,54.095,54.08,54.09,827
2019-09-23 12:35:00-04:00,54.08,54.11,54.08,54.09,49821
2019-09-23 12:40:00-04:00,54.105,54.11,54.105,54.105,1268
2019-09-23 12:45:00-04:00,54.1,54.145,54.1,54.145,1345
2019-09-23 12:50:00-04:00,54.145,54.15,54.12,54.13,2901
2019-09-23 12:55:00-04:00,54.15,54.165,54.14,54.14,1583
2019-09-23 13:00:00-04:00,54.15,54.16,54.13,54.15,2545
2019-09-23 13:05:00-04:00,54.15,54.165,54.14,54.165,1151
2019-09-23 13:10:00-04:00,54.17,54.19,54.16,54.19,1115
2019-09-23 13:15:00-04:00,54.195,54.22,54.195,54.205,1467
2019-09-23 13:20:00-04:00,54.215,54.25,54.215,54.25,1217
2019-09-23 13:25:00-04:00,54.235,54.245,54.235,54.245,899
2019-09-23 13:30:00-04:00,54.24,54.25,54.24,54.245,6789
2019-09-23 13:35:00-04:00,54.25,54.285,54.245,54.275,4403
2019-09-23 13:40:00-04:00,54.275,54.285,54.26,54.275,3620
2019-09-23 13:45:00-04:00,54.275,54.295,54.26,54.275,2132
2019-09-23 13:50:00-04:00,54.275,54.275,54.26,54.27,2869
2019-09-23 13:55:00-04:00,54.265,54.27,54.25,54.26,2547
2019-09-23 14:00:00-04:00,54.25,54.26,54.25,54.26,2650
2019-09-23 14:05:00-04:00,54.27,54.285,54.25,54.25,1151
2019-09-23 14:10:00-04:00,54.24,54.27,54.24,54.245,5796
2019-09-23 14:15:00-04:00,54.24,54.25,54.235,54.25,20213
2019-09-23 14:20:00-04:00,54.25,54.25,54.245,54.245,500
2019-09-23 14:25:00-04:00,54.25,54.28,54.25,54.26,1657
2019-09-23 14:30:00-04:00,54.27,54.27,54.255,54.255,6852
2019-09-23 14:35:00-04:00,54.26,54.265,54.245,54.25,2160
2019-09-23 14:40:00-04:00,54.26,54.28,54.26,54.27,1632
2019-09-23 14:45:00-04:00,54.27,54.28,54.255,54.255,2468
2019-09-23 14:50:00-04:00,54.255,54.285,54.255,54.28,3678
2019-09-23 14:55:00-04:00,54.28,54.29,54.27,54.285,2251
2019-09-23 15:00:00-04:00,54.275,54.29,54.27,54.28,3443
2019-09-23 15:05:00-04:00,54.275,54.33,54.275,54.295,2629
2019-09-23 15:10:00-04:00,54.295,54.32,54.295,54.315,4202
2019-09-23 15:15:00-04:00,54.31,54.36,54.31,54.33,4968
2019-09-23 15:20:00-04:00,54.32,54.345,54.31,54.345,4998
2019-09-23 15:25:00-04:00,54.345,54.345,54.315,54.315,1220
2019-09-23 15:30:00-04:00,54.32,54.32,54.29,54.32,3301
2019-09-23 15:35:00-04:00,54.32,54.32,54.285,54.3,6443
2019-09-23 15:40:00-04:00,54.29,54.305,54.275,54.295,4019
2019-09-23 15:45:00-04:00,54.31,54.32,54.29,54.3,7043
2019-09-23 15:50:00-04:00,54.3,54.31,54.185,54.205,13126
2019-09-23 15:55:00-04:00,54.19,54.195,54.12,54.13,60087
2019-09-24 09:30:00-04:00,54.28,54.28,54.11,54.18,6908
2019-09-24 09:35:00-04:00,54.21,54.315,54.21,54.315,4242
2019-09-24 09:40:00-04:00,54.31,54.36,54.29,54.32,4542
2019-09-24 09:45:00-04:00,54.32,54.36,54.27,54.27,6662
2019-09-24 09:50:00-04:00,54.27,54.27,54.19,54.26,4829
2019-09-24 09:55:00-04:00,54.285,54.345,54.26,54.32,10354
2019-09-24 10:00:00-04:00,54.325,54.47,54.32,54.425,13001
2019-09-24 10:05:00-04:00,54.43,54.51,54.385,54.5,27455
2019-09-24 10:10:00-04:00,54.51,54.525,54.495,54.51,10817
2019-09-24 10:15:00-04:00,54.5,54.52,54.48,54.495,18825
2019-09-24 10:20:00-04:00,54.485,54.51,54.42,54.43,3641
2019-09-24 10:25:00-04:00,54.44,54.475,54.44,54.475,4598
2019-09-24 10:30:00-04:00,54.48,54.515,54.48,54.51,4710
2019-09-24 10:35:00-04:00,54.5,54.57,54.5,54.565,4028
2019-09-24 10:40:00-04:00,54.54,54.605,54.54,54.58,3876
2019-09-24 10:45:00-04:00,54.6,54.605,54.53,54.54,3569
2019-09-24 10:50:00-04:00,54.56,54.575,54.545,54.56,2792
2019-09-24 10:55:00-04:00,54.57,54.57,54.44,54.445,3887
2019-09-24 11:00:00-04:00,54.43,54.46,54.43,54.46,2459
2019-09-24 11:05:00-04:00,54.45,54.46,54.435,54.44,1778
2019-09-24 11:10:00-04:00,54.45,54.47,54.445,54.47,1466
2019-09-24 11:15:00-04:00,54.475,54.475,54.405,54.42,3333
2019-09-24 11:20:00-04:00,54.42,54.43,54.395,54.395,6039
2019-09-24 11:25:00-04:00,54.38,54.41,54.355,54.355,8897
2019-09-24 11:30:00-04:00,54.345,54.36,54.33,54.36,3300
2019-09-24 11:35:00-04:00,54.35,54.35,54.285,54.315,2634
2019-09-24 11:40:00-04:00,54.3,54.325,54.27,54.27,9945
2019-09-24 11:45:00-04:00,54.27,54.3,54.255,54.295,2643
2019-09-24 11:50:00-04:00,54.29,54.29,54.25,54.255,2868
2019-09-24 11:55:00-04:00,54.24,54.27,54.24,54.26,2457
2019-09-24 12:00:00-04:00,54.25,54.29,54.25,54.265,3605
2019-09-24 12:05:00-04:00,54.27,54.285,54.26,54.28,8971
2019-09-24 12:10:00-04:00,54.28,54.3,54.275,54.285,4287
2019-09-24 12:15:00-04:00,54.285,54.3,54.235,54.24,2362
2019-09-24 12:20:00-04:00,54.24,54.24,54.12,54.165,4873
2019-09-24 12:25:00-04:00,54.17,54.185,54.09,54.135,1997
2019-09-24 12:30:00-04:00,54.1,54.15,54.09,54.15,1171
2019-09-24 12:35:00-04:00,54.145,54.145,54.055,54.08,5863
2019-09-24 12:40:00-04:00,54.09,54.1,54.045,54.1,2583
2019-09-24 12:45:00-04:00,54.095,54.12,54.095,54.105,2219
2019-09-24 12:50:00-04:00,54.06,54.08,54.06,54.08,400
2019-09-24 12:55:00-04:00,54.08,54.11,54.075,54.09,3454
2019-09-24 13:00:00-04:00,54.075,54.12,54.075,54.12,2107
2019-09-24 13:05:00-04:00,54.11,54.16,54.11,54.145,2271
2019-09-24 13:10:00-04:00,54.12,54.14,54.1,54.135,1832
2019-09-24 13:15:00-04:00,54.125,54.14,54.09,54.12,1316
2019-09-24 13:20:00-04:00,54.12,54.12,54.055,54.085,2819
2019-09-24 13:25:00-04:00,54.09,54.1,54.09,54.1,651
2019-09-24 13:30:00-04:00,54.14,54.16,54.1,54.16,754
2019-09-24 13:35:00-04:00,54.14,54.14,54.11,54.12,841
2019-09-24 13:40:00-04:00,54.13,54.155,54.12,54.12,1038
2019-09-24 13:45:00-04:00,54.12,54.13,54.12,54.12,1143
2019-09-24 13:50:00-04:00,54.12,54.19,54.12,54.18,2329
2019-09-24 13:55:00-04:00,54.17,54.215,54.17,54.2,1017
2019-09-24 14:00:00-04:00,54.19,54.2,54.16,54.175,2486
2019-09-24 14:05:00-04:00,54.155,54.17,54.11,54.11,1005
2019-09-24 14:10:00-04:00,54.11,54.33,54.11,54.26,14893
2019-09-24 14:15:00-04:00,54.29,54.3,54.24,54.28,3656
2019-09-24 14:20:00-04:00,54.27,54.27,54.21,54.21,9067
2019-09-24 14:25:00-04:00,54.22,54.26,54.21,54.23,3355
2019-09-24 14:30:00-04:00,54.24,54.26,54.23,54.23,3319
2019-09-24 14:35:00-04:00,54.23,54.27,54.16,54.22,6015
2019-09-24 14:40:00-04:00,54.21,54.21,54.15,54.18,1554
2019-09-24 14:45:00-04:00,54.19,54.22,54.14,54.22,1845
2019-09-24 14:50:00-04:00,54.215,54.245,54.19,54.225,2653
2019-09-24 14:55:00-04:00,54.225,54.225,54.19,54.21,1607
2019-09-24 15:00:00-04:00,54.205,54.22,54.16,54.215,4455
2019-09-24 15:05:00-04:00,54.22,54.23,54.19,54.195,6368
2019-09-24 15:10:00-04:00,54.18,54.24,54.175,54.23,5861
2019-09-24 15:15:00-04:00,54.23,54.235,54.21,54.225,2988
2019-09-24 15:20:00-04:00,54.23,54.23,54.135,54.145,4362
2019-09-24 15:25:00-04:00,54.155,54.205,54.15,54.17,10323
2019-09-24 15:30:00-04:00,54.17,54.175,54.135,54.14,7570
2019-09-24 15:35:00-04:00,54.145,54.17,54.13,54.15,16932
2019-09-24 15:40:00-04:00,54.145,54.2,54.14,54.185,10317
2019-09-24 15:45:00-04:00,54.16,54.24,54.16,54.22,18327
2019-09-24 15:50:00-04:00,54.21,54.33,54.19,54.32,27746
2019-09-24 15:55:00-04:00,54.33,54.33,54.22,54.31,73447
2019-09-25 09:30:00-04:00,54.395,54.45,54.29,54.345,8285
2019-09-25 09:35:00-04:00,54.32,54.41,54.28,54.41,14539
2019-09-25 09:40:00-04:00,54.41,54.44,54.36,54.39,7791
2019-09-25 09:45:00-04:00,54.39,54.42,54.29,54.32,5437
2019-09-25 09:50:00-04:00,54.32,54.34,54.295,54.3,4094
2019-09-25 09:55:00-04:00,54.325,54.375,54.28,54.28,3485
2019-09-25 10:00:00-04:00,54.29,54.33,54.275,54.31,27857
2019-09-25 10:05:00-04:00,54.29,54.47,54.27,54.42,10465
2019-09-25 10:10:00-04:00,54.42,54.43,54.38,54.42,11948
2019-09-25 10:15:00-04:00,54.41,54.42,54.38,54.405,12847
2019-09-25 10:20:00-04:00,54.42,54.46,54.33,54.33,15518
2019-09-25 10:25:00-04:00,54.34,54.39,54.34,54.37,2752
2019-09-25 10:30:00-04:00,54.37,54.4,54.34,54.37,7653
2019-09-25 10:35:00-04:00,54.39,54.45,54.38,54.45,11160
2019-09-25 10:40:00-04:00,54.45,54.455,54.395,54.42,12437
2019-09-25 10:45:00-04:00,54.43,54.43,54.35,54.35,10610
2019-09-25 10:50:00-04:00,54.35,54.48,54.34,54.45,15662
2019-09-25 10:55:00-04:00,54.43,54.43,54.35,54.35,7689
2019-09-25 11:00:00-04:00,54.36,54.395,54.33,54.34,6293
2019-09-25 11:05:00-04:00,54.34,54.34,54.29,54.3,8201
2019-09-25 11:10:00-04:00,54.29,54.31,54.285,54.29,7793
2019-09-25 11:15:00-04:00,54.285,54.29,54.215,54.235,9133
2019-09-25 11:20:00-04:00,54.24,54.255,54.23,54.245,5193
2019-09-25 11:25:00-04:00,54.25,54.25,54.21,54.23,3904
2019-09-25 11:30:00-04:00,54.24,54.24,54.19,54.21,5448
2019-09-25 11:35:00-04:00,54.22,54.23,54.2,54.225,6044
2019-09-25 11:40:00-04:00,54.23,54.27,54.23,54.27,9401
2019-09-25 11:45:00-04:00,54.26,54.275,54.25,54.26,3241
2019-09-25 11:50:00-04:00,54.29,54.32,54.28,54.31,3782
2019-09-25 11:55:00-04:00,54.315,54.35,54.3,54.35,8086
2019-09-25 12:00:00-04:00,54.35,54.38,54.305,54.305,7612
2019-09-25 12:05:00-04:00,54.3,54.34,54.29,54.31,9340
2019-09-25 12:10:00-04:00,54.29,54.325,54.28,54.325,6581
2019-09-25 12:15:00-04:00,54.325,54.325,54.29,54.305,11094
2019-09-25 12:20:00-04:00,54.31,54.32,54.25,54.25,11921
2019-09-25 12:25:00-04:00,54.24,54.28,54.22,54.245,4883
2019-09-25 12:30:00-04:00,54.26,54.26,54.23,54.235,6323
2019-09-25 12:35:00-04:00,54.235,54.235,54.2,54.2,4629
2019-09-25 12:40:00-04:00,54.2,54.205,54.17,54.17,5436
2019-09-25 12:45:00-04:00,54.175,54.18,54.14,54.14,5154
2019-09-25 12:50:00-04:00,54.14,54.175,54.14,54.17,2729
2019-09-25 12:55:00-04:00,54.175,54.22,54.17,54.185,7160
2019-09-25 13:00:00-04:00,54.19,54.19,54.135,54.135,3634
2019-09-25 13:05:00-04:00,54.125,54.16,54.12,54.15,3686
2019-09-25 13:10:00-04:00,54.16,54.17,54.16,54.17,1241
2019-09-25 13:15:00-04:00,54.18,54.195,54.17,54.17,5918
2019-09-25 13:20:00-04:00,54.17,54.17,54.15,54.17,3924
2019-09-25 13:25:00-04:00,54.16,54.16,54.11,54.11,8455
2019-09-25 13:30:00-04:00,54.105,54.11,54.08,54.09,9169
2019-09-25 13:35:00-04:00,54.09,54.1,54.04,54.045,9878
2019-09-25 13:40:00-04:00,54.04,54.06,54.02,54.02,5225
2019-09-25 13:45:00-04:00,54.02,54.04,54.005,54.01,3052
2019-09-25 13:50:00-04:00,54.025,54.05,54.015,54.05,6028
2019-09-25 13:55:00-04:00,54.06,54.07,54.04,54.045,7632
2019-09-25 14:00:00-04:00,54.05,54.08,54.03,54.03,6145
2019-09-25 14:05:00-04:00,54.04,54.09,54.03,54.09,3797
2019-09-25 14:10:00-04:00,54.085,54.09,54.06,54.08,4668
2019-09-25 14:15:00-04:00,54.08,54.08,54.045,54.05,2627
2019-09-25 14:20:00-04:00,54.06,54.08,54.06,54.08,3106
2019-09-25 14:25:00-04:00,54.07,54.1,54.07,54.08,3981
2019-09-25 14:30:00-04:00,54.08,54.12,54.08,54.11,2036
2019-09-25 14:35:00-04:00,54.12,54.19,54.12,54.18,3360
2019-09-25 14:40:00-04:00,54.18,54.2,54.15,54.15,6658
2019-09-25 14:45:00-04:00,54.16,54.19,54.155,54.17,3104
2019-09-25 14:50:00-04:00,54.185,54.205,54.18,54.19,5421
2019-09-25 14:55:00-04:00,54.195,54.195,54.17,54.18,5758
2019-09-25 15:00:00-04:00,54.18,54.18,54.16,54.17,5237
2019-09-25 15:05:00-04:00,54.17,54.19,54.16,54.185,5007
2019-09-25 15:10:00-04:00,54.18,54.19,54.12,54.13,6726
2019-09-25 15:15:00-04:00,54.14,54.19,54.14,54.17,4979
2019-09-25 15:20:00-04:00,54.18,54.195,54.17,54.19,5207
2019-09-25 15:25:00-04:00,54.205,54.205,54.12,54.125,4824
2019-09-25 15:30:00-04:00,54.13,54.13,54.075,54.075,10036
2019-09-25 15:35:00-04:00,54.08,54.1,54.06,54.1,12987
2019-09-25 15:40:00-04:00,54.095,54.125,54.09,54.11,14048
2019-09-25 15:45:00-04:00,54.1,54.175,54.1,54.155,14793
2019-09-25 15:50:00-04:00,54.16,54.19,54.13,54.18,22782
2019-09-25 15:55:00-04:00,54.17,54.22,54.135,54.17,46409
2019-09-26 09:30:00-04:00,54.38,54.465,54.35,54.39,4542
2019-09-26 09:35:00-04:00,54.44,54.44,54.39,54.41,1807
2019-09-26 09:40:00-04:00,54.43,54.43,54.35,54.35,2062
2019-09-26 09:45:00-04:00,54.35,54.4,54.35,54.4,685
2019-09-26 09:50:00-04:00,54.42,54.43,54.38,54.4,1660
2019-09-26 09:55:00-04:00,54.43,54.43,54.37,54.37,2078
2019-09-26 10:00:00-04:00,54.37,54.39,54.31,54.38,7275
2019-09-26 10:05:00-04:00,54.38,54.38,54.315,54.32,3367
2019-09-26 10:10:00-04:00,54.295,54.295,54.25,54.27,2526
2019-09-26 10:15:00-04:00,54.25,54.28,54.2,54.205,3550
2019-09-26 10:20:00-04:00,54.205,54.26,54.205,54.26,1957
2019-09-26 10:25:00-04:00,54.27,54.29,54.25,54.25,1841
2019-09-26 10:30:00-04:00,54.25,54.25,54.15,54.17,10976
2019-09-26 10:35:00-04:00,54.16,54.23,54.155,54.21,59224
2019-09-26 10:40:00-04:00,54.22,54.22,54.16,54.17,2105
2019-09-26 10:45:00-04:00,54.18,54.18,54.13,54.14,1115
2019-09-26 10:50:00-04:00,54.14,54.17,54.13,54.145,2313
2019-09-26 10:55:00-04:00,54.15,54.24,54.15,54.22,3945
2019-09-26 11:00:00-04:00,54.21,54.21,54.16,54.19,3012
2019-09-26 11:05:00-04:00,54.195,54.23,54.18,54.23,8704
2019-09-26 11:10:00-04:00,54.24,54.285,54.24,54.285,3694
2019-09-26 11:15:00-04:00,54.28,54.28,54.19,54.19,3480
2019-09-26 11:20:00-04:00,54.2,54.205,54.165,54.165,3757
2019-09-26 11:25:00-04:00,54.175,54.235,54.17,54.23,3023
2019-09-26 11:30:00-04:00,54.23,54.245,54.21,54.24,3106
2019-09-26 11:35:00-04:00,54.25,54.255,54.24,54.245,1977
2019-09-26 11:40:00-04:00,54.225,54.245,54.225,54.23,2798
2019-09-26 11:45:00-04:00,54.22,54.23,54.185,54.2,2268
2019-09-26 11:50:00-04:00,54.215,54.215,54.15,54.17,3275
2019-09-26 11:55:00-04:00,54.17,54.2,54.165,54.19,3374
2019-09-26 12:00:00-04:00,54.2,54.235,54.17,54.23,4431
2019-09-26 12:05:00-04:00,54.22,54.28,54.22,54.28,2108
2019-09-26 12:10:00-04:00,54.25,54.25,54.23,54.23,7509
2019-09-26 12:15:00-04:00,54.24,54.28,54.24,54.28,6188
2019-09-26 12:20:00-04:00,54.3,54.3,54.275,54.28,1980
2019-09-26 12:25:00-04:00,54.28,54.33,54.28,54.32,2994
2019-09-26 12:30:00-04:00,54.31,54.33,54.27,54.27,1190
2019-09-26 12:35:00-04:00,54.26,54.3,54.245,54.29,2077
2019-09-26 12:40:00-04:00,54.31,54.31,54.27,54.27,1187
2019-09-26 12:45:00-04:00,54.295,54.3,54.28,54.28,809
2019-09-26 12:50:00-04:00,54.28,54.28,54.255,54.265,1598
2019-09-26 12:55:00-04:00,54.265,54.285,54.245,54.285,3667
2019-09-26 13:00:00-04:00,54.29,54.29,54.26,54.27,4403
2019-09-26 13:05:00-04:00,54.26,54.305,54.26,54.305,3672
2019-09-26 13:10:00-04:00,54.32,54.355,54.32,54.35,3503
2019-09-26 13:15:00-04:00,54.36,54.4,54.35,54.39,6360
2019-09-26 13:20:00-04:00,54.39,54.4,54.375,54.4,10171
2019-09-26 13:25:00-04:00,54.4,54.4,54.36,54.38,2048
2019-09-26 13:30:00-04:00,54.41,54.42,54.4,54.4,2488
2019-09-26 13:35:00-04:00,54.41,54.41,54.38,54.4,3113
2019-09-26 13:40:00-04:00,54.39,54.4,54.375,54.39,2630
2019-09-26 13:45:00-04:00,54.39,54.41,54.38,54.41,3302
2019-09-26 13:50:00-04:00,54.41,54.43,54.395,54.43,11265
2019-09-26 13:55:00-04:00,54.435,54.44,54.39,54.42,13516
2019-09-26 14:00:00-04:00,54.435,54.51,54.425,54.505,22495
2019-09-26 14:05:00-04:00,54.51,54.525,54.475,54.525,36366
2019-09-26 14:10:00-04:00,54.53,54.54,54.5,54.52,12057
2019-09-26 14:15:00-04:00,54.52,54.56,54.52,54.53,12832
2019-09-26 14:20:00-04:00,54.55,54.575,54.545,54.555,5810
2019-09-26 14:25:00-04:00,54.54,54.55,54.52,54.535,3842
2019-09-26 14:30:00-04:00,54.535,54.54,54.505,54.505,6238
2019-09-26 14:35:00-04:00,54.5,54.51,54.475,54.48,3883
2019-09-26 14:40:00-04:00,54.48,54.5,54.48,54.485,2521
2019-09-26 14:45:00-04:00,54.485,54.49,54.475,54.485,1933
2019-09-26 14:50:00-04:00,54.485,54.49,54.455,54.485,1309
2019-09-26 14:55:00-04:00,54.48,54.52,54.48,54.5,2937
2019-09-26 15:00:00-04:00,54.51,54.52,54.48,54.48,5769
2019-09-26 15:05:00-04:00,54.47,54.48,54.45,54.48,1056
2019-09-26 15:10:00-04:00,54.47,54.5,54.455,54.48,10280
2019-09-26 15:15:00-04:00,54.48,54.5,54.47,54.5,9726
2019-09-26 15:20:00-04:00,54.5,54.51,54.48,54.49,5088
2019-09-26 15:25:00-04:00,54.485,54.56,54.48,54.55,7814
2019-09-26 15:30:00-04:00,54.55,54.57,54.53,54.54,4187
2019-09-26 15:35:00-04:00,54.535,54.54,54.48,54.49,10435
2019-09-26 15:40:00-04:00,54.465,54.48,54.44,54.45,8374
2019-09-26 15:45:00-04:00,54.44,54.465,54.43,54.455,4971
2019-09-26 15:50:00-04:00,54.44,54.48,54.4,54.405,19128
2019-09-26 15:55:00-04:00,54.4,54.41,54.33,54.4,89673
2019-09-27 09:30:00-04:00,54.56,54.6,54.41,54.415,6552
2019-09-27 09:35:00-04:00,54.385,54.425,54.36,54.41,3556
2019-09-27 09:40:00-04:00,54.38,54.38,54.275,54.275,4973
2019-09-27 09:45:00-04:00,54.3,54.325,54.28,54.325,4646
2019-09-27 09:50:00-04:00,54.34,54.415,54.325,54.4,5311
2019-09-27 09:55:00-04:00,54.4,54.405,54.36,54.36,3193
2019-09-27 10:00:00-04:00,54.36,54.415,54.36,54.365,3750
2019-09-27 10:05:00-04:00,54.375,54.425,54.36,54.38,2941
2019-09-27 10:10:00-04:00,54.38,54.385,54.31,54.315,3693
2019-09-27 10:15:00-04:00,54.33,54.33,54.305,54.31,1931
2019-09-27 10:20:00-04:00,54.27,54.325,54.235,54.315,4706
2019-09-27 10:25:00-04:00,54.315,54.325,54.275,54.315,3705
2019-09-27 10:30:00-04:00,54.315,54.315,54.24,54.285,8847
2019-09-27 10:35:00-04:00,54.27,54.28,54.225,54.24,5825
2019-09-27 10:40:00-04:00,54.24,54.3,54.235,54.28,3893
2019-09-27 10:45:00-04:00,54.29,54.375,54.285,54.37,8431
2019-09-27 10:50:00-04:00,54.385,54.4,54.325,54.325,5255
2019-09-27 10:55:00-04:00,54.325,54.36,54.305,54.345,4757
2019-09-27 11:00:00-04:00,54.32,54.33,54.265,54.28,4038
2019-09-27 11:05:00-04:00,54.3,54.3,54.26,54.27,4752
2019-09-27 11:10:00-04:00,54.26,54.28,54.245,54.265,5996
2019-09-27 11:15:00-04:00,54.28,54.3,54.26,54.265,10064
2019-09-27 11:20:00-04:00,54.26,54.28,54.245,54.28,7998
2019-09-27 11:25:00-04:00,54.315,54.36,54.315,54.36,5642
2019-09-27 11:30:00-04:00,54.355,54.38,54.345,54.37,10996
2019-09-27 11:35:00-04:00,54.37,54.38,54.21,54.26,14211
2019-09-27 11:40:00-04:00,54.28,54.3,54.215,54.215,2421
2019-09-27 11:45:00-04:00,54.245,54.28,54.235,54.235,2623
2019-09-27 11:50:00-04:00,54.225,54.225,54.185,54.22,4626
2019-09-27 11:55:00-04:00,54.225,54.27,54.21,54.215,4054
2019-09-27 12:00:00-04:00,54.19,54.195,54.125,54.125,5844
2019-09-27 12:05:00-04:00,54.13,54.135,54.09,54.135,5059
2019-09-27 12:10:00-04:00,54.135,54.19,54.135,54.175,4917
2019-09-27 12:15:00-04:00,54.17,54.17,54.125,54.135,5540
2019-09-27 12:20:00-04:00,54.145,54.165,54.14,54.14,2155
2019-09-27 12:25:00-04:00,54.125,54.155,54.12,54.145,4113
2019-09-27 12:30:00-04:00,54.15,54.15,54.105,54.125,2960
2019-09-27 12:35:00-04:00,54.125,54.145,54.12,54.145,1689
2019-09-27 12:40:00-04:00,54.14,54.155,54.135,54.135,2726
2019-09-27 12:45:00-04:00,54.12,54.125,54.105,54.11,3304
2019-09-27 12:50:00-04:00,54.12,54.125,54.08,54.085,7236
2019-09-27 12:55:00-04:00,54.08,54.09,54.045,54.045,4984
2019-09-27 13:00:00-04:00,54.045,54.13,54.025,54.115,4653
2019-09-27 13:05:00-04:00,54.12,54.175,54.11,54.165,7815
2019-09-27 13:10:00-04:00,54.165,54.195,54.16,54.17,9657
2019-09-27 13:15:00-04:00,54.165,54.17,54.14,54.16,3073
2019-09-27 13:20:00-04:00,54.165,54.18,54.135,54.145,4734
2019-09-27 13:25:00-04:00,54.14,54.185,54.14,54.18,4301
2019-09-27 13:30:00-04:00,54.185,54.19,54.145,54.16,2096
2019-09-27 13:35:00-04:00,54.16,54.17,54.125,54.145,4627
2019-09-27 13:40:00-04:00,54.145,54.21,54.145,54.2,7169
2019-09-27 13:45:00-04:00,54.205,54.205,54.18,54.18,4546
2019-09-27 13:50:00-04:00,54.14,54.145,54.09,54.135,6120
2019-09-27 13:55:00-04:00,54.145,54.16,54.105,54.11,4666
2019-09-27 14:00:00-04:00,54.13,54.135,54.08,54.08,2383
2019-09-27 14:05:00-04:00,54.08,54.08,54.04,54.055,3309
2019-09-27 14:10:00-04:00,54.055,54.06,54.01,54.035,4330
2019-09-27 14:15:00-04:00,54.045,54.05,54.01,54.01,1720
2019-09-27 14:20:00-04:00,54.01,54.03,54.005,54.03,4693
2019-09-27 14:25:00-04:00,54.025,54.045,54.015,54.025,5224
2019-09-27 14:30:00-04:00,54.035,54.065,54.03,54.035,4094
2019-09-27 14:35:00-04:00,54.04,54.075,54.025,54.035,6244
2019-09-27 14:40:00-04:00,54.045,54.08,54.04,54.04,3021
2019-09-27 14:45:00-04:00,54.035,54.075,54.03,54.07,4643
2019-09-27 14:50:00-04:00,54.05,54.06,54.015,54.015,7217
2019-09-27 14:55:00-04:00,54.015,54.06,54.015,54.055,7645
2019-09-27 15:00:00-04:00,54.07,54.11,54.065,54.075,9531
2019-09-27 15:05:00-04:00,54.075,54.085,54.045,54.06,5798
2019-09-27 15:10:00-04:00,54.065,54.08,54.03,54.03,8984
2019-09-27 15:15:00-04:00,54.04,54.12,54.04,54.11,6015
2019-09-27 15:20:00-04:00,54.1,54.15,54.085,54.13,12117
2019-09-27 15:25:00-04:00,54.12,54.12,54.045,54.045,12364
2019-09-27 15:30:00-04:00,54.04,54.17,54.035,54.16,11721
2019-09-27 15:35:00-04:00,54.155,54.185,54.12,54.165,10449
2019-09-27 15:40:00-04:00,54.155,54.215,54.155,54.175,10081
2019-09-27 15:45:00-04:00,54.175,54.23,54.17,54.22,19595
2019-09-27 15:50:00-04:00,54.23,54.3,54.225,54.25,39499
2019-09-27 15:55:00-04:00,54.25,54.32,54.215,54.32,66830
2019-09-30 09:30:00-04:00,54.28,54.4,54.28,54.39,4090
2019-09-30 09:35:00-04:00,54.405,54.43,54.32,54.34,5134
2019-09-30 09:40:00-04:00,54.35,54.4,54.32,54.4,4089
2019-09-30 09:45:00-04:00,54.355,54.36,54.26,54.29,16045
2019-09-30 09:50:00-04:00,54.28,54.42,54.27,54.42,21078
2019-09-30 09:55:00-04:00,54.42,54.45,54.395,54.405,5098
2019-09-30 10:00:00-04:00,54.39,54.4,54.33,54.4,1594
2019-09-30 10:05:00-04:00,54.44,54.44,54.38,54.38,1034
2019-09-30 10:10:00-04:00,54.38,54.405,54.38,54.405,6925
2019-09-30 10:15:00-04:00,54.4,54.43,54.39,54.395,3979
2019-09-30 10:20:00-04:00,54.385,54.4,54.355,54.375,9085
2019-09-30 10:25:00-04:00,54.37,54.37,54.34,54.345,1182
2019-09-30 10:30:00-04:00,54.365,54.39,54.365,54.365,2296
2019-09-30 10:35:00-04:00,54.375,54.42,54.375,54.42,2905
2019-09-30 10:40:00-04:00,54.45,54.51,54.44,54.51,3840
2019-09-30 10:45:00-04:00,54.5,54.5,54.46,54.47,1726
2019-09-30 10:50:00-04:00,54.465,54.49,54.465,54.49,1319
2019-09-30 10:55:00-04:00,54.49,54.5,54.465,54.47,1253
2019-09-30 11:00:00-04:00,54.48,54.5,54.47,54.49,3272
2019-09-30 11:05:00-04:00,54.49,54.53,54.49,54.51,1868
2019-09-30 11:10:00-04:00,54.51,54.53,54.49,54.5,4941
2019-09-30 11:15:00-04:00,54.49,54.55,54.49,54.54,3627
2019-09-30 11:20:00-04:00,54.57,54.59,54.57,54.58,4001
2019-09-30 11:25:00-04:00,54.585,54.615,54.585,54.615,3136
2019-09-30 11:30:00-04:00,54.62,54.62,54.59,54.6,6766
2019-09-30 11:35:00-04:00,54.585,54.65,54.585,54.61,2744
2019-09-30 11:40:00-04:00,54.61,54.62,54.59,54.595,2325
2019-09-30 11:45:00-04:00,54.59,54.6,54.56,54.58,1366
2019-09-30 11:50:00-04:00,54.575,54.59,54.54,54.59,3272
2019-09-30 11:55:00-04:00,54.595,54.62,54.58,54.615,2829
2019-09-30 12:00:00-04:00,54.63,54.67,54.615,54.65,9034
2019-09-30 12:05:00-04:00,54.65,54.65,54.65,54.65,781
2019-09-30 12:10:00-04:00,54.64,54.67,54.635,54.67,2767
2019-09-30 12:15:00-04:00,54.68,54.68,54.66,54.66,1020
2019-09-30 12:20:00-04:00,54.67,54.67,54.645,54.66,852
2019-09-30 12:25:00-04:00,54.65,54.66,54.64,54.64,963
2019-09-30 12:30:00-04:00,54.62,54.62,54.59,54.615,1279
2019-09-30 12:35:00-04:00,54.61,54.625,54.61,54.62,1098
2019-09-30 12:40:00-04:00,54.6,54.6,54.57,54.57,1234
2019-09-30 12:45:00-04:00,54.57,54.62,54.545,54.545,1633
2019-09-30 12:50:00-04:00,54.525,54.54,54.515,54.52,2169
2019-09-30 12:55:00-04:00,54.51,54.51,54.49,54.51,2733
2019-09-30 13:00:00-04:00,54.5,54.5,54.47,54.47,2057
2019-09-30 13:05:00-04:00,54.46,54.47,54.44,54.445,2210
2019-09-30 13:10:00-04:00,54.45,54.47,54.435,54.44,5105
2019-09-30 13:15:00-04:00,54.435,54.49,54.43,54.48,3723
2019-09-30 13:20:00-04:00,54.47,54.505,54.47,54.495,9319
2019-09-30 13:25:00-04:00,54.49,54.495,54.48,54.495,3196
2019-09-30 13:30:00-04:00,54.495,54.525,54.495,54.495,6005
2019-09-30 13:35:00-04:00,54.495,54.495,54.46,54.495,2951
2019-09-30 13:40:00-04:00,54.49,54.49,54.465,54.465,1740
2019-09-30 13:45:00-04:00,54.465,54.49,54.455,54.49,2688
2019-09-30 13:50:00-04:00,54.49,54.495,54.42,54.42,5254
2019-09-30 13:55:00-04:00,54.42,54.42,54.345,54.345,7962
2019-09-30 14:00:00-04:00,54.35,54.365,54.33,54.34,3968
2019-09-30 14:05:00-04:00,54.33,54.335,54.3,54.3,2746
2019-09-30 14:10:00-04:00,54.29,54.305,54.27,54.295,4642
2019-09-30 14:15:00-04:00,54.32,54.345,54.315,54.34,2602
2019-09-30 14:20:00-04:00,54.335,54.335,54.31,54.325,4278
2019-09-30 14:25:00-04:00,54.33,54.355,54.29,54.35,4017
2019-09-30 14:30:00-04:00,54.355,54.355,54.3,54.345,4915
2019-09-30 14:35:00-04:00,54.35,54.365,54.34,54.345,3628
2019-09-30 14:40:00-04:00,54.345,54.36,54.305,54.36,2659
2019-09-30 14:45:00-04:00,54.36,54.38,54.345,54.345,935
2019-09-30 14:50:00-04:00,54.345,54.38,54.335,54.35,2368
2019-09-30 14:55:00-04:00,54.355,54.355,54.32,54.32,1583
2019-09-30 15:00:00-04:00,54.32,54.33,54.31,54.32,1854
2019-09-30 15:05:00-04:00,54.3,54.35,54.3,54.34,2961
2019-09-30 15:10:00-04:00,54.33,54.335,54.31,54.325,3049
2019-09-30 15:15:00-04:00,54.33,54.355,54.33,54.345,4171
2019-09-30 15:20:00-04:00,54.345,54.355,54.31,54.355,6215
2019-09-30 15:25:00-04:00,54.37,54.37,54.33,54.34,4631
2019-09-30 15:30:00-04:00,54.34,54.34,54.285,54.29,7129
2019-09-30 15:35:00-04:00,54.29,54.29,54.255,54.29,6194
2019-09-30 15:40:00-04:00,54.32,54.355,54.31,54.355,9967
2019-09-30 15:45:00-04:00,54.38,54.405,54.3,54.32,15293
2019-09-30 15:50:00-04:00,54.35,54.39,54.35,54.35,15313
2019-09-30 15:55:00-04:00,54.35,54.46,54.34,54.43,96552
2019-10-01 09:30:00-04:00,54.51,54.76,54.51,54.57,8472
2019-10-01 09:35:00-04:00,54.585,54.64,54.42,54.43,4065
2019-10-01 09:40:00-04:00,54.46,54.46,54.275,54.3,6530
2019-10-01 09:45:00-04:00,54.305,54.36,54.23,54.23,3433
2019-10-01 09:50:00-04:00,54.23,54.25,54.08,54.08,8847
2019-10-01 09:55:00-04:00,54.08,54.16,54.035,54.16,11854
2019-10-01 10:00:00-04:00,54.155,54.185,54.02,54.18,11616
2019-10-01 10:05:00-04:00,54.18,54.19,54.06,54.075,32337
2019-10-01 10:10:00-04:00,54.07,54.105,54.035,54.045,7626
2019-10-01 10:15:00-04:00,54.055,54.135,54.04,54.11,10235
2019-10-01 10:20:00-04:00,54.11,54.15,54.06,54.15,4490
2019-10-01 10:25:00-04:00,54.17,54.255,54.17,54.255,9747
2019-10-01 10:30:00-04:00,54.3,54.355,54.29,54.31,9673
2019-10-01 10:35:00-04:00,54.3,54.345,54.24,54.32,6073
2019-10-01 10:40:00-04:00,54.37,54.445,54.37,54.42,4262
2019-10-01 10:45:00-04:00,54.46,54.52,54.435,54.45,5034
2019-10-01 10:50:00-04:00,54.455,54.5,54.455,54.49,1833
2019-10-01 10:55:00-04:00,54.49,54.535,54.425,54.425,3365
2019-10-01 11:00:00-04:00,54.45,54.45,54.33,54.33,3402
2019-10-01 11:05:00-04:00,54.33,54.505,54.33,54.5,8049
2019-10-01 11:10:00-04:00,54.48,54.48,54.45,54.47,1209
2019-10-01 11:15:00-04:00,54.48,54.535,54.46,54.515,1870
2019-10-01 11:20:00-04:00,54.5,54.56,54.5,54.535,3627
2019-10-01 11:25:00-04:00,54.53,54.53,54.47,54.47,2519
2019-10-01 11:30:00-04:00,54.5,54.515,54.47,54.49,2240
2019-10-01 11:35:00-04:00,54.47,54.48,54.43,54.43,681
2019-10-01 11:40:00-04:00,54.4,54.41,54.34,54.395,9355
2019-10-01 11:45:00-04:00,54.4,54.41,54.33,54.36,6162
2019-10-01 11:50:00-04:00,54.36,54.36,54.315,54.325,7252
2019-10-01 11:55:00-04:00,54.315,54.35,54.315,54.33,3865
2019-10-01 12:00:00-04:00,54.32,54.32,54.25,54.25,5548
2019-10-01 12:05:00-04:00,54.25,54.28,54.25,54.25,8192
2019-10-01 12:10:00-04:00,54.24,54.24,54.2,54.21,3155
2019-10-01 12:15:00-04:00,54.2,54.21,54.195,54.21,412
2019-10-01 12:20:00-04:00,54.23,54.23,54.205,54.21,633
2019-10-01 12:25:00-04:00,54.2,54.27,54.2,54.26,656
2019-10-01 12:30:00-04:00,54.29,54.29,54.26,54.26,829
2019-10-01 12:35:00-04:00,54.24,54.28,54.24,54.26,1970
2019-10-01 12:40:00-04:00,54.31,54.33,54.31,54.33,1023
2019-10-01 12:45:00-04:00,54.32,54.32,54.27,54.29,527
2019-10-01 12:50:00-04:00,54.27,54.29,54.27,54.28,499
2019-10-01 12:55:00-04:00,54.29,54.32,54.27,54.27,3248
2019-10-01 13:00:00-04:00,54.275,54.31,54.265,54.305,3777
2019-10-01 13:05:00-04:00,54.305,54.31,54.245,54.28,6573
2019-10-01 13:10:00-04:00,54.22,54.25,54.22,54.23,1702
2019-10-01 13:15:00-04:00,54.28,54.28,54.27,54.27,801
2019-10-01 13:20:00-04:00,54.28,54.31,54.28,54.3,2371
2019-10-01 13:25:00-04:00,54.31,54.345,54.28,54.28,16956
2019-10-01 13:30:00-04:00,54.275,54.29,54.25,54.285,21419
2019-10-01 13:35:00-04:00,54.29,54.33,54.29,54.33,54311
2019-10-01 13:40:00-04:00,54.325,54.36,54.31,54.325,20671
2019-10-01 13:45:00-04:00,54.325,54.36,54.305,54.355,17237
2019-10-01 13:50:00-04:00,54.355,54.36,54.325,54.345,10713
2019-10-01 13:55:00-04:00,54.345,54.42,54.33,54.41,23916
2019-10-01 14:00:00-04:00,54.41,54.44,54.395,54.44,19881
2019-10-01 14:05:00-04:00,54.43,54.46,54.415,54.42,4744
2019-10-01 14:10:00-04:00,54.43,54.52,54.41,54.52,8584
2019-10-01 14:15:00-04:00,54.52,54.52,54.46,54.46,6211
2019-10-01 14:20:00-04:00,54.45,54.51,54.45,54.49,4917
2019-10-01 14:25:00-04:00,54.495,54.57,54.495,54.54,9948
2019-10-01 14:30:00-04:00,54.55,54.58,54.545,54.55,4391
2019-10-01 14:35:00-04:00,54.54,54.54,54.475,54.475,4784
2019-10-01 14:40:00-04:00,54.5,54.5,54.46,54.48,3490
2019-10-01 14:45:00-04:00,54.49,54.52,54.485,54.52,4432
2019-10-01 14:50:00-04:00,54.53,54.555,54.51,54.55,8604
2019-10-01 14:55:00-04:00,54.55,54.55,54.5,54.515,5897
2019-10-01 15:00:00-04:00,54.52,54.555,54.52,54.555,5239
2019-10-01 15:05:00-04:00,54.575,54.575,54.52,54.57,7061
2019-10-01 15:10:00-04:00,54.56,54.56,54.54,54.55,18092
2019-10-01 15:15:00-04:00,54.54,54.61,54.51,54.595,18784
2019-10-01 15:20:00-04:00,54.59,54.6,54.56,54.59,7153
2019-10-01 15:25:00-04:00,54.58,54.64,54.58,54.64,9678
2019-10-01 15:30:00-04:00,54.63,54.635,54.59,54.62,32346
2019-10-01 15:35:00-04:00,54.62,54.63,54.57,54.57,41502
2019-10-01 15:40:00-04:00,54.56,54.57,54.53,54.565,30200
2019-10-01 15:45:00-04:00,54.565,54.58,54.54,54.58,27013
2019-10-01 15:50:00-04:00,54.58,54.64,54.58,54.63,29548
2019-10-01 15:55:00-04:00,54.63,54.69,54.58,54.65,100178
2019-10-02 09:30:00-04:00,54.21,54.43,54.21,54.37,37957
2019-10-02 09:35:00-04:00,54.335,54.335,54.22,54.285,14329
2019-10-02 09:40:00-04:00,54.3,54.34,54.205,54.245,25914
2019-10-02 09:45:00-04:00,54.245,54.295,54.23,54.28,13306
2019-10-02 09:50:00-04:00,54.285,54.325,54.265,54.31,10471
2019-10-02 09:55:00-04:00,54.29,54.41,54.265,54.41,15411
2019-10-02 10:00:00-04:00,54.4,54.41,54.235,54.26,16817
2019-10-02 10:05:00-04:00,54.28,54.28,54.115,54.115,9068
2019-10-02 10:10:00-04:00,54.14,54.15,54.07,54.07,19049
2019-10-02 10:15:00-04:00,54.08,54.08,53.98,53.98,12691
2019-10-02 10:20:00-04:00,53.97,53.97,53.885,53.895,27344
2019-10-02 10:25:00-04:00,53.91,53.915,53.86,53.895,231940
2019-10-02 10:30:00-04:00,53.905,53.92,53.865,53.91,25182
2019-10-02 10:35:00-04:00,53.905,53.93,53.765,53.785,22639
2019-10-02 10:40:00-04:00,53.79,53.795,53.655,53.675,22543
2019-10-02 10:45:00-04:00,53.675,53.725,53.605,53.605,17597
2019-10-02 10:50:00-04:00,53.6,53.6,53.425,53.475,21996
2019-10-02 10:55:00-04:00,53.465,53.585,53.465,53.52,21274
2019-10-02 11:00:00-04:00,53.51,53.51,53.43,53.44,16364
2019-10-02 11:05:00-04:00,53.45,53.55,53.425,53.525,14014
2019-10-02 11:10:00-04:00,53.53,53.53,53.455,53.475,13762
2019-10-02 11:15:00-04:00,53.49,53.49,53.355,53.435,13398
2019-10-02 11:20:00-04:00,53.43,53.475,53.365,53.415,12047
2019-10-02 11:25:00-04:00,53.44,53.44,53.325,53.325,12924
2019-10-02 11:30:00-04:00,53.335,53.35,53.25,53.315,14331
2019-10-02 11:35:00-04:00,53.315,53.34,53.27,53.335,9946
2019-10-02 11:40:00-04:00,53.34,53.36,53.275,53.295,62785
2019-10-02 11:45:00-04:00,53.305,53.35,53.29,53.33,10340
2019-10-02 11:50:00-04:00,53.325,53.4,53.3,53.38,13544
2019-10-02 11:55:00-04:00,53.38,53.39,53.33,53.365,15219
2019-10-02 12:00:00-04:00,53.35,53.39,53.345,53.365,12991
2019-10-02 12:05:00-04:00,53.37,53.41,53.36,53.395,11356
2019-10-02 12:10:00-04:00,53.39,53.4,53.36,53.375,10687
2019-10-02 12:15:00-04:00,53.37,53.38,53.315,53.315,15448
2019-10-02 12:20:00-04:00,53.315,53.34,53.305,53.325,9495
2019-10-02 12:25:00-04:00,53.32,53.325,53.265,53.275,10310
2019-10-02 12:30:00-04:00,53.275,53.285,53.215,53.215,7775
2019-10-02 12:35:00-04:00,53.2,53.2,53.11,53.12,8528
2019-10-02 12:40:00-04:00,53.105,53.13,53.09,53.09,15054
2019-10-02 12:45:00-04:00,53.085,53.1,53.015,53.02,12483
2019-10-02 12:50:00-04:00,53.015,53.02,52.935,53.0,14125
2019-10-02 12:55:00-04:00,52.995,53.075,52.985,53.04,7192
2019-10-02 13:00:00-04:00,53.025,53.08,53.0,53.075,14392
2019-10-02 13:05:00-04:00,53.06,53.12,53.06,53.095,10489
2019-10-02 13:10:00-04:00,53.095,53.115,53.065,53.065,7886
2019-10-02 13:15:00-04:00,53.07,53.07,53.015,53.015,7177
2019-10-02 13:20:00-04:00,53.0,53.045,52.975,52.975,11321
2019-10-02 13:25:00-04:00,52.96,52.98,52.915,52.955,13194
2019-10-02 13:30:00-04:00,52.985,53.03,52.955,52.955,13744
2019-10-02 13:35:00-04:00,52.965,53.01,52.95,52.975,9069
2019-10-02 13:40:00-04:00,52.975,52.985,52.915,52.92,11161
2019-10-02 13:45:00-04:00,52.92,52.96,52.915,52.925,12028
2019-10-02 13:50:00-04:00,52.93,52.97,52.905,52.94,10480
2019-10-02 13:55:00-04:00,52.95,52.96,52.925,52.935,7690
2019-10-02 14:00:00-04:00,52.93,53.01,52.93,53.005,17362
2019-10-02 14:05:00-04:00,52.995,53.04,52.96,53.035,12885
2019-10-02 14:10:00-04:00,53.045,53.12,53.03,53.11,9551
2019-10-02 14:15:00-04:00,53.115,53.125,53.095,53.095,9946
2019-10-02 14:20:00-04:00,53.095,53.135,53.09,53.125,10204
2019-10-02 14:25:00-04:00,53.125,53.125,53.075,53.075,11565
2019-10-02 14:30:00-04:00,53.085,53.105,53.04,53.095,8145
2019-10-02 14:35:00-04:00,53.11,53.12,53.075,53.11,5810
2019-10-02 14:40:00-04:00,53.13,53.18,53.125,53.175,9408
2019-10-02 14:45:00-04:00,53.175,53.2,53.155,53.185,7807
2019-10-02 14:50:00-04:00,53.18,53.19,53.135,53.16,10173
2019-10-02 14:55:00-04:00,53.145,53.2,53.145,53.195,12390
2019-10-02 15:00:00-04:00,53.205,53.205,53.105,53.105,16748
2019-10-02 15:05:00-04:00,53.1,53.145,53.09,53.145,14652
2019-10-02 15:10:00-04:00,53.15,53.195,53.125,53.165,14830
2019-10-02 15:15:00-04:00,53.16,53.235,53.14,53.215,16926
2019-10-02 15:20:00-04:00,53.2,53.255,53.185,53.2,17178
2019-10-02 15:25:00-04:00,53.21,53.21,53.11,53.135,18881
2019-10-02 15:30:00-04:00,53.13,53.195,53.115,53.175,29138
2019-10-02 15:35:00-04:00,53.175,53.205,53.13,53.17,28014
2019-10-02 15:40:00-04:00,53.165,53.18,53.115,53.135,29046
2019-10-02 15:45:00-04:00,53.13,53.155,53.025,53.025,49882
2019-10-02 15:50:00-04:00,53.025,53.095,52.98,53.07,56637
2019-10-02 15:55:00-04:00,53.07,53.12,53.01,53.11,160610
2019-10-03 09:25:00-04:00,53.54,53.54,53.54,53.54,400
2019-10-03 09:30:00-04:00,53.52,53.52,53.3,53.44,9312
2019-10-03 09:35:00-04:00,53.36,53.36,53.17,53.24,7133
2019-10-03 09:40:00-04:00,53.225,53.29,53.205,53.28,24434
2019-10-03 09:45:00-04:00,53.3,53.32,53.22,53.24,18217
2019-10-03 09:50:00-04:00,53.19,53.3,53.19,53.245,8244
2019-10-03 09:55:00-04:00,53.225,53.305,53.22,53.275,3604
2019-10-03 10:00:00-04:00,53.27,53.27,52.97,53.03,15223
2019-10-03 10:05:00-04:00,52.98,52.98,52.83,52.895,10952
2019-10-03 10:10:00-04:00,52.9,52.96,52.86,52.9,8528
2019-10-03 10:15:00-04:00,52.915,52.965,52.895,52.965,5837
2019-10-03 10:20:00-04:00,52.97,53.11,52.965,53.085,9226
2019-10-03 10:25:00-04:00,53.1,53.315,53.1,53.285,8280
2019-10-03 10:30:00-04:00,53.31,53.43,53.31,53.41,6697
2019-10-03 10:35:00-04:00,53.41,53.49,53.4,53.44,13292
2019-10-03 10:40:00-04:00,53.4,53.49,53.38,53.485,66165
2019-10-03 10:45:00-04:00,53.5,53.53,53.44,53.5,4070
2019-10-03 10:50:00-04:00,53.485,53.485,53.4,53.43,8574
2019-10-03 10:55:00-04:00,53.43,53.515,53.42,53.49,9984
2019-10-03 11:00:00-04:00,53.44,53.63,53.44,53.6,5853
2019-10-03 11:05:00-04:00,53.61,53.715,53.61,53.65,4099
2019-10-03 11:10:00-04:00,53.64,53.71,53.61,53.675,5867
2019-10-03 11:15:00-04:00,53.67,53.785,53.66,53.775,6145
2019-10-03 11:20:00-04:00,53.78,53.78,53.73,53.765,3387
2019-10-03 11:25:00-04:00,53.77,53.78,53.725,53.74,3917
2019-10-03 11:30:00-04:00,53.735,53.765,53.735,53.76,2097
2019-10-03 11:35:00-04:00,53.785,53.84,53.785,53.81,7706
2019-10-03 11:40:00-04:00,53.8,53.83,53.8,53.81,7373
2019-10-03 11:45:00-04:00,53.815,53.815,53.74,53.77,3036
2019-10-03 11:50:00-04:00,53.76,53.805,53.75,53.765,11405
2019-10-03 11:55:00-04:00,53.78,53.81,53.77,53.78,4340
2019-10-03 12:00:00-04:00,53.805,53.845,53.8,53.81,1671
2019-10-03 12:05:00-04:00,53.845,53.895,53.84,53.88,4277
2019-10-03 12:10:00-04:00,53.885,53.9,53.85,53.875,5568
2019-10-03 12:15:00-04:00,53.885,53.885,53.82,53.82,3687
2019-10-03 12:20:00-04:00,53.805,53.86,53.805,53.86,1719
2019-10-03 12:25:00-04:00,53.87,53.91,53.865,53.885,4101
2019-10-03 12:30:00-04:00,53.875,53.91,53.875,53.9,2401
2019-10-03 12:35:00-04:00,53.91,53.935,53.875,53.935,4540
2019-10-03 12:40:00-04:00,53.925,53.965,53.925,53.96,2581
2019-10-03 12:45:00-04:00,53.96,53.965,53.94,53.94,1504
2019-10-03 12:50:00-04:00,53.945,53.95,53.915,53.945,3226
2019-10-03 12:55:00-04:00,53.935,53.975,53.935,53.96,3264
2019-10-03 13:00:00-04:00,53.95,53.95,53.89,53.9,3736
2019-10-03 13:05:00-04:00,53.9,53.905,53.855,53.855,4198
2019-10-03 13:10:00-04:00,53.86,53.895,53.86,53.88,5158
2019-10-03 13:15:00-04:00,53.88,53.895,53.86,53.89,5918
2019-10-03 13:20:00-04:00,53.88,53.905,53.88,53.9,8527
2019-10-03 13:25:00-04:00,53.9,53.92,53.87,53.88,4304
2019-10-03 13:30:00-04:00,53.88,53.88,53.86,53.865,2703
2019-10-03 13:35:00-04:00,53.85,53.865,53.77,53.78,10206
2019-10-03 13:40:00-04:00,53.79,53.89,53.79,53.865,6019
2019-10-03 13:45:00-04:00,53.88,53.88,53.85,53.85,3016
2019-10-03 13:50:00-04:00,53.86,53.875,53.86,53.86,2808
2019-10-03 13:55:00-04:00,53.86,53.905,53.85,53.905,5401
2019-10-03 14:00:00-04:00,53.91,53.935,53.9,53.93,7462
2019-10-03 14:05:00-04:00,53.93,53.935,53.9,53.915,9270
2019-10-03 14:10:00-04:00,53.915,53.94,53.91,53.925,6039
2019-10-03 14:15:00-04:00,53.93,53.97,53.93,53.945,7180
2019-10-03 14:20:00-04:00,53.94,53.94,53.89,53.91,4882
2019-10-03 14:25:00-04:00,53.94,53.95,53.92,53.935,4024
2019-10-03 14:30:00-04:00,53.93,53.93,53.895,53.9,5692
2019-10-03 14:35:00-04:00,53.9,53.91,53.87,53.88,5036
2019-10-03 14:40:00-04:00,53.87,53.915,53.86,53.88,7445
2019-10-03 14:45:00-04:00,53.87,53.89,53.855,53.855,4766
2019-10-03 14:50:00-04:00,53.845,53.865,53.83,53.865,11575
2019-10-03 14:55:00-04:00,53.85,53.92,53.84,53.905,6501
2019-10-03 15:00:00-04:00,53.915,53.915,53.84,53.88,6682
2019-10-03 15:05:00-04:00,53.875,53.875,53.85,53.865,4828
2019-10-03 15:10:00-04:00,53.86,53.88,53.845,53.845,8411
2019-10-03 15:15:00-04:00,53.86,53.86,53.78,53.79,7880
2019-10-03 15:20:00-04:00,53.8,53.825,53.77,53.77,4118
2019-10-03 15:25:00-04:00,53.775,53.815,53.77,53.815,14750
2019-10-03 15:30:00-04:00,53.82,53.82,53.77,53.78,10336
2019-10-03 15:35:00-04:00,53.795,53.8,53.78,53.795,6775
2019-10-03 15:40:00-04:00,53.79,53.825,53.785,53.825,11632
2019-10-03 15:45:00-04:00,53.825,53.825,53.74,53.75,24513
2019-10-03 15:50:00-04:00,53.74,53.755,53.69,53.7,24742
2019-10-03 15:55:00-04:00,53.71,53.88,53.7,53.86,126254
2019-10-04 09:30:00-04:00,54.01,54.08,53.89,54.04,7237
2019-10-04 09:35:00-04:00,54.03,54.12,53.97,54.035,9639
2019-10-04 09:40:00-04:00,54.07,54.13,54.055,54.1,7565
2019-10-04 09:45:00-04:00,54.1,54.11,54.05,54.1,6436
2019-10-04 09:50:00-04:00,54.1,54.1,54.025,54.03,3570
2019-10-04 09:55:00-04:00,54.06,54.07,54.02,54.07,3609
2019-10-04 10:00:00-04:00,54.055,54.09,54.055,54.07,2832
2019-10-04 10:05:00-04:00,54.085,54.17,54.085,54.15,5715
2019-10-04 10:10:00-04:00,54.14,54.145,54.085,54.105,4196
2019-10-04 10:15:00-04:00,54.135,54.16,54.125,54.155,1582
2019-10-04 10:20:00-04:00,54.175,54.235,54.175,54.225,2787
2019-10-04 10:25:00-04:00,54.225,54.225,54.16,54.175,3431
2019-10-04 10:30:00-04:00,54.2,54.225,54.175,54.175,4349
2019-10-04 10:35:00-04:00,54.16,54.16,54.05,54.055,3986
2019-10-04 10:40:00-04:00,54.07,54.09,54.06,54.06,3076
2019-10-04 10:45:00-04:00,54.055,54.07,54.035,54.06,5114
2019-10-04 10:50:00-04:00,54.065,54.095,54.05,54.085,2239
2019-10-04 10:55:00-04:00,54.09,54.135,54.09,54.1,2888
2019-10-04 11:00:00-04:00,54.11,54.15,54.1,54.13,3832
2019-10-04 11:05:00-04:00,54.125,54.16,54.12,54.16,3041
2019-10-04 11:10:00-04:00,54.17,54.2,54.17,54.2,1925
2019-10-04 11:15:00-04:00,54.195,54.21,54.185,54.19,2316
2019-10-04 11:20:00-04:00,54.21,54.21,54.125,54.13,2326
2019-10-04 11:25:00-04:00,54.145,54.165,54.135,54.165,2251
2019-10-04 11:30:00-04:00,54.17,54.19,54.155,54.185,3218
2019-10-04 11:35:00-04:00,54.19,54.235,54.19,54.22,3290
2019-10-04 11:40:00-04:00,54.235,54.245,54.2,54.2,3869
2019-10-04 11:45:00-04:00,54.195,54.2,54.18,54.185,2071
2019-10-04 11:50:00-04:00,54.195,54.205,54.17,54.17,2183
2019-10-04 11:55:00-04:00,54.17,54.175,54.11,54.11,4396
2019-10-04 12:00:00-04:00,54.12,54.14,54.1,54.14,1526
2019-10-04 12:05:00-04:00,54.14,54.155,54.135,54.14,2322
2019-10-04 12:10:00-04:00,54.145,54.15,54.13,54.13,3158
2019-10-04 12:15:00-04:00,54.14,54.17,54.125,54.165,3995
2019-10-04 12:20:00-04:00,54.195,54.22,54.19,54.22,3700
2019-10-04 12:25:00-04:00,54.22,54.22,54.155,54.155,3511
2019-10-04 12:30:00-04:00,54.155,54.16,54.115,54.135,3558
2019-10-04 12:35:00-04:00,54.145,54.19,54.14,54.175,3971
2019-10-04 12:40:00-04:00,54.17,54.185,54.155,54.155,2471
2019-10-04 12:45:00-04:00,54.155,54.17,54.135,54.165,2740
2019-10-04 12:50:00-04:00,54.175,54.19,54.165,54.185,3464
2019-10-04 12:55:00-04:00,54.18,54.205,54.17,54.19,2808
2019-10-04 13:00:00-04:00,54.165,54.18,54.155,54.16,2566
2019-10-04 13:05:00-04:00,54.18,54.18,54.105,54.105,1440
2019-10-04 13:10:00-04:00,54.105,54.11,54.095,54.1,2225
2019-10-04 13:15:00-04:00,54.105,54.105,54.08,54.095,1248
2019-10-04 13:20:00-04:00,54.12,54.12,54.1,54.1,3535
2019-10-04 13:25:00-04:00,54.1,54.16,54.09,54.15,2721
2019-10-04 13:30:00-04:00,54.165,54.225,54.16,54.22,2565
2019-10-04 13:35:00-04:00,54.22,54.22,54.2,54.21,3416
2019-10-04 13:40:00-04:00,54.215,54.25,54.2,54.23,5516
2019-10-04 13:45:00-04:00,54.25,54.25,54.23,54.245,11033
2019-10-04 13:50:00-04:00,54.25,54.25,54.225,54.235,3474
2019-10-04 13:55:00-04:00,54.245,54.255,54.21,54.22,3528
2019-10-04 14:00:00-04:00,54.225,54.23,54.2,54.22,5681
2019-10-04 14:05:00-04:00,54.225,54.24,54.205,54.24,3325
2019-10-04 14:10:00-04:00,54.245,54.27,54.235,54.27,3352
2019-10-04 14:15:00-04:00,54.28,54.29,54.255,54.275,3658
2019-10-04 14:20:00-04:00,54.27,54.33,54.27,54.305,5529
2019-10-04 14:25:00-04:00,54.315,54.33,54.31,54.32,2854
2019-10-04 14:30:00-04:00,54.305,54.305,54.28,54.29,10548
2019-10-04 14:35:00-04:00,54.3,54.3,54.285,54.29,3715
2019-10-04 14:40:00-04:00,54.3,54.3,54.285,54.285,6211
2019-10-04 14:45:00-04:00,54.29,54.36,54.29,54.35,5102
2019-10-04 14:50:00-04:00,54.33,54.37,54.31,54.35,5825
2019-10-04 14:55:00-04:00,54.355,54.4,54.355,54.38,9562
2019-10-04 15:00:00-04:00,54.39,54.39,54.355,54.365,4247
2019-10-04 15:05:00-04:00,54.37,54.38,54.355,54.375,6463
2019-10-04 15:10:00-04:00,54.4,54.4,54.34,54.35,9114
2019-10-04 15:15:00-04:00,54.34,54.38,54.34,54.37,5840
2019-10-04 15:20:00-04:00,54.37,54.39,54.36,54.37,7758
2019-10-04 15:25:00-04:00,54.37,54.44,54.36,54.43,14598
2019-10-04 15:30:00-04:00,54.43,54.51,54.42,54.5,11507
2019-10-04 15:35:00-04:00,54.5,54.535,54.5,54.505,11487
2019-10-04 15:40:00-04:00,54.505,54.54,54.48,54.495,12852
2019-10-04 15:45:00-04:00,54.495,54.515,54.48,54.495,21427
2019-10-04 15:50:00-04:00,54.52,54.52,54.41,54.47,25552
2019-10-04 15:55:00-04:00,54.47,54.54,54.47,54.53,71237
2019-10-07 09:30:00-04:00,54.28,54.36,54.19,54.19,6033
2019-10-07 09:35:00-04:00,54.19,54.19,54.14,54.14,1442
2019-10-07 09:40:00-04:00,54.15,54.21,54.15,54.21,1601
2019-10-07 09:45:00-04:00,54.15,54.165,54.135,54.15,2169
2019-10-07 09:50:00-04:00,54.17,54.17,54.1,54.1,1427
2019-10-07 09:55:00-04:00,54.085,54.085,54.045,54.045,2501
2019-10-07 10:00:00-04:00,54.05,54.08,54.03,54.08,1116
2019-10-07 10:05:00-04:00,54.09,54.12,54.08,54.12,969
2019-10-07 10:10:00-04:00,54.18,54.19,54.165,54.165,1758
2019-10-07 10:15:00-04:00,54.165,54.175,54.075,54.075,2559
2019-10-07 10:20:00-04:00,54.075,54.105,54.07,54.08,4973
2019-10-07 10:25:00-04:00,54.09,54.105,54.085,54.105,1724
2019-10-07 10:30:00-04:00,54.105,54.11,54.065,54.11,3463
2019-10-07 10:35:00-04:00,54.105,54.12,54.065,54.065,5203
2019-10-07 10:40:00-04:00,54.085,54.105,54.065,54.075,3543
2019-10-07 10:45:00-04:00,54.07,54.075,54.035,54.055,5591
2019-10-07 10:50:00-04:00,54.085,54.085,54.045,54.065,1773
2019-10-07 10:55:00-04:00,54.06,54.08,54.04,54.055,3027
2019-10-07 11:00:00-04:00,54.045,54.045,54.005,54.01,3343
2019-10-07 11:05:00-04:00,54.005,54.01,53.9,53.945,7701
2019-10-07 11:10:00-04:00,53.95,53.975,53.935,53.975,2879
2019-10-07 11:15:00-04:00,53.97,54.01,53.965,54.005,7069
2019-10-07 11:20:00-04:00,54.025,54.035,54.0,54.025,4371
2019-10-07 11:25:00-04:00,54.035,54.08,54.035,54.08,3258
2019-10-07 11:30:00-04:00,54.07,54.11,54.07,54.1,1992
2019-10-07 11:35:00-04:00,54.08,54.08,54.05,54.05,507
2019-10-07 11:40:00-04:00,54.03,54.085,54.025,54.07,1455
2019-10-07 11:45:00-04:00,54.06,54.06,53.995,54.0,2426
2019-10-07 11:50:00-04:00,53.99,54.06,53.98,54.06,13301
2019-10-07 11:55:00-04:00,54.06,54.09,54.04,54.09,1786
2019-10-07 12:00:00-04:00,54.05,54.05,54.03,54.04,2178
2019-10-07 12:05:00-04:00,54.06,54.075,54.05,54.075,1112
2019-10-07 12:10:00-04:00,54.08,54.1,54.08,54.08,2480
2019-10-07 12:15:00-04:00,54.095,54.095,54.08,54.09,1021
2019-10-07 12:20:00-04:00,54.05,54.06,54.025,54.025,1236
2019-10-07 12:25:00-04:00,54.02,54.03,53.97,53.98,4211
2019-10-07 12:30:00-04:00,53.98,53.99,53.98,53.99,315
2019-10-07 12:35:00-04:00,54.01,54.01,54.01,54.01,327
2019-10-07 12:40:00-04:00,54.02,54.02,54.0,54.0,490
2019-10-07 12:45:00-04:00,54.025,54.025,54.01,54.02,543
2019-10-07 12:50:00-04:00,54.05,54.05,53.995,53.995,1120
2019-10-07 12:55:00-04:00,53.99,54.0,53.99,54.0,917
2019-10-07 13:00:00-04:00,54.0,54.04,54.0,54.04,639
2019-10-07 13:05:00-04:00,54.03,54.03,53.99,53.99,818
2019-10-07 13:10:00-04:00,53.98,54.005,53.97,54.0,4718
2019-10-07 13:15:00-04:00,53.99,54.02,53.985,54.02,1702
2019-10-07 13:20:00-04:00,54.025,54.025,54.02,54.02,408
2019-10-07 13:25:00-04:00,54.035,54.035,54.02,54.025,923
2019-10-07 13:30:00-04:00,54.02,54.15,54.015,54.115,24939
2019-10-07 13:35:00-04:00,54.11,54.15,54.08,54.1,3212
2019-10-07 13:40:00-04:00,54.12,54.16,54.11,54.16,1888
2019-10-07 13:45:00-04:00,54.14,54.16,54.115,54.15,1695
2019-10-07 13:50:00-04:00,54.15,54.155,54.14,54.15,1521
2019-10-07 13:55:00-04:00,54.155,54.17,54.145,54.15,5927
2019-10-07 14:00:00-04:00,54.165,54.17,54.1,54.1,9333
2019-10-07 14:05:00-04:00,54.1,54.1,54.05,54.065,5858
2019-10-07 14:10:00-04:00,54.07,54.075,54.015,54.02,12577
2019-10-07 14:15:00-04:00,54.005,54.01,53.975,53.995,1777
2019-10-07 14:20:00-04:00,53.99,53.99,53.96,53.98,2546
2019-10-07 14:25:00-04:00,53.985,54.01,53.98,54.01,1335
2019-10-07 14:30:00-04:00,54.0,54.0,53.94,53.96,2708
2019-10-07 14:35:00-04:00,53.95,53.96,53.9,53.96,2071
2019-10-07 14:40:00-04:00,53.955,53.955,53.93,53.93,2040
2019-10-07 14:45:00-04:00,53.925,53.93,53.885,53.915,7571
2019-10-07 14:50:00-04:00,53.905,53.915,53.87,53.88,5684
2019-10-07 14:55:00-04:00,53.88,53.895,53.86,53.88,18087
2019-10-07 15:00:00-04:00,53.875,53.905,53.855,53.885,8332
2019-10-07 15:05:00-04:00,53.89,53.89,53.86,53.875,9619
2019-10-07 15:10:00-04:00,53.865,53.95,53.835,53.94,9110
2019-10-07 15:15:00-04:00,53.935,53.94,53.88,53.88,6755
2019-10-07 15:20:00-04:00,53.88,53.88,53.84,53.855,6967
2019-10-07 15:25:00-04:00,53.88,53.945,53.88,53.925,5444
2019-10-07 15:30:00-04:00,53.925,53.925,53.815,53.815,25794
2019-10-07 15:35:00-04:00,53.825,53.86,53.815,53.855,6961
2019-10-07 15:40:00-04:00,53.865,53.87,53.8,53.815,6586
2019-10-07 15:45:00-04:00,53.82,53.86,53.805,53.805,9460
2019-10-07 15:50:00-04:00,53.81,53.85,53.775,53.83,17824
2019-10-07 15:55:00-04:00,53.84,53.95,53.84,53.87,49933
2019-10-08 09:30:00-04:00,53.945,53.98,53.84,53.93,3865
2019-10-08 09:35:00-04:00,53.94,53.94,53.77,53.77,13197
2019-10-08 09:40:00-04:00,53.775,53.82,53.735,53.735,15476
2019-10-08 09:45:00-04:00,53.74,53.8,53.71,53.8,11874
2019-10-08 09:50:00-04:00,53.79,53.8,53.715,53.78,9757
2019-10-08 09:55:00-04:00,53.78,53.81,53.755,53.77,2486
2019-10-08 10:00:00-04:00,53.8,53.8,53.74,53.78,4956
2019-10-08 10:05:00-04:00,53.77,53.78,53.59,53.59,8858
2019-10-08 10:10:00-04:00,53.56,53.65,53.535,53.645,13140
2019-10-08 10:15:00-04:00,53.65,53.665,53.55,53.57,3336
2019-10-08 10:20:00-04:00,53.605,53.655,53.585,53.655,4202
2019-10-08 10:25:00-04:00,53.65,53.7,53.64,53.65,12417
2019-10-08 10:30:00-04:00,53.68,53.71,53.68,53.705,4705
2019-10-08 10:35:00-04:00,53.71,53.79,53.66,53.765,6455
2019-10-08 10:40:00-04:00,53.77,53.77,53.69,53.7,3292
2019-10-08 10:45:00-04:00,53.68,53.71,53.665,53.7,3066
2019-10-08 10:50:00-04:00,53.705,53.715,53.69,53.715,2739
2019-10-08 10:55:00-04:00,53.74,53.8,53.74,53.8,4171
2019-10-08 11:00:00-04:00,53.78,53.815,53.765,53.77,3311
2019-10-08 11:05:00-04:00,53.77,53.78,53.705,53.705,4068
2019-10-08 11:10:00-04:00,53.7,53.705,53.64,53.64,3299
2019-10-08 11:15:00-04:00,53.64,53.67,53.625,53.635,6120
2019-10-08 11:20:00-04:00,53.61,53.62,53.535,53.565,5117
2019-10-08 11:25:00-04:00,53.565,53.565,53.495,53.495,7541
2019-10-08 11:30:00-04:00,53.5,53.51,53.455,53.5,9530
2019-10-08 11:35:00-04:00,53.5,53.58,53.5,53.58,2838
2019-10-08 11:40:00-04:00,53.58,53.61,53.535,53.535,3042
2019-10-08 11:45:00-04:00,53.57,53.57,53.54,53.55,1746
2019-10-08 11:50:00-04:00,53.56,53.575,53.535,53.555,2371
2019-10-08 11:55:00-04:00,53.57,53.57,53.52,53.555,2435
2019-10-08 12:00:00-04:00,53.555,53.555,53.5,53.505,2372
2019-10-08 12:05:00-04:00,53.5,53.54,53.5,53.53,3536
2019-10-08 12:10:00-04:00,53.53,53.54,53.515,53.52,3167
2019-10-08 12:15:00-04:00,53.525,53.54,53.49,53.52,4978
2019-10-08 12:20:00-04:00,53.53,53.55,53.52,53.53,2015
2019-10-08 12:25:00-04:00,53.55,53.61,53.55,53.6,1112
2019-10-08 12:30:00-04:00,53.6,53.6,53.575,53.59,2604
2019-10-08 12:35:00-04:00,53.59,53.63,53.59,53.62,1292
2019-10-08 12:40:00-04:00,53.645,53.71,53.64,53.69,1906
2019-10-08 12:45:00-04:00,53.71,53.81,53.71,53.79,5383
2019-10-08 12:50:00-04:00,53.81,53.83,53.8,53.8,1477
2019-10-08 12:55:00-04:00,53.83,53.835,53.78,53.78,1842
2019-10-08 13:00:00-04:00,53.75,53.76,53.74,53.76,708
2019-10-08 13:05:00-04:00,53.77,53.77,53.74,53.74,1266
2019-10-08 13:10:00-04:00,53.73,53.75,53.73,53.74,2610
2019-10-08 13:15:00-04:00,53.75,53.77,53.74,53.77,910
2019-10-08 13:20:00-04:00,53.81,53.86,53.81,53.85,2262
2019-10-08 13:25:00-04:00,53.85,53.86,53.815,53.815,3670
2019-10-08 13:30:00-04:00,53.82,53.86,53.815,53.83,8335
2019-10-08 13:35:00-04:00,53.82,53.825,53.79,53.8,2985
2019-10-08 13:40:00-04:00,53.81,53.83,53.81,53.815,4062
2019-10-08 13:45:00-04:00,53.82,53.85,53.815,53.845,4611
2019-10-08 13:50:00-04:00,53.855,53.86,53.835,53.86,5944
2019-10-08 13:55:00-04:00,53.86,53.865,53.84,53.85,6108
2019-10-08 14:00:00-04:00,53.86,53.86,53.8,53.82,9895
2019-10-08 14:05:00-04:00,53.83,53.905,53.825,53.89,5482
2019-10-08 14:10:00-04:00,53.9,53.92,53.885,53.91,6485
2019-10-08 14:15:00-04:00,53.915,53.93,53.915,53.93,3876
2019-10-08 14:20:00-04:00,53.94,53.94,53.91,53.94,7140
2019-10-08 14:25:00-04:00,53.945,53.95,53.91,53.91,7951
2019-10-08 14:30:00-04:00,53.91,54.01,53.91,53.97,16968
2019-10-08 14:35:00-04:00,53.98,54.015,53.94,53.94,8786
2019-10-08 14:40:00-04:00,53.95,53.995,53.93,53.99,7473
2019-10-08 14:45:00-04:00,53.99,54.05,53.97,54.04,7109
2019-10-08 14:50:00-04:00,54.06,54.06,53.985,53.985,4910
2019-10-08 14:55:00-04:00,53.99,54.005,53.735,53.9,19743
2019-10-08 15:00:00-04:00,53.9,53.97,53.795,53.83,9905
2019-10-08 15:05:00-04:00,53.84,53.87,53.795,53.805,9721
2019-10-08 15:10:00-04:00,53.8,53.805,53.725,53.765,11184
2019-10-08 15:15:00-04:00,53.76,53.79,53.75,53.775,12294
2019-10-08 15:20:00-04:00,53.78,53.84,53.77,53.77,11357
2019-10-08 15:25:00-04:00,53.78,53.795,53.75,53.79,7300
2019-10-08 15:30:00-04:00,53.79,53.82,53.775,53.775,8420
2019-10-08 15:35:00-04:00,53.77,53.77,53.64,53.65,15838
2019-10-08 15:40:00-04:00,53.65,53.67,53.58,53.6,22782
2019-10-08 15:45:00-04:00,53.635,53.64,53.56,53.59,24282
2019-10-08 15:50:00-04:00,53.57,53.63,53.545,53.6,41871
2019-10-08 15:55:00-04:00,53.59,53.61,53.525,53.56,74354
2019-10-09 09:25:00-04:00,54.09,54.09,54.09,54.09,1000
2019-10-09 09:30:00-04:00,53.98,54.0,53.79,53.79,3438
2019-10-09 09:35:00-04:00,53.765,53.89,53.765,53.83,5632
2019-10-09 09:40:00-04:00,53.89,53.98,53.89,53.92,1364
2019-10-09 09:45:00-04:00,53.925,54.06,53.9,54.04,6939
2019-10-09 09:50:00-04:00,54.035,54.035,53.83,53.845,4474
2019-10-09 09:55:00-04:00,53.845,53.845,53.77,53.77,2273
2019-10-09 10:00:00-04:00,53.78,53.8,53.66,53.66,2644
2019-10-09 10:05:00-04:00,53.65,53.74,53.645,53.73,7395
2019-10-09 10:10:00-04:00,53.735,53.79,53.73,53.78,2130
2019-10-09 10:15:00-04:00,53.785,53.82,53.73,53.82,2568
2019-10-09 10:20:00-04:00,53.82,53.835,53.8,53.81,2964
2019-10-09 10:25:00-04:00,53.83,53.83,53.79,53.81,4712
2019-10-09 10:30:00-04:00,53.81,53.93,53.81,53.87,8645
2019-10-09 10:35:00-04:00,53.865,53.87,53.79,53.8,4608
2019-10-09 10:40:00-04:00,53.81,53.84,53.8,53.84,2179
2019-10-09 10:45:00-04:00,53.85,53.885,53.815,53.83,3599
2019-10-09 10:50:00-04:00,53.835,53.85,53.82,53.84,2226
2019-10-09 10:55:00-04:00,53.83,53.845,53.83,53.83,3288
2019-10-09 11:00:00-04:00,53.84,53.85,53.735,53.735,3215
2019-10-09 11:05:00-04:00,53.725,53.735,53.69,53.7,2672
2019-10-09 11:10:00-04:00,53.71,53.71,53.62,53.67,8615
2019-10-09 11:15:00-04:00,53.66,53.71,53.66,53.67,5128
2019-10-09 11:20:00-04:00,53.66,53.67,53.62,53.62,4237
2019-10-09 11:25:00-04:00,53.62,53.62,53.55,53.55,4549
2019-10-09 11:30:00-04:00,53.58,53.6,53.54,53.6,3489
2019-10-09 11:35:00-04:00,53.585,53.6,53.57,53.58,5686
2019-10-09 11:40:00-04:00,53.56,53.6,53.56,53.59,5535
2019-10-09 11:45:00-04:00,53.65,53.7,53.65,53.65,14620
2019-10-09 11:50:00-04:00,53.66,53.685,53.65,53.685,4708
2019-10-09 11:55:00-04:00,53.68,53.69,53.65,53.69,2809
2019-10-09 12:00:00-04:00,53.66,53.69,53.66,53.68,1926
2019-10-09 12:05:00-04:00,53.69,53.71,53.68,53.68,1783
2019-10-09 12:10:00-04:00,53.68,53.7,53.67,53.7,1340
2019-10-09 12:15:00-04:00,53.69,53.69,53.645,53.685,2391
2019-10-09 12:20:00-04:00,53.685,53.695,53.675,53.69,3986
2019-10-09 12:25:00-04:00,53.69,53.695,53.66,53.66,2233
2019-10-09 12:30:00-04:00,53.66,53.66,53.645,53.645,311
2019-10-09 12:35:00-04:00,53.69,53.7,53.69,53.695,1414
2019-10-09 12:40:00-04:00,53.69,53.7,53.68,53.7,2433
2019-10-09 12:45:00-04:00,53.69,53.69,53.65,53.68,1988
2019-10-09 12:50:00-04:00,53.67,53.67,53.64,53.65,6004
2019-10-09 12:55:00-04:00,53.675,53.76,53.675,53.76,1414
2019-10-09 13:00:00-04:00,53.77,53.82,53.75,53.75,5285
2019-10-09 13:05:00-04:00,53.735,53.775,53.735,53.765,2079
2019-10-09 13:10:00-04:00,53.77,53.78,53.76,53.765,1361
2019-10-09 13:15:00-04:00,53.78,53.79,53.755,53.76,1233
2019-10-09 13:20:00-04:00,53.77,53.77,53.77,53.77,189
2019-10-09 13:25:00-04:00,53.79,53.805,53.79,53.805,504
2019-10-09 13:30:00-04:00,53.8,53.82,53.8,53.8,4063
2019-10-09 13:35:00-04:00,53.79,53.805,53.765,53.77,7063
2019-10-09 13:40:00-04:00,53.76,53.8,53.76,53.8,3622
2019-10-09 13:45:00-04:00,53.805,53.88,53.805,53.88,7033
2019-10-09 13:50:00-04:00,53.86,53.89,53.86,53.875,2054
2019-10-09 13:55:00-04:00,53.87,53.87,53.855,53.865,1577
2019-10-09 14:00:00-04:00,53.87,53.9,53.855,53.855,4370
2019-10-09 14:05:00-04:00,53.9,53.91,53.885,53.895,1404
2019-10-09 14:10:00-04:00,53.89,53.9,53.87,53.89,1886
2019-10-09 14:15:00-04:00,53.89,53.92,53.89,53.915,2273
2019-10-09 14:20:00-04:00,53.91,53.955,53.91,53.94,4035
2019-10-09 14:25:00-04:00,53.91,53.94,53.91,53.93,717
2019-10-09 14:30:00-04:00,53.94,53.945,53.925,53.93,1954
2019-10-09 14:35:00-04:00,53.92,53.93,53.9,53.91,1821
2019-10-09 14:40:00-04:00,53.92,53.94,53.91,53.925,2677
2019-10-09 14:45:00-04:00,53.925,53.96,53.91,53.93,4295
2019-10-09 14:50:00-04:00,53.92,54.0,53.92,54.0,3149
2019-10-09 14:55:00-04:00,53.995,53.995,53.95,53.97,2939
2019-10-09 15:00:00-04:00,53.965,54.0,53.96,53.985,3682
2019-10-09 15:05:00-04:00,53.98,54.005,53.98,54.0,2446
2019-10-09 15:10:00-04:00,53.98,53.985,53.955,53.965,4527
2019-10-09 15:15:00-04:00,53.985,53.985,53.965,53.965,3306
2019-10-09 15:20:00-04:00,53.97,53.97,53.935,53.965,5079
2019-10-09 15:25:00-04:00,53.95,53.96,53.93,53.95,973
2019-10-09 15:30:00-04:00,53.945,53.96,53.925,53.955,4076
2019-10-09 15:35:00-04:00,53.97,54.005,53.95,54.0,12745
2019-10-09 15:40:00-04:00,53.99,53.99,53.82,53.82,25174
2019-10-09 15:45:00-04:00,53.81,53.885,53.81,53.845,16264
2019-10-09 15:50:00-04:00,53.85,53.9,53.84,53.9,26370
2019-10-09 15:55:00-04:00,53.91,53.91,53.81,53.83,47761
2019-10-10 09:30:00-04:00,53.61,53.62,53.49,53.59,4458
2019-10-10 09:35:00-04:00,53.57,53.59,53.43,53.45,2569
2019-10-10 09:40:00-04:00,53.43,53.45,53.38,53.415,3964
2019-10-10 09:45:00-04:00,53.38,53.505,53.36,53.505,9933
2019-10-10 09:50:00-04:00,53.5,53.5,53.4,53.49,6736
2019-10-10 09:55:00-04:00,53.47,53.58,53.46,53.55,6061
2019-10-10 10:00:00-04:00,53.545,53.545,53.47,53.48,5451
2019-10-10 10:05:00-04:00,53.49,53.56,53.47,53.55,3483
2019-10-10 10:10:00-04:00,53.59,53.62,53.53,53.55,8998
2019-10-10 10:15:00-04:00,53.54,53.645,53.535,53.645,7527
2019-10-10 10:20:00-04:00,53.65,53.7,53.64,53.68,5253
2019-10-10 10:25:00-04:00,53.68,53.685,53.63,53.685,6322
2019-10-10 10:30:00-04:00,53.71,53.71,53.655,53.675,11531
2019-10-10 10:35:00-04:00,53.71,53.73,53.67,53.69,5492
2019-10-10 10:40:00-04:00,53.68,53.73,53.67,53.725,4695
2019-10-10 10:45:00-04:00,53.705,53.715,53.66,53.66,4711
2019-10-10 10:50:00-04:00,53.68,53.71,53.665,53.68,6056
2019-10-10 10:55:00-04:00,53.69,53.75,53.68,53.74,2029
2019-10-10 11:00:00-04:00,53.75,53.76,53.71,53.76,2315
2019-10-10 11:05:00-04:00,53.77,53.81,53.73,53.8,6076
2019-10-10 11:10:00-04:00,53.8,53.805,53.785,53.79,5488
2019-10-10 11:15:00-04:00,53.775,53.795,53.76,53.795,7930
2019-10-10 11:20:00-04:00,53.78,53.81,53.78,53.805,2475
2019-10-10 11:25:00-04:00,53.805,53.835,53.8,53.835,2875
2019-10-10 11:30:00-04:00,53.85,53.855,53.81,53.81,11947
2019-10-10 11:35:00-04:00,53.81,53.81,53.74,53.75,2662
2019-10-10 11:40:00-04:00,53.75,53.75,53.705,53.71,28222
2019-10-10 11:45:00-04:00,53.72,53.75,53.7,53.73,16191
2019-10-10 11:50:00-04:00,53.71,53.755,53.705,53.72,11179
2019-10-10 11:55:00-04:00,53.73,53.76,53.71,53.75,1486
2019-10-10 12:00:00-04:00,53.765,53.775,53.75,53.77,2244
2019-10-10 12:05:00-04:00,53.78,53.79,53.76,53.76,1731
2019-10-10 12:10:00-04:00,53.77,53.81,53.77,53.8,3798
2019-10-10 12:15:00-04:00,53.81,53.82,53.8,53.81,891
2019-10-10 12:20:00-04:00,53.815,53.82,53.81,53.81,746
2019-10-10 12:25:00-04:00,53.79,53.83,53.79,53.8,3497
2019-10-10 12:30:00-04:00,53.78,53.785,53.73,53.73,2021
2019-10-10 12:35:00-04:00,53.74,53.75,53.73,53.745,5303
2019-10-10 12:40:00-04:00,53.74,53.755,53.73,53.755,2028
2019-10-10 12:45:00-04:00,53.75,53.765,53.74,53.765,639
2019-10-10 12:50:00-04:00,53.78,53.785,53.75,53.77,2021
2019-10-10 12:55:00-04:00,53.765,53.79,53.76,53.77,4219
2019-10-10 13:00:00-04:00,53.77,53.81,53.77,53.795,2367
2019-10-10 13:05:00-04:00,53.79,53.82,53.79,53.815,10994
2019-10-10 13:10:00-04:00,53.82,53.82,53.81,53.81,619
2019-10-10 13:15:00-04:00,53.78,53.78,53.78,53.78,440
2019-10-10 13:20:00-04:00,53.785,53.79,53.77,53.79,7569
2019-10-10 13:25:00-04:00,53.77,53.79,53.77,53.79,4106
2019-10-10 13:30:00-04:00,53.77,53.77,53.73,53.765,2150
2019-10-10 13:35:00-04:00,53.77,53.805,53.77,53.79,1861
2019-10-10 13:40:00-04:00,53.8,53.81,53.79,53.79,1374
2019-10-10 13:45:00-04:00,53.79,53.84,53.785,53.83,5323
2019-10-10 13:50:00-04:00,53.83,53.85,53.83,53.84,1774
2019-10-10 13:55:00-04:00,53.83,53.88,53.81,53.83,3811
2019-10-10 14:00:00-04:00,53.825,53.835,53.8,53.835,2779
2019-10-10 14:05:00-04:00,53.84,53.86,53.61,53.63,5380
2019-10-10 14:10:00-04:00,53.66,53.72,53.65,53.72,3669
2019-10-10 14:15:00-04:00,53.71,53.71,53.665,53.665,414
2019-10-10 14:20:00-04:00,53.67,53.71,53.67,53.69,2413
2019-10-10 14:25:00-04:00,53.66,53.68,53.64,53.68,1783
2019-10-10 14:30:00-04:00,53.68,53.74,53.68,53.73,2489
2019-10-10 14:35:00-04:00,53.725,53.725,53.64,53.645,6343
2019-10-10 14:40:00-04:00,53.63,53.63,53.61,53.62,2151
2019-10-10 14:45:00-04:00,53.62,53.63,53.62,53.63,1175
2019-10-10 14:50:00-04:00,53.64,53.65,53.58,53.58,2450
2019-10-10 14:55:00-04:00,53.6,53.61,53.6,53.6,1123
2019-10-10 15:00:00-04:00,53.63,53.65,53.61,53.64,3404
2019-10-10 15:05:00-04:00,53.64,53.66,53.62,53.62,3432
2019-10-10 15:10:00-04:00,53.61,53.675,53.61,53.675,4009
2019-10-10 15:15:00-04:00,53.675,53.705,53.64,53.705,18217
2019-10-10 15:20:00-04:00,53.72,53.73,53.66,53.7,96342
2019-10-10 15:25:00-04:00,53.71,53.75,53.71,53.75,3928
2019-10-10 15:30:00-04:00,53.75,53.795,53.73,53.73,5172
2019-10-10 15:35:00-04:00,53.72,53.735,53.69,53.72,6129
2019-10-10 15:40:00-04:00,53.72,53.73,53.69,53.72,6155
2019-10-10 15:45:00-04:00,53.7,53.76,53.7,53.76,13051
2019-10-10 15:50:00-04:00,53.76,53.77,53.685,53.74,24595
2019-10-10 15:55:00-04:00,53.73,53.73,53.61,53.675,52738
2019-10-11 09:25:00-04:00,53.66,53.66,53.66,53.66,1000
2019-10-11 09:30:00-04:00,53.61,53.61,53.45,53.45,4933
2019-10-11 09:35:00-04:00,53.47,53.565,53.47,53.5,4388
2019-10-11 09:40:00-04:00,53.52,53.59,53.48,53.54,3396
2019-10-11 09:45:00-04:00,53.545,53.68,53.51,53.565,6457
2019-10-11 09:50:00-04:00,53.52,53.525,53.44,53.47,2601
2019-10-11 09:55:00-04:00,53.45,53.51,53.45,53.465,3178
2019-10-11 10:00:00-04:00,53.495,53.515,53.44,53.49,2963
2019-10-11 10:05:00-04:00,53.49,53.505,53.45,53.505,1344
2019-10-11 10:10:00-04:00,53.54,53.62,53.525,53.59,3325
2019-10-11 10:15:00-04:00,53.595,53.675,53.57,53.63,4082
2019-10-11 10:20:00-04:00,53.64,53.64,53.54,53.54,8622
2019-10-11 10:25:00-04:00,53.54,53.54,53.46,53.46,6470
2019-10-11 10:30:00-04:00,53.45,53.46,53.4,53.42,8002
2019-10-11 10:35:00-04:00,53.415,53.415,53.35,53.35,3163
2019-10-11 10:40:00-04:00,53.32,53.38,53.32,53.35,5434
2019-10-11 10:45:00-04:00,53.35,53.36,53.28,53.355,5142
2019-10-11 10:50:00-04:00,53.39,53.39,53.34,53.35,1780
2019-10-11 10:55:00-04:00,53.35,53.36,53.34,53.34,5444
2019-10-11 11:00:00-04:00,53.35,53.43,53.32,53.4,6808
2019-10-11 11:05:00-04:00,53.38,53.41,53.37,53.41,2155
2019-10-11 11:10:00-04:00,53.41,53.41,53.36,53.36,3822
2019-10-11 11:15:00-04:00,53.36,53.41,53.36,53.38,3531
2019-10-11 11:20:00-04:00,53.385,53.385,53.335,53.37,4833
2019-10-11 11:25:00-04:00,53.38,53.43,53.375,53.395,3832
2019-10-11 11:30:00-04:00,53.4,53.465,53.39,53.445,6669
2019-10-11 11:35:00-04:00,53.45,53.495,53.445,53.48,10483
2019-10-11 11:40:00-04:00,53.48,53.5,53.395,53.395,6861
2019-10-11 11:45:00-04:00,53.4,53.53,53.38,53.43,8678
2019-10-11 11:50:00-04:00,53.42,53.43,53.39,53.43,2416
2019-10-11 11:55:00-04:00,53.43,53.45,53.385,53.42,2177
2019-10-11 12:00:00-04:00,53.45,53.45,53.35,53.375,2292
2019-10-11 12:05:00-04:00,53.38,53.4,53.37,53.37,4097
2019-10-11 12:10:00-04:00,53.37,53.39,53.37,53.37,1072
2019-10-11 12:15:00-04:00,53.35,53.39,53.35,53.37,1791
2019-10-11 12:20:00-04:00,53.37,53.4,53.37,53.4,1434
2019-10-11 12:25:00-04:00,53.375,53.395,53.375,53.395,1213
2019-10-11 12:30:00-04:00,53.38,53.38,53.2,53.36,11255
2019-10-11 12:35:00-04:00,53.37,53.37,53.32,53.335,1609
2019-10-11 12:40:00-04:00,53.325,53.325,53.28,53.28,1506
2019-10-11 12:45:00-04:00,53.31,53.38,53.31,53.32,4906
2019-10-11 12:50:00-04:00,53.325,53.33,53.305,53.32,9576
2019-10-11 12:55:00-04:00,53.33,53.36,53.33,53.36,1198
2019-10-11 13:00:00-04:00,53.36,53.36,53.32,53.325,3223
2019-10-11 13:05:00-04:00,53.335,53.34,53.33,53.33,506
2019-10-11 13:10:00-04:00,53.33,53.33,53.29,53.31,4128
2019-10-11 13:15:00-04:00,53.31,53.385,53.31,53.385,2642
2019-10-11 13:20:00-04:00,53.385,53.42,53.38,53.42,2434
2019-10-11 13:25:00-04:00,53.43,53.55,53.36,53.37,11714
2019-10-11 13:30:00-04:00,53.39,53.46,53.34,53.46,8295
2019-10-11 13:35:00-04:00,53.45,53.47,53.43,53.43,1320
2019-10-11 13:40:00-04:00,53.41,53.46,53.41,53.46,1339
2019-10-11 13:45:00-04:00,53.45,53.45,53.43,53.45,1025
2019-10-11 13:50:00-04:00,53.46,53.48,53.43,53.46,2238
2019-10-11 13:55:00-04:00,53.45,53.49,53.45,53.49,1678
2019-10-11 14:00:00-04:00,53.49,53.49,53.46,53.48,1406
2019-10-11 14:05:00-04:00,53.49,53.49,53.46,53.46,3301
2019-10-11 14:10:00-04:00,53.46,53.46,53.42,53.445,3856
2019-10-11 14:15:00-04:00,53.445,53.5,53.445,53.5,1607
2019-10-11 14:20:00-04:00,53.49,53.5,53.47,53.5,1906
2019-10-11 14:25:00-04:00,53.475,53.51,53.475,53.48,2914
2019-10-11 14:30:00-04:00,53.485,53.515,53.48,53.49,2588
2019-10-11 14:35:00-04:00,53.475,53.51,53.475,53.495,2930
2019-10-11 14:40:00-04:00,53.5,53.53,53.5,53.53,3338
2019-10-11 14:45:00-04:00,53.54,53.55,53.52,53.54,3296
2019-10-11 14:50:00-04:00,53.54,53.56,53.52,53.54,5789
2019-10-11 14:55:00-04:00,53.53,53.57,53.53,53.57,5974
2019-10-11 15:00:00-04:00,53.55,53.58,53.55,53.57,1913
2019-10-11 15:05:00-04:00,53.57,53.62,53.57,53.61,4044
2019-10-11 15:10:00-04:00,53.575,53.61,53.575,53.6,3453
2019-10-11 15:15:00-04:00,53.6,53.6,53.575,53.6,2450
2019-10-11 15:20:00-04:00,53.6,53.6,53.55,53.56,2481
2019-10-11 15:25:00-04:00,53.54,53.56,53.54,53.54,9360
2019-10-11 15:30:00-04:00,53.55,53.56,53.475,53.55,6795
2019-10-11 15:35:00-04:00,53.57,53.64,53.52,53.62,10639
2019-10-11 15:40:00-04:00,53.63,53.63,53.41,53.41,9801
2019-10-11 15:45:00-04:00,53.4,53.48,53.35,53.41,13145
2019-10-11 15:50:00-04:00,53.4,53.48,53.36,53.37,17467
2019-10-11 15:55:00-04:00,53.38,53.41,53.28,53.28,59942
2019-10-14 09:30:00-04:00,53.41,53.45,53.35,53.42,11378
2019-10-14 09:35:00-04:00,53.44,53.52,53.43,53.51,10284
2019-10-14 09:40:00-04:00,53.525,53.58,53.51,53.51,4149
2019-10-14 09:45:00-04:00,53.515,53.57,53.51,53.54,3105
2019-10-14 09:50:00-04:00,53.52,53.62,53.52,53.62,2602
2019-10-14 09:55:00-04:00,53.62,53.67,53.59,53.61,5665
2019-10-14 10:00:00-04:00,53.605,53.65,53.6,53.63,3960
2019-10-14 10:05:00-04:00,53.645,53.67,53.615,53.65,5782
2019-10-14 10:10:00-04:00,53.64,53.66,53.625,53.625,6997
2019-10-14 10:15:00-04:00,53.625,53.645,53.57,53.585,7904
2019-10-14 10:20:00-04:00,53.57,53.64,53.57,53.64,4454
2019-10-14 10:25:00-04:00,53.63,53.635,53.585,53.6,5568
2019-10-14 10:30:00-04:00,53.595,53.625,53.595,53.62,1780
2019-10-14 10:35:00-04:00,53.595,53.63,53.57,53.59,7626
2019-10-14 10:40:00-04:00,53.59,53.61,53.575,53.575,6699
2019-10-14 10:45:00-04:00,53.57,53.57,53.495,53.515,5241
2019-10-14 10:50:00-04:00,53.535,53.545,53.5,53.54,3494
2019-10-14 10:55:00-04:00,53.555,53.565,53.53,53.53,4068
2019-10-14 11:00:00-04:00,53.53,53.53,53.46,53.46,3715
2019-10-14 11:05:00-04:00,53.475,53.485,53.43,53.43,3683
2019-10-14 11:10:00-04:00,53.435,53.45,53.42,53.45,2955
2019-10-14 11:15:00-04:00,53.43,53.43,53.41,53.43,723
2019-10-14 11:20:00-04:00,53.44,53.44,53.385,53.39,3866
2019-10-14 11:25:00-04:00,53.39,53.405,53.37,53.39,3534
2019-10-14 11:30:00-04:00,53.41,53.43,53.39,53.43,3080
2019-10-14 11:35:00-04:00,53.425,53.43,53.42,53.42,695
2019-10-14 11:40:00-04:00,53.41,53.41,53.38,53.39,3138
2019-10-14 11:45:00-04:00,53.395,53.405,53.375,53.395,3131
2019-10-14 11:50:00-04:00,53.41,53.42,53.38,53.4,5431
2019-10-14 11:55:00-04:00,53.4,53.405,53.35,53.37,4392
2019-10-14 12:00:00-04:00,53.37,53.37,53.29,53.29,4047
2019-10-14 12:05:00-04:00,53.29,53.3,53.24,53.275,5046
2019-10-14 12:10:00-04:00,53.28,53.285,53.265,53.28,18856
2019-10-14 12:15:00-04:00,53.27,53.285,53.27,53.275,5832
2019-10-14 12:20:00-04:00,53.28,53.28,53.225,53.23,3737
2019-10-14 12:25:00-04:00,53.225,53.26,53.225,53.26,2910
2019-10-14 12:30:00-04:00,53.27,53.3,53.27,53.275,3473
2019-10-14 12:35:00-04:00,53.275,53.31,53.27,53.305,2720
2019-10-14 12:40:00-04:00,53.305,53.305,53.28,53.295,2559
2019-10-14 12:45:00-04:00,53.29,53.295,53.285,53.285,1812
2019-10-14 12:50:00-04:00,53.285,53.295,53.28,53.28,2787
2019-10-14 12:55:00-04:00,53.29,53.31,53.285,53.3,2193
2019-10-14 13:00:00-04:00,53.31,53.34,53.3,53.315,5005
2019-10-14 13:05:00-04:00,53.315,53.355,53.31,53.355,4805
2019-10-14 13:10:00-04:00,53.36,53.365,53.345,53.365,939
2019-10-14 13:15:00-04:00,53.36,53.38,53.31,53.32,2854
2019-10-14 13:20:00-04:00,53.33,53.34,53.3,53.31,1609
2019-10-14 13:25:00-04:00,53.31,53.32,53.3,53.31,3176
2019-10-14 13:30:00-04:00,53.3,53.3,53.27,53.285,9872
2019-10-14 13:35:00-04:00,53.28,53.28,53.25,53.26,4833
2019-10-14 13:40:00-04:00,53.25,53.28,53.25,53.28,2703
2019-10-14 13:45:00-04:00,53.27,53.33,53.27,53.33,803
2019-10-14 13:50:00-04:00,53.33,53.33,53.29,53.325,2021
2019-10-14 13:55:00-04:00,53.31,53.33,53.31,53.32,1738
2019-10-14 14:00:00-04:00,53.32,53.35,53.315,53.34,2670
2019-10-14 14:05:00-04:00,53.33,53.36,53.33,53.34,2921
2019-10-14 14:10:00-04:00,53.34,53.36,53.33,53.36,3512
2019-10-14 14:15:00-04:00,53.36,53.38,53.36,53.37,2532
2019-10-14 14:20:00-04:00,53.38,53.38,53.35,53.35,4663
2019-10-14 14:25:00-04:00,53.36,53.395,53.35,53.385,8132
2019-10-14 14:30:00-04:00,53.4,53.4,53.36,53.38,5288
2019-10-14 14:35:00-04:00,53.37,53.37,53.35,53.35,1725
2019-10-14 14:40:00-04:00,53.345,53.37,53.345,53.37,5299
2019-10-14 14:45:00-04:00,53.37,53.37,53.33,53.35,3478
2019-10-14 14:50:00-04:00,53.35,53.355,53.31,53.315,2052
2019-10-14 14:55:00-04:00,53.315,53.34,53.315,53.33,3713
2019-10-14 15:00:00-04:00,53.32,53.33,53.31,53.315,2797
2019-10-14 15:05:00-04:00,53.3,53.31,53.285,53.3,2750
2019-10-14 15:10:00-04:00,53.295,53.31,53.285,53.31,4471
2019-10-14 15:15:00-04:00,53.305,53.32,53.3,53.32,2593
2019-10-14 15:20:00-04:00,53.31,53.315,53.29,53.31,5940
2019-10-14 15:25:00-04:00,53.31,53.34,53.3,53.31,5657
2019-10-14 15:30:00-04:00,53.31,53.33,53.29,53.3,8347
2019-10-14 15:35:00-04:00,53.29,53.3,53.25,53.26,8598
2019-10-14 15:40:00-04:00,53.26,53.29,53.25,53.29,12115
2019-10-14 15:45:00-04:00,53.28,53.3,53.265,53.29,11436
2019-10-14 15:50:00-04:00,53.29,53.35,53.28,53.35,18884
2019-10-14 15:55:00-04:00,53.34,53.35,53.29,53.3,74244
2019-10-15 09:30:00-04:00,53.45,53.45,53.34,53.44,4518
2019-10-15 09:35:00-04:00,53.47,53.5,53.4,53.48,8523
2019-10-15 09:40:00-04:00,53.49,53.68,53.49,53.67,4444
2019-10-15 09:45:00-04:00,53.66,53.66,53.585,53.585,3836
2019-10-15 09:50:00-04:00,53.59,53.63,53.57,53.58,6136
2019-10-15 09:55:00-04:00,53.555,53.595,53.535,53.535,1771
2019-10-15 10:00:00-04:00,53.535,53.585,53.52,53.58,2356
2019-10-15 10:05:00-04:00,53.57,53.595,53.545,53.585,4224
2019-10-15 10:10:00-04:00,53.585,53.605,53.535,53.535,6318
2019-10-15 10:15:00-04:00,53.53,53.555,53.42,53.42,5732
2019-10-15 10:20:00-04:00,53.435,53.435,53.36,53.36,1991
2019-10-15 10:25:00-04:00,53.375,53.42,53.365,53.4,4402
2019-10-15 10:30:00-04:00,53.395,53.415,53.33,53.335,2946
2019-10-15 10:35:00-04:00,53.37,53.38,53.29,53.295,8066
2019-10-15 10:40:00-04:00,53.315,53.375,53.315,53.365,5360
2019-10-15 10:45:00-04:00,53.365,53.41,53.35,53.355,3816
2019-10-15 10:50:00-04:00,53.355,53.355,53.31,53.345,3997
2019-10-15 10:55:00-04:00,53.345,53.365,53.345,53.365,3480
2019-10-15 11:00:00-04:00,53.36,53.395,53.345,53.37,3431
2019-10-15 11:05:00-04:00,53.35,53.39,53.34,53.34,6669
2019-10-15 11:10:00-04:00,53.335,53.36,53.315,53.35,10764
2019-10-15 11:15:00-04:00,53.335,53.375,53.33,53.33,3400
2019-10-15 11:20:00-04:00,53.325,53.325,53.28,53.295,18261
2019-10-15 11:25:00-04:00,53.29,53.35,53.29,53.33,4208
2019-10-15 11:30:00-04:00,53.32,53.33,53.305,53.315,2251
2019-10-15 11:35:00-04:00,53.32,53.335,53.29,53.305,3701
2019-10-15 11:40:00-04:00,53.31,53.36,53.31,53.355,3183
2019-10-15 11:45:00-04:00,53.355,53.37,53.35,53.37,3401
2019-10-15 11:50:00-04:00,53.36,53.375,53.355,53.355,3102
2019-10-15 11:55:00-04:00,53.34,53.37,53.34,53.365,3552
2019-10-15 12:00:00-04:00,53.365,53.365,53.345,53.355,3377
2019-10-15 12:05:00-04:00,53.35,53.375,53.35,53.375,2836
2019-10-15 12:10:00-04:00,53.39,53.39,53.34,53.345,2243
2019-10-15 12:15:00-04:00,53.345,53.355,53.33,53.33,2921
2019-10-15 12:20:00-04:00,53.33,53.38,53.33,53.33,5425
2019-10-15 12:25:00-04:00,53.325,53.33,53.3,53.31,3009
2019-10-15 12:30:00-04:00,53.31,53.335,53.31,53.325,2075
2019-10-15 12:35:00-04:00,53.32,53.335,53.3,53.325,3233
2019-10-15 12:40:00-04:00,53.33,53.33,53.3,53.305,2918
2019-10-15 12:45:00-04:00,53.305,53.315,53.28,53.28,1944
2019-10-15 12:50:00-04:00,53.28,53.325,53.27,53.32,5120
2019-10-15 12:55:00-04:00,53.315,53.35,53.315,53.335,5904
2019-10-15 13:00:00-04:00,53.34,53.355,53.32,53.345,4571
2019-10-15 13:05:00-04:00,53.345,53.355,53.315,53.325,3968
2019-10-15 13:10:00-04:00,53.33,53.365,53.33,53.35,4846
2019-10-15 13:15:00-04:00,53.355,53.38,53.335,53.34,4039
2019-10-15 13:20:00-04:00,53.335,53.335,53.3,53.305,2161
2019-10-15 13:25:00-04:00,53.3,53.325,53.295,53.295,2699
2019-10-15 13:30:00-04:00,53.295,53.32,53.295,53.305,11417
2019-10-15 13:35:00-04:00,53.305,53.325,53.29,53.32,3397
2019-10-15 13:40:00-04:00,53.335,53.36,53.335,53.36,7800
2019-10-15 13:45:00-04:00,53.35,53.365,53.34,53.34,3307
2019-10-15 13:50:00-04:00,53.35,53.35,53.31,53.34,3113
2019-10-15 13:55:00-04:00,53.35,53.395,53.345,53.385,4089
2019-10-15 14:00:00-04:00,53.39,53.425,53.385,53.415,3984
2019-10-15 14:05:00-04:00,53.415,53.42,53.39,53.41,4696
2019-10-15 14:10:00-04:00,53.42,53.43,53.395,53.425,4682
2019-10-15 14:15:00-04:00,53.43,53.465,53.42,53.44,8665
2019-10-15 14:20:00-04:00,53.435,53.49,53.43,53.49,6673
2019-10-15 14:25:00-04:00,53.48,53.495,53.465,53.485,3769
2019-10-15 14:30:00-04:00,53.49,53.55,53.47,53.55,4451
2019-10-15 14:35:00-04:00,53.555,53.555,53.535,53.54,4482
2019-10-15 14:40:00-04:00,53.545,53.56,53.525,53.53,4570
2019-10-15 14:45:00-04:00,53.53,53.56,53.525,53.555,4378
2019-10-15 14:50:00-04:00,53.555,53.555,53.535,53.555,3555
2019-10-15 14:55:00-04:00,53.55,53.575,53.535,53.575,5137
2019-10-15 15:00:00-04:00,53.56,53.585,53.555,53.585,3763
2019-10-15 15:05:00-04:00,53.585,53.62,53.58,53.595,5947
2019-10-15 15:10:00-04:00,53.59,53.595,53.565,53.575,4281
2019-10-15 15:15:00-04:00,53.57,53.585,53.545,53.58,6643
2019-10-15 15:20:00-04:00,53.58,53.585,53.565,53.575,5255
2019-10-15 15:25:00-04:00,53.575,53.615,53.555,53.615,6301
2019-10-15 15:30:00-04:00,53.62,53.62,53.54,53.565,11000
2019-10-15 15:35:00-04:00,53.57,53.62,53.555,53.555,10273
2019-10-15 15:40:00-04:00,53.55,53.57,53.53,53.54,12757
2019-10-15 15:45:00-04:00,53.53,53.55,53.5,53.545,27770
2019-10-15 15:50:00-04:00,53.54,53.59,53.535,53.54,34240
2019-10-15 15:55:00-04:00,53.54,53.57,53.5,53.52,92666
2019-10-16 09:30:00-04:00,53.4,53.5,53.315,53.315,8249
2019-10-16 09:35:00-04:00,53.3,53.36,53.24,53.24,5738
2019-10-16 09:40:00-04:00,53.295,53.355,53.25,53.305,5606
2019-10-16 09:45:00-04:00,53.31,53.32,53.215,53.26,15988
2019-10-16 09:50:00-04:00,53.265,53.335,53.22,53.3,17251
2019-10-16 09:55:00-04:00,53.3,53.42,53.265,53.42,12676
2019-10-16 10:00:00-04:00,53.41,53.41,53.32,53.325,12108
2019-10-16 10:05:00-04:00,53.305,53.35,53.255,53.27,11136
2019-10-16 10:10:00-04:00,53.275,53.275,53.145,53.15,5167
2019-10-16 10:15:00-04:00,53.18,53.235,53.165,53.215,5206
2019-10-16 10:20:00-04:00,53.215,53.25,53.2,53.25,6770
2019-10-16 10:25:00-04:00,53.245,53.32,53.235,53.28,8353
2019-10-16 10:30:00-04:00,53.28,53.285,53.26,53.285,4089
2019-10-16 10:35:00-04:00,53.28,53.285,53.25,53.25,2441
2019-10-16 10:40:00-04:00,53.24,53.29,53.24,53.27,3656
2019-10-16 10:45:00-04:00,53.29,53.38,53.28,53.38,6977
2019-10-16 10:50:00-04:00,53.38,53.38,53.35,53.35,4865
2019-10-16 10:55:00-04:00,53.36,53.38,53.34,53.375,4839
2019-10-16 11:00:00-04:00,53.38,53.445,53.38,53.44,8463
2019-10-16 11:05:00-04:00,53.45,53.45,53.39,53.395,15650
2019-10-16 11:10:00-04:00,53.405,53.425,53.39,53.405,4193
2019-10-16 11:15:00-04:00,53.4,53.4,53.37,53.395,2838
2019-10-16 11:20:00-04:00,53.395,53.41,53.365,53.365,12450
2019-10-16 11:25:00-04:00,53.365,53.385,53.34,53.34,6983
2019-10-16 11:30:00-04:00,53.345,53.365,53.31,53.32,5986
2019-10-16 11:35:00-04:00,53.33,53.335,53.295,53.325,6826
2019-10-16 11:40:00-04:00,53.33,53.36,53.32,53.335,3596
2019-10-16 11:45:00-04:00,53.335,53.355,53.335,53.35,3259
2019-10-16 11:50:00-04:00,53.365,53.37,53.315,53.315,3145
2019-10-16 11:55:00-04:00,53.31,53.325,53.31,53.315,1248
2019-10-16 12:00:00-04:00,53.3,53.335,53.3,53.33,15655
2019-10-16 12:05:00-04:00,53.33,53.355,53.33,53.335,3818
2019-10-16 12:10:00-04:00,53.33,53.34,53.32,53.335,3449
2019-10-16 12:15:00-04:00,53.335,53.36,53.305,53.305,4217
2019-10-16 12:20:00-04:00,53.31,53.37,53.31,53.365,4459
2019-10-16 12:25:00-04:00,53.365,53.375,53.33,53.35,2137
2019-10-16 12:30:00-04:00,53.355,53.36,53.33,53.34,3789
2019-10-16 12:35:00-04:00,53.34,53.355,53.335,53.345,5547
2019-10-16 12:40:00-04:00,53.34,53.365,53.34,53.365,5157
2019-10-16 12:45:00-04:00,53.365,53.375,53.345,53.345,5910
2019-10-16 12:50:00-04:00,53.345,53.345,53.32,53.32,4599
2019-10-16 12:55:00-04:00,53.31,53.36,53.31,53.345,3962
2019-10-16 13:00:00-04:00,53.345,53.38,53.335,53.355,5204
2019-10-16 13:05:00-04:00,53.35,53.35,53.325,53.335,5247
2019-10-16 13:10:00-04:00,53.32,53.33,53.31,53.31,3080
2019-10-16 13:15:00-04:00,53.305,53.32,53.3,53.32,2252
2019-10-16 13:20:00-04:00,53.325,53.34,53.31,53.31,2161
2019-10-16 13:25:00-04:00,53.31,53.325,53.3,53.325,3329
2019-10-16 13:30:00-04:00,53.355,53.37,53.33,53.37,6673
2019-10-16 13:35:00-04:00,53.36,53.37,53.36,53.37,4525
2019-10-16 13:40:00-04:00,53.365,53.375,53.33,53.335,8664
2019-10-16 13:45:00-04:00,53.335,53.34,53.31,53.34,1227
2019-10-16 13:50:00-04:00,53.345,53.355,53.335,53.335,1954
2019-10-16 13:55:00-04:00,53.335,53.36,53.32,53.36,5539
2019-10-16 14:00:00-04:00,53.355,53.36,53.315,53.32,3781
2019-10-16 14:05:00-04:00,53.325,53.325,53.305,53.315,1686
2019-10-16 14:10:00-04:00,53.325,53.34,53.325,53.325,1354
2019-10-16 14:15:00-04:00,53.325,53.35,53.32,53.34,8208
2019-10-16 14:20:00-04:00,53.34,53.365,53.32,53.365,8907
2019-10-16 14:25:00-04:00,53.375,53.38,53.36,53.37,3834
2019-10-16 14:30:00-04:00,53.37,53.395,53.37,53.395,1812
2019-10-16 14:35:00-04:00,53.39,53.41,53.375,53.385,3416
2019-10-16 14:40:00-04:00,53.39,53.405,53.38,53.39,9061
2019-10-16 14:45:00-04:00,53.39,53.39,53.35,53.35,2260
2019-10-16 14:50:00-04:00,53.355,53.39,53.355,53.39,4562
2019-10-16 14:55:00-04:00,53.4,53.42,53.39,53.4,3855
2019-10-16 15:00:00-04:00,53.405,53.43,53.395,53.405,6967
2019-10-16 15:05:00-04:00,53.4,53.4,53.36,53.375,7237
2019-10-16 15:10:00-04:00,53.38,53.38,53.36,53.365,8047
2019-10-16 15:15:00-04:00,53.365,53.39,53.345,53.375,13147
2019-10-16 15:20:00-04:00,53.37,53.4,53.365,53.38,7303
2019-10-16 15:25:00-04:00,53.38,53.43,53.37,53.425,7347
2019-10-16 15:30:00-04:00,53.42,53.43,53.41,53.425,13861
2019-10-16 15:35:00-04:00,53.43,53.48,53.425,53.455,13767
2019-10-16 15:40:00-04:00,53.45,53.455,53.41,53.41,13186
2019-10-16 15:45:00-04:00,53.41,53.49,53.395,53.48,37276
2019-10-16 15:50:00-04:00,53.49,53.57,53.49,53.555,61546
2019-10-16 15:55:00-04:00,53.56,53.57,53.48,53.49,137975
2019-10-17 09:30:00-04:00,53.81,53.81,53.61,53.7,9826
2019-10-17 09:35:00-04:00,53.71,53.88,53.71,53.88,7826
2019-10-17 09:40:00-04:00,53.875,53.88,53.78,53.84,7645
2019-10-17 09:45:00-04:00,53.83,53.83,53.785,53.815,4351
2019-10-17 09:50:00-04:00,53.82,53.85,53.79,53.85,3264
2019-10-17 09:55:00-04:00,53.85,53.86,53.835,53.86,2958
2019-10-17 10:00:00-04:00,53.83,53.88,53.82,53.875,6187
2019-10-17 10:05:00-04:00,53.885,53.94,53.885,53.92,7893
2019-10-17 10:10:00-04:00,53.915,53.935,53.865,53.885,5953
2019-10-17 10:15:00-04:00,53.88,53.89,53.815,53.82,4866
2019-10-17 10:20:00-04:00,53.815,53.82,53.775,53.78,1759
2019-10-17 10:25:00-04:00,53.8,53.89,53.79,53.89,1769
2019-10-17 10:30:00-04:00,53.87,53.88,53.855,53.865,4954
2019-10-17 10:35:00-04:00,53.85,53.935,53.845,53.92,5361
2019-10-17 10:40:00-04:00,53.9,53.94,53.9,53.935,1955
2019-10-17 10:45:00-04:00,53.93,53.935,53.87,53.87,5421
2019-10-17 10:50:00-04:00,53.85,53.865,53.815,53.835,2945
2019-10-17 10:55:00-04:00,53.83,53.85,53.795,53.8,5681
2019-10-17 11:00:00-04:00,53.79,53.82,53.74,53.81,7240
2019-10-17 11:05:00-04:00,53.81,53.835,53.79,53.79,1626
2019-10-17 11:10:00-04:00,53.78,53.8,53.73,53.73,1752
2019-10-17 11:15:00-04:00,53.71,53.73,53.675,53.68,8811
2019-10-17 11:20:00-04:00,53.675,53.75,53.66,53.75,5938
2019-10-17 11:25:00-04:00,53.73,53.735,53.705,53.725,2404
2019-10-17 11:30:00-04:00,53.725,53.725,53.595,53.62,9019
2019-10-17 11:35:00-04:00,53.68,53.7,53.675,53.695,4685
2019-10-17 11:40:00-04:00,53.69,53.72,53.69,53.705,5412
2019-10-17 11:45:00-04:00,53.695,53.695,53.6,53.62,9048
2019-10-17 11:50:00-04:00,53.63,53.64,53.58,53.64,6461
2019-10-17 11:55:00-04:00,53.64,53.68,53.63,53.68,4846
2019-10-17 12:00:00-04:00,53.69,53.69,53.64,53.665,2863
2019-10-17 12:05:00-04:00,53.66,53.7,53.66,53.7,1853
2019-10-17 12:10:00-04:00,53.71,53.79,53.71,53.77,7785
2019-10-17 12:15:00-04:00,53.75,53.78,53.74,53.78,3011
2019-10-17 12:20:00-04:00,53.79,53.82,53.74,53.82,2357
2019-10-17 12:25:00-04:00,53.83,53.85,53.82,53.845,4362
2019-10-17 12:30:00-04:00,53.865,53.9,53.86,53.89,3536
2019-10-17 12:35:00-04:00,53.92,53.96,53.91,53.95,6350
2019-10-17 12:40:00-04:00,53.935,53.95,53.9,53.91,5515
2019-10-17 12:45:00-04:00,53.915,53.93,53.85,53.865,6994
2019-10-17 12:50:00-04:00,53.88,53.89,53.86,53.88,5201
2019-10-17 12:55:00-04:00,53.88,53.955,53.88,53.94,8679
2019-10-17 13:00:00-04:00,53.945,53.96,53.93,53.96,5589
2019-10-17 13:05:00-04:00,53.96,53.97,53.94,53.96,4148
2019-10-17 13:10:00-04:00,53.96,53.975,53.94,53.965,7686
2019-10-17 13:15:00-04:00,53.96,54.03,53.96,54.02,7257
2019-10-17 13:20:00-04:00,54.015,54.07,54.015,54.05,7568
2019-10-17 13:25:00-04:00,54.04,54.11,54.04,54.085,4701
2019-10-17 13:30:00-04:00,54.09,54.115,54.03,54.04,9575
2019-10-17 13:35:00-04:00,54.04,54.06,54.03,54.035,8103
2019-10-17 13:40:00-04:00,54.025,54.05,54.02,54.05,14801
2019-10-17 13:45:00-04:00,54.05,54.07,53.975,54.0,10933
2019-10-17 13:50:00-04:00,53.98,53.99,53.905,53.905,6160
2019-10-17 13:55:00-04:00,53.9,53.935,53.9,53.91,7875
2019-10-17 14:00:00-04:00,53.91,53.915,53.84,53.855,6452
2019-10-17 14:05:00-04:00,53.845,53.93,53.845,53.925,5040
2019-10-17 14:10:00-04:00,53.905,53.925,53.88,53.895,33601
2019-10-17 14:15:00-04:00,53.895,53.905,53.865,53.905,5970
2019-10-17 14:20:00-04:00,53.9,53.9,53.865,53.89,5562
2019-10-17 14:25:00-04:00,53.9,53.91,53.88,53.91,3702
2019-10-17 14:30:00-04:00,53.9,53.9,53.87,53.9,5931
2019-10-17 14:35:00-04:00,53.9,53.925,53.875,53.885,7908
2019-10-17 14:40:00-04:00,53.89,53.95,53.89,53.935,2863
2019-10-17 14:45:00-04:00,53.94,53.95,53.9,53.935,6261
2019-10-17 14:50:00-04:00,53.93,53.95,53.91,53.94,6065
2019-10-17 14:55:00-04:00,53.945,53.96,53.91,53.915,7614
2019-10-17 15:00:00-04:00,53.91,53.935,53.9,53.915,4787
2019-10-17 15:05:00-04:00,53.925,53.93,53.905,53.915,10417
2019-10-17 15:10:00-04:00,53.91,54.0,53.905,53.995,11894
2019-10-17 15:15:00-04:00,53.995,54.0,53.92,53.925,10462
2019-10-17 15:20:00-04:00,53.93,53.935,53.9,53.925,6461
2019-10-17 15:25:00-04:00,53.93,53.94,53.875,53.89,9288
2019-10-17 15:30:00-04:00,53.9,53.935,53.895,53.935,10474
2019-10-17 15:35:00-04:00,53.935,53.95,53.87,53.87,11223
2019-10-17 15:40:00-04:00,53.875,53.91,53.85,53.895,25954
2019-10-17 15:45:00-04:00,53.885,53.885,53.79,53.8,27561
2019-10-17 15:50:00-04:00,53.79,53.83,53.765,53.775,47018
2019-10-17 15:55:00-04:00,53.77,53.82,53.735,53.81,102753
2019-10-18 07:55:00-04:00,54.85,54.85,54.85,54.85,2000
2019-10-18 08:40:00-04:00,55.16,55.16,55.16,55.16,100
2019-10-18 09:10:00-04:00,54.88,54.88,54.88,54.88,100
2019-10-18 09:15:00-04:00,54.81,54.81,54.67,54.67,200
2019-10-18 09:30:00-04:00,54.96,55.08,54.49,54.61,69911
2019-10-18 09:35:00-04:00,54.61,54.78,54.46,54.78,25606
2019-10-18 09:40:00-04:00,54.78,54.93,54.75,54.86,19817
2019-10-18 09:45:00-04:00,54.86,54.94,54.64,54.745,6666
2019-10-18 09:50:00-04:00,54.68,54.77,54.56,54.63,8940
2019-10-18 09:55:00-04:00,54.61,54.77,54.61,54.74,9132
2019-10-18 10:00:00-04:00,54.7,54.7,54.51,54.61,33818
2019-10-18 10:05:00-04:00,54.63,54.655,54.55,54.63,9909
2019-10-18 10:10:00-04:00,54.6,54.64,54.595,54.6,6964
2019-10-18 10:15:00-04:00,54.61,54.78,54.6,54.755,8436
2019-10-18 10:20:00-04:00,54.785,54.92,54.76,54.92,6990
2019-10-18 10:25:00-04:00,54.92,54.94,54.77,54.835,10969
2019-10-18 10:30:00-04:00,54.84,54.925,54.83,54.88,7587
2019-10-18 10:35:00-04:00,54.87,54.89,54.775,54.875,8920
2019-10-18 10:40:00-04:00,54.87,54.95,54.87,54.945,15355
2019-10-18 10:45:00-04:00,54.965,54.99,54.9,54.99,3448
2019-10-18 10:50:00-04:00,54.985,54.985,54.94,54.98,15712
2019-10-18 10:55:00-04:00,54.975,55.105,54.975,55.08,15127
2019-10-18 11:00:00-04:00,55.09,55.1,55.0,55.1,6662
2019-10-18 11:05:00-04:00,55.105,55.18,55.08,55.175,7775
2019-10-18 11:10:00-04:00,55.17,55.27,55.17,55.26,4798
2019-10-18 11:15:00-04:00,55.29,55.305,55.24,55.3,7889
2019-10-18 11:20:00-04:00,55.325,55.34,55.285,55.335,6552
2019-10-18 11:25:00-04:00,55.315,55.315,55.22,55.25,11835
2019-10-18 11:30:00-04:00,55.26,55.285,55.165,55.225,10315
2019-10-18 11:35:00-04:00,55.23,55.34,55.225,55.31,9354
2019-10-18 11:40:00-04:00,55.295,55.33,55.26,55.33,10342
2019-10-18 11:45:00-04:00,55.29,55.365,55.29,55.36,2528
2019-10-18 11:50:00-04:00,55.38,55.38,55.21,55.25,23078
2019-10-18 11:55:00-04:00,55.23,55.33,55.21,55.3,4867
2019-10-18 12:00:00-04:00,55.28,55.31,55.25,55.28,5422
2019-10-18 12:05:00-04:00,55.26,55.32,55.25,55.32,3794
2019-10-18 12:10:00-04:00,55.34,55.38,55.33,55.38,2194
2019-10-18 12:15:00-04:00,55.37,55.37,55.32,55.32,3991
2019-10-18 12:20:00-04:00,55.31,55.35,55.22,55.22,3857
2019-10-18 12:25:00-04:00,55.22,55.26,55.125,55.155,7385
2019-10-18 12:30:00-04:00,55.165,55.26,55.16,55.255,2951
2019-10-18 12:35:00-04:00,55.27,55.3,55.26,55.26,2467
2019-10-18 12:40:00-04:00,55.26,55.28,55.195,55.2,4448
2019-10-18 12:45:00-04:00,55.175,55.19,55.135,55.155,4313
2019-10-18 12:50:00-04:00,55.19,55.2,55.05,55.05,203854
2019-10-18 12:55:00-04:00,55.06,55.08,55.03,55.08,1416
2019-10-18 13:00:00-04:00,55.07,55.07,55.02,55.035,2439
2019-10-18 13:05:00-04:00,54.98,54.98,54.93,54.93,1564
2019-10-18 13:10:00-04:00,54.94,54.95,54.93,54.945,920
2019-10-18 13:15:00-04:00,54.935,54.995,54.935,54.995,3094
2019-10-18 13:20:00-04:00,54.99,54.99,54.96,54.99,733
2019-10-18 13:25:00-04:00,54.99,55.0,54.97,54.98,5153
2019-10-18 13:30:00-04:00,54.98,54.98,54.915,54.93,9514
2019-10-18 13:35:00-04:00,54.92,54.94,54.895,54.94,3317
2019-10-18 13:40:00-04:00,54.91,54.95,54.9,54.95,1285
2019-10-18 13:45:00-04:00,54.94,54.96,54.93,54.94,2760
2019-10-18 13:50:00-04:00,54.94,54.95,54.915,54.94,4550
2019-10-18 13:55:00-04:00,54.92,54.96,54.92,54.96,3415
2019-10-18 14:00:00-04:00,54.96,54.96,54.91,54.92,7055
2019-10-18 14:05:00-04:00,54.92,54.94,54.915,54.92,1331
2019-10-18 14:10:00-04:00,54.9,54.905,54.87,54.9,1707
2019-10-18 14:15:00-04:00,54.89,54.95,54.89,54.94,2340
2019-10-18 14:20:00-04:00,54.94,54.96,54.93,54.95,1956
2019-10-18 14:25:00-04:00,54.925,54.95,54.925,54.93,3808
2019-10-18 14:30:00-04:00,54.925,54.94,54.88,54.895,9354
2019-10-18 14:35:00-04:00,54.905,54.93,54.905,54.915,6001
2019-10-18 14:40:00-04:00,54.915,54.94,54.905,54.915,4686
2019-10-18 14:45:00-04:00,54.915,54.95,54.915,54.94,4844
2019-10-18 14:50:00-04:00,54.945,54.96,54.935,54.945,4761
2019-10-18 14:55:00-04:00,54.93,54.94,54.91,54.93,7041
2019-10-18 15:00:00-04:00,54.94,54.97,54.93,54.965,10866
2019-10-18 15:05:00-04:00,54.96,54.98,54.95,54.98,3937
2019-10-18 15:10:00-04:00,54.97,54.975,54.955,54.96,5424
2019-10-18 15:15:00-04:00,54.95,54.98,54.95,54.97,3947
2019-10-18 15:20:00-04:00,54.97,54.98,54.96,54.96,3128
2019-10-18 15:25:00-04:00,54.955,54.965,54.93,54.93,15203
2019-10-18 15:30:00-04:00,54.925,54.965,54.91,54.965,7934
2019-10-18 15:35:00-04:00,54.94,54.95,54.915,54.94,5860
2019-10-18 15:40:00-04:00,54.94,54.94,54.93,54.935,9847
2019-10-18 15:45:00-04:00,54.93,54.93,54.885,54.89,31452
2019-10-18 15:50:00-04:00,54.9,54.93,54.88,54.905,23697
2019-10-18 15:55:00-04:00,54.905,54.905,54.78,54.78,108444
2019-10-21 09:30:00-04:00,54.415,54.53,54.175,54.255,9610
2019-10-21 09:35:00-04:00,54.22,54.22,54.025,54.055,12683
2019-10-21 09:40:00-04:00,54.03,54.085,53.97,54.06,9000
2019-10-21 09:45:00-04:00,54.08,54.185,54.06,54.15,13047
2019-10-21 09:50:00-04:00,54.16,54.16,54.035,54.035,18118
2019-10-21 09:55:00-04:00,54.025,54.1,54.005,54.1,11480
2019-10-21 10:00:00-04:00,54.09,54.325,54.075,54.325,10109
2019-10-21 10:05:00-04:00,54.34,54.46,54.305,54.42,9171
2019-10-21 10:10:00-04:00,54.44,54.44,54.305,54.315,4999
2019-10-21 10:15:00-04:00,54.315,54.38,54.305,54.365,3742
2019-10-21 10:20:00-04:00,54.365,54.4,54.345,54.37,7902
2019-10-21 10:25:00-04:00,54.385,54.43,54.365,54.37,5566
2019-10-21 10:30:00-04:00,54.365,54.375,54.28,54.29,9473
2019-10-21 10:35:00-04:00,54.285,54.335,54.285,54.295,17960
2019-10-21 10:40:00-04:00,54.28,54.3,54.22,54.28,12350
2019-10-21 10:45:00-04:00,54.28,54.33,54.275,54.315,5578
2019-10-21 10:50:00-04:00,54.29,54.29,54.245,54.25,5661
2019-10-21 10:55:00-04:00,54.245,54.25,54.195,54.22,10455
2019-10-21 11:00:00-04:00,54.2,54.21,54.165,54.19,12040
2019-10-21 11:05:00-04:00,54.2,54.2,54.115,54.115,14029
2019-10-21 11:10:00-04:00,54.11,54.13,54.095,54.12,9395
2019-10-21 11:15:00-04:00,54.1,54.12,54.055,54.11,11413
2019-10-21 11:20:00-04:00,54.12,54.12,54.045,54.06,8592
2019-10-21 11:25:00-04:00,54.06,54.08,54.03,54.03,8958
2019-10-21 11:30:00-04:00,54.04,54.05,53.98,53.98,16513
2019-10-21 11:35:00-04:00,53.99,53.99,53.905,53.945,14564
2019-10-21 11:40:00-04:00,53.95,53.95,53.905,53.91,8029
2019-10-21 11:45:00-04:00,53.905,53.905,53.87,53.9,5908
2019-10-21 11:50:00-04:00,53.89,53.945,53.86,53.94,7543
2019-10-21 11:55:00-04:00,53.94,53.94,53.855,53.855,14598
2019-10-21 12:00:00-04:00,53.835,53.86,53.81,53.81,8271
2019-10-21 12:05:00-04:00,53.815,53.86,53.745,53.745,16395
2019-10-21 12:10:00-04:00,53.725,53.76,53.685,53.74,8585
2019-10-21 12:15:00-04:00,53.735,53.775,53.735,53.755,5792
2019-10-21 12:20:00-04:00,53.77,53.8,53.77,53.8,5648
2019-10-21 12:25:00-04:00,53.79,53.79,53.74,53.785,6016
2019-10-21 12:30:00-04:00,53.79,53.85,53.79,53.825,5670
2019-10-21 12:35:00-04:00,53.815,53.82,53.755,53.77,4110
2019-10-21 12:40:00-04:00,53.76,53.78,53.735,53.745,5074
2019-10-21 12:45:00-04:00,53.735,53.75,53.7,53.71,5297
2019-10-21 12:50:00-04:00,53.715,53.8,53.715,53.78,4238
2019-10-21 12:55:00-04:00,53.775,53.81,53.775,53.805,4256
2019-10-21 13:00:00-04:00,53.805,53.81,53.785,53.805,4496
2019-10-21 13:05:00-04:00,53.805,53.83,53.805,53.83,4391
2019-10-21 13:10:00-04:00,53.84,53.85,53.825,53.84,4742
2019-10-21 13:15:00-04:00,53.84,53.88,53.84,53.88,17100
2019-10-21 13:20:00-04:00,53.89,53.89,53.82,53.82,5910
2019-10-21 13:25:00-04:00,53.83,53.88,53.83,53.865,5661
2019-10-21 13:30:00-04:00,53.865,53.865,53.855,53.855,14216
2019-10-21 13:35:00-04:00,53.855,53.87,53.85,53.87,4909
2019-10-21 13:40:00-04:00,53.87,53.965,53.865,53.965,10534
2019-10-21 13:45:00-04:00,53.96,53.965,53.925,53.94,12479
2019-10-21 13:50:00-04:00,53.935,53.94,53.92,53.93,5748
2019-10-21 13:55:00-04:00,53.935,53.95,53.925,53.93,7393
2019-10-21 14:00:00-04:00,53.93,53.96,53.93,53.96,6431
2019-10-21 14:05:00-04:00,53.97,54.045,53.965,54.045,2703
2019-10-21 14:10:00-04:00,54.07,54.07,54.015,54.035,4606
2019-10-21 14:15:00-04:00,54.06,54.08,54.05,54.055,5149
2019-10-21 14:20:00-04:00,54.055,54.1,54.05,54.09,6307
2019-10-21 14:25:00-04:00,54.09,54.11,54.07,54.075,4692
2019-10-21 14:30:00-04:00,54.08,54.12,54.075,54.1,6152
2019-10-21 14:35:00-04:00,54.095,54.15,54.095,54.115,5362
2019-10-21 14:40:00-04:00,54.12,54.17,54.12,54.17,4640
2019-10-21 14:45:00-04:00,54.17,54.24,54.165,54.215,4651
2019-10-21 14:50:00-04:00,54.215,54.315,54.205,54.31,5401
2019-10-21 14:55:00-04:00,54.305,54.31,54.25,54.25,6875
2019-10-21 15:00:00-04:00,54.24,54.26,54.225,54.245,6141
2019-10-21 15:05:00-04:00,54.245,54.255,54.215,54.255,7710
2019-10-21 15:10:00-04:00,54.25,54.27,54.25,54.265,9330
2019-10-21 15:15:00-04:00,54.265,54.3,54.255,54.255,8300
2019-10-21 15:20:00-04:00,54.255,54.26,54.19,54.205,5233
2019-10-21 15:25:00-04:00,54.2,54.21,54.19,54.205,5814
2019-10-21 15:30:00-04:00,54.195,54.22,54.16,54.165,11469
2019-10-21 15:35:00-04:00,54.165,54.17,54.14,54.15,24786
2019-10-21 15:40:00-04:00,54.15,54.235,54.145,54.235,15453
2019-10-21 15:45:00-04:00,54.235,54.3,54.23,54.285,15033
2019-10-21 15:50:00-04:00,54.29,54.3,54.265,54.29,20822
2019-10-21 15:55:00-04:00,54.29,54.29,54.22,54.25,66767
2019-10-22 09:30:00-04:00,54.25,54.38,54.15,54.38,13156
2019-10-22 09:35:00-04:00,54.36,54.42,54.27,54.33,9865
2019-10-22 09:40:00-04:00,54.33,54.355,54.265,54.27,7963
2019-10-22 09:45:00-04:00,54.28,54.28,54.215,54.24,7027
2019-10-22 09:50:00-04:00,54.23,54.24,54.18,54.22,6483
2019-10-22 09:55:00-04:00,54.23,54.25,54.18,54.205,15650
2019-10-22 10:00:00-04:00,54.24,54.265,54.21,54.225,3210
2019-10-22 10:05:00-04:00,54.21,54.275,54.21,54.24,3037
2019-10-22 10:10:00-04:00,54.22,54.245,54.21,54.235,2309
2019-10-22 10:15:00-04:00,54.23,54.23,54.13,54.14,2719
2019-10-22 10:20:00-04:00,54.155,54.23,54.14,54.23,5535
2019-10-22 10:25:00-04:00,54.23,54.245,54.22,54.24,3898
2019-10-22 10:30:00-04:00,54.245,54.255,54.175,54.18,3062
2019-10-22 10:35:00-04:00,54.17,54.205,54.155,54.155,3286
2019-10-22 10:40:00-04:00,54.165,54.205,54.15,54.195,4667
2019-10-22 10:45:00-04:00,54.2,54.22,54.19,54.195,3331
2019-10-22 10:50:00-04:00,54.215,54.22,54.2,54.205,3632
2019-10-22 10:55:00-04:00,54.205,54.21,54.16,54.16,4771
2019-10-22 11:00:00-04:00,54.16,54.21,54.16,54.19,4722
2019-10-22 11:05:00-04:00,54.18,54.21,54.165,54.19,2525
2019-10-22 11:10:00-04:00,54.19,54.2,54.17,54.195,2182
2019-10-22 11:15:00-04:00,54.19,54.205,54.16,54.195,2093
2019-10-22 11:20:00-04:00,54.195,54.23,54.185,54.225,5165
2019-10-22 11:25:00-04:00,54.215,54.225,54.21,54.22,2119
2019-10-22 11:30:00-04:00,54.215,54.225,54.2,54.205,3795
2019-10-22 11:35:00-04:00,54.205,54.21,54.195,54.195,3570
2019-10-22 11:40:00-04:00,54.195,54.205,54.185,54.195,3717
2019-10-22 11:45:00-04:00,54.195,54.2,54.165,54.165,2270
2019-10-22 11:50:00-04:00,54.16,54.17,54.16,54.17,876
2019-10-22 11:55:00-04:00,54.15,54.16,54.15,54.15,1320
2019-10-22 12:00:00-04:00,54.16,54.17,54.115,54.115,2366
2019-10-22 12:05:00-04:00,54.135,54.135,54.1,54.105,1246
2019-10-22 12:10:00-04:00,54.09,54.1,54.07,54.09,2576
2019-10-22 12:15:00-04:00,54.095,54.095,54.03,54.03,6602
2019-10-22 12:20:00-04:00,54.04,54.04,54.005,54.005,4580
2019-10-22 12:25:00-04:00,53.995,54.0,53.995,54.0,855
2019-10-22 12:30:00-04:00,54.0,54.06,53.995,54.005,4922
2019-10-22 12:35:00-04:00,54.0,54.01,53.99,54.005,2581
2019-10-22 12:40:00-04:00,54.005,54.005,53.98,53.985,2439
2019-10-22 12:45:00-04:00,53.99,54.0,53.98,53.98,4578
2019-10-22 12:50:00-04:00,53.985,54.0,53.985,53.99,1300
2019-10-22 12:55:00-04:00,53.99,54.0,53.97,53.99,2975
2019-10-22 13:00:00-04:00,53.98,54.0,53.97,54.0,1931
2019-10-22 13:05:00-04:00,53.99,53.99,53.955,53.955,1045
2019-10-22 13:10:00-04:00,53.97,53.985,53.94,53.985,3054
2019-10-22 13:15:00-04:00,53.995,54.01,53.995,54.0,2092
2019-10-22 13:20:00-04:00,54.005,54.045,54.0,54.045,4918
2019-10-22 13:25:00-04:00,54.05,54.055,54.03,54.055,1373
2019-10-22 13:30:00-04:00,54.05,54.08,54.05,54.08,4749
2019-10-22 13:35:00-04:00,54.085,54.11,54.05,54.05,5219
2019-10-22 13:40:00-04:00,54.055,54.07,54.04,54.04,2746
2019-10-22 13:45:00-04:00,54.05,54.05,54.02,54.03,3082
2019-10-22 13:50:00-04:00,54.03,54.045,54.005,54.045,3582
2019-10-22 13:55:00-04:00,54.04,54.05,54.03,54.03,1659
2019-10-22 14:00:00-04:00,54.015,54.015,53.94,53.94,8944
2019-10-22 14:05:00-04:00,53.95,53.98,53.945,53.97,3935
2019-10-22 14:10:00-04:00,53.965,54.0,53.92,53.92,7493
2019-10-22 14:15:00-04:00,53.915,53.92,53.855,53.87,5652
2019-10-22 14:20:00-04:00,53.87,53.895,53.855,53.86,6875
2019-10-22 14:25:00-04:00,53.85,53.87,53.82,53.865,12494
2019-10-22 14:30:00-04:00,53.87,53.87,53.8,53.825,7795
2019-10-22 14:35:00-04:00,53.83,53.83,53.795,53.795,6057
2019-10-22 14:40:00-04:00,53.795,53.81,53.78,53.805,3447
2019-10-22 14:45:00-04:00,53.785,53.805,53.77,53.78,6391
2019-10-22 14:50:00-04:00,53.77,53.795,53.745,53.79,10414
2019-10-22 14:55:00-04:00,53.8,53.835,53.795,53.82,6451
2019-10-22 15:00:00-04:00,53.82,53.825,53.77,53.79,12834
2019-10-22 15:05:00-04:00,53.78,53.87,53.77,53.86,8793
2019-10-22 15:10:00-04:00,53.83,53.85,53.82,53.845,9448
2019-10-22 15:15:00-04:00,53.85,53.88,53.835,53.84,3733
2019-10-22 15:20:00-04:00,53.855,53.92,53.84,53.92,3920
2019-10-22 15:25:00-04:00,53.92,53.93,53.91,53.92,6682
2019-10-22 15:30:00-04:00,53.92,53.925,53.895,53.9,8933
2019-10-22 15:35:00-04:00,53.9,53.92,53.88,53.89,9456
2019-10-22 15:40:00-04:00,53.88,53.895,53.84,53.84,5702
2019-10-22 15:45:00-04:00,53.84,53.84,53.77,53.815,23144
2019-10-22 15:50:00-04:00,53.82,53.84,53.79,53.8,21667
2019-10-22 15:55:00-04:00,53.8,53.88,53.8,53.87,69021
2019-10-23 09:05:00-04:00,54.09,54.09,54.09,54.09,200
2019-10-23 09:30:00-04:00,54.06,54.38,54.03,54.38,7235
2019-10-23 09:35:00-04:00,54.36,54.44,54.18,54.185,8300
2019-10-23 09:40:00-04:00,54.21,54.22,54.155,54.22,10263
2019-10-23 09:45:00-04:00,54.21,54.275,54.2,54.275,8571
2019-10-23 09:50:00-04:00,54.25,54.34,54.23,54.23,4217
2019-10-23 09:55:00-04:00,54.21,54.375,54.19,54.36,5909
2019-10-23 10:00:00-04:00,54.35,54.35,54.26,54.29,5851
2019-10-23 10:05:00-04:00,54.335,54.335,54.275,54.335,5893
2019-10-23 10:10:00-04:00,54.34,54.38,54.34,54.36,5648
2019-10-23 10:15:00-04:00,54.37,54.39,54.36,54.38,2643
2019-10-23 10:20:00-04:00,54.36,54.395,54.35,54.38,3703
2019-10-23 10:25:00-04:00,54.39,54.435,54.37,54.41,4515
2019-10-23 10:30:00-04:00,54.41,54.445,54.37,54.43,5464
2019-10-23 10:35:00-04:00,54.45,54.45,54.36,54.36,3936
2019-10-23 10:40:00-04:00,54.37,54.405,54.36,54.38,2333
2019-10-23 10:45:00-04:00,54.38,54.39,54.355,54.37,2909
2019-10-23 10:50:00-04:00,54.38,54.41,54.365,54.365,4320
2019-10-23 10:55:00-04:00,54.36,54.365,54.33,54.33,4643
2019-10-23 11:00:00-04:00,54.35,54.36,54.34,54.36,2662
2019-10-23 11:05:00-04:00,54.39,54.39,54.35,54.35,3029
2019-10-23 11:10:00-04:00,54.35,54.375,54.34,54.35,2096
2019-10-23 11:15:00-04:00,54.36,54.465,54.36,54.45,4937
2019-10-23 11:20:00-04:00,54.465,54.465,54.42,54.45,2997
2019-10-23 11:25:00-04:00,54.44,54.485,54.44,54.465,2571
2019-10-23 11:30:00-04:00,54.48,54.485,54.405,54.43,3880
2019-10-23 11:35:00-04:00,54.445,54.47,54.44,54.47,1728
2019-10-23 11:40:00-04:00,54.48,54.49,54.45,54.45,6434
2019-10-23 11:45:00-04:00,54.47,54.49,54.455,54.455,1819
2019-10-23 11:50:00-04:00,54.45,54.47,54.41,54.42,4712
2019-10-23 11:55:00-04:00,54.42,54.43,54.405,54.405,1674
2019-10-23 12:00:00-04:00,54.415,54.44,54.385,54.39,2339
2019-10-23 12:05:00-04:00,54.385,54.39,54.36,54.36,1729
2019-10-23 12:10:00-04:00,54.345,54.4,54.345,54.37,2381
2019-10-23 12:15:00-04:00,54.38,54.4,54.37,54.37,1086
2019-10-23 12:20:00-04:00,54.37,54.37,54.36,54.36,1886
2019-10-23 12:25:00-04:00,54.33,54.33,54.3,54.33,4262
2019-10-23 12:30:00-04:00,54.34,54.365,54.33,54.36,2996
2019-10-23 12:35:00-04:00,54.35,54.37,54.35,54.35,1736
2019-10-23 12:40:00-04:00,54.33,54.36,54.33,54.355,2580
2019-10-23 12:45:00-04:00,54.38,54.38,54.355,54.355,1115
2019-10-23 12:50:00-04:00,54.34,54.35,54.33,54.35,1735
2019-10-23 12:55:00-04:00,54.33,54.36,54.33,54.35,1657
2019-10-23 13:00:00-04:00,54.35,54.36,54.35,54.35,1593
2019-10-23 13:05:00-04:00,54.35,54.35,54.31,54.31,1767
2019-10-23 13:10:00-04:00,54.31,54.34,54.3,54.34,2344
2019-10-23 13:15:00-04:00,54.33,54.355,54.325,54.355,2631
2019-10-23 13:20:00-04:00,54.35,54.4,54.345,54.395,2403
2019-10-23 13:25:00-04:00,54.39,54.435,54.39,54.435,2587
2019-10-23 13:30:00-04:00,54.445,54.445,54.42,54.44,8147
2019-10-23 13:35:00-04:00,54.44,54.455,54.43,54.455,3320
2019-10-23 13:40:00-04:00,54.455,54.495,54.45,54.495,9364
2019-10-23 13:45:00-04:00,54.49,54.53,54.48,54.5,9079
2019-10-23 13:50:00-04:00,54.49,54.515,54.49,54.505,4317
2019-10-23 13:55:00-04:00,54.51,54.53,54.49,54.53,12434
2019-10-23 14:00:00-04:00,54.55,54.58,54.54,54.57,5060
2019-10-23 14:05:00-04:00,54.58,54.6,54.58,54.59,2454
2019-10-23 14:10:00-04:00,54.59,54.605,54.51,54.52,3431
2019-10-23 14:15:00-04:00,54.5,54.51,54.46,54.465,4509
2019-10-23 14:20:00-04:00,54.47,54.49,54.47,54.49,2856
2019-10-23 14:25:00-04:00,54.485,54.5,54.465,54.485,7746
2019-10-23 14:30:00-04:00,54.49,54.51,54.49,54.505,1658
2019-10-23 14:35:00-04:00,54.52,54.52,54.485,54.485,4814
2019-10-23 14:40:00-04:00,54.48,54.5,54.47,54.5,2999
2019-10-23 14:45:00-04:00,54.5,54.515,54.495,54.515,4913
2019-10-23 14:50:00-04:00,54.51,54.53,54.51,54.52,5126
2019-10-23 14:55:00-04:00,54.52,54.555,54.52,54.53,3803
2019-10-23 15:00:00-04:00,54.52,54.535,54.52,54.53,8143
2019-10-23 15:05:00-04:00,54.56,54.56,54.535,54.54,2933
2019-10-23 15:10:00-04:00,54.53,54.54,54.445,54.465,11345
2019-10-23 15:15:00-04:00,54.46,54.48,54.455,54.455,12925
2019-10-23 15:20:00-04:00,54.455,54.48,54.455,54.48,4799
2019-10-23 15:25:00-04:00,54.475,54.51,54.475,54.51,3826
2019-10-23 15:30:00-04:00,54.5,54.55,54.5,54.54,14734
2019-10-23 15:35:00-04:00,54.535,54.62,54.53,54.6,11866
2019-10-23 15:40:00-04:00,54.6,54.63,54.58,54.59,12043
2019-10-23 15:45:00-04:00,54.6,54.64,54.6,54.64,15587
2019-10-23 15:50:00-04:00,54.63,54.64,54.58,54.58,18284
2019-10-23 15:55:00-04:00,54.59,54.66,54.59,54.65,55831
2019-10-24 09:30:00-04:00,54.58,54.7,54.505,54.515,8429
2019-10-24 09:35:00-04:00,54.505,54.63,54.485,54.63,7641
2019-10-24 09:40:00-04:00,54.62,54.635,54.58,54.635,3192
2019-10-24 09:45:00-04:00,54.64,54.64,54.575,54.64,3834
2019-10-24 09:50:00-04:00,54.625,54.68,54.62,54.62,4099
2019-10-24 09:55:00-04:00,54.605,54.635,54.595,54.61,6577
2019-10-24 10:00:00-04:00,54.61,54.675,54.61,54.675,3543
2019-10-24 10:05:00-04:00,54.71,54.745,54.69,54.745,3504
2019-10-24 10:10:00-04:00,54.745,54.785,54.74,54.76,6835
2019-10-24 10:15:00-04:00,54.765,54.795,54.705,54.71,3466
2019-10-24 10:20:00-04:00,54.745,54.745,54.685,54.7,2962
2019-10-24 10:25:00-04:00,54.68,54.695,54.67,54.675,1998
2019-10-24 10:30:00-04:00,54.685,54.685,54.59,54.59,1860
2019-10-24 10:35:00-04:00,54.59,54.675,54.59,54.665,4790
2019-10-24 10:40:00-04:00,54.67,54.685,54.64,54.67,2426
2019-10-24 10:45:00-04:00,54.665,54.73,54.66,54.725,5929
2019-10-24 10:50:00-04:00,54.725,54.765,54.715,54.72,6933
2019-10-24 10:55:00-04:00,54.72,54.73,54.705,54.73,3115
2019-10-24 11:00:00-04:00,54.735,54.75,54.72,54.72,2828
2019-10-24 11:05:00-04:00,54.73,54.75,54.72,54.725,1593
2019-10-24 11:10:00-04:00,54.725,54.75,54.71,54.72,4308
2019-10-24 11:15:00-04:00,54.715,54.725,54.7,54.7,3002
2019-10-24 11:20:00-04:00,54.705,54.735,54.7,54.735,4105
2019-10-24 11:25:00-04:00,54.735,54.76,54.71,54.72,4842
2019-10-24 11:30:00-04:00,54.735,54.75,54.69,54.7,1832
2019-10-24 11:35:00-04:00,54.71,54.71,54.68,54.71,2774
2019-10-24 11:40:00-04:00,54.69,54.705,54.675,54.69,1245
2019-10-24 11:45:00-04:00,54.69,54.69,54.63,54.63,1331
2019-10-24 11:50:00-04:00,54.63,54.63,54.59,54.63,2440
2019-10-24 11:55:00-04:00,54.635,54.655,54.63,54.65,518
2019-10-24 12:00:00-04:00,54.66,54.73,54.66,54.725,34685
2019-10-24 12:05:00-04:00,54.71,54.71,54.68,54.69,1036
2019-10-24 12:10:00-04:00,54.685,54.725,54.68,54.725,1985
2019-10-24 12:15:00-04:00,54.71,54.71,54.67,54.68,1269
2019-10-24 12:20:00-04:00,54.72,54.74,54.68,54.68,864
2019-10-24 12:25:00-04:00,54.7,54.73,54.7,54.73,693
2019-10-24 12:30:00-04:00,54.73,54.77,54.71,54.77,1191
2019-10-24 12:35:00-04:00,54.76,54.76,54.73,54.73,419
2019-10-24 12:40:00-04:00,54.75,54.75,54.74,54.75,1400
2019-10-24 12:45:00-04:00,54.75,54.8,54.75,54.8,1255
2019-10-24 12:50:00-04:00,54.81,54.81,54.79,54.79,566
2019-10-24 12:55:00-04:00,54.79,54.81,54.78,54.78,1446
2019-10-24 13:00:00-04:00,54.785,54.785,54.76,54.76,1609
2019-10-24 13:05:00-04:00,54.755,54.755,54.71,54.72,1140
2019-10-24 13:10:00-04:00,54.71,54.71,54.675,54.7,1133
2019-10-24 13:15:00-04:00,54.7,54.72,54.7,54.71,1178
2019-10-24 13:20:00-04:00,54.69,54.695,54.69,54.695,203
2019-10-24 13:30:00-04:00,54.74,54.74,54.69,54.69,9739
2019-10-24 13:35:00-04:00,54.7,54.7,54.67,54.68,1013
2019-10-24 13:40:00-04:00,54.65,54.66,54.65,54.655,834
2019-10-24 13:45:00-04:00,54.655,54.675,54.62,54.67,3509
2019-10-24 13:50:00-04:00,54.68,54.68,54.665,54.67,971
2019-10-24 13:55:00-04:00,54.68,54.68,54.66,54.67,4819
2019-10-24 14:00:00-04:00,54.67,54.685,54.65,54.68,5043
2019-10-24 14:05:00-04:00,54.68,54.69,54.67,54.67,10243
2019-10-24 14:10:00-04:00,54.675,54.685,54.66,54.67,2656
2019-10-24 14:15:00-04:00,54.67,54.67,54.65,54.665,4948
2019-10-24 14:20:00-04:00,54.66,54.71,54.66,54.71,8249
2019-10-24 14:25:00-04:00,54.71,54.72,54.7,54.7,4395
2019-10-24 14:30:00-04:00,54.7,54.73,54.69,54.72,1734
2019-10-24 14:35:00-04:00,54.73,54.74,54.72,54.72,1189
2019-10-24 14:40:00-04:00,54.72,54.77,54.72,54.76,3512
2019-10-24 14:45:00-04:00,54.75,54.765,54.74,54.74,1127
2019-10-24 14:50:00-04:00,54.74,54.76,54.74,54.75,1421
2019-10-24 14:55:00-04:00,54.745,54.745,54.72,54.735,1290
2019-10-24 15:00:00-04:00,54.73,54.755,54.72,54.75,2705
2019-10-24 15:05:00-04:00,54.75,54.75,54.725,54.73,1156
2019-10-24 15:10:00-04:00,54.73,54.75,54.72,54.73,3295
2019-10-24 15:15:00-04:00,54.73,54.73,54.695,54.7,2124
2019-10-24 15:20:00-04:00,54.7,54.71,54.685,54.71,3251
2019-10-24 15:25:00-04:00,54.71,54.725,54.705,54.705,1583
2019-10-24 15:30:00-04:00,54.71,54.71,54.68,54.68,2367
2019-10-24 15:35:00-04:00,54.68,54.69,54.66,54.68,7352
2019-10-24 15:40:00-04:00,54.675,54.68,54.64,54.645,5392
2019-10-24 15:45:00-04:00,54.64,54.7,54.63,54.7,13185
2019-10-24 15:50:00-04:00,54.69,54.69,54.625,54.64,12676
2019-10-24 15:55:00-04:00,54.64,54.695,54.61,54.61,28066
2019-10-25 08:10:00-04:00,54.62,54.62,54.62,54.62,100
2019-10-25 09:30:00-04:00,54.47,54.49,54.2,54.28,8271
2019-10-25 09:35:00-04:00,54.255,54.26,54.09,54.1,6610
2019-10-25 09:40:00-04:00,54.09,54.1,53.955,53.99,5131
2019-10-25 09:45:00-04:00,54.0,54.13,53.995,54.13,5801
2019-10-25 09:50:00-04:00,54.12,54.12,53.9,53.96,12632
2019-10-25 09:55:00-04:00,53.98,53.98,53.92,53.945,4157
2019-10-25 10:00:00-04:00,53.925,53.975,53.915,53.95,11972
2019-10-25 10:05:00-04:00,53.95,53.965,53.92,53.92,9259
2019-10-25 10:10:00-04:00,53.91,54.01,53.91,53.98,5064
2019-10-25 10:15:00-04:00,53.975,53.995,53.96,53.99,4098
2019-10-25 10:20:00-04:00,53.97,53.97,53.92,53.92,4682
2019-10-25 10:25:00-04:00,53.91,53.91,53.84,53.84,13036
2019-10-25 10:30:00-04:00,53.83,53.85,53.76,53.84,11597
2019-10-25 10:35:00-04:00,53.84,53.87,53.78,53.85,12366
2019-10-25 10:40:00-04:00,53.82,53.87,53.82,53.835,4260
2019-10-25 10:45:00-04:00,53.84,53.94,53.84,53.925,13797
2019-10-25 10:50:00-04:00,53.93,53.95,53.915,53.95,2977
2019-10-25 10:55:00-04:00,53.96,53.98,53.92,53.97,3106
2019-10-25 11:00:00-04:00,53.98,53.98,53.93,53.93,2456
2019-10-25 11:05:00-04:00,53.925,53.96,53.92,53.94,3509
2019-10-25 11:10:00-04:00,53.97,53.99,53.95,53.965,4029
2019-10-25 11:15:00-04:00,53.955,53.965,53.9,53.915,3279
2019-10-25 11:20:00-04:00,53.93,53.955,53.91,53.935,2117
2019-10-25 11:25:00-04:00,53.935,53.955,53.915,53.915,5499
2019-10-25 11:30:00-04:00,53.915,53.92,53.84,53.905,5863
2019-10-25 11:35:00-04:00,53.865,53.865,53.825,53.825,2371
2019-10-25 11:40:00-04:00,53.835,53.87,53.795,53.865,6037
2019-10-25 11:45:00-04:00,53.875,53.88,53.82,53.82,3548
2019-10-25 11:50:00-04:00,53.825,53.865,53.825,53.855,3499
2019-10-25 11:55:00-04:00,53.835,53.84,53.81,53.82,5747
2019-10-25 12:00:00-04:00,53.81,53.81,53.76,53.78,8026
2019-10-25 12:05:00-04:00,53.79,53.83,53.78,53.8,4436
2019-10-25 12:10:00-04:00,53.8,53.82,53.79,53.815,8291
2019-10-25 12:15:00-04:00,53.81,53.84,53.805,53.835,3840
2019-10-25 12:20:00-04:00,53.84,53.885,53.82,53.885,6780
2019-10-25 12:25:00-04:00,53.875,53.88,53.82,53.82,38775
2019-10-25 12:30:00-04:00,53.82,53.83,53.82,53.83,7545
2019-10-25 12:35:00-04:00,53.83,53.83,53.805,53.805,23388
2019-10-25 12:40:00-04:00,53.81,53.82,53.785,53.805,5811
2019-10-25 12:45:00-04:00,53.805,53.81,53.785,53.785,14104
2019-10-25 12:50:00-04:00,53.79,53.805,53.775,53.8,3477
2019-10-25 12:55:00-04:00,53.8,53.8,53.775,53.78,3287
2019-10-25 13:00:00-04:00,53.785,53.785,53.755,53.755,2511
2019-10-25 13:05:00-04:00,53.76,53.77,53.725,53.725,5126
2019-10-25 13:10:00-04:00,53.73,53.745,53.725,53.725,3546
2019-10-25 13:15:00-04:00,53.73,53.76,53.725,53.76,2830
2019-10-25 13:20:00-04:00,53.77,53.78,53.755,53.775,3110
2019-10-25 13:25:00-04:00,53.745,53.76,53.74,53.755,3031
2019-10-25 13:30:00-04:00,53.74,53.74,53.72,53.725,7635
2019-10-25 13:35:00-04:00,53.73,53.77,53.73,53.745,7014
2019-10-25 13:40:00-04:00,53.75,53.75,53.73,53.73,6200
2019-10-25 13:45:00-04:00,53.73,53.735,53.7,53.715,4843
2019-10-25 13:50:00-04:00,53.71,53.71,53.68,53.695,8068
2019-10-25 13:55:00-04:00,53.7,53.7,53.675,53.685,2758
2019-10-25 14:00:00-04:00,53.685,53.71,53.675,53.705,40255
2019-10-25 14:05:00-04:00,53.71,53.765,53.695,53.765,7899
2019-10-25 14:10:00-04:00,53.76,53.805,53.755,53.805,5576
2019-10-25 14:15:00-04:00,53.805,53.81,53.785,53.795,4385
2019-10-25 14:20:00-04:00,53.79,53.8,53.785,53.785,2340
2019-10-25 14:25:00-04:00,53.78,53.78,53.755,53.765,3482
2019-10-25 14:30:00-04:00,53.745,53.76,53.74,53.74,7749
2019-10-25 14:35:00-04:00,53.74,53.785,53.73,53.785,4376
2019-10-25 14:40:00-04:00,53.79,53.795,53.775,53.775,6725
2019-10-25 14:45:00-04:00,53.78,53.805,53.775,53.795,4049
2019-10-25 14:50:00-04:00,53.795,53.8,53.775,53.78,5519
2019-10-25 14:55:00-04:00,53.78,53.855,53.775,53.845,13695
2019-10-25 15:00:00-04:00,53.84,53.84,53.805,53.815,14061
2019-10-25 15:05:00-04:00,53.82,53.825,53.805,53.815,7043
2019-10-25 15:10:00-04:00,53.815,53.88,53.815,53.88,7299
2019-10-25 15:15:00-04:00,53.88,53.89,53.865,53.87,7516
2019-10-25 15:20:00-04:00,53.875,53.88,53.84,53.84,12533
2019-10-25 15:25:00-04:00,53.85,53.86,53.825,53.835,16079
2019-10-25 15:30:00-04:00,53.835,53.85,53.825,53.845,12944
2019-10-25 15:35:00-04:00,53.845,53.88,53.845,53.88,13405
2019-10-25 15:40:00-04:00,53.875,53.885,53.84,53.85,20467
2019-10-25 15:45:00-04:00,53.845,53.845,53.77,53.775,17504
2019-10-25 15:50:00-04:00,53.78,53.815,53.74,53.755,32510
2019-10-25 15:55:00-04:00,53.755,53.81,53.73,53.73,73740
2019-10-28 08:55:00-04:00,53.71,53.71,53.71,53.71,100
2019-10-28 09:30:00-04:00,53.76,53.86,53.7,53.75,10809
2019-10-28 09:35:00-04:00,53.745,53.94,53.745,53.905,9459
2019-10-28 09:40:00-04:00,53.9,53.94,53.83,53.855,8133
2019-10-28 09:45:00-04:00,53.82,53.875,53.785,53.81,7318
2019-10-28 09:50:00-04:00,53.785,53.855,53.77,53.775,6035
2019-10-28 09:55:00-04:00,53.8,53.81,53.74,53.76,1981
2019-10-28 10:00:00-04:00,53.73,53.735,53.705,53.705,2864
2019-10-28 10:05:00-04:00,53.7,53.71,53.67,53.67,2055
2019-10-28 10:10:00-04:00,53.68,53.7,53.64,53.64,4304
2019-10-28 10:15:00-04:00,53.655,53.67,53.64,53.65,7555
2019-10-28 10:20:00-04:00,53.66,53.68,53.605,53.605,7964
2019-10-28 10:25:00-04:00,53.62,53.635,53.55,53.555,4374
2019-10-28 10:30:00-04:00,53.545,53.59,53.54,53.555,1380
2019-10-28 10:35:00-04:00,53.56,53.56,53.54,53.545,2491
2019-10-28 10:40:00-04:00,53.54,53.595,53.54,53.58,2358
2019-10-28 10:45:00-04:00,53.56,53.58,53.56,53.57,1639
2019-10-28 10:50:00-04:00,53.58,53.59,53.56,53.565,3276
2019-10-28 10:55:00-04:00,53.565,53.62,53.545,53.605,7055
2019-10-28 11:00:00-04:00,53.605,53.605,53.57,53.6,5451
2019-10-28 11:05:00-04:00,53.59,53.6,53.515,53.515,8408
2019-10-28 11:10:00-04:00,53.525,53.53,53.475,53.52,8836
2019-10-28 11:15:00-04:00,53.52,53.53,53.5,53.5,6597
2019-10-28 11:20:00-04:00,53.5,53.53,53.485,53.495,5147
2019-10-28 11:25:00-04:00,53.49,53.525,53.49,53.52,3693
2019-10-28 11:30:00-04:00,53.53,53.53,53.48,53.52,3584
2019-10-28 11:35:00-04:00,53.525,53.535,53.51,53.515,4687
2019-10-28 11:40:00-04:00,53.515,53.58,53.515,53.58,5967
2019-10-28 11:45:00-04:00,53.57,53.58,53.545,53.545,4024
2019-10-28 11:50:00-04:00,53.55,53.565,53.505,53.505,3472
2019-10-28 11:55:00-04:00,53.5,53.515,53.485,53.5,5556
2019-10-28 12:00:00-04:00,53.505,53.505,53.47,53.475,4053
2019-10-28 12:05:00-04:00,53.475,53.515,53.47,53.5,4907
2019-10-28 12:10:00-04:00,53.485,53.515,53.48,53.515,3374
2019-10-28 12:15:00-04:00,53.52,53.52,53.485,53.515,4073
2019-10-28 12:20:00-04:00,53.535,53.56,53.525,53.545,6028
2019-10-28 12:25:00-04:00,53.55,53.555,53.52,53.545,8823
2019-10-28 12:30:00-04:00,53.53,53.565,53.52,53.54,5430
2019-10-28 12:35:00-04:00,53.545,53.57,53.54,53.55,3801
2019-10-28 12:40:00-04:00,53.555,53.57,53.54,53.54,2171
2019-10-28 12:45:00-04:00,53.54,53.54,53.525,53.54,4103
2019-10-28 12:50:00-04:00,53.545,53.555,53.5,53.51,3360
2019-10-28 12:55:00-04:00,53.495,53.505,53.485,53.5,4375
2019-10-28 13:00:00-04:00,53.505,53.505,53.48,53.485,2903
2019-10-28 13:05:00-04:00,53.485,53.485,53.47,53.475,9913
2019-10-28 13:10:00-04:00,53.47,53.545,53.465,53.545,3456
2019-10-28 13:15:00-04:00,53.55,53.575,53.54,53.57,9292
2019-10-28 13:20:00-04:00,53.58,53.6,53.57,53.59,3480
2019-10-28 13:25:00-04:00,53.595,53.625,53.595,53.605,7809
2019-10-28 13:30:00-04:00,53.605,53.61,53.56,53.56,1837
2019-10-28 13:35:00-04:00,53.56,53.585,53.56,53.56,10158
2019-10-28 13:40:00-04:00,53.56,53.58,53.535,53.535,5248
2019-10-28 13:45:00-04:00,53.535,53.545,53.49,53.49,5555
2019-10-28 13:50:00-04:00,53.495,53.52,53.48,53.51,10320
2019-10-28 13:55:00-04:00,53.51,53.51,53.465,53.475,8375
2019-10-28 14:00:00-04:00,53.485,53.495,53.46,53.46,7403
2019-10-28 14:05:00-04:00,53.46,53.46,53.39,53.4,6007
2019-10-28 14:10:00-04:00,53.395,53.425,53.385,53.4,3142
2019-10-28 14:15:00-04:00,53.39,53.435,53.39,53.41,7312
2019-10-28 14:20:00-04:00,53.405,53.415,53.39,53.4,2705
2019-10-28 14:25:00-04:00,53.41,53.41,53.39,53.4,2105
2019-10-28 14:30:00-04:00,53.405,53.445,53.405,53.445,7574
2019-10-28 14:35:00-04:00,53.455,53.465,53.435,53.445,5673
2019-10-28 14:40:00-04:00,53.45,53.455,53.435,53.455,5525
2019-10-28 14:45:00-04:00,53.45,53.45,53.395,53.395,8546
2019-10-28 14:50:00-04:00,53.395,53.42,53.385,53.42,6364
2019-10-28 14:55:00-04:00,53.42,53.44,53.42,53.435,6271
2019-10-28 15:00:00-04:00,53.44,53.445,53.405,53.435,10319
2019-10-28 15:05:00-04:00,53.43,53.435,53.375,53.415,10737
2019-10-28 15:10:00-04:00,53.415,53.43,53.41,53.43,18646
2019-10-28 15:15:00-04:00,53.43,53.43,53.39,53.42,12363
2019-10-28 15:20:00-04:00,53.415,53.415,53.39,53.415,10500
2019-10-28 15:25:00-04:00,53.41,53.415,53.395,53.405,7574
2019-10-28 15:30:00-04:00,53.405,53.405,53.385,53.39,20806
2019-10-28 15:35:00-04:00,53.395,53.44,53.39,53.425,30266
2019-10-28 15:40:00-04:00,53.425,53.425,53.385,53.415,25130
2019-10-28 15:45:00-04:00,53.425,53.48,53.42,53.465,50023
2019-10-28 15:50:00-04:00,53.48,53.54,53.47,53.535,59299
2019-10-28 15:55:00-04:00,53.545,53.6,53.53,53.56,94246
2019-10-29 09:25:00-04:00,53.39,53.39,53.39,53.39,187
2019-10-29 09:30:00-04:00,53.44,53.54,53.42,53.43,31547
2019-10-29 09:35:00-04:00,53.475,53.495,53.41,53.41,24319
2019-10-29 09:40:00-04:00,53.42,53.53,53.42,53.5,16851
2019-10-29 09:45:00-04:00,53.49,53.5,53.46,53.475,15805
2019-10-29 09:50:00-04:00,53.47,53.5,53.43,53.495,13112
2019-10-29 09:55:00-04:00,53.495,53.5,53.465,53.475,18838
2019-10-29 10:00:00-04:00,53.47,53.515,53.455,53.485,16396
2019-10-29 10:05:00-04:00,53.485,53.655,53.465,53.635,16640
2019-10-29 10:10:00-04:00,53.63,53.63,53.525,53.525,17945
2019-10-29 10:15:00-04:00,53.525,53.55,53.49,53.535,16001
2019-10-29 10:20:00-04:00,53.535,53.535,53.485,53.505,11809
2019-10-29 10:25:00-04:00,53.515,53.54,53.495,53.515,12877
2019-10-29 10:30:00-04:00,53.515,53.545,53.48,53.495,18680
2019-10-29 10:35:00-04:00,53.495,53.5,53.455,53.495,13950
2019-10-29 10:40:00-04:00,53.495,53.515,53.475,53.5,10376
2019-10-29 10:45:00-04:00,53.51,53.59,53.505,53.53,18042
2019-10-29 10:50:00-04:00,53.535,53.55,53.5,53.55,10510
2019-10-29 10:55:00-04:00,53.545,53.58,53.54,53.56,6028
2019-10-29 11:00:00-04:00,53.57,53.61,53.57,53.585,6478
2019-10-29 11:05:00-04:00,53.585,53.6,53.555,53.585,6544
2019-10-29 11:10:00-04:00,53.585,53.6,53.58,53.585,8822
2019-10-29 11:15:00-04:00,53.595,53.6,53.58,53.595,9412
2019-10-29 11:20:00-04:00,53.595,53.655,53.56,53.64,6558
2019-10-29 11:25:00-04:00,53.635,53.66,53.615,53.625,7526
2019-10-29 11:30:00-04:00,53.61,53.625,53.6,53.615,6481
2019-10-29 11:35:00-04:00,53.62,53.62,53.58,53.595,6123
2019-10-29 11:40:00-04:00,53.615,53.63,53.605,53.615,3738
2019-10-29 11:45:00-04:00,53.605,53.62,53.59,53.59,3286
2019-10-29 11:50:00-04:00,53.58,53.58,53.53,53.54,3696
2019-10-29 11:55:00-04:00,53.54,53.54,53.49,53.52,4458
2019-10-29 12:00:00-04:00,53.49,53.54,53.48,53.515,5884
2019-10-29 12:05:00-04:00,53.5,53.5,53.48,53.49,3183
2019-10-29 12:10:00-04:00,53.485,53.485,53.45,53.465,1938
2019-10-29 12:15:00-04:00,53.47,53.475,53.46,53.47,2761
2019-10-29 12:20:00-04:00,53.48,53.48,53.46,53.48,3346
2019-10-29 12:25:00-04:00,53.47,53.505,53.47,53.5,6773
2019-10-29 12:30:00-04:00,53.51,53.55,53.5,53.545,2464
2019-10-29 12:35:00-04:00,53.54,53.545,53.51,53.51,5884
2019-10-29 12:40:00-04:00,53.52,53.52,53.49,53.49,1853
2019-10-29 12:45:00-04:00,53.495,53.505,53.49,53.505,1298
2019-10-29 12:50:00-04:00,53.49,53.49,53.465,53.47,1511
2019-10-29 12:55:00-04:00,53.47,53.52,53.47,53.51,1615
2019-10-29 13:00:00-04:00,53.5,53.51,53.49,53.505,2861
2019-10-29 13:05:00-04:00,53.49,53.495,53.48,53.49,1087
2019-10-29 13:10:00-04:00,53.495,53.505,53.49,53.495,2369
2019-10-29 13:15:00-04:00,53.5,53.51,53.485,53.485,1823
2019-10-29 13:20:00-04:00,53.49,53.51,53.49,53.5,4526
2019-10-29 13:25:00-04:00,53.495,53.51,53.49,53.495,4465
2019-10-29 13:30:00-04:00,53.495,53.505,53.48,53.485,8258
2019-10-29 13:35:00-04:00,53.485,53.51,53.48,53.505,6267
2019-10-29 13:40:00-04:00,53.515,53.52,53.505,53.52,5752
2019-10-29 13:45:00-04:00,53.515,53.525,53.515,53.525,4336
2019-10-29 13:50:00-04:00,53.53,53.54,53.525,53.54,3822
2019-10-29 13:55:00-04:00,53.54,53.545,53.525,53.53,3353
2019-10-29 14:00:00-04:00,53.52,53.53,53.465,53.465,5143
2019-10-29 14:05:00-04:00,53.465,53.465,53.44,53.46,4702
2019-10-29 14:10:00-04:00,53.45,53.45,53.42,53.42,4133
2019-10-29 14:15:00-04:00,53.41,53.415,53.375,53.39,3676
2019-10-29 14:20:00-04:00,53.385,53.4,53.38,53.4,4132
2019-10-29 14:25:00-04:00,53.4,53.42,53.39,53.42,9663
2019-10-29 14:30:00-04:00,53.425,53.425,53.4,53.415,5600
2019-10-29 14:35:00-04:00,53.415,53.415,53.38,53.39,5756
2019-10-29 14:40:00-04:00,53.4,53.4,53.36,53.375,4749
2019-10-29 14:45:00-04:00,53.365,53.375,53.34,53.34,2207
2019-10-29 14:50:00-04:00,53.335,53.34,53.32,53.32,1891
2019-10-29 14:55:00-04:00,53.31,53.37,53.31,53.345,3667
2019-10-29 15:00:00-04:00,53.35,53.36,53.34,53.35,2463
2019-10-29 15:05:00-04:00,53.36,53.365,53.335,53.335,2186
2019-10-29 15:10:00-04:00,53.34,53.37,53.34,53.355,4741
2019-10-29 15:15:00-04:00,53.355,53.365,53.34,53.36,6522
2019-10-29 15:20:00-04:00,53.37,53.38,53.345,53.355,9526
2019-10-29 15:25:00-04:00,53.36,53.37,53.325,53.34,6437
2019-10-29 15:30:00-04:00,53.345,53.36,53.335,53.35,14289
2019-10-29 15:35:00-04:00,53.35,53.35,53.3,53.305,15816
2019-10-29 15:40:00-04:00,53.31,53.31,53.26,53.295,14499
2019-10-29 15:45:00-04:00,53.29,53.31,53.265,53.3,18905
2019-10-29 15:50:00-04:00,53.3,53.365,53.3,53.35,41077
2019-10-29 15:55:00-04:00,53.35,53.43,53.35,53.41,71836
2019-10-30 09:30:00-04:00,53.5,53.5,53.165,53.36,5772
2019-10-30 09:35:00-04:00,53.33,53.44,53.305,53.42,10263
2019-10-30 09:40:00-04:00,53.41,53.52,53.41,53.52,6408
2019-10-30 09:45:00-04:00,53.51,53.55,53.49,53.55,3634
2019-10-30 09:50:00-04:00,53.58,53.58,53.515,53.52,2380
2019-10-30 09:55:00-04:00,53.505,53.52,53.5,53.515,1881
2019-10-30 10:00:00-04:00,53.545,53.65,53.5,53.65,12978
2019-10-30 10:05:00-04:00,53.65,53.67,53.59,53.6,8050
2019-10-30 10:10:00-04:00,53.6,53.6,53.53,53.565,2991
2019-10-30 10:15:00-04:00,53.57,53.6,53.55,53.59,2490
2019-10-30 10:20:00-04:00,53.59,53.61,53.58,53.58,1674
2019-10-30 10:25:00-04:00,53.58,53.59,53.55,53.56,3086
2019-10-30 10:30:00-04:00,53.59,53.595,53.57,53.58,3651
2019-10-30 10:35:00-04:00,53.58,53.62,53.58,53.62,1955
2019-10-30 10:40:00-04:00,53.61,53.66,53.61,53.66,1509
2019-10-30 10:45:00-04:00,53.665,53.71,53.665,53.69,3009
2019-10-30 10:50:00-04:00,53.685,53.715,53.685,53.69,7942
2019-10-30 10:55:00-04:00,53.71,53.71,53.68,53.68,1579
2019-10-30 11:00:00-04:00,53.71,53.76,53.71,53.76,1685
2019-10-30 11:05:00-04:00,53.75,53.755,53.72,53.72,1761
2019-10-30 11:10:00-04:00,53.73,53.75,53.73,53.73,1680
2019-10-30 11:15:00-04:00,53.725,53.74,53.725,53.73,1496
2019-10-30 11:20:00-04:00,53.73,53.8,53.73,53.77,2577
2019-10-30 11:25:00-04:00,53.77,53.85,53.77,53.83,3503
2019-10-30 11:30:00-04:00,53.82,53.85,53.815,53.85,2441
2019-10-30 11:35:00-04:00,53.85,53.85,53.83,53.84,1528
2019-10-30 11:40:00-04:00,53.83,53.87,53.83,53.845,1724
2019-10-30 11:45:00-04:00,53.84,53.88,53.84,53.88,1844
2019-10-30 11:50:00-04:00,53.895,53.9,53.87,53.895,3354
2019-10-30 11:55:00-04:00,53.895,53.92,53.89,53.905,2798
2019-10-30 12:00:00-04:00,53.91,53.95,53.9,53.95,1591
2019-10-30 12:05:00-04:00,53.955,53.985,53.94,53.98,4046
2019-10-30 12:10:00-04:00,53.975,54.045,53.975,54.04,3268
2019-10-30 12:15:00-04:00,54.04,54.04,53.98,54.0,2891
2019-10-30 12:20:00-04:00,54.0,54.04,54.0,54.035,2491
2019-10-30 12:25:00-04:00,54.045,54.05,53.99,53.995,7125
2019-10-30 12:30:00-04:00,54.01,54.02,54.0,54.01,2137
2019-10-30 12:35:00-04:00,54.0,54.0,53.97,53.97,2767
2019-10-30 12:40:00-04:00,53.96,53.98,53.94,53.97,3462
2019-10-30 12:45:00-04:00,53.97,53.99,53.97,53.99,1402
2019-10-30 12:50:00-04:00,53.98,53.99,53.935,53.935,1761
2019-10-30 12:55:00-04:00,53.94,53.94,53.89,53.89,1439
2019-10-30 13:00:00-04:00,53.9,53.94,53.895,53.94,4275
2019-10-30 13:05:00-04:00,53.935,53.985,53.935,53.975,4116
2019-10-30 13:10:00-04:00,53.98,54.0,53.96,54.0,3807
2019-10-30 13:15:00-04:00,53.995,53.995,53.98,53.985,3220
2019-10-30 13:20:00-04:00,53.975,54.01,53.975,54.01,4178
2019-10-30 13:25:00-04:00,54.01,54.025,54.0,54.01,2302
2019-10-30 13:30:00-04:00,54.01,54.01,53.97,53.975,23425
2019-10-30 13:35:00-04:00,53.975,53.975,53.945,53.96,11727
2019-10-30 13:40:00-04:00,53.96,53.96,53.92,53.925,8085
2019-10-30 13:45:00-04:00,53.92,53.97,53.92,53.935,17109
2019-10-30 13:50:00-04:00,53.92,53.94,53.915,53.915,13626
2019-10-30 13:55:00-04:00,53.915,53.925,53.81,53.81,7818
2019-10-30 14:00:00-04:00,53.79,53.875,53.75,53.82,8190
2019-10-30 14:05:00-04:00,53.81,53.855,53.785,53.84,4882
2019-10-30 14:10:00-04:00,53.85,53.875,53.785,53.785,12570
2019-10-30 14:15:00-04:00,53.785,53.885,53.785,53.885,12767
2019-10-30 14:20:00-04:00,53.88,53.9,53.86,53.88,5438
2019-10-30 14:25:00-04:00,53.88,53.89,53.875,53.89,5485
2019-10-30 14:30:00-04:00,53.89,53.895,53.82,53.835,16943
2019-10-30 14:35:00-04:00,53.83,53.855,53.72,53.75,20507
2019-10-30 14:40:00-04:00,53.76,53.8,53.75,53.78,13410
2019-10-30 14:45:00-04:00,53.775,53.795,53.73,53.79,20424
2019-10-30 14:50:00-04:00,53.81,53.9,53.81,53.87,13542
2019-10-30 14:55:00-04:00,53.87,53.88,53.81,53.83,22730
2019-10-30 15:00:00-04:00,53.83,53.92,53.82,53.895,15713
2019-10-30 15:05:00-04:00,53.9,53.9,53.86,53.88,26727
2019-10-30 15:10:00-04:00,53.88,53.89,53.84,53.85,17530
2019-10-30 15:15:00-04:00,53.86,53.86,53.84,53.855,26071
2019-10-30 15:20:00-04:00,53.86,53.91,53.83,53.88,26453
2019-10-30 15:25:00-04:00,53.89,53.955,53.885,53.94,12860
2019-10-30 15:30:00-04:00,53.94,53.95,53.87,53.88,12042
2019-10-30 15:35:00-04:00,53.87,53.915,53.86,53.865,15135
2019-10-30 15:40:00-04:00,53.86,53.9,53.86,53.87,14765
2019-10-30 15:45:00-04:00,53.87,53.88,53.85,53.87,25401
2019-10-30 15:50:00-04:00,53.87,53.97,53.87,53.97,30908
2019-10-30 15:55:00-04:00,53.96,53.965,53.88,53.94,63317
2019-10-31 09:30:00-04:00,53.975,53.975,53.87,53.94,3066
2019-10-31 09:35:00-04:00,53.93,54.03,53.91,54.02,5798
2019-10-31 09:40:00-04:00,54.01,54.04,53.97,54.04,2224
2019-10-31 09:45:00-04:00,54.06,54.125,54.05,54.08,3654
2019-10-31 09:50:00-04:00,54.12,54.17,54.1,54.165,5346
2019-10-31 09:55:00-04:00,54.16,54.185,54.15,54.155,3235
2019-10-31 10:00:00-04:00,54.155,54.22,54.14,54.185,2889
2019-10-31 10:05:00-04:00,54.185,54.23,54.185,54.21,5405
2019-10-31 10:10:00-04:00,54.2,54.22,54.185,54.2,3353
2019-10-31 10:15:00-04:00,54.21,54.255,54.2,54.25,3448
2019-10-31 10:20:00-04:00,54.25,54.25,54.2,54.24,4412
2019-10-31 10:25:00-04:00,54.23,54.24,54.12,54.12,3354
2019-10-31 10:30:00-04:00,54.11,54.11,53.96,53.96,3923
2019-10-31 10:35:00-04:00,53.97,53.975,53.93,53.96,4291
2019-10-31 10:40:00-04:00,53.96,53.98,53.945,53.945,3032
2019-10-31 10:45:00-04:00,53.94,53.98,53.92,53.95,2095
2019-10-31 10:50:00-04:00,53.94,53.97,53.93,53.95,5223
2019-10-31 10:55:00-04:00,53.945,53.95,53.93,53.945,4279
2019-10-31 11:00:00-04:00,53.95,53.995,53.94,53.99,4141
2019-10-31 11:05:00-04:00,53.98,53.995,53.96,53.975,5056
2019-10-31 11:10:00-04:00,53.98,53.99,53.95,53.955,12078
2019-10-31 11:15:00-04:00,53.96,54.01,53.94,53.95,8935
2019-10-31 11:20:00-04:00,53.93,53.975,53.93,53.95,5123
2019-10-31 11:25:00-04:00,53.96,53.995,53.915,53.995,7738
2019-10-31 11:30:00-04:00,53.99,54.005,53.96,53.97,10058
2019-10-31 11:35:00-04:00,53.96,54.005,53.95,54.0,4698
2019-10-31 11:40:00-04:00,54.005,54.005,53.955,53.955,4384
2019-10-31 11:45:00-04:00,53.95,53.96,53.92,53.93,2010
2019-10-31 11:50:00-04:00,53.929,53.929,53.89,53.9,2634
2019-10-31 11:55:00-04:00,53.9,53.95,53.89,53.94,2492
2019-10-31 12:00:00-04:00,53.93,53.93,53.89,53.89,1436
2019-10-31 12:05:00-04:00,53.87,53.89,53.86,53.89,961
2019-10-31 12:10:00-04:00,53.88,53.91,53.88,53.89,2654
2019-10-31 12:15:00-04:00,53.89,53.915,53.89,53.905,2240
2019-10-31 12:20:00-04:00,53.9,53.93,53.9,53.91,2895
2019-10-31 12:25:00-04:00,53.92,53.975,53.92,53.975,2454
2019-10-31 12:30:00-04:00,53.97,53.97,53.9,53.9,2378
2019-10-31 12:35:00-04:00,53.9,53.91,53.88,53.9,2124
2019-10-31 12:40:00-04:00,53.91,53.965,53.91,53.965,5427
2019-10-31 12:45:00-04:00,53.96,53.965,53.91,53.92,3919
2019-10-31 12:50:00-04:00,53.92,53.935,53.9,53.935,1884
2019-10-31 12:55:00-04:00,53.94,53.985,53.93,53.98,2415
2019-10-31 13:00:00-04:00,53.985,54.0,53.98,53.985,3669
2019-10-31 13:05:00-04:00,53.99,54.035,53.99,54.035,3721
2019-10-31 13:10:00-04:00,54.04,54.065,54.02,54.06,6238
2019-10-31 13:15:00-04:00,54.06,54.06,54.03,54.04,3522
2019-10-31 13:20:00-04:00,54.04,54.045,54.0,54.03,7842
2019-10-31 13:25:00-04:00,54.04,54.095,54.04,54.08,7194
2019-10-31 13:30:00-04:00,54.08,54.08,54.05,54.07,2457
2019-10-31 13:35:00-04:00,54.08,54.1,54.06,54.07,3243
2019-10-31 13:40:00-04:00,54.07,54.085,54.07,54.08,3082
2019-10-31 13:45:00-04:00,54.08,54.12,54.07,54.1,7143
2019-10-31 13:50:00-04:00,54.1,54.135,54.1,54.13,3894
2019-10-31 13:55:00-04:00,54.13,54.15,54.11,54.11,3959
2019-10-31 14:00:00-04:00,54.11,54.11,54.04,54.05,4943
2019-10-31 14:05:00-04:00,54.05,54.055,54.02,54.02,5959
2019-10-31 14:10:00-04:00,54.02,54.05,54.01,54.01,6758
2019-10-31 14:15:00-04:00,54.015,54.015,53.98,54.01,3979
2019-10-31 14:20:00-04:00,54.01,54.06,54.01,54.06,5882
2019-10-31 14:25:00-04:00,54.065,54.13,54.065,54.115,6069
2019-10-31 14:30:00-04:00,54.115,54.13,54.09,54.095,8282
2019-10-31 14:35:00-04:00,54.095,54.11,54.08,54.1,6408
2019-10-31 14:40:00-04:00,54.09,54.105,54.07,54.075,10890
2019-10-31 14:45:00-04:00,54.075,54.085,54.05,54.08,8270
2019-10-31 14:50:00-04:00,54.095,54.115,54.085,54.105,5731
2019-10-31 14:55:00-04:00,54.1,54.13,54.09,54.12,31268
2019-10-31 15:00:00-04:00,54.12,54.13,54.1,54.13,11689
2019-10-31 15:05:00-04:00,54.125,54.155,54.12,54.15,17771
2019-10-31 15:10:00-04:00,54.16,54.195,54.15,54.185,9155
2019-10-31 15:15:00-04:00,54.19,54.27,54.18,54.27,11802
2019-10-31 15:20:00-04:00,54.28,54.28,54.235,54.27,11190
2019-10-31 15:25:00-04:00,54.26,54.3,54.26,54.26,12550
2019-10-31 15:30:00-04:00,54.25,54.31,54.24,54.29,9357
2019-10-31 15:35:00-04:00,54.27,54.28,54.21,54.23,9832
2019-10-31 15:40:00-04:00,54.23,54.265,54.23,54.24,23871
2019-10-31 15:45:00-04:00,54.235,54.235,54.2,54.23,19628
2019-10-31 15:50:00-04:00,54.23,54.3,54.19,54.26,31170
2019-10-31 15:55:00-04:00,54.25,54.47,54.25,54.43,111584
2019-11-01 09:30:00-04:00,54.655,54.74,54.56,54.56,8517
2019-11-01 09:35:00-04:00,54.54,54.635,54.48,54.53,8303
2019-11-01 09:40:00-04:00,54.555,54.58,54.525,54.54,4368
2019-11-01 09:45:00-04:00,54.55,54.55,54.46,54.46,7543
2019-11-01 09:50:00-04:00,54.45,54.46,54.38,54.42,8802
2019-11-01 09:55:00-04:00,54.46,54.48,54.41,54.44,4155
2019-11-01 10:00:00-04:00,54.44,54.49,54.415,54.415,5292
2019-11-01 10:05:00-04:00,54.425,54.47,54.375,54.44,7886
2019-11-01 10:10:00-04:00,54.46,54.47,54.36,54.37,6902
2019-11-01 10:15:00-04:00,54.36,54.36,54.24,54.24,12045
2019-11-01 10:20:00-04:00,54.25,54.28,54.205,54.265,6558
2019-11-01 10:25:00-04:00,54.29,54.29,54.24,54.25,4070
2019-11-01 10:30:00-04:00,54.25,54.3,54.24,54.26,6253
2019-11-01 10:35:00-04:00,54.26,54.315,54.24,54.315,5128
2019-11-01 10:40:00-04:00,54.325,54.325,54.225,54.23,7708
2019-11-01 10:45:00-04:00,54.21,54.21,54.11,54.13,5581
2019-11-01 10:50:00-04:00,54.135,54.18,54.135,54.16,5236
2019-11-01 10:55:00-04:00,54.15,54.22,54.135,54.215,3355
2019-11-01 11:00:00-04:00,54.21,54.21,54.16,54.16,4068
2019-11-01 11:05:00-04:00,54.16,54.16,54.12,54.125,17303
2019-11-01 11:10:00-04:00,54.13,54.13,54.085,54.09,10976
2019-11-01 11:15:00-04:00,54.095,54.1,54.065,54.07,6586
2019-11-01 11:20:00-04:00,54.1,54.1,54.08,54.09,2107
2019-11-01 11:25:00-04:00,54.1,54.115,54.08,54.095,4029
2019-11-01 11:30:00-04:00,54.095,54.1,54.055,54.085,6334
2019-11-01 11:35:00-04:00,54.08,54.09,54.06,54.06,3074
2019-11-01 11:40:00-04:00,54.06,54.06,54.03,54.035,10269
2019-11-01 11:45:00-04:00,54.04,54.04,53.97,53.975,7308
2019-11-01 11:50:00-04:00,53.975,54.02,53.96,54.0,8441
2019-11-01 11:55:00-04:00,54.0,54.0,53.955,53.955,6379
2019-11-01 12:00:00-04:00,53.96,53.96,53.925,53.93,5762
2019-11-01 12:05:00-04:00,53.92,54.01,53.92,54.005,6130
2019-11-01 12:10:00-04:00,54.005,54.015,53.965,54.0,5350
2019-11-01 12:15:00-04:00,54.005,54.055,54.0,54.03,4000
2019-11-01 12:20:00-04:00,54.03,54.05,54.02,54.025,5377
2019-11-01 12:25:00-04:00,54.0,54.0,53.97,53.975,2619
2019-11-01 12:30:00-04:00,53.985,54.02,53.96,54.0,4095
2019-11-01 12:35:00-04:00,54.005,54.03,54.0,54.0,13189
2019-11-01 12:40:00-04:00,53.995,54.005,53.95,53.95,7211
2019-11-01 12:45:00-04:00,53.96,53.96,53.93,53.94,4754
2019-11-01 12:50:00-04:00,53.935,54.06,53.935,54.055,9785
2019-11-01 12:55:00-04:00,54.055,54.065,54.005,54.02,5135
2019-11-01 13:00:00-04:00,54.025,54.1,54.025,54.085,4067
2019-11-01 13:05:00-04:00,54.08,54.1,54.075,54.1,3239
2019-11-01 13:10:00-04:00,54.105,54.13,54.095,54.1,7678
2019-11-01 13:15:00-04:00,54.105,54.11,54.04,54.04,5919
2019-11-01 13:20:00-04:00,54.04,54.05,54.025,54.035,2672
2019-11-01 13:25:00-04:00,54.035,54.04,54.005,54.02,8071
2019-11-01 13:30:00-04:00,54.04,54.075,54.04,54.06,11446
2019-11-01 13:35:00-04:00,54.06,54.1,54.06,54.1,1079
2019-11-01 13:40:00-04:00,54.11,54.11,54.095,54.1,2991
2019-11-01 13:45:00-04:00,54.09,54.12,54.08,54.12,3707
2019-11-01 13:50:00-04:00,54.115,54.145,54.115,54.14,2042
2019-11-01 13:55:00-04:00,54.15,54.15,54.14,54.14,665
2019-11-01 14:00:00-04:00,54.15,54.16,54.135,54.145,1132
2019-11-01 14:05:00-04:00,54.14,54.155,54.135,54.14,1307
2019-11-01 14:10:00-04:00,54.12,54.13,54.07,54.09,4497
2019-11-01 14:15:00-04:00,54.09,54.09,54.06,54.06,986
2019-11-01 14:20:00-04:00,54.06,54.09,54.055,54.075,1883
2019-11-01 14:25:00-04:00,54.065,54.09,54.06,54.07,3210
2019-11-01 14:30:00-04:00,54.07,54.09,54.045,54.09,2506
2019-11-01 14:35:00-04:00,54.1,54.11,54.06,54.06,1833
2019-11-01 14:40:00-04:00,54.06,54.06,54.045,54.045,2871
2019-11-01 14:45:00-04:00,54.05,54.05,54.025,54.045,7453
2019-11-01 14:50:00-04:00,54.04,54.06,54.035,54.05,3259
2019-11-01 14:55:00-04:00,54.06,54.13,54.06,54.125,7932
2019-11-01 15:00:00-04:00,54.12,54.125,54.12,54.12,2314
2019-11-01 15:05:00-04:00,54.115,54.15,54.115,54.15,2746
2019-11-01 15:10:00-04:00,54.15,54.16,54.14,54.16,2424
2019-11-01 15:15:00-04:00,54.16,54.195,54.14,54.15,2735
2019-11-01 15:20:00-04:00,54.155,54.16,54.11,54.11,5410
2019-11-01 15:25:00-04:00,54.105,54.165,54.105,54.16,4080
2019-11-01 15:30:00-04:00,54.16,54.17,54.14,54.145,11816
2019-11-01 15:35:00-04:00,54.15,54.18,54.14,54.165,11365
2019-11-01 15:40:00-04:00,54.17,54.17,54.04,54.04,35474
2019-11-01 15:45:00-04:00,54.04,54.04,53.965,53.98,18015
2019-11-01 15:50:00-04:00,53.99,53.99,53.88,53.91,39921
2019-11-01 15:55:00-04:00,53.915,53.925,53.865,53.9,78219
2019-11-04 09:30:00-05:00,53.94,53.98,53.89,53.96,24302
2019-11-04 09:35:00-05:00,53.98,53.99,53.925,53.98,3723
2019-11-04 09:40:00-05:00,53.97,53.97,53.795,53.8,8949
2019-11-04 09:45:00-05:00,53.8,53.84,53.78,53.81,17582
2019-11-04 09:50:00-05:00,53.805,53.81,53.76,53.78,17117
2019-11-04 09:55:00-05:00,53.79,53.79,53.72,53.72,9166
2019-11-04 10:00:00-05:00,53.73,53.76,53.71,53.75,12527
2019-11-04 10:05:00-05:00,53.75,53.75,53.68,53.725,10723
2019-11-04 10:10:00-05:00,53.72,53.72,53.66,53.7,8501
2019-11-04 10:15:00-05:00,53.69,53.72,53.66,53.72,9374
2019-11-04 10:20:00-05:00,53.72,53.73,53.68,53.72,8850
2019-11-04 10:25:00-05:00,53.72,53.75,53.71,53.72,4526
2019-11-04 10:30:00-05:00,53.72,53.73,53.65,53.65,8864
2019-11-04 10:35:00-05:00,53.66,53.66,53.555,53.59,5419
2019-11-04 10:40:00-05:00,53.57,53.57,53.53,53.55,6941
2019-11-04 10:45:00-05:00,53.56,53.57,53.52,53.545,2504
2019-11-04 10:50:00-05:00,53.54,53.54,53.51,53.51,3483
2019-11-04 10:55:00-05:00,53.52,53.53,53.5,53.505,2869
2019-11-04 11:00:00-05:00,53.53,53.53,53.505,53.51,2197
2019-11-04 11:05:00-05:00,53.5,53.62,53.5,53.6,3938
2019-11-04 11:10:00-05:00,53.59,53.595,53.555,53.595,4003
2019-11-04 11:15:00-05:00,53.575,53.635,53.575,53.6,5646
2019-11-04 11:20:00-05:00,53.6,53.64,53.6,53.615,3244
2019-11-04 11:25:00-05:00,53.62,53.65,53.59,53.595,4366
2019-11-04 11:30:00-05:00,53.59,53.6,53.55,53.55,4680
2019-11-04 11:35:00-05:00,53.54,53.54,53.44,53.45,8906
2019-11-04 11:40:00-05:00,53.42,53.44,53.42,53.44,5484
2019-11-04 11:45:00-05:00,53.44,53.465,53.42,53.45,5727
2019-11-04 11:50:00-05:00,53.435,53.49,53.435,53.47,9961
2019-11-04 11:55:00-05:00,53.46,53.46,53.43,53.435,4944
2019-11-04 12:00:00-05:00,53.44,53.44,53.36,53.365,13750
2019-11-04 12:05:00-05:00,53.37,53.425,53.365,53.425,5251
2019-11-04 12:10:00-05:00,53.41,53.45,53.41,53.415,8343
2019-11-04 12:15:00-05:00,53.4,53.4,53.375,53.38,14954
2019-11-04 12:20:00-05:00,53.38,53.38,53.335,53.335,8685
2019-11-04 12:25:00-05:00,53.33,53.34,53.285,53.29,31193
2019-11-04 12:30:00-05:00,53.285,53.29,53.25,53.25,15001
2019-11-04 12:35:00-05:00,53.26,53.32,53.25,53.25,11635
2019-11-04 12:40:00-05:00,53.25,53.25,53.135,53.135,16665
2019-11-04 12:45:00-05:00,53.15,53.25,53.13,53.25,7176
2019-11-04 12:50:00-05:00,53.25,53.25,53.185,53.185,16785
2019-11-04 12:55:00-05:00,53.185,53.26,53.18,53.24,11771
2019-11-04 13:00:00-05:00,53.24,53.25,53.21,53.22,4917
2019-11-04 13:05:00-05:00,53.21,53.22,53.195,53.22,7707
2019-11-04 13:10:00-05:00,53.22,53.22,53.2,53.2,4316
2019-11-04 13:15:00-05:00,53.2,53.22,53.2,53.21,4712
2019-11-04 13:20:00-05:00,53.22,53.24,53.21,53.21,22920
2019-11-04 13:25:00-05:00,53.22,53.22,53.195,53.195,3836
2019-11-04 13:30:00-05:00,53.19,53.21,53.12,53.14,15858
2019-11-04 13:35:00-05:00,53.135,53.15,53.03,53.08,11993
2019-11-04 13:40:00-05:00,53.09,53.18,53.09,53.18,10923
2019-11-04 13:45:00-05:00,53.17,53.18,53.125,53.135,5360
2019-11-04 13:50:00-05:00,53.14,53.16,53.13,53.16,6191
2019-11-04 13:55:00-05:00,53.16,53.17,53.16,53.17,2023
2019-11-04 14:00:00-05:00,53.17,53.18,53.155,53.165,3087
2019-11-04 14:05:00-05:00,53.165,53.18,53.125,53.125,2843
2019-11-04 14:10:00-05:00,53.12,53.15,53.11,53.115,4961
2019-11-04 14:15:00-05:00,53.115,53.12,53.07,53.085,13753
2019-11-04 14:20:00-05:00,53.09,53.11,53.08,53.105,6164
2019-11-04 14:25:00-05:00,53.105,53.11,53.075,53.085,11341
2019-11-04 14:30:00-05:00,53.085,53.09,53.06,53.07,7415
2019-11-04 14:35:00-05:00,53.065,53.07,53.05,53.06,16664
2019-11-04 14:40:00-05:00,53.06,53.1,53.055,53.065,13827
2019-11-04 14:45:00-05:00,53.055,53.06,53.025,53.025,18819
2019-11-04 14:50:00-05:00,53.03,53.03,53.0,53.015,17834
2019-11-04 14:55:00-05:00,53.01,53.06,53.0,53.035,28602
2019-11-04 15:00:00-05:00,53.03,53.1,53.025,53.1,16170
2019-11-04 15:05:00-05:00,53.095,53.105,53.08,53.095,21890
2019-11-04 15:10:00-05:00,53.085,53.09,53.025,53.025,12859
2019-11-04 15:15:00-05:00,53.025,53.07,53.025,53.065,15192
2019-11-04 15:20:00-05:00,53.065,53.085,53.06,53.07,14260
2019-11-04 15:25:00-05:00,53.055,53.055,53.015,53.015,14406
2019-11-04 15:30:00-05:00,53.015,53.02,52.975,52.995,18932
2019-11-04 15:35:00-05:00,52.995,53.01,52.98,52.98,35515
2019-11-04 15:40:00-05:00,52.98,53.015,52.975,53.01,9979
2019-11-04 15:45:00-05:00,53.015,53.045,53.0,53.04,45920
2019-11-04 15:50:00-05:00,53.045,53.12,53.02,53.12,56248
2019-11-04 15:55:00-05:00,53.12,53.14,53.055,53.14,106590
2019-11-05 09:25:00-05:00,52.97,52.97,52.97,52.97,104
2019-11-05 09:30:00-05:00,52.89,52.89,52.545,52.585,34471
2019-11-05 09:35:00-05:00,52.6,52.67,52.52,52.67,18776
2019-11-05 09:40:00-05:00,52.68,52.7,52.52,52.545,15479
2019-11-05 09:45:00-05:00,52.52,52.58,52.47,52.51,15992
2019-11-05 09:50:00-05:00,52.51,52.57,52.46,52.5,17394
2019-11-05 09:55:00-05:00,52.49,52.5,52.38,52.425,16909
2019-11-05 10:00:00-05:00,52.43,52.48,52.37,52.46,13728
2019-11-05 10:05:00-05:00,52.455,52.49,52.385,52.385,19480
2019-11-05 10:10:00-05:00,52.38,52.41,52.27,52.33,32545
2019-11-05 10:15:00-05:00,52.325,52.41,52.32,52.41,15039
2019-11-05 10:20:00-05:00,52.39,52.47,52.38,52.4,18831
2019-11-05 10:25:00-05:00,52.395,52.4,52.33,52.34,15321
2019-11-05 10:30:00-05:00,52.335,52.36,52.31,52.345,8848
2019-11-05 10:35:00-05:00,52.35,52.35,52.32,52.33,10602
2019-11-05 10:40:00-05:00,52.325,52.345,52.305,52.34,9996
2019-11-05 10:45:00-05:00,52.34,52.36,52.315,52.325,22473
2019-11-05 10:50:00-05:00,52.31,52.33,52.21,52.24,19914
2019-11-05 10:55:00-05:00,52.245,52.29,52.22,52.25,15863
2019-11-05 11:00:00-05:00,52.255,52.29,52.19,52.195,11162
2019-11-05 11:05:00-05:00,52.19,52.24,52.16,52.22,7462
2019-11-05 11:10:00-05:00,52.22,52.235,52.19,52.19,9216
2019-11-05 11:15:00-05:00,52.19,52.28,52.14,52.23,12056
2019-11-05 11:20:00-05:00,52.235,52.235,52.12,52.125,14664
2019-11-05 11:25:00-05:00,52.13,52.165,52.13,52.15,8289
2019-11-05 11:30:00-05:00,52.15,52.27,52.15,52.25,12139
2019-11-05 11:35:00-05:00,52.25,52.29,52.25,52.26,12061
2019-11-05 11:40:00-05:00,52.255,52.33,52.25,52.33,7179
2019-11-05 11:45:00-05:00,52.325,52.41,52.305,52.405,16133
2019-11-05 11:50:00-05:00,52.405,52.5,52.4,52.49,6435
2019-11-05 11:55:00-05:00,52.47,52.5,52.44,52.465,13780
2019-11-05 12:00:00-05:00,52.465,52.5,52.46,52.5,21292
2019-11-05 12:05:00-05:00,52.5,52.5,52.44,52.49,10889
2019-11-05 12:10:00-05:00,52.49,52.49,52.45,52.47,9043
2019-11-05 12:15:00-05:00,52.47,52.47,52.44,52.46,8871
2019-11-05 12:20:00-05:00,52.455,52.48,52.44,52.48,4221
2019-11-05 12:25:00-05:00,52.48,52.49,52.46,52.47,8395
2019-11-05 12:30:00-05:00,52.455,52.47,52.43,52.465,4426
2019-11-05 12:35:00-05:00,52.46,52.46,52.435,52.46,4992
2019-11-05 12:40:00-05:00,52.46,52.48,52.44,52.48,7169
2019-11-05 12:45:00-05:00,52.47,52.55,52.46,52.55,18667
2019-11-05 12:50:00-05:00,52.545,52.59,52.49,52.59,27556
2019-11-05 12:55:00-05:00,52.59,52.62,52.59,52.6,17043
2019-11-05 13:00:00-05:00,52.61,52.625,52.56,52.565,20483
2019-11-05 13:05:00-05:00,52.57,52.58,52.545,52.55,6971
2019-11-05 13:10:00-05:00,52.54,52.57,52.5,52.57,22208
2019-11-05 13:15:00-05:00,52.57,52.61,52.545,52.6,12175
2019-11-05 13:20:00-05:00,52.585,52.585,52.53,52.545,7188
2019-11-05 13:25:00-05:00,52.54,52.58,52.52,52.56,8923
2019-11-05 13:30:00-05:00,52.565,52.57,52.465,52.515,14408
2019-11-05 13:35:00-05:00,52.52,52.52,52.44,52.47,10711
2019-11-05 13:40:00-05:00,52.49,52.51,52.475,52.49,9069
2019-11-05 13:45:00-05:00,52.49,52.5,52.48,52.485,7858
2019-11-05 13:50:00-05:00,52.5,52.52,52.495,52.515,6110
2019-11-05 13:55:00-05:00,52.515,52.52,52.495,52.495,5627
2019-11-05 14:00:00-05:00,52.495,52.565,52.495,52.54,7162
2019-11-05 14:05:00-05:00,52.54,52.55,52.485,52.485,13573
2019-11-05 14:10:00-05:00,52.495,52.5,52.455,52.455,6901
2019-11-05 14:15:00-05:00,52.465,52.5,52.45,52.48,6151
2019-11-05 14:20:00-05:00,52.47,52.5,52.46,52.485,5070
2019-11-05 14:25:00-05:00,52.495,52.51,52.49,52.5,5340
2019-11-05 14:30:00-05:00,52.5,52.51,52.46,52.5,10116
2019-11-05 14:35:00-05:00,52.505,52.51,52.48,52.485,10982
2019-11-05 14:40:00-05:00,52.485,52.5,52.445,52.495,13257
2019-11-05 14:45:00-05:00,52.49,52.49,52.47,52.49,9441
2019-11-05 14:50:00-05:00,52.49,52.51,52.485,52.5,13184
2019-11-05 14:55:00-05:00,52.505,52.51,52.5,52.505,11345
2019-11-05 15:00:00-05:00,52.5,52.55,52.48,52.495,34894
2019-11-05 15:05:00-05:00,52.495,52.5,52.47,52.475,13037
2019-11-05 15:10:00-05:00,52.48,52.48,52.45,52.455,7135
2019-11-05 15:15:00-05:00,52.46,52.5,52.455,52.48,14439
2019-11-05 15:20:00-05:00,52.485,52.51,52.48,52.51,20127
2019-11-05 15:25:00-05:00,52.5,52.505,52.45,52.45,16267
2019-11-05 15:30:00-05:00,52.45,52.465,52.4,52.41,24779
2019-11-05 15:35:00-05:00,52.4,52.46,52.39,52.445,33857
2019-11-05 15:40:00-05:00,52.45,52.47,52.44,52.465,20446
2019-11-05 15:45:00-05:00,52.465,52.495,52.43,52.45,41204
2019-11-05 15:50:00-05:00,52.45,52.47,52.435,52.45,53704
2019-11-05 15:55:00-05:00,52.445,52.47,52.4,52.42,149666
2019-11-06 09:30:00-05:00,52.58,52.6,52.47,52.51,9065
2019-11-06 09:35:00-05:00,52.48,52.66,52.48,52.55,16267
2019-11-06 09:40:00-05:00,52.55,52.57,52.495,52.495,5425
2019-11-06 09:45:00-05:00,52.45,52.5,52.43,52.5,5917
2019-11-06 09:50:00-05:00,52.52,52.62,52.52,52.595,10870
2019-11-06 09:55:00-05:00,52.59,52.6,52.52,52.57,8963
2019-11-06 10:00:00-05:00,52.58,52.62,52.54,52.54,6961
2019-11-06 10:05:00-05:00,52.55,52.595,52.47,52.58,5841
2019-11-06 10:10:00-05:00,52.575,52.575,52.42,52.5,25345
2019-11-06 10:15:00-05:00,52.5,52.58,52.5,52.54,6811
2019-11-06 10:20:00-05:00,52.52,52.54,52.49,52.54,7639
2019-11-06 10:25:00-05:00,52.54,52.55,52.53,52.55,6086
2019-11-06 10:30:00-05:00,52.55,52.74,52.55,52.71,20373
2019-11-06 10:35:00-05:00,52.705,52.76,52.68,52.68,7180
2019-11-06 10:40:00-05:00,52.68,52.74,52.68,52.72,2556
2019-11-06 10:45:00-05:00,52.75,52.765,52.72,52.76,1739
2019-11-06 10:50:00-05:00,52.785,52.785,52.74,52.755,4511
2019-11-06 10:55:00-05:00,52.755,52.76,52.73,52.73,4271
2019-11-06 11:00:00-05:00,52.71,52.74,52.655,52.655,2679
2019-11-06 11:05:00-05:00,52.67,52.705,52.67,52.68,4084
2019-11-06 11:10:00-05:00,52.68,52.75,52.66,52.73,5804
2019-11-06 11:15:00-05:00,52.74,52.75,52.73,52.73,4364
2019-11-06 11:20:00-05:00,52.72,52.75,52.68,52.68,6076
2019-11-06 11:25:00-05:00,52.68,52.705,52.64,52.67,11343
2019-11-06 11:30:00-05:00,52.67,52.7,52.66,52.66,4979
2019-11-06 11:35:00-05:00,52.665,52.69,52.65,52.66,4661
2019-11-06 11:40:00-05:00,52.66,52.69,52.63,52.65,12289
2019-11-06 11:45:00-05:00,52.63,52.63,52.55,52.62,10678
2019-11-06 11:50:00-05:00,52.6,52.61,52.565,52.58,11001
2019-11-06 11:55:00-05:00,52.6,52.6,52.535,52.535,3547
2019-11-06 12:00:00-05:00,52.53,52.55,52.52,52.52,3846
2019-11-06 12:05:00-05:00,52.52,52.54,52.51,52.51,2610
2019-11-06 12:10:00-05:00,52.53,52.58,52.53,52.57,2916
2019-11-06 12:15:00-05:00,52.57,52.57,52.53,52.54,1348
2019-11-06 12:20:00-05:00,52.55,52.555,52.54,52.555,2267
2019-11-06 12:25:00-05:00,52.55,52.56,52.52,52.53,5040
2019-11-06 12:30:00-05:00,52.53,52.55,52.52,52.55,5627
2019-11-06 12:35:00-05:00,52.56,52.565,52.53,52.555,8785
2019-11-06 12:40:00-05:00,52.555,52.57,52.55,52.56,7060
2019-11-06 12:45:00-05:00,52.55,52.555,52.49,52.49,2640
2019-11-06 12:50:00-05:00,52.495,52.5,52.47,52.47,2985
2019-11-06 12:55:00-05:00,52.48,52.48,52.46,52.47,3807
2019-11-06 13:00:00-05:00,52.47,52.48,52.46,52.48,1432
2019-11-06 13:05:00-05:00,52.49,52.54,52.49,52.54,2629
2019-11-06 13:10:00-05:00,52.54,52.565,52.54,52.565,1926
2019-11-06 13:15:00-05:00,52.565,52.565,52.54,52.54,2912
2019-11-06 13:20:00-05:00,52.535,52.625,52.535,52.62,7821
2019-11-06 13:25:00-05:00,52.63,52.66,52.63,52.65,4143
2019-11-06 13:30:00-05:00,52.65,52.65,52.63,52.63,1675
2019-11-06 13:35:00-05:00,52.65,52.665,52.64,52.66,5383
2019-11-06 13:40:00-05:00,52.67,52.67,52.6,52.61,3521
2019-11-06 13:45:00-05:00,52.615,52.615,52.6,52.6,1738
2019-11-06 13:50:00-05:00,52.6,52.63,52.6,52.63,3747
2019-11-06 13:55:00-05:00,52.65,52.665,52.605,52.61,4536
2019-11-06 14:00:00-05:00,52.61,52.7,52.61,52.7,1906
2019-11-06 14:05:00-05:00,52.695,52.75,52.695,52.73,8485
2019-11-06 14:10:00-05:00,52.73,52.78,52.73,52.78,8618
2019-11-06 14:15:00-05:00,52.77,52.77,52.75,52.75,4997
2019-11-06 14:20:00-05:00,52.75,52.755,52.71,52.71,7017
2019-11-06 14:25:00-05:00,52.725,52.75,52.71,52.73,4017
2019-11-06 14:30:00-05:00,52.73,52.78,52.73,52.77,5214
2019-11-06 14:35:00-05:00,52.78,52.8,52.745,52.745,3618
2019-11-06 14:40:00-05:00,52.74,52.74,52.71,52.715,4675
2019-11-06 14:45:00-05:00,52.72,52.74,52.715,52.73,2133
2019-11-06 14:50:00-05:00,52.73,52.74,52.71,52.735,5056
2019-11-06 14:55:00-05:00,52.735,52.74,52.72,52.74,4399
2019-11-06 15:00:00-05:00,52.73,52.73,52.68,52.68,5809
2019-11-06 15:05:00-05:00,52.69,52.695,52.63,52.66,13979
2019-11-06 15:10:00-05:00,52.655,52.7,52.65,52.675,6520
2019-11-06 15:15:00-05:00,52.69,52.7,52.67,52.695,4178
2019-11-06 15:20:00-05:00,52.7,52.72,52.695,52.7,4815
2019-11-06 15:25:00-05:00,52.7,52.735,52.7,52.725,3910
2019-11-06 15:30:00-05:00,52.72,52.72,52.68,52.7,9444
2019-11-06 15:35:00-05:00,52.72,52.75,52.72,52.745,6286
2019-11-06 15:40:00-05:00,52.75,52.75,52.68,52.69,5353
2019-11-06 15:45:00-05:00,52.69,52.71,52.665,52.705,12333
2019-11-06 15:50:00-05:00,52.71,52.715,52.62,52.71,23445
2019-11-06 15:55:00-05:00,52.715,52.79,52.71,52.78,79024
2019-11-06 16:00:00-05:00,52.79,52.79,52.79,52.79,100
2019-11-07 09:30:00-05:00,52.99,52.99,52.55,52.69,9764
2019-11-07 09:35:00-05:00,52.695,52.695,52.57,52.67,12866
2019-11-07 09:40:00-05:00,52.665,52.74,52.63,52.715,10795
2019-11-07 09:45:00-05:00,52.705,52.73,52.63,52.645,10394
2019-11-07 09:50:00-05:00,52.64,52.65,52.58,52.58,6508
2019-11-07 09:55:00-05:00,52.585,52.6,52.465,52.48,22905
2019-11-07 10:00:00-05:00,52.49,52.57,52.47,52.48,22773
2019-11-07 10:05:00-05:00,52.49,52.53,52.46,52.465,12051
2019-11-07 10:10:00-05:00,52.465,52.47,52.365,52.37,13835
2019-11-07 10:15:00-05:00,52.365,52.45,52.35,52.41,7214
2019-11-07 10:20:00-05:00,52.405,52.46,52.37,52.44,5704
2019-11-07 10:25:00-05:00,52.43,52.48,52.415,52.45,6585
2019-11-07 10:30:00-05:00,52.46,52.485,52.41,52.44,6160
2019-11-07 10:35:00-05:00,52.435,52.45,52.39,52.395,11430
2019-11-07 10:40:00-05:00,52.4,52.41,52.36,52.39,7258
2019-11-07 10:45:00-05:00,52.38,52.41,52.33,52.33,9157
2019-11-07 10:50:00-05:00,52.335,52.4,52.335,52.355,12705
2019-11-07 10:55:00-05:00,52.355,52.36,52.28,52.3,8052
2019-11-07 11:00:00-05:00,52.27,52.32,52.25,52.295,12015
2019-11-07 11:05:00-05:00,52.3,52.31,52.23,52.23,18907
2019-11-07 11:10:00-05:00,52.23,52.27,52.225,52.25,9520
2019-11-07 11:15:00-05:00,52.25,52.26,52.22,52.255,11006
2019-11-07 11:20:00-05:00,52.25,52.255,52.22,52.225,11286
2019-11-07 11:25:00-05:00,52.23,52.24,52.185,52.19,7999
2019-11-07 11:30:00-05:00,52.19,52.215,52.185,52.2,10002
2019-11-07 11:35:00-05:00,52.205,52.27,52.205,52.225,16160
2019-11-07 11:40:00-05:00,52.225,52.225,52.21,52.21,10277
2019-11-07 11:45:00-05:00,52.21,52.25,52.205,52.245,30152
2019-11-07 11:50:00-05:00,52.25,52.29,52.245,52.27,14803
2019-11-07 11:55:00-05:00,52.265,52.33,52.245,52.285,17519
2019-11-07 12:00:00-05:00,52.305,52.305,52.205,52.205,8276
2019-11-07 12:05:00-05:00,52.19,52.2,52.165,52.175,8052
2019-11-07 12:10:00-05:00,52.185,52.19,52.13,52.13,6148
2019-11-07 12:15:00-05:00,52.13,52.14,52.1,52.1,11055
2019-11-07 12:20:00-05:00,52.1,52.13,52.1,52.1,6994
2019-11-07 12:25:00-05:00,52.105,52.12,52.09,52.12,15511
2019-11-07 12:30:00-05:00,52.11,52.14,52.105,52.12,8068
2019-11-07 12:35:00-05:00,52.13,52.13,52.065,52.07,8096
2019-11-07 12:40:00-05:00,52.07,52.08,51.96,51.985,22733
2019-11-07 12:45:00-05:00,51.99,52.05,51.99,52.045,15823
2019-11-07 12:50:00-05:00,52.045,52.085,52.035,52.085,6760
2019-11-07 12:55:00-05:00,52.1,52.105,52.085,52.1,17212
2019-11-07 13:00:00-05:00,52.105,52.195,52.1,52.16,15317
2019-11-07 13:05:00-05:00,52.16,52.185,52.155,52.17,6847
2019-11-07 13:10:00-05:00,52.18,52.2,52.17,52.175,7836
2019-11-07 13:15:00-05:00,52.175,52.175,52.155,52.155,7277
2019-11-07 13:20:00-05:00,52.155,52.19,52.15,52.19,8791
2019-11-07 13:25:00-05:00,52.19,52.26,52.19,52.255,6955
2019-11-07 13:30:00-05:00,52.26,52.26,52.23,52.23,3891
2019-11-07 13:35:00-05:00,52.215,52.22,52.18,52.185,8964
2019-11-07 13:40:00-05:00,52.19,52.19,52.155,52.155,9440
2019-11-07 13:45:00-05:00,52.15,52.16,52.12,52.12,11702
2019-11-07 13:50:00-05:00,52.13,52.17,52.125,52.15,10712
2019-11-07 13:55:00-05:00,52.15,52.17,52.135,52.155,7163
2019-11-07 14:00:00-05:00,52.16,52.22,52.16,52.22,7110
2019-11-07 14:05:00-05:00,52.21,52.24,52.205,52.23,5863
2019-11-07 14:10:00-05:00,52.235,52.28,52.225,52.28,6696
2019-11-07 14:15:00-05:00,52.27,52.29,52.26,52.275,4950
2019-11-07 14:20:00-05:00,52.27,52.275,52.245,52.25,3077
2019-11-07 14:25:00-05:00,52.255,52.325,52.255,52.305,5224
2019-11-07 14:30:00-05:00,52.305,52.355,52.29,52.345,5685
2019-11-07 14:35:00-05:00,52.355,52.355,52.31,52.34,5363
2019-11-07 14:40:00-05:00,52.345,52.39,52.29,52.37,15970
2019-11-07 14:45:00-05:00,52.35,52.37,52.33,52.37,7074
2019-11-07 14:50:00-05:00,52.375,52.4,52.36,52.37,6496
2019-11-07 14:55:00-05:00,52.37,52.37,52.345,52.365,5073
2019-11-07 15:00:00-05:00,52.37,52.415,52.365,52.405,8559
2019-11-07 15:05:00-05:00,52.41,52.41,52.39,52.41,5815
2019-11-07 15:10:00-05:00,52.4,52.4,52.385,52.39,4872
2019-11-07 15:15:00-05:00,52.395,52.395,52.345,52.35,10937
2019-11-07 15:20:00-05:00,52.36,52.4,52.335,52.37,12575
2019-11-07 15:25:00-05:00,52.37,52.395,52.365,52.395,8305
2019-11-07 15:30:00-05:00,52.395,52.42,52.39,52.395,10458
2019-11-07 15:35:00-05:00,52.4,52.4,52.335,52.34,32892
2019-11-07 15:40:00-05:00,52.34,52.34,52.28,52.29,16063
2019-11-07 15:45:00-05:00,52.29,52.36,52.285,52.34,29341
2019-11-07 15:50:00-05:00,52.35,52.36,52.29,52.29,31371
2019-11-07 15:55:00-05:00,52.3,52.325,52.25,52.29,82578
2019-11-08 09:20:00-05:00,52.39,52.39,52.39,52.39,100
2019-11-08 09:30:00-05:00,52.44,52.565,52.44,52.46,7643
2019-11-08 09:35:00-05:00,52.48,52.6,52.47,52.5,8183
2019-11-08 09:40:00-05:00,52.5,52.565,52.49,52.53,5360
2019-11-08 09:45:00-05:00,52.515,52.54,52.415,52.415,2103
2019-11-08 09:50:00-05:00,52.415,52.43,52.365,52.43,4951
2019-11-08 09:55:00-05:00,52.455,52.455,52.33,52.435,11959
2019-11-08 10:00:00-05:00,52.44,52.53,52.39,52.445,6963
2019-11-08 10:05:00-05:00,52.455,52.455,52.3,52.3,5159
2019-11-08 10:10:00-05:00,52.315,52.315,52.265,52.27,8521
2019-11-08 10:15:00-05:00,52.27,52.33,52.27,52.275,6390
2019-11-08 10:20:00-05:00,52.28,52.35,52.25,52.325,5348
2019-11-08 10:25:00-05:00,52.32,52.32,52.26,52.28,5854
2019-11-08 10:30:00-05:00,52.29,52.32,52.28,52.285,3846
2019-11-08 10:35:00-05:00,52.285,52.3,52.23,52.245,5519
2019-11-08 10:40:00-05:00,52.25,52.275,52.155,52.155,4799
2019-11-08 10:45:00-05:00,52.15,52.15,52.09,52.12,5281
2019-11-08 10:50:00-05:00,52.14,52.14,52.115,52.14,2660
2019-11-08 10:55:00-05:00,52.16,52.22,52.16,52.205,16662
2019-11-08 11:00:00-05:00,52.21,52.225,52.185,52.19,4495
2019-11-08 11:05:00-05:00,52.19,52.21,52.15,52.16,4216
2019-11-08 11:10:00-05:00,52.17,52.19,52.14,52.19,6364
2019-11-08 11:15:00-05:00,52.175,52.22,52.17,52.22,5029
2019-11-08 11:20:00-05:00,52.225,52.23,52.215,52.215,4901
2019-11-08 11:25:00-05:00,52.215,52.285,52.19,52.285,7225
2019-11-08 11:30:00-05:00,52.29,52.34,52.29,52.335,10240
2019-11-08 11:35:00-05:00,52.34,52.34,52.29,52.295,4646
2019-11-08 11:40:00-05:00,52.29,52.29,52.235,52.24,5207
2019-11-08 11:45:00-05:00,52.25,52.25,52.205,52.215,5245
2019-11-08 11:50:00-05:00,52.23,52.24,52.2,52.205,7039
2019-11-08 11:55:00-05:00,52.205,52.21,52.185,52.2,5875
2019-11-08 12:00:00-05:00,52.195,52.21,52.18,52.185,7645
2019-11-08 12:05:00-05:00,52.185,52.19,52.17,52.18,6039
2019-11-08 12:10:00-05:00,52.18,52.19,52.155,52.155,4959
2019-11-08 12:15:00-05:00,52.16,52.18,52.155,52.18,3277
2019-11-08 12:20:00-05:00,52.18,52.185,52.145,52.145,3612
2019-11-08 12:25:00-05:00,52.145,52.16,52.13,52.145,4667
2019-11-08 12:30:00-05:00,52.145,52.185,52.145,52.165,4221
2019-11-08 12:35:00-05:00,52.17,52.19,52.165,52.175,7397
2019-11-08 12:40:00-05:00,52.175,52.18,52.16,52.175,5715
2019-11-08 12:45:00-05:00,52.175,52.215,52.17,52.21,6025
2019-11-08 12:50:00-05:00,52.205,52.225,52.19,52.225,7370
2019-11-08 12:55:00-05:00,52.23,52.245,52.215,52.245,5408
2019-11-08 13:00:00-05:00,52.245,52.27,52.24,52.26,6099
2019-11-08 13:05:00-05:00,52.255,52.26,52.2,52.21,4135
2019-11-08 13:10:00-05:00,52.215,52.26,52.21,52.255,3990
2019-11-08 13:15:00-05:00,52.25,52.29,52.25,52.26,4724
2019-11-08 13:20:00-05:00,52.25,52.26,52.21,52.21,7884
2019-11-08 13:25:00-05:00,52.21,52.22,52.2,52.21,6220
2019-11-08 13:30:00-05:00,52.22,52.22,52.185,52.185,3474
2019-11-08 13:35:00-05:00,52.185,52.21,52.175,52.21,5381
2019-11-08 13:40:00-05:00,52.21,52.225,52.205,52.215,5391
2019-11-08 13:45:00-05:00,52.21,52.22,52.19,52.19,3008
2019-11-08 13:50:00-05:00,52.185,52.195,52.185,52.195,5719
2019-11-08 13:55:00-05:00,52.195,52.195,52.17,52.17,4803
2019-11-08 14:00:00-05:00,52.175,52.185,52.16,52.165,8425
2019-11-08 14:05:00-05:00,52.16,52.17,52.155,52.165,8039
2019-11-08 14:10:00-05:00,52.165,52.18,52.165,52.17,8259
2019-11-08 14:15:00-05:00,52.17,52.17,52.155,52.155,4962
2019-11-08 14:20:00-05:00,52.16,52.18,52.155,52.18,4428
2019-11-08 14:25:00-05:00,52.16,52.17,52.14,52.145,10796
2019-11-08 14:30:00-05:00,52.15,52.16,52.15,52.15,6291
2019-11-08 14:35:00-05:00,52.15,52.16,52.14,52.15,10210
2019-11-08 14:40:00-05:00,52.15,52.15,52.14,52.145,6565
2019-11-08 14:45:00-05:00,52.145,52.15,52.12,52.12,2588
2019-11-08 14:50:00-05:00,52.13,52.13,52.1,52.1,8842
2019-11-08 14:55:00-05:00,52.1,52.135,52.1,52.13,12448
2019-11-08 15:00:00-05:00,52.135,52.15,52.11,52.14,12096
2019-11-08 15:05:00-05:00,52.145,52.145,52.11,52.125,7857
2019-11-08 15:10:00-05:00,52.135,52.15,52.125,52.14,5844
2019-11-08 15:15:00-05:00,52.15,52.155,52.135,52.15,6604
2019-11-08 15:20:00-05:00,52.155,52.18,52.155,52.175,7847
2019-11-08 15:25:00-05:00,52.18,52.22,52.175,52.215,11229
2019-11-08 15:30:00-05:00,52.2,52.225,52.185,52.205,9879
2019-11-08 15:35:00-05:00,52.2,52.2,52.12,52.12,6249
2019-11-08 15:40:00-05:00,52.13,52.14,52.09,52.11,21169
2019-11-08 15:45:00-05:00,52.11,52.125,52.1,52.125,14540
2019-11-08 15:50:00-05:00,52.13,52.215,52.125,52.215,28890
2019-11-08 15:55:00-05:00,52.21,52.23,52.18,52.21,54175
2019-11-11 09:30:00-05:00,52.2,52.33,52.19,52.19,12839
2019-11-11 09:35:00-05:00,52.195,52.37,52.17,52.33,7066
2019-11-11 09:40:00-05:00,52.305,52.35,52.205,52.25,8739
2019-11-11 09:45:00-05:00,52.25,52.26,52.2,52.23,8240
2019-11-11 09:50:00-05:00,52.22,52.25,52.21,52.24,3948
2019-11-11 09:55:00-05:00,52.23,52.26,52.22,52.22,5367
2019-11-11 10:00:00-05:00,52.21,52.24,52.2,52.225,2753
2019-11-11 10:05:00-05:00,52.24,52.255,52.22,52.24,5174
2019-11-11 10:10:00-05:00,52.23,52.23,52.17,52.18,3965
2019-11-11 10:15:00-05:00,52.19,52.2,52.135,52.16,4052
2019-11-11 10:20:00-05:00,52.15,52.155,52.05,52.05,5855
2019-11-11 10:25:00-05:00,52.06,52.06,51.97,52.005,3485
2019-11-11 10:30:00-05:00,52.0,52.0,51.965,51.98,4519
2019-11-11 10:35:00-05:00,51.98,52.005,51.955,51.99,4731
2019-11-11 10:40:00-05:00,52.0,52.03,51.99,52.0,3366
2019-11-11 10:45:00-05:00,51.99,52.02,51.955,52.02,4529
2019-11-11 10:50:00-05:00,52.02,52.03,52.0,52.0,3133
2019-11-11 10:55:00-05:00,52.0,52.0,51.93,51.935,4408
2019-11-11 11:00:00-05:00,51.94,52.005,51.94,51.995,3468
2019-11-11 11:05:00-05:00,51.995,52.0,51.945,51.955,11065
2019-11-11 11:10:00-05:00,51.95,51.955,51.925,51.925,5535
2019-11-11 11:15:00-05:00,51.925,51.99,51.925,51.97,9569
2019-11-11 11:20:00-05:00,51.965,51.97,51.925,51.93,7434
2019-11-11 11:25:00-05:00,51.92,51.98,51.91,51.97,2772
2019-11-11 11:30:00-05:00,51.96,51.96,51.93,51.93,4131
2019-11-11 11:35:00-05:00,51.92,51.92,51.86,51.91,2842
2019-11-11 11:40:00-05:00,51.91,51.91,51.86,51.89,2430
2019-11-11 11:45:00-05:00,51.89,51.9,51.85,51.86,2022
2019-11-11 11:50:00-05:00,51.855,51.88,51.82,51.82,3029
2019-11-11 11:55:00-05:00,51.82,51.86,51.82,51.86,4129
2019-11-11 12:00:00-05:00,51.85,51.85,51.82,51.83,2471
2019-11-11 12:05:00-05:00,51.84,51.895,51.82,51.875,5815
2019-11-11 12:10:00-05:00,51.88,51.88,51.835,51.87,3877
2019-11-11 12:15:00-05:00,51.86,51.86,51.82,51.83,4078
2019-11-11 12:20:00-05:00,51.82,51.845,51.815,51.845,2564
2019-11-11 12:25:00-05:00,51.85,51.85,51.83,51.83,2369
2019-11-11 12:30:00-05:00,51.84,51.86,51.835,51.85,3626
2019-11-11 12:35:00-05:00,51.84,51.85,51.835,51.845,1367
2019-11-11 12:40:00-05:00,51.85,51.85,51.82,51.84,3787
2019-11-11 12:45:00-05:00,51.84,51.85,51.83,51.85,2807
2019-11-11 12:50:00-05:00,51.835,51.85,51.83,51.85,1702
2019-11-11 12:55:00-05:00,51.845,51.87,51.84,51.87,3733
2019-11-11 13:00:00-05:00,51.87,51.88,51.86,51.87,2310
2019-11-11 13:05:00-05:00,51.87,51.875,51.84,51.84,1946
2019-11-11 13:10:00-05:00,51.85,51.85,51.825,51.84,2099
2019-11-11 13:15:00-05:00,51.84,51.845,51.84,51.84,909
2019-11-11 13:20:00-05:00,51.84,51.84,51.835,51.84,1120
2019-11-11 13:25:00-05:00,51.83,51.85,51.83,51.85,2307
2019-11-11 13:30:00-05:00,51.85,51.85,51.835,51.845,3549
2019-11-11 13:35:00-05:00,51.85,51.88,51.85,51.87,3237
2019-11-11 13:40:00-05:00,51.88,51.885,51.87,51.875,2367
2019-11-11 13:45:00-05:00,51.87,51.87,51.84,51.85,2234
2019-11-11 13:50:00-05:00,51.85,51.85,51.84,51.84,2965
2019-11-11 13:55:00-05:00,51.85,51.855,51.83,51.83,2681
2019-11-11 14:00:00-05:00,51.84,51.84,51.815,51.83,6085
2019-11-11 14:05:00-05:00,51.835,51.85,51.8,51.81,5038
2019-11-11 14:10:00-05:00,51.81,51.81,51.775,51.78,4587
2019-11-11 14:15:00-05:00,51.79,51.81,51.79,51.81,7241
2019-11-11 14:20:00-05:00,51.81,51.81,51.8,51.81,4496
2019-11-11 14:25:00-05:00,51.81,51.83,51.8,51.82,5223
2019-11-11 14:30:00-05:00,51.82,51.83,51.82,51.82,2554
2019-11-11 14:35:00-05:00,51.82,51.855,51.82,51.85,3706
2019-11-11 14:40:00-05:00,51.86,51.88,51.85,51.87,11428
2019-11-11 14:45:00-05:00,51.87,51.875,51.86,51.87,3035
2019-11-11 14:50:00-05:00,51.865,51.88,51.855,51.87,10587
2019-11-11 14:55:00-05:00,51.87,51.9,51.87,51.875,6835
2019-11-11 15:00:00-05:00,51.87,51.875,51.86,51.86,20667
2019-11-11 15:05:00-05:00,51.865,51.905,51.86,51.87,8685
2019-11-11 15:10:00-05:00,51.87,51.88,51.86,51.875,4539
2019-11-11 15:15:00-05:00,51.88,51.895,51.875,51.885,6704
2019-11-11 15:20:00-05:00,51.88,51.89,51.875,51.88,8262
2019-11-11 15:25:00-05:00,51.87,51.88,51.86,51.88,5659
2019-11-11 15:30:00-05:00,51.88,51.885,51.83,51.835,8159
2019-11-11 15:35:00-05:00,51.83,51.87,51.825,51.87,12386
2019-11-11 15:40:00-05:00,51.875,51.875,51.84,51.84,10855
2019-11-11 15:45:00-05:00,51.84,51.86,51.84,51.86,25034
2019-11-11 15:50:00-05:00,51.85,51.855,51.825,51.84,25661
2019-11-11 15:55:00-05:00,51.84,51.87,51.83,51.84,83099
2019-11-12 09:30:00-05:00,51.905,51.91,51.715,51.81,16987
2019-11-12 09:35:00-05:00,51.82,51.86,51.725,51.79,6851
2019-11-12 09:40:00-05:00,51.79,51.88,51.77,51.77,5289
2019-11-12 09:45:00-05:00,51.78,51.81,51.725,51.725,9896
2019-11-12 09:50:00-05:00,51.71,51.765,51.67,51.765,19416
2019-11-12 09:55:00-05:00,51.75,51.76,51.68,51.76,18491
2019-11-12 10:00:00-05:00,51.75,51.75,51.72,51.74,4391
2019-11-12 10:05:00-05:00,51.75,51.77,51.705,51.71,6424
2019-11-12 10:10:00-05:00,51.7,51.705,51.63,51.695,8682
2019-11-12 10:15:00-05:00,51.705,51.71,51.66,51.67,5600
2019-11-12 10:20:00-05:00,51.67,51.73,51.665,51.68,7162
2019-11-12 10:25:00-05:00,51.7,51.71,51.69,51.7,12541
2019-11-12 10:30:00-05:00,51.69,51.7,51.65,51.67,8796
2019-11-12 10:35:00-05:00,51.66,51.675,51.63,51.655,15974
2019-11-12 10:40:00-05:00,51.65,51.65,51.585,51.62,7249
2019-11-12 10:45:00-05:00,51.615,51.67,51.61,51.61,8058
2019-11-12 10:50:00-05:00,51.61,51.64,51.605,51.64,5361
2019-11-12 10:55:00-05:00,51.63,51.72,51.63,51.72,10381
2019-11-12 11:00:00-05:00,51.71,51.71,51.675,51.685,7982
2019-11-12 11:05:00-05:00,51.69,51.705,51.67,51.685,10292
2019-11-12 11:10:00-05:00,51.685,51.71,51.685,51.7,5884
2019-11-12 11:15:00-05:00,51.7,51.71,51.675,51.69,6515
2019-11-12 11:20:00-05:00,51.7,51.73,51.7,51.71,3857
2019-11-12 11:25:00-05:00,51.71,51.74,51.71,51.725,7002
2019-11-12 11:30:00-05:00,51.725,51.74,51.715,51.72,15242
2019-11-12 11:35:00-05:00,51.72,51.72,51.675,51.68,11469
2019-11-12 11:40:00-05:00,51.68,51.69,51.655,51.68,5557
2019-11-12 11:45:00-05:00,51.68,51.695,51.66,51.66,5953
2019-11-12 11:50:00-05:00,51.65,51.69,51.65,51.69,8123
2019-11-12 11:55:00-05:00,51.69,51.71,51.68,51.68,8173
2019-11-12 12:00:00-05:00,51.685,51.69,51.67,51.68,4439
2019-11-12 12:05:00-05:00,51.68,51.7,51.665,51.68,4312
2019-11-12 12:10:00-05:00,51.69,51.7,51.685,51.7,2788
2019-11-12 12:15:00-05:00,51.69,51.7,51.68,51.69,4522
2019-11-12 12:20:00-05:00,51.68,51.69,51.66,51.67,4276
2019-11-12 12:25:00-05:00,51.66,51.67,51.64,51.66,4560
2019-11-12 12:30:00-05:00,51.66,51.67,51.65,51.66,4224
2019-11-12 12:35:00-05:00,51.66,51.67,51.65,51.66,3276
2019-11-12 12:40:00-05:00,51.66,51.67,51.65,51.66,3392
2019-11-12 12:45:00-05:00,51.655,51.68,51.655,51.68,8960
2019-11-12 12:50:00-05:00,51.68,51.7,51.665,51.7,12058
2019-11-12 12:55:00-05:00,51.7,51.71,51.68,51.69,4424
2019-11-12 13:00:00-05:00,51.695,51.71,51.695,51.705,3892
2019-11-12 13:05:00-05:00,51.71,51.725,51.7,51.725,7301
2019-11-12 13:10:00-05:00,51.73,51.73,51.695,51.715,7711
2019-11-12 13:15:00-05:00,51.72,51.74,51.72,51.73,3261
2019-11-12 13:20:00-05:00,51.72,51.785,51.715,51.76,12587
2019-11-12 13:25:00-05:00,51.765,51.825,51.765,51.78,7835
2019-11-12 13:30:00-05:00,51.78,51.81,51.735,51.735,7714
2019-11-12 13:35:00-05:00,51.735,51.755,51.71,51.755,12854
2019-11-12 13:40:00-05:00,51.76,51.775,51.76,51.77,2403
2019-11-12 13:45:00-05:00,51.775,51.8,51.775,51.775,4059
2019-11-12 13:50:00-05:00,51.78,51.81,51.775,51.805,9991
2019-11-12 13:55:00-05:00,51.79,51.8,51.73,51.765,8672
2019-11-12 14:00:00-05:00,51.74,51.75,51.725,51.735,5284
2019-11-12 14:05:00-05:00,51.72,51.8,51.705,51.8,4675
2019-11-12 14:10:00-05:00,51.795,51.795,51.74,51.74,8389
2019-11-12 14:15:00-05:00,51.74,51.775,51.73,51.76,3943
2019-11-12 14:20:00-05:00,51.76,51.775,51.735,51.76,4525
2019-11-12 14:25:00-05:00,51.76,51.81,51.755,51.8,5089
2019-11-12 14:30:00-05:00,51.795,51.84,51.795,51.825,2970
2019-11-12 14:35:00-05:00,51.825,51.83,51.795,51.8,4712
2019-11-12 14:40:00-05:00,51.81,51.81,51.78,51.78,4326
2019-11-12 14:45:00-05:00,51.785,51.815,51.785,51.795,5864
2019-11-12 14:50:00-05:00,51.78,51.8,51.74,51.74,11245
2019-11-12 14:55:00-05:00,51.715,51.745,51.705,51.725,4915
2019-11-12 15:00:00-05:00,51.72,51.74,51.7,51.705,7826
2019-11-12 15:05:00-05:00,51.71,51.73,51.71,51.72,6122
2019-11-12 15:10:00-05:00,51.72,51.73,51.705,51.715,7479
2019-11-12 15:15:00-05:00,51.71,51.74,51.7,51.72,11830
2019-11-12 15:20:00-05:00,51.73,51.755,51.725,51.745,11103
2019-11-12 15:25:00-05:00,51.75,51.75,51.72,51.72,8759
2019-11-12 15:30:00-05:00,51.715,51.77,51.71,51.745,11639
2019-11-12 15:35:00-05:00,51.75,51.76,51.73,51.735,11813
2019-11-12 15:40:00-05:00,51.74,51.74,51.72,51.72,17380
2019-11-12 15:45:00-05:00,51.72,51.73,51.7,51.72,30677
2019-11-12 15:50:00-05:00,51.73,51.76,51.69,51.71,53005
2019-11-12 15:55:00-05:00,51.72,51.77,51.675,51.71,140177
2019-11-13 09:25:00-05:00,52.14,52.14,52.14,52.14,100
2019-11-13 09:30:00-05:00,52.12,52.27,52.06,52.145,21961
2019-11-13 09:35:00-05:00,52.11,52.145,51.98,52.08,7937
2019-11-13 09:40:00-05:00,52.12,52.14,52.05,52.05,4417
2019-11-13 09:45:00-05:00,52.055,52.07,52.02,52.07,2001
2019-11-13 09:50:00-05:00,52.08,52.1,52.07,52.1,1009
2019-11-13 09:55:00-05:00,52.1,52.19,52.08,52.15,3631
2019-11-13 10:00:00-05:00,52.14,52.15,52.11,52.11,14027
2019-11-13 10:05:00-05:00,52.12,52.14,52.05,52.1,14153
2019-11-13 10:10:00-05:00,52.085,52.115,52.08,52.09,8190
2019-11-13 10:15:00-05:00,52.125,52.16,52.09,52.11,9702
2019-11-13 10:20:00-05:00,52.115,52.16,52.11,52.12,4447
2019-11-13 10:25:00-05:00,52.12,52.12,52.04,52.09,5873
2019-11-13 10:30:00-05:00,52.1,52.2,52.1,52.2,10028
2019-11-13 10:35:00-05:00,52.22,52.28,52.19,52.27,10590
2019-11-13 10:40:00-05:00,52.26,52.28,52.22,52.28,5965
2019-11-13 10:45:00-05:00,52.28,52.34,52.25,52.31,13210
2019-11-13 10:50:00-05:00,52.32,52.38,52.315,52.375,9717
2019-11-13 10:55:00-05:00,52.39,52.42,52.305,52.315,11377
2019-11-13 11:00:00-05:00,52.31,52.32,52.265,52.285,16746
2019-11-13 11:05:00-05:00,52.29,52.3,52.24,52.285,25025
2019-11-13 11:10:00-05:00,52.28,52.28,52.22,52.24,19643
2019-11-13 11:15:00-05:00,52.235,52.24,52.2,52.2,4878
2019-11-13 11:20:00-05:00,52.2,52.21,52.18,52.195,5775
2019-11-13 11:25:00-05:00,52.2,52.25,52.195,52.24,11551
2019-11-13 11:30:00-05:00,52.24,52.295,52.24,52.295,13332
2019-11-13 11:35:00-05:00,52.3,52.31,52.26,52.31,19964
2019-11-13 11:40:00-05:00,52.3,52.31,52.27,52.29,4226
2019-11-13 11:45:00-05:00,52.275,52.295,52.255,52.28,4910
2019-11-13 11:50:00-05:00,52.27,52.3,52.25,52.3,6155
2019-11-13 11:55:00-05:00,52.29,52.3,52.285,52.3,2886
2019-11-13 12:00:00-05:00,52.3,52.3,52.28,52.29,5570
2019-11-13 12:05:00-05:00,52.29,52.3,52.265,52.3,2388
2019-11-13 12:10:00-05:00,52.29,52.34,52.29,52.34,5282
2019-11-13 12:15:00-05:00,52.33,52.34,52.3,52.32,4781
2019-11-13 12:20:00-05:00,52.32,52.365,52.32,52.345,5371
2019-11-13 12:25:00-05:00,52.34,52.38,52.33,52.38,3304
2019-11-13 12:30:00-05:00,52.38,52.38,52.35,52.35,1736
2019-11-13 12:35:00-05:00,52.36,52.385,52.355,52.37,2831
2019-11-13 12:40:00-05:00,52.39,52.4,52.355,52.355,7252
2019-11-13 12:45:00-05:00,52.35,52.355,52.325,52.33,4277
2019-11-13 12:50:00-05:00,52.34,52.345,52.335,52.34,2344
2019-11-13 12:55:00-05:00,52.325,52.325,52.295,52.315,3779
2019-11-13 13:00:00-05:00,52.32,52.345,52.32,52.345,6118
2019-11-13 13:05:00-05:00,52.34,52.385,52.34,52.38,5022
2019-11-13 13:10:00-05:00,52.385,52.385,52.34,52.35,7114
2019-11-13 13:15:00-05:00,52.35,52.355,52.32,52.335,3257
2019-11-13 13:20:00-05:00,52.34,52.355,52.33,52.35,2733
2019-11-13 13:25:00-05:00,52.355,52.37,52.34,52.34,5069
2019-11-13 13:30:00-05:00,52.34,52.35,52.32,52.33,9570
2019-11-13 13:35:00-05:00,52.33,52.34,52.32,52.325,3505
2019-11-13 13:40:00-05:00,52.33,52.34,52.33,52.335,2856
2019-11-13 13:45:00-05:00,52.335,52.34,52.32,52.325,4899
2019-11-13 13:50:00-05:00,52.325,52.38,52.325,52.34,8495
2019-11-13 13:55:00-05:00,52.35,52.37,52.27,52.34,21548
2019-11-13 14:00:00-05:00,52.33,52.37,52.32,52.35,6913
2019-11-13 14:05:00-05:00,52.35,52.36,52.32,52.33,6613
2019-11-13 14:10:00-05:00,52.34,52.36,52.33,52.36,4630
2019-11-13 14:15:00-05:00,52.365,52.365,52.34,52.35,6343
2019-11-13 14:20:00-05:00,52.345,52.37,52.335,52.335,5437
2019-11-13 14:25:00-05:00,52.345,52.36,52.34,52.345,6998
2019-11-13 14:30:00-05:00,52.345,52.36,52.34,52.35,8829
2019-11-13 14:35:00-05:00,52.345,52.35,52.32,52.32,9762
2019-11-13 14:40:00-05:00,52.33,52.355,52.33,52.35,6617
2019-11-13 14:45:00-05:00,52.34,52.34,52.3,52.31,10752
2019-11-13 14:50:00-05:00,52.31,52.36,52.31,52.355,6587
2019-11-13 14:55:00-05:00,52.35,52.35,52.33,52.34,9956
2019-11-13 15:00:00-05:00,52.34,52.345,52.3,52.345,13249
2019-11-13 15:05:00-05:00,52.34,52.35,52.33,52.34,8957
2019-11-13 15:10:00-05:00,52.34,52.35,52.33,52.34,11745
2019-11-13 15:15:00-05:00,52.35,52.39,52.35,52.375,9134
2019-11-13 15:20:00-05:00,52.375,52.39,52.36,52.375,9986
2019-11-13 15:25:00-05:00,52.385,52.41,52.37,52.41,16391
2019-11-13 15:30:00-05:00,52.4,52.45,52.39,52.42,12886
2019-11-13 15:35:00-05:00,52.415,52.43,52.38,52.38,18041
2019-11-13 15:40:00-05:00,52.38,52.42,52.36,52.41,17843
2019-11-13 15:45:00-05:00,52.41,52.45,52.41,52.44,19952
2019-11-13 15:50:00-05:00,52.43,52.43,52.34,52.39,54815
2019-11-13 15:55:00-05:00,52.4,52.42,52.355,52.41,59311
2019-11-14 09:30:00-05:00,52.57,52.57,52.35,52.46,11003
2019-11-14 09:35:00-05:00,52.445,52.54,52.44,52.53,13015
2019-11-14 09:40:00-05:00,52.52,52.54,52.405,52.435,13380
2019-11-14 09:45:00-05:00,52.455,52.51,52.45,52.51,12139
2019-11-14 09:50:00-05:00,52.51,52.525,52.495,52.525,14705
2019-11-14 09:55:00-05:00,52.53,52.65,52.52,52.64,10601
2019-11-14 10:00:00-05:00,52.635,52.65,52.59,52.59,15859
2019-11-14 10:05:00-05:00,52.58,52.62,52.56,52.6,12191
2019-11-14 10:10:00-05:00,52.605,52.615,52.55,52.56,3979
2019-11-14 10:15:00-05:00,52.57,52.6,52.55,52.56,4585
2019-11-14 10:20:00-05:00,52.57,52.615,52.56,52.61,6679
2019-11-14 10:25:00-05:00,52.615,52.63,52.56,52.56,4862
2019-11-14 10:30:00-05:00,52.57,52.61,52.57,52.58,3797
2019-11-14 10:35:00-05:00,52.61,52.625,52.59,52.595,7711
2019-11-14 10:40:00-05:00,52.57,52.59,52.55,52.56,4999
2019-11-14 10:45:00-05:00,52.56,52.62,52.55,52.615,4936
2019-11-14 10:50:00-05:00,52.61,52.61,52.54,52.56,7090
2019-11-14 10:55:00-05:00,52.57,52.6,52.55,52.59,5441
2019-11-14 11:00:00-05:00,52.6,52.64,52.58,52.58,12067
2019-11-14 11:05:00-05:00,52.59,52.6,52.57,52.57,4373
2019-11-14 11:10:00-05:00,52.57,52.57,52.52,52.53,6640
2019-11-14 11:15:00-05:00,52.53,52.53,52.47,52.49,4989
2019-11-14 11:20:00-05:00,52.48,52.51,52.48,52.5,3796
2019-11-14 11:25:00-05:00,52.49,52.51,52.46,52.48,11524
2019-11-14 11:30:00-05:00,52.48,52.49,52.41,52.41,6303
2019-11-14 11:35:00-05:00,52.41,52.44,52.39,52.42,17085
2019-11-14 11:40:00-05:00,52.42,52.43,52.39,52.39,18681
2019-11-14 11:45:00-05:00,52.4,52.43,52.36,52.38,14682
2019-11-14 11:50:00-05:00,52.38,52.41,52.375,52.4,9650
2019-11-14 11:55:00-05:00,52.41,52.45,52.41,52.44,5976
2019-11-14 12:00:00-05:00,52.43,52.47,52.42,52.47,5979
2019-11-14 12:05:00-05:00,52.47,52.5,52.47,52.5,3485
2019-11-14 12:10:00-05:00,52.51,52.51,52.46,52.46,5692
2019-11-14 12:15:00-05:00,52.46,52.47,52.44,52.45,5887
2019-11-14 12:20:00-05:00,52.44,52.45,52.43,52.43,4203
2019-11-14 12:25:00-05:00,52.43,52.435,52.41,52.43,4672
2019-11-14 12:30:00-05:00,52.43,52.47,52.41,52.47,3845
2019-11-14 12:35:00-05:00,52.47,52.49,52.455,52.485,5789
2019-11-14 12:40:00-05:00,52.49,52.53,52.48,52.53,2111
2019-11-14 12:45:00-05:00,52.535,52.54,52.47,52.49,6565
2019-11-14 12:50:00-05:00,52.495,52.535,52.495,52.52,4357
2019-11-14 12:55:00-05:00,52.525,52.525,52.475,52.49,4355
2019-11-14 13:00:00-05:00,52.49,52.5,52.46,52.46,3194
2019-11-14 13:05:00-05:00,52.48,52.51,52.48,52.51,8354
2019-11-14 13:10:00-05:00,52.51,52.51,52.48,52.51,4195
2019-11-14 13:15:00-05:00,52.505,52.51,52.49,52.49,4287
2019-11-14 13:20:00-05:00,52.49,52.495,52.46,52.465,6781
2019-11-14 13:25:00-05:00,52.46,52.475,52.44,52.445,10634
2019-11-14 13:30:00-05:00,52.45,52.52,52.45,52.515,8452
2019-11-14 13:35:00-05:00,52.51,52.54,52.51,52.52,5571
2019-11-14 13:40:00-05:00,52.52,52.525,52.5,52.515,3106
2019-11-14 13:45:00-05:00,52.51,52.525,52.51,52.52,8438
2019-11-14 13:50:00-05:00,52.51,52.545,52.49,52.545,22188
2019-11-14 13:55:00-05:00,52.54,52.54,52.425,52.45,13407
2019-11-14 14:00:00-05:00,52.45,52.505,52.44,52.505,5163
2019-11-14 14:05:00-05:00,52.5,52.54,52.485,52.54,5615
2019-11-14 14:10:00-05:00,52.53,52.56,52.52,52.54,7114
2019-11-14 14:15:00-05:00,52.54,52.56,52.53,52.54,5103
2019-11-14 14:20:00-05:00,52.54,52.57,52.54,52.56,3972
2019-11-14 14:25:00-05:00,52.555,52.565,52.54,52.56,5120
2019-11-14 14:30:00-05:00,52.555,52.57,52.54,52.57,7050
2019-11-14 14:35:00-05:00,52.58,52.585,52.57,52.585,4389
2019-11-14 14:40:00-05:00,52.59,52.59,52.56,52.565,7384
2019-11-14 14:45:00-05:00,52.57,52.605,52.57,52.585,7170
2019-11-14 14:50:00-05:00,52.59,52.62,52.58,52.59,7609
2019-11-14 14:55:00-05:00,52.59,52.595,52.58,52.58,7267
2019-11-14 15:00:00-05:00,52.58,52.59,52.55,52.57,6231
2019-11-14 15:05:00-05:00,52.57,52.59,52.57,52.575,9669
2019-11-14 15:10:00-05:00,52.575,52.58,52.56,52.56,9291
2019-11-14 15:15:00-05:00,52.58,52.59,52.57,52.59,6878
2019-11-14 15:20:00-05:00,52.59,52.59,52.545,52.57,11036
2019-11-14 15:25:00-05:00,52.58,52.61,52.57,52.605,7496
2019-11-14 15:30:00-05:00,52.6,52.61,52.575,52.58,17996
2019-11-14 15:35:00-05:00,52.58,52.58,52.55,52.57,14797
2019-11-14 15:40:00-05:00,52.57,52.62,52.565,52.62,13192
2019-11-14 15:45:00-05:00,52.61,52.63,52.595,52.61,18433
2019-11-14 15:50:00-05:00,52.62,52.66,52.61,52.62,48162
2019-11-14 15:55:00-05:00,52.625,52.67,52.61,52.64,98352
2019-11-15 09:25:00-05:00,52.64,52.64,52.53,52.53,570
2019-11-15 09:30:00-05:00,52.62,52.65,52.56,52.61,10380
2019-11-15 09:35:00-05:00,52.61,52.63,52.52,52.52,3732
2019-11-15 09:40:00-05:00,52.54,52.555,52.51,52.535,2718
2019-11-15 09:45:00-05:00,52.535,52.56,52.5,52.515,6446
2019-11-15 09:50:00-05:00,52.51,52.52,52.47,52.47,7559
2019-11-15 09:55:00-05:00,52.47,52.48,52.45,52.48,2562
2019-11-15 10:00:00-05:00,52.49,52.525,52.49,52.525,3590
2019-11-15 10:05:00-05:00,52.52,52.53,52.44,52.46,10110
2019-11-15 10:10:00-05:00,52.485,52.5,52.475,52.49,4141
2019-11-15 10:15:00-05:00,52.48,52.575,52.48,52.57,3843
2019-11-15 10:20:00-05:00,52.55,52.565,52.535,52.54,3270
2019-11-15 10:25:00-05:00,52.54,52.54,52.49,52.505,3837
2019-11-15 10:30:00-05:00,52.51,52.54,52.47,52.47,7225
2019-11-15 10:35:00-05:00,52.475,52.48,52.44,52.45,7134
2019-11-15 10:40:00-05:00,52.445,52.46,52.405,52.41,10213
2019-11-15 10:45:00-05:00,52.405,52.41,52.38,52.395,5325
2019-11-15 10:50:00-05:00,52.4,52.46,52.39,52.45,9608
2019-11-15 10:55:00-05:00,52.45,52.5,52.44,52.5,125376
2019-11-15 11:00:00-05:00,52.49,52.535,52.48,52.52,9358
2019-11-15 11:05:00-05:00,52.53,52.575,52.525,52.555,4247
2019-11-15 11:10:00-05:00,52.545,52.56,52.54,52.56,3429
2019-11-15 11:15:00-05:00,52.555,52.62,52.545,52.58,6604
2019-11-15 11:20:00-05:00,52.57,52.595,52.55,52.565,5076
2019-11-15 11:25:00-05:00,52.56,52.655,52.56,52.645,5056
2019-11-15 11:30:00-05:00,52.635,52.64,52.55,52.56,21386
2019-11-15 11:35:00-05:00,52.56,52.57,52.515,52.53,4446
2019-11-15 11:40:00-05:00,52.545,52.545,52.515,52.53,4018
2019-11-15 11:45:00-05:00,52.54,52.555,52.53,52.555,3801
2019-11-15 11:50:00-05:00,52.555,52.575,52.545,52.555,3780
2019-11-15 11:55:00-05:00,52.555,52.555,52.535,52.535,2682
2019-11-15 12:00:00-05:00,52.53,52.55,52.525,52.545,3613
2019-11-15 12:05:00-05:00,52.545,52.575,52.545,52.575,2012
2019-11-15 12:10:00-05:00,52.575,52.575,52.555,52.575,5043
2019-11-15 12:15:00-05:00,52.575,52.585,52.535,52.54,3319
2019-11-15 12:20:00-05:00,52.53,52.545,52.525,52.545,2278
2019-11-15 12:25:00-05:00,52.545,52.565,52.545,52.565,1630
2019-11-15 12:30:00-05:00,52.565,52.58,52.56,52.58,1370
2019-11-15 12:35:00-05:00,52.585,52.59,52.57,52.575,2364
2019-11-15 12:40:00-05:00,52.57,52.575,52.565,52.575,2798
2019-11-15 12:45:00-05:00,52.565,52.58,52.545,52.545,2933
2019-11-15 12:50:00-05:00,52.55,52.55,52.53,52.535,6237
2019-11-15 12:55:00-05:00,52.535,52.545,52.495,52.495,6080
2019-11-15 13:00:00-05:00,52.505,52.515,52.5,52.505,5466
2019-11-15 13:05:00-05:00,52.51,52.51,52.5,52.51,3981
2019-11-15 13:10:00-05:00,52.51,52.515,52.5,52.5,1158
2019-11-15 13:15:00-05:00,52.51,52.51,52.5,52.505,1312
2019-11-15 13:20:00-05:00,52.5,52.51,52.5,52.51,3022
2019-11-15 13:25:00-05:00,52.505,52.51,52.5,52.505,1737
2019-11-15 13:30:00-05:00,52.505,52.51,52.495,52.5,6934
2019-11-15 13:35:00-05:00,52.51,52.56,52.5,52.54,6837
2019-11-15 13:40:00-05:00,52.515,52.535,52.495,52.52,15093
2019-11-15 13:45:00-05:00,52.52,52.55,52.515,52.55,1937
2019-11-15 13:50:00-05:00,52.565,52.59,52.555,52.585,2995
2019-11-15 13:55:00-05:00,52.58,52.59,52.575,52.575,4993
2019-11-15 14:00:00-05:00,52.57,52.59,52.56,52.56,4979
2019-11-15 14:05:00-05:00,52.57,52.58,52.565,52.575,2374
2019-11-15 14:10:00-05:00,52.58,52.6,52.57,52.6,2970
2019-11-15 14:15:00-05:00,52.6,52.63,52.585,52.615,12364
2019-11-15 14:20:00-05:00,52.62,52.625,52.59,52.605,7490
2019-11-15 14:25:00-05:00,52.59,52.595,52.565,52.57,3090
2019-11-15 14:30:00-05:00,52.57,52.57,52.555,52.555,1989
2019-11-15 14:35:00-05:00,52.56,52.57,52.54,52.57,7419
2019-11-15 14:40:00-05:00,52.59,52.605,52.58,52.595,3999
2019-11-15 14:45:00-05:00,52.595,52.61,52.58,52.58,7229
2019-11-15 14:50:00-05:00,52.59,52.595,52.575,52.575,1613
2019-11-15 14:55:00-05:00,52.58,52.58,52.575,52.58,1861
2019-11-15 15:00:00-05:00,52.57,52.59,52.56,52.57,3645
2019-11-15 15:05:00-05:00,52.59,52.59,52.56,52.56,4257
2019-11-15 15:10:00-05:00,52.56,52.58,52.55,52.56,4163
2019-11-15 15:15:00-05:00,52.56,52.57,52.54,52.54,5938
2019-11-15 15:20:00-05:00,52.54,52.555,52.505,52.555,22834
2019-11-15 15:25:00-05:00,52.56,52.56,52.535,52.55,12730
2019-11-15 15:30:00-05:00,52.545,52.545,52.525,52.535,7862
2019-11-15 15:35:00-05:00,52.535,52.54,52.52,52.52,9283
2019-11-15 15:40:00-05:00,52.52,52.52,52.49,52.5,19117
2019-11-15 15:45:00-05:00,52.495,52.54,52.49,52.53,29448
2019-11-15 15:50:00-05:00,52.53,52.59,52.53,52.58,42771
2019-11-15 15:55:00-05:00,52.59,52.68,52.58,52.68,150338
2019-11-18 09:30:00-05:00,52.68,52.755,52.67,52.755,4321
2019-11-18 09:35:00-05:00,52.765,52.94,52.765,52.9,9458
2019-11-18 09:40:00-05:00,52.93,52.98,52.89,52.93,9893
2019-11-18 09:45:00-05:00,52.93,52.995,52.93,52.96,6250
2019-11-18 09:50:00-05:00,52.96,53.02,52.96,53.01,5124
2019-11-18 09:55:00-05:00,53.02,53.11,53.02,53.09,4412
2019-11-18 10:00:00-05:00,53.09,53.145,53.09,53.105,11265
2019-11-18 10:05:00-05:00,53.08,53.1,53.04,53.08,9043
2019-11-18 10:10:00-05:00,53.11,53.13,53.09,53.095,6579
2019-11-18 10:15:00-05:00,53.1,53.21,53.1,53.185,6873
2019-11-18 10:20:00-05:00,53.2,53.22,53.175,53.175,7165
2019-11-18 10:25:00-05:00,53.175,53.2,53.175,53.2,9208
2019-11-18 10:30:00-05:00,53.205,53.24,53.18,53.18,7610
2019-11-18 10:35:00-05:00,53.16,53.21,53.16,53.19,8293
2019-11-18 10:40:00-05:00,53.21,53.235,53.205,53.225,6204
2019-11-18 10:45:00-05:00,53.21,53.27,53.2,53.27,4578
2019-11-18 10:50:00-05:00,53.27,53.3,53.24,53.3,4875
2019-11-18 10:55:00-05:00,53.29,53.32,53.285,53.32,3819
2019-11-18 11:00:00-05:00,53.32,53.345,53.3,53.3,5776
2019-11-18 11:05:00-05:00,53.3,53.36,53.3,53.36,5006
2019-11-18 11:10:00-05:00,53.38,53.41,53.34,53.34,14350
2019-11-18 11:15:00-05:00,53.34,53.4,53.33,53.395,8752
2019-11-18 11:20:00-05:00,53.41,53.44,53.41,53.415,8046
2019-11-18 11:25:00-05:00,53.42,53.425,53.365,53.365,3289
2019-11-18 11:30:00-05:00,53.375,53.375,53.33,53.35,3211
2019-11-18 11:35:00-05:00,53.35,53.39,53.35,53.385,6292
2019-11-18 11:40:00-05:00,53.4,53.4,53.32,53.33,6241
2019-11-18 11:45:00-05:00,53.315,53.33,53.29,53.32,4432
2019-11-18 11:50:00-05:00,53.32,53.35,53.32,53.34,7568
2019-11-18 11:55:00-05:00,53.345,53.35,53.32,53.32,7549
2019-11-18 12:00:00-05:00,53.31,53.315,53.28,53.3,4096
2019-11-18 12:05:00-05:00,53.31,53.35,53.31,53.335,3795
2019-11-18 12:10:00-05:00,53.33,53.33,53.31,53.32,4604
2019-11-18 12:15:00-05:00,53.32,53.33,53.28,53.315,2102
2019-11-18 12:20:00-05:00,53.315,53.33,53.31,53.32,6063
2019-11-18 12:25:00-05:00,53.32,53.325,53.25,53.255,17496
2019-11-18 12:30:00-05:00,53.25,53.25,53.19,53.21,3816
2019-11-18 12:35:00-05:00,53.21,53.215,53.2,53.21,5164
2019-11-18 12:40:00-05:00,53.205,53.23,53.205,53.23,3844
2019-11-18 12:45:00-05:00,53.23,53.23,53.195,53.2,4499
2019-11-18 12:50:00-05:00,53.21,53.23,53.2,53.23,3591
2019-11-18 12:55:00-05:00,53.23,53.24,53.225,53.24,7194
2019-11-18 13:00:00-05:00,53.25,53.285,53.25,53.285,4159
2019-11-18 13:05:00-05:00,53.285,53.31,53.28,53.29,13559
2019-11-18 13:10:00-05:00,53.29,53.29,53.255,53.255,7119
2019-11-18 13:15:00-05:00,53.25,53.25,53.225,53.23,6269
2019-11-18 13:20:00-05:00,53.235,53.26,53.23,53.23,6798
2019-11-18 13:25:00-05:00,53.235,53.25,53.21,53.21,6028
2019-11-18 13:30:00-05:00,53.215,53.215,53.15,53.18,23718
2019-11-18 13:35:00-05:00,53.18,53.2,53.18,53.2,6594
2019-11-18 13:40:00-05:00,53.21,53.24,53.205,53.23,5692
2019-11-18 13:45:00-05:00,53.23,53.23,53.195,53.21,4024
2019-11-18 13:50:00-05:00,53.22,53.24,53.21,53.21,5462
2019-11-18 13:55:00-05:00,53.215,53.22,53.17,53.17,5846
2019-11-18 14:00:00-05:00,53.17,53.17,53.08,53.08,5108
2019-11-18 14:05:00-05:00,53.09,53.13,53.09,53.12,7750
2019-11-18 14:10:00-05:00,53.12,53.12,53.08,53.08,9320
2019-11-18 14:15:00-05:00,53.07,53.07,53.015,53.025,14056
2019-11-18 14:20:00-05:00,53.03,53.05,53.025,53.04,11473
2019-11-18 14:25:00-05:00,53.035,53.06,53.02,53.02,6436
2019-11-18 14:30:00-05:00,53.03,53.05,53.03,53.045,5742
2019-11-18 14:35:00-05:00,53.05,53.06,53.01,53.03,12723
2019-11-18 14:40:00-05:00,53.03,53.05,53.03,53.03,7366
2019-11-18 14:45:00-05:00,53.04,53.04,52.99,53.0,6637
2019-11-18 14:50:00-05:00,52.99,53.1,52.99,53.09,22060
2019-11-18 14:55:00-05:00,53.09,53.13,53.09,53.09,12360
2019-11-18 15:00:00-05:00,53.07,53.075,53.04,53.05,11740
2019-11-18 15:05:00-05:00,53.055,53.095,53.05,53.055,12061
2019-11-18 15:10:00-05:00,53.05,53.05,53.02,53.025,10297
2019-11-18 15:15:00-05:00,53.03,53.03,52.98,52.99,16838
2019-11-18 15:20:00-05:00,52.98,53.03,52.97,53.02,15763
2019-11-18 15:25:00-05:00,53.02,53.025,52.99,53.02,13369
2019-11-18 15:30:00-05:00,53.015,53.015,52.95,52.95,14652
2019-11-18 15:35:00-05:00,52.95,53.01,52.95,53.01,18358
2019-11-18 15:40:00-05:00,53.01,53.03,53.01,53.02,20698
2019-11-18 15:45:00-05:00,53.02,53.02,52.99,53.0,26248
2019-11-18 15:50:00-05:00,53.0,53.0,52.94,52.945,29634
2019-11-18 15:55:00-05:00,52.95,53.03,52.94,53.01,88280
2019-11-19 09:30:00-05:00,53.13,53.14,52.95,53.03,6616
2019-11-19 09:35:00-05:00,53.0,53.1,52.99,53.1,3218
2019-11-19 09:40:00-05:00,53.12,53.12,53.04,53.065,4771
2019-11-19 09:45:00-05:00,53.08,53.11,53.04,53.06,2970
2019-11-19 09:50:00-05:00,53.045,53.18,53.045,53.16,14567
2019-11-19 09:55:00-05:00,53.14,53.205,53.14,53.185,7223
2019-11-19 10:00:00-05:00,53.17,53.31,53.17,53.3,5806
2019-11-19 10:05:00-05:00,53.29,53.29,53.19,53.19,5376
2019-11-19 10:10:00-05:00,53.2,53.21,53.14,53.145,4101
2019-11-19 10:15:00-05:00,53.14,53.15,53.08,53.08,3583
2019-11-19 10:20:00-05:00,53.07,53.07,53.04,53.045,2288
2019-11-19 10:25:00-05:00,53.07,53.07,53.03,53.07,4276
2019-11-19 10:30:00-05:00,53.05,53.1,53.04,53.09,3507
2019-11-19 10:35:00-05:00,53.085,53.12,53.08,53.1,1626
2019-11-19 10:40:00-05:00,53.1,53.11,53.055,53.055,2556
2019-11-19 10:45:00-05:00,53.05,53.09,53.04,53.09,4730
2019-11-19 10:50:00-05:00,53.09,53.1,53.06,53.065,2913
2019-11-19 10:55:00-05:00,53.08,53.08,53.025,53.035,1363
2019-11-19 11:00:00-05:00,53.02,53.07,53.02,53.07,1678
2019-11-19 11:05:00-05:00,53.065,53.07,53.035,53.04,4096
2019-11-19 11:10:00-05:00,53.04,53.1,53.035,53.1,1134
2019-11-19 11:15:00-05:00,53.1,53.125,53.07,53.07,3479
2019-11-19 11:20:00-05:00,53.065,53.08,53.055,53.06,2067
2019-11-19 11:25:00-05:00,53.045,53.06,53.04,53.045,3914
2019-11-19 11:30:00-05:00,53.05,53.05,53.03,53.03,1743
2019-11-19 11:35:00-05:00,53.025,53.05,53.0,53.02,2616
2019-11-19 11:40:00-05:00,52.99,52.99,52.94,52.945,2167
2019-11-19 11:45:00-05:00,52.95,53.02,52.95,52.99,6758
2019-11-19 11:50:00-05:00,52.98,52.985,52.97,52.985,3103
2019-11-19 11:55:00-05:00,52.99,52.99,52.935,52.955,2363
2019-11-19 12:00:00-05:00,52.95,52.95,52.9,52.925,3217
2019-11-19 12:05:00-05:00,52.91,52.91,52.875,52.88,3502
2019-11-19 12:10:00-05:00,52.87,52.9,52.87,52.9,1365
2019-11-19 12:15:00-05:00,52.92,52.935,52.91,52.93,2215
2019-11-19 12:20:00-05:00,52.93,52.935,52.9,52.91,2077
2019-11-19 12:25:00-05:00,52.9,52.92,52.9,52.915,2967
2019-11-19 12:30:00-05:00,52.91,52.91,52.89,52.91,1641
2019-11-19 12:35:00-05:00,52.92,52.92,52.9,52.915,3265
2019-11-19 12:40:00-05:00,52.92,52.92,52.9,52.91,2921
2019-11-19 12:45:00-05:00,52.915,52.925,52.91,52.925,3379
2019-11-19 12:50:00-05:00,52.91,52.915,52.905,52.91,5018
2019-11-19 12:55:00-05:00,52.92,52.935,52.915,52.93,1832
2019-11-19 13:00:00-05:00,52.93,52.935,52.915,52.93,1992
2019-11-19 13:05:00-05:00,52.945,52.95,52.925,52.93,2169
2019-11-19 13:10:00-05:00,52.935,52.95,52.91,52.91,2204
2019-11-19 13:15:00-05:00,52.9,52.925,52.89,52.925,1407
2019-11-19 13:20:00-05:00,52.92,52.92,52.875,52.88,3401
2019-11-19 13:25:00-05:00,52.88,52.895,52.88,52.895,2011
2019-11-19 13:30:00-05:00,52.9,52.905,52.895,52.895,10867
2019-11-19 13:35:00-05:00,52.895,52.915,52.89,52.915,3991
2019-11-19 13:40:00-05:00,52.915,52.925,52.91,52.925,3278
2019-11-19 13:45:00-05:00,52.92,52.92,52.9,52.92,3609
2019-11-19 13:50:00-05:00,52.925,52.925,52.905,52.905,3201
2019-11-19 13:55:00-05:00,52.9,52.93,52.9,52.93,4760
2019-11-19 14:00:00-05:00,52.935,52.99,52.93,52.99,3921
2019-11-19 14:05:00-05:00,52.98,52.99,52.97,52.97,5106
2019-11-19 14:10:00-05:00,52.97,52.99,52.95,52.95,8826
2019-11-19 14:15:00-05:00,52.96,52.975,52.92,52.97,17734
2019-11-19 14:20:00-05:00,52.96,53.01,52.96,53.0,6711
2019-11-19 14:25:00-05:00,53.005,53.04,53.0,53.04,2422
2019-11-19 14:30:00-05:00,53.035,53.04,53.02,53.04,3472
2019-11-19 14:35:00-05:00,53.05,53.05,53.01,53.03,3725
2019-11-19 14:40:00-05:00,53.025,53.065,53.025,53.065,4744
2019-11-19 14:45:00-05:00,53.045,53.075,53.04,53.07,7145
2019-11-19 14:50:00-05:00,53.07,53.085,53.06,53.07,3161
2019-11-19 14:55:00-05:00,53.06,53.08,53.05,53.055,5851
2019-11-19 15:00:00-05:00,53.05,53.06,53.03,53.035,10677
2019-11-19 15:05:00-05:00,53.035,53.07,53.035,53.045,8063
2019-11-19 15:10:00-05:00,53.04,53.08,53.04,53.075,8937
2019-11-19 15:15:00-05:00,53.08,53.11,53.075,53.09,9682
2019-11-19 15:20:00-05:00,53.1,53.11,53.07,53.08,5472
2019-11-19 15:25:00-05:00,53.075,53.08,53.05,53.05,3587
2019-11-19 15:30:00-05:00,53.055,53.065,53.04,53.05,9504
2019-11-19 15:35:00-05:00,53.055,53.1,53.055,53.1,10768
2019-11-19 15:40:00-05:00,53.095,53.095,53.07,53.07,9926
2019-11-19 15:45:00-05:00,53.08,53.09,53.04,53.06,14861
2019-11-19 15:50:00-05:00,53.07,53.095,53.04,53.07,22455
2019-11-19 15:55:00-05:00,53.07,53.1,53.05,53.08,56570
2019-11-20 09:30:00-05:00,53.1,53.36,53.1,53.35,4271
2019-11-20 09:35:00-05:00,53.34,53.37,53.28,53.31,3827
2019-11-20 09:40:00-05:00,53.3,53.33,53.27,53.3,4683
2019-11-20 09:45:00-05:00,53.315,53.35,53.29,53.3,3282
2019-11-20 09:50:00-05:00,53.26,53.26,53.19,53.195,11824
2019-11-20 09:55:00-05:00,53.19,53.28,53.19,53.28,20423
2019-11-20 10:00:00-05:00,53.29,53.305,53.23,53.26,20394
2019-11-20 10:05:00-05:00,53.275,53.305,53.265,53.285,3109
2019-11-20 10:10:00-05:00,53.285,53.32,53.28,53.28,2615
2019-11-20 10:15:00-05:00,53.305,53.345,53.29,53.34,6270
2019-11-20 10:20:00-05:00,53.34,53.38,53.3,53.38,5063
2019-11-20 10:25:00-05:00,53.375,53.375,53.34,53.35,5686
2019-11-20 10:30:00-05:00,53.35,53.35,53.3,53.3,6166
2019-11-20 10:35:00-05:00,53.295,53.3,53.245,53.275,6644
2019-11-20 10:40:00-05:00,53.27,53.28,53.23,53.265,9026
2019-11-20 10:45:00-05:00,53.27,53.27,53.235,53.235,5918
2019-11-20 10:50:00-05:00,53.24,53.24,53.2,53.2,6321
2019-11-20 10:55:00-05:00,53.19,53.2,53.15,53.17,4936
2019-11-20 11:00:00-05:00,53.18,53.195,53.16,53.17,5065
2019-11-20 11:05:00-05:00,53.175,53.175,53.11,53.16,7659
2019-11-20 11:10:00-05:00,53.15,53.24,53.15,53.225,11949
2019-11-20 11:15:00-05:00,53.22,53.255,53.19,53.25,18948
2019-11-20 11:20:00-05:00,53.25,53.255,53.23,53.23,4489
2019-11-20 11:25:00-05:00,53.24,53.25,53.17,53.17,7549
2019-11-20 11:30:00-05:00,53.18,53.23,53.16,53.22,5364
2019-11-20 11:35:00-05:00,53.21,53.22,53.19,53.205,8290
2019-11-20 11:40:00-05:00,53.21,53.23,53.21,53.21,3346
2019-11-20 11:45:00-05:00,53.2,53.24,53.19,53.22,10936
2019-11-20 11:50:00-05:00,53.2,53.23,53.195,53.205,4441
2019-11-20 11:55:00-05:00,53.205,53.25,53.2,53.25,1897
2019-11-20 12:00:00-05:00,53.255,53.28,53.21,53.22,3517
2019-11-20 12:05:00-05:00,53.22,53.28,53.22,53.27,4586
2019-11-20 12:10:00-05:00,53.28,53.28,53.245,53.245,3091
2019-11-20 12:15:00-05:00,53.23,53.24,53.22,53.235,2201
2019-11-20 12:20:00-05:00,53.235,53.235,53.2,53.21,3843
2019-11-20 12:25:00-05:00,53.2,53.215,53.19,53.19,7358
2019-11-20 12:30:00-05:00,53.195,53.195,53.105,53.11,4174
2019-11-20 12:35:00-05:00,53.1,53.17,53.1,53.135,3145
2019-11-20 12:40:00-05:00,53.13,53.14,53.105,53.105,5713
2019-11-20 12:45:00-05:00,53.105,53.105,53.08,53.095,3162
2019-11-20 12:50:00-05:00,53.095,53.095,53.04,53.08,6519
2019-11-20 12:55:00-05:00,53.07,53.12,53.02,53.09,18607
2019-11-20 13:00:00-05:00,53.1,53.1,53.04,53.04,3738
2019-11-20 13:05:00-05:00,53.06,53.155,53.06,53.14,3716
2019-11-20 13:10:00-05:00,53.165,53.25,53.165,53.19,8170
2019-11-20 13:15:00-05:00,53.21,53.24,53.2,53.235,4313
2019-11-20 13:20:00-05:00,53.24,53.32,53.24,53.25,4375
2019-11-20 13:25:00-05:00,53.25,53.265,53.23,53.25,3403
2019-11-20 13:30:00-05:00,53.25,53.26,53.24,53.25,7259
2019-11-20 13:35:00-05:00,53.24,53.24,53.17,53.17,2071
2019-11-20 13:40:00-05:00,53.16,53.19,53.16,53.17,2686
2019-11-20 13:45:00-05:00,53.17,53.18,53.155,53.17,2235
2019-11-20 13:50:00-05:00,53.175,53.19,53.15,53.15,9599
2019-11-20 13:55:00-05:00,53.14,53.18,53.14,53.155,5127
2019-11-20 14:00:00-05:00,53.17,53.17,53.105,53.105,7240
2019-11-20 14:05:00-05:00,53.11,53.15,53.105,53.15,9119
2019-11-20 14:10:00-05:00,53.14,53.19,53.14,53.185,3578
2019-11-20 14:15:00-05:00,53.19,53.19,53.15,53.17,6327
2019-11-20 14:20:00-05:00,53.18,53.18,53.1,53.13,23188
2019-11-20 14:25:00-05:00,53.14,53.2,53.14,53.2,4877
2019-11-20 14:30:00-05:00,53.19,53.21,53.18,53.2,2658
2019-11-20 14:35:00-05:00,53.21,53.23,53.18,53.2,9207
2019-11-20 14:40:00-05:00,53.195,53.22,53.175,53.22,5773
2019-11-20 14:45:00-05:00,53.22,53.24,53.21,53.23,3965
2019-11-20 14:50:00-05:00,53.23,53.245,53.22,53.225,1291
2019-11-20 14:55:00-05:00,53.225,53.235,53.2,53.21,2988
2019-11-20 15:00:00-05:00,53.22,53.26,53.19,53.21,14424
2019-11-20 15:05:00-05:00,53.21,53.25,53.21,53.22,3416
2019-11-20 15:10:00-05:00,53.23,53.27,53.23,53.27,5581
2019-11-20 15:15:00-05:00,53.27,53.275,53.24,53.25,7205
2019-11-20 15:20:00-05:00,53.25,53.25,53.21,53.23,5724
2019-11-20 15:25:00-05:00,53.23,53.235,53.2,53.2,4302
2019-11-20 15:30:00-05:00,53.2,53.22,53.2,53.21,9130
2019-11-20 15:35:00-05:00,53.215,53.215,53.19,53.205,8978
2019-11-20 15:40:00-05:00,53.2,53.25,53.2,53.23,25972
2019-11-20 15:45:00-05:00,53.23,53.24,53.22,53.23,23108
2019-11-20 15:50:00-05:00,53.23,53.235,53.17,53.21,35597
2019-11-20 15:55:00-05:00,53.21,53.3,53.18,53.2,87972
2019-11-21 09:30:00-05:00,53.16,53.33,53.16,53.265,3459
2019-11-21 09:35:00-05:00,53.285,53.31,53.075,53.12,8238
2019-11-21 09:40:00-05:00,53.11,53.13,53.02,53.045,4258
2019-11-21 09:45:00-05:00,53.055,53.08,52.935,52.935,7846
2019-11-21 09:50:00-05:00,52.92,52.945,52.88,52.915,6572
2019-11-21 09:55:00-05:00,52.91,52.98,52.905,52.945,11351
2019-11-21 10:00:00-05:00,52.95,52.96,52.85,52.925,6534
2019-11-21 10:05:00-05:00,52.94,53.03,52.94,53.03,4893
2019-11-21 10:10:00-05:00,53.03,53.05,53.01,53.01,5618
2019-11-21 10:15:00-05:00,53.03,53.045,52.94,52.95,7086
2019-11-21 10:20:00-05:00,52.94,52.96,52.89,52.89,4111
2019-11-21 10:25:00-05:00,52.92,52.965,52.86,52.86,2934
2019-11-21 10:30:00-05:00,52.855,52.855,52.81,52.83,3858
2019-11-21 10:35:00-05:00,52.85,52.86,52.82,52.85,3722
2019-11-21 10:40:00-05:00,52.84,52.84,52.79,52.79,2507
2019-11-21 10:45:00-05:00,52.78,52.83,52.78,52.82,5872
2019-11-21 10:50:00-05:00,52.815,52.87,52.815,52.86,4862
2019-11-21 10:55:00-05:00,52.865,52.905,52.865,52.89,6066
2019-11-21 11:00:00-05:00,52.9,52.96,52.9,52.95,4226
2019-11-21 11:05:00-05:00,52.96,53.0,52.96,52.97,2661
2019-11-21 11:10:00-05:00,52.96,53.02,52.96,53.01,5133
2019-11-21 11:15:00-05:00,53.01,53.01,52.96,52.97,7418
2019-11-21 11:20:00-05:00,52.975,52.975,52.95,52.955,2626
2019-11-21 11:25:00-05:00,52.95,52.975,52.935,52.97,5573
2019-11-21 11:30:00-05:00,52.97,53.0,52.95,52.98,2883
2019-11-21 11:35:00-05:00,52.955,52.96,52.89,52.91,4551
2019-11-21 11:40:00-05:00,52.91,52.915,52.9,52.91,3444
2019-11-21 11:45:00-05:00,52.91,52.96,52.91,52.96,2376
2019-11-21 11:50:00-05:00,52.945,52.945,52.9,52.91,3065
2019-11-21 11:55:00-05:00,52.91,52.93,52.895,52.9,1999
2019-11-21 12:00:00-05:00,52.9,52.92,52.855,52.86,1985
2019-11-21 12:05:00-05:00,52.86,52.86,52.83,52.84,5010
2019-11-21 12:10:00-05:00,52.86,52.88,52.855,52.86,2596
2019-11-21 12:15:00-05:00,52.86,52.87,52.825,52.825,3652
2019-11-21 12:20:00-05:00,52.83,52.85,52.82,52.845,1607
2019-11-21 12:25:00-05:00,52.84,52.85,52.81,52.815,3737
2019-11-21 12:30:00-05:00,52.815,52.83,52.815,52.82,4214
2019-11-21 12:35:00-05:00,52.82,52.855,52.82,52.85,3912
2019-11-21 12:40:00-05:00,52.845,52.855,52.835,52.84,3024
2019-11-21 12:45:00-05:00,52.845,52.85,52.825,52.83,2119
2019-11-21 12:50:00-05:00,52.82,52.865,52.82,52.865,3514
2019-11-21 12:55:00-05:00,52.87,52.87,52.835,52.85,3178
2019-11-21 13:00:00-05:00,52.85,52.865,52.835,52.835,3034
2019-11-21 13:05:00-05:00,52.835,52.89,52.835,52.885,2715
2019-11-21 13:10:00-05:00,52.88,52.89,52.875,52.875,5285
2019-11-21 13:15:00-05:00,52.88,52.88,52.855,52.88,6272
2019-11-21 13:20:00-05:00,52.875,52.88,52.84,52.84,3333
2019-11-21 13:25:00-05:00,52.84,52.86,52.825,52.86,4309
2019-11-21 13:30:00-05:00,52.86,52.905,52.86,52.905,9594
2019-11-21 13:35:00-05:00,52.905,52.905,52.88,52.89,7052
2019-11-21 13:40:00-05:00,52.89,52.91,52.87,52.875,4321
2019-11-21 13:45:00-05:00,52.885,52.89,52.88,52.885,1580
2019-11-21 13:50:00-05:00,52.89,52.915,52.885,52.91,7375
2019-11-21 13:55:00-05:00,52.91,52.92,52.905,52.91,3923
2019-11-21 14:00:00-05:00,52.91,52.925,52.875,52.925,7449
2019-11-21 14:05:00-05:00,52.93,52.98,52.93,52.975,7543
2019-11-21 14:10:00-05:00,52.975,53.015,52.975,53.015,3821
2019-11-21 14:15:00-05:00,53.02,53.04,53.01,53.02,16297
2019-11-21 14:20:00-05:00,53.02,53.025,53.0,53.005,6679
2019-11-21 14:25:00-05:00,53.035,53.06,53.03,53.06,11953
2019-11-21 14:30:00-05:00,53.06,53.12,53.06,53.1,5652
2019-11-21 14:35:00-05:00,53.08,53.095,53.05,53.095,4309
2019-11-21 14:40:00-05:00,53.1,53.12,53.095,53.11,6260
2019-11-21 14:45:00-05:00,53.1,53.1,53.08,53.08,3577
2019-11-21 14:50:00-05:00,53.08,53.1,53.06,53.065,4922
2019-11-21 14:55:00-05:00,53.07,53.085,53.06,53.07,11146
2019-11-21 15:00:00-05:00,53.07,53.1,53.05,53.05,3823
2019-11-21 15:05:00-05:00,53.03,53.03,53.01,53.03,8548
2019-11-21 15:10:00-05:00,53.03,53.06,53.03,53.05,6603
2019-11-21 15:15:00-05:00,53.06,53.075,53.045,53.07,6254
2019-11-21 15:20:00-05:00,53.06,53.065,53.04,53.05,4454
2019-11-21 15:25:00-05:00,53.06,53.06,53.005,53.01,6493
2019-11-21 15:30:00-05:00,53.01,53.03,53.01,53.02,6023
2019-11-21 15:35:00-05:00,53.035,53.04,52.98,52.98,6910
2019-11-21 15:40:00-05:00,52.99,52.99,52.97,52.98,4667
2019-11-21 15:45:00-05:00,52.97,52.97,52.94,52.96,6929
2019-11-21 15:50:00-05:00,52.96,52.98,52.92,52.98,15004
2019-11-21 15:55:00-05:00,52.98,53.02,52.94,52.96,70308
2019-11-22 09:25:00-05:00,53.22,53.22,53.09,53.09,750
2019-11-22 09:30:00-05:00,52.95,53.04,52.86,52.86,8085
2019-11-22 09:35:00-05:00,52.87,52.945,52.86,52.89,4389
2019-11-22 09:40:00-05:00,52.905,52.91,52.885,52.89,2222
2019-11-22 09:45:00-05:00,52.885,52.885,52.78,52.81,3717
2019-11-22 09:50:00-05:00,52.85,52.85,52.78,52.81,2025
2019-11-22 09:55:00-05:00,52.805,52.84,52.75,52.83,4946
2019-11-22 10:00:00-05:00,52.83,52.85,52.785,52.795,2550
2019-11-22 10:05:00-05:00,52.82,52.85,52.79,52.83,4270
2019-11-22 10:10:00-05:00,52.83,52.89,52.82,52.875,5513
2019-11-22 10:15:00-05:00,52.87,52.94,52.87,52.925,5568
2019-11-22 10:20:00-05:00,52.925,52.94,52.9,52.9,3314
2019-11-22 10:25:00-05:00,52.9,52.91,52.84,52.84,3265
2019-11-22 10:30:00-05:00,52.85,52.87,52.77,52.77,3607
2019-11-22 10:35:00-05:00,52.8,52.81,52.77,52.78,3689
2019-11-22 10:40:00-05:00,52.77,52.78,52.75,52.755,4945
2019-11-22 10:45:00-05:00,52.76,52.83,52.76,52.82,4751
2019-11-22 10:50:00-05:00,52.83,52.845,52.785,52.79,4639
2019-11-22 10:55:00-05:00,52.79,52.85,52.79,52.825,3789
2019-11-22 11:00:00-05:00,52.835,52.87,52.83,52.865,5284
2019-11-22 11:05:00-05:00,52.855,52.86,52.785,52.785,4043
2019-11-22 11:10:00-05:00,52.78,52.8,52.77,52.785,8739
2019-11-22 11:15:00-05:00,52.795,52.84,52.79,52.84,16025
2019-11-22 11:20:00-05:00,52.86,52.89,52.86,52.88,11816
2019-11-22 11:25:00-05:00,52.88,52.895,52.845,52.865,6469
2019-11-22 11:30:00-05:00,52.88,52.93,52.88,52.93,5095
2019-11-22 11:35:00-05:00,52.925,52.94,52.915,52.92,4699
2019-11-22 11:40:00-05:00,52.915,52.93,52.895,52.895,5068
2019-11-22 11:45:00-05:00,52.895,52.93,52.895,52.925,3509
2019-11-22 11:50:00-05:00,52.92,52.98,52.92,52.975,3162
2019-11-22 11:55:00-05:00,52.98,53.01,52.98,52.99,4040
2019-11-22 12:00:00-05:00,53.005,53.05,53.005,53.045,3104
2019-11-22 12:05:00-05:00,53.04,53.055,53.03,53.05,3652
2019-11-22 12:10:00-05:00,53.05,53.055,53.03,53.035,3885
2019-11-22 12:15:00-05:00,53.01,53.01,52.965,52.97,5333
2019-11-22 12:20:00-05:00,52.965,52.985,52.94,52.975,4037
2019-11-22 12:25:00-05:00,52.975,52.99,52.975,52.98,2676
2019-11-22 12:30:00-05:00,52.97,53.015,52.97,53.015,2910
2019-11-22 12:35:00-05:00,53.025,53.035,53.01,53.03,3458
2019-11-22 12:40:00-05:00,53.02,53.02,53.0,53.015,2590
2019-11-22 12:45:00-05:00,53.01,53.05,53.01,53.045,2284
2019-11-22 12:50:00-05:00,53.04,53.04,53.0,53.005,2839
2019-11-22 12:55:00-05:00,53.0,53.005,52.96,52.96,2750
2019-11-22 13:00:00-05:00,52.97,52.97,52.94,52.94,2582
2019-11-22 13:05:00-05:00,52.95,52.975,52.945,52.97,3699
2019-11-22 13:10:00-05:00,52.975,53.0,52.97,52.995,5006
2019-11-22 13:15:00-05:00,52.995,52.995,52.965,52.97,2616
2019-11-22 13:20:00-05:00,52.975,53.0,52.97,52.97,3993
2019-11-22 13:25:00-05:00,52.965,52.975,52.96,52.96,2963
2019-11-22 13:30:00-05:00,52.96,52.97,52.96,52.965,6753
2019-11-22 13:35:00-05:00,52.965,52.98,52.95,52.98,2885
2019-11-22 13:40:00-05:00,52.98,53.015,52.97,53.01,4564
2019-11-22 13:45:00-05:00,53.01,53.02,53.0,53.0,3307
2019-11-22 13:50:00-05:00,53.0,53.015,52.995,53.0,2655
2019-11-22 13:55:00-05:00,52.98,52.99,52.965,52.985,3874
2019-11-22 14:00:00-05:00,52.98,52.985,52.95,52.985,6849
2019-11-22 14:05:00-05:00,52.985,53.035,52.98,53.035,6013
2019-11-22 14:10:00-05:00,53.03,53.05,53.03,53.04,5163
2019-11-22 14:15:00-05:00,53.04,53.08,53.04,53.08,6723
2019-11-22 14:20:00-05:00,53.08,53.1,53.075,53.1,3592
2019-11-22 14:25:00-05:00,53.11,53.115,53.09,53.105,4169
2019-11-22 14:30:00-05:00,53.085,53.115,53.08,53.115,6333
2019-11-22 14:35:00-05:00,53.11,53.11,53.08,53.09,6571
2019-11-22 14:40:00-05:00,53.08,53.15,53.08,53.15,6749
2019-11-22 14:45:00-05:00,53.145,53.17,53.14,53.17,5139
2019-11-22 14:50:00-05:00,53.16,53.17,53.15,53.17,7830
2019-11-22 14:55:00-05:00,53.18,53.185,53.15,53.17,7255
2019-11-22 15:00:00-05:00,53.165,53.17,53.14,53.15,4528
2019-11-22 15:05:00-05:00,53.16,53.165,53.14,53.15,4312
2019-11-22 15:10:00-05:00,53.15,53.18,53.13,53.14,9704
2019-11-22 15:15:00-05:00,53.13,53.13,53.1,53.125,5018
2019-11-22 15:20:00-05:00,53.11,53.13,53.105,53.11,5089
2019-11-22 15:25:00-05:00,53.115,53.13,53.09,53.1,6652
2019-11-22 15:30:00-05:00,53.09,53.1,53.065,53.07,7529
2019-11-22 15:35:00-05:00,53.07,53.1,53.065,53.085,13665
2019-11-22 15:40:00-05:00,53.08,53.115,53.065,53.11,19828
2019-11-22 15:45:00-05:00,53.1,53.135,53.09,53.1,22068
2019-11-22 15:50:00-05:00,53.1,53.12,53.045,53.045,42953
2019-11-22 15:55:00-05:00,53.04,53.06,53.02,53.02,62559
2019-11-25 09:30:00-05:00,53.28,53.38,53.21,53.34,9106
2019-11-25 09:35:00-05:00,53.345,53.39,53.235,53.235,8762
2019-11-25 09:40:00-05:00,53.245,53.27,53.17,53.175,5325
2019-11-25 09:45:00-05:00,53.165,53.2,53.125,53.2,7027
2019-11-25 09:50:00-05:00,53.22,53.245,53.19,53.19,5310
2019-11-25 09:55:00-05:00,53.195,53.195,53.155,53.165,15673
2019-11-25 10:00:00-05:00,53.16,53.17,53.005,53.03,13834
2019-11-25 10:05:00-05:00,53.02,53.04,52.945,52.945,12039
2019-11-25 10:10:00-05:00,52.96,52.96,52.905,52.96,6172
2019-11-25 10:15:00-05:00,52.94,52.94,52.855,52.865,7857
2019-11-25 10:20:00-05:00,52.87,52.88,52.83,52.865,22811
2019-11-25 10:25:00-05:00,52.86,52.88,52.84,52.855,30993
2019-11-25 10:30:00-05:00,52.855,52.875,52.81,52.855,17115
2019-11-25 10:35:00-05:00,52.86,52.91,52.86,52.91,12217
2019-11-25 10:40:00-05:00,52.9,52.94,52.89,52.92,10342
2019-11-25 10:45:00-05:00,52.92,52.935,52.89,52.93,19294
2019-11-25 10:50:00-05:00,52.96,53.0,52.955,52.955,17021
2019-11-25 10:55:00-05:00,52.955,52.985,52.92,52.97,10964
2019-11-25 11:00:00-05:00,52.96,52.975,52.885,52.89,15334
2019-11-25 11:05:00-05:00,52.88,52.9,52.83,52.83,5487
2019-11-25 11:10:00-05:00,52.84,52.84,52.81,52.82,6707
2019-11-25 11:15:00-05:00,52.8,52.83,52.77,52.815,8363
2019-11-25 11:20:00-05:00,52.815,52.86,52.81,52.84,4894
2019-11-25 11:25:00-05:00,52.85,52.88,52.84,52.88,6768
2019-11-25 11:30:00-05:00,52.87,52.915,52.86,52.915,5653
2019-11-25 11:35:00-05:00,52.91,52.96,52.905,52.92,2928
2019-11-25 11:40:00-05:00,52.93,52.93,52.905,52.915,4009
2019-11-25 11:45:00-05:00,52.91,52.93,52.9,52.93,4215
2019-11-25 11:50:00-05:00,52.94,52.95,52.925,52.945,2634
2019-11-25 11:55:00-05:00,52.94,52.95,52.935,52.95,6078
2019-11-25 12:00:00-05:00,52.955,52.955,52.91,52.91,4221
2019-11-25 12:05:00-05:00,52.915,52.94,52.905,52.935,3787
2019-11-25 12:10:00-05:00,52.94,52.94,52.9,52.91,6251
2019-11-25 12:15:00-05:00,52.91,52.915,52.91,52.915,2324
2019-11-25 12:20:00-05:00,52.92,52.94,52.91,52.94,5537
2019-11-25 12:25:00-05:00,52.945,52.97,52.93,52.96,5786
2019-11-25 12:30:00-05:00,52.965,52.975,52.95,52.95,6095
2019-11-25 12:35:00-05:00,52.935,52.94,52.91,52.93,7079
2019-11-25 12:40:00-05:00,52.92,52.92,52.905,52.92,2509
2019-11-25 12:45:00-05:00,52.925,52.94,52.92,52.935,2807
2019-11-25 12:50:00-05:00,52.935,52.935,52.885,52.895,3291
2019-11-25 12:55:00-05:00,52.895,52.9,52.89,52.895,4513
2019-11-25 13:00:00-05:00,52.89,52.92,52.89,52.92,15170
2019-11-25 13:05:00-05:00,52.925,52.94,52.92,52.94,3920
2019-11-25 13:10:00-05:00,52.94,52.96,52.94,52.96,2473
2019-11-25 13:15:00-05:00,52.95,52.955,52.935,52.945,4971
2019-11-25 13:20:00-05:00,52.955,53.0,52.95,52.995,4823
2019-11-25 13:25:00-05:00,52.99,53.04,52.99,53.04,6540
2019-11-25 13:30:00-05:00,53.03,53.04,53.005,53.025,8258
2019-11-25 13:35:00-05:00,53.025,53.07,53.025,53.06,8142
2019-11-25 13:40:00-05:00,53.07,53.085,53.06,53.07,7902
2019-11-25 13:45:00-05:00,53.07,53.085,53.06,53.07,4648
2019-11-25 13:50:00-05:00,53.07,53.08,53.06,53.07,5492
2019-11-25 13:55:00-05:00,53.065,53.085,53.06,53.08,7626
2019-11-25 14:00:00-05:00,53.085,53.12,53.085,53.11,1705
2019-11-25 14:05:00-05:00,53.1,53.1,53.09,53.095,1412
2019-11-25 14:10:00-05:00,53.095,53.1,53.065,53.08,7237
2019-11-25 14:15:00-05:00,53.09,53.115,53.09,53.105,2150
2019-11-25 14:20:00-05:00,53.1,53.115,53.1,53.11,3970
2019-11-25 14:25:00-05:00,53.1,53.1,53.085,53.09,2832
2019-11-25 14:30:00-05:00,53.095,53.115,53.09,53.11,3332
2019-11-25 14:35:00-05:00,53.12,53.13,53.12,53.125,4021
2019-11-25 14:40:00-05:00,53.125,53.13,53.115,53.115,12562
2019-11-25 14:45:00-05:00,53.115,53.12,53.1,53.1,2298
2019-11-25 14:50:00-05:00,53.105,53.13,53.1,53.13,11974
2019-11-25 14:55:00-05:00,53.125,53.13,53.12,53.12,17113
2019-11-25 15:00:00-05:00,53.13,53.18,53.12,53.18,20303
2019-11-25 15:05:00-05:00,53.17,53.175,53.15,53.16,6248
2019-11-25 15:10:00-05:00,53.15,53.17,53.145,53.155,9813
2019-11-25 15:15:00-05:00,53.16,53.16,53.11,53.135,5508
2019-11-25 15:20:00-05:00,53.13,53.155,53.13,53.15,7951
2019-11-25 15:25:00-05:00,53.155,53.17,53.15,53.17,5035
2019-11-25 15:30:00-05:00,53.18,53.19,53.15,53.155,12992
2019-11-25 15:35:00-05:00,53.155,53.16,53.12,53.15,12065
2019-11-25 15:40:00-05:00,53.15,53.16,53.145,53.16,7408
2019-11-25 15:45:00-05:00,53.155,53.2,53.145,53.165,23431
2019-11-25 15:50:00-05:00,53.16,53.27,53.15,53.27,38175
2019-11-25 15:55:00-05:00,53.27,53.27,53.175,53.2,72060
2019-11-26 09:30:00-05:00,53.315,53.37,53.23,53.35,8729
2019-11-26 09:35:00-05:00,53.32,53.39,53.32,53.345,4578
2019-11-26 09:40:00-05:00,53.345,53.35,53.29,53.29,4556
2019-11-26 09:45:00-05:00,53.305,53.325,53.26,53.27,3292
2019-11-26 09:50:00-05:00,53.27,53.38,53.27,53.35,4516
2019-11-26 09:55:00-05:00,53.35,53.43,53.35,53.43,7164
2019-11-26 10:00:00-05:00,53.45,53.49,53.43,53.485,3687
2019-11-26 10:05:00-05:00,53.48,53.52,53.42,53.44,19679
2019-11-26 10:10:00-05:00,53.445,53.445,53.35,53.385,12440
2019-11-26 10:15:00-05:00,53.385,53.425,53.385,53.425,7254
2019-11-26 10:20:00-05:00,53.435,53.46,53.425,53.425,8684
2019-11-26 10:25:00-05:00,53.42,53.46,53.405,53.435,8817
2019-11-26 10:30:00-05:00,53.44,53.5,53.43,53.5,34359
2019-11-26 10:35:00-05:00,53.49,53.53,53.485,53.525,3755
2019-11-26 10:40:00-05:00,53.525,53.545,53.495,53.495,5519
2019-11-26 10:45:00-05:00,53.505,53.54,53.5,53.525,8149
2019-11-26 10:50:00-05:00,53.53,53.53,53.495,53.515,2076
2019-11-26 10:55:00-05:00,53.515,53.575,53.515,53.555,2909
2019-11-26 11:00:00-05:00,53.555,53.59,53.555,53.59,1721
2019-11-26 11:05:00-05:00,53.59,53.62,53.59,53.61,7692
2019-11-26 11:10:00-05:00,53.6,53.62,53.6,53.62,3494
2019-11-26 11:15:00-05:00,53.615,53.66,53.59,53.62,15274
2019-11-26 11:20:00-05:00,53.62,53.685,53.62,53.66,6309
2019-11-26 11:25:00-05:00,53.675,53.695,53.66,53.665,127886
2019-11-26 11:30:00-05:00,53.68,53.685,53.65,53.66,2648
2019-11-26 11:35:00-05:00,53.665,53.705,53.665,53.7,84761
2019-11-26 11:40:00-05:00,53.69,53.7,53.67,53.7,3764
2019-11-26 11:45:00-05:00,53.71,53.72,53.69,53.71,3679
2019-11-26 11:50:00-05:00,53.73,53.73,53.7,53.705,1356
2019-11-26 11:55:00-05:00,53.705,53.705,53.68,53.68,5606
2019-11-26 12:00:00-05:00,53.69,53.69,53.65,53.66,4637
2019-11-26 12:05:00-05:00,53.665,53.68,53.665,53.68,2471
2019-11-26 12:10:00-05:00,53.69,53.71,53.69,53.7,2752
2019-11-26 12:15:00-05:00,53.69,53.69,53.65,53.65,2552
2019-11-26 12:20:00-05:00,53.65,53.675,53.65,53.66,2153
2019-11-26 12:25:00-05:00,53.65,53.69,53.65,53.68,2713
2019-11-26 12:30:00-05:00,53.68,53.68,53.6,53.6,3603
2019-11-26 12:35:00-05:00,53.61,53.65,53.6,53.65,1089
2019-11-26 12:40:00-05:00,53.64,53.645,53.615,53.615,1817
2019-11-26 12:45:00-05:00,53.63,53.66,53.63,53.65,2620
2019-11-26 12:50:00-05:00,53.645,53.66,53.645,53.655,1079
2019-11-26 12:55:00-05:00,53.645,53.66,53.645,53.655,2095
2019-11-26 13:00:00-05:00,53.66,53.66,53.645,53.645,3712
2019-11-26 13:05:00-05:00,53.645,53.685,53.645,53.68,3443
2019-11-26 13:10:00-05:00,53.68,53.68,53.64,53.66,4144
2019-11-26 13:15:00-05:00,53.66,53.69,53.66,53.69,2091
2019-11-26 13:20:00-05:00,53.69,53.705,53.69,53.69,3358
2019-11-26 13:25:00-05:00,53.685,53.695,53.67,53.695,2451
2019-11-26 13:30:00-05:00,53.69,53.695,53.64,53.64,19445
2019-11-26 13:35:00-05:00,53.64,53.69,53.64,53.69,3905
2019-11-26 13:40:00-05:00,53.68,53.705,53.68,53.69,4274
2019-11-26 13:45:00-05:00,53.7,53.71,53.695,53.705,7905
2019-11-26 13:50:00-05:00,53.7,53.74,53.7,53.74,5399
2019-11-26 13:55:00-05:00,53.745,53.745,53.73,53.74,4150
2019-11-26 14:00:00-05:00,53.735,53.735,53.72,53.725,7829
2019-11-26 14:05:00-05:00,53.72,53.75,53.72,53.74,3819
2019-11-26 14:10:00-05:00,53.74,53.765,53.71,53.72,10337
2019-11-26 14:15:00-05:00,53.72,53.725,53.71,53.72,7456
2019-11-26 14:20:00-05:00,53.72,53.725,53.69,53.69,6851
2019-11-26 14:25:00-05:00,53.69,53.69,53.68,53.68,1093
2019-11-26 14:30:00-05:00,53.69,53.69,53.68,53.69,2839
2019-11-26 14:35:00-05:00,53.68,53.68,53.65,53.66,4150
2019-11-26 14:40:00-05:00,53.655,53.67,53.65,53.66,3080
2019-11-26 14:45:00-05:00,53.65,53.665,53.65,53.66,3491
2019-11-26 14:50:00-05:00,53.67,53.67,53.66,53.66,2980
2019-11-26 14:55:00-05:00,53.65,53.67,53.65,53.67,4327
2019-11-26 15:00:00-05:00,53.665,53.665,53.625,53.63,5966
2019-11-26 15:05:00-05:00,53.625,53.64,53.6,53.64,6678
2019-11-26 15:10:00-05:00,53.645,53.645,53.6,53.61,7177
2019-11-26 15:15:00-05:00,53.62,53.66,53.62,53.655,3467
2019-11-26 15:20:00-05:00,53.66,53.67,53.655,53.66,2233
2019-11-26 15:25:00-05:00,53.665,53.695,53.66,53.695,8472
2019-11-26 15:30:00-05:00,53.69,53.7,53.68,53.695,9564
2019-11-26 15:35:00-05:00,53.69,53.69,53.67,53.675,12182
2019-11-26 15:40:00-05:00,53.67,53.69,53.655,53.685,15785
2019-11-26 15:45:00-05:00,53.68,53.72,53.68,53.71,20462
2019-11-26 15:50:00-05:00,53.73,53.88,53.72,53.88,33845
2019-11-26 15:55:00-05:00,53.88,53.935,53.82,53.88,138448
2019-11-26 16:00:00-05:00,53.88,53.88,53.88,53.88,100
2019-11-27 09:30:00-05:00,53.94,54.09,53.93,53.97,7248
2019-11-27 09:35:00-05:00,53.97,53.97,53.88,53.88,2723
2019-11-27 09:40:00-05:00,53.88,53.9,53.73,53.775,7687
2019-11-27 09:45:00-05:00,53.765,53.77,53.6,53.65,6658
2019-11-27 09:50:00-05:00,53.67,53.72,53.66,53.7,8271
2019-11-27 09:55:00-05:00,53.69,53.72,53.67,53.72,1053
2019-11-27 10:00:00-05:00,53.74,53.75,53.675,53.7,2947
2019-11-27 10:05:00-05:00,53.67,53.7,53.67,53.69,1707
2019-11-27 10:10:00-05:00,53.66,53.68,53.64,53.66,3125
2019-11-27 10:15:00-05:00,53.685,53.7,53.665,53.69,2238
2019-11-27 10:20:00-05:00,53.68,53.69,53.66,53.67,4353
2019-11-27 10:25:00-05:00,53.66,53.68,53.65,53.675,3970
2019-11-27 10:30:00-05:00,53.68,53.71,53.68,53.695,6327
2019-11-27 10:35:00-05:00,53.69,53.75,53.67,53.74,5963
2019-11-27 10:40:00-05:00,53.735,53.795,53.735,53.78,5524
2019-11-27 10:45:00-05:00,53.775,53.82,53.77,53.82,5313
2019-11-27 10:50:00-05:00,53.82,53.83,53.765,53.78,8711
2019-11-27 10:55:00-05:00,53.785,53.83,53.775,53.81,5777
2019-11-27 11:00:00-05:00,53.82,53.88,53.8,53.88,5722
2019-11-27 11:05:00-05:00,53.855,53.87,53.85,53.87,1382
2019-11-27 11:10:00-05:00,53.855,53.86,53.81,53.82,6337
2019-11-27 11:15:00-05:00,53.825,53.835,53.82,53.82,1313
2019-11-27 11:20:00-05:00,53.84,53.87,53.83,53.87,1646
2019-11-27 11:25:00-05:00,53.875,53.915,53.87,53.915,2136
2019-11-27 11:30:00-05:00,53.915,53.98,53.91,53.97,3646
2019-11-27 11:35:00-05:00,53.965,54.025,53.965,54.02,4429
2019-11-27 11:40:00-05:00,54.01,54.045,54.01,54.04,1316
2019-11-27 11:45:00-05:00,54.045,54.045,53.975,53.99,6098
2019-11-27 11:50:00-05:00,54.005,54.02,54.0,54.02,1834
2019-11-27 11:55:00-05:00,54.03,54.055,54.03,54.055,2277
2019-11-27 12:00:00-05:00,54.05,54.055,53.995,54.025,3306
2019-11-27 12:05:00-05:00,54.0,54.065,54.0,54.065,2229
2019-11-27 12:10:00-05:00,54.05,54.05,54.035,54.035,2466
2019-11-27 12:15:00-05:00,54.02,54.02,53.955,53.955,1370
2019-11-27 12:20:00-05:00,53.965,53.97,53.96,53.97,811
2019-11-27 12:25:00-05:00,53.97,53.985,53.96,53.96,2760
2019-11-27 12:30:00-05:00,53.965,53.99,53.935,53.99,3693
2019-11-27 12:35:00-05:00,53.98,54.03,53.98,54.03,3421
2019-11-27 12:40:00-05:00,54.01,54.01,53.985,53.985,1889
2019-11-27 12:45:00-05:00,53.985,53.99,53.97,53.98,3002
2019-11-27 12:50:00-05:00,53.99,54.015,53.99,54.01,2014
2019-11-27 12:55:00-05:00,54.015,54.015,54.0,54.01,1710
2019-11-27 13:00:00-05:00,54.005,54.005,53.985,54.0,2515
2019-11-27 13:05:00-05:00,54.0,54.0,53.99,54.0,2054
2019-11-27 13:10:00-05:00,54.0,54.07,54.0,54.06,4314
2019-11-27 13:15:00-05:00,54.065,54.065,54.03,54.065,874
2019-11-27 13:20:00-05:00,54.055,54.06,54.03,54.055,2322
2019-11-27 13:25:00-05:00,54.06,54.065,54.05,54.06,1936
2019-11-27 13:30:00-05:00,54.05,54.055,54.03,54.055,10621
2019-11-27 13:35:00-05:00,54.055,54.075,54.04,54.075,15005
2019-11-27 13:40:00-05:00,54.07,54.08,54.06,54.06,1827
2019-11-27 13:45:00-05:00,54.06,54.08,54.06,54.08,2034
2019-11-27 13:50:00-05:00,54.08,54.085,54.03,54.04,2597
2019-11-27 13:55:00-05:00,54.04,54.05,54.04,54.05,4563
2019-11-27 14:00:00-05:00,54.05,54.065,54.05,54.06,3072
2019-11-27 14:05:00-05:00,54.05,54.055,54.03,54.04,2123
2019-11-27 14:10:00-05:00,54.035,54.05,54.035,54.05,200
2019-11-27 14:15:00-05:00,54.045,54.06,54.04,54.045,1777
2019-11-27 14:20:00-05:00,54.05,54.065,54.045,54.065,1582
2019-11-27 14:25:00-05:00,54.06,54.07,54.04,54.06,2016
2019-11-27 14:30:00-05:00,54.065,54.065,54.025,54.04,1616
2019-11-27 14:35:00-05:00,54.035,54.05,54.035,54.04,1403
2019-11-27 14:40:00-05:00,54.04,54.055,54.04,54.05,2521
2019-11-27 14:45:00-05:00,54.045,54.07,54.03,54.07,3035
2019-11-27 14:50:00-05:00,54.08,54.1,54.07,54.075,3384
2019-11-27 14:55:00-05:00,54.065,54.07,54.04,54.05,7733
2019-11-27 15:00:00-05:00,54.03,54.07,54.03,54.06,3126
2019-11-27 15:05:00-05:00,54.075,54.085,54.065,54.07,1994
2019-11-27 15:10:00-05:00,54.075,54.08,54.05,54.05,3548
2019-11-27 15:15:00-05:00,54.05,54.055,54.03,54.03,4762
2019-11-27 15:20:00-05:00,54.04,54.045,54.035,54.04,2968
2019-11-27 15:25:00-05:00,54.04,54.05,54.03,54.05,2763
2019-11-27 15:30:00-05:00,54.05,54.055,54.01,54.02,3895
2019-11-27 15:35:00-05:00,54.015,54.015,53.97,53.975,7330
2019-11-27 15:40:00-05:00,53.975,54.005,53.975,53.98,7481
2019-11-27 15:45:00-05:00,53.975,53.99,53.96,53.985,15590
2019-11-27 15:50:00-05:00,53.98,53.98,53.935,53.945,25998
2019-11-27 15:55:00-05:00,53.945,53.97,53.92,53.97,57405
2019-11-29 09:30:00-05:00,53.715,53.72,53.55,53.62,7603
2019-11-29 09:35:00-05:00,53.655,53.66,53.54,53.545,11997
2019-11-29 09:40:00-05:00,53.57,53.58,53.54,53.54,6788
2019-11-29 09:45:00-05:00,53.545,53.64,53.51,53.51,5972
2019-11-29 09:50:00-05:00,53.5,53.5,53.45,53.48,10275
2019-11-29 09:55:00-05:00,53.485,53.55,53.475,53.52,11423
2019-11-29 10:00:00-05:00,53.53,53.57,53.53,53.54,5037
2019-11-29 10:05:00-05:00,53.54,53.59,53.54,53.55,4620
2019-11-29 10:10:00-05:00,53.565,53.63,53.565,53.63,3772
2019-11-29 10:15:00-05:00,53.62,53.62,53.58,53.59,2899
2019-11-29 10:20:00-05:00,53.58,53.62,53.56,53.61,4080
2019-11-29 10:25:00-05:00,53.6,53.605,53.56,53.56,4233
2019-11-29 10:30:00-05:00,53.55,53.55,53.485,53.485,6968
2019-11-29 10:35:00-05:00,53.47,53.48,53.42,53.465,35981
2019-11-29 10:40:00-05:00,53.46,53.48,53.425,53.425,11743
2019-11-29 10:45:00-05:00,53.42,53.45,53.415,53.43,8962
2019-11-29 10:50:00-05:00,53.43,53.45,53.43,53.43,25614
2019-11-29 10:55:00-05:00,53.43,53.43,53.38,53.385,8401
2019-11-29 11:00:00-05:00,53.38,53.39,53.32,53.325,22620
2019-11-29 11:05:00-05:00,53.33,53.36,53.32,53.355,8445
2019-11-29 11:10:00-05:00,53.355,53.4,53.355,53.385,7725
2019-11-29 11:15:00-05:00,53.4,53.45,53.4,53.445,11328
2019-11-29 11:20:00-05:00,53.45,53.47,53.415,53.46,11734
2019-11-29 11:25:00-05:00,53.46,53.465,53.445,53.45,3541
2019-11-29 11:30:00-05:00,53.45,53.46,53.425,53.43,3626
2019-11-29 11:35:00-05:00,53.44,53.47,53.425,53.44,7130
2019-11-29 11:40:00-05:00,53.44,53.45,53.41,53.41,17911
2019-11-29 11:45:00-05:00,53.41,53.41,53.305,53.305,10302
2019-11-29 11:50:00-05:00,53.31,53.35,53.28,53.35,28955
2019-11-29 11:55:00-05:00,53.35,53.355,53.33,53.35,12762
2019-11-29 12:00:00-05:00,53.355,53.36,53.325,53.325,11510
2019-11-29 12:05:00-05:00,53.33,53.34,53.315,53.315,9012
2019-11-29 12:10:00-05:00,53.315,53.32,53.305,53.305,9776
2019-11-29 12:15:00-05:00,53.3,53.31,53.255,53.255,9268
2019-11-29 12:20:00-05:00,53.25,53.27,53.22,53.27,6304
2019-11-29 12:25:00-05:00,53.275,53.28,53.25,53.28,4140
2019-11-29 12:30:00-05:00,53.28,53.28,53.26,53.27,10587
2019-11-29 12:35:00-05:00,53.27,53.36,53.27,53.33,6940
2019-11-29 12:40:00-05:00,53.34,53.34,53.27,53.27,13085
2019-11-29 12:45:00-05:00,53.29,53.31,53.285,53.3,14688
2019-11-29 12:50:00-05:00,53.29,53.37,53.29,53.36,21339
2019-11-29 12:55:00-05:00,53.36,53.45,53.35,53.43,58203
2019-12-02 09:30:00-05:00,53.37,53.48,53.19,53.21,18395
2019-12-02 09:35:00-05:00,53.22,53.28,53.19,53.19,5367
2019-12-02 09:40:00-05:00,53.2,53.2,52.98,52.98,5086
2019-12-02 09:45:00-05:00,53.03,53.08,52.995,53.04,3586
2019-12-02 09:50:00-05:00,53.04,53.04,52.94,52.955,3728
2019-12-02 09:55:00-05:00,52.96,52.96,52.86,52.93,11853
2019-12-02 10:00:00-05:00,52.89,53.09,52.85,53.09,8731
2019-12-02 10:05:00-05:00,53.06,53.19,53.0,53.19,7888
2019-12-02 10:10:00-05:00,53.2,53.21,53.11,53.11,5606
2019-12-02 10:15:00-05:00,53.11,53.155,53.1,53.13,5336
2019-12-02 10:20:00-05:00,53.13,53.21,53.13,53.14,7480
2019-12-02 10:25:00-05:00,53.145,53.17,53.135,53.16,4587
2019-12-02 10:30:00-05:00,53.19,53.195,53.135,53.16,6183
2019-12-02 10:35:00-05:00,53.17,53.17,53.1,53.15,14310
2019-12-02 10:40:00-05:00,53.14,53.195,53.13,53.15,2525
2019-12-02 10:45:00-05:00,53.145,53.145,53.1,53.12,3587
2019-12-02 10:50:00-05:00,53.1,53.16,53.08,53.11,7551
2019-12-02 10:55:00-05:00,53.07,53.155,53.06,53.14,4854
2019-12-02 11:00:00-05:00,53.15,53.17,53.105,53.16,3706
2019-12-02 11:05:00-05:00,53.145,53.16,53.13,53.14,1131
2019-12-02 11:10:00-05:00,53.13,53.19,53.1,53.19,3763
2019-12-02 11:15:00-05:00,53.2,53.25,53.185,53.24,4430
2019-12-02 11:20:00-05:00,53.23,53.24,53.18,53.185,4458
2019-12-02 11:25:00-05:00,53.19,53.28,53.185,53.28,6609
2019-12-02 11:30:00-05:00,53.275,53.3,53.25,53.3,5039
2019-12-02 11:35:00-05:00,53.295,53.295,53.24,53.27,7447
2019-12-02 11:40:00-05:00,53.25,53.31,53.23,53.3,4797
2019-12-02 11:45:00-05:00,53.29,53.32,53.28,53.28,4981
2019-12-02 11:50:00-05:00,53.29,53.325,53.285,53.325,4691
2019-12-02 11:55:00-05:00,53.33,53.33,53.28,53.28,3852
2019-12-02 12:00:00-05:00,53.275,53.28,53.26,53.27,4747
2019-12-02 12:05:00-05:00,53.27,53.31,53.26,53.31,4562
2019-12-02 12:10:00-05:00,53.31,53.31,53.28,53.28,3061
2019-12-02 12:15:00-05:00,53.29,53.34,53.29,53.34,2287
2019-12-02 12:20:00-05:00,53.36,53.36,53.325,53.33,3308
2019-12-02 12:25:00-05:00,53.31,53.325,53.29,53.31,16232
2019-12-02 12:30:00-05:00,53.31,53.31,53.27,53.27,18617
2019-12-02 12:35:00-05:00,53.27,53.3,53.24,53.3,1819
2019-12-02 12:40:00-05:00,53.3,53.315,53.29,53.305,5021
2019-12-02 12:45:00-05:00,53.3,53.31,53.245,53.265,9354
2019-12-02 12:50:00-05:00,53.27,53.28,53.25,53.27,6166
2019-12-02 12:55:00-05:00,53.27,53.275,53.23,53.23,4821
2019-12-02 13:00:00-05:00,53.24,53.26,53.23,53.255,6434
2019-12-02 13:05:00-05:00,53.255,53.295,53.25,53.295,10922
2019-12-02 13:10:00-05:00,53.295,53.32,53.29,53.305,18497
2019-12-02 13:15:00-05:00,53.31,53.31,53.27,53.3,17520
2019-12-02 13:20:00-05:00,53.3,53.31,53.29,53.3,4160
2019-12-02 13:25:00-05:00,53.3,53.315,53.29,53.3,4977
2019-12-02 13:30:00-05:00,53.305,53.305,53.26,53.26,5548
2019-12-02 13:35:00-05:00,53.27,53.27,53.24,53.24,5576
2019-12-02 13:40:00-05:00,53.24,53.285,53.24,53.285,3014
2019-12-02 13:45:00-05:00,53.29,53.34,53.285,53.33,4939
2019-12-02 13:50:00-05:00,53.33,53.35,53.33,53.345,3853
2019-12-02 13:55:00-05:00,53.36,53.37,53.345,53.36,5110
2019-12-02 14:00:00-05:00,53.36,53.38,53.33,53.38,2416
2019-12-02 14:05:00-05:00,53.385,53.42,53.385,53.39,5047
2019-12-02 14:10:00-05:00,53.395,53.41,53.39,53.4,4630
2019-12-02 14:15:00-05:00,53.4,53.41,53.38,53.41,6059
2019-12-02 14:20:00-05:00,53.41,53.48,53.41,53.48,9775
2019-12-02 14:25:00-05:00,53.47,53.47,53.45,53.45,6195
2019-12-02 14:30:00-05:00,53.46,53.46,53.43,53.43,7091
2019-12-02 14:35:00-05:00,53.44,53.465,53.43,53.465,11485
2019-12-02 14:40:00-05:00,53.465,53.49,53.445,53.46,5027
2019-12-02 14:45:00-05:00,53.46,53.48,53.455,53.465,8847
2019-12-02 14:50:00-05:00,53.47,53.47,53.44,53.455,4393
2019-12-02 14:55:00-05:00,53.46,53.48,53.46,53.475,2568
2019-12-02 15:00:00-05:00,53.475,53.51,53.47,53.51,4991
2019-12-02 15:05:00-05:00,53.51,53.51,53.46,53.47,13301
2019-12-02 15:10:00-05:00,53.47,53.49,53.465,53.49,15827
2019-12-02 15:15:00-05:00,53.49,53.54,53.47,53.54,10589
2019-12-02 15:20:00-05:00,53.54,53.56,53.495,53.52,14436
2019-12-02 15:25:00-05:00,53.52,53.52,53.475,53.5,13451
2019-12-02 15:30:00-05:00,53.49,53.61,53.49,53.61,13332
2019-12-02 15:35:00-05:00,53.6,53.68,53.6,53.62,24591
2019-12-02 15:40:00-05:00,53.61,53.65,53.55,53.65,17658
2019-12-02 15:45:00-05:00,53.65,53.65,53.61,53.62,22215
2019-12-02 15:50:00-05:00,53.63,53.68,53.62,53.68,43639
2019-12-02 15:55:00-05:00,53.69,53.75,53.65,53.745,106275
2019-12-03 09:30:00-05:00,53.78,53.82,53.59,53.61,15975
2019-12-03 09:35:00-05:00,53.62,53.62,53.43,53.43,4243
2019-12-03 09:40:00-05:00,53.46,53.49,53.4,53.4,8221
2019-12-03 09:45:00-05:00,53.43,53.51,53.415,53.475,19901
2019-12-03 09:50:00-05:00,53.475,53.545,53.465,53.47,11660
2019-12-03 09:55:00-05:00,53.48,53.515,53.415,53.51,13360
2019-12-03 10:00:00-05:00,53.5,53.65,53.44,53.595,41886
2019-12-03 10:05:00-05:00,53.61,53.625,53.455,53.47,18391
2019-12-03 10:10:00-05:00,53.475,53.56,53.46,53.53,9660
2019-12-03 10:15:00-05:00,53.54,53.61,53.54,53.61,8279
2019-12-03 10:20:00-05:00,53.61,53.66,53.58,53.59,7461
2019-12-03 10:25:00-05:00,53.55,53.615,53.54,53.59,5621
2019-12-03 10:30:00-05:00,53.61,53.69,53.6,53.68,11830
2019-12-03 10:35:00-05:00,53.66,53.73,53.655,53.7,10966
2019-12-03 10:40:00-05:00,53.695,53.7,53.65,53.69,8098
2019-12-03 10:45:00-05:00,53.69,53.71,53.635,53.675,8017
2019-12-03 10:50:00-05:00,53.66,53.665,53.62,53.63,18511
2019-12-03 10:55:00-05:00,53.635,53.77,53.63,53.73,23692
2019-12-03 11:00:00-05:00,53.73,53.73,53.61,53.61,6916
2019-12-03 11:05:00-05:00,53.62,53.65,53.58,53.63,4025
2019-12-03 11:10:00-05:00,53.64,53.69,53.64,53.66,5135
2019-12-03 11:15:00-05:00,53.65,53.65,53.61,53.62,7181
2019-12-03 11:20:00-05:00,53.62,53.625,53.55,53.55,7571
2019-12-03 11:25:00-05:00,53.56,53.63,53.56,53.605,8206
2019-12-03 11:30:00-05:00,53.58,53.61,53.55,53.58,6699
2019-12-03 11:35:00-05:00,53.58,53.66,53.55,53.65,7293
2019-12-03 11:40:00-05:00,53.665,53.695,53.66,53.68,5939
2019-12-03 11:45:00-05:00,53.68,53.7,53.675,53.685,5578
2019-12-03 11:50:00-05:00,53.685,53.685,53.61,53.62,7623
2019-12-03 11:55:00-05:00,53.63,53.66,53.63,53.655,3317
2019-12-03 12:00:00-05:00,53.66,53.67,53.63,53.63,10775
2019-12-03 12:05:00-05:00,53.63,53.655,53.62,53.65,3327
2019-12-03 12:10:00-05:00,53.645,53.66,53.545,53.55,6840
2019-12-03 12:15:00-05:00,53.56,53.57,53.55,53.57,7041
2019-12-03 12:20:00-05:00,53.57,53.61,53.56,53.61,9207
2019-12-03 12:25:00-05:00,53.63,53.64,53.61,53.62,9295
2019-12-03 12:30:00-05:00,53.63,53.63,53.56,53.59,5241
2019-12-03 12:35:00-05:00,53.6,53.6,53.58,53.585,4425
2019-12-03 12:40:00-05:00,53.585,53.59,53.535,53.535,9360
2019-12-03 12:45:00-05:00,53.53,53.555,53.51,53.55,11648
2019-12-03 12:50:00-05:00,53.55,53.58,53.545,53.58,4826
2019-12-03 12:55:00-05:00,53.57,53.58,53.55,53.56,12390
2019-12-03 13:00:00-05:00,53.55,53.57,53.53,53.53,7339
2019-12-03 13:05:00-05:00,53.53,53.58,53.52,53.54,4869
2019-12-03 13:10:00-05:00,53.545,53.575,53.545,53.575,4281
2019-12-03 13:15:00-05:00,53.57,53.595,53.56,53.59,3529
2019-12-03 13:20:00-05:00,53.59,53.595,53.56,53.58,10615
2019-12-03 13:25:00-05:00,53.575,53.62,53.575,53.61,7156
2019-12-03 13:30:00-05:00,53.61,53.65,53.61,53.65,13991
2019-12-03 13:35:00-05:00,53.645,53.68,53.645,53.68,6032
2019-12-03 13:40:00-05:00,53.675,53.73,53.675,53.725,1727
2019-12-03 13:45:00-05:00,53.73,53.73,53.66,53.685,16781
2019-12-03 13:50:00-05:00,53.685,53.69,53.66,53.665,7530
2019-12-03 13:55:00-05:00,53.67,53.67,53.58,53.58,11680
2019-12-03 14:00:00-05:00,53.585,53.6,53.55,53.565,11394
2019-12-03 14:05:00-05:00,53.565,53.575,53.53,53.545,7813
2019-12-03 14:10:00-05:00,53.545,53.545,53.51,53.52,14576
2019-12-03 14:15:00-05:00,53.515,53.53,53.51,53.51,11653
2019-12-03 14:20:00-05:00,53.5,53.51,53.495,53.495,28200
2019-12-03 14:25:00-05:00,53.49,53.52,53.49,53.52,8822
2019-12-03 14:30:00-05:00,53.51,53.53,53.495,53.53,6421
2019-12-03 14:35:00-05:00,53.525,53.53,53.48,53.48,7017
2019-12-03 14:40:00-05:00,53.485,53.575,53.485,53.56,9689
2019-12-03 14:45:00-05:00,53.56,53.61,53.55,53.605,9044
2019-12-03 14:50:00-05:00,53.605,53.63,53.59,53.615,10046
2019-12-03 14:55:00-05:00,53.615,53.655,53.615,53.635,22593
2019-12-03 15:00:00-05:00,53.645,53.68,53.645,53.65,12605
2019-12-03 15:05:00-05:00,53.645,53.71,53.645,53.705,10210
2019-12-03 15:10:00-05:00,53.705,53.75,53.685,53.75,12280
2019-12-03 15:15:00-05:00,53.76,53.76,53.695,53.71,12117
2019-12-03 15:20:00-05:00,53.71,53.74,53.69,53.73,16023
2019-12-03 15:25:00-05:00,53.74,53.79,53.73,53.765,9006
2019-12-03 15:30:00-05:00,53.755,53.78,53.75,53.76,8168
2019-12-03 15:35:00-05:00,53.76,53.765,53.715,53.725,11087
2019-12-03 15:40:00-05:00,53.72,53.72,53.69,53.7,14878
2019-12-03 15:45:00-05:00,53.69,53.74,53.68,53.7,21053
2019-12-03 15:50:00-05:00,53.7,53.74,53.67,53.735,46671
2019-12-03 15:55:00-05:00,53.74,53.8,53.73,53.8,94556
2019-12-04 09:30:00-05:00,53.76,53.81,53.75,53.8,10338
2019-12-04 09:35:00-05:00,53.8,53.93,53.8,53.915,11137
2019-12-04 09:40:00-05:00,53.93,53.93,53.82,53.855,16180
2019-12-04 09:45:00-05:00,53.87,53.93,53.82,53.93,11405
2019-12-04 09:50:00-05:00,53.94,54.04,53.94,53.995,11718
2019-12-04 09:55:00-05:00,53.99,54.03,53.93,53.94,10721
2019-12-04 10:00:00-05:00,53.92,53.98,53.92,53.97,14371
2019-12-04 10:05:00-05:00,53.96,53.99,53.915,53.925,9949
2019-12-04 10:10:00-05:00,53.925,53.93,53.875,53.88,8118
2019-12-04 10:15:00-05:00,53.89,53.9,53.845,53.89,8741
2019-12-04 10:20:00-05:00,53.89,53.93,53.89,53.91,6700
2019-12-04 10:25:00-05:00,53.92,53.93,53.81,53.81,11604
2019-12-04 10:30:00-05:00,53.82,53.86,53.82,53.855,17156
2019-12-04 10:35:00-05:00,53.86,53.88,53.845,53.87,9795
2019-12-04 10:40:00-05:00,53.88,53.89,53.865,53.89,12982
2019-12-04 10:45:00-05:00,53.89,53.99,53.89,53.99,9524
2019-12-04 10:50:00-05:00,53.99,54.02,53.98,53.995,8220
2019-12-04 10:55:00-05:00,53.99,54.0,53.97,53.99,8160
2019-12-04 11:00:00-05:00,53.98,53.99,53.95,53.96,12708
2019-12-04 11:05:00-05:00,53.965,53.97,53.93,53.94,18209
2019-12-04 11:10:00-05:00,53.94,53.955,53.92,53.92,11086
2019-12-04 11:15:00-05:00,53.92,53.95,53.91,53.95,10495
2019-12-04 11:20:00-05:00,53.95,53.95,53.91,53.92,10588
2019-12-04 11:25:00-05:00,53.925,53.955,53.91,53.95,10283
2019-12-04 11:30:00-05:00,53.94,53.96,53.94,53.955,9899
2019-12-04 11:35:00-05:00,53.955,53.96,53.945,53.95,19482
2019-12-04 11:40:00-05:00,53.95,53.97,53.94,53.965,7395
2019-12-04 11:45:00-05:00,53.965,53.99,53.95,53.99,7791
2019-12-04 11:50:00-05:00,53.98,54.01,53.975,54.01,11517
2019-12-04 11:55:00-05:00,54.01,54.02,53.99,54.0,9426
2019-12-04 12:00:00-05:00,53.995,54.01,53.98,53.985,5929
2019-12-04 12:05:00-05:00,53.99,54.015,53.975,53.985,6686
2019-12-04 12:10:00-05:00,53.985,54.0,53.95,53.97,7430
2019-12-04 12:15:00-05:00,53.97,53.97,53.95,53.96,10775
2019-12-04 12:20:00-05:00,53.955,53.97,53.945,53.96,4214
2019-12-04 12:25:00-05:00,53.965,53.965,53.9,53.9,7166
2019-12-04 12:30:00-05:00,53.91,53.95,53.91,53.95,4392
2019-12-04 12:35:00-05:00,53.95,53.98,53.95,53.96,6775
2019-12-04 12:40:00-05:00,53.96,53.995,53.96,53.99,5997
2019-12-04 12:45:00-05:00,53.99,53.99,53.97,53.98,5896
2019-12-04 12:50:00-05:00,53.98,54.01,53.98,54.01,2978
2019-12-04 12:55:00-05:00,54.01,54.01,53.985,54.01,3741
2019-12-04 13:00:00-05:00,54.0,54.005,53.98,53.98,2387
2019-12-04 13:05:00-05:00,53.99,53.99,53.975,53.99,2462
2019-12-04 13:10:00-05:00,53.99,53.99,53.96,53.97,3864
2019-12-04 13:15:00-05:00,53.965,53.97,53.9,53.91,9615
2019-12-04 13:20:00-05:00,53.91,53.98,53.91,53.97,21820
2019-12-04 13:25:00-05:00,53.97,53.975,53.95,53.97,6879
2019-12-04 13:30:00-05:00,53.96,53.97,53.94,53.96,10458
2019-12-04 13:35:00-05:00,53.96,53.98,53.94,53.97,15798
2019-12-04 13:40:00-05:00,53.97,54.005,53.97,53.98,16672
2019-12-04 13:45:00-05:00,53.98,53.985,53.96,53.96,10909
2019-12-04 13:50:00-05:00,53.96,54.0,53.95,53.98,20842
2019-12-04 13:55:00-05:00,53.98,54.03,53.98,54.02,15387
2019-12-04 14:00:00-05:00,54.01,54.1,54.01,54.08,14834
2019-12-04 14:05:00-05:00,54.07,54.08,54.06,54.08,2776
2019-12-04 14:10:00-05:00,54.08,54.09,54.07,54.09,4387
2019-12-04 14:15:00-05:00,54.09,54.09,54.07,54.08,5649
2019-12-04 14:20:00-05:00,54.08,54.1,54.08,54.1,4534
2019-12-04 14:25:00-05:00,54.095,54.14,54.095,54.14,14452
2019-12-04 14:30:00-05:00,54.135,54.14,54.13,54.14,7003
2019-12-04 14:35:00-05:00,54.14,54.15,54.125,54.15,11245
2019-12-04 14:40:00-05:00,54.15,54.17,54.14,54.17,6617
2019-12-04 14:45:00-05:00,54.17,54.19,54.15,54.15,15632
2019-12-04 14:50:00-05:00,54.15,54.16,54.13,54.15,10548
2019-12-04 14:55:00-05:00,54.14,54.15,54.11,54.12,5980
2019-12-04 15:00:00-05:00,54.115,54.14,54.11,54.14,18158
2019-12-04 15:05:00-05:00,54.14,54.15,54.11,54.125,12559
2019-12-04 15:10:00-05:00,54.12,54.13,54.11,54.11,18772
2019-12-04 15:15:00-05:00,54.12,54.14,54.11,54.135,26009
2019-12-04 15:20:00-05:00,54.14,54.17,54.14,54.145,8039
2019-12-04 15:25:00-05:00,54.15,54.2,54.15,54.2,9920
2019-12-04 15:30:00-05:00,54.21,54.25,54.18,54.195,14018
2019-12-04 15:35:00-05:00,54.2,54.24,54.19,54.23,11361
2019-12-04 15:40:00-05:00,54.225,54.24,54.19,54.21,31056
2019-12-04 15:45:00-05:00,54.205,54.25,54.17,54.23,31196
2019-12-04 15:50:00-05:00,54.24,54.26,54.23,54.235,47645
2019-12-04 15:55:00-05:00,54.23,54.31,54.22,54.28,151706
2019-12-05 09:30:00-05:00,54.22,54.27,54.15,54.155,9056
2019-12-05 09:35:00-05:00,54.14,54.18,54.14,54.18,16973
2019-12-05 09:40:00-05:00,54.17,54.17,54.11,54.16,7111
2019-12-05 09:45:00-05:00,54.16,54.17,54.05,54.07,6093
2019-12-05 09:50:00-05:00,54.07,54.18,54.07,54.11,15111
2019-12-05 09:55:00-05:00,54.11,54.14,54.095,54.12,8054
2019-12-05 10:00:00-05:00,54.11,54.12,54.035,54.04,8074
2019-12-05 10:05:00-05:00,54.04,54.08,54.03,54.05,10116
2019-12-05 10:10:00-05:00,54.045,54.05,54.02,54.03,10641
2019-12-05 10:15:00-05:00,54.02,54.09,54.02,54.07,12221
2019-12-05 10:20:00-05:00,54.07,54.1,54.05,54.05,6869
2019-12-05 10:25:00-05:00,54.05,54.07,54.02,54.06,7412
2019-12-05 10:30:00-05:00,54.07,54.08,54.06,54.08,8690
2019-12-05 10:35:00-05:00,54.07,54.095,54.03,54.03,9011
2019-12-05 10:40:00-05:00,54.04,54.07,54.03,54.07,8934
2019-12-05 10:45:00-05:00,54.08,54.115,54.075,54.09,8192
2019-12-05 10:50:00-05:00,54.095,54.095,54.06,54.06,8549
2019-12-05 10:55:00-05:00,54.05,54.065,54.01,54.03,8099
2019-12-05 11:00:00-05:00,54.01,54.02,53.99,54.0,11294
2019-12-05 11:05:00-05:00,54.0,54.03,53.97,54.03,6645
2019-12-05 11:10:00-05:00,54.025,54.025,53.99,54.02,8167
2019-12-05 11:15:00-05:00,54.03,54.04,54.015,54.04,4912
2019-12-05 11:20:00-05:00,54.03,54.04,54.01,54.025,4202
2019-12-05 11:25:00-05:00,54.02,54.04,54.0,54.04,5955
2019-12-05 11:30:00-05:00,54.03,54.035,53.99,53.99,5121
2019-12-05 11:35:00-05:00,53.98,53.995,53.94,53.94,8619
2019-12-05 11:40:00-05:00,53.95,53.95,53.915,53.92,15607
2019-12-05 11:45:00-05:00,53.92,53.93,53.89,53.905,7113
2019-12-05 11:50:00-05:00,53.91,53.92,53.88,53.89,4855
2019-12-05 11:55:00-05:00,53.9,53.9,53.87,53.88,5192
2019-12-05 12:00:00-05:00,53.89,53.93,53.89,53.91,8501
2019-12-05 12:05:00-05:00,53.91,53.93,53.91,53.93,4342
2019-12-05 12:10:00-05:00,53.92,53.93,53.91,53.91,4891
2019-12-05 12:15:00-05:00,53.91,53.91,53.885,53.89,4714
2019-12-05 12:20:00-05:00,53.91,53.935,53.91,53.91,3016
2019-12-05 12:25:00-05:00,53.88,53.9,53.875,53.9,4734
2019-12-05 12:30:00-05:00,53.9,53.9,53.87,53.87,10313
2019-12-05 12:35:00-05:00,53.84,53.88,53.83,53.88,2766
2019-12-05 12:40:00-05:00,53.89,53.89,53.87,53.88,12770
2019-12-05 12:45:00-05:00,53.88,53.9,53.88,53.9,1519
2019-12-05 12:50:00-05:00,53.91,53.95,53.91,53.94,9996
2019-12-05 12:55:00-05:00,53.94,53.95,53.935,53.94,2818
2019-12-05 13:00:00-05:00,53.94,53.945,53.93,53.935,4174
2019-12-05 13:05:00-05:00,53.94,53.95,53.92,53.92,6584
2019-12-05 13:10:00-05:00,53.93,53.94,53.93,53.94,4094
2019-12-05 13:15:00-05:00,53.93,53.94,53.91,53.94,3489
2019-12-05 13:20:00-05:00,53.93,53.935,53.92,53.92,4104
2019-12-05 13:25:00-05:00,53.93,53.945,53.92,53.94,6715
2019-12-05 13:30:00-05:00,53.93,53.96,53.92,53.92,17418
2019-12-05 13:35:00-05:00,53.925,53.97,53.925,53.965,4307
2019-12-05 13:40:00-05:00,53.96,54.0,53.96,54.0,17780
2019-12-05 13:45:00-05:00,53.99,54.01,53.975,54.01,9871
2019-12-05 13:50:00-05:00,54.0,54.02,53.995,54.01,5012
2019-12-05 13:55:00-05:00,54.01,54.02,54.005,54.01,4464
2019-12-05 14:00:00-05:00,54.02,54.035,53.97,53.995,10787
2019-12-05 14:05:00-05:00,54.0,54.0,53.98,53.98,3703
2019-12-05 14:10:00-05:00,53.99,53.99,53.97,53.99,14533
2019-12-05 14:15:00-05:00,53.985,53.99,53.965,53.965,10556
2019-12-05 14:20:00-05:00,53.97,53.98,53.97,53.975,3342
2019-12-05 14:25:00-05:00,53.97,53.99,53.97,53.98,7527
2019-12-05 14:30:00-05:00,53.98,54.03,53.98,54.03,7211
2019-12-05 14:35:00-05:00,54.03,54.08,54.025,54.08,6924
2019-12-05 14:40:00-05:00,54.08,54.09,54.055,54.09,24601
2019-12-05 14:45:00-05:00,54.09,54.095,54.07,54.09,5951
2019-12-05 14:50:00-05:00,54.09,54.12,54.09,54.12,9850
2019-12-05 14:55:00-05:00,54.11,54.12,54.01,54.06,67838
2019-12-05 15:00:00-05:00,54.055,54.11,54.05,54.1,16054
2019-12-05 15:05:00-05:00,54.105,54.145,54.095,54.11,15734
2019-12-05 15:10:00-05:00,54.11,54.17,54.11,54.15,25889
2019-12-05 15:15:00-05:00,54.15,54.17,54.15,54.16,17462
2019-12-05 15:20:00-05:00,54.155,54.18,54.105,54.11,17645
2019-12-05 15:25:00-05:00,54.12,54.18,54.12,54.18,13582
2019-12-05 15:30:00-05:00,54.17,54.21,54.17,54.2,14038
2019-12-05 15:35:00-05:00,54.195,54.25,54.195,54.25,13296
2019-12-05 15:40:00-05:00,54.25,54.25,54.17,54.21,39850
2019-12-05 15:45:00-05:00,54.21,54.23,54.19,54.205,62973
2019-12-05 15:50:00-05:00,54.21,54.225,54.12,54.17,36792
2019-12-05 15:55:00-05:00,54.17,54.21,54.125,54.2,71268
2019-12-06 09:30:00-05:00,54.36,54.45,54.32,54.45,11091
2019-12-06 09:35:00-05:00,54.45,54.45,54.29,54.29,6431
2019-12-06 09:40:00-05:00,54.29,54.33,54.22,54.33,3303
2019-12-06 09:45:00-05:00,54.31,54.32,54.25,54.28,3718
2019-12-06 09:50:00-05:00,54.28,54.28,54.25,54.265,17612
2019-12-06 09:55:00-05:00,54.255,54.27,54.2,54.21,12657
2019-12-06 10:00:00-05:00,54.19,54.23,54.17,54.205,5586
2019-12-06 10:05:00-05:00,54.2,54.21,54.17,54.21,7527
2019-12-06 10:10:00-05:00,54.205,54.24,54.18,54.24,6655
2019-12-06 10:15:00-05:00,54.24,54.29,54.19,54.28,21588
2019-12-06 10:20:00-05:00,54.275,54.29,54.26,54.285,66966
2019-12-06 10:25:00-05:00,54.28,54.36,54.28,54.355,19165
2019-12-06 10:30:00-05:00,54.35,54.36,54.34,54.35,13617
2019-12-06 10:35:00-05:00,54.33,54.395,54.33,54.395,6766
2019-12-06 10:40:00-05:00,54.4,54.435,54.395,54.425,6724
2019-12-06 10:45:00-05:00,54.4,54.44,54.395,54.435,2463
2019-12-06 10:50:00-05:00,54.44,54.47,54.435,54.435,8350
2019-12-06 10:55:00-05:00,54.43,54.44,54.415,54.42,18409
2019-12-06 11:00:00-05:00,54.43,54.45,54.43,54.44,4613
2019-12-06 11:05:00-05:00,54.445,54.47,54.435,54.455,5323
2019-12-06 11:10:00-05:00,54.46,54.46,54.44,54.45,4376
2019-12-06 11:15:00-05:00,54.45,54.455,54.43,54.44,3864
2019-12-06 11:20:00-05:00,54.45,54.465,54.445,54.445,4466
2019-12-06 11:25:00-05:00,54.45,54.45,54.44,54.44,4423
2019-12-06 11:30:00-05:00,54.44,54.44,54.415,54.415,2836
2019-12-06 11:35:00-05:00,54.42,54.44,54.41,54.435,5714
2019-12-06 11:40:00-05:00,54.435,54.44,54.41,54.42,4769
2019-12-06 11:45:00-05:00,54.425,54.435,54.42,54.42,1821
2019-12-06 11:50:00-05:00,54.43,54.43,54.415,54.42,3673
2019-12-06 11:55:00-05:00,54.42,54.435,54.42,54.42,2071
2019-12-06 12:00:00-05:00,54.43,54.43,54.4,54.425,5065
2019-12-06 12:05:00-05:00,54.425,54.44,54.42,54.435,125583
2019-12-06 12:10:00-05:00,54.43,54.44,54.425,54.44,4193
2019-12-06 12:15:00-05:00,54.43,54.44,54.425,54.435,5364
2019-12-06 12:20:00-05:00,54.425,54.43,54.41,54.43,6032
2019-12-06 12:25:00-05:00,54.43,54.44,54.43,54.435,2364
2019-12-06 12:30:00-05:00,54.43,54.45,54.43,54.45,2871
2019-12-06 12:35:00-05:00,54.44,54.445,54.425,54.435,2984
2019-12-06 12:40:00-05:00,54.43,54.44,54.42,54.435,5698
2019-12-06 12:45:00-05:00,54.435,54.47,54.43,54.47,5498
2019-12-06 12:50:00-05:00,54.47,54.48,54.46,54.475,3908
2019-12-06 12:55:00-05:00,54.47,54.48,54.46,54.46,5132
2019-12-06 13:00:00-05:00,54.465,54.48,54.465,54.48,2418
2019-12-06 13:05:00-05:00,54.47,54.48,54.46,54.475,3546
2019-12-06 13:10:00-05:00,54.48,54.49,54.47,54.49,3448
2019-12-06 13:15:00-05:00,54.48,54.485,54.475,54.485,3346
2019-12-06 13:20:00-05:00,54.49,54.495,54.48,54.48,3104
2019-12-06 13:25:00-05:00,54.48,54.49,54.48,54.48,3434
2019-12-06 13:30:00-05:00,54.485,54.49,54.475,54.49,4556
2019-12-06 13:35:00-05:00,54.49,54.49,54.47,54.485,8235
2019-12-06 13:40:00-05:00,54.48,54.485,54.455,54.46,5393
2019-12-06 13:45:00-05:00,54.455,54.475,54.45,54.46,4645
2019-12-06 13:50:00-05:00,54.46,54.47,54.46,54.47,2982
2019-12-06 13:55:00-05:00,54.475,54.475,54.455,54.46,2895
2019-12-06 14:00:00-05:00,54.465,54.475,54.45,54.45,3936
2019-12-06 14:05:00-05:00,54.455,54.46,54.395,54.405,10345
2019-12-06 14:10:00-05:00,54.395,54.41,54.39,54.41,4749
2019-12-06 14:15:00-05:00,54.42,54.44,54.4,54.43,4606
2019-12-06 14:20:00-05:00,54.43,54.44,54.42,54.44,6471
2019-12-06 14:25:00-05:00,54.43,54.465,54.43,54.465,7264
2019-12-06 14:30:00-05:00,54.46,54.47,54.45,54.465,3721
2019-12-06 14:35:00-05:00,54.47,54.49,54.455,54.49,6526
2019-12-06 14:40:00-05:00,54.485,54.5,54.48,54.495,5964
2019-12-06 14:45:00-05:00,54.5,54.5,54.48,54.48,4401
2019-12-06 14:50:00-05:00,54.48,54.48,54.44,54.45,6218
2019-12-06 14:55:00-05:00,54.45,54.48,54.44,54.47,3105
2019-12-06 15:00:00-05:00,54.47,54.47,54.445,54.47,3560
2019-12-06 15:05:00-05:00,54.47,54.49,54.46,54.48,5877
2019-12-06 15:10:00-05:00,54.48,54.49,54.45,54.46,5174
2019-12-06 15:15:00-05:00,54.46,54.47,54.46,54.47,2725
2019-12-06 15:20:00-05:00,54.47,54.48,54.46,54.48,2157
2019-12-06 15:25:00-05:00,54.48,54.5,54.47,54.48,2916
2019-12-06 15:30:00-05:00,54.48,54.495,54.47,54.47,9947
2019-12-06 15:35:00-05:00,54.47,54.475,54.425,54.45,7328
2019-12-06 15:40:00-05:00,54.45,54.48,54.45,54.47,11411
2019-12-06 15:45:00-05:00,54.47,54.475,54.42,54.42,7890
2019-12-06 15:50:00-05:00,54.415,54.43,54.37,54.37,19776
2019-12-06 15:55:00-05:00,54.365,54.44,54.32,54.43,70856
2019-12-09 09:30:00-05:00,54.3,54.41,54.3,54.34,6775
2019-12-09 09:35:00-05:00,54.24,54.29,54.16,54.285,28817
2019-12-09 09:40:00-05:00,54.285,54.365,54.285,54.355,12906
2019-12-09 09:45:00-05:00,54.36,54.415,54.35,54.4,19973
2019-12-09 09:50:00-05:00,54.4,54.48,54.38,54.38,11968
2019-12-09 09:55:00-05:00,54.395,54.43,54.35,54.43,7282
2019-12-09 10:00:00-05:00,54.43,54.48,54.39,54.48,5834
2019-12-09 10:05:00-05:00,54.48,54.5,54.45,54.5,5261
2019-12-09 10:10:00-05:00,54.5,54.5,54.44,54.445,7515
2019-12-09 10:15:00-05:00,54.47,54.48,54.42,54.45,6691
2019-12-09 10:20:00-05:00,54.45,54.47,54.43,54.465,6028
2019-12-09 10:25:00-05:00,54.46,54.49,54.445,54.46,7594
2019-12-09 10:30:00-05:00,54.46,54.465,54.425,54.44,6991
2019-12-09 10:35:00-05:00,54.43,54.47,54.425,54.45,8061
2019-12-09 10:40:00-05:00,54.46,54.46,54.42,54.43,7713
2019-12-09 10:45:00-05:00,54.42,54.43,54.405,54.42,4439
2019-12-09 10:50:00-05:00,54.415,54.42,54.395,54.41,3377
2019-12-09 10:55:00-05:00,54.4,54.43,54.39,54.42,7099
2019-12-09 11:00:00-05:00,54.42,54.42,54.305,54.305,10568
2019-12-09 11:05:00-05:00,54.3,54.34,54.3,54.315,6854
2019-12-09 11:10:00-05:00,54.31,54.31,54.285,54.29,5150
2019-12-09 11:15:00-05:00,54.29,54.3,54.26,54.27,6937
2019-12-09 11:20:00-05:00,54.27,54.29,54.26,54.27,5852
2019-12-09 11:25:00-05:00,54.26,54.32,54.26,54.31,8184
2019-12-09 11:30:00-05:00,54.29,54.3,54.27,54.27,7482
2019-12-09 11:35:00-05:00,54.26,54.29,54.26,54.27,7737
2019-12-09 11:40:00-05:00,54.27,54.28,54.24,54.24,7453
2019-12-09 11:45:00-05:00,54.24,54.28,54.24,54.27,9529
2019-12-09 11:50:00-05:00,54.27,54.29,54.26,54.275,7960
2019-12-09 11:55:00-05:00,54.275,54.3,54.265,54.27,9776
2019-12-09 12:00:00-05:00,54.265,54.27,54.25,54.255,6610
2019-12-09 12:05:00-05:00,54.25,54.25,54.22,54.23,6725
2019-12-09 12:10:00-05:00,54.23,54.24,54.21,54.22,6207
2019-12-09 12:15:00-05:00,54.22,54.24,54.22,54.225,4797
2019-12-09 12:20:00-05:00,54.23,54.25,54.22,54.225,8134
2019-12-09 12:25:00-05:00,54.23,54.26,54.23,54.26,4860
2019-12-09 12:30:00-05:00,54.255,54.27,54.24,54.25,5193
2019-12-09 12:35:00-05:00,54.26,54.26,54.24,54.24,3040
2019-12-09 12:40:00-05:00,54.25,54.26,54.23,54.25,7092
2019-12-09 12:45:00-05:00,54.25,54.26,54.24,54.26,15455
2019-12-09 12:50:00-05:00,54.25,54.28,54.25,54.27,3714
2019-12-09 12:55:00-05:00,54.28,54.29,54.27,54.27,10438
2019-12-09 13:00:00-05:00,54.275,54.33,54.27,54.315,16300
2019-12-09 13:05:00-05:00,54.315,54.32,54.275,54.305,14339
2019-12-09 13:10:00-05:00,54.3,54.31,54.275,54.285,9731
2019-12-09 13:15:00-05:00,54.285,54.305,54.28,54.29,8740
2019-12-09 13:20:00-05:00,54.28,54.32,54.28,54.295,7517
2019-12-09 13:25:00-05:00,54.3,54.31,54.28,54.29,8305
2019-12-09 13:30:00-05:00,54.285,54.3,54.27,54.28,12848
2019-12-09 13:35:00-05:00,54.28,54.31,54.275,54.3,11595
2019-12-09 13:40:00-05:00,54.3,54.3,54.25,54.25,8588
2019-12-09 13:45:00-05:00,54.25,54.25,54.22,54.23,9509
2019-12-09 13:50:00-05:00,54.23,54.255,54.215,54.255,7951
2019-12-09 13:55:00-05:00,54.26,54.26,54.24,54.245,8554
2019-12-09 14:00:00-05:00,54.235,54.26,54.22,54.22,8564
2019-12-09 14:05:00-05:00,54.22,54.22,54.09,54.09,18799
2019-12-09 14:10:00-05:00,54.09,54.12,54.09,54.105,23538
2019-12-09 14:15:00-05:00,54.11,54.125,54.08,54.08,13807
2019-12-09 14:20:00-05:00,54.09,54.1,54.055,54.08,15256
2019-12-09 14:25:00-05:00,54.08,54.1,54.07,54.08,7038
2019-12-09 14:30:00-05:00,54.08,54.12,54.07,54.115,6373
2019-12-09 14:35:00-05:00,54.11,54.125,54.095,54.11,6854
2019-12-09 14:40:00-05:00,54.1,54.1,54.045,54.05,6024
2019-12-09 14:45:00-05:00,54.05,54.09,54.04,54.07,11104
2019-12-09 14:50:00-05:00,54.07,54.08,54.05,54.075,4910
2019-12-09 14:55:00-05:00,54.07,54.08,54.05,54.05,10599
2019-12-09 15:00:00-05:00,54.055,54.08,54.04,54.06,9342
2019-12-09 15:05:00-05:00,54.06,54.07,54.03,54.055,169205
2019-12-09 15:10:00-05:00,54.05,54.1,54.04,54.095,31562
2019-12-09 15:15:00-05:00,54.095,54.12,54.09,54.1,38261
2019-12-09 15:20:00-05:00,54.1,54.1,54.09,54.1,14877
2019-12-09 15:25:00-05:00,54.095,54.11,54.08,54.09,50367
2019-12-09 15:30:00-05:00,54.09,54.1,54.07,54.075,33909
2019-12-09 15:35:00-05:00,54.075,54.105,54.07,54.1,51833
2019-12-09 15:40:00-05:00,54.095,54.11,54.09,54.1,28976
2019-12-09 15:45:00-05:00,54.095,54.105,54.07,54.1,48834
2019-12-09 15:50:00-05:00,54.11,54.135,54.08,54.105,61118
2019-12-09 15:55:00-05:00,54.11,54.11,54.02,54.07,114449
2019-12-10 09:30:00-05:00,54.045,54.045,53.8,53.84,7129
2019-12-10 09:35:00-05:00,53.87,53.87,53.74,53.795,5415
2019-12-10 09:40:00-05:00,53.77,53.9,53.735,53.9,4321
2019-12-10 09:45:00-05:00,53.935,53.975,53.915,53.93,7499
2019-12-10 09:50:00-05:00,53.93,54.015,53.915,53.955,7422
2019-12-10 09:55:00-05:00,53.945,53.97,53.91,53.91,9326
2019-12-10 10:00:00-05:00,53.915,53.945,53.9,53.935,7585
2019-12-10 10:05:00-05:00,53.96,53.96,53.91,53.92,4259
2019-12-10 10:10:00-05:00,53.91,53.98,53.9,53.97,5233
2019-12-10 10:15:00-05:00,53.99,53.995,53.94,53.94,5023
2019-12-10 10:20:00-05:00,53.94,53.96,53.915,53.96,6491
2019-12-10 10:25:00-05:00,53.99,54.06,53.99,54.06,8205
2019-12-10 10:30:00-05:00,54.065,54.065,53.99,54.02,11754
2019-12-10 10:35:00-05:00,54.0,54.045,54.0,54.03,3491
2019-12-10 10:40:00-05:00,54.035,54.04,53.98,53.98,4520
2019-12-10 10:45:00-05:00,53.98,53.99,53.95,53.965,18218
2019-12-10 10:50:00-05:00,53.96,53.97,53.945,53.97,5603
2019-12-10 10:55:00-05:00,53.97,54.0,53.965,53.98,15739
2019-12-10 11:00:00-05:00,53.99,54.04,53.935,53.955,18715
2019-12-10 11:05:00-05:00,53.95,53.95,53.92,53.935,14127
2019-12-10 11:10:00-05:00,53.93,53.95,53.88,53.885,9354
2019-12-10 11:15:00-05:00,53.89,53.9,53.845,53.85,14028
2019-12-10 11:20:00-05:00,53.845,53.87,53.81,53.85,11681
2019-12-10 11:25:00-05:00,53.86,53.91,53.86,53.9,9850
2019-12-10 11:30:00-05:00,53.91,53.94,53.9,53.9,11255
2019-12-10 11:35:00-05:00,53.9,53.9,53.845,53.85,8996
2019-12-10 11:40:00-05:00,53.85,53.94,53.845,53.935,6779
2019-12-10 11:45:00-05:00,53.94,53.945,53.895,53.91,11127
2019-12-10 11:50:00-05:00,53.915,53.95,53.915,53.93,8287
2019-12-10 11:55:00-05:00,53.915,53.915,53.895,53.91,8996
2019-12-10 12:00:00-05:00,53.905,53.95,53.89,53.92,10959
2019-12-10 12:05:00-05:00,53.925,53.93,53.88,53.885,8528
2019-12-10 12:10:00-05:00,53.89,53.9,53.865,53.885,8844
2019-12-10 12:15:00-05:00,53.885,53.9,53.88,53.895,10300
2019-12-10 12:20:00-05:00,53.895,53.9,53.86,53.86,8418
2019-12-10 12:25:00-05:00,53.86,53.865,53.85,53.865,3317
2019-12-10 12:30:00-05:00,53.86,53.875,53.855,53.87,6589
2019-12-10 12:35:00-05:00,53.865,53.87,53.855,53.87,4920
2019-12-10 12:40:00-05:00,53.86,53.87,53.86,53.865,4971
2019-12-10 12:45:00-05:00,53.86,53.88,53.86,53.875,6451
2019-12-10 12:50:00-05:00,53.875,53.905,53.875,53.895,5241
2019-12-10 12:55:00-05:00,53.885,53.92,53.88,53.915,10078
2019-12-10 13:00:00-05:00,53.92,53.925,53.9,53.9,4892
2019-12-10 13:05:00-05:00,53.895,53.9,53.855,53.86,6964
2019-12-10 13:10:00-05:00,53.86,53.89,53.84,53.885,7945
2019-12-10 13:15:00-05:00,53.885,53.9,53.885,53.895,6235
2019-12-10 13:20:00-05:00,53.895,53.91,53.89,53.89,5638
2019-12-10 13:25:00-05:00,53.9,53.9,53.87,53.88,6661
2019-12-10 13:30:00-05:00,53.875,53.88,53.86,53.88,11158
2019-12-10 13:35:00-05:00,53.88,53.885,53.855,53.865,5195
2019-12-10 13:40:00-05:00,53.865,53.87,53.855,53.86,7934
2019-12-10 13:45:00-05:00,53.87,53.87,53.805,53.815,6963
2019-12-10 13:50:00-05:00,53.82,53.845,53.81,53.845,8932
2019-12-10 13:55:00-05:00,53.85,53.855,53.84,53.855,7114
2019-12-10 14:00:00-05:00,53.86,53.89,53.845,53.875,7581
2019-12-10 14:05:00-05:00,53.88,53.92,53.88,53.89,9510
2019-12-10 14:10:00-05:00,53.895,53.93,53.89,53.915,19820
2019-12-10 14:15:00-05:00,53.915,53.915,53.86,53.885,19876
2019-12-10 14:20:00-05:00,53.89,53.895,53.84,53.84,8358
2019-12-10 14:25:00-05:00,53.84,53.84,53.805,53.815,8415
2019-12-10 14:30:00-05:00,53.815,53.84,53.815,53.83,11590
2019-12-10 14:35:00-05:00,53.82,53.86,53.82,53.86,6746
2019-12-10 14:40:00-05:00,53.855,53.86,53.84,53.855,7794
2019-12-10 14:45:00-05:00,53.855,53.855,53.835,53.845,9226
2019-12-10 14:50:00-05:00,53.845,53.86,53.84,53.855,12525
2019-12-10 14:55:00-05:00,53.86,53.905,53.855,53.9,10813
2019-12-10 15:00:00-05:00,53.895,53.895,53.85,53.85,9775
2019-12-10 15:05:00-05:00,53.855,53.88,53.845,53.865,9949
2019-12-10 15:10:00-05:00,53.865,53.91,53.865,53.885,22073
2019-12-10 15:15:00-05:00,53.88,53.9,53.87,53.89,10624
2019-12-10 15:20:00-05:00,53.89,53.895,53.84,53.84,18969
2019-12-10 15:25:00-05:00,53.84,53.855,53.805,53.805,12493
2019-12-10 15:30:00-05:00,53.8,53.81,53.74,53.74,14462
2019-12-10 15:35:00-05:00,53.75,53.81,53.745,53.78,21343
2019-12-10 15:40:00-05:00,53.79,53.83,53.785,53.82,16776
2019-12-10 15:45:00-05:00,53.815,53.85,53.8,53.845,26865
2019-12-10 15:50:00-05:00,53.84,53.84,53.77,53.77,49910
2019-12-10 15:55:00-05:00,53.77,53.79,53.75,53.78,79089
2019-12-11 09:30:00-05:00,53.91,54.12,53.91,54.1,3762
2019-12-11 09:35:00-05:00,54.08,54.13,54.08,54.09,4654
2019-12-11 09:40:00-05:00,54.08,54.08,54.01,54.04,2753
2019-12-11 09:45:00-05:00,54.05,54.09,54.04,54.085,2655
2019-12-11 09:50:00-05:00,54.08,54.08,54.03,54.03,3409
2019-12-11 09:55:00-05:00,54.015,54.02,53.98,53.98,11541
2019-12-11 10:00:00-05:00,53.98,54.04,53.97,53.97,6609
2019-12-11 10:05:00-05:00,53.98,54.09,53.97,54.09,8129
2019-12-11 10:10:00-05:00,54.1,54.1,54.05,54.05,7037
2019-12-11 10:15:00-05:00,54.055,54.06,54.02,54.04,7174
2019-12-11 10:20:00-05:00,54.04,54.05,54.01,54.02,6041
2019-12-11 10:25:00-05:00,54.02,54.02,53.97,53.98,5673
2019-12-11 10:30:00-05:00,53.99,54.02,53.96,54.02,5989
2019-12-11 10:35:00-05:00,54.01,54.05,53.99,54.025,3441
2019-12-11 10:40:00-05:00,54.03,54.07,54.025,54.06,6797
2019-12-11 10:45:00-05:00,54.07,54.07,54.03,54.03,13226
2019-12-11 10:50:00-05:00,54.04,54.04,54.0,54.0,11683
2019-12-11 10:55:00-05:00,54.005,54.025,54.0,54.0,5978
2019-12-11 11:00:00-05:00,54.01,54.01,53.95,53.96,9002
2019-12-11 11:05:00-05:00,53.95,53.98,53.93,53.93,12375
2019-12-11 11:10:00-05:00,53.93,53.94,53.92,53.93,7505
2019-12-11 11:15:00-05:00,53.94,53.95,53.93,53.935,9582
2019-12-11 11:20:00-05:00,53.94,53.99,53.93,53.98,7658
2019-12-11 11:25:00-05:00,53.98,54.0,53.965,53.99,6226
2019-12-11 11:30:00-05:00,54.0,54.0,53.95,53.95,7340
2019-12-11 11:35:00-05:00,53.96,53.97,53.95,53.97,4696
2019-12-11 11:40:00-05:00,53.98,53.98,53.965,53.98,6192
2019-12-11 11:45:00-05:00,53.97,53.98,53.97,53.98,4714
2019-12-11 11:50:00-05:00,53.98,53.98,53.96,53.97,7297
2019-12-11 11:55:00-05:00,53.98,53.99,53.92,53.92,6235
2019-12-11 12:00:00-05:00,53.92,53.92,53.91,53.91,5973
2019-12-11 12:05:00-05:00,53.91,53.91,53.87,53.87,6390
2019-12-11 12:10:00-05:00,53.87,53.88,53.83,53.83,2885
2019-12-11 12:15:00-05:00,53.84,53.84,53.82,53.83,11217
2019-12-11 12:20:00-05:00,53.83,53.83,53.765,53.765,7691
2019-12-11 12:25:00-05:00,53.76,53.77,53.74,53.74,8089
2019-12-11 12:30:00-05:00,53.74,53.77,53.72,53.75,7610
2019-12-11 12:35:00-05:00,53.755,53.78,53.75,53.77,5811
2019-12-11 12:40:00-05:00,53.78,53.79,53.71,53.72,6720
2019-12-11 12:45:00-05:00,53.71,53.75,53.69,53.73,7698
2019-12-11 12:50:00-05:00,53.735,53.74,53.71,53.71,4094
2019-12-11 12:55:00-05:00,53.71,53.71,53.68,53.71,5811
2019-12-11 13:00:00-05:00,53.7,53.73,53.7,53.705,3538
2019-12-11 13:05:00-05:00,53.705,53.72,53.7,53.705,5975
2019-12-11 13:10:00-05:00,53.715,53.74,53.71,53.72,3248
2019-12-11 13:15:00-05:00,53.72,53.73,53.69,53.73,9656
2019-12-11 13:20:00-05:00,53.71,53.73,53.67,53.68,5111
2019-12-11 13:25:00-05:00,53.67,53.7,53.66,53.69,5187
2019-12-11 13:30:00-05:00,53.68,53.7,53.67,53.7,16920
2019-12-11 13:35:00-05:00,53.71,53.72,53.69,53.69,6200
2019-12-11 13:40:00-05:00,53.695,53.71,53.68,53.68,5555
2019-12-11 13:45:00-05:00,53.69,53.77,53.68,53.77,7737
2019-12-11 13:50:00-05:00,53.77,53.78,53.765,53.765,4406
2019-12-11 13:55:00-05:00,53.76,53.8,53.76,53.8,5061
2019-12-11 14:00:00-05:00,53.77,53.785,53.74,53.75,4952
2019-12-11 14:05:00-05:00,53.755,53.77,53.73,53.75,4566
2019-12-11 14:10:00-05:00,53.76,53.785,53.75,53.78,8264
2019-12-11 14:15:00-05:00,53.785,53.82,53.785,53.81,12662
2019-12-11 14:20:00-05:00,53.81,53.85,53.805,53.81,12237
2019-12-11 14:25:00-05:00,53.82,53.82,53.8,53.81,10742
2019-12-11 14:30:00-05:00,53.815,53.82,53.79,53.81,9758
2019-12-11 14:35:00-05:00,53.805,53.85,53.805,53.85,13417
2019-12-11 14:40:00-05:00,53.84,53.92,53.82,53.9,14108
2019-12-11 14:45:00-05:00,53.9,53.91,53.87,53.89,11573
2019-12-11 14:50:00-05:00,53.9,53.95,53.885,53.93,9482
2019-12-11 14:55:00-05:00,53.94,53.96,53.93,53.96,7160
2019-12-11 15:00:00-05:00,53.96,53.96,53.87,53.88,8301
2019-12-11 15:05:00-05:00,53.88,53.91,53.88,53.9,9111
2019-12-11 15:10:00-05:00,53.91,53.91,53.86,53.86,9715
2019-12-11 15:15:00-05:00,53.865,53.87,53.83,53.87,10108
2019-12-11 15:20:00-05:00,53.87,53.87,53.85,53.87,7582
2019-12-11 15:25:00-05:00,53.86,53.91,53.86,53.89,8712
2019-12-11 15:30:00-05:00,53.895,53.9,53.86,53.86,15364
2019-12-11 15:35:00-05:00,53.86,53.87,53.855,53.87,11209
2019-12-11 15:40:00-05:00,53.86,53.87,53.85,53.86,14069
2019-12-11 15:45:00-05:00,53.85,53.875,53.83,53.85,21077
2019-12-11 15:50:00-05:00,53.85,53.935,53.85,53.93,39322
2019-12-11 15:55:00-05:00,53.935,53.98,53.91,53.94,64778
2019-12-12 08:35:00-05:00,54.08,54.08,54.08,54.08,100
2019-12-12 09:25:00-05:00,54.14,54.14,54.03,54.03,278
2019-12-12 09:30:00-05:00,53.975,54.13,53.94,54.13,24043
2019-12-12 09:35:00-05:00,54.12,54.44,54.12,54.41,21511
2019-12-12 09:40:00-05:00,54.395,54.445,54.32,54.36,16670
2019-12-12 09:45:00-05:00,54.36,54.36,54.28,54.28,20276
2019-12-12 09:50:00-05:00,54.29,54.32,54.275,54.305,13318
2019-12-12 09:55:00-05:00,54.3,54.37,54.275,54.3,15686
2019-12-12 10:00:00-05:00,54.31,54.42,54.305,54.38,20141
2019-12-12 10:05:00-05:00,54.36,54.42,54.34,54.34,7322
2019-12-12 10:10:00-05:00,54.33,54.34,54.28,54.3,24639
2019-12-12 10:15:00-05:00,54.3,54.37,54.3,54.36,9629
2019-12-12 10:20:00-05:00,54.36,54.41,54.35,54.35,7364
2019-12-12 10:25:00-05:00,54.345,54.36,54.29,54.35,9804
2019-12-12 10:30:00-05:00,54.36,54.36,54.25,54.25,18025
2019-12-12 10:35:00-05:00,54.26,54.3,54.26,54.27,13335
2019-12-12 10:40:00-05:00,54.26,54.27,54.22,54.22,7650
2019-12-12 10:45:00-05:00,54.23,54.295,54.23,54.25,10804
2019-12-12 10:50:00-05:00,54.25,54.31,54.24,54.31,3943
2019-12-12 10:55:00-05:00,54.32,54.34,54.31,54.325,4731
2019-12-12 11:00:00-05:00,54.34,54.34,54.32,54.34,4245
2019-12-12 11:05:00-05:00,54.35,54.38,54.33,54.33,5797
2019-12-12 11:10:00-05:00,54.325,54.33,54.27,54.28,18671
2019-12-12 11:15:00-05:00,54.28,54.29,54.25,54.27,15771
2019-12-12 11:20:00-05:00,54.27,54.28,54.23,54.27,6871
2019-12-12 11:25:00-05:00,54.265,54.265,54.21,54.24,4783
2019-12-12 11:30:00-05:00,54.265,54.28,54.25,54.25,6604
2019-12-12 11:35:00-05:00,54.24,54.29,54.24,54.27,8853
2019-12-12 11:40:00-05:00,54.25,54.28,54.24,54.28,3724
2019-12-12 11:45:00-05:00,54.27,54.28,54.255,54.26,4159
2019-12-12 11:50:00-05:00,54.26,54.3,54.25,54.275,5271
2019-12-12 11:55:00-05:00,54.27,54.295,54.22,54.29,7506
2019-12-12 12:00:00-05:00,54.28,54.29,54.245,54.25,2874
2019-12-12 12:05:00-05:00,54.25,54.29,54.25,54.29,2222
2019-12-12 12:10:00-05:00,54.29,54.29,54.24,54.25,3663
2019-12-12 12:15:00-05:00,54.26,54.27,54.23,54.24,3602
2019-12-12 12:20:00-05:00,54.24,54.24,54.185,54.19,4018
2019-12-12 12:25:00-05:00,54.18,54.2,54.165,54.165,7174
2019-12-12 12:30:00-05:00,54.17,54.245,54.15,54.22,20773
2019-12-12 12:35:00-05:00,54.21,54.21,54.18,54.185,12231
2019-12-12 12:40:00-05:00,54.19,54.215,54.185,54.21,12291
2019-12-12 12:45:00-05:00,54.2,54.24,54.2,54.2,3711
2019-12-12 12:50:00-05:00,54.195,54.2,54.165,54.18,5870
2019-12-12 12:55:00-05:00,54.2,54.2,54.12,54.13,5639
2019-12-12 13:00:00-05:00,54.125,54.18,54.125,54.13,10228
2019-12-12 13:05:00-05:00,54.13,54.16,54.12,54.12,10596
2019-12-12 13:10:00-05:00,54.13,54.15,54.11,54.12,10905
2019-12-12 13:15:00-05:00,54.13,54.135,54.09,54.1,9138
2019-12-12 13:20:00-05:00,54.11,54.11,54.08,54.08,3618
2019-12-12 13:25:00-05:00,54.07,54.09,54.06,54.08,5439
2019-12-12 13:30:00-05:00,54.08,54.09,54.07,54.08,2910
2019-12-12 13:35:00-05:00,54.1,54.1,54.04,54.06,4347
2019-12-12 13:40:00-05:00,54.05,54.05,54.02,54.025,8498
2019-12-12 13:45:00-05:00,54.02,54.04,54.0,54.0,50056
2019-12-12 13:50:00-05:00,54.01,54.03,54.01,54.02,5319
2019-12-12 13:55:00-05:00,54.02,54.03,54.02,54.03,6635
2019-12-12 14:00:00-05:00,54.04,54.05,54.03,54.03,6442
2019-12-12 14:05:00-05:00,54.03,54.04,54.02,54.04,4604
2019-12-12 14:10:00-05:00,54.04,54.06,54.03,54.04,6426
2019-12-12 14:15:00-05:00,54.05,54.06,54.045,54.06,2135
2019-12-12 14:20:00-05:00,54.05,54.08,54.045,54.07,3854
2019-12-12 14:25:00-05:00,54.07,54.07,54.03,54.05,5750
2019-12-12 14:30:00-05:00,54.05,54.23,54.05,54.17,26260
2019-12-12 14:35:00-05:00,54.17,54.17,54.13,54.16,3438
2019-12-12 14:40:00-05:00,54.16,54.19,54.16,54.18,2919
2019-12-12 14:45:00-05:00,54.18,54.18,54.13,54.135,3660
2019-12-12 14:50:00-05:00,54.14,54.18,54.1,54.175,8664
2019-12-12 14:55:00-05:00,54.19,54.19,54.15,54.165,7648
2019-12-12 15:00:00-05:00,54.155,54.17,54.125,54.13,9394
2019-12-12 15:05:00-05:00,54.135,54.19,54.125,54.17,7997
2019-12-12 15:10:00-05:00,54.18,54.18,54.13,54.13,3000
2019-12-12 15:15:00-05:00,54.13,54.19,54.11,54.18,6281
2019-12-12 15:20:00-05:00,54.17,54.17,54.1,54.1,6849
2019-12-12 15:25:00-05:00,54.1,54.14,54.09,54.14,9066
2019-12-12 15:30:00-05:00,54.14,54.15,54.12,54.13,9352
2019-12-12 15:35:00-05:00,54.13,54.14,54.09,54.11,13726
2019-12-12 15:40:00-05:00,54.11,54.175,54.11,54.17,13022
2019-12-12 15:45:00-05:00,54.18,54.18,54.145,54.18,18828
2019-12-12 15:50:00-05:00,54.2,54.22,54.17,54.17,44477
2019-12-12 15:55:00-05:00,54.165,54.165,54.08,54.14,110014
2019-12-13 09:30:00-05:00,53.96,54.15,53.95,54.14,10214
2019-12-13 09:35:00-05:00,54.14,54.23,54.14,54.14,8157
2019-12-13 09:40:00-05:00,54.15,54.15,54.01,54.06,4840
2019-12-13 09:45:00-05:00,54.03,54.06,54.005,54.03,3925
2019-12-13 09:50:00-05:00,54.04,54.17,54.01,54.135,8047
2019-12-13 09:55:00-05:00,54.13,54.13,54.03,54.07,6964
2019-12-13 10:00:00-05:00,54.065,54.1,54.01,54.075,16033
2019-12-13 10:05:00-05:00,54.08,54.085,53.94,53.96,10903
2019-12-13 10:10:00-05:00,53.93,53.93,53.84,53.86,9176
2019-12-13 10:15:00-05:00,53.9,53.97,53.89,53.92,6560
2019-12-13 10:20:00-05:00,53.9,53.9,53.84,53.885,8205
2019-12-13 10:25:00-05:00,53.875,53.9,53.85,53.86,15012
2019-12-13 10:30:00-05:00,53.87,54.03,53.85,53.99,19211
2019-12-13 10:35:00-05:00,53.98,54.05,53.96,54.03,11099
2019-12-13 10:40:00-05:00,54.03,54.11,54.03,54.11,7650
2019-12-13 10:45:00-05:00,54.1,54.11,54.02,54.03,11665
2019-12-13 10:50:00-05:00,54.06,54.13,54.06,54.1,7232
2019-12-13 10:55:00-05:00,54.09,54.13,54.09,54.1,4679
2019-12-13 11:00:00-05:00,54.12,54.16,54.09,54.14,6791
2019-12-13 11:05:00-05:00,54.14,54.18,54.14,54.18,5138
2019-12-13 11:10:00-05:00,54.19,54.21,54.15,54.17,5749
2019-12-13 11:15:00-05:00,54.17,54.23,54.145,54.21,14374
2019-12-13 11:20:00-05:00,54.205,54.25,54.2,54.23,11706
2019-12-13 11:25:00-05:00,54.225,54.285,54.225,54.28,12261
2019-12-13 11:30:00-05:00,54.29,54.29,54.21,54.26,10033
2019-12-13 11:35:00-05:00,54.26,54.31,54.26,54.27,3821
2019-12-13 11:40:00-05:00,54.27,54.32,54.27,54.27,3630
2019-12-13 11:45:00-05:00,54.27,54.29,54.24,54.26,6001
2019-12-13 11:50:00-05:00,54.26,54.3,54.25,54.3,5745
2019-12-13 11:55:00-05:00,54.295,54.31,54.26,54.29,4951
2019-12-13 12:00:00-05:00,54.29,54.34,54.28,54.33,3855
2019-12-13 12:05:00-05:00,54.33,54.4,54.33,54.39,5237
2019-12-13 12:10:00-05:00,54.4,54.4,54.35,54.36,1773
2019-12-13 12:15:00-05:00,54.35,54.36,54.325,54.345,2856
2019-12-13 12:20:00-05:00,54.35,54.37,54.33,54.37,66290
2019-12-13 12:25:00-05:00,54.38,54.39,54.34,54.36,2262
2019-12-13 12:30:00-05:00,54.36,54.39,54.35,54.39,3427
2019-12-13 12:35:00-05:00,54.39,54.4,54.38,54.38,1797
2019-12-13 12:40:00-05:00,54.385,54.4,54.37,54.38,3241
2019-12-13 12:45:00-05:00,54.395,54.4,54.37,54.37,1953
2019-12-13 12:50:00-05:00,54.38,54.42,54.38,54.41,2044
2019-12-13 12:55:00-05:00,54.415,54.46,54.41,54.45,6154
2019-12-13 13:00:00-05:00,54.46,54.47,54.45,54.47,3360
2019-12-13 13:05:00-05:00,54.48,54.48,54.44,54.47,3732
2019-12-13 13:10:00-05:00,54.46,54.48,54.46,54.48,2779
2019-12-13 13:15:00-05:00,54.48,54.48,54.45,54.45,4436
2019-12-13 13:20:00-05:00,54.46,54.5,54.46,54.495,6332
2019-12-13 13:25:00-05:00,54.49,54.49,54.47,54.47,8080
2019-12-13 13:30:00-05:00,54.47,54.49,54.46,54.485,23756
2019-12-13 13:35:00-05:00,54.48,54.49,54.475,54.49,9635
2019-12-13 13:40:00-05:00,54.49,54.49,54.47,54.48,7281
2019-12-13 13:45:00-05:00,54.46,54.47,54.445,54.46,6278
2019-12-13 13:50:00-05:00,54.45,54.48,54.45,54.47,8527
2019-12-13 13:55:00-05:00,54.47,54.49,54.47,54.485,9338
2019-12-13 14:00:00-05:00,54.49,54.49,54.435,54.45,21245
2019-12-13 14:05:00-05:00,54.45,54.46,54.43,54.45,11441
2019-12-13 14:10:00-05:00,54.45,54.45,54.42,54.42,9619
2019-12-13 14:15:00-05:00,54.42,54.45,54.42,54.45,7205
2019-12-13 14:20:00-05:00,54.445,54.45,54.43,54.43,5175
2019-12-13 14:25:00-05:00,54.43,54.45,54.41,54.43,13575
2019-12-13 14:30:00-05:00,54.43,54.45,54.425,54.45,10011
2019-12-13 14:35:00-05:00,54.45,54.49,54.44,54.48,5939
2019-12-13 14:40:00-05:00,54.48,54.5,54.475,54.49,3552
2019-12-13 14:45:00-05:00,54.49,54.54,54.49,54.53,6725
2019-12-13 14:50:00-05:00,54.53,54.53,54.48,54.51,10870
2019-12-13 14:55:00-05:00,54.52,54.53,54.51,54.52,5635
2019-12-13 15:00:00-05:00,54.52,54.53,54.49,54.53,7852
2019-12-13 15:05:00-05:00,54.545,54.545,54.52,54.53,6131
2019-12-13 15:10:00-05:00,54.53,54.55,54.5,54.51,9942
2019-12-13 15:15:00-05:00,54.51,54.54,54.505,54.52,2945
2019-12-13 15:20:00-05:00,54.525,54.55,54.51,54.51,4717
2019-12-13 15:25:00-05:00,54.515,54.515,54.46,54.48,5925
2019-12-13 15:30:00-05:00,54.48,54.52,54.465,54.47,6523
2019-12-13 15:35:00-05:00,54.47,54.5,54.46,54.5,9758
2019-12-13 15:40:00-05:00,54.5,54.52,54.46,54.46,11344
2019-12-13 15:45:00-05:00,54.46,54.47,54.43,54.44,23070
2019-12-13 15:50:00-05:00,54.44,54.53,54.44,54.505,37115
2019-12-13 15:55:00-05:00,54.49,54.525,54.42,54.43,46901
2019-12-16 09:30:00-05:00,54.7,54.82,54.69,54.79,9710
2019-12-16 09:35:00-05:00,54.77,54.77,54.64,54.64,10218
2019-12-16 09:40:00-05:00,54.62,54.66,54.56,54.585,7429
2019-12-16 09:45:00-05:00,54.59,54.595,54.52,54.56,10961
2019-12-16 09:50:00-05:00,54.55,54.62,54.55,54.59,12286
2019-12-16 09:55:00-05:00,54.59,54.64,54.59,54.64,5486
2019-12-16 10:00:00-05:00,54.63,54.64,54.6,54.62,4889
2019-12-16 10:05:00-05:00,54.64,54.64,54.53,54.58,5700
2019-12-16 10:10:00-05:00,54.56,54.58,54.54,54.55,4700
2019-12-16 10:15:00-05:00,54.54,54.62,54.52,54.6,4249
2019-12-16 10:20:00-05:00,54.6,54.66,54.6,54.66,5778
2019-12-16 10:25:00-05:00,54.68,54.68,54.64,54.66,8017
2019-12-16 10:30:00-05:00,54.66,54.67,54.62,54.63,5178
2019-12-16 10:35:00-05:00,54.63,54.65,54.615,54.64,4098
2019-12-16 10:40:00-05:00,54.645,54.655,54.6,54.61,6084
2019-12-16 10:45:00-05:00,54.63,54.64,54.58,54.6,5168
2019-12-16 10:50:00-05:00,54.63,54.64,54.6,54.625,5264
2019-12-16 10:55:00-05:00,54.62,54.635,54.57,54.59,5360
2019-12-16 11:00:00-05:00,54.59,54.61,54.56,54.57,6390
2019-12-16 11:05:00-05:00,54.56,54.575,54.54,54.54,5796
2019-12-16 11:10:00-05:00,54.535,54.535,54.46,54.48,8590
2019-12-16 11:15:00-05:00,54.47,54.47,54.42,54.45,7453
2019-12-16 11:20:00-05:00,54.45,54.48,54.43,54.455,7469
2019-12-16 11:25:00-05:00,54.445,54.515,54.44,54.505,6723
2019-12-16 11:30:00-05:00,54.515,54.525,54.485,54.49,6930
2019-12-16 11:35:00-05:00,54.49,54.53,54.475,54.475,3889
2019-12-16 11:40:00-05:00,54.49,54.495,54.47,54.47,2843
2019-12-16 11:45:00-05:00,54.465,54.465,54.44,54.46,3203
2019-12-16 11:50:00-05:00,54.455,54.51,54.455,54.5,3533
2019-12-16 11:55:00-05:00,54.505,54.52,54.5,54.5,5560
2019-12-16 12:00:00-05:00,54.5,54.51,54.47,54.49,3894
2019-12-16 12:05:00-05:00,54.49,54.495,54.47,54.49,6428
2019-12-16 12:10:00-05:00,54.505,54.52,54.5,54.515,2436
2019-12-16 12:15:00-05:00,54.53,54.55,54.515,54.55,4085
2019-12-16 12:20:00-05:00,54.55,54.57,54.54,54.55,4301
2019-12-16 12:25:00-05:00,54.54,54.545,54.53,54.54,3104
2019-12-16 12:30:00-05:00,54.555,54.58,54.555,54.56,4307
2019-12-16 12:35:00-05:00,54.555,54.57,54.55,54.57,2013
2019-12-16 12:40:00-05:00,54.56,54.58,54.545,54.55,3835
2019-12-16 12:45:00-05:00,54.555,54.57,54.54,54.55,3335
2019-12-16 12:50:00-05:00,54.55,54.55,54.53,54.54,3292
2019-12-16 12:55:00-05:00,54.54,54.555,54.51,54.51,4118
2019-12-16 13:00:00-05:00,54.51,54.55,54.51,54.545,3595
2019-12-16 13:05:00-05:00,54.555,54.555,54.54,54.54,2414
2019-12-16 13:10:00-05:00,54.53,54.53,54.51,54.53,2127
2019-12-16 13:15:00-05:00,54.53,54.53,54.52,54.525,3169
2019-12-16 13:20:00-05:00,54.52,54.525,54.5,54.515,2779
2019-12-16 13:25:00-05:00,54.51,54.55,54.51,54.54,3403
2019-12-16 13:30:00-05:00,54.535,54.54,54.52,54.53,2791
2019-12-16 13:35:00-05:00,54.52,54.52,54.505,54.52,2692
2019-12-16 13:40:00-05:00,54.52,54.535,54.51,54.53,2662
2019-12-16 13:45:00-05:00,54.55,54.55,54.525,54.525,3395
2019-12-16 13:50:00-05:00,54.53,54.53,54.515,54.52,1907
2019-12-16 13:55:00-05:00,54.52,54.53,54.5,54.5,6058
2019-12-16 14:00:00-05:00,54.49,54.52,54.48,54.48,3649
2019-12-16 14:05:00-05:00,54.485,54.485,54.465,54.475,3416
2019-12-16 14:10:00-05:00,54.475,54.49,54.47,54.48,3133
2019-12-16 14:15:00-05:00,54.47,54.48,54.46,54.48,2928
2019-12-16 14:20:00-05:00,54.475,54.48,54.44,54.445,6445
2019-12-16 14:25:00-05:00,54.44,54.45,54.43,54.45,15547
2019-12-16 14:30:00-05:00,54.45,54.45,54.39,54.4,15058
2019-12-16 14:35:00-05:00,54.41,54.41,54.375,54.38,10447
2019-12-16 14:40:00-05:00,54.4,54.445,54.4,54.445,2847
2019-12-16 14:45:00-05:00,54.445,54.46,54.44,54.45,4792
2019-12-16 14:50:00-05:00,54.455,54.465,54.445,54.445,10744
2019-12-16 14:55:00-05:00,54.45,54.48,54.43,54.475,12800
2019-12-16 15:00:00-05:00,54.475,54.495,54.465,54.48,9527
2019-12-16 15:05:00-05:00,54.48,54.48,54.46,54.46,8131
2019-12-16 15:10:00-05:00,54.46,54.53,54.455,54.52,5779
2019-12-16 15:15:00-05:00,54.525,54.535,54.5,54.52,4237
2019-12-16 15:20:00-05:00,54.515,54.54,54.5,54.52,6268
2019-12-16 15:25:00-05:00,54.525,54.525,54.495,54.5,5821
2019-12-16 15:30:00-05:00,54.49,54.51,54.47,54.5,12858
2019-12-16 15:35:00-05:00,54.49,54.5,54.46,54.46,11428
2019-12-16 15:40:00-05:00,54.46,54.47,54.435,54.44,28569
2019-12-16 15:45:00-05:00,54.44,54.44,54.41,54.43,35829
2019-12-16 15:50:00-05:00,54.43,54.48,54.43,54.465,21621
2019-12-16 15:55:00-05:00,54.46,54.5,54.42,54.42,67663
2019-12-17 09:30:00-05:00,54.385,54.485,54.35,54.485,11418
2019-12-17 09:35:00-05:00,54.475,54.58,54.45,54.47,10898
2019-12-17 09:40:00-05:00,54.465,54.5,54.41,54.43,12973
2019-12-17 09:45:00-05:00,54.44,54.44,54.37,54.415,10165
2019-12-17 09:50:00-05:00,54.42,54.455,54.39,54.445,10839
2019-12-17 09:55:00-05:00,54.45,54.46,54.37,54.4,13962
2019-12-17 10:00:00-05:00,54.4,54.4,54.325,54.34,23946
2019-12-17 10:05:00-05:00,54.365,54.37,54.295,54.295,10360
2019-12-17 10:10:00-05:00,54.3,54.42,54.3,54.42,13533
2019-12-17 10:15:00-05:00,54.42,54.55,54.42,54.53,15045
2019-12-17 10:20:00-05:00,54.53,54.56,54.48,54.52,7840
2019-12-17 10:25:00-05:00,54.52,54.525,54.48,54.485,6469
2019-12-17 10:30:00-05:00,54.5,54.5,54.445,54.475,8178
2019-12-17 10:35:00-05:00,54.48,54.49,54.435,54.455,7170
2019-12-17 10:40:00-05:00,54.45,54.46,54.39,54.39,5938
2019-12-17 10:45:00-05:00,54.4,54.435,54.39,54.41,4862
2019-12-17 10:50:00-05:00,54.42,54.43,54.365,54.37,10742
2019-12-17 10:55:00-05:00,54.365,54.37,54.31,54.33,11250
2019-12-17 11:00:00-05:00,54.34,54.37,54.34,54.37,6845
2019-12-17 11:05:00-05:00,54.37,54.37,54.345,54.35,7969
2019-12-17 11:10:00-05:00,54.35,54.38,54.34,54.36,5828
2019-12-17 11:15:00-05:00,54.37,54.385,54.35,54.365,6058
2019-12-17 11:20:00-05:00,54.37,54.395,54.355,54.36,6304
2019-12-17 11:25:00-05:00,54.36,54.38,54.35,54.38,4493
2019-12-17 11:30:00-05:00,54.38,54.385,54.34,54.37,6733
2019-12-17 11:35:00-05:00,54.37,54.4,54.37,54.38,5319
2019-12-17 11:40:00-05:00,54.39,54.41,54.36,54.375,5623
2019-12-17 11:45:00-05:00,54.37,54.38,54.365,54.375,6967
2019-12-17 11:50:00-05:00,54.37,54.38,54.355,54.37,5777
2019-12-17 11:55:00-05:00,54.36,54.38,54.36,54.36,6021
2019-12-17 12:00:00-05:00,54.37,54.41,54.365,54.4,4224
2019-12-17 12:05:00-05:00,54.4,54.405,54.37,54.4,5702
2019-12-17 12:10:00-05:00,54.39,54.41,54.39,54.41,6790
2019-12-17 12:15:00-05:00,54.42,54.42,54.405,54.42,2974
2019-12-17 12:20:00-05:00,54.41,54.425,54.41,54.41,4530
2019-12-17 12:25:00-05:00,54.42,54.425,54.41,54.42,6747
2019-12-17 12:30:00-05:00,54.42,54.42,54.39,54.4,5243
2019-12-17 12:35:00-05:00,54.4,54.4,54.39,54.4,3822
2019-12-17 12:40:00-05:00,54.395,54.4,54.38,54.38,4845
2019-12-17 12:45:00-05:00,54.39,54.4,54.385,54.39,4745
2019-12-17 12:50:00-05:00,54.385,54.415,54.375,54.415,14454
2019-12-17 12:55:00-05:00,54.41,54.42,54.38,54.38,12267
2019-12-17 13:00:00-05:00,54.37,54.37,54.345,54.345,8995
2019-12-17 13:05:00-05:00,54.345,54.37,54.345,54.35,6384
2019-12-17 13:10:00-05:00,54.35,54.36,54.345,54.36,5853
2019-12-17 13:15:00-05:00,54.355,54.39,54.355,54.375,5342
2019-12-17 13:20:00-05:00,54.375,54.4,54.37,54.4,5086
2019-12-17 13:25:00-05:00,54.395,54.395,54.375,54.375,3853
2019-12-17 13:30:00-05:00,54.38,54.39,54.36,54.36,7332
2019-12-17 13:35:00-05:00,54.36,54.38,54.36,54.36,5932
2019-12-17 13:40:00-05:00,54.36,54.41,54.36,54.38,9018
2019-12-17 13:45:00-05:00,54.385,54.405,54.38,54.4,8875
2019-12-17 13:50:00-05:00,54.4,54.4,54.38,54.38,4548
2019-12-17 13:55:00-05:00,54.38,54.41,54.38,54.4,4704
2019-12-17 14:00:00-05:00,54.42,54.42,54.38,54.395,6241
2019-12-17 14:05:00-05:00,54.39,54.4,54.37,54.4,3687
2019-12-17 14:10:00-05:00,54.405,54.43,54.4,54.43,3765
2019-12-17 14:15:00-05:00,54.43,54.45,54.42,54.45,3332
2019-12-17 14:20:00-05:00,54.43,54.44,54.42,54.425,5127
2019-12-17 14:25:00-05:00,54.425,54.43,54.425,54.43,1496
2019-12-17 14:30:00-05:00,54.43,54.45,54.43,54.45,8865
2019-12-17 14:35:00-05:00,54.45,54.46,54.45,54.46,6564
2019-12-17 14:40:00-05:00,54.46,54.47,54.455,54.47,1560
2019-12-17 14:45:00-05:00,54.47,54.48,54.45,54.455,14323
2019-12-17 14:50:00-05:00,54.46,54.465,54.435,54.44,4958
2019-12-17 14:55:00-05:00,54.435,54.45,54.435,54.445,3526
2019-12-17 15:00:00-05:00,54.445,54.45,54.44,54.44,6858
2019-12-17 15:05:00-05:00,54.44,54.46,54.42,54.42,14164
2019-12-17 15:10:00-05:00,54.42,54.425,54.4,54.41,3806
2019-12-17 15:15:00-05:00,54.41,54.42,54.395,54.4,7392
2019-12-17 15:20:00-05:00,54.4,54.4,54.37,54.38,6872
2019-12-17 15:25:00-05:00,54.39,54.41,54.39,54.4,7962
2019-12-17 15:30:00-05:00,54.405,54.44,54.4,54.415,11141
2019-12-17 15:35:00-05:00,54.42,54.43,54.395,54.43,5319
2019-12-17 15:40:00-05:00,54.42,54.43,54.41,54.42,10355
2019-12-17 15:45:00-05:00,54.415,54.425,54.38,54.39,19463
2019-12-17 15:50:00-05:00,54.39,54.45,54.39,54.44,18033
2019-12-17 15:55:00-05:00,54.43,54.46,54.41,54.43,71472
2019-12-18 09:30:00-05:00,54.53,54.73,54.53,54.7,5045
2019-12-18 09:35:00-05:00,54.69,54.72,54.64,54.65,3808
2019-12-18 09:40:00-05:00,54.67,54.68,54.55,54.55,3239
2019-12-18 09:45:00-05:00,54.57,54.57,54.49,54.49,7415
2019-12-18 09:50:00-05:00,54.5,54.54,54.4,54.4,10522
2019-12-18 09:55:00-05:00,54.38,54.385,54.27,54.295,16290
2019-12-18 10:00:00-05:00,54.305,54.35,54.28,54.29,7678
2019-12-18 10:05:00-05:00,54.3,54.3,54.215,54.215,6128
2019-12-18 10:10:00-05:00,54.23,54.265,54.23,54.23,5208
2019-12-18 10:15:00-05:00,54.23,54.23,54.14,54.21,5746
2019-12-18 10:20:00-05:00,54.22,54.24,54.18,54.24,3293
2019-12-18 10:25:00-05:00,54.23,54.27,54.23,54.27,8906
2019-12-18 10:30:00-05:00,54.26,54.31,54.26,54.29,5719
2019-12-18 10:35:00-05:00,54.29,54.31,54.26,54.27,7548
2019-12-18 10:40:00-05:00,54.28,54.31,54.275,54.31,7821
2019-12-18 10:45:00-05:00,54.31,54.31,54.24,54.24,8080
2019-12-18 10:50:00-05:00,54.24,54.27,54.225,54.27,8432
2019-12-18 10:55:00-05:00,54.26,54.29,54.25,54.25,8223
2019-12-18 11:00:00-05:00,54.26,54.28,54.25,54.28,7702
2019-12-18 11:05:00-05:00,54.285,54.29,54.27,54.28,5717
2019-12-18 11:10:00-05:00,54.28,54.285,54.265,54.27,13709
2019-12-18 11:15:00-05:00,54.27,54.31,54.27,54.29,12882
2019-12-18 11:20:00-05:00,54.29,54.31,54.25,54.26,8262
2019-12-18 11:25:00-05:00,54.27,54.27,54.235,54.25,6342
2019-12-18 11:30:00-05:00,54.24,54.25,54.185,54.185,9892
2019-12-18 11:35:00-05:00,54.185,54.19,54.15,54.15,9703
2019-12-18 11:40:00-05:00,54.155,54.185,54.14,54.175,6055
2019-12-18 11:45:00-05:00,54.17,54.19,54.165,54.185,3781
2019-12-18 11:50:00-05:00,54.18,54.19,54.15,54.15,9411
2019-12-18 11:55:00-05:00,54.15,54.16,54.105,54.105,12599
2019-12-18 12:00:00-05:00,54.11,54.115,54.085,54.09,8729
2019-12-18 12:05:00-05:00,54.09,54.09,54.07,54.075,11124
2019-12-18 12:10:00-05:00,54.07,54.08,54.02,54.025,19600
2019-12-18 12:15:00-05:00,54.025,54.03,53.97,53.97,11409
2019-12-18 12:20:00-05:00,53.975,53.99,53.96,53.975,8022
2019-12-18 12:25:00-05:00,53.975,54.0,53.97,53.98,8609
2019-12-18 12:30:00-05:00,53.97,54.04,53.96,54.04,14442
2019-12-18 12:35:00-05:00,54.05,54.07,53.98,53.99,13173
2019-12-18 12:40:00-05:00,53.995,54.005,53.975,54.0,6090
2019-12-18 12:45:00-05:00,54.01,54.02,54.0,54.005,7145
2019-12-18 12:50:00-05:00,54.0,54.01,53.99,53.99,3996
2019-12-18 12:55:00-05:00,54.0,54.0,53.99,53.99,10305
2019-12-18 13:00:00-05:00,53.99,54.0,53.99,53.99,7163
2019-12-18 13:05:00-05:00,54.0,54.01,53.99,53.99,11118
2019-12-18 13:10:00-05:00,53.99,53.99,53.94,53.98,27798
2019-12-18 13:15:00-05:00,53.975,54.005,53.97,53.975,16944
2019-12-18 13:20:00-05:00,53.97,53.98,53.95,53.95,10019
2019-12-18 13:25:00-05:00,53.95,53.975,53.945,53.96,6827
2019-12-18 13:30:00-05:00,53.965,54.0,53.965,53.98,55383
2019-12-18 13:35:00-05:00,53.97,53.97,53.93,53.95,18314
2019-12-18 13:40:00-05:00,53.95,53.95,53.925,53.925,3782
2019-12-18 13:45:00-05:00,53.92,53.945,53.915,53.94,12146
2019-12-18 13:50:00-05:00,53.94,53.965,53.93,53.93,10123
2019-12-18 13:55:00-05:00,53.93,53.95,53.925,53.945,8745
2019-12-18 14:00:00-05:00,53.95,53.96,53.94,53.96,13437
2019-12-18 14:05:00-05:00,53.95,53.99,53.945,53.98,12340
2019-12-18 14:10:00-05:00,53.98,53.985,53.965,53.965,13896
2019-12-18 14:15:00-05:00,53.96,53.97,53.94,53.94,9093
2019-12-18 14:20:00-05:00,53.94,53.95,53.93,53.95,9601
2019-12-18 14:25:00-05:00,53.945,53.945,53.89,53.905,16154
2019-12-18 14:30:00-05:00,53.905,53.91,53.895,53.905,14204
2019-12-18 14:35:00-05:00,53.91,53.91,53.9,53.905,9120
2019-12-18 14:40:00-05:00,53.91,53.91,53.89,53.905,6287
2019-12-18 14:45:00-05:00,53.905,53.91,53.885,53.905,9052
2019-12-18 14:50:00-05:00,53.9,53.91,53.89,53.9,10306
2019-12-18 14:55:00-05:00,53.905,53.95,53.9,53.935,5830
2019-12-18 15:00:00-05:00,53.95,53.965,53.935,53.955,6624
2019-12-18 15:05:00-05:00,53.955,53.99,53.945,53.98,6496
2019-12-18 15:10:00-05:00,53.985,54.0,53.98,53.985,12806
2019-12-18 15:15:00-05:00,53.98,53.99,53.97,53.98,9836
2019-12-18 15:20:00-05:00,53.975,53.99,53.96,53.98,19816
2019-12-18 15:25:00-05:00,53.97,53.99,53.97,53.985,17197
2019-12-18 15:30:00-05:00,53.99,54.0,53.97,53.97,26997
2019-12-18 15:35:00-05:00,53.97,53.99,53.97,53.975,48558
2019-12-18 15:40:00-05:00,53.98,53.99,53.975,53.99,53769
2019-12-18 15:45:00-05:00,53.99,54.0,53.965,53.99,48440
2019-12-18 15:50:00-05:00,53.99,54.0,53.96,53.98,66125
2019-12-18 15:55:00-05:00,53.98,53.99,53.91,53.93,121212
2019-12-19 09:30:00-05:00,53.98,54.22,53.98,54.21,18338
2019-12-19 09:35:00-05:00,54.215,54.28,54.19,54.22,11201
2019-12-19 09:40:00-05:00,54.27,54.31,54.21,54.21,11204
2019-12-19 09:45:00-05:00,54.21,54.215,54.12,54.12,10736
2019-12-19 09:50:00-05:00,54.135,54.17,54.11,54.11,8430
2019-12-19 09:55:00-05:00,54.16,54.2,54.15,54.195,2401
2019-12-19 10:00:00-05:00,54.165,54.22,54.14,54.22,3529
2019-12-19 10:05:00-05:00,54.245,54.33,54.245,54.33,6746
2019-12-19 10:10:00-05:00,54.33,54.335,54.255,54.265,5260
2019-12-19 10:15:00-05:00,54.265,54.265,54.23,54.235,2801
2019-12-19 10:20:00-05:00,54.21,54.21,54.16,54.17,9234
2019-12-19 10:25:00-05:00,54.16,54.225,54.15,54.195,9265
2019-12-19 10:30:00-05:00,54.17,54.19,54.14,54.16,3507
2019-12-19 10:35:00-05:00,54.155,54.17,54.145,54.17,3214
2019-12-19 10:40:00-05:00,54.165,54.205,54.16,54.175,4028
2019-12-19 10:45:00-05:00,54.185,54.195,54.16,54.16,4460
2019-12-19 10:50:00-05:00,54.17,54.17,54.16,54.17,3288
2019-12-19 10:55:00-05:00,54.17,54.22,54.17,54.21,4380
2019-12-19 11:00:00-05:00,54.21,54.21,54.2,54.205,4923
2019-12-19 11:05:00-05:00,54.205,54.255,54.205,54.24,6895
2019-12-19 11:10:00-05:00,54.24,54.245,54.22,54.24,4952
2019-12-19 11:15:00-05:00,54.245,54.25,54.23,54.24,5911
2019-12-19 11:20:00-05:00,54.25,54.3,54.25,54.285,6899
2019-12-19 11:25:00-05:00,54.28,54.285,54.27,54.275,4031
2019-12-19 11:30:00-05:00,54.27,54.295,54.26,54.29,7385
2019-12-19 11:35:00-05:00,54.29,54.29,54.275,54.29,4796
2019-12-19 11:40:00-05:00,54.29,54.3,54.285,54.285,4718
2019-12-19 11:45:00-05:00,54.29,54.33,54.29,54.315,7111
2019-12-19 11:50:00-05:00,54.32,54.32,54.285,54.285,3719
2019-12-19 11:55:00-05:00,54.28,54.28,54.24,54.24,5834
2019-12-19 12:00:00-05:00,54.215,54.215,54.155,54.155,11219
2019-12-19 12:05:00-05:00,54.16,54.2,54.155,54.18,6798
2019-12-19 12:10:00-05:00,54.19,54.2,54.18,54.195,3566
2019-12-19 12:15:00-05:00,54.19,54.21,54.19,54.205,5967
2019-12-19 12:20:00-05:00,54.2,54.2,54.18,54.18,4775
2019-12-19 12:25:00-05:00,54.17,54.17,54.15,54.155,7245
2019-12-19 12:30:00-05:00,54.155,54.175,54.15,54.17,4414
2019-12-19 12:35:00-05:00,54.17,54.18,54.14,54.14,5185
2019-12-19 12:40:00-05:00,54.155,54.155,54.15,54.15,3086
2019-12-19 12:45:00-05:00,54.155,54.165,54.15,54.165,2935
2019-12-19 12:50:00-05:00,54.16,54.175,54.11,54.125,6245
2019-12-19 12:55:00-05:00,54.12,54.135,54.12,54.13,2003
2019-12-19 13:00:00-05:00,54.145,54.155,54.14,54.155,4015
2019-12-19 13:05:00-05:00,54.155,54.155,54.12,54.12,4786
2019-12-19 13:10:00-05:00,54.12,54.12,54.095,54.115,2167
2019-12-19 13:15:00-05:00,54.11,54.17,54.11,54.165,6365
2019-12-19 13:20:00-05:00,54.16,54.17,54.13,54.14,8612
2019-12-19 13:25:00-05:00,54.14,54.175,54.125,54.17,9527
2019-12-19 13:30:00-05:00,54.165,54.2,54.16,54.195,8506
2019-12-19 13:35:00-05:00,54.195,54.195,54.17,54.18,11376
2019-12-19 13:40:00-05:00,54.19,54.2,54.17,54.175,25593
2019-12-19 13:45:00-05:00,54.17,54.19,54.17,54.18,12327
2019-12-19 13:50:00-05:00,54.195,54.195,54.165,54.185,8426
2019-12-19 13:55:00-05:00,54.18,54.22,54.18,54.215,4353
2019-12-19 14:00:00-05:00,54.22,54.225,54.2,54.225,4059
2019-12-19 14:05:00-05:00,54.23,54.235,54.185,54.185,8573
2019-12-19 14:10:00-05:00,54.185,54.19,54.16,54.165,5231
2019-12-19 14:15:00-05:00,54.16,54.17,54.16,54.165,5597
2019-12-19 14:20:00-05:00,54.175,54.225,54.175,54.225,2004723
2019-12-19 14:25:00-05:00,54.23,54.23,54.21,54.215,6125
2019-12-19 14:30:00-05:00,54.215,54.23,54.215,54.23,2153
2019-12-19 14:35:00-05:00,54.245,54.25,54.22,54.24,5495
2019-12-19 14:40:00-05:00,54.23,54.245,54.23,54.245,4616
2019-12-19 14:45:00-05:00,54.245,54.28,54.24,54.28,4280
2019-12-19 14:50:00-05:00,54.28,54.285,54.26,54.27,3718
2019-12-19 14:55:00-05:00,54.27,54.295,54.27,54.29,3887
2019-12-19 15:00:00-05:00,54.295,54.3,54.27,54.275,4615
2019-12-19 15:05:00-05:00,54.28,54.3,54.265,54.265,5242
2019-12-19 15:10:00-05:00,54.265,54.27,54.24,54.24,4121
2019-12-19 15:15:00-05:00,54.245,54.265,54.24,54.265,3800
2019-12-19 15:20:00-05:00,54.265,54.28,54.255,54.255,9161
2019-12-19 15:25:00-05:00,54.26,54.27,54.235,54.24,6136
2019-12-19 15:30:00-05:00,54.235,54.24,54.215,54.235,5854
2019-12-19 15:35:00-05:00,54.235,54.235,54.18,54.18,12083
2019-12-19 15:40:00-05:00,54.18,54.205,54.175,54.195,11611
2019-12-19 15:45:00-05:00,54.2,54.2,54.155,54.18,14925
2019-12-19 15:50:00-05:00,54.175,54.26,54.16,54.23,40940
2019-12-19 15:55:00-05:00,54.23,54.32,54.2,54.32,113870
2019-12-20 09:25:00-05:00,54.75,54.85,54.75,54.85,1608
2019-12-20 09:30:00-05:00,54.94,54.94,54.49,54.61,27201
2019-12-20 09:35:00-05:00,54.7,54.79,54.67,54.75,7082
2019-12-20 09:40:00-05:00,54.77,54.825,54.735,54.78,10080
2019-12-20 09:45:00-05:00,54.78,54.86,54.71,54.86,9499
2019-12-20 09:50:00-05:00,54.825,54.845,54.79,54.82,7044
2019-12-20 09:55:00-05:00,54.855,54.875,54.835,54.87,9519
2019-12-20 10:00:00-05:00,54.88,54.9,54.85,54.865,7639
2019-12-20 10:05:00-05:00,54.91,54.995,54.91,54.98,12504
2019-12-20 10:10:00-05:00,54.97,55.05,54.97,55.05,7820
2019-12-20 10:15:00-05:00,55.05,55.07,54.94,54.99,7052
2019-12-20 10:20:00-05:00,55.0,55.0,54.965,54.97,4425
2019-12-20 10:25:00-05:00,54.96,54.965,54.925,54.95,3661
2019-12-20 10:30:00-05:00,54.945,54.965,54.92,54.93,2950
2019-12-20 10:35:00-05:00,54.92,54.92,54.87,54.88,3756
2019-12-20 10:40:00-05:00,54.905,54.94,54.9,54.935,3845
2019-12-20 10:45:00-05:00,54.935,54.935,54.87,54.92,4057
2019-12-20 10:50:00-05:00,54.91,54.925,54.89,54.91,2554
2019-12-20 10:55:00-05:00,54.93,54.98,54.93,54.97,3389
2019-12-20 11:00:00-05:00,54.98,54.98,54.93,54.93,4326
2019-12-20 11:05:00-05:00,54.94,55.03,54.94,55.03,3453
2019-12-20 11:10:00-05:00,55.055,55.06,55.02,55.05,5855
2019-12-20 11:15:00-05:00,55.05,55.08,55.04,55.08,2703
2019-12-20 11:20:00-05:00,55.085,55.095,55.06,55.065,3435
2019-12-20 11:25:00-05:00,55.045,55.045,55.0,55.045,1315
2019-12-20 11:30:00-05:00,55.06,55.1,55.06,55.095,3479
2019-12-20 11:35:00-05:00,55.09,55.14,55.09,55.12,6429
2019-12-20 11:40:00-05:00,55.12,55.14,55.1,55.14,10203
2019-12-20 11:45:00-05:00,55.135,55.15,55.125,55.15,5738
2019-12-20 11:50:00-05:00,55.16,55.165,55.145,55.15,4384
2019-12-20 11:55:00-05:00,55.15,55.15,55.1,55.115,11892
2019-12-20 12:00:00-05:00,55.11,55.11,55.085,55.085,5375
2019-12-20 12:05:00-05:00,55.085,55.11,55.085,55.1,3380
2019-12-20 12:10:00-05:00,55.1,55.14,55.1,55.12,5046
2019-12-20 12:15:00-05:00,55.12,55.14,55.11,55.135,7004
2019-12-20 12:20:00-05:00,55.13,55.17,55.13,55.16,6850
2019-12-20 12:25:00-05:00,55.16,55.19,55.155,55.18,2353
2019-12-20 12:30:00-05:00,55.18,55.18,55.09,55.12,10818
2019-12-20 12:35:00-05:00,55.12,55.135,55.12,55.135,2091
2019-12-20 12:40:00-05:00,55.13,55.155,55.12,55.145,4138
2019-12-20 12:45:00-05:00,55.15,55.17,55.15,55.155,1365
2019-12-20 12:50:00-05:00,55.15,55.15,55.105,55.12,5340
2019-12-20 12:55:00-05:00,55.12,55.13,55.11,55.13,6735
2019-12-20 13:00:00-05:00,55.13,55.14,55.12,55.12,2744
2019-12-20 13:05:00-05:00,55.12,55.14,55.12,55.125,2852
2019-12-20 13:10:00-05:00,55.13,55.14,55.12,55.14,3393
2019-12-20 13:15:00-05:00,55.135,55.14,55.135,55.135,1269
2019-12-20 13:20:00-05:00,55.14,55.15,55.125,55.15,3979
2019-12-20 13:25:00-05:00,55.15,55.155,55.095,55.115,4113
2019-12-20 13:30:00-05:00,55.12,55.12,55.11,55.11,1022
2019-12-20 13:35:00-05:00,55.11,55.11,55.06,55.08,3575
2019-12-20 13:40:00-05:00,55.08,55.085,55.065,55.07,3415
2019-12-20 13:45:00-05:00,55.07,55.07,55.05,55.07,2988
2019-12-20 13:50:00-05:00,55.075,55.105,55.075,55.095,2540
2019-12-20 13:55:00-05:00,55.095,55.105,55.08,55.08,2977
2019-12-20 14:00:00-05:00,55.085,55.1,55.07,55.1,5454
2019-12-20 14:05:00-05:00,55.11,55.13,55.105,55.13,1072
2019-12-20 14:10:00-05:00,55.12,55.16,55.11,55.16,5429
2019-12-20 14:15:00-05:00,55.155,55.17,55.14,55.16,6778
2019-12-20 14:20:00-05:00,55.16,55.17,55.15,55.16,9763
2019-12-20 14:25:00-05:00,55.16,55.17,55.15,55.17,7969
2019-12-20 14:30:00-05:00,55.16,55.16,55.15,55.16,4573
2019-12-20 14:35:00-05:00,55.16,55.17,55.15,55.165,3515
2019-12-20 14:40:00-05:00,55.165,55.175,55.135,55.175,6320
2019-12-20 14:45:00-05:00,55.175,55.19,55.17,55.18,4127
2019-12-20 14:50:00-05:00,55.19,55.2,55.17,55.18,19006
2019-12-20 14:55:00-05:00,55.17,55.17,55.14,55.165,7338
2019-12-20 15:00:00-05:00,55.165,55.165,55.14,55.155,9998
2019-12-20 15:05:00-05:00,55.155,55.17,55.14,55.155,14844
2019-12-20 15:10:00-05:00,55.15,55.155,55.05,55.11,24903
2019-12-20 15:15:00-05:00,55.105,55.105,55.02,55.08,31206
2019-12-20 15:20:00-05:00,55.07,55.08,55.05,55.06,24758
2019-12-20 15:25:00-05:00,55.06,55.08,55.03,55.04,16905
2019-12-20 15:30:00-05:00,55.06,55.08,55.04,55.06,25320
2019-12-20 15:35:00-05:00,55.065,55.07,55.02,55.025,13064
2019-12-20 15:40:00-05:00,55.03,55.03,54.98,54.98,19720
2019-12-20 15:45:00-05:00,54.985,55.04,54.97,55.03,29739
2019-12-20 15:50:00-05:00,55.04,55.05,54.99,55.05,34581
2019-12-20 15:55:00-05:00,55.05,55.06,54.97,54.98,110819
2019-12-23 09:30:00-05:00,54.99,55.08,54.9,54.94,13628
2019-12-23 09:35:00-05:00,54.93,54.98,54.855,54.935,8597
2019-12-23 09:40:00-05:00,54.94,54.98,54.905,54.915,4366
2019-12-23 09:45:00-05:00,54.93,54.97,54.905,54.97,3749
2019-12-23 09:50:00-05:00,54.98,55.06,54.98,55.035,6338
2019-12-23 09:55:00-05:00,55.03,55.065,55.0,55.025,11391
2019-12-23 10:00:00-05:00,55.0,55.065,55.0,55.05,5630
2019-12-23 10:05:00-05:00,55.06,55.09,55.05,55.05,10322
2019-12-23 10:10:00-05:00,55.06,55.08,55.035,55.07,4483
2019-12-23 10:15:00-05:00,55.08,55.135,55.075,55.105,9188
2019-12-23 10:20:00-05:00,55.105,55.13,55.095,55.11,9083
2019-12-23 10:25:00-05:00,55.115,55.16,55.11,55.125,8530
2019-12-23 10:30:00-05:00,55.12,55.135,55.08,55.1,7520
2019-12-23 10:35:00-05:00,55.105,55.15,55.105,55.15,3272
2019-12-23 10:40:00-05:00,55.145,55.17,55.12,55.13,3437
2019-12-23 10:45:00-05:00,55.135,55.18,55.135,55.18,5468
2019-12-23 10:50:00-05:00,55.19,55.225,55.185,55.225,9852
2019-12-23 10:55:00-05:00,55.23,55.24,55.18,55.18,4176
2019-12-23 11:00:00-05:00,55.175,55.2,55.135,55.15,4634
2019-12-23 11:05:00-05:00,55.15,55.15,55.115,55.12,2906
2019-12-23 11:10:00-05:00,55.12,55.12,55.05,55.05,2996
2019-12-23 11:15:00-05:00,55.04,55.075,55.025,55.075,3041
2019-12-23 11:20:00-05:00,55.07,55.07,55.045,55.05,2862
2019-12-23 11:25:00-05:00,55.045,55.065,55.04,55.06,2211
2019-12-23 11:30:00-05:00,55.065,55.065,55.03,55.03,1780
2019-12-23 11:35:00-05:00,55.02,55.03,54.995,55.02,1983
2019-12-23 11:40:00-05:00,55.01,55.015,54.985,54.985,3248
2019-12-23 11:45:00-05:00,55.0,55.0,54.98,55.0,4597
2019-12-23 11:50:00-05:00,55.0,55.005,54.98,54.995,4078
2019-12-23 11:55:00-05:00,54.995,55.0,54.965,54.965,4338
2019-12-23 12:00:00-05:00,54.96,55.0,54.95,54.99,4420
2019-12-23 12:05:00-05:00,54.99,54.99,54.94,54.94,3685
2019-12-23 12:10:00-05:00,54.95,55.005,54.95,54.995,2597
2019-12-23 12:15:00-05:00,55.0,55.0,54.99,54.995,2962
2019-12-23 12:20:00-05:00,54.99,55.0,54.96,54.98,3447
2019-12-23 12:25:00-05:00,54.97,54.975,54.945,54.96,4849
2019-12-23 12:30:00-05:00,54.965,54.99,54.96,54.98,4707
2019-12-23 12:35:00-05:00,55.0,55.0,54.98,54.99,2993
2019-12-23 12:40:00-05:00,55.0,55.01,54.99,55.01,4318
2019-12-23 12:45:00-05:00,55.005,55.01,54.99,55.0,2306
2019-12-23 12:50:00-05:00,55.0,55.015,55.0,55.01,1855
2019-12-23 12:55:00-05:00,55.01,55.01,55.0,55.0,2930
2019-12-23 13:00:00-05:00,55.0,55.0,54.96,54.97,7865
2019-12-23 13:05:00-05:00,54.97,54.97,54.94,54.94,8752
2019-12-23 13:10:00-05:00,54.94,54.965,54.925,54.955,6485
2019-12-23 13:15:00-05:00,54.955,54.955,54.94,54.95,2768
2019-12-23 13:20:00-05:00,54.955,54.975,54.95,54.97,6841
2019-12-23 13:25:00-05:00,54.975,54.98,54.95,54.95,2609
2019-12-23 13:30:00-05:00,54.955,54.96,54.94,54.945,2988
2019-12-23 13:35:00-05:00,54.93,54.935,54.9,54.91,2696
2019-12-23 13:40:00-05:00,54.905,54.91,54.87,54.89,3475
2019-12-23 13:45:00-05:00,54.895,54.91,54.89,54.905,1550
2019-12-23 13:50:00-05:00,54.89,54.9,54.89,54.9,1157
2019-12-23 13:55:00-05:00,54.895,54.92,54.895,54.915,1841
2019-12-23 14:00:00-05:00,54.92,54.965,54.92,54.95,2205
2019-12-23 14:05:00-05:00,54.95,54.95,54.89,54.89,2495
2019-12-23 14:10:00-05:00,54.89,54.92,54.89,54.91,1892
2019-12-23 14:15:00-05:00,54.9,54.915,54.88,54.895,2688
2019-12-23 14:20:00-05:00,54.88,54.885,54.875,54.875,846
2019-12-23 14:25:00-05:00,54.86,54.89,54.86,54.885,4441
2019-12-23 14:30:00-05:00,54.895,54.9,54.865,54.865,4692
2019-12-23 14:35:00-05:00,54.86,54.885,54.85,54.875,3701
2019-12-23 14:40:00-05:00,54.875,54.88,54.87,54.88,2671
2019-12-23 14:45:00-05:00,54.87,54.9,54.87,54.9,5619
2019-12-23 14:50:00-05:00,54.895,54.9,54.875,54.9,3054
2019-12-23 14:55:00-05:00,54.905,54.93,54.905,54.93,1391
2019-12-23 15:00:00-05:00,54.935,54.935,54.875,54.875,4197
2019-12-23 15:05:00-05:00,54.865,54.88,54.86,54.88,1193
2019-12-23 15:10:00-05:00,54.875,54.9,54.875,54.885,2603
2019-12-23 15:15:00-05:00,54.89,54.9,54.86,54.865,2227
2019-12-23 15:20:00-05:00,54.87,54.87,54.85,54.865,7420
2019-12-23 15:25:00-05:00,54.865,54.88,54.86,54.86,7144
2019-12-23 15:30:00-05:00,54.865,54.87,54.85,54.87,2121
2019-12-23 15:35:00-05:00,54.87,54.92,54.87,54.92,5963
2019-12-23 15:40:00-05:00,54.915,54.915,54.89,54.89,5397
2019-12-23 15:45:00-05:00,54.9,54.9,54.865,54.9,4509
2019-12-23 15:50:00-05:00,54.91,54.92,54.885,54.885,19804
2019-12-23 15:55:00-05:00,54.89,54.91,54.85,54.91,31704
2019-12-24 09:30:00-05:00,54.8,54.995,54.765,54.77,9252
2019-12-24 09:35:00-05:00,54.76,54.82,54.76,54.79,7274
2019-12-24 09:40:00-05:00,54.785,54.835,54.76,54.79,6534
2019-12-24 09:45:00-05:00,54.785,54.8,54.76,54.78,5519
2019-12-24 09:50:00-05:00,54.78,54.86,54.765,54.825,7864
2019-12-24 09:55:00-05:00,54.84,54.845,54.79,54.82,20440
2019-12-24 10:00:00-05:00,54.815,54.875,54.81,54.86,13088
2019-12-24 10:05:00-05:00,54.86,54.86,54.835,54.845,20074
2019-12-24 10:10:00-05:00,54.85,54.86,54.845,54.86,15793
2019-12-24 10:15:00-05:00,54.86,54.9,54.855,54.885,11949
2019-12-24 10:20:00-05:00,54.885,54.905,54.88,54.905,9320
2019-12-24 10:25:00-05:00,54.9,54.91,54.87,54.91,14966
2019-12-24 10:30:00-05:00,54.915,54.915,54.88,54.89,10110
2019-12-24 10:35:00-05:00,54.885,54.9,54.88,54.89,15137
2019-12-24 10:40:00-05:00,54.885,54.91,54.885,54.895,7776
2019-12-24 10:45:00-05:00,54.89,54.89,54.835,54.85,6389
2019-12-24 10:50:00-05:00,54.845,54.855,54.84,54.845,4402
2019-12-24 10:55:00-05:00,54.85,54.86,54.84,54.845,5717
2019-12-24 11:00:00-05:00,54.845,54.855,54.83,54.85,5387
2019-12-24 11:05:00-05:00,54.86,54.86,54.83,54.84,9041
2019-12-24 11:10:00-05:00,54.845,54.845,54.82,54.825,4161
2019-12-24 11:15:00-05:00,54.815,54.83,54.8,54.805,7967
2019-12-24 11:20:00-05:00,54.785,54.79,54.765,54.765,10438
2019-12-24 11:25:00-05:00,54.77,54.77,54.73,54.73,5591
2019-12-24 11:30:00-05:00,54.74,54.76,54.73,54.73,3811
2019-12-24 11:35:00-05:00,54.74,54.78,54.74,54.765,2291
2019-12-24 11:40:00-05:00,54.75,54.77,54.75,54.77,1846
2019-12-24 11:45:00-05:00,54.78,54.78,54.76,54.76,3297
2019-12-24 11:50:00-05:00,54.77,54.77,54.75,54.75,1995
2019-12-24 11:55:00-05:00,54.75,54.76,54.73,54.73,2729
2019-12-24 12:00:00-05:00,54.715,54.715,54.69,54.69,5449
2019-12-24 12:05:00-05:00,54.685,54.69,54.65,54.65,5584
2019-12-24 12:10:00-05:00,54.66,54.725,54.66,54.725,8809
2019-12-24 12:15:00-05:00,54.72,54.77,54.72,54.77,3999
2019-12-24 12:20:00-05:00,54.76,54.8,54.76,54.79,9402
2019-12-24 12:25:00-05:00,54.78,54.81,54.78,54.785,2290
2019-12-24 12:30:00-05:00,54.78,54.78,54.75,54.755,7614
2019-12-24 12:35:00-05:00,54.76,54.76,54.75,54.75,4024
2019-12-24 12:40:00-05:00,54.725,54.725,54.71,54.715,5178
2019-12-24 12:45:00-05:00,54.71,54.755,54.71,54.74,5529
2019-12-24 12:50:00-05:00,54.74,54.765,54.74,54.76,6893
2019-12-24 12:55:00-05:00,54.76,54.76,54.69,54.71,16046
2019-12-26 09:30:00-05:00,54.87,54.92,54.84,54.89,1346
2019-12-26 09:35:00-05:00,54.9,54.94,54.9,54.915,541
2019-12-26 09:40:00-05:00,54.89,54.93,54.88,54.89,1126
2019-12-26 09:45:00-05:00,54.89,54.9,54.88,54.9,950
2019-12-26 09:50:00-05:00,54.885,54.91,54.86,54.87,1571
2019-12-26 09:55:00-05:00,54.875,54.92,54.87,54.92,1496
2019-12-26 10:00:00-05:00,54.915,54.92,54.9,54.92,1531
2019-12-26 10:05:00-05:00,54.94,54.955,54.925,54.955,8919
2019-12-26 10:10:00-05:00,54.95,54.975,54.95,54.975,1639
2019-12-26 10:15:00-05:00,54.975,54.98,54.965,54.965,1297
2019-12-26 10:20:00-05:00,54.96,54.96,54.95,54.955,1101
2019-12-26 10:25:00-05:00,54.955,54.96,54.91,54.91,1586
2019-12-26 10:30:00-05:00,54.92,54.95,54.92,54.935,1259
2019-12-26 10:35:00-05:00,54.93,54.97,54.93,54.95,4111
2019-12-26 10:40:00-05:00,54.96,54.965,54.94,54.94,1923
2019-12-26 10:45:00-05:00,54.95,54.965,54.945,54.955,1232
2019-12-26 10:50:00-05:00,54.955,54.955,54.925,54.925,1720
2019-12-26 10:55:00-05:00,54.94,54.95,54.925,54.925,1854
2019-12-26 11:00:00-05:00,54.93,54.94,54.93,54.93,3029
2019-12-26 11:05:00-05:00,54.96,54.98,54.96,54.98,838
2019-12-26 11:10:00-05:00,54.985,54.99,54.975,54.985,2416
2019-12-26 11:15:00-05:00,54.96,54.98,54.96,54.96,2197
2019-12-26 11:20:00-05:00,54.965,54.98,54.95,54.98,2654
2019-12-26 11:25:00-05:00,54.975,54.975,54.945,54.945,607
2019-12-26 11:30:00-05:00,54.94,54.95,54.93,54.95,2005
2019-12-26 11:35:00-05:00,54.96,54.97,54.945,54.95,1289
2019-12-26 11:40:00-05:00,54.94,54.975,54.94,54.975,2454
2019-12-26 11:45:00-05:00,54.965,54.97,54.94,54.95,1902
2019-12-26 11:50:00-05:00,54.945,54.945,54.925,54.925,1135
2019-12-26 11:55:00-05:00,54.925,54.955,54.92,54.95,863
2019-12-26 12:00:00-05:00,54.95,54.96,54.94,54.94,1727
2019-12-26 12:05:00-05:00,54.945,54.955,54.945,54.955,515
2019-12-26 12:10:00-05:00,54.96,54.975,54.95,54.96,3680
2019-12-26 12:15:00-05:00,54.97,54.985,54.97,54.98,1309
2019-12-26 12:20:00-05:00,54.975,54.975,54.96,54.965,1904
2019-12-26 12:25:00-05:00,54.95,54.98,54.95,54.98,1995
2019-12-26 12:30:00-05:00,54.975,54.98,54.97,54.975,22019
2019-12-26 12:35:00-05:00,54.97,54.975,54.97,54.975,590
2019-12-26 12:40:00-05:00,54.975,54.995,54.975,54.975,2593
2019-12-26 12:45:00-05:00,54.99,54.995,54.98,54.985,1407
2019-12-26 12:50:00-05:00,54.98,54.985,54.945,54.945,9255
2019-12-26 12:55:00-05:00,54.93,54.93,54.915,54.925,2856
2019-12-26 13:00:00-05:00,54.93,54.94,54.93,54.93,1461
2019-12-26 13:05:00-05:00,54.95,54.955,54.93,54.93,2385
2019-12-26 13:10:00-05:00,54.935,54.96,54.935,54.96,1247
2019-12-26 13:15:00-05:00,54.955,54.96,54.95,54.96,1787
2019-12-26 13:20:00-05:00,54.955,54.96,54.92,54.925,4176
2019-12-26 13:25:00-05:00,54.935,54.94,54.93,54.94,1738
2019-12-26 13:30:00-05:00,54.935,54.94,54.92,54.93,2557
2019-12-26 13:35:00-05:00,54.93,54.93,54.9,54.915,2790
2019-12-26 13:40:00-05:00,54.915,54.93,54.91,54.915,2552
2019-12-26 13:45:00-05:00,54.91,54.92,54.895,54.92,2296
2019-12-26 13:50:00-05:00,54.91,54.92,54.895,54.9,3355
2019-12-26 13:55:00-05:00,54.89,54.89,54.875,54.88,6462
2019-12-26 14:00:00-05:00,54.89,54.91,54.89,54.91,1364
2019-12-26 14:05:00-05:00,54.9,54.915,54.885,54.885,5298
2019-12-26 14:10:00-05:00,54.885,54.885,54.87,54.875,2610
2019-12-26 14:15:00-05:00,54.87,54.88,54.845,54.85,2900
2019-12-26 14:20:00-05:00,54.85,54.865,54.85,54.86,921
2019-12-26 14:25:00-05:00,54.86,54.865,54.855,54.855,1297
2019-12-26 14:30:00-05:00,54.87,54.87,54.85,54.85,2507
2019-12-26 14:35:00-05:00,54.845,54.845,54.83,54.84,1155
2019-12-26 14:40:00-05:00,54.84,54.855,54.84,54.84,1343
2019-12-26 14:45:00-05:00,54.845,54.85,54.83,54.84,1819
2019-12-26 14:50:00-05:00,54.835,54.84,54.825,54.84,1235
2019-12-26 14:55:00-05:00,54.835,54.84,54.83,54.84,1521
2019-12-26 15:00:00-05:00,54.84,54.84,54.83,54.835,2199
2019-12-26 15:05:00-05:00,54.835,54.865,54.835,54.86,2442
2019-12-26 15:10:00-05:00,54.865,54.87,54.825,54.825,5383
2019-12-26 15:15:00-05:00,54.825,54.84,54.825,54.83,10295
2019-12-26 15:20:00-05:00,54.83,54.85,54.825,54.825,7931
2019-12-26 15:25:00-05:00,54.83,54.86,54.82,54.855,8011
2019-12-26 15:30:00-05:00,54.855,54.855,54.79,54.81,9150
2019-12-26 15:35:00-05:00,54.815,54.855,54.815,54.835,16300
2019-12-26 15:40:00-05:00,54.825,54.91,54.825,54.91,9259
2019-12-26 15:45:00-05:00,54.91,54.94,54.9,54.93,6307
2019-12-26 15:50:00-05:00,54.94,54.98,54.92,54.97,11312
2019-12-26 15:55:00-05:00,54.975,55.01,54.94,55.0,37091
2019-12-27 09:30:00-05:00,55.035,55.11,55.02,55.02,3533
2019-12-27 09:35:00-05:00,55.02,55.09,55.02,55.09,1800
2019-12-27 09:40:00-05:00,55.07,55.17,55.07,55.17,1088
2019-12-27 09:45:00-05:00,55.15,55.15,55.08,55.08,2756
2019-12-27 09:50:00-05:00,55.07,55.09,55.06,55.09,2622
2019-12-27 09:55:00-05:00,55.1,55.12,55.08,55.12,3507
2019-12-27 10:00:00-05:00,55.12,55.215,55.12,55.215,6384
2019-12-27 10:05:00-05:00,55.21,55.235,55.2,55.205,6032
2019-12-27 10:10:00-05:00,55.225,55.235,55.19,55.21,5434
2019-12-27 10:15:00-05:00,55.22,55.225,55.2,55.21,2765
2019-12-27 10:20:00-05:00,55.205,55.205,55.15,55.155,3519
2019-12-27 10:25:00-05:00,55.155,55.175,55.15,55.17,4855
2019-12-27 10:30:00-05:00,55.175,55.175,55.11,55.12,2253
2019-12-27 10:35:00-05:00,55.11,55.12,55.09,55.09,3914
2019-12-27 10:40:00-05:00,55.095,55.11,55.075,55.09,2398
2019-12-27 10:45:00-05:00,55.1,55.17,55.1,55.14,5088
2019-12-27 10:50:00-05:00,55.17,55.22,55.17,55.195,2831
2019-12-27 10:55:00-05:00,55.2,55.25,55.19,55.24,4523
2019-12-27 11:00:00-05:00,55.24,55.27,55.24,55.25,3436
2019-12-27 11:05:00-05:00,55.25,55.25,55.23,55.25,1970
2019-12-27 11:10:00-05:00,55.22,55.24,55.205,55.24,3255
2019-12-27 11:15:00-05:00,55.24,55.29,55.24,55.28,2973
2019-12-27 11:20:00-05:00,55.28,55.28,55.245,55.255,3332
2019-12-27 11:25:00-05:00,55.255,55.285,55.23,55.285,5408
2019-12-27 11:30:00-05:00,55.285,55.305,55.275,55.285,4485
2019-12-27 11:35:00-05:00,55.305,55.31,55.28,55.3,10302
2019-12-27 11:40:00-05:00,55.31,55.335,55.305,55.31,3555
2019-12-27 11:45:00-05:00,55.3,55.32,55.265,55.27,5264
2019-12-27 11:50:00-05:00,55.26,55.27,55.25,55.25,3361
2019-12-27 11:55:00-05:00,55.25,55.27,55.24,55.25,5180
2019-12-27 12:00:00-05:00,55.25,55.25,55.235,55.24,4947
2019-12-27 12:05:00-05:00,55.225,55.245,55.225,55.235,4478
2019-12-27 12:10:00-05:00,55.24,55.24,55.22,55.24,1595
2019-12-27 12:15:00-05:00,55.235,55.27,55.235,55.265,6296
2019-12-27 12:20:00-05:00,55.29,55.32,55.29,55.31,3954
2019-12-27 12:25:00-05:00,55.31,55.31,55.29,55.29,3496
2019-12-27 12:30:00-05:00,55.28,55.3,55.275,55.275,3324
2019-12-27 12:35:00-05:00,55.27,55.31,55.26,55.31,3671
2019-12-27 12:40:00-05:00,55.31,55.32,55.28,55.32,2278
2019-12-27 12:45:00-05:00,55.305,55.33,55.305,55.33,1509
2019-12-27 12:50:00-05:00,55.33,55.35,55.3,55.31,4352
2019-12-27 12:55:00-05:00,55.31,55.335,55.31,55.33,2190
2019-12-27 13:00:00-05:00,55.34,55.34,55.32,55.33,2426
2019-12-27 13:05:00-05:00,55.33,55.34,55.33,55.33,2292
2019-12-27 13:10:00-05:00,55.33,55.35,55.325,55.34,1846
2019-12-27 13:15:00-05:00,55.34,55.38,55.34,55.38,2486
2019-12-27 13:20:00-05:00,55.38,55.38,55.345,55.345,2399
2019-12-27 13:25:00-05:00,55.36,55.38,55.36,55.38,2065
2019-12-27 13:30:00-05:00,55.375,55.38,55.35,55.36,11477
2019-12-27 13:35:00-05:00,55.35,55.39,55.35,55.385,4456
2019-12-27 13:40:00-05:00,55.39,55.39,55.36,55.36,1686
2019-12-27 13:45:00-05:00,55.365,55.39,55.365,55.37,2947
2019-12-27 13:50:00-05:00,55.375,55.375,55.36,55.365,2121
2019-12-27 13:55:00-05:00,55.365,55.365,55.34,55.35,4448
2019-12-27 14:00:00-05:00,55.35,55.42,55.345,55.42,4091
2019-12-27 14:05:00-05:00,55.42,55.445,55.41,55.44,3612
2019-12-27 14:10:00-05:00,55.43,55.445,55.42,55.44,4038
2019-12-27 14:15:00-05:00,55.44,55.44,55.42,55.42,1563
2019-12-27 14:20:00-05:00,55.415,55.43,55.405,55.425,3878
2019-12-27 14:25:00-05:00,55.43,55.44,55.415,55.42,2056
2019-12-27 14:30:00-05:00,55.415,55.415,55.36,55.36,3402
2019-12-27 14:35:00-05:00,55.35,55.35,55.32,55.32,5826
2019-12-27 14:40:00-05:00,55.32,55.32,55.29,55.29,15311
2019-12-27 14:45:00-05:00,55.28,55.3,55.27,55.295,7623
2019-12-27 14:50:00-05:00,55.295,55.32,55.28,55.31,2496
2019-12-27 14:55:00-05:00,55.305,55.31,55.29,55.3,2594
2019-12-27 15:00:00-05:00,55.29,55.33,55.29,55.32,3022
2019-12-27 15:05:00-05:00,55.31,55.32,55.3,55.3,4072
2019-12-27 15:10:00-05:00,55.305,55.305,55.29,55.295,2192
2019-12-27 15:15:00-05:00,55.29,55.3,55.28,55.3,2547
2019-12-27 15:20:00-05:00,55.3,55.3,55.275,55.3,3182
2019-12-27 15:25:00-05:00,55.29,55.295,55.26,55.29,5037
2019-12-27 15:30:00-05:00,55.28,55.28,55.255,55.26,3544
2019-12-27 15:35:00-05:00,55.27,55.3,55.27,55.295,6625
2019-12-27 15:40:00-05:00,55.3,55.3,55.25,55.25,10935
2019-12-27 15:45:00-05:00,55.26,55.3,55.25,55.25,14862
2019-12-27 15:50:00-05:00,55.25,55.29,55.23,55.28,32575
2019-12-27 15:55:00-05:00,55.28,55.35,55.27,55.34,49032
2019-12-30 09:30:00-05:00,55.25,55.3,55.2,55.23,4968
2019-12-30 09:35:00-05:00,55.21,55.22,55.13,55.22,5101
2019-12-30 09:40:00-05:00,55.23,55.26,55.22,55.24,3771
2019-12-30 09:45:00-05:00,55.27,55.35,55.27,55.34,4252
2019-12-30 09:50:00-05:00,55.35,55.385,55.245,55.25,5196
2019-12-30 09:55:00-05:00,55.24,55.27,55.2,55.24,9635
2019-12-30 10:00:00-05:00,55.255,55.26,55.23,55.26,4240
2019-12-30 10:05:00-05:00,55.28,55.28,55.21,55.22,3965
2019-12-30 10:10:00-05:00,55.23,55.23,55.19,55.2,6825
2019-12-30 10:15:00-05:00,55.2,55.21,55.17,55.195,4819
2019-12-30 10:20:00-05:00,55.19,55.19,55.09,55.14,5318
2019-12-30 10:25:00-05:00,55.17,55.17,55.1,55.13,5498
2019-12-30 10:30:00-05:00,55.13,55.13,55.085,55.09,1960
2019-12-30 10:35:00-05:00,55.09,55.13,55.08,55.13,2293
2019-12-30 10:40:00-05:00,55.14,55.18,55.13,55.175,1764
2019-12-30 10:45:00-05:00,55.19,55.2,55.17,55.17,2567
2019-12-30 10:50:00-05:00,55.13,55.15,55.12,55.14,2172
2019-12-30 10:55:00-05:00,55.14,55.16,55.13,55.16,1576
2019-12-30 11:00:00-05:00,55.15,55.15,55.11,55.11,819
2019-12-30 11:05:00-05:00,55.09,55.155,55.09,55.14,3217
2019-12-30 11:10:00-05:00,55.16,55.185,55.12,55.18,3934
2019-12-30 11:15:00-05:00,55.18,55.18,55.17,55.17,1935
2019-12-30 11:20:00-05:00,55.19,55.19,55.15,55.16,6511
2019-12-30 11:25:00-05:00,55.18,55.2,55.175,55.195,6597
2019-12-30 11:30:00-05:00,55.21,55.22,55.18,55.185,2271
2019-12-30 11:35:00-05:00,55.195,55.23,55.195,55.22,2309
2019-12-30 11:40:00-05:00,55.21,55.225,55.2,55.225,2044
2019-12-30 11:45:00-05:00,55.22,55.25,55.215,55.235,2119
2019-12-30 11:50:00-05:00,55.225,55.225,55.205,55.225,1397
2019-12-30 11:55:00-05:00,55.22,55.24,55.22,55.235,1736
2019-12-30 12:00:00-05:00,55.235,55.26,55.235,55.25,2503
2019-12-30 12:05:00-05:00,55.255,55.255,55.23,55.235,2281
2019-12-30 12:10:00-05:00,55.23,55.275,55.22,55.25,3367
2019-12-30 12:15:00-05:00,55.24,55.27,55.235,55.27,3623
2019-12-30 12:20:00-05:00,55.265,55.265,55.24,55.25,3376
2019-12-30 12:25:00-05:00,55.25,55.28,55.235,55.28,4348
2019-12-30 12:30:00-05:00,55.28,55.28,55.24,55.24,1754
2019-12-30 12:35:00-05:00,55.235,55.26,55.23,55.255,2739
2019-12-30 12:40:00-05:00,55.26,55.26,55.24,55.245,2699
2019-12-30 12:45:00-05:00,55.255,55.27,55.25,55.25,1359
2019-12-30 12:50:00-05:00,55.255,55.26,55.245,55.255,1455
2019-12-30 12:55:00-05:00,55.26,55.26,55.24,55.24,3265
2019-12-30 13:00:00-05:00,55.245,55.25,55.23,55.24,1483
2019-12-30 13:05:00-05:00,55.23,55.23,55.185,55.185,1553
2019-12-30 13:10:00-05:00,55.18,55.205,55.18,55.205,1631
2019-12-30 13:15:00-05:00,55.2,55.21,55.185,55.185,3144
2019-12-30 13:20:00-05:00,55.18,55.19,55.15,55.16,2094
2019-12-30 13:25:00-05:00,55.17,55.17,55.13,55.13,2740
2019-12-30 13:30:00-05:00,55.13,55.16,55.125,55.155,1445
2019-12-30 13:35:00-05:00,55.16,55.185,55.16,55.185,1221
2019-12-30 13:40:00-05:00,55.205,55.215,55.2,55.215,1300
2019-12-30 13:45:00-05:00,55.22,55.23,55.19,55.19,2014
2019-12-30 13:50:00-05:00,55.19,55.195,55.18,55.19,1569
2019-12-30 13:55:00-05:00,55.18,55.19,55.17,55.19,2061
2019-12-30 14:00:00-05:00,55.17,55.18,55.15,55.175,7209
2019-12-30 14:05:00-05:00,55.18,55.18,55.165,55.165,2253
2019-12-30 14:10:00-05:00,55.165,55.17,55.155,55.16,1416
2019-12-30 14:15:00-05:00,55.165,55.165,55.15,55.155,1289
2019-12-30 14:20:00-05:00,55.155,55.16,55.125,55.125,3132
2019-12-30 14:25:00-05:00,55.13,55.15,55.13,55.15,4140
2019-12-30 14:30:00-05:00,55.15,55.18,55.14,55.18,5491
2019-12-30 14:35:00-05:00,55.18,55.22,55.18,55.22,4146
2019-12-30 14:40:00-05:00,55.215,55.23,55.2,55.2,1422
2019-12-30 14:45:00-05:00,55.195,55.21,55.19,55.21,2030
2019-12-30 14:50:00-05:00,55.21,55.23,55.21,55.22,1712
2019-12-30 14:55:00-05:00,55.22,55.22,55.2,55.22,2714
2019-12-30 15:00:00-05:00,55.21,55.215,55.195,55.215,2915
2019-12-30 15:05:00-05:00,55.205,55.24,55.205,55.23,2169
2019-12-30 15:10:00-05:00,55.24,55.27,55.22,55.26,5893
2019-12-30 15:15:00-05:00,55.26,55.29,55.26,55.265,3435
2019-12-30 15:20:00-05:00,55.26,55.27,55.24,55.24,2767
2019-12-30 15:25:00-05:00,55.235,55.245,55.23,55.23,1583
2019-12-30 15:30:00-05:00,55.235,55.235,55.205,55.23,3816
2019-12-30 15:35:00-05:00,55.24,55.26,55.22,55.235,3536
2019-12-30 15:40:00-05:00,55.24,55.25,55.22,55.24,5132
2019-12-30 15:45:00-05:00,55.23,55.27,55.23,55.265,5565
2019-12-30 15:50:00-05:00,55.26,55.27,55.22,55.255,15769
2019-12-30 15:55:00-05:00,55.26,55.28,55.21,55.27,51614
2019-12-31 09:30:00-05:00,55.25,55.29,55.22,55.235,5098
2019-12-31 09:35:00-05:00,55.24,55.295,55.22,55.26,3213
2019-12-31 09:40:00-05:00,55.24,55.26,55.24,55.25,1703
2019-12-31 09:45:00-05:00,55.24,55.25,55.205,55.235,1147
2019-12-31 09:50:00-05:00,55.23,55.26,55.215,55.24,10601
2019-12-31 09:55:00-05:00,55.2,55.21,55.15,55.19,4551
2019-12-31 10:00:00-05:00,55.19,55.19,55.14,55.18,6274
2019-12-31 10:05:00-05:00,55.165,55.19,55.155,55.17,3372
2019-12-31 10:10:00-05:00,55.17,55.17,55.11,55.16,3323
2019-12-31 10:15:00-05:00,55.16,55.165,55.125,55.13,2744
2019-12-31 10:20:00-05:00,55.12,55.12,55.07,55.085,2697
2019-12-31 10:25:00-05:00,55.09,55.125,55.065,55.125,12318
2019-12-31 10:30:00-05:00,55.145,55.145,55.06,55.065,5396
2019-12-31 10:35:00-05:00,55.065,55.105,55.065,55.08,6298
2019-12-31 10:40:00-05:00,55.075,55.1,55.045,55.085,6178
2019-12-31 10:45:00-05:00,55.085,55.125,55.08,55.125,10556
2019-12-31 10:50:00-05:00,55.125,55.13,55.065,55.08,8392
2019-12-31 10:55:00-05:00,55.065,55.07,55.01,55.01,7280
2019-12-31 11:00:00-05:00,55.025,55.04,55.025,55.04,3411
2019-12-31 11:05:00-05:00,55.025,55.03,55.02,55.02,1357
2019-12-31 11:10:00-05:00,55.03,55.04,55.02,55.02,1147
2019-12-31 11:15:00-05:00,55.02,55.05,55.01,55.05,4092
2019-12-31 11:20:00-05:00,55.045,55.045,55.025,55.03,1737
2019-12-31 11:25:00-05:00,55.02,55.035,55.01,55.015,6109
2019-12-31 11:30:00-05:00,55.015,55.1,55.01,55.095,4709
2019-12-31 11:35:00-05:00,55.09,55.09,55.07,55.09,2419
2019-12-31 11:40:00-05:00,55.1,55.1,55.045,55.045,6396
2019-12-31 11:45:00-05:00,55.055,55.08,55.05,55.08,4016
2019-12-31 11:50:00-05:00,55.08,55.13,55.08,55.1,3063
2019-12-31 11:55:00-05:00,55.07,55.08,55.06,55.08,2681
2019-12-31 12:00:00-05:00,55.09,55.09,55.075,55.09,2773
2019-12-31 12:05:00-05:00,55.085,55.095,55.06,55.075,2867
2019-12-31 12:10:00-05:00,55.085,55.09,55.035,55.04,5562
2019-12-31 12:15:00-05:00,55.04,55.04,55.0,55.0,3004
2019-12-31 12:20:00-05:00,55.0,55.05,54.985,55.04,3590
2019-12-31 12:25:00-05:00,55.025,55.07,55.01,55.07,6120
2019-12-31 12:30:00-05:00,55.06,55.06,55.05,55.06,2254
2019-12-31 12:35:00-05:00,55.05,55.07,55.03,55.04,2757
2019-12-31 12:40:00-05:00,55.045,55.09,55.04,55.085,1249
2019-12-31 12:45:00-05:00,55.09,55.125,55.09,55.12,2112
2019-12-31 12:50:00-05:00,55.12,55.13,55.09,55.105,4566
2019-12-31 12:55:00-05:00,55.11,55.11,55.1,55.1,2147
2019-12-31 13:00:00-05:00,55.105,55.11,55.09,55.105,4251
2019-12-31 13:05:00-05:00,55.1,55.11,55.1,55.105,3054
2019-12-31 13:10:00-05:00,55.1,55.11,55.1,55.1,3688
2019-12-31 13:15:00-05:00,55.105,55.12,55.095,55.115,3270
2019-12-31 13:20:00-05:00,55.105,55.14,55.1,55.105,2754
2019-12-31 13:25:00-05:00,55.115,55.12,55.1,55.12,2389
2019-12-31 13:30:00-05:00,55.12,55.13,55.12,55.13,6143
2019-12-31 13:35:00-05:00,55.12,55.14,55.12,55.12,4792
2019-12-31 13:40:00-05:00,55.13,55.13,55.12,55.12,1931
2019-12-31 13:45:00-05:00,55.12,55.12,55.11,55.12,2106
2019-12-31 13:50:00-05:00,55.12,55.16,55.11,55.15,5286
2019-12-31 13:55:00-05:00,55.16,55.16,55.14,55.14,2052
2019-12-31 14:00:00-05:00,55.14,55.18,55.14,55.175,5624
2019-12-31 14:05:00-05:00,55.18,55.19,55.17,55.19,5627
2019-12-31 14:10:00-05:00,55.2,55.215,55.18,55.19,2291
2019-12-31 14:15:00-05:00,55.185,55.24,55.18,55.225,4933
2019-12-31 14:20:00-05:00,55.225,55.25,55.225,55.235,3489
2019-12-31 14:25:00-05:00,55.235,55.26,55.225,55.235,2972
2019-12-31 14:30:00-05:00,55.235,55.24,55.21,55.22,2387
2019-12-31 14:35:00-05:00,55.23,55.23,55.19,55.215,4423
2019-12-31 14:40:00-05:00,55.22,55.23,55.2,55.21,5580
2019-12-31 14:45:00-05:00,55.21,55.22,55.2,55.215,8251
2019-12-31 14:50:00-05:00,55.2,55.21,55.19,55.19,4671
2019-12-31 14:55:00-05:00,55.18,55.2,55.175,55.195,6905
2019-12-31 15:00:00-05:00,55.195,55.22,55.19,55.22,5599
2019-12-31 15:05:00-05:00,55.21,55.21,55.18,55.2,6897
2019-12-31 15:10:00-05:00,55.205,55.24,55.2,55.235,5143
2019-12-31 15:15:00-05:00,55.23,55.26,55.22,55.25,4849
2019-12-31 15:20:00-05:00,55.255,55.26,55.23,55.24,7737
2019-12-31 15:25:00-05:00,55.245,55.28,55.245,55.275,8782
2019-12-31 15:30:00-05:00,55.27,55.27,55.25,55.255,35040
2019-12-31 15:35:00-05:00,55.255,55.26,55.22,55.225,12293
2019-12-31 15:40:00-05:00,55.22,55.25,55.22,55.245,13956
2019-12-31 15:45:00-05:00,55.24,55.29,55.235,55.29,19061
2019-12-31 15:50:00-05:00,55.29,55.36,55.28,55.36,28904
2019-12-31 15:55:00-05:00,55.35,55.38,55.3,55.33,105835
2020-01-02 09:30:00-05:00,55.31,55.42,55.31,55.36,6016
2020-01-02 09:35:00-05:00,55.34,55.41,55.265,55.265,12143
2020-01-02 09:40:00-05:00,55.27,55.27,55.16,55.18,7677
2020-01-02 09:45:00-05:00,55.18,55.33,55.18,55.255,8176
2020-01-02 09:50:00-05:00,55.26,55.3,55.215,55.225,8183
2020-01-02 09:55:00-05:00,55.22,55.25,55.205,55.205,5478
2020-01-02 10:00:00-05:00,55.21,55.245,55.2,55.23,6258
2020-01-02 10:05:00-05:00,55.21,55.26,55.2,55.25,4969
2020-01-02 10:10:00-05:00,55.25,55.29,55.25,55.27,2675
2020-01-02 10:15:00-05:00,55.26,55.265,55.18,55.2,6969
2020-01-02 10:20:00-05:00,55.2,55.22,55.19,55.2,4070
2020-01-02 10:25:00-05:00,55.19,55.235,55.19,55.225,4076
2020-01-02 10:30:00-05:00,55.23,55.23,55.16,55.17,5639
2020-01-02 10:35:00-05:00,55.16,55.16,55.1,55.12,7206
2020-01-02 10:40:00-05:00,55.11,55.14,55.105,55.135,3049
2020-01-02 10:45:00-05:00,55.13,55.13,55.04,55.04,6018
2020-01-02 10:50:00-05:00,55.05,55.05,55.02,55.03,4815
2020-01-02 10:55:00-05:00,55.04,55.09,55.04,55.07,2647
2020-01-02 11:00:00-05:00,55.08,55.16,55.06,55.14,6613
2020-01-02 11:05:00-05:00,55.14,55.21,55.14,55.195,4219
2020-01-02 11:10:00-05:00,55.185,55.2,55.17,55.18,5905
2020-01-02 11:15:00-05:00,55.17,55.17,55.14,55.145,2441
2020-01-02 11:20:00-05:00,55.145,55.17,55.145,55.155,4450
2020-01-02 11:25:00-05:00,55.155,55.155,55.075,55.085,11921
2020-01-02 11:30:00-05:00,55.085,55.09,55.01,55.01,4769
2020-01-02 11:35:00-05:00,55.02,55.04,55.005,55.025,7653
2020-01-02 11:40:00-05:00,55.02,55.02,54.95,54.975,6619
2020-01-02 11:45:00-05:00,54.975,55.0,54.96,55.0,2468
2020-01-02 11:50:00-05:00,55.0,55.04,55.0,55.035,4678
2020-01-02 11:55:00-05:00,55.03,55.03,54.93,54.93,4527
2020-01-02 12:00:00-05:00,54.915,54.92,54.875,54.875,9273
2020-01-02 12:05:00-05:00,54.85,54.89,54.84,54.89,5435
2020-01-02 12:10:00-05:00,54.885,54.905,54.835,54.835,4422
2020-01-02 12:15:00-05:00,54.825,54.885,54.825,54.885,6332
2020-01-02 12:20:00-05:00,54.88,54.885,54.835,54.84,1574
2020-01-02 12:25:00-05:00,54.825,54.83,54.81,54.81,427
2020-01-02 12:30:00-05:00,54.78,54.8,54.76,54.76,2372
2020-01-02 12:35:00-05:00,54.815,54.85,54.815,54.84,1187
2020-01-02 12:40:00-05:00,54.84,54.84,54.82,54.825,1860
2020-01-02 12:45:00-05:00,54.845,54.905,54.845,54.905,864
2020-01-02 12:50:00-05:00,54.91,54.935,54.9,54.92,1992
2020-01-02 12:55:00-05:00,54.91,54.92,54.91,54.915,1148
2020-01-02 13:00:00-05:00,54.905,54.905,54.84,54.84,1640
2020-01-02 13:05:00-05:00,54.85,54.87,54.84,54.865,1713
2020-01-02 13:10:00-05:00,54.86,54.86,54.85,54.86,1247
2020-01-02 13:15:00-05:00,54.88,54.895,54.88,54.89,3037
2020-01-02 13:20:00-05:00,54.88,54.9,54.88,54.9,1351
2020-01-02 13:25:00-05:00,54.91,54.91,54.865,54.88,3743
2020-01-02 13:30:00-05:00,54.88,54.9,54.88,54.9,1309
2020-01-02 13:35:00-05:00,54.9,54.92,54.89,54.915,2786
2020-01-02 13:40:00-05:00,54.915,54.92,54.89,54.91,3684
2020-01-02 13:45:00-05:00,54.91,54.93,54.9,54.93,8381
2020-01-02 13:50:00-05:00,54.92,54.92,54.85,54.85,4491
2020-01-02 13:55:00-05:00,54.86,54.9,54.855,54.89,2752
2020-01-02 14:00:00-05:00,54.89,54.93,54.89,54.93,6803
2020-01-02 14:05:00-05:00,54.92,54.93,54.91,54.915,10820
2020-01-02 14:10:00-05:00,54.91,54.915,54.88,54.88,3603
2020-01-02 14:15:00-05:00,54.895,54.91,54.89,54.91,2243
2020-01-02 14:20:00-05:00,54.91,54.95,54.905,54.94,7560
2020-01-02 14:25:00-05:00,54.95,54.96,54.93,54.93,4037
2020-01-02 14:30:00-05:00,54.93,54.95,54.93,54.94,5281
2020-01-02 14:35:00-05:00,54.94,54.97,54.94,54.97,4570
2020-01-02 14:40:00-05:00,54.985,55.0,54.97,54.99,4824
2020-01-02 14:45:00-05:00,54.985,54.99,54.96,54.99,10427
2020-01-02 14:50:00-05:00,54.98,55.02,54.97,55.005,5735
2020-01-02 14:55:00-05:00,55.0,55.01,54.99,55.01,3079
2020-01-02 15:00:00-05:00,55.015,55.03,55.0,55.005,6861
2020-01-02 15:05:00-05:00,55.005,55.025,54.97,55.015,6706
2020-01-02 15:10:00-05:00,55.02,55.045,55.01,55.04,3703
2020-01-02 15:15:00-05:00,55.035,55.04,55.02,55.04,8298
2020-01-02 15:20:00-05:00,55.03,55.05,55.02,55.03,5270
2020-01-02 15:25:00-05:00,55.03,55.03,55.01,55.01,3788
2020-01-02 15:30:00-05:00,55.02,55.04,55.0,55.035,3723
2020-01-02 15:35:00-05:00,55.045,55.045,55.01,55.04,6075
2020-01-02 15:40:00-05:00,55.05,55.09,55.05,55.09,2221
2020-01-02 15:45:00-05:00,55.095,55.11,55.07,55.105,7396
2020-01-02 15:50:00-05:00,55.12,55.13,55.06,55.07,16832
2020-01-02 15:55:00-05:00,55.07,55.07,54.94,54.99,100920
2020-01-03 09:25:00-05:00,54.48,54.48,54.25,54.25,1645
2020-01-03 09:30:00-05:00,54.33,54.93,54.1,54.93,50467
2020-01-03 09:35:00-05:00,54.92,54.94,54.75,54.875,7118
2020-01-03 09:40:00-05:00,54.87,54.87,54.75,54.77,8224
2020-01-03 09:45:00-05:00,54.79,54.86,54.77,54.83,6339
2020-01-03 09:50:00-05:00,54.8,54.88,54.78,54.78,3207
2020-01-03 09:55:00-05:00,54.755,54.86,54.75,54.82,6937
2020-01-03 10:00:00-05:00,54.8,54.82,54.7,54.705,7926
2020-01-03 10:05:00-05:00,54.69,54.74,54.69,54.7,3335
2020-01-03 10:10:00-05:00,54.69,54.69,54.62,54.66,4482
2020-01-03 10:15:00-05:00,54.66,54.72,54.64,54.66,4779
2020-01-03 10:20:00-05:00,54.63,54.66,54.6,54.66,4131
2020-01-03 10:25:00-05:00,54.66,54.75,54.655,54.75,4578
2020-01-03 10:30:00-05:00,54.76,54.76,54.665,54.665,3652
2020-01-03 10:35:00-05:00,54.655,54.71,54.64,54.69,5836
2020-01-03 10:40:00-05:00,54.69,54.74,54.69,54.725,3723
2020-01-03 10:45:00-05:00,54.72,54.725,54.69,54.715,3813
2020-01-03 10:50:00-05:00,54.7,54.705,54.67,54.675,6968
2020-01-03 10:55:00-05:00,54.665,54.705,54.66,54.68,4392
2020-01-03 11:00:00-05:00,54.66,54.66,54.635,54.64,10455
2020-01-03 11:05:00-05:00,54.635,54.635,54.61,54.61,5283
2020-01-03 11:10:00-05:00,54.58,54.63,54.58,54.595,9291
2020-01-03 11:15:00-05:00,54.6,54.625,54.58,54.6,7214
2020-01-03 11:20:00-05:00,54.61,54.645,54.605,54.62,4878
2020-01-03 11:25:00-05:00,54.61,54.67,54.6,54.66,6290
2020-01-03 11:30:00-05:00,54.68,54.735,54.68,54.735,3583
2020-01-03 11:35:00-05:00,54.73,54.74,54.725,54.74,1076
2020-01-03 11:40:00-05:00,54.745,54.755,54.73,54.75,1252
2020-01-03 11:45:00-05:00,54.765,54.765,54.73,54.73,4890
2020-01-03 11:50:00-05:00,54.74,54.76,54.73,54.76,5127
2020-01-03 11:55:00-05:00,54.76,54.775,54.74,54.76,4304
2020-01-03 12:00:00-05:00,54.785,54.815,54.77,54.79,2719
2020-01-03 12:05:00-05:00,54.8,54.815,54.77,54.79,4719
2020-01-03 12:10:00-05:00,54.79,54.79,54.75,54.75,4681
2020-01-03 12:15:00-05:00,54.76,54.78,54.76,54.77,2699
2020-01-03 12:20:00-05:00,54.75,54.81,54.75,54.795,2356
2020-01-03 12:25:00-05:00,54.805,54.805,54.78,54.78,3197
2020-01-03 12:30:00-05:00,54.78,54.83,54.77,54.8,3303
2020-01-03 12:35:00-05:00,54.805,54.81,54.79,54.81,4276
2020-01-03 12:40:00-05:00,54.82,54.82,54.78,54.78,2807
2020-01-03 12:45:00-05:00,54.8,54.8,54.78,54.78,1210
2020-01-03 12:50:00-05:00,54.8,54.8,54.77,54.78,1980
2020-01-03 12:55:00-05:00,54.77,54.775,54.74,54.775,3059
2020-01-03 13:00:00-05:00,54.77,54.78,54.745,54.75,2108
2020-01-03 13:05:00-05:00,54.75,54.79,54.75,54.79,1741
2020-01-03 13:10:00-05:00,54.795,54.84,54.795,54.84,1267
2020-01-03 13:15:00-05:00,54.855,54.865,54.82,54.82,2770
2020-01-03 13:20:00-05:00,54.82,54.82,54.81,54.81,1371
2020-01-03 13:25:00-05:00,54.82,54.83,54.81,54.81,5654
2020-01-03 13:30:00-05:00,54.805,54.82,54.8,54.805,23960
2020-01-03 13:35:00-05:00,54.79,54.795,54.72,54.78,4919
2020-01-03 13:40:00-05:00,54.77,54.805,54.75,54.805,9534
2020-01-03 13:45:00-05:00,54.8,54.815,54.79,54.8,1539
2020-01-03 13:50:00-05:00,54.805,54.81,54.79,54.79,1595
2020-01-03 13:55:00-05:00,54.78,54.81,54.78,54.8,2483
2020-01-03 14:00:00-05:00,54.82,54.84,54.81,54.82,1895
2020-01-03 14:05:00-05:00,54.835,54.87,54.825,54.84,2489
2020-01-03 14:10:00-05:00,54.835,54.85,54.83,54.835,1895
2020-01-03 14:15:00-05:00,54.83,54.865,54.83,54.86,1700
2020-01-03 14:20:00-05:00,54.865,54.91,54.865,54.91,3008
2020-01-03 14:25:00-05:00,54.91,54.95,54.9,54.95,2496
2020-01-03 14:30:00-05:00,54.94,54.955,54.93,54.93,2298
2020-01-03 14:35:00-05:00,54.93,54.95,54.915,54.95,1988
2020-01-03 14:40:00-05:00,54.94,54.97,54.94,54.96,2169
2020-01-03 14:45:00-05:00,54.97,54.98,54.96,54.97,2299
2020-01-03 14:50:00-05:00,54.97,54.97,54.95,54.96,2160
2020-01-03 14:55:00-05:00,54.96,54.96,54.94,54.96,7927
2020-01-03 15:00:00-05:00,54.97,54.97,54.9,54.955,19675
2020-01-03 15:05:00-05:00,54.95,54.95,54.915,54.915,5320
2020-01-03 15:10:00-05:00,54.92,54.92,54.86,54.89,8889
2020-01-03 15:15:00-05:00,54.895,54.895,54.83,54.83,6110
2020-01-03 15:20:00-05:00,54.83,54.845,54.77,54.77,11583
2020-01-03 15:25:00-05:00,54.78,54.795,54.78,54.78,4133
2020-01-03 15:30:00-05:00,54.78,54.79,54.72,54.74,7678
2020-01-03 15:35:00-05:00,54.73,54.745,54.7,54.725,7259
2020-01-03 15:40:00-05:00,54.72,54.74,54.71,54.74,5911
2020-01-03 15:45:00-05:00,54.74,54.77,54.71,54.77,12337
2020-01-03 15:50:00-05:00,54.765,54.835,54.74,54.78,10841
2020-01-03 15:55:00-05:00,54.785,54.8,54.685,54.7,74303
2020-01-06 09:30:00-05:00,54.78,54.78,54.65,54.73,14981
2020-01-06 09:35:00-05:00,54.73,54.89,54.7,54.875,16028
2020-01-06 09:40:00-05:00,54.87,54.905,54.745,54.765,13819
2020-01-06 09:45:00-05:00,54.73,54.75,54.67,54.69,4319
2020-01-06 09:50:00-05:00,54.695,54.7,54.65,54.665,5510
2020-01-06 09:55:00-05:00,54.665,54.7,54.615,54.69,7115
2020-01-06 10:00:00-05:00,54.695,54.705,54.645,54.675,4024
2020-01-06 10:05:00-05:00,54.655,54.675,54.64,54.66,3643
2020-01-06 10:10:00-05:00,54.67,54.7,54.67,54.675,3402
2020-01-06 10:15:00-05:00,54.675,54.68,54.625,54.625,6260
2020-01-06 10:20:00-05:00,54.625,54.65,54.605,54.61,8114
2020-01-06 10:25:00-05:00,54.63,54.655,54.62,54.625,4029
2020-01-06 10:30:00-05:00,54.625,54.63,54.59,54.625,6339
2020-01-06 10:35:00-05:00,54.61,54.64,54.61,54.625,3899
2020-01-06 10:40:00-05:00,54.61,54.645,54.595,54.625,6898
2020-01-06 10:45:00-05:00,54.625,54.635,54.6,54.61,6238
2020-01-06 10:50:00-05:00,54.6,54.62,54.59,54.615,8068
2020-01-06 10:55:00-05:00,54.61,54.615,54.58,54.6,8486
2020-01-06 11:00:00-05:00,54.6,54.625,54.6,54.625,2766
2020-01-06 11:05:00-05:00,54.63,54.665,54.63,54.635,5745
2020-01-06 11:10:00-05:00,54.635,54.635,54.59,54.615,4818
2020-01-06 11:15:00-05:00,54.62,54.62,54.58,54.59,4582
2020-01-06 11:20:00-05:00,54.595,54.605,54.58,54.605,3910
2020-01-06 11:25:00-05:00,54.6,54.645,54.58,54.58,16924
2020-01-06 11:30:00-05:00,54.595,54.6,54.57,54.57,2456
2020-01-06 11:35:00-05:00,54.57,54.575,54.56,54.565,1726
2020-01-06 11:40:00-05:00,54.575,54.575,54.56,54.575,2602
2020-01-06 11:45:00-05:00,54.575,54.59,54.54,54.54,3148
2020-01-06 11:50:00-05:00,54.535,54.56,54.52,54.56,4327
2020-01-06 11:55:00-05:00,54.56,54.57,54.55,54.55,3049
2020-01-06 12:00:00-05:00,54.555,54.585,54.54,54.575,4222
2020-01-06 12:05:00-05:00,54.59,54.625,54.59,54.625,1414
2020-01-06 12:10:00-05:00,54.625,54.625,54.585,54.585,4121
2020-01-06 12:15:00-05:00,54.575,54.605,54.565,54.58,1870
2020-01-06 12:20:00-05:00,54.585,54.6,54.57,54.585,4104
2020-01-06 12:25:00-05:00,54.585,54.59,54.56,54.585,5768
2020-01-06 12:30:00-05:00,54.585,54.665,54.585,54.665,1755
2020-01-06 12:35:00-05:00,54.655,54.665,54.65,54.65,2224
2020-01-06 12:40:00-05:00,54.655,54.67,54.65,54.65,4797
2020-01-06 12:45:00-05:00,54.66,54.66,54.64,54.64,2191
2020-01-06 12:50:00-05:00,54.645,54.67,54.64,54.645,3337
2020-01-06 12:55:00-05:00,54.65,54.655,54.625,54.63,3550
2020-01-06 13:00:00-05:00,54.635,54.66,54.635,54.655,4285
2020-01-06 13:05:00-05:00,54.65,54.685,54.64,54.66,5990
2020-01-06 13:10:00-05:00,54.665,54.675,54.66,54.67,2392
2020-01-06 13:15:00-05:00,54.665,54.72,54.665,54.72,3395
2020-01-06 13:20:00-05:00,54.715,54.74,54.7,54.74,5018
2020-01-06 13:25:00-05:00,54.74,54.755,54.72,54.72,2539
2020-01-06 13:30:00-05:00,54.725,54.725,54.67,54.675,27869
2020-01-06 13:35:00-05:00,54.68,54.69,54.66,54.685,8379
2020-01-06 13:40:00-05:00,54.685,54.7,54.665,54.68,6989
2020-01-06 13:45:00-05:00,54.68,54.76,54.68,54.755,17378
2020-01-06 13:50:00-05:00,54.76,54.785,54.715,54.72,5213
2020-01-06 13:55:00-05:00,54.71,54.74,54.69,54.71,6762
2020-01-06 14:00:00-05:00,54.725,54.725,54.67,54.675,7168
2020-01-06 14:05:00-05:00,54.675,54.76,54.675,54.75,9539
2020-01-06 14:10:00-05:00,54.745,54.795,54.735,54.755,4989
2020-01-06 14:15:00-05:00,54.75,54.765,54.74,54.75,7060
2020-01-06 14:20:00-05:00,54.74,54.755,54.73,54.75,6755
2020-01-06 14:25:00-05:00,54.74,54.75,54.72,54.745,4741
2020-01-06 14:30:00-05:00,54.75,54.755,54.695,54.71,7014
2020-01-06 14:35:00-05:00,54.71,54.72,54.69,54.695,4932
2020-01-06 14:40:00-05:00,54.695,54.695,54.67,54.67,5990
2020-01-06 14:45:00-05:00,54.67,54.68,54.65,54.67,5984
2020-01-06 14:50:00-05:00,54.675,54.68,54.63,54.665,7021
2020-01-06 14:55:00-05:00,54.665,54.68,54.62,54.62,11844
2020-01-06 15:00:00-05:00,54.625,54.625,54.56,54.57,15985
2020-01-06 15:05:00-05:00,54.57,54.575,54.52,54.54,11585
2020-01-06 15:10:00-05:00,54.545,54.635,54.54,54.635,23767
2020-01-06 15:15:00-05:00,54.64,54.68,54.62,54.65,19264
2020-01-06 15:20:00-05:00,54.65,54.665,54.62,54.655,7888
2020-01-06 15:25:00-05:00,54.65,54.685,54.64,54.64,10181
2020-01-06 15:30:00-05:00,54.64,54.665,54.58,54.58,12768
2020-01-06 15:35:00-05:00,54.59,54.62,54.59,54.6,10514
2020-01-06 15:40:00-05:00,54.605,54.63,54.6,54.615,13360
2020-01-06 15:45:00-05:00,54.62,54.665,54.61,54.65,36696
2020-01-06 15:50:00-05:00,54.66,54.735,54.66,54.73,32102
2020-01-06 15:55:00-05:00,54.72,54.73,54.64,54.66,104248
2020-01-07 09:30:00-05:00,54.5,54.57,54.43,54.57,14778
2020-01-07 09:35:00-05:00,54.57,54.58,54.52,54.575,5101
2020-01-07 09:40:00-05:00,54.58,54.59,54.5,54.5,3627
2020-01-07 09:45:00-05:00,54.52,54.54,54.47,54.52,10083
2020-01-07 09:50:00-05:00,54.515,54.54,54.39,54.39,7059
2020-01-07 09:55:00-05:00,54.4,54.42,54.34,54.34,5462
2020-01-07 10:00:00-05:00,54.35,54.42,54.34,54.38,5007
2020-01-07 10:05:00-05:00,54.37,54.445,54.37,54.39,4125
2020-01-07 10:10:00-05:00,54.375,54.38,54.345,54.355,1969
2020-01-07 10:15:00-05:00,54.325,54.35,54.305,54.31,2788
2020-01-07 10:20:00-05:00,54.305,54.345,54.29,54.325,6599
2020-01-07 10:25:00-05:00,54.31,54.34,54.27,54.34,3832
2020-01-07 10:30:00-05:00,54.35,54.35,54.26,54.28,5805
2020-01-07 10:35:00-05:00,54.28,54.31,54.27,54.31,4899
2020-01-07 10:40:00-05:00,54.3,54.3,54.24,54.27,4770
2020-01-07 10:45:00-05:00,54.27,54.31,54.27,54.31,4334
2020-01-07 10:50:00-05:00,54.3,54.38,54.295,54.34,7229
2020-01-07 10:55:00-05:00,54.335,54.35,54.31,54.31,3774
2020-01-07 11:00:00-05:00,54.31,54.33,54.29,54.33,3208
2020-01-07 11:05:00-05:00,54.335,54.37,54.315,54.37,3329
2020-01-07 11:10:00-05:00,54.365,54.42,54.365,54.42,2506
2020-01-07 11:15:00-05:00,54.42,54.465,54.38,54.44,6286
2020-01-07 11:20:00-05:00,54.45,54.45,54.42,54.445,7021
2020-01-07 11:25:00-05:00,54.45,54.45,54.41,54.43,6594
2020-01-07 11:30:00-05:00,54.455,54.47,54.385,54.39,8280
2020-01-07 11:35:00-05:00,54.38,54.38,54.35,54.375,3920
2020-01-07 11:40:00-05:00,54.375,54.395,54.37,54.385,3802
2020-01-07 11:45:00-05:00,54.39,54.425,54.375,54.375,5770
2020-01-07 11:50:00-05:00,54.38,54.38,54.36,54.36,4279
2020-01-07 11:55:00-05:00,54.36,54.38,54.35,54.38,4276
2020-01-07 12:00:00-05:00,54.38,54.38,54.355,54.36,2904
2020-01-07 12:05:00-05:00,54.36,54.38,54.36,54.36,2368
2020-01-07 12:10:00-05:00,54.34,54.34,54.33,54.33,1787
2020-01-07 12:15:00-05:00,54.34,54.34,54.32,54.32,2553
2020-01-07 12:20:00-05:00,54.325,54.33,54.3,54.325,2051
2020-01-07 12:25:00-05:00,54.31,54.325,54.31,54.32,3388
2020-01-07 12:30:00-05:00,54.31,54.315,54.285,54.285,4470
2020-01-07 12:35:00-05:00,54.29,54.31,54.29,54.29,2610
2020-01-07 12:40:00-05:00,54.285,54.305,54.28,54.3,2523
2020-01-07 12:45:00-05:00,54.3,54.31,54.28,54.285,2640
2020-01-07 12:50:00-05:00,54.28,54.3,54.27,54.28,7633
2020-01-07 12:55:00-05:00,54.29,54.295,54.285,54.29,1913
2020-01-07 13:00:00-05:00,54.3,54.31,54.29,54.31,3767
2020-01-07 13:05:00-05:00,54.3,54.3,54.29,54.295,3482
2020-01-07 13:10:00-05:00,54.29,54.3,54.285,54.3,3184
2020-01-07 13:15:00-05:00,54.3,54.31,54.29,54.31,3253
2020-01-07 13:20:00-05:00,54.31,54.33,54.31,54.32,4925
2020-01-07 13:25:00-05:00,54.32,54.33,54.32,54.32,1108
2020-01-07 13:30:00-05:00,54.32,54.32,54.31,54.31,13126
2020-01-07 13:35:00-05:00,54.31,54.31,54.295,54.3,7719
2020-01-07 13:40:00-05:00,54.3,54.31,54.29,54.29,3571
2020-01-07 13:45:00-05:00,54.29,54.29,54.28,54.28,1877
2020-01-07 13:50:00-05:00,54.265,54.29,54.265,54.29,2352
2020-01-07 13:55:00-05:00,54.3,54.305,54.28,54.28,4261
2020-01-07 14:00:00-05:00,54.3,54.3,54.265,54.265,1150
2020-01-07 14:05:00-05:00,54.26,54.26,54.235,54.245,4308
2020-01-07 14:10:00-05:00,54.245,54.245,54.205,54.205,5643
2020-01-07 14:15:00-05:00,54.21,54.215,54.2,54.2,2922
2020-01-07 14:20:00-05:00,54.195,54.21,54.19,54.19,2900
2020-01-07 14:25:00-05:00,54.19,54.21,54.185,54.19,2312
2020-01-07 14:30:00-05:00,54.19,54.21,54.17,54.195,13734
2020-01-07 14:35:00-05:00,54.19,54.2,54.165,54.17,1618
2020-01-07 14:40:00-05:00,54.165,54.17,54.16,54.17,3801
2020-01-07 14:45:00-05:00,54.175,54.175,54.15,54.15,2379
2020-01-07 14:50:00-05:00,54.155,54.21,54.15,54.19,3264
2020-01-07 14:55:00-05:00,54.18,54.26,54.18,54.25,12463
2020-01-07 15:00:00-05:00,54.255,54.26,54.19,54.19,18171
2020-01-07 15:05:00-05:00,54.21,54.26,54.2,54.255,10645
2020-01-07 15:10:00-05:00,54.255,54.26,54.24,54.255,9096
2020-01-07 15:15:00-05:00,54.255,54.29,54.24,54.27,5160
2020-01-07 15:20:00-05:00,54.27,54.27,54.235,54.24,6191
2020-01-07 15:25:00-05:00,54.24,54.245,54.2,54.2,7494
2020-01-07 15:30:00-05:00,54.21,54.21,54.185,54.195,10191
2020-01-07 15:35:00-05:00,54.19,54.21,54.18,54.2,8601
2020-01-07 15:40:00-05:00,54.2,54.22,54.2,54.2,9018
2020-01-07 15:45:00-05:00,54.19,54.21,54.185,54.195,15468
2020-01-07 15:50:00-05:00,54.19,54.26,54.19,54.26,20472
2020-01-07 15:55:00-05:00,54.26,54.31,54.245,54.25,65282
2020-01-08 09:30:00-05:00,54.29,54.42,54.2,54.41,8785
2020-01-08 09:35:00-05:00,54.44,54.48,54.34,54.34,4762
2020-01-08 09:40:00-05:00,54.35,54.38,54.25,54.26,2803
2020-01-08 09:45:00-05:00,54.23,54.26,54.21,54.255,8351
2020-01-08 09:50:00-05:00,54.24,54.24,54.175,54.195,6554
2020-01-08 09:55:00-05:00,54.185,54.225,54.16,54.2,3997
2020-01-08 10:00:00-05:00,54.22,54.25,54.21,54.25,7914
2020-01-08 10:05:00-05:00,54.25,54.29,54.225,54.275,4186
2020-01-08 10:10:00-05:00,54.27,54.295,54.23,54.23,5289
2020-01-08 10:15:00-05:00,54.24,54.31,54.24,54.3,6868
2020-01-08 10:20:00-05:00,54.305,54.335,54.28,54.325,4442
2020-01-08 10:25:00-05:00,54.325,54.33,54.23,54.24,6648
2020-01-08 10:30:00-05:00,54.23,54.28,54.215,54.235,5840
2020-01-08 10:35:00-05:00,54.23,54.29,54.21,54.29,7427
2020-01-08 10:40:00-05:00,54.285,54.32,54.275,54.28,3872
2020-01-08 10:45:00-05:00,54.29,54.31,54.285,54.295,2748
2020-01-08 10:50:00-05:00,54.31,54.35,54.3,54.33,5016
2020-01-08 10:55:00-05:00,54.32,54.34,54.295,54.32,3692
2020-01-08 11:00:00-05:00,54.315,54.315,54.25,54.285,7512
2020-01-08 11:05:00-05:00,54.28,54.31,54.28,54.29,4221
2020-01-08 11:10:00-05:00,54.295,54.34,54.285,54.34,3781
2020-01-08 11:15:00-05:00,54.335,54.395,54.335,54.375,5874
2020-01-08 11:20:00-05:00,54.375,54.375,54.345,54.365,3118
2020-01-08 11:25:00-05:00,54.355,54.45,54.35,54.42,7556
2020-01-08 11:30:00-05:00,54.43,54.43,54.35,54.4,8771
2020-01-08 11:35:00-05:00,54.39,54.48,54.39,54.445,4601
2020-01-08 11:40:00-05:00,54.455,54.56,54.455,54.56,7939
2020-01-08 11:45:00-05:00,54.56,54.605,54.55,54.605,2287
2020-01-08 11:50:00-05:00,54.615,54.635,54.595,54.615,2925
2020-01-08 11:55:00-05:00,54.615,54.625,54.57,54.575,2951
2020-01-08 12:00:00-05:00,54.58,54.585,54.535,54.545,6761
2020-01-08 12:05:00-05:00,54.545,54.56,54.52,54.54,2896
2020-01-08 12:10:00-05:00,54.51,54.52,54.485,54.49,4998
2020-01-08 12:15:00-05:00,54.5,54.53,54.495,54.525,1657
2020-01-08 12:20:00-05:00,54.53,54.555,54.505,54.535,2792
2020-01-08 12:25:00-05:00,54.545,54.55,54.54,54.55,2725
2020-01-08 12:30:00-05:00,54.545,54.565,54.535,54.545,2085
2020-01-08 12:35:00-05:00,54.54,54.54,54.52,54.53,2167
2020-01-08 12:40:00-05:00,54.54,54.55,54.515,54.515,2972
2020-01-08 12:45:00-05:00,54.53,54.53,54.51,54.515,3115
2020-01-08 12:50:00-05:00,54.515,54.53,54.515,54.53,4099
2020-01-08 12:55:00-05:00,54.53,54.54,54.51,54.52,102921
2020-01-08 13:00:00-05:00,54.515,54.515,54.475,54.495,1498
2020-01-08 13:05:00-05:00,54.485,54.49,54.48,54.48,6739
2020-01-08 13:10:00-05:00,54.48,54.49,54.46,54.49,2945
2020-01-08 13:15:00-05:00,54.48,54.49,54.465,54.47,3244
2020-01-08 13:20:00-05:00,54.48,54.49,54.475,54.485,2247
2020-01-08 13:25:00-05:00,54.5,54.505,54.485,54.505,1548
2020-01-08 13:30:00-05:00,54.51,54.52,54.495,54.52,40477
2020-01-08 13:35:00-05:00,54.53,54.53,54.48,54.49,3852
2020-01-08 13:40:00-05:00,54.49,54.49,54.47,54.475,1431
2020-01-08 13:45:00-05:00,54.47,54.47,54.43,54.43,4379
2020-01-08 13:50:00-05:00,54.43,54.45,54.425,54.44,1699
2020-01-08 13:55:00-05:00,54.435,54.46,54.43,54.46,9807
2020-01-08 14:00:00-05:00,54.465,54.47,54.46,54.46,4212
2020-01-08 14:05:00-05:00,54.465,54.48,54.445,54.45,5007
2020-01-08 14:10:00-05:00,54.45,54.48,54.45,54.47,5462
2020-01-08 14:15:00-05:00,54.475,54.48,54.44,54.44,11203
2020-01-08 14:20:00-05:00,54.45,54.45,54.44,54.45,4929
2020-01-08 14:25:00-05:00,54.45,54.45,54.425,54.44,5020
2020-01-08 14:30:00-05:00,54.43,54.43,54.4,54.4,8375
2020-01-08 14:35:00-05:00,54.4,54.405,54.38,54.38,3123
2020-01-08 14:40:00-05:00,54.38,54.44,54.375,54.42,3526
2020-01-08 14:45:00-05:00,54.415,54.46,54.41,54.46,5136
2020-01-08 14:50:00-05:00,54.465,54.515,54.465,54.495,6462
2020-01-08 14:55:00-05:00,54.495,54.535,54.49,54.535,4073
2020-01-08 15:00:00-05:00,54.54,54.56,54.53,54.56,3233
2020-01-08 15:05:00-05:00,54.55,54.57,54.54,54.565,6197
2020-01-08 15:10:00-05:00,54.565,54.57,54.545,54.57,3629
2020-01-08 15:15:00-05:00,54.555,54.57,54.55,54.56,5803
2020-01-08 15:20:00-05:00,54.555,54.58,54.555,54.575,11331
2020-01-08 15:25:00-05:00,54.58,54.61,54.58,54.605,7288
2020-01-08 15:30:00-05:00,54.61,54.61,54.585,54.605,13958
2020-01-08 15:35:00-05:00,54.605,54.605,54.56,54.58,9399
2020-01-08 15:40:00-05:00,54.57,54.57,54.55,54.55,13301
2020-01-08 15:45:00-05:00,54.55,54.555,54.41,54.41,40094
2020-01-08 15:50:00-05:00,54.415,54.46,54.395,54.44,34185
2020-01-08 15:55:00-05:00,54.42,54.43,54.34,54.36,44495
2020-01-09 09:30:00-05:00,54.955,55.03,54.85,54.885,33345
2020-01-09 09:35:00-05:00,54.9,55.05,54.9,54.99,26217
2020-01-09 09:40:00-05:00,54.975,55.03,54.97,54.975,15264
2020-01-09 09:45:00-05:00,54.98,55.02,54.96,54.98,24005
2020-01-09 09:50:00-05:00,54.97,54.97,54.88,54.93,17623
2020-01-09 09:55:00-05:00,54.93,54.96,54.91,54.955,16706
2020-01-09 10:00:00-05:00,54.935,55.02,54.93,55.005,17768
2020-01-09 10:05:00-05:00,55.0,55.07,55.0,55.06,13697
2020-01-09 10:10:00-05:00,55.055,55.08,55.045,55.045,12152
2020-01-09 10:15:00-05:00,55.04,55.16,55.025,55.125,14043
2020-01-09 10:20:00-05:00,55.13,55.175,55.12,55.14,12136
2020-01-09 10:25:00-05:00,55.135,55.14,55.08,55.09,22408
2020-01-09 10:30:00-05:00,55.09,55.15,55.065,55.12,10281
2020-01-09 10:35:00-05:00,55.115,55.14,55.115,55.125,12587
2020-01-09 10:40:00-05:00,55.125,55.145,55.11,55.12,6909
2020-01-09 10:45:00-05:00,55.14,55.26,55.125,55.225,9953
2020-01-09 10:50:00-05:00,55.205,55.23,55.16,55.22,6333
2020-01-09 10:55:00-05:00,55.21,55.23,55.17,55.225,10824
2020-01-09 11:00:00-05:00,55.23,55.23,55.16,55.16,10097
2020-01-09 11:05:00-05:00,55.17,55.19,55.16,55.165,11465
2020-01-09 11:10:00-05:00,55.165,55.165,55.075,55.075,7759
2020-01-09 11:15:00-05:00,55.07,55.075,55.035,55.07,5867
2020-01-09 11:20:00-05:00,55.07,55.07,55.01,55.02,7509
2020-01-09 11:25:00-05:00,55.035,55.045,55.0,55.0,5930
2020-01-09 11:30:00-05:00,55.035,55.07,55.015,55.06,5620
2020-01-09 11:35:00-05:00,55.06,55.065,55.01,55.02,2273
2020-01-09 11:40:00-05:00,55.01,55.01,54.935,54.955,7246
2020-01-09 11:45:00-05:00,54.965,54.99,54.955,54.975,4031
2020-01-09 11:50:00-05:00,54.98,55.0,54.955,54.995,6790
2020-01-09 11:55:00-05:00,55.0,55.03,54.995,55.02,17552
2020-01-09 12:00:00-05:00,55.035,55.06,55.025,55.055,6403
2020-01-09 12:05:00-05:00,55.055,55.07,55.045,55.045,9860
2020-01-09 12:10:00-05:00,55.055,55.12,55.055,55.115,4666
2020-01-09 12:15:00-05:00,55.115,55.16,55.1,55.16,6999
2020-01-09 12:20:00-05:00,55.15,55.15,55.1,55.1,9921
2020-01-09 12:25:00-05:00,55.12,55.12,55.08,55.09,6738
2020-01-09 12:30:00-05:00,55.095,55.1,55.05,55.05,7683
2020-01-09 12:35:00-05:00,55.065,55.11,55.06,55.11,9906
2020-01-09 12:40:00-05:00,55.11,55.16,55.105,55.155,5421
2020-01-09 12:45:00-05:00,55.17,55.18,55.135,55.15,5902
2020-01-09 12:50:00-05:00,55.15,55.165,55.15,55.155,4353
2020-01-09 12:55:00-05:00,55.15,55.2,55.14,55.2,7550
2020-01-09 13:00:00-05:00,55.19,55.21,55.17,55.17,5471
2020-01-09 13:05:00-05:00,55.165,55.17,55.14,55.145,10704
2020-01-09 13:10:00-05:00,55.135,55.14,55.05,55.05,7007
2020-01-09 13:15:00-05:00,55.05,55.07,55.02,55.02,13225
2020-01-09 13:20:00-05:00,55.03,55.08,55.02,55.045,9107
2020-01-09 13:25:00-05:00,55.05,55.1,55.05,55.09,3855
2020-01-09 13:30:00-05:00,55.095,55.11,55.085,55.11,12515
2020-01-09 13:35:00-05:00,55.105,55.16,55.1,55.15,2953
2020-01-09 13:40:00-05:00,55.15,55.2,55.145,55.2,4722
2020-01-09 13:45:00-05:00,55.2,55.235,55.195,55.235,7723
2020-01-09 13:50:00-05:00,55.23,55.26,55.23,55.24,14800
2020-01-09 13:55:00-05:00,55.245,55.29,55.245,55.28,10407
2020-01-09 14:00:00-05:00,55.28,55.29,55.255,55.28,11979
2020-01-09 14:05:00-05:00,55.28,55.335,55.255,55.33,8528
2020-01-09 14:10:00-05:00,55.325,55.34,55.285,55.32,8874
2020-01-09 14:15:00-05:00,55.315,55.33,55.285,55.285,7670
2020-01-09 14:20:00-05:00,55.285,55.31,55.285,55.31,5899
2020-01-09 14:25:00-05:00,55.305,55.325,55.295,55.295,16562
2020-01-09 14:30:00-05:00,55.3,55.325,55.3,55.32,7014
2020-01-09 14:35:00-05:00,55.32,55.34,55.305,55.315,21113
2020-01-09 14:40:00-05:00,55.315,55.33,55.29,55.33,11259
2020-01-09 14:45:00-05:00,55.315,55.325,55.305,55.32,4344
2020-01-09 14:50:00-05:00,55.31,55.33,55.3,55.33,8080
2020-01-09 14:55:00-05:00,55.325,55.37,55.32,55.35,17331
2020-01-09 15:00:00-05:00,55.355,55.355,55.31,55.315,9569
2020-01-09 15:05:00-05:00,55.32,55.355,55.32,55.355,6487
2020-01-09 15:10:00-05:00,55.355,55.36,55.35,55.36,10538
2020-01-09 15:15:00-05:00,55.36,55.385,55.355,55.37,10600
2020-01-09 15:20:00-05:00,55.37,55.38,55.36,55.37,7236
2020-01-09 15:25:00-05:00,55.37,55.39,55.35,55.385,9768
2020-01-09 15:30:00-05:00,55.385,55.39,55.35,55.35,10797
2020-01-09 15:35:00-05:00,55.345,55.36,55.34,55.36,16652
2020-01-09 15:40:00-05:00,55.36,55.38,55.35,55.37,19255
2020-01-09 15:45:00-05:00,55.37,55.37,55.31,55.32,39431
2020-01-09 15:50:00-05:00,55.32,55.35,55.31,55.33,51680
2020-01-09 15:55:00-05:00,55.33,55.37,55.31,55.33,84715
2020-01-10 09:30:00-05:00,55.5,55.635,55.47,55.58,16270
2020-01-10 09:35:00-05:00,55.59,55.68,55.51,55.68,19109
2020-01-10 09:40:00-05:00,55.67,55.73,55.63,55.7,10941
2020-01-10 09:45:00-05:00,55.68,55.725,55.68,55.725,11746
2020-01-10 09:50:00-05:00,55.72,55.73,55.66,55.7,4289
2020-01-10 09:55:00-05:00,55.72,55.73,55.675,55.73,5270
2020-01-10 10:00:00-05:00,55.73,55.84,55.72,55.84,9205
2020-01-10 10:05:00-05:00,55.84,55.84,55.77,55.795,3280
2020-01-10 10:10:00-05:00,55.8,55.81,55.74,55.745,2766
2020-01-10 10:15:00-05:00,55.73,55.73,55.685,55.685,6510
2020-01-10 10:20:00-05:00,55.705,55.73,55.7,55.73,3057
2020-01-10 10:25:00-05:00,55.74,55.745,55.72,55.72,2858
2020-01-10 10:30:00-05:00,55.72,55.775,55.72,55.775,8801
2020-01-10 10:35:00-05:00,55.76,55.77,55.74,55.76,9502
2020-01-10 10:40:00-05:00,55.755,55.795,55.75,55.79,6226
2020-01-10 10:45:00-05:00,55.79,55.8,55.77,55.775,4725
2020-01-10 10:50:00-05:00,55.775,55.78,55.765,55.765,5210
2020-01-10 10:55:00-05:00,55.77,55.795,55.76,55.76,6533
2020-01-10 11:00:00-05:00,55.77,55.86,55.75,55.85,19085
2020-01-10 11:05:00-05:00,55.84,55.845,55.82,55.83,2827
2020-01-10 11:10:00-05:00,55.83,55.87,55.81,55.855,16545
2020-01-10 11:15:00-05:00,55.85,55.88,55.845,55.85,8089
2020-01-10 11:20:00-05:00,55.85,55.865,55.85,55.85,11861
2020-01-10 11:25:00-05:00,55.85,55.87,55.845,55.87,4705
2020-01-10 11:30:00-05:00,55.86,55.885,55.85,55.87,4542
2020-01-10 11:35:00-05:00,55.86,55.88,55.85,55.87,12666
2020-01-10 11:40:00-05:00,55.875,55.89,55.86,55.89,6273
2020-01-10 11:45:00-05:00,55.89,55.9,55.86,55.895,10140
2020-01-10 11:50:00-05:00,55.895,55.93,55.87,55.875,6095
2020-01-10 11:55:00-05:00,55.875,55.875,55.85,55.85,6662
2020-01-10 12:00:00-05:00,55.86,55.86,55.81,55.83,10409
2020-01-10 12:05:00-05:00,55.83,55.85,55.82,55.83,5061
2020-01-10 12:10:00-05:00,55.815,55.815,55.785,55.795,8012
2020-01-10 12:15:00-05:00,55.785,55.79,55.77,55.79,3719
2020-01-10 12:20:00-05:00,55.79,55.79,55.765,55.78,2819
2020-01-10 12:25:00-05:00,55.78,55.79,55.77,55.77,2263
2020-01-10 12:30:00-05:00,55.775,55.79,55.76,55.785,10328
2020-01-10 12:35:00-05:00,55.785,55.795,55.785,55.79,3165
2020-01-10 12:40:00-05:00,55.785,55.79,55.78,55.79,2666
2020-01-10 12:45:00-05:00,55.79,55.795,55.78,55.785,5243
2020-01-10 12:50:00-05:00,55.79,55.79,55.78,55.79,2105
2020-01-10 12:55:00-05:00,55.78,55.785,55.76,55.78,4194
2020-01-10 13:00:00-05:00,55.78,55.8,55.765,55.785,5466
2020-01-10 13:05:00-05:00,55.785,55.795,55.785,55.79,998
2020-01-10 13:10:00-05:00,55.795,55.81,55.79,55.8,5297
2020-01-10 13:15:00-05:00,55.795,55.83,55.79,55.825,5601
2020-01-10 13:20:00-05:00,55.83,55.85,55.82,55.845,10264
2020-01-10 13:25:00-05:00,55.845,55.86,55.835,55.855,13602
2020-01-10 13:30:00-05:00,55.855,55.86,55.82,55.825,16913
2020-01-10 13:35:00-05:00,55.83,55.835,55.805,55.81,6921
2020-01-10 13:40:00-05:00,55.81,55.82,55.8,55.82,3044
2020-01-10 13:45:00-05:00,55.815,55.82,55.78,55.785,9116
2020-01-10 13:50:00-05:00,55.785,55.8,55.77,55.785,5995
2020-01-10 13:55:00-05:00,55.79,55.8,55.78,55.785,5124
2020-01-10 14:00:00-05:00,55.78,55.795,55.735,55.735,6452
2020-01-10 14:05:00-05:00,55.735,55.75,55.71,55.71,12473
2020-01-10 14:10:00-05:00,55.71,55.73,55.69,55.7,14755
2020-01-10 14:15:00-05:00,55.705,55.73,55.705,55.71,21748
2020-01-10 14:20:00-05:00,55.715,55.72,55.7,55.705,1496
2020-01-10 14:25:00-05:00,55.695,55.71,55.69,55.7,5041
2020-01-10 14:30:00-05:00,55.705,55.705,55.675,55.7,4291
2020-01-10 14:35:00-05:00,55.7,55.71,55.685,55.705,5044
2020-01-10 14:40:00-05:00,55.7,55.71,55.69,55.7,8765
2020-01-10 14:45:00-05:00,55.7,55.71,55.69,55.7,3673
2020-01-10 14:50:00-05:00,55.71,55.71,55.69,55.7,2415
2020-01-10 14:55:00-05:00,55.695,55.7,55.66,55.67,2760
2020-01-10 15:00:00-05:00,55.66,55.66,55.6,55.64,5696
2020-01-10 15:05:00-05:00,55.63,55.635,55.58,55.6,5927
2020-01-10 15:10:00-05:00,55.6,55.6,55.56,55.56,6476
2020-01-10 15:15:00-05:00,55.57,55.6,55.54,55.555,20353
2020-01-10 15:20:00-05:00,55.56,55.57,55.54,55.56,9653
2020-01-10 15:25:00-05:00,55.57,55.57,55.54,55.55,6504
2020-01-10 15:30:00-05:00,55.54,55.55,55.51,55.51,13246
2020-01-10 15:35:00-05:00,55.51,55.525,55.46,55.46,21101
2020-01-10 15:40:00-05:00,55.475,55.49,55.46,55.49,9614
2020-01-10 15:45:00-05:00,55.49,55.54,55.47,55.47,14510
2020-01-10 15:50:00-05:00,55.48,55.5,55.47,55.48,32944
2020-01-10 15:55:00-05:00,55.49,55.56,55.48,55.53,69713
2020-01-13 09:30:00-05:00,55.47,55.75,55.42,55.675,17064
2020-01-13 09:35:00-05:00,55.67,55.76,55.64,55.76,3258
2020-01-13 09:40:00-05:00,55.795,55.855,55.73,55.855,5475
2020-01-13 09:45:00-05:00,55.87,55.87,55.8,55.805,6723
2020-01-13 09:50:00-05:00,55.795,55.84,55.77,55.835,6191
2020-01-13 09:55:00-05:00,55.83,55.92,55.83,55.91,11785
2020-01-13 10:00:00-05:00,55.9,55.93,55.88,55.92,9758
2020-01-13 10:05:00-05:00,55.94,55.95,55.87,55.91,7279
2020-01-13 10:10:00-05:00,55.9,55.93,55.9,55.93,4031
2020-01-13 10:15:00-05:00,55.91,55.925,55.9,55.925,8588
2020-01-13 10:20:00-05:00,55.925,56.06,55.92,56.03,16824
2020-01-13 10:25:00-05:00,56.035,56.095,56.035,56.09,13485
2020-01-13 10:30:00-05:00,56.08,56.1,56.04,56.09,5999
2020-01-13 10:35:00-05:00,56.09,56.12,56.08,56.12,4802
2020-01-13 10:40:00-05:00,56.125,56.225,56.125,56.21,9385
2020-01-13 10:45:00-05:00,56.205,56.205,56.07,56.1,6718
2020-01-13 10:50:00-05:00,56.09,56.095,56.005,56.015,9247
2020-01-13 10:55:00-05:00,56.01,56.09,56.01,56.09,7027
2020-01-13 11:00:00-05:00,56.09,56.105,56.03,56.05,6656
2020-01-13 11:05:00-05:00,56.07,56.135,56.06,56.12,7336
2020-01-13 11:10:00-05:00,56.12,56.16,56.07,56.08,22050
2020-01-13 11:15:00-05:00,56.075,56.17,56.07,56.115,15310
2020-01-13 11:20:00-05:00,56.11,56.135,56.1,56.13,6821
2020-01-13 11:25:00-05:00,56.125,56.125,56.02,56.02,13843
2020-01-13 11:30:00-05:00,56.01,56.03,56.0,56.03,7144
2020-01-13 11:35:00-05:00,56.045,56.05,56.0,56.015,7675
2020-01-13 11:40:00-05:00,56.01,56.035,56.0,56.0,6224
2020-01-13 11:45:00-05:00,56.0,56.02,55.99,56.02,5997
2020-01-13 11:50:00-05:00,56.04,56.045,55.99,55.995,8248
2020-01-13 11:55:00-05:00,56.01,56.015,55.97,56.0,4552
2020-01-13 12:00:00-05:00,55.995,56.005,55.98,56.0,5129
2020-01-13 12:05:00-05:00,55.995,56.01,55.98,55.99,7867
2020-01-13 12:10:00-05:00,55.985,56.015,55.98,56.015,2957
2020-01-13 12:15:00-05:00,56.01,56.04,56.01,56.025,7663
2020-01-13 12:20:00-05:00,56.025,56.03,56.0,56.0,5860
2020-01-13 12:25:00-05:00,56.0,56.03,55.99,56.03,10441
2020-01-13 12:30:00-05:00,56.035,56.05,56.03,56.035,6117
2020-01-13 12:35:00-05:00,56.04,56.04,56.01,56.02,12003
2020-01-13 12:40:00-05:00,56.02,56.03,56.01,56.01,4291
2020-01-13 12:45:00-05:00,56.01,56.04,56.01,56.035,5473
2020-01-13 12:50:00-05:00,56.04,56.05,56.04,56.045,2994
2020-01-13 12:55:00-05:00,56.045,56.045,56.03,56.04,4942
2020-01-13 13:00:00-05:00,56.04,56.05,56.01,56.02,5330
2020-01-13 13:05:00-05:00,56.02,56.055,56.015,56.045,4016
2020-01-13 13:10:00-05:00,56.04,56.04,56.005,56.005,3758
2020-01-13 13:15:00-05:00,56.01,56.01,56.0,56.01,7923
2020-01-13 13:20:00-05:00,56.005,56.015,55.99,56.01,6061
2020-01-13 13:25:00-05:00,56.015,56.025,55.99,55.99,7799
2020-01-13 13:30:00-05:00,55.995,56.015,55.99,56.01,17338
2020-01-13 13:35:00-05:00,56.0,56.005,55.99,55.99,3429
2020-01-13 13:40:00-05:00,55.995,56.005,55.99,56.005,3650
2020-01-13 13:45:00-05:00,56.005,56.03,56.0,56.015,9675
2020-01-13 13:50:00-05:00,56.015,56.035,56.0,56.02,8846
2020-01-13 13:55:00-05:00,56.025,56.06,56.02,56.055,3886
2020-01-13 14:00:00-05:00,56.05,56.06,56.03,56.06,4609
2020-01-13 14:05:00-05:00,56.05,56.07,56.05,56.06,4657
2020-01-13 14:10:00-05:00,56.05,56.07,56.05,56.07,2619
2020-01-13 14:15:00-05:00,56.08,56.09,56.07,56.085,5733
2020-01-13 14:20:00-05:00,56.085,56.085,56.065,56.07,9202
2020-01-13 14:25:00-05:00,56.07,56.08,56.06,56.08,5759
2020-01-13 14:30:00-05:00,56.08,56.11,56.08,56.09,10878
2020-01-13 14:35:00-05:00,56.11,56.135,56.105,56.125,4947
2020-01-13 14:40:00-05:00,56.12,56.135,56.105,56.13,8911
2020-01-13 14:45:00-05:00,56.125,56.14,56.12,56.13,2787
2020-01-13 14:50:00-05:00,56.135,56.14,56.12,56.135,13368
2020-01-13 14:55:00-05:00,56.135,56.14,56.095,56.115,9586
2020-01-13 15:00:00-05:00,56.105,56.12,56.09,56.11,15017
2020-01-13 15:05:00-05:00,56.105,56.11,56.08,56.1,13710
2020-01-13 15:10:00-05:00,56.1,56.12,56.09,56.12,10448
2020-01-13 15:15:00-05:00,56.11,56.11,56.07,56.1,7932
2020-01-13 15:20:00-05:00,56.09,56.1,56.08,56.08,5722
2020-01-13 15:25:00-05:00,56.08,56.09,56.0,56.01,14756
2020-01-13 15:30:00-05:00,56.015,56.03,55.99,56.02,21792
2020-01-13 15:35:00-05:00,56.03,56.03,56.02,56.025,24205
2020-01-13 15:40:00-05:00,56.03,56.03,56.01,56.015,20318
2020-01-13 15:45:00-05:00,56.01,56.08,56.01,56.08,15452
2020-01-13 15:50:00-05:00,56.07,56.08,56.03,56.07,22434
2020-01-13 15:55:00-05:00,56.07,56.13,56.05,56.13,50995
2020-01-14 09:30:00-05:00,56.2,56.29,56.1,56.1,12933
2020-01-14 09:35:00-05:00,56.12,56.155,56.05,56.085,11135
2020-01-14 09:40:00-05:00,56.09,56.16,56.04,56.08,7956
2020-01-14 09:45:00-05:00,56.09,56.1,55.99,55.99,13082
2020-01-14 09:50:00-05:00,56.005,56.02,55.98,56.01,7868
2020-01-14 09:55:00-05:00,56.01,56.035,55.99,56.005,3994
2020-01-14 10:00:00-05:00,56.0,56.06,56.0,56.02,8512
2020-01-14 10:05:00-05:00,56.015,56.02,55.95,55.98,13622
2020-01-14 10:10:00-05:00,55.985,56.02,55.98,56.005,8050
2020-01-14 10:15:00-05:00,55.98,55.995,55.96,55.96,4309
2020-01-14 10:20:00-05:00,55.96,56.0,55.945,55.95,12596
2020-01-14 10:25:00-05:00,55.95,55.95,55.885,55.9,13380
2020-01-14 10:30:00-05:00,55.9,55.955,55.9,55.94,6137
2020-01-14 10:35:00-05:00,55.935,56.01,55.935,56.005,6513
2020-01-14 10:40:00-05:00,56.005,56.065,56.005,56.025,7411
2020-01-14 10:45:00-05:00,56.02,56.02,55.985,56.02,3803
2020-01-14 10:50:00-05:00,56.01,56.01,55.975,55.975,1901
2020-01-14 10:55:00-05:00,55.98,56.0,55.96,55.995,2258
2020-01-14 11:00:00-05:00,56.0,56.0,55.97,55.98,2392
2020-01-14 11:05:00-05:00,55.98,55.98,55.97,55.97,4166
2020-01-14 11:10:00-05:00,55.935,55.94,55.91,55.915,6629
2020-01-14 11:15:00-05:00,55.89,55.91,55.86,55.875,4315
2020-01-14 11:20:00-05:00,55.86,55.88,55.84,55.84,5115
2020-01-14 11:25:00-05:00,55.835,55.885,55.835,55.875,10837
2020-01-14 11:30:00-05:00,55.87,55.9,55.865,55.895,2540
2020-01-14 11:35:00-05:00,55.88,55.89,55.87,55.885,5587
2020-01-14 11:40:00-05:00,55.885,55.9,55.87,55.9,4302
2020-01-14 11:45:00-05:00,55.91,55.94,55.91,55.94,3484
2020-01-14 11:50:00-05:00,55.95,55.965,55.935,55.95,3355
2020-01-14 11:55:00-05:00,55.96,55.98,55.96,55.97,1503
2020-01-14 12:00:00-05:00,55.98,55.98,55.93,55.945,4254
2020-01-14 12:05:00-05:00,55.945,55.95,55.93,55.95,2214
2020-01-14 12:10:00-05:00,55.945,55.945,55.9,55.91,2627
2020-01-14 12:15:00-05:00,55.915,55.92,55.895,55.895,5293
2020-01-14 12:20:00-05:00,55.91,55.92,55.905,55.92,4940
2020-01-14 12:25:00-05:00,55.92,55.92,55.905,55.915,5497
2020-01-14 12:30:00-05:00,55.915,55.93,55.9,55.9,5044
2020-01-14 12:35:00-05:00,55.895,55.905,55.895,55.905,2008
2020-01-14 12:40:00-05:00,55.905,55.91,55.9,55.9,2623
2020-01-14 12:45:00-05:00,55.91,55.95,55.91,55.945,4741
2020-01-14 12:50:00-05:00,55.955,55.965,55.95,55.955,7469
2020-01-14 12:55:00-05:00,55.955,55.995,55.955,55.985,4000
2020-01-14 13:00:00-05:00,55.975,56.01,55.94,55.99,22437
2020-01-14 13:05:00-05:00,56.0,56.0,55.91,55.945,17675
2020-01-14 13:10:00-05:00,55.94,55.96,55.905,55.945,4059
2020-01-14 13:15:00-05:00,55.945,56.05,55.925,56.015,50925
2020-01-14 13:20:00-05:00,56.015,56.02,55.98,55.98,3855
2020-01-14 13:25:00-05:00,55.995,56.02,55.995,56.005,2403
2020-01-14 13:30:00-05:00,55.995,56.0,55.98,55.99,19276
2020-01-14 13:35:00-05:00,55.99,56.0,55.87,55.95,26820
2020-01-14 13:40:00-05:00,55.955,55.97,55.9,55.925,6929
2020-01-14 13:45:00-05:00,55.925,55.99,55.9,55.99,7431
2020-01-14 13:50:00-05:00,55.99,56.0,55.975,56.0,4344
2020-01-14 13:55:00-05:00,55.99,56.01,55.99,55.995,6165
2020-01-14 14:00:00-05:00,55.98,55.98,55.92,55.94,6218
2020-01-14 14:05:00-05:00,55.945,55.99,55.945,55.97,5656
2020-01-14 14:10:00-05:00,55.99,56.01,55.965,56.01,6439
2020-01-14 14:15:00-05:00,56.01,56.015,55.99,56.005,8838
2020-01-14 14:20:00-05:00,56.005,56.02,56.005,56.01,7382
2020-01-14 14:25:00-05:00,56.0,56.015,55.98,56.0,354417
2020-01-14 14:30:00-05:00,55.99,56.05,55.99,56.05,9220
2020-01-14 14:35:00-05:00,56.045,56.06,56.04,56.04,13877
2020-01-14 14:40:00-05:00,56.05,56.05,55.995,56.005,8958
2020-01-14 14:45:00-05:00,56.01,56.02,55.99,56.005,5125
2020-01-14 14:50:00-05:00,56.01,56.02,55.99,56.01,11098
2020-01-14 14:55:00-05:00,56.0,56.0,55.965,55.97,16436
2020-01-14 15:00:00-05:00,55.95,55.97,55.95,55.97,6039
2020-01-14 15:05:00-05:00,55.97,55.97,55.925,55.94,15933
2020-01-14 15:10:00-05:00,55.94,55.95,55.915,55.93,6667
2020-01-14 15:15:00-05:00,55.93,55.96,55.93,55.95,13130
2020-01-14 15:20:00-05:00,55.95,55.97,55.94,55.97,8384
2020-01-14 15:25:00-05:00,55.97,55.97,55.915,55.945,52541
2020-01-14 15:30:00-05:00,55.94,55.96,55.915,55.915,14530
2020-01-14 15:35:00-05:00,55.91,55.92,55.895,55.91,24005
2020-01-14 15:40:00-05:00,55.91,55.98,55.9,55.96,30448
2020-01-14 15:45:00-05:00,55.96,55.99,55.95,55.95,14456
2020-01-14 15:50:00-05:00,55.94,55.96,55.91,55.945,30394
2020-01-14 15:55:00-05:00,55.94,55.99,55.91,55.99,100282
2020-01-15 09:15:00-05:00,56.06,56.06,56.06,56.06,100
2020-01-15 09:25:00-05:00,56.23,56.23,56.23,56.23,100
2020-01-15 09:30:00-05:00,56.0,56.22,56.0,56.2,11012
2020-01-15 09:35:00-05:00,56.2,56.29,56.13,56.26,8351
2020-01-15 09:40:00-05:00,56.29,56.46,56.29,56.41,9166
2020-01-15 09:45:00-05:00,56.41,56.53,56.365,56.49,16710
2020-01-15 09:50:00-05:00,56.495,56.54,56.49,56.54,7251
2020-01-15 09:55:00-05:00,56.52,56.52,56.415,56.415,7106
2020-01-15 10:00:00-05:00,56.45,56.455,56.37,56.425,3834
2020-01-15 10:05:00-05:00,56.455,56.48,56.4,56.415,9575
2020-01-15 10:10:00-05:00,56.41,56.5,56.41,56.49,18981
2020-01-15 10:15:00-05:00,56.495,56.51,56.47,56.485,35607
2020-01-15 10:20:00-05:00,56.48,56.5,56.44,56.44,33536
2020-01-15 10:25:00-05:00,56.435,56.49,56.435,56.49,24656
2020-01-15 10:30:00-05:00,56.49,56.52,56.475,56.51,10242
2020-01-15 10:35:00-05:00,56.5,56.53,56.5,56.51,20910
2020-01-15 10:40:00-05:00,56.51,56.54,56.49,56.5,22113
2020-01-15 10:45:00-05:00,56.495,56.595,56.49,56.595,4735
2020-01-15 10:50:00-05:00,56.6,56.645,56.57,56.615,79540
2020-01-15 10:55:00-05:00,56.61,56.62,56.59,56.62,11522
2020-01-15 11:00:00-05:00,56.62,56.67,56.61,56.66,6584
2020-01-15 11:05:00-05:00,56.66,56.68,56.64,56.68,3729
2020-01-15 11:10:00-05:00,56.67,56.72,56.64,56.69,8343
2020-01-15 11:15:00-05:00,56.7,56.76,56.68,56.74,9736
2020-01-15 11:20:00-05:00,56.74,56.74,56.71,56.72,5530
2020-01-15 11:25:00-05:00,56.72,56.755,56.71,56.755,6119
2020-01-15 11:30:00-05:00,56.765,56.81,56.76,56.8,6720
2020-01-15 11:35:00-05:00,56.815,56.87,56.81,56.845,7364
2020-01-15 11:40:00-05:00,56.845,56.85,56.82,56.85,3918
2020-01-15 11:45:00-05:00,56.85,56.915,56.85,56.9,11600
2020-01-15 11:50:00-05:00,56.9,56.94,56.89,56.92,9123
2020-01-15 11:55:00-05:00,56.93,56.95,56.91,56.95,9993
2020-01-15 12:00:00-05:00,56.94,56.95,56.92,56.92,5291
2020-01-15 12:05:00-05:00,56.93,56.93,56.9,56.9,3625
2020-01-15 12:10:00-05:00,56.885,56.91,56.88,56.91,3148
2020-01-15 12:15:00-05:00,56.91,56.92,56.86,56.87,5105
2020-01-15 12:20:00-05:00,56.87,56.88,56.86,56.88,1084
2020-01-15 12:25:00-05:00,56.88,56.88,56.84,56.87,3945
2020-01-15 12:30:00-05:00,56.87,56.9,56.86,56.9,3672
2020-01-15 12:35:00-05:00,56.89,56.97,56.88,56.96,10719
2020-01-15 12:40:00-05:00,56.96,56.98,56.91,56.92,14564
2020-01-15 12:45:00-05:00,56.91,56.925,56.91,56.91,2542
2020-01-15 12:50:00-05:00,56.91,56.91,56.86,56.86,2638
2020-01-15 12:55:00-05:00,56.87,56.87,56.8,56.81,6347
2020-01-15 13:00:00-05:00,56.8,56.82,56.77,56.77,1972
2020-01-15 13:05:00-05:00,56.78,56.79,56.73,56.78,5092
2020-01-15 13:10:00-05:00,56.8,56.8,56.76,56.77,8436
2020-01-15 13:15:00-05:00,56.77,56.79,56.76,56.76,9565
2020-01-15 13:20:00-05:00,56.76,56.76,56.73,56.735,3845
2020-01-15 13:25:00-05:00,56.735,56.77,56.73,56.77,2139
2020-01-15 13:30:00-05:00,56.78,56.79,56.75,56.77,14600
2020-01-15 13:35:00-05:00,56.77,56.79,56.77,56.775,3835
2020-01-15 13:40:00-05:00,56.775,56.775,56.735,56.74,5026
2020-01-15 13:45:00-05:00,56.74,56.765,56.735,56.765,4003
2020-01-15 13:50:00-05:00,56.765,56.765,56.74,56.745,2758
2020-01-15 13:55:00-05:00,56.74,56.755,56.69,56.71,8854
2020-01-15 14:00:00-05:00,56.715,56.72,56.67,56.68,15982
2020-01-15 14:05:00-05:00,56.685,56.69,56.665,56.67,7078
2020-01-15 14:10:00-05:00,56.67,56.71,56.67,56.71,4629
2020-01-15 14:15:00-05:00,56.72,56.8,56.72,56.79,9000
2020-01-15 14:20:00-05:00,56.795,56.83,56.78,56.79,4638
2020-01-15 14:25:00-05:00,56.79,56.795,56.77,56.78,4081
2020-01-15 14:30:00-05:00,56.78,56.79,56.75,56.76,4918
2020-01-15 14:35:00-05:00,56.76,56.78,56.74,56.77,4357
2020-01-15 14:40:00-05:00,56.77,56.78,56.76,56.775,5399
2020-01-15 14:45:00-05:00,56.78,56.79,56.75,56.75,4070
2020-01-15 14:50:00-05:00,56.75,56.77,56.75,56.76,4884
2020-01-15 14:55:00-05:00,56.75,56.75,56.68,56.72,6123
2020-01-15 15:00:00-05:00,56.725,56.735,56.685,56.695,10855
2020-01-15 15:05:00-05:00,56.69,56.7,56.67,56.685,18267
2020-01-15 15:10:00-05:00,56.685,56.73,56.68,56.72,8691
2020-01-15 15:15:00-05:00,56.725,56.74,56.715,56.74,7165
2020-01-15 15:20:00-05:00,56.73,56.76,56.73,56.75,27345
2020-01-15 15:25:00-05:00,56.75,56.75,56.7,56.72,11852
2020-01-15 15:30:00-05:00,56.72,56.72,56.66,56.69,7021
2020-01-15 15:35:00-05:00,56.68,56.71,56.68,56.695,9570
2020-01-15 15:40:00-05:00,56.69,56.75,56.69,56.75,13152
2020-01-15 15:45:00-05:00,56.745,56.77,56.74,56.755,29771
2020-01-15 15:50:00-05:00,56.76,56.79,56.7,56.7,68000
2020-01-15 15:55:00-05:00,56.705,56.75,56.65,56.71,133318
2020-01-16 09:30:00-05:00,56.85,56.945,56.765,56.86,22017
2020-01-16 09:35:00-05:00,56.87,56.9,56.75,56.78,4824
2020-01-16 09:40:00-05:00,56.75,56.81,56.73,56.805,10903
2020-01-16 09:45:00-05:00,56.815,56.88,56.8,56.84,6412
2020-01-16 09:50:00-05:00,56.85,56.85,56.77,56.77,5340
2020-01-16 09:55:00-05:00,56.77,56.815,56.73,56.81,9448
2020-01-16 10:00:00-05:00,56.8,56.8,56.74,56.76,4462
2020-01-16 10:05:00-05:00,56.76,56.775,56.75,56.77,2912
2020-01-16 10:10:00-05:00,56.75,56.785,56.73,56.75,3003
2020-01-16 10:15:00-05:00,56.755,56.8,56.755,56.77,2266
2020-01-16 10:20:00-05:00,56.775,56.8,56.755,56.795,2020
2020-01-16 10:25:00-05:00,56.815,56.87,56.815,56.83,3209
2020-01-16 10:30:00-05:00,56.83,56.83,56.74,56.745,8420
2020-01-16 10:35:00-05:00,56.745,56.77,56.655,56.7,29969
2020-01-16 10:40:00-05:00,56.705,56.745,56.7,56.74,1545
2020-01-16 10:45:00-05:00,56.75,56.75,56.69,56.69,5582
2020-01-16 10:50:00-05:00,56.67,56.68,56.63,56.68,2920
2020-01-16 10:55:00-05:00,56.675,56.74,56.675,56.73,8457
2020-01-16 11:00:00-05:00,56.745,56.755,56.725,56.755,3995
2020-01-16 11:05:00-05:00,56.76,56.78,56.725,56.725,3515
2020-01-16 11:10:00-05:00,56.745,56.77,56.73,56.77,4307
2020-01-16 11:15:00-05:00,56.75,56.75,56.735,56.74,3640
2020-01-16 11:20:00-05:00,56.74,56.745,56.71,56.71,3150
2020-01-16 11:25:00-05:00,56.74,56.74,56.7,56.705,4787
2020-01-16 11:30:00-05:00,56.7,56.705,56.69,56.705,7489
2020-01-16 11:35:00-05:00,56.71,56.745,56.71,56.735,1815
2020-01-16 11:40:00-05:00,56.745,56.755,56.7,56.7,6873
2020-01-16 11:45:00-05:00,56.7,56.71,56.68,56.7,2521
2020-01-16 11:50:00-05:00,56.69,56.71,56.69,56.7,7736
2020-01-16 11:55:00-05:00,56.71,56.73,56.7,56.725,4499
2020-01-16 12:00:00-05:00,56.73,56.735,56.715,56.72,2657
2020-01-16 12:05:00-05:00,56.73,56.73,56.72,56.72,2296
2020-01-16 12:10:00-05:00,56.725,56.75,56.72,56.72,2398
2020-01-16 12:15:00-05:00,56.715,56.72,56.7,56.71,10615
2020-01-16 12:20:00-05:00,56.71,56.725,56.695,56.725,3954
2020-01-16 12:25:00-05:00,56.72,56.72,56.69,56.705,2479
2020-01-16 12:30:00-05:00,56.705,56.72,56.7,56.705,3067
2020-01-16 12:35:00-05:00,56.695,56.715,56.695,56.715,3637
2020-01-16 12:40:00-05:00,56.71,56.715,56.7,56.7,821
2020-01-16 12:45:00-05:00,56.705,56.705,56.695,56.705,3770
2020-01-16 12:50:00-05:00,56.71,56.71,56.68,56.685,7198
2020-01-16 12:55:00-05:00,56.685,56.7,56.67,56.695,6290
2020-01-16 13:00:00-05:00,56.695,56.71,56.68,56.705,12419
2020-01-16 13:05:00-05:00,56.705,56.705,56.685,56.695,5150
2020-01-16 13:10:00-05:00,56.695,56.695,56.675,56.68,9907
2020-01-16 13:15:00-05:00,56.675,56.675,56.645,56.645,2927
2020-01-16 13:20:00-05:00,56.645,56.655,56.62,56.635,5572
2020-01-16 13:25:00-05:00,56.63,56.64,56.62,56.64,5458
2020-01-16 13:30:00-05:00,56.63,56.63,56.605,56.61,15277
2020-01-16 13:35:00-05:00,56.605,56.63,56.605,56.62,2266
2020-01-16 13:40:00-05:00,56.62,56.64,56.61,56.64,3373
2020-01-16 13:45:00-05:00,56.64,56.67,56.64,56.64,7747
2020-01-16 13:50:00-05:00,56.645,56.675,56.63,56.675,4566
2020-01-16 13:55:00-05:00,56.68,56.7,56.68,56.68,1564
2020-01-16 14:00:00-05:00,56.7,56.715,56.695,56.715,1886
2020-01-16 14:05:00-05:00,56.7,56.7,56.7,56.7,362
2020-01-16 14:10:00-05:00,56.7,56.715,56.7,56.71,1625
2020-01-16 14:15:00-05:00,56.7,56.705,56.69,56.69,2104
2020-01-16 14:20:00-05:00,56.69,56.7,56.68,56.68,3096
2020-01-16 14:25:00-05:00,56.675,56.69,56.66,56.685,6624
2020-01-16 14:30:00-05:00,56.69,56.695,56.68,56.68,2314
2020-01-16 14:35:00-05:00,56.67,56.68,56.66,56.66,1658
2020-01-16 14:40:00-05:00,56.655,56.685,56.65,56.68,3675
2020-01-16 14:45:00-05:00,56.685,56.685,56.675,56.685,62745
2020-01-16 14:50:00-05:00,56.685,56.7,56.68,56.695,4011
2020-01-16 14:55:00-05:00,56.68,56.695,56.68,56.695,3017
2020-01-16 15:00:00-05:00,56.695,56.7,56.69,56.69,3637
2020-01-16 15:05:00-05:00,56.69,56.73,56.69,56.715,6675
2020-01-16 15:10:00-05:00,56.72,56.73,56.72,56.72,4807
2020-01-16 15:15:00-05:00,56.72,56.73,56.7,56.71,11079
2020-01-16 15:20:00-05:00,56.705,56.72,56.7,56.71,2551
2020-01-16 15:25:00-05:00,56.71,56.73,56.71,56.72,5078
2020-01-16 15:30:00-05:00,56.75,56.75,56.74,56.74,2076
2020-01-16 15:35:00-05:00,56.76,56.76,56.74,56.74,6009
2020-01-16 15:40:00-05:00,56.75,56.76,56.74,56.755,12082
2020-01-16 15:45:00-05:00,56.75,56.78,56.74,56.78,11108
2020-01-16 15:50:00-05:00,56.78,56.81,56.77,56.78,17949
2020-01-16 15:55:00-05:00,56.78,56.84,56.74,56.84,57951
2020-01-17 09:25:00-05:00,56.72,56.72,56.72,56.72,175
2020-01-17 09:30:00-05:00,56.88,57.06,56.87,57.04,10737
2020-01-17 09:35:00-05:00,57.025,57.15,57.025,57.07,10905
2020-01-17 09:40:00-05:00,57.065,57.09,57.02,57.08,7446
2020-01-17 09:45:00-05:00,57.07,57.07,57.01,57.06,6826
2020-01-17 09:50:00-05:00,57.06,57.13,57.06,57.13,6282
2020-01-17 09:55:00-05:00,57.13,57.135,57.02,57.04,17433
2020-01-17 10:00:00-05:00,57.03,57.05,56.95,56.95,9875
2020-01-17 10:05:00-05:00,56.94,56.98,56.93,56.95,5912
2020-01-17 10:10:00-05:00,56.94,56.95,56.9,56.9,6856
2020-01-17 10:15:00-05:00,56.88,56.92,56.86,56.92,6688
2020-01-17 10:20:00-05:00,56.92,56.95,56.92,56.94,6393
2020-01-17 10:25:00-05:00,56.94,56.94,56.9,56.92,5905
2020-01-17 10:30:00-05:00,56.92,56.92,56.82,56.82,7699
2020-01-17 10:35:00-05:00,56.805,56.88,56.805,56.87,6811
2020-01-17 10:40:00-05:00,56.87,56.9,56.85,56.86,5266
2020-01-17 10:45:00-05:00,56.88,56.89,56.85,56.885,3812
2020-01-17 10:50:00-05:00,56.88,56.985,56.88,56.985,11900
2020-01-17 10:55:00-05:00,56.98,56.98,56.945,56.945,9087
2020-01-17 11:00:00-05:00,56.935,56.94,56.9,56.9,9995
2020-01-17 11:05:00-05:00,56.91,56.91,56.89,56.89,4137
2020-01-17 11:10:00-05:00,56.895,56.96,56.895,56.95,8189
2020-01-17 11:15:00-05:00,56.95,56.96,56.9,56.92,7599
2020-01-17 11:20:00-05:00,56.93,56.94,56.91,56.94,5425
2020-01-17 11:25:00-05:00,56.93,56.965,56.915,56.96,8621
2020-01-17 11:30:00-05:00,56.96,56.98,56.96,56.97,7512
2020-01-17 11:35:00-05:00,56.98,56.98,56.955,56.975,9005
2020-01-17 11:40:00-05:00,56.975,56.985,56.96,56.97,8353
2020-01-17 11:45:00-05:00,56.97,56.975,56.95,56.97,6565
2020-01-17 11:50:00-05:00,56.96,56.965,56.95,56.95,2868
2020-01-17 11:55:00-05:00,56.95,56.96,56.94,56.95,6576
2020-01-17 12:00:00-05:00,56.955,56.98,56.945,56.98,6902
2020-01-17 12:05:00-05:00,56.96,56.96,56.95,56.955,4583
2020-01-17 12:10:00-05:00,56.95,56.95,56.92,56.925,2166
2020-01-17 12:15:00-05:00,56.92,56.92,56.87,56.885,4971
2020-01-17 12:20:00-05:00,56.9,56.94,56.9,56.93,3438
2020-01-17 12:25:00-05:00,56.94,56.99,56.94,56.99,5262
2020-01-17 12:30:00-05:00,56.99,56.99,56.97,56.97,2651
2020-01-17 12:35:00-05:00,56.95,56.95,56.94,56.94,2729
2020-01-17 12:40:00-05:00,56.94,56.96,56.94,56.94,7716
2020-01-17 12:45:00-05:00,56.93,56.94,56.93,56.93,3073
2020-01-17 12:50:00-05:00,56.93,56.96,56.92,56.95,5068
2020-01-17 12:55:00-05:00,56.95,56.95,56.915,56.915,1963
2020-01-17 13:00:00-05:00,56.905,56.92,56.9,56.92,5703
2020-01-17 13:05:00-05:00,56.915,56.95,56.915,56.95,3759
2020-01-17 13:10:00-05:00,56.94,56.95,56.925,56.93,2939
2020-01-17 13:15:00-05:00,56.91,56.93,56.91,56.93,2876
2020-01-17 13:20:00-05:00,56.93,56.94,56.91,56.91,24822
2020-01-17 13:25:00-05:00,56.92,56.93,56.91,56.93,13494
2020-01-17 13:30:00-05:00,56.94,56.95,56.93,56.94,13658
2020-01-17 13:35:00-05:00,56.935,56.94,56.915,56.92,3253
2020-01-17 13:40:00-05:00,56.91,56.92,56.9,56.91,4326
2020-01-17 13:45:00-05:00,56.9,56.92,56.895,56.92,3454
2020-01-17 13:50:00-05:00,56.92,56.93,56.91,56.91,2247
2020-01-17 13:55:00-05:00,56.91,56.94,56.9,56.94,6685
2020-01-17 14:00:00-05:00,56.94,56.95,56.935,56.95,3788
2020-01-17 14:05:00-05:00,56.95,56.98,56.95,56.97,5769
2020-01-17 14:10:00-05:00,56.98,56.99,56.98,56.99,3924
2020-01-17 14:15:00-05:00,56.98,56.99,56.97,56.98,7100
2020-01-17 14:20:00-05:00,56.975,56.975,56.95,56.96,5797
2020-01-17 14:25:00-05:00,56.96,56.96,56.93,56.93,24278
2020-01-17 14:30:00-05:00,56.935,56.96,56.935,56.96,5593
2020-01-17 14:35:00-05:00,56.94,56.99,56.93,56.98,7780
2020-01-17 14:40:00-05:00,56.97,56.975,56.96,56.97,3148
2020-01-17 14:45:00-05:00,56.96,56.96,56.94,56.945,3990
2020-01-17 14:50:00-05:00,56.945,56.98,56.94,56.95,5329
2020-01-17 14:55:00-05:00,56.96,56.97,56.95,56.97,4949
2020-01-17 15:00:00-05:00,56.98,56.99,56.97,56.975,6344
2020-01-17 15:05:00-05:00,56.98,56.99,56.955,56.96,4873
2020-01-17 15:10:00-05:00,56.96,56.96,56.93,56.935,8689
2020-01-17 15:15:00-05:00,56.93,56.94,56.915,56.915,8016
2020-01-17 15:20:00-05:00,56.92,56.925,56.91,56.92,6588
2020-01-17 15:25:00-05:00,56.91,56.92,56.91,56.91,7491
2020-01-17 15:30:00-05:00,56.92,56.94,56.91,56.94,14248
2020-01-17 15:35:00-05:00,56.93,56.93,56.89,56.9,11930
2020-01-17 15:40:00-05:00,56.905,56.92,56.88,56.885,26718
2020-01-17 15:45:00-05:00,56.88,56.93,56.875,56.92,29589
2020-01-17 15:50:00-05:00,56.92,56.92,56.86,56.86,32494
2020-01-17 15:55:00-05:00,56.86,56.95,56.86,56.93,255333
2020-01-21 09:25:00-05:00,56.84,56.84,56.84,56.84,113
2020-01-21 09:30:00-05:00,56.845,57.02,56.83,56.93,11460
2020-01-21 09:35:00-05:00,56.92,56.93,56.775,56.8,8519
2020-01-21 09:40:00-05:00,56.8,56.81,56.76,56.79,4451
2020-01-21 09:45:00-05:00,56.81,56.82,56.69,56.69,11647
2020-01-21 09:50:00-05:00,56.68,56.69,56.62,56.69,4454
2020-01-21 09:55:00-05:00,56.68,56.7,56.605,56.605,5616
2020-01-21 10:00:00-05:00,56.6,56.74,56.6,56.69,7726
2020-01-21 10:05:00-05:00,56.7,56.7,56.61,56.64,6726
2020-01-21 10:10:00-05:00,56.64,56.7,56.63,56.66,3641
2020-01-21 10:15:00-05:00,56.695,56.73,56.69,56.705,3065
2020-01-21 10:20:00-05:00,56.71,56.745,56.69,56.73,5757
2020-01-21 10:25:00-05:00,56.73,56.76,56.715,56.76,6353
2020-01-21 10:30:00-05:00,56.765,56.77,56.755,56.765,4610
2020-01-21 10:35:00-05:00,56.76,56.8,56.76,56.8,4535
2020-01-21 10:40:00-05:00,56.79,56.8,56.77,56.77,4999
2020-01-21 10:45:00-05:00,56.78,56.79,56.75,56.765,4293
2020-01-21 10:50:00-05:00,56.75,56.785,56.75,56.785,2785
2020-01-21 10:55:00-05:00,56.785,56.785,56.76,56.77,6801
2020-01-21 11:00:00-05:00,56.775,56.78,56.765,56.775,4647
2020-01-21 11:05:00-05:00,56.77,56.78,56.75,56.76,8575
2020-01-21 11:10:00-05:00,56.76,56.78,56.745,56.745,8253
2020-01-21 11:15:00-05:00,56.75,56.77,56.745,56.765,12847
2020-01-21 11:20:00-05:00,56.77,56.94,56.75,56.94,8674
2020-01-21 11:25:00-05:00,56.94,56.98,56.93,56.94,6086
2020-01-21 11:30:00-05:00,56.96,56.96,56.92,56.96,2378
2020-01-21 11:35:00-05:00,56.95,56.955,56.93,56.95,1849
2020-01-21 11:40:00-05:00,56.965,56.99,56.965,56.975,4381
2020-01-21 11:45:00-05:00,56.97,57.0,56.96,56.97,3252
2020-01-21 11:50:00-05:00,56.97,56.98,56.96,56.96,1854
2020-01-21 11:55:00-05:00,56.965,56.975,56.925,56.975,19291
2020-01-21 12:00:00-05:00,56.98,56.995,56.97,56.995,4046
2020-01-21 12:05:00-05:00,56.99,57.02,56.99,57.01,4649
2020-01-21 12:10:00-05:00,57.005,57.02,57.0,57.01,1622
2020-01-21 12:15:00-05:00,57.01,57.02,56.99,56.99,7126
2020-01-21 12:20:00-05:00,56.995,57.0,56.99,56.995,6469
2020-01-21 12:25:00-05:00,57.0,57.0,56.98,57.0,2959
2020-01-21 12:30:00-05:00,57.005,57.02,57.005,57.01,2892
2020-01-21 12:35:00-05:00,57.01,57.03,57.0,57.02,8123
2020-01-21 12:40:00-05:00,57.02,57.03,57.02,57.02,4958
2020-01-21 12:45:00-05:00,57.02,57.02,56.995,57.0,3576
2020-01-21 12:50:00-05:00,56.99,57.0,56.99,56.99,1028
2020-01-21 12:55:00-05:00,56.995,57.0,56.99,57.0,2413
2020-01-21 13:00:00-05:00,57.005,57.005,56.99,57.005,2735
2020-01-21 13:05:00-05:00,57.01,57.02,56.99,56.99,6185
2020-01-21 13:10:00-05:00,57.01,57.03,57.01,57.025,866
2020-01-21 13:15:00-05:00,57.03,57.045,57.03,57.045,5447
2020-01-21 13:20:00-05:00,57.035,57.035,57.005,57.02,5173
2020-01-21 13:25:00-05:00,57.01,57.025,57.0,57.005,3681
2020-01-21 13:30:00-05:00,57.01,57.02,56.995,57.015,3106
2020-01-21 13:35:00-05:00,57.02,57.05,57.02,57.04,6056
2020-01-21 13:40:00-05:00,57.04,57.05,57.03,57.05,2675
2020-01-21 13:45:00-05:00,57.06,57.12,57.06,57.115,4893
2020-01-21 13:50:00-05:00,57.13,57.14,57.11,57.12,6032
2020-01-21 13:55:00-05:00,57.125,57.13,57.12,57.13,1409
2020-01-21 14:00:00-05:00,57.13,57.135,57.11,57.135,3868
2020-01-21 14:05:00-05:00,57.14,57.17,57.12,57.17,4724
2020-01-21 14:10:00-05:00,57.17,57.2,57.16,57.2,3937
2020-01-21 14:15:00-05:00,57.19,57.21,57.19,57.2,4968
2020-01-21 14:20:00-05:00,57.2,57.205,57.18,57.2,4866
2020-01-21 14:25:00-05:00,57.2,57.205,57.15,57.18,10495
2020-01-21 14:30:00-05:00,57.19,57.19,57.165,57.175,4121
2020-01-21 14:35:00-05:00,57.18,57.21,57.18,57.21,3446
2020-01-21 14:40:00-05:00,57.22,57.245,57.22,57.23,2226
2020-01-21 14:45:00-05:00,57.22,57.22,57.18,57.19,4252
2020-01-21 14:50:00-05:00,57.19,57.195,57.16,57.16,3023
2020-01-21 14:55:00-05:00,57.16,57.205,57.16,57.19,2949
2020-01-21 15:00:00-05:00,57.2,57.21,57.185,57.195,6251
2020-01-21 15:05:00-05:00,57.2,57.21,57.19,57.21,3271
2020-01-21 15:10:00-05:00,57.215,57.23,57.21,57.23,5276
2020-01-21 15:15:00-05:00,57.22,57.23,57.19,57.19,6840
2020-01-21 15:20:00-05:00,57.19,57.19,57.16,57.165,2877
2020-01-21 15:25:00-05:00,57.15,57.16,57.12,57.155,7936
2020-01-21 15:30:00-05:00,57.15,57.175,57.13,57.13,8925
2020-01-21 15:35:00-05:00,57.15,57.185,57.13,57.17,6054
2020-01-21 15:40:00-05:00,57.16,57.17,57.13,57.15,6406
2020-01-21 15:45:00-05:00,57.15,57.15,57.11,57.11,15922
2020-01-21 15:50:00-05:00,57.1,57.12,57.08,57.1,18149
2020-01-21 15:55:00-05:00,57.09,57.18,57.07,57.17,69620
2020-01-22 09:30:00-05:00,57.23,57.3,57.18,57.2,9652
2020-01-22 09:35:00-05:00,57.22,57.3,57.21,57.24,6887
2020-01-22 09:40:00-05:00,57.25,57.25,57.18,57.21,4684
2020-01-22 09:45:00-05:00,57.24,57.27,57.22,57.27,4611
2020-01-22 09:50:00-05:00,57.28,57.285,57.23,57.25,3904
2020-01-22 09:55:00-05:00,57.24,57.3,57.24,57.27,6847
2020-01-22 10:00:00-05:00,57.29,57.305,57.25,57.28,6708
2020-01-22 10:05:00-05:00,57.28,57.305,57.26,57.305,6109
2020-01-22 10:10:00-05:00,57.32,57.335,57.27,57.27,7151
2020-01-22 10:15:00-05:00,57.285,57.345,57.28,57.34,4471
2020-01-22 10:20:00-05:00,57.345,57.35,57.33,57.34,4906
2020-01-22 10:25:00-05:00,57.345,57.375,57.34,57.36,4997
2020-01-22 10:30:00-05:00,57.39,57.475,57.38,57.465,12210
2020-01-22 10:35:00-05:00,57.45,57.485,57.44,57.47,10646
2020-01-22 10:40:00-05:00,57.47,57.5,57.47,57.49,7800
2020-01-22 10:45:00-05:00,57.49,57.5,57.475,57.475,4343
2020-01-22 10:50:00-05:00,57.475,57.5,57.45,57.48,7276
2020-01-22 10:55:00-05:00,57.48,57.5,57.47,57.485,9131
2020-01-22 11:00:00-05:00,57.47,57.485,57.425,57.44,7914
2020-01-22 11:05:00-05:00,57.45,57.51,57.45,57.5,7910
2020-01-22 11:10:00-05:00,57.49,57.49,57.46,57.47,6054
2020-01-22 11:15:00-05:00,57.46,57.48,57.46,57.46,5503
2020-01-22 11:20:00-05:00,57.46,57.465,57.415,57.425,5056
2020-01-22 11:25:00-05:00,57.41,57.445,57.41,57.43,4304
2020-01-22 11:30:00-05:00,57.43,57.43,57.405,57.41,4316
2020-01-22 11:35:00-05:00,57.405,57.41,57.39,57.395,4481
2020-01-22 11:40:00-05:00,57.38,57.45,57.38,57.425,5475
2020-01-22 11:45:00-05:00,57.425,57.46,57.42,57.435,4539
2020-01-22 11:50:00-05:00,57.43,57.44,57.41,57.435,17109
2020-01-22 11:55:00-05:00,57.435,57.44,57.395,57.395,4354
2020-01-22 12:00:00-05:00,57.4,57.41,57.39,57.395,2584
2020-01-22 12:05:00-05:00,57.39,57.45,57.39,57.445,5864
2020-01-22 12:10:00-05:00,57.43,57.45,57.425,57.445,2713
2020-01-22 12:15:00-05:00,57.45,57.485,57.45,57.45,4354
2020-01-22 12:20:00-05:00,57.44,57.465,57.435,57.435,3439
2020-01-22 12:25:00-05:00,57.435,57.445,57.41,57.415,3103
2020-01-22 12:30:00-05:00,57.415,57.425,57.41,57.41,3748
2020-01-22 12:35:00-05:00,57.415,57.435,57.415,57.435,2202
2020-01-22 12:40:00-05:00,57.44,57.475,57.44,57.455,2862
2020-01-22 12:45:00-05:00,57.455,57.47,57.455,57.465,3641
2020-01-22 12:50:00-05:00,57.465,57.47,57.46,57.46,2429
2020-01-22 12:55:00-05:00,57.465,57.5,57.465,57.5,3863
2020-01-22 13:00:00-05:00,57.495,57.53,57.49,57.53,9035
2020-01-22 13:05:00-05:00,57.53,57.53,57.505,57.52,6776
2020-01-22 13:10:00-05:00,57.51,57.57,57.51,57.565,10862
2020-01-22 13:15:00-05:00,57.565,57.565,57.54,57.56,6260
2020-01-22 13:20:00-05:00,57.565,57.57,57.545,57.55,8156
2020-01-22 13:25:00-05:00,57.555,57.56,57.53,57.535,4753
2020-01-22 13:30:00-05:00,57.535,57.56,57.53,57.54,26125
2020-01-22 13:35:00-05:00,57.535,57.54,57.5,57.505,8377
2020-01-22 13:40:00-05:00,57.5,57.505,57.48,57.485,10568
2020-01-22 13:45:00-05:00,57.485,57.515,57.48,57.51,9683
2020-01-22 13:50:00-05:00,57.51,57.52,57.45,57.46,8967
2020-01-22 13:55:00-05:00,57.45,57.485,57.45,57.485,11134
2020-01-22 14:00:00-05:00,57.49,57.49,57.45,57.46,9383
2020-01-22 14:05:00-05:00,57.465,57.48,57.46,57.48,5553
2020-01-22 14:10:00-05:00,57.485,57.52,57.475,57.495,9936
2020-01-22 14:15:00-05:00,57.495,57.51,57.47,57.475,12543
2020-01-22 14:20:00-05:00,57.475,57.525,57.475,57.52,6988
2020-01-22 14:25:00-05:00,57.53,57.535,57.505,57.52,11587
2020-01-22 14:30:00-05:00,57.515,57.515,57.49,57.495,6254
2020-01-22 14:35:00-05:00,57.49,57.5,57.47,57.475,5572
2020-01-22 14:40:00-05:00,57.47,57.495,57.46,57.465,6556
2020-01-22 14:45:00-05:00,57.46,57.49,57.46,57.475,4193
2020-01-22 14:50:00-05:00,57.475,57.485,57.47,57.47,2571
2020-01-22 14:55:00-05:00,57.475,57.505,57.47,57.5,5711
2020-01-22 15:00:00-05:00,57.495,57.495,57.46,57.47,5916
2020-01-22 15:05:00-05:00,57.475,57.48,57.45,57.455,9970
2020-01-22 15:10:00-05:00,57.44,57.45,57.43,57.45,9619
2020-01-22 15:15:00-05:00,57.44,57.45,57.41,57.43,14466
2020-01-22 15:20:00-05:00,57.43,57.44,57.4,57.435,7790
2020-01-22 15:25:00-05:00,57.425,57.45,57.42,57.43,9503
2020-01-22 15:30:00-05:00,57.43,57.47,57.42,57.45,12178
2020-01-22 15:35:00-05:00,57.455,57.49,57.44,57.45,10240
2020-01-22 15:40:00-05:00,57.45,57.47,57.45,57.465,13253
2020-01-22 15:45:00-05:00,57.46,57.555,57.45,57.53,29339
2020-01-22 15:50:00-05:00,57.53,57.6,57.53,57.585,21580
2020-01-22 15:55:00-05:00,57.59,57.64,57.575,57.61,105452
2020-01-23 09:25:00-05:00,57.31,57.31,57.31,57.31,175
2020-01-23 09:30:00-05:00,57.34,57.47,57.34,57.38,17243
2020-01-23 09:35:00-05:00,57.405,57.61,57.36,57.6,29572
2020-01-23 09:40:00-05:00,57.59,57.77,57.59,57.75,20151
2020-01-23 09:45:00-05:00,57.75,57.765,57.655,57.695,17006
2020-01-23 09:50:00-05:00,57.7,57.77,57.65,57.65,22446
2020-01-23 09:55:00-05:00,57.655,57.665,57.59,57.61,27533
2020-01-23 10:00:00-05:00,57.59,57.665,57.55,57.625,15435
2020-01-23 10:05:00-05:00,57.63,57.69,57.59,57.65,19029
2020-01-23 10:10:00-05:00,57.665,57.68,57.515,57.515,9781
2020-01-23 10:15:00-05:00,57.525,57.61,57.51,57.595,15035
2020-01-23 10:20:00-05:00,57.605,57.61,57.5,57.51,10815
2020-01-23 10:25:00-05:00,57.51,57.53,57.47,57.47,9917
2020-01-23 10:30:00-05:00,57.46,57.5,57.44,57.445,8812
2020-01-23 10:35:00-05:00,57.46,57.475,57.41,57.42,9392
2020-01-23 10:40:00-05:00,57.415,57.48,57.4,57.41,9439
2020-01-23 10:45:00-05:00,57.415,57.415,57.36,57.375,4143
2020-01-23 10:50:00-05:00,57.39,57.415,57.37,57.385,7468
2020-01-23 10:55:00-05:00,57.375,57.39,57.355,57.38,7280
2020-01-23 11:00:00-05:00,57.38,57.38,57.3,57.31,7693
2020-01-23 11:05:00-05:00,57.29,57.295,57.24,57.29,6893
2020-01-23 11:10:00-05:00,57.275,57.295,57.26,57.295,6140
2020-01-23 11:15:00-05:00,57.305,57.33,57.285,57.33,164525
2020-01-23 11:20:00-05:00,57.33,57.35,57.315,57.335,4374
2020-01-23 11:25:00-05:00,57.33,57.355,57.3,57.34,6034
2020-01-23 11:30:00-05:00,57.33,57.36,57.285,57.36,6618
2020-01-23 11:35:00-05:00,57.37,57.425,57.37,57.42,4209
2020-01-23 11:40:00-05:00,57.415,57.42,57.355,57.36,2317
2020-01-23 11:45:00-05:00,57.365,57.375,57.33,57.375,3373
2020-01-23 11:50:00-05:00,57.37,57.37,57.33,57.355,3781
2020-01-23 11:55:00-05:00,57.35,57.37,57.35,57.365,4130
2020-01-23 12:00:00-05:00,57.39,57.44,57.39,57.44,4424
2020-01-23 12:05:00-05:00,57.44,57.51,57.44,57.5,5156
2020-01-23 12:10:00-05:00,57.52,57.55,57.51,57.55,3477
2020-01-23 12:15:00-05:00,57.545,57.545,57.52,57.54,3552
2020-01-23 12:20:00-05:00,57.55,57.55,57.515,57.545,2546
2020-01-23 12:25:00-05:00,57.54,57.54,57.5,57.51,2334
2020-01-23 12:30:00-05:00,57.52,57.54,57.495,57.5,2877
2020-01-23 12:35:00-05:00,57.44,57.46,57.41,57.41,3395
2020-01-23 12:40:00-05:00,57.41,57.46,57.41,57.46,2388
2020-01-23 12:45:00-05:00,57.46,57.48,57.46,57.46,1573
2020-01-23 12:50:00-05:00,57.46,57.47,57.45,57.47,101065
2020-01-23 12:55:00-05:00,57.46,57.47,57.45,57.45,3521
2020-01-23 13:00:00-05:00,57.445,57.445,57.41,57.41,2189
2020-01-23 13:05:00-05:00,57.425,57.43,57.41,57.425,4311
2020-01-23 13:10:00-05:00,57.42,57.48,57.42,57.48,3149
2020-01-23 13:15:00-05:00,57.48,57.5,57.47,57.5,3823
2020-01-23 13:20:00-05:00,57.5,57.57,57.49,57.57,2513
2020-01-23 13:25:00-05:00,57.56,57.56,57.53,57.54,6963
2020-01-23 13:30:00-05:00,57.54,57.57,57.54,57.57,24366
2020-01-23 13:35:00-05:00,57.57,57.58,57.525,57.545,2544
2020-01-23 13:40:00-05:00,57.545,57.56,57.545,57.56,3666
2020-01-23 13:45:00-05:00,57.59,57.63,57.59,57.625,5171
2020-01-23 13:50:00-05:00,57.625,57.655,57.62,57.63,7394
2020-01-23 13:55:00-05:00,57.625,57.65,57.625,57.65,3100
2020-01-23 14:00:00-05:00,57.635,57.65,57.615,57.615,3234
2020-01-23 14:05:00-05:00,57.615,57.615,57.59,57.6,5462
2020-01-23 14:10:00-05:00,57.6,57.605,57.59,57.6,2899
2020-01-23 14:15:00-05:00,57.61,57.65,57.6,57.65,3219
2020-01-23 14:20:00-05:00,57.65,57.67,57.65,57.655,4984
2020-01-23 14:25:00-05:00,57.665,57.675,57.66,57.66,7806
2020-01-23 14:30:00-05:00,57.65,57.665,57.63,57.65,4097
2020-01-23 14:35:00-05:00,57.65,57.655,57.635,57.655,2779
2020-01-23 14:40:00-05:00,57.655,57.66,57.64,57.64,2220
2020-01-23 14:45:00-05:00,57.66,57.66,57.63,57.63,3224
2020-01-23 14:50:00-05:00,57.62,57.69,57.615,57.675,10475
2020-01-23 14:55:00-05:00,57.675,57.675,57.64,57.67,4815
2020-01-23 15:00:00-05:00,57.67,57.695,57.67,57.68,3087
2020-01-23 15:05:00-05:00,57.675,57.68,57.65,57.67,3712
2020-01-23 15:10:00-05:00,57.66,57.66,57.64,57.64,4351
2020-01-23 15:15:00-05:00,57.64,57.675,57.64,57.665,4464
2020-01-23 15:20:00-05:00,57.665,57.7,57.65,57.675,15077
2020-01-23 15:25:00-05:00,57.675,57.72,57.66,57.71,6470
2020-01-23 15:30:00-05:00,57.71,57.73,57.7,57.705,7450
2020-01-23 15:35:00-05:00,57.7,57.71,57.68,57.695,11579
2020-01-23 15:40:00-05:00,57.695,57.71,57.64,57.65,10878
2020-01-23 15:45:00-05:00,57.65,57.74,57.65,57.71,50828
2020-01-23 15:50:00-05:00,57.71,57.76,57.69,57.76,35918
2020-01-23 15:55:00-05:00,57.77,57.84,57.76,57.84,87042
2020-01-24 09:25:00-05:00,57.64,57.64,57.64,57.64,174
2020-01-24 09:30:00-05:00,57.85,57.85,57.75,57.77,8131
2020-01-24 09:35:00-05:00,57.78,57.8,57.71,57.76,4495
2020-01-24 09:40:00-05:00,57.76,57.77,57.71,57.74,4083
2020-01-24 09:45:00-05:00,57.735,57.78,57.73,57.745,3559
2020-01-24 09:50:00-05:00,57.76,57.765,57.685,57.685,5394
2020-01-24 09:55:00-05:00,57.69,57.73,57.69,57.69,2822
2020-01-24 10:00:00-05:00,57.69,57.73,57.69,57.7,2180
2020-01-24 10:05:00-05:00,57.7,57.7,57.67,57.68,2321
2020-01-24 10:10:00-05:00,57.65,57.65,57.605,57.605,3611
2020-01-24 10:15:00-05:00,57.61,57.645,57.59,57.63,8618
2020-01-24 10:20:00-05:00,57.65,57.685,57.64,57.685,2696
2020-01-24 10:25:00-05:00,57.69,57.75,57.69,57.7,4343
2020-01-24 10:30:00-05:00,57.71,57.75,57.695,57.74,3495
2020-01-24 10:35:00-05:00,57.73,57.74,57.72,57.73,2569
2020-01-24 10:40:00-05:00,57.73,57.73,57.675,57.72,4409
2020-01-24 10:45:00-05:00,57.71,57.73,57.68,57.69,3023
2020-01-24 10:50:00-05:00,57.7,57.72,57.68,57.7,3116
2020-01-24 10:55:00-05:00,57.7,57.75,57.7,57.72,4901
2020-01-24 11:00:00-05:00,57.71,57.77,57.71,57.77,2459
2020-01-24 11:05:00-05:00,57.76,57.8,57.75,57.77,4345
2020-01-24 11:10:00-05:00,57.76,57.76,57.75,57.75,2275
2020-01-24 11:15:00-05:00,57.73,57.74,57.65,57.68,7981
2020-01-24 11:20:00-05:00,57.66,57.69,57.63,57.63,4308
2020-01-24 11:25:00-05:00,57.64,57.7,57.64,57.7,4639
2020-01-24 11:30:00-05:00,57.7,57.73,57.67,57.68,6591
2020-01-24 11:35:00-05:00,57.675,57.69,57.66,57.685,56196
2020-01-24 11:40:00-05:00,57.69,57.7,57.61,57.66,7858
2020-01-24 11:45:00-05:00,57.65,57.72,57.65,57.7,5194
2020-01-24 11:50:00-05:00,57.685,57.71,57.685,57.71,4165
2020-01-24 11:55:00-05:00,57.73,57.73,57.67,57.695,3333
2020-01-24 12:00:00-05:00,57.705,57.73,57.7,57.73,3194
2020-01-24 12:05:00-05:00,57.74,57.77,57.74,57.75,3977
2020-01-24 12:10:00-05:00,57.74,57.76,57.73,57.735,1765
2020-01-24 12:15:00-05:00,57.735,57.755,57.66,57.665,7443
2020-01-24 12:20:00-05:00,57.68,57.71,57.68,57.7,2094
2020-01-24 12:25:00-05:00,57.69,57.69,57.63,57.67,1786
2020-01-24 12:30:00-05:00,57.66,57.68,57.65,57.675,3202
2020-01-24 12:35:00-05:00,57.67,57.67,57.65,57.66,2119
2020-01-24 12:40:00-05:00,57.67,57.68,57.64,57.68,3261
2020-01-24 12:45:00-05:00,57.67,57.67,57.63,57.64,2310
2020-01-24 12:50:00-05:00,57.64,57.66,57.63,57.64,2527
2020-01-24 12:55:00-05:00,57.64,57.66,57.62,57.65,1732
2020-01-24 13:00:00-05:00,57.65,57.65,57.6,57.6,6415
2020-01-24 13:05:00-05:00,57.605,57.655,57.58,57.63,7252
2020-01-24 13:10:00-05:00,57.655,57.655,57.6,57.62,4500
2020-01-24 13:15:00-05:00,57.625,57.65,57.625,57.64,1770
2020-01-24 13:20:00-05:00,57.63,57.69,57.63,57.68,2341
2020-01-24 13:25:00-05:00,57.68,57.68,57.64,57.65,4093
2020-01-24 13:30:00-05:00,57.65,57.655,57.63,57.63,5250
2020-01-24 13:35:00-05:00,57.64,57.675,57.63,57.655,4775
2020-01-24 13:40:00-05:00,57.66,57.665,57.63,57.65,3711
2020-01-24 13:45:00-05:00,57.65,57.69,57.63,57.64,6319
2020-01-24 13:50:00-05:00,57.63,57.63,57.58,57.59,3529
2020-01-24 13:55:00-05:00,57.6,57.6,57.56,57.56,4374
2020-01-24 14:00:00-05:00,57.565,57.57,57.52,57.57,4183
2020-01-24 14:05:00-05:00,57.58,57.615,57.57,57.6,7153
2020-01-24 14:10:00-05:00,57.59,57.59,57.55,57.55,3960
2020-01-24 14:15:00-05:00,57.55,57.57,57.54,57.54,3716
2020-01-24 14:20:00-05:00,57.54,57.55,57.51,57.52,5894
2020-01-24 14:25:00-05:00,57.53,57.54,57.51,57.52,3291
2020-01-24 14:30:00-05:00,57.52,57.56,57.51,57.555,5514
2020-01-24 14:35:00-05:00,57.555,57.555,57.5,57.53,5846
2020-01-24 14:40:00-05:00,57.525,57.56,57.525,57.53,5104
2020-01-24 14:45:00-05:00,57.53,57.535,57.48,57.51,5000
2020-01-24 14:50:00-05:00,57.52,57.56,57.52,57.52,7043
2020-01-24 14:55:00-05:00,57.52,57.57,57.52,57.57,3925
2020-01-24 15:00:00-05:00,57.57,57.59,57.54,57.58,3682
2020-01-24 15:05:00-05:00,57.58,57.605,57.57,57.575,10257
2020-01-24 15:10:00-05:00,57.575,57.6,57.565,57.58,6128
2020-01-24 15:15:00-05:00,57.57,57.62,57.57,57.62,4558
2020-01-24 15:20:00-05:00,57.62,57.65,57.6,57.6,6317
2020-01-24 15:25:00-05:00,57.6,57.61,57.56,57.56,5188
2020-01-24 15:30:00-05:00,57.56,57.56,57.495,57.5,6760
2020-01-24 15:35:00-05:00,57.5,57.56,57.48,57.48,10683
2020-01-24 15:40:00-05:00,57.49,57.53,57.46,57.51,10918
2020-01-24 15:45:00-05:00,57.515,57.57,57.51,57.55,9695
2020-01-24 15:50:00-05:00,57.555,57.62,57.48,57.62,38932
2020-01-24 15:55:00-05:00,57.63,57.69,57.59,57.69,92041
2020-01-27 09:30:00-05:00,57.15,57.63,57.15,57.46,21052
2020-01-27 09:35:00-05:00,57.445,57.5,57.37,57.48,18981
2020-01-27 09:40:00-05:00,57.5,57.53,57.45,57.5,11845
2020-01-27 09:45:00-05:00,57.5,57.62,57.5,57.6,5788
2020-01-27 09:50:00-05:00,57.61,57.61,57.51,57.55,11667
2020-01-27 09:55:00-05:00,57.53,57.57,57.485,57.57,13717
2020-01-27 10:00:00-05:00,57.57,57.58,57.53,57.55,7752
2020-01-27 10:05:00-05:00,57.54,57.62,57.49,57.615,10796
2020-01-27 10:10:00-05:00,57.605,57.66,57.605,57.64,6798
2020-01-27 10:15:00-05:00,57.64,57.655,57.52,57.53,7226
2020-01-27 10:20:00-05:00,57.53,57.55,57.44,57.44,8644
2020-01-27 10:25:00-05:00,57.435,57.57,57.43,57.57,15433
2020-01-27 10:30:00-05:00,57.57,57.62,57.54,57.61,13750
2020-01-27 10:35:00-05:00,57.61,57.63,57.58,57.625,12585
2020-01-27 10:40:00-05:00,57.615,57.635,57.545,57.62,9095
2020-01-27 10:45:00-05:00,57.62,57.7,57.62,57.685,7024
2020-01-27 10:50:00-05:00,57.69,57.71,57.68,57.7,7872
2020-01-27 10:55:00-05:00,57.695,57.75,57.66,57.74,9584
2020-01-27 11:00:00-05:00,57.735,57.785,57.72,57.785,11643
2020-01-27 11:05:00-05:00,57.78,57.83,57.765,57.8,8471
2020-01-27 11:10:00-05:00,57.79,57.795,57.72,57.75,8952
2020-01-27 11:15:00-05:00,57.75,57.81,57.75,57.8,9523
2020-01-27 11:20:00-05:00,57.8,57.85,57.75,57.75,14351
2020-01-27 11:25:00-05:00,57.75,57.78,57.74,57.75,10183
2020-01-27 11:30:00-05:00,57.74,57.77,57.69,57.71,9594
2020-01-27 11:35:00-05:00,57.73,57.79,57.7,57.7,10423
2020-01-27 11:40:00-05:00,57.705,57.75,57.7,57.74,11904
2020-01-27 11:45:00-05:00,57.74,57.74,57.59,57.59,6844
2020-01-27 11:50:00-05:00,57.595,57.66,57.595,57.65,5353
2020-01-27 11:55:00-05:00,57.64,57.66,57.62,57.63,6092
2020-01-27 12:00:00-05:00,57.61,57.61,57.56,57.575,3246
2020-01-27 12:05:00-05:00,57.57,57.59,57.54,57.55,3318
2020-01-27 12:10:00-05:00,57.57,57.585,57.57,57.58,3570
2020-01-27 12:15:00-05:00,57.59,57.61,57.56,57.56,4051
2020-01-27 12:20:00-05:00,57.56,57.58,57.56,57.575,7791
2020-01-27 12:25:00-05:00,57.57,57.58,57.55,57.58,14440
2020-01-27 12:30:00-05:00,57.58,57.585,57.555,57.57,12200
2020-01-27 12:35:00-05:00,57.565,57.62,57.56,57.59,11283
2020-01-27 12:40:00-05:00,57.58,57.6,57.56,57.58,20673
2020-01-27 12:45:00-05:00,57.59,57.65,57.59,57.63,17969
2020-01-27 12:50:00-05:00,57.63,57.66,57.63,57.63,43000
2020-01-27 12:55:00-05:00,57.63,57.66,57.625,57.645,15777
2020-01-27 13:00:00-05:00,57.64,57.685,57.63,57.66,23505
2020-01-27 13:05:00-05:00,57.665,57.68,57.63,57.65,22109
2020-01-27 13:10:00-05:00,57.66,57.69,57.64,57.66,14052
2020-01-27 13:15:00-05:00,57.655,57.69,57.635,57.69,19382
2020-01-27 13:20:00-05:00,57.68,57.73,57.67,57.7,25570
2020-01-27 13:25:00-05:00,57.71,57.73,57.68,57.715,13628
2020-01-27 13:30:00-05:00,57.71,57.71,57.665,57.69,29034
2020-01-27 13:35:00-05:00,57.685,57.735,57.68,57.73,14103
2020-01-27 13:40:00-05:00,57.73,57.77,57.71,57.73,18184
2020-01-27 13:45:00-05:00,57.73,57.78,57.715,57.72,10633
2020-01-27 13:50:00-05:00,57.72,57.74,57.715,57.73,3974
2020-01-27 13:55:00-05:00,57.73,57.76,57.69,57.72,5924
2020-01-27 14:00:00-05:00,57.72,57.73,57.655,57.67,15693
2020-01-27 14:05:00-05:00,57.645,57.69,57.645,57.69,25342
2020-01-27 14:10:00-05:00,57.685,57.71,57.67,57.69,10517
2020-01-27 14:15:00-05:00,57.7,57.71,57.68,57.685,6165
2020-01-27 14:20:00-05:00,57.685,57.685,57.65,57.685,21655
2020-01-27 14:25:00-05:00,57.675,57.705,57.675,57.705,5284
2020-01-27 14:30:00-05:00,57.705,57.72,57.675,57.69,7100
2020-01-27 14:35:00-05:00,57.69,57.72,57.68,57.71,17226
2020-01-27 14:40:00-05:00,57.71,57.73,57.68,57.73,9968
2020-01-27 14:45:00-05:00,57.73,57.74,57.68,57.7,22359
2020-01-27 14:50:00-05:00,57.69,57.705,57.65,57.69,8087
2020-01-27 14:55:00-05:00,57.69,57.73,57.665,57.69,11195
2020-01-27 15:00:00-05:00,57.69,57.72,57.685,57.69,9794
2020-01-27 15:05:00-05:00,57.69,57.725,57.69,57.7,9242
2020-01-27 15:10:00-05:00,57.69,57.7,57.635,57.635,8419
2020-01-27 15:15:00-05:00,57.64,57.725,57.64,57.725,9771
2020-01-27 15:20:00-05:00,57.72,57.745,57.71,57.72,10365
2020-01-27 15:25:00-05:00,57.725,57.735,57.645,57.65,8613
2020-01-27 15:30:00-05:00,57.64,57.65,57.54,57.55,26687
2020-01-27 15:35:00-05:00,57.52,57.55,57.485,57.52,24155
2020-01-27 15:40:00-05:00,57.52,57.55,57.5,57.54,17451
2020-01-27 15:45:00-05:00,57.535,57.55,57.475,57.475,15132
2020-01-27 15:50:00-05:00,57.475,57.49,57.44,57.45,28483
2020-01-27 15:55:00-05:00,57.44,57.5,57.425,57.45,57299
2020-01-28 09:30:00-05:00,57.47,57.72,57.46,57.71,16536
2020-01-28 09:35:00-05:00,57.69,57.75,57.66,57.67,5037
2020-01-28 09:40:00-05:00,57.67,57.71,57.62,57.67,7731
2020-01-28 09:45:00-05:00,57.665,57.69,57.59,57.605,6264
2020-01-28 09:50:00-05:00,57.625,57.635,57.58,57.58,11578
2020-01-28 09:55:00-05:00,57.59,57.595,57.54,57.58,5618
2020-01-28 10:00:00-05:00,57.59,57.6,57.51,57.51,6392
2020-01-28 10:05:00-05:00,57.495,57.57,57.495,57.565,8467
2020-01-28 10:10:00-05:00,57.57,57.585,57.51,57.545,7792
2020-01-28 10:15:00-05:00,57.55,57.57,57.51,57.53,8167
2020-01-28 10:20:00-05:00,57.52,57.535,57.455,57.48,8289
2020-01-28 10:25:00-05:00,57.48,57.52,57.455,57.465,10592
2020-01-28 10:30:00-05:00,57.475,57.49,57.44,57.475,6994
2020-01-28 10:35:00-05:00,57.49,57.535,57.46,57.46,7062
2020-01-28 10:40:00-05:00,57.47,57.5,57.45,57.495,8589
2020-01-28 10:45:00-05:00,57.505,57.52,57.47,57.475,8878
2020-01-28 10:50:00-05:00,57.48,57.55,57.43,57.545,12770
2020-01-28 10:55:00-05:00,57.545,57.56,57.46,57.46,8165
2020-01-28 11:00:00-05:00,57.47,57.47,57.41,57.42,8265
2020-01-28 11:05:00-05:00,57.425,57.485,57.425,57.435,7118
2020-01-28 11:10:00-05:00,57.43,57.43,57.36,57.375,8421
2020-01-28 11:15:00-05:00,57.37,57.39,57.335,57.34,8469
2020-01-28 11:20:00-05:00,57.355,57.44,57.355,57.435,8476
2020-01-28 11:25:00-05:00,57.43,57.44,57.385,57.425,8681
2020-01-28 11:30:00-05:00,57.425,57.44,57.385,57.395,6031
2020-01-28 11:35:00-05:00,57.39,57.39,57.345,57.35,5829
2020-01-28 11:40:00-05:00,57.35,57.36,57.3,57.3,5233
2020-01-28 11:45:00-05:00,57.295,57.3,57.23,57.26,15042
2020-01-28 11:50:00-05:00,57.27,57.28,57.25,57.27,10787
2020-01-28 11:55:00-05:00,57.27,57.28,57.25,57.265,13909
2020-01-28 12:00:00-05:00,57.27,57.31,57.23,57.235,8827
2020-01-28 12:05:00-05:00,57.23,57.24,57.17,57.175,10199
2020-01-28 12:10:00-05:00,57.175,57.19,57.13,57.185,11027
2020-01-28 12:15:00-05:00,57.185,57.23,57.185,57.2,7988
2020-01-28 12:20:00-05:00,57.21,57.25,57.18,57.25,11213
2020-01-28 12:25:00-05:00,57.245,57.25,57.17,57.17,8129
2020-01-28 12:30:00-05:00,57.18,57.22,57.175,57.185,12653
2020-01-28 12:35:00-05:00,57.185,57.22,57.17,57.17,12164
2020-01-28 12:40:00-05:00,57.175,57.18,57.14,57.14,10903
2020-01-28 12:45:00-05:00,57.14,57.15,57.1,57.14,7378
2020-01-28 12:50:00-05:00,57.135,57.15,57.085,57.09,6717
2020-01-28 12:55:00-05:00,57.085,57.09,57.05,57.06,10264
2020-01-28 13:00:00-05:00,57.06,57.08,57.015,57.015,8937
2020-01-28 13:05:00-05:00,57.01,57.03,56.99,57.025,11772
2020-01-28 13:10:00-05:00,57.03,57.06,57.02,57.025,9368
2020-01-28 13:15:00-05:00,57.02,57.08,57.02,57.06,15853
2020-01-28 13:20:00-05:00,57.05,57.08,57.04,57.06,11825
2020-01-28 13:25:00-05:00,57.06,57.06,57.01,57.015,7033
2020-01-28 13:30:00-05:00,57.01,57.03,56.97,56.995,34126
2020-01-28 13:35:00-05:00,57.01,57.02,56.99,56.99,7916
2020-01-28 13:40:00-05:00,56.99,57.0,56.97,57.0,9731
2020-01-28 13:45:00-05:00,57.005,57.05,57.005,57.04,157912
2020-01-28 13:50:00-05:00,57.04,57.07,57.04,57.07,12878
2020-01-28 13:55:00-05:00,57.075,57.08,57.045,57.055,9116
2020-01-28 14:00:00-05:00,57.06,57.09,57.05,57.08,10075
2020-01-28 14:05:00-05:00,57.08,57.085,57.05,57.065,9371
2020-01-28 14:10:00-05:00,57.07,57.13,57.06,57.12,10841
2020-01-28 14:15:00-05:00,57.13,57.15,57.11,57.125,9588
2020-01-28 14:20:00-05:00,57.125,57.185,57.125,57.185,9302
2020-01-28 14:25:00-05:00,57.185,57.2,57.17,57.2,11018
2020-01-28 14:30:00-05:00,57.18,57.2,57.18,57.195,6187
2020-01-28 14:35:00-05:00,57.195,57.29,57.195,57.28,6768
2020-01-28 14:40:00-05:00,57.28,57.31,57.28,57.29,13058
2020-01-28 14:45:00-05:00,57.28,57.285,57.24,57.275,9945
2020-01-28 14:50:00-05:00,57.28,57.295,57.22,57.23,12186
2020-01-28 14:55:00-05:00,57.24,57.29,57.235,57.25,9721
2020-01-28 15:00:00-05:00,57.25,57.28,57.24,57.245,13041
2020-01-28 15:05:00-05:00,57.24,57.28,57.22,57.265,10315
2020-01-28 15:10:00-05:00,57.28,57.3,57.27,57.28,23447
2020-01-28 15:15:00-05:00,57.28,57.28,57.19,57.21,20271
2020-01-28 15:20:00-05:00,57.2,57.21,57.17,57.205,25527
2020-01-28 15:25:00-05:00,57.22,57.22,57.16,57.19,16000
2020-01-28 15:30:00-05:00,57.2,57.2,57.14,57.19,17477
2020-01-28 15:35:00-05:00,57.195,57.21,57.14,57.14,11563
2020-01-28 15:40:00-05:00,57.14,57.15,57.09,57.09,24688
2020-01-28 15:45:00-05:00,57.1,57.14,57.09,57.11,39328
2020-01-28 15:50:00-05:00,57.1,57.12,57.06,57.07,37859
2020-01-28 15:55:00-05:00,57.08,57.155,57.01,57.02,97415
2020-01-29 09:30:00-05:00,57.01,57.01,56.9,56.955,10962
2020-01-29 09:35:00-05:00,56.95,56.97,56.775,56.775,5541
2020-01-29 09:40:00-05:00,56.83,56.84,56.775,56.775,1152
2020-01-29 09:45:00-05:00,56.77,56.8,56.74,56.76,10808
2020-01-29 09:50:00-05:00,56.78,56.8,56.67,56.7,17279
2020-01-29 09:55:00-05:00,56.7,56.76,56.685,56.76,5561
2020-01-29 10:00:00-05:00,56.725,56.8,56.72,56.77,7995
2020-01-29 10:05:00-05:00,56.78,56.81,56.745,56.8,11337
2020-01-29 10:10:00-05:00,56.81,56.82,56.73,56.735,7151
2020-01-29 10:15:00-05:00,56.74,56.86,56.74,56.81,8067
2020-01-29 10:20:00-05:00,56.8,56.9,56.79,56.87,6804
2020-01-29 10:25:00-05:00,56.86,56.955,56.85,56.93,6137
2020-01-29 10:30:00-05:00,56.92,56.96,56.87,56.94,6317
2020-01-29 10:35:00-05:00,56.945,56.98,56.94,56.96,7877
2020-01-29 10:40:00-05:00,56.95,56.98,56.93,56.94,4383
2020-01-29 10:45:00-05:00,56.95,57.055,56.94,57.05,9162
2020-01-29 10:50:00-05:00,57.055,57.165,57.05,57.15,6508
2020-01-29 10:55:00-05:00,57.165,57.2,57.125,57.14,43447
2020-01-29 11:00:00-05:00,57.13,57.13,57.045,57.055,6818
2020-01-29 11:05:00-05:00,57.07,57.07,57.04,57.07,6412
2020-01-29 11:10:00-05:00,57.07,57.1,57.04,57.09,6036
2020-01-29 11:15:00-05:00,57.11,57.16,57.09,57.15,9929
2020-01-29 11:20:00-05:00,57.15,57.15,57.1,57.13,10788
2020-01-29 11:25:00-05:00,57.13,57.17,57.13,57.15,7363
2020-01-29 11:30:00-05:00,57.15,57.15,57.08,57.1,3511
2020-01-29 11:35:00-05:00,57.105,57.12,57.09,57.1,4261
2020-01-29 11:40:00-05:00,57.1,57.105,57.08,57.095,4432
2020-01-29 11:45:00-05:00,57.1,57.115,57.09,57.11,7425
2020-01-29 11:50:00-05:00,57.09,57.12,57.09,57.11,4208
2020-01-29 11:55:00-05:00,57.12,57.14,57.11,57.13,4963
2020-01-29 12:00:00-05:00,57.12,57.15,57.12,57.12,4155
2020-01-29 12:05:00-05:00,57.13,57.13,57.09,57.09,3924
2020-01-29 12:10:00-05:00,57.095,57.1,57.08,57.09,3003
2020-01-29 12:15:00-05:00,57.09,57.11,57.065,57.07,5159
2020-01-29 12:20:00-05:00,57.065,57.13,57.05,57.12,5309
2020-01-29 12:25:00-05:00,57.12,57.16,57.12,57.15,45897
2020-01-29 12:30:00-05:00,57.16,57.17,57.14,57.15,4226
2020-01-29 12:35:00-05:00,57.16,57.165,57.11,57.13,6370
2020-01-29 12:40:00-05:00,57.12,57.12,57.1,57.12,2238
2020-01-29 12:45:00-05:00,57.125,57.13,57.12,57.12,2319
2020-01-29 12:50:00-05:00,57.13,57.155,57.13,57.14,6514
2020-01-29 12:55:00-05:00,57.13,57.14,57.12,57.14,3454
2020-01-29 13:00:00-05:00,57.135,57.17,57.135,57.17,5486
2020-01-29 13:05:00-05:00,57.17,57.2,57.16,57.19,4587
2020-01-29 13:10:00-05:00,57.195,57.23,57.19,57.23,9938
2020-01-29 13:15:00-05:00,57.22,57.25,57.21,57.25,3603
2020-01-29 13:20:00-05:00,57.25,57.255,57.24,57.25,2747
2020-01-29 13:25:00-05:00,57.24,57.25,57.19,57.2,7371
2020-01-29 13:30:00-05:00,57.205,57.205,57.17,57.175,9326
2020-01-29 13:35:00-05:00,57.17,57.18,57.14,57.15,4549
2020-01-29 13:40:00-05:00,57.14,57.175,57.12,57.175,3020
2020-01-29 13:45:00-05:00,57.18,57.21,57.18,57.21,2905
2020-01-29 13:50:00-05:00,57.2,57.23,57.17,57.17,6760
2020-01-29 13:55:00-05:00,57.16,57.17,57.07,57.07,5447
2020-01-29 14:00:00-05:00,57.08,57.135,57.03,57.135,5204
2020-01-29 14:05:00-05:00,57.11,57.16,57.105,57.14,5056
2020-01-29 14:10:00-05:00,57.15,57.15,57.12,57.12,5614
2020-01-29 14:15:00-05:00,57.13,57.15,57.13,57.14,3588
2020-01-29 14:20:00-05:00,57.16,57.16,57.12,57.13,2885
2020-01-29 14:25:00-05:00,57.135,57.17,57.135,57.17,3374
2020-01-29 14:30:00-05:00,57.17,57.18,57.15,57.15,11241
2020-01-29 14:35:00-05:00,57.14,57.16,57.13,57.13,7433
2020-01-29 14:40:00-05:00,57.12,57.14,57.08,57.1,8486
2020-01-29 14:45:00-05:00,57.115,57.14,57.1,57.14,6481
2020-01-29 14:50:00-05:00,57.135,57.16,57.05,57.05,10482
2020-01-29 14:55:00-05:00,57.05,57.05,57.025,57.025,9299
2020-01-29 15:00:00-05:00,57.04,57.04,56.93,56.96,15611
2020-01-29 15:05:00-05:00,56.965,57.04,56.965,57.03,11044
2020-01-29 15:10:00-05:00,57.04,57.05,56.955,56.97,8644
2020-01-29 15:15:00-05:00,56.96,57.025,56.945,57.02,9208
2020-01-29 15:20:00-05:00,57.02,57.04,56.97,57.02,10707
2020-01-29 15:25:00-05:00,57.02,57.08,57.02,57.07,5787
2020-01-29 15:30:00-05:00,57.07,57.11,57.06,57.08,7628
2020-01-29 15:35:00-05:00,57.07,57.08,57.05,57.07,15676
2020-01-29 15:40:00-05:00,57.06,57.06,56.99,57.015,14468
2020-01-29 15:45:00-05:00,57.02,57.07,56.995,57.04,18503
2020-01-29 15:50:00-05:00,57.035,57.06,57.01,57.04,37732
2020-01-29 15:55:00-05:00,57.05,57.105,56.99,57.04,68845
2020-01-30 09:30:00-05:00,57.89,58.365,57.89,58.315,32905
2020-01-30 09:35:00-05:00,58.36,58.62,58.36,58.515,42367
2020-01-30 09:40:00-05:00,58.52,58.63,58.02,58.08,22206
2020-01-30 09:45:00-05:00,58.09,58.2,57.97,58.05,14330
2020-01-30 09:50:00-05:00,57.99,57.99,57.77,57.91,24120
2020-01-30 09:55:00-05:00,57.88,57.97,57.81,57.93,18786
2020-01-30 10:00:00-05:00,58.0,58.1,57.98,58.005,15443
2020-01-30 10:05:00-05:00,58.08,58.27,58.08,58.27,13824
2020-01-30 10:10:00-05:00,58.26,58.38,58.26,58.335,14256
2020-01-30 10:15:00-05:00,58.34,58.395,58.27,58.3,11286
2020-01-30 10:20:00-05:00,58.29,58.4,58.28,58.35,13371
2020-01-30 10:25:00-05:00,58.375,58.515,58.375,58.49,11859
2020-01-30 10:30:00-05:00,58.49,58.58,58.465,58.565,13108
2020-01-30 10:35:00-05:00,58.55,58.55,58.4,58.4,16392
2020-01-30 10:40:00-05:00,58.43,58.47,58.34,58.42,23035
2020-01-30 10:45:00-05:00,58.42,58.59,58.41,58.58,31504
2020-01-30 10:50:00-05:00,58.57,58.605,58.49,58.54,26846
2020-01-30 10:55:00-05:00,58.535,58.7,58.515,58.61,24609
2020-01-30 11:00:00-05:00,58.58,58.6,58.47,58.6,8574
2020-01-30 11:05:00-05:00,58.6,58.69,58.59,58.64,12021
2020-01-30 11:10:00-05:00,58.64,58.675,58.57,58.665,9979
2020-01-30 11:15:00-05:00,58.68,58.7,58.65,58.695,21080
2020-01-30 11:20:00-05:00,58.71,58.76,58.695,58.73,15056
2020-01-30 11:25:00-05:00,58.695,58.695,58.635,58.64,8880
2020-01-30 11:30:00-05:00,58.65,58.775,58.65,58.76,107181
2020-01-30 11:35:00-05:00,58.755,58.84,58.75,58.835,4884
2020-01-30 11:40:00-05:00,58.835,58.94,58.83,58.935,14977
2020-01-30 11:45:00-05:00,58.955,58.975,58.83,58.975,8765
2020-01-30 11:50:00-05:00,58.975,58.975,58.875,58.91,8722
2020-01-30 11:55:00-05:00,58.92,58.93,58.84,58.845,113789
2020-01-30 12:00:00-05:00,58.84,58.89,58.82,58.855,5475
2020-01-30 12:05:00-05:00,58.86,58.885,58.8,58.8,6065
2020-01-30 12:10:00-05:00,58.8,58.81,58.66,58.68,13165
2020-01-30 12:15:00-05:00,58.69,58.69,58.64,58.64,3438
2020-01-30 12:20:00-05:00,58.65,58.705,58.605,58.675,8710
2020-01-30 12:25:00-05:00,58.665,58.755,58.66,58.71,9751
2020-01-30 12:30:00-05:00,58.71,58.74,58.69,58.725,15412
2020-01-30 12:35:00-05:00,58.72,58.74,58.69,58.71,18492
2020-01-30 12:40:00-05:00,58.7,58.725,58.58,58.59,7328
2020-01-30 12:45:00-05:00,58.63,58.63,58.59,58.62,5650
2020-01-30 12:50:00-05:00,58.63,58.65,58.6,58.615,5108
2020-01-30 12:55:00-05:00,58.615,58.645,58.57,58.58,4013
2020-01-30 13:00:00-05:00,58.585,58.595,58.535,58.59,12328
2020-01-30 13:05:00-05:00,58.585,58.61,58.58,58.605,5895
2020-01-30 13:10:00-05:00,58.6,58.66,58.6,58.655,3268
2020-01-30 13:15:00-05:00,58.67,58.675,58.605,58.61,7516
2020-01-30 13:20:00-05:00,58.6,58.64,58.59,58.64,6970
2020-01-30 13:25:00-05:00,58.64,58.685,58.63,58.63,7559
2020-01-30 13:30:00-05:00,58.62,58.76,58.615,58.735,14286
2020-01-30 13:35:00-05:00,58.72,58.75,58.7,58.75,5458
2020-01-30 13:40:00-05:00,58.75,58.75,58.67,58.73,11347
2020-01-30 13:45:00-05:00,58.72,58.77,58.72,58.75,9873
2020-01-30 13:50:00-05:00,58.74,58.74,58.71,58.72,5725
2020-01-30 13:55:00-05:00,58.72,58.72,58.66,58.67,10793
2020-01-30 14:00:00-05:00,58.67,58.68,58.56,58.595,18950
2020-01-30 14:05:00-05:00,58.6,58.615,58.59,58.61,6973
2020-01-30 14:10:00-05:00,58.62,58.74,58.62,58.73,17884
2020-01-30 14:15:00-05:00,58.745,58.75,58.69,58.745,9297
2020-01-30 14:20:00-05:00,58.74,58.74,58.64,58.65,8755
2020-01-30 14:25:00-05:00,58.645,58.67,58.605,58.605,5620
2020-01-30 14:30:00-05:00,58.59,58.59,58.53,58.545,7928
2020-01-30 14:35:00-05:00,58.55,58.63,58.51,58.62,9106
2020-01-30 14:40:00-05:00,58.63,58.745,58.625,58.71,17721
2020-01-30 14:45:00-05:00,58.7,58.78,58.655,58.76,15677
2020-01-30 14:50:00-05:00,58.77,58.78,58.715,58.75,9224
2020-01-30 14:55:00-05:00,58.73,58.83,58.73,58.79,19062
2020-01-30 15:00:00-05:00,58.8,58.885,58.75,58.885,12577
2020-01-30 15:05:00-05:00,58.885,58.89,58.71,58.71,7398
2020-01-30 15:10:00-05:00,58.71,58.73,58.63,58.66,7655
2020-01-30 15:15:00-05:00,58.67,58.67,58.615,58.655,18617
2020-01-30 15:20:00-05:00,58.64,58.715,58.625,58.71,15211
2020-01-30 15:25:00-05:00,58.71,58.71,58.62,58.65,8409
2020-01-30 15:30:00-05:00,58.63,58.66,58.61,58.65,25324
2020-01-30 15:35:00-05:00,58.65,58.675,58.595,58.655,26776
2020-01-30 15:40:00-05:00,58.65,58.74,58.64,58.71,35051
2020-01-30 15:45:00-05:00,58.71,58.74,58.66,58.74,48876
2020-01-30 15:50:00-05:00,58.76,58.83,58.74,58.78,76295
2020-01-30 15:55:00-05:00,58.785,58.95,58.78,58.88,119538
2020-01-31 09:30:00-05:00,58.94,59.07,58.76,58.82,33314
2020-01-31 09:35:00-05:00,58.8,58.895,58.7,58.775,18331
2020-01-31 09:40:00-05:00,58.79,58.9,58.755,58.81,32422
2020-01-31 09:45:00-05:00,58.815,58.815,58.65,58.67,18499
2020-01-31 09:50:00-05:00,58.68,58.74,58.645,58.68,16895
2020-01-31 09:55:00-05:00,58.695,58.855,58.675,58.815,9353
2020-01-31 10:00:00-05:00,58.81,58.82,58.75,58.775,28184
2020-01-31 10:05:00-05:00,58.77,58.89,58.75,58.87,13272
2020-01-31 10:10:00-05:00,58.865,58.95,58.86,58.95,10695
2020-01-31 10:15:00-05:00,58.97,59.02,58.92,59.02,8202
2020-01-31 10:20:00-05:00,59.0,59.045,58.965,58.985,18869
2020-01-31 10:25:00-05:00,58.965,58.995,58.935,58.94,7981
2020-01-31 10:30:00-05:00,58.92,58.94,58.865,58.875,10965
2020-01-31 10:35:00-05:00,58.865,58.93,58.85,58.9,14345
2020-01-31 10:40:00-05:00,58.93,58.95,58.89,58.92,14256
2020-01-31 10:45:00-05:00,58.915,58.915,58.82,58.885,13320
2020-01-31 10:50:00-05:00,58.865,58.88,58.81,58.875,7203
2020-01-31 10:55:00-05:00,58.885,58.915,58.86,58.87,6242
2020-01-31 11:00:00-05:00,58.86,58.89,58.81,58.81,9012
2020-01-31 11:05:00-05:00,58.8,58.86,58.8,58.82,11376
2020-01-31 11:10:00-05:00,58.82,58.86,58.79,58.795,11113
2020-01-31 11:15:00-05:00,58.795,58.87,58.76,58.86,19543
2020-01-31 11:20:00-05:00,58.86,58.905,58.83,58.855,12004
2020-01-31 11:25:00-05:00,58.85,58.865,58.78,58.79,7528
2020-01-31 11:30:00-05:00,58.8,58.83,58.78,58.79,13748
2020-01-31 11:35:00-05:00,58.78,58.83,58.715,58.73,6243
2020-01-31 11:40:00-05:00,58.745,58.78,58.7,58.705,11610
2020-01-31 11:45:00-05:00,58.72,58.78,58.72,58.755,22095
2020-01-31 11:50:00-05:00,58.74,58.765,58.695,58.76,7413
2020-01-31 11:55:00-05:00,58.76,58.78,58.73,58.745,9951
2020-01-31 12:00:00-05:00,58.755,58.755,58.7,58.735,5867
2020-01-31 12:05:00-05:00,58.74,58.74,58.67,58.67,7942
2020-01-31 12:10:00-05:00,58.71,58.71,58.64,58.64,11305
2020-01-31 12:15:00-05:00,58.64,58.655,58.59,58.62,12134
2020-01-31 12:20:00-05:00,58.63,58.65,58.6,58.615,11192
2020-01-31 12:25:00-05:00,58.6,58.61,58.565,58.57,5085
2020-01-31 12:30:00-05:00,58.56,58.585,58.53,58.53,9844
2020-01-31 12:35:00-05:00,58.53,58.53,58.42,58.45,9844
2020-01-31 12:40:00-05:00,58.45,58.54,58.435,58.54,6533
2020-01-31 12:45:00-05:00,58.53,58.53,58.505,58.52,8923
2020-01-31 12:50:00-05:00,58.51,58.51,58.41,58.445,11874
2020-01-31 12:55:00-05:00,58.46,58.52,58.46,58.465,8756
2020-01-31 13:00:00-05:00,58.47,58.53,58.46,58.48,11066
2020-01-31 13:05:00-05:00,58.48,58.48,58.405,58.42,13082
2020-01-31 13:10:00-05:00,58.425,58.425,58.37,58.4,6189
2020-01-31 13:15:00-05:00,58.395,58.405,58.305,58.305,10183
2020-01-31 13:20:00-05:00,58.3,58.36,58.28,58.35,4015
2020-01-31 13:25:00-05:00,58.34,58.35,58.3,58.31,5268
2020-01-31 13:30:00-05:00,58.31,58.31,58.215,58.24,24802
2020-01-31 13:35:00-05:00,58.23,58.24,58.21,58.21,6716
2020-01-31 13:40:00-05:00,58.22,58.25,58.18,58.21,15176
2020-01-31 13:45:00-05:00,58.21,58.25,58.18,58.25,8342
2020-01-31 13:50:00-05:00,58.25,58.3,58.21,58.275,14431
2020-01-31 13:55:00-05:00,58.28,58.32,58.275,58.32,10688
2020-01-31 14:00:00-05:00,58.33,58.41,58.33,58.41,10055
2020-01-31 14:05:00-05:00,58.4,58.425,58.385,58.4,12942
2020-01-31 14:10:00-05:00,58.4,58.41,58.35,58.35,13586
2020-01-31 14:15:00-05:00,58.37,58.41,58.35,58.41,6135
2020-01-31 14:20:00-05:00,58.405,58.405,58.3,58.305,26399
2020-01-31 14:25:00-05:00,58.32,58.38,58.3,58.375,9353
2020-01-31 14:30:00-05:00,58.37,58.47,58.35,58.45,14687
2020-01-31 14:35:00-05:00,58.45,58.5,58.45,58.47,9674
2020-01-31 14:40:00-05:00,58.48,58.49,58.4,58.415,12315
2020-01-31 14:45:00-05:00,58.41,58.43,58.365,58.38,11363
2020-01-31 14:50:00-05:00,58.38,58.385,58.345,58.36,8443
2020-01-31 14:55:00-05:00,58.355,58.39,58.35,58.385,11074
2020-01-31 15:00:00-05:00,58.4,58.455,58.395,58.44,16920
2020-01-31 15:05:00-05:00,58.44,58.45,58.365,58.37,18274
2020-01-31 15:10:00-05:00,58.36,58.38,58.31,58.31,11679
2020-01-31 15:15:00-05:00,58.32,58.36,58.295,58.32,9058
2020-01-31 15:20:00-05:00,58.34,58.34,58.285,58.32,12099
2020-01-31 15:25:00-05:00,58.32,58.32,58.25,58.25,9166
2020-01-31 15:30:00-05:00,58.25,58.28,58.22,58.26,9489
2020-01-31 15:35:00-05:00,58.25,58.25,58.17,58.18,13515
2020-01-31 15:40:00-05:00,58.18,58.28,58.15,58.27,19190
2020-01-31 15:45:00-05:00,58.28,58.33,58.245,58.29,26922
2020-01-31 15:50:00-05:00,58.29,58.38,58.27,58.38,33619
2020-01-31 15:55:00-05:00,58.375,58.43,58.33,58.39,163938
2020-02-03 09:30:00-05:00,58.76,58.93,58.58,58.59,16520
2020-02-03 09:35:00-05:00,58.58,58.65,58.54,58.64,21424
2020-02-03 09:40:00-05:00,58.65,58.65,58.59,58.625,23887
2020-02-03 09:45:00-05:00,58.64,58.79,58.64,58.775,6562
2020-02-03 09:50:00-05:00,58.76,58.78,58.62,58.62,9000
2020-02-03 09:55:00-05:00,58.63,58.725,58.62,58.69,7267
2020-02-03 10:00:00-05:00,58.69,58.75,58.58,58.585,11145
2020-02-03 10:05:00-05:00,58.58,58.62,58.53,58.595,12804
2020-02-03 10:10:00-05:00,58.61,58.685,58.6,58.67,5027
2020-02-03 10:15:00-05:00,58.68,58.725,58.635,58.72,4546
2020-02-03 10:20:00-05:00,58.73,58.785,58.73,58.75,8168
2020-02-03 10:25:00-05:00,58.76,58.775,58.72,58.725,8173
2020-02-03 10:30:00-05:00,58.73,58.73,58.65,58.65,4597
2020-02-03 10:35:00-05:00,58.66,58.66,58.59,58.59,3185
2020-02-03 10:40:00-05:00,58.61,58.67,58.605,58.64,5548
2020-02-03 10:45:00-05:00,58.64,58.64,58.59,58.615,5733
2020-02-03 10:50:00-05:00,58.64,58.7,58.64,58.69,8792
2020-02-03 10:55:00-05:00,58.7,58.71,58.68,58.685,8760
2020-02-03 11:00:00-05:00,58.67,58.73,58.67,58.73,7777
2020-02-03 11:05:00-05:00,58.74,58.8,58.74,58.78,5446
2020-02-03 11:10:00-05:00,58.78,58.79,58.72,58.725,7942
2020-02-03 11:15:00-05:00,58.73,58.73,58.63,58.69,6029
2020-02-03 11:20:00-05:00,58.72,58.73,58.65,58.7,7707
2020-02-03 11:25:00-05:00,58.7,58.74,58.68,58.68,2465
2020-02-03 11:30:00-05:00,58.67,58.72,58.655,58.71,4468
2020-02-03 11:35:00-05:00,58.71,58.72,58.7,58.71,4771
2020-02-03 11:40:00-05:00,58.7,58.715,58.66,58.68,7509
2020-02-03 11:45:00-05:00,58.67,58.69,58.65,58.685,5975
2020-02-03 11:50:00-05:00,58.68,58.72,58.66,58.72,6080
2020-02-03 11:55:00-05:00,58.7,58.735,58.7,58.73,2107
2020-02-03 12:00:00-05:00,58.73,58.735,58.7,58.73,3970
2020-02-03 12:05:00-05:00,58.72,58.785,58.72,58.77,6441
2020-02-03 12:10:00-05:00,58.77,58.77,58.74,58.765,3631
2020-02-03 12:15:00-05:00,58.79,58.84,58.77,58.84,4882
2020-02-03 12:20:00-05:00,58.84,58.92,58.84,58.92,5276
2020-02-03 12:25:00-05:00,58.91,58.97,58.91,58.96,10913
2020-02-03 12:30:00-05:00,58.97,58.97,58.895,58.895,4653
2020-02-03 12:35:00-05:00,58.9,58.9,58.87,58.88,2621
2020-02-03 12:40:00-05:00,58.875,58.89,58.84,58.84,4501
2020-02-03 12:45:00-05:00,58.87,58.91,58.86,58.905,2140
2020-02-03 12:50:00-05:00,58.9,58.9,58.875,58.89,35762
2020-02-03 12:55:00-05:00,58.88,58.91,58.88,58.895,4040
2020-02-03 13:00:00-05:00,58.895,58.905,58.87,58.9,9343
2020-02-03 13:05:00-05:00,58.9,58.9,58.87,58.87,2491
2020-02-03 13:10:00-05:00,58.87,58.875,58.81,58.82,6461
2020-02-03 13:15:00-05:00,58.81,58.845,58.805,58.84,5509
2020-02-03 13:20:00-05:00,58.82,58.87,58.82,58.86,8492
2020-02-03 13:25:00-05:00,58.86,58.865,58.795,58.795,4976
2020-02-03 13:30:00-05:00,58.8,58.83,58.77,58.83,14148
2020-02-03 13:35:00-05:00,58.83,58.84,58.815,58.84,3592
2020-02-03 13:40:00-05:00,58.85,58.88,58.83,58.85,20919
2020-02-03 13:45:00-05:00,58.86,58.86,58.84,58.85,9443
2020-02-03 13:50:00-05:00,58.84,58.84,58.79,58.805,3705
2020-02-03 13:55:00-05:00,58.83,58.85,58.825,58.83,3809
2020-02-03 14:00:00-05:00,58.82,58.82,58.745,58.745,6986
2020-02-03 14:05:00-05:00,58.74,58.74,58.705,58.71,4449
2020-02-03 14:10:00-05:00,58.71,58.71,58.68,58.7,7921
2020-02-03 14:15:00-05:00,58.71,58.74,58.71,58.74,8036
2020-02-03 14:20:00-05:00,58.74,58.75,58.715,58.715,5682
2020-02-03 14:25:00-05:00,58.72,58.75,58.715,58.715,4049
2020-02-03 14:30:00-05:00,58.71,58.76,58.68,58.685,6841
2020-02-03 14:35:00-05:00,58.68,58.73,58.68,58.72,14903
2020-02-03 14:40:00-05:00,58.715,58.77,58.71,58.75,8410
2020-02-03 14:45:00-05:00,58.74,58.785,58.74,58.78,5775
2020-02-03 14:50:00-05:00,58.78,58.78,58.73,58.76,8850
2020-02-03 14:55:00-05:00,58.76,58.77,58.71,58.72,4826
2020-02-03 15:00:00-05:00,58.715,58.765,58.715,58.76,8853
2020-02-03 15:05:00-05:00,58.76,58.77,58.75,58.76,9296
2020-02-03 15:10:00-05:00,58.76,58.76,58.73,58.75,8099
2020-02-03 15:15:00-05:00,58.75,58.79,58.715,58.78,16950
2020-02-03 15:20:00-05:00,58.79,58.82,58.76,58.81,36901
2020-02-03 15:25:00-05:00,58.81,58.86,58.8,58.86,31284
2020-02-03 15:30:00-05:00,58.855,58.87,58.82,58.85,26145
2020-02-03 15:35:00-05:00,58.85,58.85,58.795,58.8,10942
2020-02-03 15:40:00-05:00,58.8,58.83,58.78,58.79,14203
2020-02-03 15:45:00-05:00,58.79,58.8,58.73,58.73,18623
2020-02-03 15:50:00-05:00,58.73,58.755,58.64,58.66,33933
2020-02-03 15:55:00-05:00,58.65,58.67,58.56,58.57,55610
2020-02-04 09:30:00-05:00,58.76,59.06,58.64,58.76,30348
2020-02-04 09:35:00-05:00,58.73,58.92,58.72,58.855,28181
2020-02-04 09:40:00-05:00,58.86,58.93,58.8,58.8,17696
2020-02-04 09:45:00-05:00,58.8,58.965,58.795,58.96,17800
2020-02-04 09:50:00-05:00,58.96,59.17,58.96,59.15,19808
2020-02-04 09:55:00-05:00,59.14,59.19,59.08,59.085,18743
2020-02-04 10:00:00-05:00,59.09,59.105,59.01,59.1,21994
2020-02-04 10:05:00-05:00,59.105,59.17,59.09,59.09,17134
2020-02-04 10:10:00-05:00,59.1,59.11,59.05,59.05,24521
2020-02-04 10:15:00-05:00,59.07,59.075,58.995,59.01,13191
2020-02-04 10:20:00-05:00,59.015,59.055,58.98,59.05,16665
2020-02-04 10:25:00-05:00,59.04,59.17,59.04,59.17,13201
2020-02-04 10:30:00-05:00,59.165,59.2,59.15,59.2,13465
2020-02-04 10:35:00-05:00,59.21,59.22,59.17,59.195,8185
2020-02-04 10:40:00-05:00,59.2,59.215,59.17,59.21,6734
2020-02-04 10:45:00-05:00,59.22,59.23,59.06,59.1,10106
2020-02-04 10:50:00-05:00,59.08,59.14,59.07,59.09,7230
2020-02-04 10:55:00-05:00,59.095,59.1,59.015,59.05,6610
2020-02-04 11:00:00-05:00,59.06,59.11,59.06,59.095,3096
2020-02-04 11:05:00-05:00,59.1,59.16,59.08,59.16,7733
2020-02-04 11:10:00-05:00,59.15,59.21,59.15,59.19,7728
2020-02-04 11:15:00-05:00,59.19,59.22,59.17,59.22,5926
2020-02-04 11:20:00-05:00,59.22,59.24,59.17,59.24,10066
2020-02-04 11:25:00-05:00,59.24,59.29,59.23,59.265,9578
2020-02-04 11:30:00-05:00,59.27,59.31,59.24,59.3,7424
2020-02-04 11:35:00-05:00,59.31,59.31,59.24,59.26,6312
2020-02-04 11:40:00-05:00,59.27,59.34,59.225,59.34,8236
2020-02-04 11:45:00-05:00,59.345,59.4,59.335,59.345,15104
2020-02-04 11:50:00-05:00,59.34,59.34,59.285,59.29,8800
2020-02-04 11:55:00-05:00,59.285,59.31,59.245,59.26,7159
2020-02-04 12:00:00-05:00,59.27,59.3,59.255,59.295,2531
2020-02-04 12:05:00-05:00,59.33,59.35,59.32,59.34,4955
2020-02-04 12:10:00-05:00,59.34,59.37,59.33,59.35,3332
2020-02-04 12:15:00-05:00,59.34,59.42,59.33,59.415,11885
2020-02-04 12:20:00-05:00,59.41,59.45,59.4,59.43,8506
2020-02-04 12:25:00-05:00,59.425,59.425,59.37,59.415,20326
2020-02-04 12:30:00-05:00,59.42,59.42,59.38,59.385,5592
2020-02-04 12:35:00-05:00,59.38,59.445,59.38,59.38,8535
2020-02-04 12:40:00-05:00,59.39,59.395,59.33,59.35,3738
2020-02-04 12:45:00-05:00,59.35,59.35,59.29,59.29,6582
2020-02-04 12:50:00-05:00,59.285,59.295,59.26,59.29,4412
2020-02-04 12:55:00-05:00,59.31,59.32,59.29,59.31,3314
2020-02-04 13:00:00-05:00,59.32,59.32,59.28,59.3,3934
2020-02-04 13:05:00-05:00,59.31,59.31,59.25,59.27,5610
2020-02-04 13:10:00-05:00,59.265,59.27,59.2,59.21,9297
2020-02-04 13:15:00-05:00,59.215,59.23,59.18,59.215,7537
2020-02-04 13:20:00-05:00,59.23,59.23,59.17,59.17,5606
2020-02-04 13:25:00-05:00,59.18,59.18,59.15,59.16,5874
2020-02-04 13:30:00-05:00,59.165,59.2,59.16,59.19,25018
2020-02-04 13:35:00-05:00,59.2,59.21,59.175,59.21,6290
2020-02-04 13:40:00-05:00,59.21,59.21,59.18,59.19,5320
2020-02-04 13:45:00-05:00,59.2,59.21,59.17,59.17,4420
2020-02-04 13:50:00-05:00,59.17,59.225,59.17,59.2,5429
2020-02-04 13:55:00-05:00,59.2,59.24,59.2,59.23,5142
2020-02-04 14:00:00-05:00,59.23,59.23,59.18,59.18,5783
2020-02-04 14:05:00-05:00,59.185,59.21,59.185,59.2,3619
2020-02-04 14:10:00-05:00,59.21,59.21,59.18,59.195,4001
2020-02-04 14:15:00-05:00,59.2,59.24,59.2,59.24,5840
2020-02-04 14:20:00-05:00,59.23,59.235,59.18,59.21,8894
2020-02-04 14:25:00-05:00,59.23,59.23,59.14,59.145,6631
2020-02-04 14:30:00-05:00,59.15,59.17,59.11,59.14,7274
2020-02-04 14:35:00-05:00,59.12,59.15,59.1,59.12,8625
2020-02-04 14:40:00-05:00,59.135,59.17,59.12,59.13,12669
2020-02-04 14:45:00-05:00,59.13,59.15,59.09,59.13,6201
2020-02-04 14:50:00-05:00,59.13,59.13,59.08,59.1,6431
2020-02-04 14:55:00-05:00,59.1,59.115,59.09,59.095,6694
2020-02-04 15:00:00-05:00,59.1,59.11,59.04,59.04,10076
2020-02-04 15:05:00-05:00,59.05,59.06,59.03,59.04,7346
2020-02-04 15:10:00-05:00,59.04,59.05,59.025,59.03,6093
2020-02-04 15:15:00-05:00,59.03,59.055,59.01,59.05,12839
2020-02-04 15:20:00-05:00,59.04,59.06,59.0,59.01,12824
2020-02-04 15:25:00-05:00,59.01,59.03,58.98,59.0,10990
2020-02-04 15:30:00-05:00,58.995,59.03,58.96,58.99,8826
2020-02-04 15:35:00-05:00,58.995,59.05,58.98,59.0,18997
2020-02-04 15:40:00-05:00,59.0,59.0,58.92,58.93,17202
2020-02-04 15:45:00-05:00,58.93,58.94,58.845,58.85,27247
2020-02-04 15:50:00-05:00,58.84,58.84,58.75,58.78,41351
2020-02-04 15:55:00-05:00,58.77,58.83,58.73,58.83,108713
2020-02-05 09:30:00-05:00,58.9,58.99,58.82,58.955,25918
2020-02-05 09:35:00-05:00,58.96,59.02,58.83,58.865,22037
2020-02-05 09:40:00-05:00,58.88,59.02,58.865,58.965,19338
2020-02-05 09:45:00-05:00,58.98,59.06,58.975,59.05,9960
2020-02-05 09:50:00-05:00,59.05,59.08,59.005,59.005,6029
2020-02-05 09:55:00-05:00,59.0,59.06,58.96,59.06,5101
2020-02-05 10:00:00-05:00,59.04,59.045,58.975,58.99,5559
2020-02-05 10:05:00-05:00,58.99,59.005,58.905,58.93,7215
2020-02-05 10:10:00-05:00,58.92,58.975,58.9,58.94,8469
2020-02-05 10:15:00-05:00,58.94,58.96,58.91,58.92,8048
2020-02-05 10:20:00-05:00,58.92,58.97,58.905,58.955,13782
2020-02-05 10:25:00-05:00,58.96,58.96,58.9,58.925,13895
2020-02-05 10:30:00-05:00,58.915,58.95,58.88,58.93,9267
2020-02-05 10:35:00-05:00,58.925,58.96,58.895,58.895,12378
2020-02-05 10:40:00-05:00,58.895,58.96,58.895,58.94,19034
2020-02-05 10:45:00-05:00,58.94,58.97,58.93,58.945,24254
2020-02-05 10:50:00-05:00,58.945,58.96,58.9,58.91,26657
2020-02-05 10:55:00-05:00,58.905,58.94,58.9,58.935,9755
2020-02-05 11:00:00-05:00,58.935,58.935,58.89,58.895,9952
2020-02-05 11:05:00-05:00,58.9,58.93,58.87,58.875,6332
2020-02-05 11:10:00-05:00,58.89,58.925,58.87,58.885,7603
2020-02-05 11:15:00-05:00,58.885,58.895,58.85,58.85,8408
2020-02-05 11:20:00-05:00,58.855,58.88,58.85,58.88,8774
2020-02-05 11:25:00-05:00,58.89,58.915,58.85,58.89,9463
2020-02-05 11:30:00-05:00,58.88,58.91,58.86,58.875,13363
2020-02-05 11:35:00-05:00,58.875,58.875,58.795,58.8,9704
2020-02-05 11:40:00-05:00,58.785,58.795,58.735,58.765,15866
2020-02-05 11:45:00-05:00,58.77,58.81,58.735,58.795,14146
2020-02-05 11:50:00-05:00,58.795,58.81,58.765,58.765,6113
2020-02-05 11:55:00-05:00,58.765,58.77,58.73,58.745,8188
2020-02-05 12:00:00-05:00,58.745,58.745,58.69,58.695,9696
2020-02-05 12:05:00-05:00,58.695,58.785,58.69,58.78,10713
2020-02-05 12:10:00-05:00,58.78,58.81,58.78,58.79,9343
2020-02-05 12:15:00-05:00,58.795,58.8,58.72,58.74,7260
2020-02-05 12:20:00-05:00,58.72,58.75,58.715,58.725,3319
2020-02-05 12:25:00-05:00,58.725,58.76,58.725,58.755,7592
2020-02-05 12:30:00-05:00,58.755,58.76,58.745,58.745,11966
2020-02-05 12:35:00-05:00,58.745,58.75,58.71,58.715,5651
2020-02-05 12:40:00-05:00,58.72,58.72,58.69,58.705,9647
2020-02-05 12:45:00-05:00,58.71,58.73,58.68,58.715,8053
2020-02-05 12:50:00-05:00,58.715,58.72,58.67,58.675,12818
2020-02-05 12:55:00-05:00,58.675,58.69,58.665,58.685,7900
2020-02-05 13:00:00-05:00,58.68,58.69,58.635,58.69,5384
2020-02-05 13:05:00-05:00,58.69,58.7,58.67,58.675,9436
2020-02-05 13:10:00-05:00,58.675,58.68,58.63,58.635,10699
2020-02-05 13:15:00-05:00,58.64,58.64,58.585,58.585,8821
2020-02-05 13:20:00-05:00,58.585,58.59,58.58,58.585,5938
2020-02-05 13:25:00-05:00,58.59,58.59,58.58,58.585,6325
2020-02-05 13:30:00-05:00,58.59,58.59,58.555,58.555,5278
2020-02-05 13:35:00-05:00,58.555,58.555,58.54,58.545,4993
2020-02-05 13:40:00-05:00,58.545,58.62,58.545,58.62,11710
2020-02-05 13:45:00-05:00,58.62,58.635,58.59,58.625,11564
2020-02-05 13:50:00-05:00,58.62,58.63,58.575,58.585,8014
2020-02-05 13:55:00-05:00,58.59,58.6,58.57,58.57,8084
2020-02-05 14:00:00-05:00,58.575,58.62,58.565,58.61,7303
2020-02-05 14:05:00-05:00,58.615,58.625,58.585,58.605,6260
2020-02-05 14:10:00-05:00,58.605,58.645,58.605,58.645,22489
2020-02-05 14:15:00-05:00,58.645,58.67,58.63,58.665,6603
2020-02-05 14:20:00-05:00,58.675,58.72,58.66,58.72,9548
2020-02-05 14:25:00-05:00,58.715,58.73,58.675,58.675,8028
2020-02-05 14:30:00-05:00,58.665,58.73,58.665,58.725,8350
2020-02-05 14:35:00-05:00,58.72,58.78,58.72,58.765,5893
2020-02-05 14:40:00-05:00,58.765,58.765,58.725,58.735,7278
2020-02-05 14:45:00-05:00,58.735,58.755,58.73,58.745,8420
2020-02-05 14:50:00-05:00,58.745,58.815,58.745,58.805,5921
2020-02-05 14:55:00-05:00,58.8,58.83,58.78,58.805,7126
2020-02-05 15:00:00-05:00,58.805,58.875,58.805,58.87,16094
2020-02-05 15:05:00-05:00,58.87,58.875,58.85,58.855,19294
2020-02-05 15:10:00-05:00,58.865,58.87,58.825,58.84,6639
2020-02-05 15:15:00-05:00,58.85,58.88,58.82,58.82,10004
2020-02-05 15:20:00-05:00,58.83,58.905,58.83,58.9,12585
2020-02-05 15:25:00-05:00,58.89,58.895,58.835,58.835,15663
2020-02-05 15:30:00-05:00,58.835,58.85,58.78,58.795,12544
2020-02-05 15:35:00-05:00,58.795,58.82,58.77,58.805,17834
2020-02-05 15:40:00-05:00,58.8,58.83,58.79,58.81,19352
2020-02-05 15:45:00-05:00,58.8,58.805,58.705,58.755,25650
2020-02-05 15:50:00-05:00,58.75,58.82,58.73,58.81,33933
2020-02-05 15:55:00-05:00,58.815,58.9,58.77,58.83,118714
2020-02-06 09:30:00-05:00,58.94,59.075,58.84,59.05,10436
2020-02-06 09:35:00-05:00,59.055,59.2,59.055,59.13,8872
2020-02-06 09:40:00-05:00,59.15,59.3,59.15,59.25,4559
2020-02-06 09:45:00-05:00,59.255,59.26,59.195,59.23,3037
2020-02-06 09:50:00-05:00,59.215,59.25,59.205,59.22,7633
2020-02-06 09:55:00-05:00,59.22,59.22,59.08,59.1,8508
2020-02-06 10:00:00-05:00,59.1,59.215,59.08,59.215,8510
2020-02-06 10:05:00-05:00,59.225,59.29,59.21,59.29,20610
2020-02-06 10:10:00-05:00,59.29,59.3,59.22,59.24,9019
2020-02-06 10:15:00-05:00,59.235,59.24,59.18,59.195,9264
2020-02-06 10:20:00-05:00,59.18,59.23,59.18,59.19,6557
2020-02-06 10:25:00-05:00,59.185,59.19,59.14,59.14,7347
2020-02-06 10:30:00-05:00,59.145,59.175,59.12,59.13,4095
2020-02-06 10:35:00-05:00,59.13,59.19,59.11,59.17,4062
2020-02-06 10:40:00-05:00,59.16,59.17,59.15,59.17,5028
2020-02-06 10:45:00-05:00,59.15,59.17,59.145,59.17,2790
2020-02-06 10:50:00-05:00,59.15,59.16,59.12,59.16,5454
2020-02-06 10:55:00-05:00,59.15,59.22,59.15,59.19,4700
2020-02-06 11:00:00-05:00,59.195,59.225,59.185,59.21,5451
2020-02-06 11:05:00-05:00,59.21,59.23,59.18,59.22,9016
2020-02-06 11:10:00-05:00,59.215,59.285,59.21,59.23,11859
2020-02-06 11:15:00-05:00,59.22,59.29,59.22,59.26,9340
2020-02-06 11:20:00-05:00,59.25,59.27,59.235,59.27,8970
2020-02-06 11:25:00-05:00,59.275,59.28,59.24,59.28,10654
2020-02-06 11:30:00-05:00,59.275,59.28,59.25,59.26,5056
2020-02-06 11:35:00-05:00,59.26,59.28,59.22,59.23,4172
2020-02-06 11:40:00-05:00,59.24,59.325,59.24,59.32,9993
2020-02-06 11:45:00-05:00,59.325,59.335,59.31,59.325,11541
2020-02-06 11:50:00-05:00,59.32,59.32,59.245,59.285,9722
2020-02-06 11:55:00-05:00,59.29,59.3,59.27,59.285,4046
2020-02-06 12:00:00-05:00,59.275,59.31,59.265,59.295,5651
2020-02-06 12:05:00-05:00,59.295,59.31,59.275,59.28,3942
2020-02-06 12:10:00-05:00,59.28,59.28,59.24,59.26,4096
2020-02-06 12:15:00-05:00,59.26,59.27,59.24,59.25,4356
2020-02-06 12:20:00-05:00,59.25,59.25,59.19,59.21,11131
2020-02-06 12:25:00-05:00,59.21,59.22,59.19,59.195,9462
2020-02-06 12:30:00-05:00,59.215,59.25,59.215,59.215,6709
2020-02-06 12:35:00-05:00,59.215,59.265,59.215,59.265,10626
2020-02-06 12:40:00-05:00,59.27,59.33,59.26,59.28,24847
2020-02-06 12:45:00-05:00,59.29,59.29,59.24,59.24,7739
2020-02-06 12:50:00-05:00,59.23,59.28,59.23,59.27,7590
2020-02-06 12:55:00-05:00,59.27,59.28,59.26,59.265,6419
2020-02-06 13:00:00-05:00,59.26,59.27,59.225,59.23,6111
2020-02-06 13:05:00-05:00,59.21,59.23,59.21,59.225,5959
2020-02-06 13:10:00-05:00,59.225,59.225,59.2,59.22,5251
2020-02-06 13:15:00-05:00,59.215,59.22,59.185,59.2,4733
2020-02-06 13:20:00-05:00,59.195,59.22,59.175,59.22,4744
2020-02-06 13:25:00-05:00,59.215,59.215,59.18,59.19,4087
2020-02-06 13:30:00-05:00,59.2,59.205,59.18,59.2,3319
2020-02-06 13:35:00-05:00,59.2,59.2,59.185,59.19,5619
2020-02-06 13:40:00-05:00,59.19,59.22,59.19,59.22,7950
2020-02-06 13:45:00-05:00,59.215,59.225,59.195,59.21,6226
2020-02-06 13:50:00-05:00,59.205,59.21,59.2,59.21,3901
2020-02-06 13:55:00-05:00,59.21,59.21,59.185,59.195,5462
2020-02-06 14:00:00-05:00,59.195,59.2,59.17,59.2,5153
2020-02-06 14:05:00-05:00,59.195,59.23,59.195,59.22,15067
2020-02-06 14:10:00-05:00,59.22,59.23,59.215,59.215,5998
2020-02-06 14:15:00-05:00,59.23,59.23,59.17,59.185,6107
2020-02-06 14:20:00-05:00,59.18,59.18,59.12,59.13,3660
2020-02-06 14:25:00-05:00,59.14,59.17,59.14,59.17,2320
2020-02-06 14:30:00-05:00,59.18,59.185,59.17,59.17,3690
2020-02-06 14:35:00-05:00,59.155,59.19,59.155,59.17,4506
2020-02-06 14:40:00-05:00,59.17,59.17,59.105,59.105,4644
2020-02-06 14:45:00-05:00,59.115,59.14,59.105,59.135,9159
2020-02-06 14:50:00-05:00,59.13,59.14,59.1,59.11,3183
2020-02-06 14:55:00-05:00,59.09,59.12,59.08,59.1,3806
2020-02-06 15:00:00-05:00,59.1,59.135,59.1,59.135,4461
2020-02-06 15:05:00-05:00,59.145,59.18,59.145,59.165,5644
2020-02-06 15:10:00-05:00,59.17,59.17,59.125,59.13,4779
2020-02-06 15:15:00-05:00,59.13,59.13,59.07,59.1,8764
2020-02-06 15:20:00-05:00,59.105,59.11,59.055,59.07,9172
2020-02-06 15:25:00-05:00,59.075,59.09,59.065,59.085,8591
2020-02-06 15:30:00-05:00,59.09,59.12,59.09,59.1,11271
2020-02-06 15:35:00-05:00,59.09,59.1,59.06,59.09,12685
2020-02-06 15:40:00-05:00,59.09,59.095,59.03,59.06,13218
2020-02-06 15:45:00-05:00,59.07,59.075,59.03,59.04,13076
2020-02-06 15:50:00-05:00,59.04,59.04,58.99,59.02,30345
2020-02-06 15:55:00-05:00,59.02,59.09,59.0,59.0,66452
2020-02-07 09:30:00-05:00,58.875,59.045,58.865,59.01,14159
2020-02-07 09:35:00-05:00,59.06,59.06,58.965,59.005,4846
2020-02-07 09:40:00-05:00,59.01,59.06,58.995,59.01,2916
2020-02-07 09:45:00-05:00,59.0,59.075,58.99,59.035,3311
2020-02-07 09:50:00-05:00,59.025,59.04,58.98,58.98,3094
2020-02-07 09:55:00-05:00,58.97,58.985,58.905,58.985,14052
2020-02-07 10:00:00-05:00,58.985,59.015,58.955,58.99,4375
2020-02-07 10:05:00-05:00,59.0,59.06,58.98,59.06,4915
2020-02-07 10:10:00-05:00,59.06,59.13,59.035,59.115,5169
2020-02-07 10:15:00-05:00,59.11,59.19,59.1,59.15,7648
2020-02-07 10:20:00-05:00,59.15,59.18,59.15,59.165,4306
2020-02-07 10:25:00-05:00,59.19,59.25,59.17,59.25,7521
2020-02-07 10:30:00-05:00,59.255,59.28,59.225,59.225,2481
2020-02-07 10:35:00-05:00,59.215,59.225,59.15,59.155,3743
2020-02-07 10:40:00-05:00,59.16,59.18,59.13,59.16,3742
2020-02-07 10:45:00-05:00,59.15,59.15,59.125,59.145,2682
2020-02-07 10:50:00-05:00,59.12,59.18,59.11,59.18,3682
2020-02-07 10:55:00-05:00,59.19,59.21,59.16,59.16,3036
2020-02-07 11:00:00-05:00,59.165,59.19,59.145,59.19,3599
2020-02-07 11:05:00-05:00,59.2,59.245,59.195,59.23,3860
2020-02-07 11:10:00-05:00,59.24,59.27,59.23,59.27,1891
2020-02-07 11:15:00-05:00,59.29,59.29,59.275,59.29,2214
2020-02-07 11:20:00-05:00,59.3,59.31,59.29,59.295,4462
2020-02-07 11:25:00-05:00,59.29,59.29,59.235,59.27,3154
2020-02-07 11:30:00-05:00,59.26,59.29,59.24,59.28,5035
2020-02-07 11:35:00-05:00,59.27,59.27,59.21,59.225,3421
2020-02-07 11:40:00-05:00,59.225,59.24,59.215,59.22,2315
2020-02-07 11:45:00-05:00,59.215,59.25,59.205,59.25,4144
2020-02-07 11:50:00-05:00,59.25,59.26,59.225,59.26,4288
2020-02-07 11:55:00-05:00,59.25,59.26,59.23,59.255,2236
2020-02-07 12:00:00-05:00,59.27,59.3,59.265,59.265,5228
2020-02-07 12:05:00-05:00,59.265,59.29,59.245,59.245,2566
2020-02-07 12:10:00-05:00,59.25,59.255,59.235,59.245,3688
2020-02-07 12:15:00-05:00,59.25,59.29,59.245,59.29,3860
2020-02-07 12:20:00-05:00,59.29,59.315,59.23,59.23,7244
2020-02-07 12:25:00-05:00,59.25,59.28,59.22,59.28,5639
2020-02-07 12:30:00-05:00,59.27,59.305,59.25,59.25,3227
2020-02-07 12:35:00-05:00,59.25,59.27,59.22,59.225,4156
2020-02-07 12:40:00-05:00,59.225,59.26,59.225,59.25,2523
2020-02-07 12:45:00-05:00,59.24,59.25,59.225,59.23,2557
2020-02-07 12:50:00-05:00,59.225,59.24,59.225,59.225,4345
2020-02-07 12:55:00-05:00,59.23,59.27,59.21,59.255,6615
2020-02-07 13:00:00-05:00,59.25,59.255,59.23,59.25,5199
2020-02-07 13:05:00-05:00,59.245,59.27,59.24,59.26,5762
2020-02-07 13:10:00-05:00,59.26,59.26,59.235,59.235,3080
2020-02-07 13:15:00-05:00,59.24,59.25,59.225,59.235,4827
2020-02-07 13:20:00-05:00,59.24,59.255,59.225,59.255,4718
2020-02-07 13:25:00-05:00,59.26,59.27,59.25,59.27,6776
2020-02-07 13:30:00-05:00,59.26,59.27,59.18,59.19,6843
2020-02-07 13:35:00-05:00,59.215,59.24,59.2,59.21,7825
2020-02-07 13:40:00-05:00,59.215,59.225,59.2,59.21,3422
2020-02-07 13:45:00-05:00,59.21,59.21,59.165,59.165,5025
2020-02-07 13:50:00-05:00,59.165,59.18,59.155,59.18,8909
2020-02-07 13:55:00-05:00,59.175,59.19,59.15,59.16,5709
2020-02-07 14:00:00-05:00,59.155,59.155,59.125,59.14,12087
2020-02-07 14:05:00-05:00,59.13,59.16,59.12,59.14,7596
2020-02-07 14:10:00-05:00,59.12,59.12,59.09,59.09,5608
2020-02-07 14:15:00-05:00,59.1,59.12,59.08,59.105,5755
2020-02-07 14:20:00-05:00,59.12,59.14,59.115,59.13,7989
2020-02-07 14:25:00-05:00,59.14,59.19,59.13,59.18,10741
2020-02-07 14:30:00-05:00,59.18,59.19,59.165,59.17,5361
2020-02-07 14:35:00-05:00,59.16,59.18,59.15,59.15,4673
2020-02-07 14:40:00-05:00,59.155,59.2,59.15,59.2,10185
2020-02-07 14:45:00-05:00,59.21,59.22,59.2,59.21,3963
2020-02-07 14:50:00-05:00,59.21,59.23,59.18,59.23,6158
2020-02-07 14:55:00-05:00,59.225,59.235,59.205,59.235,3248
2020-02-07 15:00:00-05:00,59.24,59.24,59.2,59.2,8443
2020-02-07 15:05:00-05:00,59.21,59.245,59.19,59.22,5377
2020-02-07 15:10:00-05:00,59.23,59.25,59.21,59.25,7009
2020-02-07 15:15:00-05:00,59.25,59.28,59.24,59.27,6613
2020-02-07 15:20:00-05:00,59.26,59.28,59.24,59.25,8223
2020-02-07 15:25:00-05:00,59.24,59.24,59.2,59.2,8358
2020-02-07 15:30:00-05:00,59.19,59.23,59.185,59.22,13936
2020-02-07 15:35:00-05:00,59.23,59.23,59.18,59.19,14819
2020-02-07 15:40:00-05:00,59.18,59.25,59.18,59.245,22448
2020-02-07 15:45:00-05:00,59.25,59.28,59.245,59.26,20395
2020-02-07 15:50:00-05:00,59.26,59.275,59.07,59.07,36462
2020-02-07 15:55:00-05:00,59.07,59.22,59.05,59.19,80915
2020-02-10 09:25:00-05:00,59.36,59.36,59.36,59.36,500
2020-02-10 09:30:00-05:00,59.36,59.561,59.36,59.39,5593
2020-02-10 09:35:00-05:00,59.35,59.37,59.31,59.37,3052
2020-02-10 09:40:00-05:00,59.31,59.36,59.3,59.35,2197
2020-02-10 09:45:00-05:00,59.36,59.36,59.3,59.31,5399
2020-02-10 09:50:00-05:00,59.3,59.43,59.3,59.43,3844
2020-02-10 09:55:00-05:00,59.41,59.47,59.39,59.47,4598
2020-02-10 10:00:00-05:00,59.45,59.49,59.45,59.475,3531
2020-02-10 10:05:00-05:00,59.48,59.555,59.48,59.55,3217
2020-02-10 10:10:00-05:00,59.53,59.54,59.52,59.52,2518
2020-02-10 10:15:00-05:00,59.53,59.59,59.52,59.59,3954
2020-02-10 10:20:00-05:00,59.59,59.7,59.58,59.7,7381
2020-02-10 10:25:00-05:00,59.705,59.73,59.68,59.695,2549
2020-02-10 10:30:00-05:00,59.69,59.695,59.66,59.68,2953
2020-02-10 10:35:00-05:00,59.675,59.72,59.63,59.72,4719
2020-02-10 10:40:00-05:00,59.71,59.73,59.695,59.72,2881
2020-02-10 10:45:00-05:00,59.745,59.77,59.705,59.705,2863
2020-02-10 10:50:00-05:00,59.7,59.7,59.66,59.67,1911
2020-02-10 10:55:00-05:00,59.675,59.71,59.67,59.69,2513
2020-02-10 11:00:00-05:00,59.69,59.695,59.64,59.65,5233
2020-02-10 11:05:00-05:00,59.65,59.67,59.64,59.66,2432
2020-02-10 11:10:00-05:00,59.65,59.7,59.64,59.7,6518
2020-02-10 11:15:00-05:00,59.75,59.75,59.71,59.715,4542
2020-02-10 11:20:00-05:00,59.72,59.72,59.67,59.68,2944
2020-02-10 11:25:00-05:00,59.71,59.76,59.71,59.755,9084
2020-02-10 11:30:00-05:00,59.76,59.77,59.73,59.755,7081
2020-02-10 11:35:00-05:00,59.73,59.795,59.72,59.76,4183
2020-02-10 11:40:00-05:00,59.75,59.78,59.73,59.78,23271
2020-02-10 11:45:00-05:00,59.79,59.825,59.79,59.795,4240
2020-02-10 11:50:00-05:00,59.8,59.82,59.795,59.82,6466
2020-02-10 11:55:00-05:00,59.825,59.84,59.805,59.82,6435
2020-02-10 12:00:00-05:00,59.82,59.83,59.8,59.81,7763
2020-02-10 12:05:00-05:00,59.8,59.825,59.78,59.79,8475
2020-02-10 12:10:00-05:00,59.78,59.805,59.78,59.8,3469
2020-02-10 12:15:00-05:00,59.79,59.81,59.79,59.81,1950
2020-02-10 12:20:00-05:00,59.81,59.82,59.795,59.805,4571
2020-02-10 12:25:00-05:00,59.805,59.825,59.8,59.805,5503
2020-02-10 12:30:00-05:00,59.805,59.81,59.78,59.785,16380
2020-02-10 12:35:00-05:00,59.79,59.79,59.735,59.745,4566
2020-02-10 12:40:00-05:00,59.75,59.76,59.71,59.71,4648
2020-02-10 12:45:00-05:00,59.71,59.72,59.71,59.72,2990
2020-02-10 12:50:00-05:00,59.71,59.71,59.68,59.685,4947
2020-02-10 12:55:00-05:00,59.69,59.72,59.685,59.72,2379
2020-02-10 13:00:00-05:00,59.72,59.72,59.68,59.69,5441
2020-02-10 13:05:00-05:00,59.68,59.69,59.68,59.68,2908
2020-02-10 13:10:00-05:00,59.68,59.7,59.65,59.665,6495
2020-02-10 13:15:00-05:00,59.66,59.68,59.65,59.66,2097
2020-02-10 13:20:00-05:00,59.66,59.66,59.63,59.63,4767
2020-02-10 13:25:00-05:00,59.625,59.65,59.62,59.65,4505
2020-02-10 13:30:00-05:00,59.64,59.68,59.64,59.67,13481
2020-02-10 13:35:00-05:00,59.67,59.67,59.64,59.64,2436
2020-02-10 13:40:00-05:00,59.65,59.68,59.65,59.675,2846
2020-02-10 13:45:00-05:00,59.675,59.715,59.67,59.7,7566
2020-02-10 13:50:00-05:00,59.7,59.7,59.68,59.7,3221
2020-02-10 13:55:00-05:00,59.7,59.72,59.69,59.7,4011
2020-02-10 14:00:00-05:00,59.69,59.69,59.67,59.68,3937
2020-02-10 14:05:00-05:00,59.68,59.68,59.64,59.65,4250
2020-02-10 14:10:00-05:00,59.65,59.67,59.645,59.645,3069
2020-02-10 14:15:00-05:00,59.64,59.65,59.635,59.65,2965
2020-02-10 14:20:00-05:00,59.64,59.65,59.64,59.645,3028
2020-02-10 14:25:00-05:00,59.65,59.68,59.64,59.68,2546
2020-02-10 14:30:00-05:00,59.67,59.675,59.635,59.67,4240
2020-02-10 14:35:00-05:00,59.67,59.68,59.665,59.68,7726
2020-02-10 14:40:00-05:00,59.68,59.715,59.68,59.715,2789
2020-02-10 14:45:00-05:00,59.71,59.73,59.71,59.73,2261
2020-02-10 14:50:00-05:00,59.73,59.75,59.725,59.75,2554
2020-02-10 14:55:00-05:00,59.74,59.75,59.73,59.75,4029
2020-02-10 15:00:00-05:00,59.75,59.77,59.735,59.735,6598
2020-02-10 15:05:00-05:00,59.735,59.76,59.73,59.735,6051
2020-02-10 15:10:00-05:00,59.74,59.8,59.74,59.795,8086
2020-02-10 15:15:00-05:00,59.8,59.8,59.765,59.78,8399
2020-02-10 15:20:00-05:00,59.775,59.79,59.76,59.77,5261
2020-02-10 15:25:00-05:00,59.77,59.77,59.76,59.77,5535
2020-02-10 15:30:00-05:00,59.765,59.785,59.745,59.775,13540
2020-02-10 15:35:00-05:00,59.78,59.78,59.755,59.77,10076
2020-02-10 15:40:00-05:00,59.77,59.78,59.76,59.775,10708
2020-02-10 15:45:00-05:00,59.77,59.79,59.75,59.75,20640
2020-02-10 15:50:00-05:00,59.74,59.78,59.72,59.78,19436
2020-02-10 15:55:00-05:00,59.775,59.79,59.73,59.75,69523
2020-02-11 09:30:00-05:00,59.715,59.73,59.52,59.67,15283
2020-02-11 09:35:00-05:00,59.67,59.77,59.64,59.64,11082
2020-02-11 09:40:00-05:00,59.68,59.72,59.65,59.68,5691
2020-02-11 09:45:00-05:00,59.68,59.735,59.63,59.63,4024
2020-02-11 09:50:00-05:00,59.62,59.65,59.59,59.595,6126
2020-02-11 09:55:00-05:00,59.595,59.63,59.59,59.59,5265
2020-02-11 10:00:00-05:00,59.595,59.62,59.58,59.615,7723
2020-02-11 10:05:00-05:00,59.61,59.61,59.53,59.54,11423
2020-02-11 10:10:00-05:00,59.53,59.57,59.5,59.57,6164
2020-02-11 10:15:00-05:00,59.565,59.65,59.56,59.615,5378
2020-02-11 10:20:00-05:00,59.66,59.665,59.59,59.61,12626
2020-02-11 10:25:00-05:00,59.605,59.62,59.57,59.575,4016
2020-02-11 10:30:00-05:00,59.58,59.605,59.57,59.57,9856
2020-02-11 10:35:00-05:00,59.58,59.58,59.51,59.53,6055
2020-02-11 10:40:00-05:00,59.525,59.56,59.47,59.505,9700
2020-02-11 10:45:00-05:00,59.5,59.51,59.4,59.4,7888
2020-02-11 10:50:00-05:00,59.41,59.41,59.38,59.39,5694
2020-02-11 10:55:00-05:00,59.39,59.41,59.365,59.375,3048
2020-02-11 11:00:00-05:00,59.37,59.37,59.34,59.34,2905
2020-02-11 11:05:00-05:00,59.33,59.415,59.325,59.405,4773
2020-02-11 11:10:00-05:00,59.395,59.445,59.39,59.42,2464
2020-02-11 11:15:00-05:00,59.42,59.495,59.42,59.49,2338
2020-02-11 11:20:00-05:00,59.505,59.51,59.49,59.51,2681
2020-02-11 11:25:00-05:00,59.52,59.53,59.51,59.515,1410
2020-02-11 11:30:00-05:00,59.54,59.575,59.54,59.57,2266
2020-02-11 11:35:00-05:00,59.58,59.605,59.565,59.585,5538
2020-02-11 11:40:00-05:00,59.585,59.625,59.575,59.58,4650
2020-02-11 11:45:00-05:00,59.58,59.59,59.58,59.59,3617
2020-02-11 11:50:00-05:00,59.595,59.6,59.57,59.58,4275
2020-02-11 11:55:00-05:00,59.57,59.63,59.535,59.63,5885
2020-02-11 12:00:00-05:00,59.625,59.625,59.555,59.56,10404
2020-02-11 12:05:00-05:00,59.57,59.59,59.56,59.57,10092
2020-02-11 12:10:00-05:00,59.57,59.57,59.53,59.54,3817
2020-02-11 12:15:00-05:00,59.55,59.58,59.545,59.575,3799
2020-02-11 12:20:00-05:00,59.57,59.59,59.55,59.55,4747
2020-02-11 12:25:00-05:00,59.555,59.59,59.555,59.59,3206
2020-02-11 12:30:00-05:00,59.585,59.59,59.55,59.59,3847
2020-02-11 12:35:00-05:00,59.58,59.59,59.555,59.555,2742
2020-02-11 12:40:00-05:00,59.55,59.56,59.54,59.55,5492
2020-02-11 12:45:00-05:00,59.57,59.58,59.55,59.57,1807
2020-02-11 12:50:00-05:00,59.58,59.6,59.575,59.58,3140
2020-02-11 12:55:00-05:00,59.585,59.59,59.56,59.57,4455
2020-02-11 13:00:00-05:00,59.565,59.58,59.565,59.58,2775
2020-02-11 13:05:00-05:00,59.58,59.58,59.555,59.575,3182
2020-02-11 13:10:00-05:00,59.57,59.61,59.57,59.61,835
2020-02-11 13:15:00-05:00,59.61,59.62,59.585,59.6,1293
2020-02-11 13:20:00-05:00,59.6,59.61,59.595,59.61,2857
2020-02-11 13:25:00-05:00,59.615,59.62,59.595,59.595,1543
2020-02-11 13:30:00-05:00,59.585,59.61,59.58,59.585,11261
2020-02-11 13:35:00-05:00,59.59,59.625,59.585,59.625,4694
2020-02-11 13:40:00-05:00,59.625,59.635,59.605,59.62,4494
2020-02-11 13:45:00-05:00,59.63,59.635,59.615,59.62,3793
2020-02-11 13:50:00-05:00,59.62,59.71,59.62,59.705,7218
2020-02-11 13:55:00-05:00,59.69,59.73,59.69,59.7,2944
2020-02-11 14:00:00-05:00,59.695,59.72,59.68,59.72,2626
2020-02-11 14:05:00-05:00,59.715,59.72,59.69,59.7,7126
2020-02-11 14:10:00-05:00,59.72,59.77,59.72,59.74,3093
2020-02-11 14:15:00-05:00,59.74,59.76,59.725,59.74,3532
2020-02-11 14:20:00-05:00,59.74,59.77,59.725,59.77,3487
2020-02-11 14:25:00-05:00,59.77,59.79,59.72,59.74,3307
2020-02-11 14:30:00-05:00,59.75,59.75,59.735,59.75,2217
2020-02-11 14:35:00-05:00,59.74,59.77,59.73,59.77,3985
2020-02-11 14:40:00-05:00,59.765,59.79,59.745,59.79,4633
2020-02-11 14:45:00-05:00,59.785,59.8,59.75,59.75,5812
2020-02-11 14:50:00-05:00,59.76,59.76,59.7,59.71,8677
2020-02-11 14:55:00-05:00,59.71,59.72,59.665,59.67,4611
2020-02-11 15:00:00-05:00,59.665,59.7,59.62,59.62,6087
2020-02-11 15:05:00-05:00,59.63,59.66,59.62,59.62,6862
2020-02-11 15:10:00-05:00,59.625,59.65,59.61,59.62,6398
2020-02-11 15:15:00-05:00,59.615,59.68,59.61,59.68,4855
2020-02-11 15:20:00-05:00,59.675,59.68,59.66,59.68,4904
2020-02-11 15:25:00-05:00,59.675,59.68,59.635,59.64,7543
2020-02-11 15:30:00-05:00,59.65,59.68,59.65,59.655,6307
2020-02-11 15:35:00-05:00,59.655,59.7,59.655,59.695,5529
2020-02-11 15:40:00-05:00,59.69,59.72,59.685,59.695,5706
2020-02-11 15:45:00-05:00,59.7,59.71,59.64,59.645,10527
2020-02-11 15:50:00-05:00,59.65,59.72,59.635,59.67,24945
2020-02-11 15:55:00-05:00,59.66,59.67,59.53,59.6,39600
2020-02-12 09:30:00-05:00,59.45,59.48,59.32,59.44,3932
2020-02-12 09:35:00-05:00,59.42,59.42,59.32,59.36,5325
2020-02-12 09:40:00-05:00,59.36,59.49,59.335,59.46,8937
2020-02-12 09:45:00-05:00,59.49,59.55,59.49,59.53,6477
2020-02-12 09:50:00-05:00,59.53,59.545,59.485,59.52,5843
2020-02-12 09:55:00-05:00,59.525,59.53,59.475,59.515,17230
2020-02-12 10:00:00-05:00,59.515,59.515,59.39,59.39,6531
2020-02-12 10:05:00-05:00,59.4,59.4,59.36,59.38,5474
2020-02-12 10:10:00-05:00,59.4,59.42,59.38,59.38,3389
2020-02-12 10:15:00-05:00,59.405,59.44,59.38,59.4,7104
2020-02-12 10:20:00-05:00,59.415,59.495,59.415,59.495,3727
2020-02-12 10:25:00-05:00,59.5,59.5,59.46,59.46,4629
2020-02-12 10:30:00-05:00,59.46,59.535,59.43,59.51,5878
2020-02-12 10:35:00-05:00,59.51,59.51,59.46,59.49,6694
2020-02-12 10:40:00-05:00,59.49,59.52,59.485,59.515,5457
2020-02-12 10:45:00-05:00,59.525,59.6,59.525,59.6,4092
2020-02-12 10:50:00-05:00,59.6,59.6,59.55,59.57,5219
2020-02-12 10:55:00-05:00,59.575,59.6,59.56,59.585,3972
2020-02-12 11:00:00-05:00,59.585,59.68,59.585,59.68,2820
2020-02-12 11:05:00-05:00,59.69,59.69,59.625,59.65,4613
2020-02-12 11:10:00-05:00,59.64,59.645,59.61,59.635,5978
2020-02-12 11:15:00-05:00,59.64,59.665,59.61,59.665,3795
2020-02-12 11:20:00-05:00,59.69,59.71,59.68,59.705,3769
2020-02-12 11:25:00-05:00,59.7,59.75,59.68,59.75,3441
2020-02-12 11:30:00-05:00,59.75,59.76,59.705,59.73,3171
2020-02-12 11:35:00-05:00,59.73,59.74,59.69,59.74,2724
2020-02-12 11:40:00-05:00,59.755,59.755,59.71,59.73,1740
2020-02-12 11:45:00-05:00,59.72,59.75,59.715,59.715,2535
2020-02-12 11:50:00-05:00,59.72,59.72,59.7,59.71,3077
2020-02-12 11:55:00-05:00,59.71,59.73,59.71,59.71,4204
2020-02-12 12:00:00-05:00,59.71,59.71,59.68,59.69,2900
2020-02-12 12:05:00-05:00,59.68,59.69,59.64,59.645,4456
2020-02-12 12:10:00-05:00,59.64,59.66,59.62,59.655,4058
2020-02-12 12:15:00-05:00,59.65,59.69,59.65,59.665,10415
2020-02-12 12:20:00-05:00,59.66,59.665,59.6,59.61,4523
2020-02-12 12:25:00-05:00,59.615,59.62,59.6,59.6,2744
2020-02-12 12:30:00-05:00,59.61,59.61,59.59,59.59,3614
2020-02-12 12:35:00-05:00,59.595,59.61,59.58,59.6,5321
2020-02-12 12:40:00-05:00,59.59,59.615,59.585,59.615,2678
2020-02-12 12:45:00-05:00,59.635,59.655,59.63,59.655,2782
2020-02-12 12:50:00-05:00,59.65,59.65,59.61,59.61,1490
2020-02-12 12:55:00-05:00,59.59,59.59,59.57,59.57,911
2020-02-12 13:00:00-05:00,59.57,59.57,59.555,59.555,16518
2020-02-12 13:05:00-05:00,59.565,59.635,59.565,59.635,4240
2020-02-12 13:10:00-05:00,59.645,59.65,59.62,59.63,3630
2020-02-12 13:15:00-05:00,59.62,59.62,59.59,59.59,2082
2020-02-12 13:20:00-05:00,59.57,59.59,59.555,59.585,3162
2020-02-12 13:25:00-05:00,59.59,59.64,59.59,59.64,3519
2020-02-12 13:30:00-05:00,59.65,59.67,59.65,59.665,7043
2020-02-12 13:35:00-05:00,59.67,59.67,59.64,59.65,2305
2020-02-12 13:40:00-05:00,59.64,59.65,59.63,59.64,2496
2020-02-12 13:45:00-05:00,59.625,59.625,59.61,59.62,1191
2020-02-12 13:50:00-05:00,59.62,59.63,59.605,59.62,2719
2020-02-12 13:55:00-05:00,59.61,59.61,59.6,59.61,2645
2020-02-12 14:00:00-05:00,59.61,59.62,59.61,59.61,2552
2020-02-12 14:05:00-05:00,59.62,59.655,59.615,59.65,2586
2020-02-12 14:10:00-05:00,59.64,59.65,59.6,59.605,7727
2020-02-12 14:15:00-05:00,59.61,59.61,59.58,59.59,2015
2020-02-12 14:20:00-05:00,59.58,59.59,59.58,59.58,2913
2020-02-12 14:25:00-05:00,59.585,59.59,59.54,59.545,5692
2020-02-12 14:30:00-05:00,59.55,59.55,59.54,59.54,1299
2020-02-12 14:35:00-05:00,59.54,59.58,59.525,59.55,3365
2020-02-12 14:40:00-05:00,59.54,59.54,59.49,59.5,2573
2020-02-12 14:45:00-05:00,59.5,59.535,59.5,59.53,3739
2020-02-12 14:50:00-05:00,59.54,59.55,59.49,59.495,2791
2020-02-12 14:55:00-05:00,59.49,59.495,59.445,59.455,9749
2020-02-12 15:00:00-05:00,59.475,59.49,59.46,59.465,3670
2020-02-12 15:05:00-05:00,59.465,59.47,59.4,59.405,11109
2020-02-12 15:10:00-05:00,59.415,59.435,59.365,59.435,9570
2020-02-12 15:15:00-05:00,59.41,59.46,59.4,59.42,6008
2020-02-12 15:20:00-05:00,59.42,59.46,59.42,59.46,1851
2020-02-12 15:25:00-05:00,59.47,59.5,59.45,59.45,4624
2020-02-12 15:30:00-05:00,59.45,59.455,59.425,59.45,7403
2020-02-12 15:35:00-05:00,59.455,59.46,59.42,59.43,6082
2020-02-12 15:40:00-05:00,59.45,59.49,59.44,59.485,9955
2020-02-12 15:45:00-05:00,59.48,59.53,59.47,59.49,10411
2020-02-12 15:50:00-05:00,59.49,59.505,59.43,59.46,26777
2020-02-12 15:55:00-05:00,59.47,59.49,59.4,59.4,59662
2020-02-13 09:30:00-05:00,59.43,59.56,59.39,59.51,6491
2020-02-13 09:35:00-05:00,59.49,59.49,59.35,59.35,3137
2020-02-13 09:40:00-05:00,59.36,59.38,59.31,59.31,860
2020-02-13 09:45:00-05:00,59.29,59.365,59.22,59.36,4228
2020-02-13 09:50:00-05:00,59.35,59.52,59.35,59.52,4770
2020-02-13 09:55:00-05:00,59.54,59.55,59.5,59.525,5185
2020-02-13 10:00:00-05:00,59.475,59.51,59.36,59.36,7209
2020-02-13 10:05:00-05:00,59.38,59.475,59.38,59.475,2871
2020-02-13 10:10:00-05:00,59.46,59.53,59.46,59.53,3092
2020-02-13 10:15:00-05:00,59.53,59.54,59.49,59.51,1610
2020-02-13 10:20:00-05:00,59.51,59.51,59.46,59.48,2768
2020-02-13 10:25:00-05:00,59.465,59.53,59.455,59.53,2967
2020-02-13 10:30:00-05:00,59.535,59.55,59.52,59.55,2751
2020-02-13 10:35:00-05:00,59.56,59.625,59.56,59.62,2476
2020-02-13 10:40:00-05:00,59.64,59.64,59.62,59.63,1335
2020-02-13 10:45:00-05:00,59.65,59.675,59.64,59.66,5055
2020-02-13 10:50:00-05:00,59.665,59.675,59.65,59.65,4375
2020-02-13 10:55:00-05:00,59.65,59.7,59.65,59.67,2960
2020-02-13 11:00:00-05:00,59.68,59.72,59.67,59.705,3668
2020-02-13 11:05:00-05:00,59.72,59.735,59.695,59.71,2009
2020-02-13 11:10:00-05:00,59.7,59.71,59.66,59.675,2977
2020-02-13 11:15:00-05:00,59.68,59.75,59.68,59.72,3328
2020-02-13 11:20:00-05:00,59.73,59.75,59.71,59.75,2841
2020-02-13 11:25:00-05:00,59.74,59.77,59.73,59.77,6344
2020-02-13 11:30:00-05:00,59.78,59.78,59.75,59.75,4701
2020-02-13 11:35:00-05:00,59.75,59.75,59.69,59.69,1504
2020-02-13 11:40:00-05:00,59.68,59.72,59.675,59.72,1705
2020-02-13 11:45:00-05:00,59.725,59.74,59.71,59.73,2786
2020-02-13 11:50:00-05:00,59.72,59.74,59.705,59.74,2630
2020-02-13 11:55:00-05:00,59.73,59.75,59.7,59.75,2455
2020-02-13 12:00:00-05:00,59.765,59.77,59.725,59.75,2225
2020-02-13 12:05:00-05:00,59.74,59.75,59.71,59.74,6079
2020-02-13 12:10:00-05:00,59.75,59.75,59.72,59.72,1835
2020-02-13 12:15:00-05:00,59.73,59.745,59.73,59.73,2856
2020-02-13 12:20:00-05:00,59.725,59.725,59.72,59.72,3522
2020-02-13 12:25:00-05:00,59.725,59.73,59.69,59.725,6062
2020-02-13 12:30:00-05:00,59.725,59.725,59.715,59.715,1820
2020-02-13 12:35:00-05:00,59.715,59.715,59.685,59.69,4298
2020-02-13 12:40:00-05:00,59.69,59.74,59.69,59.74,3806
2020-02-13 12:45:00-05:00,59.74,59.745,59.71,59.73,6487
2020-02-13 12:50:00-05:00,59.725,59.725,59.72,59.72,4109
2020-02-13 12:55:00-05:00,59.72,59.72,59.695,59.695,2980
2020-02-13 13:00:00-05:00,59.7,59.705,59.69,59.7,6146
2020-02-13 13:05:00-05:00,59.69,59.705,59.69,59.695,8317
2020-02-13 13:10:00-05:00,59.7,59.705,59.68,59.69,7160
2020-02-13 13:15:00-05:00,59.69,59.705,59.69,59.705,2361
2020-02-13 13:20:00-05:00,59.7,59.705,59.7,59.7,3171
2020-02-13 13:25:00-05:00,59.705,59.72,59.7,59.72,3606
2020-02-13 13:30:00-05:00,59.71,59.74,59.705,59.74,9014
2020-02-13 13:35:00-05:00,59.74,59.75,59.73,59.745,5116
2020-02-13 13:40:00-05:00,59.75,59.79,59.745,59.76,8622
2020-02-13 13:45:00-05:00,59.77,59.79,59.77,59.79,3597
2020-02-13 13:50:00-05:00,59.785,59.785,59.75,59.75,5928
2020-02-13 13:55:00-05:00,59.755,59.76,59.74,59.74,1253
2020-02-13 14:00:00-05:00,59.745,59.77,59.74,59.76,8000
2020-02-13 14:05:00-05:00,59.77,59.77,59.75,59.75,1797
2020-02-13 14:10:00-05:00,59.745,59.775,59.745,59.76,4036
2020-02-13 14:15:00-05:00,59.775,59.79,59.775,59.79,1630
2020-02-13 14:20:00-05:00,59.79,59.79,59.78,59.78,3880
2020-02-13 14:25:00-05:00,59.775,59.79,59.75,59.77,5457
2020-02-13 14:30:00-05:00,59.765,59.77,59.75,59.765,5007
2020-02-13 14:35:00-05:00,59.76,59.77,59.76,59.77,4415
2020-02-13 14:40:00-05:00,59.78,59.835,59.78,59.78,7704
2020-02-13 14:45:00-05:00,59.785,59.8,59.77,59.79,5291
2020-02-13 14:50:00-05:00,59.8,59.8,59.79,59.8,3712
2020-02-13 14:55:00-05:00,59.795,59.83,59.795,59.8,5762
2020-02-13 15:00:00-05:00,59.82,59.82,59.74,59.74,6249
2020-02-13 15:05:00-05:00,59.71,59.76,59.71,59.76,1838
2020-02-13 15:10:00-05:00,59.76,59.76,59.73,59.73,4976
2020-02-13 15:15:00-05:00,59.74,59.755,59.7,59.73,6035
2020-02-13 15:20:00-05:00,59.73,59.73,59.71,59.72,3752
2020-02-13 15:25:00-05:00,59.73,59.73,59.69,59.72,5858
2020-02-13 15:30:00-05:00,59.725,59.725,59.65,59.66,15039
2020-02-13 15:35:00-05:00,59.665,59.69,59.66,59.67,9780
2020-02-13 15:40:00-05:00,59.66,59.67,59.61,59.61,10741
2020-02-13 15:45:00-05:00,59.62,59.67,59.6,59.67,27726
2020-02-13 15:50:00-05:00,59.665,59.67,59.61,59.63,45339
2020-02-13 15:55:00-05:00,59.62,59.65,59.55,59.63,89225
2020-02-14 09:30:00-05:00,59.62,59.84,59.62,59.835,5844
2020-02-14 09:35:00-05:00,59.84,59.87,59.785,59.785,5308
2020-02-14 09:40:00-05:00,59.77,59.82,59.77,59.78,2178
2020-02-14 09:45:00-05:00,59.79,59.79,59.77,59.79,1767
2020-02-14 09:50:00-05:00,59.79,59.8,59.765,59.78,2076
2020-02-14 09:55:00-05:00,59.74,59.74,59.7,59.7,1367
2020-02-14 10:00:00-05:00,59.705,59.76,59.705,59.72,1786
2020-02-14 10:05:00-05:00,59.725,59.8,59.725,59.8,3831
2020-02-14 10:10:00-05:00,59.81,59.885,59.81,59.885,1944
2020-02-14 10:15:00-05:00,59.89,59.93,59.87,59.93,7432
2020-02-14 10:20:00-05:00,59.94,59.94,59.91,59.91,5908
2020-02-14 10:25:00-05:00,59.89,59.93,59.86,59.93,3484
2020-02-14 10:30:00-05:00,59.91,59.91,59.87,59.87,1098
2020-02-14 10:35:00-05:00,59.87,59.89,59.83,59.83,3931
2020-02-14 10:40:00-05:00,59.83,59.83,59.81,59.81,666
2020-02-14 10:45:00-05:00,59.825,59.88,59.82,59.88,1295
2020-02-14 10:50:00-05:00,59.88,59.88,59.85,59.86,1804
2020-02-14 10:55:00-05:00,59.86,59.86,59.79,59.795,3981
2020-02-14 11:00:00-05:00,59.78,59.81,59.74,59.81,6481
2020-02-14 11:05:00-05:00,59.81,59.81,59.78,59.78,1213
2020-02-14 11:10:00-05:00,59.79,59.81,59.79,59.81,540
2020-02-14 11:15:00-05:00,59.83,59.84,59.81,59.81,23811
2020-02-14 11:20:00-05:00,59.8,59.8,59.77,59.79,3614
2020-02-14 11:25:00-05:00,59.75,59.755,59.73,59.74,1951
2020-02-14 11:30:00-05:00,59.74,59.755,59.73,59.75,1801
2020-02-14 11:35:00-05:00,59.76,59.79,59.76,59.79,961
2020-02-14 11:40:00-05:00,59.785,59.8,59.785,59.8,339
2020-02-14 11:45:00-05:00,59.8,59.8,59.77,59.77,3839
2020-02-14 11:50:00-05:00,59.78,59.79,59.76,59.78,2108
2020-02-14 11:55:00-05:00,59.78,59.805,59.775,59.805,3567
2020-02-14 12:00:00-05:00,59.795,59.8,59.765,59.765,6079
2020-02-14 12:05:00-05:00,59.775,59.875,59.775,59.86,2831
2020-02-14 12:10:00-05:00,59.89,59.91,59.89,59.9,3611
2020-02-14 12:15:00-05:00,59.915,59.925,59.91,59.91,1158
2020-02-14 12:20:00-05:00,59.91,59.99,59.91,59.97,17470
2020-02-14 12:25:00-05:00,59.97,60.0,59.95,59.96,2991
2020-02-14 12:30:00-05:00,59.97,59.975,59.94,59.96,4076
2020-02-14 12:35:00-05:00,59.965,59.99,59.95,59.985,1979
2020-02-14 12:40:00-05:00,59.98,59.99,59.955,59.955,2822
2020-02-14 12:45:00-05:00,59.96,59.97,59.94,59.97,3455
2020-02-14 12:50:00-05:00,59.965,59.97,59.95,59.96,2338
2020-02-14 12:55:00-05:00,59.97,59.98,59.97,59.975,517
2020-02-14 13:00:00-05:00,59.97,60.065,59.97,60.03,17741
2020-02-14 13:05:00-05:00,60.02,60.03,59.94,59.94,4365
2020-02-14 13:10:00-05:00,59.945,59.97,59.94,59.97,536
2020-02-14 13:15:00-05:00,59.98,59.98,59.885,59.895,3262
2020-02-14 13:20:00-05:00,59.9,59.9,59.87,59.87,453
2020-02-14 13:25:00-05:00,59.87,59.88,59.84,59.87,4134
2020-02-14 13:30:00-05:00,59.855,59.86,59.845,59.845,15310
2020-02-14 13:35:00-05:00,59.86,59.89,59.86,59.89,2240
2020-02-14 13:40:00-05:00,59.89,59.935,59.89,59.935,1069
2020-02-14 13:45:00-05:00,59.94,59.94,59.9,59.91,4361
2020-02-14 13:50:00-05:00,59.905,59.94,59.905,59.93,1857
2020-02-14 13:55:00-05:00,59.92,59.92,59.905,59.91,495
2020-02-14 14:00:00-05:00,59.92,59.95,59.92,59.93,1152
2020-02-14 14:05:00-05:00,59.92,59.93,59.905,59.92,10133
2020-02-14 14:10:00-05:00,59.93,59.93,59.89,59.89,2216
2020-02-14 14:15:00-05:00,59.88,59.885,59.85,59.875,8256
2020-02-14 14:20:00-05:00,59.885,59.975,59.885,59.965,5742
2020-02-14 14:25:00-05:00,59.965,60.005,59.965,59.975,11171
2020-02-14 14:30:00-05:00,59.975,59.975,59.92,59.93,5434
2020-02-14 14:35:00-05:00,59.935,59.935,59.93,59.93,3709
2020-02-14 14:40:00-05:00,59.925,59.925,59.9,59.9,2183
2020-02-14 14:45:00-05:00,59.89,59.9,59.88,59.885,2418
2020-02-14 14:50:00-05:00,59.89,59.9,59.83,59.83,3642
2020-02-14 14:55:00-05:00,59.83,59.9,59.83,59.85,3628
2020-02-14 15:00:00-05:00,59.85,59.85,59.82,59.82,4627
2020-02-14 15:05:00-05:00,59.82,59.85,59.82,59.83,1338
2020-02-14 15:10:00-05:00,59.84,59.85,59.78,59.805,4192
2020-02-14 15:15:00-05:00,59.8,59.81,59.76,59.795,3331
2020-02-14 15:20:00-05:00,59.815,59.85,59.81,59.85,6583
2020-02-14 15:25:00-05:00,59.84,59.87,59.83,59.85,4749
2020-02-14 15:30:00-05:00,59.855,59.87,59.83,59.87,11098
2020-02-14 15:35:00-05:00,59.865,59.88,59.84,59.86,11009
2020-02-14 15:40:00-05:00,59.86,59.89,59.85,59.89,7116
2020-02-14 15:45:00-05:00,59.88,59.94,59.87,59.94,12832
2020-02-14 15:50:00-05:00,59.93,59.935,59.88,59.89,27583
2020-02-14 15:55:00-05:00,59.9,59.96,59.87,59.935,103721
2020-02-18 09:30:00-05:00,59.765,59.905,59.66,59.73,17268
2020-02-18 09:35:00-05:00,59.76,59.79,59.73,59.78,6431
2020-02-18 09:40:00-05:00,59.75,59.92,59.74,59.92,3840
2020-02-18 09:45:00-05:00,59.915,59.93,59.89,59.925,4827
2020-02-18 09:50:00-05:00,59.93,59.93,59.84,59.85,4313
2020-02-18 09:55:00-05:00,59.845,59.89,59.84,59.89,1705
2020-02-18 10:00:00-05:00,59.89,59.9,59.8,59.84,5175
2020-02-18 10:05:00-05:00,59.83,59.86,59.815,59.835,4629
2020-02-18 10:10:00-05:00,59.83,59.86,59.82,59.82,2630
2020-02-18 10:15:00-05:00,59.805,59.805,59.735,59.75,5078
2020-02-18 10:20:00-05:00,59.795,59.84,59.785,59.83,4618
2020-02-18 10:25:00-05:00,59.815,59.83,59.735,59.735,4672
2020-02-18 10:30:00-05:00,59.755,59.77,59.69,59.7,5622
2020-02-18 10:35:00-05:00,59.7,59.7,59.625,59.625,5422
2020-02-18 10:40:00-05:00,59.61,59.65,59.58,59.63,4169
2020-02-18 10:45:00-05:00,59.63,59.63,59.56,59.56,5342
2020-02-18 10:50:00-05:00,59.56,59.58,59.55,59.555,3225
2020-02-18 10:55:00-05:00,59.57,59.61,59.56,59.58,4308
2020-02-18 11:00:00-05:00,59.57,59.59,59.54,59.575,5843
2020-02-18 11:05:00-05:00,59.565,59.59,59.565,59.59,8551
2020-02-18 11:10:00-05:00,59.59,59.625,59.585,59.59,2472
2020-02-18 11:15:00-05:00,59.585,59.61,59.55,59.555,5237
2020-02-18 11:20:00-05:00,59.56,59.595,59.54,59.56,4580
2020-02-18 11:25:00-05:00,59.565,59.565,59.475,59.5,6384
2020-02-18 11:30:00-05:00,59.5,59.5,59.455,59.485,4404
2020-02-18 11:35:00-05:00,59.495,59.545,59.495,59.535,4552
2020-02-18 11:40:00-05:00,59.535,59.55,59.53,59.535,9113
2020-02-18 11:45:00-05:00,59.545,59.57,59.54,59.565,2671
2020-02-18 11:50:00-05:00,59.575,59.595,59.56,59.575,5448
2020-02-18 11:55:00-05:00,59.57,59.57,59.525,59.525,1931
2020-02-18 12:00:00-05:00,59.53,59.57,59.525,59.57,2350
2020-02-18 12:05:00-05:00,59.56,59.56,59.52,59.55,3268
2020-02-18 12:10:00-05:00,59.56,59.59,59.555,59.58,2428
2020-02-18 12:15:00-05:00,59.59,59.62,59.59,59.62,1475
2020-02-18 12:20:00-05:00,59.615,59.64,59.61,59.615,2831
2020-02-18 12:25:00-05:00,59.61,59.65,59.61,59.63,2576
2020-02-18 12:30:00-05:00,59.63,59.66,59.63,59.65,2001
2020-02-18 12:35:00-05:00,59.65,59.655,59.62,59.655,1164
2020-02-18 12:40:00-05:00,59.66,59.66,59.64,59.645,2680
2020-02-18 12:45:00-05:00,59.645,59.65,59.62,59.625,1432
2020-02-18 12:50:00-05:00,59.625,59.65,59.625,59.64,2058
2020-02-18 12:55:00-05:00,59.645,59.67,59.645,59.665,2559
2020-02-18 13:00:00-05:00,59.67,59.7,59.66,59.695,4302
2020-02-18 13:05:00-05:00,59.695,59.72,59.69,59.72,3343
2020-02-18 13:10:00-05:00,59.715,59.73,59.7,59.705,2969
2020-02-18 13:15:00-05:00,59.705,59.72,59.68,59.695,3162
2020-02-18 13:20:00-05:00,59.705,59.73,59.705,59.72,3908
2020-02-18 13:25:00-05:00,59.715,59.73,59.71,59.73,1520
2020-02-18 13:30:00-05:00,59.725,59.75,59.725,59.74,12649
2020-02-18 13:35:00-05:00,59.74,59.74,59.71,59.72,3480
2020-02-18 13:40:00-05:00,59.72,59.75,59.72,59.75,2487
2020-02-18 13:45:00-05:00,59.745,59.785,59.74,59.785,5431
2020-02-18 13:50:00-05:00,59.79,59.79,59.76,59.765,1998
2020-02-18 13:55:00-05:00,59.77,59.77,59.745,59.77,1303
2020-02-18 14:00:00-05:00,59.76,59.76,59.71,59.71,2450
2020-02-18 14:05:00-05:00,59.725,59.745,59.71,59.73,2877
2020-02-18 14:10:00-05:00,59.725,59.74,59.67,59.67,3233
2020-02-18 14:15:00-05:00,59.665,59.72,59.665,59.705,7626
2020-02-18 14:20:00-05:00,59.71,59.75,59.7,59.75,3318
2020-02-18 14:25:00-05:00,59.75,59.78,59.75,59.77,2888
2020-02-18 14:30:00-05:00,59.78,59.78,59.69,59.7,2512
2020-02-18 14:35:00-05:00,59.69,59.72,59.69,59.7,1954
2020-02-18 14:40:00-05:00,59.71,59.73,59.705,59.715,1921
2020-02-18 14:45:00-05:00,59.71,59.71,59.67,59.67,1150
2020-02-18 14:50:00-05:00,59.675,59.69,59.65,59.65,2416
2020-02-18 14:55:00-05:00,59.66,59.69,59.66,59.675,5642
2020-02-18 15:00:00-05:00,59.675,59.68,59.64,59.655,4021
2020-02-18 15:05:00-05:00,59.665,59.665,59.62,59.62,2257
2020-02-18 15:10:00-05:00,59.63,59.66,59.63,59.645,3675
2020-02-18 15:15:00-05:00,59.65,59.66,59.64,59.66,4298
2020-02-18 15:20:00-05:00,59.65,59.66,59.64,59.65,6212
2020-02-18 15:25:00-05:00,59.65,59.65,59.62,59.625,6028
2020-02-18 15:30:00-05:00,59.62,59.62,59.57,59.575,5130
2020-02-18 15:35:00-05:00,59.58,59.58,59.545,59.56,6747
2020-02-18 15:40:00-05:00,59.555,59.6,59.555,59.595,11490
2020-02-18 15:45:00-05:00,59.6,59.6,59.52,59.525,7883
2020-02-18 15:50:00-05:00,59.52,59.55,59.52,59.54,6647
2020-02-18 15:55:00-05:00,59.54,59.59,59.51,59.54,54192
2020-02-19 09:30:00-05:00,59.53,59.68,59.48,59.65,12362
2020-02-19 09:35:00-05:00,59.66,59.745,59.63,59.7,3879
2020-02-19 09:40:00-05:00,59.715,59.785,59.715,59.715,1804
2020-02-19 09:45:00-05:00,59.705,59.755,59.685,59.705,6057
2020-02-19 09:50:00-05:00,59.725,59.765,59.71,59.765,2766
2020-02-19 09:55:00-05:00,59.775,59.785,59.725,59.755,3324
2020-02-19 10:00:00-05:00,59.765,59.795,59.695,59.745,10535
2020-02-19 10:05:00-05:00,59.74,59.79,59.725,59.745,9274
2020-02-19 10:10:00-05:00,59.74,59.74,59.685,59.71,5432
2020-02-19 10:15:00-05:00,59.71,59.78,59.68,59.775,10532
2020-02-19 10:20:00-05:00,59.775,59.82,59.77,59.795,13116
2020-02-19 10:25:00-05:00,59.795,59.815,59.75,59.795,8727
2020-02-19 10:30:00-05:00,59.795,59.815,59.765,59.805,4177
2020-02-19 10:35:00-05:00,59.815,59.83,59.795,59.81,2971
2020-02-19 10:40:00-05:00,59.815,59.815,59.805,59.81,1876
2020-02-19 10:45:00-05:00,59.82,59.825,59.805,59.825,980
2020-02-19 10:50:00-05:00,59.825,59.84,59.815,59.83,1448
2020-02-19 10:55:00-05:00,59.835,59.86,59.835,59.835,1750
2020-02-19 11:00:00-05:00,59.835,59.88,59.835,59.87,2030
2020-02-19 11:05:00-05:00,59.845,59.93,59.845,59.925,4096
2020-02-19 11:10:00-05:00,59.93,59.96,59.925,59.955,3477
2020-02-19 11:15:00-05:00,59.955,59.975,59.95,59.975,7974
2020-02-19 11:20:00-05:00,59.97,59.995,59.97,59.98,3101
2020-02-19 11:25:00-05:00,59.99,59.99,59.96,59.975,3061
2020-02-19 11:30:00-05:00,59.965,59.97,59.935,59.955,4349
2020-02-19 11:35:00-05:00,59.98,59.98,59.95,59.95,3400
2020-02-19 11:40:00-05:00,59.94,59.95,59.91,59.94,2914
2020-02-19 11:45:00-05:00,59.95,59.95,59.91,59.92,6150
2020-02-19 11:50:00-05:00,59.94,59.94,59.9,59.9,2337
2020-02-19 11:55:00-05:00,59.89,59.895,59.86,59.86,3198
2020-02-19 12:00:00-05:00,59.85,59.86,59.84,59.85,2213
2020-02-19 12:05:00-05:00,59.845,59.865,59.845,59.86,1675
2020-02-19 12:10:00-05:00,59.84,59.855,59.83,59.845,1404
2020-02-19 12:15:00-05:00,59.865,59.87,59.86,59.87,5198
2020-02-19 12:20:00-05:00,59.865,59.87,59.86,59.87,1859
2020-02-19 12:25:00-05:00,59.87,59.87,59.83,59.83,3322
2020-02-19 12:30:00-05:00,59.815,59.82,59.78,59.78,2365
2020-02-19 12:35:00-05:00,59.79,59.81,59.785,59.81,1970
2020-02-19 12:40:00-05:00,59.81,59.85,59.8,59.85,3727
2020-02-19 12:45:00-05:00,59.84,59.845,59.835,59.845,1770
2020-02-19 12:50:00-05:00,59.84,59.84,59.8,59.8,3025
2020-02-19 12:55:00-05:00,59.785,59.825,59.78,59.82,2824
2020-02-19 13:00:00-05:00,59.825,59.84,59.825,59.84,1999
2020-02-19 13:05:00-05:00,59.83,59.84,59.82,59.825,4525
2020-02-19 13:10:00-05:00,59.83,59.84,59.82,59.83,2397
2020-02-19 13:15:00-05:00,59.82,59.84,59.82,59.83,3006
2020-02-19 13:20:00-05:00,59.84,59.84,59.82,59.82,1710
2020-02-19 13:25:00-05:00,59.82,59.82,59.8,59.81,3472
2020-02-19 13:30:00-05:00,59.815,59.815,59.78,59.785,20741
2020-02-19 13:35:00-05:00,59.785,59.795,59.77,59.795,1733
2020-02-19 13:40:00-05:00,59.79,59.795,59.78,59.78,1766
2020-02-19 13:45:00-05:00,59.79,59.79,59.77,59.77,5295
2020-02-19 13:50:00-05:00,59.78,59.85,59.78,59.85,5359
2020-02-19 13:55:00-05:00,59.85,59.87,59.83,59.87,5085
2020-02-19 14:00:00-05:00,59.86,59.87,59.85,59.865,2113
2020-02-19 14:05:00-05:00,59.89,59.895,59.86,59.86,1063
2020-02-19 14:10:00-05:00,59.86,59.86,59.825,59.825,10029
2020-02-19 14:15:00-05:00,59.825,59.825,59.81,59.81,2060
2020-02-19 14:20:00-05:00,59.81,59.81,59.795,59.8,2111
2020-02-19 14:25:00-05:00,59.79,59.8,59.785,59.79,1584
2020-02-19 14:30:00-05:00,59.805,59.825,59.805,59.81,2152
2020-02-19 14:35:00-05:00,59.825,59.835,59.825,59.83,2756
2020-02-19 14:40:00-05:00,59.84,59.86,59.84,59.86,890
2020-02-19 14:45:00-05:00,59.86,59.86,59.845,59.855,1247
2020-02-19 14:50:00-05:00,59.86,59.875,59.86,59.865,3827
2020-02-19 14:55:00-05:00,59.855,59.89,59.855,59.89,2873
2020-02-19 15:00:00-05:00,59.89,59.91,59.885,59.885,6720
2020-02-19 15:05:00-05:00,59.88,59.925,59.88,59.92,4961
2020-02-19 15:10:00-05:00,59.915,59.925,59.875,59.895,3986
2020-02-19 15:15:00-05:00,59.9,59.93,59.9,59.91,5913
2020-02-19 15:20:00-05:00,59.895,59.895,59.85,59.86,8239
2020-02-19 15:25:00-05:00,59.87,59.87,59.83,59.84,3907
2020-02-19 15:30:00-05:00,59.85,59.88,59.825,59.85,5661
2020-02-19 15:35:00-05:00,59.86,59.88,59.835,59.85,9191
2020-02-19 15:40:00-05:00,59.85,59.89,59.85,59.87,9926
2020-02-19 15:45:00-05:00,59.87,59.88,59.84,59.855,12671
2020-02-19 15:50:00-05:00,59.86,59.86,59.8,59.82,19460
2020-02-19 15:55:00-05:00,59.825,59.825,59.77,59.78,52560
2020-02-20 09:30:00-05:00,59.71,59.85,59.7,59.81,7563
2020-02-20 09:35:00-05:00,59.82,59.83,59.8,59.81,2831
2020-02-20 09:40:00-05:00,59.785,59.8,59.72,59.72,4512
2020-02-20 09:45:00-05:00,59.72,59.765,59.685,59.765,5018
2020-02-20 09:50:00-05:00,59.765,59.77,59.725,59.755,5033
2020-02-20 09:55:00-05:00,59.75,59.75,59.655,59.66,6135
2020-02-20 10:00:00-05:00,59.66,59.66,59.59,59.64,5041
2020-02-20 10:05:00-05:00,59.63,59.695,59.62,59.68,5797
2020-02-20 10:10:00-05:00,59.685,59.7,59.615,59.615,5267
2020-02-20 10:15:00-05:00,59.605,59.61,59.57,59.59,5058
2020-02-20 10:20:00-05:00,59.58,59.62,59.575,59.615,4817
2020-02-20 10:25:00-05:00,59.605,59.62,59.58,59.595,5349
2020-02-20 10:30:00-05:00,59.585,59.6,59.575,59.575,7748
2020-02-20 10:35:00-05:00,59.575,59.58,59.53,59.56,8993
2020-02-20 10:40:00-05:00,59.555,59.57,59.53,59.53,5058
2020-02-20 10:45:00-05:00,59.535,59.54,59.51,59.52,5711
2020-02-20 10:50:00-05:00,59.51,59.54,59.49,59.505,5589
2020-02-20 10:55:00-05:00,59.505,59.52,59.465,59.465,3780
2020-02-20 11:00:00-05:00,59.46,59.505,59.44,59.49,7587
2020-02-20 11:05:00-05:00,59.48,59.49,59.42,59.42,3469
2020-02-20 11:10:00-05:00,59.41,59.42,59.34,59.34,2972
2020-02-20 11:15:00-05:00,59.34,59.355,59.295,59.315,6993
2020-02-20 11:20:00-05:00,59.315,59.35,59.29,59.295,9097
2020-02-20 11:25:00-05:00,59.31,59.31,59.27,59.285,7900
2020-02-20 11:30:00-05:00,59.27,59.31,59.11,59.25,24237
2020-02-20 11:35:00-05:00,59.26,59.28,59.2,59.245,9838
2020-02-20 11:40:00-05:00,59.22,59.34,59.21,59.295,5203
2020-02-20 11:45:00-05:00,59.28,59.35,59.28,59.34,3192
2020-02-20 11:50:00-05:00,59.34,59.41,59.33,59.4,4735
2020-02-20 11:55:00-05:00,59.39,59.41,59.38,59.38,1635
2020-02-20 12:00:00-05:00,59.37,59.37,59.32,59.35,2704
2020-02-20 12:05:00-05:00,59.34,59.35,59.29,59.29,3511
2020-02-20 12:10:00-05:00,59.29,59.39,59.29,59.39,1687
2020-02-20 12:15:00-05:00,59.39,59.395,59.31,59.31,4661
2020-02-20 12:20:00-05:00,59.3,59.335,59.275,59.33,3722
2020-02-20 12:25:00-05:00,59.335,59.4,59.335,59.4,1696
2020-02-20 12:30:00-05:00,59.38,59.41,59.33,59.36,4720
2020-02-20 12:35:00-05:00,59.36,59.38,59.33,59.33,4088
2020-02-20 12:40:00-05:00,59.34,59.34,59.295,59.3,14272
2020-02-20 12:45:00-05:00,59.295,59.36,59.285,59.315,4489
2020-02-20 12:50:00-05:00,59.31,59.33,59.28,59.325,2852
2020-02-20 12:55:00-05:00,59.315,59.355,59.315,59.355,2315
2020-02-20 13:00:00-05:00,59.355,59.395,59.34,59.39,6573
2020-02-20 13:05:00-05:00,59.4,59.43,59.365,59.43,7688
2020-02-20 13:10:00-05:00,59.425,59.48,59.415,59.47,8016
2020-02-20 13:15:00-05:00,59.495,59.5,59.46,59.465,4492
2020-02-20 13:20:00-05:00,59.485,59.5,59.475,59.48,7501
2020-02-20 13:25:00-05:00,59.48,59.48,59.4,59.4,3688
2020-02-20 13:30:00-05:00,59.41,59.42,59.35,59.39,14615
2020-02-20 13:35:00-05:00,59.37,59.38,59.34,59.375,3713
2020-02-20 13:40:00-05:00,59.38,59.4,59.36,59.365,5000
2020-02-20 13:45:00-05:00,59.37,59.4,59.36,59.36,5386
2020-02-20 13:50:00-05:00,59.36,59.39,59.355,59.355,5991
2020-02-20 13:55:00-05:00,59.36,59.37,59.35,59.365,2938
2020-02-20 14:00:00-05:00,59.37,59.41,59.37,59.41,7234
2020-02-20 14:05:00-05:00,59.41,59.43,59.41,59.415,3567
2020-02-20 14:10:00-05:00,59.43,59.46,59.43,59.43,12618
2020-02-20 14:15:00-05:00,59.425,59.465,59.425,59.46,15445
2020-02-20 14:20:00-05:00,59.46,59.495,59.45,59.495,4747
2020-02-20 14:25:00-05:00,59.5,59.5,59.43,59.435,5230
2020-02-20 14:30:00-05:00,59.435,59.475,59.435,59.465,9370
2020-02-20 14:35:00-05:00,59.465,59.47,59.45,59.455,5442
2020-02-20 14:40:00-05:00,59.46,59.46,59.43,59.43,3833
2020-02-20 14:45:00-05:00,59.435,59.435,59.38,59.39,2745
2020-02-20 14:50:00-05:00,59.385,59.4,59.37,59.4,3564
2020-02-20 14:55:00-05:00,59.4,59.45,59.39,59.44,4348
2020-02-20 15:00:00-05:00,59.435,59.475,59.43,59.46,3153
2020-02-20 15:05:00-05:00,59.46,59.49,59.46,59.47,5024
2020-02-20 15:10:00-05:00,59.48,59.495,59.42,59.48,6273
2020-02-20 15:15:00-05:00,59.48,59.535,59.475,59.535,4873
2020-02-20 15:20:00-05:00,59.535,59.57,59.52,59.56,6618
2020-02-20 15:25:00-05:00,59.56,59.575,59.53,59.53,4888
2020-02-20 15:30:00-05:00,59.53,59.57,59.53,59.55,7036
2020-02-20 15:35:00-05:00,59.545,59.6,59.53,59.585,6227
2020-02-20 15:40:00-05:00,59.58,59.6,59.58,59.595,8578
2020-02-20 15:45:00-05:00,59.6,59.6,59.56,59.6,16526
2020-02-20 15:50:00-05:00,59.595,59.77,59.57,59.77,64718
2020-02-20 15:55:00-05:00,59.76,59.82,59.68,59.69,78580
2020-02-21 09:30:00-05:00,59.57,59.68,59.46,59.53,8901
2020-02-21 09:35:00-05:00,59.52,59.565,59.45,59.55,4503
2020-02-21 09:40:00-05:00,59.535,59.55,59.5,59.5,2577
2020-02-21 09:45:00-05:00,59.54,59.69,59.49,59.68,7370
2020-02-21 09:50:00-05:00,59.68,59.71,59.665,59.665,3013
2020-02-21 09:55:00-05:00,59.66,59.76,59.66,59.75,3661
2020-02-21 10:00:00-05:00,59.745,59.82,59.73,59.805,6432
2020-02-21 10:05:00-05:00,59.8,59.87,59.8,59.84,3393
2020-02-21 10:10:00-05:00,59.82,59.86,59.795,59.85,5363
2020-02-21 10:15:00-05:00,59.865,59.92,59.86,59.91,6150
2020-02-21 10:20:00-05:00,59.91,59.91,59.83,59.835,3216
2020-02-21 10:25:00-05:00,59.825,59.87,59.82,59.87,3781
2020-02-21 10:30:00-05:00,59.86,59.86,59.79,59.805,4568
2020-02-21 10:35:00-05:00,59.8,59.82,59.77,59.77,6421
2020-02-21 10:40:00-05:00,59.75,59.78,59.72,59.78,2907
2020-02-21 10:45:00-05:00,59.75,59.77,59.705,59.72,5001
2020-02-21 10:50:00-05:00,59.705,59.75,59.67,59.735,5777
2020-02-21 10:55:00-05:00,59.735,59.735,59.695,59.695,2884
2020-02-21 11:00:00-05:00,59.715,59.79,59.715,59.725,2671
2020-02-21 11:05:00-05:00,59.74,59.75,59.72,59.72,1690
2020-02-21 11:10:00-05:00,59.71,59.73,59.69,59.7,1938
2020-02-21 11:15:00-05:00,59.715,59.745,59.69,59.725,5533
2020-02-21 11:20:00-05:00,59.725,59.785,59.7,59.785,2717
2020-02-21 11:25:00-05:00,59.79,59.825,59.79,59.825,4947
2020-02-21 11:30:00-05:00,59.84,59.85,59.79,59.84,7280
2020-02-21 11:35:00-05:00,59.835,59.855,59.82,59.855,3143
2020-02-21 11:40:00-05:00,59.85,59.91,59.845,59.9,4023
2020-02-21 11:45:00-05:00,59.91,59.915,59.88,59.905,1977
2020-02-21 11:50:00-05:00,59.93,59.94,59.92,59.925,2076
2020-02-21 11:55:00-05:00,59.945,59.945,59.905,59.905,2099
2020-02-21 12:00:00-05:00,59.89,59.895,59.88,59.895,2361
2020-02-21 12:05:00-05:00,59.91,59.93,59.91,59.925,6351
2020-02-21 12:10:00-05:00,59.92,59.96,59.92,59.95,2644
2020-02-21 12:15:00-05:00,59.95,59.975,59.95,59.975,4192
2020-02-21 12:20:00-05:00,59.97,59.98,59.95,59.96,1812
2020-02-21 12:25:00-05:00,59.97,59.98,59.96,59.975,2411
2020-02-21 12:30:00-05:00,59.98,59.99,59.96,59.975,2241
2020-02-21 12:35:00-05:00,59.98,60.0,59.98,60.0,7158
2020-02-21 12:40:00-05:00,60.0,60.07,60.0,60.055,31967
2020-02-21 12:45:00-05:00,60.05,60.05,59.99,60.01,3405
2020-02-21 12:50:00-05:00,60.005,60.07,60.005,60.045,1884
2020-02-21 12:55:00-05:00,60.03,60.07,60.025,60.025,4004
2020-02-21 13:00:00-05:00,60.03,60.055,60.025,60.045,3288
2020-02-21 13:05:00-05:00,60.03,60.07,60.03,60.04,851
2020-02-21 13:10:00-05:00,60.055,60.08,60.05,60.075,2747
2020-02-21 13:15:00-05:00,60.065,60.09,60.04,60.05,3657
2020-02-21 13:20:00-05:00,60.05,60.06,60.03,60.06,2393
2020-02-21 13:25:00-05:00,60.07,60.09,60.025,60.03,2497
2020-02-21 13:30:00-05:00,60.02,60.06,60.01,60.05,15501
2020-02-21 13:35:00-05:00,60.075,60.1,60.06,60.1,1111
2020-02-21 13:40:00-05:00,60.09,60.1,60.06,60.065,8072
2020-02-21 13:45:00-05:00,60.075,60.1,60.05,60.09,3418
2020-02-21 13:50:00-05:00,60.08,60.08,59.995,59.995,2900
2020-02-21 13:55:00-05:00,59.995,60.07,59.995,60.065,3206
2020-02-21 14:00:00-05:00,60.06,60.08,60.025,60.05,4952
2020-02-21 14:05:00-05:00,60.03,60.05,60.02,60.05,8125
2020-02-21 14:10:00-05:00,60.06,60.09,60.055,60.065,2874
2020-02-21 14:15:00-05:00,60.08,60.09,60.045,60.06,6917
2020-02-21 14:20:00-05:00,60.06,60.08,60.04,60.055,3537
2020-02-21 14:25:00-05:00,60.04,60.1,60.04,60.1,3346
2020-02-21 14:30:00-05:00,60.11,60.13,60.09,60.09,2402
2020-02-21 14:35:00-05:00,60.07,60.07,60.025,60.03,985
2020-02-21 14:40:00-05:00,60.01,60.06,60.0,60.035,4526
2020-02-21 14:45:00-05:00,60.03,60.055,60.03,60.05,1000
2020-02-21 14:50:00-05:00,60.02,60.03,59.99,59.99,2977
2020-02-21 14:55:00-05:00,60.01,60.05,60.01,60.03,2894
2020-02-21 15:00:00-05:00,60.05,60.05,60.01,60.01,2043
2020-02-21 15:05:00-05:00,60.0,60.06,59.99,60.02,4998
2020-02-21 15:10:00-05:00,60.03,60.06,60.02,60.05,4347
2020-02-21 15:15:00-05:00,60.04,60.04,60.015,60.03,5294
2020-02-21 15:20:00-05:00,60.03,60.07,60.01,60.045,9690
2020-02-21 15:25:00-05:00,60.05,60.1,60.04,60.08,7033
2020-02-21 15:30:00-05:00,60.08,60.09,60.01,60.015,10954
2020-02-21 15:35:00-05:00,60.02,60.06,59.99,60.01,10837
2020-02-21 15:40:00-05:00,60.005,60.05,59.985,59.99,11652
2020-02-21 15:45:00-05:00,59.99,60.05,59.99,60.005,18127
2020-02-21 15:50:00-05:00,59.98,60.1,59.98,60.05,19864
2020-02-21 15:55:00-05:00,60.06,60.13,60.0,60.13,98269
2020-02-24 09:30:00-05:00,59.21,59.7,59.21,59.66,20431
2020-02-24 09:35:00-05:00,59.65,59.72,59.46,59.52,23204
2020-02-24 09:40:00-05:00,59.54,59.76,59.45,59.76,19842
2020-02-24 09:45:00-05:00,59.77,59.79,59.625,59.7,11975
2020-02-24 09:50:00-05:00,59.7,59.7,59.65,59.665,8768
2020-02-24 09:55:00-05:00,59.67,59.67,59.58,59.58,5971
2020-02-24 10:00:00-05:00,59.59,59.61,59.49,59.545,6609
2020-02-24 10:05:00-05:00,59.54,59.62,59.54,59.62,12454
2020-02-24 10:10:00-05:00,59.61,59.67,59.56,59.56,6418
2020-02-24 10:15:00-05:00,59.55,59.56,59.47,59.51,11620
2020-02-24 10:20:00-05:00,59.52,59.54,59.48,59.49,10927
2020-02-24 10:25:00-05:00,59.5,59.65,59.5,59.65,11433
2020-02-24 10:30:00-05:00,59.64,59.66,59.605,59.615,12464
2020-02-24 10:35:00-05:00,59.6,59.6,59.47,59.5,10509
2020-02-24 10:40:00-05:00,59.51,59.565,59.47,59.565,8304
2020-02-24 10:45:00-05:00,59.56,59.6,59.54,59.56,8138
2020-02-24 10:50:00-05:00,59.55,59.6,59.515,59.515,2877
2020-02-24 10:55:00-05:00,59.5,59.57,59.5,59.57,5805
2020-02-24 11:00:00-05:00,59.57,59.59,59.515,59.52,4334
2020-02-24 11:05:00-05:00,59.54,59.54,59.49,59.505,6059
2020-02-24 11:10:00-05:00,59.49,59.515,59.48,59.515,3755
2020-02-24 11:15:00-05:00,59.515,59.545,59.51,59.525,4428
2020-02-24 11:20:00-05:00,59.55,59.59,59.55,59.56,5673
2020-02-24 11:25:00-05:00,59.59,59.59,59.5,59.51,3048
2020-02-24 11:30:00-05:00,59.5,59.515,59.455,59.505,6265
2020-02-24 11:35:00-05:00,59.5,59.51,59.46,59.475,5219
2020-02-24 11:40:00-05:00,59.465,59.465,59.35,59.37,3420
2020-02-24 11:45:00-05:00,59.385,59.385,59.3,59.305,5619
2020-02-24 11:50:00-05:00,59.305,59.375,59.29,59.36,4605
2020-02-24 11:55:00-05:00,59.35,59.4,59.34,59.36,5700
2020-02-24 12:00:00-05:00,59.38,59.4,59.32,59.33,2545
2020-02-24 12:05:00-05:00,59.32,59.32,59.22,59.24,2601
2020-02-24 12:10:00-05:00,59.24,59.24,59.19,59.19,2800
2020-02-24 12:15:00-05:00,59.19,59.195,59.13,59.13,4909
2020-02-24 12:20:00-05:00,59.13,59.19,59.115,59.16,3491
2020-02-24 12:25:00-05:00,59.145,59.18,59.12,59.13,2048
2020-02-24 12:30:00-05:00,59.1,59.1,58.99,59.07,5202
2020-02-24 12:35:00-05:00,59.08,59.11,59.07,59.075,2641
2020-02-24 12:40:00-05:00,59.08,59.08,59.04,59.06,1973
2020-02-24 12:45:00-05:00,59.05,59.1,59.05,59.075,2267
2020-02-24 12:50:00-05:00,59.07,59.08,59.04,59.06,1743
2020-02-24 12:55:00-05:00,59.06,59.065,58.97,58.97,43315
2020-02-24 13:00:00-05:00,58.96,58.965,58.92,58.935,5744
2020-02-24 13:05:00-05:00,58.94,59.015,58.94,58.985,5570
2020-02-24 13:10:00-05:00,58.99,59.0,58.92,58.92,3464
2020-02-24 13:15:00-05:00,58.91,58.91,58.84,58.87,4440
2020-02-24 13:20:00-05:00,58.845,58.85,58.77,58.8,4434
2020-02-24 13:25:00-05:00,58.79,58.9,58.78,58.9,6181
2020-02-24 13:30:00-05:00,58.88,58.95,58.88,58.935,38753
2020-02-24 13:35:00-05:00,58.94,58.975,58.935,58.975,4777
2020-02-24 13:40:00-05:00,58.97,58.98,58.945,58.965,4055
2020-02-24 13:45:00-05:00,58.96,59.045,58.95,59.005,7191
2020-02-24 13:50:00-05:00,59.0,59.02,58.97,58.99,3926
2020-02-24 13:55:00-05:00,58.98,59.0,58.95,58.985,3844
2020-02-24 14:00:00-05:00,58.99,59.02,58.93,58.93,6615
2020-02-24 14:05:00-05:00,58.93,58.955,58.88,58.9,12750
2020-02-24 14:10:00-05:00,58.9,58.94,58.87,58.87,4281
2020-02-24 14:15:00-05:00,58.86,58.895,58.81,58.815,5111
2020-02-24 14:20:00-05:00,58.83,58.93,58.83,58.925,4929
2020-02-24 14:25:00-05:00,58.915,58.97,58.87,58.965,6525
2020-02-24 14:30:00-05:00,58.97,59.0,58.95,58.95,8025
2020-02-24 14:35:00-05:00,58.94,58.95,58.9,58.93,2760
2020-02-24 14:40:00-05:00,58.94,58.965,58.93,58.945,4883
2020-02-24 14:45:00-05:00,58.94,59.0,58.915,58.985,7150
2020-02-24 14:50:00-05:00,58.995,58.995,58.91,58.96,6437
2020-02-24 14:55:00-05:00,58.95,59.0,58.935,58.99,7233
2020-02-24 15:00:00-05:00,58.995,59.03,58.955,59.0,9600
2020-02-24 15:05:00-05:00,58.995,59.05,58.98,59.05,8564
2020-02-24 15:10:00-05:00,59.045,59.045,58.94,58.95,6080
2020-02-24 15:15:00-05:00,58.96,58.99,58.93,58.965,7605
2020-02-24 15:20:00-05:00,58.96,59.01,58.95,58.95,7861
2020-02-24 15:25:00-05:00,58.93,58.95,58.89,58.89,8651
2020-02-24 15:30:00-05:00,58.9,58.91,58.875,58.91,9264
2020-02-24 15:35:00-05:00,58.88,58.88,58.755,58.755,11417
2020-02-24 15:40:00-05:00,58.76,58.81,58.75,58.76,17135
2020-02-24 15:45:00-05:00,58.76,58.86,58.76,58.845,17722
2020-02-24 15:50:00-05:00,58.84,58.84,58.61,58.65,24430
2020-02-24 15:55:00-05:00,58.64,58.68,58.57,58.65,88321
2020-02-25 09:30:00-05:00,58.721,58.94,58.72,58.94,8510
2020-02-25 09:35:00-05:00,58.96,59.01,58.935,59.0,11740
2020-02-25 09:40:00-05:00,58.95,58.995,58.9,58.94,4237
2020-02-25 09:45:00-05:00,58.97,58.995,58.92,58.92,10146
2020-02-25 09:50:00-05:00,58.91,59.0,58.895,58.995,8834
2020-02-25 09:55:00-05:00,58.99,59.13,58.99,59.1,10005
2020-02-25 10:00:00-05:00,59.1,59.16,59.055,59.055,13832
2020-02-25 10:05:00-05:00,59.06,59.14,59.03,59.095,19458
2020-02-25 10:10:00-05:00,59.08,59.15,59.07,59.15,14900
2020-02-25 10:15:00-05:00,59.15,59.195,59.08,59.12,14582
2020-02-25 10:20:00-05:00,59.12,59.14,58.99,58.99,7342
2020-02-25 10:25:00-05:00,58.99,58.99,58.84,58.84,5954
2020-02-25 10:30:00-05:00,58.875,58.91,58.84,58.895,4659
2020-02-25 10:35:00-05:00,58.905,58.995,58.885,58.95,5848
2020-02-25 10:40:00-05:00,58.96,59.04,58.94,59.03,7682
2020-02-25 10:45:00-05:00,59.045,59.05,58.905,58.92,8512
2020-02-25 10:50:00-05:00,58.91,58.91,58.71,58.79,8395
2020-02-25 10:55:00-05:00,58.8,58.85,58.735,58.85,8781
2020-02-25 11:00:00-05:00,58.825,58.91,58.79,58.79,6301
2020-02-25 11:05:00-05:00,58.8,58.805,58.74,58.78,6495
2020-02-25 11:10:00-05:00,58.775,58.84,58.775,58.825,8589
2020-02-25 11:15:00-05:00,58.83,58.83,58.66,58.69,14834
2020-02-25 11:20:00-05:00,58.68,58.72,58.64,58.68,7287
2020-02-25 11:25:00-05:00,58.71,58.77,58.69,58.75,4674
2020-02-25 11:30:00-05:00,58.72,58.77,58.68,58.75,6689
2020-02-25 11:35:00-05:00,58.74,58.78,58.695,58.77,3938
2020-02-25 11:40:00-05:00,58.81,58.81,58.72,58.745,3047
2020-02-25 11:45:00-05:00,58.73,58.84,58.73,58.805,4518
2020-02-25 11:50:00-05:00,58.8,58.81,58.77,58.78,4433
2020-02-25 11:55:00-05:00,58.785,58.8,58.73,58.77,3794
2020-02-25 12:00:00-05:00,58.77,58.8,58.71,58.71,2242
2020-02-25 12:05:00-05:00,58.73,58.73,58.655,58.665,3055
2020-02-25 12:10:00-05:00,58.655,58.71,58.645,58.66,7212
2020-02-25 12:15:00-05:00,58.6,58.63,58.57,58.59,2272
2020-02-25 12:20:00-05:00,58.605,58.605,58.535,58.54,1946
2020-02-25 12:25:00-05:00,58.535,58.57,58.5,58.545,3339
2020-02-25 12:30:00-05:00,58.565,58.64,58.56,58.64,2313
2020-02-25 12:35:00-05:00,58.65,58.69,58.65,58.665,3776
2020-02-25 12:40:00-05:00,58.68,58.68,58.49,58.515,9675
2020-02-25 12:45:00-05:00,58.5,58.5,58.375,58.38,20136
2020-02-25 12:50:00-05:00,58.365,58.47,58.36,58.47,2817
2020-02-25 12:55:00-05:00,58.48,58.485,58.43,58.455,2962
2020-02-25 13:00:00-05:00,58.44,58.49,58.38,58.43,8367
2020-02-25 13:05:00-05:00,58.44,58.5,58.43,58.49,4371
2020-02-25 13:10:00-05:00,58.505,58.565,58.505,58.505,3761
2020-02-25 13:15:00-05:00,58.5,58.5,58.29,58.38,15867
2020-02-25 13:20:00-05:00,58.39,58.445,58.38,58.43,5054
2020-02-25 13:25:00-05:00,58.44,58.465,58.41,58.43,4647
2020-02-25 13:30:00-05:00,58.4,58.42,58.35,58.42,20658
2020-02-25 13:35:00-05:00,58.42,58.44,58.37,58.415,1438
2020-02-25 13:40:00-05:00,58.4,58.54,58.39,58.505,5105
2020-02-25 13:45:00-05:00,58.51,58.52,58.45,58.45,2186
2020-02-25 13:50:00-05:00,58.475,58.52,58.43,58.44,2479
2020-02-25 13:55:00-05:00,58.45,58.455,58.33,58.33,4398
2020-02-25 14:00:00-05:00,58.34,58.34,58.16,58.2,14988
2020-02-25 14:05:00-05:00,58.22,58.26,57.96,58.0,28289
2020-02-25 14:10:00-05:00,58.07,58.18,57.985,58.15,9129
2020-02-25 14:15:00-05:00,58.18,58.18,57.99,58.03,6017
2020-02-25 14:20:00-05:00,58.0,58.09,57.925,57.93,14576
2020-02-25 14:25:00-05:00,57.935,57.98,57.8,57.8,9014
2020-02-25 14:30:00-05:00,57.82,57.89,57.7,57.81,5787
2020-02-25 14:35:00-05:00,57.8,57.845,57.77,57.79,2681
2020-02-25 14:40:00-05:00,57.765,57.88,57.73,57.86,5200
2020-02-25 14:45:00-05:00,57.91,57.98,57.86,57.945,9313
2020-02-25 14:50:00-05:00,57.94,57.985,57.89,57.985,35526
2020-02-25 14:55:00-05:00,57.98,58.03,57.92,57.94,10178
2020-02-25 15:00:00-05:00,57.94,58.07,57.935,58.01,8714
2020-02-25 15:05:00-05:00,58.03,58.07,58.0,58.01,9942
2020-02-25 15:10:00-05:00,58.005,58.03,57.97,57.97,6455
2020-02-25 15:15:00-05:00,57.97,58.03,57.92,57.97,8024
2020-02-25 15:20:00-05:00,57.975,57.98,57.76,57.83,19606
2020-02-25 15:25:00-05:00,57.83,57.9,57.78,57.89,6556
2020-02-25 15:30:00-05:00,57.88,57.88,57.63,57.7,13546
2020-02-25 15:35:00-05:00,57.69,57.73,57.66,57.72,11817
2020-02-25 15:40:00-05:00,57.72,57.865,57.72,57.83,11665
2020-02-25 15:45:00-05:00,57.83,57.97,57.83,57.83,21249
2020-02-25 15:50:00-05:00,57.83,57.835,57.7,57.725,50986
2020-02-25 15:55:00-05:00,57.73,57.93,57.69,57.83,66705
2020-02-26 09:30:00-05:00,57.94,58.01,57.8,57.93,19893
2020-02-26 09:35:00-05:00,57.88,58.135,57.85,58.13,12291
2020-02-26 09:40:00-05:00,58.12,58.265,58.035,58.22,10993
2020-02-26 09:45:00-05:00,58.21,58.21,58.005,58.025,10255
2020-02-26 09:50:00-05:00,58.02,58.06,57.94,57.98,7125
2020-02-26 09:55:00-05:00,57.995,58.005,57.93,57.99,3348
2020-02-26 10:00:00-05:00,57.97,58.03,57.96,58.03,3807
2020-02-26 10:05:00-05:00,58.03,58.14,57.99,58.12,5551
2020-02-26 10:10:00-05:00,58.11,58.125,58.04,58.11,4742
2020-02-26 10:15:00-05:00,58.175,58.215,58.13,58.21,7456
2020-02-26 10:20:00-05:00,58.21,58.27,58.21,58.23,6386
2020-02-26 10:25:00-05:00,58.23,58.365,58.23,58.27,6222
2020-02-26 10:30:00-05:00,58.28,58.395,58.275,58.38,5313
2020-02-26 10:35:00-05:00,58.37,58.37,58.245,58.25,13605
2020-02-26 10:40:00-05:00,58.25,58.3,58.225,58.29,21732
2020-02-26 10:45:00-05:00,58.295,58.42,58.29,58.42,93470
2020-02-26 10:50:00-05:00,58.41,58.47,58.35,58.36,35860
2020-02-26 10:55:00-05:00,58.34,58.34,58.25,58.26,10769
2020-02-26 11:00:00-05:00,58.25,58.31,58.22,58.31,5570
2020-02-26 11:05:00-05:00,58.32,58.34,58.25,58.25,2578
2020-02-26 11:10:00-05:00,58.25,58.26,58.23,58.23,23855
2020-02-26 11:15:00-05:00,58.27,58.375,58.27,58.375,7804
2020-02-26 11:20:00-05:00,58.375,58.425,58.36,58.38,7950
2020-02-26 11:25:00-05:00,58.39,58.4,58.37,58.39,5334
2020-02-26 11:30:00-05:00,58.395,58.395,58.29,58.29,6567
2020-02-26 11:35:00-05:00,58.285,58.375,58.27,58.375,2353
2020-02-26 11:40:00-05:00,58.395,58.41,58.33,58.34,3240
2020-02-26 11:45:00-05:00,58.335,58.37,58.29,58.35,2603
2020-02-26 11:50:00-05:00,58.35,58.35,58.19,58.19,7203
2020-02-26 11:55:00-05:00,58.17,58.25,58.16,58.225,4629
2020-02-26 12:00:00-05:00,58.205,58.23,58.06,58.08,8024
2020-02-26 12:05:00-05:00,58.06,58.06,57.935,57.99,3464
2020-02-26 12:10:00-05:00,57.98,57.98,57.87,57.88,5759
2020-02-26 12:15:00-05:00,57.885,57.95,57.835,57.94,5893
2020-02-26 12:20:00-05:00,57.96,57.99,57.92,57.98,3699
2020-02-26 12:25:00-05:00,57.99,57.99,57.92,57.97,3780
2020-02-26 12:30:00-05:00,58.0,58.1,57.98,58.06,4193
2020-02-26 12:35:00-05:00,58.07,58.1,58.01,58.03,2590
2020-02-26 12:40:00-05:00,58.02,58.04,58.02,58.04,1280
2020-02-26 12:45:00-05:00,58.03,58.09,58.025,58.06,3273
2020-02-26 12:50:00-05:00,58.07,58.11,58.0,58.0,4126
2020-02-26 12:55:00-05:00,57.98,57.99,57.92,57.96,3774
2020-02-26 13:00:00-05:00,57.95,58.065,57.95,58.035,2256
2020-02-26 13:05:00-05:00,58.05,58.05,57.98,57.98,2083
2020-02-26 13:10:00-05:00,58.0,58.0,57.89,57.89,2320
2020-02-26 13:15:00-05:00,57.92,57.92,57.89,57.89,1673
2020-02-26 13:20:00-05:00,57.91,57.94,57.86,57.89,2152
2020-02-26 13:25:00-05:00,57.92,57.925,57.87,57.91,3564
2020-02-26 13:30:00-05:00,57.91,57.92,57.75,57.75,3935
2020-02-26 13:35:00-05:00,57.76,57.76,57.63,57.63,7863
2020-02-26 13:40:00-05:00,57.62,57.74,57.59,57.655,4598
2020-02-26 13:45:00-05:00,57.635,57.88,57.635,57.81,6833
2020-02-26 13:50:00-05:00,57.79,57.825,57.74,57.78,5981
2020-02-26 13:55:00-05:00,57.745,57.745,57.555,57.555,8128
2020-02-26 14:00:00-05:00,57.56,57.69,57.51,57.635,6897
2020-02-26 14:05:00-05:00,57.69,57.79,57.69,57.745,4694
2020-02-26 14:10:00-05:00,57.75,57.89,57.7,57.89,3053
2020-02-26 14:15:00-05:00,57.89,57.895,57.81,57.835,5959
2020-02-26 14:20:00-05:00,57.825,57.89,57.82,57.86,4424
2020-02-26 14:25:00-05:00,57.87,57.905,57.79,57.79,5802
2020-02-26 14:30:00-05:00,57.8,57.86,57.72,57.78,14462
2020-02-26 14:35:00-05:00,57.78,57.86,57.78,57.84,2922
2020-02-26 14:40:00-05:00,57.83,57.83,57.67,57.695,3887
2020-02-26 14:45:00-05:00,57.71,57.79,57.65,57.71,5857
2020-02-26 14:50:00-05:00,57.68,57.69,57.61,57.685,6853
2020-02-26 14:55:00-05:00,57.66,57.71,57.59,57.61,8396
2020-02-26 15:00:00-05:00,57.62,57.685,57.61,57.62,3769
2020-02-26 15:05:00-05:00,57.61,57.67,57.58,57.67,3515
2020-02-26 15:10:00-05:00,57.68,57.73,57.635,57.7,3031
2020-02-26 15:15:00-05:00,57.72,57.8,57.72,57.72,3972
2020-02-26 15:20:00-05:00,57.74,57.745,57.58,57.58,4763
2020-02-26 15:25:00-05:00,57.59,57.6,57.505,57.55,9607
2020-02-26 15:30:00-05:00,57.56,57.64,57.555,57.56,8022
2020-02-26 15:35:00-05:00,57.58,57.7,57.58,57.7,8360
2020-02-26 15:40:00-05:00,57.7,57.71,57.62,57.69,7828
2020-02-26 15:45:00-05:00,57.69,57.69,57.605,57.605,20227
2020-02-26 15:50:00-05:00,57.61,57.64,57.54,57.54,25734
2020-02-26 15:55:00-05:00,57.54,57.61,57.48,57.595,120693
2020-02-27 09:30:00-05:00,57.18,57.6,57.17,57.39,21920
2020-02-27 09:35:00-05:00,57.39,57.86,57.39,57.78,16189
2020-02-27 09:40:00-05:00,57.77,57.84,57.46,57.51,12265
2020-02-27 09:45:00-05:00,57.53,57.6,57.31,57.36,26022
2020-02-27 09:50:00-05:00,57.35,57.52,57.28,57.51,17352
2020-02-27 09:55:00-05:00,57.52,57.59,57.28,57.28,6490
2020-02-27 10:00:00-05:00,57.35,57.38,57.09,57.1,12912
2020-02-27 10:05:00-05:00,57.135,57.23,57.11,57.15,8247
2020-02-27 10:10:00-05:00,57.1,57.11,56.92,56.99,8602
2020-02-27 10:15:00-05:00,56.995,57.08,56.94,56.98,7840
2020-02-27 10:20:00-05:00,56.99,56.99,56.77,56.85,13120
2020-02-27 10:25:00-05:00,56.87,56.88,56.76,56.76,6807
2020-02-27 10:30:00-05:00,56.8,56.81,56.5,56.505,9584
2020-02-27 10:35:00-05:00,56.5,56.74,56.485,56.735,12043
2020-02-27 10:40:00-05:00,56.73,56.73,56.5,56.52,5566
2020-02-27 10:45:00-05:00,56.545,56.66,56.49,56.62,6516
2020-02-27 10:50:00-05:00,56.58,56.7,56.52,56.59,9064
2020-02-27 10:55:00-05:00,56.61,56.7,56.53,56.7,10972
2020-02-27 11:00:00-05:00,56.73,56.9,56.72,56.88,18660
2020-02-27 11:05:00-05:00,56.875,56.89,56.645,56.67,12854
2020-02-27 11:10:00-05:00,56.66,56.67,56.53,56.61,10064
2020-02-27 11:15:00-05:00,56.635,56.71,56.58,56.7,6036
2020-02-27 11:20:00-05:00,56.695,56.695,56.48,56.52,7602
2020-02-27 11:25:00-05:00,56.5,56.5,56.355,56.415,5544
2020-02-27 11:30:00-05:00,56.4,56.41,56.28,56.28,12742
2020-02-27 11:35:00-05:00,56.3,56.34,56.2,56.26,8771
2020-02-27 11:40:00-05:00,56.27,56.31,56.15,56.15,8149
2020-02-27 11:45:00-05:00,56.13,56.31,56.09,56.27,7978
2020-02-27 11:50:00-05:00,56.29,56.38,56.265,56.35,5750
2020-02-27 11:55:00-05:00,56.33,56.43,56.31,56.41,7985
2020-02-27 12:00:00-05:00,56.41,56.5,56.34,56.37,8451
2020-02-27 12:05:00-05:00,56.34,56.48,56.31,56.47,9175
2020-02-27 12:10:00-05:00,56.47,56.52,56.405,56.51,11077
2020-02-27 12:15:00-05:00,56.53,56.6,56.44,56.6,10444
2020-02-27 12:20:00-05:00,56.585,56.59,56.34,56.41,4383
2020-02-27 12:25:00-05:00,56.42,56.55,56.42,56.54,3790
2020-02-27 12:30:00-05:00,56.56,56.72,56.55,56.6,11819
2020-02-27 12:35:00-05:00,56.6,56.68,56.6,56.67,5027
2020-02-27 12:40:00-05:00,56.64,56.64,56.47,56.47,5719
2020-02-27 12:45:00-05:00,56.46,56.63,56.43,56.63,3545
2020-02-27 12:50:00-05:00,56.62,56.72,56.6,56.69,3805
2020-02-27 12:55:00-05:00,56.66,56.67,56.49,56.52,7242
2020-02-27 13:00:00-05:00,56.51,56.65,56.47,56.65,5678
2020-02-27 13:05:00-05:00,56.63,56.72,56.61,56.68,6516
2020-02-27 13:10:00-05:00,56.68,56.71,56.64,56.64,5371
2020-02-27 13:15:00-05:00,56.655,56.66,56.5,56.51,7732
2020-02-27 13:20:00-05:00,56.51,56.54,56.42,56.42,4892
2020-02-27 13:25:00-05:00,56.49,56.49,56.3,56.33,7676
2020-02-27 13:30:00-05:00,56.31,56.34,56.23,56.23,18145
2020-02-27 13:35:00-05:00,56.21,56.25,56.07,56.12,9924
2020-02-27 13:40:00-05:00,56.17,56.18,55.88,55.95,19958
2020-02-27 13:45:00-05:00,55.97,56.04,55.92,56.025,13994
2020-02-27 13:50:00-05:00,56.015,56.13,55.94,56.11,6728
2020-02-27 13:55:00-05:00,56.1,56.14,55.75,55.86,14098
2020-02-27 14:00:00-05:00,55.8,55.97,55.8,55.92,11349
2020-02-27 14:05:00-05:00,55.94,55.96,55.68,55.72,11999
2020-02-27 14:10:00-05:00,55.715,55.79,55.67,55.78,12346
2020-02-27 14:15:00-05:00,55.79,55.84,55.68,55.68,14655
2020-02-27 14:20:00-05:00,55.72,55.86,55.72,55.86,5686
2020-02-27 14:25:00-05:00,55.87,56.02,55.85,55.99,13093
2020-02-27 14:30:00-05:00,55.97,55.99,55.91,55.99,6208
2020-02-27 14:35:00-05:00,55.97,56.055,55.97,56.0,15880
2020-02-27 14:40:00-05:00,56.0,56.03,55.965,56.01,6372
2020-02-27 14:45:00-05:00,56.02,56.02,55.9,55.97,4728
2020-02-27 14:50:00-05:00,55.99,56.0,55.91,55.925,4970
2020-02-27 14:55:00-05:00,55.91,55.92,55.83,55.84,3099
2020-02-27 15:00:00-05:00,55.81,55.81,55.67,55.71,5406
2020-02-27 15:05:00-05:00,55.75,55.96,55.74,55.955,7554
2020-02-27 15:10:00-05:00,55.97,56.1,55.96,56.01,11408
2020-02-27 15:15:00-05:00,56.01,56.01,55.82,55.82,8366
2020-02-27 15:20:00-05:00,55.81,55.83,55.74,55.78,10597
2020-02-27 15:25:00-05:00,55.79,55.79,55.66,55.68,9468
2020-02-27 15:30:00-05:00,55.66,55.67,55.52,55.595,12039
2020-02-27 15:35:00-05:00,55.58,55.6,55.46,55.47,12290
2020-02-27 15:40:00-05:00,55.48,55.49,55.33,55.395,30624
2020-02-27 15:45:00-05:00,55.395,55.48,55.34,55.42,17496
2020-02-27 15:50:00-05:00,55.43,55.44,55.14,55.17,30912
2020-02-27 15:55:00-05:00,55.15,55.21,54.88,54.89,105516
2020-02-28 07:55:00-05:00,54.1,54.1,54.1,54.1,100
2020-02-28 09:30:00-05:00,53.815,53.88,53.22,53.835,44236
2020-02-28 09:35:00-05:00,53.79,53.79,53.38,53.47,27043
2020-02-28 09:40:00-05:00,53.47,53.49,52.86,52.88,41822
2020-02-28 09:45:00-05:00,52.765,53.02,52.43,52.77,29345
2020-02-28 09:50:00-05:00,52.76,52.82,52.385,52.395,10819
2020-02-28 09:55:00-05:00,52.37,52.37,51.88,52.08,37031
2020-02-28 10:00:00-05:00,52.07,52.12,51.69,51.755,33441
2020-02-28 10:05:00-05:00,51.76,52.26,51.76,51.99,32694
2020-02-28 10:10:00-05:00,51.98,51.98,51.685,51.72,30946
2020-02-28 10:15:00-05:00,51.73,52.15,51.61,52.06,31169
2020-02-28 10:20:00-05:00,52.07,52.08,51.76,51.94,22615
2020-02-28 10:25:00-05:00,51.93,52.095,51.695,51.7,23869
2020-02-28 10:30:00-05:00,51.72,51.96,51.68,51.93,22369
2020-02-28 10:35:00-05:00,51.95,52.05,51.8,51.91,10576
2020-02-28 10:40:00-05:00,51.9,51.93,51.74,51.805,11706
2020-02-28 10:45:00-05:00,51.83,51.93,51.705,51.815,10675
2020-02-28 10:50:00-05:00,51.815,52.3,51.765,52.3,22185
2020-02-28 10:55:00-05:00,52.29,52.34,52.08,52.235,20098
2020-02-28 11:00:00-05:00,52.22,52.33,52.03,52.23,30783
2020-02-28 11:05:00-05:00,52.22,52.24,51.99,52.06,56671
2020-02-28 11:10:00-05:00,52.13,52.36,52.13,52.285,7947
2020-02-28 11:15:00-05:00,52.25,52.51,52.25,52.51,11843
2020-02-28 11:20:00-05:00,52.5,52.62,52.44,52.62,26128
2020-02-28 11:25:00-05:00,52.63,52.63,52.38,52.535,10219
2020-02-28 11:30:00-05:00,52.55,52.96,52.51,52.93,20293
2020-02-28 11:35:00-05:00,52.91,53.1,52.89,53.075,27565
2020-02-28 11:40:00-05:00,53.055,53.51,53.03,53.38,10379
2020-02-28 11:45:00-05:00,53.38,53.42,53.18,53.26,20605
2020-02-28 11:50:00-05:00,53.3,53.35,52.97,53.06,13439
2020-02-28 11:55:00-05:00,53.05,53.16,52.9,53.0,15053
2020-02-28 12:00:00-05:00,52.97,53.02,52.9,52.96,5122
2020-02-28 12:05:00-05:00,53.01,53.2,53.01,53.03,5200
2020-02-28 12:10:00-05:00,53.075,53.22,53.04,53.22,6112
2020-02-28 12:15:00-05:00,53.235,53.235,52.97,53.21,8424
2020-02-28 12:20:00-05:00,53.26,53.325,53.12,53.12,16737
2020-02-28 12:25:00-05:00,53.11,53.235,53.055,53.225,8748
2020-02-28 12:30:00-05:00,53.22,53.4,53.22,53.34,9326
2020-02-28 12:35:00-05:00,53.43,53.54,53.31,53.43,9569
2020-02-28 12:40:00-05:00,53.4,53.635,53.34,53.4,9947
2020-02-28 12:45:00-05:00,53.425,53.475,53.29,53.465,6125
2020-02-28 12:50:00-05:00,53.465,53.59,53.4,53.51,33008
2020-02-28 12:55:00-05:00,53.49,53.62,53.41,53.53,6815
2020-02-28 13:00:00-05:00,53.54,53.575,53.29,53.32,24490
2020-02-28 13:05:00-05:00,53.36,53.56,53.33,53.55,5030
2020-02-28 13:10:00-05:00,53.5,53.55,53.25,53.25,14818
2020-02-28 13:15:00-05:00,53.24,53.54,53.24,53.44,5084
2020-02-28 13:20:00-05:00,53.43,53.46,53.32,53.43,5177
2020-02-28 13:25:00-05:00,53.5,53.52,53.42,53.45,10857
2020-02-28 13:30:00-05:00,53.39,53.39,53.03,53.03,10583
2020-02-28 13:35:00-05:00,53.015,53.015,52.87,52.96,6654
2020-02-28 13:40:00-05:00,52.88,52.88,52.65,52.66,10777
2020-02-28 13:45:00-05:00,52.65,52.79,52.58,52.76,14604
2020-02-28 13:50:00-05:00,52.77,52.78,52.655,52.77,6222
2020-02-28 13:55:00-05:00,52.7,52.85,52.63,52.85,3699
2020-02-28 14:00:00-05:00,52.79,52.79,52.46,52.46,6415
2020-02-28 14:05:00-05:00,52.47,52.58,52.39,52.41,6056
2020-02-28 14:10:00-05:00,52.46,52.63,52.46,52.53,7314
2020-02-28 14:15:00-05:00,52.53,52.735,52.52,52.72,18450
2020-02-28 14:20:00-05:00,52.7,52.93,52.64,52.83,10989
2020-02-28 14:25:00-05:00,52.85,52.85,52.68,52.74,12967
2020-02-28 14:30:00-05:00,52.75,53.25,52.62,53.095,57407
2020-02-28 14:35:00-05:00,53.01,53.2,52.91,52.99,14709
2020-02-28 14:40:00-05:00,53.02,53.51,53.02,53.5,8257
2020-02-28 14:45:00-05:00,53.44,53.53,53.2,53.3,26560
2020-02-28 14:50:00-05:00,53.32,53.43,53.19,53.3,17833
2020-02-28 14:55:00-05:00,53.3,53.31,53.13,53.19,15275
2020-02-28 15:00:00-05:00,53.25,53.28,52.93,52.94,13604
2020-02-28 15:05:00-05:00,52.925,53.05,52.86,52.92,10964
2020-02-28 15:10:00-05:00,52.9,52.995,52.81,52.95,9900
2020-02-28 15:15:00-05:00,52.9,53.23,52.9,53.125,15310
2020-02-28 15:20:00-05:00,53.11,53.15,52.87,52.935,15905
2020-02-28 15:25:00-05:00,52.99,53.02,52.52,52.52,13296
2020-02-28 15:30:00-05:00,52.52,52.8,52.52,52.58,21466
2020-02-28 15:35:00-05:00,52.585,52.61,52.49,52.54,17967
2020-02-28 15:40:00-05:00,52.55,52.55,52.18,52.2,24109
2020-02-28 15:45:00-05:00,52.185,52.77,52.185,52.72,53830
2020-02-28 15:50:00-05:00,52.72,52.91,52.62,52.84,80276
2020-02-28 15:55:00-05:00,52.85,53.61,52.85,53.61,165845
2020-03-02 09:30:00-05:00,53.94,54.27,53.71,54.1,46008
2020-03-02 09:35:00-05:00,54.06,54.27,54.02,54.09,14041
2020-03-02 09:40:00-05:00,54.12,54.34,54.06,54.1,30463
2020-03-02 09:45:00-05:00,54.1,54.41,54.1,54.3,38349
2020-03-02 09:50:00-05:00,54.3,54.53,54.22,54.5,21684
2020-03-02 09:55:00-05:00,54.48,54.55,54.35,54.35,15376
2020-03-02 10:00:00-05:00,54.36,54.43,54.2,54.34,11384
2020-03-02 10:05:00-05:00,54.36,54.36,54.09,54.11,5475
2020-03-02 10:10:00-05:00,54.14,54.5,54.09,54.5,9486
2020-03-02 10:15:00-05:00,54.51,54.56,54.29,54.34,19099
2020-03-02 10:20:00-05:00,54.31,54.31,54.08,54.08,6986
2020-03-02 10:25:00-05:00,54.15,54.25,54.12,54.2,12068
2020-03-02 10:30:00-05:00,54.21,54.23,54.03,54.09,15107
2020-03-02 10:35:00-05:00,54.05,54.265,54.05,54.23,9693
2020-03-02 10:40:00-05:00,54.24,54.41,54.235,54.385,19262
2020-03-02 10:45:00-05:00,54.39,54.49,54.38,54.455,18796
2020-03-02 10:50:00-05:00,54.455,54.515,54.42,54.43,20254
2020-03-02 10:55:00-05:00,54.49,54.49,54.21,54.21,10282
2020-03-02 11:00:00-05:00,54.21,54.36,54.21,54.3,7880
2020-03-02 11:05:00-05:00,54.28,54.345,54.16,54.235,10797
2020-03-02 11:10:00-05:00,54.245,54.65,54.225,54.62,25980
2020-03-02 11:15:00-05:00,54.6,54.725,54.555,54.58,21120
2020-03-02 11:20:00-05:00,54.61,54.81,54.61,54.705,12592
2020-03-02 11:25:00-05:00,54.75,54.895,54.7,54.79,16750
2020-03-02 11:30:00-05:00,54.81,54.93,54.745,54.77,20060
2020-03-02 11:35:00-05:00,54.805,54.93,54.75,54.88,15838
2020-03-02 11:40:00-05:00,54.84,54.84,54.69,54.81,15801
2020-03-02 11:45:00-05:00,54.83,54.86,54.74,54.83,11008
2020-03-02 11:50:00-05:00,54.84,55.07,54.8,54.99,9534
2020-03-02 11:55:00-05:00,54.99,55.035,54.93,54.97,11171
2020-03-02 12:00:00-05:00,55.0,55.07,55.0,55.01,5595
2020-03-02 12:05:00-05:00,55.0,55.08,54.96,55.01,5091
2020-03-02 12:10:00-05:00,55.02,55.1,54.99,55.07,12431
2020-03-02 12:15:00-05:00,55.075,55.075,54.88,54.89,20778
2020-03-02 12:20:00-05:00,54.91,54.97,54.74,54.75,9632
2020-03-02 12:25:00-05:00,54.78,54.98,54.78,54.96,9063
2020-03-02 12:30:00-05:00,54.995,55.08,54.97,55.01,6023
2020-03-02 12:35:00-05:00,55.05,55.11,54.99,55.01,7565
2020-03-02 12:40:00-05:00,55.02,55.08,54.92,54.98,9501
2020-03-02 12:45:00-05:00,54.99,55.05,54.97,55.01,6014
2020-03-02 12:50:00-05:00,55.01,55.05,54.94,55.0,9246
2020-03-02 12:55:00-05:00,55.01,55.02,54.905,54.945,9207
2020-03-02 13:00:00-05:00,54.965,55.025,54.925,55.025,11048
2020-03-02 13:05:00-05:00,55.005,55.005,54.785,54.825,18073
2020-03-02 13:10:00-05:00,54.84,54.91,54.76,54.805,11523
2020-03-02 13:15:00-05:00,54.82,54.83,54.6,54.6,4284
2020-03-02 13:20:00-05:00,54.66,54.66,54.525,54.55,4627
2020-03-02 13:25:00-05:00,54.58,54.615,54.45,54.5,3510
2020-03-02 13:30:00-05:00,54.53,54.6,54.47,54.58,8604
2020-03-02 13:35:00-05:00,54.59,54.8,54.59,54.79,6070
2020-03-02 13:40:00-05:00,54.81,54.81,54.68,54.71,5829
2020-03-02 13:45:00-05:00,54.73,54.74,54.54,54.58,7922
2020-03-02 13:50:00-05:00,54.57,54.665,54.47,54.51,6764
2020-03-02 13:55:00-05:00,54.52,54.77,54.51,54.77,5389
2020-03-02 14:00:00-05:00,54.75,54.79,54.715,54.79,5674
2020-03-02 14:05:00-05:00,54.82,54.89,54.75,54.88,7326
2020-03-02 14:10:00-05:00,54.88,54.89,54.84,54.855,7250
2020-03-02 14:15:00-05:00,54.85,54.85,54.725,54.74,8736
2020-03-02 14:20:00-05:00,54.755,54.815,54.71,54.71,8315
2020-03-02 14:25:00-05:00,54.7,54.79,54.585,54.585,16726
2020-03-02 14:30:00-05:00,54.58,54.65,54.53,54.58,14860
2020-03-02 14:35:00-05:00,54.59,54.64,54.52,54.53,45808
2020-03-02 14:40:00-05:00,54.525,54.525,54.3,54.41,24783
2020-03-02 14:45:00-05:00,54.38,54.665,54.33,54.62,10430
2020-03-02 14:50:00-05:00,54.59,54.73,54.48,54.73,16389
2020-03-02 14:55:00-05:00,54.73,54.76,54.515,54.53,28257
2020-03-02 15:00:00-05:00,54.555,54.77,54.54,54.68,93950
2020-03-02 15:05:00-05:00,54.67,54.86,54.66,54.805,26168
2020-03-02 15:10:00-05:00,54.8,54.855,54.78,54.85,16506
2020-03-02 15:15:00-05:00,54.86,54.91,54.78,54.84,16745
2020-03-02 15:20:00-05:00,54.835,55.11,54.81,55.11,14580
2020-03-02 15:25:00-05:00,55.11,55.16,55.02,55.04,18722
2020-03-02 15:30:00-05:00,55.06,55.19,54.99,55.18,18454
2020-03-02 15:35:00-05:00,55.17,55.36,55.17,55.35,18687
2020-03-02 15:40:00-05:00,55.35,55.43,55.3,55.31,32479
2020-03-02 15:45:00-05:00,55.32,55.63,55.32,55.6,31450
2020-03-02 15:50:00-05:00,55.6,55.95,55.57,55.93,47155
2020-03-02 15:55:00-05:00,55.95,55.95,55.76,55.93,124705
2020-03-03 09:30:00-05:00,56.82,56.83,56.05,56.31,25255
2020-03-03 09:35:00-05:00,56.31,56.42,56.16,56.26,17173
2020-03-03 09:40:00-05:00,56.25,56.29,56.11,56.11,17165
2020-03-03 09:45:00-05:00,56.07,56.325,55.96,56.3,13076
2020-03-03 09:50:00-05:00,56.305,56.37,56.13,56.21,18437
2020-03-03 09:55:00-05:00,56.25,56.29,56.07,56.16,13680
2020-03-03 10:00:00-05:00,56.14,57.47,56.13,57.22,44852
2020-03-03 10:05:00-05:00,57.23,57.44,57.095,57.39,10415
2020-03-03 10:10:00-05:00,57.39,57.41,56.8,56.96,19460
2020-03-03 10:15:00-05:00,56.86,57.0,56.48,56.83,34595
2020-03-03 10:20:00-05:00,56.84,57.16,56.75,57.13,18432
2020-03-03 10:25:00-05:00,57.11,57.16,56.78,56.84,17986
2020-03-03 10:30:00-05:00,56.85,57.02,56.79,56.85,18295
2020-03-03 10:35:00-05:00,56.86,57.03,56.84,57.0,16665
2020-03-03 10:40:00-05:00,56.98,57.1,56.89,57.01,21986
2020-03-03 10:45:00-05:00,57.01,57.02,56.68,56.705,20435
2020-03-03 10:50:00-05:00,56.73,56.92,56.69,56.905,17044
2020-03-03 10:55:00-05:00,56.9,57.09,56.9,57.0,14943
2020-03-03 11:00:00-05:00,57.0,57.13,56.94,57.095,15684
2020-03-03 11:05:00-05:00,57.08,57.14,56.92,56.92,13749
2020-03-03 11:10:00-05:00,56.89,56.92,56.52,56.53,16439
2020-03-03 11:15:00-05:00,56.57,56.76,56.52,56.52,15460
2020-03-03 11:20:00-05:00,56.55,56.56,56.23,56.23,34598
2020-03-03 11:25:00-05:00,56.23,56.23,55.96,56.07,42538
2020-03-03 11:30:00-05:00,56.05,56.35,56.02,56.35,26812
2020-03-03 11:35:00-05:00,56.34,56.61,56.28,56.61,21697
2020-03-03 11:40:00-05:00,56.6,56.665,56.365,56.49,15061
2020-03-03 11:45:00-05:00,56.56,56.56,56.37,56.38,12340
2020-03-03 11:50:00-05:00,56.38,56.77,56.38,56.7,10205
2020-03-03 11:55:00-05:00,56.71,56.9,56.63,56.85,21835
2020-03-03 12:00:00-05:00,56.79,56.82,56.67,56.82,19266
2020-03-03 12:05:00-05:00,56.81,56.95,56.75,56.92,13400
2020-03-03 12:10:00-05:00,56.88,56.9,56.69,56.69,13802
2020-03-03 12:15:00-05:00,56.7,56.77,56.67,56.74,5834
2020-03-03 12:20:00-05:00,56.7,56.75,56.63,56.72,5341
2020-03-03 12:25:00-05:00,56.74,56.785,56.505,56.61,6490
2020-03-03 12:30:00-05:00,56.63,56.65,56.53,56.55,5527
2020-03-03 12:35:00-05:00,56.53,56.68,56.5,56.68,6146
2020-03-03 12:40:00-05:00,56.68,56.735,56.56,56.58,8387
2020-03-03 12:45:00-05:00,56.58,56.83,56.58,56.79,8213
2020-03-03 12:50:00-05:00,56.815,56.815,56.65,56.655,9526
2020-03-03 12:55:00-05:00,56.655,56.715,56.525,56.69,13460
2020-03-03 13:00:00-05:00,56.67,56.67,56.475,56.515,14081
2020-03-03 13:05:00-05:00,56.525,56.62,56.47,56.56,9091
2020-03-03 13:10:00-05:00,56.555,56.65,56.38,56.4,6636
2020-03-03 13:15:00-05:00,56.4,56.5,56.23,56.23,8551
2020-03-03 13:20:00-05:00,56.36,56.4,56.225,56.26,6773
2020-03-03 13:25:00-05:00,56.27,56.3,56.04,56.3,9362
2020-03-03 13:30:00-05:00,56.3,56.48,56.23,56.46,20069
2020-03-03 13:35:00-05:00,56.47,56.49,56.385,56.4,15978
2020-03-03 13:40:00-05:00,56.415,56.415,55.96,55.96,12072
2020-03-03 13:45:00-05:00,55.96,56.14,55.96,56.08,9624
2020-03-03 13:50:00-05:00,56.1,56.18,55.94,55.99,7544
2020-03-03 13:55:00-05:00,55.995,56.06,55.915,55.925,8749
2020-03-03 14:00:00-05:00,55.935,56.02,55.8,55.84,13137
2020-03-03 14:05:00-05:00,55.83,55.87,55.68,55.68,26834
2020-03-03 14:10:00-05:00,55.685,56.02,55.68,55.96,30831
2020-03-03 14:15:00-05:00,55.98,55.99,55.75,55.77,38510
2020-03-03 14:20:00-05:00,55.7,55.99,55.65,55.78,23696
2020-03-03 14:25:00-05:00,55.785,56.23,55.785,56.18,17269
2020-03-03 14:30:00-05:00,56.21,56.38,56.09,56.34,18796
2020-03-03 14:35:00-05:00,56.34,56.34,55.92,55.94,16467
2020-03-03 14:40:00-05:00,55.935,56.07,55.905,55.97,19508
2020-03-03 14:45:00-05:00,55.96,56.19,55.96,56.19,20772
2020-03-03 14:50:00-05:00,56.18,56.39,56.1,56.39,17895
2020-03-03 14:55:00-05:00,56.39,56.44,56.27,56.31,15857
2020-03-03 15:00:00-05:00,56.36,56.55,56.26,56.505,38428
2020-03-03 15:05:00-05:00,56.5,56.5,56.28,56.32,39047
2020-03-03 15:10:00-05:00,56.31,56.58,56.265,56.5,30893
2020-03-03 15:15:00-05:00,56.52,56.62,56.38,56.58,16988
2020-03-03 15:20:00-05:00,56.59,56.62,56.385,56.4,40821
2020-03-03 15:25:00-05:00,56.39,56.81,56.39,56.77,25595
2020-03-03 15:30:00-05:00,56.795,56.8,56.24,56.36,30609
2020-03-03 15:35:00-05:00,56.36,56.42,55.83,55.84,19882
2020-03-03 15:40:00-05:00,55.87,56.39,55.85,56.31,29782
2020-03-03 15:45:00-05:00,56.31,56.585,56.2,56.36,32778
2020-03-03 15:50:00-05:00,56.33,56.33,55.84,56.14,41796
2020-03-03 15:55:00-05:00,56.12,56.4,55.87,56.07,96116
2020-03-04 09:30:00-05:00,56.455,57.05,56.41,56.97,28920
2020-03-04 09:35:00-05:00,56.98,57.0,56.62,56.81,22605
2020-03-04 09:40:00-05:00,56.83,57.04,56.82,56.88,18434
2020-03-04 09:45:00-05:00,56.965,56.99,56.73,56.75,10046
2020-03-04 09:50:00-05:00,56.77,56.95,56.74,56.865,10789
2020-03-04 09:55:00-05:00,56.885,57.0,56.84,57.0,8639
2020-03-04 10:00:00-05:00,56.985,57.05,56.82,56.96,13583
2020-03-04 10:05:00-05:00,56.96,57.145,56.85,57.12,15838
2020-03-04 10:10:00-05:00,57.115,57.255,57.05,57.23,6546
2020-03-04 10:15:00-05:00,57.225,57.24,57.145,57.225,6285
2020-03-04 10:20:00-05:00,57.17,57.295,57.105,57.255,6471
2020-03-04 10:25:00-05:00,57.26,57.36,57.23,57.24,5678
2020-03-04 10:30:00-05:00,57.24,57.245,57.065,57.095,8877
2020-03-04 10:35:00-05:00,57.095,57.18,56.98,57.025,4408
2020-03-04 10:40:00-05:00,57.03,57.04,56.94,57.0,5295
2020-03-04 10:45:00-05:00,57.07,57.1,56.985,56.99,4808
2020-03-04 10:50:00-05:00,57.06,57.115,56.97,56.97,5164
2020-03-04 10:55:00-05:00,56.98,57.03,56.9,57.0,11854
2020-03-04 11:00:00-05:00,57.065,57.07,56.905,56.905,5257
2020-03-04 11:05:00-05:00,56.93,57.015,56.805,56.895,6652
2020-03-04 11:10:00-05:00,56.92,57.03,56.9,57.03,6049
2020-03-04 11:15:00-05:00,56.99,57.04,56.92,57.04,11849
2020-03-04 11:20:00-05:00,57.03,57.03,56.925,56.99,4951
2020-03-04 11:25:00-05:00,56.99,57.07,56.95,57.07,7801
2020-03-04 11:30:00-05:00,57.11,57.13,57.0,57.12,4175
2020-03-04 11:35:00-05:00,57.15,57.15,57.03,57.07,5473
2020-03-04 11:40:00-05:00,57.06,57.06,56.92,57.025,3452
2020-03-04 11:45:00-05:00,57.07,57.095,56.97,56.97,3320
2020-03-04 11:50:00-05:00,57.03,57.13,57.02,57.08,3321
2020-03-04 11:55:00-05:00,57.06,57.18,57.03,57.09,3336
2020-03-04 12:00:00-05:00,57.14,57.28,57.14,57.28,2730
2020-03-04 12:05:00-05:00,57.32,57.32,57.27,57.3,2534
2020-03-04 12:10:00-05:00,57.34,57.38,57.285,57.38,2875
2020-03-04 12:15:00-05:00,57.4,57.43,57.34,57.35,3388
2020-03-04 12:20:00-05:00,57.38,57.46,57.37,57.46,2560
2020-03-04 12:25:00-05:00,57.47,57.51,57.41,57.51,2545
2020-03-04 12:30:00-05:00,57.48,57.51,57.47,57.47,2120
2020-03-04 12:35:00-05:00,57.49,57.53,57.43,57.43,4286
2020-03-04 12:40:00-05:00,57.43,57.47,57.37,57.47,3865
2020-03-04 12:45:00-05:00,57.47,57.66,57.47,57.66,3806
2020-03-04 12:50:00-05:00,57.65,57.7,57.62,57.67,6667
2020-03-04 12:55:00-05:00,57.68,57.72,57.58,57.69,9481
2020-03-04 13:00:00-05:00,57.69,57.8,57.69,57.8,5691
2020-03-04 13:05:00-05:00,57.84,57.9,57.77,57.77,3768
2020-03-04 13:10:00-05:00,57.77,57.77,57.71,57.73,2358
2020-03-04 13:15:00-05:00,57.77,57.81,57.77,57.81,1671
2020-03-04 13:20:00-05:00,57.87,57.9,57.83,57.845,3017
2020-03-04 13:25:00-05:00,57.83,57.85,57.79,57.795,50012
2020-03-04 13:30:00-05:00,57.83,57.9,57.82,57.9,8021
2020-03-04 13:35:00-05:00,57.9,57.935,57.83,57.83,5230
2020-03-04 13:40:00-05:00,57.925,57.95,57.87,57.9,3077
2020-03-04 13:45:00-05:00,57.89,58.03,57.89,58.03,6661
2020-03-04 13:50:00-05:00,58.035,58.08,58.02,58.08,5169
2020-03-04 13:55:00-05:00,58.07,58.115,58.05,58.05,3677
2020-03-04 14:00:00-05:00,58.065,58.09,58.0,58.07,5733
2020-03-04 14:05:00-05:00,58.075,58.19,58.05,58.19,9172
2020-03-04 14:10:00-05:00,58.21,58.225,58.16,58.225,7958
2020-03-04 14:15:00-05:00,58.23,58.29,58.23,58.27,4418
2020-03-04 14:20:00-05:00,58.25,58.29,58.22,58.23,4235
2020-03-04 14:25:00-05:00,58.26,58.33,58.26,58.3,5542
2020-03-04 14:30:00-05:00,58.32,58.35,58.27,58.3,2932
2020-03-04 14:35:00-05:00,58.27,58.315,58.2,58.2,9522
2020-03-04 14:40:00-05:00,58.21,58.225,58.18,58.18,2748
2020-03-04 14:45:00-05:00,58.17,58.205,58.13,58.18,3013
2020-03-04 14:50:00-05:00,58.2,58.25,58.12,58.16,4687
2020-03-04 14:55:00-05:00,58.14,58.24,58.14,58.21,3913
2020-03-04 15:00:00-05:00,58.19,58.3,58.18,58.3,5832
2020-03-04 15:05:00-05:00,58.29,58.36,58.235,58.27,7194
2020-03-04 15:10:00-05:00,58.28,58.39,58.25,58.34,9322
2020-03-04 15:15:00-05:00,58.35,58.39,58.32,58.34,6975
2020-03-04 15:20:00-05:00,58.34,58.44,58.33,58.44,7227
2020-03-04 15:25:00-05:00,58.43,58.52,58.42,58.52,10653
2020-03-04 15:30:00-05:00,58.52,58.71,58.52,58.69,16591
2020-03-04 15:35:00-05:00,58.7,58.75,58.65,58.75,16413
2020-03-04 15:40:00-05:00,58.745,58.75,58.54,58.58,22339
2020-03-04 15:45:00-05:00,58.575,58.63,58.435,58.48,44228
2020-03-04 15:50:00-05:00,58.51,58.9,58.5,58.88,90041
2020-03-04 15:55:00-05:00,58.9,59.0,58.82,58.94,185848
2020-03-05 09:30:00-05:00,57.77,57.78,57.26,57.57,11662
2020-03-05 09:35:00-05:00,57.54,57.54,57.25,57.4,22837
2020-03-05 09:40:00-05:00,57.42,57.56,57.36,57.51,15272
2020-03-05 09:45:00-05:00,57.51,57.73,57.44,57.68,14643
2020-03-05 09:50:00-05:00,57.69,57.78,57.58,57.64,12344
2020-03-05 09:55:00-05:00,57.635,57.635,57.52,57.56,21407
2020-03-05 10:00:00-05:00,57.56,57.61,57.51,57.57,12368
2020-03-05 10:05:00-05:00,57.55,57.58,57.49,57.54,10733
2020-03-05 10:10:00-05:00,57.55,57.66,57.52,57.62,11821
2020-03-05 10:15:00-05:00,57.62,57.62,57.51,57.56,12333
2020-03-05 10:20:00-05:00,57.55,57.645,57.44,57.53,9393
2020-03-05 10:25:00-05:00,57.52,57.52,57.36,57.435,4692
2020-03-05 10:30:00-05:00,57.46,57.64,57.46,57.615,4720
2020-03-05 10:35:00-05:00,57.62,57.65,57.58,57.635,6267
2020-03-05 10:40:00-05:00,57.64,57.765,57.615,57.65,5913
2020-03-05 10:45:00-05:00,57.63,57.75,57.61,57.72,23936
2020-03-05 10:50:00-05:00,57.76,57.82,57.74,57.78,2605
2020-03-05 10:55:00-05:00,57.8,57.855,57.79,57.83,4731
2020-03-05 11:00:00-05:00,57.83,58.02,57.83,58.02,4642
2020-03-05 11:05:00-05:00,58.05,58.155,58.02,58.04,3482
2020-03-05 11:10:00-05:00,58.02,58.04,57.9,58.005,3931
2020-03-05 11:15:00-05:00,58.005,58.09,57.97,58.07,3504
2020-03-05 11:20:00-05:00,58.025,58.025,57.9,57.95,6627
2020-03-05 11:25:00-05:00,57.94,58.115,57.94,58.03,4447
2020-03-05 11:30:00-05:00,58.03,58.07,57.965,58.01,6949
2020-03-05 11:35:00-05:00,58.025,58.025,57.925,57.99,7530
2020-03-05 11:40:00-05:00,58.0,58.005,57.89,57.89,4778
2020-03-05 11:45:00-05:00,57.88,57.92,57.825,57.9,3627
2020-03-05 11:50:00-05:00,57.935,57.96,57.85,57.89,4908
2020-03-05 11:55:00-05:00,57.88,57.88,57.67,57.68,8531
2020-03-05 12:00:00-05:00,57.68,57.71,57.575,57.63,10518
2020-03-05 12:05:00-05:00,57.6,57.61,57.5,57.575,7000
2020-03-05 12:10:00-05:00,57.57,57.64,57.53,57.57,6778
2020-03-05 12:15:00-05:00,57.55,57.62,57.46,57.47,5715
2020-03-05 12:20:00-05:00,57.47,57.52,57.37,57.4,5943
2020-03-05 12:25:00-05:00,57.4,57.49,57.365,57.49,4075
2020-03-05 12:30:00-05:00,57.49,57.58,57.49,57.54,4293
2020-03-05 12:35:00-05:00,57.51,57.52,57.38,57.38,3440
2020-03-05 12:40:00-05:00,57.38,57.41,57.21,57.21,6333
2020-03-05 12:45:00-05:00,57.19,57.19,57.05,57.16,13918
2020-03-05 12:50:00-05:00,57.16,57.17,57.08,57.12,10895
2020-03-05 12:55:00-05:00,57.13,57.155,57.04,57.04,3832
2020-03-05 13:00:00-05:00,57.045,57.09,56.965,56.965,3352
2020-03-05 13:05:00-05:00,57.005,57.01,56.855,56.865,3774
2020-03-05 13:10:00-05:00,56.89,56.925,56.79,56.795,4737
2020-03-05 13:15:00-05:00,56.8,56.835,56.725,56.74,3176
2020-03-05 13:20:00-05:00,56.705,56.835,56.685,56.76,4343
2020-03-05 13:25:00-05:00,56.78,56.96,56.775,56.96,3102
2020-03-05 13:30:00-05:00,57.005,57.06,56.975,57.015,15059
2020-03-05 13:35:00-05:00,57.035,57.13,56.955,56.955,6158
2020-03-05 13:40:00-05:00,56.94,56.985,56.83,56.86,8781
2020-03-05 13:45:00-05:00,56.835,57.055,56.835,56.99,5902
2020-03-05 13:50:00-05:00,57.02,57.04,56.765,56.765,3025
2020-03-05 13:55:00-05:00,56.795,56.92,56.795,56.92,4939
2020-03-05 14:00:00-05:00,56.87,56.9,56.695,56.715,6567
2020-03-05 14:05:00-05:00,56.705,56.72,56.63,56.65,2811
2020-03-05 14:10:00-05:00,56.63,56.84,56.62,56.815,3371
2020-03-05 14:15:00-05:00,56.77,56.79,56.635,56.635,3299
2020-03-05 14:20:00-05:00,56.67,56.67,56.52,56.53,5647
2020-03-05 14:25:00-05:00,56.55,56.61,56.49,56.6,2870
2020-03-05 14:30:00-05:00,56.575,56.625,56.555,56.595,2918
2020-03-05 14:35:00-05:00,56.56,56.755,56.56,56.73,3399
2020-03-05 14:40:00-05:00,56.76,56.8,56.7,56.7,2484
2020-03-05 14:45:00-05:00,56.7,56.7,56.555,56.595,3557
2020-03-05 14:50:00-05:00,56.63,56.685,56.56,56.56,2539
2020-03-05 14:55:00-05:00,56.54,56.69,56.535,56.64,4593
2020-03-05 15:00:00-05:00,56.65,56.65,56.465,56.485,7589
2020-03-05 15:05:00-05:00,56.53,56.62,56.465,56.615,6133
2020-03-05 15:10:00-05:00,56.635,56.64,56.31,56.355,14086
2020-03-05 15:15:00-05:00,56.36,56.395,56.255,56.325,11132
2020-03-05 15:20:00-05:00,56.32,56.37,56.265,56.36,6944
2020-03-05 15:25:00-05:00,56.325,56.435,56.205,56.41,6818
2020-03-05 15:30:00-05:00,56.39,56.73,56.33,56.72,11818
2020-03-05 15:35:00-05:00,56.645,56.75,56.505,56.505,10366
2020-03-05 15:40:00-05:00,56.505,56.54,56.34,56.54,15975
2020-03-05 15:45:00-05:00,56.55,56.675,56.465,56.6,14462
2020-03-05 15:50:00-05:00,56.61,56.92,56.56,56.585,48859
2020-03-05 15:55:00-05:00,56.58,56.89,56.54,56.76,108017
2020-03-06 09:30:00-05:00,54.72,55.31,54.72,55.05,7379
2020-03-06 09:35:00-05:00,55.07,55.12,54.65,54.87,18055
2020-03-06 09:40:00-05:00,54.84,54.9,54.55,54.55,13588
2020-03-06 09:45:00-05:00,54.54,54.74,54.52,54.74,15331
2020-03-06 09:50:00-05:00,54.76,54.78,54.59,54.59,9855
2020-03-06 09:55:00-05:00,54.65,54.78,54.46,54.78,16428
2020-03-06 10:00:00-05:00,54.85,54.98,54.85,54.92,8253
2020-03-06 10:05:00-05:00,54.95,55.06,54.93,54.98,10353
2020-03-06 10:10:00-05:00,54.99,55.155,54.94,55.145,6295
2020-03-06 10:15:00-05:00,55.135,55.2,55.0,55.04,6994
2020-03-06 10:20:00-05:00,55.0,55.03,54.92,55.03,5657
2020-03-06 10:25:00-05:00,55.03,55.31,55.02,55.28,6033
2020-03-06 10:30:00-05:00,55.35,55.41,55.18,55.18,6352
2020-03-06 10:35:00-05:00,55.19,55.33,55.08,55.31,9000
2020-03-06 10:40:00-05:00,55.35,55.5,55.29,55.405,13205
2020-03-06 10:45:00-05:00,55.45,55.6,55.33,55.57,10220
2020-03-06 10:50:00-05:00,55.57,55.63,55.48,55.54,103145
2020-03-06 10:55:00-05:00,55.54,55.64,55.5,55.63,6670
2020-03-06 11:00:00-05:00,55.65,55.75,55.5,55.52,8646
2020-03-06 11:05:00-05:00,55.525,55.54,55.47,55.49,3864
2020-03-06 11:10:00-05:00,55.46,55.57,55.44,55.51,6144
2020-03-06 11:15:00-05:00,55.54,55.68,55.52,55.54,4176
2020-03-06 11:20:00-05:00,55.6,55.72,55.58,55.67,8334
2020-03-06 11:25:00-05:00,55.66,55.74,55.58,55.625,8085
2020-03-06 11:30:00-05:00,55.66,55.89,55.66,55.88,6055
2020-03-06 11:35:00-05:00,55.82,55.85,55.67,55.77,7587
2020-03-06 11:40:00-05:00,55.77,55.77,55.51,55.515,7893
2020-03-06 11:45:00-05:00,55.52,55.53,55.39,55.39,4501
2020-03-06 11:50:00-05:00,55.4,55.58,55.4,55.52,7561
2020-03-06 11:55:00-05:00,55.54,55.56,55.49,55.51,5551
2020-03-06 12:00:00-05:00,55.52,55.52,55.31,55.31,8768
2020-03-06 12:05:00-05:00,55.29,55.33,55.24,55.25,10172
2020-03-06 12:10:00-05:00,55.23,55.27,55.14,55.24,9801
2020-03-06 12:15:00-05:00,55.19,55.28,55.07,55.07,8319
2020-03-06 12:20:00-05:00,55.1,55.23,55.07,55.075,6424
2020-03-06 12:25:00-05:00,55.1,55.11,55.02,55.035,6754
2020-03-06 12:30:00-05:00,55.045,55.26,55.02,55.25,7819
2020-03-06 12:35:00-05:00,55.26,55.44,55.2,55.29,12736
2020-03-06 12:40:00-05:00,55.28,55.365,55.24,55.365,5120
2020-03-06 12:45:00-05:00,55.42,55.44,55.255,55.29,5572
2020-03-06 12:50:00-05:00,55.26,55.345,55.21,55.23,6802
2020-03-06 12:55:00-05:00,55.24,55.26,55.17,55.195,6473
2020-03-06 13:00:00-05:00,55.175,55.31,55.16,55.28,8012
2020-03-06 13:05:00-05:00,55.29,55.41,55.28,55.305,4496
2020-03-06 13:10:00-05:00,55.34,55.37,55.235,55.24,4438
2020-03-06 13:15:00-05:00,55.265,55.42,55.265,55.36,3793
2020-03-06 13:20:00-05:00,55.39,55.63,55.39,55.605,6817
2020-03-06 13:25:00-05:00,55.59,55.59,55.41,55.41,6894
2020-03-06 13:30:00-05:00,55.43,55.475,55.27,55.31,22033
2020-03-06 13:35:00-05:00,55.33,55.43,55.24,55.405,6284
2020-03-06 13:40:00-05:00,55.41,55.48,55.315,55.35,13947
2020-03-06 13:45:00-05:00,55.35,55.36,55.11,55.11,10640
2020-03-06 13:50:00-05:00,55.105,55.17,55.05,55.06,12191
2020-03-06 13:55:00-05:00,55.055,55.115,55.02,55.045,8443
2020-03-06 14:00:00-05:00,55.05,55.07,54.965,55.01,17648
2020-03-06 14:05:00-05:00,55.04,55.08,54.91,54.935,8904
2020-03-06 14:10:00-05:00,54.93,55.01,54.875,54.875,8677
2020-03-06 14:15:00-05:00,54.87,54.91,54.805,54.87,4977
2020-03-06 14:20:00-05:00,54.82,54.9,54.76,54.84,10989
2020-03-06 14:25:00-05:00,54.845,54.94,54.845,54.86,9178
2020-03-06 14:30:00-05:00,54.87,54.87,54.66,54.66,8621
2020-03-06 14:35:00-05:00,54.66,54.67,54.475,54.485,12675
2020-03-06 14:40:00-05:00,54.49,54.5,54.295,54.3,9185
2020-03-06 14:45:00-05:00,54.3,54.365,54.03,54.03,14439
2020-03-06 14:50:00-05:00,54.02,54.13,53.99,54.13,19802
2020-03-06 14:55:00-05:00,54.15,54.23,54.065,54.13,20286
2020-03-06 15:00:00-05:00,54.105,54.19,54.03,54.07,12017
2020-03-06 15:05:00-05:00,54.09,54.16,54.0,54.02,15335
2020-03-06 15:10:00-05:00,54.055,54.31,54.045,54.16,17089
2020-03-06 15:15:00-05:00,54.145,54.44,54.145,54.37,18894
2020-03-06 15:20:00-05:00,54.4,54.435,54.27,54.4,50755
2020-03-06 15:25:00-05:00,54.41,54.465,54.25,54.265,28203
2020-03-06 15:30:00-05:00,54.27,54.62,54.2,54.62,40850
2020-03-06 15:35:00-05:00,54.6,54.73,54.34,54.34,35470
2020-03-06 15:40:00-05:00,54.38,54.81,54.35,54.78,45385
2020-03-06 15:45:00-05:00,54.78,54.93,54.72,54.93,52001
2020-03-06 15:50:00-05:00,54.94,55.36,54.94,55.145,73318
2020-03-06 15:55:00-05:00,55.15,55.565,55.14,55.235,136581
2020-03-09 09:30:00-04:00,52.02,52.38,51.83,52.25,22876
2020-03-09 09:45:00-04:00,52.21,52.25,51.93,51.96,9857
2020-03-09 09:50:00-04:00,51.97,52.53,51.94,52.36,84183
2020-03-09 09:55:00-04:00,52.38,53.08,52.35,52.76,67781
2020-03-09 10:00:00-04:00,52.78,52.92,52.51,52.68,47659
2020-03-09 10:05:00-04:00,52.67,53.36,52.54,53.29,13384
2020-03-09 10:10:00-04:00,53.34,53.34,52.74,52.89,11771
2020-03-09 10:15:00-04:00,52.89,53.13,52.84,52.94,26429
2020-03-09 10:20:00-04:00,52.96,52.99,52.64,52.83,26929
2020-03-09 10:25:00-04:00,52.86,53.38,52.74,53.03,33556
2020-03-09 10:30:00-04:00,53.03,53.17,52.94,53.1,27294
2020-03-09 10:35:00-04:00,53.08,53.19,52.9,53.19,24967
2020-03-09 10:40:00-04:00,53.19,53.23,52.93,52.99,24467
2020-03-09 10:45:00-04:00,52.98,53.05,52.83,52.85,19578
2020-03-09 10:50:00-04:00,52.85,52.86,52.62,52.74,17910
2020-03-09 10:55:00-04:00,52.705,52.73,52.17,52.24,7719
2020-03-09 11:00:00-04:00,52.26,52.39,52.23,52.25,9580
2020-03-09 11:05:00-04:00,52.25,52.56,52.23,52.55,10876
2020-03-09 11:10:00-04:00,52.61,52.74,52.6,52.71,4204
2020-03-09 11:15:00-04:00,52.7,53.16,52.68,53.14,14101
2020-03-09 11:20:00-04:00,53.12,53.22,53.03,53.14,8955
2020-03-09 11:25:00-04:00,53.165,53.19,52.96,53.04,7473
2020-03-09 11:30:00-04:00,53.01,53.04,52.89,53.025,12535
2020-03-09 11:35:00-04:00,53.02,53.42,53.02,53.23,8749
2020-03-09 11:40:00-04:00,53.24,53.46,53.22,53.46,21887
2020-03-09 11:45:00-04:00,53.45,53.57,53.37,53.515,26600
2020-03-09 11:50:00-04:00,53.51,53.57,53.28,53.28,9963
2020-03-09 11:55:00-04:00,53.21,53.24,53.11,53.11,3023
2020-03-09 12:00:00-04:00,53.07,53.12,52.86,52.89,6090
2020-03-09 12:05:00-04:00,52.97,53.22,52.96,53.18,5638
2020-03-09 12:10:00-04:00,53.25,53.29,53.13,53.16,5803
2020-03-09 12:15:00-04:00,53.21,53.22,52.99,53.03,9224
2020-03-09 12:20:00-04:00,53.03,53.16,52.95,53.07,11072
2020-03-09 12:25:00-04:00,53.06,53.095,52.9,52.9,11052
2020-03-09 12:30:00-04:00,52.88,53.05,52.715,52.715,20864
2020-03-09 12:35:00-04:00,52.75,52.75,52.555,52.73,7120
2020-03-09 12:40:00-04:00,52.73,52.77,52.53,52.54,20067
2020-03-09 12:45:00-04:00,52.54,52.58,52.45,52.5,11826
2020-03-09 12:50:00-04:00,52.5,52.72,52.5,52.695,3862
2020-03-09 12:55:00-04:00,52.67,52.75,52.62,52.75,6051
2020-03-09 13:00:00-04:00,52.74,52.87,52.67,52.71,9632
2020-03-09 13:05:00-04:00,52.61,52.71,52.49,52.66,3761
2020-03-09 13:10:00-04:00,52.58,52.78,52.55,52.78,6933
2020-03-09 13:15:00-04:00,52.73,52.76,52.6,52.6,26918
2020-03-09 13:20:00-04:00,52.59,52.6,52.45,52.6,13210
2020-03-09 13:25:00-04:00,52.61,52.63,52.38,52.44,6867
2020-03-09 13:30:00-04:00,52.45,52.45,52.2,52.2,12228
2020-03-09 13:35:00-04:00,52.19,52.255,52.11,52.13,8074
2020-03-09 13:40:00-04:00,52.12,52.13,51.94,51.94,2309
2020-03-09 13:45:00-04:00,51.97,52.17,51.95,52.14,5876
2020-03-09 13:50:00-04:00,52.125,52.125,51.8,51.8,2849
2020-03-09 13:55:00-04:00,51.76,51.94,51.75,51.89,6032
2020-03-09 14:00:00-04:00,51.91,51.97,51.64,51.64,9024
2020-03-09 14:05:00-04:00,51.56,51.89,51.56,51.63,5669
2020-03-09 14:10:00-04:00,51.56,51.89,51.56,51.89,5720
2020-03-09 14:15:00-04:00,51.9,52.2,51.9,52.09,8859
2020-03-09 14:20:00-04:00,52.11,52.27,52.11,52.165,6441
2020-03-09 14:25:00-04:00,52.14,52.15,51.98,51.98,7680
2020-03-09 14:30:00-04:00,51.96,52.06,51.83,51.945,11057
2020-03-09 14:35:00-04:00,51.975,52.07,51.77,52.03,7136
2020-03-09 14:40:00-04:00,52.08,52.08,51.48,51.595,6580
2020-03-09 14:45:00-04:00,51.58,51.94,51.54,51.71,9088
2020-03-09 14:50:00-04:00,51.76,52.27,51.76,52.23,8227
2020-03-09 14:55:00-04:00,52.16,52.32,52.1,52.13,16846
2020-03-09 15:00:00-04:00,52.09,52.45,51.95,52.32,21560
2020-03-09 15:05:00-04:00,52.31,52.32,52.065,52.185,15819
2020-03-09 15:10:00-04:00,52.185,52.185,51.92,51.92,14370
2020-03-09 15:15:00-04:00,51.88,52.23,51.87,52.04,15775
2020-03-09 15:20:00-04:00,52.015,52.35,51.92,52.275,18384
2020-03-09 15:25:00-04:00,52.29,52.54,52.14,52.15,19371
2020-03-09 15:30:00-04:00,52.14,52.18,51.85,52.0,27881
2020-03-09 15:35:00-04:00,52.01,52.61,52.01,52.56,30637
2020-03-09 15:40:00-04:00,52.555,52.78,52.45,52.61,43082
2020-03-09 15:45:00-04:00,52.625,52.76,52.31,52.52,39422
2020-03-09 15:50:00-04:00,52.5,52.54,52.12,52.54,61134
2020-03-09 15:55:00-04:00,52.5,52.5,51.85,51.87,86473
2020-03-10 09:30:00-04:00,53.19,53.23,52.74,53.23,32328
2020-03-10 09:35:00-04:00,53.23,53.26,52.96,53.23,23918
2020-03-10 09:40:00-04:00,53.25,53.25,52.745,52.89,22779
2020-03-10 09:45:00-04:00,52.87,52.88,52.57,52.74,27266
2020-03-10 09:50:00-04:00,52.72,52.8,52.67,52.78,18430
2020-03-10 09:55:00-04:00,52.77,52.94,52.68,52.68,13503
2020-03-10 10:00:00-04:00,52.75,52.89,52.68,52.89,7256
2020-03-10 10:05:00-04:00,52.84,52.93,52.79,52.88,17239
2020-03-10 10:10:00-04:00,52.88,53.24,52.88,53.19,12336
2020-03-10 10:15:00-04:00,53.2,53.24,53.04,53.16,11803
2020-03-10 10:20:00-04:00,53.21,53.27,52.93,52.93,11837
2020-03-10 10:25:00-04:00,52.9,52.9,52.67,52.67,4091
2020-03-10 10:30:00-04:00,52.64,52.64,52.37,52.45,10095
2020-03-10 10:35:00-04:00,52.465,52.51,52.32,52.32,8139
2020-03-10 10:40:00-04:00,52.315,52.33,52.16,52.29,17982
2020-03-10 10:45:00-04:00,52.23,52.425,52.15,52.17,9980
2020-03-10 10:50:00-04:00,52.17,52.25,52.05,52.05,6061
2020-03-10 10:55:00-04:00,52.05,52.22,51.88,51.88,25306
2020-03-10 11:00:00-04:00,51.93,52.11,51.9,52.05,7242
2020-03-10 11:05:00-04:00,52.05,52.24,52.04,52.18,8121
2020-03-10 11:10:00-04:00,52.15,52.15,51.885,51.925,8026
2020-03-10 11:15:00-04:00,51.905,52.04,51.845,51.88,6638
2020-03-10 11:20:00-04:00,51.91,51.94,51.565,51.565,5274
2020-03-10 11:25:00-04:00,51.51,51.685,51.32,51.33,7609
2020-03-10 11:30:00-04:00,51.37,51.6,51.17,51.49,16764
2020-03-10 11:35:00-04:00,51.49,51.62,51.37,51.62,8852
2020-03-10 11:40:00-04:00,51.65,51.86,51.53,51.84,15881
2020-03-10 11:45:00-04:00,51.83,51.96,51.78,51.94,8397
2020-03-10 11:50:00-04:00,51.92,51.92,51.57,51.66,7688
2020-03-10 11:55:00-04:00,51.645,51.74,51.46,51.635,4384
2020-03-10 12:00:00-04:00,51.7,52.1,51.7,51.83,8605
2020-03-10 12:05:00-04:00,51.84,52.02,51.75,52.015,17757
2020-03-10 12:10:00-04:00,52.0,52.39,52.0,52.31,22057
2020-03-10 12:15:00-04:00,52.32,52.48,52.22,52.33,13320
2020-03-10 12:20:00-04:00,52.31,52.31,52.08,52.175,10472
2020-03-10 12:25:00-04:00,52.185,52.185,51.825,51.835,11693
2020-03-10 12:30:00-04:00,51.785,51.83,51.47,51.55,13159
2020-03-10 12:35:00-04:00,51.45,51.77,51.45,51.77,1857
2020-03-10 12:40:00-04:00,51.68,52.03,51.6,52.02,15007
2020-03-10 12:45:00-04:00,52.01,52.1,51.89,52.03,16278
2020-03-10 12:50:00-04:00,51.95,52.22,51.87,52.175,17394
2020-03-10 12:55:00-04:00,52.185,52.25,52.07,52.07,10622
2020-03-10 13:00:00-04:00,52.07,52.075,51.76,51.88,24607
2020-03-10 13:05:00-04:00,51.915,52.31,51.845,52.215,28226
2020-03-10 13:10:00-04:00,52.22,52.26,52.0,52.18,46004
2020-03-10 13:15:00-04:00,52.19,52.335,52.035,52.235,25512
2020-03-10 13:20:00-04:00,52.235,52.38,52.19,52.25,35512
2020-03-10 13:25:00-04:00,52.255,52.255,51.97,52.01,16799
2020-03-10 13:30:00-04:00,52.01,52.23,51.88,52.2,50931
2020-03-10 13:35:00-04:00,52.16,52.17,51.75,51.82,23524
2020-03-10 13:40:00-04:00,51.835,51.96,51.665,51.895,17288
2020-03-10 13:45:00-04:00,51.895,51.895,51.665,51.73,35844
2020-03-10 13:50:00-04:00,51.745,51.845,51.64,51.67,7916
2020-03-10 13:55:00-04:00,51.68,51.865,51.63,51.835,9534
2020-03-10 14:00:00-04:00,51.845,51.87,51.65,51.805,10695
2020-03-10 14:05:00-04:00,51.725,51.94,51.635,51.92,8516
2020-03-10 14:10:00-04:00,51.875,52.0,51.85,51.97,12632
2020-03-10 14:15:00-04:00,51.98,52.0,51.81,51.895,9006
2020-03-10 14:20:00-04:00,51.9,51.99,51.62,51.62,7299
2020-03-10 14:25:00-04:00,51.62,51.93,51.61,51.93,8840
2020-03-10 14:30:00-04:00,51.89,52.055,51.87,52.04,3283
2020-03-10 14:35:00-04:00,52.035,52.12,51.9,51.94,11917
2020-03-10 14:40:00-04:00,51.94,52.32,51.9,52.22,22615
2020-03-10 14:45:00-04:00,52.21,52.5,52.16,52.5,31587
2020-03-10 14:50:00-04:00,52.44,52.44,52.23,52.34,14022
2020-03-10 14:55:00-04:00,52.39,52.47,52.12,52.19,17569
2020-03-10 15:00:00-04:00,52.205,52.6,52.11,52.545,21411
2020-03-10 15:05:00-04:00,52.6,52.7,52.53,52.57,12862
2020-03-10 15:10:00-04:00,52.56,52.79,52.56,52.69,9284
2020-03-10 15:15:00-04:00,52.72,53.2,52.58,53.16,25755
2020-03-10 15:20:00-04:00,53.16,53.35,53.04,53.11,16150
2020-03-10 15:25:00-04:00,53.09,53.1,52.77,52.835,11329
2020-03-10 15:30:00-04:00,52.82,53.06,52.57,52.8,85919
2020-03-10 15:35:00-04:00,52.79,53.24,52.71,53.17,26020
2020-03-10 15:40:00-04:00,53.19,53.34,53.02,53.06,25654
2020-03-10 15:45:00-04:00,53.05,53.39,53.04,53.31,41158
2020-03-10 15:50:00-04:00,53.35,53.65,53.29,53.64,89453
2020-03-10 15:55:00-04:00,53.66,53.79,53.41,53.67,144074
2020-03-11 09:25:00-04:00,52.56,52.56,52.56,52.56,986
2020-03-11 09:30:00-04:00,52.31,52.42,52.16,52.33,42617
2020-03-11 09:35:00-04:00,52.35,52.5,52.19,52.19,12757
2020-03-11 09:40:00-04:00,52.195,52.34,52.06,52.235,17929
2020-03-11 09:45:00-04:00,52.2,52.27,52.15,52.21,6351
2020-03-11 09:50:00-04:00,52.195,52.38,52.12,52.265,5610
2020-03-11 09:55:00-04:00,52.26,52.56,52.22,52.56,6266
2020-03-11 10:00:00-04:00,52.54,52.63,52.45,52.47,9597
2020-03-11 10:05:00-04:00,52.51,52.64,52.44,52.6,28356
2020-03-11 10:10:00-04:00,52.59,52.595,52.4,52.54,4817
2020-03-11 10:15:00-04:00,52.515,52.62,52.47,52.5,20247
2020-03-11 10:20:00-04:00,52.49,52.5,52.36,52.395,12617
2020-03-11 10:25:00-04:00,52.405,52.61,52.35,52.37,8911
2020-03-11 10:30:00-04:00,52.315,52.615,52.315,52.615,8346
2020-03-11 10:35:00-04:00,52.6,52.61,52.33,52.36,4841
2020-03-11 10:40:00-04:00,52.32,52.32,52.16,52.205,4333
2020-03-11 10:45:00-04:00,52.255,52.49,52.175,52.21,8284
2020-03-11 10:50:00-04:00,52.2,52.3,52.15,52.295,3644
2020-03-11 10:55:00-04:00,52.285,52.38,52.245,52.33,15801
2020-03-11 11:00:00-04:00,52.34,52.54,52.26,52.26,10268
2020-03-11 11:05:00-04:00,52.27,52.28,52.01,52.15,5863
2020-03-11 11:10:00-04:00,52.16,52.34,52.14,52.31,2883
2020-03-11 11:15:00-04:00,52.3,52.3,51.97,51.97,4398
2020-03-11 11:20:00-04:00,51.96,51.99,51.83,51.87,3786
2020-03-11 11:25:00-04:00,51.785,51.89,51.77,51.82,6821
2020-03-11 11:30:00-04:00,51.83,52.02,51.765,52.015,6414
2020-03-11 11:35:00-04:00,52.0,52.15,51.91,52.15,5343
2020-03-11 11:40:00-04:00,52.16,52.18,51.98,51.98,4351
2020-03-11 11:45:00-04:00,51.98,52.04,51.87,51.97,4626
2020-03-11 11:50:00-04:00,52.02,52.05,51.85,51.93,5582
2020-03-11 11:55:00-04:00,51.895,52.05,51.84,52.03,4803
2020-03-11 12:00:00-04:00,52.05,52.12,51.88,52.12,4038
2020-03-11 12:05:00-04:00,52.14,52.215,52.055,52.18,3221
2020-03-11 12:10:00-04:00,52.195,52.3,52.12,52.27,3032
2020-03-11 12:15:00-04:00,52.285,52.37,52.23,52.33,7574
2020-03-11 12:20:00-04:00,52.32,52.36,52.09,52.1,6795
2020-03-11 12:25:00-04:00,52.07,52.07,51.78,51.815,10395
2020-03-11 12:30:00-04:00,51.78,51.92,51.73,51.79,7283
2020-03-11 12:35:00-04:00,51.79,51.86,51.72,51.75,5264
2020-03-11 12:40:00-04:00,51.745,51.79,51.52,51.59,18268
2020-03-11 12:45:00-04:00,51.625,51.705,51.525,51.53,11882
2020-03-11 12:50:00-04:00,51.57,51.75,51.54,51.63,7784
2020-03-11 12:55:00-04:00,51.61,51.82,51.57,51.82,5263
2020-03-11 13:00:00-04:00,51.75,51.75,51.59,51.62,5529
2020-03-11 13:05:00-04:00,51.605,51.65,51.5,51.52,19448
2020-03-11 13:10:00-04:00,51.51,51.64,51.505,51.6,6546
2020-03-11 13:15:00-04:00,51.61,51.9,51.61,51.9,13715
2020-03-11 13:20:00-04:00,51.9,52.0,51.9,51.935,8017
2020-03-11 13:25:00-04:00,51.93,52.11,51.92,52.03,7981
2020-03-11 13:30:00-04:00,52.005,52.09,51.95,51.98,11215
2020-03-11 13:35:00-04:00,52.0,52.03,51.955,52.03,5751
2020-03-11 13:40:00-04:00,51.99,52.0,51.92,51.985,9599
2020-03-11 13:45:00-04:00,51.945,52.25,51.94,52.21,8559
2020-03-11 13:50:00-04:00,52.22,52.22,51.98,52.05,4707
2020-03-11 13:55:00-04:00,52.06,52.19,52.06,52.07,5201
2020-03-11 14:00:00-04:00,52.13,52.13,51.83,51.84,4659
2020-03-11 14:05:00-04:00,51.84,51.91,51.705,51.72,6309
2020-03-11 14:10:00-04:00,51.755,51.78,51.7,51.75,14559
2020-03-11 14:15:00-04:00,51.76,51.885,51.71,51.74,24210
2020-03-11 14:20:00-04:00,51.74,51.78,51.67,51.68,23547
2020-03-11 14:25:00-04:00,51.7,51.79,51.595,51.6,12963
2020-03-11 14:30:00-04:00,51.62,51.85,51.61,51.69,15836
2020-03-11 14:35:00-04:00,51.73,51.84,51.61,51.78,8572
2020-03-11 14:40:00-04:00,51.8,51.98,51.655,51.685,21560
2020-03-11 14:45:00-04:00,51.7,51.81,51.6,51.63,15728
2020-03-11 14:50:00-04:00,51.6,51.72,51.46,51.575,12009
2020-03-11 14:55:00-04:00,51.57,51.68,51.47,51.47,12805
2020-03-11 15:00:00-04:00,51.47,51.58,51.33,51.33,23736
2020-03-11 15:05:00-04:00,51.37,51.37,51.16,51.31,26639
2020-03-11 15:10:00-04:00,51.33,51.44,51.14,51.175,13569
2020-03-11 15:15:00-04:00,51.18,51.505,51.17,51.48,14794
2020-03-11 15:20:00-04:00,51.49,51.52,51.17,51.18,19232
2020-03-11 15:25:00-04:00,51.215,51.69,51.215,51.64,18344
2020-03-11 15:30:00-04:00,51.63,52.08,51.55,51.95,50071
2020-03-11 15:35:00-04:00,51.95,52.26,51.82,52.14,33832
2020-03-11 15:40:00-04:00,52.1,52.29,52.03,52.1,41706
2020-03-11 15:45:00-04:00,52.12,52.4,51.96,52.24,148754
2020-03-11 15:50:00-04:00,52.2,52.49,51.79,52.12,105836
2020-03-11 15:55:00-04:00,52.13,52.39,52.12,52.21,145362
2020-03-12 09:30:00-04:00,48.55,48.55,46.74,48.03,51595
2020-03-12 09:35:00-04:00,48.05,48.38,48.05,48.38,7991
2020-03-12 09:50:00-04:00,47.97,47.97,46.725,47.4,23469
2020-03-12 09:55:00-04:00,47.46,49.265,47.4,49.26,27922
2020-03-12 10:00:00-04:00,49.11,49.135,48.08,48.11,22977
2020-03-12 10:05:00-04:00,48.12,48.25,47.68,47.76,22973
2020-03-12 10:10:00-04:00,47.73,48.48,47.73,48.27,21480
2020-03-12 10:15:00-04:00,48.38,48.6,48.32,48.43,26632
2020-03-12 10:20:00-04:00,48.44,48.49,48.2,48.4,16662
2020-03-12 10:25:00-04:00,48.44,48.92,48.37,48.64,19835
2020-03-12 10:30:00-04:00,48.69,48.99,48.48,48.76,16993
2020-03-12 10:35:00-04:00,48.7,48.82,48.45,48.465,23420
2020-03-12 10:40:00-04:00,48.445,48.6,48.01,48.01,18679
2020-03-12 10:45:00-04:00,48.08,48.2,47.97,48.1,24464
2020-03-12 10:50:00-04:00,48.08,48.42,48.07,48.41,38283
2020-03-12 10:55:00-04:00,48.38,48.49,48.26,48.26,27892
2020-03-12 11:00:00-04:00,48.22,48.25,47.9,47.98,38618
2020-03-12 11:05:00-04:00,47.99,48.05,47.62,47.66,38418
2020-03-12 11:10:00-04:00,47.63,47.67,47.54,47.57,18331
2020-03-12 11:15:00-04:00,47.54,47.82,47.54,47.61,22907
2020-03-12 11:20:00-04:00,47.63,47.67,47.51,47.6,15313
2020-03-12 11:25:00-04:00,47.65,47.93,47.6,47.84,17558
2020-03-12 11:30:00-04:00,47.86,47.98,47.76,47.895,19886
2020-03-12 11:35:00-04:00,47.895,47.97,47.62,47.62,19730
2020-03-12 11:40:00-04:00,47.7,47.7,47.53,47.59,15379
2020-03-12 11:45:00-04:00,47.625,47.63,47.51,47.53,18912
2020-03-12 11:50:00-04:00,47.52,47.53,47.17,47.38,160564
2020-03-12 11:55:00-04:00,47.41,47.77,47.39,47.755,27101
2020-03-12 12:00:00-04:00,47.77,47.89,47.7,47.72,32537
2020-03-12 12:05:00-04:00,47.72,47.83,47.57,47.57,18222
2020-03-12 12:10:00-04:00,47.58,47.58,47.31,47.37,12525
2020-03-12 12:15:00-04:00,47.37,47.6,47.285,47.375,22783
2020-03-12 12:20:00-04:00,47.45,47.82,47.34,47.74,15907
2020-03-12 12:25:00-04:00,47.73,47.935,47.63,47.79,25718
2020-03-12 12:30:00-04:00,47.76,47.77,47.3,47.31,18304
2020-03-12 12:35:00-04:00,47.26,47.44,47.11,47.28,14898
2020-03-12 12:40:00-04:00,47.28,47.28,46.95,46.99,18770
2020-03-12 12:45:00-04:00,47.01,47.185,46.91,46.91,22504
2020-03-12 12:50:00-04:00,46.87,48.56,46.85,48.27,24314
2020-03-12 12:55:00-04:00,48.0,49.29,47.9,48.97,22289
2020-03-12 13:00:00-04:00,48.98,49.83,48.41,49.62,31176
2020-03-12 13:05:00-04:00,49.69,49.83,49.0,49.63,29084
2020-03-12 13:10:00-04:00,49.56,49.66,48.72,49.45,50587
2020-03-12 13:15:00-04:00,49.4,49.4,48.89,49.235,28545
2020-03-12 13:20:00-04:00,49.15,49.47,48.935,49.15,19848
2020-03-12 13:25:00-04:00,49.13,49.47,48.98,49.21,15560
2020-03-12 13:30:00-04:00,49.28,49.58,48.88,48.93,21364
2020-03-12 13:35:00-04:00,48.87,48.895,48.19,48.19,25232
2020-03-12 13:40:00-04:00,48.17,48.54,48.04,48.51,22994
2020-03-12 13:45:00-04:00,48.5,49.03,48.41,48.97,25535
2020-03-12 13:50:00-04:00,48.96,49.05,48.45,48.48,22258
2020-03-12 13:55:00-04:00,48.5,48.76,48.44,48.73,19765
2020-03-12 14:00:00-04:00,48.72,48.96,48.34,48.46,25775
2020-03-12 14:05:00-04:00,48.45,48.63,48.32,48.45,23607
2020-03-12 14:10:00-04:00,48.5,48.51,48.11,48.2,25292
2020-03-12 14:15:00-04:00,48.13,48.24,47.84,47.865,17626
2020-03-12 14:20:00-04:00,47.87,48.05,47.64,47.64,17613
2020-03-12 14:25:00-04:00,47.73,48.1,47.62,47.89,23467
2020-03-12 14:30:00-04:00,47.87,47.87,47.57,47.62,21838
2020-03-12 14:35:00-04:00,47.62,47.68,47.26,47.31,21805
2020-03-12 14:40:00-04:00,47.32,47.56,47.31,47.43,16466
2020-03-12 14:45:00-04:00,47.445,48.02,47.33,48.02,69519
2020-03-12 14:50:00-04:00,48.03,48.18,47.67,47.735,24002
2020-03-12 14:55:00-04:00,47.74,47.8,47.31,47.34,20462
2020-03-12 15:00:00-04:00,47.38,47.49,47.24,47.24,26681
2020-03-12 15:05:00-04:00,47.24,47.72,47.07,47.58,22966
2020-03-12 15:10:00-04:00,47.57,48.18,47.45,47.47,28420
2020-03-12 15:15:00-04:00,47.475,47.475,47.005,47.015,30486
2020-03-12 15:20:00-04:00,47.01,47.2,46.95,47.12,24068
2020-03-12 15:25:00-04:00,47.1,47.23,46.985,47.0,31766
2020-03-12 15:30:00-04:00,47.0,47.34,46.97,47.035,24983
2020-03-12 15:35:00-04:00,46.99,47.18,46.94,47.17,26469
2020-03-12 15:40:00-04:00,47.12,47.67,47.08,47.09,44948
2020-03-12 15:45:00-04:00,47.1,47.545,47.05,47.465,52706
2020-03-12 15:50:00-04:00,47.5,48.0,47.5,47.52,100541
2020-03-12 15:55:00-04:00,47.54,47.575,46.935,47.16,240863
2020-03-13 09:30:00-04:00,49.51,49.55,49.035,49.05,38993
2020-03-13 09:35:00-04:00,49.05,49.15,48.52,48.53,13559
2020-03-13 09:40:00-04:00,48.38,48.46,48.07,48.25,19181
2020-03-13 09:45:00-04:00,48.275,48.54,48.23,48.32,12476
2020-03-13 09:50:00-04:00,48.27,48.32,47.63,47.63,14260
2020-03-13 09:55:00-04:00,47.64,47.81,47.61,47.79,17209
2020-03-13 10:00:00-04:00,47.785,47.95,47.605,47.74,24755
2020-03-13 10:05:00-04:00,47.69,47.75,47.52,47.56,18249
2020-03-13 10:10:00-04:00,47.545,47.8,47.51,47.59,16620
2020-03-13 10:15:00-04:00,47.63,48.26,47.52,48.18,23121
2020-03-13 10:20:00-04:00,48.18,48.62,48.13,48.42,14769
2020-03-13 10:25:00-04:00,48.37,48.52,47.895,47.91,16068
2020-03-13 10:30:00-04:00,47.94,48.04,47.71,47.73,12362
2020-03-13 10:35:00-04:00,47.76,47.775,47.58,47.685,10675
2020-03-13 10:40:00-04:00,47.67,47.69,47.29,47.33,12146
2020-03-13 10:45:00-04:00,47.245,47.28,47.09,47.09,11897
2020-03-13 10:50:00-04:00,47.12,47.325,47.11,47.325,9420
2020-03-13 10:55:00-04:00,47.37,47.525,47.37,47.48,17266
2020-03-13 11:00:00-04:00,47.5,47.82,47.44,47.59,8486
2020-03-13 11:05:00-04:00,47.58,47.7,47.55,47.7,12386
2020-03-13 11:10:00-04:00,47.69,47.81,47.48,47.76,11332
2020-03-13 11:15:00-04:00,47.75,47.75,47.34,47.37,9308
2020-03-13 11:20:00-04:00,47.355,47.44,47.17,47.2,7273
2020-03-13 11:25:00-04:00,47.14,47.25,46.86,46.86,13786
2020-03-13 11:30:00-04:00,46.845,47.005,46.75,46.99,39466
2020-03-13 11:35:00-04:00,47.02,47.35,46.99,47.06,47953
2020-03-13 11:40:00-04:00,47.055,47.055,46.77,46.77,11529
2020-03-13 11:45:00-04:00,46.78,46.93,46.61,46.61,15645
2020-03-13 11:50:00-04:00,46.605,46.98,46.605,46.96,24104
2020-03-13 11:55:00-04:00,46.97,47.34,46.97,47.34,13016
2020-03-13 12:00:00-04:00,47.34,47.43,46.9,47.06,7676
2020-03-13 12:05:00-04:00,47.08,47.37,46.935,47.29,5736
2020-03-13 12:10:00-04:00,47.3,47.49,47.09,47.24,8268
2020-03-13 12:15:00-04:00,47.13,47.46,47.12,47.25,7993
2020-03-13 12:20:00-04:00,47.31,47.4,47.145,47.18,8647
2020-03-13 12:25:00-04:00,47.165,47.29,47.08,47.17,9156
2020-03-13 12:30:00-04:00,47.13,47.67,47.13,47.62,11403
2020-03-13 12:35:00-04:00,47.64,47.68,47.37,47.61,5709
2020-03-13 12:40:00-04:00,47.58,47.86,47.58,47.695,8526
2020-03-13 12:45:00-04:00,47.85,48.01,47.77,47.905,6528
2020-03-13 12:50:00-04:00,47.985,48.17,47.83,47.89,6469
2020-03-13 12:55:00-04:00,47.835,47.965,47.7,47.705,6101
2020-03-13 13:00:00-04:00,47.62,47.8,47.53,47.55,4139
2020-03-13 13:05:00-04:00,47.55,47.56,47.43,47.52,4002
2020-03-13 13:10:00-04:00,47.45,47.74,47.32,47.74,15596
2020-03-13 13:15:00-04:00,47.75,47.87,47.635,47.845,18980
2020-03-13 13:20:00-04:00,47.81,48.07,47.81,48.03,30433
2020-03-13 13:25:00-04:00,47.99,48.16,47.96,48.14,11940
2020-03-13 13:30:00-04:00,48.18,48.32,48.12,48.245,69571
2020-03-13 13:35:00-04:00,48.24,48.3,48.24,48.27,7604
2020-03-13 13:40:00-04:00,48.245,48.48,48.245,48.38,8753
2020-03-13 13:45:00-04:00,48.41,48.6,48.41,48.6,9842
2020-03-13 13:50:00-04:00,48.61,48.9,48.61,48.755,17689
2020-03-13 13:55:00-04:00,48.75,48.78,48.54,48.605,32944
2020-03-13 14:00:00-04:00,48.605,48.605,48.12,48.22,14343
2020-03-13 14:05:00-04:00,48.2,48.28,47.61,47.88,11474
2020-03-13 14:10:00-04:00,47.92,48.01,47.79,48.01,161898
2020-03-13 14:15:00-04:00,48.005,48.08,47.68,47.73,11886
2020-03-13 14:20:00-04:00,47.77,47.89,47.705,47.825,8903
2020-03-13 14:25:00-04:00,47.825,47.825,47.51,47.51,16488
2020-03-13 14:30:00-04:00,47.5,47.59,47.325,47.59,9906
2020-03-13 14:35:00-04:00,47.61,47.64,47.285,47.31,9785
2020-03-13 14:40:00-04:00,47.275,47.95,47.23,47.95,8869
2020-03-13 14:45:00-04:00,47.92,48.09,47.81,47.905,12082
2020-03-13 14:50:00-04:00,47.88,48.09,47.77,47.925,17555
2020-03-13 14:55:00-04:00,47.94,48.1,47.81,47.92,36073
2020-03-13 15:00:00-04:00,47.92,48.31,47.79,48.09,18274
2020-03-13 15:05:00-04:00,48.1,48.35,48.1,48.305,55799
2020-03-13 15:10:00-04:00,48.31,48.44,47.925,48.07,19519
2020-03-13 15:15:00-04:00,48.045,48.36,48.045,48.13,17027
2020-03-13 15:20:00-04:00,48.125,48.43,48.03,48.39,12761
2020-03-13 15:25:00-04:00,48.38,48.625,48.38,48.51,24605
2020-03-13 15:30:00-04:00,48.52,48.685,46.89,47.32,35983
2020-03-13 15:35:00-04:00,47.33,48.18,47.315,48.14,25607
2020-03-13 15:40:00-04:00,48.11,48.865,48.01,48.465,44148
2020-03-13 15:45:00-04:00,48.45,48.98,48.45,48.835,66906
2020-03-13 15:50:00-04:00,48.84,48.98,48.365,48.655,104620
2020-03-13 15:55:00-04:00,48.66,48.74,47.81,48.16,149836
2020-03-16 09:25:00-04:00,42.15,42.15,42.15,42.15,400
2020-03-16 09:30:00-04:00,42.11,42.11,42.11,42.11,200
2020-03-16 09:45:00-04:00,41.63,43.24,41.23,42.51,40364
2020-03-16 09:50:00-04:00,42.56,43.42,42.53,43.42,57215
2020-03-16 09:55:00-04:00,43.46,44.31,43.45,43.59,41001
2020-03-16 10:00:00-04:00,43.59,43.59,42.94,43.04,43626
2020-03-16 10:05:00-04:00,43.14,43.505,43.05,43.495,43811
2020-03-16 10:10:00-04:00,43.5,43.74,43.33,43.47,17927
2020-03-16 10:15:00-04:00,43.565,43.77,43.45,43.47,34588
2020-03-16 10:20:00-04:00,43.49,44.13,43.48,44.085,22150
2020-03-16 10:25:00-04:00,44.08,44.34,43.865,43.88,46120
2020-03-16 10:30:00-04:00,43.89,44.8,43.89,44.8,21410
2020-03-16 10:35:00-04:00,44.795,45.14,44.43,45.12,46363
2020-03-16 10:40:00-04:00,45.11,45.33,44.8,45.155,17309
2020-03-16 10:45:00-04:00,45.15,45.61,45.14,45.33,38465
2020-03-16 10:50:00-04:00,45.3,45.78,45.17,45.73,19531
2020-03-16 10:55:00-04:00,45.72,45.98,45.55,45.82,23688
2020-03-16 11:00:00-04:00,45.88,45.98,45.7,45.74,25825
2020-03-16 11:05:00-04:00,45.67,46.33,45.67,46.33,16224
2020-03-16 11:10:00-04:00,46.405,46.69,46.37,46.685,26799
2020-03-16 11:15:00-04:00,46.68,46.925,46.6,46.79,34017
2020-03-16 11:20:00-04:00,46.81,47.24,46.75,47.24,20478
2020-03-16 11:25:00-04:00,47.26,47.265,47.07,47.25,17790
2020-03-16 11:30:00-04:00,47.38,47.39,46.63,46.66,28836
2020-03-16 11:35:00-04:00,46.62,47.06,46.55,46.98,10852
2020-03-16 11:40:00-04:00,47.005,47.05,46.445,46.63,31718
2020-03-16 11:45:00-04:00,46.625,46.68,46.45,46.6,27577
2020-03-16 11:50:00-04:00,46.69,46.98,46.69,46.95,20937
2020-03-16 11:55:00-04:00,46.945,47.52,46.945,47.52,13140
2020-03-16 12:00:00-04:00,47.55,47.69,47.38,47.655,20883
2020-03-16 12:05:00-04:00,47.68,47.68,47.43,47.58,15015
2020-03-16 12:10:00-04:00,47.57,47.645,47.185,47.22,32956
2020-03-16 12:15:00-04:00,47.185,47.265,46.85,46.86,24934
2020-03-16 12:20:00-04:00,46.855,47.065,46.851,47.065,17083
2020-03-16 12:25:00-04:00,47.07,47.465,47.01,47.36,19643
2020-03-16 12:30:00-04:00,47.4,47.54,47.18,47.375,30238
2020-03-16 12:35:00-04:00,47.37,47.74,47.33,47.45,54286
2020-03-16 12:40:00-04:00,47.515,47.63,47.22,47.375,13574
2020-03-16 12:45:00-04:00,47.37,47.49,47.355,47.375,19085
2020-03-16 12:50:00-04:00,47.375,47.375,46.91,46.93,12030
2020-03-16 12:55:00-04:00,46.945,47.315,46.88,47.295,8335
2020-03-16 13:00:00-04:00,47.295,47.625,47.275,47.6,16529
2020-03-16 13:05:00-04:00,47.585,47.585,47.13,47.16,31252
2020-03-16 13:10:00-04:00,47.155,47.76,47.13,47.72,8633
2020-03-16 13:15:00-04:00,47.735,47.735,47.435,47.575,20255
2020-03-16 13:20:00-04:00,47.535,47.535,47.28,47.51,10947
2020-03-16 13:25:00-04:00,47.485,47.52,47.375,47.425,19719
2020-03-16 13:30:00-04:00,47.39,47.42,46.95,47.06,43955
2020-03-16 13:35:00-04:00,47.04,47.235,46.82,47.1,14777
2020-03-16 13:40:00-04:00,47.125,47.125,46.91,47.03,21822
2020-03-16 13:45:00-04:00,47.035,47.32,47.015,47.18,26440
2020-03-16 13:50:00-04:00,47.23,47.265,46.951,46.99,19831
2020-03-16 13:55:00-04:00,46.985,47.05,46.73,46.755,9406
2020-03-16 14:00:00-04:00,46.75,46.805,46.51,46.63,20895
2020-03-16 14:05:00-04:00,46.63,46.91,46.63,46.83,14924
2020-03-16 14:10:00-04:00,46.815,46.97,46.815,46.97,9283
2020-03-16 14:15:00-04:00,46.99,47.0,46.705,46.77,14936
2020-03-16 14:20:00-04:00,46.735,46.935,46.695,46.845,17393
2020-03-16 14:25:00-04:00,46.845,46.975,46.72,46.975,7047
2020-03-16 14:30:00-04:00,47.0,47.71,46.955,47.685,22648
2020-03-16 14:35:00-04:00,47.69,47.88,47.35,47.48,17404
2020-03-16 14:40:00-04:00,47.47,47.47,47.15,47.24,13121
2020-03-16 14:45:00-04:00,47.24,47.39,47.115,47.36,22500
2020-03-16 14:50:00-04:00,47.395,47.52,47.27,47.35,22075
2020-03-16 14:55:00-04:00,47.345,47.6,47.265,47.48,11751
2020-03-16 15:00:00-04:00,47.485,47.72,47.305,47.355,36274
2020-03-16 15:05:00-04:00,47.37,47.53,47.315,47.475,19399
2020-03-16 15:10:00-04:00,47.475,47.59,47.295,47.295,21100
2020-03-16 15:15:00-04:00,47.27,47.71,47.255,47.56,31635
2020-03-16 15:20:00-04:00,47.57,47.59,46.94,47.09,34071
2020-03-16 15:25:00-04:00,47.14,47.215,46.635,46.635,25732
2020-03-16 15:30:00-04:00,46.58,46.58,45.81,45.9,42156
2020-03-16 15:35:00-04:00,45.895,45.895,45.595,45.8,22211
2020-03-16 15:40:00-04:00,45.79,46.67,45.6,46.66,28634
2020-03-16 15:45:00-04:00,46.655,46.655,46.015,46.05,32728
2020-03-16 15:50:00-04:00,46.005,46.005,45.67,45.67,83799
2020-03-16 15:55:00-04:00,45.675,45.68,45.04,45.26,223697
2020-03-17 08:55:00-04:00,45.67,45.67,45.67,45.67,150
2020-03-17 09:30:00-04:00,45.89,47.06,45.81,46.67,36556
2020-03-17 09:35:00-04:00,46.635,46.85,46.38,46.61,32240
2020-03-17 09:40:00-04:00,46.575,46.575,46.115,46.13,23123
2020-03-17 09:45:00-04:00,46.12,46.71,46.11,46.28,55648
2020-03-17 09:50:00-04:00,46.28,46.28,45.84,45.845,29080
2020-03-17 09:55:00-04:00,45.89,46.06,45.65,45.73,13392
2020-03-17 10:00:00-04:00,45.705,45.95,45.41,45.72,20701
2020-03-17 10:05:00-04:00,45.79,45.95,45.67,45.84,24658
2020-03-17 10:10:00-04:00,45.805,46.12,45.73,45.88,14334
2020-03-17 10:15:00-04:00,45.93,46.09,45.74,45.94,25180
2020-03-17 10:20:00-04:00,45.99,46.25,45.865,46.12,25369
2020-03-17 10:25:00-04:00,46.155,46.46,46.09,46.35,21278
2020-03-17 10:30:00-04:00,46.35,46.405,45.865,45.865,26369
2020-03-17 10:35:00-04:00,45.86,46.2,45.815,46.01,13711
2020-03-17 10:40:00-04:00,45.97,46.28,45.94,46.255,11879
2020-03-17 10:45:00-04:00,46.3,46.36,45.88,45.93,17729
2020-03-17 10:50:00-04:00,45.945,45.945,45.41,45.64,14450
2020-03-17 10:55:00-04:00,45.67,46.005,45.54,45.93,17067
2020-03-17 11:00:00-04:00,45.93,46.215,45.8,46.11,21130
2020-03-17 11:05:00-04:00,46.165,46.295,46.125,46.25,11895
2020-03-17 11:10:00-04:00,46.305,46.555,46.235,46.555,10018
2020-03-17 11:15:00-04:00,46.53,46.795,46.325,46.795,12658
2020-03-17 11:20:00-04:00,46.89,46.93,46.34,46.4,14235
2020-03-17 11:25:00-04:00,46.41,46.655,46.41,46.46,11317
2020-03-17 11:30:00-04:00,46.42,46.88,46.42,46.68,16412
2020-03-17 11:35:00-04:00,46.7,46.7,46.42,46.46,16334
2020-03-17 11:40:00-04:00,46.445,46.64,46.43,46.53,15930
2020-03-17 11:45:00-04:00,46.55,46.59,46.425,46.47,13382
2020-03-17 11:50:00-04:00,46.47,46.71,46.41,46.71,22576
2020-03-17 11:55:00-04:00,46.73,46.75,46.51,46.55,15976
2020-03-17 12:00:00-04:00,46.56,46.59,45.9,45.98,16531
2020-03-17 12:05:00-04:00,46.005,46.6,46.005,46.59,31769
2020-03-17 12:10:00-04:00,46.545,46.83,46.51,46.77,17077
2020-03-17 12:15:00-04:00,46.77,46.77,46.24,46.36,29941
2020-03-17 12:20:00-04:00,46.37,46.42,46.02,46.19,28260
2020-03-17 12:25:00-04:00,46.19,46.31,46.11,46.25,26388
2020-03-17 12:30:00-04:00,46.25,46.465,46.2,46.41,14651
2020-03-17 12:35:00-04:00,46.39,46.44,46.3,46.39,17936
2020-03-17 12:40:00-04:00,46.44,46.49,46.26,46.35,18386
2020-03-17 12:45:00-04:00,46.35,46.49,46.35,46.4,22172
2020-03-17 12:50:00-04:00,46.365,46.42,46.09,46.24,28717
2020-03-17 12:55:00-04:00,46.28,46.335,46.205,46.335,13963
2020-03-17 13:00:00-04:00,46.4,46.48,46.34,46.35,24593
2020-03-17 13:05:00-04:00,46.38,46.445,46.175,46.21,15406
2020-03-17 13:10:00-04:00,46.215,46.215,45.89,45.9,13640
2020-03-17 13:15:00-04:00,45.92,46.07,45.745,46.06,20505
2020-03-17 13:20:00-04:00,46.05,46.17,45.83,45.86,24697
2020-03-17 13:25:00-04:00,45.89,46.03,45.85,45.96,16392
2020-03-17 13:30:00-04:00,45.93,46.075,45.76,46.065,35154
2020-03-17 13:35:00-04:00,46.06,46.405,46.02,46.395,11386
2020-03-17 13:40:00-04:00,46.395,46.455,46.06,46.19,23315
2020-03-17 13:45:00-04:00,46.205,46.29,46.005,46.005,18259
2020-03-17 13:50:00-04:00,46.045,46.14,45.88,46.01,10884
2020-03-17 13:55:00-04:00,46.0,46.12,45.95,45.96,13743
2020-03-17 14:00:00-04:00,45.98,46.06,45.75,46.01,11086
2020-03-17 14:05:00-04:00,46.0,46.21,46.0,46.16,16689
2020-03-17 14:10:00-04:00,46.22,46.34,46.08,46.34,16475
2020-03-17 14:15:00-04:00,46.39,46.74,46.29,46.74,3970
2020-03-17 14:20:00-04:00,46.78,46.81,46.51,46.625,8793
2020-03-17 14:25:00-04:00,46.58,46.99,46.54,46.96,9468
2020-03-17 14:30:00-04:00,46.99,47.365,46.99,47.27,17466
2020-03-17 14:35:00-04:00,47.275,47.43,47.24,47.36,16355
2020-03-17 14:40:00-04:00,47.37,47.5,47.13,47.14,18856
2020-03-17 14:45:00-04:00,47.12,47.16,46.805,46.845,23736
2020-03-17 14:50:00-04:00,46.855,47.03,46.62,46.76,14630
2020-03-17 14:55:00-04:00,46.77,47.05,46.69,47.005,14774
2020-03-17 15:00:00-04:00,47.005,47.01,46.03,46.27,16440
2020-03-17 15:05:00-04:00,46.3,46.86,46.115,46.81,12503
2020-03-17 15:10:00-04:00,46.65,46.94,46.64,46.88,10911
2020-03-17 15:15:00-04:00,46.87,47.0,46.85,46.885,14368
2020-03-17 15:20:00-04:00,46.865,46.89,46.52,46.625,15401
2020-03-17 15:25:00-04:00,46.655,46.655,46.38,46.415,18415
2020-03-17 15:30:00-04:00,46.365,46.74,46.355,46.62,25924
2020-03-17 15:35:00-04:00,46.585,46.79,46.585,46.7,30022
2020-03-17 15:40:00-04:00,46.76,47.07,46.74,47.07,46712
2020-03-17 15:45:00-04:00,47.06,47.06,46.49,46.82,107524
2020-03-17 15:50:00-04:00,46.81,47.0,46.045,46.44,87965
2020-03-17 15:55:00-04:00,46.45,47.21,46.145,47.18,286221
2020-03-18 09:30:00-04:00,44.52,44.82,43.98,44.18,18204
2020-03-18 09:35:00-04:00,44.01,44.06,43.325,43.325,16937
2020-03-18 09:40:00-04:00,43.24,43.51,42.83,42.83,37333
2020-03-18 09:45:00-04:00,42.86,42.86,42.51,42.575,34416
2020-03-18 09:50:00-04:00,42.52,42.98,42.505,42.935,45076
2020-03-18 09:55:00-04:00,43.02,43.22,42.66,42.945,34393
2020-03-18 10:00:00-04:00,42.94,43.525,42.765,43.36,57146
2020-03-18 10:05:00-04:00,43.37,43.46,42.91,42.93,37858
2020-03-18 10:10:00-04:00,42.89,43.42,42.87,43.37,49062
2020-03-18 10:15:00-04:00,43.37,43.6,43.18,43.18,27382
2020-03-18 10:20:00-04:00,43.14,43.21,43.02,43.02,27211
2020-03-18 10:25:00-04:00,43.025,43.16,43.02,43.085,21559
2020-03-18 10:30:00-04:00,43.055,43.18,43.015,43.09,36218
2020-03-18 10:35:00-04:00,43.09,43.09,42.81,42.85,47155
2020-03-18 10:40:00-04:00,42.83,43.22,42.83,43.1,26052
2020-03-18 10:45:00-04:00,43.11,43.14,42.71,42.87,26278
2020-03-18 10:50:00-04:00,42.86,42.86,42.215,42.23,90698
2020-03-18 10:55:00-04:00,42.22,42.23,42.01,42.02,44088
2020-03-18 11:00:00-04:00,42.01,42.01,41.645,41.875,36518
2020-03-18 11:05:00-04:00,41.86,41.9,41.695,41.755,13666
2020-03-18 11:10:00-04:00,41.755,41.93,41.71,41.755,15766
2020-03-18 11:15:00-04:00,41.775,41.89,41.595,41.88,41521
2020-03-18 11:20:00-04:00,41.89,42.0,41.76,41.875,28488
2020-03-18 11:25:00-04:00,41.935,42.1,41.82,41.96,20525
2020-03-18 11:30:00-04:00,41.94,42.17,41.85,42.03,19405
2020-03-18 11:35:00-04:00,42.02,42.235,41.99,42.055,29867
2020-03-18 11:40:00-04:00,42.05,42.32,41.9,42.2,22208
2020-03-18 11:45:00-04:00,42.2,42.58,42.04,42.56,26199
2020-03-18 11:50:00-04:00,42.605,42.9,42.6,42.9,31249
2020-03-18 11:55:00-04:00,42.91,42.95,42.785,42.86,14562
2020-03-18 12:00:00-04:00,42.825,43.1,42.655,42.9,21449
2020-03-18 12:05:00-04:00,42.855,43.12,42.85,43.12,24406
2020-03-18 12:10:00-04:00,43.11,43.26,43.005,43.005,26451
2020-03-18 12:15:00-04:00,43.005,43.135,42.985,43.025,31262
2020-03-18 12:20:00-04:00,43.03,43.14,42.91,43.125,37568
2020-03-18 12:25:00-04:00,43.095,43.39,43.005,43.31,32585
2020-03-18 12:30:00-04:00,43.29,43.29,43.0,43.1,39424
2020-03-18 12:35:00-04:00,43.11,43.23,42.9,43.23,38944
2020-03-18 12:40:00-04:00,43.225,43.385,43.13,43.38,42050
2020-03-18 12:45:00-04:00,43.4,43.4,43.12,43.21,32824
2020-03-18 12:50:00-04:00,43.195,43.455,43.145,43.265,27606
2020-03-18 12:55:00-04:00,43.28,43.34,43.045,43.045,5497
2020-03-18 13:10:00-04:00,42.88,43.92,42.88,43.88,37195
2020-03-18 13:15:00-04:00,43.85,43.865,43.255,43.47,25534
2020-03-18 13:20:00-04:00,43.555,43.555,42.85,42.85,23829
2020-03-18 13:25:00-04:00,42.84,42.925,42.29,42.31,29777
2020-03-18 13:30:00-04:00,42.27,42.29,41.91,42.16,18891
2020-03-18 13:35:00-04:00,42.17,42.635,42.13,42.53,30932
2020-03-18 13:40:00-04:00,42.41,42.64,42.24,42.36,30427
2020-03-18 13:45:00-04:00,42.36,42.36,42.05,42.34,37035
2020-03-18 13:50:00-04:00,42.35,42.38,42.11,42.32,29461
2020-03-18 13:55:00-04:00,42.32,42.355,42.05,42.18,25684
2020-03-18 14:00:00-04:00,42.2,42.265,42.0,42.04,23474
2020-03-18 14:05:00-04:00,42.025,42.38,42.025,42.055,19481
2020-03-18 14:10:00-04:00,42.05,42.48,42.0,42.45,32627
2020-03-18 14:15:00-04:00,42.45,43.13,42.35,42.35,36248
2020-03-18 14:20:00-04:00,42.34,42.435,42.06,42.06,39028
2020-03-18 14:25:00-04:00,42.07,42.11,41.92,42.03,25124
2020-03-18 14:30:00-04:00,42.1,42.34,41.95,42.07,26316
2020-03-18 14:35:00-04:00,42.09,42.29,41.975,42.11,30653
2020-03-18 14:40:00-04:00,42.125,42.135,41.83,41.98,35955
2020-03-18 14:45:00-04:00,41.98,42.1,41.755,41.83,16322
2020-03-18 14:50:00-04:00,41.82,42.01,41.67,42.0,17839
2020-03-18 14:55:00-04:00,42.02,42.21,42.005,42.19,25889
2020-03-18 15:00:00-04:00,42.2,42.395,42.0,42.195,33593
2020-03-18 15:05:00-04:00,42.2,42.77,42.2,42.51,41044
2020-03-18 15:10:00-04:00,42.54,43.08,42.54,43.03,38610
2020-03-18 15:15:00-04:00,43.03,43.03,42.38,42.445,53160
2020-03-18 15:20:00-04:00,42.455,42.455,42.06,42.255,49917
2020-03-18 15:25:00-04:00,42.255,42.64,42.255,42.38,61480
2020-03-18 15:30:00-04:00,42.385,42.85,42.3,42.795,79601
2020-03-18 15:35:00-04:00,42.79,42.8,42.4,42.405,85119
2020-03-18 15:40:00-04:00,42.4,42.775,42.395,42.65,75691
2020-03-18 15:45:00-04:00,42.64,42.89,42.37,42.87,92670
2020-03-18 15:50:00-04:00,42.87,44.15,42.725,44.06,108098
2020-03-18 15:55:00-04:00,44.05,45.14,44.05,44.86,264556
2020-03-19 09:30:00-04:00,44.32,44.65,43.8,43.98,23758
2020-03-19 09:35:00-04:00,43.955,44.0,43.26,43.26,20307
2020-03-19 09:40:00-04:00,43.27,43.27,42.26,42.37,17892
2020-03-19 09:45:00-04:00,42.41,42.41,41.605,41.61,21432
2020-03-19 09:50:00-04:00,41.62,41.87,41.505,41.73,24919
2020-03-19 09:55:00-04:00,41.75,42.01,41.73,42.01,15560
2020-03-19 10:00:00-04:00,42.07,42.23,41.91,42.11,25533
2020-03-19 10:05:00-04:00,42.08,42.27,42.01,42.24,34912
2020-03-19 10:10:00-04:00,42.21,42.97,42.07,42.97,35642
2020-03-19 10:15:00-04:00,43.01,43.22,42.63,42.74,28383
2020-03-19 10:20:00-04:00,42.77,43.13,42.77,43.08,31293
2020-03-19 10:25:00-04:00,43.08,43.19,42.57,42.62,27328
2020-03-19 10:30:00-04:00,42.62,42.97,42.51,42.89,13825
2020-03-19 10:35:00-04:00,42.89,42.9,42.33,42.37,22652
2020-03-19 10:40:00-04:00,42.42,42.53,42.185,42.305,14861
2020-03-19 10:45:00-04:00,42.235,42.42,42.11,42.11,10878
2020-03-19 10:50:00-04:00,42.13,42.23,42.02,42.025,8799
2020-03-19 10:55:00-04:00,42.03,42.24,41.835,41.91,18940
2020-03-19 11:00:00-04:00,41.94,42.24,41.94,42.055,43585
2020-03-19 11:05:00-04:00,42.07,42.07,41.625,41.68,19237
2020-03-19 11:10:00-04:00,41.635,42.18,41.53,42.04,11118
2020-03-19 11:15:00-04:00,42.1,42.14,41.98,42.11,6444
2020-03-19 11:20:00-04:00,42.1,42.36,42.03,42.28,22465
2020-03-19 11:25:00-04:00,42.34,42.74,42.34,42.74,10978
2020-03-19 11:30:00-04:00,42.68,42.68,42.28,42.51,9045
2020-03-19 11:35:00-04:00,42.57,42.57,42.16,42.16,12254
2020-03-19 11:40:00-04:00,42.12,42.3,42.0,42.11,13553
2020-03-19 11:45:00-04:00,42.02,42.09,41.97,42.03,8238
2020-03-19 11:50:00-04:00,42.07,42.29,42.025,42.14,11188
2020-03-19 11:55:00-04:00,42.12,42.21,41.83,41.84,45538
2020-03-19 12:00:00-04:00,41.86,42.01,41.75,41.78,17014
2020-03-19 12:05:00-04:00,41.75,41.91,41.62,41.625,21279
2020-03-19 12:10:00-04:00,41.625,41.98,41.545,41.97,25533
2020-03-19 12:15:00-04:00,42.0,42.08,41.74,42.08,20372
2020-03-19 12:20:00-04:00,42.07,42.16,41.865,41.87,17398
2020-03-19 12:25:00-04:00,41.86,42.085,41.835,42.085,35391
2020-03-19 12:30:00-04:00,42.09,42.1,41.905,41.95,24232
2020-03-19 12:35:00-04:00,41.96,42.12,41.895,42.09,13863
2020-03-19 12:40:00-04:00,42.015,42.21,41.97,41.975,27742
2020-03-19 12:45:00-04:00,41.985,42.2,41.965,42.065,35349
2020-03-19 12:50:00-04:00,42.04,42.415,42.035,42.415,19581
2020-03-19 12:55:00-04:00,42.405,42.41,41.955,41.96,22866
2020-03-19 13:00:00-04:00,41.96,42.02,41.9,41.915,22293
2020-03-19 13:05:00-04:00,41.905,41.95,41.705,41.74,33124
2020-03-19 13:10:00-04:00,41.74,42.025,41.65,41.91,59826
2020-03-19 13:15:00-04:00,41.905,41.905,41.655,41.86,23823
2020-03-19 13:20:00-04:00,41.855,42.01,41.85,41.985,32702
2020-03-19 13:25:00-04:00,41.945,41.97,41.805,41.845,37812
2020-03-19 13:30:00-04:00,41.845,41.955,41.805,41.945,58125
2020-03-19 13:35:00-04:00,41.915,41.92,41.7,41.765,62812
2020-03-19 13:40:00-04:00,41.755,41.755,41.565,41.565,55663
2020-03-19 13:45:00-04:00,41.565,41.57,41.5,41.505,110265
2020-03-19 13:50:00-04:00,41.505,41.66,41.335,41.335,171636
2020-03-19 13:55:00-04:00,41.33,41.47,41.075,41.075,42727
2020-03-19 14:00:00-04:00,41.075,41.35,41.04,41.35,52747
2020-03-19 14:05:00-04:00,41.315,41.325,41.15,41.22,36068
2020-03-19 14:10:00-04:00,41.24,41.44,41.14,41.44,41864
2020-03-19 14:15:00-04:00,41.45,41.67,41.355,41.67,34062
2020-03-19 14:20:00-04:00,41.67,41.94,41.67,41.88,24060
2020-03-19 14:25:00-04:00,41.85,41.9,41.51,41.73,37080
2020-03-19 14:30:00-04:00,41.75,42.02,41.75,41.93,141069
2020-03-19 14:35:00-04:00,41.88,42.04,41.82,41.99,38531
2020-03-19 14:40:00-04:00,42.0,42.02,41.77,41.83,17244
2020-03-19 14:45:00-04:00,41.8,42.04,41.77,41.98,26589
2020-03-19 14:50:00-04:00,41.98,42.15,41.94,42.02,50321
2020-03-19 14:55:00-04:00,42.05,42.32,42.04,42.29,25379
2020-03-19 15:00:00-04:00,42.25,42.25,41.84,41.96,47970
2020-03-19 15:05:00-04:00,41.95,42.15,41.9,41.905,47722
2020-03-19 15:10:00-04:00,41.9,42.11,41.82,42.055,77802
2020-03-19 15:15:00-04:00,42.055,42.175,41.9,42.065,69614
2020-03-19 15:20:00-04:00,42.06,42.07,41.99,42.07,61179
2020-03-19 15:25:00-04:00,42.08,42.2,42.03,42.11,102288
2020-03-19 15:30:00-04:00,42.11,42.2,41.98,42.07,87433
2020-03-19 15:35:00-04:00,42.06,42.07,41.81,41.9,51765
2020-03-19 15:40:00-04:00,41.905,42.05,41.86,42.04,76822
2020-03-19 15:45:00-04:00,42.05,42.14,41.815,42.135,79705
2020-03-19 15:50:00-04:00,42.13,42.13,41.74,41.755,81744
2020-03-19 15:55:00-04:00,41.76,42.03,41.755,41.85,120248
2020-03-20 09:25:00-04:00,41.54,42.06,41.33,42.06,401
2020-03-20 09:30:00-04:00,41.95,42.0,41.09,41.79,117306
2020-03-20 09:35:00-04:00,41.82,41.91,41.42,41.42,19763
2020-03-20 09:40:00-04:00,41.42,41.61,41.2,41.28,31705
2020-03-20 09:45:00-04:00,41.29,41.33,41.0,41.07,53031
2020-03-20 09:50:00-04:00,41.05,41.43,41.05,41.37,47097
2020-03-20 09:55:00-04:00,41.38,41.51,41.22,41.3,15714
2020-03-20 10:00:00-04:00,41.28,41.51,41.28,41.38,22093
2020-03-20 10:05:00-04:00,41.33,41.39,41.03,41.09,25145
2020-03-20 10:10:00-04:00,41.09,41.32,41.04,41.2,37467
2020-03-20 10:15:00-04:00,41.19,41.25,40.88,41.03,21213
2020-03-20 10:20:00-04:00,40.98,41.27,40.92,41.27,26718
2020-03-20 10:25:00-04:00,41.28,41.44,41.16,41.33,26743
2020-03-20 10:30:00-04:00,41.33,41.64,41.33,41.55,18639
2020-03-20 10:35:00-04:00,41.57,41.79,41.49,41.69,16436
2020-03-20 10:40:00-04:00,41.67,41.68,41.48,41.56,43726
2020-03-20 10:45:00-04:00,41.555,41.59,41.28,41.57,63834
2020-03-20 10:50:00-04:00,41.57,41.73,41.55,41.61,43000
2020-03-20 10:55:00-04:00,41.645,41.85,41.61,41.755,23178
2020-03-20 11:00:00-04:00,41.745,41.775,41.505,41.505,35923
2020-03-20 11:05:00-04:00,41.51,41.51,41.2,41.36,17392
2020-03-20 11:10:00-04:00,41.37,41.48,41.15,41.225,19274
2020-03-20 11:15:00-04:00,41.235,41.26,40.72,40.92,40701
2020-03-20 11:20:00-04:00,40.93,41.02,40.84,40.88,52630
2020-03-20 11:25:00-04:00,40.86,41.13,40.85,40.89,33755
2020-03-20 11:30:00-04:00,40.91,41.08,40.85,40.97,19489
2020-03-20 11:35:00-04:00,40.94,41.24,40.92,40.96,19059
2020-03-20 11:40:00-04:00,40.95,40.95,40.53,40.65,42383
2020-03-20 11:45:00-04:00,40.65,40.99,40.59,40.955,17264
2020-03-20 11:50:00-04:00,40.92,41.055,40.84,40.84,17490
2020-03-20 11:55:00-04:00,40.82,40.83,40.62,40.62,17610
2020-03-20 12:00:00-04:00,40.6,40.67,40.36,40.36,65027
2020-03-20 12:05:00-04:00,40.36,40.36,40.11,40.18,12423
2020-03-20 12:10:00-04:00,40.18,40.45,40.18,40.43,14604
2020-03-20 12:15:00-04:00,40.44,40.54,40.39,40.48,14635
2020-03-20 12:20:00-04:00,40.51,40.54,40.3,40.3,18552
2020-03-20 12:25:00-04:00,40.27,40.33,40.09,40.135,15502
2020-03-20 12:30:00-04:00,40.1,40.44,40.07,40.41,36505
2020-03-20 12:35:00-04:00,40.41,40.49,40.37,40.48,16288
2020-03-20 12:40:00-04:00,40.51,40.83,40.5,40.73,15623
2020-03-20 12:45:00-04:00,40.72,40.81,40.63,40.63,23934
2020-03-20 12:50:00-04:00,40.67,40.97,40.67,40.83,16622
2020-03-20 12:55:00-04:00,40.83,41.0,40.43,40.43,28267
2020-03-20 13:00:00-04:00,40.36,40.44,39.99,40.29,55742
2020-03-20 13:05:00-04:00,40.28,40.39,40.27,40.35,11172
2020-03-20 13:10:00-04:00,40.38,40.44,40.1,40.12,12494
2020-03-20 13:15:00-04:00,40.15,40.43,40.04,40.41,19669
2020-03-20 13:20:00-04:00,40.43,40.43,40.21,40.215,11461
2020-03-20 13:25:00-04:00,40.22,40.54,40.07,40.33,21353
2020-03-20 13:30:00-04:00,40.35,40.61,40.35,40.5,17125
2020-03-20 13:35:00-04:00,40.54,40.62,40.29,40.54,5977
2020-03-20 13:40:00-04:00,40.5,40.62,40.39,40.54,7959
2020-03-20 13:45:00-04:00,40.54,40.59,40.29,40.3,11520
2020-03-20 13:50:00-04:00,40.26,40.27,40.05,40.07,14583
2020-03-20 13:55:00-04:00,40.07,40.14,40.05,40.12,8071
2020-03-20 14:00:00-04:00,40.1,40.25,40.1,40.23,15375
2020-03-20 14:05:00-04:00,40.26,40.47,40.25,40.43,17285
2020-03-20 14:10:00-04:00,40.45,40.5,40.35,40.42,19328
2020-03-20 14:15:00-04:00,40.4,40.44,40.3,40.43,15667
2020-03-20 14:20:00-04:00,40.44,40.54,40.29,40.29,12054
2020-03-20 14:25:00-04:00,40.3,40.37,40.08,40.37,12335
2020-03-20 14:30:00-04:00,40.35,40.43,40.045,40.06,16379
2020-03-20 14:35:00-04:00,40.08,40.25,40.045,40.25,13976
2020-03-20 14:40:00-04:00,40.26,40.26,40.1,40.24,17501
2020-03-20 14:45:00-04:00,40.23,40.34,40.195,40.25,18268
2020-03-20 14:50:00-04:00,40.24,40.27,40.04,40.045,15262
2020-03-20 14:55:00-04:00,40.08,40.09,39.81,39.88,16459
2020-03-20 15:00:00-04:00,39.88,40.1,39.715,39.72,18710
2020-03-20 15:05:00-04:00,39.72,39.86,39.63,39.67,18642
2020-03-20 15:10:00-04:00,39.64,39.67,39.44,39.48,17717
2020-03-20 15:15:00-04:00,39.52,39.72,39.28,39.305,28018
2020-03-20 15:20:00-04:00,39.3,39.48,39.3,39.41,19000
2020-03-20 15:25:00-04:00,39.41,39.82,39.35,39.68,38826
2020-03-20 15:30:00-04:00,39.68,39.855,39.48,39.71,55326
2020-03-20 15:35:00-04:00,39.68,39.705,39.03,39.05,35480
2020-03-20 15:40:00-04:00,39.04,39.07,38.68,38.68,73165
2020-03-20 15:45:00-04:00,38.68,38.82,38.42,38.44,84436
2020-03-20 15:50:00-04:00,38.43,38.43,38.02,38.06,95062
2020-03-20 15:55:00-04:00,38.055,38.32,37.51,38.32,193250
2020-03-23 09:30:00-04:00,38.71,38.71,36.74,37.695,130350
2020-03-23 09:35:00-04:00,37.7,37.81,36.3,36.58,94216
2020-03-23 09:40:00-04:00,36.515,37.47,36.515,37.335,66524
2020-03-23 09:45:00-04:00,37.33,37.33,36.93,37.12,40816
2020-03-23 09:50:00-04:00,37.14,37.94,36.96,37.86,34213
2020-03-23 09:55:00-04:00,37.88,38.21,37.655,37.85,27082
2020-03-23 10:00:00-04:00,37.875,38.04,37.83,37.97,43643
2020-03-23 10:05:00-04:00,37.98,38.16,37.94,38.07,28229
2020-03-23 10:10:00-04:00,38.06,38.37,38.06,38.35,17235
2020-03-23 10:15:00-04:00,38.39,38.495,37.915,37.92,37229
2020-03-23 10:20:00-04:00,37.98,38.04,37.755,38.0,40962
2020-03-23 10:25:00-04:00,38.03,38.04,37.84,37.87,27862
2020-03-23 10:30:00-04:00,37.885,38.05,37.83,37.88,46434
2020-03-23 10:35:00-04:00,37.885,37.885,37.69,37.86,34363
2020-03-23 10:40:00-04:00,37.86,38.305,37.81,38.18,22466
2020-03-23 10:45:00-04:00,38.17,38.23,37.93,37.965,29718
2020-03-23 10:50:00-04:00,37.98,38.205,37.895,38.02,23225
2020-03-23 10:55:00-04:00,37.97,38.02,37.77,37.84,17269
2020-03-23 11:00:00-04:00,37.87,38.185,37.87,38.08,32895
2020-03-23 11:05:00-04:00,38.12,38.12,37.885,37.995,40074
2020-03-23 11:10:00-04:00,38.0,38.1,37.98,38.08,45814
2020-03-23 11:15:00-04:00,38.08,38.125,37.7,37.72,48507
2020-03-23 11:20:00-04:00,37.75,37.75,37.59,37.735,26304
2020-03-23 11:25:00-04:00,37.72,37.8,37.52,37.52,18507
2020-03-23 11:30:00-04:00,37.525,37.67,37.5,37.55,20978
2020-03-23 11:35:00-04:00,37.55,37.58,37.46,37.48,31109
2020-03-23 11:40:00-04:00,37.51,37.55,37.285,37.285,11172
2020-03-23 11:45:00-04:00,37.355,37.44,37.26,37.3,18835
2020-03-23 11:50:00-04:00,37.31,37.52,37.26,37.45,12943
2020-03-23 11:55:00-04:00,37.44,37.72,37.43,37.695,17964
2020-03-23 12:00:00-04:00,37.69,37.97,37.69,37.72,35504
2020-03-23 12:05:00-04:00,37.72,37.81,37.475,37.475,39494
2020-03-23 12:10:00-04:00,37.45,37.51,37.37,37.47,36996
2020-03-23 12:15:00-04:00,37.44,38.0,37.42,37.96,26604
2020-03-23 12:20:00-04:00,37.98,38.03,37.835,37.955,26065
2020-03-23 12:25:00-04:00,37.96,38.06,37.895,38.01,27235
2020-03-23 12:30:00-04:00,38.045,38.06,37.785,37.98,17326
2020-03-23 12:35:00-04:00,38.09,38.17,37.87,38.035,12991
2020-03-23 12:40:00-04:00,38.04,38.29,38.02,38.27,19497
2020-03-23 12:45:00-04:00,38.27,38.59,38.08,38.555,68368
2020-03-23 12:50:00-04:00,38.535,38.64,38.22,38.275,80322
2020-03-23 12:55:00-04:00,38.26,38.65,38.26,38.62,35685
2020-03-23 13:00:00-04:00,38.64,38.65,38.45,38.45,61700
2020-03-23 13:05:00-04:00,38.45,38.6,38.38,38.6,33916
2020-03-23 13:10:00-04:00,38.74,38.885,38.585,38.73,70053
2020-03-23 13:15:00-04:00,38.735,38.75,38.565,38.665,17369
2020-03-23 13:20:00-04:00,38.66,38.66,38.46,38.515,27326
2020-03-23 13:25:00-04:00,38.505,38.545,38.04,38.07,15817
2020-03-23 13:30:00-04:00,38.04,38.04,37.81,38.0,49155
2020-03-23 13:35:00-04:00,37.98,37.98,37.61,37.63,14930
2020-03-23 13:40:00-04:00,37.61,37.795,37.61,37.62,10943
2020-03-23 13:45:00-04:00,37.64,38.2,37.64,38.19,9327
2020-03-23 13:50:00-04:00,38.105,38.105,37.7,37.76,27123
2020-03-23 13:55:00-04:00,37.75,37.775,37.19,37.31,10975
2020-03-23 14:00:00-04:00,37.28,37.28,37.03,37.085,10693
2020-03-23 14:05:00-04:00,37.2,37.485,37.065,37.065,14376
2020-03-23 14:10:00-04:00,37.125,37.21,37.07,37.11,3404
2020-03-23 14:15:00-04:00,37.105,37.34,37.045,37.2,13385
2020-03-23 14:20:00-04:00,37.18,37.38,37.075,37.29,22559
2020-03-23 14:25:00-04:00,37.28,37.71,37.26,37.67,13720
2020-03-23 14:30:00-04:00,37.68,37.7,37.455,37.465,19901
2020-03-23 14:35:00-04:00,37.495,37.495,37.26,37.31,15120
2020-03-23 14:40:00-04:00,37.29,37.465,37.29,37.36,4446
2020-03-23 14:45:00-04:00,37.37,37.45,37.035,37.45,26095
2020-03-23 14:50:00-04:00,37.34,37.375,37.045,37.045,36554
2020-03-23 14:55:00-04:00,37.045,37.08,36.75,36.75,19299
2020-03-23 15:00:00-04:00,36.765,37.095,36.6,37.09,55916
2020-03-23 15:05:00-04:00,37.05,37.155,36.83,36.83,40134
2020-03-23 15:10:00-04:00,36.825,36.85,36.525,36.62,22971
2020-03-23 15:15:00-04:00,36.61,36.67,36.49,36.53,41406
2020-03-23 15:20:00-04:00,36.51,36.56,36.305,36.38,30962
2020-03-23 15:25:00-04:00,36.365,36.72,36.31,36.61,31283
2020-03-23 15:30:00-04:00,36.67,36.82,36.585,36.71,40317
2020-03-23 15:35:00-04:00,36.7,37.175,36.63,36.99,58358
2020-03-23 15:40:00-04:00,37.01,37.17,36.84,37.11,33436
2020-03-23 15:45:00-04:00,37.105,37.285,36.77,36.77,68915
2020-03-23 15:50:00-04:00,36.74,37.65,36.72,37.6,89591
2020-03-23 15:55:00-04:00,37.64,37.83,37.54,37.6,122704
2020-03-24 09:25:00-04:00,41.35,41.44,41.35,41.44,1000
2020-03-24 09:30:00-04:00,41.34,41.34,39.71,40.91,41881
2020-03-24 09:35:00-04:00,40.92,41.18,40.23,40.46,49762
2020-03-24 09:40:00-04:00,40.46,40.475,40.14,40.165,38606
2020-03-24 09:45:00-04:00,40.16,40.35,40.04,40.145,43348
2020-03-24 09:50:00-04:00,40.145,40.295,40.095,40.235,38527
2020-03-24 09:55:00-04:00,40.25,40.25,39.905,39.905,48487
2020-03-24 10:00:00-04:00,39.925,40.35,39.925,40.115,59847
2020-03-24 10:05:00-04:00,40.205,40.235,40.035,40.08,62333
2020-03-24 10:10:00-04:00,40.11,40.135,39.715,39.99,71991
2020-03-24 10:15:00-04:00,39.995,40.17,39.875,40.07,126048
2020-03-24 10:20:00-04:00,40.075,40.28,40.075,40.17,104495
2020-03-24 10:25:00-04:00,40.165,40.35,40.13,40.285,19498
2020-03-24 10:30:00-04:00,40.285,40.285,39.855,39.855,64855
2020-03-24 10:35:00-04:00,39.875,40.18,39.775,40.11,124546
2020-03-24 10:40:00-04:00,40.085,40.44,40.07,40.38,41879
2020-03-24 10:45:00-04:00,40.38,40.62,40.355,40.5,51333
2020-03-24 10:50:00-04:00,40.51,40.725,40.45,40.67,50154
2020-03-24 10:55:00-04:00,40.66,40.89,40.57,40.585,40321
2020-03-24 11:00:00-04:00,40.575,40.67,40.365,40.365,69582
2020-03-24 11:05:00-04:00,40.365,40.475,39.8,39.815,58786
2020-03-24 11:10:00-04:00,39.815,39.825,39.51,39.69,28697
2020-03-24 11:15:00-04:00,39.75,39.98,39.75,39.91,6214
2020-03-24 11:20:00-04:00,39.92,40.1,39.87,40.03,26810
2020-03-24 11:25:00-04:00,40.04,40.7,40.04,40.28,43227
2020-03-24 11:30:00-04:00,40.36,40.36,40.06,40.06,13124
2020-03-24 11:35:00-04:00,40.07,40.1,39.915,40.02,11632
2020-03-24 11:40:00-04:00,40.02,40.21,39.95,40.031,16019
2020-03-24 11:45:00-04:00,39.995,40.23,39.97,40.14,7396
2020-03-24 11:50:00-04:00,40.18,40.34,40.14,40.3,19489
2020-03-24 11:55:00-04:00,40.305,40.375,40.27,40.375,14378
2020-03-24 12:00:00-04:00,40.4,40.445,40.225,40.36,35553
2020-03-24 12:05:00-04:00,40.35,40.4,40.28,40.36,21685
2020-03-24 12:10:00-04:00,40.355,40.4,40.235,40.235,59751
2020-03-24 12:15:00-04:00,40.21,40.315,40.175,40.255,31881
2020-03-24 12:20:00-04:00,40.26,40.45,40.24,40.42,6794
2020-03-24 12:25:00-04:00,40.4,40.445,40.385,40.415,16850
2020-03-24 12:30:00-04:00,40.415,40.43,40.305,40.405,30453
2020-03-24 12:35:00-04:00,40.4,40.425,40.225,40.395,75548
2020-03-24 12:40:00-04:00,40.4,40.475,40.35,40.465,47521
2020-03-24 12:45:00-04:00,40.465,40.47,40.245,40.28,17939
2020-03-24 12:50:00-04:00,40.29,40.29,40.08,40.17,30420
2020-03-24 12:55:00-04:00,40.155,40.18,39.915,39.915,14795
2020-03-24 13:00:00-04:00,39.915,40.045,39.86,39.86,14355
2020-03-24 13:05:00-04:00,39.85,39.995,39.76,39.985,8080
2020-03-24 13:10:00-04:00,39.95,40.005,39.89,39.965,6368
2020-03-24 13:15:00-04:00,39.96,40.0,39.83,39.93,7898
2020-03-24 13:20:00-04:00,39.95,40.0,39.86,39.915,8447
2020-03-24 13:25:00-04:00,39.92,40.005,39.87,39.99,10829
2020-03-24 13:30:00-04:00,39.97,40.03,39.82,39.86,100583
2020-03-24 13:35:00-04:00,39.79,40.0,39.79,39.92,6762
2020-03-24 13:40:00-04:00,39.95,39.95,39.51,39.715,6681
2020-03-24 13:45:00-04:00,39.69,39.79,39.43,39.435,5649
2020-03-24 13:50:00-04:00,39.435,39.435,39.22,39.325,12298
2020-03-24 13:55:00-04:00,39.31,39.5,39.3,39.36,7174
2020-03-24 14:00:00-04:00,39.38,39.425,39.15,39.15,10392
2020-03-24 14:05:00-04:00,39.15,39.25,39.01,39.03,5057
2020-03-24 14:10:00-04:00,39.03,39.07,38.93,38.93,18479
2020-03-24 14:15:00-04:00,38.9,39.04,38.84,38.92,12774
2020-03-24 14:20:00-04:00,38.91,39.155,38.9,39.13,17892
2020-03-24 14:25:00-04:00,39.18,39.28,39.08,39.27,15517
2020-03-24 14:30:00-04:00,39.27,39.295,38.92,38.93,22848
2020-03-24 14:35:00-04:00,38.94,39.36,38.94,39.225,9861
2020-03-24 14:40:00-04:00,39.23,39.27,39.065,39.23,8594
2020-03-24 14:45:00-04:00,39.24,39.295,39.02,39.07,13007
2020-03-24 14:50:00-04:00,39.06,39.45,39.05,39.36,6221
2020-03-24 14:55:00-04:00,39.32,39.49,39.31,39.455,9939
2020-03-24 15:00:00-04:00,39.43,39.77,39.42,39.77,34186
2020-03-24 15:05:00-04:00,39.75,40.07,39.74,40.0,35665
2020-03-24 15:10:00-04:00,39.98,40.01,39.65,39.69,54887
2020-03-24 15:15:00-04:00,39.67,39.92,39.64,39.89,23619
2020-03-24 15:20:00-04:00,39.87,39.98,39.715,39.83,19864
2020-03-24 15:25:00-04:00,39.845,39.99,39.785,39.99,24992
2020-03-24 15:30:00-04:00,39.99,39.99,39.73,39.78,28008
2020-03-24 15:35:00-04:00,39.77,39.89,39.59,39.88,27396
2020-03-24 15:40:00-04:00,39.85,40.07,39.8,39.87,36968
2020-03-24 15:45:00-04:00,39.85,39.91,39.54,39.61,50600
2020-03-24 15:50:00-04:00,39.62,39.925,39.61,39.885,96371
2020-03-24 15:55:00-04:00,39.9,39.97,39.33,39.34,168934
2020-03-25 08:15:00-04:00,41.03,41.16,41.03,41.16,200
2020-03-25 08:50:00-04:00,41.42,41.42,41.32,41.32,200
2020-03-25 09:30:00-04:00,40.64,40.7,39.92,40.48,79699
2020-03-25 09:35:00-04:00,40.49,41.61,40.49,41.6,52853
2020-03-25 09:40:00-04:00,41.585,41.77,41.32,41.47,51429
2020-03-25 09:45:00-04:00,41.455,41.77,41.285,41.68,26856
2020-03-25 09:50:00-04:00,41.68,41.85,41.49,41.81,39699
2020-03-25 09:55:00-04:00,41.79,41.795,41.14,41.14,18857
2020-03-25 10:00:00-04:00,41.15,41.335,40.9,41.095,40187
2020-03-25 10:05:00-04:00,41.1,41.22,41.035,41.135,54214
2020-03-25 10:10:00-04:00,41.115,41.115,40.77,40.935,31214
2020-03-25 10:15:00-04:00,40.92,41.27,40.9,41.22,20751
2020-03-25 10:20:00-04:00,41.27,41.48,41.2,41.48,44437
2020-03-25 10:25:00-04:00,41.49,41.54,41.19,41.34,34178
2020-03-25 10:30:00-04:00,41.47,41.57,40.85,40.885,57534
2020-03-25 10:35:00-04:00,40.895,41.16,40.78,41.02,75689
2020-03-25 10:40:00-04:00,41.03,41.12,40.98,41.08,28521
2020-03-25 10:45:00-04:00,41.17,41.36,40.98,41.175,26781
2020-03-25 10:50:00-04:00,41.175,41.47,41.17,41.26,21241
2020-03-25 10:55:00-04:00,41.24,41.475,41.18,41.44,11811
2020-03-25 11:00:00-04:00,41.42,41.48,41.34,41.44,31536
2020-03-25 11:05:00-04:00,41.46,41.56,41.45,41.52,14191
2020-03-25 11:10:00-04:00,41.53,41.55,41.445,41.48,18154
2020-03-25 11:15:00-04:00,41.49,41.585,41.41,41.485,32330
2020-03-25 11:20:00-04:00,41.47,41.56,41.38,41.47,9597
2020-03-25 11:25:00-04:00,41.44,41.65,41.34,41.37,28066
2020-03-25 11:30:00-04:00,41.36,41.71,41.32,41.55,18715
2020-03-25 11:35:00-04:00,41.55,41.61,41.37,41.42,12782
2020-03-25 11:40:00-04:00,41.46,41.55,41.3,41.32,9568
2020-03-25 11:45:00-04:00,41.34,41.42,41.24,41.35,11590
2020-03-25 11:50:00-04:00,41.35,41.4,41.11,41.13,12707
2020-03-25 11:55:00-04:00,41.14,41.3,41.08,41.3,17402
2020-03-25 12:00:00-04:00,41.28,41.43,41.24,41.4,26289
2020-03-25 12:05:00-04:00,41.39,41.42,41.31,41.37,12929
2020-03-25 12:10:00-04:00,41.355,41.51,41.355,41.455,33073
2020-03-25 12:15:00-04:00,41.42,41.61,41.26,41.45,19575
2020-03-25 12:20:00-04:00,41.42,41.55,41.34,41.53,10860
2020-03-25 12:25:00-04:00,41.55,41.71,41.53,41.59,13442
2020-03-25 12:30:00-04:00,41.59,41.76,41.44,41.75,14192
2020-03-25 12:35:00-04:00,41.725,41.8,41.63,41.78,14894
2020-03-25 12:40:00-04:00,41.75,41.84,41.675,41.82,6573
2020-03-25 12:45:00-04:00,41.81,41.9,41.72,41.72,8856
2020-03-25 12:50:00-04:00,41.73,41.88,41.69,41.7,7439
2020-03-25 12:55:00-04:00,41.72,41.87,41.63,41.86,11702
2020-03-25 13:00:00-04:00,41.88,41.98,41.84,41.94,25301
2020-03-25 13:05:00-04:00,41.93,42.095,41.9,42.095,17495
2020-03-25 13:10:00-04:00,42.05,42.06,41.91,41.96,11042
2020-03-25 13:15:00-04:00,41.97,42.14,41.97,42.14,5302
2020-03-25 13:20:00-04:00,42.13,42.35,42.13,42.31,12684
2020-03-25 13:25:00-04:00,42.33,42.53,42.31,42.52,32586
2020-03-25 13:30:00-04:00,42.51,42.825,42.41,42.79,43501
2020-03-25 13:35:00-04:00,42.79,42.88,42.64,42.8,83334
2020-03-25 13:40:00-04:00,42.8,42.92,42.75,42.91,14200
2020-03-25 13:45:00-04:00,42.915,42.975,42.6,42.66,20373
2020-03-25 13:50:00-04:00,42.68,43.015,42.68,42.915,22517
2020-03-25 13:55:00-04:00,42.93,43.0,42.72,42.73,8844
2020-03-25 14:00:00-04:00,42.74,42.755,42.52,42.57,16160
2020-03-25 14:05:00-04:00,42.535,42.535,42.23,42.275,5167
2020-03-25 14:10:00-04:00,42.305,42.55,42.28,42.46,11726
2020-03-25 14:15:00-04:00,42.48,42.66,42.4,42.65,11164
2020-03-25 14:20:00-04:00,42.665,42.86,42.64,42.68,2183
2020-03-25 14:25:00-04:00,42.72,42.77,42.66,42.75,2567
2020-03-25 14:30:00-04:00,42.79,42.81,42.52,42.53,7018
2020-03-25 14:35:00-04:00,42.55,42.78,42.48,42.75,10355
2020-03-25 14:40:00-04:00,42.76,42.94,42.65,42.92,12850
2020-03-25 14:45:00-04:00,42.92,43.21,42.92,43.19,14549
2020-03-25 14:50:00-04:00,43.19,43.19,43.01,43.13,10267
2020-03-25 14:55:00-04:00,43.13,43.41,43.09,43.25,9867
2020-03-25 15:00:00-04:00,43.23,43.43,43.19,43.43,12420
2020-03-25 15:05:00-04:00,43.44,43.44,43.03,43.08,29294
2020-03-25 15:10:00-04:00,43.08,43.08,42.805,42.88,29292
2020-03-25 15:15:00-04:00,42.91,43.245,42.91,43.17,32478
2020-03-25 15:20:00-04:00,43.16,43.26,42.97,42.97,26066
2020-03-25 15:25:00-04:00,42.96,43.165,42.875,42.94,38168
2020-03-25 15:30:00-04:00,42.97,43.23,42.97,43.11,26172
2020-03-25 15:35:00-04:00,43.1,43.2,42.92,42.96,30818
2020-03-25 15:40:00-04:00,42.955,42.98,42.25,42.43,49042
2020-03-25 15:45:00-04:00,42.42,42.42,42.07,42.17,69583
2020-03-25 15:50:00-04:00,42.14,42.17,41.22,41.77,71186
2020-03-25 15:55:00-04:00,41.74,41.92,41.31,41.605,77062
2020-03-26 09:25:00-04:00,42.61,42.9,42.61,42.9,1100
2020-03-26 09:30:00-04:00,42.86,43.3,42.52,42.735,38218
2020-03-26 09:35:00-04:00,42.655,43.18,42.655,42.97,21309
2020-03-26 09:40:00-04:00,42.97,43.38,42.83,43.29,9682
2020-03-26 09:45:00-04:00,43.265,43.36,43.01,43.265,31819
2020-03-26 09:50:00-04:00,43.27,43.64,43.15,43.64,14305
2020-03-26 09:55:00-04:00,43.72,43.89,43.68,43.82,14800
2020-03-26 10:00:00-04:00,43.92,44.295,43.91,44.29,12288
2020-03-26 10:05:00-04:00,44.4,44.83,44.33,44.775,29087
2020-03-26 10:10:00-04:00,44.72,44.785,44.44,44.44,25865
2020-03-26 10:15:00-04:00,44.41,44.7,44.31,44.685,28169
2020-03-26 10:20:00-04:00,44.695,44.85,44.69,44.82,4468
2020-03-26 10:25:00-04:00,44.75,44.8,44.56,44.59,7052
2020-03-26 10:30:00-04:00,44.535,44.89,44.45,44.875,7680
2020-03-26 10:35:00-04:00,44.83,44.9,44.67,44.88,15064
2020-03-26 10:40:00-04:00,44.87,44.89,44.645,44.765,10799
2020-03-26 10:45:00-04:00,44.75,44.785,44.355,44.44,31836
2020-03-26 10:50:00-04:00,44.44,44.69,44.44,44.57,29332
2020-03-26 10:55:00-04:00,44.55,44.865,44.53,44.73,208532
2020-03-26 11:00:00-04:00,44.73,45.0,44.51,44.96,29340
2020-03-26 11:05:00-04:00,44.99,45.12,44.84,44.88,24160
2020-03-26 11:10:00-04:00,44.895,44.99,44.83,44.835,10865
2020-03-26 11:15:00-04:00,44.83,44.945,44.71,44.94,5740
2020-03-26 11:20:00-04:00,44.94,44.94,44.7,44.775,8502
2020-03-26 11:25:00-04:00,44.77,44.815,44.7,44.815,7129
2020-03-26 11:30:00-04:00,44.865,44.965,44.84,44.965,13818
2020-03-26 11:35:00-04:00,44.905,45.05,44.805,44.95,5406
2020-03-26 11:40:00-04:00,44.975,45.13,44.95,45.07,19108
2020-03-26 11:45:00-04:00,45.09,45.14,44.92,45.08,7778
2020-03-26 11:50:00-04:00,45.1,45.135,45.05,45.125,12280
2020-03-26 11:55:00-04:00,45.12,45.12,44.97,45.08,5506
2020-03-26 12:00:00-04:00,45.085,45.265,45.025,45.255,11339
2020-03-26 12:05:00-04:00,45.26,45.26,44.66,44.69,26255
2020-03-26 12:10:00-04:00,44.68,44.73,44.5,44.52,11511
2020-03-26 12:15:00-04:00,44.54,44.561,44.125,44.125,35559
2020-03-26 12:20:00-04:00,44.14,44.19,44.0,44.13,31122
2020-03-26 12:25:00-04:00,44.19,44.21,44.1,44.195,7246
2020-03-26 12:30:00-04:00,44.19,44.395,44.19,44.38,28090
2020-03-26 12:35:00-04:00,44.37,44.395,44.16,44.19,28727
2020-03-26 12:40:00-04:00,44.19,44.245,44.15,44.2,4564
2020-03-26 12:45:00-04:00,44.165,44.195,44.07,44.195,7325
2020-03-26 12:50:00-04:00,44.225,44.37,44.225,44.28,8856
2020-03-26 12:55:00-04:00,44.195,44.32,44.135,44.3,19872
2020-03-26 13:00:00-04:00,44.27,44.625,44.27,44.625,5819
2020-03-26 13:05:00-04:00,44.59,44.63,44.2,44.24,12467
2020-03-26 13:10:00-04:00,44.25,44.27,44.08,44.11,3968
2020-03-26 13:15:00-04:00,44.1,44.22,44.08,44.11,7273
2020-03-26 13:20:00-04:00,44.1,44.12,43.95,44.11,5020
2020-03-26 13:25:00-04:00,44.11,44.12,44.01,44.01,3939
2020-03-26 13:30:00-04:00,44.005,44.09,43.905,44.055,12583
2020-03-26 13:35:00-04:00,44.07,44.125,43.935,44.02,9108
2020-03-26 13:40:00-04:00,44.0,44.1,43.99,44.01,11444
2020-03-26 13:45:00-04:00,44.005,44.08,43.98,44.04,64736
2020-03-26 13:50:00-04:00,44.04,44.05,43.92,43.93,16521
2020-03-26 13:55:00-04:00,43.945,44.01,43.77,43.935,26150
2020-03-26 14:00:00-04:00,43.935,43.96,43.92,43.93,2228
2020-03-26 14:05:00-04:00,43.92,43.93,43.7,43.75,5354
2020-03-26 14:10:00-04:00,43.745,43.805,43.475,43.48,5246
2020-03-26 14:15:00-04:00,43.46,43.465,43.36,43.415,13598
2020-03-26 14:20:00-04:00,43.38,43.42,43.31,43.32,14597
2020-03-26 14:25:00-04:00,43.3,43.455,43.3,43.375,14580
2020-03-26 14:30:00-04:00,43.39,43.785,43.39,43.785,10127
2020-03-26 14:35:00-04:00,43.8,44.065,43.77,44.0,11293
2020-03-26 14:40:00-04:00,44.035,44.04,43.83,43.855,11092
2020-03-26 14:45:00-04:00,43.87,44.0,43.83,43.97,14872
2020-03-26 14:50:00-04:00,43.98,44.01,43.88,43.92,18039
2020-03-26 14:55:00-04:00,43.93,44.08,43.85,44.08,10954
2020-03-26 15:00:00-04:00,44.06,44.06,43.83,43.98,11595
2020-03-26 15:05:00-04:00,43.98,43.98,43.75,43.8,8882
2020-03-26 15:10:00-04:00,43.8,43.84,43.62,43.65,16660
2020-03-26 15:15:00-04:00,43.68,43.77,43.62,43.71,14411
2020-03-26 15:20:00-04:00,43.7,43.77,43.62,43.7,11344
2020-03-26 15:25:00-04:00,43.68,43.98,43.67,43.975,17965
2020-03-26 15:30:00-04:00,43.985,44.05,43.95,44.05,34506
2020-03-26 15:35:00-04:00,44.04,44.06,43.58,43.77,25317
2020-03-26 15:40:00-04:00,43.76,43.91,43.71,43.87,38798
2020-03-26 15:45:00-04:00,43.85,43.9,43.69,43.86,35016
2020-03-26 15:50:00-04:00,43.88,44.555,43.88,44.53,94294
2020-03-26 15:55:00-04:00,44.54,44.68,44.16,44.19,165648
2020-03-27 08:55:00-04:00,43.86,43.86,43.86,43.86,100
2020-03-27 09:10:00-04:00,43.35,43.38,43.35,43.38,200
2020-03-27 09:30:00-04:00,43.695,43.95,43.41,43.46,31810
2020-03-27 09:35:00-04:00,43.43,43.905,43.43,43.82,7267
2020-03-27 09:40:00-04:00,43.76,43.83,43.59,43.73,12134
2020-03-27 09:45:00-04:00,43.645,43.645,43.305,43.54,12197
2020-03-27 09:50:00-04:00,43.545,43.67,43.46,43.47,18782
2020-03-27 09:55:00-04:00,43.58,43.645,43.45,43.64,5222
2020-03-27 10:00:00-04:00,43.65,43.755,43.62,43.665,15203
2020-03-27 10:05:00-04:00,43.655,43.76,43.59,43.72,21550
2020-03-27 10:10:00-04:00,43.74,43.805,43.58,43.65,9021
2020-03-27 10:15:00-04:00,43.605,43.63,43.23,43.28,11715
2020-03-27 10:20:00-04:00,43.275,43.29,43.175,43.24,18888
2020-03-27 10:25:00-04:00,43.22,43.275,43.08,43.185,12614
2020-03-27 10:30:00-04:00,43.18,43.195,43.0,43.055,8665
2020-03-27 10:35:00-04:00,43.03,43.085,42.95,42.95,7985
2020-03-27 10:40:00-04:00,42.93,43.14,42.93,43.07,6135
2020-03-27 10:45:00-04:00,43.05,43.32,43.02,43.31,7688
2020-03-27 10:50:00-04:00,43.295,43.49,43.14,43.47,9909
2020-03-27 10:55:00-04:00,43.5,43.5,43.26,43.28,11590
2020-03-27 11:00:00-04:00,43.29,43.385,43.24,43.275,10151
2020-03-27 11:05:00-04:00,43.28,43.45,43.21,43.44,8693
2020-03-27 11:10:00-04:00,43.445,43.59,43.415,43.59,11596
2020-03-27 11:15:00-04:00,43.62,43.8,43.61,43.635,9879
2020-03-27 11:20:00-04:00,43.62,43.62,43.505,43.57,5306
2020-03-27 11:25:00-04:00,43.59,43.66,43.38,43.515,8284
2020-03-27 11:30:00-04:00,43.49,43.49,43.31,43.33,7504
2020-03-27 11:35:00-04:00,43.35,43.4,43.17,43.18,11963
2020-03-27 11:40:00-04:00,43.18,43.24,43.02,43.05,10008
2020-03-27 11:45:00-04:00,43.04,43.055,42.94,43.03,12356
2020-03-27 11:50:00-04:00,43.04,43.07,42.94,43.02,4305
2020-03-27 11:55:00-04:00,43.02,43.07,42.83,42.87,3776
2020-03-27 12:00:00-04:00,42.84,42.91,42.79,42.865,4608
2020-03-27 12:05:00-04:00,42.82,43.03,42.79,43.0,10017
2020-03-27 12:10:00-04:00,43.05,43.05,42.89,42.91,10961
2020-03-27 12:15:00-04:00,42.94,42.99,42.89,42.955,10444
2020-03-27 12:20:00-04:00,42.94,42.99,42.895,42.9,8153
2020-03-27 12:25:00-04:00,42.915,43.055,42.915,43.05,7950
2020-03-27 12:30:00-04:00,43.01,43.18,42.96,43.16,21315
2020-03-27 12:35:00-04:00,43.17,43.31,43.14,43.2,7190
2020-03-27 12:40:00-04:00,43.18,43.225,43.13,43.225,8655
2020-03-27 12:45:00-04:00,43.24,43.25,43.05,43.075,8015
2020-03-27 12:50:00-04:00,43.05,43.18,43.01,43.15,5052
2020-03-27 12:55:00-04:00,43.15,43.24,43.11,43.24,8263
2020-03-27 13:00:00-04:00,43.2,43.37,43.2,43.255,9632
2020-03-27 13:05:00-04:00,43.23,43.26,43.065,43.07,8381
2020-03-27 13:10:00-04:00,43.07,43.09,43.04,43.05,3431
2020-03-27 13:15:00-04:00,43.045,43.13,43.01,43.1,4502
2020-03-27 13:20:00-04:00,43.11,43.165,43.085,43.115,8043
2020-03-27 13:25:00-04:00,43.115,43.21,42.99,42.99,16585
2020-03-27 13:30:00-04:00,43.035,43.215,42.97,43.21,14463
2020-03-27 13:35:00-04:00,43.185,43.41,43.085,43.38,7280
2020-03-27 13:40:00-04:00,43.42,43.51,43.33,43.395,17467
2020-03-27 13:45:00-04:00,43.4,43.48,43.29,43.475,12495
2020-03-27 13:50:00-04:00,43.47,43.475,43.355,43.38,5255
2020-03-27 13:55:00-04:00,43.415,43.44,43.22,43.24,8361
2020-03-27 14:00:00-04:00,43.235,43.305,43.13,43.15,13251
2020-03-27 14:05:00-04:00,43.16,43.26,43.13,43.15,8089
2020-03-27 14:10:00-04:00,43.165,43.345,43.165,43.345,17677
2020-03-27 14:15:00-04:00,43.345,43.42,43.315,43.365,36239
2020-03-27 14:20:00-04:00,43.4,43.4,43.14,43.14,24899
2020-03-27 14:25:00-04:00,43.145,43.285,43.11,43.17,39614
2020-03-27 14:30:00-04:00,43.155,43.26,43.115,43.22,33844
2020-03-27 14:35:00-04:00,43.2,43.28,43.17,43.23,5383
2020-03-27 14:40:00-04:00,43.22,43.25,43.14,43.17,7797
2020-03-27 14:45:00-04:00,43.17,43.19,43.08,43.15,7725
2020-03-27 14:50:00-04:00,43.135,43.27,43.06,43.19,16428
2020-03-27 14:55:00-04:00,43.2,43.38,43.15,43.36,16291
2020-03-27 15:00:00-04:00,43.335,43.57,43.29,43.57,21110
2020-03-27 15:05:00-04:00,43.59,43.71,43.52,43.645,18607
2020-03-27 15:10:00-04:00,43.64,43.68,43.49,43.51,15110
2020-03-27 15:15:00-04:00,43.51,43.845,43.47,43.8,18782
2020-03-27 15:20:00-04:00,43.795,43.89,43.65,43.88,22504
2020-03-27 15:25:00-04:00,43.88,44.03,43.87,43.87,34514
2020-03-27 15:30:00-04:00,43.855,43.87,43.53,43.58,31866
2020-03-27 15:35:00-04:00,43.58,43.625,43.35,43.36,28799
2020-03-27 15:40:00-04:00,43.35,43.36,43.02,43.19,26014
2020-03-27 15:45:00-04:00,43.18,43.3,42.96,43.015,32961
2020-03-27 15:50:00-04:00,43.02,43.02,42.41,42.61,36751
2020-03-27 15:55:00-04:00,42.52,42.87,42.52,42.83,76343
2020-03-27 20:45:00-04:00,43.86,43.86,43.35,43.75,7093
2020-03-27 20:50:00-04:00,43.79,43.95,43.43,43.475,23184
2020-03-27 20:55:00-04:00,43.44,43.54,43.41,43.54,2335
2020-03-30 09:25:00-04:00,43.15,43.15,43.15,43.15,800
2020-03-30 09:30:00-04:00,43.19,43.86,43.19,43.85,26060
2020-03-30 09:35:00-04:00,43.615,43.74,43.57,43.735,6402
2020-03-30 09:40:00-04:00,43.735,43.86,43.68,43.765,61348
2020-03-30 09:45:00-04:00,43.76,43.835,43.6,43.615,24368
2020-03-30 09:50:00-04:00,43.675,43.945,43.665,43.875,21786
2020-03-30 09:55:00-04:00,43.825,43.93,43.79,43.885,38868
2020-03-30 10:00:00-04:00,43.88,44.175,43.82,44.15,36740
2020-03-30 10:05:00-04:00,44.15,44.43,44.115,44.27,28476
2020-03-30 10:10:00-04:00,44.185,44.21,43.965,44.19,40868
2020-03-30 10:15:00-04:00,44.18,44.21,43.995,44.075,121158
2020-03-30 10:20:00-04:00,44.06,44.06,43.885,43.905,55246
2020-03-30 10:25:00-04:00,43.875,43.95,43.85,43.895,113394
2020-03-30 10:30:00-04:00,43.895,43.92,43.795,43.905,125316
2020-03-30 10:35:00-04:00,43.92,44.105,43.92,44.07,12322
2020-03-30 10:40:00-04:00,44.05,44.32,44.05,44.25,12636
2020-03-30 10:45:00-04:00,44.28,44.39,44.24,44.365,122622
2020-03-30 10:50:00-04:00,44.385,44.385,44.255,44.305,33436
2020-03-30 10:55:00-04:00,44.305,44.325,44.02,44.085,91640
2020-03-30 11:00:00-04:00,44.07,44.17,44.02,44.14,39932
2020-03-30 11:05:00-04:00,44.125,44.205,44.05,44.16,78088
2020-03-30 11:10:00-04:00,44.17,44.285,44.13,44.28,78562
2020-03-30 11:15:00-04:00,44.295,44.46,44.295,44.44,24352
2020-03-30 11:20:00-04:00,44.43,44.55,44.42,44.485,26176
2020-03-30 11:25:00-04:00,44.475,44.535,44.415,44.51,47426
2020-03-30 11:30:00-04:00,44.505,44.64,44.49,44.575,128858
2020-03-30 11:35:00-04:00,44.565,44.59,44.43,44.465,44650
2020-03-30 11:40:00-04:00,44.5,44.545,44.465,44.545,43482
2020-03-30 11:45:00-04:00,44.535,44.535,44.435,44.465,32366
2020-03-30 11:50:00-04:00,44.455,44.52,44.425,44.485,42060
2020-03-30 11:55:00-04:00,44.475,44.62,44.445,44.6,34626
2020-03-30 12:00:00-04:00,44.58,44.58,44.505,44.505,32878
2020-03-30 12:05:00-04:00,44.505,44.53,44.405,44.41,27510
2020-03-30 12:10:00-04:00,44.405,44.485,44.405,44.455,29132
2020-03-30 12:15:00-04:00,44.45,44.59,44.41,44.56,17134
2020-03-30 12:20:00-04:00,44.575,44.58,44.46,44.505,9584
2020-03-30 12:25:00-04:00,44.505,44.595,44.505,44.59,15706
2020-03-30 12:30:00-04:00,44.585,44.585,44.405,44.425,27172
2020-03-30 12:35:00-04:00,44.425,44.625,44.395,44.62,17374
2020-03-30 12:40:00-04:00,44.64,44.76,44.625,44.7,24476
2020-03-30 12:45:00-04:00,44.69,44.725,44.555,44.555,11684
2020-03-30 12:50:00-04:00,44.655,44.71,44.64,44.665,10262
2020-03-30 12:55:00-04:00,44.69,44.73,44.635,44.71,5576
2020-03-30 13:00:00-04:00,44.705,44.72,44.54,44.58,14212
2020-03-30 13:05:00-04:00,44.58,44.58,44.51,44.52,7728
2020-03-30 13:10:00-04:00,44.56,44.655,44.55,44.605,8684
2020-03-30 13:15:00-04:00,44.65,44.72,44.65,44.695,8670
2020-03-30 13:20:00-04:00,44.69,44.69,44.635,44.67,7204
2020-03-30 13:25:00-04:00,44.68,44.725,44.66,44.71,14346
2020-03-30 13:30:00-04:00,44.73,44.73,44.64,44.655,26386
2020-03-30 13:35:00-04:00,44.655,44.665,44.545,44.605,16660
2020-03-30 13:40:00-04:00,44.585,44.585,44.42,44.5,7686
2020-03-30 13:45:00-04:00,44.46,44.495,44.41,44.495,6330
2020-03-30 13:50:00-04:00,44.5,44.575,44.47,44.56,22704
2020-03-30 13:55:00-04:00,44.545,44.55,44.37,44.415,11834
2020-03-30 14:00:00-04:00,44.385,44.385,44.235,44.285,17604
2020-03-30 14:05:00-04:00,44.315,44.36,44.28,44.31,10070
2020-03-30 14:10:00-04:00,44.31,44.405,44.24,44.405,20146
2020-03-30 14:15:00-04:00,44.42,44.44,44.325,44.44,9800
2020-03-30 14:20:00-04:00,44.395,44.515,44.32,44.47,11230
2020-03-30 14:25:00-04:00,44.48,44.69,44.46,44.69,13304
2020-03-30 14:30:00-04:00,44.72,44.83,44.66,44.815,15218
2020-03-30 14:35:00-04:00,44.83,44.92,44.79,44.815,19456
2020-03-30 14:40:00-04:00,44.81,44.9,44.775,44.9,23276
2020-03-30 14:45:00-04:00,44.89,44.9,44.745,44.775,23750
2020-03-30 14:50:00-04:00,44.76,44.9,44.725,44.875,17026
2020-03-30 14:55:00-04:00,44.84,44.9,44.79,44.84,14022
2020-03-30 15:00:00-04:00,44.88,44.92,44.84,44.86,23762
2020-03-30 15:05:00-04:00,44.85,44.96,44.83,44.96,19536
2020-03-30 15:10:00-04:00,44.985,45.09,44.96,45.0,32864
2020-03-30 15:15:00-04:00,44.99,45.02,44.91,44.98,32212
2020-03-30 15:20:00-04:00,45.01,45.115,44.935,44.935,23122
2020-03-30 15:25:00-04:00,44.95,44.95,44.645,44.88,35470
2020-03-30 15:30:00-04:00,44.925,45.04,44.84,44.97,33530
2020-03-30 15:35:00-04:00,44.95,45.1,44.89,45.1,39886
2020-03-30 15:40:00-04:00,45.14,45.205,45.055,45.16,37692
2020-03-30 15:45:00-04:00,45.19,45.36,45.175,45.3,63214
2020-03-30 15:50:00-04:00,45.36,45.53,45.165,45.425,185692
2020-03-30 15:55:00-04:00,45.45,45.56,44.995,44.995,535920
2020-03-31 09:25:00-04:00,45.41,45.41,45.41,45.41,1200
2020-03-31 09:30:00-04:00,45.35,45.51,44.64,44.79,72298
2020-03-31 09:35:00-04:00,44.86,44.86,44.635,44.65,22030
2020-03-31 09:40:00-04:00,44.705,44.94,44.7,44.84,9998
2020-03-31 09:45:00-04:00,44.77,44.81,44.48,44.48,21802
2020-03-31 09:50:00-04:00,44.5,44.66,44.5,44.58,33372
2020-03-31 09:55:00-04:00,44.64,44.87,44.56,44.79,31728
2020-03-31 10:00:00-04:00,44.805,44.82,44.765,44.77,17430
2020-03-31 10:05:00-04:00,44.77,44.82,44.7,44.705,31228
2020-03-31 10:10:00-04:00,44.75,45.06,44.75,45.01,13242
2020-03-31 10:15:00-04:00,45.0,45.145,44.995,45.1,33912
2020-03-31 10:20:00-04:00,45.085,45.17,45.07,45.13,26996
2020-03-31 10:25:00-04:00,45.17,45.2,45.05,45.17,22896
2020-03-31 10:30:00-04:00,45.16,45.28,45.15,45.22,15996
2020-03-31 10:35:00-04:00,45.21,45.48,45.195,45.47,23072
2020-03-31 10:40:00-04:00,45.465,45.505,45.325,45.325,34066
2020-03-31 10:45:00-04:00,45.29,45.355,45.22,45.245,17032
2020-03-31 10:50:00-04:00,45.235,45.265,45.135,45.18,34116
2020-03-31 10:55:00-04:00,45.14,45.14,44.93,45.02,29588
2020-03-31 11:00:00-04:00,45.05,45.05,44.885,44.89,19952
2020-03-31 11:05:00-04:00,44.88,45.025,44.88,45.005,17336
2020-03-31 11:10:00-04:00,45.035,45.08,44.98,45.055,63528
2020-03-31 11:15:00-04:00,45.03,45.075,44.87,44.89,15160
2020-03-31 11:20:00-04:00,44.935,45.065,44.935,44.98,20364
2020-03-31 11:25:00-04:00,45.0,45.17,44.98,45.17,10496
2020-03-31 11:30:00-04:00,45.22,45.22,45.025,45.14,17664
2020-03-31 11:35:00-04:00,45.155,45.18,45.07,45.11,10782
2020-03-31 11:40:00-04:00,45.12,45.26,45.12,45.2,10660
2020-03-31 11:45:00-04:00,45.18,45.21,45.14,45.16,16362
2020-03-31 11:50:00-04:00,45.165,45.26,45.16,45.17,10516
2020-03-31 11:55:00-04:00,45.17,45.305,45.17,45.305,5696
2020-03-31 12:00:00-04:00,45.31,45.31,45.21,45.24,7928
2020-03-31 12:05:00-04:00,45.24,45.32,45.21,45.32,11828
2020-03-31 12:10:00-04:00,45.375,45.43,45.36,45.4,19856
2020-03-31 12:15:00-04:00,45.42,45.46,45.34,45.37,11016
2020-03-31 12:20:00-04:00,45.38,45.38,45.115,45.13,36280
2020-03-31 12:25:00-04:00,45.12,45.12,44.96,44.96,21694
2020-03-31 12:30:00-04:00,45.02,45.02,44.81,44.83,6930
2020-03-31 12:35:00-04:00,44.81,44.88,44.6,44.64,13432
2020-03-31 12:40:00-04:00,44.63,44.84,44.63,44.765,13560
2020-03-31 12:45:00-04:00,44.765,44.84,44.73,44.82,29118
2020-03-31 12:50:00-04:00,44.83,44.86,44.745,44.86,27486
2020-03-31 12:55:00-04:00,44.86,44.86,44.615,44.64,7324
2020-03-31 13:00:00-04:00,44.625,44.745,44.595,44.595,29084
2020-03-31 13:05:00-04:00,44.615,44.615,44.52,44.58,20638
2020-03-31 13:10:00-04:00,44.565,44.625,44.53,44.615,26186
2020-03-31 13:15:00-04:00,44.6,44.61,44.53,44.54,16690
2020-03-31 13:20:00-04:00,44.51,44.515,44.37,44.445,21636
2020-03-31 13:25:00-04:00,44.445,44.455,44.32,44.36,45566
2020-03-31 13:30:00-04:00,44.355,44.395,44.26,44.315,28762
2020-03-31 13:35:00-04:00,44.335,44.44,44.33,44.355,4906
2020-03-31 13:40:00-04:00,44.365,44.425,44.35,44.355,10844
2020-03-31 13:45:00-04:00,44.385,44.425,44.33,44.35,10376
2020-03-31 13:50:00-04:00,44.34,44.385,44.27,44.355,8740
2020-03-31 13:55:00-04:00,44.36,44.52,44.36,44.485,13716
2020-03-31 14:00:00-04:00,44.44,44.52,44.425,44.505,12992
2020-03-31 14:05:00-04:00,44.51,44.52,44.46,44.505,6580
2020-03-31 14:10:00-04:00,44.5,44.51,44.41,44.43,9606
2020-03-31 14:15:00-04:00,44.41,44.46,44.38,44.405,21504
2020-03-31 14:20:00-04:00,44.415,44.525,44.41,44.505,14132
2020-03-31 14:25:00-04:00,44.505,44.64,44.505,44.64,8754
2020-03-31 14:30:00-04:00,44.64,44.72,44.62,44.7,9900
2020-03-31 14:35:00-04:00,44.7,44.805,44.685,44.77,10982
2020-03-31 14:40:00-04:00,44.77,44.825,44.76,44.77,12986
2020-03-31 14:45:00-04:00,44.77,44.77,44.62,44.675,11582
2020-03-31 14:50:00-04:00,44.69,44.795,44.68,44.71,508664
2020-03-31 14:55:00-04:00,44.71,44.84,44.695,44.82,20530
2020-03-31 15:00:00-04:00,44.835,44.87,44.7,44.72,15976
2020-03-31 15:05:00-04:00,44.74,44.77,44.69,44.725,35450
2020-03-31 15:10:00-04:00,44.72,44.72,44.37,44.43,23670
2020-03-31 15:15:00-04:00,44.41,44.49,44.33,44.345,28368
2020-03-31 15:20:00-04:00,44.35,44.37,44.17,44.205,28592
2020-03-31 15:25:00-04:00,44.215,44.34,44.215,44.23,30098
2020-03-31 15:30:00-04:00,44.225,44.33,44.115,44.325,45270
2020-03-31 15:35:00-04:00,44.325,44.455,44.245,44.415,49036
2020-03-31 15:40:00-04:00,44.41,44.445,44.315,44.345,44446
2020-03-31 15:45:00-04:00,44.345,44.38,44.07,44.085,85498
2020-03-31 15:50:00-04:00,44.13,44.57,44.12,44.245,194898
2020-03-31 15:55:00-04:00,44.24,44.42,44.07,44.18,222188
2020-04-01 09:30:00-04:00,42.66,42.885,42.3,42.76,82068
2020-04-01 09:35:00-04:00,42.7,43.16,42.7,43.0,55008
2020-04-01 09:40:00-04:00,43.01,43.235,42.965,43.2,22454
2020-04-01 09:45:00-04:00,43.2,43.24,43.03,43.11,39936
2020-04-01 09:50:00-04:00,43.12,43.145,42.97,42.98,33504
2020-04-01 09:55:00-04:00,42.93,42.975,42.86,42.86,30152
2020-04-01 10:00:00-04:00,42.87,43.02,42.805,42.895,29888
2020-04-01 10:05:00-04:00,42.88,43.205,42.845,43.115,32776
2020-04-01 10:10:00-04:00,43.14,43.23,43.1,43.21,17188
2020-04-01 10:15:00-04:00,43.255,43.43,43.2,43.21,28320
2020-04-01 10:20:00-04:00,43.21,43.3,43.15,43.22,51924
2020-04-01 10:25:00-04:00,43.23,43.315,43.1,43.11,14972
2020-04-01 10:30:00-04:00,43.07,43.31,43.04,43.25,26136
2020-04-01 10:35:00-04:00,43.23,43.3,43.215,43.235,58394
2020-04-01 10:40:00-04:00,43.23,43.375,43.21,43.3,18080
2020-04-01 10:45:00-04:00,43.315,43.48,43.305,43.425,24578
2020-04-01 10:50:00-04:00,43.43,43.465,43.37,43.39,36238
2020-04-01 10:55:00-04:00,43.35,43.445,43.29,43.4,19296
2020-04-01 11:00:00-04:00,43.375,43.475,43.35,43.45,17160
2020-04-01 11:05:00-04:00,43.44,43.61,43.44,43.595,17604
2020-04-01 11:10:00-04:00,43.585,43.615,43.295,43.305,12574
2020-04-01 11:15:00-04:00,43.315,43.355,43.22,43.22,37118
2020-04-01 11:20:00-04:00,43.18,43.29,43.13,43.13,34080
2020-04-01 11:25:00-04:00,43.135,43.14,42.92,42.92,26558
2020-04-01 11:30:00-04:00,42.895,43.0,42.85,42.96,31502
2020-04-01 11:35:00-04:00,42.97,43.0,42.82,42.82,22520
2020-04-01 11:40:00-04:00,42.82,42.85,42.63,42.66,19028
2020-04-01 11:45:00-04:00,42.635,42.68,42.555,42.615,29512
2020-04-01 11:50:00-04:00,42.59,42.71,42.58,42.665,17624
2020-04-01 11:55:00-04:00,42.69,42.725,42.57,42.57,34154
2020-04-01 12:00:00-04:00,42.56,42.625,42.5,42.6,19196
2020-04-01 12:05:00-04:00,42.655,42.76,42.65,42.72,49766
2020-04-01 12:10:00-04:00,42.75,42.83,42.72,42.82,20390
2020-04-01 12:15:00-04:00,42.825,42.855,42.715,42.715,22058
2020-04-01 12:20:00-04:00,42.715,42.795,42.69,42.725,29842
2020-04-01 12:25:00-04:00,42.73,42.74,42.52,42.57,36072
2020-04-01 12:30:00-04:00,42.57,42.69,42.56,42.675,19562
2020-04-01 12:35:00-04:00,42.65,42.65,42.52,42.565,10936
2020-04-01 12:40:00-04:00,42.57,42.58,42.49,42.505,27198
2020-04-01 12:45:00-04:00,42.49,42.5,42.375,42.375,19352
2020-04-01 12:50:00-04:00,42.395,42.4,42.31,42.365,30334
2020-04-01 12:55:00-04:00,42.385,42.41,42.3,42.3,10038
2020-04-01 13:00:00-04:00,42.27,42.42,42.26,42.36,44994
2020-04-01 13:05:00-04:00,42.37,42.38,42.3,42.32,18668
2020-04-01 13:10:00-04:00,42.31,42.415,42.275,42.38,21910
2020-04-01 13:15:00-04:00,42.35,42.365,42.29,42.36,14790
2020-04-01 13:20:00-04:00,42.355,42.545,42.355,42.545,134066
2020-04-01 13:25:00-04:00,42.51,42.53,42.43,42.515,15460
2020-04-01 13:30:00-04:00,42.51,42.51,42.37,42.395,17232
2020-04-01 13:35:00-04:00,42.395,42.425,42.365,42.405,22048
2020-04-01 13:40:00-04:00,42.38,42.4,42.365,42.4,5668
2020-04-01 13:45:00-04:00,42.385,42.425,42.295,42.395,13636
2020-04-01 13:50:00-04:00,42.39,42.5,42.37,42.49,21640
2020-04-01 13:55:00-04:00,42.495,42.58,42.495,42.545,18742
2020-04-01 14:00:00-04:00,42.55,42.62,42.5,42.62,20494
2020-04-01 14:05:00-04:00,42.63,42.75,42.61,42.67,8674
2020-04-01 14:10:00-04:00,42.67,42.685,42.58,42.58,22802
2020-04-01 14:15:00-04:00,42.57,42.57,42.39,42.39,31736
2020-04-01 14:20:00-04:00,42.42,42.49,42.38,42.405,15210
2020-04-01 14:25:00-04:00,42.42,42.53,42.42,42.46,15962
2020-04-01 14:30:00-04:00,42.455,42.455,42.3,42.35,30756
2020-04-01 14:35:00-04:00,42.38,42.435,42.32,42.41,10946
2020-04-01 14:40:00-04:00,42.41,42.455,42.37,42.39,22464
2020-04-01 14:45:00-04:00,42.38,42.485,42.38,42.42,12596
2020-04-01 14:50:00-04:00,42.425,42.425,42.33,42.33,12864
2020-04-01 14:55:00-04:00,42.325,42.335,42.27,42.295,23566
2020-04-01 15:00:00-04:00,42.28,42.36,42.26,42.265,14456
2020-04-01 15:05:00-04:00,42.265,42.33,42.24,42.25,31386
2020-04-01 15:10:00-04:00,42.24,42.255,42.15,42.23,48078
2020-04-01 15:15:00-04:00,42.235,42.275,42.22,42.27,50250
2020-04-01 15:20:00-04:00,42.25,42.27,42.1,42.1,52812
2020-04-01 15:25:00-04:00,42.1,42.11,42.03,42.07,44388
2020-04-01 15:30:00-04:00,42.08,42.13,42.04,42.045,71694
2020-04-01 15:35:00-04:00,42.05,42.05,41.88,41.89,77544
2020-04-01 15:40:00-04:00,41.9,41.97,41.81,41.87,53444
2020-04-01 15:45:00-04:00,41.9,42.17,41.88,42.1,68026
2020-04-01 15:50:00-04:00,42.08,42.19,41.93,42.085,106818
2020-04-01 15:55:00-04:00,42.09,42.2,41.95,42.12,177824
2020-04-02 08:55:00-04:00,42.31,42.31,42.31,42.31,200
2020-04-02 09:15:00-04:00,41.75,41.75,41.75,41.75,200
2020-04-02 09:30:00-04:00,42.25,42.4,41.92,42.24,15100
2020-04-02 09:35:00-04:00,42.34,42.37,42.17,42.26,20552
2020-04-02 09:40:00-04:00,42.27,42.425,42.27,42.29,12192
2020-04-02 09:45:00-04:00,42.33,42.46,42.23,42.415,11010
2020-04-02 09:50:00-04:00,42.41,42.455,42.385,42.4,24412
2020-04-02 09:55:00-04:00,42.46,42.68,42.43,42.665,32850
2020-04-02 10:00:00-04:00,42.685,42.76,42.65,42.75,26740
2020-04-02 10:05:00-04:00,42.73,42.78,42.69,42.76,19008
2020-04-02 10:10:00-04:00,42.79,42.93,42.79,42.86,13984
2020-04-02 10:15:00-04:00,42.92,43.005,42.87,42.975,21536
2020-04-02 10:20:00-04:00,42.97,43.075,42.955,43.07,58202
2020-04-02 10:25:00-04:00,43.06,43.095,42.92,43.06,43126
2020-04-02 10:30:00-04:00,43.06,43.1,42.93,43.05,56574
2020-04-02 10:35:00-04:00,43.075,43.31,43.05,43.085,50536
2020-04-02 10:40:00-04:00,43.115,43.19,42.985,43.0,41234
2020-04-02 10:45:00-04:00,43.04,43.07,42.87,42.94,44464
2020-04-02 10:50:00-04:00,42.945,43.07,42.91,42.97,27146
2020-04-02 10:55:00-04:00,42.98,43.15,42.965,43.1,48206
2020-04-02 11:00:00-04:00,43.11,43.15,43.03,43.11,25620
2020-04-02 11:05:00-04:00,43.145,43.205,42.99,43.055,25998
2020-04-02 11:10:00-04:00,43.055,43.055,42.95,42.97,35108
2020-04-02 11:15:00-04:00,42.98,43.205,42.98,43.195,22154
2020-04-02 11:20:00-04:00,43.2,43.2,42.95,43.02,30770
2020-04-02 11:25:00-04:00,42.99,42.99,42.75,42.84,42312
2020-04-02 11:30:00-04:00,42.85,42.94,42.825,42.87,31632
2020-04-02 11:35:00-04:00,42.87,42.96,42.72,42.75,10848
2020-04-02 11:40:00-04:00,42.85,43.02,42.825,43.015,19928
2020-04-02 11:45:00-04:00,43.01,43.11,42.99,43.065,17628
2020-04-02 11:50:00-04:00,43.08,43.08,42.99,43.01,21098
2020-04-02 11:55:00-04:00,43.0,43.12,42.96,43.02,19982
2020-04-02 12:00:00-04:00,43.05,43.185,43.0,43.125,18322
2020-04-02 12:05:00-04:00,43.14,43.3,43.14,43.29,16102
2020-04-02 12:10:00-04:00,43.28,43.38,43.26,43.31,47708
2020-04-02 12:15:00-04:00,43.27,43.465,43.25,43.45,10702
2020-04-02 12:20:00-04:00,43.435,43.475,43.345,43.35,20514
2020-04-02 12:25:00-04:00,43.38,43.44,43.32,43.33,16598
2020-04-02 12:30:00-04:00,43.36,43.43,43.31,43.35,7990
2020-04-02 12:35:00-04:00,43.375,43.445,43.31,43.34,47502
2020-04-02 12:40:00-04:00,43.33,43.405,43.28,43.395,10326
2020-04-02 12:45:00-04:00,43.36,43.525,43.355,43.525,9104
2020-04-02 12:50:00-04:00,43.51,43.57,43.51,43.57,12274
2020-04-02 12:55:00-04:00,43.575,43.575,43.46,43.48,25248
2020-04-02 13:00:00-04:00,43.51,43.66,43.495,43.6,10612
2020-04-02 13:05:00-04:00,43.59,43.59,43.5,43.53,10084
2020-04-02 13:10:00-04:00,43.525,43.525,43.37,43.4,8704
2020-04-02 13:15:00-04:00,43.39,43.435,43.32,43.35,13228
2020-04-02 13:20:00-04:00,43.34,43.495,43.305,43.46,13152
2020-04-02 13:25:00-04:00,43.475,43.475,43.305,43.33,19866
2020-04-02 13:30:00-04:00,43.31,43.39,43.29,43.355,37640
2020-04-02 13:35:00-04:00,43.375,43.42,43.345,43.4,12296
2020-04-02 13:40:00-04:00,43.4,43.53,43.4,43.53,19826
2020-04-02 13:45:00-04:00,43.52,43.52,43.44,43.465,22102
2020-04-02 13:50:00-04:00,43.465,43.53,43.42,43.51,11498
2020-04-02 13:55:00-04:00,43.5,43.505,43.365,43.38,10968
2020-04-02 14:00:00-04:00,43.37,43.38,43.175,43.24,20452
2020-04-02 14:05:00-04:00,43.23,43.25,43.04,43.04,16676
2020-04-02 14:10:00-04:00,43.04,43.215,43.02,43.21,19934
2020-04-02 14:15:00-04:00,43.22,43.25,43.11,43.11,16134
2020-04-02 14:20:00-04:00,43.11,43.25,43.1,43.16,21706
2020-04-02 14:25:00-04:00,43.165,43.355,43.15,43.355,17886
2020-04-02 14:30:00-04:00,43.33,43.385,43.27,43.32,20836
2020-04-02 14:35:00-04:00,43.345,43.43,43.34,43.42,11852
2020-04-02 14:40:00-04:00,43.44,43.44,43.35,43.39,11056
2020-04-02 14:45:00-04:00,43.375,43.49,43.35,43.42,14370
2020-04-02 14:50:00-04:00,43.42,43.6,43.38,43.55,23428
2020-04-02 14:55:00-04:00,43.545,43.71,43.54,43.7,19516
2020-04-02 15:00:00-04:00,43.7,43.76,43.6,43.66,20498
2020-04-02 15:05:00-04:00,43.645,43.755,43.56,43.745,21634
2020-04-02 15:10:00-04:00,43.75,43.82,43.69,43.755,31122
2020-04-02 15:15:00-04:00,43.75,43.86,43.74,43.845,54786
2020-04-02 15:20:00-04:00,43.84,43.88,43.78,43.79,48838
2020-04-02 15:25:00-04:00,43.79,43.85,43.75,43.83,36452
2020-04-02 15:30:00-04:00,43.845,43.91,43.715,43.815,60708
2020-04-02 15:35:00-04:00,43.825,43.9,43.555,43.61,60794
2020-04-02 15:40:00-04:00,43.61,43.85,43.58,43.85,39814
2020-04-02 15:45:00-04:00,43.84,43.89,43.61,43.69,66662
2020-04-02 15:50:00-04:00,43.78,44.06,43.78,44.005,131200
2020-04-02 15:55:00-04:00,44.015,44.19,43.86,44.02,144142
2020-04-03 09:30:00-04:00,43.66,43.83,43.54,43.69,33964
2020-04-03 09:35:00-04:00,43.695,43.82,43.62,43.77,34276
2020-04-03 09:40:00-04:00,43.835,44.03,43.835,43.98,7462
2020-04-03 09:45:00-04:00,43.95,44.075,43.905,44.075,39530
2020-04-03 09:50:00-04:00,44.05,44.05,43.821,43.97,9724
2020-04-03 09:55:00-04:00,43.985,44.19,43.985,44.19,24004
2020-04-03 10:00:00-04:00,44.2,44.285,44.16,44.175,22014
2020-04-03 10:05:00-04:00,44.205,44.335,44.195,44.235,20252
2020-04-03 10:10:00-04:00,44.24,44.24,44.1,44.13,15580
2020-04-03 10:15:00-04:00,44.085,44.115,43.93,44.005,26872
2020-04-03 10:20:00-04:00,44.005,44.085,43.92,43.965,9830
2020-04-03 10:25:00-04:00,43.95,44.01,43.88,43.99,27060
2020-04-03 10:30:00-04:00,43.98,44.02,43.87,43.89,25598
2020-04-03 10:35:00-04:00,43.86,43.97,43.82,43.82,23756
2020-04-03 10:40:00-04:00,43.85,43.89,43.775,43.855,16918
2020-04-03 10:45:00-04:00,43.81,43.94,43.81,43.91,17262
2020-04-03 10:50:00-04:00,43.875,43.99,43.87,43.88,22968
2020-04-03 10:55:00-04:00,43.89,44.01,43.855,43.96,19790
2020-04-03 11:00:00-04:00,43.97,44.07,43.92,43.92,18930
2020-04-03 11:05:00-04:00,43.925,43.945,43.83,43.89,13834
2020-04-03 11:10:00-04:00,43.87,43.875,43.74,43.75,21860
2020-04-03 11:15:00-04:00,43.72,43.83,43.64,43.725,14108
2020-04-03 11:20:00-04:00,43.75,43.755,43.545,43.545,20042
2020-04-03 11:25:00-04:00,43.56,43.645,43.53,43.53,16954
2020-04-03 11:30:00-04:00,43.49,43.545,43.425,43.545,22024
2020-04-03 11:35:00-04:00,43.5,43.66,43.5,43.635,14062
2020-04-03 11:40:00-04:00,43.62,43.635,43.465,43.51,24220
2020-04-03 11:45:00-04:00,43.52,43.54,43.42,43.535,18088
2020-04-03 11:50:00-04:00,43.53,43.565,43.495,43.535,20358
2020-04-03 11:55:00-04:00,43.535,43.65,43.535,43.58,16838
2020-04-03 12:00:00-04:00,43.595,43.69,43.55,43.69,12852
2020-04-03 12:05:00-04:00,43.68,43.68,43.495,43.535,13264
2020-04-03 12:10:00-04:00,43.545,43.57,43.47,43.5,14654
2020-04-03 12:15:00-04:00,43.515,43.52,43.39,43.4,10870
2020-04-03 12:20:00-04:00,43.41,43.5,43.405,43.465,8684
2020-04-03 12:25:00-04:00,43.455,43.465,43.39,43.465,11856
2020-04-03 12:30:00-04:00,43.46,43.535,43.46,43.51,15652
2020-04-03 12:35:00-04:00,43.505,43.615,43.5,43.615,30138
2020-04-03 12:40:00-04:00,43.625,43.69,43.625,43.685,5690
2020-04-03 12:45:00-04:00,43.665,43.665,43.515,43.535,7628
2020-04-03 12:50:00-04:00,43.54,43.635,43.54,43.565,7842
2020-04-03 12:55:00-04:00,43.54,43.63,43.54,43.63,11192
2020-04-03 13:00:00-04:00,43.625,43.645,43.56,43.62,8288
2020-04-03 13:05:00-04:00,43.625,43.715,43.625,43.705,15686
2020-04-03 13:10:00-04:00,43.72,43.73,43.615,43.63,12842
2020-04-03 13:15:00-04:00,43.62,43.76,43.62,43.7,17556
2020-04-03 13:20:00-04:00,43.715,43.75,43.68,43.695,11646
2020-04-03 13:25:00-04:00,43.705,43.705,43.615,43.615,12982
2020-04-03 13:30:00-04:00,43.6,43.605,43.53,43.58,46756
2020-04-03 13:35:00-04:00,43.57,43.61,43.505,43.51,8574
2020-04-03 13:40:00-04:00,43.5,43.51,43.45,43.49,14604
2020-04-03 13:45:00-04:00,43.52,43.57,43.49,43.525,12498
2020-04-03 13:50:00-04:00,43.54,43.565,43.48,43.495,10786
2020-04-03 13:55:00-04:00,43.47,43.5,43.385,43.41,17564
2020-04-03 14:00:00-04:00,43.39,43.485,43.385,43.44,18586
2020-04-03 14:05:00-04:00,43.44,43.445,43.36,43.375,12908
2020-04-03 14:10:00-04:00,43.345,43.405,43.32,43.405,10754
2020-04-03 14:15:00-04:00,43.445,43.465,43.36,43.43,21364
2020-04-03 14:20:00-04:00,43.42,43.51,43.42,43.495,11076
2020-04-03 14:25:00-04:00,43.475,43.63,43.475,43.62,16540
2020-04-03 14:30:00-04:00,43.605,43.605,43.53,43.575,9940
2020-04-03 14:35:00-04:00,43.59,43.645,43.56,43.565,27282
2020-04-03 14:40:00-04:00,43.56,43.605,43.49,43.495,28936
2020-04-03 14:45:00-04:00,43.5,43.625,43.5,43.615,30320
2020-04-03 14:50:00-04:00,43.595,43.75,43.595,43.665,33402
2020-04-03 14:55:00-04:00,43.67,43.755,43.665,43.745,30862
2020-04-03 15:00:00-04:00,43.735,43.825,43.67,43.67,57012
2020-04-03 15:05:00-04:00,43.69,43.705,43.61,43.635,39294
2020-04-03 15:10:00-04:00,43.625,43.705,43.575,43.66,38722
2020-04-03 15:15:00-04:00,43.64,43.785,43.625,43.705,44598
2020-04-03 15:20:00-04:00,43.71,43.735,43.62,43.64,35228
2020-04-03 15:25:00-04:00,43.625,43.72,43.61,43.7,37960
2020-04-03 15:30:00-04:00,43.69,43.755,43.57,43.595,50706
2020-04-03 15:35:00-04:00,43.605,43.67,43.47,43.49,26634
2020-04-03 15:40:00-04:00,43.495,43.55,43.335,43.35,32844
2020-04-03 15:45:00-04:00,43.36,43.67,43.36,43.61,47826
2020-04-03 15:50:00-04:00,43.75,43.93,43.75,43.855,78778
2020-04-03 15:55:00-04:00,43.855,43.885,43.685,43.86,120076
2020-04-06 09:30:00-04:00,45.325,45.42,44.845,44.845,32728
2020-04-06 09:35:00-04:00,44.935,45.0,44.7,44.82,14782
2020-04-06 09:40:00-04:00,44.84,44.965,44.83,44.9,16034
2020-04-06 09:45:00-04:00,44.915,45.245,44.915,45.22,24466
2020-04-06 09:50:00-04:00,45.29,45.455,45.29,45.37,31776
2020-04-06 09:55:00-04:00,45.38,45.465,45.33,45.465,33928
2020-04-06 10:00:00-04:00,45.465,45.49,45.33,45.405,23558
2020-04-06 10:05:00-04:00,45.415,45.495,45.35,45.39,19884
2020-04-06 10:10:00-04:00,45.38,45.38,45.17,45.22,14826
2020-04-06 10:15:00-04:00,45.22,45.3,45.22,45.29,16242
2020-04-06 10:20:00-04:00,45.27,45.375,45.26,45.34,14054
2020-04-06 10:25:00-04:00,45.335,45.335,45.27,45.335,19738
2020-04-06 10:30:00-04:00,45.365,45.68,45.365,45.645,39712
2020-04-06 10:35:00-04:00,45.72,45.92,45.72,45.885,20090
2020-04-06 10:40:00-04:00,45.88,45.955,45.88,45.955,7090
2020-04-06 10:45:00-04:00,45.87,45.875,45.73,45.77,4484
2020-04-06 10:50:00-04:00,45.82,45.88,45.78,45.84,11016
2020-04-06 10:55:00-04:00,45.86,45.91,45.795,45.81,10930
2020-04-06 11:00:00-04:00,45.82,45.84,45.73,45.84,7572
2020-04-06 11:05:00-04:00,45.84,45.87,45.81,45.815,12644
2020-04-06 11:10:00-04:00,45.84,45.88,45.84,45.845,23614
2020-04-06 11:15:00-04:00,45.845,45.88,45.78,45.79,10850
2020-04-06 11:20:00-04:00,45.79,45.895,45.78,45.895,29590
2020-04-06 11:25:00-04:00,45.895,46.04,45.895,45.93,23164
2020-04-06 11:30:00-04:00,45.95,46.09,45.94,45.98,14870
2020-04-06 11:35:00-04:00,45.97,46.02,45.865,46.02,11160
2020-04-06 11:40:00-04:00,46.08,46.16,46.07,46.15,5504
2020-04-06 11:45:00-04:00,46.13,46.24,46.1,46.15,10252
2020-04-06 11:50:00-04:00,46.12,46.15,46.06,46.15,6406
2020-04-06 11:55:00-04:00,46.13,46.16,46.03,46.06,5884
2020-04-06 12:00:00-04:00,46.06,46.08,46.03,46.05,9502
2020-04-06 12:05:00-04:00,46.04,46.05,45.99,46.04,12830
2020-04-06 12:10:00-04:00,46.04,46.15,46.02,46.14,43030
2020-04-06 12:15:00-04:00,46.135,46.17,46.075,46.155,13700
2020-04-06 12:20:00-04:00,46.17,46.27,46.165,46.27,11564
2020-04-06 12:25:00-04:00,46.26,46.3,46.19,46.225,19060
2020-04-06 12:30:00-04:00,46.22,46.32,46.15,46.16,13864
2020-04-06 12:35:00-04:00,46.21,46.32,46.2,46.31,15872
2020-04-06 12:40:00-04:00,46.33,46.335,46.18,46.18,12116
2020-04-06 12:45:00-04:00,46.17,46.18,46.12,46.13,8592
2020-04-06 12:50:00-04:00,46.105,46.19,46.095,46.19,11154
2020-04-06 12:55:00-04:00,46.19,46.2,46.125,46.195,26216
2020-04-06 13:00:00-04:00,46.2,46.23,46.16,46.16,13046
2020-04-06 13:05:00-04:00,46.16,46.23,46.15,46.22,10088
2020-04-06 13:10:00-04:00,46.22,46.295,46.21,46.26,11764
2020-04-06 13:15:00-04:00,46.24,46.25,46.15,46.185,38148
2020-04-06 13:20:00-04:00,46.14,46.15,46.1,46.1,5462
2020-04-06 13:25:00-04:00,46.135,46.135,45.98,46.0,18068
2020-04-06 13:30:00-04:00,46.01,46.02,45.86,45.92,12786
2020-04-06 13:35:00-04:00,45.945,46.01,45.875,45.99,15294
2020-04-06 13:40:00-04:00,45.98,46.05,45.98,46.01,28486
2020-04-06 13:45:00-04:00,46.005,46.17,45.99,46.17,22084
2020-04-06 13:50:00-04:00,46.15,46.155,46.1,46.105,60616
2020-04-06 13:55:00-04:00,46.12,46.18,46.11,46.18,55390
2020-04-06 14:00:00-04:00,46.17,46.195,46.12,46.18,16506
2020-04-06 14:05:00-04:00,46.18,46.325,46.18,46.325,18296
2020-04-06 14:10:00-04:00,46.325,46.39,46.28,46.29,35398
2020-04-06 14:15:00-04:00,46.26,46.305,46.19,46.19,16864
2020-04-06 14:20:00-04:00,46.19,46.2,46.08,46.16,12292
2020-04-06 14:25:00-04:00,46.19,46.19,46.04,46.04,15110
2020-04-06 14:30:00-04:00,46.05,46.08,46.015,46.065,20886
2020-04-06 14:35:00-04:00,46.06,46.15,46.06,46.12,14924
2020-04-06 14:40:00-04:00,46.13,46.15,46.1,46.14,14446
2020-04-06 14:45:00-04:00,46.15,46.24,46.13,46.22,14396
2020-04-06 14:50:00-04:00,46.21,46.26,46.2,46.25,14600
2020-04-06 14:55:00-04:00,46.25,46.33,46.245,46.32,14656
2020-04-06 15:00:00-04:00,46.32,46.39,46.22,46.36,19200
2020-04-06 15:05:00-04:00,46.4,46.535,46.4,46.46,21966
2020-04-06 15:10:00-04:00,46.46,46.505,46.41,46.42,20984
2020-04-06 15:15:00-04:00,46.42,46.47,46.235,46.25,17794
2020-04-06 15:20:00-04:00,46.26,46.31,46.19,46.3,18570
2020-04-06 15:25:00-04:00,46.32,46.43,46.28,46.43,15274
2020-04-06 15:30:00-04:00,46.43,46.545,46.38,46.45,32304
2020-04-06 15:35:00-04:00,46.46,46.52,46.43,46.475,23900
2020-04-06 15:40:00-04:00,46.48,46.615,46.46,46.615,37920
2020-04-06 15:45:00-04:00,46.625,46.66,46.48,46.66,46026
2020-04-06 15:50:00-04:00,46.66,46.95,46.66,46.88,81610
2020-04-06 15:55:00-04:00,46.87,47.0,46.6,46.61,156196
2020-04-07 08:35:00-04:00,47.95,47.95,47.95,47.95,200
2020-04-07 09:25:00-04:00,48.68,48.68,48.68,48.68,600
2020-04-07 09:30:00-04:00,48.56,48.57,48.05,48.21,29262
2020-04-07 09:35:00-04:00,48.28,48.35,48.175,48.19,19176
2020-04-07 09:40:00-04:00,48.17,48.31,48.09,48.09,6530
2020-04-07 09:45:00-04:00,48.08,48.09,47.79,47.84,16204
2020-04-07 09:50:00-04:00,47.84,47.86,47.73,47.85,14970
2020-04-07 09:55:00-04:00,47.915,47.915,47.71,47.83,15780
2020-04-07 10:00:00-04:00,47.82,47.82,47.465,47.53,35316
2020-04-07 10:05:00-04:00,47.56,47.67,47.5,47.565,19132
2020-04-07 10:10:00-04:00,47.505,47.63,47.46,47.48,16294
2020-04-07 10:15:00-04:00,47.495,47.77,47.44,47.77,21624
2020-04-07 10:20:00-04:00,47.8,47.88,47.74,47.78,16004
2020-04-07 10:25:00-04:00,47.76,47.93,47.76,47.87,19746
2020-04-07 10:30:00-04:00,47.89,47.97,47.835,47.93,18214
2020-04-07 10:35:00-04:00,47.92,48.095,47.92,48.095,29328
2020-04-07 10:40:00-04:00,48.105,48.22,48.03,48.13,42348
2020-04-07 10:45:00-04:00,48.15,48.18,48.025,48.03,20110
2020-04-07 10:50:00-04:00,48.0,48.0,47.66,47.74,13782
2020-04-07 10:55:00-04:00,47.78,47.87,47.73,47.795,20212
2020-04-07 11:00:00-04:00,47.775,47.84,47.57,47.61,51648
2020-04-07 11:05:00-04:00,47.65,47.83,47.65,47.8,11810
2020-04-07 11:10:00-04:00,47.89,47.89,47.635,47.7,8792
2020-04-07 11:15:00-04:00,47.72,47.92,47.715,47.89,16678
2020-04-07 11:20:00-04:00,47.88,47.91,47.68,47.7,16782
2020-04-07 11:25:00-04:00,47.76,47.98,47.715,47.97,15052
2020-04-07 11:30:00-04:00,47.99,48.19,47.98,48.09,17106
2020-04-07 11:35:00-04:00,48.11,48.15,48.02,48.15,16878
2020-04-07 11:40:00-04:00,48.15,48.17,48.08,48.13,17674
2020-04-07 11:45:00-04:00,48.16,48.17,48.08,48.16,9690
2020-04-07 11:50:00-04:00,48.19,48.19,48.06,48.15,12444
2020-04-07 11:55:00-04:00,48.15,48.225,48.08,48.22,15194
2020-04-07 12:00:00-04:00,48.22,48.34,48.17,48.34,17648
2020-04-07 12:05:00-04:00,48.35,48.57,48.33,48.54,25378
2020-04-07 12:10:00-04:00,48.53,48.53,48.395,48.445,14610
2020-04-07 12:15:00-04:00,48.48,48.565,48.46,48.49,13670
2020-04-07 12:20:00-04:00,48.5,48.53,48.355,48.36,14900
2020-04-07 12:25:00-04:00,48.36,48.39,48.32,48.39,9560
2020-04-07 12:30:00-04:00,48.4,48.4,48.16,48.17,9708
2020-04-07 12:35:00-04:00,48.15,48.15,47.92,48.025,47220
2020-04-07 12:40:00-04:00,48.04,48.12,47.99,48.12,45132
2020-04-07 12:45:00-04:00,48.13,48.31,48.13,48.3,11304
2020-04-07 12:50:00-04:00,48.29,48.315,48.14,48.24,15610
2020-04-07 12:55:00-04:00,48.245,48.32,48.22,48.28,13876
2020-04-07 13:00:00-04:00,48.29,48.38,48.29,48.31,20586
2020-04-07 13:05:00-04:00,48.32,48.37,48.18,48.255,13324
2020-04-07 13:10:00-04:00,48.27,48.31,48.21,48.31,10790
2020-04-07 13:15:00-04:00,48.28,48.28,48.12,48.13,9906
2020-04-07 13:20:00-04:00,48.13,48.13,48.055,48.11,16286
2020-04-07 13:25:00-04:00,48.09,48.09,47.99,48.035,17816
2020-04-07 13:30:00-04:00,48.02,48.02,47.955,47.99,12406
2020-04-07 13:35:00-04:00,47.98,47.98,47.87,47.93,13356
2020-04-07 13:40:00-04:00,47.88,47.96,47.88,47.89,8792
2020-04-07 13:45:00-04:00,47.86,47.98,47.86,47.88,13230
2020-04-07 13:50:00-04:00,47.83,47.83,47.73,47.76,11732
2020-04-07 13:55:00-04:00,47.79,47.79,47.63,47.64,9798
2020-04-07 14:00:00-04:00,47.65,47.685,47.55,47.57,19344
2020-04-07 14:05:00-04:00,47.56,47.57,47.405,47.47,17052
2020-04-07 14:10:00-04:00,47.46,47.54,47.46,47.53,9424
2020-04-07 14:15:00-04:00,47.52,47.535,47.35,47.365,12340
2020-04-07 14:20:00-04:00,47.38,47.615,47.37,47.555,18832
2020-04-07 14:25:00-04:00,47.585,47.685,47.51,47.54,16218
2020-04-07 14:30:00-04:00,47.515,47.59,47.44,47.45,24228
2020-04-07 14:35:00-04:00,47.415,47.415,47.24,47.24,13782
2020-04-07 14:40:00-04:00,47.26,47.31,47.19,47.205,20288
2020-04-07 14:45:00-04:00,47.22,47.285,47.12,47.12,18866
2020-04-07 14:50:00-04:00,47.08,47.095,46.9,46.92,16076
2020-04-07 14:55:00-04:00,46.93,46.98,46.85,46.85,9776
2020-04-07 15:00:00-04:00,46.86,47.07,46.81,47.045,46480
2020-04-07 15:05:00-04:00,47.04,47.16,46.99,47.1,32114
2020-04-07 15:10:00-04:00,47.1,47.26,47.07,47.22,35056
2020-04-07 15:15:00-04:00,47.23,47.24,46.84,46.84,19918
2020-04-07 15:20:00-04:00,46.845,46.9,46.64,46.69,20760
2020-04-07 15:25:00-04:00,46.72,46.91,46.7,46.7,23620
2020-04-07 15:30:00-04:00,46.74,46.87,46.595,46.81,33884
2020-04-07 15:35:00-04:00,46.83,47.01,46.8,46.98,26036
2020-04-07 15:40:00-04:00,46.98,47.11,46.93,47.04,27510
2020-04-07 15:45:00-04:00,47.04,47.39,46.99,47.37,44376
2020-04-07 15:50:00-04:00,47.24,47.24,46.67,46.795,62002
2020-04-07 15:55:00-04:00,46.81,46.815,46.48,46.48,76730
2020-04-08 09:25:00-04:00,46.7,46.7,46.7,46.7,1200
2020-04-08 09:30:00-04:00,46.79,46.9,46.33,46.535,76174
2020-04-08 09:35:00-04:00,46.57,46.62,46.41,46.6,28708
2020-04-08 09:40:00-04:00,46.615,46.695,46.55,46.58,28596
2020-04-08 09:45:00-04:00,46.6,46.635,46.46,46.465,18650
2020-04-08 09:50:00-04:00,46.49,46.61,46.39,46.59,17938
2020-04-08 09:55:00-04:00,46.56,46.6,46.505,46.51,13854
2020-04-08 10:00:00-04:00,46.52,46.615,46.485,46.485,17540
2020-04-08 10:05:00-04:00,46.48,46.51,46.41,46.41,44698
2020-04-08 10:10:00-04:00,46.42,46.6,46.405,46.575,16840
2020-04-08 10:15:00-04:00,46.585,46.675,46.57,46.66,26004
2020-04-08 10:20:00-04:00,46.665,46.665,46.55,46.6,38640
2020-04-08 10:25:00-04:00,46.605,46.625,46.55,46.58,34230
2020-04-08 10:30:00-04:00,46.59,46.67,46.575,46.595,32484
2020-04-08 10:35:00-04:00,46.61,46.63,46.55,46.61,27124
2020-04-08 10:40:00-04:00,46.63,46.65,46.52,46.57,18756
2020-04-08 10:45:00-04:00,46.58,46.65,46.57,46.635,31078
2020-04-08 10:50:00-04:00,46.62,46.68,46.53,46.55,48814
2020-04-08 10:55:00-04:00,46.54,46.63,46.53,46.615,33734
2020-04-08 11:00:00-04:00,46.605,46.77,46.57,46.59,36056
2020-04-08 11:05:00-04:00,46.615,46.85,46.615,46.79,34198
2020-04-08 11:10:00-04:00,46.8,46.91,46.79,46.85,23898
2020-04-08 11:15:00-04:00,46.85,46.86,46.78,46.84,30276
2020-04-08 11:20:00-04:00,46.85,46.91,46.73,46.73,24798
2020-04-08 11:25:00-04:00,46.73,46.85,46.73,46.78,20306
2020-04-08 11:30:00-04:00,46.81,46.86,46.69,46.73,22684
2020-04-08 11:35:00-04:00,46.72,46.875,46.71,46.82,33574
2020-04-08 11:40:00-04:00,46.82,46.85,46.75,46.78,34524
2020-04-08 11:45:00-04:00,46.78,46.82,46.76,46.79,23266
2020-04-08 11:50:00-04:00,46.775,46.78,46.71,46.745,16328
2020-04-08 11:55:00-04:00,46.74,46.82,46.74,46.78,12860
2020-04-08 12:00:00-04:00,46.8,46.86,46.77,46.86,19966
2020-04-08 12:05:00-04:00,46.85,46.94,46.81,46.89,22754
2020-04-08 12:10:00-04:00,46.87,46.92,46.78,46.92,14304
2020-04-08 12:15:00-04:00,46.93,46.99,46.92,46.97,17800
2020-04-08 12:20:00-04:00,46.98,47.055,46.96,47.05,11190
2020-04-08 12:25:00-04:00,47.04,47.09,46.94,47.05,14966
2020-04-08 12:30:00-04:00,47.07,47.15,47.06,47.15,10692
2020-04-08 12:35:00-04:00,47.18,47.4,47.14,47.4,29672
2020-04-08 12:40:00-04:00,47.4,47.41,47.23,47.32,29186
2020-04-08 12:45:00-04:00,47.31,47.43,47.29,47.33,10338
2020-04-08 12:50:00-04:00,47.345,47.39,47.26,47.3,12884
2020-04-08 12:55:00-04:00,47.34,47.42,47.31,47.375,39104
2020-04-08 13:00:00-04:00,47.385,47.49,47.32,47.47,11222
2020-04-08 13:05:00-04:00,47.46,47.56,47.41,47.41,6394
2020-04-08 13:10:00-04:00,47.36,47.36,47.32,47.34,5264
2020-04-08 13:15:00-04:00,47.34,47.39,47.29,47.3,13828
2020-04-08 13:20:00-04:00,47.3,47.46,47.3,47.42,11098
2020-04-08 13:25:00-04:00,47.43,47.48,47.4,47.415,12152
2020-04-08 13:30:00-04:00,47.43,47.485,47.34,47.34,28516
2020-04-08 13:35:00-04:00,47.37,47.37,47.25,47.35,12940
2020-04-08 13:40:00-04:00,47.34,47.375,47.27,47.28,7438
2020-04-08 13:45:00-04:00,47.27,47.36,47.27,47.32,9604
2020-04-08 13:50:00-04:00,47.32,47.36,47.3,47.3,12480
2020-04-08 13:55:00-04:00,47.3,47.3,47.205,47.26,14028
2020-04-08 14:00:00-04:00,47.27,47.32,47.22,47.3,20026
2020-04-08 14:05:00-04:00,47.29,47.32,47.28,47.31,12340
2020-04-08 14:10:00-04:00,47.3,47.33,47.28,47.28,13380
2020-04-08 14:15:00-04:00,47.31,47.33,47.28,47.29,8726
2020-04-08 14:20:00-04:00,47.31,47.38,47.25,47.37,13000
2020-04-08 14:25:00-04:00,47.38,47.41,47.33,47.33,20002
2020-04-08 14:30:00-04:00,47.37,47.39,47.34,47.37,21598
2020-04-08 14:35:00-04:00,47.36,47.46,47.36,47.46,27294
2020-04-08 14:40:00-04:00,47.44,47.53,47.43,47.51,35462
2020-04-08 14:45:00-04:00,47.51,47.555,47.5,47.55,23722
2020-04-08 14:50:00-04:00,47.56,47.69,47.56,47.68,25884
2020-04-08 14:55:00-04:00,47.7,47.78,47.64,47.76,21940
2020-04-08 15:00:00-04:00,47.75,47.81,47.7,47.78,14666
2020-04-08 15:05:00-04:00,47.78,47.87,47.72,47.85,16112
2020-04-08 15:10:00-04:00,47.87,47.89,47.78,47.83,25318
2020-04-08 15:15:00-04:00,47.86,47.935,47.82,47.88,21984
2020-04-08 15:20:00-04:00,47.89,47.9,47.8,47.825,22744
2020-04-08 15:25:00-04:00,47.835,47.935,47.82,47.935,31456
2020-04-08 15:30:00-04:00,47.95,48.03,47.81,47.82,35842
2020-04-08 15:35:00-04:00,47.82,47.82,47.58,47.665,29076
2020-04-08 15:40:00-04:00,47.67,47.74,47.53,47.71,43658
2020-04-08 15:45:00-04:00,47.67,47.72,47.63,47.7,34366
2020-04-08 15:50:00-04:00,47.93,48.08,47.85,47.94,80396
2020-04-08 15:55:00-04:00,47.945,47.97,47.71,47.78,227230
2020-04-09 09:30:00-04:00,48.48,48.95,48.37,48.56,47750
2020-04-09 09:35:00-04:00,48.525,48.84,48.52,48.83,27442
2020-04-09 09:40:00-04:00,48.83,48.83,48.705,48.815,22164
2020-04-09 09:45:00-04:00,48.825,48.95,48.76,48.94,17594
2020-04-09 09:50:00-04:00,48.93,49.03,48.88,49.025,22576
2020-04-09 09:55:00-04:00,49.07,49.2,49.02,49.2,24898
2020-04-09 10:00:00-04:00,49.225,49.24,49.08,49.08,61660
2020-04-09 10:05:00-04:00,49.06,49.15,48.985,49.125,30438
2020-04-09 10:10:00-04:00,49.14,49.36,49.13,49.36,11868
2020-04-09 10:15:00-04:00,49.36,49.435,49.21,49.21,45512
2020-04-09 10:20:00-04:00,49.235,49.43,49.175,49.35,37486
2020-04-09 10:25:00-04:00,49.35,49.5,49.32,49.425,31504
2020-04-09 10:30:00-04:00,49.43,49.43,49.33,49.4,33272
2020-04-09 10:35:00-04:00,49.4,49.635,49.345,49.63,36988
2020-04-09 10:40:00-04:00,49.62,49.64,49.42,49.52,24754
2020-04-09 10:45:00-04:00,49.555,49.72,49.495,49.69,25460
2020-04-09 10:50:00-04:00,49.69,49.69,49.52,49.52,45606
2020-04-09 10:55:00-04:00,49.475,49.59,49.475,49.53,5536
2020-04-09 11:00:00-04:00,49.55,49.55,49.3,49.33,10544
2020-04-09 11:05:00-04:00,49.32,49.32,49.1,49.19,25794
2020-04-09 11:10:00-04:00,49.225,49.225,49.03,49.14,11290
2020-04-09 11:15:00-04:00,49.165,49.175,49.005,49.05,9598
2020-04-09 11:20:00-04:00,49.06,49.13,49.0,49.05,13116
2020-04-09 11:25:00-04:00,49.02,49.14,48.98,49.12,10920
2020-04-09 11:30:00-04:00,49.16,49.26,49.1,49.115,11752
2020-04-09 11:35:00-04:00,49.11,49.24,49.08,49.2,8044
2020-04-09 11:40:00-04:00,49.22,49.395,49.21,49.395,9004
2020-04-09 11:45:00-04:00,49.39,49.43,49.35,49.43,4042
2020-04-09 11:50:00-04:00,49.43,49.44,49.34,49.39,4882
2020-04-09 11:55:00-04:00,49.37,49.42,49.33,49.365,5468
2020-04-09 12:00:00-04:00,49.375,49.43,49.345,49.355,1606
2020-04-09 12:05:00-04:00,49.39,49.4,49.39,49.39,1486
2020-04-09 12:10:00-04:00,49.415,49.415,49.375,49.38,2354
2020-04-09 12:15:00-04:00,49.37,49.5,49.37,49.5,6570
2020-04-09 12:20:00-04:00,49.515,49.515,49.39,49.41,7710
2020-04-09 12:25:00-04:00,49.32,49.37,49.3,49.3,4490
2020-04-09 12:30:00-04:00,49.3,49.355,49.3,49.35,10822
2020-04-09 12:35:00-04:00,49.31,49.38,49.3,49.38,3972
2020-04-09 12:40:00-04:00,49.38,49.38,49.31,49.31,7296
2020-04-09 12:45:00-04:00,49.32,49.385,49.28,49.385,10082
2020-04-09 12:50:00-04:00,49.39,49.49,49.37,49.48,28302
2020-04-09 12:55:00-04:00,49.49,49.61,49.47,49.52,8984
2020-04-09 13:00:00-04:00,49.535,49.555,49.48,49.51,16724
2020-04-09 13:05:00-04:00,49.47,49.51,49.41,49.43,8396
2020-04-09 13:10:00-04:00,49.425,49.425,49.33,49.42,4528
2020-04-09 13:15:00-04:00,49.42,49.43,49.36,49.38,8268
2020-04-09 13:20:00-04:00,49.37,49.4,49.33,49.4,5466
2020-04-09 13:25:00-04:00,49.35,49.53,49.345,49.52,5036
2020-04-09 13:30:00-04:00,49.54,49.59,49.53,49.59,24186
2020-04-09 13:35:00-04:00,49.55,49.55,49.42,49.42,4440
2020-04-09 13:40:00-04:00,49.5,49.55,49.5,49.52,4672
2020-04-09 13:45:00-04:00,49.53,49.55,49.49,49.505,7796
2020-04-09 13:50:00-04:00,49.49,49.54,49.45,49.51,7902
2020-04-09 13:55:00-04:00,49.51,49.57,49.47,49.57,6022
2020-04-09 14:00:00-04:00,49.54,49.57,49.44,49.44,6946
2020-04-09 14:05:00-04:00,49.39,49.4,49.34,49.36,3938
2020-04-09 14:10:00-04:00,49.43,49.48,49.43,49.44,1850
2020-04-09 14:15:00-04:00,49.44,49.48,49.3,49.34,8082
2020-04-09 14:20:00-04:00,49.365,49.43,49.36,49.41,2266
2020-04-09 14:25:00-04:00,49.43,49.44,49.345,49.37,4324
2020-04-09 14:30:00-04:00,49.35,49.5,49.35,49.41,3856
2020-04-09 14:35:00-04:00,49.42,49.535,49.39,49.52,449302
2020-04-09 14:40:00-04:00,49.545,49.545,49.39,49.44,7022
2020-04-09 14:45:00-04:00,49.41,49.43,49.24,49.25,14682
2020-04-09 14:50:00-04:00,49.27,49.27,49.12,49.12,10804
2020-04-09 14:55:00-04:00,49.11,49.13,49.045,49.11,16512
2020-04-09 15:00:00-04:00,49.11,49.14,49.05,49.08,10934
2020-04-09 15:05:00-04:00,49.0,49.14,49.0,49.14,17688
2020-04-09 15:10:00-04:00,49.145,49.2,49.07,49.18,26960
2020-04-09 15:15:00-04:00,49.17,49.28,49.15,49.28,26432
2020-04-09 15:20:00-04:00,49.295,49.315,49.2,49.26,20664
2020-04-09 15:25:00-04:00,49.29,49.37,49.19,49.37,23142
2020-04-09 15:30:00-04:00,49.38,49.49,49.35,49.39,36938
2020-04-09 15:35:00-04:00,49.4,49.4,49.21,49.29,17044
2020-04-09 15:40:00-04:00,49.25,49.32,49.175,49.23,21932
2020-04-09 15:45:00-04:00,49.24,49.29,49.06,49.1,31042
2020-04-09 15:50:00-04:00,49.1,49.34,49.05,49.23,86316
2020-04-09 15:55:00-04:00,49.21,49.22,48.97,48.97,261642
2020-04-13 09:30:00-04:00,48.31,48.595,48.22,48.23,16070
2020-04-13 09:35:00-04:00,48.24,48.38,48.21,48.21,10460
2020-04-13 09:40:00-04:00,48.165,48.165,47.925,48.14,16340
2020-04-13 09:45:00-04:00,48.09,48.105,47.77,47.8,11630
2020-04-13 09:50:00-04:00,47.855,47.93,47.84,47.92,6236
2020-04-13 09:55:00-04:00,47.86,47.945,47.71,47.71,5668
2020-04-13 10:00:00-04:00,47.72,47.73,47.63,47.695,4010
2020-04-13 10:05:00-04:00,47.695,47.71,47.58,47.665,5694
2020-04-13 10:10:00-04:00,47.66,47.665,47.54,47.57,3072
2020-04-13 10:15:00-04:00,47.54,47.58,47.425,47.47,6888
2020-04-13 10:20:00-04:00,47.51,47.53,47.435,47.44,5926
2020-04-13 10:25:00-04:00,47.38,47.38,47.28,47.29,6532
2020-04-13 10:30:00-04:00,47.26,47.31,47.21,47.295,4844
2020-04-13 10:35:00-04:00,47.31,47.31,47.08,47.125,5156
2020-04-13 10:40:00-04:00,47.12,47.2,47.08,47.11,6168
2020-04-13 10:45:00-04:00,47.13,47.18,47.08,47.08,15454
2020-04-13 10:50:00-04:00,47.115,47.14,47.03,47.05,7148
2020-04-13 10:55:00-04:00,47.07,47.16,47.04,47.16,12190
2020-04-13 11:00:00-04:00,47.17,47.17,47.06,47.1,11456
2020-04-13 11:05:00-04:00,47.1,47.115,46.95,46.98,7196
2020-04-13 11:10:00-04:00,47.0,47.04,46.96,47.005,5138
2020-04-13 11:15:00-04:00,47.0,47.05,47.0,47.01,6356
2020-04-13 11:20:00-04:00,46.98,47.0,46.88,46.975,5662
2020-04-13 11:25:00-04:00,47.01,47.125,47.0,47.095,11920
2020-04-13 11:30:00-04:00,47.06,47.07,47.0,47.07,6878
2020-04-13 11:35:00-04:00,47.06,47.11,47.06,47.06,8848
2020-04-13 11:40:00-04:00,47.07,47.07,46.95,47.01,9504
2020-04-13 11:45:00-04:00,47.08,47.17,47.03,47.15,6538
2020-04-13 11:50:00-04:00,47.2,47.27,47.165,47.27,3898
2020-04-13 11:55:00-04:00,47.29,47.33,47.23,47.23,12404
2020-04-13 12:00:00-04:00,47.24,47.32,47.23,47.31,13644
2020-04-13 12:05:00-04:00,47.34,47.35,47.26,47.26,10108
2020-04-13 12:10:00-04:00,47.27,47.375,47.22,47.35,18936
2020-04-13 12:15:00-04:00,47.35,47.35,47.24,47.245,17364
2020-04-13 12:20:00-04:00,47.25,47.275,47.18,47.275,12596
2020-04-13 12:25:00-04:00,47.27,47.3,47.22,47.24,10834
2020-04-13 12:30:00-04:00,47.23,47.245,47.17,47.17,9632
2020-04-13 12:35:00-04:00,47.2,47.22,47.14,47.14,9276
2020-04-13 12:40:00-04:00,47.145,47.26,47.145,47.23,6722
2020-04-13 12:45:00-04:00,47.225,47.26,47.215,47.24,2830
2020-04-13 12:50:00-04:00,47.23,47.23,47.0,47.0,12056
2020-04-13 12:55:00-04:00,46.95,47.02,46.95,47.02,7552
2020-04-13 13:00:00-04:00,46.99,47.0,46.855,46.855,9910
2020-04-13 13:05:00-04:00,46.87,46.965,46.84,46.955,8238
2020-04-13 13:10:00-04:00,46.975,46.975,46.85,46.87,14620
2020-04-13 13:15:00-04:00,46.875,46.945,46.87,46.89,31250
2020-04-13 13:20:00-04:00,46.88,46.91,46.835,46.835,4596
2020-04-13 13:25:00-04:00,46.84,46.84,46.725,46.725,35380
2020-04-13 13:30:00-04:00,46.725,46.81,46.705,46.785,35950
2020-04-13 13:35:00-04:00,46.78,46.79,46.715,46.75,29976
2020-04-13 13:40:00-04:00,46.76,46.92,46.76,46.91,43842
2020-04-13 13:45:00-04:00,46.92,46.96,46.78,46.8,14048
2020-04-13 13:50:00-04:00,46.79,46.94,46.79,46.94,10102
2020-04-13 13:55:00-04:00,46.94,46.95,46.85,46.85,11000
2020-04-13 14:00:00-04:00,46.86,46.87,46.755,46.79,19138
2020-04-13 14:05:00-04:00,46.795,46.83,46.72,46.72,14084
2020-04-13 14:10:00-04:00,46.73,46.73,46.57,46.6,15814
2020-04-13 14:15:00-04:00,46.605,46.66,46.585,46.63,12882
2020-04-13 14:20:00-04:00,46.6,46.64,46.53,46.56,17492
2020-04-13 14:25:00-04:00,46.59,46.59,46.5,46.56,17178
2020-04-13 14:30:00-04:00,46.555,46.77,46.55,46.74,19080
2020-04-13 14:35:00-04:00,46.735,46.735,46.63,46.65,17702
2020-04-13 14:40:00-04:00,46.66,46.67,46.58,46.62,17652
2020-04-13 14:45:00-04:00,46.63,46.79,46.63,46.78,7184
2020-04-13 14:50:00-04:00,46.77,46.87,46.76,46.86,11518
2020-04-13 14:55:00-04:00,46.86,46.92,46.83,46.9,9276
2020-04-13 15:00:00-04:00,46.87,46.88,46.75,46.775,26672
2020-04-13 15:05:00-04:00,46.795,46.83,46.75,46.77,19690
2020-04-13 15:10:00-04:00,46.77,46.82,46.745,46.785,14110
2020-04-13 15:15:00-04:00,46.775,46.89,46.735,46.89,29238
2020-04-13 15:20:00-04:00,46.89,46.94,46.825,46.89,16778
2020-04-13 15:25:00-04:00,46.88,46.91,46.81,46.91,26464
2020-04-13 15:30:00-04:00,46.9,46.98,46.86,46.96,42154
2020-04-13 15:35:00-04:00,47.0,47.11,46.99,47.1,15352
2020-04-13 15:40:00-04:00,47.12,47.15,47.065,47.14,20530
2020-04-13 15:45:00-04:00,47.13,47.22,47.09,47.19,49480
2020-04-13 15:50:00-04:00,47.19,47.19,46.92,46.96,57728
2020-04-13 15:55:00-04:00,46.96,47.01,46.83,46.91,184008
2020-04-14 09:20:00-04:00,47.96,47.96,47.96,47.96,204
2020-04-14 09:25:00-04:00,48.12,48.12,48.12,48.12,200
2020-04-14 09:30:00-04:00,47.91,47.925,46.98,47.365,74592
2020-04-14 09:35:00-04:00,47.375,47.59,47.345,47.57,67326
2020-04-14 09:40:00-04:00,47.535,47.615,47.44,47.58,54052
2020-04-14 09:45:00-04:00,47.6,47.685,47.485,47.54,39268
2020-04-14 09:50:00-04:00,47.62,47.73,47.57,47.69,19296
2020-04-14 09:55:00-04:00,47.69,47.9,47.67,47.805,25962
2020-04-14 10:00:00-04:00,47.8,47.965,47.78,47.94,21258
2020-04-14 10:05:00-04:00,47.965,48.115,47.95,48.115,16078
2020-04-14 10:10:00-04:00,48.105,48.115,47.94,47.97,32074
2020-04-14 10:15:00-04:00,47.98,48.13,47.97,48.11,23332
2020-04-14 10:20:00-04:00,48.155,48.165,48.07,48.14,38226
2020-04-14 10:25:00-04:00,48.135,48.225,48.07,48.155,35932
2020-04-14 10:30:00-04:00,48.17,48.215,48.065,48.07,26592
2020-04-14 10:35:00-04:00,48.07,48.125,48.0,48.025,27434
2020-04-14 10:40:00-04:00,48.04,48.11,48.02,48.085,13720
2020-04-14 10:45:00-04:00,48.095,48.15,47.95,47.99,27790
2020-04-14 10:50:00-04:00,48.02,48.07,47.985,48.01,16928
2020-04-14 10:55:00-04:00,48.005,48.03,47.925,47.93,28592
2020-04-14 11:00:00-04:00,47.94,48.115,47.85,47.85,39244
2020-04-14 11:05:00-04:00,47.87,47.875,47.8,47.83,32302
2020-04-14 11:10:00-04:00,47.84,47.84,47.7,47.8,33392
2020-04-14 11:15:00-04:00,47.82,47.88,47.76,47.79,17396
2020-04-14 11:20:00-04:00,47.79,47.88,47.785,47.82,25404
2020-04-14 11:25:00-04:00,47.84,47.94,47.805,47.83,30602
2020-04-14 11:30:00-04:00,47.85,48.02,47.85,47.95,15354
2020-04-14 11:35:00-04:00,47.96,47.98,47.9,47.935,13360
2020-04-14 11:40:00-04:00,47.95,48.06,47.92,48.01,18440
2020-04-14 11:45:00-04:00,48.0,48.01,47.935,47.97,12856
2020-04-14 11:50:00-04:00,48.01,48.01,47.97,48.01,10974
2020-04-14 11:55:00-04:00,47.955,47.96,47.825,47.93,13086
2020-04-14 12:00:00-04:00,47.95,48.15,47.95,48.15,21836
2020-04-14 12:05:00-04:00,48.17,48.27,48.15,48.27,26310
2020-04-14 12:10:00-04:00,48.27,48.27,48.18,48.19,21688
2020-04-14 12:15:00-04:00,48.185,48.33,48.185,48.25,37932
2020-04-14 12:20:00-04:00,48.25,48.27,48.15,48.26,26082
2020-04-14 12:25:00-04:00,48.26,48.26,48.11,48.12,21104
2020-04-14 12:30:00-04:00,48.13,48.14,48.065,48.115,12160
2020-04-14 12:35:00-04:00,48.12,48.18,48.11,48.12,5024
2020-04-14 12:40:00-04:00,48.12,48.14,48.065,48.11,6764
2020-04-14 12:45:00-04:00,48.135,48.21,48.1,48.21,21558
2020-04-14 12:50:00-04:00,48.24,48.32,48.24,48.26,19462
2020-04-14 12:55:00-04:00,48.28,48.4,48.27,48.36,10246
2020-04-14 13:00:00-04:00,48.345,48.35,48.29,48.29,8264
2020-04-14 13:05:00-04:00,48.325,48.415,48.32,48.38,7466
2020-04-14 13:10:00-04:00,48.39,48.445,48.39,48.415,16790
2020-04-14 13:15:00-04:00,48.42,48.46,48.33,48.34,31954
2020-04-14 13:20:00-04:00,48.33,48.37,48.3,48.32,17950
2020-04-14 13:25:00-04:00,48.33,48.38,48.25,48.38,21016
2020-04-14 13:30:00-04:00,48.39,48.49,48.385,48.44,22638
2020-04-14 13:35:00-04:00,48.43,48.47,48.38,48.45,15606
2020-04-14 13:40:00-04:00,48.48,48.55,48.46,48.52,17994
2020-04-14 13:45:00-04:00,48.53,48.64,48.525,48.63,13054
2020-04-14 13:50:00-04:00,48.62,48.735,48.6,48.715,14832
2020-04-14 13:55:00-04:00,48.72,48.74,48.67,48.7,11492
2020-04-14 14:00:00-04:00,48.675,48.695,48.64,48.65,8026
2020-04-14 14:05:00-04:00,48.61,48.61,48.575,48.6,4210
2020-04-14 14:10:00-04:00,48.59,48.67,48.59,48.67,12374
2020-04-14 14:15:00-04:00,48.67,48.76,48.66,48.76,11866
2020-04-14 14:20:00-04:00,48.73,48.76,48.69,48.74,8812
2020-04-14 14:25:00-04:00,48.73,48.73,48.655,48.72,13260
2020-04-14 14:30:00-04:00,48.75,48.76,48.68,48.69,30792
2020-04-14 14:35:00-04:00,48.66,48.71,48.63,48.65,21670
2020-04-14 14:40:00-04:00,48.67,48.69,48.52,48.56,17692
2020-04-14 14:45:00-04:00,48.54,48.57,48.485,48.49,16342
2020-04-14 14:50:00-04:00,48.49,48.595,48.485,48.555,20720
2020-04-14 14:55:00-04:00,48.55,48.6,48.52,48.57,22356
2020-04-14 15:00:00-04:00,48.555,48.58,48.48,48.5,19644
2020-04-14 15:05:00-04:00,48.49,48.525,48.44,48.51,15698
2020-04-14 15:10:00-04:00,48.52,48.57,48.46,48.565,14650
2020-04-14 15:15:00-04:00,48.56,48.66,48.52,48.64,27620
2020-04-14 15:20:00-04:00,48.59,48.6,48.52,48.55,34032
2020-04-14 15:25:00-04:00,48.56,48.7,48.56,48.69,26422
2020-04-14 15:30:00-04:00,48.69,48.75,48.66,48.69,36534
2020-04-14 15:35:00-04:00,48.69,48.82,48.69,48.74,30352
2020-04-14 15:40:00-04:00,48.74,48.82,48.72,48.77,34870
2020-04-14 15:45:00-04:00,48.78,48.905,48.77,48.9,60460
2020-04-14 15:50:00-04:00,49.05,49.11,48.83,48.945,101786
2020-04-14 15:55:00-04:00,48.945,48.97,48.82,48.92,176090
2020-04-15 09:25:00-04:00,47.41,47.41,47.41,47.41,200
2020-04-15 09:30:00-04:00,47.69,48.15,47.6,48.075,17294
2020-04-15 09:35:00-04:00,48.04,48.24,48.03,48.18,11124
2020-04-15 09:40:00-04:00,48.17,48.37,48.17,48.25,10504
2020-04-15 09:45:00-04:00,48.21,48.26,47.995,48.1,13198
2020-04-15 09:50:00-04:00,48.11,48.22,48.02,48.14,18602
2020-04-15 09:55:00-04:00,48.14,48.38,48.13,48.38,22666
2020-04-15 10:00:00-04:00,48.36,48.37,48.005,48.005,18178
2020-04-15 10:05:00-04:00,48.02,48.1,47.955,48.08,17678
2020-04-15 10:10:00-04:00,48.06,48.09,47.975,47.98,24716
2020-04-15 10:15:00-04:00,47.995,48.015,47.74,47.74,23770
2020-04-15 10:20:00-04:00,47.745,47.78,47.7,47.73,9628
2020-04-15 10:25:00-04:00,47.68,47.68,47.58,47.635,8440
2020-04-15 10:30:00-04:00,47.625,47.705,47.625,47.645,26352
2020-04-15 10:35:00-04:00,47.615,47.68,47.565,47.595,9840
2020-04-15 10:40:00-04:00,47.63,47.7,47.56,47.56,13236
2020-04-15 10:45:00-04:00,47.6,47.765,47.6,47.76,11288
2020-04-15 10:50:00-04:00,47.76,47.84,47.705,47.785,9876
2020-04-15 10:55:00-04:00,47.76,47.76,47.655,47.68,9748
2020-04-15 11:00:00-04:00,47.66,47.7,47.63,47.69,9204
2020-04-15 11:05:00-04:00,47.69,47.74,47.62,47.7,10044
2020-04-15 11:10:00-04:00,47.72,47.82,47.72,47.795,9048
2020-04-15 11:15:00-04:00,47.79,47.79,47.7,47.71,7494
2020-04-15 11:20:00-04:00,47.67,47.7,47.63,47.63,8136
2020-04-15 11:25:00-04:00,47.61,47.735,47.61,47.73,13552
2020-04-15 11:30:00-04:00,47.73,47.84,47.73,47.805,6640
2020-04-15 11:35:00-04:00,47.8,47.8,47.62,47.62,8512
2020-04-15 11:40:00-04:00,47.62,47.635,47.53,47.57,15414
2020-04-15 11:45:00-04:00,47.54,47.605,47.53,47.56,7072
2020-04-15 11:50:00-04:00,47.58,47.65,47.58,47.64,3788
2020-04-15 11:55:00-04:00,47.65,47.69,47.59,47.59,8364
2020-04-15 12:00:00-04:00,47.57,47.61,47.53,47.605,4892
2020-04-15 12:05:00-04:00,47.61,47.64,47.53,47.53,4312
2020-04-15 12:10:00-04:00,47.53,47.54,47.5,47.535,10656
2020-04-15 12:15:00-04:00,47.56,47.56,47.48,47.48,10708
2020-04-15 12:20:00-04:00,47.49,47.56,47.49,47.56,4584
2020-04-15 12:25:00-04:00,47.56,47.63,47.515,47.61,4716
2020-04-15 12:30:00-04:00,47.6,47.62,47.55,47.61,5000
2020-04-15 12:35:00-04:00,47.63,47.65,47.6,47.63,6326
2020-04-15 12:40:00-04:00,47.63,47.74,47.63,47.72,3438
2020-04-15 12:45:00-04:00,47.71,47.71,47.65,47.7,26334
2020-04-15 12:50:00-04:00,47.7,47.76,47.7,47.73,9004
2020-04-15 12:55:00-04:00,47.72,47.725,47.69,47.7,16850
2020-04-15 13:00:00-04:00,47.7,47.84,47.695,47.825,14140
2020-04-15 13:05:00-04:00,47.835,47.835,47.795,47.82,10556
2020-04-15 13:10:00-04:00,47.86,47.925,47.82,47.89,10744
2020-04-15 13:15:00-04:00,47.895,48.02,47.88,47.985,9344
2020-04-15 13:20:00-04:00,47.97,47.97,47.9,47.91,12838
2020-04-15 13:25:00-04:00,47.91,47.915,47.85,47.89,11750
2020-04-15 13:30:00-04:00,47.89,47.89,47.805,47.88,24780
2020-04-15 13:35:00-04:00,47.9,47.91,47.81,47.815,11556
2020-04-15 13:40:00-04:00,47.8,47.84,47.76,47.835,13948
2020-04-15 13:45:00-04:00,47.82,47.85,47.765,47.775,9614
2020-04-15 13:50:00-04:00,47.79,47.79,47.63,47.63,12268
2020-04-15 13:55:00-04:00,47.645,47.68,47.56,47.57,11030
2020-04-15 14:00:00-04:00,47.605,47.75,47.605,47.74,7322
2020-04-15 14:05:00-04:00,47.74,47.75,47.715,47.73,9134
2020-04-15 14:10:00-04:00,47.73,47.825,47.705,47.82,7636
2020-04-15 14:15:00-04:00,47.8,47.81,47.76,47.78,7170
2020-04-15 14:20:00-04:00,47.77,47.815,47.75,47.78,14944
2020-04-15 14:25:00-04:00,47.77,47.77,47.665,47.735,13656
2020-04-15 14:30:00-04:00,47.755,47.79,47.71,47.77,11132
2020-04-15 14:35:00-04:00,47.75,47.87,47.74,47.835,12012
2020-04-15 14:40:00-04:00,47.835,47.835,47.78,47.79,10526
2020-04-15 14:45:00-04:00,47.795,47.8,47.72,47.72,12734
2020-04-15 14:50:00-04:00,47.725,47.725,47.625,47.63,15972
2020-04-15 14:55:00-04:00,47.625,47.79,47.625,47.77,12552
2020-04-15 15:00:00-04:00,47.745,47.83,47.705,47.71,15530
2020-04-15 15:05:00-04:00,47.7,47.72,47.61,47.62,13918
2020-04-15 15:10:00-04:00,47.58,47.62,47.57,47.59,17920
2020-04-15 15:15:00-04:00,47.58,47.66,47.56,47.64,26502
2020-04-15 15:20:00-04:00,47.635,47.665,47.585,47.61,35862
2020-04-15 15:25:00-04:00,47.6,47.61,47.53,47.58,19488
2020-04-15 15:30:00-04:00,47.57,47.6,47.51,47.56,19772
2020-04-15 15:35:00-04:00,47.55,47.675,47.53,47.63,19060
2020-04-15 15:40:00-04:00,47.62,47.635,47.505,47.55,21898
2020-04-15 15:45:00-04:00,47.55,47.67,47.55,47.61,33728
2020-04-15 15:50:00-04:00,47.525,47.55,47.41,47.42,54500
2020-04-15 15:55:00-04:00,47.41,47.62,47.41,47.62,97728
2020-04-16 08:55:00-04:00,47.76,47.76,47.64,47.69,1000
2020-04-16 09:25:00-04:00,47.54,47.54,47.28,47.28,600
2020-04-16 09:30:00-04:00,47.41,47.785,47.41,47.58,41242
2020-04-16 09:35:00-04:00,47.605,47.605,47.475,47.545,40368
2020-04-16 09:40:00-04:00,47.565,47.585,47.31,47.35,43592
2020-04-16 09:45:00-04:00,47.36,47.37,47.09,47.09,19714
2020-04-16 09:50:00-04:00,47.08,47.2,47.03,47.2,8012
2020-04-16 09:55:00-04:00,47.21,47.25,47.095,47.095,3746
2020-04-16 10:00:00-04:00,47.1,47.105,46.815,46.865,18616
2020-04-16 10:05:00-04:00,46.9,47.03,46.865,46.865,21538
2020-04-16 10:10:00-04:00,46.88,47.04,46.815,47.02,31240
2020-04-16 10:15:00-04:00,47.05,47.095,46.99,46.99,24972
2020-04-16 10:20:00-04:00,46.975,47.06,46.96,47.015,11376
2020-04-16 10:25:00-04:00,47.03,47.03,46.86,46.915,11876
2020-04-16 10:30:00-04:00,46.915,46.93,46.815,46.845,12000
2020-04-16 10:35:00-04:00,46.845,46.91,46.825,46.875,5388
2020-04-16 10:40:00-04:00,46.87,47.02,46.84,47.02,8962
2020-04-16 10:45:00-04:00,46.995,47.05,46.935,46.99,15234
2020-04-16 10:50:00-04:00,46.99,47.015,46.88,46.93,11004
2020-04-16 10:55:00-04:00,46.935,47.01,46.91,46.985,11210
2020-04-16 11:00:00-04:00,46.995,47.17,46.94,47.14,40026
2020-04-16 11:05:00-04:00,47.15,47.22,47.14,47.22,5642
2020-04-16 11:10:00-04:00,47.235,47.25,47.17,47.205,14186
2020-04-16 11:15:00-04:00,47.175,47.25,47.17,47.17,201082
2020-04-16 11:20:00-04:00,47.19,47.19,47.1,47.12,6550
2020-04-16 11:25:00-04:00,47.11,47.17,47.01,47.01,7412
2020-04-16 11:30:00-04:00,47.03,47.04,47.01,47.02,7450
2020-04-16 11:35:00-04:00,47.06,47.095,47.06,47.08,6894
2020-04-16 11:40:00-04:00,47.1,47.135,47.085,47.09,23690
2020-04-16 11:45:00-04:00,47.07,47.07,47.025,47.05,5432
2020-04-16 11:50:00-04:00,47.055,47.17,47.05,47.14,13888
2020-04-16 11:55:00-04:00,47.095,47.14,47.06,47.1,13252
2020-04-16 12:00:00-04:00,47.09,47.13,47.04,47.06,7324
2020-04-16 12:05:00-04:00,47.03,47.07,46.99,46.995,20524
2020-04-16 12:10:00-04:00,47.02,47.07,46.97,47.07,4264
2020-04-16 12:15:00-04:00,47.03,47.07,46.895,46.895,12586
2020-04-16 12:20:00-04:00,46.88,46.88,46.835,46.85,6428
2020-04-16 12:25:00-04:00,46.84,46.88,46.825,46.86,15432
2020-04-16 12:30:00-04:00,46.83,46.85,46.78,46.81,5802
2020-04-16 12:35:00-04:00,46.82,46.88,46.77,46.87,9192
2020-04-16 12:40:00-04:00,46.86,47.01,46.84,47.0,16810
2020-04-16 12:45:00-04:00,46.985,47.01,46.935,47.01,14280
2020-04-16 12:50:00-04:00,47.01,47.035,46.99,47.02,19052
2020-04-16 12:55:00-04:00,46.98,47.12,46.96,47.065,20264
2020-04-16 13:00:00-04:00,47.055,47.06,46.985,47.0,11458
2020-04-16 13:05:00-04:00,47.01,47.14,47.01,47.09,38742
2020-04-16 13:10:00-04:00,47.075,47.1,47.03,47.045,47206
2020-04-16 13:15:00-04:00,47.055,47.115,47.005,47.065,67042
2020-04-16 13:20:00-04:00,47.07,47.15,47.045,47.11,87440
2020-04-16 13:25:00-04:00,47.085,47.15,47.05,47.14,143872
2020-04-16 13:30:00-04:00,47.14,47.22,47.09,47.195,76084
2020-04-16 13:35:00-04:00,47.2,47.21,47.15,47.16,52612
2020-04-16 13:40:00-04:00,47.17,47.235,47.17,47.22,48066
2020-04-16 13:45:00-04:00,47.22,47.24,47.19,47.205,44380
2020-04-16 13:50:00-04:00,47.205,47.215,47.07,47.075,42638
2020-04-16 13:55:00-04:00,47.08,47.09,47.03,47.085,39592
2020-04-16 14:00:00-04:00,47.07,47.08,47.01,47.065,22824
2020-04-16 14:05:00-04:00,47.07,47.15,47.035,47.15,20278
2020-04-16 14:10:00-04:00,47.14,47.16,47.1,47.13,27042
2020-04-16 14:15:00-04:00,47.14,47.21,47.14,47.18,32796
2020-04-16 14:20:00-04:00,47.18,47.19,47.13,47.175,48418
2020-04-16 14:25:00-04:00,47.175,47.21,47.13,47.15,24250
2020-04-16 14:30:00-04:00,47.14,47.185,47.13,47.13,19748
2020-04-16 14:35:00-04:00,47.14,47.26,47.135,47.21,21554
2020-04-16 14:40:00-04:00,47.21,47.23,47.165,47.21,18274
2020-04-16 14:45:00-04:00,47.22,47.24,47.19,47.21,14258
2020-04-16 14:50:00-04:00,47.21,47.25,47.16,47.25,19650
2020-04-16 14:55:00-04:00,47.245,47.33,47.24,47.24,18932
2020-04-16 15:00:00-04:00,47.24,47.24,47.175,47.19,17286
2020-04-16 15:05:00-04:00,47.18,47.23,47.155,47.19,13458
2020-04-16 15:10:00-04:00,47.2,47.23,47.17,47.19,12558
2020-04-16 15:15:00-04:00,47.19,47.22,47.1,47.18,23534
2020-04-16 15:20:00-04:00,47.185,47.28,47.17,47.25,18310
2020-04-16 15:25:00-04:00,47.265,47.325,47.23,47.27,271264
2020-04-16 15:30:00-04:00,47.285,47.33,47.25,47.295,112202
2020-04-16 15:35:00-04:00,47.295,47.305,47.22,47.26,49756
2020-04-16 15:40:00-04:00,47.265,47.285,47.23,47.25,40198
2020-04-16 15:45:00-04:00,47.25,47.28,47.21,47.25,74276
2020-04-16 15:50:00-04:00,47.16,47.26,47.15,47.215,111108
2020-04-16 15:55:00-04:00,47.215,47.215,47.09,47.12,183612
2020-04-17 09:30:00-04:00,48.05,48.18,47.93,48.165,49356
2020-04-17 09:35:00-04:00,48.13,48.16,48.005,48.16,19380
2020-04-17 09:40:00-04:00,48.14,48.155,48.05,48.06,41796
2020-04-17 09:45:00-04:00,48.05,48.08,47.955,47.955,28640
2020-04-17 09:50:00-04:00,47.93,48.0,47.9,47.945,25016
2020-04-17 09:55:00-04:00,47.96,48.0,47.915,47.985,49274
2020-04-17 10:00:00-04:00,47.985,47.985,47.86,47.97,15198
2020-04-17 10:05:00-04:00,47.98,48.0,47.92,47.98,18006
2020-04-17 10:10:00-04:00,47.98,48.005,47.84,47.91,34420
2020-04-17 10:15:00-04:00,47.915,47.925,47.72,47.74,18028
2020-04-17 10:20:00-04:00,47.71,47.77,47.69,47.755,13624
2020-04-17 10:25:00-04:00,47.74,47.835,47.73,47.745,25744
2020-04-17 10:30:00-04:00,47.74,47.75,47.56,47.585,17424
2020-04-17 10:35:00-04:00,47.575,47.66,47.55,47.62,36546
2020-04-17 10:40:00-04:00,47.61,47.64,47.525,47.57,43300
2020-04-17 10:45:00-04:00,47.56,47.57,47.385,47.39,26956
2020-04-17 10:50:00-04:00,47.39,47.555,47.38,47.55,21850
2020-04-17 10:55:00-04:00,47.53,47.585,47.52,47.56,35328
2020-04-17 11:00:00-04:00,47.565,47.605,47.53,47.57,44402
2020-04-17 11:05:00-04:00,47.585,47.6,47.52,47.52,48888
2020-04-17 11:10:00-04:00,47.52,47.59,47.51,47.575,25754
2020-04-17 11:15:00-04:00,47.57,47.57,47.39,47.505,42600
2020-04-17 11:20:00-04:00,47.51,47.58,47.46,47.54,16182
2020-04-17 11:25:00-04:00,47.53,47.55,47.37,47.45,36904
2020-04-17 11:30:00-04:00,47.445,47.56,47.445,47.555,43160
2020-04-17 11:35:00-04:00,47.56,47.58,47.5,47.56,63338
2020-04-17 11:40:00-04:00,47.55,47.6,47.505,47.54,39476
2020-04-17 11:45:00-04:00,47.545,47.59,47.475,47.58,30496
2020-04-17 11:50:00-04:00,47.575,47.71,47.53,47.665,29938
2020-04-17 11:55:00-04:00,47.67,47.675,47.59,47.635,25936
2020-04-17 12:00:00-04:00,47.64,47.64,47.53,47.54,35112
2020-04-17 12:05:00-04:00,47.56,47.73,47.56,47.69,36294
2020-04-17 12:10:00-04:00,47.66,47.705,47.65,47.675,28044
2020-04-17 12:15:00-04:00,47.685,47.72,47.65,47.72,32820
2020-04-17 12:20:00-04:00,47.715,47.73,47.67,47.715,25930
2020-04-17 12:25:00-04:00,47.715,47.72,47.67,47.705,25608
2020-04-17 12:30:00-04:00,47.705,47.73,47.68,47.73,31918
2020-04-17 12:35:00-04:00,47.725,47.82,47.725,47.785,28714
2020-04-17 12:40:00-04:00,47.775,47.83,47.76,47.78,83150
2020-04-17 12:45:00-04:00,47.78,47.81,47.765,47.8,31330
2020-04-17 12:50:00-04:00,47.805,47.875,47.805,47.845,20690
2020-04-17 12:55:00-04:00,47.85,47.87,47.83,47.83,13774
2020-04-17 13:00:00-04:00,47.815,47.87,47.785,47.865,20192
2020-04-17 13:05:00-04:00,47.87,47.92,47.85,47.895,19434
2020-04-17 13:10:00-04:00,47.895,47.9,47.81,47.81,18100
2020-04-17 13:15:00-04:00,47.81,47.81,47.72,47.81,25942
2020-04-17 13:20:00-04:00,47.81,47.81,47.75,47.77,9070
2020-04-17 13:25:00-04:00,47.75,47.77,47.74,47.755,19262
2020-04-17 13:30:00-04:00,47.755,47.85,47.75,47.835,19996
2020-04-17 13:35:00-04:00,47.83,47.84,47.78,47.82,29226
2020-04-17 13:40:00-04:00,47.815,47.84,47.79,47.83,22078
2020-04-17 13:45:00-04:00,47.83,47.83,47.75,47.785,13066
2020-04-17 13:50:00-04:00,47.78,47.87,47.775,47.87,18922
2020-04-17 13:55:00-04:00,47.86,47.9,47.8,47.89,18960
2020-04-17 14:00:00-04:00,47.875,47.96,47.865,47.93,13414
2020-04-17 14:05:00-04:00,47.93,47.98,47.89,47.97,10734
2020-04-17 14:10:00-04:00,47.97,47.975,47.88,47.885,10848
2020-04-17 14:15:00-04:00,47.89,47.89,47.84,47.88,16344
2020-04-17 14:20:00-04:00,47.88,47.975,47.86,47.975,22726
2020-04-17 14:25:00-04:00,47.96,47.975,47.9,47.9,14630
2020-04-17 14:30:00-04:00,47.9,47.9,47.84,47.88,14652
2020-04-17 14:35:00-04:00,47.87,47.89,47.795,47.84,14200
2020-04-17 14:40:00-04:00,47.85,47.95,47.82,47.95,15550
2020-04-17 14:45:00-04:00,47.96,47.99,47.95,47.99,12238
2020-04-17 14:50:00-04:00,47.98,47.985,47.935,47.94,13298
2020-04-17 14:55:00-04:00,47.95,47.995,47.94,47.98,41924
2020-04-20 09:30:00-04:00,47.51,47.74,47.23,47.585,45990
2020-04-20 09:35:00-04:00,47.61,47.66,47.56,47.58,14612
2020-04-20 09:40:00-04:00,47.6,47.615,47.55,47.57,9960
2020-04-20 09:45:00-04:00,47.575,47.68,47.515,47.65,11986
2020-04-20 09:50:00-04:00,47.655,47.655,47.56,47.56,9408
2020-04-20 09:55:00-04:00,47.6,47.645,47.57,47.645,29766
2020-04-20 10:00:00-04:00,47.62,47.64,47.535,47.58,18398
2020-04-20 10:05:00-04:00,47.565,47.785,47.565,47.745,19660
2020-04-20 10:10:00-04:00,47.755,47.78,47.665,47.715,10002
2020-04-20 10:15:00-04:00,47.7,47.71,47.615,47.63,14692
2020-04-20 10:20:00-04:00,47.62,47.71,47.605,47.71,12768
2020-04-20 10:25:00-04:00,47.72,47.775,47.7,47.755,16194
2020-04-20 10:30:00-04:00,47.74,47.77,47.71,47.725,17580
2020-04-20 10:35:00-04:00,47.72,47.725,47.6,47.6,14540
2020-04-20 10:40:00-04:00,47.6,47.73,47.6,47.69,13220
2020-04-20 10:45:00-04:00,47.7,47.815,47.695,47.795,17186
2020-04-20 10:50:00-04:00,47.81,47.815,47.68,47.68,16026
2020-04-20 10:55:00-04:00,47.69,47.75,47.63,47.63,18308
2020-04-20 11:00:00-04:00,47.63,47.69,47.595,47.685,17946
2020-04-20 11:05:00-04:00,47.685,47.75,47.68,47.725,17614
2020-04-20 11:10:00-04:00,47.73,47.74,47.64,47.64,16896
2020-04-20 11:15:00-04:00,47.64,47.64,47.56,47.59,21976
2020-04-20 11:20:00-04:00,47.59,47.64,47.58,47.64,18342
2020-04-20 11:25:00-04:00,47.65,47.67,47.615,47.67,23968
2020-04-20 11:30:00-04:00,47.675,47.72,47.66,47.69,24752
2020-04-20 11:35:00-04:00,47.7,47.85,47.695,47.85,28104
2020-04-20 11:40:00-04:00,47.85,47.85,47.77,47.79,19828
2020-04-20 11:45:00-04:00,47.78,47.86,47.775,47.84,27068
2020-04-20 11:50:00-04:00,47.825,47.84,47.735,47.74,25162
2020-04-20 11:55:00-04:00,47.75,47.87,47.75,47.85,22706
2020-04-20 12:00:00-04:00,47.85,47.88,47.81,47.87,23808
2020-04-20 12:05:00-04:00,47.875,47.975,47.87,47.97,16756
2020-04-20 12:10:00-04:00,47.965,47.99,47.88,47.89,19230
2020-04-20 12:15:00-04:00,47.9,47.97,47.9,47.95,19406
2020-04-20 12:20:00-04:00,47.945,47.99,47.91,47.95,10284
2020-04-20 12:25:00-04:00,47.96,47.96,47.91,47.915,12934
2020-04-20 12:30:00-04:00,47.91,47.96,47.89,47.96,14482
2020-04-20 12:35:00-04:00,47.97,47.99,47.95,47.99,15408
2020-04-20 12:40:00-04:00,47.98,48.0,47.955,47.96,13336
2020-04-20 12:45:00-04:00,47.94,47.99,47.92,47.98,10402
2020-04-20 12:50:00-04:00,47.99,48.0,47.94,47.965,11170
2020-04-20 12:55:00-04:00,47.97,47.99,47.95,47.975,32166
2020-04-20 13:00:00-04:00,47.965,47.965,47.825,47.86,26568
2020-04-20 13:05:00-04:00,47.85,47.875,47.835,47.835,12416
2020-04-20 13:10:00-04:00,47.835,47.835,47.735,47.74,10224
2020-04-20 13:15:00-04:00,47.71,47.78,47.71,47.715,11212
2020-04-20 13:20:00-04:00,47.745,47.75,47.67,47.67,16818
2020-04-20 13:25:00-04:00,47.665,47.7,47.645,47.685,13376
2020-04-20 13:30:00-04:00,47.675,47.695,47.62,47.655,44738
2020-04-20 13:35:00-04:00,47.66,47.66,47.57,47.61,46154
2020-04-20 13:40:00-04:00,47.59,47.65,47.57,47.57,81994
2020-04-20 13:45:00-04:00,47.565,47.69,47.565,47.69,121124
2020-04-20 13:50:00-04:00,47.71,47.775,47.675,47.77,16146
2020-04-20 13:55:00-04:00,47.775,47.825,47.755,47.81,18018
2020-04-20 14:00:00-04:00,47.815,47.885,47.785,47.85,19006
2020-04-20 14:05:00-04:00,47.86,47.895,47.81,47.85,20316
2020-04-20 14:10:00-04:00,47.85,47.855,47.64,47.64,12824
2020-04-20 14:15:00-04:00,47.65,47.65,47.54,47.56,11656
2020-04-20 14:20:00-04:00,47.57,47.57,47.51,47.52,13640
2020-04-20 14:25:00-04:00,47.52,47.52,47.45,47.45,15960
2020-04-20 14:30:00-04:00,47.45,47.55,47.43,47.53,45118
2020-04-20 14:35:00-04:00,47.515,47.57,47.48,47.51,12568
2020-04-20 14:40:00-04:00,47.53,47.53,47.44,47.45,11726
2020-04-20 14:45:00-04:00,47.44,47.475,47.39,47.47,21946
2020-04-20 14:50:00-04:00,47.47,47.47,47.39,47.39,25884
2020-04-20 14:55:00-04:00,47.39,47.39,47.21,47.21,33650
2020-04-20 15:00:00-04:00,47.21,47.32,47.21,47.26,14556
2020-04-20 15:05:00-04:00,47.25,47.26,47.15,47.23,16040
2020-04-20 15:10:00-04:00,47.21,47.31,47.21,47.255,14420
2020-04-20 15:15:00-04:00,47.245,47.31,47.23,47.24,21614
2020-04-20 15:20:00-04:00,47.235,47.28,47.205,47.255,32132
2020-04-20 15:25:00-04:00,47.255,47.255,47.09,47.19,52824
2020-04-20 15:30:00-04:00,47.195,47.26,47.125,47.26,66732
2020-04-20 15:35:00-04:00,47.27,47.36,47.225,47.225,29816
2020-04-20 15:40:00-04:00,47.215,47.285,47.165,47.26,41422
2020-04-20 15:45:00-04:00,47.26,47.355,47.23,47.33,63464
2020-04-20 15:50:00-04:00,47.33,47.33,46.64,46.72,154270
2020-04-20 15:55:00-04:00,46.71,46.8,46.39,46.575,220128
2020-04-21 09:30:00-04:00,45.93,45.93,44.28,44.495,92652
2020-04-21 09:35:00-04:00,44.56,45.34,44.56,44.975,44122
2020-04-21 09:40:00-04:00,44.99,45.73,44.99,45.71,37506
2020-04-21 09:45:00-04:00,45.81,46.12,45.68,46.12,33424
2020-04-21 09:50:00-04:00,46.1,46.32,46.03,46.3,42790
2020-04-21 09:55:00-04:00,46.21,46.42,46.08,46.08,36848
2020-04-21 10:00:00-04:00,46.13,46.315,46.08,46.27,14262
2020-04-21 10:05:00-04:00,46.265,46.3,46.02,46.15,31210
2020-04-21 10:10:00-04:00,46.14,46.21,46.015,46.17,20938
2020-04-21 10:15:00-04:00,46.17,46.44,46.17,46.4,19880
2020-04-21 10:20:00-04:00,46.38,46.59,46.28,46.45,28210
2020-04-21 10:25:00-04:00,46.5,46.545,46.3,46.355,13500
2020-04-21 10:30:00-04:00,46.375,46.64,46.375,46.555,27592
2020-04-21 10:35:00-04:00,46.555,46.78,46.551,46.755,25442
2020-04-21 10:40:00-04:00,46.74,46.9,46.65,46.77,28284
2020-04-21 10:45:00-04:00,46.8,46.83,46.505,46.515,42146
2020-04-21 10:50:00-04:00,46.57,46.725,46.475,46.72,61170
2020-04-21 10:55:00-04:00,46.715,46.82,46.58,46.59,53452
2020-04-21 11:00:00-04:00,46.57,46.66,46.45,46.49,29410
2020-04-21 11:05:00-04:00,46.5,46.57,46.22,46.31,27738
2020-04-21 11:10:00-04:00,46.29,46.32,46.08,46.1,22318
2020-04-21 11:15:00-04:00,46.09,46.185,45.97,46.08,28202
2020-04-21 11:20:00-04:00,46.11,46.13,45.98,46.075,20322
2020-04-21 11:25:00-04:00,46.085,46.11,45.83,45.89,18612
2020-04-21 11:30:00-04:00,46.005,46.15,45.97,46.01,9328
2020-04-21 11:35:00-04:00,46.01,46.01,45.81,45.92,20516
2020-04-21 11:40:00-04:00,45.88,45.94,45.77,45.84,12332
2020-04-21 11:45:00-04:00,45.8,45.84,45.69,45.81,11296
2020-04-21 11:50:00-04:00,45.82,45.89,45.65,45.7,29662
2020-04-21 11:55:00-04:00,45.67,45.81,45.67,45.72,21392
2020-04-21 12:00:00-04:00,45.74,45.75,45.6,45.61,12592
2020-04-21 12:05:00-04:00,45.65,45.77,45.565,45.635,13930
2020-04-21 12:10:00-04:00,45.605,45.715,45.605,45.7,13874
2020-04-21 12:15:00-04:00,45.73,45.73,45.615,45.69,8676
2020-04-21 12:20:00-04:00,45.685,45.685,45.49,45.495,21880
2020-04-21 12:25:00-04:00,45.5,45.5,45.41,45.435,19264
2020-04-21 12:30:00-04:00,45.43,45.43,45.29,45.31,44616
2020-04-21 12:35:00-04:00,45.32,45.32,45.17,45.17,14838
2020-04-21 12:40:00-04:00,45.18,45.24,45.14,45.14,24188
2020-04-21 12:45:00-04:00,45.07,45.13,45.01,45.12,56462
2020-04-21 12:50:00-04:00,45.13,45.29,45.1,45.215,55516
2020-04-21 12:55:00-04:00,45.23,45.24,45.07,45.13,15346
2020-04-21 13:00:00-04:00,45.11,45.35,45.1,45.26,39394
2020-04-21 13:05:00-04:00,45.255,45.34,45.2,45.21,45370
2020-04-21 13:10:00-04:00,45.23,45.245,45.07,45.09,13648
2020-04-21 13:15:00-04:00,45.11,45.365,45.11,45.36,12380
2020-04-21 13:20:00-04:00,45.345,45.52,45.345,45.42,17482
2020-04-21 13:25:00-04:00,45.37,45.415,45.315,45.36,6342
2020-04-21 13:30:00-04:00,45.33,45.46,45.325,45.45,8924
2020-04-21 13:35:00-04:00,45.465,45.48,45.435,45.445,26484
2020-04-21 13:40:00-04:00,45.425,45.425,45.335,45.335,10300
2020-04-21 13:45:00-04:00,45.305,45.305,45.21,45.25,6570
2020-04-21 13:50:00-04:00,45.26,45.33,45.255,45.32,11580
2020-04-21 13:55:00-04:00,45.31,45.31,45.2,45.27,5702
2020-04-21 14:00:00-04:00,45.27,45.285,45.21,45.27,20644
2020-04-21 14:05:00-04:00,45.24,45.28,45.21,45.23,12046
2020-04-21 14:10:00-04:00,45.21,45.27,45.2,45.27,16466
2020-04-21 14:15:00-04:00,45.25,45.31,45.21,45.22,9544
2020-04-21 14:20:00-04:00,45.23,45.35,45.165,45.315,21114
2020-04-21 14:25:00-04:00,45.285,45.315,45.195,45.195,34516
2020-04-21 14:30:00-04:00,45.195,45.215,45.14,45.18,15934
2020-04-21 14:35:00-04:00,45.19,45.21,45.12,45.16,12398
2020-04-21 14:40:00-04:00,45.155,45.155,45.01,45.065,34430
2020-04-21 14:45:00-04:00,45.07,45.11,45.05,45.07,13578
2020-04-21 14:50:00-04:00,45.065,45.155,45.055,45.13,11022
2020-04-21 14:55:00-04:00,45.1,45.16,45.055,45.085,20290
2020-04-21 15:00:00-04:00,45.09,45.12,45.07,45.09,54312
2020-04-21 15:05:00-04:00,45.095,45.1,44.98,44.995,31320
2020-04-21 15:10:00-04:00,44.99,45.25,44.99,45.17,21428
2020-04-21 15:15:00-04:00,45.18,45.255,45.11,45.25,68646
2020-04-21 15:20:00-04:00,45.25,45.29,45.2,45.21,29486
2020-04-21 15:25:00-04:00,45.2,45.24,45.17,45.205,26420
2020-04-21 15:30:00-04:00,45.195,45.295,45.15,45.27,55050
2020-04-21 15:35:00-04:00,45.26,45.485,45.26,45.47,101198
2020-04-21 15:40:00-04:00,45.475,45.49,45.415,45.445,42948
2020-04-21 15:45:00-04:00,45.45,45.45,45.29,45.295,67320
2020-04-21 15:50:00-04:00,45.29,45.55,45.23,45.25,185464
2020-04-21 15:55:00-04:00,45.25,45.41,45.25,45.3,225252
2020-04-22 09:30:00-04:00,45.95,45.95,45.51,45.65,28924
2020-04-22 09:35:00-04:00,45.655,45.76,45.52,45.7,22790
2020-04-22 09:40:00-04:00,45.69,45.85,45.69,45.84,19048
2020-04-22 09:45:00-04:00,45.865,45.9,45.66,45.75,20576
2020-04-22 09:50:00-04:00,45.72,45.81,45.66,45.765,15170
2020-04-22 09:55:00-04:00,45.74,45.93,45.74,45.8,9302
2020-04-22 10:00:00-04:00,45.8,45.86,45.765,45.775,12084
2020-04-22 10:05:00-04:00,45.79,45.96,45.79,45.9,11676
2020-04-22 10:10:00-04:00,45.93,45.96,45.675,45.675,7766
2020-04-22 10:15:00-04:00,45.68,45.68,45.6,45.65,14194
2020-04-22 10:20:00-04:00,45.66,45.785,45.66,45.78,6636
2020-04-22 10:25:00-04:00,45.77,45.87,45.76,45.76,12594
2020-04-22 10:30:00-04:00,45.76,45.78,45.695,45.755,10998
2020-04-22 10:35:00-04:00,45.76,45.93,45.76,45.92,14096
2020-04-22 10:40:00-04:00,45.89,45.92,45.85,45.89,10660
2020-04-22 10:45:00-04:00,45.885,45.905,45.83,45.83,18390
2020-04-22 10:50:00-04:00,45.84,45.855,45.665,45.665,11562
2020-04-22 10:55:00-04:00,45.68,45.7,45.635,45.635,16646
2020-04-22 11:00:00-04:00,45.64,45.71,45.605,45.71,51130
2020-04-22 11:05:00-04:00,45.74,45.85,45.73,45.85,7100
2020-04-22 11:10:00-04:00,45.805,45.82,45.78,45.805,13412
2020-04-22 11:15:00-04:00,45.825,45.935,45.825,45.855,10902
2020-04-22 11:20:00-04:00,45.875,45.875,45.825,45.855,13620
2020-04-22 11:25:00-04:00,45.85,45.855,45.74,45.845,39906
2020-04-22 11:30:00-04:00,45.89,45.985,45.885,45.97,12872
2020-04-22 11:35:00-04:00,45.955,45.955,45.88,45.95,11344
2020-04-22 11:40:00-04:00,45.945,46.125,45.945,46.115,19660
2020-04-22 11:45:00-04:00,46.095,46.095,46.025,46.055,8056
2020-04-22 11:50:00-04:00,46.06,46.06,45.98,45.99,7822
2020-04-22 11:55:00-04:00,45.985,46.005,45.955,45.97,14864
2020-04-22 12:00:00-04:00,45.985,46.025,45.955,45.955,21422
2020-04-22 12:05:00-04:00,45.95,45.95,45.855,45.86,18198
2020-04-22 12:10:00-04:00,45.85,45.885,45.85,45.865,21148
2020-04-22 12:15:00-04:00,45.865,45.93,45.845,45.85,20538
2020-04-22 12:20:00-04:00,45.86,45.91,45.77,45.91,20990
2020-04-22 12:25:00-04:00,45.905,45.91,45.84,45.88,17120
2020-04-22 12:30:00-04:00,45.87,45.92,45.84,45.855,26326
2020-04-22 12:35:00-04:00,45.865,45.87,45.77,45.86,14028
2020-04-22 12:40:00-04:00,45.865,45.925,45.825,45.825,16184
2020-04-22 12:45:00-04:00,45.81,45.82,45.785,45.8,6942
2020-04-22 12:50:00-04:00,45.81,45.81,45.7,45.735,20178
2020-04-22 12:55:00-04:00,45.735,45.735,45.655,45.71,16122
2020-04-22 13:00:00-04:00,45.73,45.75,45.645,45.66,11692
2020-04-22 13:05:00-04:00,45.655,45.66,45.605,45.61,10850
2020-04-22 13:10:00-04:00,45.62,45.65,45.62,45.63,14736
2020-04-22 13:15:00-04:00,45.625,45.64,45.605,45.605,15408
2020-04-22 13:20:00-04:00,45.605,45.64,45.56,45.56,12532
2020-04-22 13:25:00-04:00,45.55,45.66,45.52,45.66,15106
2020-04-22 13:30:00-04:00,45.67,45.68,45.635,45.65,22808
2020-04-22 13:35:00-04:00,45.65,45.68,45.63,45.63,9278
2020-04-22 13:40:00-04:00,45.62,45.75,45.62,45.75,8666
2020-04-22 13:45:00-04:00,45.77,45.795,45.72,45.795,10692
2020-04-22 13:50:00-04:00,45.795,45.795,45.735,45.76,13582
2020-04-22 13:55:00-04:00,45.73,45.75,45.63,45.635,17230
2020-04-22 14:00:00-04:00,45.64,45.69,45.58,45.69,24806
2020-04-22 14:05:00-04:00,45.7,45.735,45.665,45.68,13632
2020-04-22 14:10:00-04:00,45.68,45.68,45.6,45.635,22388
2020-04-22 14:15:00-04:00,45.635,45.65,45.62,45.64,13346
2020-04-22 14:20:00-04:00,45.64,45.69,45.64,45.685,11790
2020-04-22 14:25:00-04:00,45.695,45.71,45.63,45.685,11374
2020-04-22 14:30:00-04:00,45.675,45.73,45.66,45.73,16392
2020-04-22 14:35:00-04:00,45.73,45.73,45.69,45.72,8276
2020-04-22 14:40:00-04:00,45.72,45.77,45.71,45.74,8712
2020-04-22 14:45:00-04:00,45.74,45.78,45.73,45.78,13686
2020-04-22 14:50:00-04:00,45.78,45.81,45.725,45.76,18150
2020-04-22 14:55:00-04:00,45.75,45.77,45.705,45.725,17590
2020-04-22 15:00:00-04:00,45.725,45.87,45.725,45.865,10094
2020-04-22 15:05:00-04:00,45.86,45.875,45.82,45.85,10964
2020-04-22 15:10:00-04:00,45.855,45.855,45.81,45.81,16744
2020-04-22 15:15:00-04:00,45.82,45.82,45.75,45.81,10546
2020-04-22 15:20:00-04:00,45.805,45.855,45.79,45.8,16130
2020-04-22 15:25:00-04:00,45.81,45.845,45.76,45.76,16178
2020-04-22 15:30:00-04:00,45.77,45.84,45.765,45.8,17296
2020-04-22 15:35:00-04:00,45.815,45.84,45.77,45.78,27082
2020-04-22 15:40:00-04:00,45.785,45.82,45.76,45.82,33710
2020-04-22 15:45:00-04:00,45.82,45.82,45.735,45.805,36674
2020-04-22 15:50:00-04:00,45.865,45.865,45.705,45.73,45312
2020-04-22 15:55:00-04:00,45.72,45.74,45.575,45.59,138468
2020-04-23 09:30:00-04:00,45.945,46.08,45.88,45.99,52688
2020-04-23 09:35:00-04:00,46.01,46.02,45.96,45.99,51134
2020-04-23 09:40:00-04:00,45.975,46.02,45.94,45.955,13800
2020-04-23 09:45:00-04:00,45.97,45.97,45.73,45.73,8562
2020-04-23 09:50:00-04:00,45.725,45.725,45.65,45.68,10438
2020-04-23 09:55:00-04:00,45.675,45.7,45.64,45.68,27382
2020-04-23 10:00:00-04:00,45.715,45.715,45.59,45.65,18364
2020-04-23 10:05:00-04:00,45.65,45.74,45.625,45.73,11144
2020-04-23 10:10:00-04:00,45.73,45.73,45.66,45.68,15242
2020-04-23 10:15:00-04:00,45.67,45.7,45.64,45.64,13628
2020-04-23 10:20:00-04:00,45.64,45.75,45.64,45.72,16538
2020-04-23 10:25:00-04:00,45.71,45.765,45.655,45.765,15592
2020-04-23 10:30:00-04:00,45.78,45.785,45.715,45.775,20476
2020-04-23 10:35:00-04:00,45.77,45.82,45.76,45.8,12098
2020-04-23 10:40:00-04:00,45.81,45.94,45.8,45.93,16972
2020-04-23 10:45:00-04:00,45.925,45.97,45.9,45.97,15860
2020-04-23 10:50:00-04:00,45.99,46.07,45.96,45.96,38840
2020-04-23 10:55:00-04:00,45.94,45.97,45.92,45.94,12364
2020-04-23 11:00:00-04:00,45.93,45.97,45.9,45.93,27986
2020-04-23 11:05:00-04:00,45.935,45.98,45.925,45.96,20244
2020-04-23 11:10:00-04:00,45.96,45.97,45.86,45.865,21670
2020-04-23 11:15:00-04:00,45.88,45.95,45.85,45.94,17726
2020-04-23 11:20:00-04:00,45.93,45.96,45.91,45.93,14278
2020-04-23 11:25:00-04:00,45.935,45.97,45.93,45.95,21858
2020-04-23 11:30:00-04:00,45.96,45.96,45.86,45.905,14072
2020-04-23 11:35:00-04:00,45.89,45.91,45.865,45.88,16242
2020-04-23 11:40:00-04:00,45.88,45.89,45.84,45.86,16498
2020-04-23 11:45:00-04:00,45.875,45.88,45.825,45.835,12252
2020-04-23 11:50:00-04:00,45.83,45.87,45.815,45.82,120172
2020-04-23 11:55:00-04:00,45.815,45.875,45.815,45.845,18138
2020-04-23 12:00:00-04:00,45.84,45.895,45.83,45.885,12752
2020-04-23 12:05:00-04:00,45.87,45.9,45.865,45.88,5516
2020-04-23 12:10:00-04:00,45.885,45.9,45.86,45.9,6252
2020-04-23 12:15:00-04:00,45.91,45.93,45.87,45.88,17240
2020-04-23 12:20:00-04:00,45.875,45.91,45.865,45.91,51486
2020-04-23 12:25:00-04:00,45.9,45.92,45.875,45.875,14280
2020-04-23 12:30:00-04:00,45.86,45.87,45.805,45.845,23034
2020-04-23 12:35:00-04:00,45.85,45.865,45.81,45.845,22608
2020-04-23 12:40:00-04:00,45.84,45.89,45.54,45.55,61094
2020-04-23 12:45:00-04:00,45.62,45.73,45.36,45.65,30368
2020-04-23 12:50:00-04:00,45.61,45.67,45.415,45.59,85108
2020-04-23 12:55:00-04:00,45.585,45.65,45.585,45.63,10440
2020-04-23 13:00:00-04:00,45.67,45.73,45.67,45.71,3368
2020-04-23 13:05:00-04:00,45.65,45.655,45.615,45.62,1002
2020-04-23 13:10:00-04:00,45.64,45.72,45.64,45.72,5742
2020-04-23 13:15:00-04:00,45.755,45.77,45.655,45.67,8652
2020-04-23 13:20:00-04:00,45.655,45.655,45.48,45.515,13574
2020-04-23 13:25:00-04:00,45.5,45.52,45.415,45.49,9688
2020-04-23 13:30:00-04:00,45.5,45.505,45.48,45.48,13426
2020-04-23 13:35:00-04:00,45.5,45.5,45.45,45.48,34186
2020-04-23 13:40:00-04:00,45.475,45.5,45.37,45.38,10420
2020-04-23 13:45:00-04:00,45.445,45.48,45.37,45.37,9948
2020-04-23 13:50:00-04:00,45.375,45.44,45.365,45.365,6484
2020-04-23 13:55:00-04:00,45.37,45.51,45.355,45.51,5166
2020-04-23 14:00:00-04:00,45.5,45.54,45.48,45.53,4574
2020-04-23 14:05:00-04:00,45.52,45.52,45.45,45.45,15226
2020-04-23 14:10:00-04:00,45.4,45.4,45.32,45.37,17232
2020-04-23 14:15:00-04:00,45.365,45.485,45.365,45.455,7862
2020-04-23 14:20:00-04:00,45.455,45.56,45.455,45.56,7202
2020-04-23 14:25:00-04:00,45.59,45.59,45.49,45.525,4926
2020-04-23 14:30:00-04:00,45.52,45.54,45.47,45.47,19570
2020-04-23 14:35:00-04:00,45.46,45.49,45.46,45.475,5438
2020-04-23 14:40:00-04:00,45.475,45.51,45.47,45.49,37364
2020-04-23 14:45:00-04:00,45.485,45.5,45.455,45.475,8354
2020-04-23 14:50:00-04:00,45.48,45.51,45.47,45.5,55552
2020-04-23 14:55:00-04:00,45.5,45.56,45.485,45.53,10440
2020-04-23 15:00:00-04:00,45.515,45.54,45.485,45.52,13306
2020-04-23 15:05:00-04:00,45.505,45.505,45.45,45.46,13206
2020-04-23 15:10:00-04:00,45.46,45.46,45.28,45.29,26094
2020-04-23 15:15:00-04:00,45.29,45.3,45.2,45.22,31002
2020-04-23 15:20:00-04:00,45.22,45.27,45.215,45.25,15268
2020-04-23 15:25:00-04:00,45.245,45.29,45.225,45.26,25626
2020-04-23 15:30:00-04:00,45.26,45.33,45.185,45.29,32918
2020-04-23 15:35:00-04:00,45.31,45.32,45.26,45.31,22260
2020-04-23 15:40:00-04:00,45.335,45.35,45.25,45.25,45480
2020-04-23 15:45:00-04:00,45.25,45.27,45.15,45.23,63246
2020-04-23 15:50:00-04:00,45.22,45.22,44.975,45.055,128770
2020-04-23 15:55:00-04:00,45.05,45.09,45.0,45.07,210050
2020-04-24 09:30:00-04:00,45.51,45.6,45.41,45.6,22100
2020-04-24 09:35:00-04:00,45.62,45.62,45.49,45.535,23660
2020-04-24 09:40:00-04:00,45.53,45.54,45.465,45.515,26492
2020-04-24 09:45:00-04:00,45.51,45.52,45.34,45.34,18332
2020-04-24 09:50:00-04:00,45.37,45.395,45.335,45.34,32668
2020-04-24 09:55:00-04:00,45.33,45.35,45.205,45.245,25094
2020-04-24 10:00:00-04:00,45.275,45.315,45.225,45.27,20714
2020-04-24 10:05:00-04:00,45.275,45.4,45.255,45.255,33408
2020-04-24 10:10:00-04:00,45.255,45.32,45.225,45.225,35724
2020-04-24 10:15:00-04:00,45.22,45.395,45.215,45.395,55974
2020-04-24 10:20:00-04:00,45.39,45.4,45.35,45.36,34692
2020-04-24 10:25:00-04:00,45.4,45.4,45.275,45.295,35232
2020-04-24 10:30:00-04:00,45.29,45.325,45.255,45.27,31084
2020-04-24 10:35:00-04:00,45.28,45.385,45.265,45.375,35054
2020-04-24 10:40:00-04:00,45.375,45.395,45.315,45.35,169064
2020-04-24 10:45:00-04:00,45.36,45.4,45.275,45.28,32934
2020-04-24 10:50:00-04:00,45.29,45.32,45.27,45.29,30686
2020-04-24 10:55:00-04:00,45.29,45.295,45.23,45.27,32042
2020-04-24 11:00:00-04:00,45.27,45.27,45.18,45.21,23834
2020-04-24 11:05:00-04:00,45.21,45.305,45.19,45.26,27724
2020-04-24 11:10:00-04:00,45.25,45.26,45.155,45.245,31732
2020-04-24 11:15:00-04:00,45.24,45.35,45.24,45.325,26356
2020-04-24 11:20:00-04:00,45.34,45.34,45.285,45.29,28928
2020-04-24 11:25:00-04:00,45.3,45.3,45.21,45.23,44770
2020-04-24 11:30:00-04:00,45.22,45.225,45.13,45.195,32180
2020-04-24 11:35:00-04:00,45.205,45.285,45.2,45.225,24876
2020-04-24 11:40:00-04:00,45.255,45.255,45.17,45.17,24622
2020-04-24 11:45:00-04:00,45.17,45.265,45.16,45.26,21864
2020-04-24 11:50:00-04:00,45.26,45.275,45.21,45.21,21730
2020-04-24 11:55:00-04:00,45.2,45.215,45.165,45.185,21860
2020-04-24 12:00:00-04:00,45.19,45.19,45.125,45.18,18990
2020-04-24 12:05:00-04:00,45.185,45.23,45.16,45.23,15880
2020-04-24 12:10:00-04:00,45.23,45.23,45.185,45.195,22146
2020-04-24 12:15:00-04:00,45.19,45.245,45.165,45.23,16800
2020-04-24 12:20:00-04:00,45.235,45.24,45.145,45.155,24342
2020-04-24 12:25:00-04:00,45.19,45.235,45.15,45.235,12396
2020-04-24 12:30:00-04:00,45.235,45.245,45.19,45.195,41494
2020-04-24 12:35:00-04:00,45.19,45.24,45.165,45.235,20536
2020-04-24 12:40:00-04:00,45.235,45.265,45.22,45.255,23006
2020-04-24 12:45:00-04:00,45.265,45.28,45.24,45.26,16142
2020-04-24 12:50:00-04:00,45.25,45.26,45.21,45.22,19610
2020-04-24 12:55:00-04:00,45.23,45.255,45.22,45.25,17872
2020-04-24 13:00:00-04:00,45.24,45.27,45.22,45.23,30358
2020-04-24 13:05:00-04:00,45.235,45.245,45.21,45.225,20622
2020-04-24 13:10:00-04:00,45.225,45.23,45.185,45.19,274538
2020-04-24 13:15:00-04:00,45.19,45.22,45.19,45.19,16086
2020-04-24 13:20:00-04:00,45.19,45.19,45.15,45.165,18608
2020-04-24 13:25:00-04:00,45.165,45.19,45.13,45.185,23886
2020-04-24 13:30:00-04:00,45.18,45.2,45.15,45.16,15578
2020-04-24 13:35:00-04:00,45.165,45.2,45.165,45.175,14692
2020-04-24 13:40:00-04:00,45.175,45.26,45.17,45.26,22828
2020-04-24 13:45:00-04:00,45.265,45.265,45.23,45.23,22442
2020-04-24 13:50:00-04:00,45.23,45.275,45.2,45.275,12688
2020-04-24 13:55:00-04:00,45.27,45.32,45.25,45.315,25282
2020-04-24 14:00:00-04:00,45.315,45.335,45.28,45.335,23574
2020-04-24 14:05:00-04:00,45.33,45.37,45.305,45.355,29490
2020-04-24 14:10:00-04:00,45.35,45.405,45.34,45.395,22852
2020-04-24 14:15:00-04:00,45.395,45.485,45.385,45.435,31180
2020-04-24 14:20:00-04:00,45.43,45.435,45.37,45.41,16324
2020-04-24 14:25:00-04:00,45.4,45.4,45.37,45.39,14122
2020-04-24 14:30:00-04:00,45.38,45.385,45.36,45.37,27864
2020-04-24 14:35:00-04:00,45.37,45.44,45.37,45.44,27310
2020-04-24 14:40:00-04:00,45.435,45.46,45.41,45.41,21720
2020-04-24 14:45:00-04:00,45.41,45.46,45.41,45.45,25432
2020-04-24 14:50:00-04:00,45.445,45.46,45.365,45.39,29654
2020-04-24 14:55:00-04:00,45.385,45.4,45.34,45.36,22620
2020-04-24 15:00:00-04:00,45.36,45.36,45.28,45.28,28494
2020-04-24 15:05:00-04:00,45.28,45.365,45.255,45.365,32070
2020-04-24 15:10:00-04:00,45.37,45.385,45.27,45.32,28190
2020-04-24 15:15:00-04:00,45.32,45.375,45.295,45.37,22120
2020-04-24 15:20:00-04:00,45.375,45.44,45.36,45.44,26106
2020-04-24 15:25:00-04:00,45.43,45.485,45.4,45.485,26876
2020-04-24 15:30:00-04:00,45.48,45.54,45.375,45.44,76746
2020-04-24 15:35:00-04:00,45.45,45.53,45.43,45.53,32628
2020-04-24 15:40:00-04:00,45.56,45.65,45.56,45.62,28968
2020-04-24 15:45:00-04:00,45.625,45.68,45.62,45.65,41984
2020-04-24 15:50:00-04:00,45.67,45.68,45.455,45.47,87716
2020-04-24 15:55:00-04:00,45.47,45.5,45.41,45.43,258080
2020-04-27 09:30:00-04:00,45.985,46.0,45.88,45.915,46818
2020-04-27 09:35:00-04:00,45.93,46.035,45.93,45.965,24696
2020-04-27 09:40:00-04:00,45.965,45.965,45.81,45.84,29154
2020-04-27 09:45:00-04:00,45.815,45.84,45.77,45.78,36920
2020-04-27 09:50:00-04:00,45.78,45.88,45.715,45.85,21924
2020-04-27 09:55:00-04:00,45.85,45.98,45.84,45.945,34962
2020-04-27 10:00:00-04:00,45.965,46.055,45.965,46.0,28164
2020-04-27 10:05:00-04:00,45.985,46.03,45.95,46.0,37170
2020-04-27 10:10:00-04:00,46.005,46.065,45.98,46.04,33796
2020-04-27 10:15:00-04:00,46.05,46.075,45.975,46.06,43870
2020-04-27 10:20:00-04:00,46.06,46.245,46.015,46.21,31684
2020-04-27 10:25:00-04:00,46.24,46.275,46.19,46.255,32776
2020-04-27 10:30:00-04:00,46.265,46.275,46.21,46.25,26108
2020-04-27 10:35:00-04:00,46.24,46.26,46.195,46.26,36378
2020-04-27 10:40:00-04:00,46.255,46.26,46.18,46.195,23874
2020-04-27 10:45:00-04:00,46.2,46.21,46.14,46.21,141498
2020-04-27 10:50:00-04:00,46.2,46.26,46.18,46.25,16372
2020-04-27 10:55:00-04:00,46.24,46.24,46.175,46.19,13586
2020-04-27 11:00:00-04:00,46.19,46.19,46.14,46.15,21496
2020-04-27 11:05:00-04:00,46.14,46.15,46.1,46.14,15220
2020-04-27 11:10:00-04:00,46.145,46.18,46.125,46.155,191200
2020-04-27 11:15:00-04:00,46.16,46.16,46.025,46.09,23392
2020-04-27 11:20:00-04:00,46.1,46.2,46.09,46.2,15116
2020-04-27 11:25:00-04:00,46.2,46.23,46.19,46.225,16592
2020-04-27 11:30:00-04:00,46.23,46.245,46.2,46.21,16696
2020-04-27 11:35:00-04:00,46.2,46.225,46.19,46.21,22328
2020-04-27 11:40:00-04:00,46.205,46.3,46.2,46.26,21228
2020-04-27 11:45:00-04:00,46.28,46.315,46.24,46.31,39570
2020-04-27 11:50:00-04:00,46.31,46.4,46.31,46.35,20838
2020-04-27 11:55:00-04:00,46.36,46.43,46.36,46.365,17986
2020-04-27 12:00:00-04:00,46.38,46.38,46.32,46.34,13876
2020-04-27 12:05:00-04:00,46.35,46.37,46.33,46.36,17262
2020-04-27 12:10:00-04:00,46.365,46.38,46.305,46.38,23806
2020-04-27 12:15:00-04:00,46.375,46.53,46.375,46.53,33138
2020-04-27 12:20:00-04:00,46.55,46.55,46.47,46.48,19804
2020-04-27 12:25:00-04:00,46.49,46.49,46.44,46.44,10142
2020-04-27 12:30:00-04:00,46.44,46.54,46.425,46.525,16548
2020-04-27 12:35:00-04:00,46.56,46.59,46.525,46.525,14890
2020-04-27 12:40:00-04:00,46.525,46.58,46.525,46.57,20014
2020-04-27 12:45:00-04:00,46.56,46.635,46.555,46.625,21130
2020-04-27 12:50:00-04:00,46.625,46.66,46.575,46.575,13382
2020-04-27 12:55:00-04:00,46.57,46.64,46.57,46.61,11986
2020-04-27 13:00:00-04:00,46.625,46.67,46.625,46.66,27516
2020-04-27 13:05:00-04:00,46.665,46.8,46.66,46.76,21336
2020-04-27 13:10:00-04:00,46.77,46.77,46.71,46.725,11028
2020-04-27 13:15:00-04:00,46.72,46.72,46.655,46.68,8620
2020-04-27 13:20:00-04:00,46.68,46.73,46.68,46.7,111094
2020-04-27 13:25:00-04:00,46.71,46.73,46.62,46.66,14914
2020-04-27 13:30:00-04:00,46.655,46.68,46.65,46.665,22014
2020-04-27 13:35:00-04:00,46.66,46.66,46.61,46.63,16122
2020-04-27 13:40:00-04:00,46.635,46.64,46.545,46.545,36920
2020-04-27 13:45:00-04:00,46.54,46.54,46.405,46.41,23266
2020-04-27 13:50:00-04:00,46.41,46.52,46.4,46.52,20032
2020-04-27 13:55:00-04:00,46.53,46.62,46.53,46.59,7792
2020-04-27 14:00:00-04:00,46.59,46.67,46.59,46.62,13634
2020-04-27 14:05:00-04:00,46.62,46.62,46.575,46.58,15368
2020-04-27 14:10:00-04:00,46.585,46.61,46.54,46.57,21376
2020-04-27 14:15:00-04:00,46.57,46.59,46.525,46.59,18076
2020-04-27 14:20:00-04:00,46.6,46.68,46.6,46.605,24860
2020-04-27 14:25:00-04:00,46.605,46.631,46.575,46.625,25942
2020-04-27 14:30:00-04:00,46.625,46.745,46.625,46.695,17602
2020-04-27 14:35:00-04:00,46.695,46.71,46.66,46.7,10650
2020-04-27 14:40:00-04:00,46.69,46.76,46.68,46.68,15172
2020-04-27 14:45:00-04:00,46.7,46.74,46.67,46.73,14672
2020-04-27 14:50:00-04:00,46.73,46.77,46.7,46.77,10100
2020-04-27 14:55:00-04:00,46.79,46.79,46.715,46.725,14954
2020-04-27 15:00:00-04:00,46.72,46.75,46.69,46.735,16028
2020-04-27 15:05:00-04:00,46.72,46.75,46.705,46.721,14790
2020-04-27 15:10:00-04:00,46.72,46.835,46.715,46.83,26496
2020-04-27 15:15:00-04:00,46.825,46.87,46.78,46.815,32990
2020-04-27 15:20:00-04:00,46.82,46.935,46.82,46.89,19394
2020-04-27 15:25:00-04:00,46.91,46.915,46.85,46.87,12494
2020-04-27 15:30:00-04:00,46.9,46.93,46.875,46.925,24186
2020-04-27 15:35:00-04:00,46.925,46.925,46.86,46.87,34798
2020-04-27 15:40:00-04:00,46.87,46.93,46.85,46.925,23468
2020-04-27 15:45:00-04:00,46.92,46.97,46.9,46.97,45862
2020-04-27 15:50:00-04:00,46.96,46.96,46.84,46.9,65744
2020-04-27 15:55:00-04:00,46.9,46.9,46.76,46.78,153240
2020-04-28 09:30:00-04:00,48.0,48.0,47.27,47.3,78402
2020-04-28 09:35:00-04:00,47.28,47.52,47.28,47.49,51948
2020-04-28 09:40:00-04:00,47.48,47.48,47.345,47.445,21518
2020-04-28 09:45:00-04:00,47.44,47.52,47.26,47.26,42580
2020-04-28 09:50:00-04:00,47.27,47.4,47.22,47.26,27492
2020-04-28 09:55:00-04:00,47.27,47.31,47.145,47.205,22468
2020-04-28 10:00:00-04:00,47.2,47.25,47.11,47.235,25360
2020-04-28 10:05:00-04:00,47.275,47.47,47.275,47.46,12150
2020-04-28 10:10:00-04:00,47.46,47.515,47.38,47.39,21300
2020-04-28 10:15:00-04:00,47.39,47.58,47.36,47.52,41170
2020-04-28 10:20:00-04:00,47.51,47.51,47.42,47.49,14710
2020-04-28 10:25:00-04:00,47.49,47.57,47.49,47.565,26606
2020-04-28 10:30:00-04:00,47.54,47.57,47.45,47.48,24012
2020-04-28 10:35:00-04:00,47.49,47.575,47.49,47.56,22090
2020-04-28 10:40:00-04:00,47.525,47.555,47.34,47.36,13032
2020-04-28 10:45:00-04:00,47.37,47.43,47.335,47.43,28774
2020-04-28 10:50:00-04:00,47.41,47.47,47.38,47.38,16074
2020-04-28 10:55:00-04:00,47.37,47.37,47.16,47.175,15158
2020-04-28 11:00:00-04:00,47.19,47.26,47.11,47.23,12988
2020-04-28 11:05:00-04:00,47.27,47.3,47.235,47.265,15216
2020-04-28 11:10:00-04:00,47.275,47.395,47.275,47.395,17520
2020-04-28 11:15:00-04:00,47.39,47.39,47.2,47.255,19062
2020-04-28 11:20:00-04:00,47.24,47.42,47.24,47.38,18816
2020-04-28 11:25:00-04:00,47.36,47.395,47.305,47.33,13462
2020-04-28 11:30:00-04:00,47.33,47.36,47.29,47.35,17304
2020-04-28 11:35:00-04:00,47.35,47.37,47.19,47.19,16804
2020-04-28 11:40:00-04:00,47.2,47.33,47.185,47.32,17418
2020-04-28 11:45:00-04:00,47.335,47.35,47.3,47.31,15382
2020-04-28 11:50:00-04:00,47.295,47.305,47.15,47.16,13720
2020-04-28 11:55:00-04:00,47.16,47.17,47.07,47.085,13018
2020-04-28 12:00:00-04:00,47.085,47.12,46.91,46.97,25810
2020-04-28 12:05:00-04:00,46.96,47.07,46.96,47.05,19770
2020-04-28 12:10:00-04:00,47.05,47.1,47.04,47.045,16072
2020-04-28 12:15:00-04:00,47.045,47.045,46.865,46.875,21218
2020-04-28 12:20:00-04:00,46.9,46.97,46.9,46.95,14314
2020-04-28 12:25:00-04:00,46.96,46.98,46.91,46.915,23746
2020-04-28 12:30:00-04:00,46.92,46.98,46.895,46.98,21874
2020-04-28 12:35:00-04:00,46.97,46.98,46.895,46.91,9094
2020-04-28 12:40:00-04:00,46.91,46.95,46.89,46.92,12950
2020-04-28 12:45:00-04:00,46.92,46.975,46.88,46.975,13970
2020-04-28 12:50:00-04:00,46.97,46.98,46.92,46.93,20296
2020-04-28 12:55:00-04:00,46.96,47.055,46.95,46.985,25164
2020-04-28 13:00:00-04:00,46.99,47.035,46.99,47.015,18828
2020-04-28 13:05:00-04:00,47.02,47.045,47.02,47.04,14900
2020-04-28 13:10:00-04:00,47.045,47.08,47.03,47.035,10774
2020-04-28 13:15:00-04:00,47.03,47.04,47.0,47.0,9688
2020-04-28 13:20:00-04:00,47.01,47.04,47.0,47.03,10388
2020-04-28 13:25:00-04:00,47.025,47.08,47.01,47.06,15530
2020-04-28 13:30:00-04:00,47.06,47.095,47.045,47.05,31886
2020-04-28 13:35:00-04:00,47.055,47.07,47.04,47.04,6082
2020-04-28 13:40:00-04:00,47.04,47.175,47.04,47.175,17056
2020-04-28 13:45:00-04:00,47.175,47.195,47.15,47.15,19848
2020-04-28 13:50:00-04:00,47.155,47.165,47.12,47.12,13104
2020-04-28 13:55:00-04:00,47.105,47.135,47.08,47.1,20640
2020-04-28 14:00:00-04:00,47.11,47.15,47.09,47.15,10860
2020-04-28 14:05:00-04:00,47.15,47.18,47.11,47.17,11502
2020-04-28 14:10:00-04:00,47.175,47.235,47.175,47.2,20488
2020-04-28 14:15:00-04:00,47.21,47.22,47.155,47.16,14336
2020-04-28 14:20:00-04:00,47.15,47.18,47.14,47.16,14262
2020-04-28 14:25:00-04:00,47.155,47.2,47.14,47.155,12980
2020-04-28 14:30:00-04:00,47.15,47.16,47.1,47.1,10800
2020-04-28 14:35:00-04:00,47.1,47.11,47.08,47.08,9286
2020-04-28 14:40:00-04:00,47.08,47.125,47.08,47.09,11224
2020-04-28 14:45:00-04:00,47.08,47.14,47.075,47.14,14676
2020-04-28 14:50:00-04:00,47.135,47.16,47.02,47.02,13896
2020-04-28 14:55:00-04:00,47.03,47.05,46.98,47.02,10412
2020-04-28 15:00:00-04:00,47.02,47.095,47.02,47.07,10152
2020-04-28 15:05:00-04:00,47.1,47.11,47.035,47.035,15114
2020-04-28 15:10:00-04:00,47.03,47.08,47.0,47.025,19636
2020-04-28 15:15:00-04:00,47.01,47.085,46.99,47.08,13490
2020-04-28 15:20:00-04:00,47.08,47.15,46.97,47.03,23838
2020-04-28 15:25:00-04:00,47.04,47.07,46.965,46.97,42248
2020-04-28 15:30:00-04:00,46.985,47.015,46.97,46.975,38726
2020-04-28 15:35:00-04:00,46.97,47.0,46.92,46.97,27516
2020-04-28 15:40:00-04:00,46.98,46.985,46.9,46.925,31862
2020-04-28 15:45:00-04:00,46.925,46.935,46.81,46.81,37140
2020-04-28 15:50:00-04:00,46.77,46.795,46.57,46.63,60590
2020-04-28 15:55:00-04:00,46.63,46.75,46.62,46.75,118536
2020-04-29 09:30:00-04:00,47.23,47.34,46.9,47.25,32470
2020-04-29 09:35:00-04:00,47.3,47.315,47.08,47.15,8730
2020-04-29 09:40:00-04:00,47.13,47.15,47.08,47.12,17196
2020-04-29 09:45:00-04:00,47.11,47.12,46.99,47.06,9334
2020-04-29 09:50:00-04:00,47.075,47.16,47.05,47.13,13852
2020-04-29 09:55:00-04:00,47.13,47.22,47.1,47.11,15610
2020-04-29 10:00:00-04:00,47.09,47.25,47.09,47.215,21748
2020-04-29 10:05:00-04:00,47.235,47.275,47.14,47.155,24940
2020-04-29 10:10:00-04:00,47.17,47.26,47.15,47.24,20652
2020-04-29 10:15:00-04:00,47.25,47.415,47.25,47.41,17760
2020-04-29 10:20:00-04:00,47.4,47.41,47.37,47.39,13424
2020-04-29 10:25:00-04:00,47.36,47.415,47.28,47.3,8892
2020-04-29 10:30:00-04:00,47.31,47.365,47.28,47.28,11820
2020-04-29 10:35:00-04:00,47.29,47.32,47.26,47.28,21148
2020-04-29 10:40:00-04:00,47.27,47.34,47.26,47.32,11106
2020-04-29 10:45:00-04:00,47.315,47.315,47.23,47.23,8364
2020-04-29 10:50:00-04:00,47.25,47.315,47.22,47.3,14292
2020-04-29 10:55:00-04:00,47.3,47.41,47.29,47.34,26038
2020-04-29 11:00:00-04:00,47.34,47.37,47.32,47.37,16508
2020-04-29 11:05:00-04:00,47.38,47.44,47.36,47.4,15260
2020-04-29 11:10:00-04:00,47.44,47.48,47.44,47.46,19198
2020-04-29 11:15:00-04:00,47.47,47.48,47.4,47.44,13706
2020-04-29 11:20:00-04:00,47.44,47.54,47.44,47.48,23644
2020-04-29 11:25:00-04:00,47.485,47.51,47.44,47.48,19058
2020-04-29 11:30:00-04:00,47.48,47.53,47.435,47.45,18778
2020-04-29 11:35:00-04:00,47.44,47.51,47.42,47.49,16742
2020-04-29 11:40:00-04:00,47.51,47.56,47.5,47.54,13904
2020-04-29 11:45:00-04:00,47.55,47.62,47.525,47.595,16096
2020-04-29 11:50:00-04:00,47.6,47.69,47.59,47.68,21506
2020-04-29 11:55:00-04:00,47.69,47.69,47.63,47.65,9706
2020-04-29 12:00:00-04:00,47.67,47.71,47.64,47.69,11162
2020-04-29 12:05:00-04:00,47.71,47.725,47.665,47.675,12200
2020-04-29 12:10:00-04:00,47.68,47.71,47.67,47.67,13724
2020-04-29 12:15:00-04:00,47.67,47.695,47.605,47.63,14096
2020-04-29 12:20:00-04:00,47.63,47.67,47.62,47.67,6708
2020-04-29 12:25:00-04:00,47.68,47.74,47.675,47.72,11462
2020-04-29 12:30:00-04:00,47.745,47.745,47.69,47.72,29536
2020-04-29 12:35:00-04:00,47.74,47.83,47.73,47.805,12544
2020-04-29 12:40:00-04:00,47.79,47.8,47.75,47.755,8846
2020-04-29 12:45:00-04:00,47.755,47.78,47.75,47.76,6862
2020-04-29 12:50:00-04:00,47.76,47.78,47.73,47.73,15032
2020-04-29 12:55:00-04:00,47.73,47.73,47.6,47.62,11570
2020-04-29 13:00:00-04:00,47.64,47.74,47.64,47.72,8472
2020-04-29 13:05:00-04:00,47.73,47.795,47.715,47.795,9690
2020-04-29 13:10:00-04:00,47.79,47.82,47.79,47.79,10030
2020-04-29 13:15:00-04:00,47.8,47.86,47.76,47.785,25248
2020-04-29 13:20:00-04:00,47.78,47.78,47.67,47.675,14838
2020-04-29 13:25:00-04:00,47.68,47.71,47.675,47.695,26510
2020-04-29 13:30:00-04:00,47.705,47.705,47.6,47.615,29782
2020-04-29 13:35:00-04:00,47.63,47.67,47.6,47.65,18712
2020-04-29 13:40:00-04:00,47.645,47.66,47.6,47.61,10906
2020-04-29 13:45:00-04:00,47.615,47.63,47.58,47.61,11554
2020-04-29 13:50:00-04:00,47.61,47.625,47.56,47.56,14878
2020-04-29 13:55:00-04:00,47.565,47.63,47.54,47.58,14748
2020-04-29 14:00:00-04:00,47.67,47.68,47.48,47.54,12878
2020-04-29 14:05:00-04:00,47.54,47.54,47.48,47.49,6472
2020-04-29 14:10:00-04:00,47.5,47.5,47.385,47.45,20534
2020-04-29 14:15:00-04:00,47.45,47.54,47.435,47.435,20684
2020-04-29 14:20:00-04:00,47.44,47.52,47.44,47.52,12214
2020-04-29 14:25:00-04:00,47.53,47.595,47.48,47.48,12872
2020-04-29 14:30:00-04:00,47.505,47.525,47.43,47.52,20514
2020-04-29 14:35:00-04:00,47.52,47.585,47.48,47.56,23496
2020-04-29 14:40:00-04:00,47.56,47.61,47.545,47.575,16734
2020-04-29 14:45:00-04:00,47.58,47.59,47.455,47.46,24650
2020-04-29 14:50:00-04:00,47.48,47.5,47.37,47.385,20048
2020-04-29 14:55:00-04:00,47.37,47.51,47.365,47.5,12382
2020-04-29 15:00:00-04:00,47.495,47.59,47.46,47.575,25968
2020-04-29 15:05:00-04:00,47.58,47.59,47.54,47.57,15660
2020-04-29 15:10:00-04:00,47.57,47.57,47.495,47.5,20940
2020-04-29 15:15:00-04:00,47.49,47.52,47.46,47.52,18068
2020-04-29 15:20:00-04:00,47.525,47.565,47.51,47.545,27814
2020-04-29 15:25:00-04:00,47.53,47.56,47.49,47.53,28262
2020-04-29 15:30:00-04:00,47.535,47.54,47.455,47.54,35348
2020-04-29 15:35:00-04:00,47.535,47.56,47.495,47.51,26962
2020-04-29 15:40:00-04:00,47.505,47.515,47.455,47.455,47938
2020-04-29 15:45:00-04:00,47.465,47.465,47.35,47.37,50996
2020-04-29 15:50:00-04:00,47.37,47.37,47.12,47.13,81480
2020-04-29 15:55:00-04:00,47.13,47.19,47.04,47.11,191008
2020-04-30 09:30:00-04:00,47.0,47.0,46.35,46.38,36454
2020-04-30 09:35:00-04:00,46.36,46.44,46.215,46.3,39372
2020-04-30 09:40:00-04:00,46.28,46.28,46.07,46.23,23318
2020-04-30 09:45:00-04:00,46.175,46.175,45.97,46.06,30070
2020-04-30 09:50:00-04:00,46.06,46.115,46.005,46.065,21420
2020-04-30 09:55:00-04:00,46.06,46.425,46.06,46.425,36612
2020-04-30 10:00:00-04:00,46.445,46.54,46.34,46.34,22540
2020-04-30 10:05:00-04:00,46.34,46.47,46.29,46.435,16948
2020-04-30 10:10:00-04:00,46.43,46.56,46.42,46.515,21722
2020-04-30 10:15:00-04:00,46.515,46.52,46.4,46.46,15980
2020-04-30 10:20:00-04:00,46.47,46.545,46.405,46.52,17838
2020-04-30 10:25:00-04:00,46.525,46.84,46.525,46.8,31030
2020-04-30 10:30:00-04:00,46.795,46.88,46.74,46.82,6480
2020-04-30 10:35:00-04:00,46.83,46.83,46.71,46.71,15596
2020-04-30 10:40:00-04:00,46.72,46.73,46.53,46.535,19274
2020-04-30 10:45:00-04:00,46.53,46.57,46.5,46.54,23160
2020-04-30 10:50:00-04:00,46.53,46.535,46.45,46.45,39034
2020-04-30 10:55:00-04:00,46.44,46.45,46.3,46.3,28828
2020-04-30 11:00:00-04:00,46.28,46.35,46.27,46.33,30920
2020-04-30 11:05:00-04:00,46.31,46.32,46.19,46.26,30640
2020-04-30 11:10:00-04:00,46.23,46.26,46.2,46.24,20736
2020-04-30 11:15:00-04:00,46.25,46.27,46.155,46.2,22378
2020-04-30 11:20:00-04:00,46.19,46.19,46.11,46.13,17786
2020-04-30 11:25:00-04:00,46.12,46.15,46.04,46.055,16486
2020-04-30 11:30:00-04:00,46.05,46.14,46.05,46.07,12610
2020-04-30 11:35:00-04:00,46.06,46.08,45.97,46.08,16540
2020-04-30 11:40:00-04:00,46.095,46.11,46.03,46.05,12336
2020-04-30 11:45:00-04:00,46.04,46.06,45.93,45.94,15662
2020-04-30 11:50:00-04:00,45.92,45.93,45.87,45.88,10044
2020-04-30 11:55:00-04:00,45.87,45.88,45.81,45.83,24114
2020-04-30 12:00:00-04:00,45.825,45.9,45.755,45.89,20546
2020-04-30 12:05:00-04:00,45.9,45.96,45.885,45.95,10750
2020-04-30 12:10:00-04:00,45.955,46.0,45.915,45.915,14890
2020-04-30 12:15:00-04:00,45.91,45.915,45.85,45.855,15152
2020-04-30 12:20:00-04:00,45.87,45.935,45.84,45.92,10582
2020-04-30 12:25:00-04:00,45.915,46.01,45.915,45.985,12524
2020-04-30 12:30:00-04:00,45.975,45.975,45.795,45.895,19020
2020-04-30 12:35:00-04:00,45.895,45.96,45.87,45.93,19990
2020-04-30 12:40:00-04:00,45.92,45.93,45.86,45.86,14274
2020-04-30 12:45:00-04:00,45.84,45.86,45.815,45.825,15626
2020-04-30 12:50:00-04:00,45.82,45.865,45.805,45.84,21360
2020-04-30 12:55:00-04:00,45.835,45.86,45.785,45.79,29482
2020-04-30 13:00:00-04:00,45.78,45.785,45.71,45.71,18094
2020-04-30 13:05:00-04:00,45.715,45.78,45.7,45.77,26308
2020-04-30 13:10:00-04:00,45.8,45.87,45.79,45.865,29238
2020-04-30 13:15:00-04:00,45.86,45.88,45.85,45.87,34610
2020-04-30 13:20:00-04:00,45.865,45.88,45.83,45.84,22752
2020-04-30 13:25:00-04:00,45.84,45.84,45.79,45.79,26078
2020-04-30 13:30:00-04:00,45.79,45.87,45.75,45.805,36738
2020-04-30 13:35:00-04:00,45.81,45.84,45.75,45.76,18390
2020-04-30 13:40:00-04:00,45.75,45.79,45.7,45.77,29562
2020-04-30 13:45:00-04:00,45.805,45.81,45.77,45.8,18172
2020-04-30 13:50:00-04:00,45.77,45.8,45.73,45.78,9038
2020-04-30 13:55:00-04:00,45.78,45.8,45.745,45.79,10064
2020-04-30 14:00:00-04:00,45.81,45.84,45.75,45.82,13230
2020-04-30 14:05:00-04:00,45.81,45.82,45.75,45.76,15824
2020-04-30 14:10:00-04:00,45.75,45.805,45.75,45.79,15562
2020-04-30 14:15:00-04:00,45.76,45.76,45.72,45.745,13492
2020-04-30 14:20:00-04:00,45.74,45.79,45.73,45.78,11074
2020-04-30 14:25:00-04:00,45.76,45.765,45.73,45.75,8880
2020-04-30 14:30:00-04:00,45.75,45.9,45.75,45.88,13744
2020-04-30 14:35:00-04:00,45.89,45.91,45.775,45.775,14718
2020-04-30 14:40:00-04:00,45.79,45.89,45.77,45.89,17372
2020-04-30 14:45:00-04:00,45.89,45.955,45.89,45.9,79136
2020-04-30 14:50:00-04:00,45.905,45.93,45.86,45.87,15656
2020-04-30 14:55:00-04:00,45.87,45.9,45.82,45.88,31492
2020-04-30 15:00:00-04:00,45.91,45.91,45.82,45.825,24488
2020-04-30 15:05:00-04:00,45.83,45.89,45.82,45.84,18054
2020-04-30 15:10:00-04:00,45.83,45.87,45.79,45.86,16852
2020-04-30 15:15:00-04:00,45.85,45.96,45.85,45.92,46524
2020-04-30 15:20:00-04:00,45.94,46.0,45.92,45.97,39906
2020-04-30 15:25:00-04:00,45.98,45.99,45.91,45.91,28946
2020-04-30 15:30:00-04:00,45.92,45.95,45.88,45.91,26594
2020-04-30 15:35:00-04:00,45.925,45.925,45.83,45.88,22574
2020-04-30 15:40:00-04:00,45.89,45.92,45.825,45.905,30356
2020-04-30 15:45:00-04:00,45.91,45.92,45.81,45.85,32810
2020-04-30 15:50:00-04:00,45.83,45.94,45.81,45.93,66912
2020-04-30 15:55:00-04:00,45.945,46.05,45.84,45.84,157238
2020-05-01 09:25:00-04:00,45.7,45.7,45.7,45.7,1600
2020-05-01 09:30:00-04:00,45.64,45.64,45.31,45.4,32066
2020-05-01 09:35:00-04:00,45.37,45.37,45.22,45.26,21034
2020-05-01 09:40:00-04:00,45.26,45.56,45.26,45.555,20758
2020-05-01 09:45:00-04:00,45.53,45.76,45.51,45.71,29998
2020-05-01 09:50:00-04:00,45.72,45.83,45.64,45.805,32488
2020-05-01 09:55:00-04:00,45.805,45.965,45.805,45.965,10132
2020-05-01 10:00:00-04:00,45.985,46.045,45.93,45.955,20806
2020-05-01 10:05:00-04:00,45.94,45.97,45.92,45.935,9192
2020-05-01 10:10:00-04:00,45.92,45.935,45.85,45.88,48552
2020-05-01 10:15:00-04:00,45.9,45.985,45.88,45.96,29432
2020-05-01 10:20:00-04:00,45.98,45.995,45.91,45.91,20036
2020-05-01 10:25:00-04:00,45.95,46.1,45.95,46.1,12894
2020-05-01 10:30:00-04:00,46.14,46.245,46.14,46.205,15378
2020-05-01 10:35:00-04:00,46.21,46.39,46.21,46.325,35836
2020-05-01 10:40:00-04:00,46.32,46.32,46.17,46.195,35996
2020-05-01 10:45:00-04:00,46.2,46.34,46.2,46.29,22840
2020-05-01 10:50:00-04:00,46.27,46.315,46.175,46.22,14168
2020-05-01 10:55:00-04:00,46.23,46.23,46.085,46.09,14572
2020-05-01 11:00:00-04:00,46.07,46.095,46.0,46.045,12594
2020-05-01 11:05:00-04:00,46.03,46.08,46.03,46.07,18472
2020-05-01 11:10:00-04:00,46.07,46.08,46.005,46.015,17616
2020-05-01 11:15:00-04:00,46.0,46.005,45.89,45.9,18090
2020-05-01 11:20:00-04:00,45.89,45.89,45.85,45.855,4996
2020-05-01 11:25:00-04:00,45.85,45.85,45.76,45.82,3884
2020-05-01 11:30:00-04:00,45.78,45.79,45.69,45.71,10678
2020-05-01 11:35:00-04:00,45.71,45.82,45.7,45.81,8772
2020-05-01 11:40:00-04:00,45.8,45.81,45.74,45.75,10410
2020-05-01 11:45:00-04:00,45.695,45.71,45.625,45.625,253604
2020-05-01 11:50:00-04:00,45.63,45.665,45.605,45.66,12888
2020-05-01 11:55:00-04:00,45.655,45.675,45.6,45.61,6858
2020-05-01 12:00:00-04:00,45.61,45.615,45.53,45.57,12732
2020-05-01 12:05:00-04:00,45.56,45.61,45.56,45.6,4988
2020-05-01 12:10:00-04:00,45.61,45.7,45.61,45.67,7298
2020-05-01 12:15:00-04:00,45.655,45.67,45.57,45.58,13446
2020-05-01 12:20:00-04:00,45.59,45.65,45.58,45.6,16114
2020-05-01 12:25:00-04:00,45.6,45.695,45.59,45.695,6686
2020-05-01 12:30:00-04:00,45.68,45.69,45.63,45.675,15224
2020-05-01 12:35:00-04:00,45.685,45.715,45.645,45.715,9508
2020-05-01 12:40:00-04:00,45.715,45.795,45.67,45.67,17686
2020-05-01 12:45:00-04:00,45.68,45.72,45.67,45.72,10084
2020-05-01 12:50:00-04:00,45.71,45.74,45.69,45.705,10526
2020-05-01 12:55:00-04:00,45.69,45.74,45.68,45.72,11416
2020-05-01 13:00:00-04:00,45.72,45.77,45.66,45.665,17124
2020-05-01 13:05:00-04:00,45.67,45.67,45.59,45.63,9368
2020-05-01 13:10:00-04:00,45.62,45.62,45.53,45.53,18178
2020-05-01 13:15:00-04:00,45.545,45.56,45.47,45.475,18898
2020-05-01 13:20:00-04:00,45.465,45.47,45.43,45.44,18870
2020-05-01 13:25:00-04:00,45.44,45.5,45.43,45.455,25932
2020-05-01 13:30:00-04:00,45.45,45.515,45.44,45.495,23658
2020-05-01 13:35:00-04:00,45.49,45.49,45.4,45.405,14498
2020-05-01 13:40:00-04:00,45.4,45.49,45.38,45.455,21668
2020-05-01 13:45:00-04:00,45.45,45.45,45.34,45.34,33590
2020-05-01 13:50:00-04:00,45.34,45.39,45.34,45.35,12528
2020-05-01 13:55:00-04:00,45.35,45.38,45.315,45.34,23202
2020-05-01 14:00:00-04:00,45.33,45.41,45.29,45.38,29596
2020-05-01 14:05:00-04:00,45.385,45.395,45.305,45.305,20404
2020-05-01 14:10:00-04:00,45.305,45.33,45.27,45.28,31464
2020-05-01 14:15:00-04:00,45.28,45.365,45.27,45.34,35182
2020-05-01 14:20:00-04:00,45.34,45.41,45.32,45.4,23356
2020-05-01 14:25:00-04:00,45.39,45.43,45.35,45.35,33350
2020-05-01 14:30:00-04:00,45.35,45.41,45.34,45.41,18994
2020-05-01 14:35:00-04:00,45.405,45.425,45.385,45.395,13570
2020-05-01 14:40:00-04:00,45.39,45.435,45.38,45.42,10096
2020-05-01 14:45:00-04:00,45.42,45.455,45.4,45.42,16646
2020-05-01 14:50:00-04:00,45.42,45.5,45.4,45.5,12614
2020-05-01 14:55:00-04:00,45.505,45.55,45.5,45.545,11904
2020-05-01 15:00:00-04:00,45.54,45.56,45.46,45.465,11896
2020-05-01 15:05:00-04:00,45.46,45.52,45.46,45.47,16906
2020-05-01 15:10:00-04:00,45.48,45.58,45.465,45.56,8204
2020-05-01 15:15:00-04:00,45.56,45.63,45.56,45.61,13368
2020-05-01 15:20:00-04:00,45.62,45.65,45.57,45.58,11580
2020-05-01 15:25:00-04:00,45.57,45.57,45.5,45.545,14320
2020-05-01 15:30:00-04:00,45.54,45.57,45.47,45.47,18300
2020-05-01 15:35:00-04:00,45.47,45.49,45.425,45.49,11200
2020-05-01 15:40:00-04:00,45.515,45.56,45.445,45.5,19364
2020-05-01 15:45:00-04:00,45.5,45.57,45.44,45.57,21394
2020-05-01 15:50:00-04:00,45.54,45.54,45.33,45.355,23770
2020-05-01 15:55:00-04:00,45.35,45.62,45.35,45.62,82070
2020-05-04 08:35:00-04:00,45.32,45.34,45.32,45.34,400
2020-05-04 09:30:00-04:00,45.38,45.47,45.225,45.235,23250
2020-05-04 09:35:00-04:00,45.23,45.23,45.02,45.04,41654
2020-05-04 09:40:00-04:00,45.055,45.055,44.6,44.71,18800
2020-05-04 09:45:00-04:00,44.71,44.79,44.62,44.645,15556
2020-05-04 09:50:00-04:00,44.68,44.99,44.665,44.99,11720
2020-05-04 09:55:00-04:00,44.98,44.995,44.88,44.88,15072
2020-05-04 10:00:00-04:00,44.895,44.96,44.81,44.945,18036
2020-05-04 10:05:00-04:00,44.98,44.98,44.8,44.855,13186
2020-05-04 10:10:00-04:00,44.86,44.86,44.68,44.69,37934
2020-05-04 10:15:00-04:00,44.68,44.845,44.665,44.79,26536
2020-05-04 10:20:00-04:00,44.765,44.8,44.68,44.705,20520
2020-05-04 10:25:00-04:00,44.695,44.765,44.675,44.765,19510
2020-05-04 10:30:00-04:00,44.765,44.83,44.735,44.75,25994
2020-05-04 10:35:00-04:00,44.755,44.83,44.73,44.815,18592
2020-05-04 10:40:00-04:00,44.84,44.905,44.79,44.81,17604
2020-05-04 10:45:00-04:00,44.82,44.85,44.795,44.85,17998
2020-05-04 10:50:00-04:00,44.86,44.86,44.75,44.84,11418
2020-05-04 10:55:00-04:00,44.845,44.85,44.74,44.74,15644
2020-05-04 11:00:00-04:00,44.68,44.76,44.65,44.74,11308
2020-05-04 11:05:00-04:00,44.73,44.86,44.73,44.83,11316
2020-05-04 11:10:00-04:00,44.825,44.86,44.8,44.8,7474
2020-05-04 11:15:00-04:00,44.85,44.85,44.78,44.83,10238
2020-05-04 11:20:00-04:00,44.82,44.825,44.71,44.77,11334
2020-05-04 11:25:00-04:00,44.76,44.76,44.655,44.655,3694
2020-05-04 11:30:00-04:00,44.69,44.69,44.63,44.65,7200
2020-05-04 11:35:00-04:00,44.65,44.74,44.64,44.74,16104
2020-05-04 11:40:00-04:00,44.75,44.77,44.735,44.75,18604
2020-05-04 11:45:00-04:00,44.76,44.815,44.75,44.79,9344
2020-05-04 11:50:00-04:00,44.8,44.845,44.79,44.845,10164
2020-05-04 11:55:00-04:00,44.845,44.87,44.76,44.76,17140
2020-05-04 12:00:00-04:00,44.78,44.825,44.76,44.825,10454
2020-05-04 12:05:00-04:00,44.855,44.86,44.79,44.805,14276
2020-05-04 12:10:00-04:00,44.82,44.82,44.78,44.79,9182
2020-05-04 12:15:00-04:00,44.79,44.825,44.76,44.825,9632
2020-05-04 12:20:00-04:00,44.815,44.86,44.815,44.84,11338
2020-05-04 12:25:00-04:00,44.835,44.865,44.835,44.85,27528
2020-05-04 12:30:00-04:00,44.84,44.92,44.84,44.86,22280
2020-05-04 12:35:00-04:00,44.87,44.9,44.83,44.84,40040
2020-05-04 12:40:00-04:00,44.845,44.94,44.83,44.93,45026
2020-05-04 12:45:00-04:00,44.95,45.045,44.95,45.0,19488
2020-05-04 12:50:00-04:00,44.98,45.025,44.96,44.97,12938
2020-05-04 12:55:00-04:00,44.95,45.03,44.94,45.015,9838
2020-05-04 13:00:00-04:00,45.0,45.03,44.96,44.975,6980
2020-05-04 13:05:00-04:00,44.97,44.985,44.88,44.88,9184
2020-05-04 13:10:00-04:00,44.91,44.91,44.805,44.83,8688
2020-05-04 13:15:00-04:00,44.84,44.86,44.77,44.79,10574
2020-05-04 13:20:00-04:00,44.785,44.82,44.76,44.81,27418
2020-05-04 13:25:00-04:00,44.82,44.91,44.8,44.89,16728
2020-05-04 13:30:00-04:00,44.895,44.94,44.885,44.9,23734
2020-05-04 13:35:00-04:00,44.925,44.97,44.92,44.96,24178
2020-05-04 13:40:00-04:00,44.975,45.03,44.965,44.975,39672
2020-05-04 13:45:00-04:00,44.97,44.97,44.93,44.94,26354
2020-05-04 13:50:00-04:00,44.93,45.0,44.93,44.98,50090
2020-05-04 13:55:00-04:00,44.96,44.99,44.95,44.98,8970
2020-05-04 14:00:00-04:00,44.98,45.005,44.965,44.965,23362
2020-05-04 14:05:00-04:00,44.965,44.965,44.85,44.895,19980
2020-05-04 14:10:00-04:00,44.89,45.025,44.89,45.025,46354
2020-05-04 14:15:00-04:00,45.02,45.09,45.02,45.05,12870
2020-05-04 14:20:00-04:00,45.035,45.045,45.005,45.02,10936
2020-05-04 14:25:00-04:00,45.02,45.02,44.925,44.945,16302
2020-05-04 14:30:00-04:00,44.95,45.02,44.95,44.97,11734
2020-05-04 14:35:00-04:00,44.95,44.98,44.935,44.94,10448
2020-05-04 14:40:00-04:00,44.94,44.97,44.925,44.95,8746
2020-05-04 14:45:00-04:00,44.94,44.995,44.94,44.97,10062
2020-05-04 14:50:00-04:00,45.005,45.05,44.99,45.01,12950
2020-05-04 14:55:00-04:00,45.015,45.12,45.005,45.12,41356
2020-05-04 15:00:00-04:00,45.095,45.14,45.065,45.135,29010
2020-05-04 15:05:00-04:00,45.13,45.13,45.035,45.105,48894
2020-05-04 15:10:00-04:00,45.105,45.135,45.025,45.04,72172
2020-05-04 15:15:00-04:00,45.035,45.07,45.01,45.015,35372
2020-05-04 15:20:00-04:00,45.02,45.02,44.98,44.995,23036
2020-05-04 15:25:00-04:00,44.99,45.02,44.94,45.01,15230
2020-05-04 15:30:00-04:00,45.01,45.01,44.97,44.97,23160
2020-05-04 15:35:00-04:00,44.98,45.04,44.94,45.0,32252
2020-05-04 15:40:00-04:00,45.0,45.0,44.96,44.975,70556
2020-05-04 15:45:00-04:00,44.975,45.07,44.955,45.07,73828
2020-05-04 15:50:00-04:00,45.09,45.1,44.98,45.06,68316
2020-05-04 15:55:00-04:00,45.05,45.16,45.0,45.14,144380
2020-05-05 09:30:00-04:00,45.3,45.55,45.17,45.51,35312
2020-05-05 09:35:00-04:00,45.505,45.6,45.4,45.4,11242
2020-05-05 09:40:00-04:00,45.47,45.62,45.455,45.48,8444
2020-05-05 09:45:00-04:00,45.48,45.58,45.465,45.56,14470
2020-05-05 09:50:00-04:00,45.52,45.575,45.5,45.52,9462
2020-05-05 09:55:00-04:00,45.53,45.54,45.455,45.455,14108
2020-05-05 10:00:00-04:00,45.44,45.44,45.19,45.205,39798
2020-05-05 10:05:00-04:00,45.2,45.295,45.2,45.26,12042
2020-05-05 10:10:00-04:00,45.28,45.28,45.16,45.22,10606
2020-05-05 10:15:00-04:00,45.235,45.44,45.23,45.41,11078
2020-05-05 10:20:00-04:00,45.43,45.45,45.285,45.31,9086
2020-05-05 10:25:00-04:00,45.31,45.34,45.25,45.33,11398
2020-05-05 10:30:00-04:00,45.34,45.44,45.315,45.42,15178
2020-05-05 10:35:00-04:00,45.43,45.49,45.43,45.49,9376
2020-05-05 10:40:00-04:00,45.48,45.5,45.43,45.48,30138
2020-05-05 10:45:00-04:00,45.485,45.535,45.415,45.435,31628
2020-05-05 10:50:00-04:00,45.44,45.515,45.43,45.51,20502
2020-05-05 10:55:00-04:00,45.5,45.6,45.5,45.58,11178
2020-05-05 11:00:00-04:00,45.575,45.64,45.56,45.64,9450
2020-05-05 11:05:00-04:00,45.615,45.645,45.59,45.61,10752
2020-05-05 11:10:00-04:00,45.61,45.63,45.6,45.615,6898
2020-05-05 11:15:00-04:00,45.63,45.67,45.58,45.65,13388
2020-05-05 11:20:00-04:00,45.65,45.77,45.64,45.72,15362
2020-05-05 11:25:00-04:00,45.72,45.77,45.72,45.735,22616
2020-05-05 11:30:00-04:00,45.74,45.8,45.735,45.75,12720
2020-05-05 11:35:00-04:00,45.74,45.83,45.74,45.775,14588
2020-05-05 11:40:00-04:00,45.77,45.82,45.76,45.795,13278
2020-05-05 11:45:00-04:00,45.795,45.815,45.78,45.81,11276
2020-05-05 11:50:00-04:00,45.83,45.895,45.825,45.825,21420
2020-05-05 11:55:00-04:00,45.825,45.89,45.81,45.89,21756
2020-05-05 12:00:00-04:00,45.89,45.935,45.89,45.92,33284
2020-05-05 12:05:00-04:00,45.92,45.97,45.91,45.965,21808
2020-05-05 12:10:00-04:00,45.96,45.99,45.96,45.99,16774
2020-05-05 12:15:00-04:00,45.99,46.08,45.99,46.08,190342
2020-05-05 12:20:00-04:00,46.09,46.1,45.975,45.975,107638
2020-05-05 12:25:00-04:00,45.985,46.05,45.94,45.94,225238
2020-05-05 12:30:00-04:00,45.91,45.91,45.85,45.855,8068
2020-05-05 12:35:00-04:00,45.85,45.875,45.84,45.855,14066
2020-05-05 12:40:00-04:00,45.85,45.895,45.84,45.895,11994
2020-05-05 12:45:00-04:00,45.91,45.97,45.91,45.915,10688
2020-05-05 12:50:00-04:00,45.9,45.9,45.78,45.78,16694
2020-05-05 12:55:00-04:00,45.775,45.785,45.745,45.76,11968
2020-05-05 13:00:00-04:00,45.75,45.805,45.74,45.755,14820
2020-05-05 13:05:00-04:00,45.765,45.82,45.745,45.75,15158
2020-05-05 13:10:00-04:00,45.77,45.875,45.765,45.86,10580
2020-05-05 13:15:00-04:00,45.85,45.88,45.85,45.85,8944
2020-05-05 13:20:00-04:00,45.82,45.895,45.8,45.87,11586
2020-05-05 13:25:00-04:00,45.9,45.94,45.9,45.915,8908
2020-05-05 13:30:00-04:00,45.92,45.93,45.875,45.885,39874
2020-05-05 13:35:00-04:00,45.885,45.89,45.86,45.86,11078
2020-05-05 13:40:00-04:00,45.895,45.91,45.875,45.91,7970
2020-05-05 13:45:00-04:00,45.905,45.95,45.9,45.91,7090
2020-05-05 13:50:00-04:00,45.9,45.94,45.9,45.93,5884
2020-05-05 13:55:00-04:00,45.95,45.95,45.91,45.93,5480
2020-05-05 14:00:00-04:00,45.955,45.995,45.94,45.98,8566
2020-05-05 14:05:00-04:00,45.97,45.995,45.955,45.97,5564
2020-05-05 14:10:00-04:00,45.98,46.055,45.97,46.055,16196
2020-05-05 14:15:00-04:00,46.055,46.055,46.0,46.035,14204
2020-05-05 14:20:00-04:00,46.04,46.065,46.03,46.055,6332
2020-05-05 14:25:00-04:00,46.055,46.1,46.055,46.09,7498
2020-05-05 14:30:00-04:00,46.08,46.1,45.97,46.0,19080
2020-05-05 14:35:00-04:00,46.01,46.01,45.95,45.98,14708
2020-05-05 14:40:00-04:00,45.98,46.01,45.97,45.98,7400
2020-05-05 14:45:00-04:00,45.985,46.01,45.97,45.975,5498
2020-05-05 14:50:00-04:00,46.0,46.01,45.91,45.91,17414
2020-05-05 14:55:00-04:00,45.905,45.94,45.895,45.93,11808
2020-05-05 15:00:00-04:00,45.94,45.94,45.88,45.905,9734
2020-05-05 15:05:00-04:00,45.93,45.98,45.93,45.965,16752
2020-05-05 15:10:00-04:00,45.965,45.965,45.9,45.92,10896
2020-05-05 15:15:00-04:00,45.915,45.915,45.74,45.74,45926
2020-05-05 15:20:00-04:00,45.75,45.75,45.665,45.705,20894
2020-05-05 15:25:00-04:00,45.71,45.74,45.55,45.605,23252
2020-05-05 15:30:00-04:00,45.6,45.66,45.53,45.6,39172
2020-05-05 15:35:00-04:00,45.595,45.6,45.48,45.55,21722
2020-05-05 15:40:00-04:00,45.52,45.57,45.465,45.56,24090
2020-05-05 15:45:00-04:00,45.55,45.55,45.435,45.44,21208
2020-05-05 15:50:00-04:00,45.44,45.575,45.43,45.465,40162
2020-05-05 15:55:00-04:00,45.45,45.48,45.37,45.39,96972
2020-05-06 08:40:00-04:00,45.42,45.42,45.42,45.42,200
2020-05-06 09:30:00-04:00,45.48,45.61,45.44,45.46,17768
2020-05-06 09:35:00-04:00,45.48,45.51,45.41,45.445,19964
2020-05-06 09:40:00-04:00,45.44,45.445,45.235,45.235,21038
2020-05-06 09:45:00-04:00,45.21,45.27,45.2,45.225,13840
2020-05-06 09:50:00-04:00,45.205,45.22,45.14,45.14,21280
2020-05-06 09:55:00-04:00,45.12,45.27,45.1,45.27,28242
2020-05-06 10:00:00-04:00,45.29,45.35,45.245,45.25,18044
2020-05-06 10:05:00-04:00,45.25,45.34,45.245,45.33,9074
2020-05-06 10:10:00-04:00,45.355,45.355,45.2,45.22,11554
2020-05-06 10:15:00-04:00,45.27,45.36,45.27,45.345,5108
2020-05-06 10:20:00-04:00,45.35,45.37,45.305,45.35,10998
2020-05-06 10:25:00-04:00,45.35,45.35,45.25,45.28,17032
2020-05-06 10:30:00-04:00,45.28,45.28,45.23,45.28,18516
2020-05-06 10:35:00-04:00,45.28,45.28,45.17,45.19,12524
2020-05-06 10:40:00-04:00,45.18,45.36,45.16,45.36,7864
2020-05-06 10:45:00-04:00,45.39,45.43,45.385,45.43,12658
2020-05-06 10:50:00-04:00,45.39,45.43,45.325,45.325,7090
2020-05-06 10:55:00-04:00,45.31,45.35,45.305,45.31,5284
2020-05-06 11:00:00-04:00,45.35,45.35,45.28,45.32,7768
2020-05-06 11:05:00-04:00,45.3,45.3,45.165,45.19,12252
2020-05-06 11:10:00-04:00,45.2,45.22,45.125,45.13,8720
2020-05-06 11:15:00-04:00,45.14,45.16,45.11,45.11,8216
2020-05-06 11:20:00-04:00,45.11,45.11,45.01,45.04,8206
2020-05-06 11:25:00-04:00,45.04,45.11,45.02,45.105,10090
2020-05-06 11:30:00-04:00,45.11,45.115,45.06,45.06,7106
2020-05-06 11:35:00-04:00,45.04,45.13,45.03,45.09,11412
2020-05-06 11:40:00-04:00,45.095,45.11,45.03,45.04,9908
2020-05-06 11:45:00-04:00,45.045,45.06,45.02,45.02,6728
2020-05-06 11:50:00-04:00,45.01,45.01,44.96,44.97,8434
2020-05-06 11:55:00-04:00,44.98,45.04,44.98,45.02,3932
2020-05-06 12:00:00-04:00,44.99,45.105,44.99,45.105,3454
2020-05-06 12:05:00-04:00,45.1,45.1,45.06,45.08,7220
2020-05-06 12:10:00-04:00,45.07,45.1,45.06,45.1,5732
2020-05-06 12:15:00-04:00,45.1,45.18,45.09,45.14,9016
2020-05-06 12:20:00-04:00,45.14,45.14,45.07,45.08,6114
2020-05-06 12:25:00-04:00,45.11,45.165,45.065,45.165,17536
2020-05-06 12:30:00-04:00,45.165,45.18,45.15,45.15,4696
2020-05-06 12:35:00-04:00,45.15,45.16,45.1,45.15,13988
2020-05-06 12:40:00-04:00,45.15,45.155,45.09,45.11,11822
2020-05-06 12:45:00-04:00,45.105,45.13,45.085,45.09,12052
2020-05-06 12:50:00-04:00,45.11,45.16,45.1,45.15,5414
2020-05-06 12:55:00-04:00,45.15,45.18,45.13,45.17,11488
2020-05-06 13:00:00-04:00,45.18,45.2,45.12,45.13,81712
2020-05-06 13:05:00-04:00,45.11,45.15,45.11,45.12,8176
2020-05-06 13:10:00-04:00,45.11,45.13,45.1,45.13,7090
2020-05-06 13:15:00-04:00,45.135,45.18,45.13,45.18,5874
2020-05-06 13:20:00-04:00,45.185,45.19,45.08,45.12,5832
2020-05-06 13:25:00-04:00,45.12,45.18,45.1,45.18,3738
2020-05-06 13:30:00-04:00,45.18,45.21,45.18,45.2,15698
2020-05-06 13:35:00-04:00,45.21,45.22,45.14,45.15,9592
2020-05-06 13:40:00-04:00,45.14,45.145,45.125,45.145,9052
2020-05-06 13:45:00-04:00,45.15,45.17,45.09,45.09,13908
2020-05-06 13:50:00-04:00,45.09,45.16,45.09,45.16,9518
2020-05-06 13:55:00-04:00,45.16,45.16,45.135,45.135,3578
2020-05-06 14:00:00-04:00,45.105,45.105,45.05,45.055,6360
2020-05-06 14:05:00-04:00,45.04,45.085,45.03,45.06,5738
2020-05-06 14:10:00-04:00,45.06,45.075,45.005,45.02,6836
2020-05-06 14:15:00-04:00,45.03,45.04,45.025,45.035,5456
2020-05-06 14:20:00-04:00,45.03,45.065,45.03,45.065,10108
2020-05-06 14:25:00-04:00,45.06,45.07,45.01,45.01,5086
2020-05-06 14:30:00-04:00,45.005,45.085,44.97,45.065,10284
2020-05-06 14:35:00-04:00,45.065,45.065,45.01,45.01,9066
2020-05-06 14:40:00-04:00,45.005,45.025,44.96,45.0,11410
2020-05-06 14:45:00-04:00,44.995,45.03,44.985,45.03,17194
2020-05-06 14:50:00-04:00,45.02,45.02,45.0,45.01,10866
2020-05-06 14:55:00-04:00,45.01,45.04,44.98,44.985,10892
2020-05-06 15:00:00-04:00,44.99,44.99,44.91,44.94,15450
2020-05-06 15:05:00-04:00,44.94,45.0,44.935,45.0,212054
2020-05-06 15:10:00-04:00,44.98,45.0,44.935,44.96,7668
2020-05-06 15:15:00-04:00,44.95,44.98,44.935,44.97,7868
2020-05-06 15:20:00-04:00,44.975,45.0,44.94,44.94,8108
2020-05-06 15:25:00-04:00,44.95,44.97,44.915,44.96,11628
2020-05-06 15:30:00-04:00,44.95,44.95,44.84,44.855,15514
2020-05-06 15:35:00-04:00,44.83,44.87,44.8,44.82,21884
2020-05-06 15:40:00-04:00,44.815,44.85,44.74,44.85,26558
2020-05-06 15:45:00-04:00,44.865,44.865,44.76,44.77,26092
2020-05-06 15:50:00-04:00,44.82,44.83,44.75,44.785,27066
2020-05-06 15:55:00-04:00,44.78,44.8,44.725,44.75,70806
2020-05-07 09:25:00-04:00,45.26,45.26,45.26,45.26,200
2020-05-07 09:30:00-04:00,45.15,45.15,44.84,44.84,16316
2020-05-07 09:35:00-04:00,44.81,45.025,44.81,45.025,13710
2020-05-07 09:40:00-04:00,45.06,45.085,44.95,44.95,45388
2020-05-07 09:45:00-04:00,44.925,44.945,44.81,44.82,32780
2020-05-07 09:50:00-04:00,44.81,45.01,44.81,44.97,31438
2020-05-07 09:55:00-04:00,44.975,45.005,44.94,44.94,19468
2020-05-07 10:00:00-04:00,44.935,44.96,44.83,44.83,14776
2020-05-07 10:05:00-04:00,44.83,44.86,44.81,44.81,14548
2020-05-07 10:10:00-04:00,44.81,44.85,44.71,44.73,19348
2020-05-07 10:15:00-04:00,44.73,44.79,44.73,44.73,12238
2020-05-07 10:20:00-04:00,44.73,44.8,44.73,44.77,12542
2020-05-07 10:25:00-04:00,44.77,44.81,44.75,44.76,34928
2020-05-07 10:30:00-04:00,44.77,44.85,44.75,44.84,37524
2020-05-07 10:35:00-04:00,44.83,44.86,44.78,44.8,19494
2020-05-07 10:40:00-04:00,44.81,44.89,44.8,44.87,23330
2020-05-07 10:45:00-04:00,44.87,44.875,44.745,44.745,14202
2020-05-07 10:50:00-04:00,44.74,44.82,44.73,44.815,26838
2020-05-07 10:55:00-04:00,44.835,44.855,44.79,44.81,13592
2020-05-07 11:00:00-04:00,44.83,44.85,44.81,44.825,16970
2020-05-07 11:05:00-04:00,44.82,44.855,44.805,44.83,15076
2020-05-07 11:10:00-04:00,44.825,44.88,44.8,44.83,23126
2020-05-07 11:15:00-04:00,44.82,44.88,44.82,44.88,16768
2020-05-07 11:20:00-04:00,44.87,44.9,44.85,44.89,15710
2020-05-07 11:25:00-04:00,44.885,44.885,44.83,44.855,18198
2020-05-07 11:30:00-04:00,44.86,44.9,44.85,44.88,41240
2020-05-07 11:35:00-04:00,44.89,44.92,44.86,44.86,17308
2020-05-07 11:40:00-04:00,44.865,45.0,44.865,44.98,29842
2020-05-07 11:45:00-04:00,44.98,45.04,44.94,44.94,28330
2020-05-07 11:50:00-04:00,44.95,45.01,44.94,45.0,18716
2020-05-07 11:55:00-04:00,44.99,45.015,44.98,45.005,12088
2020-05-07 12:00:00-04:00,45.01,45.06,44.99,45.005,23014
2020-05-07 12:05:00-04:00,45.01,45.065,45.0,45.04,17404
2020-05-07 12:10:00-04:00,45.04,45.07,45.02,45.03,27294
2020-05-07 12:15:00-04:00,45.04,45.07,45.025,45.07,33046
2020-05-07 12:20:00-04:00,45.07,45.08,45.02,45.04,11802
2020-05-07 12:25:00-04:00,45.06,45.12,45.055,45.065,12252
2020-05-07 12:30:00-04:00,45.07,45.115,45.06,45.07,18306
2020-05-07 12:35:00-04:00,45.07,45.11,45.06,45.085,22646
2020-05-07 12:40:00-04:00,45.085,45.085,45.02,45.02,43324
2020-05-07 12:45:00-04:00,45.03,45.065,45.015,45.025,19964
2020-05-07 12:50:00-04:00,45.025,45.045,45.01,45.02,15868
2020-05-07 12:55:00-04:00,45.03,45.09,45.02,45.09,22772
2020-05-07 13:00:00-04:00,45.09,45.13,45.09,45.13,12212
2020-05-07 13:05:00-04:00,45.13,45.145,45.105,45.105,20514
2020-05-07 13:10:00-04:00,45.11,45.11,45.03,45.04,47560
2020-05-07 13:15:00-04:00,45.035,45.06,45.02,45.02,11848
2020-05-07 13:20:00-04:00,45.02,45.035,45.005,45.01,24024
2020-05-07 13:25:00-04:00,45.01,45.04,45.0,45.015,21618
2020-05-07 13:30:00-04:00,45.02,45.04,45.015,45.03,47164
2020-05-07 13:35:00-04:00,45.03,45.05,45.01,45.03,26622
2020-05-07 13:40:00-04:00,45.04,45.08,45.03,45.08,29382
2020-05-07 13:45:00-04:00,45.08,45.1,45.06,45.06,19820
2020-05-07 13:50:00-04:00,45.07,45.07,44.9,44.915,40396
2020-05-07 13:55:00-04:00,44.915,44.925,44.87,44.925,15326
2020-05-07 14:00:00-04:00,44.94,44.98,44.92,44.93,24508
2020-05-07 14:05:00-04:00,44.93,44.96,44.93,44.955,15698
2020-05-07 14:10:00-04:00,44.96,44.995,44.955,44.975,29982
2020-05-07 14:15:00-04:00,44.95,44.96,44.91,44.92,20992
2020-05-07 14:20:00-04:00,44.92,44.92,44.835,44.835,23484
2020-05-07 14:25:00-04:00,44.815,44.905,44.815,44.87,13008
2020-05-07 14:30:00-04:00,44.86,44.905,44.85,44.85,23718
2020-05-07 14:35:00-04:00,44.85,44.86,44.82,44.85,23788
2020-05-07 14:40:00-04:00,44.85,44.85,44.76,44.76,15924
2020-05-07 14:45:00-04:00,44.76,44.76,44.68,44.7,29046
2020-05-07 14:50:00-04:00,44.695,44.75,44.66,44.74,23716
2020-05-07 14:55:00-04:00,44.745,44.85,44.74,44.78,28668
2020-05-07 15:00:00-04:00,44.77,44.77,44.675,44.76,28170
2020-05-07 15:05:00-04:00,44.75,44.84,44.75,44.79,37148
2020-05-07 15:10:00-04:00,44.79,44.8,44.73,44.74,18522
2020-05-07 15:15:00-04:00,44.74,44.74,44.65,44.72,17918
2020-05-07 15:20:00-04:00,44.725,44.755,44.71,44.74,10800
2020-05-07 15:25:00-04:00,44.74,44.8,44.74,44.76,15542
2020-05-07 15:30:00-04:00,44.76,44.76,44.65,44.68,44810
2020-05-07 15:35:00-04:00,44.68,44.73,44.64,44.64,44728
2020-05-07 15:40:00-04:00,44.645,44.655,44.6,44.61,44460
2020-05-07 15:45:00-04:00,44.62,44.71,44.615,44.63,41816
2020-05-07 15:50:00-04:00,44.615,44.665,44.54,44.58,93428
2020-05-07 15:55:00-04:00,44.57,44.6,44.51,44.6,120202
2020-05-08 09:25:00-04:00,45.06,45.06,45.06,45.06,2000
2020-05-08 09:30:00-04:00,45.095,45.14,44.9,45.031,50036
2020-05-08 09:35:00-04:00,45.04,45.185,45.02,45.17,24046
2020-05-08 09:40:00-04:00,45.185,45.38,45.185,45.36,25638
2020-05-08 09:45:00-04:00,45.37,45.465,45.36,45.465,20570
2020-05-08 09:50:00-04:00,45.45,45.46,45.365,45.4,21522
2020-05-08 09:55:00-04:00,45.42,45.465,45.4,45.4,16700
2020-05-08 10:00:00-04:00,45.42,45.6,45.42,45.585,38180
2020-05-08 10:05:00-04:00,45.585,45.71,45.585,45.665,18780
2020-05-08 10:10:00-04:00,45.675,45.715,45.65,45.68,10076
2020-05-08 10:15:00-04:00,45.67,45.76,45.625,45.76,10390
2020-05-08 10:20:00-04:00,45.74,45.79,45.73,45.78,14662
2020-05-08 10:25:00-04:00,45.81,45.855,45.75,45.825,10016
2020-05-08 10:30:00-04:00,45.82,45.835,45.78,45.82,9584
2020-05-08 10:35:00-04:00,45.84,45.935,45.84,45.93,11472
2020-05-08 10:40:00-04:00,45.95,45.95,45.76,45.76,8976
2020-05-08 10:45:00-04:00,45.78,45.855,45.78,45.85,6598
2020-05-08 10:50:00-04:00,45.865,45.88,45.82,45.82,8060
2020-05-08 10:55:00-04:00,45.83,45.865,45.82,45.86,7770
2020-05-08 11:00:00-04:00,45.86,45.89,45.83,45.865,15876
2020-05-08 11:05:00-04:00,45.9,45.92,45.85,45.85,12832
2020-05-08 11:10:00-04:00,45.85,45.85,45.73,45.73,9516
2020-05-08 11:15:00-04:00,45.705,45.805,45.705,45.8,15776
2020-05-08 11:20:00-04:00,45.8,45.865,45.755,45.855,18552
2020-05-08 11:25:00-04:00,45.875,45.92,45.86,45.865,19978
2020-05-08 11:30:00-04:00,45.87,45.94,45.87,45.93,10830
2020-05-08 11:35:00-04:00,45.94,45.94,45.905,45.93,12300
2020-05-08 11:40:00-04:00,45.93,45.94,45.91,45.94,7976
2020-05-08 11:45:00-04:00,45.945,45.99,45.94,45.985,22442
2020-05-08 11:50:00-04:00,45.98,45.99,45.96,45.99,37620
2020-05-08 11:55:00-04:00,45.99,46.02,45.98,45.98,9188
2020-05-08 12:00:00-04:00,45.975,46.03,45.975,46.03,4562
2020-05-08 12:05:00-04:00,46.03,46.085,46.01,46.05,7808
2020-05-08 12:10:00-04:00,46.06,46.075,46.04,46.05,7040
2020-05-08 12:15:00-04:00,46.06,46.07,46.03,46.03,6574
2020-05-08 12:20:00-04:00,46.03,46.11,46.03,46.105,18342
2020-05-08 12:25:00-04:00,46.105,46.145,46.095,46.11,8350
2020-05-08 12:30:00-04:00,46.095,46.095,46.07,46.08,8156
2020-05-08 12:35:00-04:00,46.065,46.07,46.05,46.055,6532
2020-05-08 12:40:00-04:00,46.08,46.14,46.08,46.12,5436
2020-05-08 12:45:00-04:00,46.125,46.125,46.08,46.085,18364
2020-05-08 12:50:00-04:00,46.07,46.11,46.06,46.08,8708
2020-05-08 12:55:00-04:00,46.08,46.115,46.08,46.11,47494
2020-05-08 13:00:00-04:00,46.105,46.11,46.085,46.09,9404
2020-05-08 13:05:00-04:00,46.09,46.09,45.905,45.945,13556
2020-05-08 13:10:00-04:00,45.97,45.99,45.95,45.99,5682
2020-05-08 13:15:00-04:00,45.985,46.0,45.965,46.0,7026
2020-05-08 13:20:00-04:00,46.02,46.025,45.99,45.99,5908
2020-05-08 13:25:00-04:00,45.985,45.99,45.97,45.975,6980
2020-05-08 13:30:00-04:00,45.98,45.985,45.935,45.975,28824
2020-05-08 13:35:00-04:00,45.97,45.975,45.93,45.93,5100
2020-05-08 13:40:00-04:00,45.925,45.975,45.925,45.97,17294
2020-05-08 13:45:00-04:00,46.0,46.02,45.9,45.905,8546
2020-05-08 13:50:00-04:00,45.9,45.91,45.87,45.9,8616
2020-05-08 13:55:00-04:00,45.91,45.91,45.86,45.88,6786
2020-05-08 14:00:00-04:00,45.875,45.88,45.86,45.87,5038
2020-05-08 14:05:00-04:00,45.89,45.98,45.89,45.93,9014
2020-05-08 14:10:00-04:00,45.92,45.935,45.91,45.93,5030
2020-05-08 14:15:00-04:00,45.94,46.015,45.93,46.015,7950
2020-05-08 14:20:00-04:00,46.01,46.04,46.0,46.02,7394
2020-05-08 14:25:00-04:00,46.03,46.04,46.01,46.015,9116
2020-05-08 14:30:00-04:00,46.03,46.04,45.99,46.005,7568
2020-05-08 14:35:00-04:00,45.98,46.005,45.97,45.97,9448
2020-05-08 14:40:00-04:00,45.96,45.97,45.91,45.935,22862
2020-05-08 14:45:00-04:00,45.96,46.07,45.96,46.04,9296
2020-05-08 14:50:00-04:00,46.06,46.08,46.01,46.02,14266
2020-05-08 14:55:00-04:00,46.025,46.09,46.02,46.055,12872
2020-05-08 15:00:00-04:00,46.095,46.11,46.07,46.11,7246
2020-05-08 15:05:00-04:00,46.12,46.125,46.07,46.07,17206
2020-05-08 15:10:00-04:00,46.06,46.08,45.99,45.99,25988
2020-05-08 15:15:00-04:00,46.02,46.025,45.995,46.02,9410
2020-05-08 15:20:00-04:00,46.01,46.08,45.99,46.07,9212
2020-05-08 15:25:00-04:00,46.085,46.085,46.02,46.03,15252
2020-05-08 15:30:00-04:00,46.05,46.12,46.03,46.095,32336
2020-05-08 15:35:00-04:00,46.095,46.11,46.07,46.105,33224
2020-05-08 15:40:00-04:00,46.11,46.15,46.11,46.13,30624
2020-05-08 15:45:00-04:00,46.12,46.15,46.06,46.12,31150
2020-05-08 15:50:00-04:00,46.11,46.2,46.09,46.16,46964
2020-05-08 15:55:00-04:00,46.18,46.18,46.06,46.1,178266
2020-05-11 07:00:00-04:00,46.01,46.01,46.01,46.01,200
2020-05-11 09:25:00-04:00,45.57,45.6,45.57,45.57,5396
2020-05-11 09:30:00-04:00,45.69,45.87,45.57,45.64,24358
2020-05-11 09:35:00-04:00,45.68,45.82,45.66,45.79,8772
2020-05-11 09:40:00-04:00,45.815,45.87,45.8,45.86,8024
2020-05-11 09:45:00-04:00,45.835,45.845,45.68,45.7,10166
2020-05-11 09:50:00-04:00,45.7,45.71,45.57,45.57,27482
2020-05-11 09:55:00-04:00,45.58,45.63,45.555,45.615,13952
2020-05-11 10:00:00-04:00,45.615,45.69,45.6,45.66,8022
2020-05-11 10:05:00-04:00,45.67,45.7,45.63,45.63,7608
2020-05-11 10:10:00-04:00,45.66,45.66,45.565,45.57,5120
2020-05-11 10:15:00-04:00,45.55,45.58,45.52,45.53,8408
2020-05-11 10:20:00-04:00,45.53,45.63,45.53,45.58,17876
2020-05-11 10:25:00-04:00,45.58,45.625,45.54,45.57,7348
2020-05-11 10:30:00-04:00,45.57,45.695,45.55,45.695,17386
2020-05-11 10:35:00-04:00,45.7,45.7,45.54,45.615,28908
2020-05-11 10:40:00-04:00,45.605,45.645,45.59,45.605,15196
2020-05-11 10:45:00-04:00,45.6,45.685,45.585,45.685,12176
2020-05-11 10:50:00-04:00,45.68,45.685,45.62,45.62,25702
2020-05-11 10:55:00-04:00,45.625,45.635,45.57,45.605,32502
2020-05-11 11:00:00-04:00,45.62,45.67,45.615,45.665,18654
2020-05-11 11:05:00-04:00,45.66,45.74,45.645,45.7,24134
2020-05-11 11:10:00-04:00,45.695,45.72,45.64,45.675,29774
2020-05-11 11:15:00-04:00,45.675,45.735,45.66,45.735,16820
2020-05-11 11:20:00-04:00,45.735,45.775,45.72,45.745,20896
2020-05-11 11:25:00-04:00,45.745,45.8,45.72,45.775,15572
2020-05-11 11:30:00-04:00,45.775,45.845,45.755,45.845,15938
2020-05-11 11:35:00-04:00,45.86,45.885,45.83,45.87,12682
2020-05-11 11:40:00-04:00,45.87,45.88,45.84,45.88,9340
2020-05-11 11:45:00-04:00,45.885,45.9,45.86,45.89,7752
2020-05-11 11:50:00-04:00,45.89,45.89,45.85,45.86,6758
2020-05-11 11:55:00-04:00,45.87,45.875,45.84,45.86,8172
2020-05-11 12:00:00-04:00,45.9,45.91,45.84,45.88,8770
2020-05-11 12:05:00-04:00,45.87,45.885,45.85,45.87,5270
2020-05-11 12:10:00-04:00,45.86,45.865,45.83,45.845,7128
2020-05-11 12:15:00-04:00,45.845,45.865,45.84,45.865,6130
2020-05-11 12:20:00-04:00,45.895,45.995,45.89,45.995,7468
2020-05-11 12:25:00-04:00,45.99,46.0,45.975,45.995,18290
2020-05-11 12:30:00-04:00,45.99,46.065,45.99,46.05,9188
2020-05-11 12:35:00-04:00,46.05,46.1,46.05,46.1,4158
2020-05-11 12:40:00-04:00,46.08,46.08,46.05,46.07,5638
2020-05-11 12:45:00-04:00,46.07,46.095,46.05,46.05,20190
2020-05-11 12:50:00-04:00,46.06,46.08,46.04,46.08,7390
2020-05-11 12:55:00-04:00,46.095,46.1,46.04,46.04,3660
2020-05-11 13:00:00-04:00,46.04,46.04,45.98,46.03,4446
2020-05-11 13:05:00-04:00,46.025,46.09,46.025,46.09,3794
2020-05-11 13:10:00-04:00,46.07,46.08,46.045,46.05,4878
2020-05-11 13:15:00-04:00,46.05,46.08,46.02,46.08,7572
2020-05-11 13:20:00-04:00,46.08,46.095,46.07,46.07,9390
2020-05-11 13:25:00-04:00,46.075,46.105,46.075,46.085,1682
2020-05-11 13:30:00-04:00,46.1,46.1,46.05,46.055,31478
2020-05-11 13:35:00-04:00,46.06,46.075,46.055,46.075,5020
2020-05-11 13:40:00-04:00,46.06,46.06,45.975,45.975,8342
2020-05-11 13:45:00-04:00,45.965,45.98,45.9,45.91,9432
2020-05-11 13:50:00-04:00,45.915,45.93,45.885,45.92,15626
2020-05-11 13:55:00-04:00,45.92,45.92,45.85,45.865,9874
2020-05-11 14:00:00-04:00,45.87,45.9,45.75,45.765,17204
2020-05-11 14:05:00-04:00,45.75,45.82,45.75,45.81,9318
2020-05-11 14:10:00-04:00,45.81,45.81,45.74,45.765,8642
2020-05-11 14:15:00-04:00,45.76,45.77,45.74,45.755,9362
2020-05-11 14:20:00-04:00,45.755,45.78,45.755,45.76,17430
2020-05-11 14:25:00-04:00,45.76,45.76,45.66,45.68,13496
2020-05-11 14:30:00-04:00,45.71,45.76,45.7,45.74,5508
2020-05-11 14:35:00-04:00,45.75,45.795,45.74,45.79,40442
2020-05-11 14:40:00-04:00,45.79,45.79,45.715,45.745,30940
2020-05-11 14:45:00-04:00,45.75,45.775,45.745,45.77,21494
2020-05-11 14:50:00-04:00,45.77,45.8,45.74,45.795,33710
2020-05-11 14:55:00-04:00,45.8,45.825,45.76,45.77,22216
2020-05-11 15:00:00-04:00,45.78,45.79,45.755,45.765,30044
2020-05-11 15:05:00-04:00,45.76,45.765,45.735,45.76,12588
2020-05-11 15:10:00-04:00,45.75,45.78,45.71,45.71,11888
2020-05-11 15:15:00-04:00,45.71,45.71,45.65,45.67,11918
2020-05-11 15:20:00-04:00,45.665,45.68,45.62,45.62,13076
2020-05-11 15:25:00-04:00,45.625,45.625,45.57,45.605,23282
2020-05-11 15:30:00-04:00,45.6,45.63,45.56,45.6,20548
2020-05-11 15:35:00-04:00,45.58,45.64,45.58,45.59,24322
2020-05-11 15:40:00-04:00,45.59,45.635,45.57,45.61,28376
2020-05-11 15:45:00-04:00,45.625,45.66,45.6,45.61,31988
2020-05-11 15:50:00-04:00,45.6,45.64,45.58,45.64,68136
2020-05-11 15:55:00-04:00,45.64,45.68,45.54,45.55,117206
2020-05-12 09:05:00-04:00,45.85,45.85,45.85,45.85,200
2020-05-12 09:30:00-04:00,45.705,45.815,45.67,45.68,28232
2020-05-12 09:35:00-04:00,45.685,45.79,45.62,45.79,18924
2020-05-12 09:40:00-04:00,45.8,45.8,45.72,45.73,27380
2020-05-12 09:45:00-04:00,45.72,45.73,45.57,45.62,27806
2020-05-12 09:50:00-04:00,45.585,45.65,45.565,45.65,30798
2020-05-12 09:55:00-04:00,45.66,45.8,45.59,45.77,35646
2020-05-12 10:00:00-04:00,45.78,45.8,45.59,45.625,14610
2020-05-12 10:05:00-04:00,45.635,45.64,45.565,45.61,18320
2020-05-12 10:10:00-04:00,45.605,45.625,45.56,45.62,20164
2020-05-12 10:15:00-04:00,45.61,45.655,45.57,45.59,12800
2020-05-12 10:20:00-04:00,45.595,45.61,45.55,45.58,18664
2020-05-12 10:25:00-04:00,45.57,45.58,45.5,45.52,12684
2020-05-12 10:30:00-04:00,45.53,45.55,45.51,45.53,9026
2020-05-12 10:35:00-04:00,45.51,45.53,45.505,45.51,13686
2020-05-12 10:40:00-04:00,45.51,45.515,45.39,45.43,22418
2020-05-12 10:45:00-04:00,45.435,45.455,45.32,45.335,11744
2020-05-12 10:50:00-04:00,45.34,45.44,45.34,45.44,12708
2020-05-12 10:55:00-04:00,45.435,45.555,45.435,45.535,13748
2020-05-12 11:00:00-04:00,45.55,45.55,45.44,45.48,15272
2020-05-12 11:05:00-04:00,45.48,45.56,45.44,45.56,17384
2020-05-12 11:10:00-04:00,45.57,45.57,45.5,45.5,14598
2020-05-12 11:15:00-04:00,45.495,45.52,45.485,45.5,13210
2020-05-12 11:20:00-04:00,45.495,45.59,45.49,45.565,9848
2020-05-12 11:25:00-04:00,45.565,45.61,45.56,45.58,13450
2020-05-12 11:30:00-04:00,45.57,45.615,45.51,45.52,10444
2020-05-12 11:35:00-04:00,45.5,45.535,45.47,45.48,18310
2020-05-12 11:40:00-04:00,45.49,45.49,45.415,45.44,10622
2020-05-12 11:45:00-04:00,45.43,45.43,45.39,45.4,5350
2020-05-12 11:50:00-04:00,45.415,45.43,45.385,45.385,7108
2020-05-12 11:55:00-04:00,45.385,45.42,45.38,45.38,12972
2020-05-12 12:00:00-04:00,45.36,45.36,45.28,45.31,16392
2020-05-12 12:05:00-04:00,45.3,45.31,45.26,45.28,13038
2020-05-12 12:10:00-04:00,45.28,45.33,45.22,45.25,23182
2020-05-12 12:15:00-04:00,45.25,45.25,45.19,45.22,10238
2020-05-12 12:20:00-04:00,45.22,45.235,45.17,45.195,13264
2020-05-12 12:25:00-04:00,45.18,45.22,45.18,45.19,11226
2020-05-12 12:30:00-04:00,45.175,45.25,45.175,45.18,14020
2020-05-12 12:35:00-04:00,45.18,45.18,45.13,45.15,24468
2020-05-12 12:40:00-04:00,45.12,45.12,45.08,45.08,8680
2020-05-12 12:45:00-04:00,45.09,45.12,45.025,45.04,13274
2020-05-12 12:50:00-04:00,45.03,45.185,44.98,45.18,26968
2020-05-12 12:55:00-04:00,45.2,45.31,45.2,45.31,9078
2020-05-12 13:00:00-04:00,45.31,45.31,45.21,45.21,12898
2020-05-12 13:05:00-04:00,45.26,45.28,45.25,45.25,12314
2020-05-12 13:10:00-04:00,45.22,45.23,45.12,45.12,169582
2020-05-12 13:15:00-04:00,45.12,45.13,45.07,45.09,9060
2020-05-12 13:20:00-04:00,45.08,45.12,45.045,45.06,11510
2020-05-12 13:25:00-04:00,45.075,45.11,45.055,45.1,11938
2020-05-12 13:30:00-04:00,45.11,45.15,45.1,45.11,70656
2020-05-12 13:35:00-04:00,45.13,45.145,45.11,45.14,5910
2020-05-12 13:40:00-04:00,45.15,45.15,45.1,45.1,5644
2020-05-12 13:45:00-04:00,45.1,45.135,45.1,45.13,6360
2020-05-12 13:50:00-04:00,45.135,45.145,45.11,45.145,5200
2020-05-12 13:55:00-04:00,45.14,45.17,45.14,45.15,3420
2020-05-12 14:00:00-04:00,45.15,45.185,45.15,45.16,6200
2020-05-12 14:05:00-04:00,45.165,45.165,45.11,45.11,7944
2020-05-12 14:10:00-04:00,45.11,45.12,45.065,45.09,5952
2020-05-12 14:15:00-04:00,45.08,45.1,45.01,45.03,14786
2020-05-12 14:20:00-04:00,45.04,45.09,45.04,45.09,7256
2020-05-12 14:25:00-04:00,45.095,45.105,45.07,45.09,9122
2020-05-12 14:30:00-04:00,45.075,45.09,45.045,45.09,18568
2020-05-12 14:35:00-04:00,45.09,45.13,45.055,45.11,171644
2020-05-12 14:40:00-04:00,45.11,45.14,45.03,45.1,12994
2020-05-12 14:45:00-04:00,45.1,45.155,45.09,45.12,13490
2020-05-12 14:50:00-04:00,45.12,45.23,45.11,45.22,19916
2020-05-12 14:55:00-04:00,45.21,45.245,45.19,45.19,9554
2020-05-12 15:00:00-04:00,45.17,45.18,45.12,45.14,12726
2020-05-12 15:05:00-04:00,45.14,45.14,45.09,45.1,17358
2020-05-12 15:10:00-04:00,45.095,45.11,45.06,45.06,12488
2020-05-12 15:15:00-04:00,45.07,45.08,45.01,45.02,13816
2020-05-12 15:20:00-04:00,45.02,45.06,45.015,45.03,15188
2020-05-12 15:25:00-04:00,45.02,45.075,45.02,45.05,10956
2020-05-12 15:30:00-04:00,45.05,45.07,45.005,45.025,14142
2020-05-12 15:35:00-04:00,45.03,45.04,44.96,45.01,36116
2020-05-12 15:40:00-04:00,45.01,45.01,44.91,44.92,23132
2020-05-12 15:45:00-04:00,44.92,44.97,44.9,44.9,24744
2020-05-12 15:50:00-04:00,44.87,44.97,44.86,44.94,39394
2020-05-12 15:55:00-04:00,44.94,45.0,44.8,44.82,117698
2020-05-13 09:30:00-04:00,44.76,44.76,44.48,44.53,30208
2020-05-13 09:35:00-04:00,44.52,44.65,44.43,44.645,21798
2020-05-13 09:40:00-04:00,44.68,44.68,44.5,44.5,12242
2020-05-13 09:45:00-04:00,44.4,44.58,44.38,44.49,9478
2020-05-13 09:50:00-04:00,44.49,44.49,44.35,44.37,21070
2020-05-13 09:55:00-04:00,44.37,44.4,44.23,44.35,60356
2020-05-13 10:00:00-04:00,44.345,44.39,44.26,44.26,29982
2020-05-13 10:05:00-04:00,44.27,44.33,44.235,44.24,18874
2020-05-13 10:10:00-04:00,44.23,44.255,44.205,44.22,24784
2020-05-13 10:15:00-04:00,44.225,44.28,44.225,44.25,19628
2020-05-13 10:20:00-04:00,44.25,44.25,44.11,44.14,18926
2020-05-13 10:25:00-04:00,44.145,44.3,44.135,44.29,67962
2020-05-13 10:30:00-04:00,44.28,44.48,44.27,44.34,47272
2020-05-13 10:35:00-04:00,44.33,44.33,44.2,44.2,14286
2020-05-13 10:40:00-04:00,44.205,44.27,44.2,44.22,18748
2020-05-13 10:45:00-04:00,44.24,44.26,44.205,44.205,30512
2020-05-13 10:50:00-04:00,44.21,44.22,44.135,44.185,24708
2020-05-13 10:55:00-04:00,44.19,44.23,44.12,44.15,41778
2020-05-13 11:00:00-04:00,44.14,44.18,44.1,44.17,52432
2020-05-13 11:05:00-04:00,44.18,44.2,44.14,44.145,22176
2020-05-13 11:10:00-04:00,44.145,44.19,44.13,44.14,24312
2020-05-13 11:15:00-04:00,44.145,44.195,44.03,44.04,29832
2020-05-13 11:20:00-04:00,44.02,44.03,43.94,43.97,24164
2020-05-13 11:25:00-04:00,43.93,43.96,43.87,43.96,24932
2020-05-13 11:30:00-04:00,43.95,43.995,43.94,43.95,14598
2020-05-13 11:35:00-04:00,43.91,43.935,43.8,43.8,25648
2020-05-13 11:40:00-04:00,43.82,43.86,43.79,43.81,29264
2020-05-13 11:45:00-04:00,43.81,43.81,43.72,43.77,18912
2020-05-13 11:50:00-04:00,43.8,43.85,43.73,43.74,15848
2020-05-13 11:55:00-04:00,43.715,43.855,43.68,43.855,15932
2020-05-13 12:00:00-04:00,43.85,43.93,43.82,43.825,7942
2020-05-13 12:05:00-04:00,43.84,43.96,43.82,43.96,29796
2020-05-13 12:10:00-04:00,43.95,43.99,43.895,43.9,11564
2020-05-13 12:15:00-04:00,43.91,44.0,43.875,43.875,30932
2020-05-13 12:20:00-04:00,43.89,44.0,43.88,43.99,10248
2020-05-13 12:25:00-04:00,43.98,43.99,43.95,43.97,17790
2020-05-13 12:30:00-04:00,43.99,44.02,43.935,44.0,39584
2020-05-13 12:35:00-04:00,44.0,44.0,43.92,43.975,13658
2020-05-13 12:40:00-04:00,43.97,43.97,43.89,43.89,18966
2020-05-13 12:45:00-04:00,43.91,43.95,43.84,43.95,9928
2020-05-13 12:50:00-04:00,43.96,43.99,43.95,43.96,14776
2020-05-13 12:55:00-04:00,43.975,43.98,43.9,43.93,13876
2020-05-13 13:00:00-04:00,43.93,43.94,43.84,43.845,11380
2020-05-13 13:05:00-04:00,43.85,43.87,43.82,43.83,7130
2020-05-13 13:10:00-04:00,43.835,43.98,43.835,43.94,12542
2020-05-13 13:15:00-04:00,43.93,44.04,43.915,44.01,9194
2020-05-13 13:20:00-04:00,44.015,44.035,43.98,43.995,14238
2020-05-13 13:25:00-04:00,43.99,43.99,43.91,43.92,12782
2020-05-13 13:30:00-04:00,43.905,43.905,43.84,43.84,29348
2020-05-13 13:35:00-04:00,43.84,43.93,43.83,43.91,10058
2020-05-13 13:40:00-04:00,43.93,43.96,43.845,43.905,8768
2020-05-13 13:45:00-04:00,43.88,43.91,43.82,43.845,10502
2020-05-13 13:50:00-04:00,43.84,43.84,43.79,43.8,13752
2020-05-13 13:55:00-04:00,43.805,43.85,43.79,43.83,8306
2020-05-13 14:00:00-04:00,43.82,43.86,43.78,43.78,12270
2020-05-13 14:05:00-04:00,43.79,43.85,43.775,43.83,9568
2020-05-13 14:10:00-04:00,43.815,43.92,43.815,43.885,10116
2020-05-13 14:15:00-04:00,43.885,43.965,43.885,43.94,12996
2020-05-13 14:20:00-04:00,43.94,43.94,43.85,43.85,20520
2020-05-13 14:25:00-04:00,43.85,43.9,43.84,43.87,27394
2020-05-13 14:30:00-04:00,43.87,43.88,43.82,43.82,19428
2020-05-13 14:35:00-04:00,43.815,43.88,43.81,43.815,11676
2020-05-13 14:40:00-04:00,43.805,43.82,43.76,43.76,9060
2020-05-13 14:45:00-04:00,43.74,43.83,43.74,43.8,8642
2020-05-13 14:50:00-04:00,43.82,43.82,43.755,43.77,9072
2020-05-13 14:55:00-04:00,43.755,43.78,43.72,43.74,5794
2020-05-13 15:00:00-04:00,43.75,43.95,43.75,43.89,8286
2020-05-13 15:05:00-04:00,43.88,43.88,43.76,43.78,16502
2020-05-13 15:10:00-04:00,43.785,43.82,43.73,43.75,18436
2020-05-13 15:15:00-04:00,43.75,43.77,43.69,43.74,18858
2020-05-13 15:20:00-04:00,43.75,43.76,43.57,43.57,18540
2020-05-13 15:25:00-04:00,43.555,43.655,43.535,43.655,23238
2020-05-13 15:30:00-04:00,43.645,43.84,43.615,43.81,60014
2020-05-13 15:35:00-04:00,43.81,43.865,43.67,43.725,77816
2020-05-13 15:40:00-04:00,43.75,43.86,43.75,43.775,57128
2020-05-13 15:45:00-04:00,43.775,43.86,43.68,43.84,61568
2020-05-13 15:50:00-04:00,43.86,43.985,43.83,43.925,78070
2020-05-13 15:55:00-04:00,43.92,44.03,43.91,43.96,165492
2020-05-14 09:30:00-04:00,43.38,43.58,43.38,43.57,58772
2020-05-14 09:35:00-04:00,43.56,43.73,43.45,43.46,59298
2020-05-14 09:40:00-04:00,43.42,43.58,43.42,43.52,13088
2020-05-14 09:45:00-04:00,43.53,43.67,43.52,43.54,16942
2020-05-14 09:50:00-04:00,43.545,43.555,43.38,43.425,22316
2020-05-14 09:55:00-04:00,43.47,43.54,43.43,43.445,45790
2020-05-14 10:00:00-04:00,43.44,43.465,43.32,43.33,44578
2020-05-14 10:05:00-04:00,43.355,43.375,43.28,43.33,36922
2020-05-14 10:10:00-04:00,43.33,43.41,43.29,43.29,31092
2020-05-14 10:15:00-04:00,43.29,43.35,43.27,43.33,31594
2020-05-14 10:20:00-04:00,43.37,43.42,43.3,43.32,11382
2020-05-14 10:25:00-04:00,43.36,43.37,43.24,43.25,13690
2020-05-14 10:30:00-04:00,43.27,43.35,43.255,43.35,20846
2020-05-14 10:35:00-04:00,43.345,43.44,43.33,43.43,50206
2020-05-14 10:40:00-04:00,43.43,43.45,43.37,43.4,6730
2020-05-14 10:45:00-04:00,43.39,43.495,43.33,43.45,31854
2020-05-14 10:50:00-04:00,43.45,43.47,43.38,43.38,15168
2020-05-14 10:55:00-04:00,43.38,43.43,43.34,43.4,14636
2020-05-14 11:00:00-04:00,43.41,43.44,43.38,43.425,33012
2020-05-14 11:05:00-04:00,43.425,43.44,43.36,43.36,21190
2020-05-14 11:10:00-04:00,43.37,43.42,43.35,43.35,14568
2020-05-14 11:15:00-04:00,43.36,43.5,43.36,43.45,37312
2020-05-14 11:20:00-04:00,43.445,43.475,43.42,43.43,43810
2020-05-14 11:25:00-04:00,43.41,43.425,43.275,43.3,14488
2020-05-14 11:30:00-04:00,43.32,43.43,43.31,43.36,29812
2020-05-14 11:35:00-04:00,43.39,43.47,43.35,43.36,11126
2020-05-14 11:40:00-04:00,43.35,43.37,43.32,43.33,18648
2020-05-14 11:45:00-04:00,43.33,43.44,43.33,43.4,15924
2020-05-14 11:50:00-04:00,43.4,43.645,43.385,43.645,29826
2020-05-14 11:55:00-04:00,43.63,43.63,43.51,43.52,28218
2020-05-14 12:00:00-04:00,43.53,43.575,43.48,43.55,28176
2020-05-14 12:05:00-04:00,43.54,43.56,43.51,43.525,27014
2020-05-14 12:10:00-04:00,43.59,43.695,43.56,43.685,15838
2020-05-14 12:15:00-04:00,43.69,43.73,43.63,43.63,11846
2020-05-14 12:20:00-04:00,43.655,43.75,43.65,43.7,39326
2020-05-14 12:25:00-04:00,43.695,43.71,43.68,43.695,18870
2020-05-14 12:30:00-04:00,43.69,43.7,43.64,43.7,21274
2020-05-14 12:35:00-04:00,43.71,43.755,43.67,43.67,8754
2020-05-14 12:40:00-04:00,43.67,43.695,43.65,43.67,36146
2020-05-14 12:45:00-04:00,43.67,43.7,43.66,43.69,15674
2020-05-14 12:50:00-04:00,43.69,43.97,43.69,43.97,11062
2020-05-14 12:55:00-04:00,43.98,44.03,43.93,43.935,11486
2020-05-14 13:00:00-04:00,43.98,43.99,43.91,43.925,11444
2020-05-14 13:05:00-04:00,43.91,43.91,43.84,43.89,19116
2020-05-14 13:10:00-04:00,43.88,43.9,43.855,43.865,25752
2020-05-14 13:15:00-04:00,43.865,43.93,43.865,43.92,19058
2020-05-14 13:20:00-04:00,43.955,44.0,43.955,43.965,12972
2020-05-14 13:25:00-04:00,43.97,43.99,43.95,43.99,38022
2020-05-14 13:30:00-04:00,44.0,44.06,43.97,43.98,31114
2020-05-14 13:35:00-04:00,43.97,44.0,43.935,43.96,19944
2020-05-14 13:40:00-04:00,43.97,43.98,43.95,43.97,14124
2020-05-14 13:45:00-04:00,43.96,44.04,43.96,44.01,18960
2020-05-14 13:50:00-04:00,44.0,44.005,43.94,43.945,8832
2020-05-14 13:55:00-04:00,43.94,43.97,43.85,43.85,9882
2020-05-14 14:00:00-04:00,43.86,43.86,43.79,43.81,11338
2020-05-14 14:05:00-04:00,43.81,43.83,43.77,43.81,7192
2020-05-14 14:10:00-04:00,43.86,43.88,43.86,43.88,16240
2020-05-14 14:15:00-04:00,43.88,43.885,43.82,43.83,10502
2020-05-14 14:20:00-04:00,43.85,43.88,43.84,43.86,22982
2020-05-14 14:25:00-04:00,43.88,43.88,43.82,43.865,12196
2020-05-14 14:30:00-04:00,43.91,43.945,43.895,43.895,15654
2020-05-14 14:35:00-04:00,43.81,43.81,43.73,43.73,9574
2020-05-14 14:40:00-04:00,43.74,43.77,43.66,43.69,14178
2020-05-14 14:45:00-04:00,43.67,43.695,43.63,43.66,15646
2020-05-14 14:50:00-04:00,43.65,43.71,43.62,43.7,12702
2020-05-14 14:55:00-04:00,43.71,43.74,43.695,43.71,16156
2020-05-14 15:00:00-04:00,43.71,43.83,43.68,43.77,33162
2020-05-14 15:05:00-04:00,43.77,43.79,43.72,43.755,48084
2020-05-14 15:10:00-04:00,43.765,43.765,43.68,43.71,55510
2020-05-14 15:15:00-04:00,43.71,43.73,43.67,43.705,111794
2020-05-14 15:20:00-04:00,43.705,43.81,43.695,43.805,102224
2020-05-14 15:25:00-04:00,43.8,43.84,43.79,43.83,55130
2020-05-14 15:30:00-04:00,43.84,43.84,43.77,43.77,52028
2020-05-14 15:35:00-04:00,43.775,43.81,43.72,43.76,66998
2020-05-14 15:40:00-04:00,43.76,43.82,43.73,43.81,65876
2020-05-14 15:45:00-04:00,43.81,43.85,43.775,43.79,116670
2020-05-14 15:50:00-04:00,43.84,43.9,43.765,43.78,158660
2020-05-14 15:55:00-04:00,43.775,43.78,43.64,43.7,263448
2020-05-15 09:25:00-04:00,43.97,43.97,43.97,43.97,800
2020-05-15 09:30:00-04:00,43.87,43.92,43.73,43.89,38258
2020-05-15 09:35:00-04:00,43.88,44.27,43.83,44.26,48762
2020-05-15 09:40:00-04:00,44.27,44.56,44.27,44.54,24406
2020-05-15 09:45:00-04:00,44.56,44.69,44.56,44.64,18506
2020-05-15 09:50:00-04:00,44.64,44.68,44.6,44.63,11958
2020-05-15 09:55:00-04:00,44.63,44.63,44.55,44.555,21770
2020-05-15 10:00:00-04:00,44.57,44.67,44.54,44.625,74774
2020-05-15 10:05:00-04:00,44.645,44.675,44.545,44.61,21114
2020-05-15 10:10:00-04:00,44.615,44.68,44.55,44.57,18048
2020-05-15 10:15:00-04:00,44.61,44.61,44.53,44.53,9544
2020-05-15 10:20:00-04:00,44.54,44.58,44.365,44.37,37202
2020-05-15 10:25:00-04:00,44.36,44.445,44.34,44.38,21686
2020-05-15 10:30:00-04:00,44.37,44.44,44.31,44.31,14538
2020-05-15 10:35:00-04:00,44.3,44.39,44.255,44.275,11410
2020-05-15 10:40:00-04:00,44.28,44.32,44.25,44.25,14378
2020-05-15 10:45:00-04:00,44.24,44.28,44.19,44.19,19352
2020-05-15 10:50:00-04:00,44.19,44.195,44.07,44.095,23698
2020-05-15 10:55:00-04:00,44.095,44.095,44.005,44.08,24080
2020-05-15 11:00:00-04:00,44.08,44.08,43.91,43.92,18800
2020-05-15 11:05:00-04:00,43.91,43.915,43.875,43.9,13762
2020-05-15 11:10:00-04:00,43.91,43.91,43.84,43.875,49570
2020-05-15 11:15:00-04:00,43.88,43.9,43.805,43.865,41212
2020-05-15 11:20:00-04:00,43.84,43.91,43.84,43.88,32740
2020-05-15 11:25:00-04:00,43.865,43.995,43.865,43.98,23850
2020-05-15 11:30:00-04:00,43.98,44.06,43.96,44.025,29386
2020-05-15 11:35:00-04:00,44.01,44.02,43.96,43.98,22274
2020-05-15 11:40:00-04:00,44.0,44.0,43.94,43.99,46866
2020-05-15 11:45:00-04:00,43.98,44.01,43.955,44.0,48566
2020-05-15 11:50:00-04:00,43.99,44.025,43.98,44.015,17904
2020-05-15 11:55:00-04:00,44.02,44.12,44.02,44.1,18368
2020-05-15 12:00:00-04:00,44.1,44.21,44.08,44.16,34696
2020-05-15 12:05:00-04:00,44.155,44.2,44.14,44.18,30014
2020-05-15 12:10:00-04:00,44.15,44.16,44.095,44.105,28456
2020-05-15 12:15:00-04:00,44.12,44.135,44.02,44.08,37788
2020-05-15 12:20:00-04:00,44.08,44.13,44.08,44.08,25638
2020-05-15 12:25:00-04:00,44.085,44.11,44.02,44.03,19718
2020-05-15 12:30:00-04:00,44.03,44.09,44.01,44.09,30874
2020-05-15 12:35:00-04:00,44.09,44.105,44.065,44.105,34810
2020-05-15 12:40:00-04:00,44.1,44.23,44.085,44.085,68136
2020-05-15 12:45:00-04:00,44.075,44.09,44.035,44.085,28506
2020-05-15 12:50:00-04:00,44.11,44.15,44.06,44.06,38792
2020-05-15 12:55:00-04:00,44.065,44.13,44.03,44.125,33062
2020-05-15 13:00:00-04:00,44.13,44.24,44.115,44.22,26252
2020-05-15 13:05:00-04:00,44.22,44.25,44.17,44.18,40498
2020-05-15 13:10:00-04:00,44.2,44.32,44.19,44.32,32426
2020-05-15 13:15:00-04:00,44.32,44.33,44.29,44.31,33032
2020-05-15 13:20:00-04:00,44.305,44.33,44.275,44.32,36288
2020-05-15 13:25:00-04:00,44.31,44.38,44.31,44.36,35038
2020-05-15 13:30:00-04:00,44.34,44.37,44.315,44.365,41706
2020-05-15 13:35:00-04:00,44.355,44.45,44.345,44.405,37452
2020-05-15 13:40:00-04:00,44.39,44.41,44.305,44.305,40406
2020-05-15 13:45:00-04:00,44.32,44.32,44.24,44.275,38038
2020-05-15 13:50:00-04:00,44.28,44.38,44.275,44.35,24768
2020-05-15 13:55:00-04:00,44.35,44.36,44.31,44.33,37054
2020-05-15 14:00:00-04:00,44.325,44.4,44.325,44.4,45626
2020-05-15 14:05:00-04:00,44.38,44.39,44.315,44.315,21278
2020-05-15 14:10:00-04:00,44.315,44.36,44.28,44.34,46712
2020-05-15 14:15:00-04:00,44.34,44.4,44.34,44.37,28568
2020-05-15 14:20:00-04:00,44.37,44.47,44.36,44.39,30514
2020-05-15 14:25:00-04:00,44.385,44.385,44.32,44.345,21980
2020-05-15 14:30:00-04:00,44.345,44.35,44.235,44.235,28308
2020-05-15 14:35:00-04:00,44.235,44.245,44.145,44.165,62122
2020-05-15 14:40:00-04:00,44.165,44.165,44.09,44.135,54902
2020-05-15 14:45:00-04:00,44.145,44.24,44.14,44.21,37916
2020-05-15 14:50:00-04:00,44.21,44.275,44.185,44.19,26054
2020-05-15 14:55:00-04:00,44.19,44.19,44.1,44.1,36052
2020-05-15 15:00:00-04:00,44.115,44.17,44.065,44.17,78164
2020-05-15 15:05:00-04:00,44.18,44.21,44.13,44.145,38480
2020-05-15 15:10:00-04:00,44.135,44.15,44.08,44.14,43070
2020-05-15 15:15:00-04:00,44.14,44.16,44.12,44.16,45614
2020-05-15 15:20:00-04:00,44.165,44.17,44.12,44.135,57710
2020-05-15 15:25:00-04:00,44.13,44.18,44.115,44.145,97474
2020-05-15 15:30:00-04:00,44.14,44.18,44.11,44.11,90852
2020-05-15 15:35:00-04:00,44.115,44.115,43.935,43.945,92160
2020-05-15 15:40:00-04:00,43.95,43.95,43.8,43.805,151566
2020-05-15 15:45:00-04:00,43.8,43.84,43.71,43.71,210996
2020-05-15 15:50:00-04:00,43.69,43.71,43.31,43.445,350428
2020-05-15 15:55:00-04:00,43.44,43.44,43.2,43.34,661110
2020-05-18 09:25:00-04:00,44.78,44.78,44.78,44.78,103
2020-05-18 09:30:00-04:00,44.71,44.9,44.43,44.5,34583
2020-05-18 09:35:00-04:00,44.51,44.51,44.14,44.14,50241
2020-05-18 09:40:00-04:00,44.16,44.39,44.16,44.22,22981
2020-05-18 09:45:00-04:00,44.22,44.5,44.21,44.4,24038
2020-05-18 09:50:00-04:00,44.405,44.46,44.38,44.4,22417
2020-05-18 09:55:00-04:00,44.38,44.59,44.375,44.55,15594
2020-05-18 10:00:00-04:00,44.55,44.755,44.51,44.735,18126
2020-05-18 10:05:00-04:00,44.73,44.76,44.67,44.74,8687
2020-05-18 10:10:00-04:00,44.75,44.78,44.67,44.69,20256
2020-05-18 10:15:00-04:00,44.68,44.73,44.67,44.73,86893
2020-05-18 10:20:00-04:00,44.715,44.78,44.7,44.725,10698
2020-05-18 10:25:00-04:00,44.72,44.75,44.67,44.68,13207
2020-05-18 10:30:00-04:00,44.675,44.73,44.64,44.72,14391
2020-05-18 10:35:00-04:00,44.71,44.76,44.685,44.76,13265
2020-05-18 10:40:00-04:00,44.77,44.835,44.74,44.765,11851
2020-05-18 10:45:00-04:00,44.755,44.845,44.755,44.83,35762
2020-05-18 10:50:00-04:00,44.84,44.88,44.84,44.87,7946
2020-05-18 10:55:00-04:00,44.865,45.0,44.86,45.0,20341
2020-05-18 11:00:00-04:00,45.0,45.0,44.95,44.985,32563
2020-05-18 11:05:00-04:00,44.99,45.03,44.975,44.99,27166
2020-05-18 11:10:00-04:00,44.975,45.075,44.925,45.065,29939
2020-05-18 11:15:00-04:00,45.06,45.15,45.035,45.13,18875
2020-05-18 11:20:00-04:00,45.11,45.24,45.11,45.22,12816
2020-05-18 11:25:00-04:00,45.22,45.275,45.19,45.25,10331
2020-05-18 11:30:00-04:00,45.255,45.285,45.205,45.25,8420
2020-05-18 11:35:00-04:00,45.25,45.285,45.22,45.24,9946
2020-05-18 11:40:00-04:00,45.24,45.28,45.11,45.11,18057
2020-05-18 11:45:00-04:00,45.095,45.1,44.91,44.95,19715
2020-05-18 11:50:00-04:00,44.95,45.05,44.95,45.04,7195
2020-05-18 11:55:00-04:00,45.05,45.09,45.01,45.01,9173
2020-05-18 12:00:00-04:00,45.01,45.02,44.955,44.96,10646
2020-05-18 12:05:00-04:00,44.965,44.97,44.9,44.915,19962
2020-05-18 12:10:00-04:00,44.91,44.925,44.84,44.85,17819
2020-05-18 12:15:00-04:00,44.85,44.94,44.84,44.85,18671
2020-05-18 12:20:00-04:00,44.86,44.92,44.83,44.9,21965
2020-05-18 12:25:00-04:00,44.91,44.915,44.865,44.87,12171
2020-05-18 12:30:00-04:00,44.88,44.9,44.87,44.9,17229
2020-05-18 12:35:00-04:00,44.9,44.9,44.865,44.87,6553
2020-05-18 12:40:00-04:00,44.875,44.925,44.83,44.91,10849
2020-05-18 12:45:00-04:00,44.91,44.91,44.85,44.86,6505
2020-05-18 12:50:00-04:00,44.88,44.93,44.87,44.87,17374
2020-05-18 12:55:00-04:00,44.87,44.915,44.85,44.88,19980
2020-05-18 13:00:00-04:00,44.88,44.98,44.88,44.96,16558
2020-05-18 13:05:00-04:00,44.97,44.97,44.935,44.945,11264
2020-05-18 13:10:00-04:00,44.94,44.97,44.92,44.96,14562
2020-05-18 13:15:00-04:00,44.965,44.99,44.95,44.99,16944
2020-05-18 13:20:00-04:00,44.995,45.02,44.96,44.96,23452
2020-05-18 13:25:00-04:00,44.97,45.0,44.96,44.99,20612
2020-05-18 13:30:00-04:00,44.98,45.0,44.95,44.95,41680
2020-05-18 13:35:00-04:00,44.955,44.975,44.93,44.975,24460
2020-05-18 13:40:00-04:00,44.975,44.975,44.95,44.97,15448
2020-05-18 13:45:00-04:00,44.96,45.0,44.96,44.99,15694
2020-05-18 13:50:00-04:00,44.99,45.03,44.98,45.02,76690
2020-05-18 13:55:00-04:00,45.025,45.09,45.02,45.08,43244
2020-05-18 14:00:00-04:00,45.09,45.15,45.07,45.15,19290
2020-05-18 14:05:00-04:00,45.15,45.18,45.14,45.155,17810
2020-05-18 14:10:00-04:00,45.155,45.165,45.125,45.165,13680
2020-05-18 14:15:00-04:00,45.17,45.185,45.12,45.135,25280
2020-05-18 14:20:00-04:00,45.13,45.16,45.11,45.115,21426
2020-05-18 14:25:00-04:00,45.12,45.165,45.11,45.135,32816
2020-05-18 14:30:00-04:00,45.13,45.175,45.125,45.155,22774
2020-05-18 14:35:00-04:00,45.16,45.18,45.12,45.12,20164
2020-05-18 14:40:00-04:00,45.125,45.18,45.11,45.16,20876
2020-05-18 14:45:00-04:00,45.155,45.175,45.135,45.15,25520
2020-05-18 14:50:00-04:00,45.15,45.155,45.11,45.135,26132
2020-05-18 14:55:00-04:00,45.14,45.145,45.11,45.145,24516
2020-05-18 15:00:00-04:00,45.14,45.18,45.14,45.18,21252
2020-05-18 15:05:00-04:00,45.17,45.17,45.115,45.15,32678
2020-05-18 15:10:00-04:00,45.14,45.175,45.12,45.165,32236
2020-05-18 15:15:00-04:00,45.17,45.2,45.15,45.185,45714
2020-05-18 15:20:00-04:00,45.18,45.19,45.13,45.15,24210
2020-05-18 15:25:00-04:00,45.15,45.18,45.12,45.18,32560
2020-05-18 15:30:00-04:00,45.175,45.3,45.175,45.26,56998
2020-05-18 15:35:00-04:00,45.27,45.3,45.24,45.295,69176
2020-05-18 15:40:00-04:00,45.3,45.385,45.29,45.375,64600
2020-05-18 15:45:00-04:00,45.38,45.39,45.28,45.3,130404
2020-05-18 15:50:00-04:00,45.3,45.315,45.06,45.07,119724
2020-05-18 15:55:00-04:00,45.07,45.09,44.925,44.94,216834
2020-05-19 09:30:00-04:00,44.985,44.985,44.73,44.73,30746
2020-05-19 09:35:00-04:00,44.66,44.7,44.61,44.63,9236
2020-05-19 09:40:00-04:00,44.68,44.68,44.47,44.57,17762
2020-05-19 09:45:00-04:00,44.57,44.58,44.27,44.34,21036
2020-05-19 09:50:00-04:00,44.4,44.49,44.36,44.43,22310
2020-05-19 09:55:00-04:00,44.45,44.56,44.45,44.475,37496
2020-05-19 10:00:00-04:00,44.47,44.71,44.44,44.7,16366
2020-05-19 10:05:00-04:00,44.73,44.94,44.68,44.87,14990
2020-05-19 10:10:00-04:00,44.86,44.88,44.755,44.78,27386
2020-05-19 10:15:00-04:00,44.755,44.81,44.7,44.72,24748
2020-05-19 10:20:00-04:00,44.735,44.865,44.71,44.775,20670
2020-05-19 10:25:00-04:00,44.78,44.89,44.755,44.89,23996
2020-05-19 10:30:00-04:00,44.88,44.89,44.8,44.84,32182
2020-05-19 10:35:00-04:00,44.85,44.87,44.77,44.83,28980
2020-05-19 10:40:00-04:00,44.78,44.78,44.64,44.65,22424
2020-05-19 10:45:00-04:00,44.64,44.75,44.64,44.74,19170
2020-05-19 10:50:00-04:00,44.76,44.895,44.76,44.855,18772
2020-05-19 10:55:00-04:00,44.85,44.89,44.81,44.82,22718
2020-05-19 11:00:00-04:00,44.82,44.875,44.81,44.84,34874
2020-05-19 11:05:00-04:00,44.83,44.84,44.765,44.81,24914
2020-05-19 11:10:00-04:00,44.815,44.83,44.77,44.77,21624
2020-05-19 11:15:00-04:00,44.77,44.89,44.77,44.815,18922
2020-05-19 11:20:00-04:00,44.82,44.91,44.8,44.9,15716
2020-05-19 11:25:00-04:00,44.905,44.97,44.875,44.97,26964
2020-05-19 11:30:00-04:00,44.98,44.98,44.93,44.96,32288
2020-05-19 11:35:00-04:00,44.955,44.98,44.92,44.945,45224
2020-05-19 11:40:00-04:00,44.94,45.06,44.94,44.975,40292
2020-05-19 11:45:00-04:00,44.99,45.01,44.935,44.935,39868
2020-05-19 11:50:00-04:00,44.945,45.005,44.89,45.005,32356
2020-05-19 11:55:00-04:00,45.03,45.065,44.98,45.055,40170
2020-05-19 12:00:00-04:00,45.075,45.085,45.0,45.02,25916
2020-05-19 12:05:00-04:00,45.02,45.025,44.97,44.975,34040
2020-05-19 12:10:00-04:00,44.98,45.025,44.96,45.025,34200
2020-05-19 12:15:00-04:00,45.02,45.02,44.92,44.94,23404
2020-05-19 12:20:00-04:00,44.945,44.995,44.94,44.98,31586
2020-05-19 12:25:00-04:00,44.97,45.01,44.94,44.955,38332
2020-05-19 12:30:00-04:00,44.96,44.985,44.87,44.87,31026
2020-05-19 12:35:00-04:00,44.87,44.95,44.87,44.89,30754
2020-05-19 12:40:00-04:00,44.89,44.935,44.89,44.935,36680
2020-05-19 12:45:00-04:00,44.93,44.96,44.905,44.915,70360
2020-05-19 12:50:00-04:00,44.915,44.92,44.855,44.86,80992
2020-05-19 12:55:00-04:00,44.85,44.99,44.85,44.975,84500
2020-05-19 13:00:00-04:00,44.975,44.99,44.92,44.92,24070
2020-05-19 13:05:00-04:00,44.92,44.955,44.89,44.93,19072
2020-05-19 13:10:00-04:00,44.925,45.005,44.92,44.985,31444
2020-05-19 13:15:00-04:00,44.99,44.99,44.96,44.97,42950
2020-05-19 13:20:00-04:00,44.96,44.97,44.95,44.97,24448
2020-05-19 13:25:00-04:00,44.975,45.03,44.97,45.01,23678
2020-05-19 13:30:00-04:00,45.0,45.07,45.0,45.05,13064
2020-05-19 13:35:00-04:00,45.05,45.06,45.03,45.03,19574
2020-05-19 13:40:00-04:00,45.035,45.08,45.02,45.08,50184
2020-05-19 13:45:00-04:00,45.08,45.09,45.045,45.08,25732
2020-05-19 13:50:00-04:00,45.08,45.13,45.07,45.11,16536
2020-05-19 13:55:00-04:00,45.105,45.14,45.1,45.14,17320
2020-05-19 14:00:00-04:00,45.14,45.19,45.075,45.1,30394
2020-05-19 14:05:00-04:00,45.12,45.165,45.11,45.165,13396
2020-05-19 14:10:00-04:00,45.17,45.18,45.11,45.11,12452
2020-05-19 14:15:00-04:00,45.11,45.12,45.1,45.12,6090
2020-05-19 14:20:00-04:00,45.115,45.17,45.11,45.17,16190
2020-05-19 14:25:00-04:00,45.19,45.2,45.16,45.2,17318
2020-05-19 14:30:00-04:00,45.24,45.27,45.21,45.24,38852
2020-05-19 14:35:00-04:00,45.25,45.31,45.22,45.3,72278
2020-05-19 14:40:00-04:00,45.3,45.33,45.27,45.32,15598
2020-05-19 14:45:00-04:00,45.31,45.325,45.25,45.27,18646
2020-05-19 14:50:00-04:00,45.27,45.27,45.24,45.24,23394
2020-05-19 14:55:00-04:00,45.235,45.25,44.975,45.04,102580
2020-05-19 15:00:00-04:00,45.02,45.145,45.0,45.12,96370
2020-05-19 15:05:00-04:00,45.1,45.12,45.05,45.105,24944
2020-05-19 15:10:00-04:00,45.1,45.19,45.05,45.085,20878
2020-05-19 15:15:00-04:00,45.08,45.105,45.025,45.025,28782
2020-05-19 15:20:00-04:00,45.03,45.07,44.95,44.98,32516
2020-05-19 15:25:00-04:00,44.98,45.0,44.96,44.99,49862
2020-05-19 15:30:00-04:00,44.99,45.0,44.87,44.87,46252
2020-05-19 15:35:00-04:00,44.82,44.82,44.7,44.76,50120
2020-05-19 15:40:00-04:00,44.755,44.825,44.73,44.765,31928
2020-05-19 15:45:00-04:00,44.76,44.82,44.725,44.8,57732
2020-05-19 15:50:00-04:00,44.77,44.8,44.61,44.67,101154
2020-05-19 15:55:00-04:00,44.675,44.68,44.53,44.54,203516
2020-05-20 09:30:00-04:00,45.17,45.24,45.03,45.16,50596
2020-05-20 09:35:00-04:00,45.175,45.545,45.135,45.52,75058
2020-05-20 09:40:00-04:00,45.62,45.83,45.615,45.69,53440
2020-05-20 09:45:00-04:00,45.705,45.76,45.525,45.695,41692
2020-05-20 09:50:00-04:00,45.71,45.715,45.36,45.395,32766
2020-05-20 09:55:00-04:00,45.42,45.63,45.33,45.515,37954
2020-05-20 10:00:00-04:00,45.525,45.725,45.51,45.725,31448
2020-05-20 10:05:00-04:00,45.735,45.77,45.68,45.74,93810
2020-05-20 10:10:00-04:00,45.75,45.83,45.75,45.83,40484
2020-05-20 10:15:00-04:00,45.83,45.84,45.7,45.835,35094
2020-05-20 10:20:00-04:00,45.87,45.88,45.81,45.84,32832
2020-05-20 10:25:00-04:00,45.855,45.91,45.815,45.855,31476
2020-05-20 10:30:00-04:00,45.88,45.89,45.765,45.78,81136
2020-05-20 10:35:00-04:00,45.8,45.89,45.785,45.85,27896
2020-05-20 10:40:00-04:00,45.885,45.885,45.78,45.825,15984
2020-05-20 10:45:00-04:00,45.84,45.895,45.79,45.865,20024
2020-05-20 10:50:00-04:00,45.855,45.87,45.705,45.74,27796
2020-05-20 10:55:00-04:00,45.75,45.82,45.7,45.82,29680
2020-05-20 11:00:00-04:00,45.825,45.85,45.72,45.77,77434
2020-05-20 11:05:00-04:00,45.77,45.91,45.765,45.89,25378
2020-05-20 11:10:00-04:00,45.88,45.97,45.88,45.95,24628
2020-05-20 11:15:00-04:00,45.96,46.1,45.925,46.09,64088
2020-05-20 11:20:00-04:00,46.09,46.09,45.835,45.85,17660
2020-05-20 11:25:00-04:00,45.85,45.935,45.84,45.865,36166
2020-05-20 11:30:00-04:00,45.875,45.94,45.875,45.885,21340
2020-05-20 11:35:00-04:00,45.86,45.935,45.84,45.88,22974
2020-05-20 11:40:00-04:00,45.88,45.945,45.875,45.92,23664
2020-05-20 11:45:00-04:00,45.925,45.985,45.92,45.95,48450
2020-05-20 11:50:00-04:00,45.96,45.96,45.86,45.86,15954
2020-05-20 11:55:00-04:00,45.85,45.895,45.83,45.88,9306
2020-05-20 12:00:00-04:00,45.91,45.955,45.88,45.94,25854
2020-05-20 12:05:00-04:00,45.945,45.99,45.86,45.865,34216
2020-05-20 12:10:00-04:00,45.855,45.88,45.8,45.83,16836
2020-05-20 12:15:00-04:00,45.79,45.86,45.775,45.855,20874
2020-05-20 12:20:00-04:00,45.86,45.94,45.79,45.89,19032
2020-05-20 12:25:00-04:00,45.87,45.93,45.845,45.915,13124
2020-05-20 12:30:00-04:00,45.92,46.09,45.92,46.025,92854
2020-05-20 12:35:00-04:00,46.03,46.16,46.03,46.11,34726
2020-05-20 12:40:00-04:00,46.105,46.155,46.03,46.065,81246
2020-05-20 12:45:00-04:00,46.09,46.15,46.055,46.13,25770
2020-05-20 12:50:00-04:00,46.135,46.15,46.05,46.05,13396
2020-05-20 12:55:00-04:00,46.03,46.03,45.955,45.985,19752
2020-05-20 13:00:00-04:00,45.99,46.06,45.99,46.05,36836
2020-05-20 13:05:00-04:00,46.05,46.06,45.79,45.825,22836
2020-05-20 13:10:00-04:00,45.82,45.98,45.81,45.935,21156
2020-05-20 13:15:00-04:00,45.92,45.955,45.875,45.92,13290
2020-05-20 13:20:00-04:00,45.925,45.94,45.84,45.87,35090
2020-05-20 13:25:00-04:00,45.88,45.88,45.755,45.755,24046
2020-05-20 13:30:00-04:00,45.765,45.84,45.765,45.8,21076
2020-05-20 13:35:00-04:00,45.8,45.895,45.785,45.895,15612
2020-05-20 13:40:00-04:00,45.9,45.905,45.855,45.87,25420
2020-05-20 13:45:00-04:00,45.885,45.9,45.835,45.855,10678
2020-05-20 13:50:00-04:00,45.865,45.895,45.85,45.885,14790
2020-05-20 13:55:00-04:00,45.89,45.9,45.805,45.805,12436
2020-05-20 14:00:00-04:00,45.82,45.85,45.75,45.79,57512
2020-05-20 14:05:00-04:00,45.815,45.875,45.81,45.835,18874
2020-05-20 14:10:00-04:00,45.835,45.86,45.78,45.79,18890
2020-05-20 14:15:00-04:00,45.81,45.83,45.77,45.795,1012470
2020-05-20 14:20:00-04:00,45.76,45.84,45.76,45.83,8040
2020-05-20 14:25:00-04:00,45.805,45.81,45.76,45.79,13880
2020-05-20 14:30:00-04:00,45.765,45.85,45.76,45.85,12114
2020-05-20 14:35:00-04:00,45.845,45.895,45.835,45.895,1019222
2020-05-20 14:40:00-04:00,45.905,45.915,45.84,45.87,17908
2020-05-20 14:45:00-04:00,45.88,45.89,45.81,45.81,8154
2020-05-20 14:50:00-04:00,45.77,45.78,45.74,45.76,25480
2020-05-20 14:55:00-04:00,45.73,45.73,45.655,45.655,39608
2020-05-20 15:00:00-04:00,45.64,45.7,45.595,45.6,16618
2020-05-20 15:05:00-04:00,45.58,45.63,45.58,45.61,1018056
2020-05-20 15:10:00-04:00,45.61,45.625,45.5,45.54,25070
2020-05-20 15:15:00-04:00,45.54,45.63,45.53,45.61,22852
2020-05-20 15:20:00-04:00,45.61,45.705,45.605,45.705,28782
2020-05-20 15:25:00-04:00,45.695,45.72,45.65,45.71,34710
2020-05-20 15:30:00-04:00,45.7,45.785,45.7,45.76,36884
2020-05-20 15:35:00-04:00,45.755,45.83,45.755,45.81,45844
2020-05-20 15:40:00-04:00,45.79,45.895,45.775,45.87,73138
2020-05-20 15:45:00-04:00,45.86,45.89,45.8,45.82,86736
2020-05-20 15:50:00-04:00,45.8,45.855,45.74,45.85,90220
2020-05-20 15:55:00-04:00,45.845,45.945,45.8,45.9,152142
2020-05-21 09:30:00-04:00,46.005,46.06,45.77,45.9,35046
2020-05-21 09:35:00-04:00,45.9,45.98,45.86,45.89,47458
2020-05-21 09:40:00-04:00,45.85,45.96,45.8,45.8,55990
2020-05-21 09:45:00-04:00,45.81,45.855,45.79,45.84,13294
2020-05-21 09:50:00-04:00,45.87,45.905,45.83,45.88,21956
2020-05-21 09:55:00-04:00,45.9,45.925,45.855,45.92,18904
2020-05-21 10:00:00-04:00,45.88,45.92,45.825,45.845,32092
2020-05-21 10:05:00-04:00,45.845,45.895,45.82,45.86,22330
2020-05-21 10:10:00-04:00,45.86,45.92,45.85,45.875,7462
2020-05-21 10:15:00-04:00,45.87,45.915,45.83,45.83,13656
2020-05-21 10:20:00-04:00,45.86,45.895,45.83,45.895,11708
2020-05-21 10:25:00-04:00,45.9,45.95,45.89,45.895,22448
2020-05-21 10:30:00-04:00,45.89,45.895,45.68,45.745,23520
2020-05-21 10:35:00-04:00,45.745,45.82,45.67,45.7,32172
2020-05-21 10:40:00-04:00,45.7,45.78,45.7,45.77,17524
2020-05-21 10:45:00-04:00,45.75,45.76,45.67,45.67,25958
2020-05-21 10:50:00-04:00,45.62,45.625,45.56,45.61,13124
2020-05-21 10:55:00-04:00,45.6,45.655,45.585,45.585,14390
2020-05-21 11:00:00-04:00,45.58,45.58,45.43,45.44,12044
2020-05-21 11:05:00-04:00,45.44,45.555,45.405,45.55,11210
2020-05-21 11:10:00-04:00,45.54,45.545,45.47,45.53,14094
2020-05-21 11:15:00-04:00,45.52,45.52,45.385,45.41,21577
2020-05-21 11:20:00-04:00,45.405,45.47,45.335,45.41,17098
2020-05-21 11:25:00-04:00,45.41,45.435,45.34,45.36,16318
2020-05-21 11:30:00-04:00,45.37,45.405,45.32,45.32,19810
2020-05-21 11:35:00-04:00,45.31,45.41,45.255,45.41,47374
2020-05-21 11:40:00-04:00,45.42,45.44,45.385,45.405,14746
2020-05-21 11:45:00-04:00,45.41,45.42,45.28,45.28,12592
2020-05-21 11:50:00-04:00,45.29,45.305,45.265,45.295,8666
2020-05-21 11:55:00-04:00,45.325,45.34,45.255,45.265,8922
2020-05-21 12:00:00-04:00,45.285,45.38,45.22,45.25,21710
2020-05-21 12:05:00-04:00,45.26,45.28,45.22,45.255,16795
2020-05-21 12:10:00-04:00,45.26,45.29,45.195,45.28,19240
2020-05-21 12:15:00-04:00,45.26,45.27,45.2,45.21,15324
2020-05-21 12:20:00-04:00,45.22,45.25,45.205,45.245,10680
2020-05-21 12:25:00-04:00,45.245,45.26,45.22,45.22,12544
2020-05-21 12:30:00-04:00,45.2,45.245,45.16,45.21,5726
2020-05-21 12:35:00-04:00,45.2,45.2,45.12,45.13,18804
2020-05-21 12:40:00-04:00,45.175,45.29,45.175,45.27,12708
2020-05-21 12:45:00-04:00,45.275,45.32,45.23,45.24,9436
2020-05-21 12:50:00-04:00,45.245,45.275,45.21,45.25,5386
2020-05-21 12:55:00-04:00,45.255,45.27,45.22,45.225,10688
2020-05-21 13:00:00-04:00,45.23,45.375,45.21,45.375,12260
2020-05-21 13:05:00-04:00,45.37,45.37,45.275,45.3,5616
2020-05-21 13:10:00-04:00,45.3,45.37,45.3,45.35,11042
2020-05-21 13:15:00-04:00,45.36,45.36,45.27,45.27,11310
2020-05-21 13:20:00-04:00,45.27,45.325,45.23,45.325,10964
2020-05-21 13:25:00-04:00,45.33,45.33,45.235,45.235,10718
2020-05-21 13:30:00-04:00,45.23,45.24,45.19,45.225,16438
2020-05-21 13:35:00-04:00,45.215,45.27,45.185,45.185,31048
2020-05-21 13:40:00-04:00,45.185,45.2,45.14,45.15,21545
2020-05-21 13:45:00-04:00,45.13,45.185,45.11,45.15,7448
2020-05-21 13:50:00-04:00,45.14,45.18,45.135,45.175,26408
2020-05-21 13:55:00-04:00,45.14,45.15,45.125,45.14,11114
2020-05-21 14:00:00-04:00,45.14,45.25,45.14,45.25,16086
2020-05-21 14:05:00-04:00,45.25,45.28,45.22,45.265,8548
2020-05-21 14:10:00-04:00,45.26,45.27,45.225,45.235,8997
2020-05-21 14:15:00-04:00,45.25,45.255,45.225,45.225,46564
2020-05-21 14:20:00-04:00,45.225,45.28,45.225,45.28,11368
2020-05-21 14:25:00-04:00,45.275,45.29,45.23,45.235,11444
2020-05-21 14:30:00-04:00,45.235,45.24,45.2,45.215,19746
2020-05-21 14:35:00-04:00,45.22,45.22,45.08,45.13,66036
2020-05-21 14:40:00-04:00,45.125,45.14,45.1,45.12,19514
2020-05-21 14:45:00-04:00,45.11,45.11,45.035,45.04,17160
2020-05-21 14:50:00-04:00,45.05,45.125,45.04,45.09,18136
2020-05-21 14:55:00-04:00,45.105,45.12,45.07,45.105,21452
2020-05-21 15:00:00-04:00,45.085,45.19,45.085,45.14,16028
2020-05-21 15:05:00-04:00,45.125,45.175,45.12,45.165,15246
2020-05-21 15:10:00-04:00,45.145,45.21,45.11,45.21,15306
2020-05-21 15:15:00-04:00,45.2,45.24,45.18,45.24,40924
2020-05-21 15:20:00-04:00,45.23,45.26,45.19,45.26,24528
2020-05-21 15:25:00-04:00,45.27,45.28,45.2,45.21,22890
2020-05-21 15:30:00-04:00,45.205,45.27,45.165,45.2,18056
2020-05-21 15:35:00-04:00,45.195,45.24,45.16,45.22,22036
2020-05-21 15:40:00-04:00,45.225,45.28,45.16,45.275,30832
2020-05-21 15:45:00-04:00,45.27,45.285,45.165,45.21,38542
2020-05-21 15:50:00-04:00,45.23,45.23,45.12,45.165,64650
2020-05-21 15:55:00-04:00,45.17,45.23,45.16,45.18,141820
2020-05-22 09:30:00-04:00,45.305,45.305,45.025,45.095,31048
2020-05-22 09:35:00-04:00,45.1,45.115,45.015,45.04,19662
2020-05-22 09:40:00-04:00,45.04,45.09,44.815,44.875,39972
2020-05-22 09:45:00-04:00,44.87,44.995,44.83,44.96,26158
2020-05-22 09:50:00-04:00,44.96,44.99,44.865,44.9,26610
2020-05-22 09:55:00-04:00,44.895,44.92,44.85,44.87,23090
2020-05-22 10:00:00-04:00,44.875,44.97,44.845,44.925,17160
2020-05-22 10:05:00-04:00,44.89,45.05,44.87,45.01,15970
2020-05-22 10:10:00-04:00,45.01,45.045,44.955,44.96,20198
2020-05-22 10:15:00-04:00,44.92,45.02,44.905,44.92,13052
2020-05-22 10:20:00-04:00,44.935,45.045,44.93,44.99,19988
2020-05-22 10:25:00-04:00,44.985,45.03,44.95,45.03,15132
2020-05-22 10:30:00-04:00,45.03,45.12,45.0,45.1,13112
2020-05-22 10:35:00-04:00,45.08,45.14,45.08,45.14,10012
2020-05-22 10:40:00-04:00,45.17,45.18,45.095,45.115,11912
2020-05-22 10:45:00-04:00,45.11,45.165,45.08,45.09,10230
2020-05-22 10:50:00-04:00,45.065,45.12,45.06,45.08,8310
2020-05-22 10:55:00-04:00,45.035,45.05,44.915,44.93,13998
2020-05-22 11:00:00-04:00,44.905,44.96,44.855,44.88,14710
2020-05-22 11:05:00-04:00,44.86,44.9,44.82,44.9,14298
2020-05-22 11:10:00-04:00,44.88,44.91,44.865,44.875,11120
2020-05-22 11:15:00-04:00,44.89,44.99,44.88,44.99,10116
2020-05-22 11:20:00-04:00,44.98,44.98,44.865,44.88,13342
2020-05-22 11:25:00-04:00,44.875,44.97,44.835,44.97,15106
2020-05-22 11:30:00-04:00,44.965,44.965,44.895,44.94,9986
2020-05-22 11:35:00-04:00,44.925,44.93,44.895,44.9,10616
2020-05-22 11:40:00-04:00,44.91,44.945,44.89,44.89,13920
2020-05-22 11:45:00-04:00,44.89,44.89,44.85,44.89,21718
2020-05-22 11:50:00-04:00,44.875,44.88,44.84,44.84,10074
2020-05-22 11:55:00-04:00,44.83,44.83,44.75,44.755,22036
2020-05-22 12:00:00-04:00,44.755,44.8,44.755,44.775,20202
2020-05-22 12:05:00-04:00,44.77,44.78,44.705,44.715,14158
2020-05-22 12:10:00-04:00,44.715,44.765,44.65,44.705,15966
2020-05-22 12:15:00-04:00,44.71,44.77,44.705,44.75,4626
2020-05-22 12:20:00-04:00,44.75,44.75,44.73,44.73,3228
2020-05-22 12:25:00-04:00,44.74,44.75,44.66,44.66,6718
2020-05-22 12:30:00-04:00,44.665,44.725,44.66,44.725,25984
2020-05-22 12:35:00-04:00,44.735,44.775,44.72,44.775,11822
2020-05-22 12:40:00-04:00,44.79,44.81,44.77,44.81,5256
2020-05-22 12:45:00-04:00,44.81,44.81,44.76,44.76,4460
2020-05-22 12:50:00-04:00,44.79,44.8,44.765,44.77,3636
2020-05-22 12:55:00-04:00,44.76,44.77,44.69,44.72,7730
2020-05-22 13:00:00-04:00,44.72,44.72,44.655,44.67,8972
2020-05-22 13:05:00-04:00,44.67,44.71,44.67,44.7,7504
2020-05-22 13:10:00-04:00,44.685,44.74,44.685,44.71,12608
2020-05-22 13:15:00-04:00,44.73,44.755,44.73,44.73,13244
2020-05-22 13:20:00-04:00,44.74,44.78,44.74,44.78,14338
2020-05-22 13:25:00-04:00,44.79,44.8,44.74,44.755,16388
2020-05-22 13:30:00-04:00,44.755,44.78,44.755,44.77,16302
2020-05-22 13:35:00-04:00,44.76,44.78,44.76,44.765,9084
2020-05-22 13:40:00-04:00,44.765,44.775,44.755,44.755,9192
2020-05-22 13:45:00-04:00,44.755,44.77,44.74,44.745,10826
2020-05-22 13:50:00-04:00,44.745,44.76,44.73,44.73,8816
2020-05-22 13:55:00-04:00,44.725,44.74,44.715,44.72,9530
2020-05-22 14:00:00-04:00,44.71,44.81,44.705,44.8,24876
2020-05-22 14:05:00-04:00,44.8,44.81,44.785,44.79,18978
2020-05-22 14:10:00-04:00,44.79,44.8,44.77,44.79,13852
2020-05-22 14:15:00-04:00,44.79,44.81,44.78,44.8,13314
2020-05-22 14:20:00-04:00,44.805,44.805,44.75,44.77,11390
2020-05-22 14:25:00-04:00,44.78,44.8,44.78,44.8,132458
2020-05-22 14:30:00-04:00,44.8,44.9,44.78,44.89,15726
2020-05-22 14:35:00-04:00,44.89,44.93,44.875,44.925,17114
2020-05-22 14:40:00-04:00,44.92,44.92,44.835,44.85,23562
2020-05-22 14:45:00-04:00,44.845,44.91,44.845,44.91,23300
2020-05-22 14:50:00-04:00,44.92,45.1,44.92,45.02,60238
2020-05-22 14:55:00-04:00,45.025,45.04,44.955,44.96,21652
2020-05-22 15:00:00-04:00,44.95,44.98,44.93,44.97,18632
2020-05-22 15:05:00-04:00,44.98,45.01,44.93,44.97,171736
2020-05-22 15:10:00-04:00,44.97,44.97,44.9,44.9,16436
2020-05-22 15:15:00-04:00,44.905,44.93,44.9,44.91,89278
2020-05-22 15:20:00-04:00,44.905,44.93,44.83,44.875,27064
2020-05-22 15:25:00-04:00,44.87,44.9,44.86,44.87,18018
2020-05-22 15:30:00-04:00,44.865,44.97,44.86,44.97,30514
2020-05-22 15:35:00-04:00,44.98,44.98,44.945,44.98,38588
2020-05-22 15:40:00-04:00,44.98,45.02,44.945,45.02,42350
2020-05-22 15:45:00-04:00,45.015,45.04,44.945,44.95,59464
2020-05-22 15:50:00-04:00,44.95,45.05,44.915,45.025,79866
2020-05-22 15:55:00-04:00,45.02,45.07,44.98,45.05,137666
2020-05-26 09:25:00-04:00,46.55,46.89,46.55,46.89,5428
2020-05-26 09:30:00-04:00,46.81,46.91,46.57,46.58,112566
2020-05-26 09:35:00-04:00,46.61,46.64,46.3,46.34,68162
2020-05-26 09:40:00-04:00,46.34,46.5,46.3,46.44,35752
2020-05-26 09:45:00-04:00,46.435,46.435,46.3,46.37,45226
2020-05-26 09:50:00-04:00,46.39,46.46,46.25,46.25,51024
2020-05-26 09:55:00-04:00,46.24,46.27,46.095,46.105,49866
2020-05-26 10:00:00-04:00,46.095,46.18,46.065,46.165,48332
2020-05-26 10:05:00-04:00,46.16,46.16,45.965,45.97,33090
2020-05-26 10:10:00-04:00,45.965,46.05,45.93,46.05,38490
2020-05-26 10:15:00-04:00,46.05,46.06,46.01,46.025,38048
2020-05-26 10:20:00-04:00,46.03,46.15,46.02,46.1,60154
2020-05-26 10:25:00-04:00,46.1,46.275,46.08,46.275,127334
2020-05-26 10:30:00-04:00,46.265,46.37,46.265,46.335,74080
2020-05-26 10:35:00-04:00,46.34,46.37,46.26,46.3,55486
2020-05-26 10:40:00-04:00,46.32,46.37,46.28,46.33,49062
2020-05-26 10:45:00-04:00,46.33,46.385,46.22,46.23,41350
2020-05-26 10:50:00-04:00,46.24,46.29,46.23,46.26,32504
2020-05-26 10:55:00-04:00,46.26,46.31,46.25,46.3,25756
2020-05-26 11:00:00-04:00,46.3,46.385,46.3,46.325,36988
2020-05-26 11:05:00-04:00,46.31,46.34,46.29,46.3,24142
2020-05-26 11:10:00-04:00,46.28,46.34,46.28,46.325,20700
2020-05-26 11:15:00-04:00,46.325,46.44,46.325,46.44,24634
2020-05-26 11:20:00-04:00,46.44,46.47,46.415,46.445,30320
2020-05-26 11:25:00-04:00,46.445,46.45,46.31,46.33,40814
2020-05-26 11:30:00-04:00,46.33,46.345,46.25,46.325,25858
2020-05-26 11:35:00-04:00,46.305,46.4,46.295,46.39,43864
2020-05-26 11:40:00-04:00,46.38,46.385,46.32,46.32,50966
2020-05-26 11:45:00-04:00,46.325,46.34,46.3,46.3,47064
2020-05-26 11:50:00-04:00,46.29,46.38,46.28,46.32,26762
2020-05-26 11:55:00-04:00,46.33,46.37,46.32,46.32,25860
2020-05-26 12:00:00-04:00,46.33,46.405,46.325,46.37,23026
2020-05-26 12:05:00-04:00,46.37,46.42,46.325,46.39,30780
2020-05-26 12:10:00-04:00,46.39,46.395,46.34,46.37,24370
2020-05-26 12:15:00-04:00,46.38,46.41,46.37,46.39,18458
2020-05-26 12:20:00-04:00,46.38,46.38,46.33,46.35,21474
2020-05-26 12:25:00-04:00,46.345,46.355,46.31,46.355,13756
2020-05-26 12:30:00-04:00,46.36,46.39,46.35,46.39,14784
2020-05-26 12:35:00-04:00,46.38,46.42,46.38,46.405,15896
2020-05-26 12:40:00-04:00,46.39,46.41,46.38,46.39,26892
2020-05-26 12:45:00-04:00,46.4,46.41,46.36,46.41,20384
2020-05-26 12:50:00-04:00,46.42,46.49,46.41,46.49,16134
2020-05-26 12:55:00-04:00,46.49,46.55,46.49,46.49,22618
2020-05-26 13:00:00-04:00,46.485,46.525,46.465,46.465,33696
2020-05-26 13:05:00-04:00,46.46,46.54,46.46,46.535,29962
2020-05-26 13:10:00-04:00,46.545,46.545,46.48,46.515,42000
2020-05-26 13:15:00-04:00,46.505,46.505,46.455,46.455,30578
2020-05-26 13:20:00-04:00,46.455,46.46,46.44,46.46,25048
2020-05-26 13:25:00-04:00,46.455,46.48,46.45,46.46,31040
2020-05-26 13:30:00-04:00,46.47,46.505,46.46,46.5,42022
2020-05-26 13:35:00-04:00,46.48,46.485,46.46,46.47,18526
2020-05-26 13:40:00-04:00,46.47,46.52,46.46,46.485,30268
2020-05-26 13:45:00-04:00,46.48,46.51,46.48,46.51,31274
2020-05-26 13:50:00-04:00,46.51,46.53,46.51,46.52,25562
2020-05-26 13:55:00-04:00,46.515,46.52,46.48,46.505,48796
2020-05-26 14:00:00-04:00,46.505,46.52,46.445,46.49,45864
2020-05-26 14:05:00-04:00,46.48,46.5,46.46,46.49,22900
2020-05-26 14:10:00-04:00,46.48,46.5,46.475,46.49,13738
2020-05-26 14:15:00-04:00,46.49,46.51,46.48,46.505,18796
2020-05-26 14:20:00-04:00,46.52,46.55,46.505,46.53,223614
2020-05-26 14:25:00-04:00,46.54,46.585,46.54,46.55,19818
2020-05-26 14:30:00-04:00,46.55,46.58,46.53,46.53,18322
2020-05-26 14:35:00-04:00,46.53,46.56,46.52,46.555,17046
2020-05-26 14:40:00-04:00,46.55,46.56,46.37,46.37,42964
2020-05-26 14:45:00-04:00,46.38,46.39,46.3,46.34,36956
2020-05-26 14:50:00-04:00,46.34,46.4,46.34,46.395,17288
2020-05-26 14:55:00-04:00,46.39,46.44,46.37,46.415,37210
2020-05-26 15:00:00-04:00,46.41,46.43,46.31,46.32,29836
2020-05-26 15:05:00-04:00,46.32,46.355,46.27,46.35,33194
2020-05-26 15:10:00-04:00,46.36,46.385,46.295,46.315,35046
2020-05-26 15:15:00-04:00,46.32,46.32,46.26,46.3,25024
2020-05-26 15:20:00-04:00,46.3,46.475,46.3,46.47,19118
2020-05-26 15:25:00-04:00,46.47,46.475,46.39,46.39,56564
2020-05-26 15:30:00-04:00,46.4,46.425,46.23,46.26,44884
2020-05-26 15:35:00-04:00,46.325,46.37,46.24,46.24,54828
2020-05-26 15:40:00-04:00,46.235,46.245,46.2,46.205,58332
2020-05-26 15:45:00-04:00,46.2,46.24,46.145,46.185,69026
2020-05-26 15:50:00-04:00,46.2,46.215,46.065,46.07,117824
2020-05-26 15:55:00-04:00,46.06,46.12,46.01,46.1,270244
2020-05-27 09:30:00-04:00,46.94,46.985,46.82,46.91,99400
2020-05-27 09:35:00-04:00,46.91,47.085,46.885,46.905,145420
2020-05-27 09:40:00-04:00,46.92,46.94,46.67,46.8,72146
2020-05-27 09:45:00-04:00,46.79,46.91,46.67,46.9,35918
2020-05-27 09:50:00-04:00,46.945,46.995,46.83,46.88,37000
2020-05-27 09:55:00-04:00,46.88,46.9,46.8,46.82,25228
2020-05-27 10:00:00-04:00,46.81,46.98,46.79,46.96,33278
2020-05-27 10:05:00-04:00,46.93,47.0,46.89,46.91,30906
2020-05-27 10:10:00-04:00,46.89,46.97,46.88,46.94,28242
2020-05-27 10:15:00-04:00,46.93,47.01,46.91,46.93,14476
2020-05-27 10:20:00-04:00,46.9,46.9,46.7,46.73,27094
2020-05-27 10:25:00-04:00,46.72,46.755,46.64,46.72,26442
2020-05-27 10:30:00-04:00,46.71,46.71,46.525,46.585,38264
2020-05-27 10:35:00-04:00,46.595,46.64,46.55,46.625,23114
2020-05-27 10:40:00-04:00,46.63,46.63,46.52,46.56,40048
2020-05-27 10:45:00-04:00,46.575,46.6,46.435,46.44,31808
2020-05-27 10:50:00-04:00,46.47,46.565,46.43,46.565,35584
2020-05-27 10:55:00-04:00,46.55,46.83,46.545,46.83,68224
2020-05-27 11:00:00-04:00,46.82,46.91,46.765,46.875,56822
2020-05-27 11:05:00-04:00,46.875,46.91,46.785,46.8,22524
2020-05-27 11:10:00-04:00,46.785,46.88,46.78,46.85,12082
2020-05-27 11:15:00-04:00,46.82,46.835,46.74,46.82,23070
2020-05-27 11:20:00-04:00,46.82,46.88,46.77,46.77,20362
2020-05-27 11:25:00-04:00,46.765,46.775,46.71,46.74,20692
2020-05-27 11:30:00-04:00,46.755,46.8,46.73,46.775,12840
2020-05-27 11:35:00-04:00,46.785,46.785,46.52,46.57,25836
2020-05-27 11:40:00-04:00,46.58,46.6,46.535,46.56,17802
2020-05-27 11:45:00-04:00,46.6,46.67,46.6,46.65,17626
2020-05-27 11:50:00-04:00,46.64,46.71,46.62,46.685,18562
2020-05-27 11:55:00-04:00,46.69,46.74,46.655,46.695,11668
2020-05-27 12:00:00-04:00,46.685,46.715,46.63,46.65,17002
2020-05-27 12:05:00-04:00,46.64,46.64,46.535,46.58,49010
2020-05-27 12:10:00-04:00,46.59,46.6,46.55,46.58,26800
2020-05-27 12:15:00-04:00,46.58,46.64,46.55,46.585,15458
2020-05-27 12:20:00-04:00,46.61,46.625,46.555,46.585,13752
2020-05-27 12:25:00-04:00,46.59,46.595,46.5,46.515,33740
2020-05-27 12:30:00-04:00,46.52,46.58,46.5,46.565,22538
2020-05-27 12:35:00-04:00,46.565,46.565,46.505,46.52,24076
2020-05-27 12:40:00-04:00,46.51,46.51,46.43,46.505,23860
2020-05-27 12:45:00-04:00,46.515,46.53,46.42,46.43,14612
2020-05-27 12:50:00-04:00,46.44,46.48,46.435,46.475,12020
2020-05-27 12:55:00-04:00,46.46,46.5,46.46,46.47,14062
2020-05-27 13:00:00-04:00,46.46,46.51,46.38,46.5,21664
2020-05-27 13:05:00-04:00,46.465,46.485,46.38,46.4,10504
2020-05-27 13:10:00-04:00,46.42,46.42,46.31,46.34,13580
2020-05-27 13:15:00-04:00,46.335,46.34,46.3,46.335,8560
2020-05-27 13:20:00-04:00,46.34,46.355,46.3,46.3,14444
2020-05-27 13:25:00-04:00,46.31,46.31,46.22,46.25,10852
2020-05-27 13:30:00-04:00,46.25,46.26,46.21,46.22,11212
2020-05-27 13:35:00-04:00,46.235,46.29,46.2,46.27,13880
2020-05-27 13:40:00-04:00,46.26,46.26,46.215,46.23,9694
2020-05-27 13:45:00-04:00,46.22,46.22,46.18,46.21,9982
2020-05-27 13:50:00-04:00,46.22,46.22,46.165,46.19,17364
2020-05-27 13:55:00-04:00,46.195,46.23,46.195,46.2,12742
2020-05-27 14:00:00-04:00,46.205,46.305,46.2,46.26,15234
2020-05-27 14:05:00-04:00,46.26,46.29,46.25,46.29,10214
2020-05-27 14:10:00-04:00,46.28,46.33,46.28,46.33,17940
2020-05-27 14:15:00-04:00,46.32,46.33,46.3,46.32,13700
2020-05-27 14:20:00-04:00,46.33,46.34,46.285,46.3,12120
2020-05-27 14:25:00-04:00,46.28,46.32,46.265,46.315,15860
2020-05-27 14:30:00-04:00,46.33,46.34,46.285,46.305,12976
2020-05-27 14:35:00-04:00,46.29,46.29,46.215,46.25,20056
2020-05-27 14:40:00-04:00,46.26,46.3,46.26,46.27,5292
2020-05-27 14:45:00-04:00,46.26,46.3,46.24,46.3,7626
2020-05-27 14:50:00-04:00,46.305,46.375,46.295,46.37,17180
2020-05-27 14:55:00-04:00,46.385,46.405,46.36,46.39,13128
2020-05-27 15:00:00-04:00,46.385,46.47,46.385,46.47,21296
2020-05-27 15:05:00-04:00,46.46,46.525,46.445,46.51,24960
2020-05-27 15:10:00-04:00,46.51,46.545,46.495,46.495,14730
2020-05-27 15:15:00-04:00,46.48,46.515,46.48,46.49,11286
2020-05-27 15:20:00-04:00,46.48,46.57,46.48,46.565,11936
2020-05-27 15:25:00-04:00,46.54,46.61,46.51,46.57,26388
2020-05-27 15:30:00-04:00,46.575,46.585,46.53,46.555,21980
2020-05-27 15:35:00-04:00,46.555,46.605,46.505,46.585,27394
2020-05-27 15:40:00-04:00,46.585,46.63,46.585,46.61,42768
2020-05-27 15:45:00-04:00,46.6,46.66,46.58,46.66,44742
2020-05-27 15:50:00-04:00,46.685,46.745,46.65,46.695,60592
2020-05-27 15:55:00-04:00,46.685,46.74,46.65,46.73,172046
2020-05-28 08:35:00-04:00,47.31,47.32,47.31,47.32,640
2020-05-28 09:30:00-04:00,47.355,47.4,47.07,47.21,53540
2020-05-28 09:35:00-04:00,47.26,47.27,46.93,46.98,31674
2020-05-28 09:40:00-04:00,46.97,47.11,46.95,47.03,26064
2020-05-28 09:45:00-04:00,47.07,47.07,46.85,46.86,20782
2020-05-28 09:50:00-04:00,46.87,47.05,46.87,47.03,19644
2020-05-28 09:55:00-04:00,46.98,46.99,46.88,46.91,21346
2020-05-28 10:00:00-04:00,46.9,46.99,46.9,46.96,17792
2020-05-28 10:05:00-04:00,46.97,47.14,46.97,47.13,22362
2020-05-28 10:10:00-04:00,47.14,47.22,47.135,47.14,34562
2020-05-28 10:15:00-04:00,47.145,47.15,46.97,47.0,30720
2020-05-28 10:20:00-04:00,47.0,47.05,46.995,46.995,18106
2020-05-28 10:25:00-04:00,46.99,47.12,46.99,47.11,20044
2020-05-28 10:30:00-04:00,47.12,47.18,47.09,47.17,21302
2020-05-28 10:35:00-04:00,47.17,47.23,47.16,47.23,23186
2020-05-28 10:40:00-04:00,47.235,47.3,47.22,47.295,16582
2020-05-28 10:45:00-04:00,47.295,47.36,47.28,47.28,27238
2020-05-28 10:50:00-04:00,47.27,47.365,47.27,47.31,22668
2020-05-28 10:55:00-04:00,47.33,47.33,47.185,47.22,21648
2020-05-28 11:00:00-04:00,47.23,47.245,47.125,47.2,11784
2020-05-28 11:05:00-04:00,47.215,47.225,47.09,47.09,23128
2020-05-28 11:10:00-04:00,47.08,47.21,47.08,47.19,53428
2020-05-28 11:15:00-04:00,47.175,47.2,47.13,47.18,16054
2020-05-28 11:20:00-04:00,47.185,47.195,47.075,47.11,17702
2020-05-28 11:25:00-04:00,47.09,47.15,47.08,47.15,16834
2020-05-28 11:30:00-04:00,47.16,47.21,47.11,47.13,12768
2020-05-28 11:35:00-04:00,47.12,47.17,47.115,47.115,29534
2020-05-28 11:40:00-04:00,47.09,47.145,47.08,47.08,16110
2020-05-28 11:45:00-04:00,47.065,47.145,47.03,47.12,16596
2020-05-28 11:50:00-04:00,47.12,47.15,47.1,47.145,12740
2020-05-28 11:55:00-04:00,47.14,47.19,47.125,47.18,9238
2020-05-28 12:00:00-04:00,47.17,47.195,47.15,47.17,14488
2020-05-28 12:05:00-04:00,47.18,47.235,47.18,47.23,15490
2020-05-28 12:10:00-04:00,47.22,47.245,47.21,47.215,18492
2020-05-28 12:15:00-04:00,47.225,47.225,47.145,47.145,18674
2020-05-28 12:20:00-04:00,47.135,47.18,47.125,47.15,12666
2020-05-28 12:25:00-04:00,47.15,47.16,47.12,47.155,22610
2020-05-28 12:30:00-04:00,47.15,47.15,47.115,47.13,26140
2020-05-28 12:35:00-04:00,47.125,47.225,47.125,47.21,11702
2020-05-28 12:40:00-04:00,47.2,47.25,47.17,47.17,27822
2020-05-28 12:45:00-04:00,47.18,47.23,47.16,47.23,8988
2020-05-28 12:50:00-04:00,47.22,47.27,47.2,47.26,11820
2020-05-28 12:55:00-04:00,47.26,47.27,47.22,47.22,12126
2020-05-28 13:00:00-04:00,47.22,47.225,47.18,47.195,9918
2020-05-28 13:05:00-04:00,47.205,47.215,47.15,47.18,7158
2020-05-28 13:10:00-04:00,47.17,47.195,47.16,47.19,5522
2020-05-28 13:15:00-04:00,47.19,47.225,47.185,47.22,11704
2020-05-28 13:20:00-04:00,47.21,47.21,47.165,47.185,14524
2020-05-28 13:25:00-04:00,47.2,47.22,47.15,47.22,15666
2020-05-28 13:30:00-04:00,47.225,47.25,47.165,47.175,24128
2020-05-28 13:35:00-04:00,47.18,47.22,47.155,47.2,17850
2020-05-28 13:40:00-04:00,47.2,47.215,47.165,47.19,21730
2020-05-28 13:45:00-04:00,47.19,47.2,47.155,47.155,21704
2020-05-28 13:50:00-04:00,47.14,47.19,47.13,47.19,10654
2020-05-28 13:55:00-04:00,47.19,47.235,47.18,47.22,16208
2020-05-28 14:00:00-04:00,47.22,47.29,47.22,47.29,12828
2020-05-28 14:05:00-04:00,47.3,47.33,47.29,47.29,12076
2020-05-28 14:10:00-04:00,47.27,47.28,47.24,47.275,17894
2020-05-28 14:15:00-04:00,47.27,47.39,47.26,47.385,23058
2020-05-28 14:20:00-04:00,47.375,47.46,47.375,47.435,17486
2020-05-28 14:25:00-04:00,47.41,47.42,47.36,47.37,10016
2020-05-28 14:30:00-04:00,47.38,47.4,47.36,47.385,21092
2020-05-28 14:35:00-04:00,47.38,47.41,47.35,47.36,14486
2020-05-28 14:40:00-04:00,47.37,47.37,47.3,47.3,17772
2020-05-28 14:45:00-04:00,47.3,47.365,47.3,47.355,13644
2020-05-28 14:50:00-04:00,47.36,47.37,47.315,47.345,31884
2020-05-28 14:55:00-04:00,47.355,47.44,47.34,47.425,30740
2020-05-28 15:00:00-04:00,47.42,47.43,47.35,47.375,22630
2020-05-28 15:05:00-04:00,47.37,47.41,47.36,47.385,21548
2020-05-28 15:10:00-04:00,47.395,47.4,47.345,47.395,19738
2020-05-28 15:15:00-04:00,47.395,47.41,47.285,47.315,43612
2020-05-28 15:20:00-04:00,47.31,47.34,47.275,47.325,143248
2020-05-28 15:25:00-04:00,47.315,47.33,47.22,47.22,29424
2020-05-28 15:30:00-04:00,47.24,47.25,47.19,47.19,31892
2020-05-28 15:35:00-04:00,47.205,47.25,47.17,47.2,38670
2020-05-28 15:40:00-04:00,47.19,47.24,47.15,47.24,39202
2020-05-28 15:45:00-04:00,47.235,47.25,47.11,47.14,81528
2020-05-28 15:50:00-04:00,47.11,47.17,47.05,47.11,65572
2020-05-28 15:55:00-04:00,47.12,47.25,47.06,47.1,153258
2020-05-29 09:25:00-04:00,46.83,46.83,46.83,46.83,2802
2020-05-29 09:30:00-04:00,46.66,46.89,46.66,46.8,21348
2020-05-29 09:35:00-04:00,46.79,46.82,46.69,46.79,37926
2020-05-29 09:40:00-04:00,46.76,46.76,46.63,46.71,20320
2020-05-29 09:45:00-04:00,46.68,46.73,46.59,46.64,30172
2020-05-29 09:50:00-04:00,46.65,46.79,46.625,46.79,28864
2020-05-29 09:55:00-04:00,46.77,46.83,46.555,46.555,32046
2020-05-29 10:00:00-04:00,46.57,46.695,46.535,46.65,30846
2020-05-29 10:05:00-04:00,46.64,46.77,46.57,46.57,48992
2020-05-29 10:10:00-04:00,46.57,46.66,46.515,46.645,31412
2020-05-29 10:15:00-04:00,46.635,46.635,46.58,46.61,7532
2020-05-29 10:20:00-04:00,46.575,46.63,46.515,46.535,11366
2020-05-29 10:25:00-04:00,46.53,46.53,46.375,46.395,10710
2020-05-29 10:30:00-04:00,46.44,46.49,46.41,46.415,10442
2020-05-29 10:35:00-04:00,46.415,46.415,46.315,46.375,16918
2020-05-29 10:40:00-04:00,46.365,46.425,46.36,46.42,20696
2020-05-29 10:45:00-04:00,46.41,46.41,46.32,46.33,15780
2020-05-29 10:50:00-04:00,46.32,46.37,46.275,46.33,19430
2020-05-29 10:55:00-04:00,46.32,46.35,46.27,46.295,16400
2020-05-29 11:00:00-04:00,46.295,46.33,46.185,46.26,21052
2020-05-29 11:05:00-04:00,46.26,46.36,46.255,46.255,23174
2020-05-29 11:10:00-04:00,46.25,46.38,46.235,46.38,21264
2020-05-29 11:15:00-04:00,46.39,46.41,46.26,46.31,23832
2020-05-29 11:20:00-04:00,46.31,46.385,46.305,46.34,12950
2020-05-29 11:25:00-04:00,46.325,46.415,46.315,46.36,11904
2020-05-29 11:30:00-04:00,46.35,46.415,46.34,46.35,17284
2020-05-29 11:35:00-04:00,46.36,46.47,46.305,46.38,21172
2020-05-29 11:40:00-04:00,46.375,46.375,46.245,46.285,21976
2020-05-29 11:45:00-04:00,46.31,46.34,46.27,46.34,13990
2020-05-29 11:50:00-04:00,46.33,46.38,46.305,46.36,20890
2020-05-29 11:55:00-04:00,46.35,46.38,46.305,46.305,18426
2020-05-29 12:00:00-04:00,46.305,46.415,46.305,46.385,10428
2020-05-29 12:05:00-04:00,46.405,46.405,46.36,46.36,13370
2020-05-29 12:10:00-04:00,46.35,46.385,46.33,46.33,13504
2020-05-29 12:15:00-04:00,46.33,46.33,46.265,46.27,13726
2020-05-29 12:20:00-04:00,46.28,46.315,46.25,46.25,18204
2020-05-29 12:25:00-04:00,46.26,46.31,46.26,46.31,13484
2020-05-29 12:30:00-04:00,46.305,46.34,46.29,46.29,12416
2020-05-29 12:35:00-04:00,46.31,46.39,46.31,46.39,15524
2020-05-29 12:40:00-04:00,46.38,46.4,46.375,46.38,26016
2020-05-29 12:45:00-04:00,46.37,46.39,46.34,46.34,30236
2020-05-29 12:50:00-04:00,46.34,46.375,46.2,46.27,33648
2020-05-29 12:55:00-04:00,46.275,46.485,46.27,46.44,38502
2020-05-29 13:00:00-04:00,46.44,46.44,46.36,46.37,12490
2020-05-29 13:05:00-04:00,46.37,46.42,46.37,46.37,11736
2020-05-29 13:10:00-04:00,46.36,46.405,46.33,46.4,20346
2020-05-29 13:15:00-04:00,46.4,46.41,46.38,46.4,13940
2020-05-29 13:20:00-04:00,46.405,46.44,46.39,46.44,13792
2020-05-29 13:25:00-04:00,46.42,46.425,46.37,46.4,12308
2020-05-29 13:30:00-04:00,46.4,46.42,46.33,46.35,14852
2020-05-29 13:35:00-04:00,46.36,46.36,46.315,46.315,20282
2020-05-29 13:40:00-04:00,46.31,46.37,46.31,46.33,18564
2020-05-29 13:45:00-04:00,46.33,46.36,46.32,46.32,20200
2020-05-29 13:50:00-04:00,46.325,46.325,46.27,46.31,18214
2020-05-29 13:55:00-04:00,46.305,46.35,46.3,46.31,20206
2020-05-29 14:00:00-04:00,46.3,46.38,46.295,46.32,21690
2020-05-29 14:05:00-04:00,46.32,46.5,46.31,46.495,35534
2020-05-29 14:10:00-04:00,46.515,46.58,46.445,46.445,20908
2020-05-29 14:15:00-04:00,46.47,46.53,46.44,46.52,20864
2020-05-29 14:20:00-04:00,46.55,46.57,46.51,46.57,18884
2020-05-29 14:25:00-04:00,46.57,46.66,46.555,46.615,21868
2020-05-29 14:30:00-04:00,46.615,46.665,46.58,46.62,19670
2020-05-29 14:35:00-04:00,46.61,46.63,46.58,46.6,23836
2020-05-29 14:40:00-04:00,46.615,46.645,46.58,46.58,22478
2020-05-29 14:45:00-04:00,46.575,46.605,46.44,46.45,32488
2020-05-29 14:50:00-04:00,46.45,46.45,46.25,46.365,43316
2020-05-29 14:55:00-04:00,46.37,46.655,46.34,46.655,51314
2020-05-29 15:00:00-04:00,46.695,46.855,46.69,46.84,35070
2020-05-29 15:05:00-04:00,46.83,46.835,46.69,46.7,30308
2020-05-29 15:10:00-04:00,46.69,46.75,46.5,46.515,39430
2020-05-29 15:15:00-04:00,46.565,46.68,46.5,46.68,36724
2020-05-29 15:20:00-04:00,46.67,46.78,46.57,46.66,44910
2020-05-29 15:25:00-04:00,46.67,46.67,46.5,46.525,46318
2020-05-29 15:30:00-04:00,46.515,46.7,46.515,46.555,40838
2020-05-29 15:35:00-04:00,46.56,46.63,46.51,46.61,59788
2020-05-29 15:40:00-04:00,46.615,46.635,46.495,46.55,77130
2020-05-29 15:45:00-04:00,46.54,46.67,46.5,46.5,175696
2020-05-29 15:50:00-04:00,46.44,46.57,46.14,46.485,336214
2020-05-29 15:55:00-04:00,46.51,47.08,46.51,46.57,536660
2020-05-29 16:20:00-04:00,46.96,46.96,46.96,46.96,200
2020-06-01 09:25:00-04:00,46.6,46.6,46.6,46.6,2000
2020-06-01 09:30:00-04:00,46.71,46.86,46.64,46.86,25354
2020-06-01 09:35:00-04:00,46.85,46.92,46.75,46.77,17128
2020-06-01 09:40:00-04:00,46.78,46.87,46.775,46.81,12574
2020-06-01 09:45:00-04:00,46.815,46.88,46.79,46.85,7910
2020-06-01 09:50:00-04:00,46.885,46.98,46.825,46.85,22922
2020-06-01 09:55:00-04:00,46.85,46.85,46.69,46.795,47940
2020-06-01 10:00:00-04:00,46.75,46.75,46.62,46.63,13420
2020-06-01 10:05:00-04:00,46.63,46.72,46.63,46.69,17970
2020-06-01 10:10:00-04:00,46.68,46.725,46.63,46.63,19814
2020-06-01 10:15:00-04:00,46.61,46.66,46.6,46.65,14128
2020-06-01 10:20:00-04:00,46.65,46.865,46.65,46.86,12390
2020-06-01 10:25:00-04:00,46.86,46.89,46.73,46.81,14552
2020-06-01 10:30:00-04:00,46.85,46.89,46.81,46.88,7960
2020-06-01 10:35:00-04:00,46.885,46.97,46.865,46.965,8566
2020-06-01 10:40:00-04:00,46.945,46.97,46.92,46.97,9550
2020-06-01 10:45:00-04:00,46.98,46.99,46.94,46.94,12112
2020-06-01 10:50:00-04:00,46.94,46.96,46.9,46.95,25764
2020-06-01 10:55:00-04:00,46.96,47.03,46.94,47.0,23894
2020-06-01 11:00:00-04:00,46.99,46.99,46.89,46.9,12070
2020-06-01 11:05:00-04:00,46.88,46.985,46.88,46.92,12342
2020-06-01 11:10:00-04:00,46.91,46.94,46.86,46.89,73952
2020-06-01 11:15:00-04:00,46.88,46.88,46.755,46.78,26674
2020-06-01 11:20:00-04:00,46.77,46.825,46.755,46.76,7854
2020-06-01 11:25:00-04:00,46.76,46.8,46.74,46.77,14176
2020-06-01 11:30:00-04:00,46.78,46.83,46.765,46.82,20998
2020-06-01 11:35:00-04:00,46.82,46.88,46.795,46.87,120412
2020-06-01 11:40:00-04:00,46.87,46.945,46.87,46.935,7026
2020-06-01 11:45:00-04:00,46.94,46.965,46.92,46.96,7590
2020-06-01 11:50:00-04:00,46.955,47.04,46.95,47.02,12736
2020-06-01 11:55:00-04:00,47.0,47.03,46.96,46.97,7694
2020-06-01 12:00:00-04:00,46.97,47.015,46.96,46.995,8520
2020-06-01 12:05:00-04:00,47.01,47.05,47.01,47.05,5556
2020-06-01 12:10:00-04:00,47.05,47.05,46.97,46.97,8168
2020-06-01 12:15:00-04:00,46.97,47.03,46.96,47.02,10108
2020-06-01 12:20:00-04:00,47.01,47.01,46.96,46.99,8796
2020-06-01 12:25:00-04:00,46.995,47.03,46.99,47.03,11810
2020-06-01 12:30:00-04:00,47.035,47.07,47.02,47.07,6898
2020-06-01 12:35:00-04:00,47.065,47.09,47.025,47.045,87134
2020-06-01 12:40:00-04:00,47.05,47.15,47.04,47.15,33448
2020-06-01 12:45:00-04:00,47.145,47.195,47.14,47.15,58874
2020-06-01 12:50:00-04:00,47.145,47.165,47.11,47.145,14890
2020-06-01 12:55:00-04:00,47.13,47.15,47.09,47.13,10888
2020-06-01 13:00:00-04:00,47.135,47.15,47.115,47.15,9258
2020-06-01 13:05:00-04:00,47.14,47.17,47.125,47.16,9634
2020-06-01 13:10:00-04:00,47.16,47.185,47.14,47.17,13184
2020-06-01 13:15:00-04:00,47.16,47.18,47.13,47.13,9452
2020-06-01 13:20:00-04:00,47.11,47.135,47.09,47.135,9386
2020-06-01 13:25:00-04:00,47.14,47.15,47.11,47.11,8788
2020-06-01 13:30:00-04:00,47.115,47.13,47.07,47.09,13570
2020-06-01 13:35:00-04:00,47.09,47.105,47.075,47.095,9548
2020-06-01 13:40:00-04:00,47.1,47.11,47.075,47.11,7224
2020-06-01 13:45:00-04:00,47.1,47.1,47.06,47.08,11186
2020-06-01 13:50:00-04:00,47.08,47.1,47.04,47.06,9500
2020-06-01 13:55:00-04:00,47.065,47.08,47.035,47.07,12594
2020-06-01 14:00:00-04:00,47.07,47.08,47.04,47.07,11158
2020-06-01 14:05:00-04:00,47.08,47.11,47.06,47.07,11834
2020-06-01 14:10:00-04:00,47.065,47.07,47.005,47.04,7316
2020-06-01 14:15:00-04:00,47.03,47.095,47.02,47.05,22368
2020-06-01 14:20:00-04:00,47.045,47.065,47.015,47.065,12432
2020-06-01 14:25:00-04:00,47.065,47.09,47.04,47.065,14696
2020-06-01 14:30:00-04:00,47.07,47.07,47.03,47.06,15802
2020-06-01 14:35:00-04:00,47.06,47.135,47.03,47.12,18860
2020-06-01 14:40:00-04:00,47.11,47.14,47.1,47.105,13628
2020-06-01 14:45:00-04:00,47.105,47.11,47.045,47.085,12760
2020-06-01 14:50:00-04:00,47.09,47.13,47.08,47.13,11112
2020-06-01 14:55:00-04:00,47.13,47.17,47.105,47.17,24806
2020-06-01 15:00:00-04:00,47.16,47.22,47.16,47.22,15856
2020-06-01 15:05:00-04:00,47.18,47.18,47.13,47.165,12392
2020-06-01 15:10:00-04:00,47.16,47.19,47.085,47.09,19882
2020-06-01 15:15:00-04:00,47.07,47.09,47.01,47.02,22878
2020-06-01 15:20:00-04:00,47.015,47.085,47.015,47.065,12428
2020-06-01 15:25:00-04:00,47.07,47.105,47.04,47.045,16652
2020-06-01 15:30:00-04:00,47.04,47.08,47.01,47.04,28412
2020-06-01 15:35:00-04:00,47.04,47.04,46.955,46.965,32024
2020-06-01 15:40:00-04:00,46.96,46.96,46.85,46.94,52872
2020-06-01 15:45:00-04:00,46.93,46.94,46.86,46.88,42556
2020-06-01 15:50:00-04:00,46.86,46.98,46.81,46.935,84474
2020-06-01 15:55:00-04:00,46.935,47.04,46.91,46.99,186264
2020-06-02 09:30:00-04:00,47.14,47.27,47.07,47.115,24248
2020-06-02 09:35:00-04:00,47.13,47.225,47.12,47.17,40480
2020-06-02 09:40:00-04:00,47.17,47.21,47.01,47.02,42332
2020-06-02 09:45:00-04:00,47.01,47.03,46.83,46.865,21264
2020-06-02 09:50:00-04:00,46.875,46.97,46.815,46.86,17708
2020-06-02 09:55:00-04:00,46.845,46.95,46.845,46.91,13740
2020-06-02 10:00:00-04:00,46.905,46.905,46.74,46.76,30280
2020-06-02 10:05:00-04:00,46.765,46.765,46.68,46.715,31234
2020-06-02 10:10:00-04:00,46.725,46.81,46.72,46.79,23118
2020-06-02 10:15:00-04:00,46.79,46.87,46.755,46.81,37034
2020-06-02 10:20:00-04:00,46.81,46.94,46.805,46.91,29588
2020-06-02 10:25:00-04:00,46.9,46.9,46.825,46.87,25020
2020-06-02 10:30:00-04:00,46.885,46.925,46.87,46.89,53462
2020-06-02 10:35:00-04:00,46.885,46.915,46.865,46.91,43704
2020-06-02 10:40:00-04:00,46.9,47.01,46.9,46.935,38888
2020-06-02 10:45:00-04:00,46.94,46.99,46.93,46.955,38114
2020-06-02 10:50:00-04:00,46.935,46.99,46.92,46.94,40840
2020-06-02 10:55:00-04:00,46.955,46.975,46.93,46.97,31612
2020-06-02 11:00:00-04:00,46.985,46.99,46.91,46.975,59400
2020-06-02 11:05:00-04:00,46.96,46.965,46.915,46.93,45458
2020-06-02 11:10:00-04:00,46.955,46.99,46.84,46.88,45342
2020-06-02 11:15:00-04:00,46.89,46.9,46.805,46.84,23440
2020-06-02 11:20:00-04:00,46.84,46.91,46.81,46.9,20946
2020-06-02 11:25:00-04:00,46.9,46.92,46.82,46.84,36586
2020-06-02 11:30:00-04:00,46.83,46.945,46.8,46.9,30748
2020-06-02 11:35:00-04:00,46.905,46.98,46.87,46.97,49312
2020-06-02 11:40:00-04:00,46.97,47.005,46.875,46.885,58938
2020-06-02 11:45:00-04:00,46.88,46.91,46.825,46.865,23668
2020-06-02 11:50:00-04:00,46.83,46.85,46.805,46.815,8966
2020-06-02 11:55:00-04:00,46.81,46.82,46.725,46.78,13856
2020-06-02 12:00:00-04:00,46.77,46.805,46.73,46.77,13876
2020-06-02 12:05:00-04:00,46.78,46.81,46.775,46.8,8766
2020-06-02 12:10:00-04:00,46.81,46.85,46.79,46.815,10186
2020-06-02 12:15:00-04:00,46.81,46.84,46.8,46.82,11246
2020-06-02 12:20:00-04:00,46.82,46.86,46.77,46.77,16626
2020-06-02 12:25:00-04:00,46.78,46.835,46.78,46.83,4590
2020-06-02 12:30:00-04:00,46.84,46.88,46.81,46.865,15528
2020-06-02 12:35:00-04:00,46.86,46.88,46.795,46.805,9690
2020-06-02 12:40:00-04:00,46.81,46.81,46.77,46.785,8898
2020-06-02 12:45:00-04:00,46.785,46.785,46.725,46.74,7286
2020-06-02 12:50:00-04:00,46.75,46.76,46.735,46.735,16268
2020-06-02 12:55:00-04:00,46.735,46.76,46.7,46.72,11622
2020-06-02 13:00:00-04:00,46.72,46.8,46.72,46.78,12772
2020-06-02 13:05:00-04:00,46.79,46.82,46.755,46.8,129594
2020-06-02 13:10:00-04:00,46.795,46.83,46.77,46.83,6396
2020-06-02 13:15:00-04:00,46.84,46.84,46.81,46.815,12694
2020-06-02 13:20:00-04:00,46.815,46.84,46.8,46.8,7428
2020-06-02 13:25:00-04:00,46.815,46.815,46.785,46.8,3436
2020-06-02 13:30:00-04:00,46.8,46.8,46.77,46.78,12944
2020-06-02 13:35:00-04:00,46.78,46.79,46.77,46.79,5062
2020-06-02 13:40:00-04:00,46.8,46.84,46.79,46.84,8044
2020-06-02 13:45:00-04:00,46.83,46.83,46.77,46.77,10814
2020-06-02 13:50:00-04:00,46.765,46.785,46.75,46.755,14046
2020-06-02 13:55:00-04:00,46.755,46.82,46.745,46.755,6626
2020-06-02 14:00:00-04:00,46.75,46.78,46.73,46.75,11204
2020-06-02 14:05:00-04:00,46.75,46.75,46.69,46.69,6564
2020-06-02 14:10:00-04:00,46.7,46.735,46.65,46.71,11828
2020-06-02 14:15:00-04:00,46.7,46.745,46.69,46.72,10484
2020-06-02 14:20:00-04:00,46.715,46.73,46.71,46.72,4932
2020-06-02 14:25:00-04:00,46.72,46.735,46.68,46.68,11228
2020-06-02 14:30:00-04:00,46.71,46.71,46.61,46.62,21166
2020-06-02 14:35:00-04:00,46.63,46.68,46.63,46.64,9528
2020-06-02 14:40:00-04:00,46.635,46.7,46.635,46.67,7696
2020-06-02 14:45:00-04:00,46.675,46.71,46.67,46.705,7524
2020-06-02 14:50:00-04:00,46.725,46.725,46.695,46.695,13206
2020-06-02 14:55:00-04:00,46.69,46.75,46.69,46.73,8508
2020-06-02 15:00:00-04:00,46.73,46.73,46.625,46.655,22066
2020-06-02 15:05:00-04:00,46.655,46.66,46.595,46.61,20662
2020-06-02 15:10:00-04:00,46.62,46.65,46.565,46.57,20214
2020-06-02 15:15:00-04:00,46.575,46.62,46.575,46.61,7072
2020-06-02 15:20:00-04:00,46.6,46.67,46.595,46.61,13518
2020-06-02 15:25:00-04:00,46.6,46.62,46.57,46.61,16254
2020-06-02 15:30:00-04:00,46.62,46.62,46.585,46.585,23506
2020-06-02 15:35:00-04:00,46.6,46.695,46.6,46.645,35702
2020-06-02 15:40:00-04:00,46.65,46.695,46.625,46.685,33528
2020-06-02 15:45:00-04:00,46.685,46.76,46.68,46.75,36468
2020-06-02 15:50:00-04:00,46.8,46.82,46.76,46.81,86600
2020-06-02 15:55:00-04:00,46.81,46.9,46.77,46.88,159824
2020-06-03 08:45:00-04:00,47.21,47.21,47.21,47.21,200
2020-06-03 09:30:00-04:00,47.28,47.43,47.135,47.37,34586
2020-06-03 09:35:00-04:00,47.4,47.4,47.23,47.365,16984
2020-06-03 09:40:00-04:00,47.36,47.63,47.35,47.63,23704
2020-06-03 09:45:00-04:00,47.635,47.745,47.635,47.74,23354
2020-06-03 09:50:00-04:00,47.75,47.75,47.49,47.51,19994
2020-06-03 09:55:00-04:00,47.52,47.71,47.52,47.7,18274
2020-06-03 10:00:00-04:00,47.7,47.75,47.68,47.735,40316
2020-06-03 10:05:00-04:00,47.735,47.74,47.53,47.57,31116
2020-06-03 10:10:00-04:00,47.57,47.645,47.57,47.595,10572
2020-06-03 10:15:00-04:00,47.61,47.61,47.545,47.59,26260
2020-06-03 10:20:00-04:00,47.585,47.67,47.565,47.67,42604
2020-06-03 10:25:00-04:00,47.67,47.73,47.625,47.64,22184
2020-06-03 10:30:00-04:00,47.625,47.63,47.535,47.57,25606
2020-06-03 10:35:00-04:00,47.56,47.6,47.525,47.6,18188
2020-06-03 10:40:00-04:00,47.59,47.6,47.49,47.52,32588
2020-06-03 10:45:00-04:00,47.515,47.59,47.505,47.55,23360
2020-06-03 10:50:00-04:00,47.56,47.625,47.52,47.54,29402
2020-06-03 10:55:00-04:00,47.54,47.64,47.53,47.6,22508
2020-06-03 11:00:00-04:00,47.59,47.69,47.59,47.69,16650
2020-06-03 11:05:00-04:00,47.675,47.75,47.675,47.725,15056
2020-06-03 11:10:00-04:00,47.715,47.75,47.695,47.72,17516
2020-06-03 11:15:00-04:00,47.73,47.845,47.7,47.83,20004
2020-06-03 11:20:00-04:00,47.82,47.82,47.75,47.775,17810
2020-06-03 11:25:00-04:00,47.775,47.81,47.745,47.8,18524
2020-06-03 11:30:00-04:00,47.79,47.84,47.76,47.83,17630
2020-06-03 11:35:00-04:00,47.83,47.84,47.755,47.775,14146
2020-06-03 11:40:00-04:00,47.77,47.79,47.73,47.73,19518
2020-06-03 11:45:00-04:00,47.74,47.88,47.74,47.87,15296
2020-06-03 11:50:00-04:00,47.88,47.93,47.88,47.92,8430
2020-06-03 11:55:00-04:00,47.92,47.95,47.92,47.95,13714
2020-06-03 12:00:00-04:00,47.96,47.99,47.935,47.985,17070
2020-06-03 12:05:00-04:00,47.98,48.01,47.97,48.01,18194
2020-06-03 12:10:00-04:00,48.01,48.03,47.97,48.015,19314
2020-06-03 12:15:00-04:00,48.015,48.03,47.99,48.015,15090
2020-06-03 12:20:00-04:00,48.005,48.005,47.935,47.94,13192
2020-06-03 12:25:00-04:00,47.94,47.96,47.94,47.95,13260
2020-06-03 12:30:00-04:00,47.95,47.985,47.95,47.96,29320
2020-06-03 12:35:00-04:00,47.96,48.0,47.96,47.98,16052
2020-06-03 12:40:00-04:00,47.97,47.98,47.92,47.955,18282
2020-06-03 12:45:00-04:00,47.96,47.98,47.95,47.96,23952
2020-06-03 12:50:00-04:00,47.965,47.98,47.925,47.96,11784
2020-06-03 12:55:00-04:00,47.955,47.955,47.89,47.9,36404
2020-06-03 13:00:00-04:00,47.89,47.94,47.85,47.88,29634
2020-06-03 13:05:00-04:00,47.88,47.89,47.83,47.84,11450
2020-06-03 13:10:00-04:00,47.84,47.88,47.83,47.88,9004
2020-06-03 13:15:00-04:00,47.89,47.89,47.83,47.85,9126
2020-06-03 13:20:00-04:00,47.86,47.9,47.86,47.87,22664
2020-06-03 13:25:00-04:00,47.88,47.93,47.88,47.915,14278
2020-06-03 13:30:00-04:00,47.89,47.89,47.86,47.87,17670
2020-06-03 13:35:00-04:00,47.87,47.92,47.86,47.9,13000
2020-06-03 13:40:00-04:00,47.9,47.925,47.9,47.91,26642
2020-06-03 13:45:00-04:00,47.91,47.91,47.885,47.9,20858
2020-06-03 13:50:00-04:00,47.9,47.93,47.87,47.87,11728
2020-06-03 13:55:00-04:00,47.87,47.87,47.82,47.83,16754
2020-06-03 14:00:00-04:00,47.84,47.92,47.84,47.92,8114
2020-06-03 14:05:00-04:00,47.93,47.94,47.91,47.91,9128
2020-06-03 14:10:00-04:00,47.915,47.94,47.905,47.93,15646
2020-06-03 14:15:00-04:00,47.93,47.98,47.91,47.97,13886
2020-06-03 14:20:00-04:00,47.965,47.99,47.95,47.985,11028
2020-06-03 14:25:00-04:00,47.98,47.99,47.97,47.97,18066
2020-06-03 14:30:00-04:00,47.97,48.015,47.94,48.01,11258
2020-06-03 14:35:00-04:00,48.02,48.06,48.01,48.02,17814
2020-06-03 14:40:00-04:00,48.04,48.07,48.025,48.06,18482
2020-06-03 14:45:00-04:00,48.055,48.1,48.03,48.05,14660
2020-06-03 14:50:00-04:00,48.06,48.08,48.025,48.06,19582
2020-06-03 14:55:00-04:00,48.05,48.05,48.0,48.0,9854
2020-06-03 15:00:00-04:00,47.995,48.025,47.97,48.02,17630
2020-06-03 15:05:00-04:00,48.04,48.04,47.99,48.0,16798
2020-06-03 15:10:00-04:00,48.0,48.01,47.955,47.98,20298
2020-06-03 15:15:00-04:00,47.975,47.99,47.955,47.97,20264
2020-06-03 15:20:00-04:00,47.95,48.01,47.925,47.99,16546
2020-06-03 15:25:00-04:00,47.995,48.02,47.975,48.0,20492
2020-06-03 15:30:00-04:00,47.995,48.015,47.93,48.0,25730
2020-06-03 15:35:00-04:00,48.0,48.05,47.985,48.05,22532
2020-06-03 15:40:00-04:00,48.04,48.09,48.02,48.045,34608
2020-06-03 15:45:00-04:00,48.04,48.07,47.99,48.05,49808
2020-06-03 15:50:00-04:00,48.06,48.07,47.965,48.02,68072
2020-06-03 15:55:00-04:00,48.01,48.01,47.83,47.89,188212
2020-06-04 09:30:00-04:00,48.1,48.14,47.94,48.07,23008
2020-06-04 09:35:00-04:00,48.09,48.22,48.09,48.14,23864
2020-06-04 09:40:00-04:00,48.135,48.17,48.01,48.13,24214
2020-06-04 09:45:00-04:00,48.135,48.135,48.0,48.01,23574
2020-06-04 09:50:00-04:00,48.0,48.15,47.98,48.15,24978
2020-06-04 09:55:00-04:00,48.155,48.23,48.13,48.195,32706
2020-06-04 10:00:00-04:00,48.205,48.26,48.17,48.23,14552
2020-06-04 10:05:00-04:00,48.225,48.225,48.13,48.17,14846
2020-06-04 10:10:00-04:00,48.175,48.175,48.09,48.11,16960
2020-06-04 10:15:00-04:00,48.11,48.17,48.085,48.09,9436
2020-06-04 10:20:00-04:00,48.09,48.1,47.98,48.025,14288
2020-06-04 10:25:00-04:00,48.025,48.1,48.025,48.07,21338
2020-06-04 10:30:00-04:00,48.09,48.195,48.09,48.17,12738
2020-06-04 10:35:00-04:00,48.16,48.21,48.1,48.11,20716
2020-06-04 10:40:00-04:00,48.115,48.16,48.11,48.15,15678
2020-06-04 10:45:00-04:00,48.145,48.24,48.115,48.21,16636
2020-06-04 10:50:00-04:00,48.195,48.195,48.11,48.13,10408
2020-06-04 10:55:00-04:00,48.115,48.145,48.11,48.14,7094
2020-06-04 11:00:00-04:00,48.185,48.22,48.16,48.22,9182
2020-06-04 11:05:00-04:00,48.21,48.225,48.19,48.19,12976
2020-06-04 11:10:00-04:00,48.185,48.19,48.13,48.175,11984
2020-06-04 11:15:00-04:00,48.17,48.22,48.14,48.15,17676
2020-06-04 11:20:00-04:00,48.125,48.205,48.125,48.17,10876
2020-06-04 11:25:00-04:00,48.17,48.17,48.08,48.15,15952
2020-06-04 11:30:00-04:00,48.125,48.135,48.085,48.115,9650
2020-06-04 11:35:00-04:00,48.11,48.11,48.04,48.045,9412
2020-06-04 11:40:00-04:00,48.08,48.175,48.055,48.15,16700
2020-06-04 11:45:00-04:00,48.17,48.2,48.17,48.18,8124
2020-06-04 11:50:00-04:00,48.185,48.22,48.17,48.2,14030
2020-06-04 11:55:00-04:00,48.2,48.22,48.14,48.155,12620
2020-06-04 12:00:00-04:00,48.145,48.17,48.14,48.14,10680
2020-06-04 12:05:00-04:00,48.14,48.2,48.13,48.2,6444
2020-06-04 12:10:00-04:00,48.21,48.26,48.165,48.17,9652
2020-06-04 12:15:00-04:00,48.16,48.19,48.15,48.17,9946
2020-06-04 12:20:00-04:00,48.15,48.2,48.15,48.2,6762
2020-06-04 12:25:00-04:00,48.195,48.21,48.17,48.17,9674
2020-06-04 12:30:00-04:00,48.17,48.17,48.08,48.11,12926
2020-06-04 12:35:00-04:00,48.1,48.125,48.08,48.125,6290
2020-06-04 12:40:00-04:00,48.115,48.13,48.03,48.03,12296
2020-06-04 12:45:00-04:00,48.04,48.045,48.0,48.0,5778
2020-06-04 12:50:00-04:00,47.99,48.08,47.99,48.015,3788
2020-06-04 12:55:00-04:00,48.01,48.035,47.97,47.98,21148
2020-06-04 13:00:00-04:00,47.98,48.0,47.955,47.955,6158
2020-06-04 13:05:00-04:00,47.92,48.01,47.92,48.0,3730
2020-06-04 13:10:00-04:00,47.995,47.995,47.945,47.95,6792
2020-06-04 13:15:00-04:00,47.955,48.0,47.955,47.98,7756
2020-06-04 13:20:00-04:00,47.97,47.97,47.95,47.96,9450
2020-06-04 13:25:00-04:00,47.95,47.95,47.91,47.94,8536
2020-06-04 13:30:00-04:00,47.94,47.97,47.94,47.94,17292
2020-06-04 13:35:00-04:00,47.935,47.95,47.92,47.95,5992
2020-06-04 13:40:00-04:00,47.95,48.0,47.95,47.99,9864
2020-06-04 13:45:00-04:00,47.995,48.015,47.97,47.99,8056
2020-06-04 13:50:00-04:00,47.99,47.99,47.93,47.93,14332
2020-06-04 13:55:00-04:00,47.955,47.96,47.93,47.93,21788
2020-06-04 14:00:00-04:00,47.93,47.95,47.93,47.93,5844
2020-06-04 14:05:00-04:00,47.92,47.93,47.9,47.905,7894
2020-06-04 14:10:00-04:00,47.91,47.91,47.825,47.87,16822
2020-06-04 14:15:00-04:00,47.875,47.875,47.795,47.835,14784
2020-06-04 14:20:00-04:00,47.84,47.86,47.81,47.85,8220
2020-06-04 14:25:00-04:00,47.85,47.85,47.805,47.815,18306
2020-06-04 14:30:00-04:00,47.82,47.845,47.725,47.73,16754
2020-06-04 14:35:00-04:00,47.73,47.765,47.72,47.725,6600
2020-06-04 14:40:00-04:00,47.71,47.74,47.66,47.74,13196
2020-06-04 14:45:00-04:00,47.75,47.75,47.725,47.74,9858
2020-06-04 14:50:00-04:00,47.73,47.74,47.635,47.68,17784
2020-06-04 14:55:00-04:00,47.69,47.7,47.585,47.61,12854
2020-06-04 15:00:00-04:00,47.61,47.64,47.61,47.615,8462
2020-06-04 15:05:00-04:00,47.605,47.63,47.535,47.55,25064
2020-06-04 15:10:00-04:00,47.555,47.555,47.435,47.45,20818
2020-06-04 15:15:00-04:00,47.45,47.48,47.39,47.48,11710
2020-06-04 15:20:00-04:00,47.485,47.51,47.41,47.41,11008
2020-06-04 15:25:00-04:00,47.415,47.565,47.415,47.545,12600
2020-06-04 15:30:00-04:00,47.55,47.67,47.53,47.645,22048
2020-06-04 15:35:00-04:00,47.64,47.67,47.61,47.63,18274
2020-06-04 15:40:00-04:00,47.62,47.66,47.61,47.625,18620
2020-06-04 15:45:00-04:00,47.645,47.72,47.64,47.69,26954
2020-06-04 15:50:00-04:00,47.7,47.785,47.67,47.785,46790
2020-06-04 15:55:00-04:00,47.785,47.93,47.78,47.92,173248
2020-06-05 09:30:00-04:00,48.615,48.77,48.51,48.71,22632
2020-06-05 09:35:00-04:00,48.745,48.76,48.61,48.61,13498
2020-06-05 09:40:00-04:00,48.615,48.71,48.515,48.71,15066
2020-06-05 09:45:00-04:00,48.73,48.73,48.46,48.475,24540
2020-06-05 09:50:00-04:00,48.53,48.86,48.52,48.86,17020
2020-06-05 09:55:00-04:00,48.82,48.82,48.63,48.72,16822
2020-06-05 10:00:00-04:00,48.72,48.8,48.6,48.77,25778
2020-06-05 10:05:00-04:00,48.77,48.89,48.77,48.87,11642
2020-06-05 10:10:00-04:00,48.895,48.94,48.795,48.795,10480
2020-06-05 10:15:00-04:00,48.9,48.9,48.82,48.86,4836
2020-06-05 10:20:00-04:00,48.8,48.81,48.77,48.79,4700
2020-06-05 10:25:00-04:00,48.78,48.79,48.61,48.63,37114
2020-06-05 10:30:00-04:00,48.64,48.66,48.55,48.625,24872
2020-06-05 10:35:00-04:00,48.58,48.695,48.58,48.66,14044
2020-06-05 10:40:00-04:00,48.655,48.675,48.6,48.6,11550
2020-06-05 10:45:00-04:00,48.6,48.67,48.6,48.65,8760
2020-06-05 10:50:00-04:00,48.635,48.75,48.635,48.72,14566
2020-06-05 10:55:00-04:00,48.745,48.79,48.73,48.76,17888
2020-06-05 11:00:00-04:00,48.76,48.92,48.755,48.92,31556
2020-06-05 11:05:00-04:00,48.94,49.035,48.9,49.02,25976
2020-06-05 11:10:00-04:00,49.02,49.09,48.98,49.09,13734
2020-06-05 11:15:00-04:00,49.06,49.1,49.015,49.1,22366
2020-06-05 11:20:00-04:00,49.08,49.19,49.07,49.19,32692
2020-06-05 11:25:00-04:00,49.2,49.33,49.185,49.28,14346
2020-06-05 11:30:00-04:00,49.305,49.41,49.26,49.26,16960
2020-06-05 11:35:00-04:00,49.23,49.24,49.17,49.19,19660
2020-06-05 11:40:00-04:00,49.18,49.23,49.135,49.135,29090
2020-06-05 11:45:00-04:00,49.125,49.23,49.125,49.225,22668
2020-06-05 11:50:00-04:00,49.23,49.355,49.205,49.355,21420
2020-06-05 11:55:00-04:00,49.355,49.38,49.3,49.33,17340
2020-06-05 12:00:00-04:00,49.335,49.355,49.29,49.325,19106
2020-06-05 12:05:00-04:00,49.325,49.34,49.2,49.23,28938
2020-06-05 12:10:00-04:00,49.23,49.23,49.1,49.11,13024
2020-06-05 12:15:00-04:00,49.12,49.165,49.095,49.11,9658
2020-06-05 12:20:00-04:00,49.165,49.35,49.16,49.25,16054
2020-06-05 12:25:00-04:00,49.26,49.33,49.25,49.33,17078
2020-06-05 12:30:00-04:00,49.33,49.35,49.29,49.33,13224
2020-06-05 12:35:00-04:00,49.31,49.34,49.31,49.34,22144
2020-06-05 12:40:00-04:00,49.335,49.39,49.305,49.31,20288
2020-06-05 12:45:00-04:00,49.315,49.34,49.305,49.335,9328
2020-06-05 12:50:00-04:00,49.335,49.35,49.29,49.29,16902
2020-06-05 12:55:00-04:00,49.28,49.35,49.26,49.33,12706
2020-06-05 13:00:00-04:00,49.32,49.32,49.24,49.3,10622
2020-06-05 13:05:00-04:00,49.28,49.305,49.245,49.27,12160
2020-06-05 13:10:00-04:00,49.27,49.3,49.26,49.28,12990
2020-06-05 13:15:00-04:00,49.28,49.3,49.25,49.28,13758
2020-06-05 13:20:00-04:00,49.29,49.325,49.27,49.31,19568
2020-06-05 13:25:00-04:00,49.31,49.33,49.265,49.33,16112
2020-06-05 13:30:00-04:00,49.35,49.35,49.24,49.24,23704
2020-06-05 13:35:00-04:00,49.24,49.27,49.205,49.27,17214
2020-06-05 13:40:00-04:00,49.26,49.335,49.24,49.32,18144
2020-06-05 13:45:00-04:00,49.31,49.36,49.275,49.275,21696
2020-06-05 13:50:00-04:00,49.27,49.39,49.27,49.36,26972
2020-06-05 13:55:00-04:00,49.355,49.38,49.315,49.37,28496
2020-06-05 14:00:00-04:00,49.36,49.485,49.35,49.48,23382
2020-06-05 14:05:00-04:00,49.47,49.47,49.365,49.385,7184
2020-06-05 14:10:00-04:00,49.405,49.415,49.33,49.38,11506
2020-06-05 14:15:00-04:00,49.375,49.435,49.375,49.41,16090
2020-06-05 14:20:00-04:00,49.415,49.45,49.39,49.44,16912
2020-06-05 14:25:00-04:00,49.45,49.46,49.4,49.45,19268
2020-06-05 14:30:00-04:00,49.47,49.48,49.4,49.415,24812
2020-06-05 14:35:00-04:00,49.4,49.445,49.335,49.42,45780
2020-06-05 14:40:00-04:00,49.435,49.47,49.37,49.46,21862
2020-06-05 14:45:00-04:00,49.44,49.45,49.39,49.39,16112
2020-06-05 14:50:00-04:00,49.43,49.43,49.34,49.34,25864
2020-06-05 14:55:00-04:00,49.35,49.38,49.3,49.32,31656
2020-06-05 15:00:00-04:00,49.33,49.365,49.31,49.355,27430
2020-06-05 15:05:00-04:00,49.355,49.38,49.3,49.34,52280
2020-06-05 15:10:00-04:00,49.34,49.37,49.285,49.33,160268
2020-06-05 15:15:00-04:00,49.34,49.375,49.27,49.35,41522
2020-06-05 15:20:00-04:00,49.34,49.36,49.275,49.34,34082
2020-06-05 15:25:00-04:00,49.335,49.375,49.31,49.34,68618
2020-06-05 15:30:00-04:00,49.335,49.36,49.27,49.28,49052
2020-06-05 15:35:00-04:00,49.28,49.32,49.135,49.18,51602
2020-06-05 15:40:00-04:00,49.18,49.19,49.08,49.1,46356
2020-06-05 15:45:00-04:00,49.09,49.09,48.95,49.055,73674
2020-06-05 15:50:00-04:00,49.04,49.12,48.96,49.0,59954
2020-06-05 15:55:00-04:00,48.98,49.155,48.98,49.11,205472
2020-06-08 09:25:00-04:00,49.73,49.73,49.73,49.73,906
2020-06-08 09:30:00-04:00,49.63,49.85,49.51,49.81,30672
2020-06-08 09:35:00-04:00,49.82,49.84,49.57,49.72,32200
2020-06-08 09:40:00-04:00,49.725,49.735,49.54,49.705,23956
2020-06-08 09:45:00-04:00,49.72,49.95,49.7,49.95,20544
2020-06-08 09:50:00-04:00,49.95,49.95,49.735,49.89,16004
2020-06-08 09:55:00-04:00,49.9,49.905,49.74,49.79,25416
2020-06-08 10:00:00-04:00,49.795,49.805,49.675,49.755,32716
2020-06-08 10:05:00-04:00,49.745,49.86,49.69,49.695,51838
2020-06-08 10:10:00-04:00,49.655,49.72,49.615,49.7,22764
2020-06-08 10:15:00-04:00,49.69,49.725,49.645,49.66,19312
2020-06-08 10:20:00-04:00,49.615,49.66,49.54,49.65,16226
2020-06-08 10:25:00-04:00,49.66,49.66,49.58,49.6,17090
2020-06-08 10:30:00-04:00,49.61,49.7,49.57,49.61,29266
2020-06-08 10:35:00-04:00,49.6,49.65,49.59,49.63,13498
2020-06-08 10:40:00-04:00,49.65,49.73,49.64,49.73,19410
2020-06-08 10:45:00-04:00,49.71,49.75,49.7,49.745,16172
2020-06-08 10:50:00-04:00,49.75,49.75,49.69,49.71,17118
2020-06-08 10:55:00-04:00,49.71,49.75,49.69,49.69,30210
2020-06-08 11:00:00-04:00,49.69,49.71,49.67,49.67,12668
2020-06-08 11:05:00-04:00,49.67,49.74,49.59,49.74,14902
2020-06-08 11:10:00-04:00,49.75,49.79,49.705,49.72,25892
2020-06-08 11:15:00-04:00,49.74,49.84,49.73,49.84,15956
2020-06-08 11:20:00-04:00,49.83,49.835,49.78,49.8,12900
2020-06-08 11:25:00-04:00,49.805,49.835,49.79,49.83,22522
2020-06-08 11:30:00-04:00,49.84,49.845,49.81,49.835,22070
2020-06-08 11:35:00-04:00,49.835,49.875,49.75,49.75,49726
2020-06-08 11:40:00-04:00,49.75,49.75,49.705,49.71,13114
2020-06-08 11:45:00-04:00,49.71,49.785,49.71,49.785,27900
2020-06-08 11:50:00-04:00,49.785,49.79,49.705,49.71,15062
2020-06-08 11:55:00-04:00,49.7,49.74,49.68,49.68,22984
2020-06-08 12:00:00-04:00,49.69,49.715,49.685,49.705,57996
2020-06-08 12:05:00-04:00,49.705,49.715,49.675,49.695,25392
2020-06-08 12:10:00-04:00,49.695,49.7,49.62,49.62,19396
2020-06-08 12:15:00-04:00,49.63,49.66,49.62,49.64,15548
2020-06-08 12:20:00-04:00,49.64,49.65,49.56,49.595,17594
2020-06-08 12:25:00-04:00,49.615,49.635,49.58,49.62,33696
2020-06-08 12:30:00-04:00,49.62,49.62,49.58,49.58,8822
2020-06-08 12:35:00-04:00,49.59,49.64,49.59,49.63,6174
2020-06-08 12:40:00-04:00,49.62,49.66,49.58,49.605,20754
2020-06-08 12:45:00-04:00,49.61,49.635,49.595,49.63,8208
2020-06-08 12:50:00-04:00,49.635,49.635,49.575,49.575,9136
2020-06-08 12:55:00-04:00,49.57,49.61,49.57,49.575,12460
2020-06-08 13:00:00-04:00,49.575,49.575,49.55,49.555,16228
2020-06-08 13:05:00-04:00,49.555,49.575,49.54,49.575,28780
2020-06-08 13:10:00-04:00,49.585,49.62,49.57,49.575,13022
2020-06-08 13:15:00-04:00,49.575,49.59,49.56,49.575,16450
2020-06-08 13:20:00-04:00,49.575,49.67,49.575,49.645,26398
2020-06-08 13:25:00-04:00,49.65,49.68,49.585,49.585,13288
2020-06-08 13:30:00-04:00,49.58,49.61,49.53,49.605,32228
2020-06-08 13:35:00-04:00,49.6,49.655,49.58,49.63,16434
2020-06-08 13:40:00-04:00,49.62,49.62,49.57,49.57,14294
2020-06-08 13:45:00-04:00,49.575,49.6,49.575,49.585,36270
2020-06-08 13:50:00-04:00,49.585,49.64,49.58,49.62,31208
2020-06-08 13:55:00-04:00,49.62,49.64,49.595,49.63,25246
2020-06-08 14:00:00-04:00,49.63,49.665,49.6,49.665,159730
2020-06-08 14:05:00-04:00,49.685,49.685,49.65,49.665,8454
2020-06-08 14:10:00-04:00,49.67,49.675,49.63,49.65,15096
2020-06-08 14:15:00-04:00,49.66,49.735,49.65,49.71,34664
2020-06-08 14:20:00-04:00,49.71,49.83,49.71,49.79,51838
2020-06-08 14:25:00-04:00,49.775,49.8,49.74,49.8,26888
2020-06-08 14:30:00-04:00,49.815,49.815,49.755,49.785,20570
2020-06-08 14:35:00-04:00,49.79,49.82,49.77,49.82,9986
2020-06-08 14:40:00-04:00,49.82,49.82,49.79,49.795,24702
2020-06-08 14:45:00-04:00,49.8,49.815,49.77,49.77,23742
2020-06-08 14:50:00-04:00,49.78,49.82,49.76,49.82,29296
2020-06-08 14:55:00-04:00,49.815,49.825,49.8,49.81,27260
2020-06-08 15:00:00-04:00,49.8,49.815,49.77,49.77,65868
2020-06-08 15:05:00-04:00,49.765,49.775,49.735,49.76,23960
2020-06-08 15:10:00-04:00,49.75,49.78,49.75,49.765,64116
2020-06-08 15:15:00-04:00,49.765,49.77,49.72,49.73,74416
2020-06-08 15:20:00-04:00,49.73,49.75,49.72,49.74,19040
2020-06-08 15:25:00-04:00,49.735,49.74,49.7,49.71,55464
2020-06-08 15:30:00-04:00,49.715,49.74,49.69,49.72,37080
2020-06-08 15:35:00-04:00,49.73,49.76,49.7,49.74,58260
2020-06-08 15:40:00-04:00,49.74,49.865,49.74,49.85,47922
2020-06-08 15:45:00-04:00,49.85,49.86,49.78,49.81,87714
2020-06-08 15:50:00-04:00,49.81,49.855,49.79,49.795,108820
2020-06-08 15:55:00-04:00,49.795,49.86,49.74,49.85,223390
2020-06-09 09:30:00-04:00,49.51,49.57,49.39,49.4,35172
2020-06-09 09:35:00-04:00,49.41,49.5,49.22,49.22,21792
2020-06-09 09:40:00-04:00,49.26,49.29,49.21,49.25,15788
2020-06-09 09:45:00-04:00,49.275,49.3,49.06,49.13,41032
2020-06-09 09:50:00-04:00,49.11,49.155,49.0,49.01,49612
2020-06-09 09:55:00-04:00,49.01,49.04,48.88,48.95,60962
2020-06-09 10:00:00-04:00,48.94,48.965,48.82,48.85,41912
2020-06-09 10:05:00-04:00,48.86,48.97,48.82,48.94,26278
2020-06-09 10:10:00-04:00,48.95,48.965,48.91,48.93,15712
2020-06-09 10:15:00-04:00,48.97,49.01,48.89,48.9,26644
2020-06-09 10:20:00-04:00,48.905,49.01,48.905,49.01,16232
2020-06-09 10:25:00-04:00,48.99,48.99,48.89,48.89,26484
2020-06-09 10:30:00-04:00,48.9,48.96,48.895,48.96,14176
2020-06-09 10:35:00-04:00,48.99,49.0,48.915,48.915,24914
2020-06-09 10:40:00-04:00,48.93,48.96,48.915,48.95,11560
2020-06-09 10:45:00-04:00,48.95,49.06,48.95,49.04,92182
2020-06-09 10:50:00-04:00,49.035,49.05,48.96,48.98,26620
2020-06-09 10:55:00-04:00,48.98,49.01,48.94,48.95,30174
2020-06-09 11:00:00-04:00,48.94,48.94,48.86,48.925,34738
2020-06-09 11:05:00-04:00,48.94,48.95,48.885,48.885,9698
2020-06-09 11:10:00-04:00,48.88,48.955,48.87,48.87,14610
2020-06-09 11:15:00-04:00,48.88,48.98,48.87,48.98,11322
2020-06-09 11:20:00-04:00,48.99,49.04,48.99,49.01,13644
2020-06-09 11:25:00-04:00,49.01,49.02,48.98,49.01,18006
2020-06-09 11:30:00-04:00,48.99,49.015,48.95,48.955,13708
2020-06-09 11:35:00-04:00,48.97,48.97,48.865,48.88,16320
2020-06-09 11:40:00-04:00,48.895,48.93,48.88,48.92,8890
2020-06-09 11:45:00-04:00,48.92,48.93,48.82,48.825,12578
2020-06-09 11:50:00-04:00,48.83,48.875,48.825,48.865,9500
2020-06-09 11:55:00-04:00,48.835,48.885,48.835,48.88,8802
2020-06-09 12:00:00-04:00,48.87,48.87,48.73,48.745,21350
2020-06-09 12:05:00-04:00,48.72,48.81,48.7,48.79,16706
2020-06-09 12:10:00-04:00,48.775,48.78,48.725,48.725,14704
2020-06-09 12:15:00-04:00,48.715,48.74,48.71,48.715,12496
2020-06-09 12:20:00-04:00,48.73,48.79,48.72,48.79,9874
2020-06-09 12:25:00-04:00,48.785,48.79,48.75,48.775,8956
2020-06-09 12:30:00-04:00,48.78,48.815,48.775,48.805,13176
2020-06-09 12:35:00-04:00,48.805,48.81,48.78,48.795,10498
2020-06-09 12:40:00-04:00,48.8,48.865,48.795,48.835,17814
2020-06-09 12:45:00-04:00,48.84,48.875,48.815,48.815,12972
2020-06-09 12:50:00-04:00,48.82,48.825,48.775,48.8,7974
2020-06-09 12:55:00-04:00,48.79,48.92,48.78,48.9,11588
2020-06-09 13:00:00-04:00,48.91,48.93,48.865,48.87,10874
2020-06-09 13:05:00-04:00,48.86,48.89,48.855,48.87,5958
2020-06-09 13:10:00-04:00,48.87,48.915,48.86,48.91,9366
2020-06-09 13:15:00-04:00,48.91,49.0,48.905,49.0,38830
2020-06-09 13:20:00-04:00,49.0,49.06,48.99,49.04,16146
2020-06-09 13:25:00-04:00,49.04,49.065,49.025,49.035,16196
2020-06-09 13:30:00-04:00,49.03,49.04,48.985,48.995,27308
2020-06-09 13:35:00-04:00,48.99,49.05,48.99,49.03,17632
2020-06-09 13:40:00-04:00,49.03,49.08,49.02,49.05,20010
2020-06-09 13:45:00-04:00,49.06,49.06,49.03,49.05,10056
2020-06-09 13:50:00-04:00,49.05,49.05,49.005,49.005,8658
2020-06-09 13:55:00-04:00,49.005,49.01,48.985,49.0,9504
2020-06-09 14:00:00-04:00,49.0,49.015,48.92,49.01,21674
2020-06-09 14:05:00-04:00,49.01,49.01,48.95,48.96,7550
2020-06-09 14:10:00-04:00,48.97,49.02,48.97,49.0,5930
2020-06-09 14:15:00-04:00,49.01,49.025,48.99,49.0,9472
2020-06-09 14:20:00-04:00,48.96,48.98,48.95,48.98,7152
2020-06-09 14:25:00-04:00,48.995,49.0,48.97,49.0,7984
2020-06-09 14:30:00-04:00,48.99,49.01,48.96,49.005,13740
2020-06-09 14:35:00-04:00,49.0,49.0,48.96,48.96,9528
2020-06-09 14:40:00-04:00,48.95,48.95,48.93,48.94,13868
2020-06-09 14:45:00-04:00,48.95,48.95,48.89,48.93,25868
2020-06-09 14:50:00-04:00,48.94,48.95,48.9,48.93,15540
2020-06-09 14:55:00-04:00,48.93,48.99,48.915,48.985,10886
2020-06-09 15:00:00-04:00,48.98,48.98,48.875,48.89,36486
2020-06-09 15:05:00-04:00,48.9,48.91,48.87,48.9,26408
2020-06-09 15:10:00-04:00,48.92,48.94,48.885,48.92,29626
2020-06-09 15:15:00-04:00,48.92,49.02,48.91,49.02,24998
2020-06-09 15:20:00-04:00,49.03,49.18,49.03,49.165,43366
2020-06-09 15:25:00-04:00,49.165,49.235,49.15,49.235,56260
2020-06-09 15:30:00-04:00,49.24,49.25,49.15,49.16,53698
2020-06-09 15:35:00-04:00,49.16,49.205,49.15,49.205,29254
2020-06-09 15:40:00-04:00,49.2,49.2,49.06,49.07,49172
2020-06-09 15:45:00-04:00,49.07,49.08,48.935,49.025,88874
2020-06-09 15:50:00-04:00,49.0,49.0,48.885,48.91,132178
2020-06-09 15:55:00-04:00,48.91,49.05,48.895,49.0,321028
2020-06-10 09:30:00-04:00,49.17,49.17,49.02,49.08,31264
2020-06-10 09:35:00-04:00,49.06,49.06,48.895,48.99,16300
2020-06-10 09:40:00-04:00,49.015,49.015,48.83,48.835,25012
2020-06-10 09:45:00-04:00,48.83,48.95,48.76,48.94,16598
2020-06-10 09:50:00-04:00,48.92,48.92,48.74,48.815,9326
2020-06-10 09:55:00-04:00,48.82,48.82,48.72,48.775,11450
2020-06-10 10:00:00-04:00,48.775,48.87,48.77,48.86,8850
2020-06-10 10:05:00-04:00,48.87,48.965,48.815,48.965,16182
2020-06-10 10:10:00-04:00,48.96,48.96,48.755,48.755,12358
2020-06-10 10:15:00-04:00,48.73,48.805,48.68,48.74,6594
2020-06-10 10:20:00-04:00,48.73,48.805,48.71,48.805,10486
2020-06-10 10:25:00-04:00,48.805,48.84,48.765,48.77,12684
2020-06-10 10:30:00-04:00,48.78,48.94,48.765,48.93,9808
2020-06-10 10:35:00-04:00,48.96,49.04,48.91,49.025,11782
2020-06-10 10:40:00-04:00,49.07,49.1,48.985,49.005,14056
2020-06-10 10:45:00-04:00,49.02,49.06,48.945,48.98,15110
2020-06-10 10:50:00-04:00,49.0,49.015,48.885,48.905,13776
2020-06-10 10:55:00-04:00,48.905,48.93,48.76,48.93,22078
2020-06-10 11:00:00-04:00,48.925,49.06,48.92,49.05,14534
2020-06-10 11:05:00-04:00,49.065,49.195,49.065,49.19,18102
2020-06-10 11:10:00-04:00,49.19,49.23,49.12,49.21,18620
2020-06-10 11:15:00-04:00,49.26,49.26,49.185,49.205,22550
2020-06-10 11:20:00-04:00,49.215,49.265,49.21,49.225,17804
2020-06-10 11:25:00-04:00,49.23,49.235,49.165,49.165,18328
2020-06-10 11:30:00-04:00,49.18,49.18,48.97,48.97,17334
2020-06-10 11:35:00-04:00,48.925,48.975,48.835,48.96,15374
2020-06-10 11:40:00-04:00,48.97,49.01,48.91,48.92,8340
2020-06-10 11:45:00-04:00,48.93,48.94,48.9,48.94,5930
2020-06-10 11:50:00-04:00,48.94,48.97,48.875,48.885,11556
2020-06-10 11:55:00-04:00,48.88,48.88,48.83,48.83,10686
2020-06-10 12:00:00-04:00,48.825,48.895,48.82,48.875,19642
2020-06-10 12:05:00-04:00,48.88,48.9,48.83,48.9,10664
2020-06-10 12:10:00-04:00,48.895,48.92,48.865,48.88,8498
2020-06-10 12:15:00-04:00,48.89,48.93,48.88,48.92,7024
2020-06-10 12:20:00-04:00,48.925,48.96,48.905,48.96,10514
2020-06-10 12:25:00-04:00,48.95,48.95,48.885,48.885,44740
2020-06-10 12:30:00-04:00,48.89,48.91,48.865,48.905,11194
2020-06-10 12:35:00-04:00,48.905,48.905,48.815,48.815,12074
2020-06-10 12:40:00-04:00,48.825,48.87,48.825,48.87,9200
2020-06-10 12:45:00-04:00,48.87,48.88,48.855,48.87,7068
2020-06-10 12:50:00-04:00,48.865,48.88,48.86,48.88,10284
2020-06-10 12:55:00-04:00,48.88,48.91,48.86,48.865,11152
2020-06-10 13:00:00-04:00,48.86,48.86,48.8,48.81,511362
2020-06-10 13:05:00-04:00,48.81,48.87,48.81,48.87,8718
2020-06-10 13:10:00-04:00,48.885,48.89,48.855,48.87,6634
2020-06-10 13:15:00-04:00,48.855,48.88,48.85,48.855,3870
2020-06-10 13:20:00-04:00,48.83,48.92,48.83,48.92,9448
2020-06-10 13:25:00-04:00,48.915,48.93,48.9,48.9,10510
2020-06-10 13:30:00-04:00,48.91,48.945,48.905,48.94,14144
2020-06-10 13:35:00-04:00,48.935,48.965,48.915,48.96,9070
2020-06-10 13:40:00-04:00,48.955,48.995,48.955,48.98,6260
2020-06-10 13:45:00-04:00,48.965,48.965,48.935,48.965,9426
2020-06-10 13:50:00-04:00,48.955,48.965,48.945,48.95,504096
2020-06-10 13:55:00-04:00,48.935,48.95,48.915,48.915,9206
2020-06-10 14:00:00-04:00,48.89,49.065,48.71,49.04,16556
2020-06-10 14:05:00-04:00,49.06,49.09,49.005,49.025,15112
2020-06-10 14:10:00-04:00,49.02,49.07,49.02,49.05,7186
2020-06-10 14:15:00-04:00,49.065,49.155,49.06,49.13,22282
2020-06-10 14:20:00-04:00,49.125,49.145,49.03,49.06,13016
2020-06-10 14:25:00-04:00,49.065,49.1,49.03,49.04,30512
2020-06-10 14:30:00-04:00,49.04,49.06,48.91,48.915,52542
2020-06-10 14:35:00-04:00,48.91,48.96,48.885,48.91,25404
2020-06-10 14:40:00-04:00,48.88,48.88,48.69,48.86,21520
2020-06-10 14:45:00-04:00,48.84,48.915,48.76,48.76,14626
2020-06-10 14:50:00-04:00,48.765,48.795,48.615,48.66,11642
2020-06-10 14:55:00-04:00,48.625,48.73,48.61,48.7,13870
2020-06-10 15:00:00-04:00,48.71,48.71,48.58,48.625,19570
2020-06-10 15:05:00-04:00,48.63,48.82,48.63,48.765,18420
2020-06-10 15:10:00-04:00,48.735,48.86,48.735,48.775,11026
2020-06-10 15:15:00-04:00,48.785,48.8,48.72,48.775,10066
2020-06-10 15:20:00-04:00,48.795,48.795,48.655,48.655,9404
2020-06-10 15:25:00-04:00,48.675,48.91,48.67,48.895,23064
2020-06-10 15:30:00-04:00,48.895,48.915,48.83,48.845,12994
2020-06-10 15:35:00-04:00,48.83,48.845,48.725,48.78,15240
2020-06-10 15:40:00-04:00,48.77,48.785,48.72,48.77,21778
2020-06-10 15:45:00-04:00,48.775,48.78,48.63,48.705,25908
2020-06-10 15:50:00-04:00,48.69,48.76,48.64,48.675,46252
2020-06-10 15:55:00-04:00,48.665,48.68,48.58,48.6,176756
2020-06-11 09:30:00-04:00,47.7,47.9,47.56,47.77,70026
2020-06-11 09:35:00-04:00,47.78,47.8,47.59,47.61,31462
2020-06-11 09:40:00-04:00,47.6,47.6,47.47,47.52,13552
2020-06-11 09:45:00-04:00,47.6,47.7,47.6,47.68,15522
2020-06-11 09:50:00-04:00,47.655,47.775,47.645,47.67,24800
2020-06-11 09:55:00-04:00,47.585,47.675,47.57,47.585,11488
2020-06-11 10:00:00-04:00,47.58,47.59,47.44,47.48,25136
2020-06-11 10:05:00-04:00,47.475,47.475,47.33,47.34,14432
2020-06-11 10:10:00-04:00,47.325,47.325,47.265,47.295,7962
2020-06-11 10:15:00-04:00,47.255,47.285,47.04,47.05,430614
2020-06-11 10:20:00-04:00,47.05,47.07,46.97,46.985,34634
2020-06-11 10:25:00-04:00,46.98,46.99,46.85,46.97,22158
2020-06-11 10:30:00-04:00,46.98,47.16,46.97,47.12,12202
2020-06-11 10:35:00-04:00,47.06,47.12,47.05,47.09,9306
2020-06-11 10:40:00-04:00,47.1,47.1,46.94,46.94,31456
2020-06-11 10:45:00-04:00,46.94,46.94,46.79,46.845,23878
2020-06-11 10:50:00-04:00,46.83,46.93,46.8,46.91,21702
2020-06-11 10:55:00-04:00,46.89,46.9,46.8,46.9,23758
2020-06-11 11:00:00-04:00,46.87,46.91,46.85,46.88,24232
2020-06-11 11:05:00-04:00,46.87,46.89,46.72,46.72,18508
2020-06-11 11:10:00-04:00,46.72,46.82,46.72,46.76,7932
2020-06-11 11:15:00-04:00,46.75,46.785,46.68,46.72,13466
2020-06-11 11:20:00-04:00,46.75,46.765,46.71,46.72,9562
2020-06-11 11:25:00-04:00,46.71,46.745,46.67,46.71,30344
2020-06-11 11:30:00-04:00,46.71,46.74,46.6,46.605,28090
2020-06-11 11:35:00-04:00,46.61,46.615,46.505,46.53,25268
2020-06-11 11:40:00-04:00,46.51,46.56,46.51,46.53,26778
2020-06-11 11:45:00-04:00,46.515,46.515,46.36,46.38,25870
2020-06-11 11:50:00-04:00,46.35,46.42,46.34,46.4,15270
2020-06-11 11:55:00-04:00,46.33,46.4,46.32,46.39,18086
2020-06-11 12:00:00-04:00,46.365,46.41,46.29,46.4,23004
2020-06-11 12:05:00-04:00,46.42,46.445,46.31,46.32,12694
2020-06-11 12:10:00-04:00,46.31,46.335,46.245,46.31,26770
2020-06-11 12:15:00-04:00,46.3,46.3,46.21,46.23,14876
2020-06-11 12:20:00-04:00,46.24,46.3,46.23,46.24,16302
2020-06-11 12:25:00-04:00,46.24,46.28,46.23,46.25,27432
2020-06-11 12:30:00-04:00,46.24,46.34,46.24,46.265,21522
2020-06-11 12:35:00-04:00,46.255,46.28,46.16,46.165,45932
2020-06-11 12:40:00-04:00,46.17,46.17,46.03,46.04,26162
2020-06-11 12:45:00-04:00,46.02,46.06,45.965,45.97,34580
2020-06-11 12:50:00-04:00,45.975,45.98,45.905,45.905,29680
2020-06-11 12:55:00-04:00,45.895,46.07,45.875,46.06,35156
2020-06-11 13:00:00-04:00,46.075,46.19,46.075,46.19,32304
2020-06-11 13:05:00-04:00,46.15,46.2,46.09,46.185,21454
2020-06-11 13:10:00-04:00,46.14,46.21,46.125,46.21,3666
2020-06-11 13:15:00-04:00,46.19,46.21,46.135,46.135,13420
2020-06-11 13:20:00-04:00,46.18,46.26,46.17,46.22,22670
2020-06-11 13:25:00-04:00,46.22,46.25,46.13,46.135,12300
2020-06-11 13:30:00-04:00,46.12,46.185,46.09,46.13,16710
2020-06-11 13:35:00-04:00,46.115,46.115,45.99,46.0,22078
2020-06-11 13:40:00-04:00,46.01,46.02,45.905,45.905,10780
2020-06-11 13:45:00-04:00,45.895,46.0,45.885,46.0,33738
2020-06-11 13:50:00-04:00,46.0,46.105,45.98,46.03,39198
2020-06-11 13:55:00-04:00,46.02,46.07,45.96,46.02,28304
2020-06-11 14:00:00-04:00,45.99,46.0,45.86,45.86,21620
2020-06-11 14:05:00-04:00,45.87,45.97,45.855,45.895,23018
2020-06-11 14:10:00-04:00,45.87,45.89,45.79,45.845,31172
2020-06-11 14:15:00-04:00,45.845,45.88,45.81,45.83,15622
2020-06-11 14:20:00-04:00,45.8,45.865,45.78,45.85,25616
2020-06-11 14:25:00-04:00,45.88,45.945,45.84,45.9,24074
2020-06-11 14:30:00-04:00,45.9,45.925,45.775,45.82,31646
2020-06-11 14:35:00-04:00,45.825,45.825,45.72,45.77,24320
2020-06-11 14:40:00-04:00,45.78,45.82,45.7,45.815,66228
2020-06-11 14:45:00-04:00,45.82,45.91,45.79,45.8,38222
2020-06-11 14:50:00-04:00,45.785,45.83,45.73,45.78,38712
2020-06-11 14:55:00-04:00,45.755,45.81,45.65,45.76,44926
2020-06-11 15:00:00-04:00,45.75,45.79,45.68,45.77,42830
2020-06-11 15:05:00-04:00,45.77,45.8,45.71,45.755,76018
2020-06-11 15:10:00-04:00,45.74,45.82,45.65,45.67,28380
2020-06-11 15:15:00-04:00,45.655,45.725,45.58,45.65,40222
2020-06-11 15:20:00-04:00,45.65,45.68,45.555,45.565,32000
2020-06-11 15:25:00-04:00,45.56,45.6,45.51,45.57,39124
2020-06-11 15:30:00-04:00,45.545,45.64,45.5,45.6,116632
2020-06-11 15:35:00-04:00,45.58,45.72,45.525,45.615,110800
2020-06-11 15:40:00-04:00,45.61,45.75,45.605,45.73,116652
2020-06-11 15:45:00-04:00,45.74,45.74,45.48,45.495,156682
2020-06-11 15:50:00-04:00,45.48,45.615,45.465,45.59,190522
2020-06-11 15:55:00-04:00,45.61,45.65,45.53,45.57,276608
2020-06-12 09:30:00-04:00,46.12,46.21,46.01,46.03,24324
2020-06-12 09:35:00-04:00,46.025,46.13,45.96,46.13,14662
2020-06-12 09:40:00-04:00,46.16,46.225,46.01,46.025,12804
2020-06-12 09:45:00-04:00,46.02,46.06,45.97,46.005,15778
2020-06-12 09:50:00-04:00,46.06,46.21,46.055,46.055,16916
2020-06-12 09:55:00-04:00,46.06,46.09,46.01,46.065,15424
2020-06-12 10:00:00-04:00,46.085,46.17,46.085,46.14,11664
2020-06-12 10:05:00-04:00,46.17,46.225,46.15,46.195,12452
2020-06-12 10:10:00-04:00,46.2,46.2,46.02,46.02,12842
2020-06-12 10:15:00-04:00,46.02,46.165,46.02,46.105,19486
2020-06-12 10:20:00-04:00,46.115,46.17,46.11,46.17,18434
2020-06-12 10:25:00-04:00,46.15,46.18,46.01,46.02,22058
2020-06-12 10:30:00-04:00,46.04,46.04,45.93,45.95,18270
2020-06-12 10:35:00-04:00,45.955,45.98,45.8,45.815,20564
2020-06-12 10:40:00-04:00,45.82,45.915,45.82,45.855,11494
2020-06-12 10:45:00-04:00,45.85,45.96,45.83,45.89,15854
2020-06-12 10:50:00-04:00,45.9,45.93,45.7,45.72,56930
2020-06-12 10:55:00-04:00,45.73,45.78,45.65,45.665,17908
2020-06-12 11:00:00-04:00,45.65,45.735,45.41,45.41,17426
2020-06-12 11:05:00-04:00,45.43,45.61,45.43,45.59,33842
2020-06-12 11:10:00-04:00,45.605,45.63,45.48,45.48,14138
2020-06-12 11:15:00-04:00,45.58,45.58,45.31,45.32,15324
2020-06-12 11:20:00-04:00,45.33,45.475,45.28,45.34,18888
2020-06-12 11:25:00-04:00,45.43,45.63,45.36,45.58,14076
2020-06-12 11:30:00-04:00,45.59,45.66,45.52,45.66,7774
2020-06-12 11:35:00-04:00,45.7,45.86,45.67,45.79,13358
2020-06-12 11:40:00-04:00,45.78,45.83,45.73,45.73,5458
2020-06-12 11:45:00-04:00,45.74,45.865,45.72,45.75,7960
2020-06-12 11:50:00-04:00,45.76,45.8,45.65,45.71,7114
2020-06-12 11:55:00-04:00,45.685,45.795,45.67,45.795,19572
2020-06-12 12:00:00-04:00,45.76,45.905,45.745,45.89,237714
2020-06-12 12:05:00-04:00,45.905,45.905,45.85,45.875,16932
2020-06-12 12:10:00-04:00,45.865,45.885,45.75,45.85,69148
2020-06-12 12:15:00-04:00,45.83,45.935,45.81,45.92,78710
2020-06-12 12:20:00-04:00,45.92,45.92,45.775,45.79,10078
2020-06-12 12:25:00-04:00,45.79,45.835,45.75,45.8,10720
2020-06-12 12:30:00-04:00,45.78,45.79,45.68,45.74,12418
2020-06-12 12:35:00-04:00,45.71,45.77,45.67,45.77,27214
2020-06-12 12:40:00-04:00,45.75,45.85,45.75,45.78,28360
2020-06-12 12:45:00-04:00,45.7,45.7,45.57,45.58,9802
2020-06-12 12:50:00-04:00,45.58,45.68,45.58,45.68,6172
2020-06-12 12:55:00-04:00,45.665,45.7,45.64,45.645,6816
2020-06-12 13:00:00-04:00,45.65,45.67,45.53,45.53,13290
2020-06-12 13:05:00-04:00,45.53,45.565,45.45,45.47,11006
2020-06-12 13:10:00-04:00,45.46,45.46,45.4,45.415,23880
2020-06-12 13:15:00-04:00,45.425,45.445,45.36,45.405,8608
2020-06-12 13:20:00-04:00,45.39,45.48,45.31,45.335,10672
2020-06-12 13:25:00-04:00,45.33,45.435,45.32,45.34,12640
2020-06-12 13:30:00-04:00,45.335,45.405,45.25,45.26,8722
2020-06-12 13:35:00-04:00,45.25,45.3,45.165,45.185,11454
2020-06-12 13:40:00-04:00,45.14,45.31,45.13,45.19,9896
2020-06-12 13:45:00-04:00,45.2,45.2,45.03,45.05,13338
2020-06-12 13:50:00-04:00,45.08,45.165,45.04,45.15,14312
2020-06-12 13:55:00-04:00,45.14,45.2,45.03,45.03,9408
2020-06-12 14:00:00-04:00,45.02,45.25,45.01,45.19,24234
2020-06-12 14:05:00-04:00,45.16,45.165,45.055,45.08,15520
2020-06-12 14:10:00-04:00,45.1,45.33,45.1,45.21,13468
2020-06-12 14:15:00-04:00,45.225,45.24,45.145,45.2,11656
2020-06-12 14:20:00-04:00,45.14,45.2,45.12,45.18,7112
2020-06-12 14:25:00-04:00,45.2,45.28,45.2,45.27,10030
2020-06-12 14:30:00-04:00,45.24,45.46,45.24,45.365,28604
2020-06-12 14:35:00-04:00,45.37,45.375,45.27,45.27,15694
2020-06-12 14:40:00-04:00,45.27,45.29,45.18,45.24,10904
2020-06-12 14:45:00-04:00,45.275,45.365,45.27,45.27,18402
2020-06-12 14:50:00-04:00,45.28,45.46,45.25,45.46,14238
2020-06-12 14:55:00-04:00,45.44,45.44,45.33,45.41,21718
2020-06-12 15:00:00-04:00,45.43,45.565,45.43,45.48,30158
2020-06-12 15:05:00-04:00,45.51,45.67,45.48,45.6,35766
2020-06-12 15:10:00-04:00,45.59,45.73,45.59,45.705,30696
2020-06-12 15:15:00-04:00,45.715,45.72,45.53,45.595,35232
2020-06-12 15:20:00-04:00,45.595,45.61,45.42,45.43,18602
2020-06-12 15:25:00-04:00,45.44,45.48,45.36,45.415,37020
2020-06-12 15:30:00-04:00,45.425,45.465,45.33,45.39,28942
2020-06-12 15:35:00-04:00,45.4,45.49,45.36,45.39,38144
2020-06-12 15:40:00-04:00,45.4,45.465,45.37,45.46,38928
2020-06-12 15:45:00-04:00,45.465,45.64,45.465,45.64,57126
2020-06-12 15:50:00-04:00,45.63,45.73,45.56,45.61,64060
2020-06-12 15:55:00-04:00,45.61,45.73,45.6,45.605,170844
2020-06-15 09:30:00-04:00,44.58,44.585,44.525,44.56,3353
2020-06-15 09:35:00-04:00,44.555,44.87,44.555,44.82,33831
2020-06-15 09:40:00-04:00,44.83,45.045,44.815,44.96,27038
2020-06-15 09:45:00-04:00,44.97,45.02,44.83,44.86,18932
2020-06-15 09:50:00-04:00,44.84,44.985,44.82,44.96,12421
2020-06-15 09:55:00-04:00,44.955,45.1,44.93,45.09,5125
2020-06-15 10:00:00-04:00,45.11,45.135,44.955,45.03,6875
2020-06-15 10:05:00-04:00,45.035,45.205,45.025,45.155,7738
2020-06-15 10:10:00-04:00,45.125,45.215,45.105,45.17,8370
2020-06-15 10:15:00-04:00,45.17,45.21,45.14,45.2,11519
2020-06-15 10:20:00-04:00,45.215,45.225,45.07,45.09,8840
2020-06-15 10:25:00-04:00,45.11,45.13,45.02,45.06,9292
2020-06-15 10:30:00-04:00,45.04,45.205,45.0,45.205,18530
2020-06-15 10:35:00-04:00,45.205,45.235,45.13,45.13,15292
2020-06-15 10:40:00-04:00,45.135,45.26,45.09,45.26,15149
2020-06-15 10:45:00-04:00,45.27,45.43,45.27,45.37,8897
2020-06-15 10:50:00-04:00,45.365,45.51,45.35,45.48,4492
2020-06-15 10:55:00-04:00,45.475,45.475,45.39,45.415,9983
2020-06-15 11:00:00-04:00,45.4,45.51,45.37,45.5,7910
2020-06-15 11:05:00-04:00,45.5,45.56,45.5,45.54,9190
2020-06-15 11:10:00-04:00,45.54,45.58,45.49,45.56,6969
2020-06-15 11:15:00-04:00,45.5,45.555,45.47,45.555,4646
2020-06-15 11:20:00-04:00,45.53,45.65,45.53,45.65,4724
2020-06-15 11:25:00-04:00,45.64,45.64,45.43,45.48,10264
2020-06-15 11:30:00-04:00,45.47,45.5,45.385,45.43,8891
2020-06-15 11:35:00-04:00,45.445,45.5,45.43,45.445,18702
2020-06-15 11:40:00-04:00,45.47,45.5,45.41,45.42,111740
2020-06-15 11:45:00-04:00,45.43,45.5,45.42,45.495,12690
2020-06-15 11:50:00-04:00,45.49,45.52,45.41,45.445,7801
2020-06-15 11:55:00-04:00,45.45,45.595,45.45,45.595,5767
2020-06-15 12:00:00-04:00,45.595,45.76,45.55,45.755,5911
2020-06-15 12:05:00-04:00,45.76,45.77,45.73,45.77,4670
2020-06-15 12:10:00-04:00,45.77,45.77,45.61,45.625,6049
2020-06-15 12:15:00-04:00,45.65,45.725,45.61,45.71,6229
2020-06-15 12:20:00-04:00,45.7,45.775,45.68,45.775,6866
2020-06-15 12:25:00-04:00,45.77,45.81,45.73,45.795,8377
2020-06-15 12:30:00-04:00,45.78,45.805,45.75,45.75,6492
2020-06-15 12:35:00-04:00,45.785,45.86,45.78,45.85,3645
2020-06-15 12:40:00-04:00,45.84,45.88,45.82,45.82,2881
2020-06-15 12:45:00-04:00,45.84,45.88,45.81,45.85,3216
2020-06-15 12:50:00-04:00,45.875,45.88,45.81,45.86,1887
2020-06-15 12:55:00-04:00,45.85,45.865,45.79,45.84,10499
2020-06-15 13:00:00-04:00,45.83,45.845,45.785,45.845,3326
2020-06-15 13:05:00-04:00,45.85,45.905,45.84,45.905,4027
2020-06-15 13:10:00-04:00,45.93,45.93,45.845,45.86,5539
2020-06-15 13:15:00-04:00,45.855,45.88,45.79,45.81,5780
2020-06-15 13:20:00-04:00,45.8,45.82,45.73,45.75,4927
2020-06-15 13:25:00-04:00,45.74,45.785,45.74,45.75,4155
2020-06-15 13:30:00-04:00,45.75,45.755,45.7,45.73,4213
2020-06-15 13:35:00-04:00,45.745,45.775,45.73,45.765,9038
2020-06-15 13:40:00-04:00,45.75,45.785,45.71,45.75,3873
2020-06-15 13:45:00-04:00,45.74,45.755,45.705,45.705,2507
2020-06-15 13:50:00-04:00,45.705,45.74,45.69,45.7,4883
2020-06-15 13:55:00-04:00,45.715,45.715,45.645,45.655,2722
2020-06-15 14:00:00-04:00,45.73,46.1,45.71,46.085,6404
2020-06-15 14:05:00-04:00,46.1,46.17,46.07,46.135,2859
2020-06-15 14:10:00-04:00,46.13,46.205,46.075,46.205,6062
2020-06-15 14:15:00-04:00,46.245,46.36,46.245,46.325,1889
2020-06-15 14:20:00-04:00,46.355,46.355,46.27,46.31,2563
2020-06-15 14:25:00-04:00,46.35,46.39,46.32,46.35,3024
2020-06-15 14:30:00-04:00,46.395,46.41,46.24,46.25,5159
2020-06-15 14:35:00-04:00,46.3,46.335,46.27,46.3,3211
2020-06-15 14:40:00-04:00,46.31,46.34,46.22,46.23,6809
2020-06-15 14:45:00-04:00,46.26,46.305,46.25,46.3,5530
2020-06-15 14:50:00-04:00,46.3,46.305,46.16,46.21,6414
2020-06-15 14:55:00-04:00,46.21,46.265,46.2,46.245,6651
2020-06-15 15:00:00-04:00,46.245,46.44,46.245,46.39,5256
2020-06-15 15:05:00-04:00,46.365,46.4,46.32,46.36,5568
2020-06-15 15:10:00-04:00,46.39,46.41,46.35,46.38,5272
2020-06-15 15:15:00-04:00,46.37,46.395,46.33,46.36,7182
2020-06-15 15:20:00-04:00,46.355,46.355,46.26,46.32,5580
2020-06-15 15:25:00-04:00,46.36,46.36,46.18,46.19,5185
2020-06-15 15:30:00-04:00,46.19,46.22,46.02,46.04,9668
2020-06-15 15:35:00-04:00,46.04,46.12,45.96,46.1,12050
2020-06-15 15:40:00-04:00,46.1,46.17,46.04,46.17,6870
2020-06-15 15:45:00-04:00,46.16,46.205,46.12,46.145,10892
2020-06-15 15:50:00-04:00,46.13,46.28,46.13,46.23,16615
2020-06-15 15:55:00-04:00,46.27,46.31,46.19,46.3,66707
2020-06-16 08:35:00-04:00,47.3,47.3,47.3,47.3,100
2020-06-16 09:30:00-04:00,47.49,47.65,47.48,47.56,17370
2020-06-16 09:35:00-04:00,47.56,47.67,47.5,47.58,43992
2020-06-16 09:40:00-04:00,47.57,47.59,47.45,47.48,9996
2020-06-16 09:45:00-04:00,47.5,47.58,47.305,47.305,8503
2020-06-16 09:50:00-04:00,47.3,47.39,47.225,47.26,8518
2020-06-16 09:55:00-04:00,47.27,47.27,47.12,47.13,12509
2020-06-16 10:00:00-04:00,47.14,47.205,47.095,47.14,21601
2020-06-16 10:05:00-04:00,47.1,47.22,47.095,47.1,14518
2020-06-16 10:10:00-04:00,47.1,47.18,47.08,47.165,16651
2020-06-16 10:15:00-04:00,47.17,47.33,47.155,47.33,14050
2020-06-16 10:20:00-04:00,47.3,47.3,47.215,47.23,14793
2020-06-16 10:25:00-04:00,47.23,47.39,47.23,47.385,18220
2020-06-16 10:30:00-04:00,47.37,47.4,47.18,47.18,16290
2020-06-16 10:35:00-04:00,47.13,47.18,46.94,47.02,16616
2020-06-16 10:40:00-04:00,47.03,47.05,46.9,46.99,13033
2020-06-16 10:45:00-04:00,46.97,47.06,46.865,47.01,11394
2020-06-16 10:50:00-04:00,47.0,47.0,46.63,46.68,11557
2020-06-16 10:55:00-04:00,46.67,46.77,46.52,46.57,10647
2020-06-16 11:00:00-04:00,46.39,46.53,46.23,46.53,16463
2020-06-16 11:05:00-04:00,46.53,46.64,46.53,46.64,6532
2020-06-16 11:10:00-04:00,46.66,46.7,46.515,46.665,10374
2020-06-16 11:15:00-04:00,46.67,46.83,46.67,46.75,8108
2020-06-16 11:20:00-04:00,46.71,46.87,46.69,46.84,11605
2020-06-16 11:25:00-04:00,46.83,46.88,46.8,46.86,9928
2020-06-16 11:30:00-04:00,46.87,46.95,46.785,46.83,14976
2020-06-16 11:35:00-04:00,46.85,46.885,46.74,46.78,8931
2020-06-16 11:40:00-04:00,46.74,46.86,46.7,46.71,15408
2020-06-16 11:45:00-04:00,46.72,46.95,46.72,46.92,9812
2020-06-16 11:50:00-04:00,46.92,46.96,46.79,46.805,10292
2020-06-16 11:55:00-04:00,46.805,46.805,46.665,46.68,5392
2020-06-16 12:00:00-04:00,46.69,46.725,46.58,46.64,6365
2020-06-16 12:05:00-04:00,46.62,46.67,46.55,46.64,6567
2020-06-16 12:10:00-04:00,46.65,46.66,46.605,46.66,9938
2020-06-16 12:15:00-04:00,46.67,46.7,46.595,46.66,8644
2020-06-16 12:20:00-04:00,46.67,46.72,46.605,46.65,12457
2020-06-16 12:25:00-04:00,46.64,46.79,46.64,46.74,8404
2020-06-16 12:30:00-04:00,46.73,46.88,46.73,46.88,16992
2020-06-16 12:35:00-04:00,46.885,46.97,46.88,46.95,8791
2020-06-16 12:40:00-04:00,46.95,46.97,46.88,46.94,7194
2020-06-16 12:45:00-04:00,46.95,46.95,46.88,46.88,5322
2020-06-16 12:50:00-04:00,46.89,46.91,46.87,46.88,5607
2020-06-16 12:55:00-04:00,46.89,46.92,46.84,46.92,12977
2020-06-16 13:00:00-04:00,46.96,46.98,46.895,46.9,7120
2020-06-16 13:05:00-04:00,46.9,46.96,46.88,46.96,6667
2020-06-16 13:10:00-04:00,46.97,46.98,46.92,46.98,10880
2020-06-16 13:15:00-04:00,46.99,47.07,46.975,47.05,8321
2020-06-16 13:20:00-04:00,47.05,47.05,47.02,47.02,9395
2020-06-16 13:25:00-04:00,47.02,47.035,46.96,46.96,14740
2020-06-16 13:30:00-04:00,46.95,46.98,46.89,46.91,34014
2020-06-16 13:35:00-04:00,46.9,46.93,46.85,46.87,8813
2020-06-16 13:40:00-04:00,46.88,46.95,46.88,46.905,6741
2020-06-16 13:45:00-04:00,46.895,46.91,46.87,46.9,7878
2020-06-16 13:50:00-04:00,46.9,46.96,46.81,46.84,5492
2020-06-16 13:55:00-04:00,46.82,46.87,46.79,46.86,8888
2020-06-16 14:00:00-04:00,46.86,46.94,46.85,46.94,7804
2020-06-16 14:05:00-04:00,46.93,46.97,46.91,46.95,5072
2020-06-16 14:10:00-04:00,46.98,47.03,46.95,47.02,5939
2020-06-16 14:15:00-04:00,47.01,47.1,47.01,47.03,7180
2020-06-16 14:20:00-04:00,47.04,47.07,46.81,46.88,13169
2020-06-16 14:25:00-04:00,46.85,46.93,46.84,46.91,7760
2020-06-16 14:30:00-04:00,46.93,47.04,46.93,46.95,8297
2020-06-16 14:35:00-04:00,46.94,46.99,46.91,46.95,7594
2020-06-16 14:40:00-04:00,46.96,46.97,46.9,46.91,7004
2020-06-16 14:45:00-04:00,46.93,46.93,46.85,46.89,5453
2020-06-16 14:50:00-04:00,46.89,46.93,46.86,46.92,6408
2020-06-16 14:55:00-04:00,46.945,46.96,46.9,46.94,6810
2020-06-16 15:00:00-04:00,46.93,46.98,46.875,46.885,9699
2020-06-16 15:05:00-04:00,46.94,46.94,46.79,46.8,6309
2020-06-16 15:10:00-04:00,46.79,46.865,46.79,46.835,9786
2020-06-16 15:15:00-04:00,46.83,46.83,46.64,46.66,7350
2020-06-16 15:20:00-04:00,46.66,46.76,46.66,46.725,9325
2020-06-16 15:25:00-04:00,46.72,46.8,46.72,46.77,12629
2020-06-16 15:30:00-04:00,46.765,46.87,46.73,46.855,18992
2020-06-16 15:35:00-04:00,46.84,46.88,46.76,46.77,25188
2020-06-16 15:40:00-04:00,46.775,46.81,46.65,46.66,12864
2020-06-16 15:45:00-04:00,46.645,46.72,46.62,46.71,26782
2020-06-16 15:50:00-04:00,46.69,46.77,46.575,46.6,26267
2020-06-16 15:55:00-04:00,46.59,46.76,46.56,46.76,91937
2020-06-17 09:25:00-04:00,46.54,46.54,46.54,46.54,307
2020-06-17 09:30:00-04:00,46.74,46.94,46.74,46.83,8608
2020-06-17 09:35:00-04:00,46.88,46.95,46.81,46.81,8875
2020-06-17 09:40:00-04:00,46.8,46.96,46.72,46.89,10907
2020-06-17 09:45:00-04:00,46.91,47.02,46.87,46.975,7005
2020-06-17 09:50:00-04:00,46.975,47.05,46.975,47.0,6382
2020-06-17 09:55:00-04:00,46.94,46.945,46.8,46.89,7843
2020-06-17 10:00:00-04:00,46.895,46.9,46.73,46.75,9645
2020-06-17 10:05:00-04:00,46.73,46.915,46.71,46.9,10463
2020-06-17 10:10:00-04:00,46.89,46.95,46.815,46.83,8761
2020-06-17 10:15:00-04:00,46.86,46.93,46.69,46.69,18691
2020-06-17 10:20:00-04:00,46.705,46.77,46.635,46.66,4953
2020-06-17 10:25:00-04:00,46.66,46.69,46.57,46.605,9618
2020-06-17 10:30:00-04:00,46.59,46.65,46.515,46.645,15974
2020-06-17 10:35:00-04:00,46.65,46.67,46.59,46.66,10462
2020-06-17 10:40:00-04:00,46.66,46.72,46.61,46.72,4485
2020-06-17 10:45:00-04:00,46.715,46.76,46.7,46.76,3847
2020-06-17 10:50:00-04:00,46.745,46.79,46.735,46.78,5030
2020-06-17 10:55:00-04:00,46.775,46.84,46.715,46.73,4437
2020-06-17 11:00:00-04:00,46.73,46.73,46.565,46.57,6725
2020-06-17 11:05:00-04:00,46.57,46.62,46.52,46.55,15345
2020-06-17 11:10:00-04:00,46.555,46.6,46.535,46.57,11152
2020-06-17 11:15:00-04:00,46.57,46.59,46.52,46.54,14507
2020-06-17 11:20:00-04:00,46.53,46.54,46.46,46.48,31847
2020-06-17 11:25:00-04:00,46.47,46.55,46.44,46.55,13312
2020-06-17 11:30:00-04:00,46.53,46.58,46.5,46.58,10295
2020-06-17 11:35:00-04:00,46.57,46.6,46.515,46.52,18564
2020-06-17 11:40:00-04:00,46.525,46.59,46.525,46.58,12358
2020-06-17 11:45:00-04:00,46.58,46.61,46.57,46.58,12105
2020-06-17 11:50:00-04:00,46.57,46.575,46.54,46.55,27018
2020-06-17 11:55:00-04:00,46.56,46.63,46.555,46.61,12983
2020-06-17 12:00:00-04:00,46.6,46.6,46.525,46.53,3228
2020-06-17 12:05:00-04:00,46.52,46.61,46.49,46.59,9308
2020-06-17 12:10:00-04:00,46.585,46.59,46.53,46.54,6509
2020-06-17 12:15:00-04:00,46.53,46.56,46.5,46.505,6266
2020-06-17 12:20:00-04:00,46.51,46.52,46.47,46.52,5322
2020-06-17 12:25:00-04:00,46.515,46.54,46.48,46.5,9071
2020-06-17 12:30:00-04:00,46.49,46.62,46.49,46.615,13923
2020-06-17 12:35:00-04:00,46.61,46.655,46.605,46.635,19994
2020-06-17 12:40:00-04:00,46.64,46.68,46.63,46.675,6891
2020-06-17 12:45:00-04:00,46.69,46.71,46.65,46.69,6330
2020-06-17 12:50:00-04:00,46.7,46.71,46.66,46.665,2371
2020-06-17 12:55:00-04:00,46.665,46.67,46.61,46.635,6060
2020-06-17 13:00:00-04:00,46.65,46.76,46.65,46.74,4204
2020-06-17 13:05:00-04:00,46.75,46.77,46.735,46.77,3812
2020-06-17 13:10:00-04:00,46.76,46.8,46.75,46.78,2283
2020-06-17 13:15:00-04:00,46.765,46.765,46.75,46.75,3504
2020-06-17 13:20:00-04:00,46.76,46.77,46.75,46.765,1339
2020-06-17 13:25:00-04:00,46.77,46.8,46.77,46.79,3211
2020-06-17 13:30:00-04:00,46.795,46.835,46.795,46.81,10186
2020-06-17 13:35:00-04:00,46.83,46.875,46.825,46.87,1858
2020-06-17 13:40:00-04:00,46.86,46.86,46.81,46.81,3690
2020-06-17 13:45:00-04:00,46.83,46.83,46.79,46.8,4430
2020-06-17 13:50:00-04:00,46.81,46.835,46.79,46.815,2876
2020-06-17 13:55:00-04:00,46.82,46.85,46.78,46.78,2547
2020-06-17 14:00:00-04:00,46.77,46.77,46.69,46.7,3280
2020-06-17 14:05:00-04:00,46.7,46.82,46.7,46.82,4329
2020-06-17 14:10:00-04:00,46.81,46.83,46.81,46.81,889
2020-06-17 14:15:00-04:00,46.78,46.79,46.73,46.74,3818
2020-06-17 14:20:00-04:00,46.77,46.79,46.76,46.78,1606
2020-06-17 14:25:00-04:00,46.77,46.83,46.745,46.82,2878
2020-06-17 14:30:00-04:00,46.805,46.805,46.72,46.74,2245
2020-06-17 14:35:00-04:00,46.74,46.76,46.73,46.76,3037
2020-06-17 14:40:00-04:00,46.775,46.83,46.775,46.78,4642
2020-06-17 14:45:00-04:00,46.78,46.815,46.76,46.815,2784
2020-06-17 14:50:00-04:00,46.8,46.85,46.79,46.79,4845
2020-06-17 14:55:00-04:00,46.79,46.81,46.72,46.72,10520
2020-06-17 15:00:00-04:00,46.71,46.72,46.66,46.7,7713
2020-06-17 15:05:00-04:00,46.72,46.74,46.7,46.72,5354
2020-06-17 15:10:00-04:00,46.72,46.72,46.66,46.72,8738
2020-06-17 15:15:00-04:00,46.735,46.75,46.66,46.715,10142
2020-06-17 15:20:00-04:00,46.7,46.73,46.64,46.66,9654
2020-06-17 15:25:00-04:00,46.67,46.685,46.575,46.625,7743
2020-06-17 15:30:00-04:00,46.63,46.68,46.575,46.68,8417
2020-06-17 15:35:00-04:00,46.67,46.69,46.62,46.64,6426
2020-06-17 15:40:00-04:00,46.64,46.64,46.51,46.54,11112
2020-06-17 15:45:00-04:00,46.555,46.59,46.5,46.52,12021
2020-06-17 15:50:00-04:00,46.51,46.62,46.49,46.57,14227
2020-06-17 15:55:00-04:00,46.57,46.62,46.56,46.58,65015
2020-06-18 09:30:00-04:00,46.285,46.385,46.1,46.1,8892
2020-06-18 09:35:00-04:00,46.1,46.39,46.08,46.36,7742
2020-06-18 09:40:00-04:00,46.33,46.385,46.28,46.315,9250
2020-06-18 09:45:00-04:00,46.35,46.43,46.3,46.43,3945
2020-06-18 09:50:00-04:00,46.43,46.45,46.35,46.37,3237
2020-06-18 09:55:00-04:00,46.4,46.44,46.34,46.42,5374
2020-06-18 10:00:00-04:00,46.41,46.5,46.41,46.47,3746
2020-06-18 10:05:00-04:00,46.5,46.51,46.435,46.46,4488
2020-06-18 10:10:00-04:00,46.46,46.46,46.355,46.395,11830
2020-06-18 10:15:00-04:00,46.415,46.445,46.38,46.44,12031
2020-06-18 10:20:00-04:00,46.435,46.475,46.255,46.295,8067
2020-06-18 10:25:00-04:00,46.29,46.345,46.28,46.305,9716
2020-06-18 10:30:00-04:00,46.3,46.3,46.095,46.26,36522
2020-06-18 10:35:00-04:00,46.245,46.37,46.245,46.32,6166
2020-06-18 10:40:00-04:00,46.335,46.5,46.31,46.49,8565
2020-06-18 10:45:00-04:00,46.49,46.58,46.46,46.535,5463
2020-06-18 10:50:00-04:00,46.54,46.545,46.48,46.52,11856
2020-06-18 10:55:00-04:00,46.53,46.67,46.52,46.66,4768
2020-06-18 11:00:00-04:00,46.64,46.67,46.59,46.65,3254
2020-06-18 11:05:00-04:00,46.64,46.68,46.63,46.63,2868
2020-06-18 11:10:00-04:00,46.635,46.68,46.63,46.64,4454
2020-06-18 11:15:00-04:00,46.64,46.68,46.63,46.65,2480
2020-06-18 11:20:00-04:00,46.65,46.65,46.53,46.53,4138
2020-06-18 11:25:00-04:00,46.54,46.6,46.54,46.59,3444
2020-06-18 11:30:00-04:00,46.6,46.67,46.6,46.61,3683
2020-06-18 11:35:00-04:00,46.63,46.635,46.585,46.585,4854
2020-06-18 11:40:00-04:00,46.58,46.64,46.56,46.565,5697
2020-06-18 11:45:00-04:00,46.57,46.63,46.57,46.62,4646
2020-06-18 11:50:00-04:00,46.61,46.61,46.55,46.55,2805
2020-06-18 11:55:00-04:00,46.55,46.6,46.54,46.59,6104
2020-06-18 12:00:00-04:00,46.585,46.59,46.495,46.515,5051
2020-06-18 12:05:00-04:00,46.51,46.54,46.5,46.53,8360
2020-06-18 12:10:00-04:00,46.52,46.57,46.51,46.57,3570
2020-06-18 12:15:00-04:00,46.57,46.58,46.52,46.53,4820
2020-06-18 12:20:00-04:00,46.52,46.59,46.52,46.59,6797
2020-06-18 12:25:00-04:00,46.6,46.625,46.59,46.615,5093
2020-06-18 12:30:00-04:00,46.6,46.61,46.56,46.61,6811
2020-06-18 12:35:00-04:00,46.61,46.615,46.53,46.565,8032
2020-06-18 12:40:00-04:00,46.57,46.62,46.56,46.595,6591
2020-06-18 12:45:00-04:00,46.6,46.645,46.58,46.64,7277
2020-06-18 12:50:00-04:00,46.645,46.7,46.62,46.695,6114
2020-06-18 12:55:00-04:00,46.7,46.73,46.69,46.715,6133
2020-06-18 13:00:00-04:00,46.73,46.79,46.71,46.735,6227
2020-06-18 13:05:00-04:00,46.73,46.805,46.72,46.805,6794
2020-06-18 13:10:00-04:00,46.81,46.845,46.8,46.825,5868
2020-06-18 13:15:00-04:00,46.83,46.845,46.77,46.83,4526
2020-06-18 13:20:00-04:00,46.845,46.85,46.815,46.83,5818
2020-06-18 13:25:00-04:00,46.84,46.88,46.81,46.875,5571
2020-06-18 13:30:00-04:00,46.87,46.9,46.845,46.9,13060
2020-06-18 13:35:00-04:00,46.91,46.935,46.89,46.925,26402
2020-06-18 13:40:00-04:00,46.91,46.945,46.91,46.925,6033
2020-06-18 13:45:00-04:00,46.925,46.96,46.92,46.925,6982
2020-06-18 13:50:00-04:00,46.92,46.945,46.91,46.945,7475
2020-06-18 13:55:00-04:00,46.95,46.955,46.91,46.91,7232
2020-06-18 14:00:00-04:00,46.905,46.905,46.765,46.77,8789
2020-06-18 14:05:00-04:00,46.78,46.815,46.73,46.79,7973
2020-06-18 14:10:00-04:00,46.82,46.825,46.77,46.805,10984
2020-06-18 14:15:00-04:00,46.805,46.805,46.715,46.77,8169
2020-06-18 14:20:00-04:00,46.76,46.85,46.76,46.84,6467
2020-06-18 14:25:00-04:00,46.845,46.86,46.805,46.83,10131
2020-06-18 14:30:00-04:00,46.82,46.86,46.75,46.785,12024
2020-06-18 14:35:00-04:00,46.79,46.82,46.76,46.76,10671
2020-06-18 14:40:00-04:00,46.78,46.8,46.695,46.705,9303
2020-06-18 14:45:00-04:00,46.71,46.75,46.71,46.72,8678
2020-06-18 14:50:00-04:00,46.74,46.755,46.715,46.735,6311
2020-06-18 14:55:00-04:00,46.73,46.74,46.66,46.67,11702
2020-06-18 15:00:00-04:00,46.685,46.685,46.605,46.62,10179
2020-06-18 15:05:00-04:00,46.615,46.69,46.6,46.67,8876
2020-06-18 15:10:00-04:00,46.66,46.665,46.62,46.62,11268
2020-06-18 15:15:00-04:00,46.63,46.69,46.615,46.67,10294
2020-06-18 15:20:00-04:00,46.67,46.71,46.645,46.69,9969
2020-06-18 15:25:00-04:00,46.69,46.72,46.685,46.72,14915
2020-06-18 15:30:00-04:00,46.72,46.81,46.69,46.76,13395
2020-06-18 15:35:00-04:00,46.765,46.86,46.76,46.84,9914
2020-06-18 15:40:00-04:00,46.84,46.84,46.78,46.78,13933
2020-06-18 15:45:00-04:00,46.79,46.825,46.775,46.81,18448
2020-06-18 15:50:00-04:00,46.82,46.94,46.77,46.91,21489
2020-06-18 15:55:00-04:00,46.9,47.035,46.885,46.99,66809
2020-06-19 08:00:00-04:00,47.41,47.41,47.41,47.41,100
2020-06-19 08:25:00-04:00,47.75,47.75,47.75,47.75,1000
2020-06-19 09:25:00-04:00,47.82,47.82,47.82,47.82,1400
2020-06-19 09:30:00-04:00,47.73,47.78,47.37,47.7,20879
2020-06-19 09:35:00-04:00,47.715,47.715,47.605,47.635,12649
2020-06-19 09:40:00-04:00,47.65,47.65,47.405,47.405,10887
2020-06-19 09:45:00-04:00,47.4,47.47,47.385,47.455,8971
2020-06-19 09:50:00-04:00,47.44,47.45,47.31,47.39,5346
2020-06-19 09:55:00-04:00,47.385,47.395,47.22,47.27,8422
2020-06-19 10:00:00-04:00,47.275,47.38,47.26,47.31,7250
2020-06-19 10:05:00-04:00,47.3,47.36,47.29,47.29,5344
2020-06-19 10:10:00-04:00,47.29,47.345,47.24,47.33,10987
2020-06-19 10:15:00-04:00,47.345,47.4,47.31,47.4,8547
2020-06-19 10:20:00-04:00,47.42,47.475,47.38,47.44,14539
2020-06-19 10:25:00-04:00,47.44,47.44,47.35,47.35,5574
2020-06-19 10:30:00-04:00,47.34,47.34,47.2,47.23,5723
2020-06-19 10:35:00-04:00,47.24,47.32,47.23,47.31,5242
2020-06-19 10:40:00-04:00,47.3,47.33,47.26,47.3,15023
2020-06-19 10:45:00-04:00,47.315,47.32,47.23,47.3,13573
2020-06-19 10:50:00-04:00,47.31,47.32,47.27,47.32,11073
2020-06-19 10:55:00-04:00,47.32,47.32,47.23,47.26,10951
2020-06-19 11:00:00-04:00,47.27,47.27,47.225,47.265,10899
2020-06-19 11:05:00-04:00,47.25,47.27,47.12,47.15,5932
2020-06-19 11:10:00-04:00,47.16,47.22,47.13,47.19,4386
2020-06-19 11:15:00-04:00,47.195,47.23,47.13,47.14,5189
2020-06-19 11:20:00-04:00,47.11,47.21,47.04,47.205,4797
2020-06-19 11:25:00-04:00,47.205,47.23,47.17,47.18,5068
2020-06-19 11:30:00-04:00,47.2,47.26,47.16,47.26,8918
2020-06-19 11:35:00-04:00,47.27,47.28,47.2,47.21,8233
2020-06-19 11:40:00-04:00,47.2,47.23,47.18,47.18,5062
2020-06-19 11:45:00-04:00,47.19,47.28,47.18,47.27,9221
2020-06-19 11:50:00-04:00,47.27,47.27,47.18,47.18,15317
2020-06-19 11:55:00-04:00,47.16,47.16,47.11,47.16,3551
2020-06-19 12:00:00-04:00,47.15,47.17,47.12,47.14,5059
2020-06-19 12:05:00-04:00,47.12,47.12,46.965,46.99,7271
2020-06-19 12:10:00-04:00,46.98,47.0,46.9,46.9,8547
2020-06-19 12:15:00-04:00,46.89,46.895,46.57,46.57,10091
2020-06-19 12:20:00-04:00,46.55,46.67,46.48,46.49,19171
2020-06-19 12:25:00-04:00,46.49,46.61,46.49,46.6,17719
2020-06-19 12:30:00-04:00,46.6,46.675,46.58,46.585,9035
2020-06-19 12:35:00-04:00,46.58,46.6,46.55,46.55,4938
2020-06-19 12:40:00-04:00,46.55,46.59,46.47,46.47,12967
2020-06-19 12:45:00-04:00,46.45,46.52,46.435,46.52,5546
2020-06-19 12:50:00-04:00,46.52,46.52,46.435,46.45,11827
2020-06-19 12:55:00-04:00,46.455,46.58,46.44,46.57,18280
2020-06-19 13:00:00-04:00,46.56,46.56,46.46,46.51,9116
2020-06-19 13:05:00-04:00,46.5,46.52,46.46,46.475,4540
2020-06-19 13:10:00-04:00,46.47,46.54,46.465,46.5,4312
2020-06-19 13:15:00-04:00,46.47,46.47,46.42,46.45,28587
2020-06-19 13:20:00-04:00,46.445,46.45,46.37,46.37,4485
2020-06-19 13:25:00-04:00,46.38,46.44,46.38,46.42,57124
2020-06-19 13:30:00-04:00,46.395,46.41,46.34,46.34,4312
2020-06-19 13:35:00-04:00,46.34,46.455,46.34,46.44,8916
2020-06-19 13:40:00-04:00,46.44,46.45,46.41,46.44,5481
2020-06-19 13:45:00-04:00,46.44,46.46,46.29,46.33,5469
2020-06-19 13:50:00-04:00,46.34,46.36,46.27,46.29,4588
2020-06-19 13:55:00-04:00,46.29,46.33,46.22,46.24,5028
2020-06-19 14:00:00-04:00,46.2,46.375,46.2,46.34,11295
2020-06-19 14:05:00-04:00,46.34,46.35,46.2,46.31,10986
2020-06-19 14:10:00-04:00,46.28,46.31,46.24,46.28,5952
2020-06-19 14:15:00-04:00,46.29,46.35,46.215,46.23,8400
2020-06-19 14:20:00-04:00,46.23,46.32,46.23,46.32,9117
2020-06-19 14:25:00-04:00,46.31,46.33,46.23,46.23,5727
2020-06-19 14:30:00-04:00,46.22,46.35,46.19,46.31,12842
2020-06-19 14:35:00-04:00,46.31,46.4,46.31,46.38,9824
2020-06-19 14:40:00-04:00,46.37,46.4,46.34,46.39,13472
2020-06-19 14:45:00-04:00,46.39,46.43,46.35,46.35,8462
2020-06-19 14:50:00-04:00,46.36,46.375,46.29,46.32,15057
2020-06-19 14:55:00-04:00,46.35,46.41,46.33,46.4,11371
2020-06-19 15:00:00-04:00,46.39,46.44,46.375,46.42,11164
2020-06-19 15:05:00-04:00,46.41,46.41,46.34,46.35,11466
2020-06-19 15:10:00-04:00,46.35,46.43,46.32,46.405,20206
2020-06-19 15:15:00-04:00,46.41,46.52,46.41,46.51,21844
2020-06-19 15:20:00-04:00,46.505,46.59,46.505,46.57,16267
2020-06-19 15:25:00-04:00,46.57,46.575,46.52,46.54,18370
2020-06-19 15:30:00-04:00,46.54,46.54,46.455,46.515,28076
2020-06-19 15:35:00-04:00,46.525,46.53,46.42,46.43,32089
2020-06-19 15:40:00-04:00,46.425,46.46,46.375,46.435,35622
2020-06-19 15:45:00-04:00,46.425,46.48,46.285,46.32,66095
2020-06-19 15:50:00-04:00,46.32,46.36,46.16,46.21,58586
2020-06-19 15:55:00-04:00,46.2,46.2,46.03,46.03,103128
2020-06-22 09:30:00-04:00,46.0,46.0,45.65,45.695,12565
2020-06-22 09:35:00-04:00,45.7,45.72,45.605,45.62,13289
2020-06-22 09:40:00-04:00,45.62,45.765,45.605,45.7,6804
2020-06-22 09:45:00-04:00,45.7,45.925,45.69,45.88,9829
2020-06-22 09:50:00-04:00,45.82,45.86,45.77,45.845,11721
2020-06-22 09:55:00-04:00,45.84,45.94,45.81,45.92,4672
2020-06-22 10:00:00-04:00,45.95,45.995,45.835,45.975,9572
2020-06-22 10:05:00-04:00,45.995,45.995,45.895,45.975,10062
2020-06-22 10:10:00-04:00,45.975,46.15,45.975,46.085,6835
2020-06-22 10:15:00-04:00,46.08,46.1,46.05,46.08,4440
2020-06-22 10:20:00-04:00,46.075,46.105,46.025,46.08,6439
2020-06-22 10:25:00-04:00,46.095,46.095,45.99,45.99,4586
2020-06-22 10:30:00-04:00,45.99,46.015,45.88,45.89,6271
2020-06-22 10:35:00-04:00,45.885,45.885,45.82,45.825,3521
2020-06-22 10:40:00-04:00,45.81,45.84,45.785,45.83,3982
2020-06-22 10:45:00-04:00,45.82,45.865,45.76,45.76,6619
2020-06-22 10:50:00-04:00,45.755,45.79,45.74,45.76,6043
2020-06-22 10:55:00-04:00,45.735,45.76,45.705,45.71,4422
2020-06-22 11:00:00-04:00,45.685,45.715,45.655,45.69,7326
2020-06-22 11:05:00-04:00,45.69,45.72,45.66,45.68,5196
2020-06-22 11:10:00-04:00,45.685,45.755,45.655,45.75,7316
2020-06-22 11:15:00-04:00,45.75,45.775,45.705,45.735,6753
2020-06-22 11:20:00-04:00,45.765,45.825,45.765,45.81,107829
2020-06-22 11:25:00-04:00,45.81,45.82,45.705,45.715,7950
2020-06-22 11:30:00-04:00,45.705,45.725,45.68,45.725,14310
2020-06-22 11:35:00-04:00,45.695,45.72,45.675,45.705,13944
2020-06-22 11:40:00-04:00,45.71,45.79,45.7,45.775,22965
2020-06-22 11:45:00-04:00,45.78,45.785,45.7,45.7,8007
2020-06-22 11:50:00-04:00,45.695,45.72,45.65,45.66,13646
2020-06-22 11:55:00-04:00,45.67,45.705,45.62,45.625,7532
2020-06-22 12:00:00-04:00,45.63,45.69,45.615,45.68,20422
2020-06-22 12:05:00-04:00,45.67,45.68,45.625,45.635,16045
2020-06-22 12:10:00-04:00,45.64,45.68,45.61,45.67,19235
2020-06-22 12:15:00-04:00,45.68,45.75,45.67,45.715,20996
2020-06-22 12:20:00-04:00,45.715,45.74,45.685,45.685,9242
2020-06-22 12:25:00-04:00,45.685,45.72,45.685,45.7,11314
2020-06-22 12:30:00-04:00,45.695,45.7,45.66,45.685,7413
2020-06-22 12:35:00-04:00,45.695,45.71,45.645,45.65,10556
2020-06-22 12:40:00-04:00,45.645,45.645,45.59,45.6,12329
2020-06-22 12:45:00-04:00,45.59,45.685,45.585,45.685,34497
2020-06-22 12:50:00-04:00,45.685,45.735,45.685,45.695,15038
2020-06-22 12:55:00-04:00,45.7,45.7,45.635,45.65,6701
2020-06-22 13:00:00-04:00,45.645,45.7,45.645,45.66,5996
2020-06-22 13:05:00-04:00,45.665,45.68,45.615,45.68,6577
2020-06-22 13:10:00-04:00,45.675,45.7,45.67,45.68,8994
2020-06-22 13:15:00-04:00,45.67,45.69,45.655,45.68,6127
2020-06-22 13:20:00-04:00,45.67,45.7,45.635,45.7,4943
2020-06-22 13:25:00-04:00,45.685,45.69,45.65,45.65,3285
2020-06-22 13:30:00-04:00,45.66,45.7,45.64,45.685,10380
2020-06-22 13:35:00-04:00,45.69,45.7,45.62,45.64,11629
2020-06-22 13:40:00-04:00,45.65,45.65,45.59,45.605,8594
2020-06-22 13:45:00-04:00,45.61,45.68,45.61,45.66,9430
2020-06-22 13:50:00-04:00,45.645,45.645,45.58,45.58,9637
2020-06-22 13:55:00-04:00,45.58,45.64,45.58,45.63,8200
2020-06-22 14:00:00-04:00,45.62,45.62,45.545,45.55,9490
2020-06-22 14:05:00-04:00,45.56,45.58,45.505,45.51,13829
2020-06-22 14:10:00-04:00,45.505,45.515,45.43,45.44,24827
2020-06-22 14:15:00-04:00,45.42,45.48,45.415,45.425,14739
2020-06-22 14:20:00-04:00,45.42,45.435,45.4,45.425,26933
2020-06-22 14:25:00-04:00,45.415,45.49,45.395,45.425,13205
2020-06-22 14:30:00-04:00,45.41,45.44,45.38,45.44,31820
2020-06-22 14:35:00-04:00,45.44,45.47,45.41,45.45,25972
2020-06-22 14:40:00-04:00,45.46,45.51,45.43,45.44,23454
2020-06-22 14:45:00-04:00,45.44,45.46,45.42,45.45,19560
2020-06-22 14:50:00-04:00,45.445,45.5,45.445,45.49,28983
2020-06-22 14:55:00-04:00,45.5,45.59,45.49,45.57,20722
2020-06-22 15:00:00-04:00,45.565,45.6,45.535,45.58,11253
2020-06-22 15:05:00-04:00,45.58,45.58,45.55,45.58,48758
2020-06-22 15:10:00-04:00,45.6,45.62,45.53,45.54,9167
2020-06-22 15:15:00-04:00,45.54,45.56,45.47,45.48,11632
2020-06-22 15:20:00-04:00,45.48,45.5,45.41,45.41,15672
2020-06-22 15:25:00-04:00,45.415,45.45,45.4,45.41,25930
2020-06-22 15:30:00-04:00,45.41,45.495,45.395,45.485,18928
2020-06-22 15:35:00-04:00,45.48,45.55,45.44,45.54,24960
2020-06-22 15:40:00-04:00,45.54,45.59,45.51,45.59,19870
2020-06-22 15:45:00-04:00,45.595,45.63,45.54,45.59,32534
2020-06-22 15:50:00-04:00,45.575,45.635,45.575,45.635,21471
2020-06-22 15:55:00-04:00,45.63,45.75,45.585,45.73,111222
2020-06-23 08:45:00-04:00,46.32,46.32,46.32,46.32,842
2020-06-23 09:15:00-04:00,46.2,46.2,46.2,46.2,200
2020-06-23 09:30:00-04:00,46.04,46.18,45.88,45.89,26037
2020-06-23 09:35:00-04:00,45.91,46.05,45.89,46.0,29810
2020-06-23 09:40:00-04:00,46.01,46.1,46.01,46.1,23850
2020-06-23 09:45:00-04:00,46.1,46.1,46.01,46.035,16557
2020-06-23 09:50:00-04:00,46.03,46.05,45.95,45.98,17478
2020-06-23 09:55:00-04:00,45.98,46.01,45.955,45.96,30902
2020-06-23 10:00:00-04:00,45.96,46.05,45.85,46.045,32091
2020-06-23 10:05:00-04:00,46.045,46.135,45.98,46.105,10991
2020-06-23 10:10:00-04:00,46.105,46.14,46.025,46.12,12687
2020-06-23 10:15:00-04:00,46.13,46.14,46.095,46.115,13494
2020-06-23 10:20:00-04:00,46.115,46.17,46.1,46.17,22494
2020-06-23 10:25:00-04:00,46.19,46.29,46.19,46.265,15751
2020-06-23 10:30:00-04:00,46.265,46.265,46.215,46.215,16505
2020-06-23 10:35:00-04:00,46.195,46.22,46.16,46.2,14334
2020-06-23 10:40:00-04:00,46.205,46.24,46.145,46.15,14665
2020-06-23 10:45:00-04:00,46.15,46.15,46.05,46.12,17018
2020-06-23 10:50:00-04:00,46.11,46.16,46.105,46.13,10528
2020-06-23 10:55:00-04:00,46.12,46.13,46.09,46.095,15189
2020-06-23 11:00:00-04:00,46.1,46.2,46.065,46.18,14406
2020-06-23 11:05:00-04:00,46.18,46.23,46.18,46.2,11284
2020-06-23 11:10:00-04:00,46.2,46.23,46.16,46.185,12817
2020-06-23 11:15:00-04:00,46.175,46.23,46.17,46.18,13048
2020-06-23 11:20:00-04:00,46.175,46.26,46.14,46.255,26347
2020-06-23 11:25:00-04:00,46.255,46.265,46.145,46.16,20898
2020-06-23 11:30:00-04:00,46.17,46.19,46.125,46.14,14531
2020-06-23 11:35:00-04:00,46.135,46.15,46.095,46.095,9992
2020-06-23 11:40:00-04:00,46.1,46.105,46.07,46.085,10192
2020-06-23 11:45:00-04:00,46.09,46.09,46.045,46.05,12071
2020-06-23 11:50:00-04:00,46.065,46.07,45.985,46.01,8778
2020-06-23 11:55:00-04:00,46.01,46.05,46.0,46.0,13719
2020-06-23 12:00:00-04:00,46.01,46.07,45.98,46.065,21449
2020-06-23 12:05:00-04:00,46.07,46.085,46.005,46.01,8819
2020-06-23 12:10:00-04:00,46.0,46.02,45.965,45.99,13230
2020-06-23 12:15:00-04:00,45.985,46.03,45.955,45.99,11303
2020-06-23 12:20:00-04:00,45.995,46.02,45.96,46.0,14181
2020-06-23 12:25:00-04:00,46.005,46.005,45.945,45.945,10449
2020-06-23 12:30:00-04:00,45.945,45.96,45.9,45.96,14841
2020-06-23 12:35:00-04:00,45.95,45.99,45.93,45.98,9167
2020-06-23 12:40:00-04:00,45.975,45.99,45.94,45.94,11600
2020-06-23 12:45:00-04:00,45.94,45.98,45.925,45.975,10906
2020-06-23 12:50:00-04:00,45.98,45.985,45.955,45.965,10769
2020-06-23 12:55:00-04:00,45.97,46.035,45.965,46.015,12877
2020-06-23 13:00:00-04:00,46.02,46.045,46.005,46.025,15898
2020-06-23 13:05:00-04:00,46.025,46.045,46.015,46.035,11589
2020-06-23 13:10:00-04:00,46.035,46.07,45.995,46.07,12335
2020-06-23 13:15:00-04:00,46.075,46.09,46.05,46.08,24246
2020-06-23 13:20:00-04:00,46.085,46.145,46.085,46.125,14351
2020-06-23 13:25:00-04:00,46.135,46.155,46.095,46.115,13682
2020-06-23 13:30:00-04:00,46.115,46.13,46.05,46.05,11550
2020-06-23 13:35:00-04:00,46.06,46.075,46.01,46.045,11705
2020-06-23 13:40:00-04:00,46.045,46.05,45.98,45.995,8269
2020-06-23 13:45:00-04:00,45.995,46.04,45.995,46.04,9265
2020-06-23 13:50:00-04:00,46.05,46.06,45.99,46.025,18747
2020-06-23 13:55:00-04:00,46.015,46.05,46.0,46.05,13099
2020-06-23 14:00:00-04:00,46.045,46.045,45.955,45.98,8308
2020-06-23 14:05:00-04:00,45.975,46.045,45.955,46.045,19132
2020-06-23 14:10:00-04:00,46.05,46.05,46.01,46.02,5542
2020-06-23 14:15:00-04:00,46.02,46.02,45.995,46.01,8834
2020-06-23 14:20:00-04:00,46.02,46.07,46.02,46.035,12000
2020-06-23 14:25:00-04:00,46.04,46.04,45.97,45.975,10790
2020-06-23 14:30:00-04:00,45.975,46.01,45.92,45.925,19150
2020-06-23 14:35:00-04:00,45.93,45.95,45.89,45.895,10561
2020-06-23 14:40:00-04:00,45.89,45.9,45.84,45.86,18908
2020-06-23 14:45:00-04:00,45.85,45.86,45.77,45.82,13266
2020-06-23 14:50:00-04:00,45.82,45.82,45.775,45.815,16947
2020-06-23 14:55:00-04:00,45.82,45.84,45.795,45.825,16714
2020-06-23 15:00:00-04:00,45.83,45.83,45.74,45.75,15240
2020-06-23 15:05:00-04:00,45.73,45.74,45.69,45.695,14615
2020-06-23 15:10:00-04:00,45.695,45.73,45.655,45.73,20513
2020-06-23 15:15:00-04:00,45.725,45.76,45.695,45.71,20694
2020-06-23 15:20:00-04:00,45.685,45.72,45.66,45.675,19784
2020-06-23 15:25:00-04:00,45.675,45.7,45.64,45.67,24828
2020-06-23 15:30:00-04:00,45.67,45.73,45.635,45.71,30504
2020-06-23 15:35:00-04:00,45.72,45.755,45.72,45.72,13779
2020-06-23 15:40:00-04:00,45.72,45.78,45.69,45.77,26677
2020-06-23 15:45:00-04:00,45.76,45.765,45.685,45.69,30669
2020-06-23 15:50:00-04:00,45.69,45.69,45.585,45.63,54517
2020-06-23 15:55:00-04:00,45.63,45.67,45.61,45.63,88348
2020-06-24 09:30:00-04:00,45.365,45.37,45.16,45.3,44121
2020-06-24 09:35:00-04:00,45.31,45.42,45.3,45.345,9141
2020-06-24 09:40:00-04:00,45.3,45.325,45.265,45.29,12409
2020-06-24 09:45:00-04:00,45.275,45.32,45.255,45.285,27639
2020-06-24 09:50:00-04:00,45.295,45.3,45.225,45.23,22878
2020-06-24 09:55:00-04:00,45.215,45.345,45.215,45.3,22248
2020-06-24 10:00:00-04:00,45.31,45.315,45.24,45.24,21588
2020-06-24 10:05:00-04:00,45.25,45.32,45.21,45.23,15858
2020-06-24 10:10:00-04:00,45.22,45.26,45.185,45.19,9788
2020-06-24 10:15:00-04:00,45.2,45.2,45.095,45.16,11899
2020-06-24 10:20:00-04:00,45.14,45.26,45.135,45.25,7312
2020-06-24 10:25:00-04:00,45.27,45.305,45.235,45.28,9143
2020-06-24 10:30:00-04:00,45.27,45.275,45.115,45.12,26147
2020-06-24 10:35:00-04:00,45.1,45.19,45.01,45.015,10252
2020-06-24 10:40:00-04:00,45.015,45.045,45.0,45.03,12325
2020-06-24 10:45:00-04:00,45.035,45.065,45.02,45.065,9445
2020-06-24 10:50:00-04:00,45.07,45.125,45.04,45.09,13719
2020-06-24 10:55:00-04:00,45.1,45.135,45.08,45.11,7926
2020-06-24 11:00:00-04:00,45.09,45.1,45.04,45.05,10488
2020-06-24 11:05:00-04:00,45.05,45.1,45.02,45.02,10797
2020-06-24 11:10:00-04:00,45.03,45.035,45.005,45.01,9326
2020-06-24 11:15:00-04:00,45.005,45.01,44.93,44.94,17563
2020-06-24 11:20:00-04:00,44.93,44.94,44.81,44.82,11661
2020-06-24 11:25:00-04:00,44.82,44.885,44.78,44.81,27230
2020-06-24 11:30:00-04:00,44.8,44.81,44.76,44.77,9596
2020-06-24 11:35:00-04:00,44.79,44.81,44.68,44.68,10155
2020-06-24 11:40:00-04:00,44.68,44.7,44.61,44.62,8956
2020-06-24 11:45:00-04:00,44.63,44.69,44.5,44.53,14067
2020-06-24 11:50:00-04:00,44.54,44.58,44.505,44.54,16075
2020-06-24 11:55:00-04:00,44.535,44.605,44.515,44.575,14994
2020-06-24 12:00:00-04:00,44.57,44.705,44.55,44.67,17675
2020-06-24 12:05:00-04:00,44.67,44.67,44.52,44.525,8641
2020-06-24 12:10:00-04:00,44.52,44.58,44.505,44.58,5571
2020-06-24 12:15:00-04:00,44.59,44.67,44.585,44.67,9101
2020-06-24 12:20:00-04:00,44.66,44.74,44.65,44.71,9931
2020-06-24 12:25:00-04:00,44.715,44.715,44.605,44.61,7627
2020-06-24 12:30:00-04:00,44.61,44.61,44.55,44.56,13589
2020-06-24 12:35:00-04:00,44.57,44.58,44.55,44.56,12091
2020-06-24 12:40:00-04:00,44.57,44.72,44.555,44.69,12515
2020-06-24 12:45:00-04:00,44.69,44.75,44.67,44.72,9126
2020-06-24 12:50:00-04:00,44.72,44.73,44.7,44.72,9369
2020-06-24 12:55:00-04:00,44.72,44.805,44.71,44.805,9960
2020-06-24 13:00:00-04:00,44.79,44.92,44.79,44.91,12963
2020-06-24 13:05:00-04:00,44.915,44.915,44.81,44.85,7768
2020-06-24 13:10:00-04:00,44.855,44.88,44.78,44.78,11393
2020-06-24 13:15:00-04:00,44.78,44.9,44.78,44.85,7391
2020-06-24 13:20:00-04:00,44.845,44.845,44.74,44.74,7676
2020-06-24 13:25:00-04:00,44.76,44.76,44.61,44.61,9654
2020-06-24 13:30:00-04:00,44.61,44.62,44.55,44.55,11213
2020-06-24 13:35:00-04:00,44.55,44.58,44.53,44.56,9997
2020-06-24 13:40:00-04:00,44.55,44.575,44.54,44.55,7033
2020-06-24 13:45:00-04:00,44.555,44.61,44.53,44.6,6294
2020-06-24 13:50:00-04:00,44.585,44.64,44.57,44.64,6429
2020-06-24 13:55:00-04:00,44.6,44.62,44.57,44.58,9192
2020-06-24 14:00:00-04:00,44.59,44.62,44.52,44.57,11376
2020-06-24 14:05:00-04:00,44.575,44.75,44.56,44.75,4701
2020-06-24 14:10:00-04:00,44.71,44.71,44.66,44.7,4355
2020-06-24 14:15:00-04:00,44.705,44.77,44.7,44.73,7154
2020-06-24 14:20:00-04:00,44.73,44.76,44.73,44.755,8130
2020-06-24 14:25:00-04:00,44.76,44.85,44.76,44.8,9447
2020-06-24 14:30:00-04:00,44.8,44.8,44.73,44.75,33403
2020-06-24 14:35:00-04:00,44.745,44.765,44.72,44.74,90303
2020-06-24 14:40:00-04:00,44.745,44.765,44.68,44.69,22609
2020-06-24 14:45:00-04:00,44.7,44.72,44.675,44.705,12210
2020-06-24 14:50:00-04:00,44.705,44.705,44.625,44.63,9885
2020-06-24 14:55:00-04:00,44.635,44.685,44.605,44.615,19104
2020-06-24 15:00:00-04:00,44.62,44.71,44.615,44.685,13551
2020-06-24 15:05:00-04:00,44.68,44.68,44.605,44.625,11171
2020-06-24 15:10:00-04:00,44.625,44.755,44.59,44.745,11607
2020-06-24 15:15:00-04:00,44.74,44.8,44.685,44.78,18937
2020-06-24 15:20:00-04:00,44.775,44.8,44.72,44.725,13660
2020-06-24 15:25:00-04:00,44.73,44.77,44.695,44.695,20860
2020-06-24 15:30:00-04:00,44.695,44.735,44.635,44.675,19036
2020-06-24 15:35:00-04:00,44.67,44.73,44.635,44.68,23420
2020-06-24 15:40:00-04:00,44.67,44.82,44.665,44.82,28294
2020-06-24 15:45:00-04:00,44.81,44.865,44.77,44.78,27680
2020-06-24 15:50:00-04:00,44.75,44.77,44.61,44.615,57297
2020-06-24 15:55:00-04:00,44.62,44.71,44.6,44.66,121646
2020-06-25 09:30:00-04:00,44.46,44.48,44.27,44.345,14701
2020-06-25 09:35:00-04:00,44.34,44.42,44.27,44.3,8905
2020-06-25 09:40:00-04:00,44.31,44.31,44.05,44.17,7072
2020-06-25 09:45:00-04:00,44.18,44.21,44.04,44.05,20424
2020-06-25 09:50:00-04:00,44.05,44.19,44.04,44.155,18093
2020-06-25 09:55:00-04:00,44.155,44.16,44.08,44.16,8641
2020-06-25 10:00:00-04:00,44.15,44.33,44.13,44.26,21695
2020-06-25 10:05:00-04:00,44.25,44.26,44.2,44.23,18059
2020-06-25 10:10:00-04:00,44.23,44.36,44.225,44.28,17878
2020-06-25 10:15:00-04:00,44.27,44.3,44.21,44.27,10620
2020-06-25 10:20:00-04:00,44.295,44.465,44.295,44.43,8187
2020-06-25 10:25:00-04:00,44.43,44.525,44.39,44.52,12197
2020-06-25 10:30:00-04:00,44.53,44.59,44.51,44.56,8456
2020-06-25 10:35:00-04:00,44.55,44.57,44.5,44.53,10982
2020-06-25 10:40:00-04:00,44.54,44.57,44.47,44.495,17826
2020-06-25 10:45:00-04:00,44.5,44.5,44.34,44.38,26268
2020-06-25 10:50:00-04:00,44.38,44.49,44.34,44.45,8239
2020-06-25 10:55:00-04:00,44.44,44.48,44.37,44.39,9773
2020-06-25 11:00:00-04:00,44.36,44.38,44.3,44.345,6921
2020-06-25 11:05:00-04:00,44.275,44.28,44.23,44.24,11655
2020-06-25 11:10:00-04:00,44.26,44.31,44.2,44.29,15620
2020-06-25 11:15:00-04:00,44.295,44.39,44.29,44.37,10214
2020-06-25 11:20:00-04:00,44.37,44.41,44.315,44.41,17345
2020-06-25 11:25:00-04:00,44.42,44.43,44.33,44.36,11809
2020-06-25 11:30:00-04:00,44.36,44.44,44.29,44.29,12673
2020-06-25 11:35:00-04:00,44.28,44.31,44.24,44.275,6143
2020-06-25 11:40:00-04:00,44.27,44.27,44.21,44.26,15396
2020-06-25 11:45:00-04:00,44.25,44.28,44.22,44.23,9275
2020-06-25 11:50:00-04:00,44.22,44.28,44.22,44.26,8351
2020-06-25 11:55:00-04:00,44.26,44.26,44.22,44.23,65002
2020-06-25 12:00:00-04:00,44.25,44.32,44.245,44.28,10054
2020-06-25 12:05:00-04:00,44.28,44.33,44.275,44.33,13176
2020-06-25 12:10:00-04:00,44.32,44.36,44.31,44.35,6617
2020-06-25 12:15:00-04:00,44.36,44.46,44.36,44.4,6026
2020-06-25 12:20:00-04:00,44.405,44.43,44.39,44.395,5939
2020-06-25 12:25:00-04:00,44.375,44.4,44.37,44.385,6662
2020-06-25 12:30:00-04:00,44.39,44.4,44.34,44.38,8261
2020-06-25 12:35:00-04:00,44.38,44.45,44.365,44.42,6074
2020-06-25 12:40:00-04:00,44.39,44.51,44.39,44.465,8063
2020-06-25 12:45:00-04:00,44.48,44.5,44.46,44.475,5195
2020-06-25 12:50:00-04:00,44.47,44.47,44.42,44.42,6736
2020-06-25 12:55:00-04:00,44.42,44.43,44.36,44.37,7253
2020-06-25 13:00:00-04:00,44.36,44.38,44.335,44.37,7282
2020-06-25 13:05:00-04:00,44.37,44.4,44.36,44.38,5441
2020-06-25 13:10:00-04:00,44.385,44.43,44.37,44.43,6416
2020-06-25 13:15:00-04:00,44.42,44.48,44.42,44.445,7370
2020-06-25 13:20:00-04:00,44.44,44.47,44.43,44.445,6176
2020-06-25 13:25:00-04:00,44.43,44.515,44.42,44.495,6326
2020-06-25 13:30:00-04:00,44.47,44.47,44.41,44.44,23429
2020-06-25 13:35:00-04:00,44.44,44.54,44.44,44.52,9167
2020-06-25 13:40:00-04:00,44.51,44.55,44.51,44.535,5256
2020-06-25 13:45:00-04:00,44.53,44.565,44.52,44.52,6263
2020-06-25 13:50:00-04:00,44.51,44.52,44.5,44.5,6697
2020-06-25 13:55:00-04:00,44.49,44.52,44.48,44.5,6350
2020-06-25 14:00:00-04:00,44.51,44.52,44.44,44.45,8933
2020-06-25 14:05:00-04:00,44.46,44.52,44.46,44.5,7451
2020-06-25 14:10:00-04:00,44.5,44.56,44.5,44.525,6659
2020-06-25 14:15:00-04:00,44.53,44.58,44.52,44.55,9351
2020-06-25 14:20:00-04:00,44.54,44.54,44.46,44.48,7926
2020-06-25 14:25:00-04:00,44.5,44.53,44.48,44.53,8246
2020-06-25 14:30:00-04:00,44.49,44.49,44.46,44.46,9224
2020-06-25 14:35:00-04:00,44.46,44.515,44.43,44.51,30685
2020-06-25 14:40:00-04:00,44.51,44.55,44.5,44.535,10300
2020-06-25 14:45:00-04:00,44.53,44.55,44.51,44.53,6618
2020-06-25 14:50:00-04:00,44.53,44.6,44.52,44.585,28225
2020-06-25 14:55:00-04:00,44.58,44.665,44.57,44.64,22794
2020-06-25 15:00:00-04:00,44.63,44.73,44.62,44.73,11096
2020-06-25 15:05:00-04:00,44.73,44.875,44.73,44.82,19856
2020-06-25 15:10:00-04:00,44.82,44.85,44.81,44.81,8357
2020-06-25 15:15:00-04:00,44.82,44.9,44.82,44.87,10983
2020-06-25 15:20:00-04:00,44.86,44.935,44.86,44.9,10386
2020-06-25 15:25:00-04:00,44.905,44.96,44.89,44.91,14901
2020-06-25 15:30:00-04:00,44.9,44.97,44.86,44.93,18958
2020-06-25 15:35:00-04:00,44.96,44.96,44.87,44.87,12784
2020-06-25 15:40:00-04:00,44.87,44.88,44.815,44.88,22139
2020-06-25 15:45:00-04:00,44.87,44.9,44.815,44.82,21348
2020-06-25 15:50:00-04:00,44.84,44.96,44.83,44.955,32139
2020-06-25 15:55:00-04:00,44.95,44.97,44.865,44.93,102641
2020-06-26 09:30:00-04:00,44.925,44.925,44.69,44.72,6795
2020-06-26 09:35:00-04:00,44.76,44.96,44.76,44.94,3107
2020-06-26 09:40:00-04:00,44.99,45.0,44.81,44.82,6776
2020-06-26 09:45:00-04:00,44.805,44.93,44.785,44.92,3110
2020-06-26 09:50:00-04:00,44.93,44.935,44.77,44.81,5295
2020-06-26 09:55:00-04:00,44.8,44.86,44.76,44.86,5397
2020-06-26 10:00:00-04:00,44.86,44.9,44.82,44.82,3397
2020-06-26 10:05:00-04:00,44.85,44.875,44.815,44.83,1859
2020-06-26 10:10:00-04:00,44.85,44.85,44.8,44.805,4576
2020-06-26 10:15:00-04:00,44.78,44.84,44.755,44.805,4288
2020-06-26 10:20:00-04:00,44.805,44.805,44.66,44.715,6109
2020-06-26 10:25:00-04:00,44.715,44.75,44.645,44.735,4310
2020-06-26 10:30:00-04:00,44.725,44.785,44.59,44.59,5972
2020-06-26 10:35:00-04:00,44.605,44.615,44.51,44.51,3498
2020-06-26 10:40:00-04:00,44.5,44.575,44.475,44.575,4980
2020-06-26 10:45:00-04:00,44.565,44.585,44.45,44.465,8496
2020-06-26 10:50:00-04:00,44.46,44.53,44.37,44.37,9952
2020-06-26 10:55:00-04:00,44.39,44.45,44.36,44.36,4263
2020-06-26 11:00:00-04:00,44.36,44.435,44.355,44.435,6637
2020-06-26 11:05:00-04:00,44.43,44.565,44.415,44.54,5341
2020-06-26 11:10:00-04:00,44.52,44.52,44.48,44.485,3264
2020-06-26 11:15:00-04:00,44.48,44.48,44.33,44.38,3390
2020-06-26 11:20:00-04:00,44.37,44.37,44.32,44.36,3846
2020-06-26 11:25:00-04:00,44.37,44.37,44.27,44.27,4836
2020-06-26 11:30:00-04:00,44.26,44.29,44.175,44.19,4261
2020-06-26 11:35:00-04:00,44.215,44.3,44.215,44.275,5290
2020-06-26 11:40:00-04:00,44.265,44.27,44.18,44.2,4256
2020-06-26 11:45:00-04:00,44.22,44.22,44.175,44.215,4192
2020-06-26 11:50:00-04:00,44.22,44.22,44.165,44.17,8408
2020-06-26 11:55:00-04:00,44.18,44.29,44.155,44.28,7934
2020-06-26 12:00:00-04:00,44.28,44.34,44.2,44.205,11210
2020-06-26 12:05:00-04:00,44.2,44.2,44.1,44.12,11153
2020-06-26 12:10:00-04:00,44.12,44.14,44.11,44.14,5573
2020-06-26 12:15:00-04:00,44.13,44.13,43.97,43.99,17648
2020-06-26 12:20:00-04:00,43.99,44.07,43.89,44.02,15702
2020-06-26 12:25:00-04:00,44.02,44.06,44.01,44.04,13491
2020-06-26 12:30:00-04:00,44.02,44.035,43.965,44.02,12086
2020-06-26 12:35:00-04:00,44.03,44.04,43.97,44.03,7850
2020-06-26 12:40:00-04:00,44.04,44.04,43.96,43.99,12945
2020-06-26 12:45:00-04:00,43.985,43.985,43.905,43.92,20232
2020-06-26 12:50:00-04:00,43.92,43.92,43.86,43.87,19884
2020-06-26 12:55:00-04:00,43.87,43.91,43.87,43.895,12311
2020-06-26 13:00:00-04:00,43.885,43.91,43.85,43.85,25980
2020-06-26 13:05:00-04:00,43.855,43.99,43.82,43.98,15655
2020-06-26 13:10:00-04:00,43.965,44.0,43.91,43.91,9357
2020-06-26 13:15:00-04:00,43.9,43.945,43.9,43.92,5080
2020-06-26 13:20:00-04:00,43.935,43.98,43.91,43.96,3975
2020-06-26 13:25:00-04:00,43.94,43.96,43.92,43.96,3194
2020-06-26 13:30:00-04:00,43.955,43.995,43.93,43.99,2711
2020-06-26 13:35:00-04:00,44.0,44.0,43.96,43.99,34244
2020-06-26 13:40:00-04:00,43.985,44.0,43.925,43.945,3699
2020-06-26 13:45:00-04:00,43.945,43.945,43.9,43.93,2582
2020-06-26 13:50:00-04:00,43.93,43.94,43.9,43.925,2484
2020-06-26 13:55:00-04:00,43.93,43.94,43.9,43.93,2579
2020-06-26 14:00:00-04:00,43.915,43.925,43.855,43.88,6557
2020-06-26 14:05:00-04:00,43.88,43.895,43.86,43.88,3186
2020-06-26 14:10:00-04:00,43.9,43.92,43.85,43.85,6669
2020-06-26 14:15:00-04:00,43.86,43.89,43.855,43.885,5735
2020-06-26 14:20:00-04:00,43.89,43.955,43.88,43.93,15743
2020-06-26 14:25:00-04:00,43.93,43.935,43.8,43.83,12088
2020-06-26 14:30:00-04:00,43.835,43.885,43.8,43.855,14039
2020-06-26 14:35:00-04:00,43.84,43.845,43.78,43.82,12099
2020-06-26 14:40:00-04:00,43.82,43.88,43.79,43.79,9625
2020-06-26 14:45:00-04:00,43.79,43.815,43.73,43.785,16283
2020-06-26 14:50:00-04:00,43.79,43.89,43.79,43.885,18261
2020-06-26 14:55:00-04:00,43.885,43.885,43.805,43.82,42244
2020-06-26 15:00:00-04:00,43.82,43.895,43.82,43.835,17409
2020-06-26 15:05:00-04:00,43.835,43.835,43.75,43.805,12524
2020-06-26 15:10:00-04:00,43.805,43.86,43.755,43.86,14802
2020-06-26 15:15:00-04:00,43.85,43.875,43.78,43.795,20040
2020-06-26 15:20:00-04:00,43.805,43.825,43.75,43.76,23868
2020-06-26 15:25:00-04:00,43.73,43.81,43.7,43.755,11864
2020-06-26 15:30:00-04:00,43.755,43.765,43.685,43.685,27985
2020-06-26 15:35:00-04:00,43.7,43.72,43.63,43.645,38627
2020-06-26 15:40:00-04:00,43.64,43.69,43.63,43.67,20745
2020-06-26 15:45:00-04:00,43.66,43.7,43.63,43.64,43977
2020-06-26 15:50:00-04:00,43.625,43.645,43.57,43.62,62247
2020-06-26 15:55:00-04:00,43.62,43.66,43.515,43.57,93798
2020-06-29 09:30:00-04:00,44.015,44.07,43.85,43.85,10697
2020-06-29 09:35:00-04:00,43.84,43.85,43.62,43.62,14306
2020-06-29 09:40:00-04:00,43.65,43.73,43.55,43.625,16348
2020-06-29 09:45:00-04:00,43.615,43.805,43.61,43.75,7092
2020-06-29 09:50:00-04:00,43.75,43.89,43.7,43.88,9862
2020-06-29 09:55:00-04:00,43.9,43.985,43.87,43.93,11650
2020-06-29 10:00:00-04:00,43.93,44.075,43.93,44.06,13261
2020-06-29 10:05:00-04:00,44.055,44.055,43.99,44.02,8698
2020-06-29 10:10:00-04:00,44.03,44.08,43.95,44.02,14798
2020-06-29 10:15:00-04:00,44.02,44.19,44.01,44.15,9175
2020-06-29 10:20:00-04:00,44.18,44.215,44.16,44.19,5738
2020-06-29 10:25:00-04:00,44.2,44.25,44.18,44.19,6226
2020-06-29 10:30:00-04:00,44.18,44.24,44.15,44.235,5366
2020-06-29 10:35:00-04:00,44.22,44.37,44.21,44.335,6952
2020-06-29 10:40:00-04:00,44.355,44.375,44.3,44.34,6747
2020-06-29 10:45:00-04:00,44.32,44.385,44.32,44.36,4398
2020-06-29 10:50:00-04:00,44.36,44.42,44.325,44.33,5332
2020-06-29 10:55:00-04:00,44.31,44.405,44.31,44.37,7296
2020-06-29 11:00:00-04:00,44.385,44.4,44.36,44.37,7045
2020-06-29 11:05:00-04:00,44.375,44.375,44.32,44.37,10060
2020-06-29 11:10:00-04:00,44.38,44.385,44.32,44.32,6753
2020-06-29 11:15:00-04:00,44.315,44.385,44.315,44.375,17543
2020-06-29 11:20:00-04:00,44.375,44.45,44.375,44.44,9915
2020-06-29 11:25:00-04:00,44.445,44.495,44.44,44.47,14317
2020-06-29 11:30:00-04:00,44.47,44.475,44.415,44.415,8222
2020-06-29 11:35:00-04:00,44.43,44.48,44.395,44.48,5184
2020-06-29 11:40:00-04:00,44.47,44.57,44.44,44.45,13815
2020-06-29 11:45:00-04:00,44.43,44.455,44.39,44.4,4046
2020-06-29 11:50:00-04:00,44.39,44.4,44.37,44.39,6391
2020-06-29 11:55:00-04:00,44.39,44.395,44.31,44.31,9095
2020-06-29 12:00:00-04:00,44.34,44.365,44.315,44.32,8560
2020-06-29 12:05:00-04:00,44.325,44.33,44.25,44.29,8551
2020-06-29 12:10:00-04:00,44.29,44.38,44.29,44.37,4646
2020-06-29 12:15:00-04:00,44.37,44.4,44.335,44.38,7910
2020-06-29 12:20:00-04:00,44.405,44.5,44.405,44.455,9406
2020-06-29 12:25:00-04:00,44.455,44.5,44.455,44.48,6387
2020-06-29 12:30:00-04:00,44.49,44.52,44.43,44.43,17974
2020-06-29 12:35:00-04:00,44.425,44.455,44.405,44.425,28179
2020-06-29 12:40:00-04:00,44.42,44.48,44.405,44.48,11142
2020-06-29 12:45:00-04:00,44.49,44.51,44.49,44.49,13850
2020-06-29 12:50:00-04:00,44.48,44.5,44.48,44.48,4220
2020-06-29 12:55:00-04:00,44.485,44.5,44.42,44.44,4219
2020-06-29 13:00:00-04:00,44.445,44.45,44.43,44.44,2665
2020-06-29 13:05:00-04:00,44.44,44.45,44.4,44.41,5933
2020-06-29 13:10:00-04:00,44.425,44.465,44.425,44.43,9071
2020-06-29 13:15:00-04:00,44.44,44.47,44.43,44.47,3512
2020-06-29 13:20:00-04:00,44.46,44.48,44.44,44.44,13342
2020-06-29 13:25:00-04:00,44.44,44.45,44.4,44.415,9462
2020-06-29 13:30:00-04:00,44.42,44.43,44.38,44.395,5184
2020-06-29 13:35:00-04:00,44.39,44.44,44.38,44.44,3199
2020-06-29 13:40:00-04:00,44.43,44.45,44.42,44.43,3408
2020-06-29 13:45:00-04:00,44.42,44.42,44.375,44.375,4303
2020-06-29 13:50:00-04:00,44.37,44.37,44.3,44.32,4799
2020-06-29 13:55:00-04:00,44.32,44.325,44.27,44.27,6296
2020-06-29 14:00:00-04:00,44.27,44.31,44.25,44.25,8562
2020-06-29 14:05:00-04:00,44.25,44.265,44.23,44.25,10733
2020-06-29 14:10:00-04:00,44.24,44.27,44.24,44.255,6959
2020-06-29 14:15:00-04:00,44.245,44.27,44.23,44.23,60787
2020-06-29 14:20:00-04:00,44.225,44.28,44.225,44.26,4498
2020-06-29 14:25:00-04:00,44.27,44.31,44.24,44.305,8371
2020-06-29 14:30:00-04:00,44.3,44.305,44.21,44.21,5887
2020-06-29 14:35:00-04:00,44.22,44.24,44.205,44.21,8712
2020-06-29 14:40:00-04:00,44.205,44.21,44.19,44.21,16879
2020-06-29 14:45:00-04:00,44.21,44.21,44.145,44.15,25402
2020-06-29 14:50:00-04:00,44.15,44.18,44.135,44.165,25109
2020-06-29 14:55:00-04:00,44.16,44.16,44.14,44.15,28062
2020-06-29 15:00:00-04:00,44.15,44.175,44.11,44.12,18656
2020-06-29 15:05:00-04:00,44.13,44.16,44.13,44.14,6248
2020-06-29 15:10:00-04:00,44.15,44.155,44.105,44.105,9817
2020-06-29 15:15:00-04:00,44.11,44.15,44.1,44.145,13753
2020-06-29 15:20:00-04:00,44.13,44.17,44.13,44.17,6514
2020-06-29 15:25:00-04:00,44.17,44.17,44.15,44.16,13252
2020-06-29 15:30:00-04:00,44.17,44.2,44.15,44.2,7757
2020-06-29 15:35:00-04:00,44.2,44.2,44.12,44.155,26228
2020-06-29 15:40:00-04:00,44.15,44.17,44.12,44.16,16038
2020-06-29 15:45:00-04:00,44.17,44.17,44.07,44.07,27338
2020-06-29 15:50:00-04:00,44.075,44.23,44.07,44.22,50671
2020-06-29 15:55:00-04:00,44.22,44.4,44.17,44.35,94125
2020-06-29 16:35:00-04:00,44.16,44.16,44.16,44.16,500000
2020-06-30 09:30:00-04:00,44.3,44.36,44.18,44.2,11016
2020-06-30 09:35:00-04:00,44.19,44.27,44.16,44.175,259252
2020-06-30 09:40:00-04:00,44.165,44.3,44.12,44.265,9601
2020-06-30 09:45:00-04:00,44.275,44.35,44.24,44.29,3935
2020-06-30 09:50:00-04:00,44.275,44.3,44.25,44.28,3451
2020-06-30 09:55:00-04:00,44.28,44.305,44.27,44.3,2963
2020-06-30 10:00:00-04:00,44.32,44.345,44.295,44.34,4724
2020-06-30 10:05:00-04:00,44.325,44.35,44.3,44.34,11460
2020-06-30 10:10:00-04:00,44.33,44.335,44.295,44.32,6551
2020-06-30 10:15:00-04:00,44.31,44.335,44.28,44.295,8918
2020-06-30 10:20:00-04:00,44.3,44.44,44.265,44.44,21770
2020-06-30 10:25:00-04:00,44.455,44.545,44.425,44.54,13648
2020-06-30 10:30:00-04:00,44.555,44.555,44.45,44.455,9908
2020-06-30 10:35:00-04:00,44.45,44.47,44.4,44.4,5317
2020-06-30 10:40:00-04:00,44.39,44.415,44.355,44.365,17336
2020-06-30 10:45:00-04:00,44.365,44.4,44.365,44.385,13407
2020-06-30 10:50:00-04:00,44.39,44.47,44.375,44.445,49698
2020-06-30 10:55:00-04:00,44.455,44.47,44.44,44.46,7071
2020-06-30 11:00:00-04:00,44.44,44.47,44.41,44.46,50209
2020-06-30 11:05:00-04:00,44.46,44.515,44.45,44.49,535256
2020-06-30 11:10:00-04:00,44.5,44.52,44.485,44.49,5473
2020-06-30 11:15:00-04:00,44.49,44.52,44.475,44.51,7505
2020-06-30 11:20:00-04:00,44.515,44.515,44.47,44.49,7659
2020-06-30 11:25:00-04:00,44.49,44.545,44.49,44.51,10335
2020-06-30 11:30:00-04:00,44.51,44.52,44.5,44.5,13455
2020-06-30 11:35:00-04:00,44.51,44.52,44.49,44.5,15783
2020-06-30 11:40:00-04:00,44.49,44.54,44.47,44.535,12836
2020-06-30 11:45:00-04:00,44.53,44.555,44.51,44.53,9657
2020-06-30 11:50:00-04:00,44.515,44.53,44.49,44.5,19178
2020-06-30 11:55:00-04:00,44.49,44.495,44.435,44.44,3650
2020-06-30 12:00:00-04:00,44.445,44.45,44.38,44.39,4608
2020-06-30 12:05:00-04:00,44.39,44.395,44.36,44.36,8734
2020-06-30 12:10:00-04:00,44.365,44.41,44.365,44.38,9596
2020-06-30 12:15:00-04:00,44.38,44.405,44.375,44.395,9704
2020-06-30 12:20:00-04:00,44.395,44.44,44.38,44.44,9339
2020-06-30 12:25:00-04:00,44.43,44.435,44.4,44.41,10429
2020-06-30 12:30:00-04:00,44.4,44.42,44.36,44.37,10552
2020-06-30 12:35:00-04:00,44.37,44.425,44.36,44.425,4706
2020-06-30 12:40:00-04:00,44.425,44.425,44.36,44.405,5897
2020-06-30 12:45:00-04:00,44.4,44.405,44.345,44.365,4736
2020-06-30 12:50:00-04:00,44.365,44.37,44.335,44.335,11291
2020-06-30 12:55:00-04:00,44.35,44.355,44.255,44.255,10059
2020-06-30 13:00:00-04:00,44.255,44.27,44.24,44.24,11896
2020-06-30 13:05:00-04:00,44.25,44.26,44.22,44.25,8310
2020-06-30 13:10:00-04:00,44.25,44.25,44.21,44.245,8019
2020-06-30 13:15:00-04:00,44.245,44.245,44.215,44.215,6838
2020-06-30 13:20:00-04:00,44.22,44.23,44.205,44.21,5357
2020-06-30 13:25:00-04:00,44.215,44.215,44.18,44.195,5930
2020-06-30 13:30:00-04:00,44.2,44.2,44.105,44.105,12160
2020-06-30 13:35:00-04:00,44.1,44.125,44.09,44.1,4595
2020-06-30 13:40:00-04:00,44.09,44.1,44.04,44.085,5240
2020-06-30 13:45:00-04:00,44.09,44.115,44.09,44.1,7239
2020-06-30 13:50:00-04:00,44.09,44.14,44.07,44.135,7381
2020-06-30 13:55:00-04:00,44.13,44.16,44.12,44.135,7143
2020-06-30 14:00:00-04:00,44.135,44.135,44.07,44.105,8376
2020-06-30 14:05:00-04:00,44.105,44.17,44.105,44.17,11022
2020-06-30 14:10:00-04:00,44.175,44.175,44.14,44.14,8982
2020-06-30 14:15:00-04:00,44.145,44.175,44.12,44.15,12308
2020-06-30 14:20:00-04:00,44.155,44.215,44.12,44.21,12352
2020-06-30 14:25:00-04:00,44.215,44.245,44.185,44.23,11110
2020-06-30 14:30:00-04:00,44.23,44.25,44.215,44.24,11644
2020-06-30 14:35:00-04:00,44.245,44.25,44.2,44.2,12169
2020-06-30 14:40:00-04:00,44.21,44.24,44.19,44.24,16842
2020-06-30 14:45:00-04:00,44.235,44.24,44.22,44.235,10472
2020-06-30 14:50:00-04:00,44.235,44.305,44.23,44.27,11535
2020-06-30 14:55:00-04:00,44.265,44.28,44.26,44.28,5594
2020-06-30 15:00:00-04:00,44.28,44.28,44.18,44.19,10776
2020-06-30 15:05:00-04:00,44.185,44.22,44.17,44.195,13532
2020-06-30 15:10:00-04:00,44.19,44.205,44.18,44.2,19953
2020-06-30 15:15:00-04:00,44.19,44.24,44.18,44.22,25638
2020-06-30 15:20:00-04:00,44.22,44.33,44.21,44.31,15449
2020-06-30 15:25:00-04:00,44.315,44.38,44.315,44.355,13564
2020-06-30 15:30:00-04:00,44.355,44.495,44.34,44.49,26447
2020-06-30 15:35:00-04:00,44.49,44.52,44.44,44.515,515245
2020-06-30 15:40:00-04:00,44.52,44.56,44.495,44.535,26563
2020-06-30 15:45:00-04:00,44.53,44.6,44.51,44.59,45281
2020-06-30 15:50:00-04:00,44.59,44.78,44.59,44.77,304951
2020-06-30 15:55:00-04:00,44.76,44.83,44.66,44.66,138261
2020-07-01 09:25:00-04:00,45.13,45.13,45.13,45.13,600
2020-07-01 09:30:00-04:00,45.03,45.05,44.71,44.945,35470
2020-07-01 09:35:00-04:00,44.95,45.15,44.875,45.07,8850
2020-07-01 09:40:00-04:00,45.06,45.17,45.06,45.16,4712
2020-07-01 09:45:00-04:00,45.245,45.4,45.245,45.385,18645
2020-07-01 09:50:00-04:00,45.375,45.465,45.325,45.4,28234
2020-07-01 09:55:00-04:00,45.395,45.405,45.325,45.335,20555
2020-07-01 10:00:00-04:00,45.395,45.445,45.32,45.32,22577
2020-07-01 10:05:00-04:00,45.31,45.335,45.22,45.23,6705
2020-07-01 10:10:00-04:00,45.225,45.335,45.21,45.33,14526
2020-07-01 10:15:00-04:00,45.35,45.41,45.35,45.36,14531
2020-07-01 10:20:00-04:00,45.35,45.39,45.35,45.36,9740
2020-07-01 10:25:00-04:00,45.37,45.405,45.34,45.405,14717
2020-07-01 10:30:00-04:00,45.41,45.53,45.4,45.48,13184
2020-07-01 10:35:00-04:00,45.45,45.455,45.395,45.425,9916
2020-07-01 10:40:00-04:00,45.43,45.475,45.39,45.39,13931
2020-07-01 10:45:00-04:00,45.38,45.38,45.295,45.3,13485
2020-07-01 10:50:00-04:00,45.295,45.395,45.29,45.33,5640
2020-07-01 10:55:00-04:00,45.33,45.39,45.3,45.385,7278
2020-07-01 11:00:00-04:00,45.385,45.4,45.36,45.37,8898
2020-07-01 11:05:00-04:00,45.38,45.4,45.335,45.34,9118
2020-07-01 11:10:00-04:00,45.33,45.335,45.195,45.26,6768
2020-07-01 11:15:00-04:00,45.275,45.275,45.11,45.115,9589
2020-07-01 11:20:00-04:00,45.09,45.11,45.05,45.055,6308
2020-07-01 11:25:00-04:00,45.06,45.08,44.94,44.96,19204
2020-07-01 11:30:00-04:00,44.97,45.02,44.925,45.02,9918
2020-07-01 11:35:00-04:00,45.03,45.05,45.0,45.045,68923
2020-07-01 11:40:00-04:00,45.045,45.115,45.04,45.085,4104
2020-07-01 11:45:00-04:00,45.085,45.17,45.085,45.165,5132
2020-07-01 11:50:00-04:00,45.17,45.185,45.14,45.17,3394
2020-07-01 11:55:00-04:00,45.175,45.21,45.145,45.15,8913
2020-07-01 12:00:00-04:00,45.15,45.175,45.125,45.14,6110
2020-07-01 12:05:00-04:00,45.135,45.205,45.13,45.2,6973
2020-07-01 12:10:00-04:00,45.2,45.23,45.2,45.205,9297
2020-07-01 12:15:00-04:00,45.19,45.24,45.185,45.23,7888
2020-07-01 12:20:00-04:00,45.24,45.25,45.2,45.225,7255
2020-07-01 12:25:00-04:00,45.225,45.25,45.2,45.25,10078
2020-07-01 12:30:00-04:00,45.255,45.26,45.21,45.21,6950
2020-07-01 12:35:00-04:00,45.21,45.27,45.2,45.27,3827
2020-07-01 12:40:00-04:00,45.28,45.29,45.225,45.24,3907
2020-07-01 12:45:00-04:00,45.25,45.31,45.14,45.28,12632
2020-07-01 12:50:00-04:00,45.29,45.295,45.185,45.2,3900
2020-07-01 12:55:00-04:00,45.21,45.24,45.19,45.205,4140
2020-07-01 13:00:00-04:00,45.23,45.23,45.16,45.17,3769
2020-07-01 13:05:00-04:00,45.18,45.185,45.14,45.14,3238
2020-07-01 13:10:00-04:00,45.15,45.19,45.14,45.17,4417
2020-07-01 13:15:00-04:00,45.18,45.19,45.13,45.135,3342
2020-07-01 13:20:00-04:00,45.14,45.17,45.13,45.17,5143
2020-07-01 13:25:00-04:00,45.18,45.185,45.115,45.12,6033
2020-07-01 13:30:00-04:00,45.13,45.14,45.06,45.07,4182
2020-07-01 13:35:00-04:00,45.08,45.1,45.06,45.095,6207
2020-07-01 13:40:00-04:00,45.095,45.1,45.02,45.035,9678
2020-07-01 13:45:00-04:00,45.035,45.065,45.02,45.06,5795
2020-07-01 13:50:00-04:00,45.05,45.095,45.04,45.09,9699
2020-07-01 13:55:00-04:00,45.09,45.105,45.07,45.08,9939
2020-07-01 14:00:00-04:00,45.09,45.215,45.08,45.195,9665
2020-07-01 14:05:00-04:00,45.19,45.2,45.13,45.17,7153
2020-07-01 14:10:00-04:00,45.165,45.17,45.14,45.145,4207
2020-07-01 14:15:00-04:00,45.15,45.175,45.14,45.175,4209
2020-07-01 14:20:00-04:00,45.18,45.205,45.095,45.125,7386
2020-07-01 14:25:00-04:00,45.13,45.155,45.095,45.12,3680
2020-07-01 14:30:00-04:00,45.13,45.14,45.0,45.02,11256
2020-07-01 14:35:00-04:00,45.02,45.025,44.99,44.99,4116
2020-07-01 14:40:00-04:00,44.98,45.01,44.96,44.97,3815
2020-07-01 14:45:00-04:00,44.97,44.99,44.96,44.96,2755
2020-07-01 14:50:00-04:00,44.955,44.995,44.955,44.985,3407
2020-07-01 14:55:00-04:00,44.99,44.99,44.935,44.94,20304
2020-07-01 15:00:00-04:00,44.955,45.0,44.94,45.0,3371
2020-07-01 15:05:00-04:00,45.02,45.02,44.98,44.985,4906
2020-07-01 15:10:00-04:00,44.975,45.0,44.95,44.955,5596
2020-07-01 15:15:00-04:00,44.955,44.97,44.935,44.97,5635
2020-07-01 15:20:00-04:00,44.96,45.01,44.955,45.005,5211
2020-07-01 15:25:00-04:00,45.01,45.015,44.97,44.98,6832
2020-07-01 15:30:00-04:00,44.98,44.995,44.93,44.93,9035
2020-07-01 15:35:00-04:00,44.93,44.95,44.89,44.945,12129
2020-07-01 15:40:00-04:00,44.95,44.975,44.92,44.92,8518
2020-07-01 15:45:00-04:00,44.92,44.96,44.915,44.93,17332
2020-07-01 15:50:00-04:00,44.91,44.94,44.825,44.825,21511
2020-07-01 15:55:00-04:00,44.83,44.85,44.75,44.81,68741
2020-07-02 09:30:00-04:00,45.23,45.325,45.15,45.325,18013
2020-07-02 09:35:00-04:00,45.34,45.415,45.23,45.315,9919
2020-07-02 09:40:00-04:00,45.315,45.335,45.235,45.25,9992
2020-07-02 09:45:00-04:00,45.26,45.33,45.23,45.29,17581
2020-07-02 09:50:00-04:00,45.295,45.36,45.25,45.255,8148
2020-07-02 09:55:00-04:00,45.26,45.325,45.25,45.32,3322
2020-07-02 10:00:00-04:00,45.33,45.39,45.295,45.38,13365
2020-07-02 10:05:00-04:00,45.385,45.415,45.31,45.31,5668
2020-07-02 10:10:00-04:00,45.32,45.32,45.21,45.22,6809
2020-07-02 10:15:00-04:00,45.22,45.29,45.2,45.2,9540
2020-07-02 10:20:00-04:00,45.21,45.22,45.09,45.09,18315
2020-07-02 10:25:00-04:00,45.08,45.15,45.07,45.125,19569
2020-07-02 10:30:00-04:00,45.12,45.175,45.09,45.12,8492
2020-07-02 10:35:00-04:00,45.12,45.18,45.12,45.14,20199
2020-07-02 10:40:00-04:00,45.135,45.145,45.1,45.13,14949
2020-07-02 10:45:00-04:00,45.15,45.185,45.07,45.07,32131
2020-07-02 10:50:00-04:00,45.06,45.09,44.97,45.0,11131
2020-07-02 10:55:00-04:00,45.0,45.02,44.96,44.96,6632
2020-07-02 11:00:00-04:00,44.97,45.0,44.91,44.94,9981
2020-07-02 11:05:00-04:00,44.945,45.0,44.94,44.94,11023
2020-07-02 11:10:00-04:00,44.94,44.96,44.9,44.92,7271
2020-07-02 11:15:00-04:00,44.91,44.95,44.89,44.95,10726
2020-07-02 11:20:00-04:00,44.95,44.96,44.92,44.96,18707
2020-07-02 11:25:00-04:00,44.95,44.96,44.91,44.96,3623
2020-07-02 11:30:00-04:00,44.99,45.04,44.97,45.03,23570
2020-07-02 11:35:00-04:00,45.02,45.035,45.0,45.0,12150
2020-07-02 11:40:00-04:00,45.0,45.07,45.0,45.06,8984
2020-07-02 11:45:00-04:00,45.06,45.06,45.03,45.04,3113
2020-07-02 11:50:00-04:00,45.04,45.04,44.99,45.0,6536
2020-07-02 11:55:00-04:00,45.015,45.02,44.99,44.99,4469
2020-07-02 12:00:00-04:00,44.99,44.99,44.93,44.95,7288
2020-07-02 12:05:00-04:00,44.955,44.975,44.94,44.97,2922
2020-07-02 12:10:00-04:00,44.97,45.015,44.965,44.975,5563
2020-07-02 12:15:00-04:00,44.985,45.03,44.96,44.99,5778
2020-07-02 12:20:00-04:00,44.99,45.0,44.96,44.98,6500
2020-07-02 12:25:00-04:00,44.98,45.0,44.95,44.98,6453
2020-07-02 12:30:00-04:00,44.98,44.98,44.925,44.965,4927
2020-07-02 12:35:00-04:00,44.965,44.965,44.91,44.94,2897
2020-07-02 12:40:00-04:00,44.935,44.94,44.91,44.93,3763
2020-07-02 12:45:00-04:00,44.935,44.95,44.93,44.94,5602
2020-07-02 12:50:00-04:00,44.935,44.97,44.935,44.955,5753
2020-07-02 12:55:00-04:00,44.96,45.01,44.955,45.0,69374
2020-07-02 13:00:00-04:00,44.995,44.995,44.97,44.97,7325
2020-07-02 13:05:00-04:00,44.975,44.98,44.965,44.975,12747
2020-07-02 13:10:00-04:00,44.975,44.985,44.95,44.985,12830
2020-07-02 13:15:00-04:00,44.985,44.99,44.935,44.935,14775
2020-07-02 13:20:00-04:00,44.94,44.94,44.915,44.92,13410
2020-07-02 13:25:00-04:00,44.915,44.92,44.9,44.92,5655
2020-07-02 13:30:00-04:00,44.92,44.93,44.895,44.925,9708
2020-07-02 13:35:00-04:00,44.91,44.93,44.9,44.9,7314
2020-07-02 13:40:00-04:00,44.91,44.96,44.9,44.945,12964
2020-07-02 13:45:00-04:00,44.955,45.05,44.95,45.05,3946
2020-07-02 13:50:00-04:00,45.04,45.075,45.035,45.05,4796
2020-07-02 13:55:00-04:00,45.06,45.06,45.0,45.0,3576
2020-07-02 14:00:00-04:00,44.975,45.01,44.97,44.99,5594
2020-07-02 14:05:00-04:00,44.99,45.015,44.98,45.015,3304
2020-07-02 14:10:00-04:00,45.005,45.025,45.0,45.01,2883
2020-07-02 14:15:00-04:00,45.01,45.015,44.99,45.01,3617
2020-07-02 14:20:00-04:00,45.01,45.06,45.0,45.045,6108
2020-07-02 14:25:00-04:00,45.05,45.07,45.045,45.06,3355
2020-07-02 14:30:00-04:00,45.06,45.07,45.045,45.05,5713
2020-07-02 14:35:00-04:00,45.045,45.07,45.045,45.055,7970
2020-07-02 14:40:00-04:00,45.06,45.06,45.03,45.05,4323
2020-07-02 14:45:00-04:00,45.045,45.06,45.02,45.06,13884
2020-07-02 14:50:00-04:00,45.05,45.07,45.03,45.03,21831
2020-07-02 14:55:00-04:00,45.04,45.04,45.005,45.02,20860
2020-07-02 15:00:00-04:00,45.02,45.03,44.975,44.99,10273
2020-07-02 15:05:00-04:00,44.99,45.02,44.985,45.015,156093
2020-07-02 15:10:00-04:00,45.01,45.03,45.0,45.025,37599
2020-07-02 15:15:00-04:00,45.02,45.04,45.0,45.02,15552
2020-07-02 15:20:00-04:00,45.02,45.07,45.02,45.07,25958
2020-07-02 15:25:00-04:00,45.06,45.08,45.03,45.04,31014
2020-07-02 15:30:00-04:00,45.04,45.04,44.99,45.01,75834
2020-07-02 15:35:00-04:00,45.005,45.02,44.995,45.01,32324
2020-07-02 15:40:00-04:00,45.01,45.02,44.94,44.94,10802
2020-07-02 15:45:00-04:00,44.94,44.94,44.88,44.915,27103
2020-07-02 15:50:00-04:00,44.92,44.92,44.83,44.84,20615
2020-07-02 15:55:00-04:00,44.85,44.9,44.8,44.9,208875
2020-07-06 09:30:00-04:00,45.27,45.27,45.0,45.065,33702
2020-07-06 09:35:00-04:00,45.065,45.1,44.905,44.94,15530
2020-07-06 09:40:00-04:00,44.945,45.02,44.9,45.02,25718
2020-07-06 09:45:00-04:00,45.02,45.08,45.01,45.04,27058
2020-07-06 09:50:00-04:00,45.05,45.155,45.05,45.1,10819
2020-07-06 09:55:00-04:00,45.1,45.11,45.01,45.05,5928
2020-07-06 10:00:00-04:00,45.06,45.17,45.02,45.05,11351
2020-07-06 10:05:00-04:00,45.02,45.02,44.82,44.825,11217
2020-07-06 10:10:00-04:00,44.81,44.81,44.7,44.7,6363
2020-07-06 10:15:00-04:00,44.715,44.8,44.715,44.79,5845
2020-07-06 10:20:00-04:00,44.78,44.81,44.765,44.77,8084
2020-07-06 10:25:00-04:00,44.77,44.77,44.615,44.66,13138
2020-07-06 10:30:00-04:00,44.67,44.75,44.665,44.71,3817
2020-07-06 10:35:00-04:00,44.71,44.755,44.7,44.73,4221
2020-07-06 10:40:00-04:00,44.75,44.81,44.75,44.76,4697
2020-07-06 10:45:00-04:00,44.77,44.88,44.77,44.87,5636
2020-07-06 10:50:00-04:00,44.86,44.86,44.82,44.84,4612
2020-07-06 10:55:00-04:00,44.84,44.88,44.83,44.88,5637
2020-07-06 11:00:00-04:00,44.87,44.885,44.82,44.82,5650
2020-07-06 11:05:00-04:00,44.82,44.855,44.815,44.825,9139
2020-07-06 11:10:00-04:00,44.82,44.88,44.82,44.87,5330
2020-07-06 11:15:00-04:00,44.86,44.915,44.85,44.91,9348
2020-07-06 11:20:00-04:00,44.905,44.905,44.85,44.85,11137
2020-07-06 11:25:00-04:00,44.86,44.925,44.85,44.91,4939
2020-07-06 11:30:00-04:00,44.9,44.91,44.86,44.89,4268
2020-07-06 11:35:00-04:00,44.92,44.92,44.89,44.92,3476
2020-07-06 11:40:00-04:00,44.89,44.925,44.89,44.91,6982
2020-07-06 11:45:00-04:00,44.9,44.965,44.9,44.96,10702
2020-07-06 11:50:00-04:00,44.955,44.97,44.91,44.91,5948
2020-07-06 11:55:00-04:00,44.91,44.925,44.9,44.92,3881
2020-07-06 12:00:00-04:00,44.93,44.96,44.925,44.945,5744
2020-07-06 12:05:00-04:00,44.94,44.955,44.93,44.95,4879
2020-07-06 12:10:00-04:00,44.95,44.98,44.945,44.96,5403
2020-07-06 12:15:00-04:00,44.97,44.975,44.95,44.96,7011
2020-07-06 12:20:00-04:00,44.95,44.98,44.94,44.97,6747
2020-07-06 12:25:00-04:00,44.965,44.97,44.93,44.95,2646
2020-07-06 12:30:00-04:00,44.945,44.975,44.945,44.97,5166
2020-07-06 12:35:00-04:00,44.965,44.975,44.915,44.92,3875
2020-07-06 12:40:00-04:00,44.91,44.92,44.87,44.87,6473
2020-07-06 12:45:00-04:00,44.88,44.91,44.88,44.91,2238
2020-07-06 12:50:00-04:00,44.915,44.945,44.9,44.94,3695
2020-07-06 12:55:00-04:00,44.945,44.96,44.93,44.935,5531
2020-07-06 13:00:00-04:00,44.93,44.93,44.885,44.885,3749
2020-07-06 13:05:00-04:00,44.87,44.88,44.84,44.86,3025
2020-07-06 13:10:00-04:00,44.865,45.05,44.865,45.04,15653
2020-07-06 13:15:00-04:00,45.06,45.09,45.04,45.04,11626
2020-07-06 13:20:00-04:00,45.05,45.07,45.025,45.025,7658
2020-07-06 13:25:00-04:00,45.03,45.055,45.01,45.04,5697
2020-07-06 13:30:00-04:00,45.04,45.05,45.02,45.05,12721
2020-07-06 13:35:00-04:00,45.03,45.07,45.01,45.06,6691
2020-07-06 13:40:00-04:00,45.05,45.065,45.03,45.06,7036
2020-07-06 13:45:00-04:00,45.05,45.05,45.02,45.04,6499
2020-07-06 13:50:00-04:00,45.04,45.075,45.03,45.065,18485
2020-07-06 13:55:00-04:00,45.04,45.06,45.01,45.02,7735
2020-07-06 14:00:00-04:00,45.03,45.03,44.995,45.02,8594
2020-07-06 14:05:00-04:00,45.02,45.09,45.02,45.08,2256
2020-07-06 14:10:00-04:00,45.08,45.1,45.04,45.04,5605
2020-07-06 14:15:00-04:00,45.04,45.04,44.99,45.005,6262
2020-07-06 14:20:00-04:00,44.97,45.01,44.97,45.0,4676
2020-07-06 14:25:00-04:00,44.99,45.035,44.99,45.03,7983
2020-07-06 14:30:00-04:00,45.04,45.09,45.04,45.09,17100
2020-07-06 14:35:00-04:00,45.09,45.1,45.04,45.06,14152
2020-07-06 14:40:00-04:00,45.06,45.085,45.0,45.02,10400
2020-07-06 14:45:00-04:00,45.03,45.05,45.0,45.0,5778
2020-07-06 14:50:00-04:00,45.0,45.015,44.98,45.01,4063
2020-07-06 14:55:00-04:00,45.01,45.02,44.99,44.99,7192
2020-07-06 15:00:00-04:00,44.98,45.03,44.98,45.0,5744
2020-07-06 15:05:00-04:00,44.99,45.03,44.99,44.99,5311
2020-07-06 15:10:00-04:00,44.995,45.02,44.95,44.98,8503
2020-07-06 15:15:00-04:00,44.98,44.99,44.95,44.99,64879
2020-07-06 15:20:00-04:00,44.985,44.995,44.95,44.975,11736
2020-07-06 15:25:00-04:00,44.97,45.01,44.96,45.01,7567
2020-07-06 15:30:00-04:00,45.01,45.02,44.94,44.99,8997
2020-07-06 15:35:00-04:00,44.99,45.03,44.975,45.01,16325
2020-07-06 15:40:00-04:00,45.01,45.035,45.0,45.03,19862
2020-07-06 15:45:00-04:00,45.05,45.09,45.05,45.09,23265
2020-07-06 15:50:00-04:00,45.1,45.185,45.05,45.18,28129
2020-07-06 15:55:00-04:00,45.18,45.25,45.16,45.22,98515
2020-07-07 09:30:00-04:00,45.0,45.005,44.88,44.885,6050
2020-07-07 09:35:00-04:00,44.9,45.03,44.9,44.99,12346
2020-07-07 09:40:00-04:00,45.03,45.04,44.895,44.95,10980
2020-07-07 09:45:00-04:00,44.96,44.98,44.94,44.94,11127
2020-07-07 09:50:00-04:00,44.93,44.99,44.92,44.99,11042
2020-07-07 09:55:00-04:00,45.0,45.02,44.91,44.97,11511
2020-07-07 10:00:00-04:00,44.98,45.065,44.95,45.055,12962
2020-07-07 10:05:00-04:00,45.08,45.095,45.02,45.02,10207
2020-07-07 10:10:00-04:00,45.03,45.095,45.03,45.06,9063
2020-07-07 10:15:00-04:00,45.06,45.095,45.01,45.02,8463
2020-07-07 10:20:00-04:00,45.015,45.02,44.96,44.99,7763
2020-07-07 10:25:00-04:00,44.99,45.0,44.95,44.975,12891
2020-07-07 10:30:00-04:00,44.975,44.99,44.895,44.9,10403
2020-07-07 10:35:00-04:00,44.89,44.915,44.88,44.89,14251
2020-07-07 10:40:00-04:00,44.865,44.865,44.825,44.825,8989
2020-07-07 10:45:00-04:00,44.81,44.9,44.81,44.9,7509
2020-07-07 10:50:00-04:00,44.91,45.01,44.91,45.01,6193
2020-07-07 10:55:00-04:00,45.01,45.04,45.0,45.04,4830
2020-07-07 11:00:00-04:00,45.03,45.08,45.03,45.06,7918
2020-07-07 11:05:00-04:00,45.08,45.085,45.03,45.06,3634
2020-07-07 11:10:00-04:00,45.065,45.115,45.065,45.07,10692
2020-07-07 11:15:00-04:00,45.06,45.13,45.06,45.11,6791
2020-07-07 11:20:00-04:00,45.115,45.14,45.1,45.13,6424
2020-07-07 11:25:00-04:00,45.15,45.18,45.13,45.18,4912
2020-07-07 11:30:00-04:00,45.165,45.165,45.1,45.105,4654
2020-07-07 11:35:00-04:00,45.12,45.125,45.11,45.125,4200
2020-07-07 11:40:00-04:00,45.135,45.14,45.11,45.115,3968
2020-07-07 11:45:00-04:00,45.12,45.165,45.115,45.165,4700
2020-07-07 11:50:00-04:00,45.16,45.185,45.155,45.16,8446
2020-07-07 11:55:00-04:00,45.15,45.17,45.12,45.135,5827
2020-07-07 12:00:00-04:00,45.15,45.18,45.145,45.155,7147
2020-07-07 12:05:00-04:00,45.16,45.165,45.13,45.135,12127
2020-07-07 12:10:00-04:00,45.135,45.135,45.11,45.125,4749
2020-07-07 12:15:00-04:00,45.12,45.165,45.11,45.165,7615
2020-07-07 12:20:00-04:00,45.17,45.18,45.145,45.145,5253
2020-07-07 12:25:00-04:00,45.15,45.19,45.145,45.17,4841
2020-07-07 12:30:00-04:00,45.165,45.18,45.13,45.13,6677
2020-07-07 12:35:00-04:00,45.14,45.165,45.13,45.13,8363
2020-07-07 12:40:00-04:00,45.12,45.155,45.12,45.135,5265
2020-07-07 12:45:00-04:00,45.135,45.14,45.12,45.12,6592
2020-07-07 12:50:00-04:00,45.11,45.125,45.1,45.11,5973
2020-07-07 12:55:00-04:00,45.135,45.175,45.135,45.165,3554
2020-07-07 13:00:00-04:00,45.18,45.195,45.17,45.18,4009
2020-07-07 13:05:00-04:00,45.185,45.185,45.14,45.18,3189
2020-07-07 13:10:00-04:00,45.19,45.23,45.19,45.23,4700
2020-07-07 13:15:00-04:00,45.225,45.28,45.22,45.275,4192
2020-07-07 13:20:00-04:00,45.275,45.32,45.26,45.31,4979
2020-07-07 13:25:00-04:00,45.315,45.345,45.28,45.315,3853
2020-07-07 13:30:00-04:00,45.305,45.33,45.29,45.32,6069
2020-07-07 13:35:00-04:00,45.33,45.355,45.33,45.335,3723
2020-07-07 13:40:00-04:00,45.32,45.345,45.31,45.345,5049
2020-07-07 13:45:00-04:00,45.34,45.34,45.33,45.34,3056
2020-07-07 13:50:00-04:00,45.34,45.385,45.34,45.37,6728
2020-07-07 13:55:00-04:00,45.38,45.405,45.37,45.385,9678
2020-07-07 14:00:00-04:00,45.385,45.41,45.37,45.375,14006
2020-07-07 14:05:00-04:00,45.375,45.4,45.37,45.385,6348
2020-07-07 14:10:00-04:00,45.385,45.42,45.385,45.41,4052
2020-07-07 14:15:00-04:00,45.42,45.47,45.405,45.445,21001
2020-07-07 14:20:00-04:00,45.45,45.45,45.38,45.44,6823
2020-07-07 14:25:00-04:00,45.45,45.495,45.43,45.475,8009
2020-07-07 14:30:00-04:00,45.47,45.47,45.325,45.34,14733
2020-07-07 14:35:00-04:00,45.355,45.355,45.27,45.325,5283
2020-07-07 14:40:00-04:00,45.32,45.385,45.31,45.38,5831
2020-07-07 14:45:00-04:00,45.375,45.41,45.37,45.385,5128
2020-07-07 14:50:00-04:00,45.395,45.42,45.375,45.41,8320
2020-07-07 14:55:00-04:00,45.4,45.46,45.4,45.46,7926
2020-07-07 15:00:00-04:00,45.47,45.475,45.41,45.44,6935
2020-07-07 15:05:00-04:00,45.46,45.49,45.435,45.465,9885
2020-07-07 15:10:00-04:00,45.465,45.49,45.42,45.46,16645
2020-07-07 15:15:00-04:00,45.455,45.48,45.425,45.475,9603
2020-07-07 15:20:00-04:00,45.48,45.49,45.45,45.485,6297
2020-07-07 15:25:00-04:00,45.485,45.49,45.46,45.48,9557
2020-07-07 15:30:00-04:00,45.49,45.495,45.43,45.435,26423
2020-07-07 15:35:00-04:00,45.45,45.46,45.37,45.39,16798
2020-07-07 15:40:00-04:00,45.385,45.385,45.33,45.35,25020
2020-07-07 15:45:00-04:00,45.34,45.36,45.26,45.27,38165
2020-07-07 15:50:00-04:00,45.27,45.27,45.18,45.22,32305
2020-07-07 15:55:00-04:00,45.205,45.29,45.15,45.22,103442
2020-07-08 09:25:00-04:00,45.18,45.18,45.18,45.18,200
2020-07-08 09:30:00-04:00,45.115,45.12,44.81,44.975,19918
2020-07-08 09:35:00-04:00,44.99,45.07,44.95,45.03,16688
2020-07-08 09:40:00-04:00,45.025,45.055,44.955,45.04,16484
2020-07-08 09:45:00-04:00,45.025,45.03,44.895,44.975,10512
2020-07-08 09:50:00-04:00,44.98,45.07,44.935,44.94,21719
2020-07-08 09:55:00-04:00,44.945,44.97,44.86,44.925,20880
2020-07-08 10:00:00-04:00,44.935,44.955,44.895,44.945,21026
2020-07-08 10:05:00-04:00,44.935,44.965,44.92,44.95,15259
2020-07-08 10:10:00-04:00,44.955,45.0,44.915,44.915,21145
2020-07-08 10:15:00-04:00,44.92,44.92,44.82,44.825,18100
2020-07-08 10:20:00-04:00,44.835,44.895,44.805,44.865,15349
2020-07-08 10:25:00-04:00,44.855,44.875,44.795,44.795,16257
2020-07-08 10:30:00-04:00,44.79,44.81,44.785,44.795,14795
2020-07-08 10:35:00-04:00,44.79,44.83,44.76,44.82,14321
2020-07-08 10:40:00-04:00,44.815,44.83,44.79,44.8,8199
2020-07-08 10:45:00-04:00,44.79,44.79,44.72,44.76,14997
2020-07-08 10:50:00-04:00,44.75,44.76,44.73,44.745,9642
2020-07-08 10:55:00-04:00,44.745,44.755,44.72,44.74,8656
2020-07-08 11:00:00-04:00,44.74,44.75,44.665,44.72,14960
2020-07-08 11:05:00-04:00,44.73,44.775,44.655,44.655,13823
2020-07-08 11:10:00-04:00,44.655,44.67,44.585,44.59,12435
2020-07-08 11:15:00-04:00,44.58,44.61,44.51,44.545,13977
2020-07-08 11:20:00-04:00,44.54,44.55,44.48,44.53,8076
2020-07-08 11:25:00-04:00,44.515,44.58,44.485,44.575,25482
2020-07-08 11:30:00-04:00,44.56,44.63,44.54,44.62,7992
2020-07-08 11:35:00-04:00,44.64,44.665,44.615,44.65,4473
2020-07-08 11:40:00-04:00,44.65,44.69,44.63,44.68,7609
2020-07-08 11:45:00-04:00,44.69,44.725,44.65,44.675,3447
2020-07-08 11:50:00-04:00,44.66,44.7,44.66,44.7,7992
2020-07-08 11:55:00-04:00,44.68,44.69,44.64,44.66,6143
2020-07-08 12:00:00-04:00,44.67,44.7,44.67,44.69,4534
2020-07-08 12:05:00-04:00,44.7,44.72,44.69,44.72,1458
2020-07-08 12:10:00-04:00,44.73,44.76,44.725,44.74,4075
2020-07-08 12:15:00-04:00,44.74,44.775,44.72,44.775,1641
2020-07-08 12:20:00-04:00,44.77,44.79,44.76,44.77,4159
2020-07-08 12:25:00-04:00,44.78,44.815,44.78,44.81,13016
2020-07-08 12:30:00-04:00,44.81,44.84,44.8,44.8,5512
2020-07-08 12:35:00-04:00,44.79,44.79,44.775,44.775,2182
2020-07-08 12:40:00-04:00,44.77,44.78,44.755,44.78,3853
2020-07-08 12:45:00-04:00,44.79,44.83,44.765,44.815,7992
2020-07-08 12:50:00-04:00,44.81,44.81,44.795,44.8,7716
2020-07-08 12:55:00-04:00,44.805,44.84,44.8,44.84,5504
2020-07-08 13:00:00-04:00,44.84,44.84,44.755,44.785,15795
2020-07-08 13:05:00-04:00,44.785,44.825,44.765,44.825,14135
2020-07-08 13:10:00-04:00,44.815,44.825,44.79,44.79,10949
2020-07-08 13:15:00-04:00,44.81,44.81,44.75,44.76,10597
2020-07-08 13:20:00-04:00,44.76,44.78,44.75,44.77,11899
2020-07-08 13:25:00-04:00,44.765,44.8,44.74,44.8,7325
2020-07-08 13:30:00-04:00,44.795,44.825,44.79,44.82,7418
2020-07-08 13:35:00-04:00,44.825,44.87,44.825,44.865,3684
2020-07-08 13:40:00-04:00,44.88,44.885,44.86,44.86,4655
2020-07-08 13:45:00-04:00,44.865,44.885,44.85,44.87,3871
2020-07-08 13:50:00-04:00,44.885,44.9,44.88,44.88,3462
2020-07-08 13:55:00-04:00,44.88,44.9,44.85,44.85,5358
2020-07-08 14:00:00-04:00,44.88,44.91,44.85,44.85,5269
2020-07-08 14:05:00-04:00,44.865,44.9,44.85,44.885,3962
2020-07-08 14:10:00-04:00,44.88,44.9,44.85,44.89,2879
2020-07-08 14:15:00-04:00,44.885,44.9,44.87,44.89,3617
2020-07-08 14:20:00-04:00,44.88,44.93,44.88,44.89,4401
2020-07-08 14:25:00-04:00,44.9,44.915,44.895,44.895,6312
2020-07-08 14:30:00-04:00,44.88,44.89,44.85,44.87,8374
2020-07-08 14:35:00-04:00,44.86,44.87,44.83,44.85,2528
2020-07-08 14:40:00-04:00,44.865,44.865,44.79,44.82,6770
2020-07-08 14:45:00-04:00,44.82,44.86,44.82,44.84,2968
2020-07-08 14:50:00-04:00,44.865,44.88,44.755,44.77,4008
2020-07-08 14:55:00-04:00,44.78,44.83,44.77,44.82,5529
2020-07-08 15:00:00-04:00,44.82,44.84,44.8,44.815,8053
2020-07-08 15:05:00-04:00,44.82,44.855,44.81,44.84,8587
2020-07-08 15:10:00-04:00,44.85,44.92,44.85,44.915,155054
2020-07-08 15:15:00-04:00,44.91,44.915,44.885,44.905,3633
2020-07-08 15:20:00-04:00,44.9,44.96,44.89,44.96,6968
2020-07-08 15:25:00-04:00,44.955,44.98,44.94,44.955,17405
2020-07-08 15:30:00-04:00,44.955,44.995,44.94,44.995,17440
2020-07-08 15:35:00-04:00,44.99,45.045,44.97,45.025,27556
2020-07-08 15:40:00-04:00,45.03,45.045,45.015,45.02,24228
2020-07-08 15:45:00-04:00,45.03,45.045,44.985,45.0,29749
2020-07-08 15:50:00-04:00,44.99,45.055,44.96,45.055,27282
2020-07-08 15:55:00-04:00,45.05,45.12,45.04,45.09,117282
2020-07-09 09:15:00-04:00,45.15,45.15,45.15,45.15,312
2020-07-09 09:30:00-04:00,45.01,45.01,44.84,44.845,19739
2020-07-09 09:35:00-04:00,44.83,44.95,44.8,44.8,25118
2020-07-09 09:40:00-04:00,44.82,44.82,44.74,44.76,9022
2020-07-09 09:45:00-04:00,44.73,44.75,44.68,44.74,7329
2020-07-09 09:50:00-04:00,44.75,44.75,44.62,44.675,12094
2020-07-09 09:55:00-04:00,44.675,44.73,44.67,44.7,15530
2020-07-09 10:00:00-04:00,44.71,44.76,44.69,44.75,17300
2020-07-09 10:05:00-04:00,44.75,44.75,44.69,44.705,17647
2020-07-09 10:10:00-04:00,44.71,44.73,44.63,44.675,11272
2020-07-09 10:15:00-04:00,44.66,44.67,44.58,44.58,11839
2020-07-09 10:20:00-04:00,44.57,44.66,44.55,44.61,12656
2020-07-09 10:25:00-04:00,44.6,44.635,44.58,44.6,21674
2020-07-09 10:30:00-04:00,44.595,44.655,44.56,44.56,9786
2020-07-09 10:35:00-04:00,44.55,44.55,44.43,44.455,17291
2020-07-09 10:40:00-04:00,44.45,44.455,44.37,44.37,18537
2020-07-09 10:45:00-04:00,44.35,44.39,44.32,44.34,12572
2020-07-09 10:50:00-04:00,44.31,44.4,44.3,44.36,26002
2020-07-09 10:55:00-04:00,44.365,44.365,44.18,44.2,12971
2020-07-09 11:00:00-04:00,44.19,44.19,44.01,44.04,22570
2020-07-09 11:05:00-04:00,44.02,44.15,44.01,44.12,29120
2020-07-09 11:10:00-04:00,44.12,44.14,44.05,44.05,20448
2020-07-09 11:15:00-04:00,44.055,44.1,43.95,43.96,15550
2020-07-09 11:20:00-04:00,43.96,44.03,43.96,43.99,8659
2020-07-09 11:25:00-04:00,43.99,44.03,43.93,44.02,13457
2020-07-09 11:30:00-04:00,44.01,44.11,44.0,44.03,9967
2020-07-09 11:35:00-04:00,44.04,44.07,44.03,44.035,12655
2020-07-09 11:40:00-04:00,44.04,44.04,43.93,43.93,12455
2020-07-09 11:45:00-04:00,43.94,44.08,43.93,44.07,7295
2020-07-09 11:50:00-04:00,44.05,44.09,44.04,44.09,5977
2020-07-09 11:55:00-04:00,44.1,44.1,44.04,44.05,3363
2020-07-09 12:00:00-04:00,44.04,44.17,44.04,44.16,8369
2020-07-09 12:05:00-04:00,44.17,44.2,44.125,44.125,6637
2020-07-09 12:10:00-04:00,44.12,44.13,44.02,44.02,9645
2020-07-09 12:15:00-04:00,44.03,44.06,43.99,44.005,6454
2020-07-09 12:20:00-04:00,43.995,44.03,43.97,44.01,4345
2020-07-09 12:25:00-04:00,44.02,44.035,43.985,43.99,5414
2020-07-09 12:30:00-04:00,44.01,44.015,43.99,44.01,3677
2020-07-09 12:35:00-04:00,44.01,44.01,43.99,44.0,2292
2020-07-09 12:40:00-04:00,44.01,44.03,44.0,44.015,4195
2020-07-09 12:45:00-04:00,44.0,44.04,44.0,44.03,4028
2020-07-09 12:50:00-04:00,44.02,44.04,43.985,43.995,36916
2020-07-09 12:55:00-04:00,43.985,44.01,43.98,44.01,7814
2020-07-09 13:00:00-04:00,43.995,44.1,43.995,44.055,10766
2020-07-09 13:05:00-04:00,44.05,44.06,44.03,44.06,3796
2020-07-09 13:10:00-04:00,44.06,44.1,44.055,44.06,6726
2020-07-09 13:15:00-04:00,44.075,44.1,44.03,44.04,4286
2020-07-09 13:20:00-04:00,44.03,44.03,44.0,44.01,4101
2020-07-09 13:25:00-04:00,44.02,44.02,43.99,44.0,11180
2020-07-09 13:30:00-04:00,44.01,44.01,43.995,44.01,4784
2020-07-09 13:35:00-04:00,44.01,44.02,44.0,44.0,5741
2020-07-09 13:40:00-04:00,44.01,44.05,43.98,44.0,11172
2020-07-09 13:45:00-04:00,43.99,44.01,43.98,43.99,9715
2020-07-09 13:50:00-04:00,43.99,44.02,43.985,44.0,5890
2020-07-09 13:55:00-04:00,43.99,44.01,43.99,44.01,5929
2020-07-09 14:00:00-04:00,43.99,44.065,43.99,44.03,9918
2020-07-09 14:05:00-04:00,44.03,44.07,44.03,44.07,3120
2020-07-09 14:10:00-04:00,44.08,44.12,44.08,44.12,2637
2020-07-09 14:15:00-04:00,44.13,44.19,44.12,44.18,5688
2020-07-09 14:20:00-04:00,44.18,44.18,44.15,44.15,2747
2020-07-09 14:25:00-04:00,44.15,44.18,44.15,44.17,3539
2020-07-09 14:30:00-04:00,44.17,44.175,44.14,44.145,13512
2020-07-09 14:35:00-04:00,44.145,44.16,44.1,44.16,13109
2020-07-09 14:40:00-04:00,44.16,44.165,44.12,44.13,14217
2020-07-09 14:45:00-04:00,44.13,44.135,44.09,44.125,13989
2020-07-09 14:50:00-04:00,44.125,44.125,44.09,44.105,14040
2020-07-09 14:55:00-04:00,44.1,44.145,44.05,44.065,19628
2020-07-09 15:00:00-04:00,44.06,44.11,44.05,44.075,13186
2020-07-09 15:05:00-04:00,44.07,44.09,44.055,44.055,6240
2020-07-09 15:10:00-04:00,44.06,44.085,43.99,44.075,14176
2020-07-09 15:15:00-04:00,44.08,44.11,44.01,44.01,9994
2020-07-09 15:20:00-04:00,44.01,44.01,43.96,43.98,7819
2020-07-09 15:25:00-04:00,43.98,43.985,43.94,43.96,5988
2020-07-09 15:30:00-04:00,43.94,43.96,43.9,43.905,40318
2020-07-09 15:35:00-04:00,43.91,43.95,43.855,43.935,29561
2020-07-09 15:40:00-04:00,43.945,43.99,43.915,43.965,21138
2020-07-09 15:45:00-04:00,43.96,44.095,43.96,44.04,63847
2020-07-09 15:50:00-04:00,44.03,44.03,43.935,43.945,50847
2020-07-09 15:55:00-04:00,43.93,43.935,43.825,43.91,123735
2020-07-10 09:30:00-04:00,43.885,44.22,43.88,44.12,9790
2020-07-10 09:35:00-04:00,44.11,44.41,44.095,44.41,16633
2020-07-10 09:40:00-04:00,44.4,44.47,44.37,44.45,11766
2020-07-10 09:45:00-04:00,44.47,44.57,44.46,44.52,49003
2020-07-10 09:50:00-04:00,44.44,44.515,44.39,44.39,16779
2020-07-10 09:55:00-04:00,44.385,44.42,44.28,44.32,18561
2020-07-10 10:00:00-04:00,44.29,44.29,44.17,44.18,7782
2020-07-10 10:05:00-04:00,44.18,44.245,44.13,44.19,7098
2020-07-10 10:10:00-04:00,44.19,44.33,44.18,44.33,9751
2020-07-10 10:15:00-04:00,44.335,44.37,44.215,44.26,16233
2020-07-10 10:20:00-04:00,44.25,44.28,44.19,44.2,4849
2020-07-10 10:25:00-04:00,44.205,44.325,44.205,44.315,8125
2020-07-10 10:30:00-04:00,44.28,44.35,44.275,44.315,4779
2020-07-10 10:35:00-04:00,44.335,44.385,44.33,44.34,5545
2020-07-10 10:40:00-04:00,44.35,44.46,44.32,44.43,7818
2020-07-10 10:45:00-04:00,44.43,44.455,44.38,44.45,8335
2020-07-10 10:50:00-04:00,44.455,44.46,44.395,44.445,6516
2020-07-10 10:55:00-04:00,44.455,44.555,44.445,44.555,11068
2020-07-10 11:00:00-04:00,44.54,44.56,44.45,44.45,8348
2020-07-10 11:05:00-04:00,44.45,44.48,44.42,44.47,4601
2020-07-10 11:10:00-04:00,44.48,44.52,44.48,44.51,5604
2020-07-10 11:15:00-04:00,44.52,44.54,44.51,44.53,5412
2020-07-10 11:20:00-04:00,44.56,44.605,44.525,44.56,5232
2020-07-10 11:25:00-04:00,44.57,44.595,44.54,44.58,5193
2020-07-10 11:30:00-04:00,44.56,44.595,44.53,44.54,5153
2020-07-10 11:35:00-04:00,44.54,44.59,44.52,44.585,5334
2020-07-10 11:40:00-04:00,44.595,44.68,44.595,44.64,32233
2020-07-10 11:45:00-04:00,44.62,44.625,44.59,44.605,4792
2020-07-10 11:50:00-04:00,44.6,44.63,44.59,44.63,4406
2020-07-10 11:55:00-04:00,44.62,44.68,44.62,44.64,11034
2020-07-10 12:00:00-04:00,44.65,44.66,44.63,44.635,1757
2020-07-10 12:05:00-04:00,44.65,44.7,44.65,44.695,3351
2020-07-10 12:10:00-04:00,44.695,44.71,44.67,44.71,2051
2020-07-10 12:15:00-04:00,44.705,44.72,44.64,44.65,6612
2020-07-10 12:20:00-04:00,44.67,44.67,44.62,44.64,3756
2020-07-10 12:25:00-04:00,44.66,44.66,44.64,44.65,6025
2020-07-10 12:30:00-04:00,44.65,44.655,44.62,44.64,12389
2020-07-10 12:35:00-04:00,44.635,44.645,44.63,44.63,5022
2020-07-10 12:40:00-04:00,44.625,44.64,44.59,44.64,81576
2020-07-10 12:45:00-04:00,44.63,44.665,44.63,44.645,4894
2020-07-10 12:50:00-04:00,44.64,44.685,44.64,44.685,3200
2020-07-10 12:55:00-04:00,44.695,44.695,44.66,44.665,8055
2020-07-10 13:00:00-04:00,44.665,44.68,44.64,44.64,7532
2020-07-10 13:05:00-04:00,44.64,44.645,44.605,44.63,4763
2020-07-10 13:10:00-04:00,44.625,44.64,44.605,44.62,28559
2020-07-10 13:15:00-04:00,44.63,44.645,44.61,44.64,3618
2020-07-10 13:20:00-04:00,44.63,44.675,44.62,44.675,1922
2020-07-10 13:25:00-04:00,44.68,44.69,44.66,44.69,2288
2020-07-10 13:30:00-04:00,44.7,44.72,44.69,44.7,5762
2020-07-10 13:35:00-04:00,44.7,44.73,44.69,44.72,4666
2020-07-10 13:40:00-04:00,44.74,44.75,44.72,44.72,4128
2020-07-10 13:45:00-04:00,44.725,44.74,44.705,44.72,2624
2020-07-10 13:50:00-04:00,44.73,44.76,44.73,44.74,5123
2020-07-10 13:55:00-04:00,44.735,44.76,44.72,44.74,3104
2020-07-10 14:00:00-04:00,44.74,44.75,44.725,44.75,4443
2020-07-10 14:05:00-04:00,44.75,44.765,44.74,44.755,13668
2020-07-10 14:10:00-04:00,44.75,44.77,44.72,44.73,6839
2020-07-10 14:15:00-04:00,44.735,44.75,44.69,44.73,9722
2020-07-10 14:20:00-04:00,44.74,44.765,44.73,44.76,10066
2020-07-10 14:25:00-04:00,44.75,44.77,44.75,44.77,5603
2020-07-10 14:30:00-04:00,44.78,44.88,44.78,44.88,3405
2020-07-10 14:35:00-04:00,44.89,44.91,44.88,44.91,7918
2020-07-10 14:40:00-04:00,44.915,44.94,44.91,44.94,4255
2020-07-10 14:45:00-04:00,44.945,44.96,44.94,44.94,5496
2020-07-10 14:50:00-04:00,44.945,44.975,44.93,44.965,23572
2020-07-10 14:55:00-04:00,44.965,45.0,44.955,44.96,23563
2020-07-10 15:00:00-04:00,44.955,44.985,44.89,44.985,24229
2020-07-10 15:05:00-04:00,44.99,45.015,44.98,45.015,15601
2020-07-10 15:10:00-04:00,45.01,45.05,44.99,45.05,4994
2020-07-10 15:15:00-04:00,45.055,45.1,45.025,45.1,10502
2020-07-10 15:20:00-04:00,45.09,45.09,45.06,45.08,7737
2020-07-10 15:25:00-04:00,45.07,45.07,45.005,45.02,5559
2020-07-10 15:30:00-04:00,45.015,45.09,45.01,45.055,22433
2020-07-10 15:35:00-04:00,45.05,45.095,45.03,45.085,29651
2020-07-10 15:40:00-04:00,45.09,45.105,45.015,45.1,29158
2020-07-10 15:45:00-04:00,45.09,45.19,45.09,45.19,45317
2020-07-10 15:50:00-04:00,45.2,45.22,45.16,45.21,39202
2020-07-10 15:55:00-04:00,45.2,45.25,45.14,45.16,98852
2020-07-13 09:30:00-04:00,45.4,45.5,45.13,45.2,14266
2020-07-13 09:35:00-04:00,45.18,45.2,44.97,45.1,9964
2020-07-13 09:40:00-04:00,45.165,45.2,45.14,45.165,4989
2020-07-13 09:45:00-04:00,45.13,45.13,45.005,45.08,5354
2020-07-13 09:50:00-04:00,45.085,45.17,45.07,45.13,5947
2020-07-13 09:55:00-04:00,45.15,45.17,45.04,45.04,6511
2020-07-13 10:00:00-04:00,45.055,45.125,45.01,45.06,8222
2020-07-13 10:05:00-04:00,45.07,45.15,45.055,45.11,15140
2020-07-13 10:10:00-04:00,45.105,45.25,45.105,45.215,5798
2020-07-13 10:15:00-04:00,45.225,45.335,45.215,45.335,17025
2020-07-13 10:20:00-04:00,45.34,45.385,45.32,45.38,11269
2020-07-13 10:25:00-04:00,45.38,45.42,45.34,45.345,11944
2020-07-13 10:30:00-04:00,45.335,45.415,45.32,45.415,9489
2020-07-13 10:35:00-04:00,45.42,45.435,45.3,45.31,4758
2020-07-13 10:40:00-04:00,45.295,45.31,45.26,45.26,8215
2020-07-13 10:45:00-04:00,45.26,45.3,45.24,45.3,11590
2020-07-13 10:50:00-04:00,45.31,45.35,45.3,45.345,6671
2020-07-13 10:55:00-04:00,45.34,45.42,45.34,45.415,23577
2020-07-13 11:00:00-04:00,45.42,45.48,45.39,45.48,8383
2020-07-13 11:05:00-04:00,45.47,45.53,45.465,45.49,6399
2020-07-13 11:10:00-04:00,45.5,45.525,45.49,45.51,3021
2020-07-13 11:15:00-04:00,45.505,45.515,45.49,45.515,4103
2020-07-13 11:20:00-04:00,45.525,45.575,45.525,45.57,1978
2020-07-13 11:25:00-04:00,45.59,45.595,45.55,45.575,3406
2020-07-13 11:30:00-04:00,45.575,45.58,45.5,45.51,5891
2020-07-13 11:35:00-04:00,45.53,45.54,45.5,45.52,6559
2020-07-13 11:40:00-04:00,45.535,45.535,45.465,45.48,8094
2020-07-13 11:45:00-04:00,45.485,45.49,45.41,45.44,6405
2020-07-13 11:50:00-04:00,45.43,45.46,45.38,45.41,23516
2020-07-13 11:55:00-04:00,45.42,45.43,45.33,45.345,15795
2020-07-13 12:00:00-04:00,45.35,45.39,45.335,45.38,9301
2020-07-13 12:05:00-04:00,45.37,45.43,45.37,45.41,3723
2020-07-13 12:10:00-04:00,45.405,45.405,45.37,45.39,2921
2020-07-13 12:15:00-04:00,45.38,45.405,45.36,45.39,7256
2020-07-13 12:20:00-04:00,45.4,45.48,45.39,45.45,8786
2020-07-13 12:25:00-04:00,45.45,45.465,45.435,45.435,4426
2020-07-13 12:30:00-04:00,45.43,45.46,45.42,45.435,12301
2020-07-13 12:35:00-04:00,45.44,45.49,45.42,45.49,6375
2020-07-13 12:40:00-04:00,45.475,45.5,45.465,45.495,3943
2020-07-13 12:45:00-04:00,45.47,45.48,45.45,45.465,3825
2020-07-13 12:50:00-04:00,45.475,45.5,45.47,45.49,3615
2020-07-13 12:55:00-04:00,45.49,45.54,45.48,45.54,6684
2020-07-13 13:00:00-04:00,45.54,45.55,45.51,45.52,6991
2020-07-13 13:05:00-04:00,45.52,45.525,45.5,45.51,5374
2020-07-13 13:10:00-04:00,45.51,45.535,45.5,45.53,3951
2020-07-13 13:15:00-04:00,45.53,45.585,45.525,45.565,6332
2020-07-13 13:20:00-04:00,45.565,45.57,45.53,45.53,7308
2020-07-13 13:25:00-04:00,45.53,45.535,45.51,45.51,6866
2020-07-13 13:30:00-04:00,45.525,45.57,45.51,45.56,6210
2020-07-13 13:35:00-04:00,45.57,45.59,45.535,45.535,4317
2020-07-13 13:40:00-04:00,45.535,45.585,45.53,45.575,6023
2020-07-13 13:45:00-04:00,45.59,45.595,45.545,45.55,5467
2020-07-13 13:50:00-04:00,45.55,45.59,45.545,45.575,5073
2020-07-13 13:55:00-04:00,45.575,45.64,45.575,45.63,6587
2020-07-13 14:00:00-04:00,45.64,45.67,45.61,45.66,7559
2020-07-13 14:05:00-04:00,45.65,45.67,45.62,45.63,10543
2020-07-13 14:10:00-04:00,45.63,45.655,45.5,45.51,13475
2020-07-13 14:15:00-04:00,45.52,45.54,45.485,45.49,5633
2020-07-13 14:20:00-04:00,45.49,45.52,45.47,45.48,7103
2020-07-13 14:25:00-04:00,45.49,45.56,45.45,45.545,8476
2020-07-13 14:30:00-04:00,45.54,45.58,45.51,45.56,10307
2020-07-13 14:35:00-04:00,45.53,45.58,45.5,45.545,7216
2020-07-13 14:40:00-04:00,45.525,45.54,45.495,45.505,5190
2020-07-13 14:45:00-04:00,45.505,45.56,45.5,45.56,5695
2020-07-13 14:50:00-04:00,45.54,45.57,45.525,45.57,7420
2020-07-13 14:55:00-04:00,45.56,45.57,45.51,45.53,6949
2020-07-13 15:00:00-04:00,45.56,45.56,45.47,45.5,8310
2020-07-13 15:05:00-04:00,45.51,45.52,45.375,45.4,12647
2020-07-13 15:10:00-04:00,45.4,45.44,45.4,45.425,10028
2020-07-13 15:15:00-04:00,45.41,45.43,45.35,45.38,13941
2020-07-13 15:20:00-04:00,45.37,45.41,45.35,45.37,18953
2020-07-13 15:25:00-04:00,45.36,45.4,45.33,45.33,19414
2020-07-13 15:30:00-04:00,45.34,45.345,45.21,45.24,18563
2020-07-13 15:35:00-04:00,45.25,45.27,45.14,45.14,15994
2020-07-13 15:40:00-04:00,45.14,45.21,45.11,45.11,31446
2020-07-13 15:45:00-04:00,45.13,45.13,45.01,45.01,43140
2020-07-13 15:50:00-04:00,45.0,45.1,44.98,45.08,26250
2020-07-13 15:55:00-04:00,45.1,45.265,45.1,45.24,100255
2020-07-14 09:25:00-04:00,44.92,44.92,44.91,44.91,6800
2020-07-14 09:30:00-04:00,44.93,45.135,44.69,44.72,26430
2020-07-14 09:35:00-04:00,44.7,44.99,44.68,44.99,23756
2020-07-14 09:40:00-04:00,44.965,45.02,44.865,45.0,18452
2020-07-14 09:45:00-04:00,45.005,45.08,44.99,45.06,26179
2020-07-14 09:50:00-04:00,45.08,45.22,44.935,45.195,34879
2020-07-14 09:55:00-04:00,45.18,45.275,45.14,45.26,20474
2020-07-14 10:00:00-04:00,45.265,45.325,45.2,45.27,23756
2020-07-14 10:05:00-04:00,45.27,45.32,45.22,45.27,10212
2020-07-14 10:10:00-04:00,45.265,45.4,45.26,45.3,29772
2020-07-14 10:15:00-04:00,45.295,45.34,45.225,45.26,26082
2020-07-14 10:20:00-04:00,45.25,45.48,45.23,45.395,9801
2020-07-14 10:25:00-04:00,45.4,45.52,45.375,45.52,8043
2020-07-14 10:30:00-04:00,45.54,45.7,45.525,45.65,20957
2020-07-14 10:35:00-04:00,45.67,45.67,45.59,45.615,9082
2020-07-14 10:40:00-04:00,45.65,45.72,45.63,45.66,7144
2020-07-14 10:45:00-04:00,45.68,45.7,45.64,45.665,10527
2020-07-14 10:50:00-04:00,45.62,45.68,45.59,45.63,5758
2020-07-14 10:55:00-04:00,45.62,45.62,45.52,45.54,13197
2020-07-14 11:00:00-04:00,45.56,45.595,45.48,45.565,18580
2020-07-14 11:05:00-04:00,45.55,45.67,45.52,45.65,9250
2020-07-14 11:10:00-04:00,45.65,45.77,45.645,45.77,14610
2020-07-14 11:15:00-04:00,45.715,45.79,45.71,45.745,9163
2020-07-14 11:20:00-04:00,45.74,45.795,45.71,45.785,9727
2020-07-14 11:25:00-04:00,45.79,45.79,45.69,45.71,10194
2020-07-14 11:30:00-04:00,45.68,45.8,45.675,45.7,10614
2020-07-14 11:35:00-04:00,45.7,45.725,45.58,45.58,8233
2020-07-14 11:40:00-04:00,45.595,45.675,45.595,45.66,5702
2020-07-14 11:45:00-04:00,45.675,45.685,45.555,45.555,6967
2020-07-14 11:50:00-04:00,45.55,45.55,45.475,45.495,8737
2020-07-14 11:55:00-04:00,45.49,45.625,45.49,45.625,5772
2020-07-14 12:00:00-04:00,45.63,45.665,45.61,45.665,6791
2020-07-14 12:05:00-04:00,45.66,45.66,45.58,45.6,10927
2020-07-14 12:10:00-04:00,45.6,45.625,45.55,45.55,8560
2020-07-14 12:15:00-04:00,45.55,45.6,45.55,45.585,9743
2020-07-14 12:20:00-04:00,45.58,45.63,45.58,45.625,15446
2020-07-14 12:25:00-04:00,45.625,45.625,45.57,45.61,13375
2020-07-14 12:30:00-04:00,45.61,45.61,45.55,45.57,3065
2020-07-14 12:35:00-04:00,45.58,45.595,45.55,45.595,3885
2020-07-14 12:40:00-04:00,45.6,45.61,45.56,45.56,5095
2020-07-14 12:45:00-04:00,45.57,45.645,45.57,45.645,4227
2020-07-14 12:50:00-04:00,45.62,45.65,45.605,45.62,2873
2020-07-14 12:55:00-04:00,45.605,45.605,45.57,45.58,2480
2020-07-14 13:00:00-04:00,45.59,45.6,45.51,45.51,3927
2020-07-14 13:05:00-04:00,45.52,45.54,45.51,45.53,3983
2020-07-14 13:10:00-04:00,45.525,45.56,45.52,45.555,2206
2020-07-14 13:15:00-04:00,45.555,45.59,45.52,45.565,6749
2020-07-14 13:20:00-04:00,45.59,45.64,45.585,45.585,6792
2020-07-14 13:25:00-04:00,45.575,45.61,45.575,45.575,4949
2020-07-14 13:30:00-04:00,45.57,45.59,45.545,45.58,11031
2020-07-14 13:35:00-04:00,45.575,45.61,45.565,45.61,6794
2020-07-14 13:40:00-04:00,45.59,45.605,45.545,45.55,17059
2020-07-14 13:45:00-04:00,45.55,45.61,45.54,45.57,6080
2020-07-14 13:50:00-04:00,45.55,45.58,45.53,45.54,5438
2020-07-14 13:55:00-04:00,45.54,45.54,45.37,45.45,9318
2020-07-14 14:00:00-04:00,45.44,45.61,45.42,45.6,5692
2020-07-14 14:05:00-04:00,45.595,45.63,45.57,45.58,3331
2020-07-14 14:10:00-04:00,45.6,45.615,45.58,45.61,79989
2020-07-14 14:15:00-04:00,45.62,45.7,45.61,45.69,7293
2020-07-14 14:20:00-04:00,45.67,45.71,45.63,45.64,6763
2020-07-14 14:25:00-04:00,45.645,45.68,45.63,45.64,5537
2020-07-14 14:30:00-04:00,45.65,45.71,45.65,45.67,7393
2020-07-14 14:35:00-04:00,45.68,45.695,45.65,45.66,3130
2020-07-14 14:40:00-04:00,45.655,45.675,45.64,45.66,7702
2020-07-14 14:45:00-04:00,45.68,45.695,45.59,45.59,9548
2020-07-14 14:50:00-04:00,45.6,45.68,45.57,45.68,4966
2020-07-14 14:55:00-04:00,45.68,45.78,45.66,45.78,6474
2020-07-14 15:00:00-04:00,45.78,45.78,45.66,45.66,7549
2020-07-14 15:05:00-04:00,45.66,45.7,45.645,45.665,13801
2020-07-14 15:10:00-04:00,45.675,45.69,45.625,45.67,6770
2020-07-14 15:15:00-04:00,45.66,45.685,45.62,45.67,9512
2020-07-14 15:20:00-04:00,45.695,45.765,45.68,45.745,9313
2020-07-14 15:25:00-04:00,45.755,45.795,45.755,45.78,7119
2020-07-14 15:30:00-04:00,45.785,45.81,45.705,45.705,18027
2020-07-14 15:35:00-04:00,45.69,45.79,45.68,45.79,13382
2020-07-14 15:40:00-04:00,45.79,45.83,45.785,45.81,21517
2020-07-14 15:45:00-04:00,45.81,45.885,45.795,45.88,38227
2020-07-14 15:50:00-04:00,45.88,45.92,45.86,45.9,44000
2020-07-14 15:55:00-04:00,45.895,45.94,45.85,45.88,126362
2020-07-15 09:30:00-04:00,46.3,46.55,46.29,46.53,20332
2020-07-15 09:35:00-04:00,46.545,46.63,46.265,46.345,14305
2020-07-15 09:40:00-04:00,46.35,46.535,46.35,46.47,22626
2020-07-15 09:45:00-04:00,46.45,46.69,46.45,46.68,15618
2020-07-15 09:50:00-04:00,46.685,46.725,46.55,46.625,18800
2020-07-15 09:55:00-04:00,46.635,46.69,46.56,46.63,15356
2020-07-15 10:00:00-04:00,46.63,46.63,46.47,46.63,16894
2020-07-15 10:05:00-04:00,46.66,46.73,46.61,46.7,20051
2020-07-15 10:10:00-04:00,46.7,46.74,46.625,46.73,13671
2020-07-15 10:15:00-04:00,46.73,46.79,46.69,46.79,19889
2020-07-15 10:20:00-04:00,46.785,46.79,46.67,46.7,19736
2020-07-15 10:25:00-04:00,46.695,46.84,46.675,46.84,18332
2020-07-15 10:30:00-04:00,46.83,46.985,46.83,46.93,35867
2020-07-15 10:35:00-04:00,46.93,46.97,46.92,46.965,17901
2020-07-15 10:40:00-04:00,46.965,47.095,46.93,47.075,28590
2020-07-15 10:45:00-04:00,47.075,47.1,47.0,47.045,31094
2020-07-15 10:50:00-04:00,47.035,47.085,46.985,47.0,29637
2020-07-15 10:55:00-04:00,47.005,47.08,47.0,47.04,24659
2020-07-15 11:00:00-04:00,47.04,47.13,47.015,47.11,24755
2020-07-15 11:05:00-04:00,47.11,47.12,47.04,47.085,24443
2020-07-15 11:10:00-04:00,47.08,47.11,47.06,47.1,18994
2020-07-15 11:15:00-04:00,47.095,47.16,47.07,47.155,18161
2020-07-15 11:20:00-04:00,47.16,47.19,47.05,47.065,18043
2020-07-15 11:25:00-04:00,47.06,47.155,47.03,47.095,19389
2020-07-15 11:30:00-04:00,47.085,47.1,47.05,47.05,22162
2020-07-15 11:35:00-04:00,47.04,47.05,46.97,46.98,19884
2020-07-15 11:40:00-04:00,46.98,46.99,46.93,46.985,15407
2020-07-15 11:45:00-04:00,46.985,46.985,46.9,46.93,9843
2020-07-15 11:50:00-04:00,46.93,47.0,46.925,46.975,10517
2020-07-15 11:55:00-04:00,46.98,46.995,46.91,46.91,13081
2020-07-15 12:00:00-04:00,46.9,46.915,46.83,46.86,16445
2020-07-15 12:05:00-04:00,46.86,46.92,46.86,46.9,16917
2020-07-15 12:10:00-04:00,46.9,46.9,46.825,46.89,10483
2020-07-15 12:15:00-04:00,46.89,46.955,46.89,46.955,9368
2020-07-15 12:20:00-04:00,46.96,46.97,46.915,46.95,10773
2020-07-15 12:25:00-04:00,46.945,46.96,46.91,46.925,18517
2020-07-15 12:30:00-04:00,46.92,46.945,46.89,46.92,12896
2020-07-15 12:35:00-04:00,46.9,46.93,46.855,46.875,23165
2020-07-15 12:40:00-04:00,46.88,46.92,46.87,46.905,13419
2020-07-15 12:45:00-04:00,46.9,46.915,46.84,46.9,13155
2020-07-15 12:50:00-04:00,46.89,46.935,46.885,46.935,9843
2020-07-15 12:55:00-04:00,46.92,46.96,46.9,46.955,11973
2020-07-15 13:00:00-04:00,46.95,46.98,46.95,46.97,19040
2020-07-15 13:05:00-04:00,46.97,46.99,46.93,46.99,13674
2020-07-15 13:10:00-04:00,46.99,46.995,46.94,46.98,9373
2020-07-15 13:15:00-04:00,46.97,46.985,46.93,46.96,9432
2020-07-15 13:20:00-04:00,46.965,46.98,46.92,46.925,47837
2020-07-15 13:25:00-04:00,46.925,46.93,46.885,46.9,10355
2020-07-15 13:30:00-04:00,46.9,46.94,46.89,46.895,16079
2020-07-15 13:35:00-04:00,46.895,46.915,46.88,46.895,13737
2020-07-15 13:40:00-04:00,46.9,46.925,46.88,46.91,14244
2020-07-15 13:45:00-04:00,46.905,46.91,46.82,46.82,9912
2020-07-15 13:50:00-04:00,46.82,46.83,46.755,46.755,10957
2020-07-15 13:55:00-04:00,46.755,46.77,46.73,46.74,18737
2020-07-15 14:00:00-04:00,46.73,46.77,46.69,46.69,15600
2020-07-15 14:05:00-04:00,46.69,46.705,46.59,46.615,11900
2020-07-15 14:10:00-04:00,46.62,46.635,46.57,46.6,9480
2020-07-15 14:15:00-04:00,46.59,46.6,46.55,46.55,20181
2020-07-15 14:20:00-04:00,46.54,46.54,46.46,46.48,19318
2020-07-15 14:25:00-04:00,46.48,46.51,46.45,46.485,17010
2020-07-15 14:30:00-04:00,46.48,46.49,46.44,46.46,54450
2020-07-15 14:35:00-04:00,46.45,46.47,46.425,46.465,30950
2020-07-15 14:40:00-04:00,46.47,46.5,46.44,46.455,45273
2020-07-15 14:45:00-04:00,46.46,46.47,46.4,46.425,22057
2020-07-15 14:50:00-04:00,46.425,46.445,46.36,46.36,27570
2020-07-15 14:55:00-04:00,46.36,46.385,46.31,46.32,11647
2020-07-15 15:00:00-04:00,46.31,46.36,46.3,46.335,34339
2020-07-15 15:05:00-04:00,46.335,46.335,46.27,46.315,46737
2020-07-15 15:10:00-04:00,46.3,46.305,46.23,46.23,36042
2020-07-15 15:15:00-04:00,46.23,46.3,46.205,46.295,19587
2020-07-15 15:20:00-04:00,46.3,46.31,46.275,46.29,38667
2020-07-15 15:25:00-04:00,46.29,46.37,46.265,46.345,53964
2020-07-15 15:30:00-04:00,46.345,46.51,46.34,46.495,58329
2020-07-15 15:35:00-04:00,46.49,46.49,46.44,46.475,56836
2020-07-15 15:40:00-04:00,46.465,46.545,46.45,46.52,53343
2020-07-15 15:45:00-04:00,46.52,46.55,46.47,46.5,97510
2020-07-15 15:50:00-04:00,46.49,46.49,46.36,46.375,81057
2020-07-15 15:55:00-04:00,46.37,46.43,46.34,46.38,199048
2020-07-16 08:35:00-04:00,46.19,46.19,46.19,46.19,100
2020-07-16 09:30:00-04:00,46.27,46.29,45.94,46.235,46088
2020-07-16 09:35:00-04:00,46.235,46.235,46.075,46.105,25546
2020-07-16 09:40:00-04:00,46.145,46.145,46.025,46.065,10429
2020-07-16 09:45:00-04:00,46.065,46.15,46.055,46.12,15417
2020-07-16 09:50:00-04:00,46.115,46.18,46.11,46.17,6914
2020-07-16 09:55:00-04:00,46.17,46.2,46.1,46.1,10152
2020-07-16 10:00:00-04:00,46.14,46.29,46.135,46.24,7197
2020-07-16 10:05:00-04:00,46.215,46.215,46.12,46.175,8545
2020-07-16 10:10:00-04:00,46.18,46.35,46.18,46.34,5459
2020-07-16 10:15:00-04:00,46.345,46.365,46.27,46.335,10185
2020-07-16 10:20:00-04:00,46.325,46.38,46.31,46.37,4924
2020-07-16 10:25:00-04:00,46.375,46.45,46.35,46.44,8334
2020-07-16 10:30:00-04:00,46.435,46.535,46.42,46.53,11639
2020-07-16 10:35:00-04:00,46.55,46.58,46.49,46.505,8914
2020-07-16 10:40:00-04:00,46.505,46.505,46.435,46.445,6195
2020-07-16 10:45:00-04:00,46.455,46.53,46.455,46.48,5414
2020-07-16 10:50:00-04:00,46.46,46.46,46.4,46.43,6846
2020-07-16 10:55:00-04:00,46.44,46.44,46.37,46.375,3505
2020-07-16 11:00:00-04:00,46.38,46.4,46.36,46.36,5584
2020-07-16 11:05:00-04:00,46.38,46.445,46.37,46.445,4281
2020-07-16 11:10:00-04:00,46.445,46.549,46.435,46.549,8402
2020-07-16 11:15:00-04:00,46.54,46.585,46.53,46.56,48057
2020-07-16 11:20:00-04:00,46.58,46.65,46.56,46.63,5963
2020-07-16 11:25:00-04:00,46.63,46.68,46.56,46.56,6392
2020-07-16 11:30:00-04:00,46.54,46.56,46.46,46.47,4047
2020-07-16 11:35:00-04:00,46.47,46.48,46.43,46.47,5990
2020-07-16 11:40:00-04:00,46.49,46.5,46.46,46.48,2992
2020-07-16 11:45:00-04:00,46.46,46.46,46.41,46.45,4440
2020-07-16 11:50:00-04:00,46.445,46.445,46.4,46.43,2234
2020-07-16 11:55:00-04:00,46.43,46.49,46.41,46.48,3242
2020-07-16 12:00:00-04:00,46.46,46.53,46.46,46.53,4479
2020-07-16 12:05:00-04:00,46.54,46.565,46.49,46.51,4147
2020-07-16 12:10:00-04:00,46.5,46.505,46.405,46.42,9083
2020-07-16 12:15:00-04:00,46.41,46.415,46.34,46.37,4105
2020-07-16 12:20:00-04:00,46.355,46.37,46.35,46.37,3170
2020-07-16 12:25:00-04:00,46.375,46.39,46.345,46.36,4137
2020-07-16 12:30:00-04:00,46.365,46.38,46.36,46.37,4127
2020-07-16 12:35:00-04:00,46.37,46.37,46.33,46.35,5763
2020-07-16 12:40:00-04:00,46.33,46.405,46.33,46.405,5326
2020-07-16 12:45:00-04:00,46.4,46.4,46.33,46.34,5889
2020-07-16 12:50:00-04:00,46.34,46.39,46.34,46.39,5696
2020-07-16 12:55:00-04:00,46.395,46.395,46.31,46.33,4225
2020-07-16 13:00:00-04:00,46.33,46.38,46.32,46.34,9484
2020-07-16 13:05:00-04:00,46.34,46.355,46.315,46.315,4183
2020-07-16 13:10:00-04:00,46.32,46.34,46.31,46.34,4445
2020-07-16 13:15:00-04:00,46.345,46.39,46.345,46.375,5013
2020-07-16 13:20:00-04:00,46.37,46.385,46.345,46.38,3572
2020-07-16 13:25:00-04:00,46.39,46.39,46.35,46.38,5182
2020-07-16 13:30:00-04:00,46.385,46.39,46.3,46.305,9517
2020-07-16 13:35:00-04:00,46.3,46.31,46.27,46.29,6269
2020-07-16 13:40:00-04:00,46.305,46.315,46.29,46.29,2598
2020-07-16 13:45:00-04:00,46.3,46.3,46.255,46.255,5119
2020-07-16 13:50:00-04:00,46.26,46.27,46.23,46.24,5317
2020-07-16 13:55:00-04:00,46.24,46.24,46.17,46.18,6121
2020-07-16 14:00:00-04:00,46.17,46.19,46.16,46.165,3657
2020-07-16 14:05:00-04:00,46.15,46.2,46.14,46.17,5371
2020-07-16 14:10:00-04:00,46.17,46.18,46.14,46.165,4418
2020-07-16 14:15:00-04:00,46.165,46.185,46.14,46.15,3999
2020-07-16 14:20:00-04:00,46.15,46.16,46.14,46.16,3382
2020-07-16 14:25:00-04:00,46.16,46.16,46.09,46.09,5927
2020-07-16 14:30:00-04:00,46.1,46.11,46.06,46.07,5014
2020-07-16 14:35:00-04:00,46.02,46.04,46.01,46.025,4144
2020-07-16 14:40:00-04:00,46.025,46.07,46.025,46.04,3787
2020-07-16 14:45:00-04:00,46.03,46.055,46.01,46.01,4989
2020-07-16 14:50:00-04:00,46.01,46.04,46.0,46.01,7141
2020-07-16 14:55:00-04:00,46.0,46.02,45.95,45.965,6122
2020-07-16 15:00:00-04:00,45.97,45.98,45.955,45.98,8339
2020-07-16 15:05:00-04:00,45.979,46.035,45.979,46.035,8460
2020-07-16 15:10:00-04:00,46.035,46.07,46.03,46.045,11996
2020-07-16 15:15:00-04:00,46.05,46.09,46.045,46.09,10772
2020-07-16 15:20:00-04:00,46.095,46.1,46.069,46.09,13941
2020-07-16 15:25:00-04:00,46.09,46.14,46.06,46.14,15569
2020-07-16 15:30:00-04:00,46.135,46.16,46.1,46.16,14218
2020-07-16 15:35:00-04:00,46.16,46.19,46.13,46.165,25234
2020-07-16 15:40:00-04:00,46.16,46.21,46.11,46.14,25291
2020-07-16 15:45:00-04:00,46.14,46.26,46.13,46.25,29529
2020-07-16 15:50:00-04:00,46.25,46.25,46.15,46.165,62484
2020-07-16 15:55:00-04:00,46.17,46.26,46.16,46.17,156023
2020-07-17 09:30:00-04:00,46.475,46.475,46.18,46.21,12200
2020-07-17 09:35:00-04:00,46.2,46.32,46.17,46.27,14303
2020-07-17 09:40:00-04:00,46.295,46.37,46.28,46.295,11107
2020-07-17 09:45:00-04:00,46.31,46.46,46.3,46.435,14218
2020-07-17 09:50:00-04:00,46.45,46.47,46.385,46.425,7320
2020-07-17 09:55:00-04:00,46.42,46.43,46.36,46.37,9350
2020-07-17 10:00:00-04:00,46.355,46.4,46.34,46.38,9729
2020-07-17 10:05:00-04:00,46.375,46.4,46.305,46.325,6910
2020-07-17 10:10:00-04:00,46.3,46.33,46.29,46.32,5454
2020-07-17 10:15:00-04:00,46.35,46.37,46.3,46.34,4262
2020-07-17 10:20:00-04:00,46.34,46.375,46.28,46.29,4908
2020-07-17 10:25:00-04:00,46.31,46.31,46.235,46.25,7399
2020-07-17 10:30:00-04:00,46.25,46.25,46.17,46.17,5171
2020-07-17 10:35:00-04:00,46.18,46.235,46.16,46.18,3814
2020-07-17 10:40:00-04:00,46.17,46.175,46.125,46.14,4122
2020-07-17 10:45:00-04:00,46.15,46.265,46.14,46.245,5826
2020-07-17 10:50:00-04:00,46.255,46.27,46.22,46.24,3226
2020-07-17 10:55:00-04:00,46.235,46.27,46.235,46.27,5514
2020-07-17 11:00:00-04:00,46.265,46.41,46.265,46.38,7140
2020-07-17 11:05:00-04:00,46.395,46.42,46.39,46.395,3786
2020-07-17 11:10:00-04:00,46.41,46.42,46.39,46.41,13458
2020-07-17 11:15:00-04:00,46.415,46.48,46.415,46.44,16905
2020-07-17 11:20:00-04:00,46.445,46.48,46.42,46.48,5945
2020-07-17 11:25:00-04:00,46.47,46.475,46.445,46.47,7268
2020-07-17 11:30:00-04:00,46.47,46.47,46.43,46.43,7952
2020-07-17 11:35:00-04:00,46.435,46.455,46.42,46.43,8873
2020-07-17 11:40:00-04:00,46.43,46.45,46.42,46.45,9170
2020-07-17 11:45:00-04:00,46.45,46.45,46.39,46.41,6695
2020-07-17 11:50:00-04:00,46.4,46.43,46.39,46.43,6070
2020-07-17 11:55:00-04:00,46.43,46.47,46.42,46.445,5068
2020-07-17 12:00:00-04:00,46.45,46.475,46.44,46.475,5525
2020-07-17 12:05:00-04:00,46.48,46.53,46.465,46.515,6489
2020-07-17 12:10:00-04:00,46.535,46.54,46.5,46.535,4024
2020-07-17 12:15:00-04:00,46.525,46.53,46.52,46.525,2157
2020-07-17 12:20:00-04:00,46.53,46.535,46.515,46.52,5330
2020-07-17 12:25:00-04:00,46.52,46.55,46.52,46.53,3427
2020-07-17 12:30:00-04:00,46.54,46.6,46.535,46.6,8628
2020-07-17 12:35:00-04:00,46.605,46.675,46.605,46.645,6657
2020-07-17 12:40:00-04:00,46.645,46.645,46.615,46.615,4361
2020-07-17 12:45:00-04:00,46.63,46.66,46.62,46.63,2717
2020-07-17 12:50:00-04:00,46.62,46.65,46.61,46.65,4642
2020-07-17 12:55:00-04:00,46.645,46.65,46.625,46.64,6776
2020-07-17 13:00:00-04:00,46.65,46.66,46.64,46.65,6711
2020-07-17 13:05:00-04:00,46.645,46.67,46.625,46.67,5878
2020-07-17 13:10:00-04:00,46.675,46.72,46.66,46.695,8032
2020-07-17 13:15:00-04:00,46.7,46.715,46.655,46.7,15004
2020-07-17 13:20:00-04:00,46.7,46.78,46.685,46.78,5528
2020-07-17 13:25:00-04:00,46.78,46.78,46.745,46.77,2888
2020-07-17 13:30:00-04:00,46.77,46.77,46.735,46.735,10174
2020-07-17 13:35:00-04:00,46.745,46.77,46.73,46.755,6644
2020-07-17 13:40:00-04:00,46.76,46.79,46.755,46.78,4059
2020-07-17 13:45:00-04:00,46.775,46.79,46.775,46.79,4152
2020-07-17 13:50:00-04:00,46.775,46.79,46.77,46.775,4646
2020-07-17 13:55:00-04:00,46.775,46.785,46.745,46.785,10703
2020-07-17 14:00:00-04:00,46.77,46.8,46.77,46.8,6527
2020-07-17 14:05:00-04:00,46.79,46.83,46.78,46.82,5043
2020-07-17 14:10:00-04:00,46.82,46.85,46.8,46.805,50338
2020-07-17 14:15:00-04:00,46.805,46.815,46.785,46.795,12734
2020-07-17 14:20:00-04:00,46.795,46.82,46.78,46.8,10751
2020-07-17 14:25:00-04:00,46.805,46.81,46.795,46.805,10755
2020-07-17 14:30:00-04:00,46.805,46.805,46.72,46.72,107585
2020-07-17 14:35:00-04:00,46.72,46.73,46.68,46.72,7602
2020-07-17 14:40:00-04:00,46.71,46.725,46.685,46.695,15857
2020-07-17 14:45:00-04:00,46.705,46.72,46.68,46.71,17469
2020-07-17 14:50:00-04:00,46.72,46.755,46.7,46.725,4249
2020-07-17 14:55:00-04:00,46.725,46.73,46.7,46.71,8260
2020-07-17 15:00:00-04:00,46.705,46.735,46.685,46.735,40248
2020-07-17 15:05:00-04:00,46.72,46.8,46.72,46.78,4829
2020-07-17 15:10:00-04:00,46.76,46.771,46.745,46.755,8751
2020-07-17 15:15:00-04:00,46.755,46.76,46.72,46.76,25656
2020-07-17 15:20:00-04:00,46.755,46.79,46.745,46.785,8028
2020-07-17 15:25:00-04:00,46.79,46.82,46.78,46.81,5962
2020-07-17 15:30:00-04:00,46.815,46.88,46.81,46.88,46001
2020-07-17 15:35:00-04:00,46.885,46.91,46.82,46.86,31834
2020-07-17 15:40:00-04:00,46.86,46.86,46.83,46.84,13324
2020-07-17 15:45:00-04:00,46.835,46.9,46.8,46.9,18266
2020-07-17 15:50:00-04:00,46.895,46.895,46.82,46.83,29502
2020-07-17 15:55:00-04:00,46.83,46.88,46.8,46.82,113935
2020-07-18 08:00:00-04:00,46.92,46.92,46.73,46.73,200
2020-07-18 08:05:00-04:00,46.79,46.79,46.79,46.79,100
2020-07-18 08:10:00-04:00,46.73,46.73,46.73,46.73,100
2020-07-18 08:15:00-04:00,46.71,46.85,46.71,46.85,400
2020-07-18 08:20:00-04:00,46.72,46.78,46.71,46.74,400
2020-07-18 08:25:00-04:00,46.83,46.88,46.83,46.88,300
2020-07-18 08:30:00-04:00,46.69,46.76,46.69,46.76,300
2020-07-18 08:35:00-04:00,46.8,46.8,46.73,46.73,200
2020-07-18 08:40:00-04:00,46.71,46.8,46.71,46.8,300
2020-07-18 08:45:00-04:00,46.69,46.69,46.69,46.69,200
2020-07-18 08:50:00-04:00,46.75,46.77,46.75,46.77,200
2020-07-18 09:00:00-04:00,46.77,46.79,46.77,46.79,200
2020-07-18 09:05:00-04:00,46.81,46.81,46.71,46.71,200
2020-07-18 09:10:00-04:00,46.73,46.83,46.73,46.77,400
2020-07-18 09:15:00-04:00,46.83,46.83,46.69,46.69,300
2020-07-18 09:20:00-04:00,46.7,46.74,46.7,46.74,200
2020-07-18 09:25:00-04:00,46.75,46.77,46.75,46.77,300
2020-07-18 09:30:00-04:00,46.81,46.84,46.81,46.83,300
2020-07-18 09:35:00-04:00,46.83,46.83,46.83,46.83,100
2020-07-18 09:45:00-04:00,46.77,46.77,46.77,46.77,100
2020-07-18 09:50:00-04:00,46.95,46.95,46.75,46.75,200
2020-07-18 09:55:00-04:00,46.77,46.77,46.77,46.77,100
2020-07-18 10:00:00-04:00,46.7,46.82,46.7,46.82,200
2020-07-18 10:05:00-04:00,46.76,46.82,46.76,46.82,300
2020-07-18 10:20:00-04:00,46.69,46.74,46.69,46.74,300
2020-07-18 10:25:00-04:00,46.77,46.8,46.77,46.8,300
2020-07-18 10:30:00-04:00,46.73,46.73,46.73,46.73,100
2020-07-18 10:35:00-04:00,46.72,46.78,46.72,46.78,400
2020-07-18 10:40:00-04:00,46.81,46.81,46.81,46.81,100
2020-07-18 10:45:00-04:00,46.77,46.77,46.77,46.77,100
2020-07-18 10:50:00-04:00,46.7,46.8,46.7,46.77,400
2020-07-18 10:55:00-04:00,46.76,46.76,46.76,46.76,100
2020-07-18 11:05:00-04:00,46.72,46.81,46.72,46.72,500
2020-07-18 11:20:00-04:00,46.77,46.77,46.77,46.77,100
2020-07-18 11:25:00-04:00,46.72,46.77,46.72,46.77,200
2020-07-18 11:30:00-04:00,46.79,46.79,46.79,46.79,100
2020-07-18 11:40:00-04:00,46.73,46.73,46.73,46.73,100
2020-07-18 11:45:00-04:00,46.7,46.7,46.7,46.7,100
2020-07-18 11:50:00-04:00,46.72,46.8,46.72,46.8,200
2020-07-18 11:55:00-04:00,46.71,46.82,46.71,46.82,200
2020-07-18 12:00:00-04:00,46.81,46.81,46.81,46.81,100
2020-07-18 12:05:00-04:00,46.75,46.76,46.75,46.76,200
2020-07-18 12:10:00-04:00,46.71,46.74,46.71,46.74,200
2020-07-18 12:15:00-04:00,46.8,46.8,46.8,46.8,100
2020-07-18 12:20:00-04:00,46.81,46.81,46.81,46.81,100
2020-07-18 12:25:00-04:00,46.715,46.74,46.69,46.74,300
2020-07-18 12:30:00-04:00,46.82,46.82,46.69,46.69,400
2020-07-18 12:35:00-04:00,46.73,46.81,46.73,46.81,400
2020-07-18 12:40:00-04:00,46.69,46.82,46.69,46.74,400
2020-07-18 12:45:00-04:00,46.73,46.82,46.73,46.82,300
2020-07-18 12:50:00-04:00,46.71,46.71,46.71,46.71,100
2020-07-18 12:55:00-04:00,46.72,46.82,46.69,46.82,400
2020-07-20 09:30:00-04:00,46.745,46.82,46.55,46.6,18149
2020-07-20 09:35:00-04:00,46.63,46.65,46.43,46.455,12720
2020-07-20 09:40:00-04:00,46.495,46.505,46.375,46.375,7872
2020-07-20 09:45:00-04:00,46.365,46.365,46.12,46.125,18902
2020-07-20 09:50:00-04:00,46.125,46.18,46.055,46.11,27626
2020-07-20 09:55:00-04:00,46.1,46.12,46.06,46.095,19776
2020-07-20 10:00:00-04:00,46.095,46.11,46.065,46.095,25746
2020-07-20 10:05:00-04:00,46.1,46.14,46.05,46.1,16070
2020-07-20 10:10:00-04:00,46.09,46.105,46.0,46.0,15825
2020-07-20 10:15:00-04:00,45.98,46.09,45.93,46.035,15575
2020-07-20 10:20:00-04:00,46.02,46.025,45.965,46.0,25599
2020-07-20 10:25:00-04:00,46.005,46.02,45.97,45.99,19539
2020-07-20 10:30:00-04:00,45.99,46.06,45.98,46.05,15206
2020-07-20 10:35:00-04:00,46.06,46.1,46.05,46.08,5948
2020-07-20 10:40:00-04:00,46.1,46.15,46.095,46.14,12161
2020-07-20 10:45:00-04:00,46.14,46.165,46.115,46.165,20331
2020-07-20 10:50:00-04:00,46.165,46.17,46.045,46.045,12300
2020-07-20 10:55:00-04:00,46.05,46.12,46.05,46.09,9082
2020-07-20 11:00:00-04:00,46.09,46.13,46.08,46.13,5955
2020-07-20 11:05:00-04:00,46.13,46.13,46.06,46.11,8754
2020-07-20 11:10:00-04:00,46.125,46.145,46.07,46.13,10662
2020-07-20 11:15:00-04:00,46.12,46.135,46.07,46.11,9755
2020-07-20 11:20:00-04:00,46.09,46.09,46.055,46.07,12962
2020-07-20 11:25:00-04:00,46.075,46.11,46.07,46.09,17693
2020-07-20 11:30:00-04:00,46.095,46.1,46.05,46.05,14898
2020-07-20 11:35:00-04:00,46.065,46.1,46.05,46.08,6734
2020-07-20 11:40:00-04:00,46.08,46.13,46.08,46.105,6684
2020-07-20 11:45:00-04:00,46.115,46.115,46.07,46.115,5296
2020-07-20 11:50:00-04:00,46.115,46.125,46.085,46.1,3176
2020-07-20 11:55:00-04:00,46.1,46.1,46.035,46.035,5343
2020-07-20 12:00:00-04:00,46.02,46.035,45.97,45.98,8677
2020-07-20 12:05:00-04:00,45.97,45.98,45.93,45.97,8057
2020-07-20 12:10:00-04:00,45.98,46.045,45.98,46.045,4571
2020-07-20 12:15:00-04:00,46.02,46.025,45.99,45.99,4854
2020-07-20 12:20:00-04:00,46.005,46.025,45.96,45.96,3415
2020-07-20 12:25:00-04:00,45.96,45.98,45.945,45.945,9330
2020-07-20 12:30:00-04:00,45.945,45.97,45.945,45.965,21517
2020-07-20 12:35:00-04:00,45.97,45.97,45.925,45.935,29783
2020-07-20 12:40:00-04:00,45.94,45.98,45.92,45.945,32274
2020-07-20 12:45:00-04:00,45.945,46.0,45.94,45.98,35053
2020-07-20 12:50:00-04:00,45.985,45.99,45.95,45.96,8355
2020-07-20 12:55:00-04:00,45.95,45.965,45.945,45.95,25957
2020-07-20 13:00:00-04:00,45.955,45.99,45.86,45.865,18835
2020-07-20 13:05:00-04:00,45.865,45.92,45.86,45.92,26810
2020-07-20 13:10:00-04:00,45.93,45.975,45.93,45.975,5722
2020-07-20 13:15:00-04:00,45.97,46.0,45.95,46.0,4897
2020-07-20 13:20:00-04:00,45.99,46.08,45.99,46.08,6547
2020-07-20 13:25:00-04:00,46.095,46.095,46.03,46.055,24955
2020-07-20 13:30:00-04:00,46.06,46.09,46.04,46.055,29171
2020-07-20 13:35:00-04:00,46.04,46.05,46.005,46.03,4064
2020-07-20 13:40:00-04:00,46.04,46.09,46.04,46.07,2710
2020-07-20 13:45:00-04:00,46.07,46.07,46.05,46.06,3326
2020-07-20 13:50:00-04:00,46.07,46.14,46.07,46.13,2858
2020-07-20 13:55:00-04:00,46.125,46.17,46.105,46.15,2330
2020-07-20 14:00:00-04:00,46.14,46.15,46.1,46.105,5909
2020-07-20 14:05:00-04:00,46.105,46.12,46.08,46.11,3592
2020-07-20 14:10:00-04:00,46.09,46.1,46.06,46.08,5109
2020-07-20 14:15:00-04:00,46.1,46.105,46.08,46.08,1628
2020-07-20 14:20:00-04:00,46.05,46.08,46.05,46.06,4009
2020-07-20 14:25:00-04:00,46.06,46.105,46.06,46.08,7089
2020-07-20 14:30:00-04:00,46.09,46.13,46.08,46.11,12434
2020-07-20 14:35:00-04:00,46.1,46.1,46.085,46.085,3403
2020-07-20 14:40:00-04:00,46.08,46.09,46.05,46.07,8891
2020-07-20 14:45:00-04:00,46.07,46.07,46.04,46.07,14384
2020-07-20 14:50:00-04:00,46.08,46.09,46.05,46.06,9440
2020-07-20 14:55:00-04:00,46.05,46.06,46.02,46.04,8171
2020-07-20 15:00:00-04:00,46.03,46.12,46.03,46.065,8455
2020-07-20 15:05:00-04:00,46.07,46.08,46.06,46.065,7122
2020-07-20 15:10:00-04:00,46.065,46.08,46.045,46.05,13754
2020-07-20 15:15:00-04:00,46.045,46.1,46.04,46.065,12781
2020-07-20 15:20:00-04:00,46.065,46.08,46.05,46.06,12432
2020-07-20 15:25:00-04:00,46.065,46.1,46.065,46.09,14191
2020-07-20 15:30:00-04:00,46.11,46.185,46.09,46.175,16922
2020-07-20 15:35:00-04:00,46.17,46.27,46.16,46.215,16945
2020-07-20 15:40:00-04:00,46.21,46.21,46.15,46.15,23997
2020-07-20 15:45:00-04:00,46.15,46.23,46.14,46.23,35447
2020-07-20 15:50:00-04:00,46.25,46.29,46.18,46.265,44854
2020-07-20 15:55:00-04:00,46.265,46.27,46.09,46.09,69170
2020-07-21 08:40:00-04:00,47.43,47.43,47.43,47.43,100
2020-07-21 08:50:00-04:00,47.56,47.56,47.56,47.56,100
2020-07-21 09:30:00-04:00,47.52,47.595,47.1,47.38,89001
2020-07-21 09:35:00-04:00,47.35,47.84,47.23,47.78,64404
2020-07-21 09:40:00-04:00,47.77,47.985,47.65,47.88,70269
2020-07-21 09:45:00-04:00,47.885,47.885,47.55,47.635,39767
2020-07-21 09:50:00-04:00,47.69,47.69,47.46,47.465,19622
2020-07-21 09:55:00-04:00,47.46,47.64,47.375,47.59,27688
2020-07-21 10:00:00-04:00,47.605,47.795,47.56,47.77,34549
2020-07-21 10:05:00-04:00,47.765,47.78,47.465,47.5,34714
2020-07-21 10:10:00-04:00,47.5,47.695,47.48,47.61,16294
2020-07-21 10:15:00-04:00,47.595,47.64,47.475,47.63,29098
2020-07-21 10:20:00-04:00,47.67,47.695,47.6,47.685,23304
2020-07-21 10:25:00-04:00,47.66,47.66,47.36,47.41,22437
2020-07-21 10:30:00-04:00,47.41,47.735,47.395,47.715,45797
2020-07-21 10:35:00-04:00,47.715,47.74,47.59,47.7,20689
2020-07-21 10:40:00-04:00,47.7,47.725,47.53,47.555,19411
2020-07-21 10:45:00-04:00,47.58,47.73,47.58,47.71,18091
2020-07-21 10:50:00-04:00,47.695,47.705,47.6,47.6,12060
2020-07-21 10:55:00-04:00,47.6,47.635,47.53,47.59,27396
2020-07-21 11:00:00-04:00,47.595,47.63,47.585,47.6,17640
2020-07-21 11:05:00-04:00,47.595,47.62,47.46,47.46,26233
2020-07-21 11:10:00-04:00,47.44,47.475,47.375,47.46,16082
2020-07-21 11:15:00-04:00,47.445,47.45,47.33,47.33,14871
2020-07-21 11:20:00-04:00,47.28,47.315,47.185,47.245,16452
2020-07-21 11:25:00-04:00,47.255,47.295,47.12,47.215,17450
2020-07-21 11:30:00-04:00,47.22,47.255,47.15,47.215,23062
2020-07-21 11:35:00-04:00,47.235,47.245,47.085,47.105,19672
2020-07-21 11:40:00-04:00,47.135,47.185,47.045,47.165,18149
2020-07-21 11:45:00-04:00,47.155,47.155,47.01,47.01,13859
2020-07-21 11:50:00-04:00,47.01,47.085,46.94,47.0,22373
2020-07-21 11:55:00-04:00,47.0,47.14,46.99,47.13,20983
2020-07-21 12:00:00-04:00,47.115,47.155,47.1,47.14,16902
2020-07-21 12:05:00-04:00,47.15,47.2,47.145,47.2,19035
2020-07-21 12:10:00-04:00,47.195,47.23,47.115,47.12,12206
2020-07-21 12:15:00-04:00,47.11,47.115,47.05,47.085,13526
2020-07-21 12:20:00-04:00,47.06,47.295,47.05,47.29,20095
2020-07-21 12:25:00-04:00,47.295,47.32,47.185,47.2,16013
2020-07-21 12:30:00-04:00,47.19,47.2,47.11,47.15,14591
2020-07-21 12:35:00-04:00,47.13,47.175,47.09,47.175,20477
2020-07-21 12:40:00-04:00,47.185,47.27,47.17,47.23,20263
2020-07-21 12:45:00-04:00,47.2,47.27,47.175,47.25,15791
2020-07-21 12:50:00-04:00,47.245,47.43,47.22,47.36,17011
2020-07-21 12:55:00-04:00,47.37,47.385,47.31,47.335,6877
2020-07-21 13:00:00-04:00,47.34,47.4,47.335,47.335,6735
2020-07-21 13:05:00-04:00,47.32,47.35,47.3,47.34,6389
2020-07-21 13:10:00-04:00,47.335,47.45,47.32,47.44,10488
2020-07-21 13:15:00-04:00,47.445,47.485,47.34,47.34,11418
2020-07-21 13:20:00-04:00,47.335,47.335,47.25,47.275,7790
2020-07-21 13:25:00-04:00,47.275,47.29,47.24,47.25,30793
2020-07-21 13:30:00-04:00,47.25,47.295,47.21,47.21,20457
2020-07-21 13:35:00-04:00,47.22,47.245,47.13,47.24,18740
2020-07-21 13:40:00-04:00,47.235,47.24,47.115,47.135,9801
2020-07-21 13:45:00-04:00,47.145,47.195,47.14,47.18,6474
2020-07-21 13:50:00-04:00,47.185,47.235,47.18,47.215,13464
2020-07-21 13:55:00-04:00,47.22,47.285,47.215,47.235,10233
2020-07-21 14:00:00-04:00,47.235,47.385,47.23,47.36,12859
2020-07-21 14:05:00-04:00,47.33,47.385,47.33,47.37,13566
2020-07-21 14:10:00-04:00,47.37,47.4,47.36,47.395,17941
2020-07-21 14:15:00-04:00,47.395,47.4,47.34,47.35,28968
2020-07-21 14:20:00-04:00,47.35,47.37,47.33,47.355,12374
2020-07-21 14:25:00-04:00,47.32,47.325,47.2,47.205,6747
2020-07-21 14:30:00-04:00,47.2,47.23,47.175,47.215,14322
2020-07-21 14:35:00-04:00,47.2,47.235,47.18,47.21,11380
2020-07-21 14:40:00-04:00,47.21,47.225,47.18,47.2,7929
2020-07-21 14:45:00-04:00,47.205,47.22,47.155,47.18,11767
2020-07-21 14:50:00-04:00,47.175,47.18,47.135,47.155,16496
2020-07-21 14:55:00-04:00,47.15,47.19,47.125,47.165,27141
2020-07-21 15:00:00-04:00,47.145,47.16,47.1,47.155,21091
2020-07-21 15:05:00-04:00,47.15,47.2,47.11,47.19,13246
2020-07-21 15:10:00-04:00,47.205,47.205,47.145,47.15,15469
2020-07-21 15:15:00-04:00,47.145,47.175,47.14,47.15,13404
2020-07-21 15:20:00-04:00,47.16,47.225,47.145,47.18,18511
2020-07-21 15:25:00-04:00,47.18,47.195,47.145,47.155,18084
2020-07-21 15:30:00-04:00,47.165,47.19,47.14,47.155,31387
2020-07-21 15:35:00-04:00,47.165,47.175,47.13,47.13,25998
2020-07-21 15:40:00-04:00,47.13,47.13,47.05,47.09,35492
2020-07-21 15:45:00-04:00,47.095,47.23,47.07,47.2,57871
2020-07-21 15:50:00-04:00,47.2,47.24,47.1,47.24,64227
2020-07-21 15:55:00-04:00,47.245,47.27,47.15,47.2,134503
2020-07-22 09:25:00-04:00,47.87,47.87,47.87,47.87,1300
2020-07-22 09:30:00-04:00,47.96,48.04,47.67,47.82,42220
2020-07-22 09:35:00-04:00,47.84,47.96,47.79,47.8,18301
2020-07-22 09:40:00-04:00,47.8,47.85,47.68,47.715,19930
2020-07-22 09:45:00-04:00,47.72,47.75,47.48,47.48,33857
2020-07-22 09:50:00-04:00,47.485,47.501,47.4,47.42,9120
2020-07-22 09:55:00-04:00,47.415,47.42,47.18,47.22,16911
2020-07-22 10:00:00-04:00,47.19,47.195,47.035,47.075,14200
2020-07-22 10:05:00-04:00,47.08,47.23,47.06,47.23,42157
2020-07-22 10:10:00-04:00,47.24,47.335,47.2,47.33,20111
2020-07-22 10:15:00-04:00,47.33,47.39,47.3,47.35,43895
2020-07-22 10:20:00-04:00,47.34,47.455,47.285,47.45,42101
2020-07-22 10:25:00-04:00,47.45,47.525,47.45,47.49,16225
2020-07-22 10:30:00-04:00,47.49,47.59,47.44,47.565,14726
2020-07-22 10:35:00-04:00,47.565,47.66,47.53,47.605,19090
2020-07-22 10:40:00-04:00,47.6,47.69,47.57,47.69,23477
2020-07-22 10:45:00-04:00,47.7,47.83,47.7,47.83,12536
2020-07-22 10:50:00-04:00,47.84,47.86,47.78,47.82,13244
2020-07-22 10:55:00-04:00,47.83,47.86,47.72,47.8,8542
2020-07-22 11:00:00-04:00,47.8,47.87,47.79,47.84,13922
2020-07-22 11:05:00-04:00,47.84,47.89,47.83,47.83,12640
2020-07-22 11:10:00-04:00,47.84,47.93,47.84,47.905,7453
2020-07-22 11:15:00-04:00,47.91,48.0,47.91,48.0,10529
2020-07-22 11:20:00-04:00,47.995,47.995,47.89,47.94,11374
2020-07-22 11:25:00-04:00,47.94,47.995,47.92,47.92,9183
2020-07-22 11:30:00-04:00,47.93,47.95,47.89,47.915,8146
2020-07-22 11:35:00-04:00,47.92,47.965,47.875,47.965,12756
2020-07-22 11:40:00-04:00,47.97,47.97,47.91,47.945,15693
2020-07-22 11:45:00-04:00,47.95,47.975,47.93,47.95,11107
2020-07-22 11:50:00-04:00,47.94,47.96,47.865,47.88,18441
2020-07-22 11:55:00-04:00,47.87,47.88,47.825,47.825,11973
2020-07-22 12:00:00-04:00,47.82,47.83,47.765,47.805,19630
2020-07-22 12:05:00-04:00,47.81,47.86,47.805,47.845,13157
2020-07-22 12:10:00-04:00,47.855,47.995,47.85,47.965,15531
2020-07-22 12:15:00-04:00,47.97,48.02,47.96,48.0,20258
2020-07-22 12:20:00-04:00,48.015,48.015,47.94,47.97,20938
2020-07-22 12:25:00-04:00,47.975,48.01,47.97,48.01,11574
2020-07-22 12:30:00-04:00,48.0,48.015,47.98,47.995,19626
2020-07-22 12:35:00-04:00,47.995,48.01,47.89,47.91,12898
2020-07-22 12:40:00-04:00,47.89,47.975,47.89,47.965,5318
2020-07-22 12:45:00-04:00,47.965,48.005,47.965,47.995,11799
2020-07-22 12:50:00-04:00,48.005,48.045,48.0,48.04,11018
2020-07-22 12:55:00-04:00,48.03,48.075,48.02,48.07,14682
2020-07-22 13:00:00-04:00,48.07,48.115,48.065,48.1,24316
2020-07-22 13:05:00-04:00,48.1,48.135,48.09,48.125,13495
2020-07-22 13:10:00-04:00,48.12,48.13,48.085,48.1,12069
2020-07-22 13:15:00-04:00,48.1,48.165,48.1,48.15,21197
2020-07-22 13:20:00-04:00,48.15,48.155,48.09,48.1,20640
2020-07-22 13:25:00-04:00,48.1,48.17,48.1,48.125,16739
2020-07-22 13:30:00-04:00,48.12,48.145,48.015,48.02,23381
2020-07-22 13:35:00-04:00,48.025,48.075,48.025,48.06,13052
2020-07-22 13:40:00-04:00,48.055,48.06,47.99,48.05,13546
2020-07-22 13:45:00-04:00,48.055,48.055,47.955,47.965,8659
2020-07-22 13:50:00-04:00,47.97,48.02,47.92,47.93,11181
2020-07-22 13:55:00-04:00,47.93,48.0,47.93,47.965,17339
2020-07-22 14:00:00-04:00,47.96,48.025,47.96,48.01,7978
2020-07-22 14:05:00-04:00,48.01,48.025,48.0,48.005,8483
2020-07-22 14:10:00-04:00,48.01,48.035,47.99,48.02,18503
2020-07-22 14:15:00-04:00,48.025,48.06,47.99,48.05,7459
2020-07-22 14:20:00-04:00,48.055,48.125,48.05,48.095,9833
2020-07-22 14:25:00-04:00,48.095,48.115,48.075,48.115,10208
2020-07-22 14:30:00-04:00,48.11,48.18,48.085,48.16,22143
2020-07-22 14:35:00-04:00,48.16,48.175,48.15,48.175,12359
2020-07-22 14:40:00-04:00,48.15,48.17,48.09,48.1,25386
2020-07-22 14:45:00-04:00,48.1,48.15,48.095,48.125,11342
2020-07-22 14:50:00-04:00,48.125,48.125,48.1,48.1,5486
2020-07-22 14:55:00-04:00,48.11,48.11,48.09,48.1,10971
2020-07-22 15:00:00-04:00,48.1,48.11,47.99,48.01,11405
2020-07-22 15:05:00-04:00,48.03,48.09,48.02,48.09,10125
2020-07-22 15:10:00-04:00,48.1,48.19,48.1,48.175,21248
2020-07-22 15:15:00-04:00,48.175,48.285,48.175,48.255,31647
2020-07-22 15:20:00-04:00,48.24,48.265,48.22,48.23,18594
2020-07-22 15:25:00-04:00,48.245,48.26,48.23,48.255,23425
2020-07-22 15:30:00-04:00,48.26,48.27,48.23,48.265,52490
2020-07-22 15:35:00-04:00,48.265,48.3,48.22,48.28,50009
2020-07-22 15:40:00-04:00,48.29,48.4,48.28,48.395,50297
2020-07-22 15:45:00-04:00,48.39,48.51,48.38,48.485,89108
2020-07-22 15:50:00-04:00,48.48,48.5,48.41,48.495,102006
2020-07-22 15:55:00-04:00,48.5,48.51,48.415,48.48,252355
2020-07-23 08:50:00-04:00,48.59,48.59,48.59,48.59,100
2020-07-23 09:30:00-04:00,48.4,48.51,48.14,48.28,26471
2020-07-23 09:35:00-04:00,48.31,48.33,48.04,48.07,27676
2020-07-23 09:40:00-04:00,48.04,48.21,48.04,48.16,10931
2020-07-23 09:45:00-04:00,48.2,48.205,48.05,48.14,11685
2020-07-23 09:50:00-04:00,48.15,48.23,48.14,48.21,7948
2020-07-23 09:55:00-04:00,48.21,48.29,48.19,48.255,11307
2020-07-23 10:00:00-04:00,48.28,48.32,48.26,48.29,7104
2020-07-23 10:05:00-04:00,48.3,48.365,48.29,48.31,5592
2020-07-23 10:10:00-04:00,48.32,48.32,48.24,48.275,9551
2020-07-23 10:15:00-04:00,48.285,48.34,48.26,48.29,7056
2020-07-23 10:20:00-04:00,48.265,48.27,48.17,48.215,9585
2020-07-23 10:25:00-04:00,48.215,48.26,48.21,48.24,10084
2020-07-23 10:30:00-04:00,48.235,48.29,48.205,48.21,6220
2020-07-23 10:35:00-04:00,48.2,48.28,48.15,48.265,7154
2020-07-23 10:40:00-04:00,48.27,48.305,48.24,48.305,8267
2020-07-23 10:45:00-04:00,48.295,48.38,48.28,48.33,12465
2020-07-23 10:50:00-04:00,48.315,48.37,48.31,48.345,7103
2020-07-23 10:55:00-04:00,48.35,48.35,48.225,48.225,12221
2020-07-23 11:00:00-04:00,48.23,48.27,48.2,48.205,11282
2020-07-23 11:05:00-04:00,48.22,48.23,48.17,48.21,21279
2020-07-23 11:10:00-04:00,48.205,48.24,48.2,48.21,11232
2020-07-23 11:15:00-04:00,48.205,48.24,48.19,48.23,6617
2020-07-23 11:20:00-04:00,48.23,48.26,48.22,48.245,15762
2020-07-23 11:25:00-04:00,48.25,48.3,48.245,48.27,12429
2020-07-23 11:30:00-04:00,48.28,48.34,48.26,48.33,9656
2020-07-23 11:35:00-04:00,48.34,48.34,48.28,48.33,7929
2020-07-23 11:40:00-04:00,48.33,48.33,48.26,48.26,10224
2020-07-23 11:45:00-04:00,48.26,48.33,48.26,48.32,4439
2020-07-23 11:50:00-04:00,48.31,48.35,48.3,48.325,9516
2020-07-23 11:55:00-04:00,48.33,48.36,48.29,48.33,11789
2020-07-23 12:00:00-04:00,48.32,48.35,48.31,48.33,7052
2020-07-23 12:05:00-04:00,48.31,48.35,48.3,48.345,18240
2020-07-23 12:10:00-04:00,48.35,48.44,48.35,48.42,9633
2020-07-23 12:15:00-04:00,48.425,48.445,48.415,48.415,7590
2020-07-23 12:20:00-04:00,48.43,48.48,48.43,48.45,9990
2020-07-23 12:25:00-04:00,48.44,48.485,48.4,48.465,7854
2020-07-23 12:30:00-04:00,48.455,48.5,48.44,48.485,16069
2020-07-23 12:35:00-04:00,48.49,48.51,48.46,48.495,9989
2020-07-23 12:40:00-04:00,48.495,48.565,48.49,48.53,9710
2020-07-23 12:45:00-04:00,48.525,48.53,48.43,48.43,11648
2020-07-23 12:50:00-04:00,48.425,48.45,48.4,48.43,15769
2020-07-23 12:55:00-04:00,48.44,48.44,48.33,48.335,16563
2020-07-23 13:00:00-04:00,48.335,48.36,48.31,48.35,10338
2020-07-23 13:05:00-04:00,48.33,48.39,48.325,48.35,6148
2020-07-23 13:10:00-04:00,48.34,48.35,48.3,48.31,6281
2020-07-23 13:15:00-04:00,48.305,48.315,48.26,48.29,10902
2020-07-23 13:20:00-04:00,48.28,48.28,48.26,48.28,6105
2020-07-23 13:25:00-04:00,48.285,48.32,48.27,48.31,7842
2020-07-23 13:30:00-04:00,48.32,48.37,48.27,48.37,17305
2020-07-23 13:35:00-04:00,48.37,48.425,48.335,48.42,17891
2020-07-23 13:40:00-04:00,48.42,48.45,48.38,48.39,19331
2020-07-23 13:45:00-04:00,48.39,48.39,48.32,48.35,14872
2020-07-23 13:50:00-04:00,48.33,48.35,48.28,48.28,10683
2020-07-23 13:55:00-04:00,48.28,48.28,48.25,48.27,14311
2020-07-23 14:00:00-04:00,48.265,48.29,48.23,48.27,19223
2020-07-23 14:05:00-04:00,48.27,48.3,48.235,48.27,11053
2020-07-23 14:10:00-04:00,48.27,48.27,48.17,48.22,15966
2020-07-23 14:15:00-04:00,48.2,48.24,48.16,48.23,23499
2020-07-23 14:20:00-04:00,48.23,48.26,48.18,48.25,10062
2020-07-23 14:25:00-04:00,48.25,48.255,48.23,48.23,10532
2020-07-23 14:30:00-04:00,48.23,48.29,48.21,48.27,28646
2020-07-23 14:35:00-04:00,48.28,48.28,48.23,48.23,11077
2020-07-23 14:40:00-04:00,48.22,48.31,48.22,48.3,11251
2020-07-23 14:45:00-04:00,48.285,48.32,48.24,48.295,16029
2020-07-23 14:50:00-04:00,48.3,48.33,48.29,48.32,13807
2020-07-23 14:55:00-04:00,48.31,48.32,48.275,48.285,11883
2020-07-23 15:00:00-04:00,48.3,48.335,48.28,48.33,8415
2020-07-23 15:05:00-04:00,48.34,48.35,48.28,48.31,12216
2020-07-23 15:10:00-04:00,48.3,48.35,48.29,48.32,8803
2020-07-23 15:15:00-04:00,48.305,48.35,48.305,48.31,6253
2020-07-23 15:20:00-04:00,48.31,48.33,48.23,48.23,17652
2020-07-23 15:25:00-04:00,48.225,48.26,48.185,48.185,16877
2020-07-23 15:30:00-04:00,48.185,48.22,48.12,48.21,22746
2020-07-23 15:35:00-04:00,48.205,48.245,48.18,48.18,30896
2020-07-23 15:40:00-04:00,48.17,48.25,48.16,48.22,35017
2020-07-23 15:45:00-04:00,48.23,48.26,48.21,48.21,67149
2020-07-23 15:50:00-04:00,48.195,48.21,48.11,48.19,40136
2020-07-23 15:55:00-04:00,48.195,48.29,48.195,48.29,102153
2020-07-24 09:30:00-04:00,48.39,48.61,48.39,48.61,15116
2020-07-24 09:35:00-04:00,48.63,48.71,48.58,48.69,13026
2020-07-24 09:40:00-04:00,48.685,48.8,48.56,48.56,23691
2020-07-24 09:45:00-04:00,48.55,48.77,48.54,48.73,19027
2020-07-24 09:50:00-04:00,48.76,48.77,48.61,48.62,32345
2020-07-24 09:55:00-04:00,48.63,48.63,48.53,48.58,21340
2020-07-24 10:00:00-04:00,48.58,48.62,48.5,48.56,19823
2020-07-24 10:05:00-04:00,48.55,48.57,48.5,48.525,14022
2020-07-24 10:10:00-04:00,48.55,48.69,48.54,48.69,18829
2020-07-24 10:15:00-04:00,48.68,48.68,48.615,48.615,9573
2020-07-24 10:20:00-04:00,48.61,48.62,48.57,48.6,9730
2020-07-24 10:25:00-04:00,48.59,48.62,48.555,48.6,19516
2020-07-24 10:30:00-04:00,48.59,48.6,48.5,48.52,10869
2020-07-24 10:35:00-04:00,48.5,48.51,48.47,48.48,5861
2020-07-24 10:40:00-04:00,48.475,48.49,48.41,48.43,9094
2020-07-24 10:45:00-04:00,48.44,48.44,48.365,48.425,20057
2020-07-24 10:50:00-04:00,48.41,48.49,48.4,48.43,11004
2020-07-24 10:55:00-04:00,48.41,48.415,48.325,48.33,13166
2020-07-24 11:00:00-04:00,48.315,48.4,48.315,48.38,8313
2020-07-24 11:05:00-04:00,48.385,48.44,48.32,48.32,42196
2020-07-24 11:10:00-04:00,48.31,48.32,48.23,48.23,24725
2020-07-24 11:15:00-04:00,48.23,48.32,48.2,48.2,13680
2020-07-24 11:20:00-04:00,48.2,48.22,48.14,48.19,8317
2020-07-24 11:25:00-04:00,48.185,48.23,48.16,48.175,10044
2020-07-24 11:30:00-04:00,48.18,48.195,48.1,48.125,8963
2020-07-24 11:35:00-04:00,48.13,48.18,48.105,48.18,7149
2020-07-24 11:40:00-04:00,48.17,48.215,48.155,48.185,7546
2020-07-24 11:45:00-04:00,48.185,48.185,48.075,48.095,5531
2020-07-24 11:50:00-04:00,48.1,48.165,48.1,48.12,5143
2020-07-24 11:55:00-04:00,48.09,48.12,48.075,48.075,2753
2020-07-24 12:00:00-04:00,48.12,48.13,48.08,48.095,4005
2020-07-24 12:05:00-04:00,48.1,48.14,48.075,48.105,176235
2020-07-24 12:10:00-04:00,48.115,48.18,48.115,48.175,17052
2020-07-24 12:15:00-04:00,48.18,48.235,48.16,48.225,12114
2020-07-24 12:20:00-04:00,48.23,48.25,48.2,48.245,23412
2020-07-24 12:25:00-04:00,48.24,48.255,48.215,48.22,18716
2020-07-24 12:30:00-04:00,48.225,48.275,48.22,48.275,15844
2020-07-24 12:35:00-04:00,48.275,48.3,48.235,48.245,39527
2020-07-24 12:40:00-04:00,48.245,48.26,48.235,48.24,12404
2020-07-24 12:45:00-04:00,48.245,48.25,48.22,48.225,3849
2020-07-24 12:50:00-04:00,48.225,48.255,48.21,48.245,11180
2020-07-24 12:55:00-04:00,48.245,48.265,48.225,48.245,25607
2020-07-24 13:00:00-04:00,48.24,48.245,48.2,48.225,18721
2020-07-24 13:05:00-04:00,48.21,48.215,48.175,48.195,37390
2020-07-24 13:10:00-04:00,48.2,48.21,48.11,48.12,13738
2020-07-24 13:15:00-04:00,48.13,48.145,48.095,48.145,7257
2020-07-24 13:20:00-04:00,48.15,48.18,48.15,48.18,10532
2020-07-24 13:25:00-04:00,48.18,48.21,48.175,48.195,9062
2020-07-24 13:30:00-04:00,48.19,48.195,48.14,48.17,21012
2020-07-24 13:35:00-04:00,48.165,48.18,48.155,48.16,5194
2020-07-24 13:40:00-04:00,48.15,48.17,48.145,48.17,7495
2020-07-24 13:45:00-04:00,48.165,48.17,48.13,48.155,58570
2020-07-24 13:50:00-04:00,48.155,48.205,48.145,48.205,28983
2020-07-24 13:55:00-04:00,48.185,48.21,48.16,48.17,5487
2020-07-24 14:00:00-04:00,48.17,48.21,48.17,48.205,5658
2020-07-24 14:05:00-04:00,48.205,48.27,48.205,48.24,9629
2020-07-24 14:10:00-04:00,48.23,48.23,48.18,48.19,6921
2020-07-24 14:15:00-04:00,48.19,48.23,48.185,48.23,5421
2020-07-24 14:20:00-04:00,48.225,48.26,48.21,48.24,14326
2020-07-24 14:25:00-04:00,48.245,48.255,48.21,48.255,5595
2020-07-24 14:30:00-04:00,48.245,48.27,48.22,48.265,7081
2020-07-24 14:35:00-04:00,48.27,48.28,48.24,48.275,10248
2020-07-24 14:40:00-04:00,48.275,48.285,48.21,48.235,19452
2020-07-24 14:45:00-04:00,48.23,48.26,48.195,48.23,15030
2020-07-24 14:50:00-04:00,48.225,48.25,48.195,48.2,13085
2020-07-24 14:55:00-04:00,48.21,48.245,48.21,48.23,29672
2020-07-24 15:00:00-04:00,48.22,48.275,48.22,48.275,8680
2020-07-24 15:05:00-04:00,48.27,48.33,48.26,48.29,31622
2020-07-24 15:10:00-04:00,48.305,48.335,48.27,48.3,14831
2020-07-24 15:15:00-04:00,48.29,48.29,48.18,48.19,41104
2020-07-24 15:20:00-04:00,48.2,48.24,48.19,48.2,19800
2020-07-24 15:25:00-04:00,48.19,48.23,48.19,48.225,43249
2020-07-24 15:30:00-04:00,48.225,48.235,48.14,48.18,43575
2020-07-24 15:35:00-04:00,48.18,48.345,48.175,48.34,26697
2020-07-24 15:40:00-04:00,48.345,48.44,48.34,48.405,30277
2020-07-24 15:45:00-04:00,48.415,48.425,48.37,48.415,24422
2020-07-24 15:50:00-04:00,48.4,48.495,48.38,48.465,55817
2020-07-24 15:55:00-04:00,48.46,48.5,48.405,48.495,80145
2020-07-25 08:20:00-04:00,48.43,48.48,48.36,48.48,1100
2020-07-25 08:25:00-04:00,48.5,48.5,48.47,48.47,200
2020-07-25 08:30:00-04:00,48.5,48.5,48.5,48.5,100
2020-07-25 08:35:00-04:00,48.45,48.45,48.45,48.45,200
2020-07-25 08:40:00-04:00,48.49,48.49,48.49,48.49,200
2020-07-25 08:45:00-04:00,48.51,48.51,48.51,48.51,200
2020-07-25 08:50:00-04:00,48.5,48.5,48.5,48.5,200
2020-07-25 08:55:00-04:00,48.52,48.55,48.47,48.49,500
2020-07-25 09:00:00-04:00,48.42,48.55,48.42,48.55,200
2020-07-25 09:05:00-04:00,48.58,48.58,48.58,48.58,100
2020-07-25 09:10:00-04:00,48.5,48.5,48.5,48.5,100
2020-07-25 09:15:00-04:00,48.52,48.54,48.52,48.54,300
2020-07-25 09:20:00-04:00,48.55,48.55,48.55,48.55,100
2020-07-25 09:25:00-04:00,48.55,48.55,48.44,48.44,200
2020-07-25 09:30:00-04:00,48.49,48.5,48.43,48.5,400
2020-07-25 09:35:00-04:00,48.51,48.53,48.51,48.51,300
2020-07-25 09:40:00-04:00,48.42,48.51,48.42,48.51,200
2020-07-25 09:45:00-04:00,48.52,48.52,48.52,48.52,200
2020-07-25 09:50:00-04:00,48.45,48.49,48.45,48.49,200
2020-07-25 09:55:00-04:00,48.49,48.49,48.49,48.49,100
2020-07-25 10:00:00-04:00,48.48,48.5,48.48,48.5,300
2020-07-25 10:05:00-04:00,48.5,48.5,48.5,48.5,100
2020-07-25 10:10:00-04:00,48.47,48.5,48.47,48.5,200
2020-07-25 10:15:00-04:00,48.47,48.47,48.47,48.47,100
2020-07-27 09:25:00-04:00,48.21,48.3,48.17,48.17,4426
2020-07-27 09:30:00-04:00,48.285,48.5,48.27,48.305,44141
2020-07-27 09:35:00-04:00,48.305,48.305,48.185,48.215,19438
2020-07-27 09:40:00-04:00,48.2,48.32,48.2,48.315,15493
2020-07-27 09:45:00-04:00,48.285,48.375,48.275,48.28,18344
2020-07-27 09:50:00-04:00,48.27,48.4,48.27,48.39,27210
2020-07-27 09:55:00-04:00,48.38,48.39,48.3,48.37,13696
2020-07-27 10:00:00-04:00,48.355,48.355,48.255,48.29,14602
2020-07-27 10:05:00-04:00,48.285,48.345,48.28,48.34,10019
2020-07-27 10:10:00-04:00,48.35,48.37,48.32,48.35,9497
2020-07-27 10:15:00-04:00,48.36,48.36,48.31,48.34,6839
2020-07-27 10:20:00-04:00,48.35,48.35,48.29,48.305,9170
2020-07-27 10:25:00-04:00,48.31,48.375,48.31,48.36,21246
2020-07-27 10:30:00-04:00,48.37,48.37,48.34,48.365,10494
2020-07-27 10:35:00-04:00,48.36,48.395,48.34,48.39,9480
2020-07-27 10:40:00-04:00,48.395,48.42,48.37,48.42,67869
2020-07-27 10:45:00-04:00,48.41,48.435,48.37,48.4,10440
2020-07-27 10:50:00-04:00,48.39,48.41,48.365,48.39,7608
2020-07-27 10:55:00-04:00,48.39,48.4,48.3,48.31,8815
2020-07-27 11:00:00-04:00,48.3,48.365,48.3,48.325,6619
2020-07-27 11:05:00-04:00,48.33,48.37,48.33,48.365,3915
2020-07-27 11:10:00-04:00,48.36,48.375,48.32,48.36,5792
2020-07-27 11:15:00-04:00,48.36,48.435,48.33,48.42,10771
2020-07-27 11:20:00-04:00,48.425,48.435,48.4,48.41,10990
2020-07-27 11:25:00-04:00,48.4,48.42,48.4,48.42,6713
2020-07-27 11:30:00-04:00,48.43,48.44,48.39,48.39,9319
2020-07-27 11:35:00-04:00,48.4,48.4,48.365,48.4,10218
2020-07-27 11:40:00-04:00,48.4,48.44,48.36,48.44,7915
2020-07-27 11:45:00-04:00,48.43,48.47,48.43,48.45,3444
2020-07-27 11:50:00-04:00,48.47,48.48,48.45,48.455,4943
2020-07-27 11:55:00-04:00,48.45,48.48,48.45,48.46,3744
2020-07-27 12:00:00-04:00,48.47,48.48,48.46,48.48,6458
2020-07-27 12:05:00-04:00,48.48,48.49,48.47,48.49,5724
2020-07-27 12:10:00-04:00,48.49,48.51,48.47,48.495,26290
2020-07-27 12:15:00-04:00,48.5,48.5,48.48,48.485,12667
2020-07-27 12:20:00-04:00,48.48,48.51,48.48,48.48,10877
2020-07-27 12:25:00-04:00,48.485,48.495,48.475,48.485,10092
2020-07-27 12:30:00-04:00,48.49,48.5,48.45,48.47,12894
2020-07-27 12:35:00-04:00,48.47,48.48,48.445,48.455,9942
2020-07-27 12:40:00-04:00,48.455,48.47,48.45,48.47,4046
2020-07-27 12:45:00-04:00,48.475,48.485,48.47,48.485,4426
2020-07-27 12:50:00-04:00,48.485,48.49,48.48,48.48,3563
2020-07-27 12:55:00-04:00,48.485,48.485,48.445,48.45,9561
2020-07-27 13:00:00-04:00,48.45,48.46,48.45,48.45,5493
2020-07-27 13:05:00-04:00,48.455,48.46,48.44,48.45,10068
2020-07-27 13:10:00-04:00,48.455,48.465,48.45,48.45,6181
2020-07-27 13:15:00-04:00,48.45,48.46,48.4,48.4,6338
2020-07-27 13:20:00-04:00,48.4,48.4,48.38,48.38,5335
2020-07-27 13:25:00-04:00,48.36,48.38,48.35,48.37,18882
2020-07-27 13:30:00-04:00,48.375,48.4,48.36,48.36,7864
2020-07-27 13:35:00-04:00,48.36,48.41,48.35,48.4,5175
2020-07-27 13:40:00-04:00,48.4,48.42,48.38,48.405,6596
2020-07-27 13:45:00-04:00,48.395,48.42,48.39,48.39,5791
2020-07-27 13:50:00-04:00,48.39,48.39,48.34,48.34,5662
2020-07-27 13:55:00-04:00,48.33,48.37,48.32,48.33,4574
2020-07-27 14:00:00-04:00,48.32,48.36,48.31,48.33,4578
2020-07-27 14:05:00-04:00,48.33,48.4,48.33,48.4,7200
2020-07-27 14:10:00-04:00,48.39,48.4,48.36,48.36,5613
2020-07-27 14:15:00-04:00,48.37,48.38,48.355,48.37,5570
2020-07-27 14:20:00-04:00,48.38,48.415,48.37,48.385,6599
2020-07-27 14:25:00-04:00,48.39,48.39,48.36,48.38,3824
2020-07-27 14:30:00-04:00,48.375,48.4,48.375,48.375,6039
2020-07-27 14:35:00-04:00,48.38,48.43,48.37,48.43,6787
2020-07-27 14:40:00-04:00,48.43,48.5,48.43,48.49,10821
2020-07-27 14:45:00-04:00,48.48,48.48,48.435,48.435,6886
2020-07-27 14:50:00-04:00,48.425,48.475,48.42,48.47,7864
2020-07-27 14:55:00-04:00,48.465,48.465,48.42,48.455,7980
2020-07-27 15:00:00-04:00,48.46,48.49,48.455,48.48,14985
2020-07-27 15:05:00-04:00,48.49,48.5,48.485,48.485,8621
2020-07-27 15:10:00-04:00,48.475,48.475,48.45,48.46,106550
2020-07-27 15:15:00-04:00,48.45,48.465,48.43,48.46,8050
2020-07-27 15:20:00-04:00,48.46,48.49,48.46,48.485,62951
2020-07-27 15:25:00-04:00,48.485,48.495,48.48,48.495,8222
2020-07-27 15:30:00-04:00,48.5,48.51,48.46,48.465,15902
2020-07-27 15:35:00-04:00,48.465,48.475,48.4,48.405,18845
2020-07-27 15:40:00-04:00,48.41,48.425,48.38,48.39,22797
2020-07-27 15:45:00-04:00,48.39,48.4,48.375,48.395,19535
2020-07-27 15:50:00-04:00,48.4,48.43,48.365,48.415,34627
2020-07-27 15:55:00-04:00,48.42,48.5,48.39,48.48,66435
2020-07-28 10:50:00-04:00,48.745,48.75,48.73,48.745,4721
2020-07-28 10:55:00-04:00,48.75,48.79,48.67,48.695,10488
2020-07-28 11:00:00-04:00,48.67,48.685,48.635,48.65,14253
2020-07-28 11:05:00-04:00,48.645,48.66,48.59,48.63,22892
2020-07-28 11:10:00-04:00,48.64,48.74,48.64,48.735,30056
2020-07-28 11:15:00-04:00,48.735,48.735,48.645,48.65,10288
2020-07-28 11:20:00-04:00,48.65,48.68,48.62,48.625,17478
2020-07-28 11:25:00-04:00,48.64,48.665,48.615,48.65,18352
2020-07-28 11:30:00-04:00,48.66,48.66,48.605,48.64,29274
2020-07-28 11:35:00-04:00,48.645,48.7,48.63,48.7,35162
2020-07-28 11:40:00-04:00,48.69,48.69,48.54,48.55,29098
2020-07-28 11:45:00-04:00,48.56,48.58,48.53,48.55,38470
2020-07-28 11:50:00-04:00,48.55,48.56,48.475,48.5,44898
2020-07-28 11:55:00-04:00,48.495,48.51,48.405,48.42,35584
2020-07-28 12:00:00-04:00,48.41,48.44,48.375,48.39,40742
2020-07-28 12:05:00-04:00,48.4,48.42,48.365,48.41,37160
2020-07-28 12:10:00-04:00,48.415,48.43,48.385,48.385,16808
2020-07-28 12:15:00-04:00,48.375,48.41,48.37,48.4,24334
2020-07-28 12:20:00-04:00,48.385,48.385,48.305,48.365,21130
2020-07-28 12:25:00-04:00,48.355,48.39,48.33,48.365,16508
2020-07-28 12:30:00-04:00,48.37,48.41,48.355,48.41,28148
2020-07-28 12:35:00-04:00,48.39,48.39,48.355,48.36,13602
2020-07-28 12:40:00-04:00,48.355,48.355,48.25,48.28,20472
2020-07-28 12:45:00-04:00,48.28,48.33,48.265,48.33,18466
2020-07-28 12:50:00-04:00,48.33,48.37,48.33,48.35,12460
2020-07-28 12:55:00-04:00,48.345,48.37,48.32,48.33,26970
2020-07-28 13:00:00-04:00,48.325,48.33,48.305,48.32,14798
2020-07-28 13:05:00-04:00,48.31,48.32,48.27,48.295,27272
2020-07-28 13:10:00-04:00,48.295,48.32,48.27,48.28,16120
2020-07-28 13:15:00-04:00,48.275,48.28,48.265,48.27,14150
2020-07-28 13:20:00-04:00,48.26,48.3,48.26,48.295,16150
2020-07-28 13:25:00-04:00,48.285,48.315,48.285,48.29,13380
2020-07-28 13:30:00-04:00,48.3,48.325,48.295,48.295,23612
2020-07-28 13:35:00-04:00,48.3,48.32,48.295,48.305,12342
2020-07-28 13:40:00-04:00,48.29,48.31,48.27,48.31,17442
2020-07-28 13:45:00-04:00,48.315,48.36,48.315,48.345,22512
2020-07-28 13:50:00-04:00,48.33,48.41,48.325,48.41,18420
2020-07-28 13:55:00-04:00,48.41,48.45,48.4,48.415,12936
2020-07-28 14:00:00-04:00,48.415,48.45,48.415,48.45,19054
2020-07-28 14:05:00-04:00,48.42,48.435,48.405,48.435,17510
2020-07-28 14:10:00-04:00,48.43,48.45,48.43,48.44,12476
2020-07-28 14:15:00-04:00,48.42,48.42,48.39,48.39,10524
2020-07-28 14:20:00-04:00,48.39,48.45,48.38,48.43,18504
2020-07-28 14:25:00-04:00,48.42,48.43,48.41,48.42,15050
2020-07-28 14:30:00-04:00,48.42,48.44,48.42,48.425,15576
2020-07-28 14:35:00-04:00,48.43,48.47,48.425,48.47,15196
2020-07-28 14:40:00-04:00,48.47,48.5,48.45,48.495,11866
2020-07-28 14:45:00-04:00,48.5,48.5,48.445,48.445,27560
2020-07-28 14:50:00-04:00,48.435,48.48,48.43,48.47,26826
2020-07-28 14:55:00-04:00,48.47,48.48,48.43,48.43,14118
2020-07-28 15:00:00-04:00,48.43,48.43,48.37,48.375,28874
2020-07-28 15:05:00-04:00,48.37,48.425,48.37,48.415,21216
2020-07-28 15:10:00-04:00,48.41,48.435,48.4,48.42,26232
2020-07-28 15:15:00-04:00,48.41,48.41,48.38,48.395,33512
2020-07-28 15:20:00-04:00,48.38,48.4,48.325,48.33,23128
2020-07-28 15:25:00-04:00,48.33,48.335,48.275,48.28,24078
2020-07-28 15:30:00-04:00,48.27,48.37,48.26,48.26,37354
2020-07-28 15:35:00-04:00,48.27,48.28,48.245,48.25,42778
2020-07-28 15:40:00-04:00,48.25,48.255,48.19,48.21,38284
2020-07-28 15:45:00-04:00,48.22,48.23,48.145,48.145,48412
2020-07-28 15:50:00-04:00,48.12,48.16,48.115,48.13,68958
2020-07-28 15:55:00-04:00,48.13,48.2,48.1,48.19,147584
2020-07-29 09:30:00-04:00,48.12,48.26,47.94,48.17,40230
2020-07-29 09:35:00-04:00,48.175,48.2,47.99,47.99,49056
2020-07-29 09:40:00-04:00,48.0,48.23,48.0,48.23,24108
2020-07-29 09:45:00-04:00,48.24,48.24,48.15,48.21,17538
2020-07-29 09:50:00-04:00,48.23,48.28,48.225,48.28,12766
2020-07-29 09:55:00-04:00,48.28,48.34,48.28,48.3,29538
2020-07-29 10:00:00-04:00,48.3,48.335,48.27,48.285,48336
2020-07-29 10:05:00-04:00,48.28,48.33,48.21,48.285,30574
2020-07-29 10:10:00-04:00,48.295,48.34,48.29,48.33,20958
2020-07-29 10:15:00-04:00,48.325,48.395,48.325,48.365,16736
2020-07-29 10:20:00-04:00,48.375,48.4,48.3,48.32,16744
2020-07-29 10:25:00-04:00,48.31,48.375,48.29,48.29,23348
2020-07-29 10:30:00-04:00,48.285,48.29,48.25,48.27,17928
2020-07-29 10:35:00-04:00,48.26,48.285,48.21,48.25,22762
2020-07-29 10:40:00-04:00,48.3,48.335,48.28,48.335,14644
2020-07-29 10:45:00-04:00,48.33,48.495,48.325,48.46,27758
2020-07-29 10:50:00-04:00,48.46,48.46,48.35,48.355,11718
2020-07-29 10:55:00-04:00,48.355,48.37,48.335,48.37,11996
2020-07-29 11:00:00-04:00,48.375,48.375,48.305,48.325,116320
2020-07-29 11:05:00-04:00,48.315,48.315,48.225,48.255,10546
2020-07-29 11:10:00-04:00,48.255,48.255,48.225,48.235,10710
2020-07-29 11:15:00-04:00,48.23,48.27,48.225,48.245,11878
2020-07-29 11:20:00-04:00,48.245,48.245,48.21,48.21,10166
2020-07-29 11:25:00-04:00,48.205,48.25,48.205,48.23,21790
2020-07-29 11:30:00-04:00,48.23,48.26,48.215,48.215,17420
2020-07-29 11:35:00-04:00,48.22,48.24,48.21,48.225,18354
2020-07-29 11:40:00-04:00,48.235,48.24,48.225,48.24,5922
2020-07-29 11:45:00-04:00,48.235,48.235,48.165,48.17,12732
2020-07-29 11:50:00-04:00,48.165,48.18,48.125,48.15,13558
2020-07-29 11:55:00-04:00,48.15,48.15,48.13,48.135,14214
2020-07-29 12:00:00-04:00,48.135,48.145,48.1,48.105,26266
2020-07-29 12:05:00-04:00,48.105,48.24,48.105,48.18,16566
2020-07-29 12:10:00-04:00,48.175,48.19,48.145,48.145,24196
2020-07-29 12:15:00-04:00,48.145,48.195,48.14,48.19,9894
2020-07-29 12:20:00-04:00,48.19,48.23,48.19,48.23,12758
2020-07-29 12:25:00-04:00,48.225,48.23,48.21,48.215,10418
2020-07-29 12:30:00-04:00,48.2,48.21,48.2,48.2,16576
2020-07-29 12:35:00-04:00,48.205,48.205,48.17,48.185,18654
2020-07-29 12:40:00-04:00,48.175,48.18,48.15,48.18,11204
2020-07-29 12:45:00-04:00,48.175,48.18,48.145,48.155,11216
2020-07-29 12:50:00-04:00,48.15,48.15,48.07,48.07,13664
2020-07-29 12:55:00-04:00,48.075,48.1,48.055,48.055,17724
2020-07-29 13:00:00-04:00,48.06,48.06,48.015,48.015,28828
2020-07-29 13:05:00-04:00,48.015,48.02,47.98,47.98,26562
2020-07-29 13:10:00-04:00,47.985,47.99,47.96,47.98,23552
2020-07-29 13:15:00-04:00,47.985,47.99,47.93,47.945,34144
2020-07-29 13:20:00-04:00,47.95,47.95,47.93,47.93,9306
2020-07-29 13:25:00-04:00,47.925,47.94,47.905,47.935,13472
2020-07-29 13:30:00-04:00,47.95,47.98,47.94,47.965,44120
2020-07-29 13:35:00-04:00,47.96,47.96,47.935,47.945,10566
2020-07-29 13:40:00-04:00,47.93,47.975,47.93,47.97,11978
2020-07-29 13:45:00-04:00,47.965,47.965,47.925,47.93,7346
2020-07-29 13:50:00-04:00,47.935,47.935,47.9,47.92,13032
2020-07-29 13:55:00-04:00,47.91,47.92,47.9,47.915,12356
2020-07-29 14:00:00-04:00,47.915,47.99,47.845,47.845,19088
2020-07-29 14:05:00-04:00,47.855,47.905,47.855,47.89,14044
2020-07-29 14:10:00-04:00,47.895,47.905,47.86,47.865,14152
2020-07-29 14:15:00-04:00,47.865,47.905,47.865,47.89,15356
2020-07-29 14:20:00-04:00,47.885,47.91,47.865,47.905,19260
2020-07-29 14:25:00-04:00,47.91,47.92,47.88,47.895,22230
2020-07-29 14:30:00-04:00,47.895,47.96,47.895,47.935,31340
2020-07-29 14:35:00-04:00,47.935,47.965,47.935,47.96,29894
2020-07-29 14:40:00-04:00,47.955,48.01,47.94,47.975,66838
2020-07-29 14:45:00-04:00,47.975,48.0,47.965,47.985,23336
2020-07-29 14:50:00-04:00,47.99,47.995,47.955,47.97,32554
2020-07-29 14:55:00-04:00,47.965,47.965,47.92,47.92,23212
2020-07-29 15:00:00-04:00,47.93,47.935,47.84,47.84,18636
2020-07-29 15:05:00-04:00,47.845,47.91,47.82,47.835,46888
2020-07-29 15:10:00-04:00,47.84,47.89,47.83,47.87,28942
2020-07-29 15:15:00-04:00,47.87,47.96,47.865,47.96,24902
2020-07-29 15:20:00-04:00,47.96,47.995,47.96,47.985,31808
2020-07-29 15:25:00-04:00,48.0,48.01,47.95,48.005,36202
2020-07-29 15:30:00-04:00,47.99,48.1,47.98,48.1,77040
2020-07-29 15:35:00-04:00,48.11,48.13,48.01,48.01,68960
2020-07-29 15:40:00-04:00,48.02,48.035,47.965,47.975,62082
2020-07-29 15:45:00-04:00,47.97,47.98,47.905,47.91,67248
2020-07-29 15:50:00-04:00,47.905,47.92,47.87,47.875,91800
2020-07-29 15:55:00-04:00,47.875,48.03,47.87,48.02,290760
2020-07-30 09:25:00-04:00,47.51,47.51,47.51,47.51,2400
2020-07-30 09:30:00-04:00,47.665,47.73,47.35,47.44,31424
2020-07-30 09:35:00-04:00,47.445,47.56,47.445,47.505,19628
2020-07-30 09:40:00-04:00,47.505,47.505,47.35,47.415,21700
2020-07-30 09:45:00-04:00,47.41,47.55,47.365,47.54,18748
2020-07-30 09:50:00-04:00,47.48,47.52,47.41,47.43,26232
2020-07-30 09:55:00-04:00,47.41,47.42,47.32,47.32,16480
2020-07-30 10:00:00-04:00,47.31,47.38,47.24,47.33,14220
2020-07-30 10:05:00-04:00,47.33,47.46,47.27,47.45,21558
2020-07-30 10:10:00-04:00,47.45,47.45,47.39,47.43,17150
2020-07-30 10:15:00-04:00,47.39,47.415,47.335,47.385,6091
2020-07-30 10:20:00-04:00,47.34,47.41,47.25,47.405,13298
2020-07-30 10:25:00-04:00,47.39,47.4,47.345,47.385,11798
2020-07-30 10:30:00-04:00,47.365,47.465,47.36,47.455,17760
2020-07-30 10:35:00-04:00,47.455,47.455,47.35,47.43,23538
2020-07-30 10:40:00-04:00,47.41,47.425,47.335,47.335,16114
2020-07-30 10:45:00-04:00,47.335,47.38,47.3,47.31,20772
2020-07-30 10:50:00-04:00,47.295,47.295,47.2,47.23,19326
2020-07-30 10:55:00-04:00,47.235,47.305,47.2,47.305,27288
2020-07-30 11:00:00-04:00,47.32,47.42,47.255,47.41,30106
2020-07-30 11:05:00-04:00,47.41,47.41,47.34,47.395,19842
2020-07-30 11:10:00-04:00,47.395,47.44,47.355,47.38,25796
2020-07-30 11:15:00-04:00,47.375,47.395,47.33,47.395,22312
2020-07-30 11:20:00-04:00,47.405,47.42,47.305,47.305,33302
2020-07-30 11:25:00-04:00,47.3,47.345,47.29,47.32,17208
2020-07-30 11:30:00-04:00,47.34,47.38,47.31,47.38,25088
2020-07-30 11:35:00-04:00,47.39,47.43,47.36,47.38,21522
2020-07-30 11:40:00-04:00,47.395,47.48,47.39,47.45,18470
2020-07-30 11:45:00-04:00,47.445,47.6,47.44,47.58,41204
2020-07-30 11:50:00-04:00,47.59,47.59,47.51,47.535,16134
2020-07-30 11:55:00-04:00,47.54,47.54,47.47,47.51,16004
2020-07-30 12:00:00-04:00,47.515,47.53,47.47,47.47,11414
2020-07-30 12:05:00-04:00,47.485,47.5,47.44,47.45,11844
2020-07-30 12:10:00-04:00,47.43,47.46,47.42,47.46,15386
2020-07-30 12:15:00-04:00,47.46,47.61,47.46,47.57,21540
2020-07-30 12:20:00-04:00,47.565,48.055,47.565,47.935,158506
2020-07-30 12:25:00-04:00,47.935,48.175,47.93,48.08,87846
2020-07-30 12:30:00-04:00,48.07,48.22,48.05,48.14,49972
2020-07-30 12:35:00-04:00,48.14,48.16,47.93,47.94,23764
2020-07-30 12:40:00-04:00,47.93,47.97,47.86,47.86,28468
2020-07-30 12:45:00-04:00,47.85,47.89,47.825,47.85,21870
2020-07-30 12:50:00-04:00,47.855,47.86,47.76,47.77,29654
2020-07-30 12:55:00-04:00,47.76,47.79,47.72,47.75,30680
2020-07-30 13:00:00-04:00,47.755,47.85,47.75,47.84,18328
2020-07-30 13:05:00-04:00,47.85,47.88,47.815,47.82,15320
2020-07-30 13:10:00-04:00,47.83,47.87,47.82,47.87,14294
2020-07-30 13:15:00-04:00,47.86,47.89,47.84,47.86,8502
2020-07-30 13:20:00-04:00,47.85,47.85,47.79,47.79,8830
2020-07-30 13:25:00-04:00,47.79,47.79,47.75,47.75,12232
2020-07-30 13:30:00-04:00,47.74,47.74,47.67,47.68,21374
2020-07-30 13:35:00-04:00,47.69,47.71,47.65,47.67,17374
2020-07-30 13:40:00-04:00,47.69,47.69,47.62,47.645,12334
2020-07-30 13:45:00-04:00,47.65,47.65,47.62,47.64,15122
2020-07-30 13:50:00-04:00,47.64,47.65,47.6,47.6,14816
2020-07-30 13:55:00-04:00,47.6,47.6,47.52,47.525,26780
2020-07-30 14:00:00-04:00,47.52,47.54,47.475,47.51,27640
2020-07-30 14:05:00-04:00,47.51,47.615,47.51,47.6,28970
2020-07-30 14:10:00-04:00,47.585,47.595,47.54,47.545,8246
2020-07-30 14:15:00-04:00,47.56,47.575,47.53,47.56,14338
2020-07-30 14:20:00-04:00,47.545,47.615,47.52,47.61,20474
2020-07-30 14:25:00-04:00,47.605,47.605,47.55,47.55,13352
2020-07-30 14:30:00-04:00,47.55,47.58,47.515,47.54,15046
2020-07-30 14:35:00-04:00,47.54,47.54,47.5,47.51,13402
2020-07-30 14:40:00-04:00,47.51,47.585,47.5,47.57,22320
2020-07-30 14:45:00-04:00,47.575,47.6,47.55,47.55,12234
2020-07-30 14:50:00-04:00,47.54,47.555,47.52,47.535,15716
2020-07-30 14:55:00-04:00,47.53,47.57,47.52,47.55,15304
2020-07-30 15:00:00-04:00,47.55,47.62,47.55,47.565,20312
2020-07-30 15:05:00-04:00,47.55,47.57,47.54,47.555,10860
2020-07-30 15:10:00-04:00,47.54,47.565,47.525,47.545,12920
2020-07-30 15:15:00-04:00,47.56,47.61,47.53,47.61,11764
2020-07-30 15:20:00-04:00,47.6,47.65,47.57,47.635,25548
2020-07-30 15:25:00-04:00,47.645,47.645,47.6,47.63,15508
2020-07-30 15:30:00-04:00,47.62,47.68,47.6,47.66,34060
2020-07-30 15:35:00-04:00,47.66,47.67,47.58,47.58,25614
2020-07-30 15:40:00-04:00,47.575,47.63,47.575,47.61,29378
2020-07-30 15:45:00-04:00,47.61,47.64,47.59,47.625,38324
2020-07-30 15:50:00-04:00,47.64,47.71,47.64,47.675,61992
2020-07-30 15:55:00-04:00,47.67,47.7,47.65,47.69,137584
2020-07-31 09:30:00-04:00,47.41,47.64,47.33,47.61,42846
2020-07-31 09:35:00-04:00,47.61,47.76,47.52,47.55,27982
2020-07-31 09:40:00-04:00,47.525,47.53,47.44,47.465,21272
2020-07-31 09:45:00-04:00,47.47,47.49,47.4,47.4,11610
2020-07-31 09:50:00-04:00,47.4,47.415,47.34,47.355,15802
2020-07-31 09:55:00-04:00,47.36,47.36,47.28,47.29,6162
2020-07-31 10:00:00-04:00,47.27,47.35,47.27,47.31,6536
2020-07-31 10:05:00-04:00,47.28,47.285,47.22,47.24,10424
2020-07-31 10:10:00-04:00,47.24,47.28,47.19,47.25,7104
2020-07-31 10:15:00-04:00,47.24,47.27,47.15,47.15,6386
2020-07-31 10:20:00-04:00,47.11,47.17,47.11,47.15,19950
2020-07-31 10:25:00-04:00,47.15,47.15,47.055,47.09,20932
2020-07-31 10:30:00-04:00,47.085,47.14,47.08,47.08,15054
2020-07-31 10:35:00-04:00,47.075,47.09,47.035,47.055,27732
2020-07-31 10:40:00-04:00,47.04,47.04,46.97,46.99,144490
2020-07-31 10:45:00-04:00,47.005,47.005,46.96,47.0,9030
2020-07-31 10:50:00-04:00,46.99,47.005,46.91,46.94,15706
2020-07-31 10:55:00-04:00,46.93,46.995,46.91,46.995,7578
2020-07-31 11:00:00-04:00,46.995,47.015,46.97,47.0,19016
2020-07-31 11:05:00-04:00,46.99,46.99,46.9,46.905,15206
2020-07-31 11:10:00-04:00,46.91,46.99,46.89,46.99,12894
2020-07-31 11:15:00-04:00,46.995,47.09,46.96,47.08,17870
2020-07-31 11:20:00-04:00,47.075,47.08,47.03,47.03,11254
2020-07-31 11:25:00-04:00,47.02,47.08,47.005,47.07,12680
2020-07-31 11:30:00-04:00,47.07,47.075,46.96,46.96,11668
2020-07-31 11:35:00-04:00,46.95,46.985,46.94,46.98,10998
2020-07-31 11:40:00-04:00,46.975,47.0,46.95,46.955,13472
2020-07-31 11:45:00-04:00,46.95,47.02,46.95,47.01,5506
2020-07-31 11:50:00-04:00,47.02,47.02,46.99,46.99,6524
2020-07-31 11:55:00-04:00,47.0,47.01,46.98,46.99,9738
2020-07-31 12:00:00-04:00,46.99,46.99,46.91,46.93,15496
2020-07-31 12:05:00-04:00,46.93,46.96,46.87,46.89,10380
2020-07-31 12:10:00-04:00,46.92,46.935,46.9,46.9,3724
2020-07-31 12:15:00-04:00,46.9,46.9,46.84,46.88,5130
2020-07-31 12:20:00-04:00,46.91,46.955,46.91,46.94,4418
2020-07-31 12:25:00-04:00,46.93,46.96,46.93,46.94,9244
2020-07-31 12:30:00-04:00,46.94,46.955,46.93,46.93,8832
2020-07-31 12:35:00-04:00,46.92,46.92,46.845,46.845,6270
2020-07-31 12:40:00-04:00,46.84,46.865,46.84,46.865,1942
2020-07-31 12:45:00-04:00,46.87,46.88,46.83,46.86,3518
2020-07-31 12:50:00-04:00,46.86,46.86,46.785,46.8,11512
2020-07-31 12:55:00-04:00,46.79,46.82,46.79,46.815,1232
2020-07-31 13:00:00-04:00,46.81,46.86,46.8,46.83,3360
2020-07-31 13:05:00-04:00,46.85,46.87,46.85,46.85,31772
2020-07-31 13:10:00-04:00,46.85,46.89,46.85,46.865,3844
2020-07-31 13:15:00-04:00,46.865,46.875,46.83,46.84,6956
2020-07-31 13:20:00-04:00,46.835,46.845,46.8,46.805,10960
2020-07-31 13:25:00-04:00,46.81,46.815,46.78,46.8,6878
2020-07-31 13:30:00-04:00,46.79,46.81,46.78,46.785,6336
2020-07-31 13:35:00-04:00,46.805,46.82,46.8,46.815,5082
2020-07-31 13:40:00-04:00,46.815,46.87,46.815,46.865,4240
2020-07-31 13:45:00-04:00,46.86,46.88,46.84,46.875,4180
2020-07-31 13:50:00-04:00,46.9,46.905,46.88,46.88,15478
2020-07-31 13:55:00-04:00,46.87,46.88,46.845,46.87,15332
2020-07-31 14:00:00-04:00,46.865,46.91,46.865,46.89,19668
2020-07-31 14:05:00-04:00,46.89,46.9,46.86,46.86,10650
2020-07-31 14:10:00-04:00,46.85,46.85,46.785,46.785,11502
2020-07-31 14:15:00-04:00,46.78,46.8,46.745,46.75,5849
2020-07-31 14:20:00-04:00,46.76,46.79,46.755,46.755,4450
2020-07-31 14:25:00-04:00,46.75,46.79,46.73,46.78,8352
2020-07-31 14:30:00-04:00,46.78,46.805,46.78,46.79,6120
2020-07-31 14:35:00-04:00,46.795,46.825,46.76,46.79,21294
2020-07-31 14:40:00-04:00,46.785,46.81,46.76,46.8,12056
2020-07-31 14:45:00-04:00,46.8,46.825,46.795,46.8,12988
2020-07-31 14:50:00-04:00,46.8,46.89,46.795,46.88,17482
2020-07-31 14:55:00-04:00,46.89,46.915,46.86,46.9,22056
2020-07-31 15:00:00-04:00,46.9,46.985,46.89,46.97,17696
2020-07-31 15:05:00-04:00,46.98,46.99,46.95,46.95,12068
2020-07-31 15:10:00-04:00,46.95,46.96,46.885,46.885,9120
2020-07-31 15:15:00-04:00,46.89,46.92,46.83,46.9,27436
2020-07-31 15:20:00-04:00,46.9,46.93,46.89,46.92,20918
2020-07-31 15:25:00-04:00,46.92,46.95,46.9,46.94,17424
2020-07-31 15:30:00-04:00,46.95,46.96,46.92,46.96,32464
2020-07-31 15:35:00-04:00,46.965,47.015,46.96,46.965,39912
2020-07-31 15:40:00-04:00,46.965,47.005,46.945,46.99,29988
2020-07-31 15:45:00-04:00,47.0,47.125,47.0,47.12,94006
2020-07-31 15:50:00-04:00,47.12,47.14,47.045,47.09,86888
2020-07-31 15:55:00-04:00,47.08,47.24,47.07,47.22,320580